player_id,player_name,team,conference,opponent,comp,att,yds,avg,td,int,qbr,week,completion_pct
4432759,Sawyer Robertson,Baylor,Big 12,Auburn,27,48,419,8.7,3,0,65.6,1,0.5625
4870607,Jackson Arnold,Auburn,SEC,Baylor,11,17,108,6.4,0,0,93.7,1,0.6470588235294118
5227430,Kobe Muasau,Morgan State,MEAC,South Alabama,14,22,156,7.1,0,1,,1,0.6363636363636364
4869553,Bishop Davenport,South Alabama,Sun Belt,Morgan State,12,14,166,11.9,2,0,10.5,1,0.8571428571428571
4568411,Cornelious Brown,Alabama A&M,SWAC,Arkansas,9,19,130,6.8,0,0,,1,0.47368421052631576
5225612,Eric Handley,Alabama A&M,SWAC,Arkansas,6,10,36,3.6,0,0,,1,0.6
4431325,Taylen Green,Arkansas,SEC,Alabama A&M,24,31,322,10.4,6,0,86.4,1,0.7741935483870968
5121169,Darian Mensah,Duke,ACC,Arizona State,29,51,327,6.4,4,1,60.5,1,0.5686274509803921
4429066,Jeff Sims,Arizona State,Big 12,Duke,27,38,375,9.9,3,1,85.0,1,0.7105263157894737
5295238,Luke Weaver,Hawai'i,Mountain West,Arizona,8,16,66,4.1,0,2,26.5,1,0.5
5101124,Micah Alejado,Hawai'i,Mountain West,Arizona,18,31,157,5.1,0,1,28.3,1,0.5806451612903226
4801717,Noah Fifita,Arizona,Big 12,Hawai'i,13,23,161,7.0,1,0,42.5,1,0.5652173913043478
5084084,Kevin Jennings,SMU,ACC,Arizona,21,32,278,8.7,0,3,,1,0.65625
4801717,Noah Fifita,Arizona,Big 12,SMU,28,43,265,6.2,3,1,,1,0.6511627906976745
4884392,Christopher Zellous,Stony Brook,CAA,San Diego State,5,15,21,1.4,0,0,,1,0.3333333333333333
4566381,Casey Case,Stony Brook,CAA,San Diego State,4,10,25,2.5,0,0,,1,0.4
4685311,Jayden Denegal,San Diego State,Mountain West,Stony Brook,13,25,207,8.3,1,0,26.5,1,0.52
4683291,Joey Labas,Central Michigan,Mid-American,San José State,5,10,56,5.6,0,0,20.2,1,0.5
4694149,Walker Eget,San José State,Mountain West,Central Michigan,24,43,308,7.2,2,2,35.3,1,0.5581395348837209
5101124,Micah Alejado,Hawai'i,Mountain West,Stanford,27,39,210,5.4,2,0,48.3,1,0.6923076923076923
4431114,Ben Gulbranson,Stanford,ACC,Hawai'i,15,30,109,3.6,0,1,14.0,1,0.5
5101124,Micah Alejado,Hawai'i,Mountain West,California,32,46,274,6.0,3,0,77.6,1,0.6956521739130435
5164313,Jaron-Keawe Sagapolutele,California,ACC,Hawai'i,28,39,337,8.6,1,0,79.0,1,0.717948717948718
4569535,Jacob Clark,Missouri State,Conference USA,USC,16,24,147,6.1,1,2,18.9,1,0.6666666666666666
5141563,Husan Longstreet,USC,Big Ten,Missouri State,9,9,69,7.7,1,0,97.4,1,1.0
4685454,Jayden Maiava,USC,Big Ten,Missouri State,15,18,295,16.4,2,0,96.1,1,0.8333333333333334
4431375,Ken Seals,TCU,Big 12,USC,29,40,258,6.5,1,1,65.0,1,0.725
4685454,Jayden Maiava,USC,Big Ten,TCU,18,30,280,9.3,1,2,69.3,1,0.6
5079653,Demond Williams Jr.,Washington,Big Ten,Colorado State,18,24,226,9.4,1,0,69.7,1,0.75
4833597,Brayden Fowler-Nicolosi,Colorado State,Mountain West,Washington,17,32,180,5.6,1,1,56.8,1,0.53125
4683471,Brady Olson,Central Connecticut,NEC,UConn,8,19,118,6.2,0,0,,1,0.42105263157894735
4755664,Nick Evers,UConn,FBS Independents,Central Connecticut,8,11,83,7.5,1,0,72.9,1,0.7272727272727273
4429582,Joe Fagnano,UConn,FBS Independents,Central Connecticut,18,25,260,10.4,3,0,84.7,1,0.72
4887151,Andrew Body,Alabama State,SWAC,UAB,18,24,312,13.0,4,0,,1,0.75
4565187,Jalen Kitna,UAB,American Athletic,Alabama State,18,23,247,10.7,2,0,90.0,1,0.782608695652174
5225414,Ty Pennington,Northern Arizona,Big Sky,Arizona State,22,35,204,5.8,1,0,,1,0.6285714285714286
5225418,Lathan Boone,Northern Arizona,Big Sky,Arizona State,4,7,38,5.4,0,1,,1,0.5714285714285714
5078810,Sam Leavitt,Arizona State,Big 12,Northern Arizona,25,39,257,6.6,2,1,50.5,1,0.6410256410256411
5165884,Dom Nankil,San Diego,Pioneer,Cal Poly,19,30,202,6.7,1,0,,1,0.6333333333333333
5219586,Anthony Grigsby Jr.,Cal Poly,Big Sky,San Diego,4,6,72,12.0,1,0,,1,0.6666666666666666
5092275,Ty Dieffenbach,Cal Poly,Big Sky,San Diego,18,27,263,9.7,2,0,,1,0.6666666666666666
5085784,Chase Mason,South Dakota State,MVFC,Sacramento State,17,23,190,8.3,1,0,,1,0.7391304347826086
4870909,Jaden Rashada,Sacramento State,Big Sky,South Dakota State,11,27,107,4.0,0,1,,1,0.4074074074074074
5219834,Drew Mestemaker,North Texas,American Athletic,San Diego State,27,47,250,5.3,3,2,70.3,1,0.574468085106383
4912062,Kyle Crum,San Diego State,Mountain West,North Texas,14,29,169,5.8,1,2,27.9,1,0.4827586206896552
4916888,Bert Emanuel Jr.,San Diego State,Mountain West,North Texas,4,7,37,5.3,0,0,99.5,1,0.5714285714285714
4685497,Maalik Murphy,Oregon State,Pac-12,California,21,33,244,7.4,0,1,43.1,1,0.6363636363636364
5164313,Jaron-Keawe Sagapolutele,California,ACC,Oregon State,20,30,234,7.8,3,0,68.9,1,0.6666666666666666
5105849,Devon Dampier,Utah,Big 12,UCLA,21,25,206,8.2,2,0,88.8,1,0.84
4870799,Nico Iamaleava,UCLA,Big Ten,Utah,11,22,136,6.2,1,1,50.4,1,0.5
4428993,Haynes King,Georgia Tech,ACC,Colorado,13,20,143,7.2,0,1,89.1,1,0.65
4432803,Kaidon Salter,Colorado,Big 12,Georgia Tech,17,28,159,5.7,1,0,57.6,1,0.6071428571428571
5150297,Cale Hellums,Army,American Athletic,UConn,7,8,108,13.5,1,0,53.8,1,0.875
5212610,Ksaan Farrar,UConn,FBS Independents,Army,11,17,84,4.9,0,0,25.7,1,0.6470588235294118
5082005,Tyriq Starks,Howard,MEAC,Florida A&M,17,28,145,5.2,1,1,,1,0.6071428571428571
5301817,RJ Johnson,Florida A&M,SWAC,Howard,17,32,183,5.7,0,0,,1,0.53125
4685522,Ty Simpson,Alabama,SEC,Florida State,23,43,254,5.9,2,0,48.6,1,0.5348837209302325
4773919,Thomas Castellanos,Florida State,ACC,Alabama,9,14,152,10.9,0,0,83.6,1,0.6428571428571429
4912119,Tucker Kilcrease,Troy,Sun Belt,Jacksonville State,12,23,116,5.0,0,2,9.2,1,0.5217391304347826
4431633,Will Crowder,Troy,Sun Belt,Jacksonville State,3,6,13,2.2,0,0,67.1,1,0.5
5122157,Caden Creel,Jacksonville State,Conference USA,Troy,14,20,173,8.7,1,0,30.1,1,0.7
5166332,Trent Grotjan,Webber International,,Stetson,9,19,72,3.8,1,0,,1,0.47368421052631576
4880458,Gavin Rupp,Stetson,Pioneer,Webber International,6,8,98,12.3,0,0,,1,0.75
5226397,Kael Alexander,Stetson,Pioneer,Webber International,16,25,164,6.6,1,1,,1,0.64
4870513,Maddux Madsen,Boise State,Mountain West,South Florida,25,46,225,4.9,1,0,26.0,1,0.5434782608695652
4880272,Byrum Brown,South Florida,American Athletic,Boise State,16,24,210,8.8,0,0,58.8,1,0.6666666666666666
5193346,Quinn Henicle,Old Dominion,Sun Belt,South Florida,11,25,127,5.1,0,0,40.2,1,0.44
5146713,Locklan Hewlett,South Florida,American Athletic,Old Dominion,6,11,45,4.1,0,1,16.1,1,0.5454545454545454
4697122,Gaston Moore,South Florida,American Athletic,Old Dominion,20,28,236,8.4,1,2,49.5,1,0.7142857142857143
5224535,Casey Bullock,Davidson,Pioneer,Georgetown,7,14,62,4.4,0,0,,1,0.5
5085644,Coulter Cleland,Davidson,Pioneer,Georgetown,12,17,128,7.5,1,1,,1,0.7058823529411765
5086156,Danny Lauter,Georgetown,Patriot,Davidson,11,16,135,8.4,2,0,,1,0.6875
5172415,Dez Thomas II,Georgetown,Patriot,Davidson,6,7,126,18.0,1,0,,1,0.8571428571428571
4426688,Kaiden Bennett,Delaware State,MEAC,Delaware,11,23,135,5.9,1,1,,1,0.4782608695652174
5153846,Nick Minicucci,Delaware,Conference USA,Delaware State,28,36,251,7.0,3,0,73.8,1,0.7777777777777778
5153845,Zach Marker,Delaware,Conference USA,Delaware State,3,8,21,2.6,0,0,22.7,1,0.375
4871091,D'Wayne' Winfield,Louisiana,Sun Belt,Delaware,21,36,231,6.4,1,1,37.6,1,0.5833333333333334
5153846,Nick Minicucci,Delaware,Conference USA,Louisiana,19,30,176,5.9,1,0,40.7,1,0.6333333333333333
4801307,Tayven Jackson,UCF,Big 12,Jacksonville State,17,24,282,11.8,2,0,58.2,1,0.7083333333333334
4700135,Cam Fancher,UCF,Big 12,Jacksonville State,5,9,32,3.6,0,0,66.0,1,0.5555555555555556
4893657,Gavin Wimsatt,Jacksonville State,Conference USA,UCF,15,29,139,4.8,0,1,39.7,1,0.5172413793103449
5095771,Ethan Greenwood,Long Island University,NEC,Florida,3,6,21,3.5,0,0,,1,0.5
5295814,Tramell Jones Jr.,Florida,SEC,Long Island University,12,18,131,7.3,2,0,44.7,1,0.6666666666666666
5079555,D.J. Lagway,Florida,SEC,Long Island University,15,18,120,6.7,3,0,29.8,1,0.8333333333333334
4870857,Avery Johnson,Kansas State,Big 12,Iowa State,21,30,273,9.1,2,0,74.5,1,0.7
4801299,Rocco Becht,Iowa State,Big 12,Kansas State,14,28,183,6.5,2,0,71.9,1,0.5
5079653,Demond Williams Jr.,Washington,Big Ten,Boise State,15,24,215,9.0,4,0,84.5,1,0.625
4870513,Maddux Madsen,Boise State,Mountain West,Washington,7,16,51,3.2,0,2,4.4,1,0.4375
5160730,Max Cutforth,Boise State,Mountain West,Washington,15,27,202,7.5,1,3,11.7,1,0.5555555555555556
5091836,Jaxon Potter,Washington State,Pac-12,Idaho,23,30,208,6.9,1,0,47.2,1,0.7666666666666667
4832830,Joshua Wood,Idaho,Big Sky,Washington State,12,20,33,1.7,0,0,,1,0.6
4683291,Joey Labas,Central Michigan,Mid-American,Northwestern,21,25,178,7.1,1,0,37.9,1,0.84
4432767,Preston Stone,Northwestern,Big Ten,Central Michigan,19,31,226,7.3,3,0,59.2,1,0.6129032258064516
5150611,Jake Retzlaff,Tulane,American Athletic,Northwestern,18,31,152,4.9,1,0,77.7,1,0.5806451612903226
4432767,Preston Stone,Northwestern,Big Ten,Tulane,19,36,161,4.5,0,4,9.2,1,0.5277777777777778
4430841,Carson Beck,Miami,ACC,Indiana,19,32,232,7.3,1,1,86.2,1,0.59375
4837248,Fernando Mendoza,Indiana,Big Ten,Miami,16,27,186,6.9,0,0,90.6,1,0.5925925925925926
4870921,Dante Moore,Oregon,Big Ten,Indiana,24,39,285,7.3,2,1,67.9,1,0.6153846153846154
4837248,Fernando Mendoza,Indiana,Big Ten,Oregon,17,20,177,8.9,5,0,98.5,1,0.85
4430841,Carson Beck,Miami,ACC,Notre Dame,20,31,205,6.6,2,0,84.9,1,0.6451612903225806
5079369,C.J. Carr,Notre Dame,FBS Independents,Miami,19,30,221,7.4,2,1,61.8,1,0.6333333333333333
4429463,Jacolby Criswell,East Tennessee State,Southern,Murray State,5,8,34,4.3,0,0,,1,0.625
4427455,Cade McNamara,East Tennessee State,Southern,Murray State,12,17,146,8.6,1,1,,1,0.7058823529411765
5193343,Jim Ogle,Murray State,MVFC,East Tennessee State,22,35,226,6.5,1,2,,1,0.6285714285714286
4429801,Tucker Gleason,Toledo,Mid-American,Kentucky,23,40,270,6.8,1,1,36.0,1,0.575
4426847,Zach Calzada,Kentucky,SEC,Toledo,10,23,85,3.7,0,1,25.8,1,0.43478260869565216
4714009,Myles Burkett,Eastern Kentucky,UAC,Louisville,5,14,76,5.4,0,0,,1,0.35714285714285715
4685691,Brady Allen,Louisville,ACC,Eastern Kentucky,6,9,69,7.7,1,1,18.2,1,0.6666666666666666
4431580,Miller Moss,Louisville,ACC,Eastern Kentucky,17,25,223,8.9,1,2,89.3,1,0.68
5079619,Kalieb Osborne,Toledo,Mid-American,Louisville,17,28,167,6.0,1,0,53.1,1,0.6071428571428571
4431580,Miller Moss,Louisville,ACC,Toledo,16,24,153,6.4,2,0,77.1,1,0.6666666666666666
4600403,Braylon Braxton,Southern Miss,Sun Belt,Western Kentucky,24,47,258,5.5,1,1,39.5,1,0.5106382978723404
4427966,Maverick McIvor,Western Kentucky,Conference USA,Southern Miss,12,19,199,10.5,0,1,93.7,1,0.631578947368421
5196864,Rodney Tisdale Jr.,Western Kentucky,Conference USA,Southern Miss,9,20,65,3.3,0,1,11.9,1,0.45
4812381,Gunnar Smith,Fordham,Patriot,Boston College,20,39,152,3.9,0,1,,1,0.5128205128205128
4870900,Dylan Lonergan,Boston College,ACC,Fordham,26,34,268,7.9,4,0,55.3,1,0.7647058823529411
4567707,Grayson James,Boston College,ACC,Fordham,5,5,190,38.0,1,0,100.0,1,1.0
5151506,Josh Holst,Northern Illinois,Mid-American,Holy Cross,12,18,101,5.6,0,1,11.8,1,0.6666666666666666
4878223,Jackson Proctor,Northern Illinois,Mid-American,Holy Cross,2,6,8,1.3,0,0,29.1,1,0.3333333333333333
5075592,Cal Swanson,Holy Cross,Patriot,Northern Illinois,17,29,155,5.3,1,1,,1,0.5862068965517241
5141367,Bear Bachmeier,BYU,Big 12,Georgia Tech,27,38,325,8.6,1,1,84.2,1,0.7105263157894737
4428993,Haynes King,Georgia Tech,ACC,BYU,22,40,254,6.4,2,1,82.8,1,0.55
4685697,Zion Turner,Marshall,Sun Belt,Georgia,6,7,100,14.3,0,0,99.7,1,0.8571428571428571
5126472,JacQai Long,Marshall,Sun Belt,Georgia,3,11,19,1.7,0,0,7.8,1,0.2727272727272727
5079679,Ryan Puglisi,Georgia,SEC,Marshall,5,8,59,7.4,1,0,84.3,1,0.625
4685578,Gunner Stockton,Georgia,SEC,Marshall,14,24,190,7.9,2,0,99.1,1,0.5833333333333334
4911529,Trinidad Chambliss,Ole Miss,SEC,Georgia,30,46,362,7.9,2,0,90.6,1,0.6521739130434783
4685578,Gunner Stockton,Georgia,SEC,Ole Miss,18,31,203,6.5,1,0,75.2,1,0.5806451612903226
4429179,Aidan Bouman,South Dakota,MVFC,Iowa State,15,29,126,4.3,1,2,,1,0.5172413793103449
4801299,Rocco Becht,Iowa State,Big 12,South Dakota,19,20,278,13.9,3,0,95.4,1,0.95
5164316,Alex Manske,Iowa State,Big 12,South Dakota,4,5,28,5.6,0,0,91.0,1,0.8
5304707,Griffin Scalf,Thomas More,Great Midwest Athletic,Southern Illinois,16,23,98,4.3,0,1,,1,0.6956521739130435
5304711,Chase Crone,Thomas More,Great Midwest Athletic,Southern Illinois,2,5,33,6.6,0,1,,1,0.4
4697094,DJ Williams,Southern Illinois,MVFC,Thomas More,17,24,227,9.5,3,0,,1,0.7083333333333334
5227786,Jake Curry,Southern Illinois,MVFC,Thomas More,2,5,11,2.2,0,0,,1,0.4
5125715,Colton Joseph,Old Dominion,Sun Belt,Indiana,11,22,96,4.4,0,3,62.0,1,0.5
4837248,Fernando Mendoza,Indiana,Big Ten,Old Dominion,18,31,193,6.2,0,0,66.9,1,0.5806451612903226
4685522,Ty Simpson,Alabama,SEC,Indiana,12,16,67,4.2,0,0,60.6,1,0.75
5079508,Austin Mack,Alabama,SEC,Indiana,11,16,103,6.4,0,0,70.2,1,0.6875
4837248,Fernando Mendoza,Indiana,Big Ten,Alabama,14,16,192,12.0,3,0,96.7,1,0.875
4685698,Destin Wade,North Alabama,UAC,Western Kentucky,5,13,19,1.5,0,0,,1,0.38461538461538464
4592531,Ari Patu,North Alabama,UAC,Western Kentucky,11,20,86,4.3,0,0,,1,0.55
5196864,Rodney Tisdale Jr.,Western Kentucky,Conference USA,North Alabama,6,8,94,11.8,1,0,59.1,1,0.75
4427966,Maverick McIvor,Western Kentucky,Conference USA,North Alabama,24,31,305,9.8,5,0,90.6,1,0.7741935483870968
5296163,Brady Jones,Western Michigan,Mid-American,Michigan State,11,23,97,4.2,0,1,8.4,1,0.4782608695652174
5074245,Broc Lowry,Western Michigan,Mid-American,Michigan State,5,10,91,9.1,0,0,45.3,1,0.5
5075805,Aidan Chiles,Michigan State,Big Ten,Western Michigan,17,23,155,6.7,1,0,50.9,1,0.7391304347826086
5083171,Jack Layne,New Mexico,Mountain West,Michigan,31,47,208,4.4,1,3,55.1,1,0.6595744680851063
5141741,Bryce Underwood,Michigan,Big Ten,New Mexico,21,31,251,8.1,1,0,54.2,1,0.6774193548387096
4902963,Luther Richesson,Central Arkansas,UAC,Missouri,13,23,73,3.2,1,1,,1,0.5652173913043478
4685696,Beau Pribula,Missouri,SEC,Central Arkansas,23,28,283,10.1,2,0,81.0,1,0.8214285714285714
5150611,Jake Retzlaff,Tulane,American Athletic,Ole Miss,20,35,306,8.7,1,1,37.9,1,0.5714285714285714
5141684,Austin Simmons,Ole Miss,SEC,Tulane,4,5,64,12.8,0,0,20.9,1,0.8
4911529,Trinidad Chambliss,Ole Miss,SEC,Tulane,23,29,282,9.7,1,0,93.3,1,0.7931034482758621
5224789,Landen Clark,Elon,CAA,Duke,10,16,101,6.3,0,0,,1,0.625
5121169,Darian Mensah,Duke,ACC,Elon,27,34,389,11.4,3,0,68.8,1,0.7941176470588235
5208095,Mason Heintschel,Pittsburgh,ACC,East Carolina,25,40,256,6.4,1,1,42.8,1,0.625
5215310,Chaston Ditta,East Carolina,American Athletic,Pittsburgh,8,17,177,10.4,2,0,29.7,1,0.47058823529411764
4429149,Brendon Lewis,Memphis,American Athletic,NC State,14,25,106,4.2,1,1,25.6,1,0.56
5141473,AJ Hill,Memphis,American Athletic,NC State,6,7,48,6.9,0,0,37.1,1,0.8571428571428571
5079301,CJ Bailey,NC State,ACC,Memphis,14,25,221,8.8,2,0,91.5,1,0.56
4696880,Walker Harris,North Carolina Central,MEAC,New Hampshire,13,33,172,5.2,1,1,,1,0.3939393939393939
5171031,Matt Vezza,New Hampshire,CAA,North Carolina Central,10,17,186,10.9,2,0,,1,0.5882352941176471
4610131,Parker Navarro,Ohio,Mid-American,Rutgers,21,31,239,7.7,3,0,93.8,1,0.6774193548387096
4432722,Athan Kaliakmanis,Rutgers,Big Ten,Ohio,18,23,252,11.0,2,0,72.0,1,0.782608695652174
5226265,Brennan Myer,Bryant,CAA,New Mexico State,20,33,187,5.7,0,1,,1,0.6060606060606061
4605998,Logan Fife,New Mexico State,Conference USA,Bryant,14,31,227,7.3,1,1,6.6,1,0.45161290322580644
5151948,Joey Aguilar,Tennessee,SEC,Syracuse,16,28,247,8.8,3,0,62.3,1,0.5714285714285714
4685694,Steven Angeli,Syracuse,ACC,Tennessee,23,40,274,6.9,1,1,53.1,1,0.575
5083847,Dean DeNobile,Lafayette,Patriot,Bowling Green,13,26,113,4.3,1,0,,1,0.5
4429088,Drew Pyne,Bowling Green,Mid-American,Lafayette,12,18,109,6.1,0,0,-1.0,1,0.6666666666666666
4870906,Arch Manning,Texas,SEC,Ohio State,17,30,170,5.7,1,1,58.0,1,0.5666666666666667
5079712,Julian Sayin,Ohio State,Big Ten,Texas,13,20,126,6.3,1,0,74.5,1,0.65
5044387,Anthony Colandrea,UNLV,Mountain West,Ohio,19,30,184,6.1,0,1,50.0,1,0.6333333333333333
4610131,Parker Navarro,Ohio,Mid-American,UNLV,11,15,143,9.5,0,1,55.4,1,0.7333333333333333
5227699,Beckham Pellant,Illinois State,MVFC,Oklahoma,4,7,12,1.7,0,0,,1,0.5714285714285714
4878284,Tommy Rittenhouse,Illinois State,MVFC,Oklahoma,6,13,22,1.7,0,0,,1,0.46153846153846156
4915980,John Mateer,Oklahoma,SEC,Illinois State,30,37,392,10.6,3,1,80.0,1,0.8108108108108109
4685522,Ty Simpson,Alabama,SEC,Oklahoma,18,29,232,8.0,2,0,80.8,1,0.6206896551724138
4915980,John Mateer,Oklahoma,SEC,Alabama,26,41,307,7.5,2,1,72.3,1,0.6341463414634146
4691272,Stone Earle,Abilene Christian,UAC,Tulsa,13,19,140,7.4,0,1,,1,0.6842105263157895
5151618,Kirk Francis,Tulsa,American Athletic,Abilene Christian,20,31,218,7.0,2,0,53.6,1,0.6451612903225806
5220424,Hunter Watson,Sam Houston,Conference USA,Western Kentucky,19,30,209,7.0,0,1,41.3,1,0.6333333333333333
4427966,Maverick McIvor,Western Kentucky,Conference USA,Sam Houston,33,51,401,7.9,3,0,69.4,1,0.6470588235294118
4685413,Cade Klubnik,Clemson,ACC,LSU,19,38,230,6.1,0,1,-1.0,1,0.5
4567747,Garrett Nussmeier,LSU,SEC,Clemson,28,38,232,6.1,1,0,-1.0,1,0.7368421052631579
4685574,Conner Weigman,Houston,Big 12,LSU,28,37,230,6.2,4,0,92.8,1,0.7567567567567568
5079620,Michael Van Buren Jr.,LSU,SEC,Houston,16,26,267,10.3,3,0,86.9,1,0.6153846153846154
4431387,Evan Simon,Temple,American Athletic,Massachusetts,19,25,248,9.9,6,0,95.8,1,0.76
4804885,Brandon Rose,Massachusetts,Mid-American,Temple,23,38,193,5.1,0,1,14.3,1,0.6052631578947368
4695113,Otto Kuhns,Norfolk State,MEAC,Towson,19,27,219,8.1,0,0,,1,0.7037037037037037
5301657,Andrew Indorf,Towson,CAA,Norfolk State,14,26,187,7.2,3,0,,1,0.5384615384615384
4869991,Caden Veltkamp,Florida Atlantic,American Athletic,Maryland,30,49,228,4.7,1,4,16.4,1,0.6122448979591837
4568336,Zach Gibson,Florida Atlantic,American Athletic,Maryland,6,13,49,3.8,0,2,47.7,1,0.46153846153846156
5141695,Malik Washington,Maryland,Big Ten,Florida Atlantic,27,43,258,6.0,3,0,48.5,1,0.627906976744186
4870906,Arch Manning,Texas,SEC,Michigan,21,34,221,6.5,2,0,99.1,1,0.6176470588235294
5141741,Bryce Underwood,Michigan,Big Ten,Texas,23,42,199,4.7,2,3,69.4,1,0.5476190476190477
5083171,Jack Layne,New Mexico,Mountain West,Minnesota,14,25,88,3.5,0,1,22.8,1,0.56
5144959,Drake Lindsey,Minnesota,Big Ten,New Mexico,18,28,147,5.3,2,0,54.7,1,0.6428571428571429
4427313,Ta'Quan Roberson,Buffalo,Mid-American,Minnesota,12,20,107,5.4,1,0,37.9,1,0.6
5144959,Drake Lindsey,Minnesota,Big Ten,Buffalo,19,35,290,8.3,2,1,44.3,1,0.5428571428571428
4692530,Chandler Morris,Virginia,ACC,Missouri,25,38,198,5.2,0,0,78.2,1,0.6578947368421053
5195300,Matt Zollers,Missouri,SEC,Virginia,12,22,101,4.6,0,1,22.2,1,0.5454545454545454
4432612,Christian Veilleux,Georgia State,Sun Belt,Ole Miss,4,11,52,4.7,1,1,32.2,1,0.36363636363636365
5193926,Cameran Brown,Georgia State,Sun Belt,Ole Miss,8,14,17,1.2,0,0,42.7,1,0.5714285714285714
5141684,Austin Simmons,Ole Miss,SEC,Georgia State,20,31,341,11.0,3,2,57.4,1,0.6451612903225806
4911529,Trinidad Chambliss,Ole Miss,SEC,Georgia State,4,6,59,9.8,1,0,72.3,1,0.6666666666666666
4430841,Carson Beck,Miami,ACC,Ole Miss,23,37,268,7.2,2,1,78.3,1,0.6216216216216216
4911529,Trinidad Chambliss,Ole Miss,SEC,Miami,23,37,277,7.5,1,0,83.6,1,0.6216216216216216
5153708,Keali'i Ah Yat,Montana,Big Sky,Montana State,27,42,251,6.0,1,1,,1,0.6428571428571429
4684502,Justin Lamson,Montana State,Big Sky,Montana,13,19,209,11.0,2,0,,1,0.6842105263157895
4878284,Tommy Rittenhouse,Illinois State,MVFC,Montana State,33,46,311,6.8,4,0,,1,0.717391304347826
4684502,Justin Lamson,Montana State,Big Sky,Illinois State,18,27,280,10.4,2,0,,1,0.6666666666666666
4685413,Cade Klubnik,Clemson,ACC,Penn State,22,39,193,4.9,0,0,43.1,1,0.5641025641025641
5144078,Ethan Grunkemeyer,Penn State,Big Ten,Clemson,23,34,260,7.6,2,0,79.4,1,0.6764705882352942
4577962,Camden Orth,Chattanooga,Southern,Memphis,12,19,114,6.0,1,2,,1,0.631578947368421
4429149,Brendon Lewis,Memphis,American Athletic,Chattanooga,22,28,199,7.1,1,1,73.9,1,0.7857142857142857
5164721,Zolten Osbourne,Charleston Southern,Big South-OVC,Vanderbilt,8,16,54,3.4,0,1,,1,0.5
5084180,Diego Pavia,Vanderbilt,SEC,Charleston Southern,20,25,275,11.0,3,0,85.6,1,0.8
4430841,Carson Beck,Miami,ACC,Texas A&M,14,20,103,5.2,1,0,60.4,1,0.7
4870971,Marcel Reed,Texas A&M,SEC,Miami,25,39,237,6.1,0,2,58.6,1,0.6410256410256411
4775136,Owen McCown,UTSA,American Athletic,Texas A&M,19,32,121,3.8,0,0,43.8,1,0.59375
4870971,Marcel Reed,Texas A&M,SEC,UTSA,22,34,289,8.5,4,0,79.7,1,0.6470588235294118
5169036,Gavin Rutherford,Stephen F. Austin,Southland,Houston,4,7,53,7.6,0,1,,1,0.5714285714285714
4683311,Sam Vidlak,Stephen F. Austin,Southland,Houston,13,26,52,2.0,0,1,,1,0.5
4685574,Conner Weigman,Houston,Big 12,Stephen F. Austin,15,24,159,6.6,3,0,74.7,1,0.625
4870921,Dante Moore,Oregon,Big Ten,James Madison,19,27,313,11.6,4,2,99.1,1,0.7037037037037037
4911929,Alonza Barnett,James Madison,Sun Belt,Oregon,23,48,273,5.7,2,0,58.4,1,0.4791666666666667
5105334,Jackson Gilkey,Weber State,Big Sky,James Madison,10,24,84,3.5,1,3,,1,0.4166666666666667
4911929,Alonza Barnett,James Madison,Sun Belt,Weber State,14,22,130,5.9,1,0,91.6,1,0.6363636363636364
4696561,Jacob Conover,Utah State,Mountain West,Washington State,5,6,78,13.0,2,0,98.9,1,0.8333333333333334
4695600,Bryson Barnes,Utah State,Mountain West,Washington State,9,21,116,5.5,0,1,5.7,1,0.42857142857142855
4876066,Zevi Eckhaus,Washington State,Pac-12,Utah State,26,44,334,7.6,3,3,54.3,1,0.5909090909090909
4870921,Dante Moore,Oregon,Big Ten,Montana State,18,23,213,9.3,3,0,76.8,1,0.782608695652174
4684502,Justin Lamson,Montana State,Big Sky,Oregon,23,31,198,6.4,0,0,,1,0.7419354838709677
5079301,CJ Bailey,NC State,ACC,East Carolina,24,34,318,9.4,1,1,78.5,1,0.7058823529411765
4795295,Katin Houser,East Carolina,American Athletic,NC State,30,44,366,8.3,1,0,55.8,1,0.6818181818181818
4685401,Josh Hoover,TCU,Big 12,North Carolina,27,36,284,7.9,2,1,78.4,1,0.75
4685740,Max Johnson,North Carolina,ACC,TCU,9,11,103,9.4,1,0,95.8,1,0.8181818181818182
4920227,Giovanni Lopez,North Carolina,ACC,TCU,4,10,69,6.9,0,1,1.9,1,0.4
5079542,Luke Kromenhoek,Mississippi State,SEC,Wake Forest,3,5,53,10.6,0,0,70.0,1,0.6
5177084,Kamario Taylor,Mississippi State,SEC,Wake Forest,13,22,241,11.0,1,0,56.5,1,0.5909090909090909
4697512,Robby Ashford,Wake Forest,ACC,Mississippi State,20,33,303,9.2,3,1,76.4,1,0.6060606060606061
4565355,Dexter Williams II,Kennesaw State,Conference USA,Wake Forest,12,33,149,4.5,0,0,24.1,1,0.36363636363636365
4697512,Robby Ashford,Wake Forest,ACC,Kennesaw State,20,28,218,7.8,0,0,29.2,1,0.7142857142857143
4870857,Avery Johnson,Kansas State,Big 12,North Dakota,28,43,318,7.4,3,0,58.1,1,0.6511627906976745
5155528,Jerry Kaminski,North Dakota,MVFC,Kansas State,23,38,231,6.1,1,0,,1,0.6052631578947368
4899046,Brendan Sorsby,Cincinnati,Big 12,Nebraska,13,25,69,2.8,0,1,60.7,1,0.52
5079572,Dylan Raiola,Nebraska,Big Ten,Cincinnati,33,42,243,5.8,2,0,77.8,1,0.7857142857142857
5105849,Devon Dampier,Utah,Big 12,Nebraska,19,31,310,10.0,2,0,96.2,1,0.6129032258064516
5141556,TJ Lateef,Nebraska,Big Ten,Utah,15,28,182,6.5,1,1,54.5,1,0.5357142857142857
4592532,Billy Edwards,Wisconsin,Big Ten,Miami (OH),6,13,68,5.2,0,0,32.7,1,0.46153846153846156
5126474,Danny O'Neil,Wisconsin,Big Ten,Miami (OH),12,19,120,6.3,1,1,45.0,1,0.631578947368421
4427191,Dequan Finn,Miami (OH),Mid-American,Wisconsin,9,18,83,4.6,0,2,12.1,1,0.5
4916436,E.J. Warner,Fresno State,Mountain West,Miami (OH),15,22,219,10.0,1,0,87.3,1,0.6818181818181818
5142146,Thomas Gotkowski,Miami (OH),Mid-American,Fresno State,6,22,72,3.3,0,1,11.6,1,0.2727272727272727
4430841,Carson Beck,Miami,ACC,Ohio State,19,26,138,5.3,1,0,95.2,1,0.7307692307692307
5079712,Julian Sayin,Ohio State,Big Ten,Miami,22,35,287,8.2,1,2,70.4,1,0.6285714285714286
4685345,JC French,Georgia Southern,Sun Belt,Fresno State,17,28,158,5.6,2,1,46.7,1,0.6071428571428571
4916436,E.J. Warner,Fresno State,Mountain West,Georgia Southern,20,27,176,6.5,0,2,58.1,1,0.7407407407407407
4596472,Jalon Daniels,Kansas,Big 12,Fresno State,18,20,176,8.8,3,0,87.6,1,0.9
4916436,E.J. Warner,Fresno State,Mountain West,Kansas,18,29,179,6.2,0,2,66.1,1,0.6206896551724138
5097730,Ty Michael,McKendree,Great Lakes,Indiana State,7,14,115,8.2,2,0,,1,0.5
5304346,Colt Michael,McKendree,Great Lakes,Indiana State,7,24,63,2.6,0,2,,1,0.2916666666666667
5155321,Elijah Owens,Indiana State,MVFC,McKendree,19,27,250,9.3,2,1,,1,0.7037037037037037
5165911,John Michalski,Sacred Heart,FCS Independents,Stonehill,11,21,119,5.7,0,1,,1,0.5238095238095238
5106897,Jack O'Connell,Stonehill,NEC,Sacred Heart,30,39,212,5.4,1,1,,1,0.7692307692307693
5297282,Andrew Martinez,Sul Ross State,Lone Star,UT Rio Grande Valley,9,12,41,3.4,0,0,,1,0.75
5300880,Aidan Jakobsohn,UT Rio Grande Valley,Southland,Sul Ross State,7,7,73,10.4,0,0,,1,1.0
4683012,Eddie Lee Marburger,UT Rio Grande Valley,Southland,Sul Ross State,18,19,365,19.2,5,0,,1,0.9473684210526315
5088960,Reggie Graff,Utah Tech,UAC,UC Davis,4,5,50,10.0,2,0,,1,0.8
5224562,Bronson Barben,Utah Tech,UAC,UC Davis,24,39,222,5.7,0,2,,1,0.6153846153846154
5226019,Caden Pinnick,UC Davis,Big Sky,Utah Tech,21,31,253,8.2,3,1,,1,0.6774193548387096
4692530,Chandler Morris,Virginia,ACC,Coastal Carolina,19,27,264,9.8,2,0,67.3,1,0.7037037037037037
5126471,Daniel Kaelin,Virginia,ACC,Coastal Carolina,3,9,26,2.9,0,0,5.1,1,0.3333333333333333
4685488,MJ Morris,Coastal Carolina,Sun Belt,Virginia,20,36,163,4.5,0,1,13.2,1,0.5555555555555556
5156245,Richard Torres,Incarnate Word,Southland,Eastern Washington,27,38,332,8.7,1,0,,1,0.7105263157894737
5152118,Jared Taylor,Eastern Washington,Big Sky,Incarnate Word,21,38,183,4.8,0,0,,1,0.5526315789473685
4709012,Jase Bauer,UT Martin,Big South-OVC,Oklahoma State,9,16,70,4.4,0,1,,1,0.5625
5079443,Hauss Hejny,Oklahoma State,Big 12,UT Martin,5,10,96,9.6,1,0,83.3,1,0.5
4923267,Zane Flores,Oklahoma State,Big 12,UT Martin,13,20,136,6.8,0,0,67.0,1,0.65
4430836,Chubba Purdy,Nevada,Mountain West,Penn State,7,15,97,6.5,0,1,38.3,1,0.4666666666666667
4819250,AJ Bianco,Nevada,Mountain West,Penn State,4,6,28,4.7,1,0,98.3,1,0.6666666666666666
4714771,Drew Allar,Penn State,Big Ten,Nevada,22,26,217,8.3,1,0,39.3,1,0.8461538461538461
5144078,Ethan Grunkemeyer,Penn State,Big Ten,Nevada,7,9,86,9.6,0,0,88.7,1,0.7777777777777778
4777154,Tyler Riddell,Duquesne,NEC,Pittsburgh,14,23,154,6.7,1,0,,1,0.6086956521739131
5089540,Cole Gonzales,Pittsburgh,ACC,Duquesne,8,15,87,5.8,1,0,8.9,1,0.5333333333333333
4870819,Eli Holstein,Pittsburgh,ACC,Duquesne,15,23,215,9.3,4,1,74.4,1,0.6521739130434783
4878284,Tommy Rittenhouse,Illinois State,MVFC,Villanova,18,38,251,6.6,2,1,,1,0.47368421052631576
4875733,Pat McQuaide,Villanova,CAA,Illinois State,13,30,199,6.6,1,1,,1,0.43333333333333335
5154962,Kamden Sixkiller,Campbell,CAA,Rhode Island,17,33,144,4.4,1,0,,1,0.5151515151515151
4715345,Devin Farrell,Rhode Island,CAA,Campbell,15,28,275,9.8,2,0,,1,0.5357142857142857
4838536,Tyler Hughes,William & Mary,CAA,Furman,19,31,208,6.7,1,1,,1,0.6129032258064516
5224084,Trey Hedden,Furman,Southern,William & Mary,21,29,179,6.2,1,0,,1,0.7241379310344828
4695400,Mark Gronowski,Iowa,Big Ten,Vanderbilt,16,22,212,9.6,2,1,79.5,1,0.7272727272727273
5084180,Diego Pavia,Vanderbilt,SEC,Iowa,25,38,347,9.1,2,0,86.3,1,0.6578947368421053
5146661,Daniel Beale,Louisiana,Sun Belt,Rice,0,6,0,0.0,0,0,6.2,1,0.0
4685391,Walker Howard,Louisiana,Sun Belt,Rice,10,22,88,4.0,0,1,43.1,1,0.45454545454545453
4986096,Chase Jenkins,Rice,American Athletic,Louisiana,7,9,45,5.0,0,0,4.6,1,0.7777777777777778
5074245,Broc Lowry,Western Michigan,Mid-American,Kennesaw State,12,19,120,6.3,2,1,32.0,1,0.631578947368421
5153782,Amari Odom,Kennesaw State,Conference USA,Western Michigan,18,35,209,6.0,1,2,10.0,1,0.5142857142857142
4600403,Braylon Braxton,Southern Miss,Sun Belt,Mississippi State,26,39,199,5.1,2,1,52.3,1,0.6666666666666666
4565315,Blake Shapen,Mississippi State,SEC,Southern Miss,26,34,270,7.9,1,1,57.6,1,0.7647058823529411
4697625,Victor Gabalis,Tarleton State,UAC,Army,16,30,152,5.1,1,0,,1,0.5333333333333333
5082125,Dewayne Coleman,Army,American Athletic,Tarleton State,7,12,129,10.8,0,2,32.5,1,0.5833333333333334
4899468,Kaden Anderson,Wyoming,Mountain West,Akron,19,36,260,7.2,1,1,41.7,1,0.5277777777777778
4431091,Ben Finley,Akron,Mid-American,Wyoming,16,38,139,3.7,0,1,7.9,1,0.42105263157894735
5226585,Abram Johnston,Northwestern State,Southland,Alcorn State,9,18,85,4.7,1,1,,1,0.5
4878822,Jaylon Tolbert,Alcorn State,SWAC,Northwestern State,19,44,182,4.1,0,2,,1,0.4318181818181818
4876865,Carter Cravens,Morehead State,Pioneer,Allen,16,21,219,10.4,1,0,,1,0.7619047619047619
5303671,Jamir Dismukes,Allen,SIAC,Morehead State,26,38,309,8.1,2,0,,1,0.6842105263157895
4801306,Conner Harrell,Charlotte,American Athletic,App State,13,24,142,5.9,1,1,21.5,1,0.5416666666666666
5081405,AJ Swann,App State,Sun Belt,Charlotte,31,46,368,8.0,3,0,76.3,1,0.6739130434782609
5027925,Jax Leatherwood,Southeast Missouri State,Big South-OVC,Arkansas State,26,36,272,7.6,2,0,,1,0.7222222222222222
5080403,Jaylen Raynor,Arkansas State,Sun Belt,Southeast Missouri State,26,32,345,10.8,3,0,80.0,1,0.8125
5104738,Ryan Browne,Purdue,Big Ten,Ball State,18,26,311,12.0,2,0,82.7,1,0.6923076923076923
4431416,Kiael Kelly,Ball State,Mid-American,Purdue,10,16,87,5.4,0,0,17.3,1,0.625
4879058,Joe Pesansky,Florida International,Conference USA,Bethune-Cookman,4,5,46,9.2,0,0,32.6,1,0.8
5085337,Keyone Jenkins,Florida International,Conference USA,Bethune-Cookman,18,30,187,6.2,0,0,48.8,1,0.6
4433969,Timmy McClain,Bethune-Cookman,SWAC,Florida International,18,28,164,5.9,0,0,,1,0.6428571428571429
4565189,Cam Ransom,Bethune-Cookman,SWAC,Florida International,5,10,77,7.7,0,0,,1,0.5
4696065,Derek Robertson,Monmouth,CAA,Colgate,34,45,491,10.9,4,4,,1,0.7555555555555555
5085941,Zach Osborne,Colgate,Patriot,Monmouth,11,14,227,16.2,2,0,,1,0.7857142857142857
5089309,Jake Stearney,Colgate,Patriot,Monmouth,10,23,138,6.0,1,0,,1,0.43478260869565216
5148803,Brad Jackson,Texas State,Sun Belt,Rice,17,24,174,7.3,3,0,40.4,1,0.7083333333333334
5265447,Patrick Crayton Jr.,Rice,American Athletic,Texas State,4,9,70,7.8,1,1,3.6,1,0.4444444444444444
5221569,Lucas Scheerhorn,Rice,American Athletic,Texas State,6,9,16,1.8,0,0,2.0,1,0.6666666666666666
5154910,Robert Coleman,Lamar,Southland,North Texas,13,24,88,3.7,0,1,,1,0.5416666666666666
5219834,Drew Mestemaker,North Texas,American Athletic,Lamar,24,32,329,10.3,3,0,87.3,1,0.75
4698302,CJ Jordan,Portland State,Big Sky,BYU,8,14,58,4.1,0,0,,1,0.5714285714285714
5225576,Tyrese Smith,Portland State,Big Sky,BYU,2,6,-2,-0.3,0,0,,1,0.3333333333333333
5141367,Bear Bachmeier,BYU,Big 12,Portland State,7,11,97,8.8,3,0,66.5,1,0.6363636363636364
4923285,McCae Hillstead,BYU,Big 12,Portland State,4,5,33,6.6,0,0,67.3,1,0.8
5158746,Jordan Cooke,Idaho State,Big Sky,Southern Utah,23,45,334,7.4,1,1,,1,0.5111111111111111
5224050,Davis Harsin,Idaho State,Big Sky,Southern Utah,1,5,4,0.8,0,0,,1,0.2
4697131,Bronson Barron,Southern Utah,UAC,Idaho State,19,25,240,9.6,3,0,,1,0.76
5225902,Hayden Johnson,Lehigh,Patriot,Richmond,13,24,135,5.6,2,2,,1,0.5416666666666666
4877890,Kyle Wickersham,Richmond,Patriot,Lehigh,14,20,113,5.7,0,1,,1,0.7
5113896,Cole Lacrue,Eastern Illinois,Big South-OVC,Dayton,9,17,129,7.6,0,1,,1,0.5294117647058824
5154881,Bryce Schondelmyer,Dayton,Pioneer,Eastern Illinois,17,31,261,8.4,2,0,,1,0.5483870967741935
5231037,Isaac Lee,Western Carolina,Southern,Gardner-Webb,3,9,82,9.1,1,0,,1,0.3333333333333333
5159361,Bennett Judy,Western Carolina,Southern,Gardner-Webb,15,27,151,5.6,2,1,,1,0.5555555555555556
4602968,Nate Hampton,Gardner-Webb,Big South-OVC,Western Carolina,12,30,263,8.8,2,0,,1,0.4
4612078,JaCobian Morgan,Jackson State,SWAC,Hampton,15,30,143,4.8,0,0,,1,0.5
5098448,Isaiah Freeman,Hampton,CAA,Jackson State,10,17,117,6.9,1,1,,1,0.5882352941176471
4685309,Braden Davis,Hampton,CAA,Jackson State,11,12,84,7.0,0,0,,1,0.9166666666666666
5304430,Sedrick Hill Jr.,Arkansas Baptist,,Houston Christian,0,8,0,0.0,0,1,,1,0.0
5235807,Tyler Strickland,Arkansas Baptist,,Houston Christian,7,19,62,3.3,0,1,,1,0.3684210526315789
4691966,Maddox Kopp,Houston Christian,Southland,Arkansas Baptist,4,5,45,9.0,1,0,,1,0.8
4880516,Jake Weir,Houston Christian,Southland,Arkansas Baptist,10,16,84,5.3,1,1,,1,0.625
4881352,Jack Shields,UAlbany,CAA,Iowa,13,26,134,5.2,1,0,,1,0.5
4695400,Mark Gronowski,Iowa,Big Ten,UAlbany,8,15,44,2.9,1,0,24.5,1,0.5333333333333333
5083490,Ayden Pereira,Merrimack,FCS Independents,Kent State,15,31,176,5.7,1,0,,1,0.4838709677419355
5119841,Dru Deshields,Kent State,Mid-American,Merrimack,6,10,118,11.8,1,0,10.2,1,0.6
4710001,CJ Montes,Kent State,Mid-American,Merrimack,6,9,91,10.1,1,0,23.5,1,0.6666666666666666
4692052,Carter Peevy,Maine,CAA,Liberty,13,31,132,4.3,0,1,,1,0.41935483870967744
4832918,Ethan Vasko,Liberty,Conference USA,Maine,19,33,197,6.0,3,0,39.7,1,0.5757575757575758
4875127,Lanorris Sellers,South Carolina,SEC,Virginia Tech,12,19,209,11.0,1,0,75.7,1,0.631578947368421
4678010,Kyron Drones,Virginia Tech,ACC,South Carolina,15,35,221,6.3,0,2,44.0,1,0.42857142857142855
5095112,Zach Tanner,Robert Morris,NEC,West Virginia,7,21,70,3.3,0,0,,1,0.3333333333333333
4685459,Nicco Marchiol,West Virginia,Big 12,Robert Morris,17,20,224,11.2,1,0,62.1,1,0.85
5248199,Noah Gillon,App State,Sun Belt,Georgia Southern,4,7,64,9.1,0,2,4.3,1,0.5714285714285714
5147872,Matthew Wilson,App State,Sun Belt,Georgia Southern,12,22,128,5.8,0,2,59.5,1,0.5454545454545454
4685345,JC French,Georgia Southern,Sun Belt,App State,18,25,171,6.8,1,0,74.7,1,0.72
5044387,Anthony Colandrea,UNLV,Mountain West,Idaho State,15,21,195,9.3,1,0,54.0,1,0.7142857142857143
5158746,Jordan Cooke,Idaho State,Big Sky,UNLV,30,50,380,7.6,1,3,,1,0.6
5296376,Trey Kukuk,Louisiana Tech,Conference USA,Coastal Carolina,9,19,114,6.0,1,1,27.9,1,0.47368421052631576
4870793,Tad Hudson,Coastal Carolina,Sun Belt,Louisiana Tech,25,49,311,6.3,2,2,27.8,1,0.5102040816326531
5226365,Alex Flores,McNeese,Southland,Louisiana Christian,3,6,30,5.0,0,0,,1,0.5
4915622,Jake Strong,McNeese,Southland,Louisiana Christian,22,28,329,11.8,3,0,,1,0.7857142857142857
5303566,Phillip Jones II,Louisiana Christian,,McNeese,6,15,65,4.3,0,0,,1,0.4
5303570,Bryce Perkins,Louisiana Christian,,McNeese,3,12,57,4.8,0,1,,1,0.25
5157537,Caron Tyler,Valparaiso,Pioneer,Virginia Lynchburg,5,7,57,8.1,1,0,,1,0.7142857142857143
5089335,Rowan Keefe,Valparaiso,Pioneer,Virginia Lynchburg,5,9,56,6.2,1,1,,1,0.5555555555555556
5306367,Max Zavala,Virginia Lynchburg,,Valparaiso,12,22,68,3.1,0,2,,1,0.5454545454545454
5306370,Jabari Ruise,Virginia Lynchburg,,Valparaiso,4,7,68,9.7,0,0,,1,0.5714285714285714
4870889,Chris Parson,Austin Peay,UAC,Middle Tennessee,11,20,142,7.1,2,0,,1,0.55
4597247,Austin Smith,Austin Peay,UAC,Middle Tennessee,3,7,51,7.3,0,0,,1,0.42857142857142855
4682518,Nick Vattiato,Middle Tennessee,Conference USA,Austin Peay,15,36,104,2.9,2,0,3.6,1,0.4166666666666667
5156293,Jalen Woods,Southern,SWAC,Mississippi Valley State,9,13,70,5.4,0,0,,1,0.6923076923076923
4917305,Cam'Ron McCoy,Southern,SWAC,Mississippi Valley State,8,17,82,4.8,1,0,,1,0.47058823529411764
5220782,Brandon Nunez,Mississippi Valley State,SWAC,Southern,2,8,72,9.0,0,0,,1,0.25
5233879,Josh Brown,Mississippi Valley State,SWAC,Southern,12,25,146,5.8,2,0,,1,0.48
5083941,Collin Shannon,VMI,Southern,Navy,16,25,197,7.9,1,0,,1,0.64
5158343,Braxton Woodson,Navy,American Athletic,VMI,3,7,26,3.7,0,0,99.9,1,0.42857142857142855
5081504,Blake Horvath,Navy,American Athletic,VMI,6,7,66,9.4,1,0,66.5,1,0.8571428571428571
5156245,Richard Torres,Incarnate Word,Southland,Nicholls,23,35,175,5.0,0,3,,1,0.6571428571428571
4429191,Deuce Hogan,Nicholls,Southland,Incarnate Word,21,36,221,6.1,1,0,,1,0.5833333333333334
4431633,Will Crowder,Troy,Sun Belt,Nicholls,14,24,144,6.0,3,0,72.3,1,0.5833333333333334
4429191,Deuce Hogan,Nicholls,Southland,Troy,21,27,184,6.8,1,1,,1,0.7777777777777778
5086597,DJ Ralph,Chadron State,Rocky Mountain,Northern Colorado,20,33,228,6.9,0,1,,1,0.6060606060606061
4565180,Peter Costelli,Northern Colorado,Big Sky,Chadron State,6,12,92,7.7,1,0,,1,0.5
4690158,Noah Kim,Eastern Michigan,Mid-American,Texas State,23,34,248,7.3,1,0,51.9,1,0.6764705882352942
5148803,Brad Jackson,Texas State,Sun Belt,Eastern Michigan,18,26,214,8.2,4,0,66.4,1,0.6923076923076923
4870928,Malachi Nelson,UTEP,Conference USA,Utah State,22,34,178,5.2,1,1,36.8,1,0.6470588235294118
4695600,Bryson Barnes,Utah State,Mountain West,UTEP,19,28,233,8.3,1,0,45.8,1,0.6785714285714286
4880758,Chris Irvin,Western Illinois,Big South-OVC,Illinois,14,29,134,4.6,0,0,,1,0.4827586206896552
4597679,Luke Altmyer,Illinois,Big Ten,Western Illinois,17,21,217,10.3,3,0,89.7,1,0.8095238095238095
5151948,Joey Aguilar,Tennessee,SEC,Illinois,14,18,121,6.7,0,0,64.4,1,0.7777777777777778
4597679,Luke Altmyer,Illinois,Big Ten,Tennessee,20,33,196,5.9,1,0,69.9,1,0.6060606060606061
5225940,Chase Spellman,Drake,Pioneer,Upper Iowa,14,16,233,14.6,2,1,,1,0.875
5222060,Darryl Overstreet Jr.,Upper Iowa,Great Lakes,Drake,15,26,174,6.7,1,1,,1,0.5769230769230769
4875855,Ralph Rucker,Bucknell,Patriot,Air Force,10,18,126,7.0,1,1,,1,0.5555555555555556
5147067,Chris Dietrich,Bucknell,Patriot,Air Force,6,6,43,7.2,0,0,,1,1.0
5223108,Josh Johnson,Air Force,Mountain West,Bucknell,4,7,112,16.0,2,0,80.1,1,0.5714285714285714
4431465,Behren Morton,Texas Tech,Big 12,Oregon,18,32,137,4.3,0,2,18.0,1,0.5625
4870921,Dante Moore,Oregon,Big Ten,Texas Tech,26,33,234,7.1,0,1,62.3,1,0.7878787878787878
4607891,Ryan Stubblefield,South Carolina State,MEAC,Prairie View A&M,15,29,234,8.1,2,1,,1,0.5172413793103449
4877811,Billy Atkins,South Carolina State,MEAC,Prairie View A&M,7,9,45,5.0,0,0,,1,0.7777777777777778
5227681,Cameron Peters,Prairie View A&M,SWAC,South Carolina State,24,36,412,11.4,4,0,,1,0.6666666666666666
5232131,KJ Cooper,Texas Southern,SWAC,Prairie View A&M,11,16,132,8.3,1,0,,1,0.6875
5227681,Cameron Peters,Prairie View A&M,SWAC,Texas Southern,22,38,295,7.8,1,1,,1,0.5789473684210527
5044387,Anthony Colandrea,UNLV,Mountain West,Sam Houston,19,23,249,10.8,2,1,92.1,1,0.8260869565217391
5079533,Mabrey Mettauer,Sam Houston,Conference USA,UNLV,8,13,86,6.6,1,1,6.9,1,0.6153846153846154
5220424,Hunter Watson,Sam Houston,Conference USA,UNLV,11,22,101,4.6,0,0,47.7,1,0.5
4836476,Davin Wydner,West Georgia,UAC,Samford,18,34,209,6.1,0,2,,1,0.5294117647058824
5212705,Brady Stober,Samford,Southern,West Georgia,10,15,93,6.2,0,0,,1,0.6666666666666666
4877380,Quincy Crittendon,Samford,Southern,West Georgia,22,29,154,5.3,0,0,,1,0.7586206896551724
5301990,Jayden Whitaker,Wofford,Southern,South Carolina State,6,21,56,2.7,0,0,,1,0.2857142857142857
4877811,Billy Atkins,South Carolina State,MEAC,Wofford,17,33,175,5.3,0,0,,1,0.5151515151515151
4607891,Ryan Stubblefield,South Carolina State,MEAC,Wofford,10,17,124,7.3,1,0,,1,0.5882352941176471
5122054,Aidan Armenta,UL Monroe,Sun Belt,Saint Francis,12,23,95,4.1,1,1,9.5,1,0.5217391304347826
5088334,Nick Whitfield Jr.,Saint Francis,NEC,UL Monroe,9,16,36,2.3,0,1,,1,0.5625
5126468,Will Hammond,Texas Tech,Big 12,Arkansas-Pine Bluff,7,9,92,10.2,1,0,98.0,1,0.7777777777777778
4431465,Behren Morton,Texas Tech,Big 12,Arkansas-Pine Bluff,16,20,201,10.1,4,0,92.3,1,0.8
5303362,Christian Peters,Arkansas-Pine Bluff,SWAC,Texas Tech,17,33,122,3.7,1,1,,1,0.5151515151515151
4569535,Jacob Clark,Missouri State,Conference USA,Arkansas State,25,35,349,10.0,4,0,42.6,1,0.7142857142857143
5080403,Jaylen Raynor,Arkansas State,Sun Belt,Missouri State,17,31,288,9.3,3,0,73.1,1,0.5483870967741935
5085754,Matthew Schecklman,Northern Iowa,MVFC,Butler,15,25,214,8.6,4,0,,1,0.6
5087031,Reagan Andrew,Butler,Pioneer,Northern Iowa,22,36,189,5.3,1,2,,1,0.6111111111111112
5152778,Gabe Downing,Portland State,Big Sky,Tarleton State,10,17,91,5.4,0,2,,1,0.5882352941176471
5075571,John-Keawe Sagapolutele,Portland State,Big Sky,Tarleton State,6,14,57,4.1,0,1,,1,0.42857142857142855
4697625,Victor Gabalis,Tarleton State,UAC,Portland State,14,24,152,6.3,2,0,,1,0.5833333333333334
4596472,Jalon Daniels,Kansas,Big 12,Wagner,18,25,280,11.2,4,1,80.7,1,0.72
5151060,Cole Ballard,Kansas,Big 12,Wagner,2,6,38,6.3,0,0,30.3,1,0.3333333333333333
5227302,Jack Stevens,Wagner,NEC,Kansas,13,20,90,4.5,1,0,,1,0.65
5081504,Blake Horvath,Navy,American Athletic,Cincinnati,9,15,108,7.2,2,0,,1,0.6
4590294,Brady Lichtenberg,Cincinnati,Big 12,Navy,10,15,78,5.2,1,1,,1,0.6666666666666666
5089327,Samaj Jones,Cincinnati,Big 12,Navy,2,5,19,3.8,0,0,,1,0.4
4876140,Kekoa Visperas,Tennessee Tech,Big South-OVC,Cumberland (TN),17,26,250,9.6,3,0,,1,0.6538461538461539
5304207,Zach Holtzclaw,Cumberland (TN),,Tennessee Tech,6,15,34,2.3,0,1,,1,0.4
4775136,Owen McCown,UTSA,American Athletic,Florida International,18,28,295,10.5,3,0,54.0,1,0.6428571428571429
5085337,Keyone Jenkins,Florida International,Conference USA,UTSA,7,14,49,3.5,0,1,7.8,1,0.5
4879058,Joe Pesansky,Florida International,Conference USA,UTSA,11,31,102,3.3,2,1,20.1,1,0.3548387096774194
5156292,Czavian Teasett,Grambling,SWAC,Langston,20,25,203,8.1,3,0,,1,0.8
5085259,Ashton Frye,Grambling,SWAC,Langston,6,8,44,5.5,1,0,,1,0.75
5306518,Kaid Barrett,Langston,,Grambling,6,17,46,2.7,0,1,,1,0.35294117647058826
5306523,Aden Hooper,Langston,,Grambling,8,15,83,5.5,1,0,,1,0.5333333333333333
4685440,Kyle Lowe,SE Louisiana,Southland,Louisiana Tech,4,9,23,2.6,0,1,,1,0.4444444444444444
4695784,Carson Camp,SE Louisiana,Southland,Louisiana Tech,11,22,122,5.5,0,1,,1,0.5
5296376,Trey Kukuk,Louisiana Tech,Conference USA,SE Louisiana,14,19,130,6.8,1,0,23.2,1,0.7368421052631579
4685334,A.J. Duffy,New Haven,NEC,Marist,31,55,377,6.9,2,1,,1,0.5636363636363636
5088964,Sonny Mannino,Marist,Pioneer,New Haven,11,20,75,3.8,1,0,,1,0.55
5157481,Collin Hurst,Presbyterian,Pioneer,Mercer,25,38,303,8.0,1,1,,1,0.6578947368421053
5300315,DJ Smith,Mercer,Southern,Presbyterian,22,36,154,4.3,1,1,,1,0.6111111111111112
5109518,Beau Brungard,Youngstown State,MVFC,Mercyhurst,14,21,114,5.4,0,0,,1,0.6666666666666666
5227565,Adam Urena,Mercyhurst,NEC,Youngstown State,32,48,311,6.5,2,2,,1,0.6666666666666666
5156293,Jalen Woods,Southern,SWAC,North Carolina Central,4,5,18,3.6,0,0,,1,0.8
4917305,Cam'Ron McCoy,Southern,SWAC,North Carolina Central,9,14,70,5.0,0,0,,1,0.6428571428571429
4696880,Walker Harris,North Carolina Central,MEAC,Southern,22,27,186,6.9,1,0,,1,0.8148148148148148
5231101,Jonathan Palmer,Tennessee State,Big South-OVC,North Carolina A&T,11,21,123,5.9,1,1,,1,0.5238095238095238
5150663,Champ Long,North Carolina A&T,CAA,Tennessee State,5,9,41,4.6,0,0,,1,0.5555555555555556
5226768,Braxton Thomas,North Carolina A&T,CAA,Tennessee State,11,13,169,13.0,1,0,,1,0.8461538461538461
4879250,Cole Payton,North Dakota State,MVFC,The Citadel,11,17,192,11.3,1,0,,1,0.6470588235294118
5087156,Nathan Hayes,North Dakota State,MVFC,The Citadel,5,5,71,14.2,1,0,,1,1.0
5230099,Will Madonna,East Texas A&M,Southland,SMU,6,13,53,4.1,0,1,,1,0.46153846153846156
5093929,Eric Rodriguez,East Texas A&M,Southland,SMU,14,30,191,6.4,0,1,,1,0.4666666666666667
5084084,Kevin Jennings,SMU,ACC,East Texas A&M,22,30,260,8.7,2,1,26.1,1,0.7333333333333333
4686848,Andy Peters,St. Thomas (MN),Pioneer,Lindenwood,11,18,172,9.6,2,0,,1,0.6111111111111112
5081856,Nate Glantz,Lindenwood,Big South-OVC,St. Thomas (MN),18,29,318,11.0,1,0,,1,0.6206896551724138
4714771,Drew Allar,Penn State,Big Ten,Florida International,19,33,200,6.1,2,0,57.2,2,0.5757575757575758
5085337,Keyone Jenkins,Florida International,Conference USA,Penn State,15,28,127,4.5,0,1,27.6,2,0.5357142857142857
4879058,Joe Pesansky,Florida International,Conference USA,Penn State,3,5,22,4.4,0,0,70.0,2,0.6
4870819,Eli Holstein,Pittsburgh,ACC,Central Michigan,21,28,304,10.9,4,1,89.9,2,0.75
4683291,Joey Labas,Central Michigan,Mid-American,Pittsburgh,11,14,89,6.4,1,0,57.4,2,0.7857142857142857
5149056,Jadyn Glasser,Central Michigan,Mid-American,Pittsburgh,7,9,78,8.7,0,0,80.4,2,0.7777777777777778
5079533,Mabrey Mettauer,Sam Houston,Conference USA,Hawai'i,12,18,91,5.1,0,1,19.0,2,0.6666666666666666
5148427,Landyn Locke,Sam Houston,Conference USA,Hawai'i,6,10,68,6.8,1,0,73.9,2,0.6
5295238,Luke Weaver,Hawai'i,Mountain West,Sam Houston,27,43,294,6.8,3,1,51.9,2,0.627906976744186
4697625,Victor Gabalis,Tarleton State,UAC,Mississippi Valley State,20,27,295,10.9,5,0,,2,0.7407407407407407
5233879,Josh Brown,Mississippi Valley State,SWAC,Tarleton State,10,19,113,5.9,0,1,,2,0.5263157894736842
5220782,Brandon Nunez,Mississippi Valley State,SWAC,Tarleton State,4,10,81,8.1,0,2,,2,0.4
5231101,Jonathan Palmer,Tennessee State,Big South-OVC,North Dakota State,5,13,38,2.9,0,0,,2,0.38461538461538464
4879250,Cole Payton,North Dakota State,MVFC,Tennessee State,13,16,166,10.4,1,0,,2,0.8125
5087156,Nathan Hayes,North Dakota State,MVFC,Tennessee State,2,6,72,12.0,1,1,,2,0.3333333333333333
5083490,Ayden Pereira,Merrimack,FCS Independents,Saint Anselm,20,27,239,8.9,1,0,,2,0.7407407407407407
5231608,Ronan Noke,Saint Anselm,Northeast 10,Merrimack,7,11,86,7.8,0,1,,2,0.6363636363636364
5231607,Drew Forkner,Saint Anselm,Northeast 10,Merrimack,7,23,55,2.4,1,0,,2,0.30434782608695654
4568411,Cornelious Brown,Alabama A&M,SWAC,Alcorn State,25,34,260,7.6,3,0,,2,0.7352941176470589
4878822,Jaylon Tolbert,Alcorn State,SWAC,Alabama A&M,23,33,168,5.1,1,0,,2,0.696969696969697
4832830,Joshua Wood,Idaho,Big Sky,St. Thomas (MN),20,25,281,11.2,3,1,,2,0.8
4686848,Andy Peters,St. Thomas (MN),Pioneer,Idaho,21,29,264,9.1,3,0,,2,0.7241379310344828
4429191,Deuce Hogan,Nicholls,Southland,West Georgia,11,25,114,4.6,1,1,,2,0.44
4836476,Davin Wydner,West Georgia,UAC,Nicholls,7,21,63,3.0,2,2,,2,0.3333333333333333
4714009,Myles Burkett,Eastern Kentucky,UAC,Houston Christian,13,19,79,4.2,0,1,,2,0.6842105263157895
4880516,Jake Weir,Houston Christian,Southland,Eastern Kentucky,22,45,211,4.7,1,0,,2,0.4888888888888889
4683471,Brady Olson,Central Connecticut,NEC,American International,15,21,247,11.8,2,0,,2,0.7142857142857143
5161969,Cephas Williams,American International,Northeast 10,Central Connecticut,7,9,85,9.4,0,0,,2,0.7777777777777778
5305045,Connor Dietz,American International,Northeast 10,Central Connecticut,5,10,36,3.6,0,0,,2,0.5
4695113,Otto Kuhns,Norfolk State,MEAC,Virginia State,13,20,173,8.7,2,0,,2,0.65
4923050,Israel Carter,Norfolk State,MEAC,Virginia State,10,16,80,5.0,0,0,,2,0.625
5303118,Rahsaan Matthews Jr.,Virginia State,CIAA,Norfolk State,21,42,299,7.1,2,0,,2,0.5
4426688,Kaiden Bennett,Delaware State,MEAC,UAlbany,17,27,171,6.3,0,0,,2,0.6296296296296297
4881352,Jack Shields,UAlbany,CAA,Delaware State,20,37,263,7.1,3,0,,2,0.5405405405405406
5227565,Adam Urena,Mercyhurst,NEC,New Haven,22,28,344,12.3,2,0,,2,0.7857142857142857
5227557,Alex Gevaudan,Mercyhurst,NEC,New Haven,4,5,23,4.6,0,1,,2,0.8
4685334,A.J. Duffy,New Haven,NEC,Mercyhurst,18,35,183,5.2,1,1,,2,0.5142857142857142
4902963,Luther Richesson,Central Arkansas,UAC,Arkansas-Pine Bluff,18,25,283,11.3,3,1,,2,0.72
5303362,Christian Peters,Arkansas-Pine Bluff,SWAC,Central Arkansas,18,36,228,6.3,1,0,,2,0.5
5153708,Keali'i Ah Yat,Montana,Big Sky,Central Washington,14,24,250,10.4,2,2,,2,0.5833333333333334
5165011,Kennedy McGill,Central Washington,Lone Star,Montana,7,16,76,4.8,1,2,,2,0.4375
5089335,Rowan Keefe,Valparaiso,Pioneer,Adrian,15,19,153,8.1,0,3,,2,0.7894736842105263
5120497,Noah Beaudrie,Adrian,Michigan,Valparaiso,16,23,183,8.0,1,0,,2,0.6956521739130435
4777154,Tyler Riddell,Duquesne,NEC,Lincoln (PA),15,20,239,12.0,5,0,,2,0.75
5227106,Logan Kushner,Duquesne,NEC,Lincoln (PA),6,7,66,9.4,0,0,,2,0.8571428571428571
5307883,Hamas Duren,Lincoln (PA),CIAA,Duquesne,19,34,191,5.6,2,0,,2,0.5588235294117647
5225902,Hayden Johnson,Lehigh,Patriot,Sacred Heart,10,17,129,7.6,0,1,,2,0.5882352941176471
5225700,Jack Snyder,Sacred Heart,FCS Independents,Lehigh,14,20,94,4.7,0,0,,2,0.7
5165911,John Michalski,Sacred Heart,FCS Independents,Lehigh,2,6,13,2.2,0,0,,2,0.3333333333333333
5109518,Beau Brungard,Youngstown State,MVFC,Robert Morris,12,16,122,7.6,1,0,,2,0.75
5081199,Devin Sherwood,Youngstown State,MVFC,Robert Morris,8,8,47,5.9,0,0,,2,1.0
5095112,Zach Tanner,Robert Morris,NEC,Youngstown State,16,29,192,6.6,2,0,,2,0.5517241379310345
5087031,Reagan Andrew,Butler,Pioneer,Truman State,14,17,156,9.2,2,0,,2,0.8235294117647058
5224464,Jarrin Alley,Butler,Pioneer,Truman State,8,10,62,6.2,0,0,,2,0.8
5305767,Dylan Hair,Truman State,Great Lakes,Butler,14,31,221,7.1,3,0,,2,0.45161290322580644
5027925,Jax Leatherwood,Southeast Missouri State,Big South-OVC,North Alabama,21,33,225,6.8,2,0,,2,0.6363636363636364
4685698,Destin Wade,North Alabama,UAC,Southeast Missouri State,8,18,103,5.7,2,0,,2,0.4444444444444444
4592531,Ari Patu,North Alabama,UAC,Southeast Missouri State,5,18,57,3.2,0,1,,2,0.2777777777777778
5226397,Kael Alexander,Stetson,Pioneer,Warner,11,15,336,22.4,3,0,,2,0.7333333333333333
5234877,Jeremiah Johnson,Warner,,Stetson,12,25,94,3.8,0,0,,2,0.48
5307930,Michael Ryan,Warner,,Stetson,6,13,91,7.0,0,0,,2,0.46153846153846156
5086156,Danny Lauter,Georgetown,Patriot,Wagner,14,24,164,6.8,1,0,,2,0.5833333333333334
5227302,Jack Stevens,Wagner,NEC,Georgetown,13,21,102,4.9,0,2,,2,0.6190476190476191
5085026,Keegan Patterson,Indiana State,MVFC,Eastern Illinois,11,17,111,6.5,2,0,,2,0.6470588235294118
5155321,Elijah Owens,Indiana State,MVFC,Eastern Illinois,9,10,67,6.7,1,0,,2,0.9
5225271,Connor Wolf,Eastern Illinois,Big South-OVC,Indiana State,9,13,112,8.6,0,0,,2,0.6923076923076923
5113896,Cole Lacrue,Eastern Illinois,Big South-OVC,Indiana State,7,12,38,3.2,0,1,,2,0.5833333333333334
4876140,Kekoa Visperas,Tennessee Tech,Big South-OVC,Chattanooga,18,27,240,8.9,2,1,,2,0.6666666666666666
4577962,Camden Orth,Chattanooga,Southern,Tennessee Tech,22,45,249,5.5,1,1,,2,0.4888888888888889
4877380,Quincy Crittendon,Samford,Southern,The Citadel,40,56,324,5.8,0,3,,2,0.7142857142857143
5212705,Brady Stober,Samford,Southern,The Citadel,3,5,38,7.6,0,0,,2,0.6
5230073,Cobey Thompkins,The Citadel,Southern,Samford,9,11,155,14.1,1,0,,2,0.8181818181818182
5227681,Cameron Peters,Prairie View A&M,SWAC,UT Rio Grande Valley,8,16,64,4.0,0,0,,2,0.5
4801301,Tevin Carter,Prairie View A&M,SWAC,UT Rio Grande Valley,6,10,48,4.8,0,0,,2,0.6
4683012,Eddie Lee Marburger,UT Rio Grande Valley,Southland,Prairie View A&M,19,31,263,8.5,1,0,,2,0.6129032258064516
4838536,Tyler Hughes,William & Mary,CAA,Maine,13,19,129,6.8,2,0,,2,0.6842105263157895
4692052,Carter Peevy,Maine,CAA,William & Mary,13,27,97,3.6,2,1,,2,0.48148148148148145
4875733,Pat McQuaide,Villanova,CAA,Colgate,18,28,299,10.7,1,0,,2,0.6428571428571429
5085941,Zach Osborne,Colgate,Patriot,Villanova,15,30,239,8.0,2,0,,2,0.5
5165884,Dom Nankil,San Diego,Pioneer,Southern Utah,6,16,64,4.0,1,0,,2,0.375
4697131,Bronson Barron,Southern Utah,UAC,San Diego,22,38,292,7.7,3,0,,2,0.5789473684210527
4812381,Gunnar Smith,Fordham,Patriot,Monmouth,27,49,382,7.8,3,1,,2,0.5510204081632653
4696065,Derek Robertson,Monmouth,CAA,Fordham,29,43,342,8.0,6,1,,2,0.6744186046511628
5226265,Brennan Myer,Bryant,CAA,Massachusetts,22,44,318,7.2,3,2,,2,0.5
4883110,Grant Jordan,Massachusetts,Mid-American,Bryant,13,22,205,9.3,0,1,30.0,2,0.5909090909090909
4804885,Brandon Rose,Massachusetts,Mid-American,Bryant,4,6,24,4.0,0,0,22.0,2,0.6666666666666666
5164313,Jaron-Keawe Sagapolutele,California,ACC,Texas Southern,26,37,259,7.0,0,1,18.4,2,0.7027027027027027
5232131,KJ Cooper,Texas Southern,SWAC,California,19,35,137,3.9,0,1,,2,0.5428571428571428
5105849,Devon Dampier,Utah,Big 12,Cal Poly,17,23,192,8.3,3,0,54.6,2,0.7391304347826086
5092275,Ty Dieffenbach,Cal Poly,Big Sky,Utah,6,9,82,9.1,0,1,,2,0.6666666666666666
5219586,Anthony Grigsby Jr.,Cal Poly,Big Sky,Utah,7,16,72,4.5,0,1,,2,0.4375
4869991,Caden Veltkamp,Florida Atlantic,American Athletic,Florida A&M,27,39,309,7.9,5,0,85.0,2,0.6923076923076923
5151696,RJ Johnson III,Florida A&M,SWAC,Florida Atlantic,18,28,222,7.9,2,0,,2,0.6428571428571429
5301816,Jett Peddy,Florida A&M,SWAC,Florida Atlantic,1,7,5,0.7,0,0,,2,0.14285714285714285
5079653,Demond Williams Jr.,Washington,Big Ten,UC Davis,16,25,254,10.2,1,0,93.1,2,0.64
4708067,Kai Horton,Washington,Big Ten,UC Davis,3,5,50,10.0,0,0,92.5,2,0.6
5226019,Caden Pinnick,UC Davis,Big Sky,Washington,8,16,50,3.1,1,1,,2,0.5
4698250,Grant Harper,UC Davis,Big Sky,Washington,3,8,39,4.9,0,0,,2,0.375
4801717,Noah Fifita,Arizona,Big 12,Weber State,17,22,373,17.0,5,0,95.9,2,0.7727272727272727
5105334,Jackson Gilkey,Weber State,Big Sky,Arizona,10,24,68,2.8,0,2,,2,0.4166666666666667
5091836,Jaxon Potter,Washington State,Pac-12,San Diego State,28,42,257,6.1,3,0,51.5,2,0.6666666666666666
4685311,Jayden Denegal,San Diego State,Mountain West,Washington State,15,30,133,4.4,1,0,11.3,2,0.5
5141367,Bear Bachmeier,BYU,Big 12,Stanford,17,27,175,6.5,0,0,24.9,2,0.6296296296296297
4431114,Ben Gulbranson,Stanford,ACC,BYU,17,32,142,4.4,0,2,6.7,2,0.53125
5126474,Danny O'Neil,Wisconsin,Big Ten,Middle Tennessee,23,27,283,10.5,3,1,57.8,2,0.8518518518518519
4682518,Nick Vattiato,Middle Tennessee,Conference USA,Wisconsin,20,31,197,6.4,1,1,69.9,2,0.6451612903225806
5082005,Tyriq Starks,Howard,MEAC,Temple,7,14,34,2.4,1,0,,2,0.5
5087297,Ja'Shawn Scroggins,Howard,MEAC,Temple,1,5,5,1.0,0,1,,2,0.2
4431387,Evan Simon,Temple,American Athletic,Howard,8,10,174,17.4,3,0,92.1,2,0.8
4887446,Gevani McCoy,Temple,American Athletic,Howard,6,6,57,9.5,1,0,65.6,2,1.0
4431580,Miller Moss,Louisville,ACC,James Madison,13,23,151,6.6,1,0,59.0,2,0.5652173913043478
4911929,Alonza Barnett,James Madison,Sun Belt,Louisville,15,25,102,4.1,1,0,23.7,2,0.6
4695904,Matthew Sluka,James Madison,Sun Belt,Louisville,3,5,35,7.0,0,1,52.6,2,0.6
4427966,Maverick McIvor,Western Kentucky,Conference USA,Toledo,23,38,235,6.2,2,1,25.0,2,0.6052631578947368
4429801,Tucker Gleason,Toledo,Mid-American,Western Kentucky,7,12,155,12.9,2,0,92.0,2,0.5833333333333334
5082330,John Alan Richter,Toledo,Mid-American,Western Kentucky,5,9,46,5.1,1,1,35.5,2,0.5555555555555556
4427191,Dequan Finn,Miami (OH),Mid-American,Rutgers,14,23,251,10.9,0,1,65.9,2,0.6086956521739131
4432722,Athan Kaliakmanis,Rutgers,Big Ten,Miami (OH),26,36,259,7.2,4,0,86.3,2,0.7222222222222222
4432767,Preston Stone,Northwestern,Big Ten,Western Illinois,21,29,245,8.4,3,0,53.9,2,0.7241379310344828
5299364,Cason Carswell,Western Illinois,Big South-OVC,Northwestern,6,8,52,6.5,1,0,,2,0.75
4880758,Chris Irvin,Western Illinois,Big South-OVC,Northwestern,5,18,27,1.5,0,1,,2,0.2777777777777778
4870921,Dante Moore,Oregon,Big Ten,Oklahoma State,16,21,266,12.7,3,0,86.0,2,0.7619047619047619
4923267,Zane Flores,Oklahoma State,Big 12,Oregon,7,19,67,3.5,0,2,18.8,2,0.3684210526315789
4899468,Kaden Anderson,Wyoming,Mountain West,Northern Iowa,17,23,167,7.3,2,0,20.9,2,0.7391304347826086
5085754,Matthew Schecklman,Northern Iowa,MVFC,Wyoming,15,26,107,4.1,0,2,,2,0.5769230769230769
5296376,Trey Kukuk,Louisiana Tech,Conference USA,LSU,12,18,50,2.8,0,0,33.5,2,0.6666666666666666
5150998,Blake Baker,Louisiana Tech,Conference USA,LSU,3,8,46,5.8,1,0,85.7,2,0.375
4567747,Garrett Nussmeier,LSU,SEC,Louisiana Tech,26,41,237,5.8,1,1,64.6,2,0.6341463414634146
4685345,JC French,Georgia Southern,Sun Belt,USC,19,35,179,5.1,2,1,50.5,2,0.5428571428571428
4912238,Turner Helton,Georgia Southern,Sun Belt,USC,4,9,24,2.7,0,0,46.2,2,0.4444444444444444
4685454,Jayden Maiava,USC,Big Ten,Georgia Southern,16,24,412,17.2,4,0,96.4,2,0.6666666666666666
5141563,Husan Longstreet,USC,Big Ten,Georgia Southern,4,6,34,5.7,0,0,45.1,2,0.6666666666666666
4870900,Dylan Lonergan,Boston College,ACC,Michigan State,34,45,390,8.7,4,0,88.9,2,0.7555555555555555
5075805,Aidan Chiles,Michigan State,Big Ten,Boston College,19,29,231,8.0,4,0,86.8,2,0.6551724137931034
5081405,AJ Swann,App State,Sun Belt,Lindenwood,19,34,293,8.6,2,1,41.2,2,0.5588235294117647
5081856,Nate Glantz,Lindenwood,Big South-OVC,App State,20,36,217,6.0,1,2,,2,0.5555555555555556
4801306,Conner Harrell,Charlotte,American Athletic,North Carolina,17,29,140,4.8,0,0,23.9,2,0.5862068965517241
4915837,Grayson Loftis,Charlotte,American Athletic,North Carolina,8,12,110,9.2,0,2,30.2,2,0.6666666666666666
4920227,Giovanni Lopez,North Carolina,ACC,Charlotte,17,25,155,6.2,1,0,49.2,2,0.68
5083171,Jack Layne,New Mexico,Mountain West,Idaho State,13,21,155,7.4,0,0,35.0,2,0.6190476190476191
5224050,Davis Harsin,Idaho State,Big Sky,New Mexico,17,26,181,7.0,1,1,,2,0.6538461538461539
5158748,Jackson Sharman,Idaho State,Big Sky,New Mexico,11,13,84,6.5,0,0,,2,0.8461538461538461
4801307,Tayven Jackson,UCF,Big 12,North Carolina A&T,12,21,189,9.0,0,0,61.5,2,0.5714285714285714
5150663,Champ Long,North Carolina A&T,CAA,UCF,3,7,26,3.7,0,1,,2,0.42857142857142855
4431091,Ben Finley,Akron,Mid-American,Nebraska,7,21,54,2.6,0,0,36.2,2,0.3333333333333333
5079572,Dylan Raiola,Nebraska,Big Ten,Akron,24,31,364,11.7,4,0,92.1,2,0.7741935483870968
5141556,TJ Lateef,Nebraska,Big Ten,Akron,6,7,128,18.3,0,0,99.5,2,0.8571428571428571
5153782,Amari Odom,Kennesaw State,Conference USA,Indiana,10,16,176,11.0,0,1,56.2,2,0.625
4837248,Fernando Mendoza,Indiana,Big Ten,Kennesaw State,18,25,245,9.8,4,0,66.6,2,0.72
4697512,Robby Ashford,Wake Forest,ACC,Western Carolina,13,22,227,10.3,1,1,62.6,2,0.5909090909090909
5159361,Bennett Judy,Western Carolina,Southern,Wake Forest,18,32,155,4.8,0,1,,2,0.5625
5231037,Isaac Lee,Western Carolina,Southern,Wake Forest,8,10,49,4.9,0,0,,2,0.8
4565315,Blake Shapen,Mississippi State,SEC,Arizona State,19,33,279,8.5,3,0,42.0,2,0.5757575757575758
5078810,Sam Leavitt,Arizona State,Big 12,Mississippi State,10,22,82,3.7,1,2,34.8,2,0.45454545454545453
5104738,Ryan Browne,Purdue,Big Ten,Southern Illinois,14,23,170,7.4,2,1,79.5,2,0.6086956521739131
4697094,DJ Williams,Southern Illinois,MVFC,Purdue,20,33,202,6.1,1,0,,2,0.6060606060606061
5122054,Aidan Armenta,UL Monroe,Sun Belt,Alabama,8,14,28,2.0,0,1,3.8,2,0.5714285714285714
4685522,Ty Simpson,Alabama,SEC,UL Monroe,17,17,226,13.3,3,0,99.3,2,1.0
5079508,Austin Mack,Alabama,SEC,UL Monroe,8,10,80,8.0,2,0,93.8,2,0.8
5141629,Keelon Russell,Alabama,SEC,UL Monroe,4,6,65,10.8,2,0,94.8,2,0.6666666666666666
5146661,Daniel Beale,Louisiana,Sun Belt,McNeese,14,22,86,3.9,1,0,31.2,2,0.6363636363636364
4915622,Jake Strong,McNeese,Southland,Louisiana,19,30,191,6.4,0,1,,2,0.6333333333333333
4709012,Jase Bauer,UT Martin,Big South-OVC,UTEP,23,33,273,8.3,1,0,,2,0.696969696969697
4870928,Malachi Nelson,UTEP,Conference USA,UT Martin,14,26,278,10.7,4,0,52.0,2,0.5384615384615384
5144959,Drake Lindsey,Minnesota,Big Ten,Northwestern State,8,9,139,15.4,1,0,96.1,2,0.8888888888888888
5150680,Max Shikenjanski,Minnesota,Big Ten,Northwestern State,4,5,80,16.0,1,0,98.1,2,0.8
5226585,Abram Johnston,Northwestern State,Southland,Minnesota,6,11,10,0.9,0,2,,2,0.5454545454545454
4427313,Ta'Quan Roberson,Buffalo,Mid-American,Saint Francis,10,20,133,6.7,1,1,73.0,2,0.5
5088334,Nick Whitfield Jr.,Saint Francis,NEC,Buffalo,17,27,111,4.1,0,0,,2,0.6296296296296297
4795295,Katin Houser,East Carolina,American Athletic,Campbell,25,35,314,9.0,2,0,85.9,2,0.7142857142857143
4433932,Mike Wright,East Carolina,American Athletic,Campbell,3,5,13,2.6,0,0,4.5,2,0.6
5154962,Kamden Sixkiller,Campbell,CAA,East Carolina,18,25,121,4.8,0,0,,2,0.72
5299305,Jalen Ferguson,Campbell,CAA,East Carolina,3,8,24,3.0,0,0,,2,0.375
5150611,Jake Retzlaff,Tulane,American Athletic,South Alabama,13,24,125,5.2,1,0,74.5,2,0.5416666666666666
4869553,Bishop Davenport,South Alabama,Sun Belt,Tulane,17,24,231,9.6,2,0,80.2,2,0.7083333333333334
4600403,Braylon Braxton,Southern Miss,Sun Belt,Jackson State,20,30,214,7.1,3,0,43.5,2,0.6666666666666666
4612078,JaCobian Morgan,Jackson State,SWAC,Southern Miss,14,27,131,4.9,0,1,,2,0.5185185185185185
4870889,Chris Parson,Austin Peay,UAC,Georgia,16,23,151,6.6,0,1,,2,0.6956521739130435
4685578,Gunner Stockton,Georgia,SEC,Austin Peay,26,34,227,6.7,0,0,40.3,2,0.7647058823529411
5151948,Joey Aguilar,Tennessee,SEC,East Tennessee State,23,31,288,9.3,2,0,74.4,2,0.7419354838709677
5079531,Jake Merklinger,Tennessee,SEC,East Tennessee State,9,14,118,8.4,2,0,89.8,2,0.6428571428571429
5141571,George MacIntyre,Tennessee,SEC,East Tennessee State,6,7,52,7.4,0,0,59.2,2,0.8571428571428571
4427455,Cade McNamara,East Tennessee State,Southern,Tennessee,11,18,85,4.7,1,0,,2,0.6111111111111112
4429463,Jacolby Criswell,East Tennessee State,Southern,Tennessee,7,12,76,6.3,0,0,,2,0.5833333333333334
5079712,Julian Sayin,Ohio State,Big Ten,Grambling,18,19,306,16.1,4,1,75.6,2,0.9473684210526315
5078278,Lincoln Kienholz,Ohio State,Big Ten,Grambling,6,7,71,10.1,1,0,91.4,2,0.8571428571428571
5156292,Czavian Teasett,Grambling,SWAC,Ohio State,9,15,55,3.7,0,1,,2,0.6
5085259,Ashton Frye,Grambling,SWAC,Ohio State,2,7,17,2.4,0,0,,2,0.2857142857142857
4685497,Maalik Murphy,Oregon State,Pac-12,Fresno State,31,48,371,7.7,4,2,64.6,2,0.6458333333333334
4916436,E.J. Warner,Fresno State,Mountain West,Oregon State,13,18,121,6.7,0,1,80.8,2,0.7222222222222222
5132812,Aaron Philo,Georgia Tech,ACC,Gardner-Webb,21,28,373,13.3,1,1,75.9,2,0.75
4869817,Cole Pennington,Gardner-Webb,Big South-OVC,Georgia Tech,14,21,164,7.8,1,0,,2,0.6666666666666666
4602968,Nate Hampton,Gardner-Webb,Big South-OVC,Georgia Tech,6,9,45,5.0,1,0,,2,0.6666666666666666
4433969,Timmy McClain,Bethune-Cookman,SWAC,Miami,13,16,86,5.4,0,0,,2,0.8125
4430841,Carson Beck,Miami,ACC,Bethune-Cookman,22,24,267,11.1,2,0,95.2,2,0.9166666666666666
5075800,Emory Williams,Miami,ACC,Bethune-Cookman,8,12,77,6.4,0,0,14.8,2,0.6666666666666666
4833597,Brayden Fowler-Nicolosi,Colorado State,Mountain West,Northern Colorado,13,25,132,5.3,0,1,40.1,2,0.52
5300801,Eric Gibson Jr.,Northern Colorado,Big Sky,Colorado State,17,28,160,5.7,0,1,,2,0.6071428571428571
4875127,Lanorris Sellers,South Carolina,SEC,South Carolina State,11,19,128,6.7,1,0,20.1,2,0.5789473684210527
4877811,Billy Atkins,South Carolina State,MEAC,South Carolina,10,14,118,8.4,0,0,,2,0.7142857142857143
4607891,Ryan Stubblefield,South Carolina State,MEAC,South Carolina,8,14,90,6.4,1,0,,2,0.5714285714285714
4431325,Taylen Green,Arkansas,SEC,Arkansas State,17,26,239,9.2,4,2,95.5,2,0.6538461538461539
5080403,Jaylen Raynor,Arkansas State,Sun Belt,Arkansas,21,33,125,3.8,1,2,42.1,2,0.6363636363636364
5153846,Nick Minicucci,Delaware,Conference USA,Colorado,18,36,312,8.7,1,1,49.3,2,0.5
4917093,Ryan Staub,Colorado,Big 12,Delaware,7,10,157,15.7,2,0,98.9,2,0.7
4432803,Kaidon Salter,Colorado,Big 12,Delaware,13,16,102,6.4,0,0,72.2,2,0.8125
4775136,Owen McCown,UTSA,American Athletic,Texas State,23,43,219,5.1,2,0,47.7,2,0.5348837209302325
5148803,Brad Jackson,Texas State,Sun Belt,UTSA,12,20,286,14.3,1,1,87.2,2,0.6
4685459,Nicco Marchiol,West Virginia,Big 12,Ohio,15,26,178,6.8,0,1,27.4,2,0.5769230769230769
4610131,Parker Navarro,Ohio,Mid-American,West Virginia,22,31,247,8.0,1,3,48.3,2,0.7096774193548387
4685697,Zion Turner,Marshall,Sun Belt,Missouri State,13,24,83,3.5,0,1,16.6,2,0.5416666666666666
4569535,Jacob Clark,Missouri State,Conference USA,Marshall,21,31,359,11.6,3,1,51.3,2,0.6774193548387096
4696880,Walker Harris,North Carolina Central,MEAC,Old Dominion,13,26,102,3.9,0,2,,2,0.5
5125715,Colton Joseph,Old Dominion,Sun Belt,North Carolina Central,19,24,257,10.7,3,0,63.5,2,0.7916666666666666
5193346,Quinn Henicle,Old Dominion,Sun Belt,North Carolina Central,3,5,20,4.0,0,0,42.1,2,0.6
4431416,Kiael Kelly,Ball State,Mid-American,Auburn,10,16,71,4.4,0,0,9.6,2,0.625
4870607,Jackson Arnold,Auburn,SEC,Ball State,24,28,251,9.0,3,0,70.2,2,0.8571428571428571
5141506,Deuce Knight,Auburn,SEC,Ball State,2,5,20,4.0,0,0,14.6,2,0.4
4986096,Chase Jenkins,Rice,American Athletic,Houston,10,12,50,4.2,0,1,17.0,2,0.8333333333333334
4685574,Conner Weigman,Houston,Big 12,Rice,15,22,188,8.5,1,0,56.7,2,0.6818181818181818
4690158,Noah Kim,Eastern Michigan,Mid-American,Long Island University,18,29,189,6.5,2,0,42.8,2,0.6206896551724138
4837195,Luca Stanzani,Long Island University,NEC,Eastern Michigan,12,18,143,7.9,0,0,,2,0.6666666666666666
5095771,Ethan Greenwood,Long Island University,NEC,Eastern Michigan,3,5,105,21.0,0,0,,2,0.6
5141695,Malik Washington,Maryland,Big Ten,Northern Illinois,19,35,254,7.3,2,0,29.4,2,0.5428571428571428
5151506,Josh Holst,Northern Illinois,Mid-American,Maryland,14,22,91,4.1,0,0,25.4,2,0.6363636363636364
5152118,Jared Taylor,Eastern Washington,Big Sky,Boise State,14,28,102,3.6,0,0,,2,0.5
5152110,Nate Bell,Eastern Washington,Big Sky,Boise State,5,9,74,8.2,0,1,,2,0.5555555555555556
4870513,Maddux Madsen,Boise State,Mountain West,Eastern Washington,16,26,307,11.8,2,0,85.1,2,0.6153846153846154
4870906,Arch Manning,Texas,SEC,San José State,19,30,295,9.8,4,1,74.4,2,0.6333333333333333
4694149,Walker Eget,San José State,Mountain West,Texas,21,42,188,4.5,0,1,35.2,2,0.5
5154881,Bryce Schondelmyer,Dayton,Pioneer,Thomas More,15,22,110,5.0,2,0,,2,0.6818181818181818
5156751,Drew VanVleet,Dayton,Pioneer,Thomas More,3,5,43,8.6,1,0,,2,0.6
5304707,Griffin Scalf,Thomas More,Great Midwest Athletic,Dayton,15,32,126,3.9,0,2,,2,0.46875
5079301,CJ Bailey,NC State,ACC,Virginia,16,23,200,8.7,1,0,90.0,2,0.6956521739130435
4692530,Chandler Morris,Virginia,ACC,NC State,30,43,257,6.0,1,1,80.6,2,0.6976744186046512
4801299,Rocco Becht,Iowa State,Big 12,Iowa,18,27,134,5.0,1,0,52.8,2,0.6666666666666666
4695400,Mark Gronowski,Iowa,Big Ten,Iowa State,13,24,83,3.5,0,1,29.2,2,0.5416666666666666
4685694,Steven Angeli,Syracuse,ACC,UConn,33,53,417,7.9,2,1,56.1,2,0.6226415094339622
4429582,Joe Fagnano,UConn,FBS Independents,Syracuse,24,43,259,6.0,0,0,38.2,2,0.5581395348837209
5106897,Jack O'Connell,Stonehill,NEC,Lafayette,25,35,269,7.7,3,1,,2,0.7142857142857143
5083847,Dean DeNobile,Lafayette,Patriot,Stonehill,11,18,132,7.3,0,1,,2,0.6111111111111112
4870971,Marcel Reed,Texas A&M,SEC,Utah State,19,28,220,7.9,3,0,66.0,2,0.6785714285714286
5145396,Miles O'Neill,Texas A&M,SEC,Utah State,3,5,99,19.8,1,1,20.5,2,0.6
4695600,Bryson Barnes,Utah State,Mountain West,Texas A&M,15,30,169,5.6,2,0,19.0,2,0.5
4832918,Ethan Vasko,Liberty,Conference USA,Jacksonville State,19,29,335,11.6,2,1,47.2,2,0.6551724137931034
4893657,Gavin Wimsatt,Jacksonville State,Conference USA,Liberty,6,12,52,4.3,0,0,55.3,2,0.5
5119841,Dru Deshields,Kent State,Mid-American,Texas Tech,7,15,116,7.7,1,0,59.9,2,0.4666666666666667
4710001,CJ Montes,Kent State,Mid-American,Texas Tech,4,10,49,4.9,0,1,2.2,2,0.4
4431465,Behren Morton,Texas Tech,Big 12,Kent State,18,26,258,9.9,3,0,82.1,2,0.6923076923076923
5126468,Will Hammond,Texas Tech,Big 12,Kent State,7,10,94,9.4,1,0,96.0,2,0.7
5219834,Drew Mestemaker,North Texas,American Athletic,Western Michigan,18,33,224,6.8,2,0,51.7,2,0.5454545454545454
5074245,Broc Lowry,Western Michigan,Mid-American,North Texas,5,10,75,7.5,1,0,88.6,2,0.5
4685696,Beau Pribula,Missouri,SEC,Kansas,30,39,334,8.6,3,0,82.7,2,0.7692307692307693
4596472,Jalon Daniels,Kansas,Big 12,Missouri,18,30,223,7.4,2,1,66.3,2,0.6
5141684,Austin Simmons,Ole Miss,SEC,Kentucky,13,24,235,9.8,0,2,80.3,2,0.5416666666666666
4426847,Zach Calzada,Kentucky,SEC,Ole Miss,15,30,149,5.0,0,0,30.1,2,0.5
4880272,Byrum Brown,South Florida,American Athletic,Florida,23,36,263,7.3,1,0,74.6,2,0.6388888888888888
5079555,D.J. Lagway,Florida,SEC,South Florida,23,33,222,6.7,1,1,58.8,2,0.696969696969697
5225414,Ty Pennington,Northern Arizona,Big Sky,Utah Tech,21,28,229,8.2,1,1,,2,0.75
5088960,Reggie Graff,Utah Tech,UAC,Northern Arizona,12,24,75,3.1,0,1,,2,0.5
5224562,Bronson Barben,Utah Tech,UAC,Northern Arizona,3,7,61,8.7,1,2,,2,0.42857142857142855
5081504,Blake Horvath,Navy,American Athletic,UAB,6,8,168,21.0,1,0,60.4,2,0.75
4565187,Jalen Kitna,UAB,American Athletic,Navy,22,32,304,9.5,2,2,88.8,2,0.6875
5306893,Christopher Perkins,Elizabeth City State,CIAA,Hampton,19,30,188,6.3,1,0,,2,0.6333333333333333
5098448,Isaiah Freeman,Hampton,CAA,Elizabeth City State,9,16,51,3.2,0,0,,2,0.5625
5227430,Kobe Muasau,Morgan State,MEAC,Towson,17,28,214,7.6,1,1,,2,0.6071428571428571
5301657,Andrew Indorf,Towson,CAA,Morgan State,18,23,186,8.1,1,0,,2,0.782608695652174
5305640,Eli Foutz,Ferrum,Carolinas,VMI,9,15,64,4.3,0,0,,2,0.6
5305648,Zach Wyatt,Ferrum,Carolinas,VMI,4,6,30,5.0,0,0,,2,0.6666666666666666
5083941,Collin Shannon,VMI,Southern,Ferrum,15,27,223,8.3,3,1,,2,0.5555555555555556
5168665,Chandler Wilson,VMI,Southern,Ferrum,1,5,1,0.2,0,0,,2,0.2
4429088,Drew Pyne,Bowling Green,Mid-American,Cincinnati,29,36,274,7.6,1,0,71.0,2,0.8055555555555556
4899046,Brendan Sorsby,Cincinnati,Big 12,Bowling Green,17,24,333,13.9,3,0,94.4,2,0.7083333333333334
5224084,Trey Hedden,Furman,Southern,Presbyterian,29,40,263,6.6,1,2,,2,0.725
5157481,Collin Hurst,Presbyterian,Pioneer,Furman,26,41,275,6.7,5,3,,2,0.6341463414634146
4685413,Cade Klubnik,Clemson,ACC,Troy,18,24,196,8.2,2,1,42.8,2,0.75
4431633,Will Crowder,Troy,Sun Belt,Clemson,19,31,223,7.2,1,3,54.4,2,0.6129032258064516
5075571,John-Keawe Sagapolutele,Portland State,Big Sky,North Dakota,11,17,146,8.6,1,2,,2,0.6470588235294118
5155528,Jerry Kaminski,North Dakota,MVFC,Portland State,14,21,164,7.8,4,0,,2,0.6666666666666666
4876865,Carter Cravens,Morehead State,Pioneer,Illinois State,14,28,134,4.8,1,1,,2,0.5
4878284,Tommy Rittenhouse,Illinois State,MVFC,Morehead State,8,13,81,6.2,2,1,,2,0.6153846153846154
5227699,Beckham Pellant,Illinois State,MVFC,Morehead State,4,9,61,6.8,1,0,,2,0.4444444444444444
5203716,Ethan Drumm,Wofford,Southern,Richmond,12,25,111,4.4,0,0,,2,0.48
4877890,Kyle Wickersham,Richmond,Patriot,Wofford,20,29,153,5.3,1,1,,2,0.6896551724137931
5224789,Landen Clark,Elon,CAA,Davidson,15,24,247,10.3,3,0,,2,0.625
4870786,Marco Lainez,Elon,CAA,Davidson,1,5,11,2.2,0,0,,2,0.2
5085644,Coulter Cleland,Davidson,Pioneer,Elon,10,25,81,3.2,1,0,,2,0.4
5224535,Casey Bullock,Davidson,Pioneer,Elon,2,5,12,2.4,0,0,,2,0.4
5141741,Bryce Underwood,Michigan,Big Ten,Oklahoma,9,24,142,5.9,0,0,40.2,2,0.375
4915980,John Mateer,Oklahoma,SEC,Michigan,21,34,270,7.9,1,1,79.2,2,0.6176470588235294
4691272,Stone Earle,Abilene Christian,UAC,Stephen F. Austin,23,34,239,7.0,0,0,,2,0.6764705882352942
4683311,Sam Vidlak,Stephen F. Austin,Southland,Abilene Christian,24,38,245,6.4,0,1,,2,0.631578947368421
5085784,Chase Mason,South Dakota State,MVFC,Montana State,17,25,190,7.6,3,0,,2,0.68
4684502,Justin Lamson,Montana State,Big Sky,South Dakota State,18,28,123,4.4,0,0,,2,0.6428571428571429
4685488,MJ Morris,Coastal Carolina,Sun Belt,Charleston Southern,13,22,102,4.6,0,3,4.8,2,0.5909090909090909
4870793,Tad Hudson,Coastal Carolina,Sun Belt,Charleston Southern,3,5,37,7.4,0,0,74.4,2,0.6
5164721,Zolten Osbourne,Charleston Southern,Big South-OVC,Coastal Carolina,10,22,55,2.5,0,1,,2,0.45454545454545453
4431948,TJ Finley,Georgia State,Sun Belt,Memphis,21,29,201,6.9,0,1,37.5,2,0.7241379310344828
5193926,Cameran Brown,Georgia State,Sun Belt,Memphis,8,12,139,11.6,1,0,94.4,2,0.6666666666666666
4429149,Brendon Lewis,Memphis,American Athletic,Georgia State,16,20,196,9.8,0,0,85.3,2,0.8
5150297,Cale Hellums,Army,American Athletic,Kansas State,7,11,43,3.9,1,0,69.0,2,0.6363636363636364
4870857,Avery Johnson,Kansas State,Big 12,Army,15,25,172,6.9,1,1,63.1,2,0.6
4887151,Andrew Body,Alabama State,SWAC,Southern,16,25,198,7.9,2,0,,2,0.64
4917305,Cam'Ron McCoy,Southern,SWAC,Alabama State,14,29,160,5.5,1,2,,2,0.4827586206896552
4678010,Kyron Drones,Virginia Tech,ACC,Vanderbilt,17,29,134,4.6,1,0,62.7,2,0.5862068965517241
5084180,Diego Pavia,Vanderbilt,SEC,Virginia Tech,12,18,193,10.7,2,1,88.7,2,0.6666666666666666
4884392,Christopher Zellous,Stony Brook,CAA,Rhode Island,12,20,137,6.9,0,1,,2,0.6
4715345,Devin Farrell,Rhode Island,CAA,Stony Brook,20,34,316,9.3,2,0,,2,0.5882352941176471
5044387,Anthony Colandrea,UNLV,Mountain West,UCLA,15,21,203,9.7,3,0,84.4,2,0.7142857142857143
4870799,Nico Iamaleava,UCLA,Big Ten,UNLV,29,41,255,6.2,1,1,75.1,2,0.7073170731707317
5075592,Cal Swanson,Holy Cross,Patriot,New Hampshire,8,15,95,6.3,0,1,,2,0.5333333333333333
5171031,Matt Vezza,New Hampshire,CAA,Holy Cross,11,21,129,6.1,0,2,,2,0.5238095238095238
5084084,Kevin Jennings,SMU,ACC,Baylor,16,22,295,13.4,3,1,50.1,2,0.7272727272727273
4432759,Sawyer Robertson,Baylor,Big 12,SMU,34,50,440,8.8,4,0,91.9,2,0.68
4605998,Logan Fife,New Mexico State,Conference USA,Tulsa,27,44,248,5.6,2,0,35.2,2,0.6136363636363636
5224011,Baylor Hayes,Tulsa,American Athletic,New Mexico State,14,17,135,7.9,1,1,89.2,2,0.8235294117647058
5151618,Kirk Francis,Tulsa,American Athletic,New Mexico State,13,23,100,4.3,0,1,16.2,2,0.5652173913043478
4872721,Cardell Williams,Sacramento State,Big Sky,Nevada,11,13,158,12.2,1,1,,2,0.8461538461538461
4870909,Jaden Rashada,Sacramento State,Big Sky,Nevada,2,5,39,7.8,0,0,,2,0.4
4430836,Chubba Purdy,Nevada,Mountain West,Sacramento State,12,21,144,6.9,0,2,17.2,2,0.5714285714285714
5088964,Sonny Mannino,Marist,Pioneer,Bucknell,22,42,229,5.5,1,1,,2,0.5238095238095238
4875855,Ralph Rucker,Bucknell,Patriot,Marist,18,23,236,10.3,0,1,,2,0.782608695652174
5193343,Jim Ogle,Murray State,MVFC,SE Louisiana,25,39,254,6.5,1,2,,2,0.6410256410256411
4695784,Carson Camp,SE Louisiana,Southland,Murray State,18,25,173,6.9,1,1,,2,0.72
4685440,Kyle Lowe,SE Louisiana,Southland,Murray State,6,8,45,5.6,0,0,,2,0.75
5121169,Darian Mensah,Duke,ACC,Illinois,23,34,334,9.8,2,1,68.4,2,0.6764705882352942
4685252,Henry Belin IV,Duke,ACC,Illinois,2,5,22,4.4,0,0,30.3,2,0.4
4597679,Luke Altmyer,Illinois,Big Ten,Duke,22,31,296,9.5,3,0,85.9,2,0.7096774193548387
4773919,Thomas Castellanos,Florida State,ACC,East Texas A&M,8,11,237,21.5,3,0,95.4,2,0.7272727272727273
5141661,Kevin Sperry,Florida State,ACC,East Texas A&M,4,5,61,12.2,2,0,94.1,2,0.8
5093929,Eric Rodriguez,East Texas A&M,Southland,Florida State,3,5,32,6.4,0,1,,2,0.6
5230099,Will Madonna,East Texas A&M,Southland,Florida State,2,5,17,3.4,0,1,,2,0.4
5079369,C.J. Carr,Notre Dame,FBS Independents,Texas A&M,20,32,293,9.2,1,1,81.0,3,0.625
4870971,Marcel Reed,Texas A&M,SEC,Notre Dame,17,37,360,9.7,2,1,75.3,3,0.4594594594594595
4837248,Fernando Mendoza,Indiana,Big Ten,Indiana State,19,20,270,13.5,5,0,93.4,3,0.95
5191162,Alberto Mendoza,Indiana,Big Ten,Indiana State,6,9,104,11.6,2,0,77.6,3,0.6666666666666666
5085026,Keegan Patterson,Indiana State,MVFC,Indiana,8,16,13,0.8,0,0,,3,0.5
4870799,Nico Iamaleava,UCLA,Big Ten,New Mexico,22,34,217,6.4,1,1,26.9,3,0.6470588235294118
5083171,Jack Layne,New Mexico,Mountain West,UCLA,12,16,152,9.5,2,0,74.5,3,0.75
4427313,Ta'Quan Roberson,Buffalo,Mid-American,Kent State,28,40,318,8.0,3,1,66.7,3,0.7
5119841,Dru Deshields,Kent State,Mid-American,Buffalo,22,32,279,8.7,2,0,65.4,3,0.6875
4431416,Kiael Kelly,Ball State,Mid-American,New Hampshire,9,15,105,7.0,2,1,77.4,3,0.6
5171031,Matt Vezza,New Hampshire,CAA,Ball State,25,44,259,5.9,1,0,,3,0.5681818181818182
4879250,Cole Payton,North Dakota State,MVFC,Southeast Missouri State,16,23,348,15.1,4,0,,3,0.6956521739130435
5027925,Jax Leatherwood,Southeast Missouri State,Big South-OVC,North Dakota State,12,23,145,6.3,1,0,,3,0.5217391304347826
5153708,Keali'i Ah Yat,Montana,Big Sky,North Dakota,25,39,300,7.7,2,2,,3,0.6410256410256411
5155528,Jerry Kaminski,North Dakota,MVFC,Montana,17,40,258,6.5,3,1,,3,0.425
5075592,Cal Swanson,Holy Cross,Patriot,Rhode Island,14,29,157,5.4,0,0,,3,0.4827586206896552
4715345,Devin Farrell,Rhode Island,CAA,Holy Cross,22,37,271,7.3,0,1,,3,0.5945945945945946
4902963,Luther Richesson,Central Arkansas,UAC,Tarleton State,12,21,163,7.8,1,1,,3,0.5714285714285714
4697625,Victor Gabalis,Tarleton State,UAC,Central Arkansas,10,16,177,11.1,3,0,,3,0.625
5298787,Byron McNair,Tennessee State,Big South-OVC,Alabama A&M,17,27,157,5.8,1,1,,3,0.6296296296296297
4568411,Cornelious Brown,Alabama A&M,SWAC,Tennessee State,21,33,329,10.0,2,0,,3,0.6363636363636364
4832830,Joshua Wood,Idaho,Big Sky,Utah Tech,14,25,119,4.8,1,0,,3,0.56
5224562,Bronson Barben,Utah Tech,UAC,Idaho,12,20,111,5.6,0,0,,3,0.6
5088960,Reggie Graff,Utah Tech,UAC,Idaho,4,8,30,3.8,0,1,,3,0.5
4696880,Walker Harris,North Carolina Central,MEAC,Fayetteville State,23,36,387,10.8,3,1,,3,0.6388888888888888
5307205,Wilson Kargbo Jr.,Fayetteville State,CIAA,North Carolina Central,7,10,49,4.9,0,1,,3,0.7
4693885,Joe Owens Jr.,Fayetteville State,CIAA,North Carolina Central,3,7,35,5.0,1,0,,3,0.42857142857142855
4426688,Kaiden Bennett,Delaware State,MEAC,Bowie State,17,29,179,6.2,2,0,,3,0.5862068965517241
4685542,Jayden Sauray,Delaware State,MEAC,Bowie State,1,6,15,2.5,0,0,,3,0.16666666666666666
4430912,Malakai Anthony,Bowie State,CIAA,Delaware State,16,30,114,3.8,1,0,,3,0.5333333333333333
5305162,Kevin Taylor,Bowie State,CIAA,Delaware State,12,16,62,3.9,0,0,,3,0.75
5086156,Danny Lauter,Georgetown,Patriot,Lafayette,27,45,319,7.1,2,1,,3,0.6
5172415,Dez Thomas II,Georgetown,Patriot,Lafayette,5,6,43,7.2,0,0,,3,0.8333333333333334
5083847,Dean DeNobile,Lafayette,Patriot,Georgetown,18,28,290,10.4,2,1,,3,0.6428571428571429
5082005,Tyriq Starks,Howard,MEAC,Morehouse,16,27,241,8.9,2,0,,3,0.5925925925925926
5087297,Ja'Shawn Scroggins,Howard,MEAC,Morehouse,4,6,28,4.7,0,0,,3,0.6666666666666666
5169209,Miles Scott,Morehouse,SIAC,Howard,8,21,80,3.8,1,1,,3,0.38095238095238093
5305453,Michael Jackson,Morehouse,SIAC,Howard,2,9,48,5.3,0,0,,3,0.2222222222222222
5151696,RJ Johnson III,Florida A&M,SWAC,Albany State,17,22,272,12.4,2,0,,3,0.7727272727272727
5301816,Jett Peddy,Florida A&M,SWAC,Albany State,9,14,99,7.1,0,1,,3,0.6428571428571429
4880668,Isaiah Knowles,Albany State,SIAC,Florida A&M,17,31,201,6.5,1,0,,3,0.5483870967741935
4875855,Ralph Rucker,Bucknell,Patriot,VMI,21,28,405,14.5,5,1,,3,0.75
5083941,Collin Shannon,VMI,Southern,Bucknell,21,38,362,9.5,3,0,,3,0.5526315789473685
5225271,Connor Wolf,Eastern Illinois,Big South-OVC,Illinois State,28,44,411,9.3,4,2,,3,0.6363636363636364
4878284,Tommy Rittenhouse,Illinois State,MVFC,Eastern Illinois,24,35,299,8.5,3,0,,3,0.6857142857142857
5106897,Jack O'Connell,Stonehill,NEC,Maine,14,26,132,5.1,0,0,,3,0.5384615384615384
4692052,Carter Peevy,Maine,CAA,Stonehill,15,26,95,3.7,0,0,,3,0.5769230769230769
5164721,Zolten Osbourne,Charleston Southern,Big South-OVC,Lindenwood,23,33,289,8.8,1,1,,3,0.696969696969697
5081856,Nate Glantz,Lindenwood,Big South-OVC,Charleston Southern,20,34,246,7.2,1,0,,3,0.5882352941176471
5223337,Eian Roudebush,Hanover,Heartland,Butler,17,26,109,4.2,1,0,,3,0.6538461538461539
5224464,Jarrin Alley,Butler,Pioneer,Hanover,17,23,178,7.7,0,1,,3,0.7391304347826086
4836476,Davin Wydner,West Georgia,UAC,East Tennessee State,18,34,263,7.7,3,3,,3,0.5294117647058824
4429463,Jacolby Criswell,East Tennessee State,Southern,West Georgia,5,8,108,13.5,3,0,,3,0.625
4427455,Cade McNamara,East Tennessee State,Southern,West Georgia,9,13,76,5.8,0,2,,3,0.6923076923076923
5085754,Matthew Schecklman,Northern Iowa,MVFC,Eastern Washington,23,34,359,10.6,2,1,,3,0.6764705882352942
5152110,Nate Bell,Eastern Washington,Big Sky,Northern Iowa,21,35,159,4.5,0,0,,3,0.6
4607891,Ryan Stubblefield,South Carolina State,MEAC,Bethune-Cookman,21,35,286,8.2,1,0,,3,0.6
4565189,Cam Ransom,Bethune-Cookman,SWAC,South Carolina State,20,30,302,10.1,4,0,,3,0.6666666666666666
4433969,Timmy McClain,Bethune-Cookman,SWAC,South Carolina State,3,8,23,2.9,0,1,,3,0.375
4881352,Jack Shields,UAlbany,CAA,New Haven,31,53,409,7.7,1,2,,3,0.5849056603773585
4685334,A.J. Duffy,New Haven,NEC,UAlbany,23,35,180,5.1,3,0,,3,0.6571428571428571
5085784,Chase Mason,South Dakota State,MVFC,Drake,18,25,225,9.0,1,0,,3,0.72
5298739,Logan Inagawa,Drake,Pioneer,South Dakota State,15,25,140,5.6,0,1,,3,0.6
4714771,Drew Allar,Penn State,Big Ten,Villanova,16,29,209,7.2,1,1,19.6,3,0.5517241379310345
5083285,Tanner Maddocks,Villanova,CAA,Penn State,6,12,69,5.8,1,1,,3,0.5
4875733,Pat McQuaide,Villanova,CAA,Penn State,7,15,27,1.8,0,1,,3,0.4666666666666667
5295238,Luke Weaver,Hawai'i,Mountain West,Portland State,26,42,240,5.7,2,0,46.5,3,0.6190476190476191
5075571,John-Keawe Sagapolutele,Portland State,Big Sky,Hawai'i,23,35,189,5.4,0,1,,3,0.6571428571428571
5193343,Jim Ogle,Murray State,MVFC,Georgia State,17,28,138,4.9,1,0,,3,0.6071428571428571
4431948,TJ Finley,Georgia State,Sun Belt,Murray State,11,18,150,8.3,1,2,18.5,3,0.6111111111111112
5193926,Cameran Brown,Georgia State,Sun Belt,Murray State,9,11,101,9.2,3,0,93.6,3,0.8181818181818182
4567747,Garrett Nussmeier,LSU,SEC,Florida,15,27,220,8.1,1,1,73.3,3,0.5555555555555556
5079555,D.J. Lagway,Florida,SEC,LSU,33,49,287,5.9,1,5,56.2,3,0.673469387755102
5126474,Danny O'Neil,Wisconsin,Big Ten,Alabama,11,17,117,6.9,1,2,23.3,3,0.6470588235294118
4685522,Ty Simpson,Alabama,SEC,Wisconsin,24,29,382,13.2,4,0,89.7,3,0.8275862068965517
4685574,Conner Weigman,Houston,Big 12,Colorado,15,24,222,9.3,0,0,75.7,3,0.625
4917093,Ryan Staub,Colorado,Big 12,Houston,19,35,204,5.8,1,2,27.7,3,0.5428571428571428
5092275,Ty Dieffenbach,Cal Poly,Big Sky,Western Oregon,8,11,192,17.5,3,0,,3,0.7272727272727273
5219586,Anthony Grigsby Jr.,Cal Poly,Big Sky,Western Oregon,7,11,138,12.5,1,0,,3,0.6363636363636364
5223904,Jackson Akins,Cal Poly,Big Sky,Western Oregon,5,9,46,5.1,0,1,,3,0.5555555555555556
5161370,Jordan McCarty,Western Oregon,Lone Star,Cal Poly,23,40,261,6.5,1,2,,3,0.575
4870889,Chris Parson,Austin Peay,UAC,Morehead State,11,14,199,14.2,0,0,,3,0.7857142857142857
4597247,Austin Smith,Austin Peay,UAC,Morehead State,7,9,72,8.0,1,0,,3,0.7777777777777778
5084352,Bryce Patterson,Morehead State,Pioneer,Austin Peay,12,21,80,3.8,0,1,,3,0.5714285714285714
5229448,David Parsons,Morehead State,Pioneer,Austin Peay,5,7,75,10.7,1,0,,3,0.7142857142857143
4685440,Kyle Lowe,SE Louisiana,Southland,Mississippi Valley State,8,8,155,19.4,3,0,,3,1.0
4695784,Carson Camp,SE Louisiana,Southland,Mississippi Valley State,8,12,147,12.3,2,0,,3,0.6666666666666666
5233879,Josh Brown,Mississippi Valley State,SWAC,SE Louisiana,10,14,62,4.4,0,1,,3,0.7142857142857143
4709012,Jase Bauer,UT Martin,Big South-OVC,Southern Illinois,22,29,173,6.0,1,0,,3,0.7586206896551724
4697094,DJ Williams,Southern Illinois,MVFC,UT Martin,13,18,217,12.1,1,2,,3,0.7222222222222222
4683012,Eddie Lee Marburger,UT Rio Grande Valley,Southland,Langston,12,19,225,11.8,3,0,,3,0.631578947368421
5300880,Aidan Jakobsohn,UT Rio Grande Valley,Southland,Langston,4,5,64,12.8,2,0,,3,0.8
5306523,Aden Hooper,Langston,,UT Rio Grande Valley,13,32,109,3.4,0,3,,3,0.40625
4565315,Blake Shapen,Mississippi State,SEC,Alcorn State,10,14,173,12.4,2,1,79.6,3,0.7142857142857143
4878822,Jaylon Tolbert,Alcorn State,SWAC,Mississippi State,11,18,80,4.4,0,1,,3,0.6111111111111112
5223108,Josh Johnson,Air Force,Mountain West,Utah State,5,9,112,12.4,0,1,12.1,3,0.5555555555555556
5238868,Liam Szarka,Air Force,Mountain West,Utah State,6,14,67,4.8,0,1,34.9,3,0.42857142857142855
4695600,Bryson Barnes,Utah State,Mountain West,Air Force,17,22,287,13.0,2,0,78.0,3,0.7727272727272727
5164313,Jaron-Keawe Sagapolutele,California,ACC,Minnesota,24,38,279,7.3,3,0,75.0,3,0.631578947368421
5144959,Drake Lindsey,Minnesota,Big Ten,California,19,32,205,6.4,1,1,65.3,3,0.59375
4899046,Brendan Sorsby,Cincinnati,Big 12,Northwestern State,15,15,253,16.9,5,0,99.8,3,1.0
4590294,Brady Lichtenberg,Cincinnati,Big 12,Northwestern State,4,6,56,9.3,1,0,87.3,3,0.6666666666666666
5226585,Abram Johnston,Northwestern State,Southland,Cincinnati,7,11,31,2.8,0,0,,3,0.6363636363636364
5302454,Eli Anderson,Northwestern State,Southland,Cincinnati,3,5,2,0.4,0,0,,3,0.6
4795295,Katin Houser,East Carolina,American Athletic,Coastal Carolina,28,37,293,7.9,2,1,82.9,3,0.7567567567567568
4870793,Tad Hudson,Coastal Carolina,Sun Belt,East Carolina,19,39,172,4.4,0,2,13.5,3,0.48717948717948717
4870906,Arch Manning,Texas,SEC,UTEP,11,25,114,4.6,1,1,26.5,3,0.44
4870928,Malachi Nelson,UTEP,Conference USA,Texas,24,36,209,5.8,0,2,44.1,3,0.6666666666666666
4775136,Owen McCown,UTSA,American Athletic,Incarnate Word,29,35,238,6.8,4,0,78.2,3,0.8285714285714286
5141395,EJ Colson,Incarnate Word,Southland,UTSA,17,24,213,8.9,3,0,,3,0.7083333333333334
5156245,Richard Torres,Incarnate Word,Southland,UTSA,14,20,111,5.6,0,1,,3,0.7
4696065,Derek Robertson,Monmouth,CAA,Charlotte,36,49,410,8.4,4,0,,3,0.7346938775510204
4801306,Conner Harrell,Charlotte,American Athletic,Monmouth,26,30,382,12.7,3,1,55.2,3,0.8666666666666667
5074245,Broc Lowry,Western Michigan,Mid-American,Illinois,10,16,78,4.9,0,0,78.7,3,0.625
5296163,Brady Jones,Western Michigan,Mid-American,Illinois,3,8,13,1.6,0,0,16.7,3,0.375
4597679,Luke Altmyer,Illinois,Big Ten,Western Michigan,17,26,196,7.5,2,0,51.1,3,0.6538461538461539
4431091,Ben Finley,Akron,Mid-American,UAB,19,35,282,8.1,2,0,29.2,3,0.5428571428571428
4565187,Jalen Kitna,UAB,American Athletic,Akron,30,45,341,7.6,2,1,30.9,3,0.6666666666666666
4432767,Preston Stone,Northwestern,Big Ten,Oregon,11,21,135,6.4,0,2,7.0,3,0.5238095238095238
4870921,Dante Moore,Oregon,Big Ten,Northwestern,16,20,178,8.9,1,1,90.8,3,0.8
5141695,Malik Washington,Maryland,Big Ten,Towson,16,22,261,11.9,1,1,94.8,3,0.7272727272727273
5146667,Khristian Martin,Maryland,Big Ten,Towson,5,7,15,2.1,0,0,1.9,3,0.7142857142857143
5301657,Andrew Indorf,Towson,CAA,Maryland,12,25,145,5.8,1,1,,3,0.48
5081405,AJ Swann,App State,Sun Belt,Southern Miss,15,23,217,9.4,0,3,24.6,3,0.6521739130434783
5248199,Noah Gillon,App State,Sun Belt,Southern Miss,11,24,109,4.5,0,0,6.7,3,0.4583333333333333
4682927,Billy Wiles,App State,Sun Belt,Southern Miss,5,5,49,9.8,1,0,87.4,3,1.0
4600403,Braylon Braxton,Southern Miss,Sun Belt,App State,22,30,279,9.3,2,1,68.5,3,0.7333333333333333
4432722,Athan Kaliakmanis,Rutgers,Big Ten,Norfolk State,18,26,309,11.9,1,0,37.2,3,0.6923076923076923
5079717,AJ Surace,Rutgers,Big Ten,Norfolk State,4,7,58,8.3,2,0,70.2,3,0.5714285714285714
4695113,Otto Kuhns,Norfolk State,MEAC,Rutgers,8,20,90,4.5,0,1,,3,0.4
5153782,Amari Odom,Kennesaw State,Conference USA,Merrimack,12,14,108,7.7,1,0,42.2,3,0.8571428571428571
4565355,Dexter Williams II,Kennesaw State,Conference USA,Merrimack,9,17,88,5.2,0,1,31.6,3,0.5294117647058824
5083490,Ayden Pereira,Merrimack,FCS Independents,Kennesaw State,12,23,181,7.9,0,0,,3,0.5217391304347826
4429149,Brendon Lewis,Memphis,American Athletic,Troy,17,27,213,7.9,1,0,48.2,3,0.6296296296296297
4912119,Tucker Kilcrease,Troy,Sun Belt,Memphis,10,29,65,2.2,0,1,6.6,3,0.3448275862068966
4869553,Bishop Davenport,South Alabama,Sun Belt,Auburn,18,26,170,6.5,2,1,81.0,3,0.6923076923076923
4870607,Jackson Arnold,Auburn,SEC,South Alabama,13,24,142,5.9,1,0,86.0,3,0.5416666666666666
5153846,Nick Minicucci,Delaware,Conference USA,UConn,23,34,265,7.8,1,0,67.7,3,0.6764705882352942
4429582,Joe Fagnano,UConn,FBS Independents,Delaware,28,38,346,9.1,2,0,80.9,3,0.7368421052631579
5109518,Beau Brungard,Youngstown State,MVFC,Michigan State,24,34,242,7.1,2,1,,3,0.7058823529411765
5075805,Aidan Chiles,Michigan State,Big Ten,Youngstown State,22,29,270,9.3,1,1,76.6,3,0.7586206896551724
4569535,Jacob Clark,Missouri State,Conference USA,SMU,23,37,275,7.4,1,3,29.2,3,0.6216216216216216
5084084,Kevin Jennings,SMU,ACC,Missouri State,24,36,281,7.8,1,1,62.7,3,0.6666666666666666
4877890,Kyle Wickersham,Richmond,Patriot,North Carolina,6,8,47,5.9,0,0,,3,0.75
5083373,Ashten Snelsire,Richmond,Patriot,North Carolina,3,7,28,4.0,0,1,,3,0.42857142857142855
4920227,Giovanni Lopez,North Carolina,ACC,Richmond,10,18,119,6.6,2,0,31.3,3,0.5555555555555556
4685454,Jayden Maiava,USC,Big Ten,Purdue,17,28,282,10.1,0,0,90.1,3,0.6071428571428571
5104738,Ryan Browne,Purdue,Big Ten,USC,24,39,305,7.8,1,3,27.0,3,0.6153846153846154
4801717,Noah Fifita,Arizona,Big 12,Kansas State,16,33,178,5.4,0,0,55.4,3,0.48484848484848486
4870857,Avery Johnson,Kansas State,Big 12,Arizona,13,29,88,3.0,0,0,11.9,3,0.4482758620689655
4869991,Caden Veltkamp,Florida Atlantic,American Athletic,Florida International,33,50,343,6.9,2,3,44.8,3,0.66
5085337,Keyone Jenkins,Florida International,Conference USA,Florida Atlantic,18,24,184,7.7,1,0,48.9,3,0.75
4697512,Robby Ashford,Wake Forest,ACC,NC State,21,35,252,7.2,0,2,24.3,3,0.6
5079301,CJ Bailey,NC State,ACC,Wake Forest,23,32,201,6.3,3,0,80.5,3,0.71875
5141741,Bryce Underwood,Michigan,Big Ten,Central Michigan,16,25,235,9.4,1,1,97.1,3,0.64
4683291,Joey Labas,Central Michigan,Mid-American,Michigan,4,8,36,4.5,0,1,1.6,3,0.5
5084769,Angel H Flores,Central Michigan,Mid-American,Michigan,7,12,24,2.0,0,0,76.2,3,0.5833333333333334
4431387,Evan Simon,Temple,American Athletic,Oklahoma,13,25,75,3.0,0,0,17.6,3,0.52
4915980,John Mateer,Oklahoma,SEC,Temple,20,34,282,8.3,1,1,72.4,3,0.5882352941176471
5079572,Dylan Raiola,Nebraska,Big Ten,Houston Christian,15,21,222,10.6,2,0,80.1,3,0.7142857142857143
5141556,TJ Lateef,Nebraska,Big Ten,Houston Christian,5,5,126,25.2,1,0,99.2,3,1.0
4880516,Jake Weir,Houston Christian,Southland,Nebraska,11,18,67,3.7,0,0,,3,0.6111111111111112
4429801,Tucker Gleason,Toledo,Mid-American,Morgan State,13,17,174,10.2,1,0,75.3,3,0.7647058823529411
5082330,John Alan Richter,Toledo,Mid-American,Morgan State,10,14,93,6.6,2,0,71.7,3,0.7142857142857143
5079619,Kalieb Osborne,Toledo,Mid-American,Morgan State,4,6,30,5.0,0,0,47.6,3,0.6666666666666666
5227430,Kobe Muasau,Morgan State,MEAC,Toledo,6,8,18,2.3,0,0,,3,0.75
5081350,John Griffith,Morgan State,MEAC,Toledo,3,8,2,0.3,0,0,,3,0.375
4682518,Nick Vattiato,Middle Tennessee,Conference USA,Nevada,27,44,247,5.6,1,1,40.4,3,0.6136363636363636
4430836,Chubba Purdy,Nevada,Mountain West,Middle Tennessee,5,7,88,12.6,1,1,49.0,3,0.7142857142857143
4819250,AJ Bianco,Nevada,Mountain West,Middle Tennessee,9,17,78,4.6,0,1,9.2,3,0.5294117647058824
4432691,Carlos Del Rio-Wilson,Marshall,Sun Belt,Eastern Kentucky,7,9,108,12.0,2,0,71.2,3,0.7777777777777778
5126472,JacQai Long,Marshall,Sun Belt,Eastern Kentucky,1,5,6,1.2,0,0,2.3,3,0.2
5153754,Jordyn Potts,Eastern Kentucky,UAC,Marshall,7,19,78,4.1,1,0,,3,0.3684210526315789
4714009,Myles Burkett,Eastern Kentucky,UAC,Marshall,1,5,13,2.6,0,2,,3,0.2
4685345,JC French,Georgia Southern,Sun Belt,Jacksonville State,16,24,191,8.0,1,0,66.8,3,0.6666666666666666
4893657,Gavin Wimsatt,Jacksonville State,Conference USA,Georgia Southern,16,24,178,7.4,1,1,59.9,3,0.6666666666666666
4685401,Josh Hoover,TCU,Big 12,Abilene Christian,21,27,337,12.5,4,0,97.4,3,0.7777777777777778
4431375,Ken Seals,TCU,Big 12,Abilene Christian,4,5,24,4.8,0,1,5.3,3,0.8
4691272,Stone Earle,Abilene Christian,UAC,TCU,22,29,276,9.5,2,0,,3,0.7586206896551724
4911529,Trinidad Chambliss,Ole Miss,SEC,Arkansas,21,29,353,12.2,1,0,89.5,3,0.7241379310344828
4431325,Taylen Green,Arkansas,SEC,Ole Miss,22,35,305,8.7,1,0,96.0,3,0.6285714285714286
4801301,Tevin Carter,Prairie View A&M,SWAC,Rice,12,27,131,4.9,1,0,,3,0.4444444444444444
4986096,Chase Jenkins,Rice,American Athletic,Prairie View A&M,10,16,87,5.4,1,0,39.6,3,0.625
5141378,Cutter Boley,Kentucky,SEC,Eastern Michigan,12,21,240,11.4,2,0,41.7,3,0.5714285714285714
4690158,Noah Kim,Eastern Michigan,Mid-American,Kentucky,25,42,330,7.9,1,1,59.6,3,0.5952380952380952
5146355,AJ Hairston,Massachusetts,Mid-American,Iowa,4,8,56,7.0,0,0,38.1,3,0.5
4883110,Grant Jordan,Massachusetts,Mid-American,Iowa,9,14,37,2.6,0,0,11.5,3,0.6428571428571429
4695400,Mark Gronowski,Iowa,Big Ten,Massachusetts,16,24,179,7.5,2,0,70.3,3,0.6666666666666666
5089314,Hank Brown,Iowa,Big Ten,Massachusetts,5,7,55,7.9,1,0,81.1,3,0.7142857142857143
5150998,Blake Baker,Louisiana Tech,Conference USA,New Mexico State,8,16,182,11.4,1,0,78.9,3,0.5
4605998,Logan Fife,New Mexico State,Conference USA,Louisiana Tech,17,33,281,8.5,2,2,40.1,3,0.5151515151515151
4428993,Haynes King,Georgia Tech,ACC,Clemson,20,28,211,7.5,0,0,69.1,3,0.7142857142857143
4685413,Cade Klubnik,Clemson,ACC,Georgia Tech,15,26,207,8.0,1,1,56.2,3,0.5769230769230769
5297475,Duke Shovald,Northern Michigan,GLIAC,St. Thomas (MN),11,19,133,7.0,0,0,,3,0.5789473684210527
4686848,Andy Peters,St. Thomas (MN),Pioneer,Northern Michigan,13,19,221,11.6,3,0,,3,0.6842105263157895
4685696,Beau Pribula,Missouri,SEC,Louisiana,15,22,174,7.9,2,1,91.7,3,0.6818181818181818
5146661,Daniel Beale,Louisiana,Sun Belt,Missouri,1,8,5,0.6,0,0,4.8,3,0.125
4871091,D'Wayne' Winfield,Louisiana,Sun Belt,Missouri,1,6,-1,-0.2,0,0,38.1,3,0.16666666666666666
5224084,Trey Hedden,Furman,Southern,Campbell,26,35,314,9.0,2,0,,3,0.7428571428571429
5154962,Kamden Sixkiller,Campbell,CAA,Furman,34,43,294,6.8,1,0,,3,0.7906976744186046
4884392,Christopher Zellous,Stony Brook,CAA,Fordham,21,28,260,9.3,3,1,,3,0.75
4812381,Gunnar Smith,Fordham,Patriot,Stony Brook,16,33,163,4.9,1,2,,3,0.48484848484848486
4887151,Andrew Body,Alabama State,SWAC,Miles,14,16,251,15.7,4,0,,3,0.875
5222937,Brinley Vandiver,Miles,SIAC,Alabama State,18,29,163,5.6,0,0,,3,0.6206896551724138
5095112,Zach Tanner,Robert Morris,NEC,West Liberty,8,9,83,9.2,2,0,,3,0.8888888888888888
5297558,Kohl Meisman,West Liberty,Mountain East,Robert Morris,20,34,219,6.4,1,2,,3,0.5882352941176471
5203716,Ethan Drumm,Wofford,Southern,Mercer,6,16,168,10.5,3,0,,3,0.375
5301990,Jayden Whitaker,Wofford,Southern,Mercer,3,5,62,12.4,0,0,,3,0.6
5212654,Braden Atkinson,Mercer,Southern,Wofford,26,37,316,8.5,1,2,,3,0.7027027027027027
4683471,Brady Olson,Central Connecticut,NEC,Saint Francis,16,33,193,5.8,2,0,,3,0.48484848484848486
5088334,Nick Whitfield Jr.,Saint Francis,NEC,Central Connecticut,13,26,159,6.1,0,2,,3,0.5
5225700,Jack Snyder,Sacred Heart,FCS Independents,Long Island University,14,18,193,10.7,0,2,,3,0.7777777777777778
5159288,Chris Howell,Long Island University,NEC,Sacred Heart,1,6,10,1.7,0,0,,3,0.16666666666666666
4432759,Sawyer Robertson,Baylor,Big 12,Samford,23,37,211,5.7,3,2,41.2,3,0.6216216216216216
5145459,Nate Bennett,Baylor,Big 12,Samford,5,7,34,4.9,0,0,13.4,3,0.7142857142857143
4877380,Quincy Crittendon,Samford,Southern,Baylor,7,13,59,4.5,0,1,,3,0.5384615384615384
5212705,Brady Stober,Samford,Southern,Baylor,4,10,30,3.0,0,2,,3,0.4
5126471,Daniel Kaelin,Virginia,ACC,William & Mary,8,14,164,11.7,0,1,13.1,3,0.5714285714285714
4692530,Chandler Morris,Virginia,ACC,William & Mary,13,19,149,7.8,1,0,34.4,3,0.6842105263157895
5154019,Noah Brannock,William & Mary,CAA,Virginia,8,17,111,6.5,0,0,,3,0.47058823529411764
4838536,Tyler Hughes,William & Mary,CAA,Virginia,5,8,93,11.6,1,0,,3,0.625
5088964,Sonny Mannino,Marist,Pioneer,Wagner,10,29,101,3.5,1,0,,3,0.3448275862068966
5298896,Will O'Dell,Marist,Pioneer,Wagner,2,5,40,8.0,1,0,,3,0.4
5227302,Jack Stevens,Wagner,NEC,Marist,11,23,56,2.4,0,4,,3,0.4782608695652174
5298925,Jared Lockhart,Jackson State,SWAC,Tuskegee,14,20,257,12.9,1,1,,3,0.7
4429258,Raequan Beal,Tuskegee,SIAC,Jackson State,9,17,93,5.5,0,0,,3,0.5294117647058824
4577962,Camden Orth,Chattanooga,Southern,Stetson,7,14,94,6.7,2,1,,3,0.5
5226397,Kael Alexander,Stetson,Pioneer,Chattanooga,15,24,79,3.3,0,1,,3,0.625
5226398,Gunner Chenier,Stetson,Pioneer,Chattanooga,5,10,18,1.8,0,0,,3,0.5
4431465,Behren Morton,Texas Tech,Big 12,Oregon State,23,35,464,13.3,4,1,73.5,3,0.6571428571428571
5126468,Will Hammond,Texas Tech,Big 12,Oregon State,3,5,2,0.4,0,1,5.0,3,0.6
4685497,Maalik Murphy,Oregon State,Pac-12,Texas Tech,24,43,278,6.5,2,2,32.5,3,0.5581395348837209
5308355,Ryan Killmer,Erskine,Carolinas,Presbyterian,11,17,132,7.8,1,1,,3,0.6470588235294118
5157481,Collin Hurst,Presbyterian,Pioneer,Erskine,15,21,350,16.7,3,0,,3,0.7142857142857143
5088096,Ty Englehart,Presbyterian,Pioneer,Erskine,2,5,14,2.8,0,0,,3,0.4
4685698,Destin Wade,North Alabama,UAC,Northeastern State,11,15,161,10.7,1,0,,3,0.7333333333333333
5305539,Donnie Smith,Northeastern State,Independent DII,North Alabama,18,35,222,6.3,2,2,,3,0.5142857142857142
5305527,Dereun Dortch,Northeastern State,Independent DII,North Alabama,3,13,91,7.0,1,0,,3,0.23076923076923078
5233054,Denim Johnson,Kentucky State,SIAC,Grambling,15,24,146,6.1,1,0,,3,0.625
4828762,Torrence Bardell,Kentucky State,SIAC,Grambling,5,6,75,12.5,1,0,,3,0.8333333333333334
5156292,Czavian Teasett,Grambling,SWAC,Kentucky State,13,27,228,8.4,2,0,,3,0.48148148148148145
5084180,Diego Pavia,Vanderbilt,SEC,South Carolina,18,25,177,7.1,2,1,76.9,3,0.72
4429079,Luke Doty,South Carolina,SEC,Vanderbilt,18,27,148,5.5,0,1,32.5,3,0.6666666666666666
4875127,Lanorris Sellers,South Carolina,SEC,Vanderbilt,6,7,94,13.4,0,1,35.2,3,0.8571428571428571
5081504,Blake Horvath,Navy,American Athletic,Tulsa,6,10,94,9.4,1,2,72.2,3,0.6
5224011,Baylor Hayes,Tulsa,American Athletic,Navy,22,37,189,5.1,1,1,20.2,3,0.5945945945945946
5303362,Christian Peters,Arkansas-Pine Bluff,SWAC,Lincoln (CA),14,23,182,7.9,1,3,,3,0.6086956521739131
5309567,Rob Brazziel,Lincoln (CA),Independent DII,Arkansas-Pine Bluff,11,19,130,6.8,0,1,,3,0.5789473684210527
5309565,Jay Carney Iii,Lincoln (CA),Independent DII,Arkansas-Pine Bluff,2,6,15,2.5,0,0,,3,0.3333333333333333
4610131,Parker Navarro,Ohio,Mid-American,Ohio State,6,13,94,7.2,1,0,54.8,3,0.46153846153846156
5228762,Nick Poulos,Ohio,Mid-American,Ohio State,4,8,19,2.4,0,0,61.8,3,0.5
5079712,Julian Sayin,Ohio State,Big Ten,Ohio,25,32,347,10.8,3,2,77.5,3,0.78125
4678010,Kyron Drones,Virginia Tech,ACC,Old Dominion,26,39,266,6.8,3,1,32.6,3,0.6666666666666666
5125715,Colton Joseph,Old Dominion,Sun Belt,Virginia Tech,16,22,276,12.5,2,0,96.1,3,0.7272727272727273
4880758,Chris Irvin,Western Illinois,Big South-OVC,Valparaiso,13,20,247,12.4,3,1,,3,0.65
5157537,Caron Tyler,Valparaiso,Pioneer,Western Illinois,10,16,137,8.6,1,0,,3,0.625
5089335,Rowan Keefe,Valparaiso,Pioneer,Western Illinois,8,11,22,2.0,0,0,,3,0.7272727272727273
5098448,Isaiah Freeman,Hampton,CAA,North Carolina A&T,12,24,153,6.4,2,0,,3,0.5
5086951,Noah Sanders,North Carolina A&T,CAA,Hampton,6,17,75,4.4,1,0,,3,0.35294117647058826
5301057,Nelson Layne,North Carolina A&T,CAA,Hampton,8,10,69,6.9,0,0,,3,0.8
5150611,Jake Retzlaff,Tulane,American Athletic,Duke,15,23,245,10.7,0,0,94.7,3,0.6521739130434783
5121169,Darian Mensah,Duke,ACC,Tulane,30,51,313,6.1,3,1,71.0,3,0.5882352941176471
4684502,Justin Lamson,Montana State,Big Sky,San Diego,23,26,293,11.3,3,1,,3,0.8846153846153846
5172597,Patrick Duchien,Montana State,Big Sky,San Diego,4,5,28,5.6,0,0,,3,0.8
5165884,Dom Nankil,San Diego,Pioneer,Montana State,13,24,124,5.2,1,0,,3,0.5416666666666666
5300801,Eric Gibson Jr.,Northern Colorado,Big Sky,South Dakota,28,39,336,8.6,1,0,,3,0.717948717948718
4429179,Aidan Bouman,South Dakota,MVFC,Northern Colorado,7,19,99,5.2,1,1,,3,0.3684210526315789
5297282,Andrew Martinez,Sul Ross State,Lone Star,Stephen F. Austin,1,7,1,0.1,0,1,,3,0.14285714285714285
4683311,Sam Vidlak,Stephen F. Austin,Southland,Sul Ross State,11,14,211,15.1,2,0,,3,0.7857142857142857
4777154,Tyler Riddell,Duquesne,NEC,Lehigh,17,28,211,7.5,2,1,,3,0.6071428571428571
5225902,Hayden Johnson,Lehigh,Patriot,Duquesne,17,25,224,9.0,3,0,,3,0.68
4876140,Kekoa Visperas,Tennessee Tech,Big South-OVC,Davidson,23,32,246,7.7,3,0,,3,0.71875
5085644,Coulter Cleland,Davidson,Pioneer,Tennessee Tech,16,26,132,5.1,2,1,,3,0.6153846153846154
4872721,Cardell Williams,Sacramento State,Big Sky,Mercyhurst,8,17,176,10.4,2,0,,3,0.47058823529411764
5227565,Adam Urena,Mercyhurst,NEC,Sacramento State,27,44,280,6.4,2,2,,3,0.6136363636363636
5226265,Brennan Myer,Bryant,CAA,Bentley,24,33,255,7.7,2,1,,3,0.7272727272727273
5297384,Luke Warnock,Bentley,Northeast 10,Bryant,18,30,94,3.1,0,1,,3,0.6
4915622,Jake Strong,McNeese,Southland,Weber State,20,39,278,7.1,2,2,,3,0.5128205128205128
5105334,Jackson Gilkey,Weber State,Big Sky,McNeese,11,20,218,10.9,1,2,,3,0.55
5232131,KJ Cooper,Texas Southern,SWAC,Lamar,13,23,53,2.3,0,1,,3,0.5652173913043478
5154911,Aiden McCown,Lamar,Southland,Texas Southern,12,22,81,3.7,0,1,,3,0.5454545454545454
5148803,Brad Jackson,Texas State,Sun Belt,Arizona State,25,36,184,5.1,1,0,57.0,3,0.6944444444444444
5078810,Sam Leavitt,Arizona State,Big 12,Texas State,15,25,188,7.5,2,0,69.0,3,0.6
5231037,Isaac Lee,Western Carolina,Southern,Elon,19,31,132,4.3,1,2,,3,0.6129032258064516
5159361,Bennett Judy,Western Carolina,Southern,Elon,17,24,114,4.8,1,0,,3,0.7083333333333334
5224789,Landen Clark,Elon,CAA,Western Carolina,11,28,305,10.9,2,2,,3,0.39285714285714285
4602968,Nate Hampton,Gardner-Webb,Big South-OVC,The Citadel,13,22,206,9.4,2,0,,3,0.5909090909090909
5230073,Cobey Thompkins,The Citadel,Southern,Gardner-Webb,6,10,97,9.7,1,0,,3,0.6
5091836,Jaxon Potter,Washington State,Pac-12,North Texas,16,23,139,6.0,0,3,23.1,3,0.6956521739130435
4876066,Zevi Eckhaus,Washington State,Pac-12,North Texas,7,10,72,7.2,0,0,78.8,3,0.7
5219834,Drew Mestemaker,North Texas,American Athletic,Washington State,24,29,211,7.3,4,0,82.8,3,0.8275862068965517
4875866,Reese Poffenbarger,North Texas,American Athletic,Washington State,5,5,36,7.2,0,0,85.1,3,1.0
4870819,Eli Holstein,Pittsburgh,ACC,West Virginia,22,37,303,8.2,1,1,28.5,3,0.5945945945945946
4685459,Nicco Marchiol,West Virginia,Big 12,Pittsburgh,19,25,192,7.7,1,0,57.4,3,0.76
4430841,Carson Beck,Miami,ACC,South Florida,23,28,340,12.1,3,2,91.4,3,0.8214285714285714
4880272,Byrum Brown,South Florida,American Athletic,Miami,20,36,274,7.6,1,1,37.7,3,0.5555555555555556
4697122,Gaston Moore,South Florida,American Athletic,Miami,4,5,18,3.6,0,0,73.0,3,0.8
4916436,E.J. Warner,Fresno State,Mountain West,Southern,20,24,240,10.0,4,0,80.2,3,0.8333333333333334
4920192,Carson Conklin,Fresno State,Mountain West,Southern,5,6,42,7.0,0,0,61.5,3,0.8333333333333334
5308438,Ashton Strother,Southern,SWAC,Fresno State,9,14,127,9.1,0,0,,3,0.6428571428571429
4899468,Kaden Anderson,Wyoming,Mountain West,Utah,12,23,108,4.7,0,1,22.9,3,0.5217391304347826
5105849,Devon Dampier,Utah,Big 12,Wyoming,27,41,230,5.6,2,0,71.3,3,0.6585365853658537
4832918,Ethan Vasko,Liberty,Conference USA,Bowling Green,13,24,194,8.1,1,2,37.0,3,0.5416666666666666
4429088,Drew Pyne,Bowling Green,Mid-American,Liberty,16,31,146,4.7,1,0,45.2,3,0.5161290322580645
4685694,Steven Angeli,Syracuse,ACC,Colgate,23,31,382,12.3,5,0,87.5,3,0.7419354838709677
4870645,Rickie Collins,Syracuse,ACC,Colgate,4,6,65,10.8,1,1,64.1,3,0.6666666666666666
5089309,Jake Stearney,Colgate,Patriot,Syracuse,14,20,148,7.4,2,0,,3,0.7
5085941,Zach Osborne,Colgate,Patriot,Syracuse,13,28,135,4.8,0,2,,3,0.4642857142857143
5225476,Aleks Sitkowski,Colgate,Patriot,Syracuse,3,6,18,3.0,0,0,,3,0.5
5151948,Joey Aguilar,Tennessee,SEC,Georgia,24,36,371,10.3,4,2,85.9,3,0.6666666666666666
4685578,Gunner Stockton,Georgia,SEC,Tennessee,23,31,304,9.8,2,0,93.4,3,0.7419354838709677
5080403,Jaylen Raynor,Arkansas State,Sun Belt,Iowa State,19,33,222,6.7,0,1,51.0,3,0.5757575757575758
4801299,Rocco Becht,Iowa State,Big 12,Arkansas State,14,25,265,10.6,1,1,69.7,3,0.56
4431114,Ben Gulbranson,Stanford,ACC,Boston College,13,22,186,8.5,1,0,55.4,3,0.5909090909090909
4870900,Dylan Lonergan,Boston College,ACC,Stanford,30,44,333,7.6,1,1,51.4,3,0.6818181818181818
5079369,C.J. Carr,Notre Dame,FBS Independents,Purdue,10,12,223,18.6,2,0,90.0,4,0.8333333333333334
4918099,Kenny Minchey,Notre Dame,FBS Independents,Purdue,7,8,58,7.3,0,0,67.8,4,0.875
5104738,Ryan Browne,Purdue,Big Ten,Notre Dame,21,34,250,7.4,1,1,70.3,4,0.6176470588235294
5126474,Danny O'Neil,Wisconsin,Big Ten,Maryland,14,22,120,5.5,0,1,18.3,4,0.6363636363636364
4878912,Hunter Simmons,Wisconsin,Big Ten,Maryland,7,9,70,7.8,1,0,89.6,4,0.7777777777777778
5141695,Malik Washington,Maryland,Big Ten,Wisconsin,18,34,265,7.8,2,0,62.4,4,0.5294117647058824
4430836,Chubba Purdy,Nevada,Mountain West,Western Kentucky,16,30,165,5.5,0,2,31.0,4,0.5333333333333333
4427966,Maverick McIvor,Western Kentucky,Conference USA,Nevada,22,33,216,6.5,0,1,27.3,4,0.6666666666666666
4870906,Arch Manning,Texas,SEC,Sam Houston,18,21,309,14.7,3,0,81.6,4,0.8571428571428571
4877717,Matthew Caldwell,Texas,SEC,Sam Houston,4,6,27,4.5,0,0,89.7,4,0.6666666666666666
5220424,Hunter Watson,Sam Houston,Conference USA,Texas,13,25,86,3.4,0,1,20.6,4,0.52
4916436,E.J. Warner,Fresno State,Mountain West,Hawai'i,22,29,230,7.9,1,0,77.7,4,0.7586206896551724
5101124,Micah Alejado,Hawai'i,Mountain West,Fresno State,28,47,219,4.7,1,3,20.8,4,0.5957446808510638
4872721,Cardell Williams,Sacramento State,Big Sky,Central Arkansas,15,20,252,12.6,1,0,,4,0.75
4902963,Luther Richesson,Central Arkansas,UAC,Sacramento State,17,26,195,7.5,1,0,,4,0.6538461538461539
5152110,Nate Bell,Eastern Washington,Big Sky,Western Illinois,11,29,272,9.4,2,2,,4,0.3793103448275862
4880758,Chris Irvin,Western Illinois,Big South-OVC,Eastern Washington,16,34,167,4.9,2,1,,4,0.47058823529411764
5299364,Cason Carswell,Western Illinois,Big South-OVC,Eastern Washington,5,9,41,4.6,0,0,,4,0.5555555555555556
5082005,Tyriq Starks,Howard,MEAC,Hampton,12,15,165,11.0,0,0,,4,0.8
5098448,Isaiah Freeman,Hampton,CAA,Howard,4,10,22,2.2,0,1,,4,0.4
4695113,Otto Kuhns,Norfolk State,MEAC,Sacred Heart,27,41,340,8.3,1,1,,4,0.6585365853658537
5225700,Jack Snyder,Sacred Heart,FCS Independents,Norfolk State,8,13,92,7.1,0,0,,4,0.6153846153846154
5088960,Reggie Graff,Utah Tech,UAC,Northern Iowa,12,22,110,5.0,1,1,,4,0.5454545454545454
5085754,Matthew Schecklman,Northern Iowa,MVFC,Utah Tech,18,31,160,5.2,0,0,,4,0.5806451612903226
5224050,Davis Harsin,Idaho State,Big Sky,Lincoln (CA),10,13,195,15.0,6,0,,4,0.7692307692307693
5158746,Jordan Cooke,Idaho State,Big Sky,Lincoln (CA),4,5,43,8.6,1,0,,4,0.8
5309567,Rob Brazziel,Lincoln (CA),Independent DII,Idaho State,14,23,158,6.9,0,2,,4,0.6086956521739131
5309565,Jay Carney Iii,Lincoln (CA),Independent DII,Idaho State,6,11,50,4.5,0,0,,4,0.5454545454545454
5225612,Eric Handley,Alabama A&M,SWAC,Lane College,15,28,205,7.3,2,2,,4,0.5357142857142857
4695602,Nick Billoups,Lane College,SIAC,Alabama A&M,5,13,56,4.3,0,1,,4,0.38461538461538464
5105334,Jackson Gilkey,Weber State,Big Sky,Butler,14,25,185,7.4,2,2,,4,0.56
5224468,Gabe Passini,Butler,Pioneer,Weber State,5,9,51,5.7,1,0,,4,0.5555555555555556
5224464,Jarrin Alley,Butler,Pioneer,Weber State,3,16,12,0.8,0,1,,4,0.1875
4587721,Daniel Greek,Tarleton State,UAC,Chattanooga,11,18,214,11.9,2,0,,4,0.6111111111111112
4697625,Victor Gabalis,Tarleton State,UAC,Chattanooga,9,14,190,13.6,1,0,,4,0.6428571428571429
4577962,Camden Orth,Chattanooga,Southern,Tarleton State,7,14,117,8.4,0,1,,4,0.5
5226019,Caden Pinnick,UC Davis,Big Sky,Southern Utah,13,21,162,7.7,2,0,,4,0.6190476190476191
4697131,Bronson Barron,Southern Utah,UAC,UC Davis,23,43,316,7.3,2,1,,4,0.5348837209302325
5081856,Nate Glantz,Lindenwood,Big South-OVC,Stony Brook,20,29,249,8.6,2,0,,4,0.6896551724137931
4884392,Christopher Zellous,Stony Brook,CAA,Lindenwood,27,41,317,7.7,2,0,,4,0.6585365853658537
5083847,Dean DeNobile,Lafayette,Patriot,Columbia,14,17,166,9.8,0,0,,4,0.8235294117647058
5154125,Chase Goodwin,Columbia,Ivy,Lafayette,15,34,195,5.7,1,1,,4,0.4411764705882353
4683311,Sam Vidlak,Stephen F. Austin,Southland,Cal Poly,16,23,178,7.7,2,0,,4,0.6956521739130435
5169036,Gavin Rutherford,Stephen F. Austin,Southland,Cal Poly,3,7,12,1.7,0,0,,4,0.42857142857142855
5223904,Jackson Akins,Cal Poly,Big Sky,Stephen F. Austin,13,29,182,6.3,1,3,,4,0.4482758620689655
5083145,Bo Kelly,Cal Poly,Big Sky,Stephen F. Austin,5,8,64,8.0,1,0,,4,0.625
4696065,Derek Robertson,Monmouth,CAA,Villanova,20,30,397,13.2,4,0,,4,0.6666666666666666
4875733,Pat McQuaide,Villanova,CAA,Monmouth,25,43,333,7.7,2,0,,4,0.5813953488372093
5083490,Ayden Pereira,Merrimack,FCS Independents,Central Connecticut,12,29,124,4.3,0,2,,4,0.41379310344827586
4683471,Brady Olson,Central Connecticut,NEC,Merrimack,14,32,174,5.4,0,1,,4,0.4375
5156292,Czavian Teasett,Grambling,SWAC,East Texas A&M,14,26,179,6.9,1,0,,4,0.5384615384615384
5093929,Eric Rodriguez,East Texas A&M,Southland,Grambling,23,33,229,6.9,2,1,,4,0.696969696969697
5085941,Zach Osborne,Colgate,Patriot,Fordham,13,17,219,12.9,2,0,,4,0.7647058823529411
5089309,Jake Stearney,Colgate,Patriot,Fordham,9,16,112,7.0,1,0,,4,0.5625
4812381,Gunnar Smith,Fordham,Patriot,Colgate,24,42,213,5.1,3,1,,4,0.5714285714285714
4431114,Ben Gulbranson,Stanford,ACC,Virginia,20,29,286,9.9,2,0,54.4,4,0.6896551724137931
4692530,Chandler Morris,Virginia,ACC,Stanford,23,31,380,12.3,4,0,96.2,4,0.7419354838709677
4893657,Gavin Wimsatt,Jacksonville State,Conference USA,Murray State,17,31,188,6.1,1,0,44.7,4,0.5483870967741935
5193343,Jim Ogle,Murray State,MVFC,Jacksonville State,17,27,130,4.8,0,2,,4,0.6296296296296297
5227854,Baxter Wright,Murray State,MVFC,Jacksonville State,4,6,11,1.8,0,0,,4,0.6666666666666666
4795295,Katin Houser,East Carolina,American Athletic,BYU,25,42,285,6.8,0,2,38.9,4,0.5952380952380952
5141367,Bear Bachmeier,BYU,Big 12,East Carolina,18,25,246,9.8,1,0,85.9,4,0.72
4911529,Trinidad Chambliss,Ole Miss,SEC,Tulane,17,27,307,11.4,2,0,90.1,4,0.6296296296296297
5150611,Jake Retzlaff,Tulane,American Athletic,Ole Miss,5,17,56,3.3,0,0,37.2,4,0.29411764705882354
4683058,Brendan Sullivan,Tulane,American Athletic,Ole Miss,5,12,48,4.0,1,1,31.3,4,0.4166666666666667
5079555,D.J. Lagway,Florida,SEC,Miami,12,23,61,2.7,0,0,24.1,4,0.5217391304347826
4430841,Carson Beck,Miami,ACC,Florida,17,30,160,5.3,0,1,51.4,4,0.5666666666666667
4602968,Nate Hampton,Gardner-Webb,Big South-OVC,Ohio,19,28,289,10.3,2,1,,4,0.6785714285714286
4610131,Parker Navarro,Ohio,Mid-American,Gardner-Webb,18,27,290,10.7,1,0,70.7,4,0.6666666666666666
4695784,Carson Camp,SE Louisiana,Southland,LSU,8,13,87,6.7,1,0,,4,0.6153846153846154
4685440,Kyle Lowe,SE Louisiana,Southland,LSU,3,8,29,3.6,0,0,,4,0.375
4567747,Garrett Nussmeier,LSU,SEC,SE Louisiana,25,31,273,8.8,3,0,71.8,4,0.8064516129032258
5079620,Michael Van Buren Jr.,LSU,SEC,SE Louisiana,10,12,122,10.2,1,0,82.9,4,0.8333333333333334
4701307,Henry Hesson,Miami (OH),Mid-American,UNLV,8,17,134,7.9,1,0,67.8,4,0.47058823529411764
4427191,Dequan Finn,Miami (OH),Mid-American,UNLV,7,12,131,10.9,2,1,63.4,4,0.5833333333333334
5044387,Anthony Colandrea,UNLV,Mountain West,Miami (OH),29,43,293,6.8,2,2,52.0,4,0.6744186046511628
4801307,Tayven Jackson,UCF,Big 12,North Carolina,25,32,223,7.0,1,0,87.8,4,0.78125
4920227,Giovanni Lopez,North Carolina,ACC,UCF,11,14,87,6.2,0,2,15.5,4,0.7857142857142857
4685740,Max Johnson,North Carolina,ACC,UCF,11,19,67,3.5,1,0,80.7,4,0.5789473684210527
4431416,Kiael Kelly,Ball State,Mid-American,UConn,17,24,209,8.7,1,1,38.6,4,0.7083333333333334
4429582,Joe Fagnano,UConn,FBS Independents,Ball State,20,30,181,6.0,1,0,54.2,4,0.6666666666666666
4432691,Carlos Del Rio-Wilson,Marshall,Sun Belt,Middle Tennessee,18,22,261,11.9,4,0,83.1,4,0.8181818181818182
4682518,Nick Vattiato,Middle Tennessee,Conference USA,Marshall,19,32,299,9.3,2,1,35.7,4,0.59375
4773919,Thomas Castellanos,Florida State,ACC,Kent State,10,13,205,15.8,0,1,95.8,4,0.7692307692307693
5141661,Kevin Sperry,Florida State,ACC,Kent State,4,5,64,12.8,0,0,79.0,4,0.8
4920158,Brock Glenn,Florida State,ACC,Kent State,2,5,8,1.6,1,0,48.1,4,0.4
5119841,Dru Deshields,Kent State,Mid-American,Florida State,9,18,129,7.2,1,1,41.7,4,0.5
5222633,Nolan Good,Kent State,Mid-American,Florida State,4,9,34,3.8,0,0,27.0,4,0.4444444444444444
5141741,Bryce Underwood,Michigan,Big Ten,Nebraska,12,22,105,4.8,0,0,72.3,4,0.5454545454545454
5079572,Dylan Raiola,Nebraska,Big Ten,Michigan,30,41,308,7.5,3,1,64.6,4,0.7317073170731707
4923267,Zane Flores,Oklahoma State,Big 12,Tulsa,25,40,214,5.4,0,0,25.9,4,0.625
5224011,Baylor Hayes,Tulsa,American Athletic,Oklahoma State,23,36,219,6.1,1,0,66.1,4,0.6388888888888888
4838536,Tyler Hughes,William & Mary,CAA,Charleston Southern,22,33,296,9.0,4,0,,4,0.6666666666666666
5164721,Zolten Osbourne,Charleston Southern,Big South-OVC,William & Mary,10,17,72,4.2,0,0,,4,0.5882352941176471
4683012,Eddie Lee Marburger,UT Rio Grande Valley,Southland,Texas Wesleyan,17,23,223,9.7,1,0,,4,0.7391304347826086
5300880,Aidan Jakobsohn,UT Rio Grande Valley,Southland,Texas Wesleyan,2,8,24,3.0,0,1,,4,0.25
5310002,Cole Michael Francis,Texas Wesleyan,,UT Rio Grande Valley,15,31,217,7.0,0,2,,4,0.4838709677419355
4893258,Carson Rodgers,Texas Wesleyan,,UT Rio Grande Valley,5,9,70,7.8,0,0,,4,0.5555555555555556
4685334,A.J. Duffy,New Haven,NEC,Saginaw Valley State,19,34,266,7.8,4,2,,4,0.5588235294117647
5307005,Mason McKenzie,Saginaw Valley State,GLIAC,New Haven,21,38,202,5.3,2,1,,4,0.5526315789473685
4678010,Kyron Drones,Virginia Tech,ACC,Wofford,27,32,307,9.6,2,0,70.5,4,0.84375
5301990,Jayden Whitaker,Wofford,Southern,Virginia Tech,16,27,142,5.3,0,1,,4,0.5925925925925926
4833597,Brayden Fowler-Nicolosi,Colorado State,Mountain West,UTSA,14,25,176,7.0,0,0,12.6,4,0.56
5054036,Jackson Brousseau,Colorado State,Mountain West,UTSA,10,12,78,6.5,1,0,90.0,4,0.8333333333333334
4775136,Owen McCown,UTSA,American Athletic,Colorado State,14,27,173,6.4,1,2,36.5,4,0.5185185185185185
4915837,Grayson Loftis,Charlotte,American Athletic,Rice,15,31,186,6.0,1,0,15.2,4,0.4838709677419355
4801306,Conner Harrell,Charlotte,American Athletic,Rice,8,13,73,5.6,0,0,71.8,4,0.6153846153846154
4986096,Chase Jenkins,Rice,American Athletic,Charlotte,8,11,87,7.9,1,0,77.5,4,0.7272727272727273
5153782,Amari Odom,Kennesaw State,Conference USA,Arkansas State,25,34,308,9.1,1,0,71.0,4,0.7352941176470589
5080403,Jaylen Raynor,Arkansas State,Sun Belt,Kennesaw State,25,41,226,5.5,2,0,28.2,4,0.6097560975609756
5148803,Brad Jackson,Texas State,Sun Belt,Nicholls,13,20,180,9.0,0,0,86.1,4,0.65
4429191,Deuce Hogan,Nicholls,Southland,Texas State,15,21,97,4.6,0,1,,4,0.7142857142857143
5122054,Aidan Armenta,UL Monroe,Sun Belt,UTEP,8,14,136,9.7,2,0,78.5,4,0.5714285714285714
4870928,Malachi Nelson,UTEP,Conference USA,UL Monroe,22,46,404,8.8,3,2,37.5,4,0.4782608695652174
4685454,Jayden Maiava,USC,Big Ten,Michigan State,20,26,234,9.0,3,0,,4,0.7692307692307693
5075805,Aidan Chiles,Michigan State,Big Ten,USC,12,21,212,10.1,3,0,,4,0.5714285714285714
5074245,Broc Lowry,Western Michigan,Mid-American,Toledo,16,33,201,6.1,0,1,47.4,4,0.48484848484848486
4429801,Tucker Gleason,Toledo,Mid-American,Western Michigan,15,30,89,3.0,0,2,11.7,4,0.5
4428993,Haynes King,Georgia Tech,ACC,Temple,13,18,161,8.9,2,0,65.7,4,0.7222222222222222
4431387,Evan Simon,Temple,American Athletic,Georgia Tech,13,32,127,4.0,1,0,37.9,4,0.40625
4887446,Gevani McCoy,Temple,American Athletic,Georgia Tech,4,5,17,3.4,1,0,44.4,4,0.8
4694149,Walker Eget,San José State,Mountain West,Idaho,13,21,222,10.6,1,0,50.9,4,0.6190476190476191
4832830,Joshua Wood,Idaho,Big Sky,San José State,18,32,232,7.3,2,0,,4,0.5625
5153846,Nick Minicucci,Delaware,Conference USA,Florida International,23,35,218,6.2,3,1,64.6,4,0.6571428571428571
5085337,Keyone Jenkins,Florida International,Conference USA,Delaware,22,34,203,6.0,1,2,15.2,4,0.6470588235294118
4431091,Ben Finley,Akron,Mid-American,Duquesne,13,23,219,9.5,2,1,22.7,4,0.5652173913043478
4570048,Michael Johnson Jr.,Akron,Mid-American,Duquesne,0,5,0,0.0,0,0,3.1,4,0.0
4777154,Tyler Riddell,Duquesne,NEC,Akron,8,21,52,2.5,0,2,,4,0.38095238095238093
4565315,Blake Shapen,Mississippi State,SEC,Northern Illinois,12,20,160,8.0,1,0,72.0,4,0.6
5151506,Josh Holst,Northern Illinois,Mid-American,Mississippi State,14,23,135,5.9,1,1,50.5,4,0.6086956521739131
4685401,Josh Hoover,TCU,Big 12,SMU,22,40,379,9.5,5,1,85.9,4,0.55
5084084,Kevin Jennings,SMU,ACC,TCU,24,38,290,7.6,3,2,76.8,4,0.631578947368421
4880272,Byrum Brown,South Florida,American Athletic,South Carolina State,14,20,236,11.8,4,1,55.0,4,0.7
4697122,Gaston Moore,South Florida,American Athletic,South Carolina State,4,6,16,2.7,0,0,33.2,4,0.6666666666666666
4877811,Billy Atkins,South Carolina State,MEAC,South Florida,18,28,151,5.4,0,0,,4,0.6428571428571429
4607891,Ryan Stubblefield,South Carolina State,MEAC,South Florida,7,14,84,6.0,0,1,,4,0.5
5164313,Jaron-Keawe Sagapolutele,California,ACC,San Diego State,17,38,208,5.5,0,2,17.4,4,0.4473684210526316
4685311,Jayden Denegal,San Diego State,Mountain West,California,15,18,189,10.5,1,0,74.4,4,0.8333333333333334
5238868,Liam Szarka,Air Force,Mountain West,Boise State,13,18,246,13.7,2,1,93.9,4,0.7222222222222222
4870513,Maddux Madsen,Boise State,Mountain West,Air Force,13,23,276,12.0,2,1,74.5,4,0.5652173913043478
4597679,Luke Altmyer,Illinois,Big Ten,Indiana,14,22,146,6.6,1,0,42.9,4,0.6363636363636364
4837248,Fernando Mendoza,Indiana,Big Ten,Illinois,21,23,267,11.6,5,0,93.6,4,0.9130434782608695
5150998,Blake Baker,Louisiana Tech,Conference USA,Southern Miss,15,21,239,11.4,0,0,67.8,4,0.7142857142857143
4600403,Braylon Braxton,Southern Miss,Sun Belt,Louisiana Tech,28,47,392,8.3,2,1,55.5,4,0.5957446808510638
5082125,Dewayne Coleman,Army,American Athletic,North Texas,6,11,101,9.2,2,0,81.9,4,0.5454545454545454
5219834,Drew Mestemaker,North Texas,American Athletic,Army,26,36,249,6.9,1,0,74.3,4,0.7222222222222222
4427313,Ta'Quan Roberson,Buffalo,Mid-American,Troy,9,15,104,6.9,0,0,32.7,4,0.6
5151366,Gunnar Gray,Buffalo,Mid-American,Troy,5,13,49,3.8,0,0,6.5,4,0.38461538461538464
4912119,Tucker Kilcrease,Troy,Sun Belt,Buffalo,14,24,148,6.2,1,0,35.7,4,0.5833333333333334
5150645,Ui Ale,Troy,Sun Belt,Buffalo,5,10,54,5.4,0,0,35.5,4,0.5
4911929,Alonza Barnett,James Madison,Sun Belt,Liberty,17,25,213,8.5,1,1,83.2,4,0.68
4832918,Ethan Vasko,Liberty,Conference USA,James Madison,4,10,37,3.7,0,0,48.6,4,0.4
5144313,Michael Merdinger,Liberty,Conference USA,James Madison,2,6,21,3.5,0,0,24.6,4,0.3333333333333333
5222545,Ethan Houck,Liberty,Conference USA,James Madison,1,5,17,3.4,0,0,86.0,4,0.2
4685345,JC French,Georgia Southern,Sun Belt,Maine,19,31,253,8.2,1,1,35.4,4,0.6129032258064516
4692052,Carter Peevy,Maine,CAA,Georgia Southern,13,22,88,4.0,0,0,,4,0.5909090909090909
5153811,Caden Drezek,Maine,CAA,Georgia Southern,6,12,51,4.3,0,1,,4,0.5
4875127,Lanorris Sellers,South Carolina,SEC,Missouri,18,28,302,10.8,2,0,68.9,4,0.6428571428571429
4685696,Beau Pribula,Missouri,SEC,South Carolina,16,27,171,6.3,1,1,81.8,4,0.5925925925925926
5121169,Darian Mensah,Duke,ACC,NC State,19,28,269,9.6,3,0,88.2,4,0.6785714285714286
5079301,CJ Bailey,NC State,ACC,Duke,29,39,364,9.3,2,3,66.3,4,0.7435897435897436
4869553,Bishop Davenport,South Alabama,Sun Belt,Coastal Carolina,22,36,197,5.5,0,2,11.2,4,0.6111111111111112
4870793,Tad Hudson,Coastal Carolina,Sun Belt,South Alabama,13,25,112,4.5,2,0,45.1,4,0.52
4695600,Bryson Barnes,Utah State,Mountain West,McNeese,19,27,293,10.9,3,1,90.7,4,0.7037037037037037
4915622,Jake Strong,McNeese,Southland,Utah State,7,23,89,3.9,1,0,,4,0.30434782608695654
5226365,Alex Flores,McNeese,Southland,Utah State,4,5,41,8.2,0,0,,4,0.8
4429088,Drew Pyne,Bowling Green,Mid-American,Louisville,11,21,131,6.2,1,2,35.6,4,0.5238095238095238
4431580,Miller Moss,Louisville,ACC,Bowling Green,23,32,316,9.9,0,0,71.9,4,0.71875
5105849,Devon Dampier,Utah,Big 12,Texas Tech,25,38,162,4.3,0,2,50.9,4,0.6578947368421053
5126468,Will Hammond,Texas Tech,Big 12,Utah,13,16,169,10.6,2,0,96.3,4,0.8125
4431465,Behren Morton,Texas Tech,Big 12,Utah,12,19,142,7.5,0,2,29.6,4,0.631578947368421
5151948,Joey Aguilar,Tennessee,SEC,UAB,15,22,218,9.9,3,1,59.4,4,0.6818181818181818
5079531,Jake Merklinger,Tennessee,SEC,UAB,3,8,57,7.1,0,0,3.4,4,0.375
4565187,Jalen Kitna,UAB,American Athletic,Tennessee,38,51,364,7.1,2,1,47.0,4,0.7450980392156863
4683291,Joey Labas,Central Michigan,Mid-American,Wagner,12,14,241,17.2,3,0,99.5,4,0.8571428571428571
5227302,Jack Stevens,Wagner,NEC,Central Michigan,3,5,20,4.0,0,1,,4,0.6
5225837,Jordan Barton,Wagner,NEC,Central Michigan,7,12,18,1.5,0,0,,4,0.5833333333333334
5155943,James Murphy,Brown,Ivy,Georgetown,20,28,219,7.8,2,1,,4,0.7142857142857143
5172415,Dez Thomas II,Georgetown,Patriot,Brown,7,24,94,3.9,0,2,,4,0.2916666666666667
5225715,Jack Johnson,Georgetown,Patriot,Brown,2,5,13,2.6,0,0,,4,0.4
4432722,Athan Kaliakmanis,Rutgers,Big Ten,Iowa,24,40,330,8.3,0,1,77.2,4,0.6
4695400,Mark Gronowski,Iowa,Big Ten,Rutgers,12,18,186,10.3,0,0,70.5,4,0.6666666666666666
5227430,Kobe Muasau,Morgan State,MEAC,Central State,15,22,156,7.1,1,1,,4,0.6818181818181818
5230796,Tison Hill,Central State,SIAC,Morgan State,12,17,83,4.9,0,1,,4,0.7058823529411765
5168388,Chris Cotton,Central State,SIAC,Morgan State,2,6,10,1.7,0,1,,4,0.3333333333333333
5154491,Kai Coln,Princeton,Ivy,San Diego,12,18,196,10.9,1,0,,4,0.6666666666666666
4816095,Blaine Hipa,Princeton,Ivy,San Diego,6,8,87,10.9,0,0,,4,0.75
4868721,Tyler Voss,San Diego,Pioneer,Princeton,25,34,237,7.0,3,0,,4,0.7352941176470589
5165884,Dom Nankil,San Diego,Pioneer,Princeton,13,16,115,7.2,0,0,,4,0.8125
5106897,Jack O'Connell,Stonehill,NEC,Pennsylvania,18,26,165,6.3,2,0,,4,0.6923076923076923
5084404,Liam O'Brien,Pennsylvania,Ivy,Stonehill,16,31,238,7.7,1,1,,4,0.5161290322580645
5226397,Kael Alexander,Stetson,Pioneer,Harvard,11,20,113,5.7,1,0,,4,0.55
5226398,Gunner Chenier,Stetson,Pioneer,Harvard,4,8,25,3.1,0,0,,4,0.5
4880458,Gavin Rupp,Stetson,Pioneer,Harvard,3,5,11,2.2,0,1,,4,0.6
5083569,Jaden Craig,Harvard,Ivy,Stetson,10,13,208,16.0,2,0,,4,0.7692307692307693
5174062,Dante Torres,Harvard,Ivy,Stetson,3,6,73,12.2,0,1,,4,0.5
4685413,Cade Klubnik,Clemson,ACC,Syracuse,37,60,363,6.1,3,1,49.3,4,0.6166666666666667
4685694,Steven Angeli,Syracuse,ACC,Clemson,18,31,244,7.9,2,0,76.6,4,0.5806451612903226
4870645,Rickie Collins,Syracuse,ACC,Clemson,3,8,34,4.3,1,0,20.4,4,0.375
4685497,Maalik Murphy,Oregon State,Pac-12,Oregon,5,18,68,3.8,0,0,66.6,4,0.2777777777777778
4870921,Dante Moore,Oregon,Big Ten,Oregon State,21,31,305,9.8,4,0,81.4,4,0.6774193548387096
4690158,Noah Kim,Eastern Michigan,Mid-American,Louisiana,21,31,226,7.3,1,1,47.1,4,0.6774193548387096
5146661,Daniel Beale,Louisiana,Sun Belt,Eastern Michigan,20,33,222,6.7,0,2,23.5,4,0.6060606060606061
5155528,Jerry Kaminski,North Dakota,MVFC,Valparaiso,13,19,172,9.1,2,0,,4,0.6842105263157895
4920196,Javance Tupou'ata-Johnson,North Dakota,MVFC,Valparaiso,1,5,13,2.6,0,0,,4,0.2
5089335,Rowan Keefe,Valparaiso,Pioneer,North Dakota,8,15,111,7.4,1,1,,4,0.5333333333333333
5079683,Dante Reno,Yale,Ivy,Holy Cross,13,18,166,9.2,1,0,,4,0.7222222222222222
5075592,Cal Swanson,Holy Cross,Patriot,Yale,15,30,193,6.4,1,0,,4,0.5
4429149,Brendon Lewis,Memphis,American Athletic,Arkansas,15,30,199,6.6,1,1,61.5,4,0.5
4431325,Taylen Green,Arkansas,SEC,Memphis,18,34,325,9.6,1,2,78.0,4,0.5294117647058824
5304840,Ethan Cash,BLUEFIELD,,Presbyterian,13,26,75,2.9,0,2,,4,0.5
5157481,Collin Hurst,Presbyterian,Pioneer,BLUEFIELD,15,18,287,15.9,4,0,,4,0.8333333333333334
5088096,Ty Englehart,Presbyterian,Pioneer,BLUEFIELD,4,7,33,4.7,2,0,,4,0.5714285714285714
5212654,Braden Atkinson,Mercer,Southern,The Citadel,29,35,305,8.7,4,0,,4,0.8285714285714286
5223107,Quentin Hayes,The Citadel,Southern,Mercer,7,12,60,5.0,0,1,,4,0.5833333333333334
5095112,Zach Tanner,Robert Morris,NEC,Dayton,7,15,89,5.9,0,0,,4,0.4666666666666667
5227166,Jake Wolfe,Robert Morris,NEC,Dayton,3,8,26,3.3,0,0,,4,0.375
5154881,Bryce Schondelmyer,Dayton,Pioneer,Robert Morris,13,20,194,9.7,2,0,,4,0.65
5153708,Keali'i Ah Yat,Montana,Big Sky,Indiana State,22,27,313,11.6,2,0,,4,0.8148148148148148
5085026,Keegan Patterson,Indiana State,MVFC,Montana,15,27,189,7.0,1,1,,4,0.5555555555555556
4592531,Ari Patu,North Alabama,UAC,Illinois State,17,31,243,7.8,4,1,,4,0.5483870967741935
4685698,Destin Wade,North Alabama,UAC,Illinois State,5,6,22,3.7,0,0,,4,0.8333333333333334
4878284,Tommy Rittenhouse,Illinois State,MVFC,North Alabama,20,36,250,6.9,3,0,,4,0.5555555555555556
5164567,Kevin White,North Carolina A&T,CAA,North Carolina Central,10,16,232,14.5,1,1,,4,0.625
4696880,Walker Harris,North Carolina Central,MEAC,North Carolina A&T,22,29,380,13.1,3,0,,4,0.7586206896551724
4877890,Kyle Wickersham,Richmond,Patriot,VMI,10,13,166,12.8,2,0,,4,0.7692307692307693
5083941,Collin Shannon,VMI,Southern,Richmond,16,34,198,5.8,2,1,,4,0.47058823529411764
4715345,Devin Farrell,Rhode Island,CAA,Long Island University,19,32,193,6.0,2,1,,4,0.59375
5159288,Chris Howell,Long Island University,NEC,Rhode Island,10,28,101,3.6,0,2,,4,0.35714285714285715
5301657,Andrew Indorf,Towson,CAA,Youngstown State,18,29,238,8.2,1,1,,4,0.6206896551724138
5109518,Beau Brungard,Youngstown State,MVFC,Towson,24,41,277,6.8,1,0,,4,0.5853658536585366
4876865,Carter Cravens,Morehead State,Pioneer,Kentucky Christian,18,23,311,13.5,4,0,,4,0.782608695652174
5305243,Jackson Wasik,Kentucky Christian,,Morehead State,15,25,243,9.7,3,0,,4,0.6
4875855,Ralph Rucker,Bucknell,Patriot,Lehigh,23,34,291,8.6,2,1,,4,0.6764705882352942
5225902,Hayden Johnson,Lehigh,Patriot,Bucknell,16,20,171,8.6,2,0,,4,0.8
4685459,Nicco Marchiol,West Virginia,Big 12,Kansas,15,27,126,4.7,0,1,23.2,4,0.5555555555555556
4596472,Jalon Daniels,Kansas,Big 12,West Virginia,12,24,138,5.8,3,0,91.9,4,0.5
4881352,Jack Shields,UAlbany,CAA,Cornell,7,19,70,3.7,0,1,,4,0.3684210526315789
5084348,Colin Parachek,UAlbany,CAA,Cornell,6,11,45,4.1,0,0,,4,0.5454545454545454
5155373,Devin Page,Cornell,Ivy,UAlbany,8,12,90,7.5,1,1,,4,0.6666666666666666
5154161,Garrett Bass-Sulpizio,Cornell,Ivy,UAlbany,8,14,63,4.5,0,0,,4,0.5714285714285714
5027925,Jax Leatherwood,Southeast Missouri State,Big South-OVC,Southern Illinois,33,47,422,9.0,2,1,,4,0.7021276595744681
4697094,DJ Williams,Southern Illinois,MVFC,Southeast Missouri State,18,25,342,13.7,4,0,,4,0.72
4880516,Jake Weir,Houston Christian,Southland,Northern Colorado,17,35,160,4.6,0,0,,4,0.4857142857142857
5300801,Eric Gibson Jr.,Northern Colorado,Big Sky,Houston Christian,24,37,215,5.8,1,2,,4,0.6486486486486487
4915980,John Mateer,Oklahoma,SEC,Auburn,24,36,271,7.5,1,0,65.8,4,0.6666666666666666
4870607,Jackson Arnold,Auburn,SEC,Oklahoma,21,32,220,6.9,1,0,71.5,4,0.65625
5225414,Ty Pennington,Northern Arizona,Big Sky,Incarnate Word,17,34,286,8.4,3,0,,4,0.5
5141395,EJ Colson,Incarnate Word,Southland,Northern Arizona,28,36,292,8.1,2,0,,4,0.7777777777777778
4881032,Taron Dickens,Western Carolina,Southern,Samford,35,46,582,12.7,6,0,,4,0.7608695652173914
4877380,Quincy Crittendon,Samford,Southern,Western Carolina,35,53,456,8.6,3,1,,4,0.660377358490566
4836476,Davin Wydner,West Georgia,UAC,Eastern Kentucky,8,14,95,6.8,2,0,,4,0.5714285714285714
4714009,Myles Burkett,Eastern Kentucky,UAC,West Georgia,21,41,203,5.0,0,1,,4,0.5121951219512195
5308950,Chase Altis,Greensboro,USA South,Davidson,21,36,208,5.8,0,2,,4,0.5833333333333334
5308952,Josh Sims,Greensboro,USA South,Davidson,5,10,62,6.2,0,1,,4,0.5
5224535,Casey Bullock,Davidson,Pioneer,Greensboro,12,16,124,7.8,0,1,,4,0.75
5085644,Coulter Cleland,Davidson,Pioneer,Greensboro,6,12,122,10.2,3,0,,4,0.5
5079653,Demond Williams Jr.,Washington,Big Ten,Washington State,16,19,298,15.7,4,0,99.3,4,0.8421052631578947
4876066,Zevi Eckhaus,Washington State,Pac-12,Washington,25,36,277,7.7,2,2,81.6,4,0.6944444444444444
4432759,Sawyer Robertson,Baylor,Big 12,Arizona State,25,39,250,6.4,3,1,71.3,4,0.6410256410256411
5078810,Sam Leavitt,Arizona State,Big 12,Baylor,22,32,221,6.9,1,0,77.6,4,0.6875
4427455,Cade McNamara,East Tennessee State,Southern,Elon,30,45,268,6.0,0,1,,4,0.6666666666666666
5224789,Landen Clark,Elon,CAA,East Tennessee State,15,29,223,7.7,2,1,,4,0.5172413793103449
4431948,TJ Finley,Georgia State,Sun Belt,Vanderbilt,22,35,176,5.0,2,0,54.3,4,0.6285714285714286
5193926,Cameran Brown,Georgia State,Sun Belt,Vanderbilt,9,13,82,6.3,1,0,81.6,4,0.6923076923076923
5084180,Diego Pavia,Vanderbilt,SEC,Georgia State,18,24,245,10.2,1,0,93.3,4,0.75
5121691,Blaze Berlowitz,Vanderbilt,SEC,Georgia State,2,5,36,7.2,0,0,98.7,4,0.4
5088334,Nick Whitfield Jr.,Saint Francis,NEC,Delaware State,25,35,265,7.6,1,2,,4,0.7142857142857143
4426688,Kaiden Bennett,Delaware State,MEAC,Saint Francis,7,18,85,4.7,0,1,,4,0.3888888888888889
5155398,Grayson Saunier,Dartmouth,Ivy,New Hampshire,22,30,244,8.1,0,1,,4,0.7333333333333333
5171031,Matt Vezza,New Hampshire,CAA,Dartmouth,22,35,273,7.8,1,2,,4,0.6285714285714286
4684502,Justin Lamson,Montana State,Big Sky,Mercyhurst,12,17,121,7.1,0,1,,4,0.7058823529411765
5227565,Adam Urena,Mercyhurst,NEC,Montana State,23,35,206,5.9,0,1,,4,0.6571428571428571
4899468,Kaden Anderson,Wyoming,Mountain West,Colorado,11,25,176,7.0,2,0,51.8,4,0.44
4432803,Kaidon Salter,Colorado,Big 12,Wyoming,18,28,304,10.9,3,0,93.8,4,0.6428571428571429
4565189,Cam Ransom,Bethune-Cookman,SWAC,Edward Waters,10,20,172,8.6,3,1,,4,0.5
4888130,Noah Bodden,Edward Waters,SIAC,Bethune-Cookman,18,38,167,4.4,1,3,,4,0.47368421052631576
4801301,Tevin Carter,Prairie View A&M,SWAC,Northwestern State,15,22,148,6.7,0,1,,4,0.6818181818181818
5226585,Abram Johnston,Northwestern State,Southland,Prairie View A&M,12,19,156,8.2,2,0,,4,0.631578947368421
4569535,Jacob Clark,Missouri State,Conference USA,UT Martin,20,28,271,9.7,3,0,72.5,4,0.7142857142857143
4709012,Jase Bauer,UT Martin,Big South-OVC,Missouri State,19,27,112,4.1,0,1,,4,0.7037037037037037
4429179,Aidan Bouman,South Dakota,MVFC,Drake,13,20,226,11.3,2,0,,4,0.65
5298739,Logan Inagawa,Drake,Pioneer,South Dakota,15,19,164,8.6,1,2,,4,0.7894736842105263
5154962,Kamden Sixkiller,Campbell,CAA,Bryant,29,48,334,7.0,5,2,,4,0.6041666666666666
5226265,Brennan Myer,Bryant,CAA,Campbell,15,34,215,6.3,1,2,,4,0.4411764705882353
5079369,C.J. Carr,Notre Dame,FBS Independents,Arkansas,22,30,354,11.8,4,0,98.1,5,0.7333333333333333
4431325,Taylen Green,Arkansas,SEC,Notre Dame,17,32,207,6.5,0,1,51.3,5,0.53125
4714771,Drew Allar,Penn State,Big Ten,Oregon,14,25,137,5.5,2,1,68.6,5,0.56
4870921,Dante Moore,Oregon,Big Ten,Penn State,29,39,248,6.4,3,0,80.7,5,0.7435897435897436
4692530,Chandler Morris,Virginia,ACC,Florida State,26,35,229,6.5,2,3,92.6,5,0.7428571428571429
4773919,Thomas Castellanos,Florida State,ACC,Virginia,18,32,254,7.9,1,2,50.9,5,0.5625
5219834,Drew Mestemaker,North Texas,American Athletic,South Alabama,14,26,234,9.0,1,0,48.5,5,0.5384615384615384
4869553,Bishop Davenport,South Alabama,Sun Belt,North Texas,17,34,195,5.7,1,1,48.3,5,0.5
5080403,Jaylen Raynor,Arkansas State,Sun Belt,UL Monroe,29,46,288,6.3,0,1,20.5,5,0.6304347826086957
5122054,Aidan Armenta,UL Monroe,Sun Belt,Arkansas State,16,25,175,7.0,2,1,36.4,5,0.64
4872721,Cardell Williams,Sacramento State,Big Sky,Cal Poly,10,24,164,6.8,1,3,,5,0.4166666666666667
4870909,Jaden Rashada,Sacramento State,Big Sky,Cal Poly,1,6,9,1.5,0,0,,5,0.16666666666666666
5083145,Bo Kelly,Cal Poly,Big Sky,Sacramento State,17,27,203,7.5,2,0,,5,0.6296296296296297
4878822,Jaylon Tolbert,Alcorn State,SWAC,Arkansas-Pine Bluff,15,28,207,7.4,1,1,,5,0.5357142857142857
5303362,Christian Peters,Arkansas-Pine Bluff,SWAC,Alcorn State,20,32,323,10.1,1,0,,5,0.625
4884392,Christopher Zellous,Stony Brook,CAA,Merrimack,13,22,167,7.6,1,1,,5,0.5909090909090909
5083490,Ayden Pereira,Merrimack,FCS Independents,Stony Brook,6,22,60,2.7,1,0,,5,0.2727272727272727
4714009,Myles Burkett,Eastern Kentucky,UAC,Nicholls,7,21,72,3.4,1,0,,5,0.3333333333333333
4429191,Deuce Hogan,Nicholls,Southland,Eastern Kentucky,20,31,213,6.9,1,2,,5,0.6451612903225806
5153708,Keali'i Ah Yat,Montana,Big Sky,Idaho,17,23,223,9.7,1,0,,5,0.7391304347826086
4832830,Joshua Wood,Idaho,Big Sky,Montana,14,28,262,9.4,0,0,,5,0.5
5300801,Eric Gibson Jr.,Northern Colorado,Big Sky,Idaho State,26,39,396,10.2,2,0,,5,0.6666666666666666
5158746,Jordan Cooke,Idaho State,Big Sky,Northern Colorado,12,33,209,6.3,1,0,,5,0.36363636363636365
5224050,Davis Harsin,Idaho State,Big Sky,Northern Colorado,2,7,41,5.9,0,0,,5,0.2857142857142857
4684502,Justin Lamson,Montana State,Big Sky,Eastern Washington,13,20,270,13.5,3,0,,5,0.65
5152118,Jared Taylor,Eastern Washington,Big Sky,Montana State,5,12,59,4.9,0,0,,5,0.4166666666666667
5146672,Jake Schakel,Eastern Washington,Big Sky,Montana State,7,10,46,4.6,0,0,,5,0.7
5152110,Nate Bell,Eastern Washington,Big Sky,Montana State,3,9,19,2.1,0,0,,5,0.3333333333333333
5151696,RJ Johnson III,Florida A&M,SWAC,Alabama State,20,33,133,4.0,1,0,,5,0.6060606060606061
4887151,Andrew Body,Alabama State,SWAC,Florida A&M,10,18,106,5.9,2,0,,5,0.5555555555555556
4877380,Quincy Crittendon,Samford,Southern,Furman,28,42,252,6.0,2,1,,5,0.6666666666666666
5212705,Brady Stober,Samford,Southern,Furman,4,5,67,13.4,0,1,,5,0.8
5224084,Trey Hedden,Furman,Southern,Samford,28,41,272,6.6,2,0,,5,0.6829268292682927
4875733,Pat McQuaide,Villanova,CAA,William & Mary,15,28,194,6.9,0,0,,5,0.5357142857142857
4838536,Tyler Hughes,William & Mary,CAA,Villanova,18,35,233,6.7,1,0,,5,0.5142857142857142
5083847,Dean DeNobile,Lafayette,Patriot,Princeton,27,36,256,7.1,1,1,,5,0.75
5154491,Kai Coln,Princeton,Ivy,Lafayette,13,20,121,6.1,1,0,,5,0.65
4816095,Blaine Hipa,Princeton,Ivy,Lafayette,8,12,84,7.0,0,0,,5,0.6666666666666666
5224789,Landen Clark,Elon,CAA,Hampton,10,23,169,7.3,1,1,,5,0.43478260869565216
4685309,Braden Davis,Hampton,CAA,Elon,14,27,194,7.2,1,2,,5,0.5185185185185185
5157481,Collin Hurst,Presbyterian,Pioneer,Morehead State,11,17,137,8.1,2,0,,5,0.6470588235294118
4876865,Carter Cravens,Morehead State,Pioneer,Presbyterian,10,24,120,5.0,0,2,,5,0.4166666666666667
5084352,Bryce Patterson,Morehead State,Pioneer,Presbyterian,5,9,34,3.8,0,1,,5,0.5555555555555556
5299364,Cason Carswell,Western Illinois,Big South-OVC,Eastern Illinois,16,22,118,5.4,2,0,,5,0.7272727272727273
4880758,Chris Irvin,Western Illinois,Big South-OVC,Eastern Illinois,11,20,84,4.2,0,0,,5,0.55
5225271,Connor Wolf,Eastern Illinois,Big South-OVC,Western Illinois,4,10,90,9.0,0,1,,5,0.4
5164721,Zolten Osbourne,Charleston Southern,Big South-OVC,South Carolina State,13,28,198,7.1,1,1,,5,0.4642857142857143
4607891,Ryan Stubblefield,South Carolina State,MEAC,Charleston Southern,18,24,194,8.1,0,0,,5,0.75
5165884,Dom Nankil,San Diego,Pioneer,St. Thomas (MN),11,16,265,16.6,2,0,,5,0.6875
4868721,Tyler Voss,San Diego,Pioneer,St. Thomas (MN),11,14,55,3.9,0,0,,5,0.7857142857142857
4686848,Andy Peters,St. Thomas (MN),Pioneer,San Diego,14,26,216,8.3,2,0,,5,0.5384615384615384
5083569,Jaden Craig,Harvard,Ivy,Brown,24,31,317,10.2,4,0,,5,0.7741935483870968
5155943,James Murphy,Brown,Ivy,Harvard,14,26,99,3.8,1,3,,5,0.5384615384615384
4870889,Chris Parson,Austin Peay,UAC,Utah Tech,18,25,204,8.2,3,0,,5,0.72
5088960,Reggie Graff,Utah Tech,UAC,Austin Peay,16,27,143,5.3,0,0,,5,0.5925925925925926
4695784,Carson Camp,SE Louisiana,Southland,UT Rio Grande Valley,10,13,130,10.0,2,0,,5,0.7692307692307693
4685440,Kyle Lowe,SE Louisiana,Southland,UT Rio Grande Valley,10,12,122,10.2,1,0,,5,0.8333333333333334
4683012,Eddie Lee Marburger,UT Rio Grande Valley,Southland,SE Louisiana,16,29,218,7.5,3,1,,5,0.5517241379310345
5300880,Aidan Jakobsohn,UT Rio Grande Valley,Southland,SE Louisiana,2,5,22,4.4,0,0,,5,0.4
4610131,Parker Navarro,Ohio,Mid-American,Bowling Green,17,25,208,8.3,2,1,74.3,5,0.68
4429088,Drew Pyne,Bowling Green,Mid-American,Ohio,19,29,170,5.9,1,3,10.8,5,0.6551724137931034
4432759,Sawyer Robertson,Baylor,Big 12,Oklahoma State,24,35,393,11.2,4,0,81.1,5,0.6857142857142857
4923267,Zane Flores,Oklahoma State,Big 12,Baylor,23,41,232,5.7,0,0,45.4,5,0.5609756097560976
4429582,Joe Fagnano,UConn,FBS Independents,Buffalo,19,31,155,5.0,1,0,67.5,5,0.6129032258064516
5151366,Gunnar Gray,Buffalo,Mid-American,UConn,17,29,125,4.3,1,0,14.0,5,0.5862068965517241
4600403,Braylon Braxton,Southern Miss,Sun Belt,Jacksonville State,13,22,152,6.9,2,0,41.0,5,0.5909090909090909
5122157,Caden Creel,Jacksonville State,Conference USA,Southern Miss,9,17,109,6.4,1,2,59.2,5,0.5294117647058824
4893657,Gavin Wimsatt,Jacksonville State,Conference USA,Southern Miss,4,8,19,2.4,0,0,7.7,5,0.5
5158251,Khalil Wilkins,West Virginia,Big 12,Utah,3,6,63,10.5,1,0,89.5,5,0.5
4602923,Jaylen Henderson,West Virginia,Big 12,Utah,3,7,22,3.1,0,0,23.0,5,0.42857142857142855
5105849,Devon Dampier,Utah,Big 12,West Virginia,21,26,237,9.1,4,1,90.7,5,0.8076923076923077
4801301,Tevin Carter,Prairie View A&M,SWAC,Grambling,9,21,98,4.7,0,0,,5,0.42857142857142855
5156292,Czavian Teasett,Grambling,SWAC,Prairie View A&M,21,43,161,3.7,1,3,,5,0.4883720930232558
4875855,Ralph Rucker,Bucknell,Patriot,Saint Francis,15,26,168,6.5,1,0,,5,0.5769230769230769
5088334,Nick Whitfield Jr.,Saint Francis,NEC,Bucknell,31,44,377,8.6,1,1,,5,0.7045454545454546
4427455,Cade McNamara,East Tennessee State,Southern,Mercer,29,46,398,8.7,4,2,,5,0.6304347826086957
5212654,Braden Atkinson,Mercer,Southern,East Tennessee State,18,26,187,7.2,3,1,,5,0.6923076923076923
5225700,Jack Snyder,Sacred Heart,FCS Independents,Delaware State,28,36,298,8.3,2,0,,5,0.7777777777777778
4685542,Jayden Sauray,Delaware State,MEAC,Sacred Heart,12,18,207,11.5,1,0,,5,0.6666666666666666
5233879,Josh Brown,Mississippi Valley State,SWAC,Texas Southern,20,31,252,8.1,1,0,,5,0.6451612903225806
5232131,KJ Cooper,Texas Southern,SWAC,Mississippi Valley State,13,20,161,8.1,0,0,,5,0.65
4577962,Camden Orth,Chattanooga,Southern,The Citadel,15,24,201,8.4,0,1,,5,0.625
5223107,Quentin Hayes,The Citadel,Southern,Chattanooga,7,8,63,7.9,0,0,,5,0.875
5230073,Cobey Thompkins,The Citadel,Southern,Chattanooga,4,6,34,5.7,1,0,,5,0.6666666666666666
5225902,Hayden Johnson,Lehigh,Patriot,Pennsylvania,15,31,240,7.7,2,0,,5,0.4838709677419355
5084404,Liam O'Brien,Pennsylvania,Ivy,Lehigh,28,37,316,8.5,3,1,,5,0.7567567567567568
5226265,Brennan Myer,Bryant,CAA,Towson,22,36,218,6.1,1,1,,5,0.6111111111111112
5301657,Andrew Indorf,Towson,CAA,Bryant,17,31,153,4.9,1,0,,5,0.5483870967741935
5079683,Dante Reno,Yale,Ivy,Cornell,14,23,139,6.0,1,1,,5,0.6086956521739131
5155373,Devin Page,Cornell,Ivy,Yale,24,51,267,5.2,2,4,,5,0.47058823529411764
5171031,Matt Vezza,New Hampshire,CAA,UAlbany,19,24,190,7.9,1,0,,5,0.7916666666666666
5084348,Colin Parachek,UAlbany,CAA,New Hampshire,21,42,181,4.3,1,1,,5,0.5
5308438,Ashton Strother,Southern,SWAC,Jackson State,10,20,120,6.0,0,1,,5,0.5
4612078,JaCobian Morgan,Jackson State,SWAC,Southern,21,31,337,10.9,2,0,,5,0.6774193548387096
5101124,Micah Alejado,Hawai'i,Mountain West,Air Force,35,47,457,9.7,3,0,77.9,5,0.7446808510638298
5238868,Liam Szarka,Air Force,Mountain West,Hawai'i,10,12,278,23.2,3,1,88.5,5,0.8333333333333334
4431114,Ben Gulbranson,Stanford,ACC,San José State,29,43,444,10.3,2,0,56.4,5,0.6744186046511628
4694149,Walker Eget,San José State,Mountain West,Stanford,36,58,473,8.2,3,0,74.5,5,0.6206896551724138
4432722,Athan Kaliakmanis,Rutgers,Big Ten,Minnesota,21,34,249,7.3,2,1,51.1,5,0.6176470588235294
5144959,Drake Lindsey,Minnesota,Big Ten,Rutgers,31,41,324,7.9,3,0,75.9,5,0.7560975609756098
4597679,Luke Altmyer,Illinois,Big Ten,USC,20,26,328,12.6,2,0,97.5,5,0.7692307692307693
4685454,Jayden Maiava,USC,Big Ten,Illinois,30,43,364,8.5,2,1,85.5,5,0.6976744186046512
4432767,Preston Stone,Northwestern,Big Ten,UCLA,12,18,115,6.4,1,0,54.1,5,0.6666666666666666
4870799,Nico Iamaleava,UCLA,Big Ten,Northwestern,19,27,180,6.7,1,0,59.9,5,0.7037037037037037
5079653,Demond Williams Jr.,Washington,Big Ten,Ohio State,18,22,173,7.9,0,0,49.2,5,0.8181818181818182
5079712,Julian Sayin,Ohio State,Big Ten,Washington,22,28,208,7.4,2,0,88.9,5,0.7857142857142857
4795295,Katin Houser,East Carolina,American Athletic,Army,15,22,251,11.4,2,1,50.6,5,0.6818181818181818
5082125,Dewayne Coleman,Army,American Athletic,East Carolina,5,9,36,4.0,0,0,5.2,5,0.5555555555555556
5141378,Cutter Boley,Kentucky,SEC,South Carolina,10,19,124,6.5,0,2,10.9,5,0.5263157894736842
4875127,Lanorris Sellers,South Carolina,SEC,Kentucky,11,14,153,10.9,0,0,94.8,5,0.7857142857142857
5146903,Brayden Roggow,Akron,Mid-American,Toledo,7,12,51,4.3,0,0,73.5,5,0.5833333333333334
4570048,Michael Johnson Jr.,Akron,Mid-American,Toledo,7,13,28,2.2,0,0,7.3,5,0.5384615384615384
4429801,Tucker Gleason,Toledo,Mid-American,Akron,16,19,237,12.5,3,0,90.8,5,0.8421052631578947
4837248,Fernando Mendoza,Indiana,Big Ten,Iowa,13,23,233,10.1,2,1,68.5,5,0.5652173913043478
4695400,Mark Gronowski,Iowa,Big Ten,Indiana,19,25,144,5.8,0,1,54.7,5,0.76
5089314,Hank Brown,Iowa,Big Ten,Indiana,5,13,48,3.7,0,1,24.6,5,0.38461538461538464
5074245,Broc Lowry,Western Michigan,Mid-American,Rhode Island,15,20,143,7.2,1,0,58.9,5,0.75
4715345,Devin Farrell,Rhode Island,CAA,Western Michigan,16,24,229,9.5,1,1,,5,0.6666666666666666
4911929,Alonza Barnett,James Madison,Sun Belt,Georgia Southern,11,22,148,6.7,1,0,47.3,5,0.5
4685345,JC French,Georgia Southern,Sun Belt,James Madison,14,24,165,6.9,1,0,23.3,5,0.5833333333333334
4431580,Miller Moss,Louisville,ACC,Pittsburgh,33,51,339,6.6,3,1,73.3,5,0.6470588235294118
4870819,Eli Holstein,Pittsburgh,ACC,Louisville,14,26,228,8.8,2,2,35.5,5,0.5384615384615384
5089540,Cole Gonzales,Pittsburgh,ACC,Louisville,3,6,31,5.2,0,1,44.2,5,0.5
4871091,D'Wayne' Winfield,Louisiana,Sun Belt,Marshall,7,13,125,9.6,2,0,97.4,5,0.5384615384615384
5146661,Daniel Beale,Louisiana,Sun Belt,Marshall,7,15,72,4.8,0,2,3.4,5,0.4666666666666667
4432691,Carlos Del Rio-Wilson,Marshall,Sun Belt,Louisiana,24,31,258,8.3,3,0,78.2,5,0.7741935483870968
4986096,Chase Jenkins,Rice,American Athletic,Navy,12,21,114,5.4,1,0,30.6,5,0.5714285714285714
5081504,Blake Horvath,Navy,American Athletic,Rice,8,13,172,13.2,0,1,67.7,5,0.6153846153846154
5224011,Baylor Hayes,Tulsa,American Athletic,Tulane,18,36,245,6.8,1,1,15.4,5,0.5
5150611,Jake Retzlaff,Tulane,American Athletic,Tulsa,17,30,242,8.1,0,0,59.0,5,0.5666666666666667
4870607,Jackson Arnold,Auburn,SEC,Texas A&M,18,33,125,3.8,0,0,35.1,5,0.5454545454545454
4870971,Marcel Reed,Texas A&M,SEC,Auburn,15,22,207,9.4,0,1,35.1,5,0.6818181818181818
5079301,CJ Bailey,NC State,ACC,Virginia Tech,26,34,240,7.1,2,0,63.7,5,0.7647058823529411
4678010,Kyron Drones,Virginia Tech,ACC,NC State,20,34,177,5.2,2,0,53.3,5,0.5882352941176471
4701307,Henry Hesson,Miami (OH),Mid-American,Lindenwood,13,21,208,9.9,2,0,21.5,5,0.6190476190476191
5081856,Nate Glantz,Lindenwood,Big South-OVC,Miami (OH),9,25,87,3.5,0,2,,5,0.36
4697512,Robby Ashford,Wake Forest,ACC,Georgia Tech,13,28,219,7.8,0,0,55.8,5,0.4642857142857143
4428993,Haynes King,Georgia Tech,ACC,Wake Forest,28,42,243,5.8,1,0,73.9,5,0.6666666666666666
4565315,Blake Shapen,Mississippi State,SEC,Tennessee,18,29,180,6.2,1,1,22.9,5,0.6206896551724138
5151948,Joey Aguilar,Tennessee,SEC,Mississippi State,24,40,335,8.4,1,2,67.7,5,0.6
4427966,Maverick McIvor,Western Kentucky,Conference USA,Missouri State,26,39,317,8.1,1,0,53.5,5,0.6666666666666666
4569535,Jacob Clark,Missouri State,Conference USA,Western Kentucky,8,15,143,9.5,0,0,50.7,5,0.5333333333333333
5296439,Deuce Bailey,Missouri State,Conference USA,Western Kentucky,7,16,57,3.6,1,0,36.0,5,0.4375
4911529,Trinidad Chambliss,Ole Miss,SEC,LSU,23,39,314,8.1,1,1,86.9,5,0.5897435897435898
4567747,Garrett Nussmeier,LSU,SEC,Ole Miss,21,34,197,5.8,1,1,75.3,5,0.6176470588235294
4685497,Maalik Murphy,Oregon State,Pac-12,Houston,20,33,201,6.1,1,0,57.6,5,0.6060606060606061
4685574,Conner Weigman,Houston,Big 12,Oregon State,20,36,270,7.5,2,1,39.7,5,0.5555555555555556
4685311,Jayden Denegal,San Diego State,Mountain West,Northern Illinois,13,20,110,5.5,0,2,39.8,5,0.65
5151506,Josh Holst,Northern Illinois,Mid-American,San Diego State,6,14,49,3.5,0,0,13.3,5,0.42857142857142855
5084180,Diego Pavia,Vanderbilt,SEC,Utah State,26,34,321,9.4,5,1,92.9,5,0.7647058823529411
4695600,Bryson Barnes,Utah State,Mountain West,Vanderbilt,15,22,161,7.3,3,0,77.1,5,0.6818181818181818
4696561,Jacob Conover,Utah State,Mountain West,Vanderbilt,11,14,92,6.6,2,0,81.4,5,0.7857142857142857
4429149,Brendon Lewis,Memphis,American Athletic,Florida Atlantic,13,19,196,10.3,2,0,75.1,5,0.6842105263157895
4869991,Caden Veltkamp,Florida Atlantic,American Athletic,Memphis,31,50,318,6.4,0,0,44.2,5,0.62
4870513,Maddux Madsen,Boise State,Mountain West,App State,25,37,321,8.7,4,0,83.8,5,0.6756756756756757
5081405,AJ Swann,App State,Sun Belt,Boise State,11,24,64,2.7,1,2,4.9,5,0.4583333333333333
4432803,Kaidon Salter,Colorado,Big 12,BYU,11,16,119,7.4,1,1,65.0,5,0.6875
5141367,Bear Bachmeier,BYU,Big 12,Colorado,19,27,179,6.6,2,0,77.6,5,0.7037037037037037
4685522,Ty Simpson,Alabama,SEC,Georgia,24,38,276,7.3,2,0,90.1,5,0.631578947368421
4685578,Gunner Stockton,Georgia,SEC,Alabama,13,20,130,6.5,1,0,78.6,5,0.65
5154881,Bryce Schondelmyer,Dayton,Pioneer,Stetson,19,23,333,14.5,5,0,,5,0.8260869565217391
5224637,Liam Poronsky,Dayton,Pioneer,Stetson,3,5,18,3.6,0,0,,5,0.6
5226397,Kael Alexander,Stetson,Pioneer,Dayton,15,29,190,6.6,2,2,,5,0.5172413793103449
5225837,Jordan Barton,Wagner,NEC,Norfolk State,14,22,183,8.3,2,2,,5,0.6363636363636364
4695113,Otto Kuhns,Norfolk State,MEAC,Wagner,17,28,119,4.3,0,1,,5,0.6071428571428571
4923050,Israel Carter,Norfolk State,MEAC,Wagner,5,9,29,3.2,0,1,,5,0.5555555555555556
4685334,A.J. Duffy,New Haven,NEC,Duquesne,18,29,184,6.3,2,2,,5,0.6206896551724138
4777154,Tyler Riddell,Duquesne,NEC,New Haven,14,22,182,8.3,3,0,,5,0.6363636363636364
4870645,Rickie Collins,Syracuse,ACC,Duke,24,37,229,6.2,0,1,20.1,5,0.6486486486486487
5121169,Darian Mensah,Duke,ACC,Syracuse,22,28,268,9.6,2,0,88.1,5,0.7857142857142857
4870857,Avery Johnson,Kansas State,Big 12,UCF,18,25,168,6.7,2,0,91.4,5,0.72
4801307,Tayven Jackson,UCF,Big 12,Kansas State,12,24,115,4.8,0,1,17.2,5,0.5
4596472,Jalon Daniels,Kansas,Big 12,Cincinnati,19,28,445,15.9,4,0,59.4,5,0.6785714285714286
4899046,Brendan Sorsby,Cincinnati,Big 12,Kansas,29,43,388,9.0,2,0,85.6,5,0.6744186046511628
5106897,Jack O'Connell,Stonehill,NEC,Long Island University,15,19,162,8.5,1,1,,5,0.7894736842105263
5095771,Ethan Greenwood,Long Island University,NEC,Stonehill,12,24,137,5.7,0,2,,5,0.5
5087031,Reagan Andrew,Butler,Pioneer,Marist,17,27,151,5.6,3,0,,5,0.6296296296296297
5088964,Sonny Mannino,Marist,Pioneer,Butler,23,35,178,5.1,2,1,,5,0.6571428571428571
4812381,Gunnar Smith,Fordham,Patriot,Holy Cross,14,21,254,12.1,1,0,,5,0.6666666666666666
5075592,Cal Swanson,Holy Cross,Patriot,Fordham,18,27,186,6.9,0,0,,5,0.6666666666666666
5126467,Braden Graham,Holy Cross,Patriot,Fordham,9,16,57,3.6,0,1,,5,0.5625
4683291,Joey Labas,Central Michigan,Mid-American,Eastern Michigan,14,16,138,8.6,1,0,76.2,5,0.875
4690158,Noah Kim,Eastern Michigan,Mid-American,Central Michigan,17,28,175,6.3,0,1,26.0,5,0.6071428571428571
5078810,Sam Leavitt,Arizona State,Big 12,TCU,27,39,291,7.5,2,0,74.1,5,0.6923076923076923
4685401,Josh Hoover,TCU,Big 12,Arizona State,20,32,242,7.6,0,2,45.8,5,0.625
4870900,Dylan Lonergan,Boston College,ACC,California,21,37,197,5.3,0,2,34.5,5,0.5675675675675675
5164313,Jaron-Keawe Sagapolutele,California,ACC,Boston College,22,34,254,7.5,2,1,56.0,5,0.6470588235294118
5153782,Amari Odom,Kennesaw State,Conference USA,Middle Tennessee,11,17,162,9.5,2,0,48.5,5,0.6470588235294118
4682518,Nick Vattiato,Middle Tennessee,Conference USA,Kennesaw State,28,42,285,6.8,0,1,17.8,5,0.6666666666666666
4683471,Brady Olson,Central Connecticut,NEC,Dartmouth,25,33,223,6.8,3,0,,5,0.7575757575757576
5155398,Grayson Saunier,Dartmouth,Ivy,Central Connecticut,30,44,407,9.3,2,1,,5,0.6818181818181818
5154125,Chase Goodwin,Columbia,Ivy,Georgetown,11,24,151,6.3,1,1,,5,0.4583333333333333
5172415,Dez Thomas II,Georgetown,Patriot,Columbia,9,24,67,2.8,0,3,,5,0.375
5083373,Ashten Snelsire,Richmond,Patriot,Howard,4,14,35,2.5,1,1,,5,0.2857142857142857
5082005,Tyriq Starks,Howard,MEAC,Richmond,11,24,84,3.5,0,2,,5,0.4583333333333333
5225612,Eric Handley,Alabama A&M,SWAC,Bethune-Cookman,27,40,355,8.9,3,1,,5,0.675
4565189,Cam Ransom,Bethune-Cookman,SWAC,Alabama A&M,17,24,217,9.0,2,2,,5,0.7083333333333334
5232049,Raymond Moore III,Morgan State,MEAC,Miles,8,21,63,3.0,1,1,,5,0.38095238095238093
5227430,Kobe Muasau,Morgan State,MEAC,Miles,3,5,13,2.6,0,0,,5,0.6
5222937,Brinley Vandiver,Miles,SIAC,Morgan State,24,38,260,6.8,2,0,,5,0.631578947368421
5154962,Kamden Sixkiller,Campbell,CAA,Western Carolina,18,45,205,4.6,1,1,,5,0.4
4881032,Taron Dickens,Western Carolina,Southern,Campbell,26,40,427,10.7,4,0,,5,0.65
5083171,Jack Layne,New Mexico,Mountain West,New Mexico State,23,30,303,10.1,4,0,71.7,5,0.7666666666666667
4605998,Logan Fife,New Mexico State,Conference USA,New Mexico,20,37,255,6.9,0,1,10.2,5,0.5405405405405406
4876140,Kekoa Visperas,Tennessee Tech,Big South-OVC,Tennessee State,9,16,103,6.4,1,0,,5,0.5625
5231101,Jonathan Palmer,Tennessee State,Big South-OVC,Tennessee Tech,13,25,127,5.1,0,1,,5,0.52
5298787,Byron McNair,Tennessee State,Big South-OVC,Tennessee Tech,8,14,114,8.1,0,2,,5,0.5714285714285714
5125715,Colton Joseph,Old Dominion,Sun Belt,Liberty,18,26,271,10.4,3,1,66.2,5,0.6923076923076923
5144313,Michael Merdinger,Liberty,Conference USA,Old Dominion,6,11,77,7.0,0,0,13.2,5,0.5454545454545454
5141395,EJ Colson,Incarnate Word,Southland,Abilene Christian,17,30,122,4.1,1,0,,5,0.5666666666666667
4691272,Stone Earle,Abilene Christian,UAC,Incarnate Word,17,30,141,4.7,1,2,,5,0.5666666666666667
5225743,Johnny Weber,Southeast Missouri State,Big South-OVC,UT Martin,9,18,87,4.8,0,0,,5,0.5
5083758,Patrick Heitert,Southeast Missouri State,Big South-OVC,UT Martin,6,11,73,6.6,0,1,,5,0.5454545454545454
5027925,Jax Leatherwood,Southeast Missouri State,Big South-OVC,UT Martin,7,12,49,4.1,0,1,,5,0.5833333333333334
4709012,Jase Bauer,UT Martin,Big South-OVC,Southeast Missouri State,15,22,225,10.2,2,0,,5,0.6818181818181818
5085356,Austin Myers,Central Arkansas,UAC,Lamar,25,41,358,8.7,3,2,,5,0.6097560975609756
5154911,Aiden McCown,Lamar,Southland,Central Arkansas,13,17,142,8.4,3,1,,5,0.7647058823529411
5146355,AJ Hairston,Massachusetts,Mid-American,Missouri,11,31,75,2.4,1,1,16.7,5,0.3548387096774194
4883110,Grant Jordan,Massachusetts,Mid-American,Missouri,3,8,30,3.8,0,0,54.5,5,0.375
4685696,Beau Pribula,Missouri,SEC,Massachusetts,26,29,241,8.3,1,1,29.4,5,0.896551724137931
4683311,Sam Vidlak,Stephen F. Austin,Southland,McNeese,15,29,233,8.0,3,0,,5,0.5172413793103449
4915622,Jake Strong,McNeese,Southland,Stephen F. Austin,21,34,214,6.3,1,1,,5,0.6176470588235294
5150998,Blake Baker,Louisiana Tech,Conference USA,UTEP,18,26,137,5.3,1,1,26.2,5,0.6923076923076923
5083042,Skyler Locklear,UTEP,Conference USA,Louisiana Tech,4,6,74,12.3,1,1,54.4,5,0.6666666666666666
4870928,Malachi Nelson,UTEP,Conference USA,Louisiana Tech,18,38,73,1.9,0,4,4.3,5,0.47368421052631576
5226019,Caden Pinnick,UC Davis,Big Sky,Weber State,16,27,288,10.7,2,0,,5,0.5925925925925926
5105334,Jackson Gilkey,Weber State,Big Sky,UC Davis,14,22,138,6.3,0,0,,5,0.6363636363636364
4801299,Rocco Becht,Iowa State,Big 12,Arizona,14,20,243,12.2,0,1,94.6,5,0.7
4801717,Noah Fifita,Arizona,Big 12,Iowa State,32,48,253,5.3,2,2,49.2,5,0.6666666666666666
5227565,Adam Urena,Mercyhurst,NEC,South Dakota State,12,18,103,5.7,1,2,,5,0.6666666666666666
5085784,Chase Mason,South Dakota State,MVFC,Mercyhurst,21,29,321,11.1,3,0,,5,0.7241379310344828
4876066,Zevi Eckhaus,Washington State,Pac-12,Colorado State,16,28,189,6.8,2,0,70.6,5,0.5714285714285714
5054036,Jackson Brousseau,Colorado State,Mountain West,Washington State,19,28,188,6.7,0,0,37.8,5,0.6785714285714286
4692052,Carter Peevy,Maine,CAA,North Carolina A&T,20,27,298,11.0,2,0,,5,0.7407407407407407
5164567,Kevin White,North Carolina A&T,CAA,Maine,19,32,279,8.7,2,0,,5,0.59375
4697131,Bronson Barron,Southern Utah,UAC,West Georgia,15,26,186,7.2,1,1,,5,0.5769230769230769
4836476,Davin Wydner,West Georgia,UAC,Southern Utah,14,26,142,5.5,1,0,,5,0.5384615384615384
5075571,John-Keawe Sagapolutele,Portland State,Big Sky,Northern Arizona,18,36,202,5.6,1,0,,5,0.5
5225414,Ty Pennington,Northern Arizona,Big Sky,Portland State,15,24,262,10.9,1,0,,5,0.625
4879250,Cole Payton,North Dakota State,MVFC,South Dakota,14,18,273,15.2,2,0,,5,0.7777777777777778
4429179,Aidan Bouman,South Dakota,MVFC,North Dakota State,13,21,208,9.9,0,1,,5,0.6190476190476191
5230098,Ron Peace,East Texas A&M,Southland,North Carolina Central,19,39,356,9.1,2,1,,5,0.48717948717948717
5093929,Eric Rodriguez,East Texas A&M,Southland,North Carolina Central,7,12,100,8.3,2,0,,5,0.5833333333333334
4696880,Walker Harris,North Carolina Central,MEAC,East Texas A&M,21,32,288,9.0,2,0,,5,0.65625
5085644,Coulter Cleland,Davidson,Pioneer,Stetson,19,32,277,8.7,3,0,,6,0.59375
5161159,Chris Stephenson,Stetson,Pioneer,Davidson,7,9,90,10.0,0,2,,6,0.7777777777777778
5155398,Grayson Saunier,Dartmouth,Ivy,Pennsylvania,16,30,142,4.7,0,2,,6,0.5333333333333333
5084404,Liam O'Brien,Pennsylvania,Ivy,Dartmouth,16,21,147,7.0,2,1,,6,0.7619047619047619
4911929,Alonza Barnett,James Madison,Sun Belt,Georgia State,11,22,74,3.4,0,0,19.2,6,0.5
4431948,TJ Finley,Georgia State,Sun Belt,James Madison,19,28,198,7.1,1,0,50.7,6,0.6785714285714286
5125715,Colton Joseph,Old Dominion,Sun Belt,Coastal Carolina,17,30,315,10.5,4,0,94.8,6,0.5666666666666667
4870793,Tad Hudson,Coastal Carolina,Sun Belt,Old Dominion,19,30,108,3.6,1,1,39.6,6,0.6333333333333333
4876140,Kekoa Visperas,Tennessee Tech,Big South-OVC,Western Illinois,24,38,358,9.4,4,0,,6,0.631578947368421
5299364,Cason Carswell,Western Illinois,Big South-OVC,Tennessee Tech,34,48,343,7.1,2,1,,6,0.7083333333333334
4916436,E.J. Warner,Fresno State,Mountain West,Nevada,18,26,190,7.3,2,1,41.3,6,0.6923076923076923
5205097,Carter Jones,Nevada,Mountain West,Fresno State,11,15,121,8.1,2,1,90.5,6,0.7333333333333333
5154491,Kai Coln,Princeton,Ivy,Columbia,7,17,145,8.5,0,1,,6,0.4117647058823529
4816095,Blaine Hipa,Princeton,Ivy,Columbia,7,10,93,9.3,0,0,,6,0.7
5154125,Chase Goodwin,Columbia,Ivy,Princeton,19,28,165,5.9,0,2,,6,0.6785714285714286
5154126,Xander Menapace,Columbia,Ivy,Princeton,6,8,40,5.0,0,0,,6,0.75
4696065,Derek Robertson,Monmouth,CAA,Delaware State,25,38,351,9.2,4,0,,6,0.6578947368421053
4426688,Kaiden Bennett,Delaware State,MEAC,Monmouth,10,20,94,4.7,0,0,,6,0.5
5084352,Bryce Patterson,Morehead State,Pioneer,Dayton,15,27,252,9.3,2,1,,6,0.5555555555555556
5154881,Bryce Schondelmyer,Dayton,Pioneer,Morehead State,18,26,221,8.5,1,0,,6,0.6923076923076923
5171031,Matt Vezza,New Hampshire,CAA,Villanova,13,23,118,5.1,0,1,,6,0.5652173913043478
4875733,Pat McQuaide,Villanova,CAA,New Hampshire,16,25,219,8.8,0,0,,6,0.64
5075592,Cal Swanson,Holy Cross,Patriot,Harvard,14,33,235,7.1,3,3,,6,0.42424242424242425
5083569,Jaden Craig,Harvard,Ivy,Holy Cross,19,27,248,9.2,3,0,,6,0.7037037037037037
5174062,Dante Torres,Harvard,Ivy,Holy Cross,4,5,68,13.6,1,0,,6,0.8
5227565,Adam Urena,Mercyhurst,NEC,Long Island University,24,31,191,6.2,1,1,,6,0.7741935483870968
5159288,Chris Howell,Long Island University,NEC,Mercyhurst,15,27,167,6.2,1,2,,6,0.5555555555555556
5083847,Dean DeNobile,Lafayette,Patriot,Fordham,25,35,314,9.0,2,1,,6,0.7142857142857143
4812381,Gunnar Smith,Fordham,Patriot,Lafayette,32,45,354,7.9,1,1,,6,0.7111111111111111
5172415,Dez Thomas II,Georgetown,Patriot,Morgan State,16,30,211,7.0,3,0,,6,0.5333333333333333
5227430,Kobe Muasau,Morgan State,MEAC,Georgetown,21,32,267,8.3,2,0,,6,0.65625
5157426,Jaden Keefner,Bryant,CAA,Maine,5,9,76,8.4,0,0,,6,0.5555555555555556
4869549,Ridge Docekal,Bryant,CAA,Maine,5,16,33,2.1,0,1,,6,0.3125
4692052,Carter Peevy,Maine,CAA,Bryant,23,36,338,9.4,3,0,,6,0.6388888888888888
4602968,Nate Hampton,Gardner-Webb,Big South-OVC,Charleston Southern,19,31,247,8.0,2,0,,6,0.6129032258064516
5164721,Zolten Osbourne,Charleston Southern,Big South-OVC,Gardner-Webb,13,22,216,9.8,0,0,,6,0.5909090909090909
5085356,Austin Myers,Central Arkansas,UAC,Utah Tech,20,31,223,7.2,1,1,,6,0.6451612903225806
5224562,Bronson Barben,Utah Tech,UAC,Central Arkansas,15,28,199,7.1,2,1,,6,0.5357142857142857
5088960,Reggie Graff,Utah Tech,UAC,Central Arkansas,6,9,45,5.0,0,0,,6,0.6666666666666666
5157537,Caron Tyler,Valparaiso,Pioneer,Drake,5,9,42,4.7,0,0,,6,0.5555555555555556
5089335,Rowan Keefe,Valparaiso,Pioneer,Drake,5,13,31,2.4,0,3,,6,0.38461538461538464
5225940,Chase Spellman,Drake,Pioneer,Valparaiso,10,19,128,6.7,0,1,,6,0.5263157894736842
5298739,Logan Inagawa,Drake,Pioneer,Valparaiso,6,7,56,8.0,1,0,,6,0.8571428571428571
4685740,Max Johnson,North Carolina,ACC,Clemson,26,42,213,5.1,0,0,29.7,6,0.6190476190476191
4685413,Cade Klubnik,Clemson,ACC,North Carolina,22,24,254,10.6,4,0,96.4,6,0.9166666666666666
4899369,Christopher Vizzina,Clemson,ACC,North Carolina,6,11,39,3.5,0,0,51.9,6,0.5454545454545454
4773919,Thomas Castellanos,Florida State,ACC,Miami,25,45,272,6.0,2,2,63.8,6,0.5555555555555556
4430841,Carson Beck,Miami,ACC,Florida State,20,27,241,8.9,4,0,89.1,6,0.7407407407407407
4881032,Taron Dickens,Western Carolina,Southern,Wofford,53,56,378,6.8,3,0,,6,0.9464285714285714
5301990,Jayden Whitaker,Wofford,Southern,Western Carolina,10,18,209,11.6,2,0,,6,0.5555555555555556
4577962,Camden Orth,Chattanooga,Southern,VMI,14,23,123,5.3,1,1,,6,0.6086956521739131
5083941,Collin Shannon,VMI,Southern,Chattanooga,17,36,177,4.9,0,1,,6,0.4722222222222222
5220424,Hunter Watson,Sam Houston,Conference USA,New Mexico State,22,34,222,6.5,1,1,22.8,6,0.6470588235294118
5079533,Mabrey Mettauer,Sam Houston,Conference USA,New Mexico State,5,5,22,4.4,0,0,57.6,6,1.0
4605998,Logan Fife,New Mexico State,Conference USA,Sam Houston,19,26,255,9.8,1,0,67.4,6,0.7307692307692307
4427966,Maverick McIvor,Western Kentucky,Conference USA,Delaware,23,31,230,7.4,1,0,73.6,6,0.7419354838709677
5153846,Nick Minicucci,Delaware,Conference USA,Western Kentucky,28,47,314,6.7,0,1,58.3,6,0.5957446808510638
4878284,Tommy Rittenhouse,Illinois State,MVFC,North Dakota State,20,35,191,5.5,1,1,,6,0.5714285714285714
4879250,Cole Payton,North Dakota State,MVFC,Illinois State,12,14,194,13.9,1,0,,6,0.8571428571428571
4429179,Aidan Bouman,South Dakota,MVFC,Murray State,11,16,185,11.6,3,0,,6,0.6875
5193343,Jim Ogle,Murray State,MVFC,South Dakota,16,30,183,6.1,1,0,,6,0.5333333333333333
4686848,Andy Peters,St. Thomas (MN),Pioneer,Butler,16,27,193,7.1,1,2,,6,0.5925925925925926
5087031,Reagan Andrew,Butler,Pioneer,St. Thomas (MN),16,21,141,6.7,0,0,,6,0.7619047619047619
4587721,Daniel Greek,Tarleton State,UAC,Southern Utah,16,21,282,13.4,3,0,,6,0.7619047619047619
5151171,Will Burns,Southern Utah,UAC,Tarleton State,12,17,121,7.1,1,1,,6,0.7058823529411765
4683012,Eddie Lee Marburger,UT Rio Grande Valley,Southland,Houston Christian,11,21,131,6.2,1,2,,6,0.5238095238095238
4880516,Jake Weir,Houston Christian,Southland,UT Rio Grande Valley,18,35,165,4.7,0,1,,6,0.5142857142857142
5081856,Nate Glantz,Lindenwood,Big South-OVC,UT Martin,12,17,227,13.4,3,0,,6,0.7058823529411765
4709012,Jase Bauer,UT Martin,Big South-OVC,Lindenwood,17,22,124,5.6,0,0,,6,0.7727272727272727
4801302,Julian Calvez,UT Martin,Big South-OVC,Lindenwood,9,12,44,3.7,1,0,,6,0.75
4878822,Jaylon Tolbert,Alcorn State,SWAC,Prairie View A&M,11,22,176,8.0,0,1,,6,0.5
5227681,Cameron Peters,Prairie View A&M,SWAC,Alcorn State,15,22,117,5.3,0,0,,6,0.6818181818181818
4801301,Tevin Carter,Prairie View A&M,SWAC,Alcorn State,8,11,68,6.2,0,0,,6,0.7272727272727273
4568411,Cornelious Brown,Alabama A&M,SWAC,Jackson State,26,39,341,8.7,2,1,,6,0.6666666666666666
4612078,JaCobian Morgan,Jackson State,SWAC,Alabama A&M,21,30,314,10.5,4,0,,6,0.7
5232131,KJ Cooper,Texas Southern,SWAC,Arkansas-Pine Bluff,16,23,197,8.6,2,1,,6,0.6956521739130435
5303362,Christian Peters,Arkansas-Pine Bluff,SWAC,Texas Southern,14,26,116,4.5,1,1,,6,0.5384615384615384
4870889,Chris Parson,Austin Peay,UAC,West Georgia,16,26,346,13.3,3,1,,6,0.6153846153846154
4836476,Davin Wydner,West Georgia,UAC,Austin Peay,11,17,132,7.8,1,0,,6,0.6470588235294118
4880196,Colton FitzGerald,West Georgia,UAC,Austin Peay,7,20,63,3.2,0,1,,6,0.35
5212654,Braden Atkinson,Mercer,Southern,Samford,22,35,365,10.4,5,0,,6,0.6285714285714286
5212705,Brady Stober,Samford,Southern,Mercer,14,22,234,10.6,2,1,,6,0.6363636363636364
4877380,Quincy Crittendon,Samford,Southern,Mercer,8,11,47,4.3,0,0,,6,0.7272727272727273
5084348,Colin Parachek,UAlbany,CAA,Stony Brook,5,18,82,4.6,0,1,,6,0.2777777777777778
5082909,Aidan Semo,UAlbany,CAA,Stony Brook,3,5,66,13.2,1,0,,6,0.6
4884392,Christopher Zellous,Stony Brook,CAA,UAlbany,20,30,241,8.0,1,0,,6,0.6666666666666666
4607891,Ryan Stubblefield,South Carolina State,MEAC,Savannah State,14,30,206,6.9,2,0,,6,0.4666666666666667
4877811,Billy Atkins,South Carolina State,MEAC,Savannah State,9,11,162,14.7,3,0,,6,0.8181818181818182
5166450,Christian Burks,Savannah State,SIAC,South Carolina State,11,21,116,5.5,0,1,,6,0.5238095238095238
5297654,Rashawn Truell,Savannah State,SIAC,South Carolina State,2,13,26,2.0,0,1,,6,0.15384615384615385
4429463,Jacolby Criswell,East Tennessee State,Southern,Furman,7,14,100,7.1,0,1,,6,0.5
4427455,Cade McNamara,East Tennessee State,Southern,Furman,2,7,11,1.6,0,0,,6,0.2857142857142857
5224084,Trey Hedden,Furman,Southern,East Tennessee State,36,49,358,7.3,2,1,,6,0.7346938775510204
5298787,Byron McNair,Tennessee State,Big South-OVC,Eastern Illinois,16,20,205,10.3,1,1,,6,0.8
5225271,Connor Wolf,Eastern Illinois,Big South-OVC,Tennessee State,13,20,134,6.7,2,0,,6,0.65
4691272,Stone Earle,Abilene Christian,UAC,North Alabama,22,32,261,8.2,4,1,,6,0.6875
4682642,D.C. Tabscott,North Alabama,UAC,Abilene Christian,11,24,134,5.6,2,0,,6,0.4583333333333333
4592531,Ari Patu,North Alabama,UAC,Abilene Christian,3,6,20,3.3,0,0,,6,0.5
5164567,Kevin White,North Carolina A&T,CAA,William & Mary,20,28,225,8.0,1,0,,6,0.7142857142857143
4838536,Tyler Hughes,William & Mary,CAA,North Carolina A&T,7,14,157,11.2,2,0,,6,0.5
4899468,Kaden Anderson,Wyoming,Mountain West,UNLV,25,46,254,5.5,1,1,32.3,6,0.5434782608695652
5044387,Anthony Colandrea,UNLV,Mountain West,Wyoming,11,20,102,5.1,1,0,27.0,6,0.55
4879058,Joe Pesansky,Florida International,Conference USA,UConn,7,12,100,8.3,0,2,14.6,6,0.5833333333333334
5085337,Keyone Jenkins,Florida International,Conference USA,UConn,15,24,74,3.1,0,1,13.8,6,0.625
4429582,Joe Fagnano,UConn,FBS Independents,Florida International,22,28,355,12.7,4,0,88.9,6,0.7857142857142857
4695113,Otto Kuhns,Norfolk State,MEAC,Hampton,15,26,242,9.3,3,0,,6,0.5769230769230769
4685309,Braden Davis,Hampton,CAA,Norfolk State,16,28,202,7.2,1,1,,6,0.5714285714285714
5085784,Chase Mason,South Dakota State,MVFC,Youngstown State,14,29,189,6.5,1,1,,6,0.4827586206896552
5109518,Beau Brungard,Youngstown State,MVFC,South Dakota State,29,44,275,6.3,3,0,,6,0.6590909090909091
5226585,Abram Johnston,Northwestern State,Southland,East Texas A&M,13,27,124,4.6,0,1,,6,0.48148148148148145
5230098,Ron Peace,East Texas A&M,Southland,Northwestern State,14,19,268,14.1,1,1,,6,0.7368421052631579
4684502,Justin Lamson,Montana State,Big Sky,Northern Arizona,13,19,213,11.2,2,0,,6,0.6842105263157895
5225414,Ty Pennington,Northern Arizona,Big Sky,Montana State,28,47,210,4.5,0,1,,6,0.5957446808510638
5226019,Caden Pinnick,UC Davis,Big Sky,Cal Poly,21,26,313,12.0,3,0,,6,0.8076923076923077
5083145,Bo Kelly,Cal Poly,Big Sky,UC Davis,20,37,251,6.8,2,0,,6,0.5405405405405406
4685334,A.J. Duffy,New Haven,NEC,Pace,19,24,142,5.9,1,1,,6,0.7916666666666666
5299564,Ethan Coady,Pace,Northeast 10,New Haven,15,26,232,8.9,1,1,,6,0.5769230769230769
5154161,Garrett Bass-Sulpizio,Cornell,Ivy,Colgate,23,38,225,5.9,1,2,,6,0.6052631578947368
5089309,Jake Stearney,Colgate,Patriot,Cornell,16,25,206,8.2,4,0,,6,0.64
4887151,Andrew Body,Alabama State,SWAC,Bethune-Cookman,11,16,171,10.7,2,0,,6,0.6875
4433969,Timmy McClain,Bethune-Cookman,SWAC,Alabama State,25,34,266,7.8,2,1,,6,0.7352941176470589
4565189,Cam Ransom,Bethune-Cookman,SWAC,Alabama State,2,6,96,16.0,1,0,,6,0.3333333333333333
5301657,Andrew Indorf,Towson,CAA,Elon,20,32,257,8.0,0,1,,6,0.625
5224789,Landen Clark,Elon,CAA,Towson,15,25,181,7.2,0,1,,6,0.6
4870799,Nico Iamaleava,UCLA,Big Ten,Penn State,17,24,166,6.9,2,0,96.7,6,0.7083333333333334
4714771,Drew Allar,Penn State,Big Ten,UCLA,19,26,200,7.7,2,0,81.8,6,0.7307692307692307
5141395,EJ Colson,Incarnate Word,Southland,Stephen F. Austin,35,46,306,6.7,1,1,,6,0.7608695652173914
4683311,Sam Vidlak,Stephen F. Austin,Southland,Incarnate Word,19,26,261,10.0,3,0,,6,0.7307692307692307
4431387,Evan Simon,Temple,American Athletic,UTSA,16,25,181,7.2,2,0,70.9,6,0.64
4775136,Owen McCown,UTSA,American Athletic,Temple,25,37,234,6.3,2,2,40.8,6,0.6756756756756757
4429149,Brendon Lewis,Memphis,American Athletic,Tulsa,22,30,266,8.9,3,2,76.1,6,0.7333333333333333
5151618,Kirk Francis,Tulsa,American Athletic,Memphis,20,34,175,5.1,1,3,44.9,6,0.5882352941176471
4697094,DJ Williams,Southern Illinois,MVFC,Indiana State,19,31,226,7.3,2,0,,6,0.6129032258064516
5227733,Brock Riddle,Indiana State,MVFC,Southern Illinois,7,17,80,4.7,0,1,,6,0.4117647058823529
5085026,Keegan Patterson,Indiana State,MVFC,Southern Illinois,6,9,44,4.9,0,0,,6,0.6666666666666666
4432759,Sawyer Robertson,Baylor,Big 12,Kansas State,25,39,345,8.8,2,1,76.8,6,0.6410256410256411
4870857,Avery Johnson,Kansas State,Big 12,Baylor,29,45,339,7.5,2,1,74.0,6,0.6444444444444445
4801717,Noah Fifita,Arizona,Big 12,Oklahoma State,28,38,376,9.9,5,1,66.9,6,0.7368421052631579
4702829,Braedyn Locke,Arizona,Big 12,Oklahoma State,3,5,57,11.4,0,1,3.2,6,0.6
4923267,Zane Flores,Oklahoma State,Big 12,Arizona,9,20,47,2.4,0,1,26.3,6,0.45
4874527,Sam Jackson,Oklahoma State,Big 12,Arizona,3,6,27,4.5,0,0,47.5,6,0.5
5155528,Jerry Kaminski,North Dakota,MVFC,Northern Iowa,20,23,246,10.7,4,0,,6,0.8695652173913043
5085754,Matthew Schecklman,Northern Iowa,MVFC,North Dakota,27,40,201,5.0,1,1,,6,0.675
4915622,Jake Strong,McNeese,Southland,SE Louisiana,5,14,37,2.6,0,2,,6,0.35714285714285715
4695784,Carson Camp,SE Louisiana,Southland,McNeese,10,12,173,14.4,1,0,,6,0.8333333333333334
4685440,Kyle Lowe,SE Louisiana,Southland,McNeese,5,8,94,11.8,1,0,,6,0.625
5152110,Nate Bell,Eastern Washington,Big Sky,Portland State,10,18,95,5.3,1,1,,6,0.5555555555555556
5075571,John-Keawe Sagapolutele,Portland State,Big Sky,Eastern Washington,28,45,302,6.7,1,1,,6,0.6222222222222222
5141695,Malik Washington,Maryland,Big Ten,Washington,30,49,219,4.5,1,1,59.0,6,0.6122448979591837
5079653,Demond Williams Jr.,Washington,Big Ten,Maryland,28,41,275,6.7,2,1,74.0,6,0.6829268292682927
4432767,Preston Stone,Northwestern,Big Ten,UL Monroe,20,31,262,8.5,3,0,89.0,6,0.6451612903225806
5122054,Aidan Armenta,UL Monroe,Sun Belt,Northwestern,10,19,129,6.8,1,0,56.6,6,0.5263157894736842
4683291,Joey Labas,Central Michigan,Mid-American,Akron,12,21,134,6.4,0,0,20.0,6,0.5714285714285714
4431091,Ben Finley,Akron,Mid-American,Central Michigan,18,29,252,8.7,3,1,66.6,6,0.6206896551724138
5079465,Michael Hawkins Jr.,Oklahoma,SEC,Kent State,14,24,162,6.8,3,0,64.3,6,0.5833333333333334
4685693,Devin Kargman,Kent State,Mid-American,Oklahoma,8,16,74,4.6,0,1,15.3,6,0.5
5080403,Jaylen Raynor,Arkansas State,Sun Belt,Texas State,27,35,248,7.1,2,0,62.3,6,0.7714285714285715
5148803,Brad Jackson,Texas State,Sun Belt,Arkansas State,18,26,230,8.8,1,0,66.5,6,0.6923076923076923
4878912,Hunter Simmons,Wisconsin,Big Ten,Michigan,18,29,177,6.1,0,1,56.2,6,0.6206896551724138
5141741,Bryce Underwood,Michigan,Big Ten,Wisconsin,19,28,270,9.6,1,0,67.1,6,0.6785714285714286
4427191,Dequan Finn,Miami (OH),Mid-American,Northern Illinois,14,26,170,6.5,1,0,51.1,6,0.5384615384615384
5210128,Brady Davidson,Northern Illinois,Mid-American,Miami (OH),13,28,106,3.8,1,1,11.6,6,0.4642857142857143
4870971,Marcel Reed,Texas A&M,SEC,Mississippi State,13,23,180,7.8,2,1,56.7,6,0.5652173913043478
4565315,Blake Shapen,Mississippi State,SEC,Texas A&M,15,20,142,7.1,1,1,51.2,6,0.75
5158746,Jordan Cooke,Idaho State,Big Sky,Montana,33,54,421,7.8,2,1,,6,0.6111111111111112
5153708,Keali'i Ah Yat,Montana,Big Sky,Idaho State,23,40,350,8.8,1,1,,6,0.575
4808719,Zach Wilcke,Charlotte,American Athletic,South Florida,14,18,150,8.3,2,1,83.4,6,0.7777777777777778
4915837,Grayson Loftis,Charlotte,American Athletic,South Florida,2,11,-1,-0.1,0,1,1.5,6,0.18181818181818182
4880272,Byrum Brown,South Florida,American Athletic,Charlotte,19,34,211,6.2,4,2,47.2,6,0.5588235294117647
4685522,Ty Simpson,Alabama,SEC,Vanderbilt,23,31,340,11.0,2,1,80.1,6,0.7419354838709677
5084180,Diego Pavia,Vanderbilt,SEC,Alabama,21,35,198,5.7,1,1,53.9,6,0.6
4870883,J.J. Kohl,App State,Sun Belt,Oregon State,13,28,218,7.8,1,0,33.5,6,0.4642857142857143
4685497,Maalik Murphy,Oregon State,Pac-12,App State,30,45,358,8.0,2,2,72.6,6,0.6666666666666666
5079369,C.J. Carr,Notre Dame,FBS Independents,Boise State,15,23,189,8.2,2,0,74.7,6,0.6521739130434783
4870513,Maddux Madsen,Boise State,Mountain West,Notre Dame,22,37,215,5.8,0,4,43.9,6,0.5945945945945946
4685401,Josh Hoover,TCU,Big 12,Colorado,23,33,275,8.3,4,0,78.2,6,0.696969696969697
4432803,Kaidon Salter,Colorado,Big 12,TCU,18,29,217,7.5,2,3,63.4,6,0.6206896551724138
4610131,Parker Navarro,Ohio,Mid-American,Ball State,16,29,188,6.5,1,0,34.9,6,0.5517241379310345
4431416,Kiael Kelly,Ball State,Mid-American,Ohio,17,33,185,5.6,1,0,57.4,6,0.5151515151515151
4565187,Jalen Kitna,UAB,American Athletic,Army,24,42,259,6.2,1,1,25.2,6,0.5714285714285714
4912119,Tucker Kilcrease,Troy,Sun Belt,South Alabama,13,21,203,9.7,2,1,67.3,6,0.6190476190476191
4869553,Bishop Davenport,South Alabama,Sun Belt,Troy,10,15,104,6.9,2,0,60.4,6,0.6666666666666666
4986096,Chase Jenkins,Rice,American Athletic,Florida Atlantic,12,17,137,8.1,1,0,59.0,6,0.7058823529411765
4869991,Caden Veltkamp,Florida Atlantic,American Athletic,Rice,23,33,290,8.8,3,1,86.1,6,0.696969696969697
5158251,Khalil Wilkins,West Virginia,Big 12,BYU,7,15,81,5.4,0,2,35.8,6,0.4666666666666667
5141367,Bear Bachmeier,BYU,Big 12,West Virginia,18,25,351,14.0,1,1,87.9,6,0.72
4697512,Robby Ashford,Wake Forest,ACC,Virginia Tech,24,39,256,6.6,1,1,53.0,6,0.6153846153846154
4678010,Kyron Drones,Virginia Tech,ACC,Wake Forest,14,28,111,4.0,1,1,27.0,6,0.5
5079301,CJ Bailey,NC State,ACC,Campbell,20,23,337,14.7,4,0,94.4,6,0.8695652173913043
4875128,Lex Thomas,NC State,ACC,Campbell,2,6,18,3.0,0,0,2.1,6,0.3333333333333333
5148611,Will Wilson,NC State,ACC,Campbell,3,5,16,3.2,0,1,82.1,6,0.6
5154962,Kamden Sixkiller,Campbell,CAA,NC State,12,22,87,4.0,1,0,,6,0.5454545454545454
5299305,Jalen Ferguson,Campbell,CAA,NC State,7,9,34,3.8,0,0,,6,0.7777777777777778
5154911,Aiden McCown,Lamar,Southland,Nicholls,12,22,237,10.8,1,1,,6,0.5454545454545454
4429191,Deuce Hogan,Nicholls,Southland,Lamar,21,38,166,4.4,0,0,,6,0.5526315789473685
4870906,Arch Manning,Texas,SEC,Florida,16,29,263,9.1,2,2,70.5,6,0.5517241379310345
5079555,D.J. Lagway,Florida,SEC,Texas,21,28,298,10.6,2,1,94.9,6,0.75
4690158,Noah Kim,Eastern Michigan,Mid-American,Buffalo,19,31,168,5.4,2,0,49.3,6,0.6129032258064516
4427313,Ta'Quan Roberson,Buffalo,Mid-American,Eastern Michigan,19,38,272,7.2,3,0,36.6,6,0.5
5079712,Julian Sayin,Ohio State,Big Ten,Minnesota,23,27,326,12.1,3,0,97.4,6,0.8518518518518519
5144959,Drake Lindsey,Minnesota,Big Ten,Ohio State,15,26,94,3.6,0,0,70.1,6,0.5769230769230769
4685311,Jayden Denegal,San Diego State,Mountain West,Colorado State,13,16,256,16.0,2,0,99.2,6,0.8125
5054036,Jackson Brousseau,Colorado State,Mountain West,San Diego State,13,25,155,6.2,1,0,32.9,6,0.52
5122401,Darius Curry,Colorado State,Mountain West,San Diego State,5,5,51,10.2,1,0,95.8,6,1.0
5208095,Mason Heintschel,Pittsburgh,ACC,Boston College,30,41,323,7.9,4,0,87.9,6,0.7317073170731707
4870900,Dylan Lonergan,Boston College,ACC,Pittsburgh,9,18,89,4.9,0,0,21.6,6,0.5
4567707,Grayson James,Boston College,ACC,Pittsburgh,2,9,30,3.3,0,1,3.7,6,0.2222222222222222
5074245,Broc Lowry,Western Michigan,Mid-American,Massachusetts,18,25,163,6.5,1,0,58.8,6,0.72
5146355,AJ Hairston,Massachusetts,Mid-American,Western Michigan,11,18,131,7.3,0,1,5.2,6,0.6111111111111112
4804885,Brandon Rose,Massachusetts,Mid-American,Western Michigan,9,17,72,4.2,0,0,12.3,6,0.5294117647058824
5075805,Aidan Chiles,Michigan State,Big Ten,Nebraska,9,23,85,3.7,0,2,65.6,6,0.391304347826087
5146670,Alessio Milivojevic,Michigan State,Big Ten,Nebraska,6,7,71,10.1,1,0,99.4,6,0.8571428571428571
5079572,Dylan Raiola,Nebraska,Big Ten,Michigan State,16,24,194,8.1,1,1,18.9,6,0.6666666666666666
4685578,Gunner Stockton,Georgia,SEC,Kentucky,15,23,196,8.5,1,1,92.8,6,0.6521739130434783
5141378,Cutter Boley,Kentucky,SEC,Georgia,25,41,225,5.5,2,1,76.9,6,0.6097560975609756
5084084,Kevin Jennings,SMU,ACC,Syracuse,29,35,285,8.1,4,1,86.0,6,0.8285714285714286
4870645,Rickie Collins,Syracuse,ACC,SMU,22,45,279,6.2,1,3,37.7,6,0.4888888888888889
4596472,Jalon Daniels,Kansas,Big 12,UCF,18,26,235,9.0,0,0,78.0,6,0.6923076923076923
4801307,Tayven Jackson,UCF,Big 12,Kansas,14,23,97,4.2,0,0,30.8,6,0.6086956521739131
4700135,Cam Fancher,UCF,Big 12,Kansas,8,14,79,5.6,0,0,27.1,6,0.5714285714285714
5164313,Jaron-Keawe Sagapolutele,California,ACC,Duke,20,31,245,7.9,1,3,29.8,6,0.6451612903225806
5121169,Darian Mensah,Duke,ACC,California,22,30,265,8.8,2,0,86.6,6,0.7333333333333333
4899046,Brendan Sorsby,Cincinnati,Big 12,Iowa State,13,25,214,8.6,2,0,86.0,6,0.52
4801299,Rocco Becht,Iowa State,Big 12,Cincinnati,30,48,314,6.5,2,0,47.2,6,0.625
4431580,Miller Moss,Louisville,ACC,Virginia,34,48,329,6.9,2,1,54.2,6,0.7083333333333334
4692530,Chandler Morris,Virginia,ACC,Louisville,19,31,149,4.8,1,0,50.2,6,0.6129032258064516
4694149,Walker Eget,San José State,Mountain West,New Mexico,26,30,334,11.1,3,0,92.7,6,0.8666666666666667
5083171,Jack Layne,New Mexico,Mountain West,San José State,28,40,344,8.6,0,3,53.5,6,0.7
4870518,Zeon Chriss,Houston,Big 12,Texas Tech,5,13,93,7.2,1,1,39.1,6,0.38461538461538464
4685574,Conner Weigman,Houston,Big 12,Texas Tech,5,12,71,5.9,0,1,27.0,6,0.4166666666666667
4431465,Behren Morton,Texas Tech,Big 12,Houston,28,40,345,8.6,1,0,76.6,6,0.7
5225902,Hayden Johnson,Lehigh,Patriot,Yale,8,15,174,11.6,2,0,,6,0.5333333333333333
5079683,Dante Reno,Yale,Ivy,Lehigh,25,38,247,6.5,2,2,,6,0.6578947368421053
5155943,James Murphy,Brown,Ivy,Rhode Island,20,27,201,7.4,2,0,,6,0.7407407407407407
4715345,Devin Farrell,Rhode Island,CAA,Brown,30,44,353,8.0,3,2,,6,0.6818181818181818
4875855,Ralph Rucker,Bucknell,Patriot,Richmond,24,34,284,8.4,1,0,,6,0.7058823529411765
5083373,Ashten Snelsire,Richmond,Patriot,Bucknell,16,27,307,11.4,4,3,,6,0.5925925925925926
5081504,Blake Horvath,Navy,American Athletic,Air Force,20,26,339,13.0,3,0,71.2,6,0.7692307692307693
5238868,Liam Szarka,Air Force,Mountain West,Navy,11,19,212,11.2,2,0,80.7,6,0.5789473684210527
5106897,Jack O'Connell,Stonehill,NEC,Duquesne,20,34,139,4.1,1,1,,6,0.5882352941176471
4777154,Tyler Riddell,Duquesne,NEC,Stonehill,19,31,231,7.5,3,0,,6,0.6129032258064516
5088964,Sonny Mannino,Marist,Pioneer,San Diego,22,41,292,7.1,2,1,,6,0.5365853658536586
5165884,Dom Nankil,San Diego,Pioneer,Marist,12,25,127,5.1,2,0,,6,0.48
4868721,Tyler Voss,San Diego,Pioneer,Marist,4,13,22,1.7,0,0,,6,0.3076923076923077
5083490,Ayden Pereira,Merrimack,FCS Independents,Robert Morris,5,13,73,5.6,0,1,,6,0.38461538461538464
5298328,Cooper Panteck,Robert Morris,NEC,Merrimack,11,21,120,5.7,1,2,,6,0.5238095238095238
5225700,Jack Snyder,Sacred Heart,FCS Independents,Central Connecticut,17,27,218,8.1,2,0,,6,0.6296296296296297
4683471,Brady Olson,Central Connecticut,NEC,Sacred Heart,28,40,323,8.1,4,0,,6,0.7
4597679,Luke Altmyer,Illinois,Big Ten,Purdue,19,22,390,17.7,1,0,90.9,6,0.8636363636363636
5104738,Ryan Browne,Purdue,Big Ten,Illinois,30,50,302,6.0,1,0,60.3,6,0.6
4714771,Drew Allar,Penn State,Big Ten,Northwestern,13,20,137,6.9,0,1,52.7,7,0.65
4432767,Preston Stone,Northwestern,Big Ten,Penn State,17,26,163,6.3,1,0,73.3,7,0.6538461538461539
4878912,Hunter Simmons,Wisconsin,Big Ten,Iowa,8,21,82,3.9,0,2,0.8,7,0.38095238095238093
4695400,Mark Gronowski,Iowa,Big Ten,Wisconsin,17,24,107,4.5,0,1,36.7,7,0.7083333333333334
4685454,Jayden Maiava,USC,Big Ten,Michigan,25,32,265,8.3,2,1,89.4,7,0.78125
5141741,Bryce Underwood,Michigan,Big Ten,USC,15,24,207,8.6,2,1,61.8,7,0.625
4916436,E.J. Warner,Fresno State,Mountain West,Colorado State,28,49,350,7.1,3,3,26.2,7,0.5714285714285714
5054036,Jackson Brousseau,Colorado State,Mountain West,Fresno State,12,18,144,8.0,3,0,81.1,7,0.6666666666666666
4913758,Dijon Jennings,Weber State,Big Sky,Sacramento State,16,28,157,5.6,1,0,,7,0.5714285714285714
4872721,Cardell Williams,Sacramento State,Big Sky,Weber State,5,9,53,5.9,0,0,,7,0.5555555555555556
4612078,JaCobian Morgan,Jackson State,SWAC,Alabama State,16,23,187,8.1,4,1,,7,0.6956521739130435
4887151,Andrew Body,Alabama State,SWAC,Jackson State,20,30,349,11.6,1,1,,7,0.6666666666666666
5153708,Keali'i Ah Yat,Montana,Big Sky,Cal Poly,27,41,257,6.3,1,1,,7,0.6585365853658537
5092275,Ty Dieffenbach,Cal Poly,Big Sky,Montana,15,33,225,6.8,1,4,,7,0.45454545454545453
5083145,Bo Kelly,Cal Poly,Big Sky,Montana,1,6,0,0.0,0,0,,7,0.16666666666666666
5165112,Jack Wagner,Idaho,Big Sky,Northern Colorado,21,33,237,7.2,1,2,,7,0.6363636363636364
5300801,Eric Gibson Jr.,Northern Colorado,Big Sky,Idaho,22,34,350,10.3,2,0,,7,0.6470588235294118
4592531,Ari Patu,North Alabama,UAC,Central Arkansas,12,19,111,5.8,1,2,,7,0.631578947368421
4685698,Destin Wade,North Alabama,UAC,Central Arkansas,7,23,86,3.7,1,0,,7,0.30434782608695654
5085356,Austin Myers,Central Arkansas,UAC,North Alabama,11,22,232,10.5,3,0,,7,0.5
5083490,Ayden Pereira,Merrimack,FCS Independents,Maine,14,19,129,6.8,1,0,,7,0.7368421052631579
4576189,Aveon Smith,Merrimack,FCS Independents,Maine,1,6,0,0.0,0,2,,7,0.16666666666666666
4692052,Carter Peevy,Maine,CAA,Merrimack,12,25,159,6.4,0,1,,7,0.48
4714009,Myles Burkett,Eastern Kentucky,UAC,Austin Peay,18,24,175,7.3,0,0,,7,0.75
4870889,Chris Parson,Austin Peay,UAC,Eastern Kentucky,22,37,283,7.6,1,1,,7,0.5945945945945946
4879250,Cole Payton,North Dakota State,MVFC,Southern Illinois,13,16,243,15.2,1,0,,7,0.8125
4697094,DJ Williams,Southern Illinois,MVFC,North Dakota State,15,29,190,6.6,0,1,,7,0.5172413793103449
5155528,Jerry Kaminski,North Dakota,MVFC,Youngstown State,17,27,146,5.4,3,0,,7,0.6296296296296297
5109518,Beau Brungard,Youngstown State,MVFC,North Dakota,18,33,269,8.2,2,0,,7,0.5454545454545454
5089309,Jake Stearney,Colgate,Patriot,Richmond,25,45,322,7.2,2,1,,7,0.5555555555555556
5083373,Ashten Snelsire,Richmond,Patriot,Colgate,13,19,199,10.5,1,0,,7,0.6842105263157895
4868460,Jake Mcnamara,East Tennessee State,Southern,VMI,8,14,176,12.6,2,1,,7,0.5714285714285714
4429463,Jacolby Criswell,East Tennessee State,Southern,VMI,7,11,36,3.3,0,0,,7,0.6363636363636364
5083941,Collin Shannon,VMI,Southern,East Tennessee State,7,16,41,2.6,0,1,,7,0.4375
5168665,Chandler Wilson,VMI,Southern,East Tennessee State,1,10,4,0.4,0,0,,7,0.1
5298328,Cooper Panteck,Robert Morris,NEC,Central Connecticut,16,30,223,7.4,0,2,,7,0.5333333333333333
5227166,Jake Wolfe,Robert Morris,NEC,Central Connecticut,9,12,133,11.1,1,0,,7,0.75
4683471,Brady Olson,Central Connecticut,NEC,Robert Morris,19,34,187,5.5,1,0,,7,0.5588235294117647
5155398,Grayson Saunier,Dartmouth,Ivy,Yale,15,22,158,7.2,0,0,,7,0.6818181818181818
5079683,Dante Reno,Yale,Ivy,Dartmouth,19,32,196,6.1,2,1,,7,0.59375
5301816,Jett Peddy,Florida A&M,SWAC,North Carolina Central,11,26,154,5.9,0,3,,7,0.4230769230769231
4696880,Walker Harris,North Carolina Central,MEAC,Florida A&M,21,27,278,10.3,2,1,,7,0.7777777777777778
5227656,Javion Martin,North Carolina Central,MEAC,Florida A&M,1,5,12,2.4,0,0,,7,0.2
4685334,A.J. Duffy,New Haven,NEC,Western Connecticut State,15,21,354,16.9,4,0,,7,0.7142857142857143
5309202,Dylan Jackson,Western Connecticut State,Landmark Conference,New Haven,6,15,61,4.1,0,1,,7,0.4
5309283,Matthew Xiques,Western Connecticut State,Landmark Conference,New Haven,2,7,41,5.9,0,1,,7,0.2857142857142857
4911929,Alonza Barnett,James Madison,Sun Belt,Louisiana,26,40,290,7.3,3,1,58.7,7,0.65
4871091,D'Wayne' Winfield,Louisiana,Sun Belt,James Madison,14,28,243,8.7,2,1,53.6,7,0.5
5085644,Coulter Cleland,Davidson,Pioneer,St. Thomas (MN),22,33,252,7.6,2,1,,7,0.6666666666666666
4686848,Andy Peters,St. Thomas (MN),Pioneer,Davidson,10,13,190,14.6,1,0,,7,0.7692307692307693
5226243,Ryan Jackson,St. Thomas (MN),Pioneer,Davidson,5,6,29,4.8,1,0,,7,0.8333333333333334
5230073,Cobey Thompkins,The Citadel,Southern,Valdosta State,2,6,40,6.7,0,1,,7,0.3333333333333333
5082571,Jameson Holcomb,Valdosta State,Gulf South,The Citadel,21,31,144,4.6,0,0,,7,0.6774193548387096
4868721,Tyler Voss,San Diego,Pioneer,Drake,14,28,109,3.9,0,0,,7,0.5
5225940,Chase Spellman,Drake,Pioneer,San Diego,14,21,128,6.1,0,0,,7,0.6666666666666666
4880196,Colton FitzGerald,West Georgia,UAC,Abilene Christian,15,28,241,8.6,1,0,,7,0.5357142857142857
5084545,Bryson Dickerson,West Georgia,UAC,Abilene Christian,4,10,38,3.8,0,1,,7,0.4
4691272,Stone Earle,Abilene Christian,UAC,West Georgia,21,32,241,7.5,3,0,,7,0.65625
4691966,Maddox Kopp,Houston Christian,Southland,Northwestern State,6,15,73,4.9,1,0,,7,0.4
4880516,Jake Weir,Houston Christian,Southland,Northwestern State,7,9,44,4.9,0,0,,7,0.7777777777777778
5226585,Abram Johnston,Northwestern State,Southland,Houston Christian,15,32,124,3.9,2,2,,7,0.46875
5164721,Zolten Osbourne,Charleston Southern,Big South-OVC,Tennessee Tech,11,24,80,3.3,1,1,,7,0.4583333333333333
5298248,Lek Powell,Charleston Southern,Big South-OVC,Tennessee Tech,3,9,61,6.8,0,0,,7,0.3333333333333333
4876140,Kekoa Visperas,Tennessee Tech,Big South-OVC,Charleston Southern,17,27,157,5.8,1,2,,7,0.6296296296296297
5227733,Brock Riddle,Indiana State,MVFC,South Dakota,13,23,125,5.4,2,0,,7,0.5652173913043478
4429179,Aidan Bouman,South Dakota,MVFC,Indiana State,16,25,186,7.4,0,0,,7,0.64
5225743,Johnny Weber,Southeast Missouri State,Big South-OVC,Tennessee State,24,39,283,7.3,2,2,,7,0.6153846153846154
5298787,Byron McNair,Tennessee State,Big South-OVC,Southeast Missouri State,15,32,175,5.5,0,0,,7,0.46875
5120906,Caleb Mccreary,Tennessee State,Big South-OVC,Southeast Missouri State,3,8,50,6.3,0,1,,7,0.375
5089335,Rowan Keefe,Valparaiso,Pioneer,Dayton,5,6,113,18.8,1,1,,7,0.8333333333333334
5157537,Caron Tyler,Valparaiso,Pioneer,Dayton,14,22,94,4.3,0,1,,7,0.6363636363636364
5154881,Bryce Schondelmyer,Dayton,Pioneer,Valparaiso,15,22,202,9.2,3,0,,7,0.6818181818181818
4565189,Cam Ransom,Bethune-Cookman,SWAC,Southern,27,36,254,7.1,2,0,,7,0.75
4917305,Cam'Ron McCoy,Southern,SWAC,Bethune-Cookman,5,12,101,8.4,1,0,,7,0.4166666666666667
5308438,Ashton Strother,Southern,SWAC,Bethune-Cookman,9,13,101,7.8,1,0,,7,0.6923076923076923
5113896,Cole Lacrue,Eastern Illinois,Big South-OVC,Gardner-Webb,11,23,95,4.1,0,0,,7,0.4782608695652174
5225271,Connor Wolf,Eastern Illinois,Big South-OVC,Gardner-Webb,2,7,13,1.9,0,0,,7,0.2857142857142857
4602968,Nate Hampton,Gardner-Webb,Big South-OVC,Eastern Illinois,14,22,195,8.9,1,0,,7,0.6363636363636364
5220424,Hunter Watson,Sam Houston,Conference USA,Jacksonville State,12,19,136,7.2,3,0,44.5,7,0.631578947368421
5122157,Caden Creel,Jacksonville State,Conference USA,Sam Houston,13,17,129,7.6,0,0,41.2,7,0.7647058823529411
5079572,Dylan Raiola,Nebraska,Big Ten,Maryland,20,29,260,9.0,4,3,79.3,7,0.6896551724137931
5141695,Malik Washington,Maryland,Big Ten,Nebraska,27,37,249,6.7,1,0,74.7,7,0.7297297297297297
4775136,Owen McCown,UTSA,American Athletic,Rice,15,21,236,11.2,3,0,87.8,7,0.7142857142857143
5219898,Drew Devillier,Rice,American Athletic,UTSA,3,6,19,3.2,0,0,12.1,7,0.5
5265447,Patrick Crayton Jr.,Rice,American Athletic,UTSA,3,6,3,0.5,0,1,0.1,7,0.5
4685696,Beau Pribula,Missouri,SEC,Alabama,16,28,167,6.0,2,2,78.6,7,0.5714285714285714
4685522,Ty Simpson,Alabama,SEC,Missouri,23,31,200,6.5,3,0,77.6,7,0.7419354838709677
4431091,Ben Finley,Akron,Mid-American,Miami (OH),21,39,211,5.4,1,1,30.7,7,0.5384615384615384
4427191,Dequan Finn,Miami (OH),Mid-American,Akron,14,25,203,8.1,1,1,58.0,7,0.56
5151218,Lucian Anderson III,Bowling Green,Mid-American,Toledo,9,16,92,5.8,2,1,47.8,7,0.5625
4429801,Tucker Gleason,Toledo,Mid-American,Bowling Green,19,30,264,8.8,1,1,39.5,7,0.6333333333333333
4690158,Noah Kim,Eastern Michigan,Mid-American,Northern Illinois,19,32,147,4.6,1,1,44.9,7,0.59375
5210128,Brady Davidson,Northern Illinois,Mid-American,Eastern Michigan,11,26,94,3.6,0,1,3.7,7,0.4230769230769231
5119841,Dru Deshields,Kent State,Mid-American,Massachusetts,10,18,148,8.2,4,0,19.9,7,0.5555555555555556
5146355,AJ Hairston,Massachusetts,Mid-American,Kent State,26,48,227,4.7,0,1,12.7,7,0.5416666666666666
5083569,Jaden Craig,Harvard,Ivy,Cornell,21,37,237,6.4,1,1,,7,0.5675675675675675
5154161,Garrett Bass-Sulpizio,Cornell,Ivy,Harvard,18,30,127,4.2,0,1,,7,0.6
5157426,Jaden Keefner,Bryant,CAA,Brown,16,27,162,6.0,1,1,,7,0.5925925925925926
5155943,James Murphy,Brown,Ivy,Bryant,29,44,336,7.6,1,1,,7,0.6590909090909091
4832918,Ethan Vasko,Liberty,Conference USA,UTEP,19,33,243,7.4,0,0,69.2,7,0.5757575757575758
5083042,Skyler Locklear,UTEP,Conference USA,Liberty,9,17,90,5.3,0,2,56.3,7,0.5294117647058824
4870928,Malachi Nelson,UTEP,Conference USA,Liberty,4,10,21,2.1,0,0,3.5,7,0.4
4565355,Dexter Williams II,Kennesaw State,Conference USA,Louisiana Tech,27,36,290,8.1,4,0,80.7,7,0.75
5076949,Evan Bullock,Louisiana Tech,Conference USA,Kennesaw State,11,21,112,5.3,0,1,9.6,7,0.5238095238095238
5150998,Blake Baker,Louisiana Tech,Conference USA,Kennesaw State,6,11,46,4.2,0,0,69.8,7,0.5454545454545454
4600403,Braylon Braxton,Southern Miss,Sun Belt,Georgia Southern,19,28,237,8.5,2,0,63.9,7,0.6785714285714286
4685345,JC French,Georgia Southern,Sun Belt,Southern Miss,24,43,313,7.3,2,3,44.7,7,0.5581395348837209
4876066,Zevi Eckhaus,Washington State,Pac-12,Ole Miss,24,31,218,7.0,2,0,78.6,7,0.7741935483870968
4911529,Trinidad Chambliss,Ole Miss,SEC,Washington State,20,29,253,8.7,2,0,60.6,7,0.6896551724137931
4801717,Noah Fifita,Arizona,Big 12,BYU,25,45,219,4.9,2,1,61.9,7,0.5555555555555556
5141367,Bear Bachmeier,BYU,Big 12,Arizona,12,29,172,5.9,1,2,73.7,7,0.41379310344827586
4597679,Luke Altmyer,Illinois,Big Ten,Ohio State,30,44,248,5.6,1,1,64.4,7,0.6818181818181818
5079712,Julian Sayin,Ohio State,Big Ten,Illinois,19,27,166,6.1,2,0,86.0,7,0.7037037037037037
5208095,Mason Heintschel,Pittsburgh,ACC,Florida State,21,29,321,11.1,2,2,72.8,7,0.7241379310344828
4773919,Thomas Castellanos,Florida State,ACC,Pittsburgh,16,23,245,10.7,3,0,74.7,7,0.6956521739130435
5104738,Ryan Browne,Purdue,Big Ten,Minnesota,21,40,203,5.1,0,2,48.2,7,0.525
5144959,Drake Lindsey,Minnesota,Big Ten,Purdue,21,45,232,5.2,2,1,34.5,7,0.4666666666666667
5079653,Demond Williams Jr.,Washington,Big Ten,Rutgers,21,27,402,14.9,2,0,92.4,7,0.7777777777777778
4432722,Athan Kaliakmanis,Rutgers,Big Ten,Washington,31,50,386,7.7,2,1,59.2,7,0.62
4899046,Brendan Sorsby,Cincinnati,Big 12,UCF,12,21,191,9.1,2,0,55.7,7,0.5714285714285714
4700135,Cam Fancher,UCF,Big 12,Cincinnati,28,49,222,4.5,0,0,61.0,7,0.5714285714285714
4915837,Grayson Loftis,Charlotte,American Athletic,Army,8,12,68,5.7,1,0,85.7,7,0.6666666666666666
4808719,Zach Wilcke,Charlotte,American Athletic,Army,8,14,42,3.0,0,0,12.5,7,0.5714285714285714
4870906,Arch Manning,Texas,SEC,Oklahoma,21,27,166,6.1,1,0,89.0,7,0.7777777777777778
4915980,John Mateer,Oklahoma,SEC,Texas,20,38,202,5.3,0,3,42.8,7,0.5263157894736842
4428993,Haynes King,Georgia Tech,ACC,Virginia Tech,20,24,213,8.9,1,0,92.8,7,0.8333333333333334
4678010,Kyron Drones,Virginia Tech,ACC,Georgia Tech,13,21,181,8.6,2,1,67.7,7,0.6190476190476191
4432803,Kaidon Salter,Colorado,Big 12,Iowa State,16,25,255,10.2,2,0,88.1,7,0.64
4801299,Rocco Becht,Iowa State,Big 12,Colorado,18,33,205,6.2,0,1,36.2,7,0.5454545454545454
5193926,Cameran Brown,Georgia State,Sun Belt,App State,19,35,212,6.1,2,0,21.2,7,0.5428571428571428
4431948,TJ Finley,Georgia State,Sun Belt,App State,13,26,91,3.5,0,1,15.5,7,0.5
4870883,J.J. Kohl,App State,Sun Belt,Georgia State,21,32,309,9.7,4,0,90.5,7,0.65625
5248199,Noah Gillon,App State,Sun Belt,Georgia State,2,6,2,0.3,0,0,0.5,7,0.3333333333333333
4432691,Carlos Del Rio-Wilson,Marshall,Sun Belt,Old Dominion,17,24,219,9.1,2,0,82.1,7,0.7083333333333334
5125715,Colton Joseph,Old Dominion,Sun Belt,Marshall,15,28,266,9.5,1,2,38.8,7,0.5357142857142857
4431387,Evan Simon,Temple,American Athletic,Navy,25,36,345,9.6,1,0,80.2,7,0.6944444444444444
5081504,Blake Horvath,Navy,American Athletic,Temple,6,16,141,8.8,1,0,87.8,7,0.375
5079369,C.J. Carr,Notre Dame,FBS Independents,NC State,19,31,342,11.0,2,1,67.0,7,0.6129032258064516
5079301,CJ Bailey,NC State,ACC,Notre Dame,17,30,186,6.2,1,3,41.2,7,0.5666666666666667
5225414,Ty Pennington,Northern Arizona,Big Sky,UC Davis,18,28,245,8.8,1,0,,7,0.6428571428571429
5226019,Caden Pinnick,UC Davis,Big Sky,Northern Arizona,25,29,348,12.0,5,0,,7,0.8620689655172413
5298896,Will O'Dell,Marist,Pioneer,Pennsylvania,14,22,118,5.4,0,0,,7,0.6363636363636364
5084404,Liam O'Brien,Pennsylvania,Ivy,Marist,26,40,335,8.4,2,0,,7,0.65
5225837,Jordan Barton,Wagner,NEC,Mercyhurst,10,16,123,7.7,1,0,,7,0.625
5227302,Jack Stevens,Wagner,NEC,Mercyhurst,2,7,60,8.6,0,0,,7,0.2857142857142857
5227557,Alex Gevaudan,Mercyhurst,NEC,Wagner,13,24,191,8.0,1,0,,7,0.5416666666666666
5193343,Jim Ogle,Murray State,MVFC,Illinois State,23,39,283,7.3,1,1,,7,0.5897435897435898
4878284,Tommy Rittenhouse,Illinois State,MVFC,Murray State,21,25,338,13.5,4,0,,7,0.84
5230098,Ron Peace,East Texas A&M,Southland,Lamar,20,31,214,6.9,0,0,,7,0.6451612903225806
5154911,Aiden McCown,Lamar,Southland,East Texas A&M,24,33,285,8.6,1,0,,7,0.7272727272727273
5154491,Kai Coln,Princeton,Ivy,Mercer,13,21,124,5.9,2,0,,7,0.6190476190476191
4816095,Blaine Hipa,Princeton,Ivy,Mercer,5,13,67,5.2,0,0,,7,0.38461538461538464
5212654,Braden Atkinson,Mercer,Southern,Princeton,27,42,347,8.3,3,1,,7,0.6428571428571429
5085259,Ashton Frye,Grambling,SWAC,Texas Southern,9,11,81,7.4,0,0,,7,0.8181818181818182
5232131,KJ Cooper,Texas Southern,SWAC,Grambling,11,20,89,4.5,1,1,,7,0.55
4881032,Taron Dickens,Western Carolina,Southern,Furman,17,24,220,9.2,4,0,,7,0.7083333333333334
5224084,Trey Hedden,Furman,Southern,Western Carolina,18,35,208,5.9,1,3,,7,0.5142857142857142
4684502,Justin Lamson,Montana State,Big Sky,Idaho State,17,21,184,8.8,4,0,,7,0.8095238095238095
5158746,Jordan Cooke,Idaho State,Big Sky,Montana State,20,37,307,8.3,2,1,,7,0.5405405405405406
5224050,Davis Harsin,Idaho State,Big Sky,Montana State,6,11,61,5.5,0,1,,7,0.5454545454545454
4426688,Kaiden Bennett,Delaware State,MEAC,Southern Connecticut State,6,8,93,11.6,0,0,,7,0.75
5314167,John Giller,Southern Connecticut State,Northeast 10,Delaware State,16,26,244,9.4,2,1,,7,0.6153846153846154
5225612,Eric Handley,Alabama A&M,SWAC,Mississippi Valley State,24,32,247,7.7,2,1,,7,0.75
5233879,Josh Brown,Mississippi Valley State,SWAC,Alabama A&M,9,18,123,6.8,1,0,,7,0.5
4694149,Walker Eget,San José State,Mountain West,Wyoming,23,37,295,8.0,4,0,83.9,7,0.6216216216216216
5296610,Tama Amisone,San José State,Mountain West,Wyoming,5,8,30,3.8,0,0,24.0,7,0.625
4683867,Xavier Ward,San José State,Mountain West,Wyoming,3,10,15,1.5,0,1,5.8,7,0.3
4899468,Kaden Anderson,Wyoming,Mountain West,San José State,23,39,304,7.8,2,2,27.4,7,0.5897435897435898
5085784,Chase Mason,South Dakota State,MVFC,Northern Iowa,19,31,251,8.1,2,0,,7,0.6129032258064516
5085754,Matthew Schecklman,Northern Iowa,MVFC,South Dakota State,12,20,125,6.3,0,2,,7,0.6
4878833,Aiden Dunne,Northern Iowa,MVFC,South Dakota State,2,6,18,3.0,0,1,,7,0.3333333333333333
5161159,Chris Stephenson,Stetson,Pioneer,Morehead State,9,17,93,5.5,1,0,,7,0.5294117647058824
5084352,Bryce Patterson,Morehead State,Pioneer,Stetson,11,22,167,7.6,0,1,,7,0.5
4876865,Carter Cravens,Morehead State,Pioneer,Stetson,2,6,16,2.7,0,1,,7,0.3333333333333333
5154126,Xander Menapace,Columbia,Ivy,Lehigh,11,21,178,8.5,1,2,,7,0.5238095238095238
5083411,James McCauley,Columbia,Ivy,Lehigh,1,6,11,1.8,0,0,,7,0.16666666666666666
5225902,Hayden Johnson,Lehigh,Patriot,Columbia,17,23,240,10.4,1,0,,7,0.7391304347826086
5224562,Bronson Barben,Utah Tech,UAC,Tarleton State,18,35,174,5.0,1,0,,7,0.5142857142857142
5088960,Reggie Graff,Utah Tech,UAC,Tarleton State,4,5,46,9.2,0,0,,7,0.8
4587721,Daniel Greek,Tarleton State,UAC,Utah Tech,13,21,169,8.0,0,1,,7,0.6190476190476191
5164567,Kevin White,North Carolina A&T,CAA,South Carolina State,17,34,194,5.7,1,1,,7,0.5
4877811,Billy Atkins,South Carolina State,MEAC,North Carolina A&T,10,21,101,4.8,2,0,,7,0.47619047619047616
4607891,Ryan Stubblefield,South Carolina State,MEAC,North Carolina A&T,5,10,64,6.4,0,1,,7,0.5
5301657,Andrew Indorf,Towson,CAA,Monmouth,21,28,292,10.4,2,0,,7,0.75
4696065,Derek Robertson,Monmouth,CAA,Towson,26,31,244,7.9,2,0,,7,0.8387096774193549
5087031,Reagan Andrew,Butler,Pioneer,Presbyterian,20,33,195,5.9,0,0,,7,0.6060606060606061
5157481,Collin Hurst,Presbyterian,Pioneer,Butler,12,16,175,10.9,2,0,,7,0.75
4878822,Jaylon Tolbert,Alcorn State,SWAC,Lincoln (CA),11,13,134,10.3,2,0,,7,0.8461538461538461
5309567,Rob Brazziel,Lincoln (CA),Independent DII,Alcorn State,15,31,133,4.3,0,0,,7,0.4838709677419355
5097873,William Anglen,Lincoln (CA),Independent DII,Alcorn State,4,10,80,8.0,0,0,,7,0.4
4709012,Jase Bauer,UT Martin,Big South-OVC,Western Illinois,19,28,235,8.4,1,0,,7,0.6785714285714286
5299364,Cason Carswell,Western Illinois,Big South-OVC,UT Martin,21,30,327,10.9,2,0,,7,0.7
5147067,Chris Dietrich,Bucknell,Patriot,Lafayette,19,32,224,7.0,2,1,,7,0.59375
5083847,Dean DeNobile,Lafayette,Patriot,Bucknell,26,34,316,9.3,5,0,,7,0.7647058823529411
5232049,Raymond Moore III,Morgan State,MEAC,Virginia Lynchburg,13,22,173,7.9,1,1,,7,0.5909090909090909
5306367,Max Zavala,Virginia Lynchburg,,Morgan State,15,27,148,5.5,1,1,,7,0.5555555555555556
4695113,Otto Kuhns,Norfolk State,MEAC,Wofford,16,29,169,5.8,2,1,,7,0.5517241379310345
5156255,JT Fayard,Wofford,Southern,Norfolk State,23,34,248,7.3,2,1,,7,0.6764705882352942
5224789,Landen Clark,Elon,CAA,Villanova,14,21,220,10.5,0,1,,7,0.6666666666666666
4875733,Pat McQuaide,Villanova,CAA,Elon,23,31,255,8.2,2,0,,7,0.7419354838709677
4431018,Michael Chandler II,Campbell,CAA,Hampton,6,12,73,6.1,0,0,,7,0.5
5154962,Kamden Sixkiller,Campbell,CAA,Hampton,4,6,52,8.7,0,0,,7,0.6666666666666666
4685309,Braden Davis,Hampton,CAA,Campbell,11,17,131,7.7,1,2,,7,0.6470588235294118
4715345,Devin Farrell,Rhode Island,CAA,New Hampshire,15,23,164,7.1,0,1,,7,0.6521739130434783
5171031,Matt Vezza,New Hampshire,CAA,Rhode Island,16,32,193,6.0,2,0,,7,0.5
5225700,Jack Snyder,Sacred Heart,FCS Independents,Howard,11,18,147,8.2,1,0,,7,0.6111111111111112
5082005,Tyriq Starks,Howard,MEAC,Sacred Heart,11,21,80,3.8,0,0,,7,0.5238095238095238
4880272,Byrum Brown,South Florida,American Athletic,North Texas,22,28,245,8.8,3,1,72.6,7,0.7857142857142857
5219834,Drew Mestemaker,North Texas,American Athletic,South Florida,30,48,326,6.8,2,3,47.6,7,0.625
4870607,Jackson Arnold,Auburn,SEC,Georgia,19,31,137,4.4,0,0,52.2,7,0.6129032258064516
4685578,Gunner Stockton,Georgia,SEC,Auburn,24,37,217,5.9,0,0,84.0,7,0.6486486486486487
5148803,Brad Jackson,Texas State,Sun Belt,Troy,19,22,248,11.3,0,0,91.4,7,0.8636363636363636
4912119,Tucker Kilcrease,Troy,Sun Belt,Texas State,30,39,415,10.6,5,0,80.9,7,0.7692307692307693
5105849,Devon Dampier,Utah,Big 12,Arizona State,7,12,104,8.7,0,0,99.9,7,0.5833333333333334
4429066,Jeff Sims,Arizona State,Big 12,Utah,18,38,124,3.3,0,0,66.5,7,0.47368421052631576
4777154,Tyler Riddell,Duquesne,NEC,Saint Francis,12,24,185,7.7,4,0,,7,0.5
5155100,Jeff Hoenstine,Saint Francis,NEC,Duquesne,9,13,62,4.8,1,0,,7,0.6923076923076923
5088334,Nick Whitfield Jr.,Saint Francis,NEC,Duquesne,11,20,58,2.9,0,1,,7,0.55
4685401,Josh Hoover,TCU,Big 12,Kansas State,26,47,376,8.0,3,2,27.8,7,0.5531914893617021
4870857,Avery Johnson,Kansas State,Big 12,TCU,16,26,198,7.6,3,0,57.2,7,0.6153846153846154
4431114,Ben Gulbranson,Stanford,ACC,SMU,22,40,278,7.0,1,1,15.4,7,0.55
5084084,Kevin Jennings,SMU,ACC,Stanford,22,30,247,8.2,2,0,76.6,7,0.7333333333333333
5044387,Anthony Colandrea,UNLV,Mountain West,Air Force,20,32,361,11.3,1,0,75.1,7,0.625
5238868,Liam Szarka,Air Force,Mountain West,UNLV,10,17,175,10.3,1,0,79.3,7,0.5882352941176471
5205097,Carter Jones,Nevada,Mountain West,San Diego State,16,32,177,5.5,1,2,4.8,7,0.5
4685311,Jayden Denegal,San Diego State,Mountain West,Nevada,14,17,205,12.1,2,0,92.8,7,0.8235294117647058
5101124,Micah Alejado,Hawai'i,Mountain West,Utah State,34,54,413,7.6,3,1,50.7,7,0.6296296296296297
4695600,Bryson Barnes,Utah State,Mountain West,Hawai'i,14,26,175,6.7,1,1,28.5,7,0.5384615384615384
4696561,Jacob Conover,Utah State,Mountain West,Hawai'i,4,10,64,6.4,0,0,48.9,7,0.4
4431465,Behren Morton,Texas Tech,Big 12,Kansas,7,12,91,7.6,1,0,74.6,7,0.5833333333333334
5126468,Will Hammond,Texas Tech,Big 12,Kansas,7,16,42,2.6,0,1,69.0,7,0.4375
4596472,Jalon Daniels,Kansas,Big 12,Texas Tech,27,33,228,6.9,2,0,72.5,7,0.8181818181818182
5151060,Cole Ballard,Kansas,Big 12,Texas Tech,3,6,17,2.8,0,0,0.2,7,0.5
5122054,Aidan Armenta,UL Monroe,Sun Belt,Coastal Carolina,14,28,176,6.3,1,1,24.0,7,0.5
4606658,Samari Collier,Coastal Carolina,Sun Belt,UL Monroe,5,15,37,2.5,1,0,57.4,7,0.3333333333333333
5150611,Jake Retzlaff,Tulane,American Athletic,East Carolina,26,36,347,9.6,2,0,79.6,7,0.7222222222222222
4795295,Katin Houser,East Carolina,American Athletic,Tulane,19,30,180,6.0,1,0,62.3,7,0.6333333333333333
5151948,Joey Aguilar,Tennessee,SEC,Arkansas,16,25,221,8.8,1,0,74.9,7,0.64
4431325,Taylen Green,Arkansas,SEC,Tennessee,21,31,256,8.3,2,0,94.5,7,0.6774193548387096
4870971,Marcel Reed,Texas A&M,SEC,Florida,16,26,234,9.0,1,1,80.3,7,0.6153846153846154
5079555,D.J. Lagway,Florida,SEC,Texas A&M,21,37,245,6.6,2,0,60.6,7,0.5675675675675675
4567747,Garrett Nussmeier,LSU,SEC,South Carolina,20,33,254,7.7,2,2,75.0,7,0.6060606060606061
4875127,Lanorris Sellers,South Carolina,SEC,LSU,15,27,124,4.6,0,1,44.3,7,0.5555555555555556
4685413,Cade Klubnik,Clemson,ACC,Boston College,22,30,280,9.3,1,1,91.9,7,0.7333333333333333
4870900,Dylan Lonergan,Boston College,ACC,Clemson,12,19,117,6.2,0,0,61.1,7,0.631578947368421
5164317,Shaker Reisig,Boston College,ACC,Clemson,3,10,19,1.9,0,1,7.6,7,0.3
4685497,Maalik Murphy,Oregon State,Pac-12,Wake Forest,13,30,130,4.3,0,1,12.0,7,0.43333333333333335
4870864,Gabarri Johnson,Oregon State,Pac-12,Wake Forest,6,12,45,3.8,1,0,15.8,7,0.5
5138131,Deshawn Purdie,Wake Forest,ACC,Oregon State,14,27,270,10.0,4,0,76.8,7,0.5185185185185185
5074245,Broc Lowry,Western Michigan,Mid-American,Ball State,23,27,241,8.9,2,0,71.0,7,0.8518518518518519
4431416,Kiael Kelly,Ball State,Mid-American,Western Michigan,13,22,68,3.1,0,0,22.6,7,0.5909090909090909
5146670,Alessio Milivojevic,Michigan State,Big Ten,UCLA,8,18,100,5.6,1,0,16.2,7,0.4444444444444444
5075805,Aidan Chiles,Michigan State,Big Ten,UCLA,8,17,66,3.9,0,0,25.6,7,0.47058823529411764
4870799,Nico Iamaleava,UCLA,Big Ten,Michigan State,16,24,180,7.5,3,0,53.6,7,0.6666666666666666
4685574,Conner Weigman,Houston,Big 12,Oklahoma State,21,30,306,10.2,2,0,72.2,7,0.7
4874527,Sam Jackson,Oklahoma State,Big 12,Houston,7,16,84,5.3,0,1,4.2,7,0.4375
4837248,Fernando Mendoza,Indiana,Big Ten,Oregon,20,31,215,6.9,1,1,88.6,7,0.6451612903225806
4870921,Dante Moore,Oregon,Big Ten,Indiana,21,34,186,5.5,1,2,33.2,7,0.6176470588235294
4682518,Nick Vattiato,Middle Tennessee,Conference USA,Missouri State,30,42,267,6.4,2,0,35.1,7,0.7142857142857143
5296439,Deuce Bailey,Missouri State,Conference USA,Middle Tennessee,16,31,278,9.0,1,0,18.4,7,0.5161290322580645
4869991,Caden Veltkamp,Florida Atlantic,American Athletic,UAB,20,30,297,9.9,3,1,58.1,7,0.6666666666666666
4565187,Jalen Kitna,UAB,American Athletic,Florida Atlantic,29,41,261,6.4,1,0,30.2,7,0.7073170731707317
4870513,Maddux Madsen,Boise State,Mountain West,New Mexico,21,31,226,7.3,2,0,46.8,7,0.6774193548387096
5083171,Jack Layne,New Mexico,Mountain West,Boise State,7,17,115,6.8,1,2,20.3,7,0.4117647058823529
5228804,James Laubstein,New Mexico,Mountain West,Boise State,8,11,67,6.1,1,0,97.5,7,0.7272727272727273
5079369,C.J. Carr,Notre Dame,FBS Independents,USC,16,26,136,5.2,1,1,32.8,8,0.6153846153846154
4685454,Jayden Maiava,USC,Big Ten,Notre Dame,22,42,328,7.8,2,2,87.5,8,0.5238095238095238
4567707,Grayson James,Boston College,ACC,UConn,16,28,204,7.3,2,0,53.4,8,0.5714285714285714
4429582,Joe Fagnano,UConn,FBS Independents,Boston College,23,31,362,11.7,4,0,90.4,8,0.7419354838709677
5122054,Aidan Armenta,UL Monroe,Sun Belt,Troy,19,33,171,5.2,1,2,19.5,8,0.5757575757575758
4912119,Tucker Kilcrease,Troy,Sun Belt,UL Monroe,13,21,223,10.6,1,0,72.2,8,0.6190476190476191
4432691,Carlos Del Rio-Wilson,Marshall,Sun Belt,Texas State,22,32,277,8.7,1,1,47.3,8,0.6875
5148803,Brad Jackson,Texas State,Sun Belt,Marshall,26,38,444,11.7,2,1,61.2,8,0.6842105263157895
4872721,Cardell Williams,Sacramento State,Big Sky,Northern Colorado,8,16,90,5.6,1,0,,8,0.5
5300801,Eric Gibson Jr.,Northern Colorado,Big Sky,Sacramento State,21,33,321,9.7,3,4,,8,0.6363636363636364
5298787,Byron McNair,Tennessee State,Big South-OVC,Howard,18,22,174,7.9,3,0,,8,0.8181818181818182
5082005,Tyriq Starks,Howard,MEAC,Tennessee State,14,27,116,4.3,0,2,,8,0.5185185185185185
5151696,RJ Johnson III,Florida A&M,SWAC,Alcorn State,26,38,323,8.5,1,0,,8,0.6842105263157895
4878822,Jaylon Tolbert,Alcorn State,SWAC,Florida A&M,18,26,178,6.8,2,0,,8,0.6923076923076923
5153708,Keali'i Ah Yat,Montana,Big Sky,Sacred Heart,27,33,349,10.6,5,0,,8,0.8181818181818182
5225700,Jack Snyder,Sacred Heart,FCS Independents,Montana,20,26,214,8.2,2,0,,8,0.7692307692307693
5152110,Nate Bell,Eastern Washington,Big Sky,Idaho,18,31,177,5.7,2,1,,8,0.5806451612903226
5165118,Nick Josifek,Idaho,Big Sky,Eastern Washington,6,13,104,8.0,1,0,,8,0.46153846153846156
5165112,Jack Wagner,Idaho,Big Sky,Eastern Washington,8,12,87,7.3,1,1,,8,0.6666666666666666
5223950,Rocco Koch,Idaho,Big Sky,Eastern Washington,0,6,0,0.0,0,0,,8,0.0
5225576,Tyrese Smith,Portland State,Big Sky,Weber State,9,14,170,12.1,1,1,,8,0.6428571428571429
5075571,John-Keawe Sagapolutele,Portland State,Big Sky,Weber State,11,22,138,6.3,0,3,,8,0.5
4913758,Dijon Jennings,Weber State,Big Sky,Portland State,13,19,123,6.5,0,1,,8,0.6842105263157895
5304090,Kingston Tisdell,Weber State,Big Sky,Portland State,2,6,27,4.5,0,0,,8,0.3333333333333333
4879250,Cole Payton,North Dakota State,MVFC,Indiana State,12,18,149,8.3,1,1,,8,0.6666666666666666
5085026,Keegan Patterson,Indiana State,MVFC,North Dakota State,14,24,107,4.5,0,1,,8,0.5833333333333334
4431018,Michael Chandler II,Campbell,CAA,New Hampshire,8,11,133,12.1,0,0,,8,0.7272727272727273
5171031,Matt Vezza,New Hampshire,CAA,Campbell,24,40,230,5.8,1,0,,8,0.6
5233879,Josh Brown,Mississippi Valley State,SWAC,Lincoln (CA),3,9,58,6.4,0,0,,8,0.3333333333333333
5309567,Rob Brazziel,Lincoln (CA),Independent DII,Mississippi Valley State,21,30,167,5.6,0,1,,8,0.7
5309565,Jay Carney Iii,Lincoln (CA),Independent DII,Mississippi Valley State,6,16,93,5.8,0,2,,8,0.375
4881352,Jack Shields,UAlbany,CAA,Rhode Island,12,26,192,7.4,1,2,,8,0.46153846153846156
4715345,Devin Farrell,Rhode Island,CAA,UAlbany,19,20,333,16.7,4,0,,8,0.95
5156292,Czavian Teasett,Grambling,SWAC,Arkansas-Pine Bluff,18,29,148,5.1,1,1,,8,0.6206896551724138
5303362,Christian Peters,Arkansas-Pine Bluff,SWAC,Grambling,12,30,204,6.8,1,3,,8,0.4
4427966,Maverick McIvor,Western Kentucky,Conference USA,Florida International,20,31,159,5.1,0,3,17.0,8,0.6451612903225806
5196864,Rodney Tisdale Jr.,Western Kentucky,Conference USA,Florida International,7,8,66,8.3,0,0,87.7,8,0.875
5085337,Keyone Jenkins,Florida International,Conference USA,Western Kentucky,17,25,184,7.4,1,0,43.2,8,0.68
4879058,Joe Pesansky,Florida International,Conference USA,Western Kentucky,3,5,20,4.0,0,0,9.6,8,0.6
5144078,Ethan Grunkemeyer,Penn State,Big Ten,Iowa,15,28,93,3.3,0,2,45.1,8,0.5357142857142857
4695400,Mark Gronowski,Iowa,Big Ten,Penn State,10,16,68,4.3,0,1,84.2,8,0.625
5079572,Dylan Raiola,Nebraska,Big Ten,Minnesota,17,25,177,7.1,0,0,39.4,8,0.68
5144959,Drake Lindsey,Minnesota,Big Ten,Nebraska,16,20,153,7.7,1,0,93.8,8,0.8
4427191,Dequan Finn,Miami (OH),Mid-American,Eastern Michigan,13,22,159,7.2,2,0,82.2,8,0.5909090909090909
4690158,Noah Kim,Eastern Michigan,Mid-American,Miami (OH),20,36,309,8.6,4,2,36.8,8,0.5555555555555556
4878912,Hunter Simmons,Wisconsin,Big Ten,Ohio State,6,12,54,4.5,0,1,35.8,8,0.5
5079712,Julian Sayin,Ohio State,Big Ten,Wisconsin,36,42,393,9.4,4,0,94.2,8,0.8571428571428571
4428993,Haynes King,Georgia Tech,ACC,Duke,14,21,205,9.8,0,0,85.9,8,0.6666666666666666
5121169,Darian Mensah,Duke,ACC,Georgia Tech,32,44,373,8.5,2,0,61.0,8,0.7272727272727273
4832918,Ethan Vasko,Liberty,Conference USA,New Mexico State,20,30,179,6.0,0,2,15.6,8,0.6666666666666666
4605998,Logan Fife,New Mexico State,Conference USA,Liberty,20,37,242,6.5,2,0,53.5,8,0.5405405405405406
4431325,Taylen Green,Arkansas,SEC,Texas A&M,19,32,256,8.0,3,0,95.4,8,0.59375
4870971,Marcel Reed,Texas A&M,SEC,Arkansas,23,32,280,8.8,3,0,83.5,8,0.71875
4812381,Gunnar Smith,Fordham,Patriot,Dartmouth,21,35,238,6.8,1,1,,8,0.6
5155398,Grayson Saunier,Dartmouth,Ivy,Fordham,21,29,281,9.7,2,0,,8,0.7241379310344828
5227565,Adam Urena,Mercyhurst,NEC,Duquesne,10,29,83,2.9,0,0,,8,0.3448275862068966
5227557,Alex Gevaudan,Mercyhurst,NEC,Duquesne,4,6,23,3.8,0,0,,8,0.6666666666666666
4777154,Tyler Riddell,Duquesne,NEC,Mercyhurst,6,13,79,6.1,1,1,,8,0.46153846153846156
4877890,Kyle Wickersham,Richmond,Patriot,Holy Cross,20,32,218,6.8,1,0,,8,0.625
5126467,Braden Graham,Holy Cross,Patriot,Richmond,13,25,91,3.6,0,0,,8,0.52
4683311,Sam Vidlak,Stephen F. Austin,Southland,Nicholls,17,25,179,7.2,1,1,,8,0.68
5164893,Ean Rodrigue,Nicholls,Southland,Stephen F. Austin,8,9,88,9.8,1,0,,8,0.8888888888888888
4429191,Deuce Hogan,Nicholls,Southland,Stephen F. Austin,10,18,43,2.4,0,0,,8,0.5555555555555556
5154161,Garrett Bass-Sulpizio,Cornell,Ivy,Bucknell,14,22,164,7.5,1,0,,8,0.6363636363636364
5147067,Chris Dietrich,Bucknell,Patriot,Cornell,19,32,220,6.9,2,2,,8,0.59375
5224816,Caleb Sanchez,Columbia,Ivy,Pennsylvania,27,47,311,6.6,2,0,,8,0.574468085106383
5084404,Liam O'Brien,Pennsylvania,Ivy,Columbia,17,26,272,10.5,4,2,,8,0.6538461538461539
5154911,Aiden McCown,Lamar,Southland,UT Rio Grande Valley,17,23,203,8.8,2,1,,8,0.7391304347826086
5154910,Robert Coleman,Lamar,Southland,UT Rio Grande Valley,3,6,17,2.8,0,0,,8,0.5
4683012,Eddie Lee Marburger,UT Rio Grande Valley,Southland,Lamar,9,21,106,5.0,2,1,,8,0.42857142857142855
5193343,Jim Ogle,Murray State,MVFC,South Dakota State,20,32,327,10.2,2,4,,8,0.625
5194695,Luke Marble,South Dakota State,MVFC,Murray State,13,21,189,9.0,2,1,,8,0.6190476190476191
5085784,Chase Mason,South Dakota State,MVFC,Murray State,5,6,69,11.5,0,0,,8,0.8333333333333334
4874527,Sam Jackson,Oklahoma State,Big 12,Cincinnati,11,19,149,7.8,0,1,27.5,8,0.5789473684210527
4899046,Brendan Sorsby,Cincinnati,Big 12,Oklahoma State,20,29,270,9.3,3,0,89.1,8,0.6896551724137931
4899468,Kaden Anderson,Wyoming,Mountain West,Air Force,23,29,211,7.3,1,1,47.8,8,0.7931034482758621
5238868,Liam Szarka,Air Force,Mountain West,Wyoming,3,8,33,4.1,0,0,47.7,8,0.375
5083847,Dean DeNobile,Lafayette,Patriot,Oregon State,18,40,176,4.4,1,1,,8,0.45
4870864,Gabarri Johnson,Oregon State,Pac-12,Lafayette,7,9,79,8.8,1,1,95.9,8,0.7777777777777778
4685497,Maalik Murphy,Oregon State,Pac-12,Lafayette,9,12,69,5.8,0,0,25.5,8,0.75
4773919,Thomas Castellanos,Florida State,ACC,Stanford,14,28,242,8.6,0,0,41.2,8,0.5
5141661,Kevin Sperry,Florida State,ACC,Stanford,4,7,69,9.9,0,0,26.8,8,0.5714285714285714
4431114,Ben Gulbranson,Stanford,ACC,Florida State,6,13,90,6.9,1,1,57.2,8,0.46153846153846156
5079318,Elijah Brown,Stanford,ACC,Florida State,6,12,71,5.9,0,0,43.1,8,0.5
5088992,Amari Powell,St. Thomas (MN),Pioneer,Valparaiso,13,20,265,13.3,3,0,,8,0.65
5226243,Ryan Jackson,St. Thomas (MN),Pioneer,Valparaiso,10,13,75,5.8,0,0,,8,0.7692307692307693
5157537,Caron Tyler,Valparaiso,Pioneer,St. Thomas (MN),6,8,70,8.8,0,1,,8,0.75
5089335,Rowan Keefe,Valparaiso,Pioneer,St. Thomas (MN),4,10,33,3.3,0,1,,8,0.4
5156255,JT Fayard,Wofford,Southern,Furman,18,25,179,7.2,2,1,,8,0.72
5224084,Trey Hedden,Furman,Southern,Wofford,27,39,257,6.6,1,3,,8,0.6923076923076923
5141395,EJ Colson,Incarnate Word,Southland,East Texas A&M,24,34,275,8.1,2,2,,8,0.7058823529411765
5093929,Eric Rodriguez,East Texas A&M,Southland,Incarnate Word,16,21,193,9.2,2,0,,8,0.7619047619047619
5230098,Ron Peace,East Texas A&M,Southland,Incarnate Word,13,24,192,8.0,2,0,,8,0.5416666666666666
4697625,Victor Gabalis,Tarleton State,UAC,West Georgia,13,24,268,11.2,3,1,,8,0.5416666666666666
4836476,Davin Wydner,West Georgia,UAC,Tarleton State,11,23,118,5.1,1,1,,8,0.4782608695652174
5302454,Eli Anderson,Northwestern State,Southland,SE Louisiana,9,19,96,5.1,0,1,,8,0.47368421052631576
4685440,Kyle Lowe,SE Louisiana,Southland,Northwestern State,9,10,134,13.4,1,0,,8,0.9
4695784,Carson Camp,SE Louisiana,Southland,Northwestern State,4,8,86,10.8,1,0,,8,0.5
4685698,Destin Wade,North Alabama,UAC,Eastern Kentucky,11,18,127,7.1,2,0,,8,0.6111111111111112
4714009,Myles Burkett,Eastern Kentucky,UAC,North Alabama,14,26,133,5.1,1,1,,8,0.5384615384615384
5153754,Jordyn Potts,Eastern Kentucky,UAC,North Alabama,3,6,29,4.8,0,0,,8,0.5
5106897,Jack O'Connell,Stonehill,NEC,Yale,13,28,109,3.9,0,0,,8,0.4642857142857143
5079683,Dante Reno,Yale,Ivy,Stonehill,16,24,267,11.1,1,0,,8,0.6666666666666666
5089190,Marshall Howe,Yale,Ivy,Stonehill,2,5,23,4.6,0,0,,8,0.4
4697094,DJ Williams,Southern Illinois,MVFC,North Dakota,29,46,258,5.6,1,1,,8,0.6304347826086957
5155528,Jerry Kaminski,North Dakota,MVFC,Southern Illinois,9,15,73,4.9,1,0,,8,0.6
5087031,Reagan Andrew,Butler,Pioneer,Dayton,18,23,256,11.1,2,0,,8,0.782608695652174
5156751,Drew VanVleet,Dayton,Pioneer,Butler,7,16,79,4.9,1,0,,8,0.4375
5154881,Bryce Schondelmyer,Dayton,Pioneer,Butler,9,14,77,5.5,1,0,,8,0.6428571428571429
5083490,Ayden Pereira,Merrimack,FCS Independents,Harvard,13,26,118,4.5,0,1,,8,0.5
5083569,Jaden Craig,Harvard,Ivy,Merrimack,17,29,305,10.5,1,1,,8,0.5862068965517241
4685309,Braden Davis,Hampton,CAA,Villanova,10,17,66,3.9,1,1,,8,0.5882352941176471
5104573,Earl Woods,Hampton,CAA,Villanova,2,6,28,4.7,0,0,,8,0.3333333333333333
4875733,Pat McQuaide,Villanova,CAA,Hampton,10,13,166,12.8,5,0,,8,0.7692307692307693
5154491,Kai Coln,Princeton,Ivy,Brown,19,29,212,7.3,2,1,,8,0.6551724137931034
4816095,Blaine Hipa,Princeton,Ivy,Brown,4,5,5,1.0,0,0,,8,0.8
5155943,James Murphy,Brown,Ivy,Princeton,22,35,173,4.9,0,3,,8,0.6285714285714286
5224602,Will Currid,Brown,Ivy,Princeton,6,8,34,4.3,0,0,,8,0.75
4837195,Luca Stanzani,Long Island University,NEC,Robert Morris,15,26,103,4.0,1,1,,8,0.5769230769230769
5095112,Zach Tanner,Robert Morris,NEC,Long Island University,14,26,177,6.8,1,1,,8,0.5384615384615384
4697131,Bronson Barron,Southern Utah,UAC,Abilene Christian,13,17,111,6.5,1,1,,8,0.7647058823529411
4691272,Stone Earle,Abilene Christian,UAC,Southern Utah,17,23,225,9.8,1,3,,8,0.7391304347826086
5226398,Gunner Chenier,Stetson,Pioneer,Presbyterian,8,14,90,6.4,1,1,,8,0.5714285714285714
5161159,Chris Stephenson,Stetson,Pioneer,Presbyterian,6,15,35,2.3,0,0,,8,0.4
5157481,Collin Hurst,Presbyterian,Pioneer,Stetson,19,27,236,8.7,1,1,,8,0.7037037037037037
4696065,Derek Robertson,Monmouth,CAA,Stony Brook,19,29,204,7.0,3,0,,8,0.6551724137931034
5226663,Frankie Weaver,Monmouth,CAA,Stony Brook,4,6,61,10.2,1,0,,8,0.6666666666666666
4884392,Christopher Zellous,Stony Brook,CAA,Monmouth,13,22,103,4.7,0,2,,8,0.5909090909090909
4566381,Casey Case,Stony Brook,CAA,Monmouth,7,12,76,6.3,0,0,,8,0.5833333333333334
5226896,Quinn Boyd,Stony Brook,CAA,Monmouth,4,7,26,3.7,0,0,,8,0.5714285714285714
5085644,Coulter Cleland,Davidson,Pioneer,Drake,22,41,252,6.1,0,0,,8,0.5365853658536586
5298739,Logan Inagawa,Drake,Pioneer,Davidson,16,22,186,8.5,3,0,,8,0.7272727272727273
5088964,Sonny Mannino,Marist,Pioneer,Morehead State,21,33,207,6.3,1,0,,8,0.6363636363636364
4876865,Carter Cravens,Morehead State,Pioneer,Marist,11,16,139,8.7,1,1,,8,0.6875
5172415,Dez Thomas II,Georgetown,Patriot,Colgate,15,21,165,7.9,0,0,,8,0.7142857142857143
5089309,Jake Stearney,Colgate,Patriot,Georgetown,23,39,344,8.8,1,1,,8,0.5897435897435898
5225476,Aleks Sitkowski,Colgate,Patriot,Georgetown,1,5,5,1.0,0,1,,8,0.2
5230073,Cobey Thompkins,The Citadel,Southern,Western Carolina,3,5,111,22.2,1,0,,8,0.6
4881032,Taron Dickens,Western Carolina,Southern,The Citadel,28,33,369,11.2,5,1,,8,0.8484848484848485
5085754,Matthew Schecklman,Northern Iowa,MVFC,South Dakota,22,40,189,4.7,2,0,,8,0.55
4429179,Aidan Bouman,South Dakota,MVFC,Northern Iowa,16,24,202,8.4,2,0,,8,0.6666666666666666
4432767,Preston Stone,Northwestern,Big Ten,Purdue,11,26,132,5.1,2,1,54.3,8,0.4230769230769231
4870999,Malachi Singleton,Purdue,Big Ten,Northwestern,11,20,187,9.4,0,1,23.1,8,0.55
5104738,Ryan Browne,Purdue,Big Ten,Northwestern,5,10,31,3.1,0,0,17.7,8,0.5
4801717,Noah Fifita,Arizona,Big 12,Houston,24,26,269,10.3,2,0,93.5,8,0.9230769230769231
4685574,Conner Weigman,Houston,Big 12,Arizona,15,23,164,7.1,3,0,94.5,8,0.6521739130434783
5150611,Jake Retzlaff,Tulane,American Athletic,Army,22,29,261,9.0,2,1,89.9,8,0.7586206896551724
5150297,Cale Hellums,Army,American Athletic,Tulane,7,10,125,12.5,0,0,69.1,8,0.7
5224789,Landen Clark,Elon,CAA,William & Mary,14,18,184,10.2,2,1,,8,0.7777777777777778
4838536,Tyler Hughes,William & Mary,CAA,Elon,19,25,190,7.6,2,0,,8,0.76
5154019,Noah Brannock,William & Mary,CAA,Elon,3,6,59,9.8,0,0,,8,0.5
5164721,Zolten Osbourne,Charleston Southern,Big South-OVC,Western Illinois,14,26,262,10.1,4,0,,8,0.5384615384615384
5299364,Cason Carswell,Western Illinois,Big South-OVC,Charleston Southern,34,51,375,7.4,2,1,,8,0.6666666666666666
5057381,Ryder Burton,UAB,American Athletic,Memphis,20,27,251,9.3,3,1,94.2,8,0.7407407407407407
5141473,AJ Hill,Memphis,American Athletic,UAB,13,25,175,7.0,1,1,21.3,8,0.52
4429149,Brendon Lewis,Memphis,American Athletic,UAB,9,10,68,6.8,0,0,37.3,8,0.9
5081856,Nate Glantz,Lindenwood,Big South-OVC,Tennessee Tech,19,38,294,7.7,4,0,,8,0.5
4876140,Kekoa Visperas,Tennessee Tech,Big South-OVC,Lindenwood,16,22,173,7.9,3,0,,8,0.7272727272727273
5083941,Collin Shannon,VMI,Southern,Samford,24,38,419,11.0,2,1,,8,0.631578947368421
5212705,Brady Stober,Samford,Southern,VMI,34,43,285,6.6,3,1,,8,0.7906976744186046
4869817,Cole Pennington,Gardner-Webb,Big South-OVC,UT Martin,18,33,236,7.2,0,3,,8,0.5454545454545454
4709012,Jase Bauer,UT Martin,Big South-OVC,Gardner-Webb,15,16,164,10.3,1,0,,8,0.9375
5225743,Johnny Weber,Southeast Missouri State,Big South-OVC,Eastern Illinois,21,31,283,9.1,4,1,,8,0.6774193548387096
5113896,Cole Lacrue,Eastern Illinois,Big South-OVC,Southeast Missouri State,5,15,73,4.9,0,3,,8,0.3333333333333333
5299729,Brady Ford,Eastern Illinois,Big South-OVC,Southeast Missouri State,4,6,54,9.0,0,1,,8,0.6666666666666666
5225271,Connor Wolf,Eastern Illinois,Big South-OVC,Southeast Missouri State,3,8,49,6.1,0,1,,8,0.375
4878284,Tommy Rittenhouse,Illinois State,MVFC,Youngstown State,16,29,206,7.1,5,2,,8,0.5517241379310345
5109518,Beau Brungard,Youngstown State,MVFC,Illinois State,23,34,328,9.6,2,1,,8,0.6764705882352942
5205097,Carter Jones,Nevada,Mountain West,New Mexico,23,29,202,7.0,0,0,62.3,8,0.7931034482758621
5083171,Jack Layne,New Mexico,Mountain West,Nevada,14,22,138,6.3,0,0,27.4,8,0.6363636363636364
4577962,Camden Orth,Chattanooga,Southern,East Tennessee State,20,32,343,10.7,4,0,,8,0.625
4427455,Cade McNamara,East Tennessee State,Southern,Chattanooga,18,25,205,8.2,1,0,,8,0.72
4870883,J.J. Kohl,App State,Sun Belt,Coastal Carolina,27,41,278,6.8,2,0,63.3,8,0.6585365853658537
4606658,Samari Collier,Coastal Carolina,Sun Belt,App State,12,19,118,6.2,1,1,75.2,8,0.631578947368421
4915837,Grayson Loftis,Charlotte,American Athletic,Temple,10,22,108,4.9,1,1,11.6,8,0.45454545454545453
4808719,Zach Wilcke,Charlotte,American Athletic,Temple,5,7,50,7.1,0,0,85.7,8,0.7142857142857143
4431387,Evan Simon,Temple,American Athletic,Charlotte,15,22,194,8.8,3,0,76.9,8,0.6818181818181818
5225837,Jordan Barton,Wagner,NEC,Central Connecticut,20,35,198,5.7,1,1,,8,0.5714285714285714
4683471,Brady Olson,Central Connecticut,NEC,Wagner,25,45,251,5.6,1,2,,8,0.5555555555555556
4915622,Jake Strong,McNeese,Southland,Houston Christian,14,22,133,6.0,0,1,,8,0.6363636363636364
4691966,Maddox Kopp,Houston Christian,Southland,McNeese,6,13,95,7.3,0,1,,8,0.46153846153846156
4880516,Jake Weir,Houston Christian,Southland,McNeese,3,13,21,1.6,0,1,,8,0.23076923076923078
5101124,Micah Alejado,Hawai'i,Mountain West,Colorado State,26,38,301,7.9,3,1,66.6,8,0.6842105263157895
5054036,Jackson Brousseau,Colorado State,Mountain West,Hawai'i,15,29,176,6.1,1,0,32.8,8,0.5172413793103449
4920227,Giovanni Lopez,North Carolina,ACC,California,19,35,167,4.8,0,0,65.7,8,0.5428571428571428
5164313,Jaron-Keawe Sagapolutele,California,ACC,North Carolina,21,39,209,5.4,1,0,45.5,8,0.5384615384615384
4685401,Josh Hoover,TCU,Big 12,Baylor,22,31,231,7.5,3,0,76.1,8,0.7096774193548387
4432759,Sawyer Robertson,Baylor,Big 12,TCU,25,52,318,6.1,2,3,40.6,8,0.4807692307692308
4870645,Rickie Collins,Syracuse,ACC,Pittsburgh,15,31,126,4.1,2,3,26.5,8,0.4838709677419355
5208095,Mason Heintschel,Pittsburgh,ACC,Syracuse,13,24,143,6.0,0,1,39.9,8,0.5416666666666666
4685345,JC French,Georgia Southern,Sun Belt,Georgia State,17,25,210,8.4,3,0,86.2,8,0.68
5193926,Cameran Brown,Georgia State,Sun Belt,Georgia Southern,29,38,280,7.4,1,0,89.2,8,0.7631578947368421
5308438,Ashton Strother,Southern,SWAC,Prairie View A&M,12,21,81,3.9,0,1,,8,0.5714285714285714
5227681,Cameron Peters,Prairie View A&M,SWAC,Southern,19,31,224,7.2,1,0,,8,0.6129032258064516
5141695,Malik Washington,Maryland,Big Ten,UCLA,23,48,210,4.4,1,1,49.6,8,0.4791666666666667
4870799,Nico Iamaleava,UCLA,Big Ten,Maryland,21,35,221,6.3,1,2,51.3,8,0.6
4695600,Bryson Barnes,Utah State,Mountain West,San José State,22,31,326,10.5,1,0,62.7,8,0.7096774193548387
4694149,Walker Eget,San José State,Mountain West,Utah State,27,49,340,6.9,2,0,69.8,8,0.5510204081632653
5083042,Skyler Locklear,UTEP,Conference USA,Sam Houston,21,26,236,9.1,2,1,60.1,8,0.8076923076923077
5220424,Hunter Watson,Sam Houston,Conference USA,UTEP,13,19,161,8.5,1,0,58.7,8,0.6842105263157895
5148427,Landyn Locke,Sam Houston,Conference USA,UTEP,5,9,40,4.4,0,0,14.0,8,0.5555555555555556
5079533,Mabrey Mettauer,Sam Houston,Conference USA,UTEP,4,8,38,4.8,1,0,3.7,8,0.5
4795295,Katin Houser,East Carolina,American Athletic,Tulsa,21,38,300,7.9,2,0,52.0,8,0.5526315789473685
5224011,Baylor Hayes,Tulsa,American Athletic,East Carolina,23,41,251,6.1,2,0,23.0,8,0.5609756097560976
4431580,Miller Moss,Louisville,ACC,Miami,23,37,248,6.7,2,0,71.5,8,0.6216216216216216
4430841,Carson Beck,Miami,ACC,Louisville,25,35,271,7.7,0,4,67.7,8,0.7142857142857143
4685578,Gunner Stockton,Georgia,SEC,Ole Miss,26,31,289,9.3,4,0,96.9,8,0.8387096774193549
4911529,Trinidad Chambliss,Ole Miss,SEC,Georgia,19,36,263,7.3,1,0,88.4,8,0.5277777777777778
5079555,D.J. Lagway,Florida,SEC,Mississippi State,20,34,280,8.2,0,2,45.6,8,0.5882352941176471
4565315,Blake Shapen,Mississippi State,SEC,Florida,24,36,324,9.0,0,1,73.8,8,0.6666666666666666
5141378,Cutter Boley,Kentucky,SEC,Texas,31,39,258,6.6,0,1,80.9,8,0.7948717948717948
4870906,Arch Manning,Texas,SEC,Kentucky,12,27,132,4.9,0,0,25.0,8,0.4444444444444444
5080403,Jaylen Raynor,Arkansas State,Sun Belt,South Alabama,29,45,209,4.6,1,1,43.5,8,0.6444444444444445
4869553,Bishop Davenport,South Alabama,Sun Belt,Arkansas State,18,23,118,5.1,0,0,17.0,8,0.782608695652174
5153846,Nick Minicucci,Delaware,Conference USA,Jacksonville State,32,50,422,8.4,1,0,50.9,8,0.64
5122157,Caden Creel,Jacksonville State,Conference USA,Delaware,14,21,116,5.5,1,0,31.7,8,0.6666666666666666
4567747,Garrett Nussmeier,LSU,SEC,Vanderbilt,19,28,225,8.0,2,0,67.5,8,0.6785714285714286
5084180,Diego Pavia,Vanderbilt,SEC,LSU,14,22,160,7.3,1,0,93.1,8,0.6363636363636364
5141741,Bryce Underwood,Michigan,Big Ten,Washington,21,27,230,8.5,2,0,63.7,8,0.7777777777777778
5079653,Demond Williams Jr.,Washington,Big Ten,Michigan,20,32,209,6.5,0,3,45.0,8,0.625
4875127,Lanorris Sellers,South Carolina,SEC,Oklahoma,17,25,124,5.0,1,0,68.7,8,0.68
5164334,Cutter Woods,South Carolina,SEC,Oklahoma,4,6,46,7.7,0,1,73.2,8,0.6666666666666666
4915980,John Mateer,Oklahoma,SEC,South Carolina,18,26,150,5.8,1,0,87.5,8,0.6923076923076923
4837248,Fernando Mendoza,Indiana,Big Ten,Michigan State,24,28,332,11.9,4,0,97.1,8,0.8571428571428571
5075805,Aidan Chiles,Michigan State,Big Ten,Indiana,27,33,243,7.4,1,0,94.8,8,0.8181818181818182
5146670,Alessio Milivojevic,Michigan State,Big Ten,Indiana,3,5,50,10.0,0,0,87.6,8,0.6
4899369,Christopher Vizzina,Clemson,ACC,SMU,29,42,317,7.5,3,0,48.9,8,0.6904761904761905
5084084,Kevin Jennings,SMU,ACC,Clemson,23,43,290,6.7,2,1,69.1,8,0.5348837209302325
5078810,Sam Leavitt,Arizona State,Big 12,Texas Tech,28,47,319,6.8,1,0,70.6,8,0.5957446808510638
5126468,Will Hammond,Texas Tech,Big 12,Arizona State,22,37,167,4.5,2,1,54.7,8,0.5945945945945946
5141367,Bear Bachmeier,BYU,Big 12,Utah,13,22,166,7.5,1,0,87.4,8,0.5909090909090909
5105849,Devon Dampier,Utah,Big 12,BYU,20,36,244,6.8,2,1,79.0,8,0.5555555555555556
4801307,Tayven Jackson,UCF,Big 12,West Virginia,23,34,277,8.1,2,1,89.8,8,0.6764705882352942
5164314,Scotty Fox Jr.,West Virginia,Big 12,UCF,6,17,47,2.8,0,0,3.5,8,0.35294117647058826
5158251,Khalil Wilkins,West Virginia,Big 12,UCF,5,10,32,3.2,0,0,41.8,8,0.5
4685522,Ty Simpson,Alabama,SEC,Tennessee,19,29,253,8.7,2,0,89.0,8,0.6551724137931034
5151948,Joey Aguilar,Tennessee,SEC,Alabama,28,44,268,6.1,1,1,61.6,8,0.6363636363636364
4870607,Jackson Arnold,Auburn,SEC,Missouri,18,30,207,6.9,0,1,41.5,8,0.6
4685696,Beau Pribula,Missouri,SEC,Auburn,23,40,252,6.3,0,2,76.4,8,0.575
4600403,Braylon Braxton,Southern Miss,Sun Belt,Louisiana,13,18,237,13.2,1,1,48.4,8,0.7222222222222222
4871091,D'Wayne' Winfield,Louisiana,Sun Belt,Southern Miss,12,21,112,5.3,0,1,17.1,8,0.5714285714285714
4685391,Walker Howard,Louisiana,Sun Belt,Southern Miss,2,6,23,3.8,0,1,26.0,8,0.3333333333333333
5151218,Lucian Anderson III,Bowling Green,Mid-American,Central Michigan,17,25,153,6.1,0,2,9.3,8,0.68
5119841,Dru Deshields,Kent State,Mid-American,Toledo,12,23,159,6.9,1,1,25.4,8,0.5217391304347826
4429801,Tucker Gleason,Toledo,Mid-American,Kent State,21,28,294,10.5,4,0,79.8,8,0.75
4870513,Maddux Madsen,Boise State,Mountain West,UNLV,14,23,253,11.0,4,1,83.5,8,0.6086956521739131
5044387,Anthony Colandrea,UNLV,Mountain West,Boise State,18,30,215,7.2,2,1,75.9,8,0.6
5146355,AJ Hairston,Massachusetts,Mid-American,Buffalo,6,14,119,8.5,2,0,31.4,8,0.42857142857142855
4427313,Ta'Quan Roberson,Buffalo,Mid-American,Massachusetts,36,55,403,7.3,2,1,55.7,8,0.6545454545454545
4432722,Athan Kaliakmanis,Rutgers,Big Ten,Oregon,8,25,79,3.2,0,2,11.0,8,0.32
4870921,Dante Moore,Oregon,Big Ten,Rutgers,15,20,290,14.5,4,1,99.1,8,0.75
4610131,Parker Navarro,Ohio,Mid-American,Northern Illinois,17,23,205,8.9,0,1,86.0,8,0.7391304347826086
5151506,Josh Holst,Northern Illinois,Mid-American,Ohio,21,29,161,5.6,2,0,22.6,8,0.7241379310344828
5219834,Drew Mestemaker,North Texas,American Athletic,UTSA,22,35,277,7.9,4,0,68.3,8,0.6285714285714286
4775136,Owen McCown,UTSA,American Athletic,North Texas,11,20,84,4.2,1,0,28.5,8,0.55
5151316,Brandon Tennison,UTSA,American Athletic,North Texas,4,5,31,6.2,0,0,56.4,8,0.8
4911929,Alonza Barnett,James Madison,Sun Belt,Old Dominion,17,25,295,11.8,2,0,96.3,8,0.68
5125715,Colton Joseph,Old Dominion,Sun Belt,James Madison,13,21,209,10.0,3,2,87.7,8,0.6190476190476191
4431416,Kiael Kelly,Ball State,Mid-American,Akron,10,19,121,6.4,1,1,47.0,8,0.5263157894736842
4431091,Ben Finley,Akron,Mid-American,Ball State,22,40,291,7.3,3,2,24.4,8,0.55
4880272,Byrum Brown,South Florida,American Athletic,Florida Atlantic,14,24,256,10.7,3,0,90.3,8,0.5833333333333334
4869991,Caden Veltkamp,Florida Atlantic,American Athletic,South Florida,35,50,244,4.9,1,1,58.1,8,0.7
5215248,Jordan Magwood,Florida Atlantic,American Athletic,South Florida,6,8,45,5.6,0,0,93.5,8,0.75
4876066,Zevi Eckhaus,Washington State,Pac-12,Virginia,18,27,183,6.8,1,2,44.6,8,0.6666666666666666
4692530,Chandler Morris,Virginia,ACC,Washington State,15,25,179,7.2,0,0,35.8,8,0.6
4695400,Mark Gronowski,Iowa,Big Ten,Minnesota,12,19,135,7.1,1,0,70.5,9,0.631578947368421
5144959,Drake Lindsey,Minnesota,Big Ten,Iowa,16,28,109,3.9,0,3,4.3,9,0.5714285714285714
5119841,Dru Deshields,Kent State,Mid-American,Bowling Green,13,22,160,7.3,1,0,65.3,9,0.5909090909090909
4431246,Baron May,Bowling Green,Mid-American,Kent State,12,22,142,6.5,1,0,31.2,9,0.5454545454545454
4431416,Kiael Kelly,Ball State,Mid-American,Northern Illinois,10,23,136,5.9,1,2,34.6,9,0.43478260869565216
5151506,Josh Holst,Northern Illinois,Mid-American,Ball State,6,11,65,5.9,1,1,65.8,9,0.5454545454545454
4920192,Carson Conklin,Fresno State,Mountain West,San Diego State,20,42,182,4.3,0,2,18.0,9,0.47619047619047616
4685311,Jayden Denegal,San Diego State,Mountain West,Fresno State,11,19,124,6.5,0,1,33.2,9,0.5789473684210527
5155398,Grayson Saunier,Dartmouth,Ivy,Columbia,12,13,162,12.5,1,0,,9,0.9230769230769231
5224816,Caleb Sanchez,Columbia,Ivy,Dartmouth,10,25,105,4.2,0,1,,9,0.4
4715345,Devin Farrell,Rhode Island,CAA,Bryant,14,22,272,12.4,2,1,,9,0.6363636363636364
5157426,Jaden Keefner,Bryant,CAA,Rhode Island,17,36,196,5.4,1,2,,9,0.4722222222222222
5085644,Coulter Cleland,Davidson,Pioneer,San Diego,15,21,277,13.2,2,2,,9,0.7142857142857143
5165884,Dom Nankil,San Diego,Pioneer,Davidson,25,36,288,8.0,2,1,,9,0.6944444444444444
5164567,Kevin White,North Carolina A&T,CAA,Campbell,12,20,133,6.7,1,0,,9,0.6
5154962,Kamden Sixkiller,Campbell,CAA,North Carolina A&T,27,44,255,5.8,2,1,,9,0.6136363636363636
4692052,Carter Peevy,Maine,CAA,Elon,24,34,260,7.6,2,0,,9,0.7058823529411765
5224789,Landen Clark,Elon,CAA,Maine,16,23,128,5.6,1,1,,9,0.6956521739130435
5156292,Czavian Teasett,Grambling,SWAC,Jackson State,16,26,232,8.9,2,0,,9,0.6153846153846154
5298925,Jared Lockhart,Jackson State,SWAC,Grambling,3,8,96,12.0,1,0,,9,0.375
5227425,Parker Stofa,Jackson State,SWAC,Grambling,7,12,91,7.6,0,0,,9,0.5833333333333334
4612078,JaCobian Morgan,Jackson State,SWAC,Grambling,3,6,63,10.5,0,0,,9,0.5
5155528,Jerry Kaminski,North Dakota,MVFC,Indiana State,22,34,300,8.8,4,1,,9,0.6470588235294118
5227733,Brock Riddle,Indiana State,MVFC,North Dakota,3,12,88,7.3,1,2,,9,0.25
5085026,Keegan Patterson,Indiana State,MVFC,North Dakota,7,21,70,3.3,0,1,,9,0.3333333333333333
4836476,Davin Wydner,West Georgia,UAC,Central Arkansas,17,32,175,5.5,2,0,,9,0.53125
5085356,Austin Myers,Central Arkansas,UAC,West Georgia,21,30,190,6.3,2,1,,9,0.7
5081856,Nate Glantz,Lindenwood,Big South-OVC,Gardner-Webb,17,32,180,5.6,1,2,,9,0.53125
4869817,Cole Pennington,Gardner-Webb,Big South-OVC,Lindenwood,18,21,252,12.0,1,0,,9,0.8571428571428571
5109518,Beau Brungard,Youngstown State,MVFC,Murray State,22,25,248,9.9,2,0,,9,0.88
5193343,Jim Ogle,Murray State,MVFC,Youngstown State,11,20,102,5.1,1,1,,9,0.55
5227854,Baxter Wright,Murray State,MVFC,Youngstown State,8,9,90,10.0,1,0,,9,0.8888888888888888
5083145,Bo Kelly,Cal Poly,Big Sky,Montana State,20,30,188,6.3,2,1,,9,0.6666666666666666
5092275,Ty Dieffenbach,Cal Poly,Big Sky,Montana State,2,5,3,0.6,0,0,,9,0.4
4684502,Justin Lamson,Montana State,Big Sky,Cal Poly,19,30,176,5.9,1,0,,9,0.6333333333333333
5164721,Zolten Osbourne,Charleston Southern,Big South-OVC,Eastern Illinois,26,38,280,7.4,1,0,,9,0.6842105263157895
5113896,Cole Lacrue,Eastern Illinois,Big South-OVC,Charleston Southern,10,18,123,6.8,1,0,,9,0.5555555555555556
5089335,Rowan Keefe,Valparaiso,Pioneer,Morehead State,9,15,154,10.3,0,1,,9,0.6
5300250,Nathan Downey,Valparaiso,Pioneer,Morehead State,5,11,41,3.7,0,0,,9,0.45454545454545453
4876865,Carter Cravens,Morehead State,Pioneer,Valparaiso,16,25,158,6.3,1,1,,9,0.64
5212654,Braden Atkinson,Mercer,Southern,VMI,29,35,538,15.4,5,0,,9,0.8285714285714286
5083941,Collin Shannon,VMI,Southern,Mercer,10,25,104,4.2,0,0,,9,0.4
4876140,Kekoa Visperas,Tennessee Tech,Big South-OVC,Southeast Missouri State,12,23,163,7.1,2,0,,9,0.5217391304347826
5027925,Jax Leatherwood,Southeast Missouri State,Big South-OVC,Tennessee Tech,27,38,278,7.3,1,0,,9,0.7105263157894737
5225743,Johnny Weber,Southeast Missouri State,Big South-OVC,Tennessee Tech,10,19,103,5.4,0,1,,9,0.5263157894736842
4880458,Gavin Rupp,Stetson,Pioneer,St. Thomas (MN),3,5,41,8.2,1,0,,9,0.6
5161159,Chris Stephenson,Stetson,Pioneer,St. Thomas (MN),3,7,25,3.6,0,0,,9,0.42857142857142855
5226398,Gunner Chenier,Stetson,Pioneer,St. Thomas (MN),5,7,22,3.1,0,1,,9,0.7142857142857143
4686848,Andy Peters,St. Thomas (MN),Pioneer,Stetson,22,28,292,10.4,3,1,,9,0.7857142857142857
4697094,DJ Williams,Southern Illinois,MVFC,Northern Iowa,19,23,190,8.3,2,0,,9,0.8260869565217391
4826635,Jaxon Dailey,Northern Iowa,MVFC,Southern Illinois,8,15,93,6.2,2,0,,9,0.5333333333333333
5085754,Matthew Schecklman,Northern Iowa,MVFC,Southern Illinois,5,10,34,3.4,0,1,,9,0.5
5077059,Charlie Gilliam,Samford,Southern,Chattanooga,9,15,138,9.2,0,1,,9,0.6
5212705,Brady Stober,Samford,Southern,Chattanooga,12,28,86,3.1,0,1,,9,0.42857142857142855
4577962,Camden Orth,Chattanooga,Southern,Samford,11,20,172,8.6,3,0,,9,0.55
4432722,Athan Kaliakmanis,Rutgers,Big Ten,Purdue,19,27,359,13.3,1,0,64.9,9,0.7037037037037037
5104738,Ryan Browne,Purdue,Big Ten,Rutgers,11,20,117,5.9,1,0,30.6,9,0.55
5125715,Colton Joseph,Old Dominion,Sun Belt,App State,21,33,305,9.2,3,1,58.6,9,0.6363636363636364
5081405,AJ Swann,App State,Sun Belt,Old Dominion,12,16,140,8.8,2,0,95.2,9,0.75
4870883,J.J. Kohl,App State,Sun Belt,Old Dominion,19,37,138,3.7,1,2,14.6,9,0.5135135135135135
5164314,Scotty Fox Jr.,West Virginia,Big 12,TCU,28,41,301,7.3,2,0,41.0,9,0.6829268292682927
4685401,Josh Hoover,TCU,Big 12,West Virginia,24,39,247,6.3,1,0,59.0,9,0.6153846153846154
4427191,Dequan Finn,Miami (OH),Mid-American,Western Michigan,18,30,260,8.7,1,0,76.0,9,0.6
5074245,Broc Lowry,Western Michigan,Mid-American,Miami (OH),16,28,172,6.1,1,0,57.5,9,0.5714285714285714
5208095,Mason Heintschel,Pittsburgh,ACC,NC State,28,48,423,8.8,3,0,83.8,9,0.5833333333333334
5079301,CJ Bailey,NC State,ACC,Pittsburgh,24,40,225,5.6,3,0,52.7,9,0.6
4695113,Otto Kuhns,Norfolk State,MEAC,South Carolina State,10,18,230,12.8,3,1,,9,0.5555555555555556
4877811,Billy Atkins,South Carolina State,MEAC,Norfolk State,24,36,428,11.9,4,1,,9,0.6666666666666666
5224084,Trey Hedden,Furman,Southern,The Citadel,16,22,211,9.6,0,0,,9,0.7272727272727273
5223107,Quentin Hayes,The Citadel,Southern,Furman,11,15,194,12.9,2,0,,9,0.7333333333333333
4683012,Eddie Lee Marburger,UT Rio Grande Valley,Southland,Incarnate Word,26,36,440,12.2,6,0,,9,0.7222222222222222
5141395,EJ Colson,Incarnate Word,Southland,UT Rio Grande Valley,29,45,339,7.5,2,1,,9,0.6444444444444445
5230098,Ron Peace,East Texas A&M,Southland,Stephen F. Austin,18,37,250,6.8,1,1,,9,0.4864864864864865
4683311,Sam Vidlak,Stephen F. Austin,Southland,East Texas A&M,30,46,309,6.7,2,3,,9,0.6521739130434783
4429179,Aidan Bouman,South Dakota,MVFC,Illinois State,21,38,173,4.6,1,0,,9,0.5526315789473685
4878284,Tommy Rittenhouse,Illinois State,MVFC,South Dakota,18,27,141,5.2,2,0,,9,0.6666666666666666
5126467,Braden Graham,Holy Cross,Patriot,Colgate,15,24,127,5.3,2,0,,9,0.625
5089309,Jake Stearney,Colgate,Patriot,Holy Cross,23,40,216,5.4,2,0,,9,0.575
5154161,Garrett Bass-Sulpizio,Cornell,Ivy,Brown,28,48,346,7.2,0,0,,9,0.5833333333333334
5155943,James Murphy,Brown,Ivy,Cornell,30,46,468,10.2,2,1,,9,0.6521739130434783
5226585,Abram Johnston,Northwestern State,Southland,Lamar,13,23,284,12.3,1,1,,9,0.5652173913043478
5154910,Robert Coleman,Lamar,Southland,Northwestern State,18,30,166,5.5,1,0,,9,0.6
5308438,Ashton Strother,Southern,SWAC,Florida A&M,12,28,197,7.0,0,0,,9,0.42857142857142855
5151696,RJ Johnson III,Florida A&M,SWAC,Southern,22,32,287,9.0,1,0,,9,0.6875
4878822,Jaylon Tolbert,Alcorn State,SWAC,Mississippi Valley State,23,32,227,7.1,3,0,,9,0.71875
5233879,Josh Brown,Mississippi Valley State,SWAC,Alcorn State,17,33,151,4.6,1,0,,9,0.5151515151515151
5220782,Brandon Nunez,Mississippi Valley State,SWAC,Alcorn State,4,7,32,4.6,0,2,,9,0.5714285714285714
5079683,Dante Reno,Yale,Ivy,Pennsylvania,16,22,211,9.6,3,0,,9,0.7272727272727273
5084404,Liam O'Brien,Pennsylvania,Ivy,Yale,21,39,220,5.6,1,0,,9,0.5384615384615384
5079572,Dylan Raiola,Nebraska,Big Ten,Northwestern,16,22,141,6.4,1,1,54.5,9,0.7272727272727273
4432767,Preston Stone,Northwestern,Big Ten,Nebraska,15,29,159,5.5,0,2,32.7,9,0.5172413793103449
5153846,Nick Minicucci,Delaware,Conference USA,Middle Tennessee,27,42,276,6.6,4,0,63.0,9,0.6428571428571429
4682518,Nick Vattiato,Middle Tennessee,Conference USA,Delaware,31,48,281,5.9,3,1,41.4,9,0.6458333333333334
5153782,Amari Odom,Kennesaw State,Conference USA,Florida International,10,15,205,13.7,1,0,85.7,9,0.6666666666666666
5085337,Keyone Jenkins,Florida International,Conference USA,Kennesaw State,22,36,296,8.2,1,0,47.6,9,0.6111111111111112
4428993,Haynes King,Georgia Tech,ACC,Syracuse,25,31,304,9.8,3,0,93.2,9,0.8064516129032258
4870645,Rickie Collins,Syracuse,ACC,Georgia Tech,17,29,224,7.7,1,0,36.1,9,0.5862068965517241
4870906,Arch Manning,Texas,SEC,Mississippi State,29,46,346,7.5,3,1,57.1,9,0.6304347826086957
4565315,Blake Shapen,Mississippi State,SEC,Texas,26,42,381,9.1,4,0,67.4,9,0.6190476190476191
4600403,Braylon Braxton,Southern Miss,Sun Belt,UL Monroe,18,23,248,10.8,4,0,65.4,9,0.782608695652174
5158127,Landon Graves,UL Monroe,Sun Belt,Southern Miss,12,26,103,4.0,1,2,39.8,9,0.46153846153846156
5156751,Drew VanVleet,Dayton,Pioneer,Presbyterian,10,12,104,8.7,1,0,,9,0.8333333333333334
5157481,Collin Hurst,Presbyterian,Pioneer,Dayton,14,23,215,9.3,2,3,,9,0.6086956521739131
5227302,Jack Stevens,Wagner,NEC,Duquesne,10,13,62,4.8,1,0,,9,0.7692307692307693
4777154,Tyler Riddell,Duquesne,NEC,Wagner,21,30,163,5.4,1,1,,9,0.7
5224011,Baylor Hayes,Tulsa,American Athletic,Temple,19,31,296,9.5,3,0,67.3,9,0.6129032258064516
4431387,Evan Simon,Temple,American Athletic,Tulsa,24,35,267,7.6,5,0,72.0,9,0.6857142857142857
4872721,Cardell Williams,Sacramento State,Big Sky,Montana,25,32,332,10.4,1,1,,9,0.78125
5153708,Keali'i Ah Yat,Montana,Big Sky,Sacramento State,16,24,196,8.2,3,1,,9,0.6666666666666666
5194695,Luke Marble,South Dakota State,MVFC,North Dakota State,7,16,89,5.6,1,0,,9,0.4375
4879250,Cole Payton,North Dakota State,MVFC,South Dakota State,18,23,243,10.6,0,1,,9,0.782608695652174
4837195,Luca Stanzani,Long Island University,NEC,New Haven,15,26,152,5.8,1,1,,9,0.5769230769230769
4685334,A.J. Duffy,New Haven,NEC,Long Island University,18,40,140,3.5,1,2,,9,0.45
5220153,JD Davis II,Alabama A&M,SWAC,Alabama State,5,13,88,6.8,1,1,,9,0.38461538461538464
5225612,Eric Handley,Alabama A&M,SWAC,Alabama State,3,12,11,0.9,0,1,,9,0.25
4887151,Andrew Body,Alabama State,SWAC,Alabama A&M,19,24,304,12.7,5,0,,9,0.7916666666666666
4819240,Te'Sean Smoot,Alabama State,SWAC,Alabama A&M,4,6,9,1.5,0,0,,9,0.6666666666666666
4605998,Logan Fife,New Mexico State,Conference USA,Missouri State,22,34,207,6.1,1,4,15.4,9,0.6470588235294118
4569535,Jacob Clark,Missouri State,Conference USA,New Mexico State,28,44,283,6.4,3,2,41.8,9,0.6363636363636364
5193926,Cameran Brown,Georgia State,Sun Belt,South Alabama,19,33,241,7.3,4,1,80.5,9,0.5757575757575758
4869553,Bishop Davenport,South Alabama,Sun Belt,Georgia State,16,22,280,12.7,2,0,92.6,9,0.7272727272727273
5219834,Drew Mestemaker,North Texas,American Athletic,Charlotte,37,49,608,12.4,4,1,42.6,9,0.7551020408163265
4915837,Grayson Loftis,Charlotte,American Athletic,North Texas,20,36,295,8.2,2,0,37.9,9,0.5555555555555556
5150998,Blake Baker,Louisiana Tech,Conference USA,Western Kentucky,31,45,340,7.6,1,1,50.6,9,0.6888888888888889
5196864,Rodney Tisdale Jr.,Western Kentucky,Conference USA,Louisiana Tech,21,34,227,6.7,1,1,83.3,9,0.6176470588235294
4870921,Dante Moore,Oregon,Big Ten,Wisconsin,9,15,86,5.7,0,0,36.4,9,0.6
4878912,Hunter Simmons,Wisconsin,Big Ten,Oregon,7,21,86,4.1,1,1,5.1,9,0.3333333333333333
5084084,Kevin Jennings,SMU,ACC,Wake Forest,21,39,171,4.4,0,1,40.7,9,0.5384615384615384
5138131,Deshawn Purdie,Wake Forest,ACC,SMU,14,26,183,7.0,0,2,11.4,9,0.5384615384615384
4697512,Robby Ashford,Wake Forest,ACC,SMU,4,10,33,3.3,1,0,26.4,9,0.4
5141378,Cutter Boley,Kentucky,SEC,Tennessee,26,35,330,9.4,5,1,86.3,9,0.7428571428571429
5151948,Joey Aguilar,Tennessee,SEC,Kentucky,20,26,396,15.2,3,0,95.3,9,0.7692307692307693
5106897,Jack O'Connell,Stonehill,NEC,Mercyhurst,12,19,188,9.9,2,1,,9,0.631578947368421
5227565,Adam Urena,Mercyhurst,NEC,Stonehill,29,41,255,6.2,2,1,,9,0.7073170731707317
5083569,Jaden Craig,Harvard,Ivy,Princeton,16,29,216,7.4,1,1,,9,0.5517241379310345
5154491,Kai Coln,Princeton,Ivy,Harvard,19,31,239,7.7,2,1,,9,0.6129032258064516
5171031,Matt Vezza,New Hampshire,CAA,William & Mary,17,23,280,12.2,3,0,,9,0.7391304347826086
4838536,Tyler Hughes,William & Mary,CAA,New Hampshire,19,24,204,8.5,0,0,,9,0.7916666666666666
4565189,Cam Ransom,Bethune-Cookman,SWAC,Arkansas-Pine Bluff,13,20,170,8.5,0,0,,9,0.65
5303362,Christian Peters,Arkansas-Pine Bluff,SWAC,Bethune-Cookman,20,41,185,4.5,1,0,,9,0.4878048780487805
5147067,Chris Dietrich,Bucknell,Patriot,Georgetown,18,30,222,7.4,2,1,,9,0.6
5172415,Dez Thomas II,Georgetown,Patriot,Bucknell,16,21,188,9.0,1,0,,9,0.7619047619047619
4685309,Braden Davis,Hampton,CAA,Monmouth,21,33,242,7.3,0,1,,9,0.6363636363636364
5226663,Frankie Weaver,Monmouth,CAA,Hampton,14,25,122,4.9,0,1,,9,0.56
5164893,Ean Rodrigue,Nicholls,Southland,McNeese,12,20,161,8.1,1,0,,9,0.6
4915622,Jake Strong,McNeese,Southland,Nicholls,10,18,170,9.4,1,2,,9,0.5555555555555556
5088334,Nick Whitfield Jr.,Saint Francis,NEC,Robert Morris,17,31,240,7.7,2,1,,9,0.5483870967741935
5095112,Zach Tanner,Robert Morris,NEC,Saint Francis,11,21,162,7.7,2,0,,9,0.5238095238095238
5088964,Sonny Mannino,Marist,Pioneer,Drake,17,28,161,5.8,0,0,,9,0.6071428571428571
5298739,Logan Inagawa,Drake,Pioneer,Marist,10,13,163,12.5,2,0,,9,0.7692307692307693
5083171,Jack Layne,New Mexico,Mountain West,Utah State,17,22,183,8.3,1,0,64.0,9,0.7727272727272727
4695600,Bryson Barnes,Utah State,Mountain West,New Mexico,13,23,164,7.1,1,1,24.6,9,0.5652173913043478
5141741,Bryce Underwood,Michigan,Big Ten,Michigan State,8,17,86,5.1,0,0,38.5,9,0.47058823529411764
5075805,Aidan Chiles,Michigan State,Big Ten,Michigan,14,28,130,4.6,0,0,26.8,9,0.5
5146670,Alessio Milivojevic,Michigan State,Big Ten,Michigan,5,6,60,10.0,1,0,83.8,9,0.8333333333333334
4431091,Ben Finley,Akron,Mid-American,Buffalo,17,32,230,7.2,2,1,65.5,9,0.53125
4427313,Ta'Quan Roberson,Buffalo,Mid-American,Akron,23,36,266,7.4,1,4,16.5,9,0.6388888888888888
4696880,Walker Harris,North Carolina Central,MEAC,Delaware State,22,32,354,11.1,2,1,,9,0.6875
4426688,Kaiden Bennett,Delaware State,MEAC,North Carolina Central,9,15,212,14.1,3,1,,9,0.6
4920227,Giovanni Lopez,North Carolina,ACC,Virginia,23,36,208,5.8,1,2,43.4,9,0.6388888888888888
4692530,Chandler Morris,Virginia,ACC,North Carolina,20,35,200,5.7,1,1,14.6,9,0.5714285714285714
4714009,Myles Burkett,Eastern Kentucky,UAC,Tarleton State,11,19,113,5.9,0,2,,9,0.5789473684210527
4697625,Victor Gabalis,Tarleton State,UAC,Eastern Kentucky,18,27,207,7.7,1,0,,9,0.6666666666666666
5298787,Byron McNair,Tennessee State,Big South-OVC,Western Illinois,18,27,187,6.9,1,1,,9,0.6666666666666666
5299364,Cason Carswell,Western Illinois,Big South-OVC,Tennessee State,14,31,133,4.3,1,0,,9,0.45161290322580644
4691966,Maddox Kopp,Houston Christian,Southland,SE Louisiana,10,19,73,3.8,0,0,,9,0.5263157894736842
4695784,Carson Camp,SE Louisiana,Southland,Houston Christian,12,15,169,11.3,1,2,,9,0.8
4685440,Kyle Lowe,SE Louisiana,Southland,Houston Christian,3,10,26,2.6,0,1,,9,0.3
4870889,Chris Parson,Austin Peay,UAC,North Alabama,17,24,311,13.0,3,0,,9,0.7083333333333334
4685698,Destin Wade,North Alabama,UAC,Austin Peay,26,49,330,6.7,2,3,,9,0.5306122448979592
4837248,Fernando Mendoza,Indiana,Big Ten,UCLA,15,22,168,7.6,3,1,91.3,9,0.6818181818181818
5191162,Alberto Mendoza,Indiana,Big Ten,UCLA,4,7,45,6.4,0,1,93.9,9,0.5714285714285714
4870799,Nico Iamaleava,UCLA,Big Ten,Indiana,13,27,113,4.2,0,2,18.4,9,0.48148148148148145
4812381,Gunnar Smith,Fordham,Patriot,Lehigh,17,32,203,6.3,0,0,,9,0.53125
5225902,Hayden Johnson,Lehigh,Patriot,Fordham,17,26,267,10.3,0,0,,9,0.6538461538461539
4596472,Jalon Daniels,Kansas,Big 12,Kansas State,17,35,129,3.7,0,1,41.3,9,0.4857142857142857
4870857,Avery Johnson,Kansas State,Big 12,Kansas,11,17,231,13.6,2,0,90.8,9,0.6470588235294118
5141367,Bear Bachmeier,BYU,Big 12,Iowa State,22,35,307,8.8,2,0,84.3,9,0.6285714285714286
4801299,Rocco Becht,Iowa State,Big 12,BYU,24,36,311,8.6,1,3,35.5,9,0.6666666666666666
4899046,Brendan Sorsby,Cincinnati,Big 12,Baylor,13,21,111,5.3,2,0,81.8,9,0.6190476190476191
4432759,Sawyer Robertson,Baylor,Big 12,Cincinnati,18,26,137,5.3,2,0,67.9,9,0.6923076923076923
4433829,Mitch Griffis,Texas Tech,Big 12,Oklahoma State,9,13,172,13.2,1,0,28.7,9,0.6923076923076923
5126468,Will Hammond,Texas Tech,Big 12,Oklahoma State,9,15,102,6.8,1,0,62.7,9,0.6
4874527,Sam Jackson,Oklahoma State,Big 12,Texas Tech,9,19,48,2.5,0,0,39.2,9,0.47368421052631576
5093185,Noah Walters,Oklahoma State,Big 12,Texas Tech,5,12,39,3.3,0,0,16.1,9,0.4166666666666667
5078810,Sam Leavitt,Arizona State,Big 12,Houston,18,35,270,7.7,1,0,48.2,9,0.5142857142857142
4429066,Jeff Sims,Arizona State,Big 12,Houston,6,11,58,5.3,1,0,83.2,9,0.5454545454545454
4685574,Conner Weigman,Houston,Big 12,Arizona State,17,22,201,9.1,1,0,86.5,9,0.7727272727272727
5227681,Cameron Peters,Prairie View A&M,SWAC,Lincoln (CA),11,18,243,13.5,2,0,,9,0.6111111111111112
5232593,Anastacio Prado,Lincoln (CA),Independent DII,Prairie View A&M,4,11,42,3.8,0,0,,9,0.36363636363636365
4913758,Dijon Jennings,Weber State,Big Sky,Eastern Washington,17,27,140,5.2,0,2,,9,0.6296296296296297
5152110,Nate Bell,Eastern Washington,Big Sky,Weber State,20,29,169,5.8,1,0,,9,0.6896551724137931
5300801,Eric Gibson Jr.,Northern Colorado,Big Sky,UC Davis,31,45,269,6.0,1,1,,9,0.6888888888888889
4698250,Grant Harper,UC Davis,Big Sky,Northern Colorado,15,31,216,7.0,3,2,,9,0.4838709677419355
4427455,Cade McNamara,East Tennessee State,Southern,Wofford,12,13,103,7.9,0,0,,9,0.9230769230769231
4868460,Jake Mcnamara,East Tennessee State,Southern,Wofford,14,18,97,5.4,0,0,,9,0.7777777777777778
5156255,JT Fayard,Wofford,Southern,East Tennessee State,22,29,145,5.0,0,0,,9,0.7586206896551724
5226896,Quinn Boyd,Stony Brook,CAA,Towson,19,29,176,6.1,1,0,,9,0.6551724137931034
4694939,Nathan Kent,Towson,CAA,Stony Brook,10,22,183,8.3,2,0,,9,0.45454545454545453
5301657,Andrew Indorf,Towson,CAA,Stony Brook,3,12,44,3.7,0,0,,9,0.25
4875127,Lanorris Sellers,South Carolina,SEC,Alabama,18,32,222,6.9,1,1,66.8,9,0.5625
4685522,Ty Simpson,Alabama,SEC,South Carolina,24,43,253,5.9,2,0,77.9,9,0.5581395348837209
4430841,Carson Beck,Miami,ACC,Stanford,21,28,189,6.8,1,0,69.0,9,0.75
4431114,Ben Gulbranson,Stanford,ACC,Miami,9,21,50,2.4,1,2,19.8,9,0.42857142857142855
5079318,Elijah Brown,Stanford,ACC,Miami,3,5,39,7.8,0,0,84.2,9,0.6
5080403,Jaylen Raynor,Arkansas State,Sun Belt,Georgia Southern,24,37,216,5.8,0,1,53.4,9,0.6486486486486487
4685345,JC French,Georgia Southern,Sun Belt,Arkansas State,18,24,208,8.7,2,0,55.8,9,0.75
5294263,Byrd Ficklin,Utah,Big 12,Colorado,10,22,140,6.4,2,0,74.3,9,0.45454545454545453
4917093,Ryan Staub,Colorado,Big 12,Utah,4,8,65,8.1,0,0,69.6,9,0.5
4432803,Kaidon Salter,Colorado,Big 12,Utah,9,22,37,1.7,0,1,10.7,9,0.4090909090909091
4429582,Joe Fagnano,UConn,FBS Independents,Rice,32,48,344,7.2,3,0,59.7,9,0.6666666666666666
4986096,Chase Jenkins,Rice,American Athletic,UConn,17,22,191,8.7,1,0,42.8,9,0.7727272727272727
4881352,Jack Shields,UAlbany,CAA,Villanova,11,26,102,3.9,1,1,,9,0.4230769230769231
4875733,Pat McQuaide,Villanova,CAA,UAlbany,15,22,203,9.2,2,1,,9,0.6818181818181818
5146355,AJ Hairston,Massachusetts,Mid-American,Central Michigan,21,51,176,3.5,0,1,11.5,9,0.4117647058823529
4683291,Joey Labas,Central Michigan,Mid-American,Massachusetts,10,11,148,13.5,2,0,72.7,9,0.9090909090909091
4832830,Joshua Wood,Idaho,Big Sky,Portland State,15,22,259,11.8,4,0,,9,0.6818181818181818
5225576,Tyrese Smith,Portland State,Big Sky,Idaho,7,13,141,10.8,0,1,,9,0.5384615384615384
5075571,John-Keawe Sagapolutele,Portland State,Big Sky,Idaho,7,14,41,2.9,0,1,,9,0.5
5158746,Jordan Cooke,Idaho State,Big Sky,Northern Arizona,26,39,256,6.6,1,1,,9,0.6666666666666666
5225414,Ty Pennington,Northern Arizona,Big Sky,Idaho State,24,30,171,5.7,1,0,,9,0.8
5224562,Bronson Barben,Utah Tech,UAC,Southern Utah,27,41,233,5.7,0,1,,9,0.6585365853658537
4697131,Bronson Barron,Southern Utah,UAC,Utah Tech,10,17,110,6.5,0,0,,9,0.5882352941176471
4912119,Tucker Kilcrease,Troy,Sun Belt,Louisiana,16,24,180,7.5,0,1,62.7,9,0.6666666666666666
4871091,D'Wayne' Winfield,Louisiana,Sun Belt,Troy,12,22,187,8.5,1,2,65.4,9,0.5454545454545454
4431325,Taylen Green,Arkansas,SEC,Auburn,14,22,268,12.2,1,3,67.5,9,0.6363636363636364
4838679,Ashton Daniels,Auburn,SEC,Arkansas,6,8,77,9.6,0,0,56.6,9,0.75
4870607,Jackson Arnold,Auburn,SEC,Arkansas,7,12,73,6.1,1,1,14.3,9,0.5833333333333334
4429801,Tucker Gleason,Toledo,Mid-American,Washington State,26,41,238,5.8,1,1,33.0,9,0.6341463414634146
4876066,Zevi Eckhaus,Washington State,Pac-12,Toledo,10,22,159,7.2,2,2,69.2,9,0.45454545454545453
4678010,Kyron Drones,Virginia Tech,ACC,California,9,18,119,6.6,3,1,86.7,9,0.5
5164313,Jaron-Keawe Sagapolutele,California,ACC,Virginia Tech,24,39,286,7.3,1,0,56.3,9,0.6153846153846154
5205097,Carter Jones,Nevada,Mountain West,Boise State,16,29,144,5.0,0,3,18.4,9,0.5517241379310345
4870513,Maddux Madsen,Boise State,Mountain West,Nevada,15,28,174,6.2,0,1,42.2,9,0.5357142857142857
4915980,John Mateer,Oklahoma,SEC,Ole Miss,17,31,223,7.2,1,0,45.1,9,0.5483870967741935
4911529,Trinidad Chambliss,Ole Miss,SEC,Oklahoma,24,44,315,7.2,1,0,90.7,9,0.5454545454545454
4610131,Parker Navarro,Ohio,Mid-American,Eastern Michigan,23,28,315,11.3,2,2,50.9,9,0.8214285714285714
4690158,Noah Kim,Eastern Michigan,Mid-American,Ohio,21,30,259,8.6,2,0,57.1,9,0.7
5084180,Diego Pavia,Vanderbilt,SEC,Missouri,10,19,129,6.8,0,1,59.1,9,0.5263157894736842
5195300,Matt Zollers,Missouri,SEC,Vanderbilt,14,23,138,6.0,1,0,93.5,9,0.6086956521739131
4685696,Beau Pribula,Missouri,SEC,Vanderbilt,9,14,68,4.9,0,0,17.6,9,0.6428571428571429
4597679,Luke Altmyer,Illinois,Big Ten,Washington,22,34,199,5.9,2,2,83.5,9,0.6470588235294118
5079653,Demond Williams Jr.,Washington,Big Ten,Illinois,26,33,280,8.5,4,0,90.5,9,0.7878787878787878
4429149,Brendon Lewis,Memphis,American Athletic,South Florida,27,44,307,7.0,2,0,58.0,9,0.6136363636363636
4880272,Byrum Brown,South Florida,American Athletic,Memphis,26,43,269,6.3,1,1,72.9,9,0.6046511627906976
4431580,Miller Moss,Louisville,ACC,Boston College,15,27,187,6.9,1,1,38.0,9,0.5555555555555556
4567707,Grayson James,Boston College,ACC,Louisville,23,46,244,5.3,3,2,56.0,9,0.5
4869991,Caden Veltkamp,Florida Atlantic,American Athletic,Navy,25,41,299,7.3,2,1,47.4,9,0.6097560975609756
4568336,Zach Gibson,Florida Atlantic,American Athletic,Navy,9,14,82,5.9,2,0,90.7,9,0.6428571428571429
5081504,Blake Horvath,Navy,American Athletic,Florida Atlantic,8,12,83,6.9,0,0,63.1,9,0.6666666666666666
4567747,Garrett Nussmeier,LSU,SEC,Texas A&M,22,35,168,4.8,1,0,53.3,9,0.6285714285714286
4870971,Marcel Reed,Texas A&M,SEC,LSU,12,21,202,9.6,2,2,92.4,9,0.5714285714285714
4899468,Kaden Anderson,Wyoming,Mountain West,Colorado State,16,24,154,6.4,2,0,74.6,9,0.6666666666666666
5122401,Darius Curry,Colorado State,Mountain West,Wyoming,9,16,112,7.0,0,0,24.4,9,0.5625
5054036,Jackson Brousseau,Colorado State,Mountain West,Wyoming,10,18,99,5.5,0,3,3.8,9,0.5555555555555556
5144078,Ethan Grunkemeyer,Penn State,Big Ten,Ohio State,19,28,145,5.2,0,1,82.3,10,0.6785714285714286
5079712,Julian Sayin,Ohio State,Big Ten,Penn State,20,23,316,13.7,4,0,99.1,10,0.8695652173913043
4597679,Luke Altmyer,Illinois,Big Ten,Rutgers,19,31,235,7.6,4,1,88.9,10,0.6129032258064516
4432722,Athan Kaliakmanis,Rutgers,Big Ten,Illinois,25,45,253,5.6,1,0,60.3,10,0.5555555555555556
5141741,Bryce Underwood,Michigan,Big Ten,Purdue,13,22,145,6.6,0,1,47.6,10,0.5909090909090909
5104738,Ryan Browne,Purdue,Big Ten,Michigan,19,24,133,5.5,1,0,79.1,10,0.7916666666666666
4426688,Kaiden Bennett,Delaware State,MEAC,Norfolk State,16,18,158,8.8,1,0,,10,0.8888888888888888
4695113,Otto Kuhns,Norfolk State,MEAC,Delaware State,22,34,311,9.1,3,1,,10,0.6470588235294118
5084404,Liam O'Brien,Pennsylvania,Ivy,Brown,18,27,222,8.2,1,1,,10,0.6666666666666666
5155943,James Murphy,Brown,Ivy,Pennsylvania,31,44,360,8.2,2,1,,10,0.7045454545454546
4879250,Cole Payton,North Dakota State,MVFC,Youngstown State,17,24,194,8.1,0,1,,10,0.7083333333333334
5109518,Beau Brungard,Youngstown State,MVFC,North Dakota State,19,30,203,6.8,1,1,,10,0.6333333333333333
5193343,Jim Ogle,Murray State,MVFC,Southern Illinois,14,26,124,4.8,1,1,,10,0.5384615384615384
4697094,DJ Williams,Southern Illinois,MVFC,Murray State,11,20,171,8.6,1,0,,10,0.55
4429179,Aidan Bouman,South Dakota,MVFC,North Dakota,14,20,173,8.7,1,0,,10,0.7
5155528,Jerry Kaminski,North Dakota,MVFC,South Dakota,16,30,177,5.9,0,2,,10,0.5333333333333333
5106897,Jack O'Connell,Stonehill,NEC,Robert Morris,13,24,116,4.8,1,0,,10,0.5416666666666666
5095112,Zach Tanner,Robert Morris,NEC,Stonehill,9,22,111,5.0,2,1,,10,0.4090909090909091
5164567,Kevin White,North Carolina A&T,CAA,Towson,11,25,90,3.6,0,2,,10,0.44
5301657,Andrew Indorf,Towson,CAA,North Carolina A&T,18,24,294,12.3,2,0,,10,0.75
4694939,Nathan Kent,Towson,CAA,North Carolina A&T,3,6,22,3.7,0,0,,10,0.5
5225700,Jack Snyder,Sacred Heart,FCS Independents,New Haven,13,24,158,6.6,1,0,,10,0.5416666666666666
4685334,A.J. Duffy,New Haven,NEC,Sacred Heart,21,35,210,6.0,1,1,,10,0.6
4877890,Kyle Wickersham,Richmond,Patriot,Fordham,23,35,193,5.5,1,1,,10,0.6571428571428571
4812381,Gunnar Smith,Fordham,Patriot,Richmond,19,36,91,2.5,1,2,,10,0.5277777777777778
5157481,Collin Hurst,Presbyterian,Pioneer,Valparaiso,26,32,278,8.7,2,1,,10,0.8125
5089335,Rowan Keefe,Valparaiso,Pioneer,Presbyterian,17,26,225,8.7,1,0,,10,0.6538461538461539
5027925,Jax Leatherwood,Southeast Missouri State,Big South-OVC,Charleston Southern,27,49,274,5.6,1,0,,10,0.5510204081632653
5164721,Zolten Osbourne,Charleston Southern,Big South-OVC,Southeast Missouri State,17,35,302,8.6,1,0,,10,0.4857142857142857
4577962,Camden Orth,Chattanooga,Southern,Western Carolina,15,27,241,8.9,1,2,,10,0.5555555555555556
4881032,Taron Dickens,Western Carolina,Southern,Chattanooga,18,29,225,7.8,4,0,,10,0.6206896551724138
5165884,Dom Nankil,San Diego,Pioneer,Dayton,16,23,215,9.3,2,0,,10,0.6956521739130435
5156751,Drew VanVleet,Dayton,Pioneer,San Diego,18,30,220,7.3,2,2,,10,0.6
5233879,Josh Brown,Mississippi Valley State,SWAC,Bethune-Cookman,36,57,418,7.3,1,1,,10,0.631578947368421
4565189,Cam Ransom,Bethune-Cookman,SWAC,Mississippi Valley State,14,22,154,7.0,1,0,,10,0.6363636363636364
4877811,Billy Atkins,South Carolina State,MEAC,Morgan State,21,32,363,11.3,1,1,,10,0.65625
5232049,Raymond Moore III,Morgan State,MEAC,South Carolina State,17,30,229,7.6,3,2,,10,0.5666666666666667
4878284,Tommy Rittenhouse,Illinois State,MVFC,Northern Iowa,28,37,228,6.2,1,0,,10,0.7567567567567568
4826635,Jaxon Dailey,Northern Iowa,MVFC,Illinois State,15,23,142,6.2,1,2,,10,0.6521739130434783
5092275,Ty Dieffenbach,Cal Poly,Big Sky,Portland State,14,23,207,9.0,1,1,,10,0.6086956521739131
5075571,John-Keawe Sagapolutele,Portland State,Big Sky,Cal Poly,17,26,252,9.7,1,1,,10,0.6538461538461539
4915622,Jake Strong,McNeese,Southland,Northwestern State,11,17,121,7.1,1,1,,10,0.6470588235294118
5226585,Abram Johnston,Northwestern State,Southland,McNeese,8,23,53,2.3,0,1,,10,0.34782608695652173
5302454,Eli Anderson,Northwestern State,Southland,McNeese,2,6,26,4.3,0,0,,10,0.3333333333333333
5113896,Cole Lacrue,Eastern Illinois,Big South-OVC,UT Martin,14,18,140,7.8,2,0,,10,0.7777777777777778
5225271,Connor Wolf,Eastern Illinois,Big South-OVC,UT Martin,5,5,100,20.0,1,0,,10,1.0
4709012,Jase Bauer,UT Martin,Big South-OVC,Eastern Illinois,22,29,172,5.9,2,0,,10,0.7586206896551724
4695784,Carson Camp,SE Louisiana,Southland,East Texas A&M,11,18,226,12.6,2,0,,10,0.6111111111111112
4685440,Kyle Lowe,SE Louisiana,Southland,East Texas A&M,9,11,85,7.7,1,0,,10,0.8181818181818182
5093929,Eric Rodriguez,East Texas A&M,Southland,SE Louisiana,17,31,184,5.9,0,1,,10,0.5483870967741935
5232131,KJ Cooper,Texas Southern,SWAC,Alcorn State,26,52,298,5.7,2,1,,10,0.5
4878822,Jaylon Tolbert,Alcorn State,SWAC,Texas Southern,20,24,222,9.3,1,0,,10,0.8333333333333334
5085337,Keyone Jenkins,Florida International,Conference USA,Missouri State,15,24,147,6.1,2,0,39.8,10,0.625
4879058,Joe Pesansky,Florida International,Conference USA,Missouri State,6,11,72,6.5,1,0,62.4,10,0.5454545454545454
4569535,Jacob Clark,Missouri State,Conference USA,Florida International,16,27,163,6.0,2,0,63.4,10,0.5925925925925926
5125715,Colton Joseph,Old Dominion,Sun Belt,UL Monroe,12,22,231,10.5,0,0,62.0,10,0.5454545454545454
5122054,Aidan Armenta,UL Monroe,Sun Belt,Old Dominion,12,20,150,7.5,1,1,9.2,10,0.6
4683291,Joey Labas,Central Michigan,Mid-American,Western Michigan,8,11,152,13.8,1,1,46.3,10,0.7272727272727273
5074245,Broc Lowry,Western Michigan,Mid-American,Central Michigan,17,24,150,6.3,1,0,22.3,10,0.7083333333333334
5153782,Amari Odom,Kennesaw State,Conference USA,UTEP,6,10,86,8.6,0,0,78.4,10,0.6
4565355,Dexter Williams II,Kennesaw State,Conference USA,UTEP,8,22,68,3.1,0,1,12.4,10,0.36363636363636365
5083042,Skyler Locklear,UTEP,Conference USA,Kennesaw State,14,29,160,5.5,2,0,29.3,10,0.4827586206896552
4606658,Samari Collier,Coastal Carolina,Sun Belt,Marshall,8,20,196,9.8,2,1,35.0,10,0.4
4432691,Carlos Del Rio-Wilson,Marshall,Sun Belt,Coastal Carolina,21,36,153,4.3,1,2,27.0,10,0.5833333333333334
5227681,Cameron Peters,Prairie View A&M,SWAC,Alabama State,16,34,189,5.6,3,4,,10,0.47058823529411764
4887151,Andrew Body,Alabama State,SWAC,Prairie View A&M,5,7,79,11.3,0,0,,10,0.7142857142857143
4819240,Te'Sean Smoot,Alabama State,SWAC,Prairie View A&M,4,9,42,4.7,0,0,,10,0.4444444444444444
5172415,Dez Thomas II,Georgetown,Patriot,Lehigh,14,25,168,6.7,0,1,,10,0.56
5225715,Jack Johnson,Georgetown,Patriot,Lehigh,4,7,13,1.9,0,0,,10,0.5714285714285714
5225902,Hayden Johnson,Lehigh,Patriot,Georgetown,14,21,178,8.5,1,0,,10,0.6666666666666666
5227302,Jack Stevens,Wagner,NEC,Saint Francis,12,15,66,4.4,0,1,,10,0.8
5088334,Nick Whitfield Jr.,Saint Francis,NEC,Wagner,14,20,97,4.9,1,1,,10,0.7
5155100,Jeff Hoenstine,Saint Francis,NEC,Wagner,5,7,65,9.3,1,0,,10,0.7142857142857143
5308438,Ashton Strother,Southern,SWAC,Arkansas-Pine Bluff,12,21,126,6.0,1,1,,10,0.5714285714285714
4917305,Cam'Ron McCoy,Southern,SWAC,Arkansas-Pine Bluff,6,10,96,9.6,1,0,,10,0.6
5303362,Christian Peters,Arkansas-Pine Bluff,SWAC,Southern,21,32,231,7.2,2,1,,10,0.65625
4920192,Carson Conklin,Fresno State,Mountain West,Boise State,10,21,35,1.7,0,0,17.0,10,0.47619047619047616
5160730,Max Cutforth,Boise State,Mountain West,Fresno State,14,29,106,3.7,1,2,4.1,10,0.4827586206896552
4801299,Rocco Becht,Iowa State,Big 12,Arizona State,18,36,186,5.2,1,1,38.0,10,0.5
4429066,Jeff Sims,Arizona State,Big 12,Iowa State,13,24,177,7.4,1,1,66.1,10,0.5416666666666666
4432759,Sawyer Robertson,Baylor,Big 12,UCF,29,40,267,6.7,3,0,87.0,10,0.725
4801307,Tayven Jackson,UCF,Big 12,Baylor,18,33,151,4.6,0,2,9.7,10,0.5454545454545454
4685574,Conner Weigman,Houston,Big 12,West Virginia,25,35,309,8.8,4,2,44.0,10,0.7142857142857143
5164314,Scotty Fox Jr.,West Virginia,Big 12,Houston,13,22,157,7.1,1,0,95.2,10,0.5909090909090909
4567707,Grayson James,Boston College,ACC,Notre Dame,25,37,240,6.5,1,2,59.8,10,0.6756756756756757
4870900,Dylan Lonergan,Boston College,ACC,Notre Dame,5,8,29,3.6,0,1,32.1,10,0.625
5079369,C.J. Carr,Notre Dame,FBS Independents,Boston College,18,25,299,12.0,2,0,92.6,10,0.72
4596472,Jalon Daniels,Kansas,Big 12,Oklahoma State,13,19,110,5.8,2,0,85.4,10,0.6842105263157895
4923267,Zane Flores,Oklahoma State,Big 12,Kansas,22,28,235,8.4,2,0,74.4,10,0.7857142857142857
4801717,Noah Fifita,Arizona,Big 12,Colorado,11,19,213,11.2,4,0,88.6,10,0.5789473684210527
4702829,Braedyn Locke,Arizona,Big 12,Colorado,0,6,0,0.0,0,0,0.4,10,0.0
5159016,Julian Lewis,Colorado,Big 12,Arizona,9,17,121,7.1,1,0,73.2,10,0.5294117647058824
4432803,Kaidon Salter,Colorado,Big 12,Arizona,11,15,49,3.3,1,1,49.1,10,0.7333333333333333
5304090,Kingston Tisdell,Weber State,Big Sky,Montana,10,21,116,5.5,1,0,,10,0.47619047619047616
4913758,Dijon Jennings,Weber State,Big Sky,Montana,15,21,97,4.6,1,1,,10,0.7142857142857143
5153708,Keali'i Ah Yat,Montana,Big Sky,Weber State,15,27,296,11.0,2,0,,10,0.5555555555555556
4875428,Jake Jensen,Montana,Big Sky,Weber State,2,6,12,2.0,0,0,,10,0.3333333333333333
5306457,Hayden Benoit,Grambling,SWAC,Alabama A&M,9,13,91,7.0,0,1,,10,0.6923076923076923
5220153,JD Davis II,Alabama A&M,SWAC,Grambling,12,18,123,6.8,1,2,,10,0.6666666666666666
4683471,Brady Olson,Central Connecticut,NEC,Long Island University,16,29,200,6.9,1,1,,10,0.5517241379310345
4837195,Luca Stanzani,Long Island University,NEC,Central Connecticut,21,33,127,3.8,1,0,,10,0.6363636363636364
5154125,Chase Goodwin,Columbia,Ivy,Yale,15,30,208,6.9,1,0,,10,0.5
5079683,Dante Reno,Yale,Ivy,Columbia,16,25,179,7.2,2,0,,10,0.64
4696880,Walker Harris,North Carolina Central,MEAC,Howard,17,29,321,11.1,4,2,,10,0.5862068965517241
5082005,Tyriq Starks,Howard,MEAC,North Carolina Central,16,26,145,5.6,0,1,,10,0.6153846153846154
4837248,Fernando Mendoza,Indiana,Big Ten,Maryland,14,21,201,9.6,1,1,96.1,10,0.6666666666666666
5141695,Malik Washington,Maryland,Big Ten,Indiana,16,31,242,7.8,1,2,38.8,10,0.5161290322580645
4920227,Giovanni Lopez,North Carolina,ACC,Syracuse,15,19,216,11.4,2,0,86.4,10,0.7894736842105263
5297026,Joseph Filardi,Syracuse,ACC,North Carolina,4,18,39,2.2,0,0,1.9,10,0.2222222222222222
5146672,Jake Schakel,Eastern Washington,Big Sky,Sacramento State,24,38,201,5.3,0,0,,10,0.631578947368421
5152110,Nate Bell,Eastern Washington,Big Sky,Sacramento State,6,14,39,2.8,1,0,,10,0.42857142857142855
4872721,Cardell Williams,Sacramento State,Big Sky,Eastern Washington,3,6,15,2.5,0,1,,10,0.5
5157426,Jaden Keefner,Bryant,CAA,Monmouth,15,34,163,4.8,1,0,,10,0.4411764705882353
5226663,Frankie Weaver,Monmouth,CAA,Bryant,14,19,218,11.5,2,2,,10,0.7368421052631579
5226019,Caden Pinnick,UC Davis,Big Sky,Idaho State,23,32,325,10.2,1,2,,10,0.71875
5158746,Jordan Cooke,Idaho State,Big Sky,UC Davis,21,36,252,7.0,2,2,,10,0.5833333333333334
5298787,Byron McNair,Tennessee State,Big South-OVC,Lindenwood,11,20,132,6.6,1,0,,10,0.55
5081856,Nate Glantz,Lindenwood,Big South-OVC,Tennessee State,16,23,149,6.5,0,1,,10,0.6956521739130435
4876865,Carter Cravens,Morehead State,Pioneer,Davidson,21,35,278,7.9,1,0,,10,0.6
5085644,Coulter Cleland,Davidson,Pioneer,Morehead State,9,24,81,3.4,1,2,,10,0.375
5085356,Austin Myers,Central Arkansas,UAC,Eastern Kentucky,11,26,157,6.0,0,2,,10,0.4230769230769231
4714009,Myles Burkett,Eastern Kentucky,UAC,Central Arkansas,18,27,209,7.7,3,1,,10,0.6666666666666666
5154491,Kai Coln,Princeton,Ivy,Cornell,16,32,219,6.8,1,0,,10,0.5
5154161,Garrett Bass-Sulpizio,Cornell,Ivy,Princeton,15,25,117,4.7,2,1,,10,0.6
4881352,Jack Shields,UAlbany,CAA,William & Mary,9,30,133,4.4,0,1,,10,0.3
4838536,Tyler Hughes,William & Mary,CAA,UAlbany,25,38,245,6.4,1,0,,10,0.6578947368421053
4876066,Zevi Eckhaus,Washington State,Pac-12,Oregon State,13,24,146,6.1,0,2,12.1,10,0.5416666666666666
4870864,Gabarri Johnson,Oregon State,Pac-12,Washington State,10,15,33,2.2,0,0,10.6,10,0.6666666666666666
4694149,Walker Eget,San José State,Mountain West,Hawai'i,20,40,458,11.5,2,0,83.4,10,0.5
5101124,Micah Alejado,Hawai'i,Mountain West,San José State,31,46,367,8.0,3,0,66.0,10,0.6739130434782609
4691966,Maddox Kopp,Houston Christian,Southland,Nicholls,12,15,170,11.3,0,1,,10,0.8
4880516,Jake Weir,Houston Christian,Southland,Nicholls,2,9,11,1.2,0,3,,10,0.2222222222222222
5301346,Reilly Garcia,Houston Christian,Southland,Nicholls,2,6,6,1.0,0,0,,10,0.3333333333333333
5164893,Ean Rodrigue,Nicholls,Southland,Houston Christian,17,22,174,7.9,2,0,,10,0.7727272727272727
5224562,Bronson Barben,Utah Tech,UAC,North Alabama,19,30,272,9.1,1,0,,10,0.6333333333333333
4685698,Destin Wade,North Alabama,UAC,Utah Tech,14,32,203,6.3,1,1,,10,0.4375
4697625,Victor Gabalis,Tarleton State,UAC,Abilene Christian,25,46,361,7.8,2,1,,10,0.5434782608695652
4691272,Stone Earle,Abilene Christian,UAC,Tarleton State,16,25,202,8.1,1,1,,10,0.64
4876140,Kekoa Visperas,Tennessee Tech,Big South-OVC,Gardner-Webb,17,25,279,11.2,2,0,,10,0.68
4869817,Cole Pennington,Gardner-Webb,Big South-OVC,Tennessee Tech,16,28,167,6.0,1,0,,10,0.5714285714285714
5083847,Dean DeNobile,Lafayette,Patriot,Holy Cross,13,26,119,4.6,0,0,,10,0.5
5299278,Dominic Campanile,Holy Cross,Patriot,Lafayette,17,22,127,5.8,0,1,,10,0.7727272727272727
5126467,Braden Graham,Holy Cross,Patriot,Lafayette,4,7,20,2.9,0,1,,10,0.5714285714285714
5298925,Jared Lockhart,Jackson State,SWAC,Florida A&M,5,10,104,10.4,1,0,,10,0.5
5151696,RJ Johnson III,Florida A&M,SWAC,Jackson State,16,29,132,4.6,2,0,,10,0.5517241379310345
4692052,Carter Peevy,Maine,CAA,Stony Brook,14,25,188,7.5,2,2,,10,0.56
5226896,Quinn Boyd,Stony Brook,CAA,Maine,33,59,299,5.1,1,0,,10,0.559322033898305
4877380,Quincy Crittendon,Samford,Southern,Wofford,19,25,219,8.8,0,0,,10,0.76
5077059,Charlie Gilliam,Samford,Southern,Wofford,15,25,113,4.5,1,4,,10,0.6
5156255,JT Fayard,Wofford,Southern,Samford,14,24,80,3.3,0,1,,10,0.5833333333333334
5212654,Braden Atkinson,Mercer,Southern,Furman,28,49,426,8.7,4,0,,10,0.5714285714285714
5224084,Trey Hedden,Furman,Southern,Mercer,12,18,155,8.6,2,1,,10,0.6666666666666666
4832830,Joshua Wood,Idaho,Big Sky,Northern Arizona,15,31,180,5.8,2,1,,10,0.4838709677419355
5225414,Ty Pennington,Northern Arizona,Big Sky,Idaho,23,34,267,7.9,1,0,,10,0.6764705882352942
4686848,Andy Peters,St. Thomas (MN),Pioneer,Marist,14,19,248,13.1,2,0,,10,0.7368421052631579
5088992,Amari Powell,St. Thomas (MN),Pioneer,Marist,4,7,49,7.0,0,0,,10,0.5714285714285714
5298896,Will O'Dell,Marist,Pioneer,St. Thomas (MN),14,24,101,4.2,0,3,,10,0.5833333333333334
5300801,Eric Gibson Jr.,Northern Colorado,Big Sky,Montana State,19,33,93,2.8,0,1,,10,0.5757575757575758
4565180,Peter Costelli,Northern Colorado,Big Sky,Montana State,5,7,64,9.1,0,0,,10,0.7142857142857143
4684502,Justin Lamson,Montana State,Big Sky,Northern Colorado,16,22,331,15.0,3,0,,10,0.7272727272727273
5194695,Luke Marble,South Dakota State,MVFC,Indiana State,17,29,181,6.2,1,1,,10,0.5862068965517241
5227810,Jack Henry,South Dakota State,MVFC,Indiana State,6,12,70,5.8,0,1,,10,0.5
5085026,Keegan Patterson,Indiana State,MVFC,South Dakota State,15,25,188,7.5,2,0,,10,0.6
5083569,Jaden Craig,Harvard,Ivy,Dartmouth,21,32,322,10.1,4,2,,10,0.65625
5155398,Grayson Saunier,Dartmouth,Ivy,Harvard,18,32,200,6.3,0,0,,10,0.5625
5083490,Ayden Pereira,Merrimack,FCS Independents,Colgate,21,31,237,7.6,0,2,,10,0.6774193548387096
5089309,Jake Stearney,Colgate,Patriot,Merrimack,14,28,246,8.8,1,1,,10,0.5
4697131,Bronson Barron,Southern Utah,UAC,Austin Peay,15,23,184,8.0,0,0,,10,0.6521739130434783
4870889,Chris Parson,Austin Peay,UAC,Southern Utah,15,27,178,6.6,2,0,,10,0.5555555555555556
5220424,Hunter Watson,Sam Houston,Conference USA,Louisiana Tech,14,33,193,5.8,0,1,21.9,10,0.42424242424242425
5079533,Mabrey Mettauer,Sam Houston,Conference USA,Louisiana Tech,3,7,13,1.9,0,0,8.8,10,0.42857142857142855
5150998,Blake Baker,Louisiana Tech,Conference USA,Sam Houston,17,21,221,10.5,1,1,81.0,10,0.8095238095238095
5223107,Quentin Hayes,The Citadel,Southern,VMI,5,7,175,25.0,3,0,,10,0.7142857142857143
5083941,Collin Shannon,VMI,Southern,The Citadel,21,29,261,9.0,2,0,,10,0.7241379310344828
4685578,Gunner Stockton,Georgia,SEC,Florida,20,29,223,7.7,2,1,72.0,10,0.6896551724137931
5079555,D.J. Lagway,Florida,SEC,Georgia,15,24,166,6.9,1,0,54.5,10,0.625
5144959,Drake Lindsey,Minnesota,Big Ten,Michigan State,26,39,197,5.1,0,0,57.4,10,0.6666666666666666
5146670,Alessio Milivojevic,Michigan State,Big Ten,Minnesota,20,28,311,11.1,1,0,46.7,10,0.7142857142857143
4875127,Lanorris Sellers,South Carolina,SEC,Ole Miss,16,30,180,6.0,1,2,39.4,10,0.5333333333333333
4911529,Trinidad Chambliss,Ole Miss,SEC,South Carolina,12,21,159,7.6,1,1,70.7,10,0.5714285714285714
5151948,Joey Aguilar,Tennessee,SEC,Oklahoma,29,45,393,8.7,3,2,74.3,10,0.6444444444444445
4915980,John Mateer,Oklahoma,SEC,Tennessee,19,29,159,5.5,0,1,72.3,10,0.6551724137931034
5079572,Dylan Raiola,Nebraska,Big Ten,USC,10,15,91,6.1,1,0,82.4,10,0.6666666666666666
5141556,TJ Lateef,Nebraska,Big Ten,USC,5,7,7,1.0,0,0,0.4,10,0.7142857142857143
4685454,Jayden Maiava,USC,Big Ten,Nebraska,9,23,135,5.9,0,1,72.5,10,0.391304347826087
5121169,Darian Mensah,Duke,ACC,Clemson,27,41,361,8.8,4,0,91.4,10,0.6585365853658537
4685413,Cade Klubnik,Clemson,ACC,Duke,27,36,385,10.7,2,0,87.8,10,0.75
5164313,Jaron-Keawe Sagapolutele,California,ACC,Virginia,19,30,213,7.1,0,2,19.0,10,0.6333333333333333
4692530,Chandler Morris,Virginia,ACC,California,24,36,262,7.3,0,0,73.2,10,0.6666666666666666
4986096,Chase Jenkins,Rice,American Athletic,Memphis,11,16,100,6.3,1,1,42.7,10,0.6875
4429149,Brendon Lewis,Memphis,American Athletic,Rice,18,22,225,10.2,0,0,91.6,10,0.8181818181818182
5150611,Jake Retzlaff,Tulane,American Athletic,UTSA,14,28,194,6.9,1,2,58.3,10,0.5
4683058,Brendan Sullivan,Tulane,American Athletic,UTSA,6,7,63,9.0,1,1,70.3,10,0.8571428571428571
4775136,Owen McCown,UTSA,American Athletic,Tulane,31,33,370,11.2,4,0,95.2,10,0.9393939393939394
5141395,EJ Colson,Incarnate Word,Southland,Lamar,21,28,161,5.8,3,0,,10,0.75
5154910,Robert Coleman,Lamar,Southland,Incarnate Word,18,25,182,7.3,1,0,,10,0.72
4683311,Sam Vidlak,Stephen F. Austin,Southland,UT Rio Grande Valley,25,32,203,6.3,2,0,,10,0.78125
5169036,Gavin Rutherford,Stephen F. Austin,Southland,UT Rio Grande Valley,6,10,62,6.2,1,0,,10,0.6
4683012,Eddie Lee Marburger,UT Rio Grande Valley,Southland,Stephen F. Austin,16,24,115,4.8,1,2,,10,0.6666666666666666
4912119,Tucker Kilcrease,Troy,Sun Belt,Arkansas State,19,34,166,4.9,0,1,9.1,10,0.5588235294117647
5080403,Jaylen Raynor,Arkansas State,Sun Belt,Troy,21,29,247,8.5,2,0,66.1,10,0.7241379310344828
5081504,Blake Horvath,Navy,American Athletic,North Texas,8,14,80,5.7,0,2,23.1,10,0.5714285714285714
5219834,Drew Mestemaker,North Texas,American Athletic,Navy,19,24,234,9.8,0,0,72.3,10,0.7916666666666666
4429582,Joe Fagnano,UConn,FBS Independents,UAB,23,30,267,8.9,4,0,71.6,10,0.7666666666666667
5057381,Ryder Burton,UAB,American Athletic,UConn,21,30,209,7.0,2,2,13.2,10,0.7
4565187,Jalen Kitna,UAB,American Athletic,UConn,2,5,9,1.8,0,1,0.9,10,0.4
5238868,Liam Szarka,Air Force,Mountain West,Army,13,17,161,9.5,0,2,49.3,10,0.7647058823529411
5150297,Cale Hellums,Army,American Athletic,Air Force,5,9,102,11.3,1,0,32.6,10,0.5555555555555556
5044387,Anthony Colandrea,UNLV,Mountain West,New Mexico,36,46,382,8.3,3,0,69.8,10,0.782608695652174
5083171,Jack Layne,New Mexico,Mountain West,UNLV,17,22,342,15.5,3,1,70.0,10,0.7727272727272727
4832918,Ethan Vasko,Liberty,Conference USA,Delaware,14,20,221,11.1,2,0,93.2,10,0.7
5153846,Nick Minicucci,Delaware,Conference USA,Liberty,29,49,344,7.0,2,1,62.8,10,0.5918367346938775
5148803,Brad Jackson,Texas State,Sun Belt,James Madison,18,32,230,7.2,1,3,43.5,10,0.5625
4911929,Alonza Barnett,James Madison,Sun Belt,Texas State,12,18,264,14.7,4,1,93.8,10,0.6666666666666666
4682518,Nick Vattiato,Middle Tennessee,Conference USA,Jacksonville State,23,45,235,5.2,2,1,31.2,10,0.5111111111111111
5122157,Caden Creel,Jacksonville State,Conference USA,Middle Tennessee,13,19,139,7.3,1,0,18.7,10,0.6842105263157895
5084180,Diego Pavia,Vanderbilt,SEC,Texas,27,38,365,9.6,3,0,85.0,10,0.7105263157894737
4870906,Arch Manning,Texas,SEC,Vanderbilt,25,33,328,9.9,3,0,93.1,10,0.7575757575757576
4429088,Drew Pyne,Bowling Green,Mid-American,Buffalo,7,16,52,3.3,0,0,6.0,10,0.4375
5221382,Hunter Najm,Bowling Green,Mid-American,Buffalo,4,12,48,4.0,0,1,7.7,10,0.3333333333333333
4427313,Ta'Quan Roberson,Buffalo,Mid-American,Bowling Green,13,24,136,5.7,1,1,44.9,10,0.5416666666666666
4795295,Katin Houser,East Carolina,American Athletic,Temple,19,24,256,10.7,2,1,85.6,10,0.7916666666666666
4431387,Evan Simon,Temple,American Athletic,East Carolina,11,20,80,4.0,0,1,29.0,10,0.55
4887446,Gevani McCoy,Temple,American Athletic,East Carolina,4,5,71,14.2,0,0,29.2,10,0.8
4431580,Miller Moss,Louisville,ACC,Virginia Tech,19,28,136,4.9,1,1,67.3,10,0.6785714285714286
4678010,Kyron Drones,Virginia Tech,ACC,Louisville,11,24,76,3.2,1,0,45.0,10,0.4583333333333333
4431114,Ben Gulbranson,Stanford,ACC,Pittsburgh,17,30,228,7.6,1,3,29.9,10,0.5666666666666667
5079318,Elijah Brown,Stanford,ACC,Pittsburgh,10,14,108,7.7,1,0,33.1,10,0.7142857142857143
5208095,Mason Heintschel,Pittsburgh,ACC,Stanford,23,38,304,8.0,3,2,68.8,10,0.6052631578947368
5196864,Rodney Tisdale Jr.,Western Kentucky,Conference USA,New Mexico State,30,38,301,7.9,4,1,47.9,10,0.7894736842105263
4605998,Logan Fife,New Mexico State,Conference USA,Western Kentucky,13,39,110,2.8,0,1,11.8,10,0.3333333333333333
4869553,Bishop Davenport,South Alabama,Sun Belt,Louisiana,20,33,203,6.2,1,1,54.8,10,0.6060606060606061
4871091,D'Wayne' Winfield,Louisiana,Sun Belt,South Alabama,14,15,232,15.5,2,0,89.1,10,0.9333333333333333
4899468,Kaden Anderson,Wyoming,Mountain West,San Diego State,12,24,93,3.9,0,3,13.0,10,0.5
4685311,Jayden Denegal,San Diego State,Mountain West,Wyoming,11,22,194,8.8,1,2,38.0,10,0.5
4838679,Ashton Daniels,Auburn,SEC,Kentucky,13,28,108,3.9,0,1,44.0,10,0.4642857142857143
5141378,Cutter Boley,Kentucky,SEC,Auburn,18,29,161,5.6,1,2,60.5,10,0.6206896551724138
4773919,Thomas Castellanos,Florida State,ACC,Wake Forest,12,16,271,16.9,1,0,88.5,10,0.75
4697512,Robby Ashford,Wake Forest,ACC,Florida State,12,21,93,4.4,0,1,41.8,10,0.5714285714285714
5138131,Deshawn Purdie,Wake Forest,ACC,Florida State,6,10,69,6.9,1,0,71.0,10,0.6
5105849,Devon Dampier,Utah,Big 12,Cincinnati,16,31,213,6.9,2,1,79.4,10,0.5161290322580645
4899046,Brendan Sorsby,Cincinnati,Big 12,Utah,11,33,221,6.7,1,1,23.2,10,0.3333333333333333
5084084,Kevin Jennings,SMU,ACC,Miami,29,44,365,8.3,1,0,67.6,10,0.6590909090909091
4430841,Carson Beck,Miami,ACC,SMU,26,38,274,7.2,2,2,79.7,10,0.6842105263157895
4431465,Behren Morton,Texas Tech,Big 12,Kansas State,21,32,249,7.8,2,1,68.8,10,0.65625
4870857,Avery Johnson,Kansas State,Big 12,Texas Tech,16,33,199,6.0,1,2,74.8,10,0.48484848484848486
5079301,CJ Bailey,NC State,ACC,Georgia Tech,24,32,340,10.6,2,0,97.5,10,0.75
4428993,Haynes King,Georgia Tech,ACC,NC State,25,35,408,11.7,2,1,84.2,10,0.7142857142857143
4565315,Blake Shapen,Mississippi State,SEC,Arkansas,16,28,242,8.6,2,1,72.2,10,0.5714285714285714
5177084,Kamario Taylor,Mississippi State,SEC,Arkansas,2,5,40,8.0,1,0,95.9,10,0.4
4431325,Taylen Green,Arkansas,SEC,Mississippi State,19,31,194,6.3,1,0,54.0,10,0.6129032258064516
4801307,Tayven Jackson,UCF,Big 12,Houston,15,29,136,4.7,0,1,20.8,11,0.5172413793103449
4685574,Conner Weigman,Houston,Big 12,UCF,20,31,223,7.2,2,3,46.4,11,0.6451612903225806
4878822,Jaylon Tolbert,Alcorn State,SWAC,Southern,12,22,119,5.4,2,2,,11,0.5454545454545454
5308438,Ashton Strother,Southern,SWAC,Alcorn State,14,31,168,5.4,0,0,,11,0.45161290322580644
5155398,Grayson Saunier,Dartmouth,Ivy,Princeton,12,15,152,10.1,1,0,,11,0.8
5154491,Kai Coln,Princeton,Ivy,Dartmouth,29,46,266,5.8,0,2,,11,0.6304347826086957
5225612,Eric Handley,Alabama A&M,SWAC,Prairie View A&M,18,36,101,2.8,0,0,,11,0.5
5227681,Cameron Peters,Prairie View A&M,SWAC,Alabama A&M,17,22,394,17.9,5,0,,11,0.7727272727272727
5093929,Eric Rodriguez,East Texas A&M,Southland,McNeese,11,16,140,8.8,1,1,,11,0.6875
5230098,Ron Peace,East Texas A&M,Southland,McNeese,9,20,94,4.7,0,2,,11,0.45
4915622,Jake Strong,McNeese,Southland,East Texas A&M,10,18,171,9.5,1,1,,11,0.5555555555555556
4696880,Walker Harris,North Carolina Central,MEAC,Norfolk State,24,39,265,6.8,3,1,,11,0.6153846153846154
4695113,Otto Kuhns,Norfolk State,MEAC,North Carolina Central,18,26,197,7.6,1,1,,11,0.6923076923076923
5231174,Vinson Berry,Norfolk State,MEAC,North Carolina Central,4,9,42,4.7,2,0,,11,0.4444444444444444
5301346,Reilly Garcia,Houston Christian,Southland,Stephen F. Austin,12,19,132,6.9,0,2,,11,0.631578947368421
5169036,Gavin Rutherford,Stephen F. Austin,Southland,Houston Christian,11,16,132,8.3,3,0,,11,0.6875
5306457,Hayden Benoit,Grambling,SWAC,Bethune-Cookman,12,20,220,11.0,4,1,,11,0.6
4433969,Timmy McClain,Bethune-Cookman,SWAC,Grambling,15,18,224,12.4,1,0,,11,0.8333333333333334
4565189,Cam Ransom,Bethune-Cookman,SWAC,Grambling,9,11,73,6.6,0,0,,11,0.8181818181818182
5298739,Logan Inagawa,Drake,Pioneer,St. Thomas (MN),14,22,154,7.0,0,1,,11,0.6363636363636364
4686848,Andy Peters,St. Thomas (MN),Pioneer,Drake,13,21,121,5.8,0,0,,11,0.6190476190476191
5226585,Abram Johnston,Northwestern State,Southland,Incarnate Word,12,19,99,5.2,0,0,,11,0.631578947368421
5141395,EJ Colson,Incarnate Word,Southland,Northwestern State,22,28,263,9.4,2,0,,11,0.7857142857142857
4683012,Eddie Lee Marburger,UT Rio Grande Valley,Southland,Nicholls,20,30,247,8.2,2,1,,11,0.6666666666666666
5164893,Ean Rodrigue,Nicholls,Southland,UT Rio Grande Valley,19,32,193,6.0,1,0,,11,0.59375
5168665,Chandler Wilson,VMI,Southern,Wofford,14,20,138,6.9,1,1,,11,0.7
5156255,JT Fayard,Wofford,Southern,VMI,22,33,365,11.1,5,0,,11,0.6666666666666666
5079533,Mabrey Mettauer,Sam Houston,Conference USA,Oregon State,4,10,43,4.3,1,0,27.8,11,0.4
5148427,Landyn Locke,Sam Houston,Conference USA,Oregon State,5,14,42,3.0,0,1,10.4,11,0.35714285714285715
4870864,Gabarri Johnson,Oregon State,Pac-12,Sam Houston,29,42,286,6.8,0,2,13.4,11,0.6904761904761905
4685454,Jayden Maiava,USC,Big Ten,Northwestern,24,33,299,9.1,2,1,93.0,11,0.7272727272727273
4432767,Preston Stone,Northwestern,Big Ten,USC,20,30,150,5.0,1,0,83.6,11,0.6666666666666666
5081405,AJ Swann,App State,Sun Belt,Georgia Southern,34,51,348,6.8,2,1,24.4,11,0.6666666666666666
4685345,JC French,Georgia Southern,Sun Belt,App State,25,37,352,9.5,1,0,78.0,11,0.6756756756756757
4880272,Byrum Brown,South Florida,American Athletic,UTSA,14,15,239,15.9,2,0,99.8,11,0.9333333333333333
4775136,Owen McCown,UTSA,American Athletic,South Florida,16,23,200,8.7,1,1,34.6,11,0.6956521739130435
5151316,Brandon Tennison,UTSA,American Athletic,South Florida,13,21,109,5.2,1,0,72.2,11,0.6190476190476191
4596472,Jalon Daniels,Kansas,Big 12,Arizona,15,29,199,6.9,1,0,57.4,11,0.5172413793103449
4801717,Noah Fifita,Arizona,Big 12,Kansas,16,31,158,5.1,2,0,41.1,11,0.5161290322580645
5172415,Dez Thomas II,Georgetown,Patriot,Richmond,12,15,121,8.1,1,0,,11,0.8
5225715,Jack Johnson,Georgetown,Patriot,Richmond,4,9,59,6.6,0,0,,11,0.4444444444444444
5083373,Ashten Snelsire,Richmond,Patriot,Georgetown,5,10,114,11.4,2,0,,11,0.5
4877890,Kyle Wickersham,Richmond,Patriot,Georgetown,12,19,100,5.3,0,0,,11,0.631578947368421
4819240,Te'Sean Smoot,Alabama State,SWAC,Texas Southern,9,13,215,16.5,1,0,,11,0.6923076923076923
5232131,KJ Cooper,Texas Southern,SWAC,Alabama State,25,35,220,6.3,2,0,,11,0.7142857142857143
5085026,Keegan Patterson,Indiana State,MVFC,Illinois State,16,26,202,7.8,2,2,,11,0.6153846153846154
4878284,Tommy Rittenhouse,Illinois State,MVFC,Indiana State,29,34,314,9.2,4,0,,11,0.8529411764705882
5220782,Brandon Nunez,Mississippi Valley State,SWAC,Jackson State,15,34,126,3.7,0,1,,11,0.4411764705882353
5298925,Jared Lockhart,Jackson State,SWAC,Mississippi Valley State,21,27,241,8.9,2,0,,11,0.7777777777777778
4877811,Billy Atkins,South Carolina State,MEAC,Howard,15,23,213,9.3,1,1,,11,0.6521739130434783
5082005,Tyriq Starks,Howard,MEAC,South Carolina State,7,22,97,4.4,0,1,,11,0.3181818181818182
5087297,Ja'Shawn Scroggins,Howard,MEAC,South Carolina State,0,5,0,0.0,0,0,,11,0.0
4812381,Gunnar Smith,Fordham,Patriot,Bucknell,14,30,170,5.7,2,1,,11,0.4666666666666667
5147067,Chris Dietrich,Bucknell,Patriot,Fordham,17,22,166,7.5,3,0,,11,0.7727272727272727
4876865,Carter Cravens,Morehead State,Pioneer,Butler,23,31,298,9.6,2,0,,11,0.7419354838709677
5087031,Reagan Andrew,Butler,Pioneer,Morehead State,13,20,103,5.2,0,2,,11,0.65
5224468,Gabe Passini,Butler,Pioneer,Morehead State,4,7,32,4.6,0,0,,11,0.5714285714285714
4881032,Taron Dickens,Western Carolina,Southern,Mercer,33,49,551,11.2,7,1,,11,0.673469387755102
5212654,Braden Atkinson,Mercer,Southern,Western Carolina,23,39,443,11.4,3,0,,11,0.5897435897435898
4881352,Jack Shields,UAlbany,CAA,Bryant,22,31,235,7.6,2,0,,11,0.7096774193548387
5157426,Jaden Keefner,Bryant,CAA,UAlbany,14,22,224,10.2,1,0,,11,0.6363636363636364
4869549,Ridge Docekal,Bryant,CAA,UAlbany,4,8,39,4.9,1,0,,11,0.5
4610131,Parker Navarro,Ohio,Mid-American,Miami (OH),16,31,201,6.5,1,1,48.6,11,0.5161290322580645
4427191,Dequan Finn,Miami (OH),Mid-American,Ohio,17,25,194,7.8,2,1,49.3,11,0.68
5164314,Scotty Fox Jr.,West Virginia,Big 12,Colorado,17,28,202,7.2,1,2,45.4,11,0.6071428571428571
5159016,Julian Lewis,Colorado,Big 12,West Virginia,22,35,299,8.5,2,0,55.8,11,0.6285714285714286
5104738,Ryan Browne,Purdue,Big Ten,Ohio State,10,19,76,4.0,0,1,70.8,11,0.5263157894736842
5079712,Julian Sayin,Ohio State,Big Ten,Purdue,27,33,303,9.2,1,1,87.5,11,0.8181818181818182
4606658,Samari Collier,Coastal Carolina,Sun Belt,Georgia State,11,18,120,6.7,3,0,91.4,11,0.6111111111111112
4431948,TJ Finley,Georgia State,Sun Belt,Coastal Carolina,16,26,177,6.8,1,1,44.5,11,0.6153846153846154
5193926,Cameran Brown,Georgia State,Sun Belt,Coastal Carolina,9,12,116,9.7,1,0,43.0,11,0.75
4431387,Evan Simon,Temple,American Athletic,Army,15,25,157,6.3,1,0,72.4,11,0.6
5141695,Malik Washington,Maryland,Big Ten,Rutgers,15,28,98,3.5,1,1,64.4,11,0.5357142857142857
4432722,Athan Kaliakmanis,Rutgers,Big Ten,Maryland,13,20,229,11.5,4,2,97.8,11,0.65
5164313,Jaron-Keawe Sagapolutele,California,ACC,Louisville,30,47,323,6.9,2,0,84.4,11,0.6382978723404256
4431580,Miller Moss,Louisville,ACC,California,20,38,203,5.3,0,1,20.5,11,0.5263157894736842
4685401,Josh Hoover,TCU,Big 12,Iowa State,34,50,319,6.4,1,2,75.8,11,0.68
4801299,Rocco Becht,Iowa State,Big 12,TCU,9,24,111,4.6,1,2,58.3,11,0.375
4920227,Giovanni Lopez,North Carolina,ACC,Stanford,18,25,203,8.1,2,0,53.0,11,0.72
5079318,Elijah Brown,Stanford,ACC,North Carolina,27,39,284,7.3,1,1,41.2,11,0.6923076923076923
5083569,Jaden Craig,Harvard,Ivy,Columbia,16,24,213,8.9,2,0,,11,0.6666666666666666
5154125,Chase Goodwin,Columbia,Ivy,Harvard,20,38,205,5.4,2,2,,11,0.5263157894736842
5299364,Cason Carswell,Western Illinois,Big South-OVC,Lindenwood,17,34,175,5.1,2,0,,11,0.5
5081856,Nate Glantz,Lindenwood,Big South-OVC,Western Illinois,20,31,216,7.0,2,2,,11,0.6451612903225806
5083847,Dean DeNobile,Lafayette,Patriot,Colgate,18,29,206,7.1,4,1,,11,0.6206896551724138
5089309,Jake Stearney,Colgate,Patriot,Lafayette,22,37,213,5.8,3,2,,11,0.5945945945945946
5155751,Jackson Kilburg,Colgate,Patriot,Lafayette,9,10,84,8.4,2,1,,11,0.9
5109518,Beau Brungard,Youngstown State,MVFC,Southern Illinois,26,35,345,9.9,4,0,,11,0.7428571428571429
4697094,DJ Williams,Southern Illinois,MVFC,Youngstown State,23,42,361,8.6,3,0,,11,0.5476190476190477
5212705,Brady Stober,Samford,Southern,East Tennessee State,12,26,141,5.4,1,0,,11,0.46153846153846156
4877380,Quincy Crittendon,Samford,Southern,East Tennessee State,9,12,115,9.6,1,0,,11,0.75
4429463,Jacolby Criswell,East Tennessee State,Southern,Samford,19,30,261,8.7,2,0,,11,0.6333333333333333
4868460,Jake Mcnamara,East Tennessee State,Southern,Samford,3,5,32,6.4,0,0,,11,0.6
5154962,Kamden Sixkiller,Campbell,CAA,William & Mary,15,22,136,6.2,0,0,,11,0.6818181818181818
4838536,Tyler Hughes,William & Mary,CAA,Campbell,25,37,282,7.6,1,0,,11,0.6756756756756757
4691272,Stone Earle,Abilene Christian,UAC,Utah Tech,17,29,156,5.4,0,0,,11,0.5862068965517241
5224562,Bronson Barben,Utah Tech,UAC,Abilene Christian,18,33,139,4.2,0,4,,11,0.5454545454545454
5101124,Micah Alejado,Hawai'i,Mountain West,San Diego State,22,34,256,7.5,3,1,70.6,11,0.6470588235294118
4685311,Jayden Denegal,San Diego State,Mountain West,Hawai'i,10,27,132,4.9,0,2,6.3,11,0.37037037037037035
4832918,Ethan Vasko,Liberty,Conference USA,Missouri State,18,35,196,5.6,0,1,33.4,11,0.5142857142857142
4569535,Jacob Clark,Missouri State,Conference USA,Liberty,20,33,286,8.7,2,0,61.1,11,0.6060606060606061
4690158,Noah Kim,Eastern Michigan,Mid-American,Bowling Green,22,39,210,5.4,1,0,51.9,11,0.5641025641025641
5221382,Hunter Najm,Bowling Green,Mid-American,Eastern Michigan,11,15,129,8.6,1,1,85.7,11,0.7333333333333333
5146355,AJ Hairston,Massachusetts,Mid-American,Akron,12,20,54,2.7,1,0,24.9,11,0.6
4883110,Grant Jordan,Massachusetts,Mid-American,Akron,4,8,38,4.8,0,0,58.8,11,0.5
4431091,Ben Finley,Akron,Mid-American,Massachusetts,12,20,197,9.9,2,0,85.7,11,0.6
5119841,Dru Deshields,Kent State,Mid-American,Ball State,15,27,212,7.9,0,0,33.9,11,0.5555555555555556
4431416,Kiael Kelly,Ball State,Mid-American,Kent State,17,29,173,6.0,2,0,14.2,11,0.5862068965517241
4429801,Tucker Gleason,Toledo,Mid-American,Northern Illinois,25,31,309,10.0,2,0,92.6,11,0.8064516129032258
5151506,Josh Holst,Northern Illinois,Mid-American,Toledo,5,13,87,6.7,0,0,23.1,11,0.38461538461538464
5210128,Brady Davidson,Northern Illinois,Mid-American,Toledo,6,16,54,3.4,0,0,10.8,11,0.375
4832830,Joshua Wood,Idaho,Big Sky,UC Davis,20,38,297,7.8,2,1,,11,0.5263157894736842
5226019,Caden Pinnick,UC Davis,Big Sky,Idaho,21,27,248,9.2,3,2,,11,0.7777777777777778
5225414,Ty Pennington,Northern Arizona,Big Sky,Northern Colorado,19,22,225,10.2,1,0,,11,0.8636363636363636
5300801,Eric Gibson Jr.,Northern Colorado,Big Sky,Northern Arizona,17,28,151,5.4,0,0,,11,0.6071428571428571
4565180,Peter Costelli,Northern Colorado,Big Sky,Northern Arizona,3,5,29,5.8,0,1,,11,0.6
5092275,Ty Dieffenbach,Cal Poly,Big Sky,Idaho State,18,29,172,5.9,1,1,,11,0.6206896551724138
5158746,Jordan Cooke,Idaho State,Big Sky,Cal Poly,27,37,275,7.4,1,0,,11,0.7297297297297297
4430836,Chubba Purdy,Nevada,Mountain West,Utah State,3,7,80,11.4,2,0,42.4,11,0.42857142857142855
4819250,AJ Bianco,Nevada,Mountain West,Utah State,6,11,43,3.9,0,0,2.6,11,0.5454545454545454
5205097,Carter Jones,Nevada,Mountain West,Utah State,1,6,-1,-0.2,0,2,0.0,11,0.16666666666666666
4695600,Bryson Barnes,Utah State,Mountain West,Nevada,20,27,288,10.7,3,0,88.9,11,0.7407407407407407
4696561,Jacob Conover,Utah State,Mountain West,Nevada,4,8,89,11.1,0,0,32.5,11,0.5
4683471,Brady Olson,Central Connecticut,NEC,Stonehill,20,30,261,8.7,2,0,,11,0.6666666666666666
5106897,Jack O'Connell,Stonehill,NEC,Central Connecticut,16,27,160,5.9,1,0,,11,0.5925925925925926
5306370,Jabari Ruise,Virginia Lynchburg,,Sacred Heart,13,29,148,5.1,1,2,,11,0.4482758620689655
5150611,Jake Retzlaff,Tulane,American Athletic,Memphis,16,23,332,14.4,3,0,95.4,11,0.6956521739130435
4429149,Brendon Lewis,Memphis,American Athletic,Tulane,29,34,317,9.3,2,1,63.1,11,0.8529411764705882
5147757,Arrington Maiden,Memphis,American Athletic,Tulane,4,6,51,8.5,0,0,96.0,11,0.6666666666666666
4685522,Ty Simpson,Alabama,SEC,LSU,21,35,277,7.9,1,0,79.6,11,0.6
4567747,Garrett Nussmeier,LSU,SEC,Alabama,18,21,121,5.8,0,0,79.5,11,0.8571428571428571
5079620,Michael Van Buren Jr.,LSU,SEC,Alabama,5,11,52,4.7,0,0,49.0,11,0.45454545454545453
5155528,Jerry Kaminski,North Dakota,MVFC,North Dakota State,21,38,170,4.5,0,3,,11,0.5526315789473685
4879250,Cole Payton,North Dakota State,MVFC,North Dakota,8,15,125,8.3,0,1,,11,0.5333333333333333
5226896,Quinn Boyd,Stony Brook,CAA,North Carolina A&T,37,48,380,7.9,3,0,,11,0.7708333333333334
5164567,Kevin White,North Carolina A&T,CAA,Stony Brook,15,24,180,7.5,1,2,,11,0.625
5301657,Andrew Indorf,Towson,CAA,Villanova,14,30,156,5.2,0,0,,11,0.4666666666666667
4875733,Pat McQuaide,Villanova,CAA,Towson,11,23,120,5.2,0,0,,11,0.4782608695652174
5303362,Christian Peters,Arkansas-Pine Bluff,SWAC,Florida A&M,26,36,333,9.3,3,0,,11,0.7222222222222222
5151696,RJ Johnson III,Florida A&M,SWAC,Arkansas-Pine Bluff,17,25,235,9.4,2,1,,11,0.68
5104573,Earl Woods,Hampton,CAA,Maine,9,10,86,8.6,1,0,,11,0.9
4692052,Carter Peevy,Maine,CAA,Hampton,17,24,121,5.0,4,0,,11,0.7083333333333334
4777154,Tyler Riddell,Duquesne,NEC,Long Island University,13,31,119,3.8,1,2,,11,0.41935483870967744
5095771,Ethan Greenwood,Long Island University,NEC,Duquesne,9,15,122,8.1,2,0,,11,0.6
5225902,Hayden Johnson,Lehigh,Patriot,Holy Cross,8,18,174,9.7,3,2,,11,0.4444444444444444
5299278,Dominic Campanile,Holy Cross,Patriot,Lehigh,19,34,195,5.7,0,0,,11,0.5588235294117647
5155943,James Murphy,Brown,Ivy,Yale,26,42,366,8.7,1,2,,11,0.6190476190476191
5079683,Dante Reno,Yale,Ivy,Brown,20,28,208,7.4,2,0,,11,0.7142857142857143
5223983,Battle Alberson,Chattanooga,Southern,Furman,15,22,277,12.6,4,0,,11,0.6818181818181818
5224084,Trey Hedden,Furman,Southern,Chattanooga,19,27,296,11.0,2,2,,11,0.7037037037037037
5088096,Ty Englehart,Presbyterian,Pioneer,Davidson,9,22,69,3.1,0,2,,11,0.4090909090909091
5085644,Coulter Cleland,Davidson,Pioneer,Presbyterian,9,17,97,5.7,2,0,,11,0.5294117647058824
5154161,Garrett Bass-Sulpizio,Cornell,Ivy,Pennsylvania,24,31,265,8.5,1,0,,11,0.7741935483870968
5084404,Liam O'Brien,Pennsylvania,Ivy,Cornell,15,22,112,5.1,0,0,,11,0.6818181818181818
4709012,Jase Bauer,UT Martin,Big South-OVC,Tennessee State,8,14,47,3.4,0,0,,11,0.5714285714285714
5231101,Jonathan Palmer,Tennessee State,Big South-OVC,UT Martin,11,15,89,5.9,0,0,,11,0.7333333333333333
5298787,Byron McNair,Tennessee State,Big South-OVC,UT Martin,13,23,76,3.3,0,0,,11,0.5652173913043478
5224789,Landen Clark,Elon,CAA,Rhode Island,12,18,104,5.8,1,0,,11,0.6666666666666666
4870786,Marco Lainez,Elon,CAA,Rhode Island,6,13,91,7.0,0,0,,11,0.46153846153846156
4715345,Devin Farrell,Rhode Island,CAA,Elon,24,30,309,10.3,2,0,,11,0.8
5232049,Raymond Moore III,Morgan State,MEAC,Delaware State,10,24,112,4.7,0,0,,11,0.4166666666666667
4426688,Kaiden Bennett,Delaware State,MEAC,Morgan State,16,24,169,7.0,0,2,,11,0.6666666666666666
5226663,Frankie Weaver,Monmouth,CAA,New Hampshire,20,30,233,7.8,2,0,,11,0.6666666666666666
5171031,Matt Vezza,New Hampshire,CAA,Monmouth,16,25,173,6.9,2,0,,11,0.64
5144078,Ethan Grunkemeyer,Penn State,Big Ten,Indiana,22,31,219,7.1,1,1,78.6,11,0.7096774193548387
4837248,Fernando Mendoza,Indiana,Big Ten,Penn State,19,30,218,7.3,1,1,75.0,11,0.6333333333333333
5088334,Nick Whitfield Jr.,Saint Francis,NEC,Mercyhurst,21,36,193,5.4,0,0,,11,0.5833333333333334
5227565,Adam Urena,Mercyhurst,NEC,Saint Francis,22,32,234,7.3,1,0,,11,0.6875
5095112,Zach Tanner,Robert Morris,NEC,Wagner,12,23,185,8.0,2,0,,11,0.5217391304347826
5298328,Cooper Panteck,Robert Morris,NEC,Wagner,5,11,80,7.3,0,0,,11,0.45454545454545453
5227302,Jack Stevens,Wagner,NEC,Robert Morris,5,9,36,4.0,0,0,,11,0.5555555555555556
5113896,Cole Lacrue,Eastern Illinois,Big South-OVC,Tennessee Tech,15,31,174,5.6,1,1,,11,0.4838709677419355
4876140,Kekoa Visperas,Tennessee Tech,Big South-OVC,Eastern Illinois,17,23,151,6.6,1,1,,11,0.7391304347826086
5088964,Sonny Mannino,Marist,Pioneer,Stetson,8,15,187,12.5,2,0,,11,0.5333333333333333
4880458,Gavin Rupp,Stetson,Pioneer,Marist,5,8,67,8.4,0,2,,11,0.625
5226397,Kael Alexander,Stetson,Pioneer,Marist,7,19,59,3.1,1,1,,11,0.3684210526315789
5089335,Rowan Keefe,Valparaiso,Pioneer,San Diego,19,30,234,7.8,3,3,,11,0.6333333333333333
5165884,Dom Nankil,San Diego,Pioneer,Valparaiso,21,29,221,7.6,1,0,,11,0.7241379310344828
4826635,Jaxon Dailey,Northern Iowa,MVFC,Murray State,8,11,133,12.1,1,0,,11,0.7272727272727273
5301282,Kaleb Bailey,Murray State,MVFC,Northern Iowa,5,12,113,9.4,1,1,,11,0.4166666666666667
5227854,Baxter Wright,Murray State,MVFC,Northern Iowa,8,9,46,5.1,0,0,,11,0.8888888888888888
4714009,Myles Burkett,Eastern Kentucky,UAC,Southern Utah,9,16,115,7.2,1,1,,11,0.5625
4697131,Bronson Barron,Southern Utah,UAC,Eastern Kentucky,18,25,256,10.2,0,0,,11,0.72
5153708,Keali'i Ah Yat,Montana,Big Sky,Eastern Washington,22,30,250,8.3,2,0,,11,0.7333333333333333
5146672,Jake Schakel,Eastern Washington,Big Sky,Montana,43,63,451,7.2,2,2,,11,0.6825396825396826
4685334,A.J. Duffy,New Haven,NEC,Merrimack,15,26,311,12.0,3,0,,11,0.5769230769230769
5083490,Ayden Pereira,Merrimack,FCS Independents,New Haven,10,19,172,9.1,1,1,,11,0.5263157894736842
4576189,Aveon Smith,Merrimack,FCS Independents,New Haven,3,5,28,5.6,1,0,,11,0.6
5154910,Robert Coleman,Lamar,Southland,SE Louisiana,7,11,86,7.8,1,0,,11,0.6363636363636364
5154911,Aiden McCown,Lamar,Southland,SE Louisiana,1,5,9,1.8,0,0,,11,0.2
4695784,Carson Camp,SE Louisiana,Southland,Lamar,5,11,56,5.1,0,0,,11,0.45454545454545453
4870889,Chris Parson,Austin Peay,UAC,Central Arkansas,23,32,301,9.4,2,0,,11,0.71875
5085356,Austin Myers,Central Arkansas,UAC,Austin Peay,19,35,213,6.1,3,0,,11,0.5428571428571428
4869817,Cole Pennington,Gardner-Webb,Big South-OVC,Southeast Missouri State,15,32,279,8.7,1,0,,11,0.46875
5027925,Jax Leatherwood,Southeast Missouri State,Big South-OVC,Gardner-Webb,21,39,304,7.8,3,0,,11,0.5384615384615384
4684502,Justin Lamson,Montana State,Big Sky,Weber State,12,16,117,7.3,2,0,,11,0.75
4913758,Dijon Jennings,Weber State,Big Sky,Montana State,12,18,85,4.7,1,1,,11,0.6666666666666666
5304090,Kingston Tisdell,Weber State,Big Sky,Montana State,5,11,22,2.0,0,1,,11,0.45454545454545453
4429179,Aidan Bouman,South Dakota,MVFC,South Dakota State,14,21,158,7.5,1,0,,11,0.6666666666666666
5227810,Jack Henry,South Dakota State,MVFC,South Dakota,13,24,139,5.8,1,1,,11,0.5416666666666666
4685698,Destin Wade,North Alabama,UAC,West Georgia,5,7,137,19.6,1,0,,11,0.7142857142857143
5301655,John Austin,North Alabama,UAC,West Georgia,4,11,25,2.3,0,1,,11,0.36363636363636365
4836476,Davin Wydner,West Georgia,UAC,North Alabama,26,34,274,8.1,2,0,,11,0.7647058823529411
5225576,Tyrese Smith,Portland State,Big Sky,Sacramento State,8,11,105,9.5,1,0,,11,0.7272727272727273
5075571,John-Keawe Sagapolutele,Portland State,Big Sky,Sacramento State,5,13,72,5.5,0,2,,11,0.38461538461538464
4872721,Cardell Williams,Sacramento State,Big Sky,Portland State,8,11,188,17.1,2,0,,11,0.7272727272727273
5158343,Braxton Woodson,Navy,American Athletic,Notre Dame,3,8,22,2.8,0,0,56.6,11,0.375
5079369,C.J. Carr,Notre Dame,FBS Independents,Navy,13,16,218,13.6,3,0,98.5,11,0.8125
4986096,Chase Jenkins,Rice,American Athletic,UAB,11,15,41,2.7,2,0,22.3,11,0.7333333333333333
5057381,Ryder Burton,UAB,American Athletic,Rice,18,34,213,6.3,2,0,29.9,11,0.5294117647058824
4915837,Grayson Loftis,Charlotte,American Athletic,East Carolina,20,31,279,9.0,3,1,27.6,11,0.6451612903225806
4808719,Zach Wilcke,Charlotte,American Athletic,East Carolina,1,5,5,1.0,0,0,4.4,11,0.2
4795295,Katin Houser,East Carolina,American Athletic,Charlotte,26,41,224,5.5,2,0,42.7,11,0.6341463414634146
4870971,Marcel Reed,Texas A&M,SEC,Missouri,20,29,221,7.6,2,0,90.1,11,0.6896551724137931
5195300,Matt Zollers,Missouri,SEC,Texas A&M,7,22,77,3.5,0,0,17.4,11,0.3181818181818182
4430841,Carson Beck,Miami,ACC,Syracuse,18,24,247,10.3,1,0,62.8,11,0.75
4870645,Rickie Collins,Syracuse,ACC,Miami,12,25,85,3.4,0,2,22.7,11,0.48
4429582,Joe Fagnano,UConn,FBS Independents,Duke,27,39,311,8.0,3,0,75.3,11,0.6923076923076923
5121169,Darian Mensah,Duke,ACC,UConn,22,31,222,7.2,3,2,74.8,11,0.7096774193548387
4869991,Caden Veltkamp,Florida Atlantic,American Athletic,Tulsa,21,29,272,9.4,3,0,75.0,11,0.7241379310344828
5224011,Baylor Hayes,Tulsa,American Athletic,Florida Atlantic,24,46,235,5.1,0,2,29.7,11,0.5217391304347826
5084180,Diego Pavia,Vanderbilt,SEC,Auburn,25,33,377,11.4,3,0,95.7,11,0.7575757575757576
4838679,Ashton Daniels,Auburn,SEC,Vanderbilt,31,44,353,8.0,2,0,79.0,11,0.7045454545454546
4697512,Robby Ashford,Wake Forest,ACC,Virginia,7,16,46,2.9,0,0,50.4,11,0.4375
5138131,Deshawn Purdie,Wake Forest,ACC,Virginia,2,7,18,2.6,0,0,5.2,11,0.2857142857142857
5126471,Daniel Kaelin,Virginia,ACC,Wake Forest,18,28,145,5.2,0,0,43.7,11,0.6428571428571429
4692530,Chandler Morris,Virginia,ACC,Wake Forest,3,6,19,3.2,0,0,23.3,11,0.5
5141378,Cutter Boley,Kentucky,SEC,Florida,18,23,168,7.3,2,1,94.2,11,0.782608695652174
5079555,D.J. Lagway,Florida,SEC,Kentucky,11,19,83,4.4,1,3,65.1,11,0.5789473684210527
5295814,Tramell Jones Jr.,Florida,SEC,Kentucky,9,17,60,3.5,0,0,21.4,11,0.5294117647058824
4870799,Nico Iamaleava,UCLA,Big Ten,Nebraska,17,25,191,7.6,2,0,89.1,11,0.68
5141556,TJ Lateef,Nebraska,Big Ten,UCLA,13,15,205,13.7,3,0,98.7,11,0.8666666666666667
5054036,Jackson Brousseau,Colorado State,Mountain West,UNLV,13,22,153,7.0,1,0,49.2,11,0.5909090909090909
5122401,Darius Curry,Colorado State,Mountain West,UNLV,4,6,36,6.0,0,1,24.4,11,0.6666666666666666
5044387,Anthony Colandrea,UNLV,Mountain West,Colorado State,15,22,251,11.4,2,1,70.8,11,0.6818181818181818
5141687,Carter Smith,Wisconsin,Big Ten,Washington,3,12,8,0.7,0,0,12.5,11,0.25
5079653,Demond Williams Jr.,Washington,Big Ten,Wisconsin,20,32,134,4.2,1,1,45.2,11,0.625
4871091,D'Wayne' Winfield,Louisiana,Sun Belt,Texas State,17,27,192,7.1,3,2,61.2,11,0.6296296296296297
5148803,Brad Jackson,Texas State,Sun Belt,Louisiana,26,33,360,10.9,3,1,60.4,11,0.7878787878787878
5238868,Liam Szarka,Air Force,Mountain West,San José State,5,10,41,4.1,1,0,33.6,11,0.5
4694149,Walker Eget,San José State,Mountain West,Air Force,27,42,334,8.0,0,2,28.0,11,0.6428571428571429
5084084,Kevin Jennings,SMU,ACC,Boston College,16,32,326,10.2,3,1,49.8,11,0.5
4870900,Dylan Lonergan,Boston College,ACC,SMU,25,37,232,6.3,1,1,42.6,11,0.6756756756756757
5164317,Shaker Reisig,Boston College,ACC,SMU,4,6,52,8.7,0,1,17.2,11,0.6666666666666666
4605998,Logan Fife,New Mexico State,Conference USA,Kennesaw State,28,46,241,5.2,2,2,35.4,11,0.6086956521739131
5153782,Amari Odom,Kennesaw State,Conference USA,New Mexico State,14,30,219,7.3,3,2,29.6,11,0.4666666666666667
4911529,Trinidad Chambliss,Ole Miss,SEC,The Citadel,29,33,333,10.1,3,0,78.0,11,0.8787878787878788
5141684,Austin Simmons,Ole Miss,SEC,The Citadel,7,12,100,8.3,0,1,14.5,11,0.5833333333333334
5230073,Cobey Thompkins,The Citadel,Southern,Ole Miss,3,6,23,3.8,0,0,,11,0.5
5153846,Nick Minicucci,Delaware,Conference USA,Louisiana Tech,26,52,304,5.8,2,2,43.1,11,0.5
5076949,Evan Bullock,Louisiana Tech,Conference USA,Delaware,11,15,95,6.3,0,1,27.6,11,0.7333333333333333
5150998,Blake Baker,Louisiana Tech,Conference USA,Delaware,4,7,41,5.9,0,0,35.2,11,0.5714285714285714
4682518,Nick Vattiato,Middle Tennessee,Conference USA,Florida International,26,37,242,6.5,3,1,50.6,11,0.7027027027027027
5194626,Roman Gagliano,Middle Tennessee,Conference USA,Florida International,7,16,89,5.6,1,0,0.9,11,0.4375
4879058,Joe Pesansky,Florida International,Conference USA,Middle Tennessee,17,28,257,9.2,4,2,44.1,11,0.6071428571428571
5083042,Skyler Locklear,UTEP,Conference USA,Jacksonville State,16,32,244,7.6,2,1,41.1,11,0.5
5122157,Caden Creel,Jacksonville State,Conference USA,UTEP,15,31,181,5.8,1,1,73.9,11,0.4838709677419355
5080403,Jaylen Raynor,Arkansas State,Sun Belt,Southern Miss,37,48,331,6.9,2,4,59.3,11,0.7708333333333334
4600403,Braylon Braxton,Southern Miss,Sun Belt,Arkansas State,20,29,228,7.9,1,1,38.4,11,0.6896551724137931
4833635,Landy Lyddy,Southern Miss,Sun Belt,Arkansas State,4,6,128,21.3,1,1,93.7,11,0.6666666666666666
4870921,Dante Moore,Oregon,Big Ten,Iowa,13,21,112,5.3,0,1,39.7,11,0.6190476190476191
4695400,Mark Gronowski,Iowa,Big Ten,Oregon,10,18,138,7.7,1,0,88.3,11,0.5555555555555556
5177084,Kamario Taylor,Mississippi State,SEC,Georgia,6,10,87,8.7,0,0,85.6,11,0.6
4565315,Blake Shapen,Mississippi State,SEC,Georgia,10,15,86,5.7,0,0,46.4,11,0.6666666666666666
4685578,Gunner Stockton,Georgia,SEC,Mississippi State,18,29,264,9.1,3,0,93.6,11,0.6206896551724138
4773919,Thomas Castellanos,Florida State,ACC,Clemson,23,43,250,5.8,1,1,38.0,11,0.5348837209302325
4685413,Cade Klubnik,Clemson,ACC,Florida State,20,27,221,8.2,1,0,73.4,11,0.7407407407407407
4431465,Behren Morton,Texas Tech,Big 12,BYU,17,32,219,6.8,1,0,57.0,11,0.53125
5141367,Bear Bachmeier,BYU,Big 12,Texas Tech,23,38,188,4.9,1,1,55.8,11,0.6052631578947368
4432691,Carlos Del Rio-Wilson,Marshall,Sun Belt,James Madison,16,35,154,4.4,1,0,40.5,11,0.45714285714285713
4911929,Alonza Barnett,James Madison,Sun Belt,Marshall,14,24,270,11.3,3,1,61.0,11,0.5833333333333334
5141741,Bryce Underwood,Michigan,Big Ten,Northwestern,21,32,280,8.8,0,2,84.6,12,0.65625
4432767,Preston Stone,Northwestern,Big Ten,Michigan,13,27,184,6.8,0,0,50.4,12,0.48148148148148145
4597679,Luke Altmyer,Illinois,Big Ten,Maryland,15,25,172,6.9,2,1,80.5,12,0.6
5141695,Malik Washington,Maryland,Big Ten,Illinois,25,46,238,5.2,0,1,42.5,12,0.5434782608695652
4709012,Jase Bauer,UT Martin,Big South-OVC,Charleston Southern,18,26,252,9.7,1,0,,12,0.6923076923076923
5164721,Zolten Osbourne,Charleston Southern,Big South-OVC,UT Martin,14,25,276,11.0,2,1,,12,0.56
5146672,Jake Schakel,Eastern Washington,Big Sky,Northern Colorado,31,41,299,7.3,2,1,,12,0.7560975609756098
5300801,Eric Gibson Jr.,Northern Colorado,Big Sky,Eastern Washington,13,19,108,5.7,1,2,,12,0.6842105263157895
4565180,Peter Costelli,Northern Colorado,Big Sky,Eastern Washington,8,17,87,5.1,0,3,,12,0.47058823529411764
5225414,Ty Pennington,Northern Arizona,Big Sky,Cal Poly,22,29,356,12.3,4,1,,12,0.7586206896551724
5219586,Anthony Grigsby Jr.,Cal Poly,Big Sky,Northern Arizona,5,12,151,12.6,1,1,,12,0.4166666666666667
5092275,Ty Dieffenbach,Cal Poly,Big Sky,Northern Arizona,10,23,119,5.2,1,2,,12,0.43478260869565216
5226019,Caden Pinnick,UC Davis,Big Sky,Montana State,22,36,234,6.5,2,2,,12,0.6111111111111112
4684502,Justin Lamson,Montana State,Big Sky,UC Davis,10,18,144,8.0,1,0,,12,0.5555555555555556
4697625,Victor Gabalis,Tarleton State,UAC,North Alabama,12,16,282,17.6,4,2,,12,0.75
4587721,Daniel Greek,Tarleton State,UAC,North Alabama,6,6,84,14.0,1,0,,12,1.0
4682642,D.C. Tabscott,North Alabama,UAC,Tarleton State,5,15,84,5.6,0,4,,12,0.3333333333333333
5301655,John Austin,North Alabama,UAC,Tarleton State,4,11,23,2.1,0,0,,12,0.36363636363636365
4869549,Ridge Docekal,Bryant,CAA,New Hampshire,16,30,136,4.5,0,1,,12,0.5333333333333333
5171031,Matt Vezza,New Hampshire,CAA,Bryant,27,36,328,9.1,5,1,,12,0.75
5231174,Vinson Berry,Norfolk State,MEAC,Morgan State,17,31,174,5.6,2,2,,12,0.5483870967741935
5232049,Raymond Moore III,Morgan State,MEAC,Norfolk State,16,22,183,8.3,2,1,,12,0.7272727272727273
4881352,Jack Shields,UAlbany,CAA,Towson,15,31,154,5.0,1,2,,12,0.4838709677419355
5301657,Andrew Indorf,Towson,CAA,UAlbany,16,28,196,7.0,1,0,,12,0.5714285714285714
4686848,Andy Peters,St. Thomas (MN),Pioneer,Presbyterian,16,31,144,4.6,0,2,,12,0.5161290322580645
5157481,Collin Hurst,Presbyterian,Pioneer,St. Thomas (MN),17,24,237,9.9,2,1,,12,0.7083333333333334
5151696,RJ Johnson III,Florida A&M,SWAC,Alabama A&M,20,24,299,12.5,3,0,,12,0.8333333333333334
5225612,Eric Handley,Alabama A&M,SWAC,Florida A&M,20,33,227,6.9,1,1,,12,0.6060606060606061
4878822,Jaylon Tolbert,Alcorn State,SWAC,Grambling,23,30,167,5.6,0,0,,12,0.7666666666666667
5306457,Hayden Benoit,Grambling,SWAC,Alcorn State,16,33,142,4.3,0,0,,12,0.48484848484848486
5227681,Cameron Peters,Prairie View A&M,SWAC,Arkansas-Pine Bluff,20,24,269,11.2,2,0,,12,0.8333333333333334
5229494,DJ Stevenson,Arkansas-Pine Bluff,SWAC,Prairie View A&M,8,15,78,5.2,0,1,,12,0.5333333333333333
4878284,Tommy Rittenhouse,Illinois State,MVFC,South Dakota State,17,32,141,4.4,3,0,,12,0.53125
5227810,Jack Henry,South Dakota State,MVFC,Illinois State,32,51,254,5.0,1,2,,12,0.6274509803921569
5164893,Ean Rodrigue,Nicholls,Southland,Northwestern State,12,21,156,7.4,1,1,,12,0.5714285714285714
5226585,Abram Johnston,Northwestern State,Southland,Nicholls,18,23,144,6.3,1,1,,12,0.782608695652174
4431091,Ben Finley,Akron,Mid-American,Kent State,32,59,424,7.2,3,1,20.6,12,0.5423728813559322
5119841,Dru Deshields,Kent State,Mid-American,Akron,17,25,317,12.7,5,0,72.3,12,0.68
4870971,Marcel Reed,Texas A&M,SEC,South Carolina,22,39,439,11.3,3,2,79.8,12,0.5641025641025641
4875127,Lanorris Sellers,South Carolina,SEC,Texas A&M,15,30,246,8.2,2,1,62.2,12,0.5
4837248,Fernando Mendoza,Indiana,Big Ten,Wisconsin,22,24,299,12.5,4,0,91.5,12,0.9166666666666666
5141687,Carter Smith,Wisconsin,Big Ten,Indiana,9,15,98,6.5,1,1,68.8,12,0.6
4911529,Trinidad Chambliss,Ole Miss,SEC,Florida,26,35,301,8.6,1,1,72.9,12,0.7428571428571429
5079555,D.J. Lagway,Florida,SEC,Ole Miss,16,31,218,7.0,1,1,73.5,12,0.5161290322580645
5079653,Demond Williams Jr.,Washington,Big Ten,Purdue,16,19,257,13.5,2,0,86.1,12,0.8421052631578947
4870999,Malachi Singleton,Purdue,Big Ten,Washington,16,28,150,5.4,1,0,71.7,12,0.5714285714285714
5104738,Ryan Browne,Purdue,Big Ten,Washington,1,6,17,2.8,0,1,6.7,12,0.16666666666666666
5079712,Julian Sayin,Ohio State,Big Ten,UCLA,23,31,184,5.9,1,0,82.1,12,0.7419354838709677
5077500,Luke Duncan,UCLA,Big Ten,Ohio State,16,23,154,6.7,1,0,76.0,12,0.6956521739130435
5195300,Matt Zollers,Missouri,SEC,Mississippi State,8,15,112,7.5,2,1,32.0,12,0.5333333333333333
4565315,Blake Shapen,Mississippi State,SEC,Missouri,19,33,199,6.0,0,2,36.2,12,0.5757575757575758
5177084,Kamario Taylor,Mississippi State,SEC,Missouri,4,5,36,7.2,1,0,85.4,12,0.8
4804885,Brandon Rose,Massachusetts,Mid-American,Northern Illinois,11,20,101,5.1,0,0,25.1,12,0.55
5146355,AJ Hairston,Massachusetts,Mid-American,Northern Illinois,13,21,91,4.3,0,0,28.1,12,0.6190476190476191
4429801,Tucker Gleason,Toledo,Mid-American,Miami (OH),18,31,169,5.5,2,2,60.6,12,0.5806451612903226
4701307,Henry Hesson,Miami (OH),Mid-American,Toledo,11,38,147,3.9,0,3,9.7,12,0.2894736842105263
4920192,Carson Conklin,Fresno State,Mountain West,Wyoming,12,27,95,3.5,1,0,17.3,12,0.4444444444444444
4899468,Kaden Anderson,Wyoming,Mountain West,Fresno State,6,23,64,2.8,0,1,5.2,12,0.2608695652173913
5214402,Mason Drube,Wyoming,Mountain West,Fresno State,2,5,13,2.6,0,0,3.9,12,0.4
4697094,DJ Williams,Southern Illinois,MVFC,South Dakota,19,31,303,9.8,4,1,,12,0.6129032258064516
4429179,Aidan Bouman,South Dakota,MVFC,Southern Illinois,21,30,300,10.0,5,1,,12,0.7
5089335,Rowan Keefe,Valparaiso,Pioneer,Stetson,18,26,203,7.8,2,0,,12,0.6923076923076923
5161159,Chris Stephenson,Stetson,Pioneer,Valparaiso,14,24,134,5.6,1,0,,12,0.5833333333333334
5299364,Cason Carswell,Western Illinois,Big South-OVC,Southeast Missouri State,22,43,287,6.7,2,1,,12,0.5116279069767442
5225743,Johnny Weber,Southeast Missouri State,Big South-OVC,Western Illinois,22,38,193,5.1,1,0,,12,0.5789473684210527
5225271,Connor Wolf,Eastern Illinois,Big South-OVC,Lindenwood,17,29,130,4.5,1,0,,12,0.5862068965517241
5113896,Cole Lacrue,Eastern Illinois,Big South-OVC,Lindenwood,8,10,47,4.7,0,0,,12,0.8
5081856,Nate Glantz,Lindenwood,Big South-OVC,Eastern Illinois,13,21,280,13.3,2,2,,12,0.6190476190476191
5165884,Dom Nankil,San Diego,Pioneer,Butler,9,17,218,12.8,1,1,,12,0.5294117647058824
5087031,Reagan Andrew,Butler,Pioneer,San Diego,15,23,141,6.1,1,1,,12,0.6521739130434783
4915622,Jake Strong,McNeese,Southland,UT Rio Grande Valley,25,35,275,7.9,1,2,,12,0.7142857142857143
4683012,Eddie Lee Marburger,UT Rio Grande Valley,Southland,McNeese,17,29,257,8.9,4,0,,12,0.5862068965517241
5154491,Kai Coln,Princeton,Ivy,Yale,11,23,177,7.7,0,1,,12,0.4782608695652174
5079683,Dante Reno,Yale,Ivy,Princeton,11,16,154,9.6,0,2,,12,0.6875
4683291,Joey Labas,Central Michigan,Mid-American,Buffalo,18,24,247,10.3,2,2,37.9,12,0.75
4427313,Ta'Quan Roberson,Buffalo,Mid-American,Central Michigan,16,33,208,6.3,1,1,16.0,12,0.48484848484848486
5151366,Gunnar Gray,Buffalo,Mid-American,Central Michigan,6,9,54,6.0,1,1,35.4,12,0.6666666666666666
4690158,Noah Kim,Eastern Michigan,Mid-American,Ball State,18,29,229,7.9,1,2,43.4,12,0.6206896551724138
4431416,Kiael Kelly,Ball State,Mid-American,Eastern Michigan,13,22,62,2.8,0,1,9.4,12,0.5909090909090909
4685454,Jayden Maiava,USC,Big Ten,Iowa,23,32,254,7.9,1,0,88.7,12,0.71875
4695400,Mark Gronowski,Iowa,Big Ten,USC,12,19,132,6.9,1,1,68.7,12,0.631578947368421
4870883,J.J. Kohl,App State,Sun Belt,James Madison,6,8,81,10.1,1,0,98.9,12,0.75
5081405,AJ Swann,App State,Sun Belt,James Madison,8,28,64,2.3,0,1,0.9,12,0.2857142857142857
4911929,Alonza Barnett,James Madison,Sun Belt,App State,22,35,303,8.7,0,1,58.1,12,0.6285714285714286
5083171,Jack Layne,New Mexico,Mountain West,Colorado State,13,25,226,9.0,0,0,73.9,12,0.52
5122401,Darius Curry,Colorado State,Mountain West,New Mexico,26,34,248,7.3,2,3,36.9,12,0.7647058823529411
5054036,Jackson Brousseau,Colorado State,Mountain West,New Mexico,8,12,38,3.2,0,0,22.2,12,0.6666666666666666
4920227,Giovanni Lopez,North Carolina,ACC,Wake Forest,21,36,201,5.6,0,0,66.3,12,0.5833333333333334
4697512,Robby Ashford,Wake Forest,ACC,North Carolina,15,25,191,7.6,1,0,65.7,12,0.6
5125715,Colton Joseph,Old Dominion,Sun Belt,Troy,10,20,147,7.4,1,0,79.6,12,0.5
4431633,Will Crowder,Troy,Sun Belt,Old Dominion,11,21,98,4.7,0,1,4.5,12,0.5238095238095238
4431580,Miller Moss,Louisville,ACC,Clemson,19,27,212,7.9,0,0,58.7,12,0.7037037037037037
4685413,Cade Klubnik,Clemson,ACC,Louisville,22,34,187,5.5,0,0,32.6,12,0.6470588235294118
4870921,Dante Moore,Oregon,Big Ten,Minnesota,27,30,306,10.2,2,0,91.4,12,0.9
5144959,Drake Lindsey,Minnesota,Big Ten,Oregon,19,32,138,4.3,1,0,64.3,12,0.59375
5079620,Michael Van Buren Jr.,LSU,SEC,Arkansas,21,31,221,7.1,1,0,56.2,12,0.6774193548387096
4431325,Taylen Green,Arkansas,SEC,LSU,11,19,165,8.7,0,2,67.6,12,0.5789473684210527
4685522,Ty Simpson,Alabama,SEC,Oklahoma,28,42,326,7.8,1,1,64.4,12,0.6666666666666666
4915980,John Mateer,Oklahoma,SEC,Alabama,15,23,138,6.0,0,0,71.7,12,0.6521739130434783
4685578,Gunner Stockton,Georgia,SEC,Texas,24,29,229,7.9,4,1,94.4,12,0.8275862068965517
4870906,Arch Manning,Texas,SEC,Georgia,27,43,251,5.8,1,1,59.7,12,0.627906976744186
4832830,Joshua Wood,Idaho,Big Sky,Sacramento State,15,26,162,6.2,0,1,,12,0.5769230769230769
4872721,Cardell Williams,Sacramento State,Big Sky,Idaho,14,18,176,9.8,1,0,,12,0.7777777777777778
4878229,Ameer Dudley,Robert Morris,NEC,Mercyhurst,3,8,55,6.9,0,0,,12,0.375
5227166,Jake Wolfe,Robert Morris,NEC,Mercyhurst,2,10,24,2.4,0,0,,12,0.2
5227565,Adam Urena,Mercyhurst,NEC,Robert Morris,19,27,206,7.6,1,1,,12,0.7037037037037037
5155943,James Murphy,Brown,Ivy,Columbia,31,43,340,7.9,4,0,,12,0.7209302325581395
5154125,Chase Goodwin,Columbia,Ivy,Brown,17,25,168,6.7,3,1,,12,0.68
5088964,Sonny Mannino,Marist,Pioneer,Davidson,18,24,317,13.2,1,0,,12,0.75
5085644,Coulter Cleland,Davidson,Pioneer,Marist,19,40,193,4.8,1,1,,12,0.475
5155528,Jerry Kaminski,North Dakota,MVFC,Murray State,11,18,131,7.3,1,1,,12,0.6111111111111112
5227854,Baxter Wright,Murray State,MVFC,North Dakota,23,34,140,4.1,0,1,,12,0.6764705882352942
4685401,Josh Hoover,TCU,Big 12,BYU,10,23,183,8.0,0,2,46.8,12,0.43478260869565216
5141367,Bear Bachmeier,BYU,Big 12,TCU,23,33,296,9.0,1,0,93.2,12,0.696969696969697
4696880,Walker Harris,North Carolina Central,MEAC,South Carolina State,13,31,218,7.0,1,0,,12,0.41935483870967744
4877811,Billy Atkins,South Carolina State,MEAC,North Carolina Central,24,36,314,8.7,3,1,,12,0.6666666666666666
5153708,Keali'i Ah Yat,Montana,Big Sky,Portland State,14,21,184,8.8,3,0,,12,0.6666666666666666
4875428,Jake Jensen,Montana,Big Sky,Portland State,4,5,50,10.0,1,0,,12,0.8
5075571,John-Keawe Sagapolutele,Portland State,Big Sky,Montana,12,24,155,6.5,0,3,,12,0.5
5225576,Tyrese Smith,Portland State,Big Sky,Montana,5,10,63,6.3,0,2,,12,0.5
5095771,Ethan Greenwood,Long Island University,NEC,Saint Francis,13,24,105,4.4,0,0,,12,0.5416666666666666
5155100,Jeff Hoenstine,Saint Francis,NEC,Long Island University,4,6,40,6.7,0,0,,12,0.6666666666666666
5088334,Nick Whitfield Jr.,Saint Francis,NEC,Long Island University,7,18,36,2.0,0,1,,12,0.3888888888888889
5093929,Eric Rodriguez,East Texas A&M,Southland,Houston Christian,21,31,233,7.5,4,1,,12,0.6774193548387096
4691966,Maddox Kopp,Houston Christian,Southland,East Texas A&M,15,32,183,5.7,2,0,,12,0.46875
5154911,Aiden McCown,Lamar,Southland,Stephen F. Austin,10,14,78,5.6,0,0,,12,0.7142857142857143
5154910,Robert Coleman,Lamar,Southland,Stephen F. Austin,8,12,46,3.8,0,1,,12,0.6666666666666666
5169036,Gavin Rutherford,Stephen F. Austin,Southland,Lamar,17,31,140,4.5,0,1,,12,0.5483870967741935
5085356,Austin Myers,Central Arkansas,UAC,Southern Utah,17,32,224,7.0,1,1,,12,0.53125
4697131,Bronson Barron,Southern Utah,UAC,Central Arkansas,20,26,204,7.8,0,1,,12,0.7692307692307693
5298739,Logan Inagawa,Drake,Pioneer,Dayton,7,12,59,4.9,0,0,,12,0.5833333333333334
5224637,Liam Poronsky,Dayton,Pioneer,Drake,11,22,107,4.9,1,0,,12,0.5
5156751,Drew VanVleet,Dayton,Pioneer,Drake,5,10,78,7.8,0,1,,12,0.5
5156755,Gavin Lochow,Dayton,Pioneer,Drake,1,5,12,2.4,0,1,,12,0.2
5158746,Jordan Cooke,Idaho State,Big Sky,Weber State,24,39,363,9.3,2,0,,12,0.6153846153846154
4913758,Dijon Jennings,Weber State,Big Sky,Idaho State,24,33,192,5.8,0,0,,12,0.7272727272727273
5106897,Jack O'Connell,Stonehill,NEC,Wagner,11,22,89,4.0,0,1,,12,0.5
5100516,Damien Mazil,Wagner,NEC,Stonehill,6,14,37,2.6,0,0,,12,0.42857142857142855
5226663,Frankie Weaver,Monmouth,CAA,North Carolina A&T,19,27,428,15.9,6,0,,12,0.7037037037037037
5164567,Kevin White,North Carolina A&T,CAA,Monmouth,12,24,183,7.6,0,0,,12,0.5
5084404,Liam O'Brien,Pennsylvania,Ivy,Harvard,32,40,271,6.8,3,0,,12,0.8
5083569,Jaden Craig,Harvard,Ivy,Pennsylvania,28,45,390,8.7,3,0,,12,0.6222222222222222
4881032,Taron Dickens,Western Carolina,Southern,East Tennessee State,33,48,426,8.9,2,0,,12,0.6875
4429463,Jacolby Criswell,East Tennessee State,Southern,Western Carolina,17,29,271,9.3,3,0,,12,0.5862068965517241
5301875,Jackson Byrd,East Tennessee State,Southern,Western Carolina,5,8,123,15.4,3,0,,12,0.625
4875733,Pat McQuaide,Villanova,CAA,Stony Brook,18,30,280,9.3,4,0,,12,0.6
5226896,Quinn Boyd,Stony Brook,CAA,Villanova,21,33,278,8.4,1,0,,12,0.6363636363636364
4685345,JC French,Georgia Southern,Sun Belt,Coastal Carolina,22,33,264,8.0,2,1,51.6,12,0.6666666666666666
4870793,Tad Hudson,Coastal Carolina,Sun Belt,Georgia Southern,15,28,173,6.2,0,1,21.3,12,0.5357142857142857
4606658,Samari Collier,Coastal Carolina,Sun Belt,Georgia Southern,2,6,18,3.0,0,0,66.3,12,0.3333333333333333
5299278,Dominic Campanile,Holy Cross,Patriot,Bucknell,10,17,138,8.1,0,0,,12,0.5882352941176471
5298548,Nicholas Penuvchev,Bucknell,Patriot,Holy Cross,13,22,237,10.8,2,1,,12,0.5909090909090909
4875855,Ralph Rucker,Bucknell,Patriot,Holy Cross,6,7,58,8.3,1,0,,12,0.8571428571428571
5082005,Tyriq Starks,Howard,MEAC,Delaware State,21,39,252,6.5,1,2,,12,0.5384615384615384
4685542,Jayden Sauray,Delaware State,MEAC,Howard,7,13,144,11.1,0,0,,12,0.5384615384615384
5302500,Nana Utsey,VMI,Southern,Furman,4,10,68,6.8,0,0,,12,0.4
5168665,Chandler Wilson,VMI,Southern,Furman,8,16,56,3.5,0,0,,12,0.5
5224084,Trey Hedden,Furman,Southern,VMI,33,46,275,6.0,2,0,,12,0.717391304347826
5155398,Grayson Saunier,Dartmouth,Ivy,Cornell,13,23,122,5.3,0,0,,12,0.5652173913043478
5154161,Garrett Bass-Sulpizio,Cornell,Ivy,Dartmouth,37,45,328,7.3,1,0,,12,0.8222222222222222
5109518,Beau Brungard,Youngstown State,MVFC,Indiana State,23,30,264,8.8,3,0,,12,0.7666666666666667
5085026,Keegan Patterson,Indiana State,MVFC,Youngstown State,15,24,319,13.3,3,1,,12,0.625
4777154,Tyler Riddell,Duquesne,NEC,Central Connecticut,14,22,182,8.3,3,0,,12,0.6363636363636364
4683471,Brady Olson,Central Connecticut,NEC,Duquesne,28,45,423,9.4,4,2,,12,0.6222222222222222
5298925,Jared Lockhart,Jackson State,SWAC,Bethune-Cookman,12,21,160,7.6,1,1,,12,0.5714285714285714
4565189,Cam Ransom,Bethune-Cookman,SWAC,Jackson State,15,28,215,7.7,0,2,,12,0.5357142857142857
5083490,Ayden Pereira,Merrimack,FCS Independents,Sacred Heart,20,40,170,4.3,2,0,,12,0.5
5225700,Jack Snyder,Sacred Heart,FCS Independents,Merrimack,8,11,97,8.8,1,0,,12,0.7272727272727273
4692052,Carter Peevy,Maine,CAA,Rhode Island,21,34,278,8.2,1,0,,12,0.6176470588235294
4715345,Devin Farrell,Rhode Island,CAA,Maine,16,22,221,10.0,2,0,,12,0.7272727272727273
4685309,Braden Davis,Hampton,CAA,William & Mary,11,18,117,6.5,0,1,,12,0.6111111111111112
4838536,Tyler Hughes,William & Mary,CAA,Hampton,17,20,207,10.4,5,1,,12,0.85
4812381,Gunnar Smith,Fordham,Patriot,Georgetown,22,36,208,5.8,0,1,,12,0.6111111111111112
5172415,Dez Thomas II,Georgetown,Patriot,Fordham,18,28,136,4.9,2,0,,12,0.6428571428571429
5208095,Mason Heintschel,Pittsburgh,ACC,Notre Dame,16,33,126,3.8,0,1,8.7,12,0.48484848484848486
4870819,Eli Holstein,Pittsburgh,ACC,Notre Dame,3,6,23,3.8,1,0,78.4,12,0.5
5079369,C.J. Carr,Notre Dame,FBS Independents,Pittsburgh,21,32,212,6.6,2,2,62.0,12,0.65625
4429066,Jeff Sims,Arizona State,Big 12,West Virginia,19,28,207,7.4,3,0,75.0,12,0.6785714285714286
5164314,Scotty Fox Jr.,West Virginia,Big 12,Arizona State,19,31,353,11.4,2,1,63.5,12,0.6129032258064516
4430841,Carson Beck,Miami,ACC,NC State,21,27,291,10.8,3,0,75.7,12,0.7777777777777778
5079301,CJ Bailey,NC State,ACC,Miami,17,30,120,4.0,0,2,13.6,12,0.5666666666666667
4432759,Sawyer Robertson,Baylor,Big 12,Utah,29,58,430,7.4,3,2,66.1,12,0.5
5105849,Devon Dampier,Utah,Big 12,Baylor,6,13,80,6.2,2,0,35.4,12,0.46153846153846156
4773919,Thomas Castellanos,Florida State,ACC,Virginia Tech,12,24,189,7.9,1,0,84.0,12,0.5
4678010,Kyron Drones,Virginia Tech,ACC,Florida State,10,18,125,6.9,1,1,61.5,12,0.5555555555555556
5089309,Jake Stearney,Colgate,Patriot,Lehigh,15,28,151,5.4,1,1,,12,0.5357142857142857
5225902,Hayden Johnson,Lehigh,Patriot,Colgate,17,25,259,10.4,1,0,,12,0.68
5154962,Kamden Sixkiller,Campbell,CAA,Elon,23,32,268,8.4,0,1,,12,0.71875
5224789,Landen Clark,Elon,CAA,Campbell,13,28,228,8.1,2,0,,12,0.4642857142857143
4836476,Davin Wydner,West Georgia,UAC,Utah Tech,18,28,201,7.2,1,0,,12,0.6428571428571429
5224562,Bronson Barben,Utah Tech,UAC,West Georgia,15,26,141,5.4,0,1,,12,0.5769230769230769
4870889,Chris Parson,Austin Peay,UAC,Samford,16,30,265,8.8,1,1,,12,0.5333333333333333
5212705,Brady Stober,Samford,Southern,Austin Peay,29,41,266,6.5,1,1,,12,0.7073170731707317
5223107,Quentin Hayes,The Citadel,Southern,Wofford,12,19,153,8.1,1,1,,12,0.631578947368421
5156255,JT Fayard,Wofford,Southern,The Citadel,18,34,210,6.2,1,0,,12,0.5294117647058824
4605998,Logan Fife,New Mexico State,Conference USA,Tennessee,23,34,166,4.9,0,1,26.4,12,0.6764705882352942
5152503,Adam Damante,New Mexico State,Conference USA,Tennessee,12,18,147,8.2,0,1,46.3,12,0.6666666666666666
5151948,Joey Aguilar,Tennessee,SEC,New Mexico State,17,23,204,8.9,1,2,76.0,12,0.7391304347826086
5224011,Baylor Hayes,Tulsa,American Athletic,Oregon State,12,19,163,8.6,1,0,88.5,12,0.631578947368421
5210501,Tristan Ti'a,Oregon State,Pac-12,Tulsa,8,11,141,12.8,2,0,98.4,12,0.7272727272727273
4685497,Maalik Murphy,Oregon State,Pac-12,Tulsa,5,11,56,5.1,0,0,21.0,12,0.45454545454545453
4870864,Gabarri Johnson,Oregon State,Pac-12,Tulsa,6,14,44,3.1,0,0,5.7,12,0.42857142857142855
5083847,Dean DeNobile,Lafayette,Patriot,Richmond,14,21,165,7.9,3,1,,12,0.6666666666666666
4877890,Kyle Wickersham,Richmond,Patriot,Lafayette,20,35,234,6.7,2,1,,12,0.5714285714285714
5083373,Ashten Snelsire,Richmond,Patriot,Lafayette,13,27,99,3.7,0,0,,12,0.48148148148148145
5298787,Byron McNair,Tennessee State,Big South-OVC,Gardner-Webb,18,24,171,7.1,2,0,,12,0.75
5231101,Jonathan Palmer,Tennessee State,Big South-OVC,Gardner-Webb,7,14,43,3.1,0,4,,12,0.5
4869817,Cole Pennington,Gardner-Webb,Big South-OVC,Tennessee State,13,20,108,5.4,1,0,,12,0.65
4714009,Myles Burkett,Eastern Kentucky,UAC,Abilene Christian,10,24,155,6.5,0,0,,12,0.4166666666666667
4691272,Stone Earle,Abilene Christian,UAC,Eastern Kentucky,23,41,226,5.5,1,0,,12,0.5609756097560976
4826635,Jaxon Dailey,Northern Iowa,MVFC,North Dakota State,9,23,99,4.3,1,2,,12,0.391304347826087
4879250,Cole Payton,North Dakota State,MVFC,Northern Iowa,15,17,212,12.5,1,0,,12,0.8823529411764706
5087156,Nathan Hayes,North Dakota State,MVFC,Northern Iowa,3,8,56,7.0,0,0,,12,0.375
5232131,KJ Cooper,Texas Southern,SWAC,Southern,17,20,210,10.5,3,0,,12,0.85
5308438,Ashton Strother,Southern,SWAC,Texas Southern,11,21,191,9.1,2,1,,12,0.5238095238095238
5141395,EJ Colson,Incarnate Word,Southland,SE Louisiana,16,24,158,6.6,0,0,,12,0.6666666666666666
4695784,Carson Camp,SE Louisiana,Southland,Incarnate Word,19,32,199,6.2,1,0,,12,0.59375
5212654,Braden Atkinson,Mercer,Southern,Chattanooga,28,37,326,8.8,5,1,,12,0.7567567567567568
5223983,Battle Alberson,Chattanooga,Southern,Mercer,11,25,138,5.5,1,2,,12,0.44
5044387,Anthony Colandrea,UNLV,Mountain West,Utah State,24,43,276,6.4,1,1,34.8,12,0.5581395348837209
4695600,Bryson Barnes,Utah State,Mountain West,UNLV,19,38,256,6.7,1,0,65.7,12,0.5
4915837,Grayson Loftis,Charlotte,American Athletic,UTSA,13,24,100,4.2,0,0,7.3,12,0.5416666666666666
4775136,Owen McCown,UTSA,American Athletic,Charlotte,24,37,306,8.3,2,1,40.4,12,0.6486486486486487
5141378,Cutter Boley,Kentucky,SEC,Tennessee Tech,18,21,236,11.2,1,0,87.7,12,0.8571428571428571
5164333,Brennen Ward,Kentucky,SEC,Tennessee Tech,3,6,25,4.2,0,0,10.7,12,0.5
4876140,Kekoa Visperas,Tennessee Tech,Big South-OVC,Kentucky,13,21,112,5.3,1,1,,12,0.6190476190476191
4569535,Jacob Clark,Missouri State,Conference USA,UTEP,30,39,330,8.5,4,0,76.8,12,0.7692307692307693
5083042,Skyler Locklear,UTEP,Conference USA,Missouri State,14,29,125,4.3,0,0,44.8,12,0.4827586206896552
5144078,Ethan Grunkemeyer,Penn State,Big Ten,Michigan State,8,13,127,9.8,2,0,51.3,12,0.6153846153846154
5146670,Alessio Milivojevic,Michigan State,Big Ten,Penn State,17,27,128,4.7,0,0,15.1,12,0.6296296296296297
4870900,Dylan Lonergan,Boston College,ACC,Georgia Tech,26,40,362,9.1,2,0,77.4,12,0.65
4428993,Haynes King,Georgia Tech,ACC,Boston College,26,34,371,10.9,1,0,74.6,12,0.7647058823529411
5121169,Darian Mensah,Duke,ACC,Virginia,18,35,213,6.1,1,0,30.4,12,0.5142857142857142
4692530,Chandler Morris,Virginia,ACC,Duke,23,35,316,9.0,2,2,84.7,12,0.6571428571428571
4431465,Behren Morton,Texas Tech,Big 12,UCF,14,20,149,7.5,1,0,77.4,12,0.7
4433829,Mitch Griffis,Texas Tech,Big 12,UCF,13,17,145,8.5,0,0,89.8,12,0.7647058823529411
4801307,Tayven Jackson,UCF,Big 12,Texas Tech,27,33,178,5.4,1,1,51.9,12,0.8181818181818182
5153846,Nick Minicucci,Delaware,Conference USA,Sam Houston,24,36,338,9.4,1,1,21.1,12,0.6666666666666666
5148427,Landyn Locke,Sam Houston,Conference USA,Delaware,16,38,213,5.6,0,0,26.1,12,0.42105263157894735
5194626,Roman Gagliano,Middle Tennessee,Conference USA,Western Kentucky,25,42,389,9.3,2,0,62.2,12,0.5952380952380952
5196864,Rodney Tisdale Jr.,Western Kentucky,Conference USA,Middle Tennessee,29,41,371,9.0,3,1,72.4,12,0.7073170731707317
4429149,Brendon Lewis,Memphis,American Athletic,East Carolina,32,43,209,4.9,1,1,80.1,12,0.7441860465116279
4795295,Katin Houser,East Carolina,American Athletic,Memphis,23,34,332,9.8,1,0,75.1,12,0.6764705882352942
4869991,Caden Veltkamp,Florida Atlantic,American Athletic,Tulane,39,57,375,6.6,2,3,40.6,12,0.6842105263157895
5150611,Jake Retzlaff,Tulane,American Athletic,Florida Atlantic,18,27,241,8.9,2,1,67.5,12,0.6666666666666666
4879058,Joe Pesansky,Florida International,Conference USA,Liberty,24,34,206,6.1,2,0,81.4,12,0.7058823529411765
4832918,Ethan Vasko,Liberty,Conference USA,Florida International,17,31,218,7.0,1,2,39.9,12,0.5483870967741935
5122157,Caden Creel,Jacksonville State,Conference USA,Kennesaw State,8,13,137,10.5,0,0,89.3,12,0.6153846153846154
5153782,Amari Odom,Kennesaw State,Conference USA,Jacksonville State,19,31,248,8.0,0,3,28.3,12,0.6129032258064516
4565355,Dexter Williams II,Kennesaw State,Conference USA,Jacksonville State,8,13,114,8.8,1,1,94.0,12,0.6153846153846154
5076949,Evan Bullock,Louisiana Tech,Conference USA,Washington State,4,10,36,3.6,0,0,19.8,12,0.4
5296376,Trey Kukuk,Louisiana Tech,Conference USA,Washington State,5,8,24,3.0,0,1,38.8,12,0.625
4876066,Zevi Eckhaus,Washington State,Pac-12,Louisiana Tech,17,25,146,5.8,1,0,82.0,12,0.68
4565187,Jalen Kitna,UAB,American Athletic,North Texas,26,45,281,6.2,1,2,53.9,12,0.5777777777777777
5219834,Drew Mestemaker,North Texas,American Athletic,UAB,18,25,298,11.9,2,0,88.2,12,0.72
5074245,Broc Lowry,Western Michigan,Mid-American,Ohio,9,14,126,9.0,0,0,41.8,12,0.6428571428571429
4610131,Parker Navarro,Ohio,Mid-American,Western Michigan,8,19,70,3.7,0,1,33.1,12,0.42105263157894735
4899046,Brendan Sorsby,Cincinnati,Big 12,Arizona,15,28,154,5.5,1,2,70.5,12,0.5357142857142857
4801717,Noah Fifita,Arizona,Big 12,Cincinnati,23,31,294,9.5,1,0,77.2,12,0.7419354838709677
4923267,Zane Flores,Oklahoma State,Big 12,Kansas State,24,36,233,6.5,0,2,46.6,12,0.6666666666666666
4870857,Avery Johnson,Kansas State,Big 12,Oklahoma State,15,28,177,6.3,1,1,33.9,12,0.5357142857142857
4685311,Jayden Denegal,San Diego State,Mountain West,Boise State,6,10,17,1.7,0,0,23.8,12,0.6
5160730,Max Cutforth,Boise State,Mountain West,San Diego State,12,18,104,5.8,0,0,34.3,12,0.6666666666666666
4429582,Joe Fagnano,UConn,FBS Independents,Air Force,15,23,155,6.7,0,1,48.6,12,0.6521739130434783
5223112,Kemper Hodges,Air Force,Mountain West,UConn,4,8,32,4.0,0,0,69.4,12,0.5
5081504,Blake Horvath,Navy,American Athletic,South Florida,8,15,147,9.8,1,0,59.7,12,0.5333333333333333
4880272,Byrum Brown,South Florida,American Athletic,Navy,23,32,327,10.2,2,1,78.1,12,0.71875
4431948,TJ Finley,Georgia State,Sun Belt,Marshall,25,39,251,6.4,1,2,31.1,12,0.6410256410256411
4432691,Carlos Del Rio-Wilson,Marshall,Sun Belt,Georgia State,22,27,321,11.9,3,0,78.6,12,0.8148148148148148
5205097,Carter Jones,Nevada,Mountain West,San José State,16,19,195,10.3,2,0,92.0,12,0.8421052631578947
4694149,Walker Eget,San José State,Mountain West,Nevada,11,23,74,3.2,0,3,5.3,12,0.4782608695652174
5296610,Tama Amisone,San José State,Mountain West,Nevada,4,5,59,11.8,0,0,98.7,12,0.8
5122054,Aidan Armenta,UL Monroe,Sun Belt,South Alabama,10,19,82,4.3,0,1,2.8,12,0.5263157894736842
4869553,Bishop Davenport,South Alabama,Sun Belt,UL Monroe,17,23,162,7.0,0,0,47.3,12,0.7391304347826086
4833635,Landy Lyddy,Southern Miss,Sun Belt,Texas State,29,44,267,6.1,1,2,31.2,12,0.6590909090909091
5148803,Brad Jackson,Texas State,Sun Belt,Southern Miss,14,17,192,11.3,1,0,91.4,12,0.8235294117647058
5298293,Sawyer Teeney,Idaho,Big Sky,Idaho State,8,12,53,4.4,1,0,,13,0.6666666666666666
4832830,Joshua Wood,Idaho,Big Sky,Idaho State,9,13,73,5.6,0,1,,13,0.6923076923076923
5158746,Jordan Cooke,Idaho State,Big Sky,Idaho,20,33,212,6.4,2,0,,13,0.6060606060606061
4918099,Kenny Minchey,Notre Dame,FBS Independents,Syracuse,4,6,18,3.0,0,0,99.7,13,0.6666666666666666
5079369,C.J. Carr,Notre Dame,FBS Independents,Syracuse,5,9,49,5.4,1,0,62.6,13,0.5555555555555556
5297026,Joseph Filardi,Syracuse,ACC,Notre Dame,14,26,83,3.2,0,3,11.9,13,0.5384615384615384
4923267,Zane Flores,Oklahoma State,Big 12,UCF,13,28,124,4.4,1,1,55.6,13,0.4642857142857143
4801307,Tayven Jackson,UCF,Big 12,Oklahoma State,16,25,271,10.8,2,2,63.7,13,0.64
4870857,Avery Johnson,Kansas State,Big 12,Utah,12,23,102,4.4,1,1,80.6,13,0.5217391304347826
5105849,Devon Dampier,Utah,Big 12,Kansas State,18,33,259,7.8,2,0,90.0,13,0.5454545454545454
4432759,Sawyer Robertson,Baylor,Big 12,Arizona,22,33,162,4.9,1,2,55.3,13,0.6666666666666666
4801717,Noah Fifita,Arizona,Big 12,Baylor,14,25,183,7.3,1,1,66.8,13,0.56
4801299,Rocco Becht,Iowa State,Big 12,Kansas,18,23,241,10.5,3,0,97.8,13,0.782608695652174
5151060,Cole Ballard,Kansas,Big 12,Iowa State,3,6,37,6.2,1,0,100.0,13,0.5
4596472,Jalon Daniels,Kansas,Big 12,Iowa State,13,23,154,6.7,0,1,33.3,13,0.5652173913043478
4685401,Josh Hoover,TCU,Big 12,Houston,24,33,293,8.9,2,3,80.6,13,0.7272727272727273
4685574,Conner Weigman,Houston,Big 12,TCU,15,29,161,5.6,2,1,46.3,13,0.5172413793103449
4697131,Bronson Barron,Southern Utah,UAC,North Alabama,18,23,236,10.3,1,0,,13,0.782608695652174
5301655,John Austin,North Alabama,UAC,Southern Utah,15,22,227,10.3,2,0,,13,0.6818181818181818
4876140,Kekoa Visperas,Tennessee Tech,Big South-OVC,UT Martin,31,45,270,6.0,2,0,,13,0.6888888888888889
4709012,Jase Bauer,UT Martin,Big South-OVC,Tennessee Tech,18,26,155,6.0,1,0,,13,0.6923076923076923
5088960,Reggie Graff,Utah Tech,UAC,Eastern Kentucky,1,5,12,2.4,0,0,,13,0.2
5224562,Bronson Barben,Utah Tech,UAC,Eastern Kentucky,18,29,130,4.5,1,1,,13,0.6206896551724138
4714009,Myles Burkett,Eastern Kentucky,UAC,Utah Tech,12,19,130,6.8,2,0,,13,0.631578947368421
5104573,Earl Woods,Hampton,CAA,Rhode Island,19,27,136,5.0,0,1,,13,0.7037037037037037
4715345,Devin Farrell,Rhode Island,CAA,Hampton,11,16,151,9.4,0,0,,13,0.6875
5105336,Conner Kenyon,Rhode Island,CAA,Hampton,21,32,258,8.1,2,0,,13,0.65625
5226663,Frankie Weaver,Monmouth,CAA,UAlbany,30,47,269,5.7,3,0,,13,0.6382978723404256
4881352,Jack Shields,UAlbany,CAA,Monmouth,18,25,161,6.4,3,0,,13,0.72
5106897,Jack O'Connell,Stonehill,NEC,Saint Francis,5,17,97,5.7,2,0,,13,0.29411764705882354
5303998,Jake Hamilton,Saint Francis,NEC,Stonehill,5,12,46,3.8,0,2,,13,0.4166666666666667
5088339,Adrian Mejia,Saint Francis,NEC,Stonehill,7,12,105,8.8,1,1,,13,0.5833333333333334
5164721,Zolten Osbourne,Charleston Southern,Big South-OVC,Tennessee State,8,19,145,7.6,1,0,,13,0.42105263157894735
5298787,Byron McNair,Tennessee State,Big South-OVC,Charleston Southern,17,31,155,5.0,0,0,,13,0.5483870967741935
5225271,Connor Wolf,Eastern Illinois,Big South-OVC,Alabama,4,8,20,2.5,0,0,,13,0.5
5079508,Austin Mack,Alabama,SEC,Eastern Illinois,5,5,45,9.0,0,0,95.2,13,1.0
5141629,Keelon Russell,Alabama,SEC,Eastern Illinois,7,9,78,8.7,0,0,53.1,13,0.7777777777777778
4685522,Ty Simpson,Alabama,SEC,Eastern Illinois,11,16,147,9.2,0,2,47.1,13,0.6875
4869817,Cole Pennington,Gardner-Webb,Big South-OVC,Western Illinois,29,45,356,7.9,2,1,,13,0.6444444444444445
5299364,Cason Carswell,Western Illinois,Big South-OVC,Gardner-Webb,18,31,203,6.5,2,0,,13,0.5806451612903226
5225743,Johnny Weber,Southeast Missouri State,Big South-OVC,Lindenwood,20,34,161,4.7,1,1,,13,0.5882352941176471
5081856,Nate Glantz,Lindenwood,Big South-OVC,Southeast Missouri State,14,22,127,5.8,0,0,,13,0.6363636363636364
5154962,Kamden Sixkiller,Campbell,CAA,Towson,27,37,258,7.0,1,0,,13,0.7297297297297297
5301657,Andrew Indorf,Towson,CAA,Campbell,16,26,196,7.5,4,1,,13,0.6153846153846154
5301057,Nelson Layne,North Carolina A&T,CAA,Elon,11,20,160,8.0,2,1,,13,0.55
5224789,Landen Clark,Elon,CAA,North Carolina A&T,10,24,231,9.6,4,0,,13,0.4166666666666667
5227854,Baxter Wright,Murray State,MVFC,Indiana State,22,30,253,8.4,1,0,,13,0.7333333333333333
5085026,Keegan Patterson,Indiana State,MVFC,Murray State,17,28,314,11.2,2,1,,13,0.6071428571428571
4691272,Stone Earle,Abilene Christian,UAC,Central Arkansas,30,37,310,8.4,2,0,,13,0.8108108108108109
5152064,Caleb Koger,Central Arkansas,UAC,Abilene Christian,24,38,326,8.6,4,3,,13,0.631578947368421
4870889,Chris Parson,Austin Peay,UAC,Tarleton State,17,30,293,9.8,4,1,,13,0.5666666666666667
4697625,Victor Gabalis,Tarleton State,UAC,Austin Peay,23,44,311,7.1,3,0,,13,0.5227272727272727
4880272,Byrum Brown,South Florida,American Athletic,UAB,19,25,353,14.1,3,0,79.3,13,0.76
4565187,Jalen Kitna,UAB,American Athletic,South Florida,20,36,230,6.4,0,3,33.0,13,0.5555555555555556
4795295,Katin Houser,East Carolina,American Athletic,UTSA,18,32,241,7.5,2,1,14.3,13,0.5625
4775136,Owen McCown,UTSA,American Athletic,East Carolina,24,33,248,7.5,5,0,94.7,13,0.7272727272727273
5224011,Baylor Hayes,Tulsa,American Athletic,Army,20,31,267,8.6,1,0,56.1,13,0.6451612903225806
5150297,Cale Hellums,Army,American Athletic,Tulsa,6,10,64,6.4,0,1,59.1,13,0.6
4887446,Gevani McCoy,Temple,American Athletic,Tulane,3,5,16,3.2,0,0,14.8,13,0.6
4431387,Evan Simon,Temple,American Athletic,Tulane,21,32,168,5.3,2,0,49.1,13,0.65625
5150611,Jake Retzlaff,Tulane,American Athletic,Temple,17,28,231,8.3,2,0,68.6,13,0.6071428571428571
5196864,Rodney Tisdale Jr.,Western Kentucky,Conference USA,LSU,20,39,128,3.3,0,2,24.4,13,0.5128205128205128
5079620,Michael Van Buren Jr.,LSU,SEC,Western Kentucky,25,42,202,4.8,1,1,12.3,13,0.5952380952380952
5083042,Skyler Locklear,UTEP,Conference USA,New Mexico State,16,30,151,5.0,2,1,32.6,13,0.5333333333333333
5152503,Adam Damante,New Mexico State,Conference USA,UTEP,29,41,253,6.2,3,1,38.5,13,0.7073170731707317
5296376,Trey Kukuk,Louisiana Tech,Conference USA,Liberty,13,20,118,5.9,0,0,80.0,13,0.65
4832918,Ethan Vasko,Liberty,Conference USA,Louisiana Tech,8,21,141,6.7,1,4,37.5,13,0.38095238095238093
4879058,Joe Pesansky,Florida International,Conference USA,Jacksonville State,14,28,196,7.0,2,2,17.9,13,0.5
5122157,Caden Creel,Jacksonville State,Conference USA,Florida International,17,30,198,6.6,2,0,39.7,13,0.5666666666666667
5194626,Roman Gagliano,Middle Tennessee,Conference USA,Sam Houston,21,34,268,7.9,1,0,54.4,13,0.6176470588235294
5148427,Landyn Locke,Sam Houston,Conference USA,Middle Tennessee,25,40,281,7.0,2,1,22.4,13,0.625
4876066,Zevi Eckhaus,Washington State,Pac-12,James Madison,19,31,171,5.5,1,1,61.1,13,0.6129032258064516
4911929,Alonza Barnett,James Madison,Sun Belt,Washington State,9,18,144,8.0,1,1,30.7,13,0.5
4685697,Zion Turner,Marshall,Sun Belt,App State,8,9,54,6.0,0,0,44.9,13,0.8888888888888888
4432691,Carlos Del Rio-Wilson,Marshall,Sun Belt,App State,13,21,146,7.0,0,1,66.9,13,0.6190476190476191
4870883,J.J. Kohl,App State,Sun Belt,Marshall,19,27,134,5.0,1,0,31.1,13,0.7037037037037037
5148803,Brad Jackson,Texas State,Sun Belt,UL Monroe,25,32,201,6.3,2,1,71.4,13,0.78125
5122054,Aidan Armenta,UL Monroe,Sun Belt,Texas State,19,26,166,6.4,0,0,49.4,13,0.7307692307692307
4912238,Turner Helton,Georgia Southern,Sun Belt,Old Dominion,9,16,49,3.1,1,0,51.3,13,0.5625
4685345,JC French,Georgia Southern,Sun Belt,Old Dominion,16,24,147,6.1,0,1,12.8,13,0.6666666666666666
5193346,Quinn Henicle,Old Dominion,Sun Belt,Georgia Southern,2,5,35,7.0,0,0,31.2,13,0.4
5125715,Colton Joseph,Old Dominion,Sun Belt,Georgia Southern,12,18,140,7.8,1,0,87.1,13,0.6666666666666666
4870793,Tad Hudson,Coastal Carolina,Sun Belt,South Carolina,27,36,174,4.8,0,0,65.9,13,0.75
5164334,Cutter Woods,South Carolina,SEC,Coastal Carolina,4,5,23,4.6,0,0,61.1,13,0.8
4875127,Lanorris Sellers,South Carolina,SEC,Coastal Carolina,16,20,274,13.7,2,0,98.5,13,0.8
5193926,Cameran Brown,Georgia State,Sun Belt,Troy,6,12,57,4.8,0,0,4.5,13,0.5
4432612,Christian Veilleux,Georgia State,Sun Belt,Troy,19,38,307,8.1,1,1,55.9,13,0.5
4431633,Will Crowder,Troy,Sun Belt,Georgia State,27,43,361,8.4,4,0,53.3,13,0.627906976744186
4869553,Bishop Davenport,South Alabama,Sun Belt,Southern Miss,20,23,151,6.6,0,0,68.1,13,0.8695652173913043
4600403,Braylon Braxton,Southern Miss,Sun Belt,South Alabama,31,52,400,7.7,3,1,30.8,13,0.5961538461538461
4871091,D'Wayne' Winfield,Louisiana,Sun Belt,Arkansas State,18,25,147,5.9,0,0,45.8,13,0.72
5080403,Jaylen Raynor,Arkansas State,Sun Belt,Louisiana,25,43,256,6.0,0,0,42.6,13,0.5813953488372093
4804885,Brandon Rose,Massachusetts,Mid-American,Ohio,5,6,34,5.7,1,1,41.6,13,0.8333333333333334
4883110,Grant Jordan,Massachusetts,Mid-American,Ohio,10,21,56,2.7,1,1,23.3,13,0.47619047619047616
4610131,Parker Navarro,Ohio,Mid-American,Massachusetts,3,8,28,3.5,0,0,21.4,13,0.375
5224762,Braden Streeter,Delaware,Conference USA,Wake Forest,11,17,93,5.5,1,0,87.7,13,0.6470588235294118
5153846,Nick Minicucci,Delaware,Conference USA,Wake Forest,21,30,140,4.7,1,0,47.3,13,0.7
4697512,Robby Ashford,Wake Forest,ACC,Delaware,15,22,292,13.3,3,1,83.5,13,0.6818181818181818
4569535,Jacob Clark,Missouri State,Conference USA,Kennesaw State,23,32,344,10.8,3,2,70.4,13,0.71875
5153782,Amari Odom,Kennesaw State,Conference USA,Missouri State,24,34,387,11.4,5,0,78.0,13,0.7058823529411765
4683012,Eddie Lee Marburger,UT Rio Grande Valley,Southland,East Texas A&M,17,22,141,6.4,2,0,,13,0.7727272727272727
5151407,Jack Jacobs,East Texas A&M,Southland,UT Rio Grande Valley,10,15,90,6.0,1,0,,13,0.6666666666666666
5093929,Eric Rodriguez,East Texas A&M,Southland,UT Rio Grande Valley,10,25,97,3.9,0,2,,13,0.4
5083373,Ashten Snelsire,Richmond,Patriot,William & Mary,3,6,44,7.3,0,0,,13,0.5
4877890,Kyle Wickersham,Richmond,Patriot,William & Mary,12,18,128,7.1,2,0,,13,0.6666666666666666
4838536,Tyler Hughes,William & Mary,CAA,Richmond,15,24,86,3.6,0,1,,13,0.625
5083802,Alex Brown,Bucknell,Patriot,Colgate,1,6,10,1.7,0,0,,13,0.16666666666666666
5298548,Nicholas Penuvchev,Bucknell,Patriot,Colgate,5,12,39,3.3,1,2,,13,0.4166666666666667
5085941,Zach Osborne,Colgate,Patriot,Bucknell,13,25,244,9.8,3,1,,13,0.52
4812381,Gunnar Smith,Fordham,Patriot,Merrimack,17,31,252,8.1,1,2,,13,0.5483870967741935
5083490,Ayden Pereira,Merrimack,FCS Independents,Fordham,11,30,167,5.6,2,0,,13,0.36666666666666664
5299278,Dominic Campanile,Holy Cross,Patriot,Georgetown,7,15,54,3.6,1,0,,13,0.4666666666666667
5172415,Dez Thomas II,Georgetown,Patriot,Holy Cross,9,18,80,4.4,0,3,,13,0.5
5225715,Jack Johnson,Georgetown,Patriot,Holy Cross,7,17,82,4.8,1,1,,13,0.4117647058823529
5083847,Dean DeNobile,Lafayette,Patriot,Lehigh,26,37,275,7.4,0,0,,13,0.7027027027027027
5225902,Hayden Johnson,Lehigh,Patriot,Lafayette,11,16,159,9.9,1,1,,13,0.6875
5157481,Collin Hurst,Presbyterian,Pioneer,Marist,18,32,211,6.6,2,1,,13,0.5625
5088964,Sonny Mannino,Marist,Pioneer,Presbyterian,6,8,24,3.0,0,0,,13,0.75
5298896,Will O'Dell,Marist,Pioneer,Presbyterian,12,15,180,12.0,1,0,,13,0.8
5226243,Ryan Jackson,St. Thomas (MN),Pioneer,North Dakota State,2,5,18,3.6,0,0,,13,0.4
5088992,Amari Powell,St. Thomas (MN),Pioneer,North Dakota State,14,26,110,4.2,0,2,,13,0.5384615384615384
5087156,Nathan Hayes,North Dakota State,MVFC,St. Thomas (MN),8,11,118,10.7,2,0,,13,0.7272727272727273
4879250,Cole Payton,North Dakota State,MVFC,St. Thomas (MN),9,12,279,23.3,3,0,,13,0.75
5154911,Aiden McCown,Lamar,Southland,McNeese,8,23,135,5.9,1,2,,13,0.34782608695652173
5226368,Devin Lippold,McNeese,Southland,Lamar,11,23,69,3.0,1,1,,13,0.4782608695652174
5225612,Eric Handley,Alabama A&M,SWAC,Texas Southern,16,30,146,4.9,0,0,,13,0.5333333333333333
5168808,Jordan Davis,Texas Southern,SWAC,Alabama A&M,11,20,158,7.9,1,0,,13,0.55
4819240,Te'Sean Smoot,Alabama State,SWAC,Arkansas-Pine Bluff,20,28,271,9.7,4,0,,13,0.7142857142857143
5303364,Garrison Davis,Arkansas-Pine Bluff,SWAC,Alabama State,13,20,86,4.3,0,0,,13,0.65
5298925,Jared Lockhart,Jackson State,SWAC,Alcorn State,15,17,194,11.4,1,0,,13,0.8823529411764706
4878822,Jaylon Tolbert,Alcorn State,SWAC,Jackson State,21,33,234,7.1,2,0,,13,0.6363636363636364
5220782,Brandon Nunez,Mississippi Valley State,SWAC,Prairie View A&M,9,18,80,4.4,0,1,,13,0.5
4801301,Tevin Carter,Prairie View A&M,SWAC,Mississippi Valley State,2,5,19,3.8,0,0,,13,0.4
5227681,Cameron Peters,Prairie View A&M,SWAC,Mississippi Valley State,12,16,234,14.6,2,1,,13,0.75
4429582,Joe Fagnano,UConn,FBS Independents,Florida Atlantic,33,46,446,9.7,3,0,70.6,13,0.717391304347826
4869991,Caden Veltkamp,Florida Atlantic,American Athletic,UConn,42,55,494,9.0,2,1,90.0,13,0.7636363636363637
5224468,Gabe Passini,Butler,Pioneer,Valparaiso,10,17,140,8.2,1,2,,13,0.5882352941176471
5089335,Rowan Keefe,Valparaiso,Pioneer,Butler,18,28,184,6.6,3,0,,13,0.6428571428571429
5085644,Coulter Cleland,Davidson,Pioneer,Dayton,19,31,225,7.3,2,3,,13,0.6129032258064516
5224637,Liam Poronsky,Dayton,Pioneer,Davidson,16,22,201,9.1,2,1,,13,0.7272727272727273
5298739,Logan Inagawa,Drake,Pioneer,Morehead State,7,12,45,3.8,0,0,,13,0.5833333333333334
4876865,Carter Cravens,Morehead State,Pioneer,Drake,18,26,190,7.3,0,0,,13,0.6923076923076923
5165884,Dom Nankil,San Diego,Pioneer,Stetson,11,14,102,7.3,0,1,,13,0.7857142857142857
5226397,Kael Alexander,Stetson,Pioneer,San Diego,1,6,13,2.2,0,0,,13,0.16666666666666666
5161159,Chris Stephenson,Stetson,Pioneer,San Diego,12,24,69,2.9,0,2,,13,0.5
4872721,Cardell Williams,Sacramento State,Big Sky,UC Davis,3,9,17,1.9,0,1,,13,0.3333333333333333
5226019,Caden Pinnick,UC Davis,Big Sky,Sacramento State,24,30,306,10.2,2,0,,13,0.8
4875733,Pat McQuaide,Villanova,CAA,Sacred Heart,17,29,216,7.4,2,0,,13,0.5862068965517241
5225700,Jack Snyder,Sacred Heart,FCS Independents,Villanova,28,35,286,8.2,1,1,,13,0.8
5079683,Dante Reno,Yale,Ivy,Harvard,15,19,273,14.4,3,0,,13,0.7894736842105263
5299780,Ryan Tattersall,Harvard,Ivy,Yale,4,7,40,5.7,0,0,,13,0.5714285714285714
5083569,Jaden Craig,Harvard,Ivy,Yale,23,43,266,6.2,3,0,,13,0.5348837209302325
5154486,West Smith,Princeton,Ivy,Pennsylvania,3,6,24,4.0,0,0,,13,0.5
4816095,Blaine Hipa,Princeton,Ivy,Pennsylvania,11,24,120,5.0,0,1,,13,0.4583333333333333
5084404,Liam O'Brien,Pennsylvania,Ivy,Princeton,22,31,243,7.8,2,0,,13,0.7096774193548387
5155398,Grayson Saunier,Dartmouth,Ivy,Brown,24,41,274,6.7,3,3,,13,0.5853658536585366
5155943,James Murphy,Brown,Ivy,Dartmouth,22,27,222,8.2,3,2,,13,0.8148148148148148
5154161,Garrett Bass-Sulpizio,Cornell,Ivy,Columbia,19,34,225,6.6,0,1,,13,0.5588235294117647
5154125,Chase Goodwin,Columbia,Ivy,Cornell,12,26,170,6.5,1,2,,13,0.46153846153846156
4692052,Carter Peevy,Maine,CAA,New Hampshire,15,27,180,6.7,1,2,,13,0.5555555555555556
5171031,Matt Vezza,New Hampshire,CAA,Maine,16,27,266,9.9,1,0,,13,0.5925925925925926
5226896,Quinn Boyd,Stony Brook,CAA,Bryant,33,47,298,6.3,2,0,,13,0.7021276595744681
4869549,Ridge Docekal,Bryant,CAA,Stony Brook,14,27,218,8.1,0,3,,13,0.5185185185185185
5219586,Anthony Grigsby Jr.,Cal Poly,Big Sky,Eastern Washington,21,37,341,9.2,3,2,,13,0.5675675675675675
5298171,Kaden Rolfsness,Eastern Washington,Big Sky,Cal Poly,23,42,236,5.6,1,3,,13,0.5476190476190477
5300801,Eric Gibson Jr.,Northern Colorado,Big Sky,Portland State,12,17,94,5.5,0,0,,13,0.7058823529411765
5225576,Tyrese Smith,Portland State,Big Sky,Northern Colorado,5,7,45,6.4,0,0,,13,0.7142857142857143
5152778,Gabe Downing,Portland State,Big Sky,Northern Colorado,5,9,49,5.4,0,0,,13,0.5555555555555556
5075571,John-Keawe Sagapolutele,Portland State,Big Sky,Northern Colorado,10,15,69,4.6,0,1,,13,0.6666666666666666
5153708,Keali'i Ah Yat,Montana,Big Sky,Montana State,26,32,186,5.8,1,1,,13,0.8125
4684502,Justin Lamson,Montana State,Big Sky,Montana,18,20,175,8.8,1,0,,13,0.9
5225414,Ty Pennington,Northern Arizona,Big Sky,Weber State,21,39,250,6.4,2,1,,13,0.5384615384615384
5304090,Kingston Tisdell,Weber State,Big Sky,Northern Arizona,26,38,277,7.3,2,1,,13,0.6842105263157895
5141367,Bear Bachmeier,BYU,Big 12,Cincinnati,15,25,127,5.1,0,0,68.8,13,0.6
4899046,Brendan Sorsby,Cincinnati,Big 12,BYU,25,38,300,7.9,2,1,91.9,13,0.6578947368421053
5095771,Ethan Greenwood,Long Island University,NEC,Wagner,11,15,155,10.3,1,1,,13,0.7333333333333333
5100516,Damien Mazil,Wagner,NEC,Long Island University,11,21,53,2.5,0,0,,13,0.5238095238095238
4685542,Jayden Sauray,Delaware State,MEAC,South Carolina State,7,12,28,2.3,0,2,,13,0.5833333333333334
4426688,Kaiden Bennett,Delaware State,MEAC,South Carolina State,8,20,59,3.0,0,2,,13,0.4
4877811,Billy Atkins,South Carolina State,MEAC,Delaware State,14,24,249,10.4,2,0,,13,0.5833333333333334
5082005,Tyriq Starks,Howard,MEAC,Norfolk State,24,34,279,8.2,3,1,,13,0.7058823529411765
5227495,Parker Lancaster,Norfolk State,MEAC,Howard,3,7,88,12.6,1,0,,13,0.42857142857142855
5231174,Vinson Berry,Norfolk State,MEAC,Howard,7,13,94,7.2,0,0,,13,0.5384615384615384
5232049,Raymond Moore III,Morgan State,MEAC,North Carolina Central,12,21,111,5.3,1,2,,13,0.5714285714285714
4696880,Walker Harris,North Carolina Central,MEAC,Morgan State,23,34,264,7.8,2,0,,13,0.6764705882352942
5155528,Jerry Kaminski,North Dakota,MVFC,South Dakota State,20,33,292,8.8,2,1,,13,0.6060606060606061
5227810,Jack Henry,South Dakota State,MVFC,North Dakota,6,17,132,7.8,2,2,,13,0.35294117647058826
4777154,Tyler Riddell,Duquesne,NEC,Robert Morris,13,28,214,7.6,1,0,,13,0.4642857142857143
5298328,Cooper Panteck,Robert Morris,NEC,Duquesne,14,33,178,5.4,1,0,,13,0.42424242424242425
5227699,Beckham Pellant,Illinois State,MVFC,Southern Illinois,3,5,10,2.0,0,1,,13,0.6
4878284,Tommy Rittenhouse,Illinois State,MVFC,Southern Illinois,12,22,134,6.1,0,1,,13,0.5454545454545454
4697094,DJ Williams,Southern Illinois,MVFC,Illinois State,18,30,159,5.3,0,0,,13,0.6
4826635,Jaxon Dailey,Northern Iowa,MVFC,Youngstown State,25,34,352,10.4,2,0,,13,0.7352941176470589
5109518,Beau Brungard,Youngstown State,MVFC,Northern Iowa,20,25,226,9.0,2,0,,13,0.8
4683471,Brady Olson,Central Connecticut,NEC,Mercyhurst,22,35,221,6.3,3,1,,13,0.6285714285714286
5227565,Adam Urena,Mercyhurst,NEC,Central Connecticut,17,36,188,5.2,1,0,,13,0.4722222222222222
4915837,Grayson Loftis,Charlotte,American Athletic,Georgia,14,27,130,4.8,0,2,17.3,13,0.5185185185185185
5079679,Ryan Puglisi,Georgia,SEC,Charlotte,7,11,49,4.5,0,0,5.2,13,0.6363636363636364
4685578,Gunner Stockton,Georgia,SEC,Charlotte,17,21,196,9.3,0,1,78.5,13,0.8095238095238095
5219834,Drew Mestemaker,North Texas,American Athletic,Rice,19,23,469,20.4,3,0,99.2,13,0.8260869565217391
4986096,Chase Jenkins,Rice,American Athletic,North Texas,14,21,101,4.8,1,0,73.4,13,0.6666666666666666
4429463,Jacolby Criswell,East Tennessee State,Southern,The Citadel,18,26,244,9.4,1,1,,13,0.6923076923076923
5223107,Quentin Hayes,The Citadel,Southern,East Tennessee State,11,18,200,11.1,1,2,,13,0.6111111111111112
5212654,Braden Atkinson,Mercer,Southern,Auburn,20,33,210,6.4,1,2,,13,0.6060606060606061
4870607,Jackson Arnold,Auburn,SEC,Mercer,3,5,31,6.2,0,0,67.6,13,0.6
5141506,Deuce Knight,Auburn,SEC,Mercer,15,20,239,12.0,2,0,99.8,13,0.75
5302500,Nana Utsey,VMI,Southern,Western Carolina,6,20,80,4.0,0,1,,13,0.3
4881032,Taron Dickens,Western Carolina,Southern,VMI,28,40,330,8.3,3,0,,13,0.7
4880516,Jake Weir,Houston Christian,Southland,Incarnate Word,6,15,116,7.7,0,0,,13,0.4
4691966,Maddox Kopp,Houston Christian,Southland,Incarnate Word,13,21,156,7.4,1,0,,13,0.6190476190476191
5156245,Richard Torres,Incarnate Word,Southland,Houston Christian,16,29,184,6.3,2,1,,13,0.5517241379310345
4877380,Quincy Crittendon,Samford,Southern,Texas A&M,7,16,46,2.9,0,0,,13,0.4375
5145396,Miles O'Neill,Texas A&M,SEC,Samford,3,7,19,2.7,0,1,15.8,13,0.42857142857142855
4426417,Jacob Zeno,Texas A&M,SEC,Samford,2,5,27,5.4,0,0,7.0,13,0.4
5295969,Brady Hart,Texas A&M,SEC,Samford,5,9,62,6.9,0,0,51.1,13,0.5555555555555556
4870971,Marcel Reed,Texas A&M,SEC,Samford,10,15,120,8.0,3,0,65.0,13,0.6666666666666666
4685440,Kyle Lowe,SE Louisiana,Southland,Nicholls,8,8,47,5.9,1,0,,13,1.0
4695784,Carson Camp,SE Louisiana,Southland,Nicholls,12,24,106,4.4,2,0,,13,0.5
5164893,Ean Rodrigue,Nicholls,Southland,SE Louisiana,15,21,137,6.5,0,0,,13,0.7142857142857143
5223983,Battle Alberson,Chattanooga,Southern,Wofford,21,32,215,6.7,0,1,,13,0.65625
5156255,JT Fayard,Wofford,Southern,Chattanooga,22,28,244,8.7,3,0,,13,0.7857142857142857
5224084,Trey Hedden,Furman,Southern,Clemson,22,38,179,4.7,1,1,,13,0.5789473684210527
4899369,Christopher Vizzina,Clemson,ACC,Furman,9,15,52,3.5,1,0,11.3,13,0.6
4685413,Cade Klubnik,Clemson,ACC,Furman,9,15,159,10.6,2,0,61.6,13,0.6
5226585,Abram Johnston,Northwestern State,Southland,Stephen F. Austin,3,7,11,1.6,0,0,,13,0.42857142857142855
5302454,Eli Anderson,Northwestern State,Southland,Stephen F. Austin,11,16,150,9.4,2,0,,13,0.6875
5303183,Bryson Broadway,Stephen F. Austin,Southland,Northwestern State,5,6,40,6.7,1,0,,13,0.8333333333333334
4683311,Sam Vidlak,Stephen F. Austin,Southland,Northwestern State,9,10,207,20.7,3,0,,13,0.9
5079318,Elijah Brown,Stanford,ACC,California,10,20,123,6.2,1,0,46.1,13,0.5
5164313,Jaron-Keawe Sagapolutele,California,ACC,Stanford,33,49,269,5.5,0,0,57.2,13,0.673469387755102
4773919,Thomas Castellanos,Florida State,ACC,NC State,16,32,203,6.3,1,2,59.0,13,0.5
5079301,CJ Bailey,NC State,ACC,Florida State,18,25,152,6.1,2,0,63.8,13,0.72
4428993,Haynes King,Georgia Tech,ACC,Pittsburgh,27,41,257,6.3,2,2,33.9,13,0.6585365853658537
5208095,Mason Heintschel,Pittsburgh,ACC,Georgia Tech,20,27,226,8.4,2,0,77.8,13,0.7407407407407407
5126464,Deuce Adams,Louisville,ACC,SMU,12,17,94,5.5,0,0,66.6,13,0.7058823529411765
5084084,Kevin Jennings,SMU,ACC,Louisville,29,37,303,8.2,3,0,93.9,13,0.7837837837837838
5121169,Darian Mensah,Duke,ACC,North Carolina,20,33,175,5.3,1,0,84.6,13,0.6060606060606061
4920227,Giovanni Lopez,North Carolina,ACC,Duke,21,27,204,7.6,1,0,65.2,13,0.7777777777777778
4678010,Kyron Drones,Virginia Tech,ACC,Miami,12,21,124,5.9,0,0,43.5,13,0.5714285714285714
4430841,Carson Beck,Miami,ACC,Virginia Tech,27,32,320,10.0,4,0,95.3,13,0.84375
4429066,Jeff Sims,Arizona State,Big 12,Colorado,11,24,206,8.6,2,1,41.6,13,0.4583333333333333
5159016,Julian Lewis,Colorado,Big 12,Arizona State,19,38,161,4.2,1,0,22.3,13,0.5
4870799,Nico Iamaleava,UCLA,Big Ten,Washington,16,26,69,2.7,0,0,18.4,13,0.6153846153846154
5077500,Luke Duncan,UCLA,Big Ten,Washington,5,11,81,7.4,1,0,61.0,13,0.45454545454545453
5079653,Demond Williams Jr.,Washington,Big Ten,UCLA,17,26,213,8.2,2,1,53.7,13,0.6538461538461539
4685454,Jayden Maiava,USC,Big Ten,Oregon,25,43,306,7.1,3,2,95.8,13,0.5813953488372093
4870921,Dante Moore,Oregon,Big Ten,USC,22,30,257,8.6,2,1,90.0,13,0.7333333333333333
4432767,Preston Stone,Northwestern,Big Ten,Minnesota,25,30,305,10.2,2,0,93.7,13,0.8333333333333334
5144959,Drake Lindsey,Minnesota,Big Ten,Northwestern,20,30,264,8.8,4,0,86.0,13,0.6666666666666666
5141695,Malik Washington,Maryland,Big Ten,Michigan,19,39,210,5.4,1,1,71.3,13,0.48717948717948717
5141741,Bryce Underwood,Michigan,Big Ten,Maryland,16,23,215,9.3,2,0,94.7,13,0.6956521739130435
5146670,Alessio Milivojevic,Michigan State,Big Ten,Iowa,25,42,255,6.1,2,1,68.6,13,0.5952380952380952
4695400,Mark Gronowski,Iowa,Big Ten,Michigan State,12,22,147,6.7,1,1,39.0,13,0.5454545454545454
5141556,TJ Lateef,Nebraska,Big Ten,Penn State,21,37,187,5.1,0,0,53.3,13,0.5675675675675675
5144078,Ethan Grunkemeyer,Penn State,Big Ten,Nebraska,11,12,181,15.1,1,0,97.5,13,0.9166666666666666
4432722,Athan Kaliakmanis,Rutgers,Big Ten,Ohio State,10,20,81,4.1,0,0,27.4,13,0.5
5079712,Julian Sayin,Ohio State,Big Ten,Rutgers,13,19,157,8.3,2,0,83.3,13,0.6842105263157895
5141687,Carter Smith,Wisconsin,Big Ten,Illinois,9,11,75,6.8,0,0,25.0,13,0.8181818181818182
4597679,Luke Altmyer,Illinois,Big Ten,Wisconsin,21,35,248,7.1,0,0,66.0,13,0.6
5221382,Hunter Najm,Bowling Green,Mid-American,Akron,9,26,138,5.3,1,2,6.1,13,0.34615384615384615
4431091,Ben Finley,Akron,Mid-American,Bowling Green,9,26,176,6.8,1,1,16.8,13,0.34615384615384615
5142146,Thomas Gotkowski,Miami (OH),Mid-American,Buffalo,13,23,185,8.0,1,0,62.0,13,0.5652173913043478
4427313,Ta'Quan Roberson,Buffalo,Mid-American,Miami (OH),24,48,303,6.3,2,2,34.2,13,0.5
4431416,Kiael Kelly,Ball State,Mid-American,Toledo,13,30,166,5.5,0,2,7.0,13,0.43333333333333335
4429801,Tucker Gleason,Toledo,Mid-American,Ball State,15,24,218,9.1,4,2,46.9,13,0.625
4683291,Joey Labas,Central Michigan,Mid-American,Kent State,11,20,121,6.1,2,1,40.5,13,0.55
5119841,Dru Deshields,Kent State,Mid-American,Central Michigan,14,28,185,6.6,0,0,6.9,13,0.5
5074245,Broc Lowry,Western Michigan,Mid-American,Northern Illinois,5,9,32,3.6,0,1,77.9,13,0.5555555555555556
4884086,Jalen Macon,Northern Illinois,Mid-American,Western Michigan,1,7,5,0.7,0,0,14.9,13,0.14285714285714285
5210128,Brady Davidson,Northern Illinois,Mid-American,Western Michigan,5,8,73,9.1,1,0,85.7,13,0.625
4694149,Walker Eget,San José State,Mountain West,San Diego State,4,8,32,4.0,0,1,9.2,13,0.5
5296610,Tama Amisone,San José State,Mountain West,San Diego State,15,27,104,3.9,0,1,72.7,13,0.5555555555555556
4685311,Jayden Denegal,San Diego State,Mountain West,San José State,8,16,81,5.1,0,0,20.3,13,0.5
5101124,Micah Alejado,Hawai'i,Mountain West,UNLV,15,24,163,6.8,1,1,32.0,13,0.625
5044387,Anthony Colandrea,UNLV,Mountain West,Hawai'i,21,26,253,9.7,3,0,92.0,13,0.8076923076923077
5083171,Jack Layne,New Mexico,Mountain West,Air Force,10,15,105,7.0,0,0,59.0,13,0.6666666666666666
5223112,Kemper Hodges,Air Force,Mountain West,New Mexico,1,5,5,1.0,0,0,12.9,13,0.2
5223108,Josh Johnson,Air Force,Mountain West,New Mexico,3,6,46,7.7,0,1,18.0,13,0.5
5205097,Carter Jones,Nevada,Mountain West,Wyoming,11,17,58,3.4,1,0,52.4,13,0.6470588235294118
4899468,Kaden Anderson,Wyoming,Mountain West,Nevada,22,39,157,4.0,1,0,15.7,13,0.5641025641025641
4431325,Taylen Green,Arkansas,SEC,Texas,10,20,118,5.9,0,1,82.7,13,0.5
5079516,KJ Jackson,Arkansas,SEC,Texas,16,29,206,7.1,1,0,84.4,13,0.5517241379310345
4870906,Arch Manning,Texas,SEC,Arkansas,18,30,389,13.0,4,0,91.7,13,0.6
5079555,D.J. Lagway,Florida,SEC,Tennessee,11,17,116,6.8,1,0,17.4,13,0.6470588235294118
5151948,Joey Aguilar,Tennessee,SEC,Florida,17,22,204,9.3,1,0,94.9,13,0.7727272727272727
4426847,Zach Calzada,Kentucky,SEC,Vanderbilt,3,5,4,0.8,0,1,7.0,13,0.6
5141378,Cutter Boley,Kentucky,SEC,Vanderbilt,26,44,280,6.4,2,2,29.6,13,0.5909090909090909
5121691,Blaze Berlowitz,Vanderbilt,SEC,Kentucky,4,5,55,11.0,0,0,64.2,13,0.8
5084180,Diego Pavia,Vanderbilt,SEC,Kentucky,33,39,484,12.4,5,1,92.3,13,0.8461538461538461
4685696,Beau Pribula,Missouri,SEC,Oklahoma,20,36,231,6.4,0,2,50.6,13,0.5555555555555556
4915980,John Mateer,Oklahoma,SEC,Missouri,14,30,173,5.8,2,0,67.6,13,0.4666666666666667
5160730,Max Cutforth,Boise State,Mountain West,Colorado State,22,34,239,7.0,0,0,63.1,13,0.6470588235294118
5122401,Darius Curry,Colorado State,Mountain West,Boise State,26,46,293,6.4,2,3,29.7,13,0.5652173913043478
4916436,E.J. Warner,Fresno State,Mountain West,Utah State,23,33,187,5.7,1,1,25.5,13,0.696969696969697
4695600,Bryson Barnes,Utah State,Mountain West,Fresno State,16,30,150,5.0,0,1,70.6,13,0.5333333333333333
5079318,Elijah Brown,Stanford,ACC,Notre Dame,18,37,204,5.5,1,1,48.2,14,0.4864864864864865
5079369,C.J. Carr,Notre Dame,FBS Independents,Stanford,17,27,205,7.6,2,0,90.0,14,0.6296296296296297
4918099,Kenny Minchey,Notre Dame,FBS Independents,Stanford,5,8,48,6.0,0,0,95.2,14,0.625
4819240,Te'Sean Smoot,Alabama State,SWAC,Tuskegee,20,24,422,17.6,4,0,,14,0.8333333333333334
5227056,James Hayes,Alabama State,SWAC,Tuskegee,5,6,41,6.8,0,0,,14,0.8333333333333334
5231795,Michael Franklin,Tuskegee,SIAC,Alabama State,12,29,208,7.2,1,3,,14,0.41379310344827586
4801299,Rocco Becht,Iowa State,Big 12,Oklahoma State,8,17,94,5.5,1,0,37.4,14,0.47058823529411764
4923267,Zane Flores,Oklahoma State,Big 12,Iowa State,19,30,166,5.5,0,1,30.1,14,0.6333333333333333
4432803,Kaidon Salter,Colorado,Big 12,Kansas State,14,25,172,6.9,0,1,77.1,14,0.56
4870857,Avery Johnson,Kansas State,Big 12,Colorado,10,17,115,6.8,0,0,85.0,14,0.5882352941176471
4685574,Conner Weigman,Houston,Big 12,Baylor,21,31,201,6.5,1,1,75.9,14,0.6774193548387096
4432759,Sawyer Robertson,Baylor,Big 12,Houston,23,46,309,6.7,1,1,48.7,14,0.5
5164314,Scotty Fox Jr.,West Virginia,Big 12,Texas Tech,13,23,98,4.3,0,1,9.5,14,0.5652173913043478
5158251,Khalil Wilkins,West Virginia,Big 12,Texas Tech,1,5,9,1.8,0,0,2.5,14,0.2
4431465,Behren Morton,Texas Tech,Big 12,West Virginia,25,32,310,9.7,3,0,89.0,14,0.78125
5141535,Lloyd Jones III,Texas Tech,Big 12,West Virginia,4,5,74,14.8,2,0,99.9,14,0.8
5105849,Devon Dampier,Utah,Big 12,Kansas,15,25,253,10.1,3,0,74.9,14,0.6
4596472,Jalon Daniels,Kansas,Big 12,Utah,10,27,187,6.9,1,3,34.3,14,0.37037037037037035
4899046,Brendan Sorsby,Cincinnati,Big 12,TCU,23,33,282,8.5,3,0,81.6,14,0.696969696969697
4685401,Josh Hoover,TCU,Big 12,Cincinnati,19,22,306,13.9,4,0,96.9,14,0.8636363636363636
5155528,Jerry Kaminski,North Dakota,MVFC,Tennessee Tech,9,18,98,5.4,1,1,,14,0.5
4879225,Simon Romfo,North Dakota,MVFC,Tennessee Tech,4,8,48,6.0,0,0,,14,0.5
4876140,Kekoa Visperas,Tennessee Tech,Big South-OVC,North Dakota,30,51,278,5.5,1,2,,14,0.5882352941176471
5154911,Aiden McCown,Lamar,Southland,Abilene Christian,15,31,266,8.6,2,0,,14,0.4838709677419355
4691272,Stone Earle,Abilene Christian,UAC,Lamar,25,31,308,9.9,3,1,,14,0.8064516129032258
5219898,Drew Devillier,Rice,American Athletic,South Florida,3,9,65,7.2,0,0,52.4,14,0.3333333333333333
4986096,Chase Jenkins,Rice,American Athletic,South Florida,6,9,39,4.3,0,0,23.2,14,0.6666666666666666
4880272,Byrum Brown,South Florida,American Athletic,Rice,16,24,275,11.5,4,0,95.6,14,0.6666666666666666
4869991,Caden Veltkamp,Florida Atlantic,American Athletic,East Carolina,19,31,183,5.9,0,2,8.2,14,0.6129032258064516
4568336,Zach Gibson,Florida Atlantic,American Athletic,East Carolina,12,20,116,5.8,0,1,3.4,14,0.6
4795295,Katin Houser,East Carolina,American Athletic,Florida Atlantic,20,29,258,8.9,2,0,92.9,14,0.6896551724137931
4565187,Jalen Kitna,UAB,American Athletic,Tulsa,14,17,166,9.8,2,0,75.3,14,0.8235294117647058
5224011,Baylor Hayes,Tulsa,American Athletic,UAB,11,22,159,7.2,1,1,13.1,14,0.5
5219834,Drew Mestemaker,North Texas,American Athletic,Temple,20,24,366,15.3,3,0,98.8,14,0.8333333333333334
4431387,Evan Simon,Temple,American Athletic,North Texas,10,27,82,3.0,1,1,22.8,14,0.37037037037037035
4887446,Gevani McCoy,Temple,American Athletic,North Texas,2,5,46,9.2,0,0,42.7,14,0.4
5081504,Blake Horvath,Navy,American Athletic,Memphis,5,9,100,11.1,1,0,93.0,14,0.5555555555555556
4429149,Brendon Lewis,Memphis,American Athletic,Navy,19,36,172,4.8,2,0,35.9,14,0.5277777777777778
4915837,Grayson Loftis,Charlotte,American Athletic,Tulane,18,25,140,5.6,0,1,20.5,14,0.72
5150611,Jake Retzlaff,Tulane,American Athletic,Charlotte,28,38,291,7.7,0,2,39.3,14,0.7368421052631579
5122157,Caden Creel,Jacksonville State,Conference USA,Western Kentucky,12,19,204,10.7,2,0,66.0,14,0.631578947368421
5196864,Rodney Tisdale Jr.,Western Kentucky,Conference USA,Jacksonville State,17,24,180,7.5,0,1,51.5,14,0.7083333333333334
5153846,Nick Minicucci,Delaware,Conference USA,UTEP,24,37,311,8.4,3,0,84.7,14,0.6486486486486487
5083042,Skyler Locklear,UTEP,Conference USA,Delaware,22,39,338,8.7,4,5,36.3,14,0.5641025641025641
4569535,Jacob Clark,Missouri State,Conference USA,Louisiana Tech,17,31,294,9.5,2,1,70.0,14,0.5483870967741935
5296376,Trey Kukuk,Louisiana Tech,Conference USA,Missouri State,8,13,87,6.7,0,0,97.2,14,0.6153846153846154
5148427,Landyn Locke,Sam Houston,Conference USA,Florida International,14,30,121,4.0,1,2,4.2,14,0.4666666666666667
5085337,Keyone Jenkins,Florida International,Conference USA,Sam Houston,15,24,291,12.1,3,1,82.0,14,0.625
5152503,Adam Damante,New Mexico State,Conference USA,Middle Tennessee,29,44,311,7.1,2,2,44.9,14,0.6590909090909091
5194626,Roman Gagliano,Middle Tennessee,Conference USA,New Mexico State,24,42,260,6.2,3,0,61.8,14,0.5714285714285714
4876066,Zevi Eckhaus,Washington State,Pac-12,Oregon State,17,28,197,7.0,1,0,70.3,14,0.6071428571428571
5210501,Tristan Ti'a,Oregon State,Pac-12,Washington State,28,41,240,5.9,1,2,22.1,14,0.6829268292682927
4870793,Tad Hudson,Coastal Carolina,Sun Belt,James Madison,16,38,148,3.9,1,1,34.4,14,0.42105263157894735
4911929,Alonza Barnett,James Madison,Sun Belt,Coastal Carolina,15,21,207,9.9,3,1,63.5,14,0.7142857142857143
4685345,JC French,Georgia Southern,Sun Belt,Marshall,24,37,313,8.5,2,0,62.5,14,0.6486486486486487
4685697,Zion Turner,Marshall,Sun Belt,Georgia Southern,13,19,172,9.1,1,0,44.9,14,0.6842105263157895
4432691,Carlos Del Rio-Wilson,Marshall,Sun Belt,Georgia Southern,9,16,136,8.5,0,1,19.3,14,0.5625
4869553,Bishop Davenport,South Alabama,Sun Belt,Texas State,13,21,95,4.5,0,1,14.4,14,0.6190476190476191
5148858,Jared Hollins,South Alabama,Sun Belt,Texas State,7,11,61,5.5,1,0,6.5,14,0.6363636363636364
5148803,Brad Jackson,Texas State,Sun Belt,South Alabama,20,26,280,10.8,2,0,95.3,14,0.7692307692307693
4432612,Christian Veilleux,Georgia State,Sun Belt,Old Dominion,18,37,154,4.2,1,1,25.3,14,0.4864864864864865
5125715,Colton Joseph,Old Dominion,Sun Belt,Georgia State,9,22,106,4.8,0,1,,14,0.4090909090909091
5080403,Jaylen Raynor,Arkansas State,Sun Belt,App State,32,47,363,7.7,3,1,59.8,14,0.6808510638297872
4870883,J.J. Kohl,App State,Sun Belt,Arkansas State,26,39,271,6.9,2,0,59.4,14,0.6666666666666666
5122054,Aidan Armenta,UL Monroe,Sun Belt,Louisiana,19,31,311,10.0,3,0,61.5,14,0.6129032258064516
4871091,D'Wayne' Winfield,Louisiana,Sun Belt,UL Monroe,10,21,82,3.9,0,0,23.2,14,0.47619047619047616
4685391,Walker Howard,Louisiana,Sun Belt,UL Monroe,6,9,44,4.9,0,0,45.7,14,0.6666666666666666
4431633,Will Crowder,Troy,Sun Belt,Southern Miss,24,34,285,8.4,3,1,55.7,14,0.7058823529411765
4600403,Braylon Braxton,Southern Miss,Sun Belt,Troy,20,35,209,6.0,1,1,43.2,14,0.5714285714285714
5221382,Hunter Najm,Bowling Green,Mid-American,Massachusetts,7,9,128,14.2,3,0,99.1,14,0.7777777777777778
4883110,Grant Jordan,Massachusetts,Mid-American,Bowling Green,22,35,223,6.4,2,0,26.5,14,0.6285714285714286
5220782,Brandon Nunez,Mississippi Valley State,SWAC,Florida A&M,28,47,331,7.0,3,1,,14,0.5957446808510638
5151696,RJ Johnson III,Florida A&M,SWAC,Mississippi Valley State,20,34,283,8.3,2,3,,14,0.5882352941176471
5306457,Hayden Benoit,Grambling,SWAC,Southern,16,32,221,6.9,2,1,,14,0.5
4917305,Cam'Ron McCoy,Southern,SWAC,Grambling,6,18,148,8.2,1,0,,14,0.3333333333333333
4429179,Aidan Bouman,South Dakota,MVFC,Drake,15,20,261,13.1,4,0,,14,0.75
5298739,Logan Inagawa,Drake,Pioneer,South Dakota,19,31,149,4.8,1,0,,14,0.6129032258064516
5083569,Jaden Craig,Harvard,Ivy,Villanova,9,21,107,5.1,1,2,,14,0.42857142857142855
4875733,Pat McQuaide,Villanova,CAA,Harvard,14,22,193,8.8,3,0,,14,0.6363636363636364
5109518,Beau Brungard,Youngstown State,MVFC,Yale,23,35,317,9.1,3,0,,14,0.6571428571428571
5079683,Dante Reno,Yale,Ivy,Youngstown State,21,38,260,6.8,3,2,,14,0.5526315789473685
5085784,Chase Mason,South Dakota State,MVFC,New Hampshire,16,20,230,11.5,3,1,,14,0.8
5171031,Matt Vezza,New Hampshire,CAA,South Dakota State,10,22,48,2.2,0,1,,14,0.45454545454545453
4683471,Brady Olson,Central Connecticut,NEC,Rhode Island,35,62,311,5.0,2,0,,14,0.5645161290322581
4715345,Devin Farrell,Rhode Island,CAA,Central Connecticut,24,38,365,9.6,2,1,,14,0.631578947368421
4801307,Tayven Jackson,UCF,Big 12,BYU,21,37,232,6.3,2,0,79.0,14,0.5675675675675675
5141367,Bear Bachmeier,BYU,Big 12,UCF,21,25,289,11.6,1,0,87.0,14,0.84
4695784,Carson Camp,SE Louisiana,Southland,Illinois State,14,21,120,5.7,0,3,,14,0.6666666666666666
4685440,Kyle Lowe,SE Louisiana,Southland,Illinois State,10,18,94,5.2,0,1,,14,0.5555555555555556
4878284,Tommy Rittenhouse,Illinois State,MVFC,SE Louisiana,14,22,146,6.6,0,0,,14,0.6363636363636364
5150297,Cale Hellums,Army,American Athletic,UTSA,4,10,38,3.8,1,0,43.6,14,0.4
4775136,Owen McCown,UTSA,American Athletic,Army,27,40,266,6.7,2,1,43.0,14,0.675
5153782,Amari Odom,Kennesaw State,Conference USA,Liberty,14,23,240,10.4,4,0,81.9,14,0.6086956521739131
5144313,Michael Merdinger,Liberty,Conference USA,Kennesaw State,12,21,212,10.1,1,0,66.1,14,0.5714285714285714
5084084,Kevin Jennings,SMU,ACC,California,24,36,250,6.9,2,1,75.4,14,0.6666666666666666
5164313,Jaron-Keawe Sagapolutele,California,ACC,SMU,31,40,330,8.3,4,0,92.9,14,0.775
5079555,D.J. Lagway,Florida,SEC,Florida State,15,24,168,7.0,3,1,72.3,14,0.625
4773919,Thomas Castellanos,Florida State,ACC,Florida,17,28,240,8.6,2,1,66.6,14,0.6071428571428571
4685578,Gunner Stockton,Georgia,SEC,Georgia Tech,11,21,70,3.3,1,1,25.4,14,0.5238095238095238
4428993,Haynes King,Georgia Tech,ACC,Georgia,19,27,181,6.7,0,1,63.2,14,0.7037037037037037
5141378,Cutter Boley,Kentucky,SEC,Louisville,13,26,100,3.8,0,2,19.1,14,0.5
4431580,Miller Moss,Louisville,ACC,Kentucky,12,20,182,9.1,3,0,87.8,14,0.6
5297026,Joseph Filardi,Syracuse,ACC,Boston College,10,18,65,3.6,0,0,12.2,14,0.5555555555555556
4567707,Grayson James,Boston College,ACC,Syracuse,16,24,288,12.0,0,0,87.5,14,0.6666666666666666
4697512,Robby Ashford,Wake Forest,ACC,Duke,27,43,342,8.0,2,1,57.6,14,0.627906976744186
5121169,Darian Mensah,Duke,ACC,Wake Forest,24,35,268,7.7,2,0,90.1,14,0.6857142857142857
4920227,Giovanni Lopez,North Carolina,ACC,NC State,11,16,118,7.4,1,0,67.3,14,0.6875
4685740,Max Johnson,North Carolina,ACC,NC State,8,15,54,3.6,0,0,47.0,14,0.5333333333333333
5213239,Au'Tori Newkirk,North Carolina,ACC,NC State,3,5,23,4.6,1,0,97.3,14,0.6
5079301,CJ Bailey,NC State,ACC,North Carolina,21,30,201,6.7,2,0,89.5,14,0.7
4430841,Carson Beck,Miami,ACC,Pittsburgh,23,29,267,9.2,3,1,81.8,14,0.7931034482758621
5208095,Mason Heintschel,Pittsburgh,ACC,Miami,22,32,199,6.2,1,1,29.0,14,0.6875
4875127,Lanorris Sellers,South Carolina,SEC,Clemson,23,42,381,9.1,2,2,41.0,14,0.5476190476190477
4685413,Cade Klubnik,Clemson,ACC,South Carolina,24,39,268,6.9,0,1,55.3,14,0.6153846153846154
4678010,Kyron Drones,Virginia Tech,ACC,Virginia,4,16,78,4.9,1,2,10.6,14,0.25
4692530,Chandler Morris,Virginia,ACC,Virginia Tech,21,35,182,5.2,0,0,75.2,14,0.6
4801717,Noah Fifita,Arizona,Big 12,Arizona State,28,45,286,6.4,1,0,80.8,14,0.6222222222222222
4429066,Jeff Sims,Arizona State,Big 12,Arizona,11,25,114,4.6,0,3,31.8,14,0.44
4685454,Jayden Maiava,USC,Big Ten,UCLA,21,29,257,8.9,2,0,87.3,14,0.7241379310344828
4870799,Nico Iamaleava,UCLA,Big Ten,USC,27,38,200,5.3,1,0,59.4,14,0.7105263157894737
4597679,Luke Altmyer,Illinois,Big Ten,Northwestern,10,15,136,9.1,0,0,16.5,14,0.6666666666666666
4432767,Preston Stone,Northwestern,Big Ten,Illinois,19,36,163,4.5,1,3,14.6,14,0.5277777777777778
5104738,Ryan Browne,Purdue,Big Ten,Indiana,25,47,238,5.1,0,1,45.3,14,0.5319148936170213
4837248,Fernando Mendoza,Indiana,Big Ten,Purdue,8,15,117,7.8,2,0,69.4,14,0.5333333333333333
5146670,Alessio Milivojevic,Michigan State,Big Ten,Maryland,27,39,292,7.5,4,1,78.4,14,0.6923076923076923
5141695,Malik Washington,Maryland,Big Ten,Michigan State,38,61,459,7.5,3,1,67.8,14,0.6229508196721312
5079712,Julian Sayin,Ohio State,Big Ten,Michigan,19,26,233,9.0,3,1,97.0,14,0.7307692307692307
5141741,Bryce Underwood,Michigan,Big Ten,Ohio State,8,18,63,3.5,0,1,49.2,14,0.4444444444444444
4878912,Hunter Simmons,Wisconsin,Big Ten,Minnesota,12,19,162,8.5,0,2,20.4,14,0.631578947368421
5141687,Carter Smith,Wisconsin,Big Ten,Minnesota,5,8,20,2.5,1,0,59.7,14,0.625
5144959,Drake Lindsey,Minnesota,Big Ten,Wisconsin,18,24,90,3.8,1,0,59.4,14,0.75
4695400,Mark Gronowski,Iowa,Big Ten,Nebraska,9,16,166,10.4,1,0,93.2,14,0.5625
5141556,TJ Lateef,Nebraska,Big Ten,Iowa,9,24,69,2.9,0,0,42.1,14,0.375
5144078,Ethan Grunkemeyer,Penn State,Big Ten,Rutgers,17,21,209,10.0,1,0,82.4,14,0.8095238095238095
4432722,Athan Kaliakmanis,Rutgers,Big Ten,Penn State,16,22,338,15.4,3,0,74.3,14,0.7272727272727273
4870921,Dante Moore,Oregon,Big Ten,Washington,20,29,286,9.9,1,0,87.3,14,0.6896551724137931
5079653,Demond Williams Jr.,Washington,Big Ten,Oregon,15,30,129,4.3,2,2,59.9,14,0.5
4431416,Kiael Kelly,Ball State,Mid-American,Miami (OH),14,23,177,7.7,2,0,39.7,14,0.6086956521739131
5142146,Thomas Gotkowski,Miami (OH),Mid-American,Ball State,12,24,226,9.4,3,0,58.3,14,0.5
4427313,Ta'Quan Roberson,Buffalo,Mid-American,Ohio,16,27,270,10.0,2,1,47.1,14,0.5925925925925926
4610131,Parker Navarro,Ohio,Mid-American,Buffalo,10,23,147,6.4,2,1,78.1,14,0.43478260869565216
5079619,Kalieb Osborne,Toledo,Mid-American,Central Michigan,5,7,108,15.4,1,0,62.1,14,0.7142857142857143
4429801,Tucker Gleason,Toledo,Mid-American,Central Michigan,9,17,98,5.8,0,0,48.1,14,0.5294117647058824
4683291,Joey Labas,Central Michigan,Mid-American,Toledo,19,30,242,8.1,0,1,36.3,14,0.6333333333333333
5074245,Broc Lowry,Western Michigan,Mid-American,Eastern Michigan,7,14,100,7.1,0,0,-1.0,14,0.5
4690158,Noah Kim,Eastern Michigan,Mid-American,Western Michigan,24,41,327,8.0,2,3,-1.0,14,0.5853658536585366
4884086,Jalen Macon,Northern Illinois,Mid-American,Kent State,5,10,27,2.7,0,0,28.2,14,0.5
5119841,Dru Deshields,Kent State,Mid-American,Northern Illinois,11,22,207,9.4,2,1,43.4,14,0.5
4916436,E.J. Warner,Fresno State,Mountain West,San José State,15,20,138,6.9,1,1,46.2,14,0.75
4683867,Xavier Ward,San José State,Mountain West,Fresno State,8,21,94,4.5,0,3,14.8,14,0.38095238095238093
5296610,Tama Amisone,San José State,Mountain West,Fresno State,2,9,12,1.3,0,2,0.7,14,0.2222222222222222
5214402,Mason Drube,Wyoming,Mountain West,Hawai'i,17,32,179,5.6,0,1,22.0,14,0.53125
4899468,Kaden Anderson,Wyoming,Mountain West,Hawai'i,3,5,23,4.6,0,0,51.6,14,0.6
5101124,Micah Alejado,Hawai'i,Mountain West,Wyoming,17,24,289,12.0,2,1,71.6,14,0.7083333333333334
4685311,Jayden Denegal,San Diego State,Mountain West,New Mexico,14,24,162,6.8,1,1,38.9,14,0.5833333333333334
5083171,Jack Layne,New Mexico,Mountain West,San Diego State,14,25,127,5.1,1,0,36.4,14,0.56
5054036,Jackson Brousseau,Colorado State,Mountain West,Air Force,28,37,323,8.7,2,0,56.0,14,0.7567567567567568
5205097,Carter Jones,Nevada,Mountain West,UNLV,17,25,105,4.2,0,0,22.9,14,0.68
4819250,AJ Bianco,Nevada,Mountain West,UNLV,6,8,43,5.4,0,0,28.1,14,0.75
5044387,Anthony Colandrea,UNLV,Mountain West,Nevada,15,22,270,12.3,1,2,97.0,14,0.6818181818181818
4685522,Ty Simpson,Alabama,SEC,Auburn,19,35,122,3.5,3,0,76.3,14,0.5428571428571428
4838679,Ashton Daniels,Auburn,SEC,Alabama,18,39,259,6.6,1,1,72.4,14,0.46153846153846156
4685696,Beau Pribula,Missouri,SEC,Arkansas,4,7,25,3.6,0,0,42.9,14,0.5714285714285714
5079516,KJ Jackson,Arkansas,SEC,Missouri,11,17,126,7.4,1,0,87.7,14,0.6470588235294118
4431325,Taylen Green,Arkansas,SEC,Missouri,6,13,59,4.5,0,0,44.3,14,0.46153846153846156
4915980,John Mateer,Oklahoma,SEC,LSU,23,38,318,8.4,2,3,54.0,14,0.6052631578947368
5079620,Michael Van Buren Jr.,LSU,SEC,Oklahoma,14,25,96,3.8,1,1,31.1,14,0.56
5177084,Kamario Taylor,Mississippi State,SEC,Ole Miss,15,31,178,5.7,0,1,84.4,14,0.4838709677419355
4911529,Trinidad Chambliss,Ole Miss,SEC,Mississippi State,23,34,359,10.6,4,0,93.4,14,0.6764705882352942
5151948,Joey Aguilar,Tennessee,SEC,Vanderbilt,29,44,299,6.8,1,0,65.6,14,0.6590909090909091
5084180,Diego Pavia,Vanderbilt,SEC,Tennessee,18,28,268,9.6,1,2,92.8,14,0.6428571428571429
4870906,Arch Manning,Texas,SEC,Texas A&M,14,29,179,6.2,1,0,91.5,14,0.4827586206896552
4870971,Marcel Reed,Texas A&M,SEC,Texas,20,32,180,5.6,0,2,65.4,14,0.625
4695600,Bryson Barnes,Utah State,Mountain West,Boise State,13,31,184,5.9,0,0,33.0,14,0.41935483870967744
5160730,Max Cutforth,Boise State,Mountain West,Utah State,26,49,341,7.0,2,0,57.7,14,0.5306122448979592
5141367,Bear Bachmeier,BYU,Big 12,Texas Tech,16,27,115,4.3,0,2,30.5,15,0.5925925925925926
4431465,Behren Morton,Texas Tech,Big 12,BYU,20,33,215,6.5,2,0,73.4,15,0.6060606060606061
4683311,Sam Vidlak,Stephen F. Austin,Southland,Abilene Christian,26,35,357,10.2,3,0,,15,0.7428571428571429
4691272,Stone Earle,Abilene Christian,UAC,Stephen F. Austin,19,36,206,5.7,0,1,,15,0.5277777777777778
5155528,Jerry Kaminski,North Dakota,MVFC,Tarleton State,11,28,112,4.0,0,2,,15,0.39285714285714285
4697625,Victor Gabalis,Tarleton State,UAC,North Dakota,15,25,292,11.7,3,1,,15,0.6
5219834,Drew Mestemaker,North Texas,American Athletic,Tulane,21,34,294,8.6,2,3,59.1,15,0.6176470588235294
5150611,Jake Retzlaff,Tulane,American Athletic,North Texas,13,22,145,6.6,0,0,76.9,15,0.5909090909090909
4431633,Will Crowder,Troy,Sun Belt,James Madison,15,34,196,5.8,0,0,35.1,15,0.4411764705882353
4912119,Tucker Kilcrease,Troy,Sun Belt,James Madison,1,5,7,1.4,0,0,2.6,15,0.2
4911929,Alonza Barnett,James Madison,Sun Belt,Troy,10,25,93,3.7,1,1,25.2,15,0.4
4875733,Pat McQuaide,Villanova,CAA,Lehigh,18,28,208,7.4,1,0,,15,0.6428571428571429
5225902,Hayden Johnson,Lehigh,Patriot,Villanova,12,20,161,8.1,0,0,,15,0.6
5227681,Cameron Peters,Prairie View A&M,SWAC,Jackson State,17,28,294,10.5,1,1,,15,0.6071428571428571
5298925,Jared Lockhart,Jackson State,SWAC,Prairie View A&M,6,9,156,17.3,1,1,,15,0.6666666666666666
4612078,JaCobian Morgan,Jackson State,SWAC,Prairie View A&M,2,6,4,0.7,0,0,,15,0.3333333333333333
4684502,Justin Lamson,Montana State,Big Sky,Yale,10,16,92,5.8,0,0,,15,0.625
5079683,Dante Reno,Yale,Ivy,Montana State,20,35,198,5.7,1,2,,15,0.5714285714285714
5226019,Caden Pinnick,UC Davis,Big Sky,Rhode Island,17,29,277,9.6,5,1,,15,0.5862068965517241
4715345,Devin Farrell,Rhode Island,CAA,UC Davis,22,40,294,7.4,2,0,,15,0.55
5085784,Chase Mason,South Dakota State,MVFC,Montana,19,36,356,9.9,1,2,,15,0.5277777777777778
5153708,Keali'i Ah Yat,Montana,Big Sky,South Dakota State,29,37,360,9.7,4,0,,15,0.7837837837837838
4878284,Tommy Rittenhouse,Illinois State,MVFC,North Dakota State,35,52,249,4.8,3,5,,15,0.6730769230769231
4879250,Cole Payton,North Dakota State,MVFC,Illinois State,4,12,101,8.4,1,0,,15,0.3333333333333333
5087156,Nathan Hayes,North Dakota State,MVFC,Illinois State,2,7,19,2.7,0,0,,15,0.2857142857142857
5212654,Braden Atkinson,Mercer,Southern,South Dakota,18,39,148,3.8,0,4,,15,0.46153846153846156
4429179,Aidan Bouman,South Dakota,MVFC,Mercer,13,18,241,13.4,2,0,,15,0.7222222222222222
5153782,Amari Odom,Kennesaw State,Conference USA,Jacksonville State,26,32,246,7.7,1,0,70.1,15,0.8125
5122157,Caden Creel,Jacksonville State,Conference USA,Kennesaw State,12,21,96,4.6,0,1,53.4,15,0.5714285714285714
4692530,Chandler Morris,Virginia,ACC,Duke,21,40,216,5.4,2,2,28.6,15,0.525
5121169,Darian Mensah,Duke,ACC,Virginia,19,25,196,7.8,2,1,82.1,15,0.76
5079712,Julian Sayin,Ohio State,Big Ten,Indiana,21,29,258,8.9,1,1,60.7,15,0.7241379310344828
4837248,Fernando Mendoza,Indiana,Big Ten,Ohio State,15,23,222,9.7,1,1,90.2,15,0.6521739130434783
5074245,Broc Lowry,Western Michigan,Mid-American,Miami (OH),8,13,111,8.5,0,0,39.2,15,0.6153846153846154
4701307,Henry Hesson,Miami (OH),Mid-American,Western Michigan,7,20,107,5.4,1,0,10.6,15,0.35
5142146,Thomas Gotkowski,Miami (OH),Mid-American,Western Michigan,7,17,92,5.4,0,0,33.6,15,0.4117647058823529
4870513,Maddux Madsen,Boise State,Mountain West,UNLV,17,31,289,9.3,3,0,90.6,15,0.5483870967741935
5044387,Anthony Colandrea,UNLV,Mountain West,Boise State,18,38,225,5.9,1,0,76.8,15,0.47368421052631576
4685522,Ty Simpson,Alabama,SEC,Georgia,19,39,212,5.4,1,1,19.9,15,0.48717948717948717
4685578,Gunner Stockton,Georgia,SEC,Alabama,20,26,156,6.0,3,0,83.9,15,0.7692307692307693
