id,season,seasonType,week,startDate,homeTeamId,homeTeam,homeConference,homeClassification,homeScore,awayTeamId,awayTeam,awayConference,awayClassification,awayScore,provider,spread,formattedSpread,spreadOpen,overUnder,overUnderOpen,homeMoneyline,awayMoneyline
401777329,2025,regular,15,2025-12-06T17:00:00.000Z,2711,Western Michigan,Mid-American,fbs,23,193,Miami (OH),Mid-American,fbs,13,ESPN Bet,-2.5,Western Michigan -2.5,-2.5,43.5,43.5,-140.0,115.0
401777325,2025,regular,15,2025-12-06T00:00:00.000Z,55,Jacksonville State,Conference USA,fbs,15,338,Kennesaw State,Conference USA,fbs,19,ESPN Bet,-1.5,Jacksonville State -1.5,-1.5,58.5,58.5,-115.0,-105.0
401777327,2025,regular,15,2025-12-06T17:00:00.000Z,2641,Texas Tech,Big 12,fbs,34,252,BYU,Big 12,fbs,7,ESPN Bet,-13.5,Texas Tech -13.5,-11.5,50.5,50.5,-650.0,425.0
401777353,2025,regular,15,2025-12-07T01:00:00.000Z,194,Ohio State,Big Ten,fbs,10,84,Indiana,Big Ten,fbs,13,ESPN Bet,-5.5,Ohio State -5.5,-6.5,48.5,48.5,-210.0,175.0
401777326,2025,regular,15,2025-12-06T01:00:00.000Z,68,Boise State,Mountain West,fbs,38,2439,UNLV,Mountain West,fbs,21,ESPN Bet,-3.5,Boise State -3.5,-3.5,57.5,57.5,-165.0,140.0
401777328,2025,regular,15,2025-12-07T01:00:00.000Z,258,Virginia,ACC,fbs,20,150,Duke,ACC,fbs,27,ESPN Bet,,,,,,,
401756961,2025,regular,14,2025-11-29T02:00:00.000Z,9,Arizona State,Big 12,fbs,7,12,Arizona,Big 12,fbs,23,ESPN Bet,2.5,Arizona -2.5,1.5,47.5,50.5,105.0,-125.0
401777351,2025,regular,15,2025-12-06T21:00:00.000Z,333,Alabama,SEC,fbs,7,61,Georgia,SEC,fbs,28,ESPN Bet,2.5,Georgia -2.5,2.5,47.5,47.5,115.0,-135.0
401836055,2025,regular,14,2025-11-29T17:00:00.000Z,222,Villanova,CAA,fcs,52,108,Harvard,Ivy,fcs,7,ESPN Bet,2.0,Harvard -2,,53.5,,,
401833969,2025,regular,14,2025-11-29T18:00:00.000Z,2000,Abilene Christian,UAC,fcs,38,2320,Lamar,Southland,fcs,20,ESPN Bet,-12.5,Abilene Christian -12.5,,45.5,,,
401836115,2025,regular,14,2025-11-29T18:00:00.000Z,2635,Tennessee Tech,Big South-OVC,fcs,6,155,North Dakota,MVFC,fcs,31,ESPN Bet,2.0,North Dakota -2,,48.5,,,
401836195,2025,regular,14,2025-11-29T18:00:00.000Z,233,South Dakota,MVFC,fcs,38,2181,Drake,Pioneer,fcs,17,ESPN Bet,-21.0,South Dakota -21,,46.5,,,
401833975,2025,regular,14,2025-11-29T17:00:00.000Z,2754,Youngstown State,MVFC,fcs,42,43,Yale,Ivy,fcs,43,ESPN Bet,-4.5,Youngstown State -4.5,,61.5,,,
401767420,2025,regular,14,2025-11-29T19:00:00.000Z,2582,Southern,SWAC,fcs,28,2755,Grambling,SWAC,fcs,27,ESPN Bet,-13.5,Southern -13.5,,48.5,,,
401762521,2025,regular,16,2025-12-13T20:00:00.000Z,2426,Navy,American Athletic,fbs,17,349,Army,American Athletic,fbs,16,ESPN Bet,-3.5,Navy -3.5,-3.5,39.5,39.5,-145.0,125.0
401762517,2025,regular,14,2025-11-29T20:00:00.000Z,202,Tulsa,American Athletic,fbs,24,5,UAB,American Athletic,fbs,31,ESPN Bet,-9.5,Tulsa -9.5,-7.5,56.5,60.5,-320.0,260.0
401777324,2025,regular,15,2025-12-06T01:00:00.000Z,2655,Tulane,American Athletic,fbs,34,249,North Texas,American Athletic,fbs,21,ESPN Bet,2.5,North Texas -2.5,2.5,67.5,66.5,110.0,-130.0
401756966,2025,regular,14,2025-11-29T17:00:00.000Z,197,Oklahoma State,Big 12,fbs,13,66,Iowa State,Big 12,fbs,20,ESPN Bet,13.5,Iowa State -13.5,14.5,47.5,49.5,450.0,-700.0
401752924,2025,regular,14,2025-11-29T00:30:00.000Z,2509,Purdue,Big Ten,fbs,3,84,Indiana,Big Ten,fbs,56,ESPN Bet,28.5,Indiana -28.5,28.5,54.5,52.5,2000.0,-7500.0
401836102,2025,regular,14,2025-11-29T17:00:00.000Z,227,Rhode Island,CAA,fcs,27,2115,Central Connecticut,NEC,fcs,19,ESPN Bet,-19.5,Rhode Island -19.5,,52.5,,,
401761664,2025,regular,14,2025-11-29T19:00:00.000Z,295,Old Dominion,Sun Belt,fbs,27,2247,Georgia State,Sun Belt,fbs,10,ESPN Bet,-28.5,Old Dominion -28.5,-26.5,58.5,58.5,-6000.0,1800.0
401767428,2025,regular,14,2025-11-29T20:00:00.000Z,2400,Mississippi Valley State,SWAC,fcs,35,50,Florida A&M,SWAC,fcs,31,ESPN Bet,13.5,Florida A&M -13.5,,51.5,,,
401777352,2025,regular,15,2025-12-06T00:00:00.000Z,256,James Madison,Sun Belt,fbs,31,2653,Troy,Sun Belt,fbs,14,ESPN Bet,-22.5,James Madison -22.5,-21.5,47.5,47.5,-4000.0,1300.0
401752717,2025,regular,5,2025-09-27T16:00:00.000Z,8,Arkansas,SEC,fbs,13,87,Notre Dame,FBS Independents,fbs,56,ESPN Bet,5.5,Notre Dame -5.5,6.5,62.5,58.5,170.0,-200.0
401752846,2025,regular,4,2025-09-20T19:30:00.000Z,158,Nebraska,Big Ten,fbs,27,130,Michigan,Big Ten,fbs,30,ESPN Bet,1.5,Michigan -1.5,3.0,48.5,44.5,-105.0,-115.0
401752842,2025,regular,4,2025-09-20T23:30:00.000Z,265,Washington State,Pac-12,fbs,24,264,Washington,Big Ten,fbs,59,ESPN Bet,20.5,Washington -20.5,20.5,52.5,53.5,900.0,-1800.0
401752852,2025,regular,5,2025-09-27T19:30:00.000Z,264,Washington,Big Ten,fbs,6,194,Ohio State,Big Ten,fbs,24,ESPN Bet,9.5,Ohio State -9.5,11.5,52.5,48.5,290.0,-380.0
401752719,2025,regular,5,2025-09-27T19:30:00.000Z,145,Ole Miss,SEC,fbs,24,99,LSU,SEC,fbs,19,ESPN Bet,-3.5,Ole Miss -3.5,2.0,58.5,56.5,-140.0,120.0
401756847,2025,regular,1,2025-08-23T22:30:00.000Z,2305,Kansas,Big 12,fbs,31,278,Fresno State,Mountain West,fbs,7,ESPN Bet,-14.5,Kansas -14.5,-13.5,50.5,51.5,-650.0,425.0
401757218,2025,regular,1,2025-08-23T23:00:00.000Z,98,Western Kentucky,Conference USA,fbs,41,2534,Sam Houston,Conference USA,fbs,24,ESPN Bet,-10.5,Western Kentucky -10.5,-9.5,60.5,61.5,-400.0,300.0
401754516,2025,regular,1,2025-08-23T23:30:00.000Z,62,Hawai'i,Mountain West,fbs,23,24,Stanford,ACC,fbs,20,ESPN Bet,-1.5,Hawai'i -1.5,-1.5,50.5,53.5,-120.0,110.0
401762522,2025,regular,1,2025-08-28T21:30:00.000Z,58,South Florida,American Athletic,fbs,34,68,Boise State,Mountain West,fbs,7,ESPN Bet,5.5,Boise State -5.5,8.5,60.5,63.5,175.0,-210.0
401752794,2025,regular,1,2025-08-28T22:00:00.000Z,164,Rutgers,Big Ten,fbs,34,195,Ohio,Mid-American,fbs,31,ESPN Bet,-15.5,Rutgers -15.5,-11.5,53.5,46.5,-750.0,475.0
401756848,2025,regular,1,2025-08-28T23:00:00.000Z,2116,UCF,Big 12,fbs,17,55,Jacksonville State,Conference USA,fbs,10,ESPN Bet,-20.5,UCF -20.5,-16.5,52.5,53.5,-1800.0,900.0
401754373,2025,regular,1,2025-08-28T23:00:00.000Z,152,NC State,ACC,fbs,24,151,East Carolina,American Athletic,fbs,17,ESPN Bet,-13.5,NC State -13.5,-12.5,61.5,58.5,-650.0,425.0
401762789,2025,regular,1,2025-08-28T23:00:00.000Z,2006,Akron,Mid-American,fbs,0,2751,Wyoming,Mountain West,fbs,10,ESPN Bet,4.5,Wyoming -4.5,7.5,47.5,49.5,170.0,-200.0
401752793,2025,regular,1,2025-08-29T00:00:00.000Z,135,Minnesota,Big Ten,fbs,23,2084,Buffalo,Mid-American,fbs,10,ESPN Bet,-16.5,Minnesota -16.5,-17.0,41.5,45.5,-900.0,550.0
401762791,2025,regular,1,2025-08-29T01:00:00.000Z,275,Wisconsin,Big Ten,fbs,17,193,Miami (OH),Mid-American,fbs,0,ESPN Bet,-18.5,Wisconsin -18.5,-17.5,41.5,40.5,-1400.0,750.0
401752796,2025,regular,1,2025-08-29T01:00:00.000Z,2132,Cincinnati,Big 12,fbs,17,158,Nebraska,Big Ten,fbs,20,ESPN Bet,5.5,Nebraska -5.5,7.0,50.5,52.5,195.0,-230.0
401752802,2025,regular,1,2025-08-29T23:00:00.000Z,127,Michigan State,Big Ten,fbs,23,2711,Western Michigan,Mid-American,fbs,6,ESPN Bet,-22.5,Michigan State -22.5,-18.5,50.5,49.5,-2000.0,1000.0
401754374,2025,regular,1,2025-08-29T23:00:00.000Z,154,Wake Forest,ACC,fbs,10,338,Kennesaw State,Conference USA,fbs,9,ESPN Bet,-18.5,Wake Forest -18.5,-18.0,51.5,51.5,-1200.0,700.0
401761589,2025,regular,1,2025-08-29T23:00:00.000Z,2429,Charlotte,American Athletic,fbs,11,2026,App State,Sun Belt,fbs,34,ESPN Bet,19.5,App State -19.5,8.0,,53.5,135.0,-155.0
401754375,2025,regular,1,2025-08-30T00:00:00.000Z,38,Colorado,Big 12,fbs,20,59,Georgia Tech,ACC,fbs,27,ESPN Bet,3.5,Georgia Tech -3.5,4.0,50.5,55.5,145.0,-170.0
401752667,2025,regular,1,2025-08-30T00:00:00.000Z,239,Baylor,Big 12,fbs,24,2,Auburn,SEC,fbs,38,ESPN Bet,-1.5,Baylor -1.5,1.0,56.5,57.5,-105.0,-115.0
401757224,2025,regular,1,2025-08-30T01:30:00.000Z,2534,Sam Houston,Conference USA,fbs,21,2439,UNLV,Mountain West,fbs,38,ESPN Bet,8.5,UNLV -8.5,13.0,60.5,58.5,250.0,-300.0
401760358,2025,regular,1,2025-08-30T02:30:00.000Z,23,San José State,Mountain West,fbs,14,2117,Central Michigan,Mid-American,fbs,16,ESPN Bet,-14.5,San José State -14.5,-11.5,51.5,50.5,-650.0,425.0
401752801,2025,regular,1,2025-08-30T16:00:00.000Z,2509,Purdue,Big Ten,fbs,31,2050,Ball State,Mid-American,fbs,0,ESPN Bet,-16.5,Purdue -16.5,-17.0,48.5,50.5,-800.0,500.0
401752797,2025,regular,1,2025-08-30T16:00:00.000Z,120,Maryland,Big Ten,fbs,39,2226,Florida Atlantic,American Athletic,fbs,7,ESPN Bet,-13.5,Maryland -13.5,-16.5,59.5,57.5,-450.0,340.0
401752673,2025,regular,1,2025-08-30T16:00:00.000Z,2572,Southern Miss,Sun Belt,fbs,17,344,Mississippi State,SEC,fbs,34,ESPN Bet,15.5,Mississippi State -15.5,12.5,59.5,59.5,450.0,-700.0
401752803,2025,regular,1,2025-08-30T16:00:00.000Z,2655,Tulane,American Athletic,fbs,23,77,Northwestern,Big Ten,fbs,3,ESPN Bet,-6.5,Tulane -6.5,-6.5,45.5,46.5,-200.0,170.0
401752670,2025,regular,1,2025-08-30T16:45:00.000Z,96,Kentucky,SEC,fbs,24,2649,Toledo,Mid-American,fbs,16,ESPN Bet,-9.5,Kentucky -9.5,-9.5,48.5,48.5,-360.0,280.0
401752806,2025,regular,1,2025-08-30T18:30:00.000Z,84,Indiana,Big Ten,fbs,27,295,Old Dominion,Sun Belt,fbs,14,ESPN Bet,-23.5,Indiana -23.5,-23.5,53.5,54.5,-3000.0,1200.0
401752665,2025,regular,1,2025-08-30T19:30:00.000Z,52,Florida State,ACC,fbs,31,333,Alabama,SEC,fbs,17,ESPN Bet,13.5,Alabama -13.5,13.5,46.5,50.5,450.0,-700.0
401752669,2025,regular,1,2025-08-30T19:30:00.000Z,61,Georgia,SEC,fbs,45,276,Marshall,Sun Belt,fbs,7,ESPN Bet,-38.5,Georgia -38.5,-39.5,51.5,55.5,,
401752807,2025,regular,1,2025-08-30T19:30:00.000Z,213,Penn State,Big Ten,fbs,46,2440,Nevada,Mountain West,fbs,11,ESPN Bet,-43.5,Penn State -43.5,-45.5,54.5,58.5,,
401762456,2025,regular,1,2025-08-30T19:30:00.000Z,113,Massachusetts,Mid-American,fbs,10,218,Temple,American Athletic,fbs,42,ESPN Bet,2.5,Temple -2.5,3.0,48.5,51.5,110.0,-130.0
401754616,2025,regular,1,2025-08-30T22:00:00.000Z,258,Virginia,ACC,fbs,48,324,Coastal Carolina,Sun Belt,fbs,7,ESPN Bet,-13.5,Virginia -13.5,-12.5,54.5,57.5,-550.0,380.0
401752678,2025,regular,1,2025-08-30T23:00:00.000Z,245,Texas A&M,SEC,fbs,42,2636,UTSA,American Athletic,fbs,24,ESPN Bet,-23.5,Texas A&M -23.5,-21.5,59.5,,-2500.0,1100.0
401752671,2025,regular,1,2025-08-30T23:30:00.000Z,228,Clemson,ACC,fbs,10,99,LSU,SEC,fbs,17,ESPN Bet,-5.5,Clemson -5.5,-3.5,55.5,57.5,-200.0,170.0
401752808,2025,regular,1,2025-08-30T23:30:00.000Z,130,Michigan,Big Ten,fbs,34,167,New Mexico,Mountain West,fbs,17,ESPN Bet,-34.5,Michigan -34.5,-36.0,49.5,52.5,-50000.0,3500.0
401752798,2025,regular,1,2025-08-30T23:30:00.000Z,30,USC,Big Ten,fbs,73,2623,Missouri State,Conference USA,fbs,13,ESPN Bet,-36.5,USC -36.5,-35.5,60.5,58.5,,
401757225,2025,regular,1,2025-08-30T23:30:00.000Z,328,Utah State,Mountain West,fbs,28,2638,UTEP,Conference USA,fbs,16,ESPN Bet,-4.5,Utah State -4.5,-3.5,58.5,58.5,-200.0,170.0
401752672,2025,regular,1,2025-08-30T23:45:00.000Z,145,Ole Miss,SEC,fbs,63,2247,Georgia State,Sun Belt,fbs,7,ESPN Bet,-33.5,Ole Miss -33.5,-38.5,61.5,62.5,-50000.0,3500.0
401761592,2025,regular,1,2025-08-31T00:00:00.000Z,309,Louisiana,Sun Belt,fbs,12,242,Rice,American Athletic,fbs,14,ESPN Bet,-9.5,Louisiana -9.5,-14.0,48.5,49.5,-400.0,300.0
401761594,2025,regular,1,2025-08-31T00:00:00.000Z,326,Texas State,Sun Belt,fbs,52,2199,Eastern Michigan,Mid-American,fbs,27,ESPN Bet,-13.5,Texas State -13.5,-14.0,56.5,58.5,-600.0,400.0
401760361,2025,regular,1,2025-08-31T01:30:00.000Z,278,Fresno State,Mountain West,fbs,42,290,Georgia Southern,Sun Belt,fbs,14,ESPN Bet,1.5,Georgia Southern -1.5,-2.0,51.5,53.5,105.0,-125.0
401756849,2025,regular,1,2025-08-31T02:30:00.000Z,12,Arizona,Big 12,fbs,40,62,Hawai'i,Mountain West,fbs,6,ESPN Bet,-15.5,Arizona -15.5,-13.5,55.5,56.5,-700.0,450.0
401752936,2025,regular,1,2025-08-31T02:30:00.000Z,204,Oregon State,Pac-12,fbs,15,25,California,ACC,fbs,34,ESPN Bet,2.5,California -2.5,-2.5,48.5,51.5,120.0,-140.0
401752805,2025,regular,1,2025-08-31T03:00:00.000Z,264,Washington,Big Ten,fbs,38,36,Colorado State,Mountain West,fbs,21,ESPN Bet,-22.5,Washington -22.5,-19.5,51.5,52.5,-2500.0,1100.0
401752800,2025,regular,1,2025-08-31T03:00:00.000Z,26,UCLA,Big Ten,fbs,10,254,Utah,Big 12,fbs,43,ESPN Bet,6.5,Utah -6.5,6.5,48.5,50.5,210.0,-250.0
401754522,2025,regular,1,2025-08-31T23:30:00.000Z,2390,Miami,ACC,fbs,27,87,Notre Dame,FBS Independents,fbs,24,ESPN Bet,2.5,Notre Dame -2.5,2.5,50.5,52.5,120.0,-140.0
401754523,2025,regular,1,2025-09-02T00:00:00.000Z,153,North Carolina,ACC,fbs,14,2628,TCU,Big 12,fbs,48,ESPN Bet,3.5,TCU -3.5,3.0,54.5,59.5,150.0,-175.0
401752822,2025,regular,2,2025-09-06T16:00:00.000Z,66,Iowa State,Big 12,fbs,16,2294,Iowa,Big Ten,fbs,13,ESPN Bet,-3.5,Iowa State -3.5,-2.5,43.5,44.5,-155.0,135.0
401752689,2025,regular,2,2025-09-06T19:30:00.000Z,142,Missouri,SEC,fbs,42,2305,Kansas,Big 12,fbs,31,ESPN Bet,-6.5,Missouri -6.5,-6.5,49.5,51.5,-200.0,170.0
401752690,2025,regular,2,2025-09-06T23:30:00.000Z,201,Oklahoma,SEC,fbs,24,130,Michigan,Big Ten,fbs,13,ESPN Bet,-3.5,Oklahoma -3.5,-2.5,44.5,46.5,-175.0,150.0
401836116,2025,regular,14,2025-11-29T18:00:00.000Z,2571,South Dakota State,MVFC,fcs,41,160,New Hampshire,CAA,fcs,3,ESPN Bet,-11.0,South Dakota State -11,,43.5,,,
401752680,2025,regular,1,2025-08-31T19:00:00.000Z,2579,South Carolina,SEC,fbs,24,259,Virginia Tech,ACC,fbs,11,ESPN Bet,-7.5,South Carolina -7.5,-8.0,51.5,47.5,-260.0,215.0
401752676,2025,regular,1,2025-08-30T16:00:00.000Z,2633,Tennessee,SEC,fbs,45,183,Syracuse,ACC,fbs,26,ESPN Bet,-13.5,Tennessee -13.5,-14.0,51.5,53.5,-600.0,400.0
401752841,2025,regular,4,2025-09-20T19:00:00.000Z,2483,Oregon,Big Ten,fbs,41,204,Oregon State,Pac-12,fbs,7,ESPN Bet,-34.5,Oregon -34.5,-34.5,58.5,56.5,,
401752727,2025,regular,6,2025-10-04T19:30:00.000Z,57,Florida,SEC,fbs,29,251,Texas,SEC,fbs,21,ESPN Bet,4.5,Texas -4.5,6.5,42.5,53.5,175.0,-210.0
401756901,2025,regular,4,2025-09-20T16:00:00.000Z,254,Utah,Big 12,fbs,10,2641,Texas Tech,Big 12,fbs,34,ESPN Bet,-3.5,Utah -3.5,-4.5,58.5,55.5,-175.0,150.0
401752843,2025,regular,4,2025-09-20T23:30:00.000Z,84,Indiana,Big Ten,fbs,63,356,Illinois,Big Ten,fbs,10,ESPN Bet,-7.5,Indiana -7.5,-4.5,50.5,52.5,-270.0,220.0
401756922,2025,regular,7,2025-10-12T02:15:00.000Z,254,Utah,Big 12,fbs,42,9,Arizona State,Big 12,fbs,10,ESPN Bet,-8.5,Utah -8.5,-4.5,42.5,48.5,-320.0,260.0
401754553,2025,regular,6,2025-10-04T23:30:00.000Z,52,Florida State,ACC,fbs,22,2390,Miami,ACC,fbs,28,ESPN Bet,2.5,Miami -2.5,6.5,54.5,53.5,150.0,-175.0
401752871,2025,regular,8,2025-10-18T23:30:00.000Z,87,Notre Dame,FBS Independents,fbs,34,30,USC,Big Ten,fbs,24,ESPN Bet,-10.5,Notre Dame -10.5,-10.0,60.5,53.5,-400.0,300.0
401754564,2025,regular,8,2025-10-17T23:00:00.000Z,2390,Miami,ACC,fbs,21,97,Louisville,ACC,fbs,24,ESPN Bet,-10.5,Miami -10.5,-13.5,49.5,54.5,-425.0,320.0
401752718,2025,regular,5,2025-09-27T23:30:00.000Z,61,Georgia,SEC,fbs,21,333,Alabama,SEC,fbs,24,ESPN Bet,-2.5,Georgia -2.5,-4.0,52.5,52.5,-130.0,110.0
401752736,2025,regular,7,2025-10-11T19:30:00.000Z,251,Texas,SEC,fbs,23,201,Oklahoma,SEC,fbs,6,ESPN Bet,-2.5,Texas -2.5,-9.5,43.5,56.5,-140.0,120.0
401754591,2025,regular,12,2025-11-15T00:30:00.000Z,97,Louisville,ACC,fbs,19,228,Clemson,ACC,fbs,20,ESPN Bet,-2.5,Louisville -2.5,5.5,50.5,60.5,-125.0,105.0
401752751,2025,regular,9,2025-10-25T19:30:00.000Z,2579,South Carolina,SEC,fbs,22,333,Alabama,SEC,fbs,29,ESPN Bet,12.5,Alabama -12.5,13.5,47.5,46.5,360.0,-500.0
401757165,2025,regular,6,2025-10-04T19:30:00.000Z,87,Notre Dame,FBS Independents,fbs,28,68,Boise State,Mountain West,fbs,7,ESPN Bet,-21.5,Notre Dame -21.5,-16.5,63.5,53.5,-1600.0,800.0
401754552,2025,regular,6,2025-10-04T16:00:00.000Z,153,North Carolina,ACC,fbs,10,228,Clemson,ACC,fbs,38,ESPN Bet,15.5,Clemson -15.5,13.5,47.5,48.5,500.0,-800.0
401752766,2025,regular,12,2025-11-16T00:30:00.000Z,61,Georgia,SEC,fbs,35,251,Texas,SEC,fbs,10,ESPN Bet,-3.5,Georgia -3.5,-2.0,50.5,51.5,-190.0,160.0
401752870,2025,regular,7,2025-10-11T19:30:00.000Z,2483,Oregon,Big Ten,fbs,20,84,Indiana,Big Ten,fbs,30,ESPN Bet,-7.5,Oregon -7.5,-14.0,51.5,55.5,-270.0,220.0
401752742,2025,regular,8,2025-10-18T19:30:00.000Z,61,Georgia,SEC,fbs,43,145,Ole Miss,SEC,fbs,35,ESPN Bet,-7.5,Georgia -7.5,-10.5,56.5,53.5,-280.0,230.0
401756932,2025,regular,9,2025-10-25T16:00:00.000Z,2305,Kansas,Big 12,fbs,17,2306,Kansas State,Big 12,fbs,42,ESPN Bet,-3.5,Kansas -3.5,3.5,55.5,53.5,-170.0,145.0
401756923,2025,regular,8,2025-10-18T20:00:00.000Z,9,Arizona State,Big 12,fbs,26,2641,Texas Tech,Big 12,fbs,22,ESPN Bet,8.5,Texas Tech -8.5,10.5,52.5,49.5,240.0,-290.0
401752755,2025,regular,10,2025-11-01T19:30:00.000Z,57,Florida,SEC,fbs,20,61,Georgia,SEC,fbs,24,ESPN Bet,6.5,Georgia -6.5,8.0,50.5,51.5,230.0,-280.0
401752881,2025,regular,9,2025-10-25T23:30:00.000Z,127,Michigan State,Big Ten,fbs,20,130,Michigan,Big Ten,fbs,31,ESPN Bet,13.5,Michigan -13.5,8.0,47.5,46.5,450.0,-700.0
401752889,2025,regular,10,2025-11-01T16:00:00.000Z,194,Ohio State,Big Ten,fbs,38,213,Penn State,Big Ten,fbs,14,ESPN Bet,-17.5,Ohio State -17.5,-4.0,45.5,50.5,-1600.0,800.0
401752748,2025,regular,9,2025-10-25T23:30:00.000Z,99,LSU,SEC,fbs,25,245,Texas A&M,SEC,fbs,49,ESPN Bet,1.5,Texas A&M -1.5,-5.5,49.5,53.5,105.0,-125.0
401754586,2025,regular,11,2025-11-09T00:00:00.000Z,228,Clemson,ACC,fbs,24,52,Florida State,ACC,fbs,10,ESPN Bet,-1.5,Clemson -1.5,-16.5,57.5,55.5,-120.0,-105.0
401754581,2025,regular,10,2025-11-01T16:00:00.000Z,2567,SMU,ACC,fbs,26,2390,Miami,ACC,fbs,20,ESPN Bet,6.5,Miami -6.5,10.5,46.5,50.5,280.0,-360.0
401752765,2025,regular,12,2025-11-15T20:30:00.000Z,333,Alabama,SEC,fbs,21,201,Oklahoma,SEC,fbs,23,ESPN Bet,-6.5,Alabama -6.5,-12.5,46.5,56.5,-250.0,215.0
401752792,2025,regular,14,2025-11-29T00:30:00.000Z,251,Texas,SEC,fbs,27,245,Texas A&M,SEC,fbs,17,ESPN Bet,2.5,Texas A&M -2.5,-10.0,54.5,51.5,122.0,-140.0
401761665,2025,regular,14,2025-11-29T20:00:00.000Z,309,Louisiana,Sun Belt,fbs,30,2433,UL Monroe,Sun Belt,fbs,27,ESPN Bet,-10.5,Louisiana -10.5,-13.5,47.5,48.5,-500.0,360.0
401836095,2025,regular,14,2025-11-29T18:00:00.000Z,2545,SE Louisiana,Southland,fcs,3,2287,Illinois State,MVFC,fcs,21,ESPN Bet,-2.5,SE Louisiana -2.5,,54.5,,,
401756956,2025,regular,13,2025-11-23T01:00:00.000Z,38,Colorado,Big 12,fbs,17,9,Arizona State,Big 12,fbs,42,ESPN Bet,6.5,Arizona State -6.5,8.5,47.5,48.5,200.0,-240.0
401752911,2025,regular,13,2025-11-22T20:30:00.000Z,2483,Oregon,Big Ten,fbs,42,30,USC,Big Ten,fbs,27,ESPN Bet,-12.5,Oregon -12.5,-12.0,60.5,55.5,-425.0,320.0
401752775,2025,regular,13,2025-11-23T00:30:00.000Z,57,Florida,SEC,fbs,11,2633,Tennessee,SEC,fbs,31,ESPN Bet,3.5,Tennessee -3.5,3.5,57.5,57.5,145.0,-170.0
401752823,2025,regular,2,2025-09-07T00:00:00.000Z,2439,UNLV,Mountain West,fbs,30,26,UCLA,Big Ten,fbs,23,ESPN Bet,2.5,UCLA -2.5,2.5,54.5,55.5,115.0,-135.0
401760371,2025,regular,1,2025-08-23T20:00:00.000Z,2439,UNLV,Mountain West,fbs,38,304,Idaho State,Big Sky,fcs,31,ESPN Bet,-30.5,UNLV -30.5,-24.5,67.5,64.5,-10000.0,2500.0
401752688,2025,regular,2,2025-09-06T23:30:00.000Z,344,Mississippi State,SEC,fbs,24,9,Arizona State,Big 12,fbs,20,ESPN Bet,5.5,Arizona State -5.5,6.5,58.5,59.5,170.0,-200.0
401752948,2025,regular,2,2025-09-07T02:15:00.000Z,265,Washington State,Pac-12,fbs,36,21,San Diego State,Mountain West,fbs,13,ESPN Bet,-2.5,Washington State -2.5,-1.5,46.5,45.5,-125.0,105.0
401754528,2025,regular,2,2025-09-05T23:00:00.000Z,97,Louisville,ACC,fbs,28,256,James Madison,Sun Belt,fbs,14,ESPN Bet,-15.5,Louisville -15.5,-14.5,56.5,57.5,-750.0,475.0
401767476,2025,regular,1,2025-08-23T17:00:00.000Z,2447,Nicholls,Southland,fcs,20,2916,Incarnate Word,Southland,fcs,6,ESPN Bet,13.5,Incarnate Word -13.5,,50.5,,,
401752826,2025,regular,2,2025-09-05T23:30:00.000Z,120,Maryland,Big Ten,fbs,20,2459,Northern Illinois,Mid-American,fbs,9,ESPN Bet,-16.5,Maryland -16.5,-16.5,44.5,48.5,-900.0,550.0
401762518,2025,regular,14,2025-11-30T00:30:00.000Z,2655,Tulane,American Athletic,fbs,27,2429,Charlotte,American Athletic,fbs,0,ESPN Bet,-31.5,Tulane -31.5,-29.5,52.5,52.5,-100000.0,4000.0
401762790,2025,regular,1,2025-08-28T22:00:00.000Z,189,Bowling Green,Mid-American,fbs,26,322,Lafayette,Patriot,fcs,7,ESPN Bet,-21.5,Bowling Green -21.5,-21.5,53.5,52.5,-1600.0,800.0
401752709,2025,regular,4,2025-09-20T23:30:00.000Z,2390,Miami,ACC,fbs,26,57,Florida,SEC,fbs,7,ESPN Bet,-8.5,Miami -8.5,-3.0,51.5,55.5,-320.0,260.0
401752873,2025,regular,8,2025-10-18T16:00:00.000Z,130,Michigan,Big Ten,fbs,24,264,Washington,Big Ten,fbs,7,ESPN Bet,-4.5,Michigan -4.5,-10.5,50.5,47.5,-175.0,150.0
401752804,2025,regular,1,2025-08-30T20:00:00.000Z,2483,Oregon,Big Ten,fbs,59,147,Montana State,Big Sky,fcs,13,ESPN Bet,-28.5,Oregon -28.5,-27.5,55.5,56.5,-10000.0,2500.0
401754618,2025,regular,2,2025-09-06T16:00:00.000Z,183,Syracuse,ACC,fbs,27,41,UConn,FBS Independents,fbs,20,ESPN Bet,-7.5,Syracuse -7.5,-7.5,57.5,59.5,-275.0,225.0
401754525,2025,regular,2,2025-09-06T16:00:00.000Z,2567,SMU,ACC,fbs,45,239,Baylor,Big 12,fbs,48,ESPN Bet,-2.5,SMU -2.5,-4.5,65.5,60.5,-150.0,130.0
401752825,2025,regular,2,2025-09-06T16:00:00.000Z,150,Duke,ACC,fbs,19,356,Illinois,Big Ten,fbs,45,ESPN Bet,2.5,Illinois -2.5,2.5,49.5,49.5,115.0,-135.0
401752811,2025,regular,2,2025-09-06T16:00:00.000Z,213,Penn State,Big Ten,fbs,34,2229,Florida International,Conference USA,fbs,0,ESPN Bet,-41.5,Penn State -41.5,-41.5,53.5,54.5,,
401752699,2025,regular,3,2025-09-13T23:30:00.000Z,99,LSU,SEC,fbs,20,57,Florida,SEC,fbs,10,ESPN Bet,-5.5,LSU -5.5,-5.5,47.5,54.5,-210.0,175.0
401752684,2025,regular,2,2025-09-06T20:15:00.000Z,57,Florida,SEC,fbs,16,58,South Florida,American Athletic,fbs,18,ESPN Bet,-18.5,Florida -18.5,-16.5,58.5,54.5,-1000.0,600.0
401767256,2025,regular,1,2025-08-29T23:00:00.000Z,2142,Colgate,Patriot,fcs,39,2405,Monmouth,CAA,fcs,42,ESPN Bet,14.5,Monmouth -14.5,,65.5,,,
401762432,2025,regular,1,2025-08-29T22:00:00.000Z,349,Army,American Athletic,fbs,27,2627,Tarleton State,UAC,fcs,30,ESPN Bet,-14.5,Army -14.5,-13.5,47.5,48.5,-600.0,400.0
401757167,2025,regular,1,2025-08-30T18:00:00.000Z,41,UConn,FBS Independents,fbs,59,2115,Central Connecticut,NEC,fcs,13,ESPN Bet,-29.5,UConn -29.5,-25.5,51.5,51.5,-7500.0,2000.0
401756846,2025,regular,1,2025-08-23T16:00:00.000Z,2306,Kansas State,Big 12,fbs,21,66,Iowa State,Big 12,fbs,24,ESPN Bet,-2.5,Kansas State -2.5,-3.0,51.5,49.5,-145.0,125.0
401757219,2025,regular,1,2025-08-28T23:00:00.000Z,48,Delaware,Conference USA,fbs,35,2169,Delaware State,MEAC,fcs,17,ESPN Bet,-30.5,Delaware -30.5,-30.0,55.5,55.5,-10000.0,2500.0
401762434,2025,regular,1,2025-08-30T16:00:00.000Z,2426,Navy,American Athletic,fbs,52,2678,VMI,Southern,fcs,7,ESPN Bet,-42.5,Navy -42.5,-40.5,54.5,50.5,,
401752816,2025,regular,2,2025-09-06T23:30:00.000Z,127,Michigan State,Big Ten,fbs,42,103,Boston College,ACC,fbs,40,ESPN Bet,-3.5,Michigan State -3.5,-3.5,45.5,46.5,-165.0,140.0
401756876,2025,regular,1,2025-08-28T23:30:00.000Z,197,Oklahoma State,Big 12,fbs,27,2630,UT Martin,Big South-OVC,fcs,7,ESPN Bet,,,-22.5,56.5,55.5,-4000.0,1300.0
401752677,2025,regular,1,2025-08-30T16:00:00.000Z,194,Ohio State,Big Ten,fbs,14,251,Texas,SEC,fbs,7,ESPN Bet,-1.5,Ohio State -1.5,-2.5,46.5,48.5,-125.0,105.0
401767140,2025,regular,1,2025-08-29T22:00:00.000Z,227,Rhode Island,CAA,fcs,31,2097,Campbell,CAA,fcs,20,ESPN Bet,-11.5,Rhode Island -11.5,,56.5,,,
401779329,2025,regular,1,2025-08-29T23:00:00.000Z,2368,Marist,Pioneer,fcs,31,2441,New Haven,NEC,fcs,14,ESPN Bet,3.5,New Haven -3.5,,48.5,,,
401752668,2025,regular,1,2025-08-30T23:00:00.000Z,57,Florida,SEC,fbs,55,2341,Long Island University,NEC,fcs,0,ESPN Bet,-46.5,Florida -46.5,-45.5,56.5,56.5,,
401752666,2025,regular,1,2025-08-30T20:15:00.000Z,8,Arkansas,SEC,fbs,52,2010,Alabama A&M,SWAC,fcs,7,ESPN Bet,-45.5,Arkansas -45.5,-46.5,62.5,62.5,,
401761603,2025,regular,2,2025-09-06T19:30:00.000Z,2636,UTSA,American Athletic,fbs,36,326,Texas State,Sun Belt,fbs,43,ESPN Bet,-4.5,UTSA -4.5,-4.5,64.5,66.5,-190.0,160.0
401754517,2025,regular,1,2025-08-28T23:30:00.000Z,150,Duke,ACC,fbs,45,2210,Elon,CAA,fcs,17,ESPN Bet,,,-33.5,50.5,47.5,,
401752686,2025,regular,2,2025-09-06T19:30:00.000Z,96,Kentucky,SEC,fbs,23,145,Ole Miss,SEC,fbs,30,ESPN Bet,7.5,Ole Miss -7.5,9.5,51.5,52.5,270.0,-340.0
401756885,2025,regular,2,2025-09-06T16:00:00.000Z,2641,Texas Tech,Big 12,fbs,62,2309,Kent State,Mid-American,fbs,14,ESPN Bet,-47.5,Texas Tech -47.5,-48.5,59.5,60.5,,
401767126,2025,regular,1,2025-08-23T20:30:00.000Z,2502,Portland State,Big Sky,fcs,0,2627,Tarleton State,UAC,fcs,42,ESPN Bet,16.5,Tarleton State -16.5,,55.5,,,
401754529,2025,regular,2,2025-09-06T16:00:00.000Z,221,Pittsburgh,ACC,fbs,45,2117,Central Michigan,Mid-American,fbs,17,ESPN Bet,-21.5,Pittsburgh -21.5,-21.5,48.5,53.5,-2000.0,1000.0
401752812,2025,regular,2,2025-09-06T16:00:00.000Z,84,Indiana,Big Ten,fbs,56,338,Kennesaw State,Conference USA,fbs,9,ESPN Bet,-35.5,Indiana -35.5,-35.5,51.5,50.5,,
401757227,2025,regular,2,2025-09-06T16:00:00.000Z,55,Jacksonville State,Conference USA,fbs,34,2335,Liberty,Conference USA,fbs,24,ESPN Bet,6.5,Liberty -6.5,5.5,50.5,52.5,180.0,-215.0
401761588,2025,regular,1,2025-08-28T23:00:00.000Z,2433,UL Monroe,Sun Belt,fbs,29,2598,Saint Francis,NEC,fcs,0,ESPN Bet,-30.5,UL Monroe -30.5,-30.5,47.5,46.5,,
401752674,2025,regular,1,2025-08-28T23:30:00.000Z,142,Missouri,SEC,fbs,61,2110,Central Arkansas,UAC,fcs,6,ESPN Bet,-39.5,Missouri -39.5,-40.5,53.5,52.5,,
401756880,2025,regular,2,2025-09-06T19:30:00.000Z,2132,Cincinnati,Big 12,fbs,34,189,Bowling Green,Mid-American,fbs,20,ESPN Bet,-21.5,Cincinnati -21.5,-20.5,46.5,46.5,-2000.0,1000.0
401752705,2025,regular,3,2025-09-13T19:30:00.000Z,2633,Tennessee,SEC,fbs,41,61,Georgia,SEC,fbs,44,ESPN Bet,3.5,Georgia -3.5,7.0,50.5,50.5,145.0,-170.0
401754623,2025,regular,3,2025-09-13T16:00:00.000Z,59,Georgia Tech,ACC,fbs,24,228,Clemson,ACC,fbs,21,ESPN Bet,2.5,Clemson -2.5,9.5,49.5,58.5,130.0,-150.0
401756960,2025,regular,13,2025-11-22T21:00:00.000Z,254,Utah,Big 12,fbs,51,2306,Kansas State,Big 12,fbs,47,ESPN Bet,-18.5,Utah -18.5,-1.5,52.5,54.5,-1200.0,700.0
401754520,2025,regular,1,2025-08-30T16:00:00.000Z,221,Pittsburgh,ACC,fbs,61,2184,Duquesne,NEC,fcs,9,ESPN Bet,-39.5,Pittsburgh -39.5,-38.5,58.5,55.5,,
401754519,2025,regular,1,2025-08-30T19:00:00.000Z,97,Louisville,ACC,fbs,51,2198,Eastern Kentucky,UAC,fcs,17,ESPN Bet,-37.5,Louisville -37.5,-38.0,57.5,56.5,-7500.0,2000.0
401756877,2025,regular,1,2025-08-30T23:30:00.000Z,2641,Texas Tech,Big 12,fbs,67,2029,Arkansas-Pine Bluff,SWAC,fcs,7,ESPN Bet,,,-53.0,62.5,62.5,,
401754526,2025,regular,2,2025-09-07T02:15:00.000Z,252,BYU,Big 12,fbs,27,24,Stanford,ACC,fbs,3,ESPN Bet,-20.5,BYU -20.5,-17.5,43.5,47.5,-1600.0,800.0
401756883,2025,regular,2,2025-09-06T20:00:00.000Z,195,Ohio,Mid-American,fbs,17,277,West Virginia,Big 12,fbs,10,ESPN Bet,3.5,West Virginia -3.5,2.5,58.5,60.5,150.0,-175.0
401760357,2025,regular,1,2025-08-29T02:00:00.000Z,21,San Diego State,Mountain West,fbs,42,2619,Stony Brook,CAA,fcs,0,ESPN Bet,,,-16.0,53.5,53.5,-1600.0,800.0
401756850,2025,regular,1,2025-08-31T02:00:00.000Z,9,Arizona State,Big 12,fbs,38,2464,Northern Arizona,Big Sky,fcs,19,ESPN Bet,-29.5,Arizona State -29.5,-28.5,52.5,52.5,,
401762457,2025,regular,1,2025-08-31T00:00:00.000Z,202,Tulsa,American Athletic,fbs,35,2000,Abilene Christian,UAC,fcs,7,ESPN Bet,-5.5,Tulsa -5.5,-5.5,59.5,59.5,-200.0,170.0
401752759,2025,regular,11,2025-11-09T00:30:00.000Z,333,Alabama,SEC,fbs,20,99,LSU,SEC,fbs,9,ESPN Bet,-10.5,Alabama -10.5,-4.5,49.5,54.5,-380.0,290.0
401752893,2025,regular,11,2025-11-08T17:00:00.000Z,213,Penn State,Big Ten,fbs,24,84,Indiana,Big Ten,fbs,27,ESPN Bet,13.5,Indiana -13.5,-17.0,50.5,53.5,400.0,-600.0
401754638,2025,regular,3,2025-09-13T19:30:00.000Z,277,West Virginia,Big 12,fbs,31,221,Pittsburgh,ACC,fbs,24,ESPN Bet,6.5,Pittsburgh -6.5,2.5,54.5,57.5,230.0,-280.0
401752693,2025,regular,2,2025-09-06T16:00:00.000Z,251,Texas,SEC,fbs,38,23,San José State,Mountain West,fbs,7,ESPN Bet,-36.5,Texas -36.5,-35.5,52.5,51.5,,
401754524,2025,regular,2,2025-09-06T16:00:00.000Z,152,NC State,ACC,fbs,35,258,Virginia,ACC,fbs,31,ESPN Bet,-2.5,NC State -2.5,-2.5,52.5,54.5,-150.0,130.0
401752694,2025,regular,2,2025-09-06T16:45:00.000Z,245,Texas A&M,SEC,fbs,44,328,Utah State,Mountain West,fbs,22,ESPN Bet,-34.5,Texas A&M -34.5,-30.5,57.5,56.5,,
401752682,2025,regular,2,2025-09-06T21:00:00.000Z,8,Arkansas,SEC,fbs,56,2032,Arkansas State,Sun Belt,fbs,14,ESPN Bet,-24.5,Arkansas -24.5,-23.5,61.5,63.5,-3000.0,1200.0
401762461,2025,regular,2,2025-09-06T19:30:00.000Z,2711,Western Michigan,Mid-American,fbs,30,249,North Texas,American Athletic,fbs,33,ESPN Bet,12.5,North Texas -12.5,10.5,56.5,60.5,300.0,-400.0
401754518,2025,regular,1,2025-08-30T18:00:00.000Z,103,Boston College,ACC,fbs,66,2230,Fordham,Patriot,fcs,10,ESPN Bet,-34.5,Boston College -34.5,-36.5,52.5,53.5,-100000.0,4000.0
401756878,2025,regular,1,2025-08-30T18:00:00.000Z,277,West Virginia,Big 12,fbs,45,2523,Robert Morris,NEC,fcs,3,ESPN Bet,-43.5,West Virginia -43.5,-38.5,58.5,55.5,,
401756884,2025,regular,2,2025-09-06T23:00:00.000Z,242,Rice,American Athletic,fbs,9,248,Houston,Big 12,fbs,35,ESPN Bet,13.5,Houston -13.5,12.5,38.5,40.5,450.0,-700.0
401756853,2025,regular,1,2025-08-30T19:30:00.000Z,66,Iowa State,Big 12,fbs,55,233,South Dakota,MVFC,fcs,7,ESPN Bet,-13.5,Iowa State -13.5,-15.5,47.5,46.5,-800.0,500.0
401761598,2025,regular,2,2025-09-06T23:00:00.000Z,2247,Georgia State,Sun Belt,fbs,16,235,Memphis,American Athletic,fbs,38,ESPN Bet,15.5,Memphis -15.5,13.5,57.5,54.5,500.0,-800.0
401752820,2025,regular,2,2025-09-06T20:00:00.000Z,275,Wisconsin,Big Ten,fbs,42,2393,Middle Tennessee,Conference USA,fbs,10,ESPN Bet,-28.5,Wisconsin -28.5,-28.5,44.5,46.5,,
401752789,2025,regular,14,2025-11-29T20:30:00.000Z,201,Oklahoma,SEC,fbs,17,99,LSU,SEC,fbs,13,ESPN Bet,-11.5,Oklahoma -11.5,-10.5,36.5,38.5,-500.0,400.0
401752795,2025,regular,1,2025-08-29T23:30:00.000Z,356,Illinois,Big Ten,fbs,52,2710,Western Illinois,Big South-OVC,fcs,3,ESPN Bet,-48.5,Illinois -48.5,-45.5,63.5,61.5,,
401757311,2025,regular,14,2025-11-29T18:00:00.000Z,2534,Sam Houston,Conference USA,fbs,16,2229,Florida International,Conference USA,fbs,56,ESPN Bet,10.5,Florida International -10.5,10.5,50.5,51.5,340.0,-450.0
401752818,2025,regular,2,2025-09-06T19:30:00.000Z,164,Rutgers,Big Ten,fbs,45,193,Miami (OH),Mid-American,fbs,17,ESPN Bet,-15.5,Rutgers -15.5,-13.5,45.5,48.5,-750.0,475.0
401757221,2025,regular,1,2025-08-30T23:30:00.000Z,2348,Louisiana Tech,Conference USA,fbs,24,2545,SE Louisiana,Southland,fcs,0,ESPN Bet,-14.5,Louisiana Tech -14.5,-13.5,50.5,48.5,-750.0,475.0
401757223,2025,regular,1,2025-08-31T01:00:00.000Z,166,New Mexico State,Conference USA,fbs,19,2803,Bryant,CAA,fcs,3,ESPN Bet,-19.5,New Mexico State -19.5,-19.5,52.5,53.5,-1200.0,700.0
401752824,2025,regular,2,2025-09-06T19:30:00.000Z,2483,Oregon,Big Ten,fbs,69,197,Oklahoma State,Big 12,fbs,3,ESPN Bet,-28.5,Oregon -28.5,-27.5,55.5,58.5,,
401752947,2025,regular,1,2025-08-31T02:00:00.000Z,265,Washington State,Pac-12,fbs,13,70,Idaho,Big Sky,fcs,10,ESPN Bet,-16.5,Washington State -16.5,-9.5,50.5,50.5,-1000.0,600.0
401757228,2025,regular,2,2025-09-06T22:00:00.000Z,276,Marshall,Sun Belt,fbs,20,2623,Missouri State,Conference USA,fbs,21,ESPN Bet,-7.5,Marshall -7.5,-9.5,53.5,56.5,-280.0,230.0
401756881,2025,regular,2,2025-09-06T19:30:00.000Z,38,Colorado,Big 12,fbs,31,48,Delaware,Conference USA,fbs,7,ESPN Bet,-23.5,Colorado -23.5,-24.5,49.5,50.5,-3000.0,1200.0
401752937,2025,regular,2,2025-09-06T19:30:00.000Z,204,Oregon State,Pac-12,fbs,27,278,Fresno State,Mountain West,fbs,36,ESPN Bet,-1.5,Oregon State -1.5,-2.5,44.5,48.5,-120.0,-110.0
401754637,2025,regular,2,2025-09-06T19:30:00.000Z,228,Clemson,ACC,fbs,27,2653,Troy,Sun Belt,fbs,16,ESPN Bet,-29.5,Clemson -29.5,-31.5,51.5,51.5,,
401762458,2025,regular,2,2025-09-06T19:30:00.000Z,2426,Navy,American Athletic,fbs,38,5,UAB,American Athletic,fbs,24,ESPN Bet,-22.5,Navy -22.5,-21.5,58.5,59.5,-1600.0,800.0
401756882,2025,regular,2,2025-09-06T23:00:00.000Z,2306,Kansas State,Big 12,fbs,21,349,Army,American Athletic,fbs,24,ESPN Bet,-16.5,Kansas State -16.5,-17.5,48.5,46.5,-800.0,500.0
401752675,2025,regular,1,2025-08-30T22:00:00.000Z,201,Oklahoma,SEC,fbs,35,2287,Illinois State,MVFC,fcs,3,ESPN Bet,-38.5,Oklahoma -38.5,-35.5,60.5,60.5,-20000.0,3000.0
401757220,2025,regular,1,2025-08-30T20:00:00.000Z,2335,Liberty,Conference USA,fbs,28,311,Maine,CAA,fcs,7,ESPN Bet,-25.5,Liberty -25.5,-25.5,50.5,52.5,-5000.0,1500.0
401756851,2025,regular,1,2025-08-31T00:00:00.000Z,252,BYU,Big 12,fbs,69,2502,Portland State,Big Sky,fcs,0,ESPN Bet,-44.5,BYU -44.5,-34.5,62.5,56.5,-50000.0,3500.0
401754521,2025,regular,1,2025-08-31T01:00:00.000Z,2567,SMU,ACC,fbs,42,2837,East Texas A&M,Southland,fcs,13,ESPN Bet,-50.5,SMU -50.5,-50.5,64.5,63.5,,
401756855,2025,regular,1,2025-08-30T23:00:00.000Z,2306,Kansas State,Big 12,fbs,38,155,North Dakota,MVFC,fcs,35,ESPN Bet,-27.5,Kansas State -27.5,-28.5,55.5,57.5,-5000.0,1500.0
401757226,2025,regular,1,2025-08-30T23:00:00.000Z,98,Western Kentucky,Conference USA,fbs,55,2453,North Alabama,UAC,fcs,6,ESPN Bet,-27.5,Western Kentucky -27.5,-28.0,60.5,60.5,-4000.0,1300.0
401762433,2025,regular,1,2025-08-30T20:30:00.000Z,235,Memphis,American Athletic,fbs,45,236,Chattanooga,Southern,fcs,10,ESPN Bet,-30.5,Memphis -30.5,-27.5,55.5,55.5,-10000.0,2500.0
401752784,2025,regular,14,2025-11-30T00:30:00.000Z,2,Auburn,SEC,fbs,20,333,Alabama,SEC,fbs,27,ESPN Bet,6.5,Alabama -6.5,5.5,48.5,51.5,238.0,-280.0
401756852,2025,regular,1,2025-08-29T00:00:00.000Z,248,Houston,Big 12,fbs,27,2617,Stephen F. Austin,Southland,fcs,0,ESPN Bet,-23.5,Houston -23.5,-22.5,54.5,55.5,-3000.0,1200.0
401767410,2025,regular,1,2025-08-23T23:30:00.000Z,2582,Southern,SWAC,fcs,14,2428,North Carolina Central,MEAC,fcs,31,ESPN Bet,10.5,North Carolina Central -10.5,,47.5,,,
401752679,2025,regular,1,2025-08-30T23:00:00.000Z,238,Vanderbilt,SEC,fbs,45,2127,Charleston Southern,Big South-OVC,fcs,3,ESPN Bet,-38.5,Vanderbilt -38.5,-36.0,50.5,48.5,,
401761595,2025,regular,1,2025-08-30T23:00:00.000Z,2653,Troy,Sun Belt,fbs,38,2447,Nicholls,Southland,fcs,20,ESPN Bet,-16.5,Troy -16.5,-22.5,46.5,50.5,-2500.0,1100.0
401761593,2025,regular,1,2025-08-30T23:00:00.000Z,6,South Alabama,Sun Belt,fbs,38,2415,Morgan State,MEAC,fcs,21,ESPN Bet,-28.5,South Alabama -28.5,-28.5,50.5,51.5,,
401762435,2025,regular,1,2025-08-31T00:00:00.000Z,249,North Texas,American Athletic,fbs,51,2320,Lamar,Southland,fcs,0,ESPN Bet,-27.5,North Texas -27.5,-27.5,62.5,63.5,-7500.0,2000.0
401761601,2025,regular,2,2025-09-06T23:00:00.000Z,6,South Alabama,Sun Belt,fbs,31,2655,Tulane,American Athletic,fbs,33,ESPN Bet,13.5,Tulane -13.5,10.5,51.5,51.5,400.0,-600.0
401761590,2025,regular,1,2025-08-30T22:00:00.000Z,256,James Madison,Sun Belt,fbs,45,2692,Weber State,Big Sky,fcs,10,ESPN Bet,-27.5,James Madison -27.5,-25.5,54.5,54.5,-6000.0,1800.0
401757222,2025,regular,1,2025-08-30T23:00:00.000Z,2393,Middle Tennessee,Conference USA,fbs,14,2046,Austin Peay,UAC,fcs,34,ESPN Bet,-16.5,Middle Tennessee -16.5,-9.5,53.5,53.5,-800.0,500.0
401756941,2025,regular,10,2025-11-01T19:30:00.000Z,2306,Kansas State,Big 12,fbs,20,2641,Texas Tech,Big 12,fbs,43,ESPN Bet,7.5,Texas Tech -7.5,-4.5,51.5,60.5,225.0,-275.0
401762430,2025,regular,1,2025-08-29T00:30:00.000Z,5,UAB,American Athletic,fbs,52,2011,Alabama State,SWAC,fcs,42,ESPN Bet,-21.5,UAB -21.5,-20.5,53.5,53.5,-2000.0,1000.0
401752687,2025,regular,2,2025-09-06T23:30:00.000Z,99,LSU,SEC,fbs,23,2348,Louisiana Tech,Conference USA,fbs,7,ESPN Bet,-36.5,LSU -36.5,-32.5,49.5,52.5,,
401752814,2025,regular,2,2025-09-06T23:30:00.000Z,30,USC,Big Ten,fbs,59,290,Georgia Southern,Sun Belt,fbs,20,ESPN Bet,-28.5,USC -28.5,-27.5,62.5,64.5,,
401760359,2025,regular,1,2025-08-30T19:30:00.000Z,2005,Air Force,Mountain West,fbs,49,2083,Bucknell,Patriot,fcs,13,ESPN Bet,-30.5,Air Force -30.5,-31.0,53.5,56.5,-10000.0,2500.0
401752683,2025,regular,2,2025-09-06T23:30:00.000Z,2,Auburn,SEC,fbs,42,2050,Ball State,Mid-American,fbs,3,ESPN Bet,-42.5,Auburn -42.5,-42.5,52.5,54.5,,
401757232,2025,regular,2,2025-09-06T23:00:00.000Z,2649,Toledo,Mid-American,fbs,45,98,Western Kentucky,Conference USA,fbs,21,ESPN Bet,-7.5,Toledo -7.5,-6.5,56.5,58.5,-300.0,250.0
401761591,2025,regular,1,2025-08-30T23:00:00.000Z,2032,Arkansas State,Sun Belt,fbs,42,2546,Southeast Missouri State,Big South-OVC,fcs,24,ESPN Bet,-15.5,Arkansas State -15.5,-10.5,59.5,59.5,-750.0,475.0
401752810,2025,regular,2,2025-09-06T23:30:00.000Z,158,Nebraska,Big Ten,fbs,68,2006,Akron,Mid-American,fbs,0,ESPN Bet,-33.5,Nebraska -33.5,-33.5,47.5,47.5,,
401752681,2025,regular,2,2025-09-06T23:45:00.000Z,333,Alabama,SEC,fbs,73,2433,UL Monroe,Sun Belt,fbs,0,ESPN Bet,-34.5,Alabama -34.5,-36.5,50.5,51.5,,
401757229,2025,regular,2,2025-09-07T01:00:00.000Z,166,New Mexico State,Conference USA,fbs,21,202,Tulsa,American Athletic,fbs,14,ESPN Bet,3.5,Tulsa -3.5,3.5,53.5,52.5,145.0,-170.0
401762793,2025,regular,1,2025-08-30T19:30:00.000Z,2459,Northern Illinois,Mid-American,fbs,19,107,Holy Cross,Patriot,fcs,17,ESPN Bet,-13.5,Northern Illinois -13.5,-11.0,48.5,51.5,-550.0,380.0
401757230,2025,regular,2,2025-09-07T03:59:00.000Z,62,Hawai'i,Mountain West,fbs,37,2534,Sam Houston,Conference USA,fbs,20,ESPN Bet,-7.5,Hawai'i -7.5,-7.5,48.5,49.5,-275.0,225.0
401752707,2025,regular,3,2025-09-13T23:30:00.000Z,87,Notre Dame,FBS Independents,fbs,40,245,Texas A&M,SEC,fbs,41,ESPN Bet,-7.5,Notre Dame -7.5,-7.0,48.5,49.5,-250.0,210.0
401752923,2025,regular,14,2025-11-30T00:00:00.000Z,127,Michigan State,Big Ten,fbs,38,120,Maryland,Big Ten,fbs,28,ESPN Bet,-4.5,Michigan State -4.5,-3.5,48.5,47.5,-185.0,155.0
401754614,2025,regular,14,2025-11-30T03:30:00.000Z,24,Stanford,ACC,fbs,20,87,Notre Dame,FBS Independents,fbs,49,ESPN Bet,33.5,Notre Dame -33.5,32.5,49.5,51.5,3000.0,-20000.0
401760424,2025,regular,14,2025-11-30T04:00:00.000Z,62,Hawai'i,Mountain West,fbs,27,2751,Wyoming,Mountain West,fbs,7,ESPN Bet,-8.5,Hawai'i -8.5,-10.5,44.5,44.5,-380.0,290.0
401752917,2025,regular,14,2025-11-29T20:30:00.000Z,264,Washington,Big Ten,fbs,14,2483,Oregon,Big Ten,fbs,26,ESPN Bet,6.5,Oregon -6.5,10.5,51.5,52.5,220.0,-260.0
401767080,2025,regular,1,2025-08-31T00:30:00.000Z,253,Southern Utah,UAC,fcs,46,304,Idaho State,Big Sky,fcs,24,ESPN Bet,-4.5,Southern Utah -4.5,,62.5,,,
401752922,2025,regular,14,2025-11-30T00:30:00.000Z,356,Illinois,Big Ten,fbs,20,77,Northwestern,Big Ten,fbs,13,ESPN Bet,-7.5,Illinois -7.5,-6.5,44.5,47.5,-270.0,220.0
401761667,2025,regular,14,2025-11-29T20:00:00.000Z,326,Texas State,Sun Belt,fbs,49,6,South Alabama,Sun Belt,fbs,26,ESPN Bet,-9.5,Texas State -9.5,-9.5,62.5,63.5,-320.0,260.0
401752916,2025,regular,14,2025-11-28T17:00:00.000Z,158,Nebraska,Big Ten,fbs,16,2294,Iowa,Big Ten,fbs,40,ESPN Bet,5.5,Iowa -5.5,-2.5,38.5,44.5,190.0,-225.0
401752695,2025,regular,2,2025-09-06T23:30:00.000Z,259,Virginia Tech,ACC,fbs,20,238,Vanderbilt,SEC,fbs,44,ESPN Bet,-2.5,Virginia Tech -2.5,-1.5,46.5,47.5,-130.0,110.0
401752786,2025,regular,14,2025-11-28T20:30:00.000Z,59,Georgia Tech,ACC,fbs,9,61,Georgia,SEC,fbs,16,ESPN Bet,15.5,Georgia -15.5,13.5,59.5,53.5,530.0,-725.0
401756934,2025,regular,9,2025-10-26T02:15:00.000Z,254,Utah,Big 12,fbs,53,38,Colorado,Big 12,fbs,7,ESPN Bet,-14.5,Utah -14.5,-9.5,50.5,55.5,-700.0,450.0
401767602,2025,regular,1,2025-08-30T17:00:00.000Z,2166,Davidson,Pioneer,fcs,14,46,Georgetown,Patriot,fcs,51,ESPN Bet,3.5,Georgetown -3.5,,55.5,,,
401762868,2025,regular,14,2025-11-25T21:30:00.000Z,113,Massachusetts,Mid-American,fbs,14,189,Bowling Green,Mid-American,fbs,45,ESPN Bet,14.5,Bowling Green -14.5,15.5,44.5,44.5,450.0,-700.0
401761666,2025,regular,14,2025-11-29T20:30:00.000Z,2572,Southern Miss,Sun Belt,fbs,18,2653,Troy,Sun Belt,fbs,28,ESPN Bet,-6.5,Southern Miss -6.5,-6.5,50.5,50.5,-240.0,200.0
401756854,2025,regular,1,2025-08-29T23:30:00.000Z,2305,Kansas,Big 12,fbs,46,2681,Wagner,NEC,fcs,7,ESPN Bet,-45.5,Kansas -45.5,-45.5,57.5,56.5,,
401766898,2025,regular,1,2025-08-29T23:00:00.000Z,2229,Florida International,Conference USA,fbs,42,2065,Bethune-Cookman,SWAC,fcs,9,ESPN Bet,-26.5,Florida International -26.5,-31.0,54.5,54.5,-5000.0,1500.0
401752738,2025,regular,8,2025-10-18T23:30:00.000Z,333,Alabama,SEC,fbs,37,2633,Tennessee,SEC,fbs,20,ESPN Bet,-8.5,Alabama -8.5,-11.5,60.5,53.5,-340.0,270.0
401767339,2025,regular,1,2025-08-30T18:00:00.000Z,231,Furman,Southern,fcs,23,2729,William & Mary,CAA,fcs,21,ESPN Bet,-2.5,Furman -2.5,,49.5,,,
401767657,2025,regular,1,2025-08-30T18:00:00.000Z,2529,Sacred Heart,FCS Independents,fcs,12,284,Stonehill,NEC,fcs,7,ESPN Bet,-6.5,Sacred Heart -6.5,,45.5,,,
401752799,2025,regular,1,2025-08-30T22:00:00.000Z,2294,Iowa,Big Ten,fbs,34,399,UAlbany,CAA,fcs,7,ESPN Bet,-39.5,Iowa -39.5,-37.5,48.5,48.5,,
401756965,2025,regular,14,2025-11-29T17:00:00.000Z,2306,Kansas State,Big 12,fbs,24,38,Colorado,Big 12,fbs,14,ESPN Bet,-16.5,Kansas State -16.5,-17.5,50.5,51.5,-1000.0,600.0
401752910,2025,regular,13,2025-11-23T03:30:00.000Z,26,UCLA,Big Ten,fbs,14,264,Washington,Big Ten,fbs,48,ESPN Bet,10.5,Washington -10.5,11.5,51.5,51.5,340.0,-450.0
401767536,2025,regular,1,2025-08-30T18:00:00.000Z,2460,Northern Iowa,MVFC,fcs,38,2086,Butler,Pioneer,fcs,14,ESPN Bet,-16.5,Northern Iowa -16.5,,53.5,,,
401767179,2025,regular,1,2025-08-30T19:00:00.000Z,2296,Jackson State,SWAC,fcs,28,2261,Hampton,CAA,fcs,14,ESPN Bet,-18.5,Jackson State -18.5,,58.5,,,
401767549,2025,regular,1,2025-08-28T22:00:00.000Z,2754,Youngstown State,MVFC,fcs,24,2385,Mercyhurst,NEC,fcs,15,ESPN Bet,-24.0,Youngstown State -24,,59.5,,,
401752778,2025,regular,13,2025-11-22T17:00:00.000Z,201,Oklahoma,SEC,fbs,17,142,Missouri,SEC,fbs,6,ESPN Bet,-4.5,Oklahoma -4.5,-7.5,42.5,54.5,-210.0,175.0
401754600,2025,regular,13,2025-11-22T20:30:00.000Z,153,North Carolina,ACC,fbs,25,150,Duke,ACC,fbs,32,ESPN Bet,6.5,Duke -6.5,1.5,50.5,51.5,215.0,-260.0
401752875,2025,regular,8,2025-10-18T23:00:00.000Z,2294,Iowa,Big Ten,fbs,25,213,Penn State,Big Ten,fbs,24,ESPN Bet,-3.5,Iowa -3.5,10.5,41.5,45.5,-155.0,135.0
401762516,2025,regular,14,2025-11-28T00:30:00.000Z,235,Memphis,American Athletic,fbs,17,2426,Navy,American Athletic,fbs,28,ESPN Bet,-3.5,Memphis -3.5,-5.5,57.5,57.5,-175.0,150.0
401767350,2025,regular,1,2025-08-30T20:00:00.000Z,50,Florida A&M,SWAC,fcs,9,47,Howard,MEAC,fcs,10,ESPN Bet,-7.5,Florida A&M -7.5,,48.5,,,
401767209,2025,regular,1,2025-08-28T23:00:00.000Z,2900,St. Thomas (MN),Pioneer,fcs,35,2815,Lindenwood,Big South-OVC,fcs,13,ESPN Bet,6.5,Lindenwood -6.5,,51.5,,,
401760421,2025,regular,14,2025-11-28T20:00:00.000Z,36,Colorado State,Mountain West,fbs,21,2005,Air Force,Mountain West,fbs,42,ESPN Bet,2.5,Air Force -2.5,2.5,47.5,50.5,115.0,-135.0
401756964,2025,regular,14,2025-11-28T17:00:00.000Z,2305,Kansas,Big 12,fbs,21,254,Utah,Big 12,fbs,31,ESPN Bet,10.5,Utah -10.5,13.5,59.5,58.5,340.0,-450.0
401762875,2025,regular,14,2025-11-29T17:00:00.000Z,193,Miami (OH),Mid-American,fbs,45,2050,Ball State,Mid-American,fbs,24,ESPN Bet,-16.5,Miami (OH) -16.5,-17.5,40.5,41.5,-900.0,550.0
401762441,2025,regular,14,2025-11-29T20:30:00.000Z,2636,UTSA,American Athletic,fbs,24,349,Army,American Athletic,fbs,27,ESPN Bet,-8.5,UTSA -8.5,-6.5,50.5,51.5,-320.0,260.0
401752731,2025,regular,7,2025-10-11T23:30:00.000Z,2,Auburn,SEC,fbs,10,61,Georgia,SEC,fbs,20,ESPN Bet,4.5,Georgia -4.5,7.0,45.5,50.5,175.0,-210.0
401767171,2025,regular,1,2025-08-28T23:00:00.000Z,2197,Eastern Illinois,Big South-OVC,fcs,24,2168,Dayton,Pioneer,fcs,14,ESPN Bet,-9.5,Eastern Illinois -9.5,,47.5,,,
401767223,2025,regular,1,2025-08-30T20:30:00.000Z,2634,Tennessee State,Big South-OVC,fcs,24,2448,North Carolina A&T,CAA,fcs,21,ESPN Bet,-6.5,Tennessee State -6.5,,50.5,,,
401760422,2025,regular,14,2025-11-28T21:00:00.000Z,328,Utah State,Mountain West,fbs,24,68,Boise State,Mountain West,fbs,25,ESPN Bet,1.5,Boise State -1.5,4.5,54.5,55.5,105.0,-120.0
401757310,2025,regular,14,2025-11-29T18:00:00.000Z,48,Delaware,Conference USA,fbs,61,2638,UTEP,Conference USA,fbs,31,ESPN Bet,-4.5,Delaware -4.5,-6.5,55.5,54.5,-190.0,160.0
401752865,2025,regular,7,2025-10-11T16:00:00.000Z,356,Illinois,Big Ten,fbs,16,194,Ohio State,Big Ten,fbs,34,ESPN Bet,15.5,Ohio State -15.5,13.5,51.5,50.5,500.0,-800.0
401767327,2025,regular,1,2025-08-28T23:00:00.000Z,2450,Norfolk State,MEAC,fcs,7,119,Towson,CAA,fcs,27,ESPN Bet,8.5,Towson -8.5,,49.5,,,
401767454,2025,regular,1,2025-08-30T21:30:00.000Z,2193,East Tennessee State,Southern,fcs,45,93,Murray State,MVFC,fcs,17,ESPN Bet,-31.0,East Tennessee State -31,,54.5,,,
401754613,2025,regular,14,2025-11-30T00:00:00.000Z,258,Virginia,ACC,fbs,27,259,Virginia Tech,ACC,fbs,7,ESPN Bet,-9.5,Virginia -9.5,-11.5,53.5,52.5,-360.0,280.0
401762520,2025,regular,14,2025-11-30T00:00:00.000Z,58,South Florida,American Athletic,fbs,52,242,Rice,American Athletic,fbs,3,ESPN Bet,-28.5,South Florida -28.5,-26.5,57.5,59.5,-6000.0,1800.0
401754612,2025,regular,14,2025-11-30T00:30:00.000Z,152,NC State,ACC,fbs,42,153,North Carolina,ACC,fbs,19,ESPN Bet,-7.5,NC State -7.5,-2.5,49.5,53.5,-270.0,220.0
401761663,2025,regular,14,2025-11-29T18:30:00.000Z,276,Marshall,Sun Belt,fbs,19,290,Georgia Southern,Sun Belt,fbs,24,ESPN Bet,-10.5,Marshall -10.5,-6.5,61.5,60.5,-425.0,320.0
401754608,2025,regular,14,2025-11-29T20:00:00.000Z,183,Syracuse,ACC,fbs,12,103,Boston College,ACC,fbs,34,ESPN Bet,2.5,Boston College -2.5,3.5,54.5,53.5,125.0,-145.0
401752854,2025,regular,5,2025-09-27T23:30:00.000Z,213,Penn State,Big Ten,fbs,24,2483,Oregon,Big Ten,fbs,30,ESPN Bet,-4.5,Penn State -4.5,-6.5,52.5,52.5,-190.0,160.0
401752920,2025,regular,14,2025-11-29T20:30:00.000Z,164,Rutgers,Big Ten,fbs,36,213,Penn State,Big Ten,fbs,40,ESPN Bet,14.5,Penn State -14.5,10.5,55.5,55.5,450.0,-700.0
401754611,2025,regular,14,2025-11-29T17:00:00.000Z,221,Pittsburgh,ACC,fbs,7,2390,Miami,ACC,fbs,38,ESPN Bet,6.5,Miami -6.5,6.5,49.5,51.5,210.0,-250.0
401767425,2025,regular,1,2025-08-30T21:00:00.000Z,2400,Mississippi Valley State,SWAC,fcs,29,2582,Southern,SWAC,fcs,34,ESPN Bet,12.5,Southern -12.5,,49.5,,,
401767298,2025,regular,1,2025-08-28T23:30:00.000Z,2535,Samford,Southern,fcs,3,2698,West Georgia,UAC,fcs,34,ESPN Bet,-6.5,Samford -6.5,,55.5,,,
401762519,2025,regular,14,2025-11-29T17:00:00.000Z,2226,Florida Atlantic,American Athletic,fbs,3,151,East Carolina,American Athletic,fbs,42,ESPN Bet,6.5,East Carolina -6.5,6.5,66.5,66.5,210.0,-250.0
401767369,2025,regular,1,2025-08-29T00:00:00.000Z,2466,Northwestern State,Southland,fcs,20,2016,Alcorn State,SWAC,fcs,10,ESPN Bet,10.5,Alcorn State -10.5,,49.5,,,
401767572,2025,regular,1,2025-08-30T22:00:00.000Z,2382,Mercer,Southern,fcs,10,2506,Presbyterian,Pioneer,fcs,15,ESPN Bet,-22.5,Mercer -22.5,,51.5,,,
401752790,2025,regular,14,2025-11-29T17:00:00.000Z,2579,South Carolina,SEC,fbs,14,228,Clemson,ACC,fbs,28,ESPN Bet,-2.5,South Carolina -2.5,4.5,45.5,53.5,-130.0,110.0
401767265,2025,regular,1,2025-08-30T22:00:00.000Z,2428,North Carolina Central,MEAC,fcs,10,160,New Hampshire,CAA,fcs,27,ESPN Bet,-4.5,North Carolina Central -4.5,,50.5,,,
401752785,2025,regular,14,2025-11-29T21:30:00.000Z,57,Florida,SEC,fbs,40,52,Florida State,ACC,fbs,21,ESPN Bet,1.5,Florida State -1.5,-2.5,48.5,51.5,-105.0,-115.0
401767415,2025,regular,1,2025-08-30T22:00:00.000Z,2569,South Carolina State,MEAC,fcs,16,2747,Wofford,Southern,fcs,15,ESPN Bet,-9.5,South Carolina State -9.5,,49.5,,,
401756968,2025,regular,14,2025-11-29T17:00:00.000Z,277,West Virginia,Big 12,fbs,0,2641,Texas Tech,Big 12,fbs,49,ESPN Bet,24.5,Texas Tech -24.5,20.5,53.5,52.5,1200.0,-3000.0
401752726,2025,regular,6,2025-10-04T19:30:00.000Z,333,Alabama,SEC,fbs,30,238,Vanderbilt,SEC,fbs,14,ESPN Bet,-13.5,Alabama -13.5,-22.5,58.5,51.5,-550.0,380.0
401767059,2025,regular,1,2025-08-30T23:00:00.000Z,2916,Incarnate Word,Southland,fcs,31,331,Eastern Washington,Big Sky,fcs,21,ESPN Bet,-10.0,Incarnate Word -10,,57.5,,,
401760426,2025,regular,14,2025-11-28T20:30:00.000Z,167,New Mexico,Mountain West,fbs,23,21,San Diego State,Mountain West,fbs,17,ESPN Bet,1.5,San Diego State -1.5,1.5,41.5,41.5,-115.0,-105.0
401767201,2025,regular,1,2025-08-30T22:00:00.000Z,2717,Western Carolina,Southern,fcs,45,2241,Gardner-Webb,Big South-OVC,fcs,52,ESPN Bet,-6.5,Western Carolina -6.5,,57.5,,,
401767130,2025,regular,1,2025-08-30T23:00:00.000Z,2571,South Dakota State,MVFC,fcs,20,16,Sacramento State,Big Sky,fcs,3,ESPN Bet,-11.5,South Dakota State -11.5,,57.5,,,
401767070,2025,regular,1,2025-08-31T00:00:00.000Z,301,San Diego,Pioneer,fcs,17,13,Cal Poly,Big Sky,fcs,41,ESPN Bet,-1.5,San Diego -1.5,,49.5,,,
401767431,2025,regular,1,2025-08-31T00:00:00.000Z,2640,Texas Southern,SWAC,fcs,21,2504,Prairie View A&M,SWAC,fcs,22,ESPN Bet,-1.5,Texas Southern -1.5,,47.5,,,
401767156,2025,regular,1,2025-08-31T02:00:00.000Z,3101,Utah Tech,UAC,fcs,24,302,UC Davis,Big Sky,fcs,31,ESPN Bet,18.5,UC Davis -18.5,,56.5,,,
401760363,2025,regular,2,2025-09-06T01:00:00.000Z,68,Boise State,Mountain West,fbs,51,331,Eastern Washington,Big Sky,fcs,14,ESPN Bet,-33.5,Boise State -33.5,-29.0,60.5,55.5,-10000.0,2500.0
401752817,2025,regular,2,2025-09-05T23:30:00.000Z,77,Northwestern,Big Ten,fbs,42,2710,Western Illinois,Big South-OVC,fcs,7,ESPN Bet,-30.5,Northwestern -30.5,-28.0,48.5,51.5,-50000.0,3500.0
401752813,2025,regular,2,2025-09-06T16:00:00.000Z,135,Minnesota,Big Ten,fbs,66,2466,Northwestern State,Southland,fcs,0,ESPN Bet,,,-43.5,51.5,50.5,,
401762462,2025,regular,2,2025-09-06T18:00:00.000Z,218,Temple,American Athletic,fbs,55,47,Howard,MEAC,fcs,7,ESPN Bet,-27.5,Temple -27.5,-25.5,45.5,46.5,-10000.0,2500.0
401752692,2025,regular,2,2025-09-06T19:30:00.000Z,2633,Tennessee,SEC,fbs,72,2193,East Tennessee State,Southern,fcs,17,ESPN Bet,-40.5,Tennessee -40.5,-41.0,58.5,56.5,,
401752685,2025,regular,2,2025-09-06T19:30:00.000Z,61,Georgia,SEC,fbs,28,2046,Austin Peay,UAC,fcs,6,ESPN Bet,-46.5,Georgia -46.5,-48.5,56.5,55.5,,
401762459,2025,regular,2,2025-09-06T22:00:00.000Z,151,East Carolina,American Athletic,fbs,56,2097,Campbell,CAA,fcs,3,ESPN Bet,-30.5,East Carolina -30.5,-30.0,55.5,52.5,-7500.0,2000.0
401752919,2025,regular,14,2025-11-30T00:30:00.000Z,30,USC,Big Ten,fbs,29,26,UCLA,Big Ten,fbs,10,ESPN Bet,-21.5,USC -21.5,-20.5,59.5,61.5,-1800.0,900.0
401752788,2025,regular,14,2025-11-28T17:00:00.000Z,344,Mississippi State,SEC,fbs,19,145,Ole Miss,SEC,fbs,38,ESPN Bet,7.5,Ole Miss -7.5,13.5,62.5,59.5,235.0,-279.0
401756963,2025,regular,14,2025-11-29T18:00:00.000Z,252,BYU,Big 12,fbs,41,2116,UCF,Big 12,fbs,21,ESPN Bet,-17.5,BYU -17.5,-18.5,46.5,47.5,-1400.0,750.0
401760367,2025,regular,2,2025-09-06T20:00:00.000Z,2751,Wyoming,Mountain West,fbs,31,2460,Northern Iowa,MVFC,fcs,7,ESPN Bet,-13.5,Wyoming -13.5,-13.5,45.5,47.5,-800.0,500.0
401760366,2025,regular,2,2025-09-06T19:00:00.000Z,167,New Mexico,Mountain West,fbs,32,304,Idaho State,Big Sky,fcs,22,ESPN Bet,-17.5,New Mexico -17.5,-17.0,60.5,63.5,-900.0,550.0
401762794,2025,regular,2,2025-09-06T19:30:00.000Z,2084,Buffalo,Mid-American,fbs,45,2598,Saint Francis,NEC,fcs,6,ESPN Bet,-37.5,Buffalo -37.5,-36.5,48.5,49.5,,
401761602,2025,regular,2,2025-09-06T21:00:00.000Z,2572,Southern Miss,Sun Belt,fbs,38,2296,Jackson State,SWAC,fcs,20,ESPN Bet,-13.5,Southern Miss -13.5,-15.5,52.5,52.5,-650.0,425.0
401761599,2025,regular,2,2025-09-06T22:00:00.000Z,295,Old Dominion,Sun Belt,fbs,54,2428,North Carolina Central,MEAC,fcs,6,ESPN Bet,-21.5,Old Dominion -21.5,-20.0,48.5,50.5,-2500.0,1100.0
401762460,2025,regular,2,2025-09-06T22:00:00.000Z,2226,Florida Atlantic,American Athletic,fbs,56,50,Florida A&M,SWAC,fcs,14,ESPN Bet,-21.5,Florida Atlantic -21.5,-21.5,50.5,45.5,-2000.0,1000.0
401757315,2025,regular,14,2025-11-29T20:00:00.000Z,166,New Mexico State,Conference USA,fbs,24,2393,Middle Tennessee,Conference USA,fbs,31,ESPN Bet,-3.5,New Mexico State -3.5,-4.5,51.5,54.5,-155.0,135.0
401756887,2025,regular,2,2025-09-06T22:00:00.000Z,254,Utah,Big 12,fbs,63,13,Cal Poly,Big Sky,fcs,9,ESPN Bet,-42.5,Utah -42.5,-42.0,52.5,51.5,,
401762869,2025,regular,14,2025-11-26T00:30:00.000Z,2199,Eastern Michigan,Mid-American,fbs,21,2711,Western Michigan,Mid-American,fbs,31,ESPN Bet,9.5,Western Michigan -9.5,6.5,49.5,45.5,340.0,-450.0
401757231,2025,regular,2,2025-09-07T01:00:00.000Z,2638,UTEP,Conference USA,fbs,42,2630,UT Martin,Big South-OVC,fcs,17,ESPN Bet,-7.5,UTEP -7.5,-6.5,49.5,51.5,-300.0,250.0
401761597,2025,regular,2,2025-09-06T23:30:00.000Z,324,Coastal Carolina,Sun Belt,fbs,13,2127,Charleston Southern,Big South-OVC,fcs,0,ESPN Bet,-27.5,Coastal Carolina -27.5,-28.5,48.5,49.5,-10000.0,2500.0
401761600,2025,regular,2,2025-09-07T00:00:00.000Z,309,Louisiana,Sun Belt,fbs,34,2377,McNeese,Southland,fcs,10,ESPN Bet,-19.5,Louisiana -19.5,-20.0,49.5,51.5,-1600.0,800.0
401752819,2025,regular,2,2025-09-06T23:30:00.000Z,2509,Purdue,Big Ten,fbs,34,79,Southern Illinois,MVFC,fcs,17,ESPN Bet,-22.5,Purdue -22.5,-19.5,52.5,51.5,-1400.0,750.0
401757314,2025,regular,14,2025-11-29T19:00:00.000Z,2623,Missouri State,Conference USA,fbs,30,2348,Louisiana Tech,Conference USA,fbs,42,ESPN Bet,-2.5,Missouri State -2.5,-3.5,45.5,51.5,-130.0,110.0
401752791,2025,regular,14,2025-11-29T20:30:00.000Z,2633,Tennessee,SEC,fbs,24,238,Vanderbilt,SEC,fbs,45,ESPN Bet,-2.5,Tennessee -2.5,-3.5,66.5,64.5,-133.0,116.0
401752921,2025,regular,14,2025-11-29T17:00:00.000Z,130,Michigan,Big Ten,fbs,9,194,Ohio State,Big Ten,fbs,27,ESPN Bet,9.5,Ohio State -9.5,5.5,43.5,47.5,330.0,-400.0
401754620,2025,regular,2,2025-09-06T18:00:00.000Z,154,Wake Forest,ACC,fbs,42,2717,Western Carolina,Southern,fcs,10,ESPN Bet,-17.5,Wake Forest -17.5,-20.5,59.5,61.5,-1000.0,600.0
401752787,2025,regular,14,2025-11-29T17:00:00.000Z,97,Louisville,ACC,fbs,41,96,Kentucky,SEC,fbs,0,ESPN Bet,1.5,Kentucky -1.5,-4.5,45.5,47.5,105.0,-125.0
401754610,2025,regular,14,2025-11-29T20:30:00.000Z,150,Duke,ACC,fbs,49,154,Wake Forest,ACC,fbs,32,ESPN Bet,-2.5,Duke -2.5,-3.5,53.5,54.5,-130.0,110.0
401757313,2025,regular,14,2025-11-29T20:30:00.000Z,2335,Liberty,Conference USA,fbs,42,338,Kennesaw State,Conference USA,fbs,48,ESPN Bet,2.5,Kennesaw State -2.5,2.5,55.5,54.5,125.0,-145.0
401756962,2025,regular,14,2025-11-29T17:00:00.000Z,239,Baylor,Big 12,fbs,24,248,Houston,Big 12,fbs,31,ESPN Bet,-2.5,Baylor -2.5,-2.5,57.5,60.5,-135.0,115.0
401752815,2025,regular,2,2025-09-06T19:30:00.000Z,194,Ohio State,Big Ten,fbs,70,2755,Grambling,SWAC,fcs,0,ESPN Bet,-51.5,Ohio State -51.5,-55.5,64.5,62.5,,
401762872,2025,regular,14,2025-11-29T17:00:00.000Z,2117,Central Michigan,Mid-American,fbs,3,2649,Toledo,Mid-American,fbs,21,ESPN Bet,10.5,Toledo -10.5,9.5,46.5,44.5,340.0,-450.0
401761596,2025,regular,2,2025-09-06T19:30:00.000Z,2026,App State,Sun Belt,fbs,20,2815,Lindenwood,Big South-OVC,fcs,13,ESPN Bet,-29.5,App State -29.5,-31.5,54.5,52.5,,
401754622,2025,regular,2,2025-09-06T19:30:00.000Z,59,Georgia Tech,ACC,fbs,59,2241,Gardner-Webb,Big South-OVC,fcs,12,ESPN Bet,-37.5,Georgia Tech -37.5,-37.5,58.5,58.5,,
401754530,2025,regular,2,2025-09-06T22:00:00.000Z,25,California,ACC,fbs,35,2640,Texas Southern,SWAC,fcs,3,ESPN Bet,-44.5,California -44.5,-45.0,54.5,53.5,,
401752783,2025,regular,14,2025-11-29T20:30:00.000Z,8,Arkansas,SEC,fbs,17,142,Missouri,SEC,fbs,31,ESPN Bet,4.5,Missouri -4.5,2.5,54.5,58.5,175.0,-210.0
401762442,2025,regular,14,2025-11-28T20:30:00.000Z,249,North Texas,American Athletic,fbs,52,218,Temple,American Athletic,fbs,25,ESPN Bet,-20.5,North Texas -20.5,-19.5,65.5,64.5,-1800.0,900.0
401762795,2025,regular,2,2025-09-06T23:00:00.000Z,2199,Eastern Michigan,Mid-American,fbs,23,2341,Long Island University,NEC,fcs,28,ESPN Bet,-21.5,Eastern Michigan -21.5,-23.5,53.5,54.5,-2000.0,1000.0
401752836,2025,regular,3,2025-09-12T22:30:00.000Z,84,Indiana,Big Ten,fbs,73,282,Indiana State,MVFC,fcs,0,ESPN Bet,,,-48.5,60.5,59.5,,
401756879,2025,regular,2,2025-09-07T02:00:00.000Z,12,Arizona,Big 12,fbs,48,2692,Weber State,Big Sky,fcs,3,ESPN Bet,-31.5,Arizona -31.5,-31.5,56.5,56.5,-10000.0,2500.0
401760365,2025,regular,2,2025-09-06T21:00:00.000Z,2440,Nevada,Mountain West,fbs,20,16,Sacramento State,Big Sky,fcs,17,ESPN Bet,-9.5,Nevada -9.5,-7.5,55.5,54.5,-270.0,220.0
401756893,2025,regular,3,2025-09-12T23:30:00.000Z,248,Houston,Big 12,fbs,36,38,Colorado,Big 12,fbs,20,ESPN Bet,-3.5,Houston -3.5,-3.5,45.5,43.5,-190.0,160.0
401756888,2025,regular,3,2025-09-13T01:00:00.000Z,12,Arizona,Big 12,fbs,23,2306,Kansas State,Big 12,fbs,17,ESPN Bet,1.5,Kansas State -1.5,1.5,56.5,54.5,105.0,-120.0
401754531,2025,regular,3,2025-09-11T23:30:00.000Z,154,Wake Forest,ACC,fbs,24,152,NC State,ACC,fbs,34,ESPN Bet,7.5,NC State -7.5,7.5,52.5,55.5,230.0,-280.0
401756886,2025,regular,2,2025-09-06T23:00:00.000Z,2116,UCF,Big 12,fbs,68,2448,North Carolina A&T,CAA,fcs,7,ESPN Bet,-37.0,UCF -37,-40.0,51.5,50.5,,
401752837,2025,regular,3,2025-09-13T02:00:00.000Z,26,UCLA,Big Ten,fbs,10,167,New Mexico,Mountain West,fbs,35,ESPN Bet,-15.5,UCLA -15.5,-14.5,52.5,52.5,-700.0,450.0
401762816,2025,regular,2,2025-09-06T19:30:00.000Z,113,Massachusetts,Mid-American,fbs,26,2803,Bryant,CAA,fcs,27,ESPN Bet,-16.5,Massachusetts -16.5,-13.5,52.5,52.5,-800.0,500.0
401752691,2025,regular,2,2025-09-06T23:00:00.000Z,2579,South Carolina,SEC,fbs,38,2569,South Carolina State,MEAC,fcs,10,ESPN Bet,-42.5,South Carolina -42.5,-42.0,54.5,52.5,,
401752821,2025,regular,2,2025-09-07T03:00:00.000Z,264,Washington,Big Ten,fbs,70,302,UC Davis,Big Sky,fcs,10,ESPN Bet,-29.5,Washington -29.5,-28.0,54.5,53.5,-5000.0,1500.0
401754621,2025,regular,2,2025-09-06T16:00:00.000Z,52,Florida State,ACC,fbs,77,2837,East Texas A&M,Southland,fcs,3,ESPN Bet,-43.5,Florida State -43.5,-44.5,56.5,57.5,,
401756967,2025,regular,14,2025-11-29T20:30:00.000Z,2628,TCU,Big 12,fbs,45,2132,Cincinnati,Big 12,fbs,23,ESPN Bet,-3.5,TCU -3.5,-4.5,58.5,58.5,-145.0,125.0
401761661,2025,regular,14,2025-11-29T19:30:00.000Z,2026,App State,Sun Belt,fbs,29,2032,Arkansas State,Sun Belt,fbs,30,ESPN Bet,1.5,Arkansas State -1.5,-1.5,54.5,56.5,-105.0,-120.0
401752831,2025,regular,3,2025-09-13T16:00:00.000Z,77,Northwestern,Big Ten,fbs,14,2483,Oregon,Big Ten,fbs,34,ESPN Bet,24.5,Oregon -24.5,27.5,50.5,51.5,1800.0,-6000.0
401754527,2025,regular,2,2025-09-06T23:00:00.000Z,2429,Charlotte,American Athletic,fbs,3,153,North Carolina,ACC,fbs,20,ESPN Bet,16.5,North Carolina -16.5,16.5,49.5,47.5,500.0,-800.0
401754534,2025,regular,3,2025-09-14T00:00:00.000Z,2655,Tulane,American Athletic,fbs,34,150,Duke,ACC,fbs,27,ESPN Bet,1.5,Duke -1.5,-2.5,53.5,52.5,-110.0,-110.0
401752703,2025,regular,3,2025-09-13T16:00:00.000Z,218,Temple,American Athletic,fbs,3,201,Oklahoma,SEC,fbs,42,ESPN Bet,24.5,Oklahoma -24.5,25.5,51.5,51.5,1250.0,-3000.0
401761608,2025,regular,3,2025-09-13T16:00:00.000Z,2653,Troy,Sun Belt,fbs,7,235,Memphis,American Athletic,fbs,28,ESPN Bet,4.5,Memphis -4.5,,51.5,50.5,160.0,-190.0
401752696,2025,regular,3,2025-09-13T16:00:00.000Z,333,Alabama,SEC,fbs,38,275,Wisconsin,Big Ten,fbs,14,ESPN Bet,-18.5,Alabama -18.5,-22.5,45.5,46.5,-1600.0,800.0
401754532,2025,regular,3,2025-09-12T23:00:00.000Z,183,Syracuse,ACC,fbs,66,2142,Colgate,Patriot,fcs,24,ESPN Bet,-37.5,Syracuse -37.5,-37.5,64.5,66.5,-50000.0,3500.0
401752938,2025,regular,3,2025-09-13T19:30:00.000Z,2641,Texas Tech,Big 12,fbs,45,204,Oregon State,Pac-12,fbs,14,ESPN Bet,-23.5,Texas Tech -23.5,-24.5,61.5,60.5,-3000.0,1200.0
401752949,2025,regular,3,2025-09-13T19:30:00.000Z,249,North Texas,American Athletic,fbs,59,265,Washington State,Pac-12,fbs,10,ESPN Bet,-6.5,North Texas -6.5,-5.5,58.5,58.5,-280.0,230.0
401754536,2025,regular,3,2025-09-13T23:00:00.000Z,259,Virginia Tech,ACC,fbs,26,295,Old Dominion,Sun Belt,fbs,45,ESPN Bet,-5.5,Virginia Tech -5.5,-6.5,50.5,51.5,-215.0,180.0
401752832,2025,regular,3,2025-09-13T19:30:00.000Z,2509,Purdue,Big Ten,fbs,17,30,USC,Big Ten,fbs,33,ESPN Bet,20.5,USC -20.5,21.5,59.5,58.5,1000.0,-2000.0
401752835,2025,regular,3,2025-09-13T19:30:00.000Z,213,Penn State,Big Ten,fbs,52,222,Villanova,CAA,fcs,6,ESPN Bet,-47.5,Penn State -47.5,-47.5,56.5,55.5,,
401752830,2025,regular,3,2025-09-13T23:30:00.000Z,2294,Iowa,Big Ten,fbs,47,113,Massachusetts,Mid-American,fbs,7,ESPN Bet,-35.5,Iowa -35.5,-33.5,44.5,44.5,-100000.0,4000.0
401752704,2025,regular,3,2025-09-13T23:45:00.000Z,2579,South Carolina,SEC,fbs,7,238,Vanderbilt,SEC,fbs,31,ESPN Bet,-2.5,South Carolina -2.5,-5.5,48.5,47.5,-145.0,125.0
401756895,2025,regular,3,2025-09-14T00:00:00.000Z,2751,Wyoming,Mountain West,fbs,6,254,Utah,Big 12,fbs,31,ESPN Bet,24.5,Utah -24.5,22.5,47.5,47.5,1300.0,-4000.0
401762465,2025,regular,3,2025-09-14T00:00:00.000Z,202,Tulsa,American Athletic,fbs,23,2426,Navy,American Athletic,fbs,42,ESPN Bet,13.5,Navy -13.5,14.5,53.5,53.5,450.0,-700.0
401752838,2025,regular,3,2025-09-13T16:00:00.000Z,120,Maryland,Big Ten,fbs,44,119,Towson,CAA,fcs,17,ESPN Bet,-28.5,Maryland -28.5,-28.5,53.5,50.5,-7500.0,2000.0
401754535,2025,regular,3,2025-09-13T20:30:00.000Z,2390,Miami,ACC,fbs,49,58,South Florida,American Athletic,fbs,12,ESPN Bet,-17.5,Miami -17.5,-15.5,56.5,54.5,-800.0,500.0
401762817,2025,regular,3,2025-09-13T16:00:00.000Z,2309,Kent State,Mid-American,fbs,28,2084,Buffalo,Mid-American,fbs,31,ESPN Bet,24.5,Buffalo -24.5,22.5,47.5,48.5,1300.0,-4000.0
401752839,2025,regular,3,2025-09-13T16:00:00.000Z,130,Michigan,Big Ten,fbs,63,2117,Central Michigan,Mid-American,fbs,3,ESPN Bet,-27.5,Michigan -27.5,-27.5,42.5,41.5,-4000.0,1300.0
401760364,2025,regular,2,2025-09-06T23:00:00.000Z,36,Colorado State,Mountain West,fbs,21,2458,Northern Colorado,Big Sky,fcs,17,ESPN Bet,-34.5,Colorado State -34.5,-34.5,52.5,52.5,-100000.0,4000.0
401757168,2025,regular,3,2025-09-13T19:00:00.000Z,48,Delaware,Conference USA,fbs,44,41,UConn,FBS Independents,fbs,41,ESPN Bet,9.5,UConn -9.5,10.5,51.5,51.5,270.0,-340.0
401752918,2025,regular,14,2025-11-29T20:30:00.000Z,135,Minnesota,Big Ten,fbs,17,275,Wisconsin,Big Ten,fbs,7,ESPN Bet,2.5,Wisconsin -2.5,-2.5,38.5,38.5,125.0,-145.0
401761662,2025,regular,14,2025-11-29T20:45:00.000Z,324,Coastal Carolina,Sun Belt,fbs,10,256,James Madison,Sun Belt,fbs,59,ESPN Bet,23.5,James Madison -23.5,21.5,53.5,53.5,1300.0,-4000.0
401752697,2025,regular,3,2025-09-13T16:45:00.000Z,2,Auburn,SEC,fbs,31,6,South Alabama,Sun Belt,fbs,15,ESPN Bet,-26.5,Auburn -26.5,-25.5,55.5,53.5,-4000.0,1300.0
401754615,2025,regular,3,2025-09-13T19:30:00.000Z,2623,Missouri State,Conference USA,fbs,10,2567,SMU,ACC,fbs,28,ESPN Bet,28.5,SMU -28.5,27.5,59.5,61.5,2500.0,-10000.0
401756890,2025,regular,3,2025-09-13T20:00:00.000Z,2032,Arkansas State,Sun Belt,fbs,16,66,Iowa State,Big 12,fbs,24,ESPN Bet,20.5,Iowa State -20.5,21.5,55.5,54.5,1000.0,-2000.0
401761607,2025,regular,3,2025-09-13T23:00:00.000Z,2572,Southern Miss,Sun Belt,fbs,38,2026,App State,Sun Belt,fbs,22,ESPN Bet,2.5,App State -2.5,-2.5,56.5,53.5,135.0,-155.0
401754639,2025,regular,3,2025-09-13T19:30:00.000Z,153,North Carolina,ACC,fbs,41,257,Richmond,Patriot,fcs,6,ESPN Bet,-24.5,North Carolina -24.5,-21.0,47.5,46.5,-5000.0,1500.0
401757257,2025,regular,3,2025-09-13T23:30:00.000Z,2348,Louisiana Tech,Conference USA,fbs,49,166,New Mexico State,Conference USA,fbs,14,ESPN Bet,-10.5,Louisiana Tech -10.5,-12.5,42.5,46.5,-380.0,290.0
401752702,2025,regular,3,2025-09-13T17:00:00.000Z,142,Missouri,SEC,fbs,52,309,Louisiana,Sun Belt,fbs,10,ESPN Bet,-27.5,Missouri -27.5,-22.5,46.5,50.5,-4000.0,1300.0
401756891,2025,regular,3,2025-09-13T16:00:00.000Z,239,Baylor,Big 12,fbs,42,2535,Samford,Southern,fcs,7,ESPN Bet,-52.5,Baylor -52.5,-47.5,64.5,58.5,,
401752946,2025,regular,14,2025-11-29T23:30:00.000Z,265,Washington State,Pac-12,fbs,32,204,Oregon State,Pac-12,fbs,8,ESPN Bet,-14.5,Washington State -14.5,-12.5,42.5,43.5,-700.0,450.0
401752698,2025,regular,3,2025-09-13T23:30:00.000Z,96,Kentucky,SEC,fbs,48,2199,Eastern Michigan,Mid-American,fbs,23,ESPN Bet,-26.5,Kentucky -26.5,-25.5,50.5,48.5,-3000.0,1200.0
401752700,2025,regular,3,2025-09-13T23:00:00.000Z,145,Ole Miss,SEC,fbs,41,8,Arkansas,SEC,fbs,35,ESPN Bet,-4.5,Ole Miss -4.5,-8.5,60.5,60.5,-175.0,150.0
401754609,2025,regular,14,2025-11-30T01:00:00.000Z,25,California,ACC,fbs,38,2567,SMU,ACC,fbs,35,ESPN Bet,13.5,SMU -13.5,10.5,52.5,54.5,400.0,-600.0
401752840,2025,regular,3,2025-09-14T02:30:00.000Z,25,California,ACC,fbs,27,135,Minnesota,Big Ten,fbs,14,ESPN Bet,3.5,Minnesota -3.5,2.5,39.5,43.5,140.0,-165.0
401760423,2025,regular,14,2025-11-30T03:30:00.000Z,23,San José State,Mountain West,fbs,14,278,Fresno State,Mountain West,fbs,41,ESPN Bet,3.5,Fresno State -3.5,2.5,44.5,46.5,140.0,-165.0
401760425,2025,regular,14,2025-11-30T02:00:00.000Z,2440,Nevada,Mountain West,fbs,17,2439,UNLV,Mountain West,fbs,42,ESPN Bet,7.5,UNLV -7.5,9.5,52.5,52.5,260.0,-320.0
401754619,2025,regular,3,2025-09-13T16:00:00.000Z,258,Virginia,ACC,fbs,55,2729,William & Mary,CAA,fcs,16,ESPN Bet,-29.5,Virginia -29.5,-26.5,52.5,51.5,-7500.0,2000.0
401762871,2025,regular,14,2025-11-28T17:00:00.000Z,2459,Northern Illinois,Mid-American,fbs,31,2309,Kent State,Mid-American,fbs,35,ESPN Bet,-5.5,Northern Illinois -5.5,-4.5,44.5,44.5,-200.0,170.0
401752706,2025,regular,3,2025-09-13T20:15:00.000Z,251,Texas,SEC,fbs,27,2638,UTEP,Conference USA,fbs,10,ESPN Bet,-40.5,Texas -40.5,-36.5,52.5,54.5,,
401760368,2025,regular,3,2025-09-14T01:45:00.000Z,328,Utah State,Mountain West,fbs,49,2005,Air Force,Mountain West,fbs,30,ESPN Bet,3.5,Air Force -3.5,3.5,51.5,51.5,160.0,-190.0
401757258,2025,regular,3,2025-09-13T21:00:00.000Z,2440,Nevada,Mountain West,fbs,13,2393,Middle Tennessee,Conference USA,fbs,14,ESPN Bet,-9.5,Nevada -9.5,-9.5,49.5,44.5,-320.0,260.0
401752828,2025,regular,3,2025-09-13T16:00:00.000Z,158,Nebraska,Big Ten,fbs,59,2277,Houston Christian,Southland,fcs,7,ESPN Bet,-46.5,Nebraska -46.5,-42.0,57.5,54.5,,
401757256,2025,regular,3,2025-09-13T21:00:00.000Z,189,Bowling Green,Mid-American,fbs,23,2335,Liberty,Conference USA,fbs,13,ESPN Bet,6.5,Liberty -6.5,7.5,51.5,51.5,190.0,-225.0
401757233,2025,regular,3,2025-09-13T22:00:00.000Z,2229,Florida International,Conference USA,fbs,38,2226,Florida Atlantic,American Athletic,fbs,28,ESPN Bet,-1.5,Florida International -1.5,-4.5,56.5,54.5,-125.0,105.0
401752827,2025,regular,3,2025-09-13T23:00:00.000Z,194,Ohio State,Big Ten,fbs,37,195,Ohio,Mid-American,fbs,9,ESPN Bet,-28.5,Ohio State -28.5,-25.5,49.5,58.5,-50000.0,3500.0
401757234,2025,regular,3,2025-09-13T23:00:00.000Z,290,Georgia Southern,Sun Belt,fbs,41,55,Jacksonville State,Conference USA,fbs,34,ESPN Bet,-3.5,Georgia Southern -3.5,-2.5,57.5,54.5,-170.0,145.0
401752829,2025,regular,3,2025-09-13T23:00:00.000Z,356,Illinois,Big Ten,fbs,38,2711,Western Michigan,Mid-American,fbs,0,ESPN Bet,-27.5,Illinois -27.5,-28.5,50.5,51.5,-5000.0,1500.0
401756889,2025,regular,3,2025-09-14T02:30:00.000Z,9,Arizona State,Big 12,fbs,34,326,Texas State,Sun Belt,fbs,15,ESPN Bet,-18.5,Arizona State -18.5,-14.5,61.5,58.5,-1000.0,600.0
401754533,2025,regular,3,2025-09-14T02:30:00.000Z,24,Stanford,ACC,fbs,30,103,Boston College,ACC,fbs,20,ESPN Bet,13.5,Boston College -13.5,10.5,46.5,43.5,425.0,-650.0
401761604,2025,regular,3,2025-09-13T23:30:00.000Z,324,Coastal Carolina,Sun Belt,fbs,0,151,East Carolina,American Athletic,fbs,38,ESPN Bet,7.5,East Carolina -7.5,6.5,56.5,55.5,225.0,-275.0
401762818,2025,regular,3,2025-09-13T18:00:00.000Z,2050,Ball State,Mid-American,fbs,34,160,New Hampshire,CAA,fcs,29,ESPN Bet,-2.5,Ball State -2.5,-1.0,46.5,47.5,-145.0,125.0
401762463,2025,regular,3,2025-09-14T00:30:00.000Z,5,UAB,American Athletic,fbs,31,2006,Akron,Mid-American,fbs,28,ESPN Bet,-13.5,UAB -13.5,-11.5,59.5,53.5,-500.0,360.0
401762870,2025,regular,14,2025-11-28T17:00:00.000Z,2084,Buffalo,Mid-American,fbs,26,195,Ohio,Mid-American,fbs,31,ESPN Bet,7.5,Ohio -7.5,6.5,45.5,47.5,200.0,-240.0
401756892,2025,regular,3,2025-09-13T19:30:00.000Z,2132,Cincinnati,Big 12,fbs,70,2466,Northwestern State,Southland,fcs,0,ESPN Bet,,,,56.5,52.5,,
401762464,2025,regular,3,2025-09-13T22:00:00.000Z,2429,Charlotte,American Athletic,fbs,42,2405,Monmouth,CAA,fcs,35,ESPN Bet,-2.5,Charlotte -2.5,-3.5,65.5,67.5,-140.0,120.0
401762466,2025,regular,3,2025-09-13T23:00:00.000Z,242,Rice,American Athletic,fbs,38,2504,Prairie View A&M,SWAC,fcs,17,ESPN Bet,-29.5,Rice -29.5,-28.5,48.5,48.5,-10000.0,2500.0
401754641,2025,regular,2,2025-09-06T23:00:00.000Z,2390,Miami,ACC,fbs,45,2065,Bethune-Cookman,SWAC,fcs,3,ESPN Bet,-54.5,Miami -54.5,-56.5,64.5,64.5,,
401756894,2025,regular,3,2025-09-14T00:00:00.000Z,2628,TCU,Big 12,fbs,42,2000,Abilene Christian,UAC,fcs,21,ESPN Bet,-41.5,TCU -41.5,-38.5,58.5,56.5,,
401752844,2025,regular,4,2025-09-20T00:00:00.000Z,164,Rutgers,Big Ten,fbs,28,2294,Iowa,Big Ten,fbs,38,ESPN Bet,2.5,Iowa -2.5,2.5,46.5,46.5,115.0,-135.0
401760369,2025,regular,3,2025-09-14T02:00:00.000Z,278,Fresno State,Mountain West,fbs,56,2582,Southern,SWAC,fcs,7,ESPN Bet,-35.5,Fresno State -35.5,-35.0,50.5,48.5,,
401760370,2025,regular,3,2025-09-14T03:59:00.000Z,62,Hawai'i,Mountain West,fbs,23,2502,Portland State,Big Sky,fcs,3,ESPN Bet,-36.5,Hawai'i -36.5,-38.5,54.5,52.5,,
401754636,2025,regular,4,2025-09-20T16:00:00.000Z,2628,TCU,Big 12,fbs,35,2567,SMU,ACC,fbs,24,ESPN Bet,-6.5,TCU -6.5,-6.5,63.5,63.5,-225.0,190.0
401757312,2025,regular,14,2025-11-29T19:00:00.000Z,55,Jacksonville State,Conference USA,fbs,37,98,Western Kentucky,Conference USA,fbs,34,ESPN Bet,1.5,Western Kentucky -1.5,2.5,56.5,55.5,105.0,-125.0
401752834,2025,regular,3,2025-09-13T19:30:00.000Z,127,Michigan State,Big Ten,fbs,41,2754,Youngstown State,MVFC,fcs,24,ESPN Bet,-27.5,Michigan State -27.5,-23.5,56.5,52.5,-3000.0,1200.0
401752833,2025,regular,3,2025-09-13T19:30:00.000Z,164,Rutgers,Big Ten,fbs,60,2450,Norfolk State,MEAC,fcs,10,ESPN Bet,-45.5,Rutgers -45.5,-44.5,55.5,55.5,,
401762467,2025,regular,3,2025-09-13T19:30:00.000Z,2636,UTSA,American Athletic,fbs,48,2916,Incarnate Word,Southland,fcs,20,ESPN Bet,-21.5,UTSA -21.5,-16.5,62.5,61.5,-1600.0,800.0
401756896,2025,regular,4,2025-09-20T23:30:00.000Z,239,Baylor,Big 12,fbs,24,9,Arizona State,Big 12,fbs,27,ESPN Bet,-1.5,Baylor -1.5,-2.5,61.5,58.5,-140.0,120.0
401779511,2025,regular,2,2025-09-06T16:00:00.000Z,2385,Mercyhurst,NEC,fcs,48,2441,New Haven,NEC,fcs,14,ESPN Bet,-12.5,Mercyhurst -12.5,,52.5,,,
401762819,2025,regular,3,2025-09-13T19:30:00.000Z,2649,Toledo,Mid-American,fbs,60,2415,Morgan State,MEAC,fcs,0,ESPN Bet,-33.5,Toledo -33.5,-34.5,54.5,51.5,-100000.0,4000.0
401752845,2025,regular,4,2025-09-20T16:00:00.000Z,275,Wisconsin,Big Ten,fbs,10,120,Maryland,Big Ten,fbs,27,ESPN Bet,-10.5,Wisconsin -10.5,-6.5,44.5,43.5,-400.0,300.0
401752714,2025,regular,4,2025-09-20T19:30:00.000Z,201,Oklahoma,SEC,fbs,24,2,Auburn,SEC,fbs,17,ESPN Bet,-6.5,Oklahoma -6.5,-6.5,47.5,49.5,-250.0,210.0
401752847,2025,regular,4,2025-09-21T03:00:00.000Z,30,USC,Big Ten,fbs,45,127,Michigan State,Big Ten,fbs,31,ESPN Bet,-18.5,USC -18.5,-16.5,55.5,56.5,-1000.0,600.0
401761606,2025,regular,3,2025-09-13T22:00:00.000Z,276,Marshall,Sun Belt,fbs,38,2198,Eastern Kentucky,UAC,fcs,7,ESPN Bet,-17.5,Marshall -17.5,-14.5,51.5,50.5,-800.0,500.0
401752848,2025,regular,4,2025-09-20T19:30:00.000Z,87,Notre Dame,FBS Independents,fbs,56,2509,Purdue,Big Ten,fbs,30,ESPN Bet,-24.5,Notre Dame -24.5,-26.5,51.5,52.5,-3000.0,1200.0
401752713,2025,regular,4,2025-09-20T23:00:00.000Z,142,Missouri,SEC,fbs,29,2579,South Carolina,SEC,fbs,20,ESPN Bet,-10.5,Missouri -10.5,-12.5,48.5,45.5,-360.0,280.0
401767658,2025,regular,2,2025-09-06T16:00:00.000Z,2329,Lehigh,Patriot,fcs,28,2529,Sacred Heart,FCS Independents,fcs,10,ESPN Bet,-20.0,Lehigh -20,,42.5,,,
401757235,2025,regular,3,2025-09-13T22:00:00.000Z,338,Kennesaw State,Conference USA,fbs,27,2771,Merrimack,FCS Independents,fcs,13,ESPN Bet,-17.5,Kennesaw State -17.5,-10.0,44.5,44.5,-1200.0,700.0
401767771,2025,regular,2,2025-09-06T17:00:00.000Z,284,Stonehill,NEC,fcs,26,322,Lafayette,Patriot,fcs,42,ESPN Bet,14.0,Lafayette -14,,45.5,,,
401761605,2025,regular,3,2025-09-13T23:00:00.000Z,2247,Georgia State,Sun Belt,fbs,37,93,Murray State,MVFC,fcs,21,ESPN Bet,-31.5,Georgia State -31.5,-32.0,63.5,63.5,,
401752701,2025,regular,3,2025-09-13T22:00:00.000Z,344,Mississippi State,SEC,fbs,63,2016,Alcorn State,SWAC,fcs,0,ESPN Bet,,,-42.5,54.5,52.5,,
401767626,2025,regular,2,2025-09-06T17:00:00.000Z,2368,Marist,Pioneer,fcs,23,2083,Bucknell,Patriot,fcs,34,ESPN Bet,12.0,Bucknell -12,,56.5,,,
401767231,2025,regular,2,2025-09-06T17:00:00.000Z,2635,Tennessee Tech,Big South-OVC,fcs,45,236,Chattanooga,Southern,fcs,17,ESPN Bet,-5.5,Tennessee Tech -5.5,,48.5,,,
401767172,2025,regular,2,2025-09-06T17:00:00.000Z,282,Indiana State,MVFC,fcs,38,2197,Eastern Illinois,Big South-OVC,fcs,14,ESPN Bet,-3.5,Indiana State -3.5,,50.5,,,
401767550,2025,regular,2,2025-09-06T18:00:00.000Z,2754,Youngstown State,MVFC,fcs,56,2523,Robert Morris,NEC,fcs,17,ESPN Bet,-19.5,Youngstown State -19.5,,50.5,,,
401767224,2025,regular,2,2025-09-06T18:30:00.000Z,2634,Tennessee State,Big South-OVC,fcs,3,2449,North Dakota State,MVFC,fcs,59,ESPN Bet,32.5,North Dakota State -32.5,,49.5,,,
401767719,2025,regular,2,2025-09-06T17:00:00.000Z,46,Georgetown,Patriot,fcs,31,2681,Wagner,NEC,fcs,20,ESPN Bet,-16.0,Georgetown -16,,48.5,,,
401767579,2025,regular,2,2025-09-06T19:30:00.000Z,2535,Samford,Southern,fcs,13,2643,The Citadel,Southern,fcs,40,ESPN Bet,-2.5,Samford -2.5,,45.5,,,
401767565,2025,regular,2,2025-09-06T18:00:00.000Z,231,Furman,Southern,fcs,38,2506,Presbyterian,Pioneer,fcs,39,ESPN Bet,-8.5,Furman -8.5,,44.5,,,
401767089,2025,regular,2,2025-09-06T20:00:00.000Z,70,Idaho,Big Sky,fcs,37,2900,St. Thomas (MN),Pioneer,fcs,30,ESPN Bet,-21.5,Idaho -21.5,,47.5,,,
401767112,2025,regular,2,2025-09-06T21:00:00.000Z,2464,Northern Arizona,Big Sky,fcs,38,3101,Utah Tech,UAC,fcs,31,ESPN Bet,-21.0,Northern Arizona -21,,55.5,,,
401767332,2025,regular,2,2025-09-06T17:00:00.000Z,2169,Delaware State,MEAC,fcs,37,399,UAlbany,CAA,fcs,32,ESPN Bet,12.5,UAlbany -12.5,,50.5,,,
401767336,2025,regular,2,2025-09-06T22:00:00.000Z,222,Villanova,CAA,fcs,24,2142,Colgate,Patriot,fcs,17,ESPN Bet,-20.0,Villanova -20,,50.5,,,
401767277,2025,regular,2,2025-09-06T22:00:00.000Z,2198,Eastern Kentucky,UAC,fcs,20,2277,Houston Christian,Southland,fcs,10,ESPN Bet,-18.0,Eastern Kentucky -18,,53.5,,,
401767257,2025,regular,2,2025-09-06T22:00:00.000Z,2230,Fordham,Patriot,fcs,28,2405,Monmouth,CAA,fcs,49,ESPN Bet,14.5,Monmouth -14.5,,65.5,,,
401767482,2025,regular,2,2025-09-06T23:00:00.000Z,2320,Lamar,Southland,fcs,20,233,South Dakota,MVFC,fcs,13,ESPN Bet,17.0,South Dakota -17,,51.5,,,
401767127,2025,regular,2,2025-09-06T23:00:00.000Z,155,North Dakota,MVFC,fcs,50,2502,Portland State,Big Sky,fcs,20,ESPN Bet,-36.5,North Dakota -36.5,,58.5,,,
401767266,2025,regular,2,2025-09-06T22:00:00.000Z,160,New Hampshire,CAA,fcs,19,107,Holy Cross,Patriot,fcs,16,ESPN Bet,-1.5,New Hampshire -1.5,,46.5,,,
401767328,2025,regular,2,2025-09-06T23:00:00.000Z,2415,Morgan State,MEAC,fcs,22,119,Towson,CAA,fcs,27,ESPN Bet,10.0,Towson -10,,48.5,,,
401767681,2025,regular,6,2025-10-03T23:30:00.000Z,163,Princeton,Ivy,fcs,17,171,Columbia,Ivy,fcs,10,ESPN Bet,-3.5,Princeton -3.5,,48.5,,,
401767320,2025,regular,6,2025-10-03T23:00:00.000Z,225,Brown,Ivy,fcs,28,227,Rhode Island,CAA,fcs,21,ESPN Bet,14.5,Rhode Island -14.5,,48.5,,,
401762470,2025,regular,4,2025-09-20T16:00:00.000Z,58,South Florida,American Athletic,fbs,63,2569,South Carolina State,MEAC,fcs,14,ESPN Bet,-35.5,South Florida -35.5,-30.0,58.5,56.5,-100000.0,4000.0
401754543,2025,regular,5,2025-09-26T23:00:00.000Z,258,Virginia,ACC,fbs,46,52,Florida State,ACC,fbs,38,ESPN Bet,6.5,Florida State -6.5,7.5,60.5,51.5,230.0,-280.0
401752939,2025,regular,5,2025-09-27T02:30:00.000Z,204,Oregon State,Pac-12,fbs,24,248,Houston,Big 12,fbs,27,ESPN Bet,11.5,Houston -11.5,12.5,48.5,,360.0,-500.0
401754562,2025,regular,7,2025-10-11T19:30:00.000Z,87,Notre Dame,FBS Independents,fbs,36,152,NC State,ACC,fbs,7,ESPN Bet,-24.5,Notre Dame -24.5,-22.5,59.5,62.5,-2500.0,1100.0
401761631,2025,regular,8,2025-10-18T19:30:00.000Z,256,James Madison,Sun Belt,fbs,63,295,Old Dominion,Sun Belt,fbs,27,ESPN Bet,-3.5,James Madison -3.5,-2.5,47.5,47.5,-145.0,125.0
401754617,2025,regular,4,2025-09-20T16:00:00.000Z,259,Virginia Tech,ACC,fbs,38,2747,Wofford,Southern,fcs,6,ESPN Bet,,,-34.5,51.5,48.5,-100000.0,4000.0
401757278,2025,regular,7,2025-10-08T23:30:00.000Z,2393,Middle Tennessee,Conference USA,fbs,20,2623,Missouri State,Conference USA,fbs,22,ESPN Bet,2.5,Missouri State -2.5,2.5,52.5,,125.0,-145.0
401762481,2025,regular,7,2025-10-10T23:30:00.000Z,249,North Texas,American Athletic,fbs,36,58,South Florida,American Athletic,fbs,63,ESPN Bet,-2.5,North Texas -2.5,-1.5,68.5,,-135.0,115.0
401752862,2025,regular,7,2025-10-11T01:00:00.000Z,264,Washington,Big Ten,fbs,38,164,Rutgers,Big Ten,fbs,19,ESPN Bet,-9.5,Washington -9.5,-10.5,62.5,,-360.0,280.0
401762828,2025,regular,5,2025-09-27T22:30:00.000Z,2711,Western Michigan,Mid-American,fbs,47,227,Rhode Island,CAA,fcs,14,ESPN Bet,-8.5,Western Michigan -8.5,-7.5,44.5,46.5,-290.0,240.0
401767691,2025,regular,7,2025-10-10T23:00:00.000Z,108,Harvard,Ivy,fcs,34,172,Cornell,Ivy,fcs,10,ESPN Bet,-32.5,Harvard -32.5,,58.5,,,
401762822,2025,regular,4,2025-09-20T17:00:00.000Z,2117,Central Michigan,Mid-American,fbs,49,2681,Wagner,NEC,fcs,10,ESPN Bet,-30.5,Central Michigan -30.5,-28.5,46.5,45.5,-10000.0,2500.0
401767251,2025,regular,7,2025-10-11T22:00:00.000Z,2198,Eastern Kentucky,UAC,fcs,34,2046,Austin Peay,UAC,fcs,20,ESPN Bet,10.0,Austin Peay -10,,46.5,,,
401762827,2025,regular,5,2025-09-27T19:30:00.000Z,193,Miami (OH),Mid-American,fbs,38,2815,Lindenwood,Big South-OVC,fcs,0,ESPN Bet,-22.5,Miami (OH) -22.5,-21.0,49.5,49.5,-2500.0,1100.0
401767034,2025,regular,7,2025-10-10T23:00:00.000Z,2803,Bryant,CAA,fcs,19,225,Brown,Ivy,fcs,29,ESPN Bet,4.5,Brown -4.5,,54.5,,,
401767776,2025,regular,7,2025-10-11T16:00:00.000Z,2681,Wagner,NEC,fcs,7,2385,Mercyhurst,NEC,fcs,19,ESPN Bet,6.0,Mercyhurst -6,,46.5,,,
401767744,2025,regular,7,2025-10-11T18:00:00.000Z,2523,Robert Morris,NEC,fcs,12,2115,Central Connecticut,NEC,fcs,24,ESPN Bet,9.5,Central Connecticut -9.5,,45.5,,,
401767596,2025,regular,7,2025-10-11T17:00:00.000Z,2086,Butler,Pioneer,fcs,25,2506,Presbyterian,Pioneer,fcs,31,ESPN Bet,10.5,Presbyterian -10.5,,51.5,,,
401756902,2025,regular,5,2025-09-27T01:00:00.000Z,9,Arizona State,Big 12,fbs,27,2628,TCU,Big 12,fbs,24,ESPN Bet,-2.5,Arizona State -2.5,-2.5,54.5,,-150.0,130.0
401767614,2025,regular,5,2025-09-27T16:00:00.000Z,2168,Dayton,Pioneer,fcs,48,56,Stetson,Pioneer,fcs,14,ESPN Bet,-25.5,Dayton -25.5,,49.5,,,
401762480,2025,regular,7,2025-10-09T23:30:00.000Z,2655,Tulane,American Athletic,fbs,26,151,East Carolina,American Athletic,fbs,19,ESPN Bet,-6.5,Tulane -6.5,-7.5,53.5,53.5,-270.0,220.0
401752728,2025,regular,6,2025-10-04T16:00:00.000Z,61,Georgia,SEC,fbs,35,96,Kentucky,SEC,fbs,14,ESPN Bet,-19.5,Georgia -19.5,,49.5,50.5,-1600.0,800.0
401754557,2025,regular,6,2025-10-04T18:00:00.000Z,152,NC State,ACC,fbs,56,2097,Campbell,CAA,fcs,10,ESPN Bet,-41.5,NC State -41.5,-42.5,60.5,61.5,,
401752856,2025,regular,6,2025-10-04T16:00:00.000Z,130,Michigan,Big Ten,fbs,24,275,Wisconsin,Big Ten,fbs,10,ESPN Bet,-17.5,Michigan -17.5,-16.5,42.5,41.5,-900.0,550.0
401760396,2025,regular,8,2025-10-18T01:00:00.000Z,328,Utah State,Mountain West,fbs,30,23,San José State,Mountain West,fbs,25,ESPN Bet,-3.5,Utah State -3.5,-4.5,62.5,63.5,-155.0,135.0
401752745,2025,regular,8,2025-10-18T16:00:00.000Z,238,Vanderbilt,SEC,fbs,31,99,LSU,SEC,fbs,24,ESPN Bet,-1.5,Vanderbilt -1.5,-2.5,48.5,48.5,-125.0,105.0
401767437,2025,regular,2,2025-09-06T23:00:00.000Z,2287,Illinois State,MVFC,fcs,41,2413,Morehead State,Pioneer,fcs,13,ESPN Bet,-31.5,Illinois State -31.5,,52.5,,,
401760375,2025,regular,4,2025-09-20T21:00:00.000Z,23,San José State,Mountain West,fbs,31,70,Idaho,Big Sky,fcs,28,ESPN Bet,-13.5,San José State -13.5,-14.0,51.5,50.5,-700.0,450.0
401756906,2025,regular,5,2025-09-27T16:00:00.000Z,2306,Kansas State,Big 12,fbs,34,2116,UCF,Big 12,fbs,20,ESPN Bet,-5.5,Kansas State -5.5,-5.5,48.5,,-210.0,175.0
401752710,2025,regular,4,2025-09-20T23:45:00.000Z,99,LSU,SEC,fbs,56,2545,SE Louisiana,Southland,fcs,10,ESPN Bet,-48.5,LSU -48.5,,60.5,51.5,,
401767551,2025,regular,4,2025-09-20T16:00:00.000Z,225,Brown,Ivy,fcs,46,46,Georgetown,Patriot,fcs,0,ESPN Bet,3.5,Georgetown -3.5,,57.5,,,
401760377,2025,regular,4,2025-09-21T00:00:00.000Z,328,Utah State,Mountain West,fbs,48,2377,McNeese,Southland,fcs,7,ESPN Bet,-23.5,Utah State -23.5,-23.5,62.5,61.5,-2500.0,1100.0
401762823,2025,regular,4,2025-09-20T19:30:00.000Z,195,Ohio,Mid-American,fbs,52,2241,Gardner-Webb,Big South-OVC,fcs,35,ESPN Bet,-29.5,Ohio -29.5,-25.0,54.5,51.5,-10000.0,2500.0
401761612,2025,regular,4,2025-09-21T00:00:00.000Z,326,Texas State,Sun Belt,fbs,35,2447,Nicholls,Southland,fcs,3,ESPN Bet,-32.5,Texas State -32.5,-29.5,56.5,54.5,-20000.0,3000.0
401767406,2025,regular,5,2025-09-27T16:00:00.000Z,2681,Wagner,NEC,fcs,18,2450,Norfolk State,MEAC,fcs,13,ESPN Bet,2.5,Norfolk State -2.5,,47.5,,,
401752859,2025,regular,6,2025-10-04T23:30:00.000Z,194,Ohio State,Big Ten,fbs,42,135,Minnesota,Big Ten,fbs,3,ESPN Bet,-23.5,Ohio State -23.5,-24.5,42.5,44.5,-2500.0,1100.0
401760393,2025,regular,8,2025-10-18T19:30:00.000Z,68,Boise State,Mountain West,fbs,56,2439,UNLV,Mountain West,fbs,31,ESPN Bet,-13.5,Boise State -13.5,-10.5,61.5,62.5,-500.0,360.0
401767270,2025,regular,7,2025-10-11T17:00:00.000Z,227,Rhode Island,CAA,fcs,38,160,New Hampshire,CAA,fcs,27,ESPN Bet,-9.5,Rhode Island -9.5,,45.5,,,
401752869,2025,regular,7,2025-10-11T23:00:00.000Z,275,Wisconsin,Big Ten,fbs,0,2294,Iowa,Big Ten,fbs,37,ESPN Bet,4.5,Iowa -4.5,3.5,37.5,37.5,190.0,-225.0
401752734,2025,regular,7,2025-10-11T16:00:00.000Z,142,Missouri,SEC,fbs,24,333,Alabama,SEC,fbs,27,ESPN Bet,3.5,Alabama -3.5,5.5,50.5,,140.0,-165.0
401767576,2025,regular,7,2025-10-11T16:00:00.000Z,163,Princeton,Ivy,fcs,14,2382,Mercer,Southern,fcs,38,ESPN Bet,9.5,Mercer -9.5,,53.5,,,
401767739,2025,regular,7,2025-10-11T17:00:00.000Z,2142,Colgate,Patriot,fcs,19,257,Richmond,Patriot,fcs,24,ESPN Bet,-1.5,Colgate -1.5,,55.5,,,
401767418,2025,regular,7,2025-10-11T23:00:00.000Z,2755,Grambling,SWAC,fcs,20,2640,Texas Southern,SWAC,fcs,21,ESPN Bet,-3.5,Grambling -3.5,,49.5,,,
401767567,2025,regular,7,2025-10-11T18:30:00.000Z,2717,Western Carolina,Southern,fcs,52,231,Furman,Southern,fcs,7,ESPN Bet,-3.5,Western Carolina -3.5,,67.5,,,
401767629,2025,regular,7,2025-10-10T23:00:00.000Z,219,Pennsylvania,Ivy,fcs,28,2368,Marist,Pioneer,fcs,9,ESPN Bet,-16.5,Pennsylvania -16.5,,52.5,,,
401762840,2025,regular,8,2025-10-18T18:30:00.000Z,113,Massachusetts,Mid-American,fbs,21,2084,Buffalo,Mid-American,fbs,28,ESPN Bet,16.5,Buffalo -16.5,17.5,47.5,44.5,600.0,-1000.0
401757260,2025,regular,4,2025-09-20T23:00:00.000Z,55,Jacksonville State,Conference USA,fbs,45,93,Murray State,MVFC,fcs,10,ESPN Bet,-35.5,Jacksonville State -35.5,-38.5,60.5,60.5,-100000.0,4000.0
401767455,2025,regular,2,2025-09-06T23:00:00.000Z,93,Murray State,MVFC,fcs,24,2545,SE Louisiana,Southland,fcs,45,ESPN Bet,21.5,SE Louisiana -21.5,,51.5,,,
401767742,2025,regular,3,2025-09-13T16:00:00.000Z,2115,Central Connecticut,NEC,fcs,31,2598,Saint Francis,NEC,fcs,7,ESPN Bet,-11.5,Central Connecticut -11.5,,44.5,,,
401761609,2025,regular,4,2025-09-20T23:00:00.000Z,290,Georgia Southern,Sun Belt,fbs,45,311,Maine,CAA,fcs,17,ESPN Bet,-20.5,Georgia Southern -20.5,-24.0,57.5,55.5,-4000.0,1300.0
401767726,2025,regular,4,2025-09-20T16:00:00.000Z,43,Yale,Ivy,fcs,28,107,Holy Cross,Patriot,fcs,10,ESPN Bet,-6.5,Yale -6.5,,44.5,,,
401767735,2025,regular,6,2025-10-04T16:00:00.000Z,2329,Lehigh,Patriot,fcs,31,43,Yale,Ivy,fcs,13,ESPN Bet,-4.5,Lehigh -4.5,,50.5,,,
401756904,2025,regular,5,2025-09-27T23:00:00.000Z,66,Iowa State,Big 12,fbs,39,12,Arizona,Big 12,fbs,14,ESPN Bet,-4.5,Iowa State -4.5,-7.5,48.5,49.5,-170.0,145.0
401757265,2025,regular,4,2025-09-20T23:00:00.000Z,2623,Missouri State,Conference USA,fbs,42,2630,UT Martin,Big South-OVC,fcs,10,ESPN Bet,-14.5,Missouri State -14.5,-14.0,54.5,52.5,,
401762471,2025,regular,5,2025-09-25T23:30:00.000Z,151,East Carolina,American Athletic,fbs,28,349,Army,American Athletic,fbs,6,ESPN Bet,-3.5,East Carolina -3.5,-3.5,52.5,52.5,-170.0,145.0
401762821,2025,regular,4,2025-09-20T22:00:00.000Z,2006,Akron,Mid-American,fbs,51,2184,Duquesne,NEC,fcs,7,ESPN Bet,-10.5,Akron -10.5,-8.0,51.5,51.5,-450.0,340.0
401779328,2025,regular,5,2025-09-27T16:00:00.000Z,2184,Duquesne,NEC,fcs,44,2441,New Haven,NEC,fcs,18,ESPN Bet,-18.0,Duquesne -18,,54.5,,,
401752735,2025,regular,7,2025-10-11T20:15:00.000Z,2633,Tennessee,SEC,fbs,34,8,Arkansas,SEC,fbs,31,ESPN Bet,-10.5,Tennessee -10.5,-12.5,68.5,69.5,-425.0,320.0
401756914,2025,regular,6,2025-10-04T23:30:00.000Z,2628,TCU,Big 12,fbs,35,38,Colorado,Big 12,fbs,21,ESPN Bet,-14.5,TCU -14.5,-15.5,56.5,59.5,-600.0,400.0
401767084,2025,regular,7,2025-10-11T19:00:00.000Z,147,Montana State,Big Sky,fcs,48,304,Idaho State,Big Sky,fcs,14,ESPN Bet,-22.5,Montana State -22.5,,58.5,,,
401760388,2025,regular,7,2025-10-11T01:00:00.000Z,36,Colorado State,Mountain West,fbs,49,278,Fresno State,Mountain West,fbs,21,ESPN Bet,5.5,Fresno State -5.5,,48.5,45.5,170.0,-200.0
401767116,2025,regular,7,2025-10-11T23:00:00.000Z,302,UC Davis,Big Sky,fcs,45,2464,Northern Arizona,Big Sky,fcs,24,ESPN Bet,-7.0,UC Davis -7,,62.5,,,
401767353,2025,regular,7,2025-10-11T17:00:00.000Z,2529,Sacred Heart,FCS Independents,fcs,32,47,Howard,MEAC,fcs,14,ESPN Bet,-2.5,Sacred Heart -2.5,,47.5,,,
401762841,2025,regular,8,2025-10-18T16:00:00.000Z,193,Miami (OH),Mid-American,fbs,44,2199,Eastern Michigan,Mid-American,fbs,30,ESPN Bet,-11.5,Miami (OH) -11.5,-13.5,47.5,48.5,-500.0,360.0
401752740,2025,regular,8,2025-10-18T23:45:00.000Z,2,Auburn,SEC,fbs,17,142,Missouri,SEC,fbs,23,ESPN Bet,1.5,Missouri -1.5,-2.5,43.5,44.5,110.0,-130.0
401767666,2025,regular,6,2025-10-04T16:00:00.000Z,2083,Bucknell,Patriot,fcs,33,257,Richmond,Patriot,fcs,28,ESPN Bet,5.0,Richmond -5,,50.5,,,
401752720,2025,regular,5,2025-09-27T20:15:00.000Z,344,Mississippi State,SEC,fbs,34,2633,Tennessee,SEC,fbs,41,ESPN Bet,7.5,Tennessee -7.5,8.5,63.5,62.5,220.0,-270.0
401752730,2025,regular,6,2025-10-04T23:30:00.000Z,245,Texas A&M,SEC,fbs,31,344,Mississippi State,SEC,fbs,9,ESPN Bet,-17.5,Texas A&M -17.5,-14.5,57.5,58.5,-900.0,550.0
401767379,2025,regular,2,2025-09-06T23:00:00.000Z,2110,Central Arkansas,UAC,fcs,41,2029,Arkansas-Pine Bluff,SWAC,fcs,17,ESPN Bet,-27.0,Central Arkansas -27,,55.5,,,
401767659,2025,regular,3,2025-09-13T16:00:00.000Z,2341,Long Island University,NEC,fcs,21,2529,Sacred Heart,FCS Independents,fcs,24,ESPN Bet,-13.5,Long Island University -13.5,,42.5,,,
401767644,2025,regular,4,2025-09-20T16:00:00.000Z,163,Princeton,Ivy,fcs,35,301,San Diego,Pioneer,fcs,42,ESPN Bet,-7.5,Princeton -7.5,,48.5,,,
401767697,2025,regular,5,2025-09-27T16:00:00.000Z,2115,Central Connecticut,NEC,fcs,28,159,Dartmouth,Ivy,fcs,35,ESPN Bet,7.5,Dartmouth -7.5,,45.5,,,
401761614,2025,regular,5,2025-09-27T17:30:00.000Z,256,James Madison,Sun Belt,fbs,35,290,Georgia Southern,Sun Belt,fbs,10,ESPN Bet,-16.5,James Madison -16.5,-16.5,54.5,53.5,-800.0,500.0
401757277,2025,regular,7,2025-10-09T00:00:00.000Z,2638,UTEP,Conference USA,fbs,8,2335,Liberty,Conference USA,fbs,19,ESPN Bet,1.5,Liberty -1.5,2.5,47.5,46.5,105.0,-125.0
401756913,2025,regular,6,2025-10-04T23:00:00.000Z,248,Houston,Big 12,fbs,11,2641,Texas Tech,Big 12,fbs,35,ESPN Bet,11.5,Texas Tech -11.5,12.5,51.5,50.5,400.0,-600.0
401762837,2025,regular,7,2025-10-11T18:30:00.000Z,2309,Kent State,Mid-American,fbs,42,113,Massachusetts,Mid-American,fbs,6,ESPN Bet,-1.5,Kent State -1.5,-2.5,49.5,49.5,-105.0,-115.0
401767637,2025,regular,7,2025-10-11T17:00:00.000Z,56,Stetson,Pioneer,fcs,21,2413,Morehead State,Pioneer,fcs,14,ESPN Bet,7.0,Morehead State -7,,54.5,,,
401752737,2025,regular,7,2025-10-11T23:00:00.000Z,245,Texas A&M,SEC,fbs,34,57,Florida,SEC,fbs,17,ESPN Bet,-6.5,Texas A&M -6.5,-8.5,48.5,47.5,-250.0,210.0
401756924,2025,regular,8,2025-10-19T00:00:00.000Z,252,BYU,Big 12,fbs,24,254,Utah,Big 12,fbs,21,ESPN Bet,5.5,Utah -5.5,3.5,49.5,47.5,175.0,-210.0
401767470,2025,regular,7,2025-10-11T23:00:00.000Z,2277,Houston Christian,Southland,fcs,20,2466,Northwestern State,Southland,fcs,17,ESPN Bet,-12.5,Houston Christian -12.5,,52.5,,,
401767196,2025,regular,7,2025-10-11T19:00:00.000Z,2197,Eastern Illinois,Big South-OVC,fcs,10,2241,Gardner-Webb,Big South-OVC,fcs,21,ESPN Bet,4.5,Gardner-Webb -4.5,,58.5,,,
401761629,2025,regular,8,2025-10-18T19:30:00.000Z,2026,App State,Sun Belt,fbs,37,324,Coastal Carolina,Sun Belt,fbs,45,ESPN Bet,-10.5,App State -10.5,-11.5,47.5,49.5,-425.0,320.0
401769868,2025,regular,2,2025-09-06T23:00:00.000Z,2447,Nicholls,Southland,fcs,10,2698,West Georgia,UAC,fcs,34,ESPN Bet,-6.5,Nicholls -6.5,,44.5,,,
401767733,2025,regular,3,2025-09-13T16:00:00.000Z,2184,Duquesne,NEC,fcs,21,2329,Lehigh,Patriot,fcs,35,ESPN Bet,7.5,Lehigh -7.5,,44.5,,,
401767660,2025,regular,6,2025-10-04T16:00:00.000Z,2115,Central Connecticut,NEC,fcs,42,2529,Sacred Heart,FCS Independents,fcs,35,ESPN Bet,-5.5,Central Connecticut -5.5,,45.5,,,
401752853,2025,regular,5,2025-09-27T19:30:00.000Z,2294,Iowa,Big Ten,fbs,15,84,Indiana,Big Ten,fbs,20,ESPN Bet,8.5,Indiana -8.5,2.5,47.5,48.5,260.0,-320.0
401767721,2025,regular,5,2025-09-27T16:00:00.000Z,171,Columbia,Ivy,fcs,19,46,Georgetown,Patriot,fcs,10,ESPN Bet,-11.5,Columbia -11.5,,50.5,,,
401757280,2025,regular,7,2025-10-09T23:00:00.000Z,338,Kennesaw State,Conference USA,fbs,35,2348,Louisiana Tech,Conference USA,fbs,7,ESPN Bet,5.5,Louisiana Tech -5.5,5.5,45.5,45.5,165.0,-195.0
401756917,2025,regular,7,2025-10-11T16:00:00.000Z,2132,Cincinnati,Big 12,fbs,20,2116,UCF,Big 12,fbs,11,ESPN Bet,-10.5,Cincinnati -10.5,-10.5,55.5,56.5,-400.0,300.0
401756908,2025,regular,5,2025-09-27T19:30:00.000Z,277,West Virginia,Big 12,fbs,14,254,Utah,Big 12,fbs,48,ESPN Bet,12.5,Utah -12.5,9.5,46.5,49.5,400.0,-600.0
401767772,2025,regular,4,2025-09-20T17:00:00.000Z,284,Stonehill,NEC,fcs,21,219,Pennsylvania,Ivy,fcs,24,ESPN Bet,17.5,Pennsylvania -17.5,,49.5,,,
401752857,2025,regular,6,2025-10-04T19:30:00.000Z,120,Maryland,Big Ten,fbs,20,264,Washington,Big Ten,fbs,24,ESPN Bet,5.5,Washington -5.5,5.5,53.5,52.5,170.0,-200.0
401752732,2025,regular,7,2025-10-11T23:45:00.000Z,99,LSU,SEC,fbs,20,2579,South Carolina,SEC,fbs,10,ESPN Bet,-8.5,LSU -8.5,-9.5,44.5,44.5,-340.0,270.0
401756928,2025,regular,8,2025-10-18T17:00:00.000Z,2116,UCF,Big 12,fbs,45,277,West Virginia,Big 12,fbs,13,ESPN Bet,-6.5,UCF -6.5,-7.5,47.5,49.5,-230.0,195.0
401767439,2025,regular,7,2025-10-11T23:00:00.000Z,93,Murray State,MVFC,fcs,32,2287,Illinois State,MVFC,fcs,46,ESPN Bet,23.5,Illinois State -23.5,,58.5,,,
401767537,2025,regular,7,2025-10-11T19:00:00.000Z,2571,South Dakota State,MVFC,fcs,31,2460,Northern Iowa,MVFC,fcs,3,ESPN Bet,-28.5,South Dakota State -28.5,,47.5,,,
401767448,2025,regular,7,2025-10-11T17:00:00.000Z,282,Indiana State,MVFC,fcs,14,233,South Dakota,MVFC,fcs,19,ESPN Bet,15.5,South Dakota -15.5,,56.5,,,
401767359,2025,regular,2,2025-09-06T23:00:00.000Z,2582,Southern,SWAC,fcs,7,2011,Alabama State,SWAC,fcs,30,ESPN Bet,6.5,Alabama State -6.5,,56.5,,,
401767627,2025,regular,3,2025-09-13T17:00:00.000Z,2681,Wagner,NEC,fcs,10,2368,Marist,Pioneer,fcs,21,ESPN Bet,-7.5,Wagner -7.5,,50.5,,,
401752850,2025,regular,5,2025-09-27T16:00:00.000Z,356,Illinois,Big Ten,fbs,34,30,USC,Big Ten,fbs,32,ESPN Bet,6.5,USC -6.5,1.5,62.5,56.5,195.0,-230.0
401762825,2025,regular,5,2025-09-27T16:00:00.000Z,195,Ohio,Mid-American,fbs,35,189,Bowling Green,Mid-American,fbs,20,ESPN Bet,-7.5,Ohio -7.5,-10.5,49.5,50.5,-300.0,250.0
401767734,2025,regular,5,2025-09-27T16:00:00.000Z,2329,Lehigh,Patriot,fcs,44,219,Pennsylvania,Ivy,fcs,30,ESPN Bet,-9.5,Lehigh -9.5,,47.5,,,
401767751,2025,regular,6,2025-10-04T16:00:00.000Z,2184,Duquesne,NEC,fcs,34,284,Stonehill,NEC,fcs,14,ESPN Bet,-7.5,Duquesne -7.5,,49.5,,,
401767267,2025,regular,4,2025-09-20T17:00:00.000Z,159,Dartmouth,Ivy,fcs,27,160,New Hampshire,CAA,fcs,20,ESPN Bet,2.0,New Hampshire -2,,45.5,,,
401757279,2025,regular,7,2025-10-10T00:00:00.000Z,2534,Sam Houston,Conference USA,fbs,27,55,Jacksonville State,Conference USA,fbs,29,ESPN Bet,7.5,Jacksonville State -7.5,9.5,52.5,55.5,240.0,-290.0
401761622,2025,regular,7,2025-10-10T00:00:00.000Z,290,Georgia Southern,Sun Belt,fbs,35,2572,Southern Miss,Sun Belt,fbs,38,ESPN Bet,2.5,Southern Miss -2.5,-1.5,60.5,59.5,130.0,-150.0
401761625,2025,regular,7,2025-10-11T16:00:00.000Z,256,James Madison,Sun Belt,fbs,24,309,Louisiana,Sun Belt,fbs,14,ESPN Bet,-18.5,James Madison -18.5,-16.5,45.5,46.5,-1200.0,700.0
401767390,2025,regular,7,2025-10-11T19:00:00.000Z,2065,Bethune-Cookman,SWAC,fcs,45,2582,Southern,SWAC,fcs,14,ESPN Bet,-1.0,Bethune-Cookman -1,,53.5,,,
401767461,2025,regular,7,2025-10-11T23:00:00.000Z,2837,East Texas A&M,Southland,fcs,23,2320,Lamar,Southland,fcs,33,ESPN Bet,7.5,Lamar -7.5,,53.5,,,
401767667,2025,regular,7,2025-10-11T16:30:00.000Z,322,Lafayette,Patriot,fcs,62,2083,Bucknell,Patriot,fcs,24,ESPN Bet,-10.0,Lafayette -10,,62.5,,,
401762843,2025,regular,8,2025-10-18T19:30:00.000Z,195,Ohio,Mid-American,fbs,48,2459,Northern Illinois,Mid-American,fbs,21,ESPN Bet,-11.5,Ohio -11.5,-11.5,42.5,43.5,-400.0,300.0
401754569,2025,regular,8,2025-10-18T16:00:00.000Z,103,Boston College,ACC,fbs,23,41,UConn,FBS Independents,fbs,38,ESPN Bet,2.5,UConn -2.5,-1.5,58.5,56.5,110.0,-130.0
401762483,2025,regular,7,2025-10-11T16:00:00.000Z,349,Army,American Athletic,fbs,24,2429,Charlotte,American Athletic,fbs,7,ESPN Bet,-17.5,Army -17.5,-20.5,44.5,,-900.0,550.0
401767304,2025,regular,2,2025-09-06T23:00:00.000Z,2627,Tarleton State,UAC,fcs,59,2400,Mississippi Valley State,SWAC,fcs,3,ESPN Bet,-44.5,Tarleton State -44.5,,57.5,,,
401767232,2025,regular,3,2025-09-13T17:00:00.000Z,2635,Tennessee Tech,Big South-OVC,fcs,72,2166,Davidson,Pioneer,fcs,14,ESPN Bet,-40.5,Tennessee Tech -40.5,,65.5,,,
401767307,2025,regular,7,2025-10-12T00:00:00.000Z,3101,Utah Tech,UAC,fcs,23,2627,Tarleton State,UAC,fcs,41,ESPN Bet,28.0,Tarleton State -28,,59.5,,,
401767313,2025,regular,7,2025-10-11T19:00:00.000Z,2010,Alabama A&M,SWAC,fcs,45,2400,Mississippi Valley State,SWAC,fcs,25,ESPN Bet,-21.0,Alabama A&M -21,,60.5,,,
401752724,2025,regular,5,2025-09-27T19:30:00.000Z,245,Texas A&M,SEC,fbs,16,2,Auburn,SEC,fbs,10,ESPN Bet,-6.5,Texas A&M -6.5,-6.5,51.5,46.5,-225.0,190.0
401767653,2025,regular,4,2025-09-20T17:00:00.000Z,56,Stetson,Pioneer,fcs,7,108,Harvard,Ivy,fcs,59,ESPN Bet,35.5,Harvard -35.5,,56.5,,,
401767192,2025,regular,7,2025-10-11T17:00:00.000Z,2771,Merrimack,FCS Independents,fcs,13,311,Maine,CAA,fcs,20,ESPN Bet,2.5,Maine -2.5,,45.5,,,
401757271,2025,regular,5,2025-09-27T22:00:00.000Z,295,Old Dominion,Sun Belt,fbs,21,2335,Liberty,Conference USA,fbs,7,ESPN Bet,-14.5,Old Dominion -14.5,-15.5,53.5,52.5,-700.0,450.0
401767343,2025,regular,5,2025-09-27T16:00:00.000Z,2529,Sacred Heart,FCS Independents,fcs,35,2169,Delaware State,MEAC,fcs,31,ESPN Bet,5.0,Delaware State -5,,54.5,,,
401767628,2025,regular,6,2025-10-04T16:00:00.000Z,2368,Marist,Pioneer,fcs,19,301,San Diego,Pioneer,fcs,14,ESPN Bet,8.5,San Diego -8.5,,51.5,,,
401767216,2025,regular,2,2025-09-06T23:00:00.000Z,2546,Southeast Missouri State,Big South-OVC,fcs,30,2453,North Alabama,UAC,fcs,21,ESPN Bet,-15.5,Southeast Missouri State -15.5,,55.5,,,
401767720,2025,regular,3,2025-09-13T17:00:00.000Z,46,Georgetown,Patriot,fcs,37,322,Lafayette,Patriot,fcs,42,ESPN Bet,-1.5,Georgetown -1.5,,53.5,,,
401762824,2025,regular,5,2025-09-27T19:30:00.000Z,2649,Toledo,Mid-American,fbs,45,2006,Akron,Mid-American,fbs,3,ESPN Bet,-22.5,Toledo -22.5,-21.5,49.5,47.5,-2000.0,1000.0
401767689,2025,regular,5,2025-09-27T16:00:00.000Z,43,Yale,Ivy,fcs,41,172,Cornell,Ivy,fcs,24,ESPN Bet,-19.5,Yale -19.5,,48.5,,,
401767674,2025,regular,6,2025-10-04T16:30:00.000Z,322,Lafayette,Patriot,fcs,24,2230,Fordham,Patriot,fcs,10,ESPN Bet,-15.5,Lafayette -15.5,,55.5,,,
401752744,2025,regular,8,2025-10-18T16:45:00.000Z,2579,South Carolina,SEC,fbs,7,201,Oklahoma,SEC,fbs,26,ESPN Bet,4.5,Oklahoma -4.5,4.5,43.5,42.5,165.0,-195.0
401762842,2025,regular,8,2025-10-18T18:00:00.000Z,2649,Toledo,Mid-American,fbs,45,2309,Kent State,Mid-American,fbs,10,ESPN Bet,-25.5,Toledo -25.5,-24.5,48.5,52.5,-3000.0,1200.0
401767672,2025,regular,4,2025-09-20T17:00:00.000Z,2142,Colgate,Patriot,fcs,44,2230,Fordham,Patriot,fcs,21,ESPN Bet,-7.0,Colgate -7,,59.5,,,
401761626,2025,regular,7,2025-10-11T19:30:00.000Z,276,Marshall,Sun Belt,fbs,48,295,Old Dominion,Sun Belt,fbs,24,ESPN Bet,14.5,Old Dominion -14.5,14.5,57.5,55.5,475.0,-750.0
401752867,2025,regular,7,2025-10-11T19:30:00.000Z,120,Maryland,Big Ten,fbs,31,158,Nebraska,Big Ten,fbs,34,ESPN Bet,6.5,Nebraska -6.5,5.5,47.5,47.5,240.0,-290.0
401767413,2025,regular,7,2025-10-11T19:00:00.000Z,50,Florida A&M,SWAC,fcs,7,2428,North Carolina Central,MEAC,fcs,45,ESPN Bet,12.0,North Carolina Central -12,,51.5,,,
401767605,2025,regular,7,2025-10-11T17:00:00.000Z,2166,Davidson,Pioneer,fcs,13,2900,St. Thomas (MN),Pioneer,fcs,57,ESPN Bet,21.5,St. Thomas (MN) -21.5,,56.5,,,
401767309,2025,regular,2,2025-09-06T23:00:00.000Z,2010,Alabama A&M,SWAC,fcs,41,2016,Alcorn State,SWAC,fcs,31,ESPN Bet,-3.5,Alabama A&M -3.5,,49.5,,,
401767318,2025,regular,3,2025-09-13T18:00:00.000Z,107,Holy Cross,Patriot,fcs,7,227,Rhode Island,CAA,fcs,9,ESPN Bet,3.5,Rhode Island -3.5,,46.5,,,
401767269,2025,regular,6,2025-10-04T17:00:00.000Z,160,New Hampshire,CAA,fcs,7,222,Villanova,CAA,fcs,37,ESPN Bet,5.5,Villanova -5.5,,47.5,,,
401752739,2025,regular,8,2025-10-18T19:30:00.000Z,8,Arkansas,SEC,fbs,42,245,Texas A&M,SEC,fbs,45,ESPN Bet,8.5,Texas A&M -8.5,7.5,57.5,62.5,240.0,-290.0
401767258,2025,regular,4,2025-09-20T17:00:00.000Z,2405,Monmouth,CAA,fcs,51,222,Villanova,CAA,fcs,33,ESPN Bet,-3.5,Monmouth -3.5,,65.5,,,
401761630,2025,regular,8,2025-10-18T23:00:00.000Z,290,Georgia Southern,Sun Belt,fbs,41,2247,Georgia State,Sun Belt,fbs,24,ESPN Bet,-6.5,Georgia Southern -6.5,-6.5,58.5,57.5,-215.0,180.0
401754559,2025,regular,7,2025-10-11T16:00:00.000Z,52,Florida State,ACC,fbs,31,221,Pittsburgh,ACC,fbs,34,ESPN Bet,-11.5,Florida State -11.5,-9.5,57.5,58.5,-400.0,300.0
401762484,2025,regular,7,2025-10-11T20:00:00.000Z,218,Temple,American Athletic,fbs,31,2426,Navy,American Athletic,fbs,32,ESPN Bet,10.5,Navy -10.5,8.5,52.5,53.5,280.0,-360.0
401767752,2025,regular,7,2025-10-11T17:00:00.000Z,2184,Duquesne,NEC,fcs,52,2598,Saint Francis,NEC,fcs,7,ESPN Bet,-14.5,Duquesne -14.5,,48.5,,,
401767511,2025,regular,7,2025-10-11T19:30:00.000Z,2449,North Dakota State,MVFC,fcs,45,79,Southern Illinois,MVFC,fcs,17,ESPN Bet,-20.0,North Dakota State -20,,58.5,,,
401762472,2025,regular,5,2025-09-27T23:00:00.000Z,2226,Florida Atlantic,American Athletic,fbs,26,235,Memphis,American Athletic,fbs,55,ESPN Bet,13.5,Memphis -13.5,13.5,62.5,61.5,450.0,-700.0
401767268,2025,regular,5,2025-09-27T17:00:00.000Z,160,New Hampshire,CAA,fcs,24,399,UAlbany,CAA,fcs,6,ESPN Bet,-13.0,New Hampshire -13,,44.5,,,
401767593,2025,regular,2,2025-09-06T22:00:00.000Z,2747,Wofford,Southern,fcs,10,257,Richmond,Patriot,fcs,14,ESPN Bet,6.5,Richmond -6.5,,40.5,,,
401767120,2025,regular,3,2025-09-13T18:00:00.000Z,233,South Dakota,MVFC,fcs,24,2458,Northern Colorado,Big Sky,fcs,17,ESPN Bet,-21.5,South Dakota -21.5,,50.5,,,
401762489,2025,regular,8,2025-10-18T19:30:00.000Z,2429,Charlotte,American Athletic,fbs,14,218,Temple,American Athletic,fbs,49,ESPN Bet,9.5,Temple -9.5,11.5,46.5,46.5,320.0,-425.0
401762482,2025,regular,7,2025-10-11T22:00:00.000Z,2226,Florida Atlantic,American Athletic,fbs,53,5,UAB,American Athletic,fbs,33,ESPN Bet,-5.5,Florida Atlantic -5.5,-4.5,65.5,69.5,-195.0,165.0
401767274,2025,regular,7,2025-10-11T17:00:00.000Z,2448,North Carolina A&T,CAA,fcs,16,2569,South Carolina State,MEAC,fcs,22,ESPN Bet,9.5,South Carolina State -9.5,,58.5,,,
401754544,2025,regular,5,2025-09-27T19:30:00.000Z,103,Boston College,ACC,fbs,24,25,California,ACC,fbs,28,ESPN Bet,-6.5,Boston College -6.5,-6.5,54.5,51.5,-200.0,170.0
401767342,2025,regular,4,2025-09-20T17:00:00.000Z,2598,Saint Francis,NEC,fcs,10,2169,Delaware State,MEAC,fcs,39,ESPN Bet,7.5,Delaware State -7.5,,47.5,,,
401767758,2025,regular,5,2025-09-27T17:00:00.000Z,284,Stonehill,NEC,fcs,10,2341,Long Island University,NEC,fcs,3,ESPN Bet,6.0,Long Island University -6,,46.5,,,
401767615,2025,regular,6,2025-10-04T17:00:00.000Z,2413,Morehead State,Pioneer,fcs,28,2168,Dayton,Pioneer,fcs,35,ESPN Bet,9.5,Dayton -9.5,,46.5,,,
401767133,2025,regular,7,2025-10-12T00:00:00.000Z,2692,Weber State,Big Sky,fcs,27,16,Sacramento State,Big Sky,fcs,55,ESPN Bet,8.5,Sacramento State -8.5,,55.5,,,
401767236,2025,regular,7,2025-10-11T19:00:00.000Z,2630,UT Martin,Big South-OVC,fcs,32,2710,Western Illinois,Big South-OVC,fcs,31,ESPN Bet,-14.5,UT Martin -14.5,,62.5,,,
401767149,2025,regular,2,2025-09-06T22:00:00.000Z,2210,Elon,CAA,fcs,55,2166,Davidson,Pioneer,fcs,7,ESPN Bet,-27.5,Elon -27.5,,59.5,,,
401767106,2025,regular,3,2025-09-13T19:00:00.000Z,147,Montana State,Big Sky,fcs,41,301,San Diego,Pioneer,fcs,7,ESPN Bet,-31.0,Montana State -31,,52.5,,,
401767574,2025,regular,4,2025-09-20T18:00:00.000Z,2643,The Citadel,Southern,fcs,0,2382,Mercer,Southern,fcs,38,ESPN Bet,2.5,Mercer -2.5,,42.5,,,
401767604,2025,regular,6,2025-10-04T17:00:00.000Z,56,Stetson,Pioneer,fcs,35,2166,Davidson,Pioneer,fcs,32,ESPN Bet,6.5,Davidson -6.5,,61.5,,,
401752741,2025,regular,8,2025-10-18T20:15:00.000Z,57,Florida,SEC,fbs,23,344,Mississippi State,SEC,fbs,21,ESPN Bet,-9.5,Florida -9.5,-9.5,51.5,52.5,-360.0,280.0
401761624,2025,regular,7,2025-10-11T19:30:00.000Z,2247,Georgia State,Sun Belt,fbs,20,2026,App State,Sun Belt,fbs,41,ESPN Bet,2.5,App State -2.5,3.5,55.5,56.5,130.0,-150.0
401767560,2025,regular,7,2025-10-11T19:30:00.000Z,2193,East Tennessee State,Southern,fcs,45,2678,VMI,Southern,fcs,10,ESPN Bet,-16.5,East Tennessee State -16.5,,55.5,,,
401767699,2025,regular,7,2025-10-11T17:30:00.000Z,159,Dartmouth,Ivy,fcs,17,43,Yale,Ivy,fcs,16,ESPN Bet,-2.5,Dartmouth -2.5,,53.5,,,
401761633,2025,regular,8,2025-10-18T19:00:00.000Z,2433,UL Monroe,Sun Belt,fbs,14,2653,Troy,Sun Belt,fbs,37,ESPN Bet,5.5,Troy -5.5,5.5,45.5,46.5,170.0,-200.0
401760380,2025,regular,5,2025-09-27T19:30:00.000Z,2459,Northern Illinois,Mid-American,fbs,3,21,San Diego State,Mountain West,fbs,6,ESPN Bet,1.5,San Diego State -1.5,2.5,42.5,42.5,115.0,-135.0
401767636,2025,regular,5,2025-09-27T17:00:00.000Z,2506,Presbyterian,Pioneer,fcs,41,2413,Morehead State,Pioneer,fcs,0,ESPN Bet,-23.5,Presbyterian -23.5,,54.5,,,
401761632,2025,regular,8,2025-10-18T19:30:00.000Z,276,Marshall,Sun Belt,fbs,40,326,Texas State,Sun Belt,fbs,37,ESPN Bet,2.5,Texas State -2.5,3.5,65.5,64.5,125.0,-145.0
401767238,2025,regular,2,2025-09-07T00:00:00.000Z,2000,Abilene Christian,UAC,fcs,28,2617,Stephen F. Austin,Southland,fcs,20,ESPN Bet,2.5,Stephen F. Austin -2.5,,51.5,,,
401767150,2025,regular,3,2025-09-13T18:30:00.000Z,2717,Western Carolina,Southern,fcs,31,2210,Elon,CAA,fcs,37,ESPN Bet,2.5,Elon -2.5,,59.5,,,
401767541,2025,regular,4,2025-09-20T18:00:00.000Z,233,South Dakota,MVFC,fcs,42,2181,Drake,Pioneer,fcs,21,ESPN Bet,-17.0,South Dakota -17,,46.5,,,
401752849,2025,regular,5,2025-09-27T16:00:00.000Z,135,Minnesota,Big Ten,fbs,31,164,Rutgers,Big Ten,fbs,28,ESPN Bet,-3.5,Minnesota -3.5,-3.5,51.5,,-175.0,150.0
401767032,2025,regular,5,2025-09-27T17:00:00.000Z,2803,Bryant,CAA,fcs,24,119,Towson,CAA,fcs,26,ESPN Bet,9.5,Towson -9.5,,54.5,,,
401752878,2025,regular,8,2025-10-18T19:30:00.000Z,84,Indiana,Big Ten,fbs,38,127,Michigan State,Big Ten,fbs,13,ESPN Bet,-26.5,Indiana -26.5,-26.5,49.5,53.5,,
401767763,2025,regular,6,2025-10-04T17:00:00.000Z,2771,Merrimack,FCS Independents,fcs,24,2523,Robert Morris,NEC,fcs,7,ESPN Bet,-8.0,Merrimack -8,,44.5,,,
401752866,2025,regular,7,2025-10-11T19:30:00.000Z,213,Penn State,Big Ten,fbs,21,77,Northwestern,Big Ten,fbs,22,ESPN Bet,-20.5,Penn State -20.5,-21.5,46.5,48.5,-1600.0,800.0
401767407,2025,regular,7,2025-10-11T17:30:00.000Z,2747,Wofford,Southern,fcs,31,2450,Norfolk State,MEAC,fcs,14,ESPN Bet,-7.5,Wofford -7.5,,44.5,,,
401767363,2025,regular,7,2025-10-11T19:30:00.000Z,2296,Jackson State,SWAC,fcs,38,2011,Alabama State,SWAC,fcs,34,ESPN Bet,-8.5,Jackson State -8.5,,56.5,,,
401752876,2025,regular,8,2025-10-18T22:30:00.000Z,164,Rutgers,Big Ten,fbs,10,2483,Oregon,Big Ten,fbs,56,ESPN Bet,18.5,Oregon -18.5,15.5,61.5,58.5,600.0,-1000.0
401767173,2025,regular,3,2025-09-13T19:00:00.000Z,2197,Eastern Illinois,Big South-OVC,fcs,30,2287,Illinois State,MVFC,fcs,42,ESPN Bet,20.5,Illinois State -20.5,,50.5,,,
401757282,2025,regular,8,2025-10-14T23:00:00.000Z,2335,Liberty,Conference USA,fbs,30,166,New Mexico State,Conference USA,fbs,27,ESPN Bet,-11.5,Liberty -11.5,-10.5,48.5,48.5,-425.0,320.0
401762839,2025,regular,8,2025-10-18T16:00:00.000Z,189,Bowling Green,Mid-American,fbs,6,2117,Central Michigan,Mid-American,fbs,27,ESPN Bet,-3.5,Bowling Green -3.5,-6.5,44.5,43.5,-155.0,135.0
401767613,2025,regular,4,2025-09-20T18:00:00.000Z,2523,Robert Morris,NEC,fcs,14,2168,Dayton,Pioneer,fcs,17,ESPN Bet,-2.5,Robert Morris -2.5,,41.5,,,
401767189,2025,regular,2,2025-09-06T22:00:00.000Z,2729,William & Mary,CAA,fcs,28,311,Maine,CAA,fcs,27,ESPN Bet,-7.0,William & Mary -7,,48.5,,,
401754546,2025,regular,5,2025-09-27T16:00:00.000Z,154,Wake Forest,ACC,fbs,29,59,Georgia Tech,ACC,fbs,30,ESPN Bet,11.5,Georgia Tech -11.5,14.5,53.5,53.5,400.0,-600.0
401762838,2025,regular,8,2025-10-18T19:30:00.000Z,2050,Ball State,Mid-American,fbs,42,2006,Akron,Mid-American,fbs,28,ESPN Bet,-1.5,Ball State -1.5,-1.5,43.5,43.5,105.0,-125.0
401757170,2025,regular,5,2025-09-27T19:30:00.000Z,2084,Buffalo,Mid-American,fbs,17,41,UConn,FBS Independents,fbs,20,ESPN Bet,2.5,UConn -2.5,2.5,51.5,51.5,125.0,-145.0
401767673,2025,regular,5,2025-09-27T17:00:00.000Z,2230,Fordham,Patriot,fcs,26,107,Holy Cross,Patriot,fcs,21,ESPN Bet,14.5,Holy Cross -14.5,,45.5,,,
401767594,2025,regular,5,2025-09-27T17:00:00.000Z,2086,Butler,Pioneer,fcs,31,2368,Marist,Pioneer,fcs,28,ESPN Bet,-6.5,Butler -6.5,,47.5,,,
401767698,2025,regular,6,2025-10-04T17:00:00.000Z,219,Pennsylvania,Ivy,fcs,36,159,Dartmouth,Ivy,fcs,24,ESPN Bet,3.0,Dartmouth -3,,56.5,,,
401754560,2025,regular,7,2025-10-11T19:30:00.000Z,59,Georgia Tech,ACC,fbs,35,259,Virginia Tech,ACC,fbs,20,ESPN Bet,-14.5,Georgia Tech -14.5,-14.5,55.5,55.5,-600.0,400.0
401767154,2025,regular,7,2025-10-11T18:00:00.000Z,2210,Elon,CAA,fcs,21,222,Villanova,CAA,fcs,29,ESPN Bet,6.5,Villanova -6.5,,50.5,,,
401767079,2025,regular,7,2025-10-11T20:00:00.000Z,149,Montana,Big Sky,fcs,28,13,Cal Poly,Big Sky,fcs,9,ESPN Bet,-17.5,Montana -17.5,,63.5,,,
401767105,2025,regular,2,2025-09-07T00:00:00.000Z,147,Montana State,Big Sky,fcs,24,2571,South Dakota State,MVFC,fcs,30,ESPN Bet,3.0,South Dakota State -3,,50.5,,,
401767098,2025,regular,3,2025-09-13T19:00:00.000Z,149,Montana,Big Sky,fcs,24,155,North Dakota,MVFC,fcs,23,ESPN Bet,-1.5,Montana -1.5,,54.5,,,
401752863,2025,regular,7,2025-10-11T16:00:00.000Z,127,Michigan State,Big Ten,fbs,13,26,UCLA,Big Ten,fbs,38,ESPN Bet,-6.5,Michigan State -6.5,-7.5,51.5,55.5,-260.0,215.0
401767242,2025,regular,7,2025-10-11T18:00:00.000Z,2698,West Georgia,UAC,fcs,13,2000,Abilene Christian,UAC,fcs,30,ESPN Bet,-1.5,West Georgia -1.5,,53.5,,,
401767504,2025,regular,7,2025-10-11T20:00:00.000Z,155,North Dakota,MVFC,fcs,35,2754,Youngstown State,MVFC,fcs,17,ESPN Bet,-9.0,North Dakota -9,,63.5,,,
401767107,2025,regular,4,2025-09-20T19:00:00.000Z,147,Montana State,Big Sky,fcs,17,2385,Mercyhurst,NEC,fcs,0,ESPN Bet,-29.5,Montana State -29.5,,60.5,,,
401752874,2025,regular,8,2025-10-18T19:00:00.000Z,77,Northwestern,Big Ten,fbs,19,2509,Purdue,Big Ten,fbs,0,ESPN Bet,-3.5,Northwestern -3.5,-3.5,46.5,48.5,-155.0,135.0
401754568,2025,regular,8,2025-10-18T23:30:00.000Z,183,Syracuse,ACC,fbs,13,221,Pittsburgh,ACC,fbs,30,ESPN Bet,8.5,Pittsburgh -8.5,11.5,54.5,56.5,300.0,-400.0
401754545,2025,regular,5,2025-09-27T16:00:00.000Z,183,Syracuse,ACC,fbs,3,150,Duke,ACC,fbs,38,ESPN Bet,3.5,Duke -3.5,5.5,59.5,58.5,165.0,-195.0
401767510,2025,regular,5,2025-09-27T18:00:00.000Z,2449,North Dakota State,MVFC,fcs,51,233,South Dakota,MVFC,fcs,13,ESPN Bet,-25.5,North Dakota State -25.5,,50.5,,,
401767621,2025,regular,6,2025-10-04T17:00:00.000Z,2181,Drake,Pioneer,fcs,41,2674,Valparaiso,Pioneer,fcs,0,ESPN Bet,-25.0,Drake -25,,47.5,,,
401767317,2025,regular,2,2025-09-06T22:00:00.000Z,2619,Stony Brook,CAA,fcs,17,227,Rhode Island,CAA,fcs,31,ESPN Bet,7.0,Rhode Island -7,,47.5,,,
401767141,2025,regular,3,2025-09-13T19:30:00.000Z,2097,Campbell,CAA,fcs,24,231,Furman,Southern,fcs,28,ESPN Bet,1.5,Furman -1.5,,53.5,,,
401754547,2025,regular,5,2025-09-27T16:00:00.000Z,221,Pittsburgh,ACC,fbs,27,97,Louisville,ACC,fbs,34,ESPN Bet,3.5,Louisville -3.5,3.5,52.5,55.5,140.0,-165.0
401767249,2025,regular,5,2025-09-27T18:00:00.000Z,2046,Austin Peay,UAC,fcs,42,3101,Utah Tech,UAC,fcs,10,ESPN Bet,-14.0,Austin Peay -14,,46.5,,,
401767757,2025,regular,6,2025-10-04T17:00:00.000Z,2385,Mercyhurst,NEC,fcs,22,2341,Long Island University,NEC,fcs,13,ESPN Bet,-3.5,Mercyhurst -3.5,,50.5,,,
401767099,2025,regular,4,2025-09-20T19:00:00.000Z,149,Montana,Big Sky,fcs,63,282,Indiana State,MVFC,fcs,20,ESPN Bet,-21.0,Montana -21,,56.5,,,
401762835,2025,regular,7,2025-10-11T16:00:00.000Z,189,Bowling Green,Mid-American,fbs,28,2649,Toledo,Mid-American,fbs,23,ESPN Bet,10.5,Toledo -10.5,9.5,45.5,49.5,320.0,-425.0
401767143,2025,regular,7,2025-10-11T18:00:00.000Z,2261,Hampton,CAA,fcs,21,2097,Campbell,CAA,fcs,38,ESPN Bet,3.5,Campbell -3.5,,56.5,,,
401767165,2025,regular,7,2025-10-11T20:00:00.000Z,2127,Charleston Southern,Big South-OVC,fcs,13,2635,Tennessee Tech,Big South-OVC,fcs,27,ESPN Bet,30.5,Tennessee Tech -30.5,,53.5,,,
401760394,2025,regular,8,2025-10-18T23:00:00.000Z,36,Colorado State,Mountain West,fbs,19,62,Hawai'i,Mountain West,fbs,31,ESPN Bet,-2.5,Colorado State -2.5,1.5,53.5,54.5,-130.0,110.0
401761628,2025,regular,8,2025-10-14T23:30:00.000Z,6,South Alabama,Sun Belt,fbs,14,2032,Arkansas State,Sun Belt,fbs,15,ESPN Bet,-8.5,South Alabama -8.5,-7.5,57.5,58.5,-300.0,250.0
401767292,2025,regular,2,2025-09-07T01:00:00.000Z,301,San Diego,Pioneer,fcs,30,253,Southern Utah,UAC,fcs,27,ESPN Bet,20.5,Southern Utah -20.5,,53.5,,,
401767322,2025,regular,3,2025-09-13T19:30:00.000Z,2619,Stony Brook,CAA,fcs,41,2230,Fordham,Patriot,fcs,18,ESPN Bet,-4.0,Stony Brook -4,,54.5,,,
401767286,2025,regular,4,2025-09-20T17:00:00.000Z,2287,Illinois State,MVFC,fcs,38,2453,North Alabama,UAC,fcs,36,ESPN Bet,-17.0,Illinois State -17,,58.5,,,
401767352,2025,regular,5,2025-09-27T18:00:00.000Z,257,Richmond,Patriot,fcs,13,47,Howard,MEAC,fcs,12,ESPN Bet,-16.0,Richmond -16,,43.5,,,
401754548,2025,regular,5,2025-09-27T23:00:00.000Z,152,NC State,ACC,fbs,21,259,Virginia Tech,ACC,fbs,23,ESPN Bet,-10.5,NC State -10.5,-10.5,56.5,58.5,-380.0,290.0
401767259,2025,regular,6,2025-10-04T17:00:00.000Z,2405,Monmouth,CAA,fcs,49,2169,Delaware State,MEAC,fcs,38,ESPN Bet,-21.5,Monmouth -21.5,,76.5,,,
401761623,2025,regular,7,2025-10-11T23:00:00.000Z,324,Coastal Carolina,Sun Belt,fbs,23,2433,UL Monroe,Sun Belt,fbs,8,ESPN Bet,2.5,UL Monroe -2.5,2.5,45.5,43.5,130.0,-150.0
401767260,2025,regular,7,2025-10-11T18:00:00.000Z,119,Towson,CAA,fcs,31,2405,Monmouth,CAA,fcs,42,ESPN Bet,7.0,Monmouth -7,,75.5,,,
401767220,2025,regular,7,2025-10-11T20:00:00.000Z,2546,Southeast Missouri State,Big South-OVC,fcs,28,2634,Tennessee State,Big South-OVC,fcs,12,ESPN Bet,-16.5,Southeast Missouri State -16.5,,50.5,,,
401756925,2025,regular,8,2025-10-18T16:00:00.000Z,248,Houston,Big 12,fbs,31,12,Arizona,Big 12,fbs,28,ESPN Bet,2.5,Arizona -2.5,-1.5,47.5,46.5,110.0,-130.0
401767217,2025,regular,3,2025-09-13T19:30:00.000Z,2449,North Dakota State,MVFC,fcs,41,2546,Southeast Missouri State,Big South-OVC,fcs,14,ESPN Bet,-31.5,North Dakota State -31.5,,54.5,,,
401767502,2025,regular,4,2025-09-20T20:00:00.000Z,155,North Dakota,MVFC,fcs,58,2674,Valparaiso,Pioneer,fcs,7,ESPN Bet,-44.0,North Dakota -44,,59.5,,,
401762833,2025,regular,7,2025-10-11T16:00:00.000Z,2006,Akron,Mid-American,fbs,7,193,Miami (OH),Mid-American,fbs,20,ESPN Bet,11.5,Miami (OH) -11.5,9.5,47.5,,360.0,-500.0
401767616,2025,regular,7,2025-10-11T18:00:00.000Z,2674,Valparaiso,Pioneer,fcs,10,2168,Dayton,Pioneer,fcs,41,ESPN Bet,15.0,Dayton -15,,44.5,,,
401767287,2025,regular,7,2025-10-11T20:00:00.000Z,2453,North Alabama,UAC,fcs,21,2110,Central Arkansas,UAC,fcs,49,ESPN Bet,4.0,Central Arkansas -4,,59.5,,,
401752725,2025,regular,5,2025-09-27T16:45:00.000Z,238,Vanderbilt,SEC,fbs,55,328,Utah State,Mountain West,fbs,35,ESPN Bet,-24.5,Vanderbilt -24.5,-22.5,58.5,59.5,-2000.0,1000.0
401760378,2025,regular,5,2025-09-27T20:00:00.000Z,2005,Air Force,Mountain West,fbs,35,62,Hawai'i,Mountain West,fbs,44,ESPN Bet,-6.5,Air Force -6.5,-4.5,52.5,53.5,-250.0,210.0
401767152,2025,regular,5,2025-09-27T18:00:00.000Z,2210,Elon,CAA,fcs,41,2261,Hampton,CAA,fcs,20,ESPN Bet,-17.5,Elon -17.5,,55.5,,,
401767399,2025,regular,6,2025-10-04T17:00:00.000Z,46,Georgetown,Patriot,fcs,27,2415,Morgan State,MEAC,fcs,24,ESPN Bet,2.5,Morgan State -2.5,,47.5,,,
401757283,2025,regular,8,2025-10-15T23:00:00.000Z,55,Jacksonville State,Conference USA,fbs,38,48,Delaware,Conference USA,fbs,25,ESPN Bet,2.5,Delaware -2.5,2.5,55.5,,130.0,-150.0
401757284,2025,regular,8,2025-10-15T23:00:00.000Z,2534,Sam Houston,Conference USA,fbs,17,2638,UTEP,Conference USA,fbs,35,ESPN Bet,3.5,UTEP -3.5,-2.5,47.5,47.5,140.0,-165.0
401762486,2025,regular,8,2025-10-16T23:30:00.000Z,151,East Carolina,American Athletic,fbs,41,202,Tulsa,American Athletic,fbs,27,ESPN Bet,-16.5,East Carolina -16.5,-16.5,54.5,52.5,-900.0,550.0
401756927,2025,regular,8,2025-10-18T16:00:00.000Z,2628,TCU,Big 12,fbs,42,239,Baylor,Big 12,fbs,36,ESPN Bet,-3.5,TCU -3.5,-3.5,67.5,66.5,-165.0,140.0
401767588,2025,regular,3,2025-09-13T19:30:00.000Z,2083,Bucknell,Patriot,fcs,35,2678,VMI,Southern,fcs,28,ESPN Bet,-8.5,Bucknell -8.5,,53.5,,,
401756921,2025,regular,7,2025-10-11T23:30:00.000Z,2641,Texas Tech,Big 12,fbs,42,2305,Kansas,Big 12,fbs,17,ESPN Bet,-13.5,Texas Tech -13.5,-14.5,58.5,60.5,-650.0,425.0
401767622,2025,regular,7,2025-10-11T21:00:00.000Z,301,San Diego,Pioneer,fcs,16,2181,Drake,Pioneer,fcs,19,ESPN Bet,-1.5,San Diego -1.5,,,,,
401767182,2025,regular,4,2025-09-20T20:00:00.000Z,47,Howard,MEAC,fcs,34,2261,Hampton,CAA,fcs,7,ESPN Bet,3.0,Hampton -3,,46.5,,,
401752872,2025,regular,8,2025-10-18T00:00:00.000Z,135,Minnesota,Big Ten,fbs,24,158,Nebraska,Big Ten,fbs,6,ESPN Bet,6.5,Nebraska -6.5,5.5,48.5,47.5,210.0,-250.0
401767545,2025,regular,5,2025-09-27T19:00:00.000Z,2571,South Dakota State,MVFC,fcs,51,2385,Mercyhurst,NEC,fcs,7,ESPN Bet,-32.5,South Dakota State -32.5,,58.5,,,
401767233,2025,regular,6,2025-10-04T17:00:00.000Z,2635,Tennessee Tech,Big South-OVC,fcs,66,2710,Western Illinois,Big South-OVC,fcs,20,ESPN Bet,-35.5,Tennessee Tech -35.5,,66.5,,,
401762491,2025,regular,8,2025-10-18T19:30:00.000Z,249,North Texas,American Athletic,fbs,55,2636,UTSA,American Athletic,fbs,17,ESPN Bet,-3.5,North Texas -3.5,-5.5,63.5,67.5,-175.0,150.0
401767090,2025,regular,3,2025-09-13T20:00:00.000Z,70,Idaho,Big Sky,fcs,20,3101,Utah Tech,UAC,fcs,6,ESPN Bet,-16.5,Idaho -16.5,,52.5,,,
401767272,2025,regular,4,2025-09-20T20:00:00.000Z,2448,North Carolina A&T,CAA,fcs,20,2428,North Carolina Central,MEAC,fcs,62,ESPN Bet,13.0,North Carolina Central -13,,48.5,,,
401762836,2025,regular,7,2025-10-11T17:00:00.000Z,2199,Eastern Michigan,Mid-American,fbs,16,2459,Northern Illinois,Mid-American,fbs,10,ESPN Bet,1.5,Northern Illinois -1.5,1.5,48.5,49.5,110.0,-120.0
401767122,2025,regular,7,2025-10-11T21:00:00.000Z,70,Idaho,Big Sky,fcs,33,2458,Northern Colorado,Big Sky,fcs,49,ESPN Bet,-18.5,Idaho -18.5,,47.5,,,
401761668,2025,regular,8,2025-10-18T21:00:00.000Z,309,Louisiana,Sun Belt,fbs,10,2572,Southern Miss,Sun Belt,fbs,22,ESPN Bet,4.5,Southern Miss -4.5,4.5,54.5,53.5,155.0,-185.0
401760379,2025,regular,5,2025-09-27T23:30:00.000Z,68,Boise State,Mountain West,fbs,47,2026,App State,Sun Belt,fbs,14,ESPN Bet,-17.5,Boise State -17.5,-16.5,59.5,61.5,-900.0,550.0
401767191,2025,regular,5,2025-09-27T19:30:00.000Z,311,Maine,CAA,fcs,37,2448,North Carolina A&T,CAA,fcs,30,ESPN Bet,-13.5,Maine -13.5,,48.5,,,
401767592,2025,regular,6,2025-10-04T17:30:00.000Z,2747,Wofford,Southern,fcs,21,2717,Western Carolina,Southern,fcs,23,ESPN Bet,10.5,Western Carolina -10.5,,53.5,,,
401754371,2025,regular,8,2025-10-18T02:30:00.000Z,25,California,ACC,fbs,21,153,North Carolina,ACC,fbs,18,ESPN Bet,-8.5,California -8.5,-12.5,47.5,46.5,-320.0,260.0
401767161,2025,regular,3,2025-09-13T20:00:00.000Z,2127,Charleston Southern,Big South-OVC,fcs,28,2815,Lindenwood,Big South-OVC,fcs,35,ESPN Bet,2.5,Lindenwood -2.5,,47.5,,,
401767679,2025,regular,4,2025-09-19T22:00:00.000Z,322,Lafayette,Patriot,fcs,38,171,Columbia,Ivy,fcs,14,ESPN Bet,-3.5,Lafayette -3.5,,54.5,,,
401767405,2025,regular,4,2025-09-20T20:00:00.000Z,2450,Norfolk State,MEAC,fcs,28,2529,Sacred Heart,FCS Independents,fcs,31,ESPN Bet,-1.0,Norfolk State -1,,47.5,,,
401752733,2025,regular,7,2025-10-11T16:45:00.000Z,145,Ole Miss,SEC,fbs,24,265,Washington State,Pac-12,fbs,21,ESPN Bet,-32.5,Ole Miss -32.5,-32.5,58.5,59.5,,
401762488,2025,regular,8,2025-10-18T16:00:00.000Z,2655,Tulane,American Athletic,fbs,24,349,Army,American Athletic,fbs,17,ESPN Bet,-10.5,Tulane -10.5,-10.5,44.5,46.5,-360.0,280.0
401762826,2025,regular,5,2025-09-27T17:00:00.000Z,2117,Central Michigan,Mid-American,fbs,24,2199,Eastern Michigan,Mid-American,fbs,13,ESPN Bet,-3.5,Central Michigan -3.5,-5.5,55.5,54.5,-145.0,125.0
401767311,2025,regular,5,2025-09-27T19:00:00.000Z,2065,Bethune-Cookman,SWAC,fcs,41,2010,Alabama A&M,SWAC,fcs,34,ESPN Bet,4.5,Alabama A&M -4.5,,58.5,,,
401767531,2025,regular,6,2025-10-04T17:30:00.000Z,2678,VMI,Southern,fcs,14,236,Chattanooga,Southern,fcs,21,ESPN Bet,8.0,Chattanooga -8,,52.5,,,
401767225,2025,regular,3,2025-09-13T20:30:00.000Z,2634,Tennessee State,Big South-OVC,fcs,21,2010,Alabama A&M,SWAC,fcs,23,ESPN Bet,1.0,Alabama A&M -1,,55.5,,,
401752877,2025,regular,8,2025-10-18T19:30:00.000Z,275,Wisconsin,Big Ten,fbs,0,194,Ohio State,Big Ten,fbs,34,ESPN Bet,24.5,Ohio State -24.5,26.5,41.5,40.5,,
401757281,2025,regular,8,2025-10-15T00:00:00.000Z,98,Western Kentucky,Conference USA,fbs,6,2229,Florida International,Conference USA,fbs,25,ESPN Bet,-9.5,Western Kentucky -9.5,-8.5,55.5,55.5,-380.0,290.0
401767589,2025,regular,4,2025-09-20T18:00:00.000Z,257,Richmond,Patriot,fcs,38,2678,VMI,Southern,fcs,14,ESPN Bet,-17.0,Richmond -17,,42.5,,,
401756918,2025,regular,7,2025-10-11T19:30:00.000Z,38,Colorado,Big 12,fbs,24,66,Iowa State,Big 12,fbs,17,ESPN Bet,2.5,Iowa State -2.5,4.5,52.5,53.5,130.0,-150.0
401752851,2025,regular,5,2025-09-27T19:30:00.000Z,77,Northwestern,Big Ten,fbs,17,26,UCLA,Big Ten,fbs,14,ESPN Bet,-6.5,Northwestern -6.5,-6.5,46.5,45.5,-200.0,170.0
401767082,2025,regular,5,2025-09-27T19:00:00.000Z,2458,Northern Colorado,Big Sky,fcs,18,304,Idaho State,Big Sky,fcs,26,ESPN Bet,3.5,Idaho State -3.5,,54.5,,,
401767164,2025,regular,6,2025-10-04T17:30:00.000Z,2241,Gardner-Webb,Big South-OVC,fcs,30,2127,Charleston Southern,Big South-OVC,fcs,27,ESPN Bet,-13.5,Gardner-Webb -13.5,,51.5,,,
401767060,2025,regular,3,2025-09-13T21:00:00.000Z,2460,Northern Iowa,MVFC,fcs,17,331,Eastern Washington,Big Sky,fcs,14,ESPN Bet,-4.5,Northern Iowa -4.5,,54.5,,,
401767033,2025,regular,6,2025-10-04T18:00:00.000Z,2803,Bryant,CAA,fcs,14,311,Maine,CAA,fcs,34,ESPN Bet,-2.5,Bryant -2.5,,49.5,,,
401767114,2025,regular,4,2025-09-20T21:00:00.000Z,2464,Northern Arizona,Big Sky,fcs,31,2916,Incarnate Word,Southland,fcs,23,ESPN Bet,-5.5,Northern Arizona -5.5,,54.5,,,
401756905,2025,regular,5,2025-09-27T16:00:00.000Z,2305,Kansas,Big 12,fbs,34,2132,Cincinnati,Big 12,fbs,37,ESPN Bet,-4.5,Kansas -4.5,-5.5,57.5,54.5,-200.0,170.0
401769866,2025,regular,5,2025-09-27T19:30:00.000Z,322,Lafayette,Patriot,fcs,28,163,Princeton,Ivy,fcs,38,ESPN Bet,-7.0,Lafayette -7,,60.5,,,
401762834,2025,regular,7,2025-10-11T19:30:00.000Z,2711,Western Michigan,Mid-American,fbs,42,2050,Ball State,Mid-American,fbs,0,ESPN Bet,-9.5,Western Michigan -9.5,-9.5,42.5,43.5,-360.0,280.0
401762487,2025,regular,8,2025-10-18T20:00:00.000Z,5,UAB,American Athletic,fbs,31,235,Memphis,American Athletic,fbs,24,ESPN Bet,23.5,Memphis -23.5,21.5,59.5,64.5,1200.0,-3000.0
401767190,2025,regular,3,2025-09-13T22:00:00.000Z,311,Maine,CAA,fcs,10,284,Stonehill,NEC,fcs,13,ESPN Bet,-21.0,Maine -21,,51.5,,,
401762473,2025,regular,5,2025-09-27T19:30:00.000Z,2426,Navy,American Athletic,fbs,21,242,Rice,American Athletic,fbs,13,ESPN Bet,-14.5,Navy -14.5,-14.5,45.5,45.5,-650.0,425.0
401767319,2025,regular,4,2025-09-20T22:00:00.000Z,227,Rhode Island,CAA,fcs,28,2341,Long Island University,NEC,fcs,7,ESPN Bet,-16.5,Rhode Island -16.5,,45.5,,,
401767361,2025,regular,5,2025-09-27T19:00:00.000Z,50,Florida A&M,SWAC,fcs,14,2011,Alabama State,SWAC,fcs,42,ESPN Bet,4.0,Alabama State -4,,50.5,,,
401767211,2025,regular,6,2025-10-04T18:00:00.000Z,2815,Lindenwood,Big South-OVC,fcs,30,2630,UT Martin,Big South-OVC,fcs,14,ESPN Bet,1.5,UT Martin -1.5,,52.5,,,
401756926,2025,regular,8,2025-10-19T00:00:00.000Z,197,Oklahoma State,Big 12,fbs,17,2132,Cincinnati,Big 12,fbs,49,ESPN Bet,23.5,Cincinnati -23.5,20.5,57.5,58.5,1200.0,-3000.0
401756916,2025,regular,7,2025-10-12T00:00:00.000Z,12,Arizona,Big 12,fbs,27,252,BYU,Big 12,fbs,33,ESPN Bet,2.5,BYU -2.5,2.5,46.5,47.5,120.0,-140.0
401767736,2025,regular,7,2025-10-11T16:00:00.000Z,171,Columbia,Ivy,fcs,7,2329,Lehigh,Patriot,fcs,31,ESPN Bet,12.5,Lehigh -12.5,,46.5,,,
401767529,2025,regular,3,2025-09-13T22:00:00.000Z,236,Chattanooga,Southern,fcs,63,56,Stetson,Pioneer,fcs,0,ESPN Bet,-27.5,Chattanooga -27.5,,54.5,,,
401767580,2025,regular,4,2025-09-20T18:30:00.000Z,2717,Western Carolina,Southern,fcs,50,2535,Samford,Southern,fcs,35,ESPN Bet,-10.5,Western Carolina -10.5,,58.5,,,
401760387,2025,regular,7,2025-10-12T01:45:00.000Z,68,Boise State,Mountain West,fbs,41,167,New Mexico,Mountain West,fbs,25,ESPN Bet,-15.5,Boise State -15.5,-16.5,57.5,60.5,-750.0,475.0
401757274,2025,regular,5,2025-09-27T20:00:00.000Z,167,New Mexico,Mountain West,fbs,38,166,New Mexico State,Conference USA,fbs,20,ESPN Bet,-17.5,New Mexico -17.5,-13.5,53.5,54.5,-750.0,475.0
401767323,2025,regular,5,2025-09-27T19:30:00.000Z,2619,Stony Brook,CAA,fcs,35,2771,Merrimack,FCS Independents,fcs,10,ESPN Bet,-7.0,Stony Brook -7,,47.5,,,
401767595,2025,regular,6,2025-10-04T18:00:00.000Z,2900,St. Thomas (MN),Pioneer,fcs,14,2086,Butler,Pioneer,fcs,21,ESPN Bet,-6.5,St. Thomas (MN) -6.5,,48.5,,,
401760392,2025,regular,8,2025-10-18T19:30:00.000Z,2005,Air Force,Mountain West,fbs,24,2751,Wyoming,Mountain West,fbs,21,ESPN Bet,-3.5,Air Force -3.5,-5.5,56.5,58.5,-175.0,150.0
401767573,2025,regular,3,2025-09-13T22:00:00.000Z,2382,Mercer,Southern,fcs,22,2747,Wofford,Southern,fcs,21,ESPN Bet,-10.5,Mercer -10.5,,42.5,,,
401767329,2025,regular,4,2025-09-20T22:00:00.000Z,119,Towson,CAA,fcs,28,2754,Youngstown State,MVFC,fcs,31,ESPN Bet,3.0,Youngstown State -3,,54.5,,,
401757269,2025,regular,5,2025-09-27T23:00:00.000Z,2572,Southern Miss,Sun Belt,fbs,42,55,Jacksonville State,Conference USA,fbs,25,ESPN Bet,-5.5,Southern Miss -5.5,-4.5,55.5,57.5,-195.0,165.0
401767337,2025,regular,5,2025-09-27T19:30:00.000Z,222,Villanova,CAA,fcs,31,2729,William & Mary,CAA,fcs,24,ESPN Bet,-6.5,Villanova -6.5,,50.5,,,
401767690,2025,regular,6,2025-10-04T18:00:00.000Z,172,Cornell,Ivy,fcs,21,2142,Colgate,Patriot,fcs,41,ESPN Bet,1.5,Colgate -1.5,,54.5,,,
401752951,2025,regular,8,2025-10-18T22:30:00.000Z,258,Virginia,ACC,fbs,22,265,Washington State,Pac-12,fbs,20,ESPN Bet,-16.5,Virginia -16.5,-16.5,56.5,57.5,-900.0,550.0
401754561,2025,regular,7,2025-10-11T16:00:00.000Z,2567,SMU,ACC,fbs,34,24,Stanford,ACC,fbs,10,ESPN Bet,-19.5,SMU -19.5,-17.5,55.5,56.5,-1200.0,700.0
401767300,2025,regular,3,2025-09-13T22:00:00.000Z,2698,West Georgia,UAC,fcs,35,2193,East Tennessee State,Southern,fcs,31,ESPN Bet,-5.5,West Georgia -5.5,,52.5,,,
401767278,2025,regular,4,2025-09-20T22:00:00.000Z,2698,West Georgia,UAC,fcs,33,2198,Eastern Kentucky,UAC,fcs,12,ESPN Bet,-10.5,West Georgia -10.5,,49.5,,,
401767566,2025,regular,5,2025-09-27T19:30:00.000Z,2535,Samford,Southern,fcs,13,231,Furman,Southern,fcs,31,ESPN Bet,7.0,Furman -7,,54.5,,,
401767559,2025,regular,6,2025-10-04T18:00:00.000Z,231,Furman,Southern,fcs,31,2193,East Tennessee State,Southern,fcs,22,ESPN Bet,-0.5,Furman -0.5,,54.5,,,
401761627,2025,regular,7,2025-10-12T00:00:00.000Z,326,Texas State,Sun Belt,fbs,41,2653,Troy,Sun Belt,fbs,48,ESPN Bet,-7.5,Texas State -7.5,-10.5,53.5,54.5,-290.0,240.0
401752743,2025,regular,8,2025-10-18T23:00:00.000Z,96,Kentucky,SEC,fbs,13,251,Texas,SEC,fbs,16,ESPN Bet,13.5,Texas -13.5,12.5,45.5,43.5,400.0,-600.0
401767388,2025,regular,3,2025-09-13T22:00:00.000Z,2569,South Carolina State,MEAC,fcs,55,2065,Bethune-Cookman,SWAC,fcs,41,ESPN Bet,-18.0,South Carolina State -18,,47.5,,,
401767664,2025,regular,4,2025-09-20T22:00:00.000Z,2083,Bucknell,Patriot,fcs,24,2329,Lehigh,Patriot,fcs,41,ESPN Bet,14.0,Lehigh -14,,54.5,,,
401762474,2025,regular,5,2025-09-27T20:00:00.000Z,202,Tulsa,American Athletic,fbs,14,2655,Tulane,American Athletic,fbs,31,ESPN Bet,14.5,Tulane -14.5,13.5,52.5,53.5,475.0,-750.0
401767142,2025,regular,5,2025-09-27T19:30:00.000Z,2097,Campbell,CAA,fcs,35,2717,Western Carolina,Southern,fcs,42,ESPN Bet,6.5,Western Carolina -6.5,,68.5,,,
401767727,2025,regular,6,2025-10-04T18:00:00.000Z,107,Holy Cross,Patriot,fcs,24,108,Harvard,Ivy,fcs,59,ESPN Bet,14.0,Harvard -14,,48.5,,,
401756920,2025,regular,7,2025-10-11T16:00:00.000Z,197,Oklahoma State,Big 12,fbs,17,248,Houston,Big 12,fbs,39,ESPN Bet,14.5,Houston -14.5,14.5,47.5,46.5,475.0,-750.0
401754567,2025,regular,8,2025-10-19T02:30:00.000Z,24,Stanford,ACC,fbs,20,52,Florida State,ACC,fbs,13,ESPN Bet,17.5,Florida State -17.5,17.5,55.5,54.5,750.0,-1400.0
401767426,2025,regular,3,2025-09-13T23:00:00.000Z,2545,SE Louisiana,Southland,fcs,56,2400,Mississippi Valley State,SWAC,fcs,3,ESPN Bet,-32.5,SE Louisiana -32.5,,51.5,,,
401767743,2025,regular,4,2025-09-20T22:00:00.000Z,2771,Merrimack,FCS Independents,fcs,16,2115,Central Connecticut,NEC,fcs,14,ESPN Bet,-1.5,Merrimack -1.5,,42.5,,,
401760395,2025,regular,8,2025-10-19T01:45:00.000Z,167,New Mexico,Mountain West,fbs,24,2440,Nevada,Mountain West,fbs,22,ESPN Bet,-14.5,New Mexico -14.5,-10.5,49.5,48.5,-650.0,425.0
401752722,2025,regular,5,2025-09-27T23:45:00.000Z,2579,South Carolina,SEC,fbs,35,96,Kentucky,SEC,fbs,13,ESPN Bet,-6.5,South Carolina -6.5,-6.5,46.5,47.5,-200.0,170.0
401767062,2025,regular,5,2025-09-27T20:00:00.000Z,147,Montana State,Big Sky,fcs,57,331,Eastern Washington,Big Sky,fcs,3,ESPN Bet,-21.0,Montana State -21,,57.5,,,
401767175,2025,regular,6,2025-10-04T19:00:00.000Z,2197,Eastern Illinois,Big South-OVC,fcs,31,2634,Tennessee State,Big South-OVC,fcs,7,ESPN Bet,-5.0,Eastern Illinois -5,,50.5,,,
401767202,2025,regular,3,2025-09-13T23:00:00.000Z,2241,Gardner-Webb,Big South-OVC,fcs,23,2643,The Citadel,Southern,fcs,13,ESPN Bet,-3.5,Gardner-Webb -3.5,,54.5,,,
401767333,2025,regular,4,2025-09-20T23:00:00.000Z,399,UAlbany,CAA,fcs,13,172,Cornell,Ivy,fcs,10,ESPN Bet,3.0,Cornell -3,,50.5,,,
401761617,2025,regular,5,2025-09-27T16:00:00.000Z,249,North Texas,American Athletic,fbs,36,6,South Alabama,Sun Belt,fbs,22,ESPN Bet,-11.5,North Texas -11.5,-12.5,63.5,63.5,-500.0,360.0
401767645,2025,regular,5,2025-09-27T20:00:00.000Z,301,San Diego,Pioneer,fcs,30,2900,St. Thomas (MN),Pioneer,fcs,27,ESPN Bet,-1.0,San Diego -1,,53.5,,,
401767241,2025,regular,6,2025-10-04T19:00:00.000Z,2000,Abilene Christian,UAC,fcs,52,2453,North Alabama,UAC,fcs,23,ESPN Bet,-11.5,Abilene Christian -11.5,,58.5,,,
401754563,2025,regular,7,2025-10-11T19:30:00.000Z,204,Oregon State,Pac-12,fbs,14,154,Wake Forest,ACC,fbs,39,ESPN Bet,1.5,Wake Forest -1.5,2.5,47.5,52.5,110.0,-130.0
401767235,2025,regular,3,2025-09-13T23:00:00.000Z,2630,UT Martin,Big South-OVC,fcs,10,79,Southern Illinois,MVFC,fcs,37,ESPN Bet,3.0,Southern Illinois -3,,52.5,,,
401767210,2025,regular,4,2025-09-20T23:00:00.000Z,2815,Lindenwood,Big South-OVC,fcs,30,2619,Stony Brook,CAA,fcs,27,ESPN Bet,3.5,Stony Brook -3.5,,58.5,,,
401760386,2025,regular,7,2025-10-11T19:30:00.000Z,2439,UNLV,Mountain West,fbs,51,2005,Air Force,Mountain West,fbs,48,ESPN Bet,-7.5,UNLV -7.5,-7.5,66.5,68.5,-240.0,200.0
401756907,2025,regular,5,2025-09-27T19:30:00.000Z,197,Oklahoma State,Big 12,fbs,27,239,Baylor,Big 12,fbs,45,ESPN Bet,21.5,Baylor -21.5,20.5,58.5,59.5,1000.0,-2000.0
401767174,2025,regular,5,2025-09-27T20:00:00.000Z,2710,Western Illinois,Big South-OVC,fcs,23,2197,Eastern Illinois,Big South-OVC,fcs,31,ESPN Bet,-2.5,Western Illinois -2.5,,62.5,,,
401767362,2025,regular,6,2025-10-04T19:00:00.000Z,2011,Alabama State,SWAC,fcs,52,2065,Bethune-Cookman,SWAC,fcs,35,ESPN Bet,-13.0,Alabama State -13,,57.5,,,
401762490,2025,regular,8,2025-10-18T23:30:00.000Z,58,South Florida,American Athletic,fbs,48,2226,Florida Atlantic,American Athletic,fbs,13,ESPN Bet,-20.5,South Florida -20.5,-22.5,72.5,74.5,-1600.0,800.0
401767248,2025,regular,3,2025-09-13T23:00:00.000Z,2046,Austin Peay,UAC,fcs,56,2413,Morehead State,Pioneer,fcs,7,ESPN Bet,-25.5,Austin Peay -25.5,,49.5,,,
401767031,2025,regular,4,2025-09-20T22:00:00.000Z,2097,Campbell,CAA,fcs,50,2803,Bryant,CAA,fcs,48,ESPN Bet,1.5,Bryant -1.5,,51.5,,,
401754565,2025,regular,8,2025-10-18T19:30:00.000Z,228,Clemson,ACC,fbs,24,2567,SMU,ACC,fbs,35,ESPN Bet,-5.5,Clemson -5.5,-9.5,49.5,54.5,-175.0,150.0
401756919,2025,regular,7,2025-10-11T19:30:00.000Z,2306,Kansas State,Big 12,fbs,41,2628,TCU,Big 12,fbs,28,ESPN Bet,2.5,TCU -2.5,1.5,54.5,57.5,120.0,-140.0
401761615,2025,regular,5,2025-09-28T00:00:00.000Z,309,Louisiana,Sun Belt,fbs,54,276,Marshall,Sun Belt,fbs,51,ESPN Bet,1.5,Marshall -1.5,-2.5,48.5,46.5,115.0,-135.0
401767115,2025,regular,5,2025-09-27T21:00:00.000Z,2502,Portland State,Big Sky,fcs,17,2464,Northern Arizona,Big Sky,fcs,31,ESPN Bet,21.0,Northern Arizona -21,,54.5,,,
401767273,2025,regular,6,2025-10-04T19:30:00.000Z,2729,William & Mary,CAA,fcs,38,2448,North Carolina A&T,CAA,fcs,34,ESPN Bet,-20.5,William & Mary -20.5,,53.5,,,
401767544,2025,regular,3,2025-09-13T23:00:00.000Z,2571,South Dakota State,MVFC,fcs,37,2181,Drake,Pioneer,fcs,21,ESPN Bet,-34.0,South Dakota State -34,,47.5,,,
401767218,2025,regular,4,2025-09-20T23:00:00.000Z,2546,Southeast Missouri State,Big South-OVC,fcs,31,79,Southern Illinois,MVFC,fcs,59,ESPN Bet,5.5,Southern Illinois -5.5,,54.5,,,
401761616,2025,regular,5,2025-09-27T19:00:00.000Z,2433,UL Monroe,Sun Belt,fbs,28,2032,Arkansas State,Sun Belt,fbs,16,ESPN Bet,-1.5,UL Monroe -1.5,-3.5,55.5,56.5,-115.0,-105.0
401767226,2025,regular,5,2025-09-27T20:30:00.000Z,2634,Tennessee State,Big South-OVC,fcs,8,2635,Tennessee Tech,Big South-OVC,fcs,35,ESPN Bet,31.5,Tennessee Tech -31.5,,56.5,,,
401767324,2025,regular,6,2025-10-04T19:30:00.000Z,399,UAlbany,CAA,fcs,12,2619,Stony Brook,CAA,fcs,47,ESPN Bet,7.0,Stony Brook -7,,48.5,,,
401762485,2025,regular,7,2025-10-11T23:30:00.000Z,2636,UTSA,American Athletic,fbs,61,242,Rice,American Athletic,fbs,13,ESPN Bet,-9.5,UTSA -9.5,-12.5,48.5,49.5,-360.0,280.0
401767458,2025,regular,3,2025-09-13T23:00:00.000Z,2640,Texas Southern,SWAC,fcs,7,2320,Lamar,Southland,fcs,31,ESPN Bet,9.5,Lamar -9.5,,45.5,,,
401767433,2025,regular,4,2025-09-20T23:00:00.000Z,2504,Prairie View A&M,SWAC,fcs,27,2466,Northwestern State,Southland,fcs,24,ESPN Bet,-10.5,Prairie View A&M -10.5,,46.5,,,
401752721,2025,regular,5,2025-09-27T23:30:00.000Z,142,Missouri,SEC,fbs,42,113,Massachusetts,Mid-American,fbs,6,ESPN Bet,-44.5,Missouri -44.5,-43.5,56.5,55.5,,
401767427,2025,regular,5,2025-09-27T21:00:00.000Z,2400,Mississippi Valley State,SWAC,fcs,20,2640,Texas Southern,SWAC,fcs,23,ESPN Bet,13.5,Texas Southern -13.5,,47.5,,,
401767484,2025,regular,6,2025-10-04T20:00:00.000Z,2320,Lamar,Southland,fcs,24,2447,Nicholls,Southland,fcs,17,ESPN Bet,-3.5,Lamar -3.5,,41.5,,,
401760389,2025,regular,7,2025-10-12T03:59:00.000Z,62,Hawai'i,Mountain West,fbs,44,328,Utah State,Mountain West,fbs,26,ESPN Bet,1.5,Utah State -1.5,-1.5,57.5,58.5,105.0,-125.0
401767305,2025,regular,3,2025-09-13T23:00:00.000Z,2110,Central Arkansas,UAC,fcs,10,2627,Tarleton State,UAC,fcs,56,ESPN Bet,13.0,Tarleton State -13,,56.5,,,
401767306,2025,regular,4,2025-09-20T23:00:00.000Z,2627,Tarleton State,UAC,fcs,52,236,Chattanooga,Southern,fcs,24,ESPN Bet,-27.0,Tarleton State -27,,55.5,,,
401767558,2025,regular,5,2025-09-27T21:30:00.000Z,2193,East Tennessee State,Southern,fcs,34,2382,Mercer,Southern,fcs,38,ESPN Bet,2.0,Mercer -2,,52.5,,,
401757272,2025,regular,5,2025-09-28T01:00:00.000Z,2638,UTEP,Conference USA,fbs,11,2348,Louisiana Tech,Conference USA,fbs,30,ESPN Bet,3.5,Louisiana Tech -3.5,3.5,47.5,48.5,160.0,-190.0
401767371,2025,regular,6,2025-10-04T20:00:00.000Z,2016,Alcorn State,SWAC,fcs,12,2504,Prairie View A&M,SWAC,fcs,13,ESPN Bet,3.0,Prairie View A&M -3,,47.5,,,
401760391,2025,regular,7,2025-10-11T23:00:00.000Z,2751,Wyoming,Mountain West,fbs,35,23,San José State,Mountain West,fbs,28,ESPN Bet,1.5,San José State -1.5,2.5,49.5,49.5,105.0,-125.0
401767159,2025,regular,3,2025-09-13T23:00:00.000Z,2377,McNeese,Southland,fcs,41,2692,Weber State,Big Sky,fcs,42,ESPN Bet,3.0,Weber State -3,,52.5,,,
401767416,2025,regular,4,2025-09-20T23:00:00.000Z,2755,Grambling,SWAC,fcs,31,2837,East Texas A&M,Southland,fcs,28,ESPN Bet,3.5,East Texas A&M -3.5,,54.5,,,
401757273,2025,regular,5,2025-09-27T23:00:00.000Z,2623,Missouri State,Conference USA,fbs,22,98,Western Kentucky,Conference USA,fbs,27,ESPN Bet,3.5,Western Kentucky -3.5,5.5,59.5,60.5,160.0,-190.0
401757270,2025,regular,5,2025-09-27T22:00:00.000Z,338,Kennesaw State,Conference USA,fbs,24,2393,Middle Tennessee,Conference USA,fbs,16,ESPN Bet,-7.5,Kennesaw State -7.5,-6.5,54.5,52.5,-225.0,190.0
401767530,2025,regular,5,2025-09-27T22:00:00.000Z,236,Chattanooga,Southern,fcs,10,2643,The Citadel,Southern,fcs,28,ESPN Bet,-15.5,Chattanooga -15.5,,47.5,,,
401767183,2025,regular,6,2025-10-04T20:00:00.000Z,2261,Hampton,CAA,fcs,41,2450,Norfolk State,MEAC,fcs,34,ESPN Bet,-4.5,Hampton -4.5,,54.5,,,
401752864,2025,regular,7,2025-10-11T23:30:00.000Z,135,Minnesota,Big Ten,fbs,27,2509,Purdue,Big Ten,fbs,20,ESPN Bet,-7.5,Minnesota -7.5,-9.5,49.5,52.5,-300.0,250.0
401760390,2025,regular,7,2025-10-12T02:30:00.000Z,2440,Nevada,Mountain West,fbs,10,21,San Diego State,Mountain West,fbs,44,ESPN Bet,6.5,San Diego State -6.5,6.5,42.5,42.5,190.0,-225.0
401783278,2025,regular,3,2025-09-13T23:00:00.000Z,399,UAlbany,CAA,fcs,17,2441,New Haven,NEC,fcs,24,ESPN Bet,-19.5,UAlbany -19.5,,45.5,,,
401767121,2025,regular,4,2025-09-20T23:00:00.000Z,2277,Houston Christian,Southland,fcs,23,2458,Northern Colorado,Big Sky,fcs,26,ESPN Bet,-1.5,Houston Christian -1.5,,47.5,,,
401754573,2025,regular,9,2025-10-25T16:00:00.000Z,153,North Carolina,ACC,fbs,16,258,Virginia,ACC,fbs,17,ESPN Bet,12.5,Virginia -12.5,9.5,51.5,51.5,320.0,-425.0
401752941,2025,regular,8,2025-10-19T02:00:00.000Z,204,Oregon State,Pac-12,fbs,45,322,Lafayette,Patriot,fcs,13,ESPN Bet,-21.5,Oregon State -21.5,-23.5,55.5,54.5,-1800.0,900.0
401756903,2025,regular,5,2025-09-28T02:15:00.000Z,38,Colorado,Big 12,fbs,21,252,BYU,Big 12,fbs,24,ESPN Bet,6.5,BYU -6.5,6.5,48.5,47.5,200.0,-240.0
401767552,2025,regular,5,2025-09-27T22:00:00.000Z,108,Harvard,Ivy,fcs,41,225,Brown,Ivy,fcs,7,ESPN Bet,-16.5,Harvard -16.5,,57.5,,,
401767503,2025,regular,6,2025-10-04T21:00:00.000Z,2460,Northern Iowa,MVFC,fcs,7,155,North Dakota,MVFC,fcs,35,ESPN Bet,15.0,North Dakota -15,,53.5,,,
401767597,2025,regular,8,2025-10-18T16:00:00.000Z,2168,Dayton,Pioneer,fcs,17,2086,Butler,Pioneer,fcs,23,ESPN Bet,-2.5,Dayton -2.5,,46.5,,,
401754566,2025,regular,8,2025-10-18T16:00:00.000Z,150,Duke,ACC,fbs,18,59,Georgia Tech,ACC,fbs,27,ESPN Bet,-3.5,Duke -3.5,-2.5,61.5,60.5,-165.0,140.0
401752879,2025,regular,8,2025-10-18T23:00:00.000Z,26,UCLA,Big Ten,fbs,20,120,Maryland,Big Ten,fbs,17,ESPN Bet,-4.5,UCLA -4.5,-3.5,52.5,52.5,-185.0,155.0
401767701,2025,regular,9,2025-10-24T22:00:00.000Z,159,Dartmouth,Ivy,fcs,49,171,Columbia,Ivy,fcs,3,ESPN Bet,-12.5,Dartmouth -12.5,,46.5,,,
401757288,2025,regular,9,2025-10-23T01:00:00.000Z,166,New Mexico State,Conference USA,fbs,17,2623,Missouri State,Conference USA,fbs,24,ESPN Bet,2.5,Missouri State -2.5,2.5,51.5,52.5,120.0,-140.0
401752885,2025,regular,9,2025-10-25T16:00:00.000Z,84,Indiana,Big Ten,fbs,56,26,UCLA,Big Ten,fbs,6,ESPN Bet,-27.5,Indiana -27.5,-24.5,53.5,,-4000.0,1300.0
401767408,2025,regular,9,2025-10-25T18:00:00.000Z,2450,Norfolk State,MEAC,fcs,20,2569,South Carolina State,MEAC,fcs,51,ESPN Bet,14.5,South Carolina State -14.5,,53.5,,,
401767101,2025,regular,9,2025-10-25T02:30:00.000Z,16,Sacramento State,Big Sky,fcs,35,149,Montana,Big Sky,fcs,49,ESPN Bet,6.0,Montana -6,,61.5,,,
401767493,2025,regular,9,2025-10-25T20:00:00.000Z,2447,Nicholls,Southland,fcs,31,2377,McNeese,Southland,fcs,7,ESPN Bet,-5.5,Nicholls -5.5,,43.5,,,
401767617,2025,regular,9,2025-10-25T16:00:00.000Z,2168,Dayton,Pioneer,fcs,35,2506,Presbyterian,Pioneer,fcs,19,ESPN Bet,8.5,Presbyterian -8.5,,50.5,,,
401767252,2025,regular,9,2025-10-25T20:00:00.000Z,2046,Austin Peay,UAC,fcs,56,2453,North Alabama,UAC,fcs,28,ESPN Bet,-19.5,Austin Peay -19.5,,57.5,,,
401767486,2025,regular,9,2025-10-25T19:00:00.000Z,2466,Northwestern State,Southland,fcs,14,2320,Lamar,Southland,fcs,41,ESPN Bet,24.5,Lamar -24.5,,47.5,,,
401767555,2025,regular,10,2025-10-31T23:00:00.000Z,219,Pennsylvania,Ivy,fcs,28,225,Brown,Ivy,fcs,21,ESPN Bet,-11.5,Pennsylvania -11.5,,50.5,,,
401752887,2025,regular,10,2025-11-01T19:30:00.000Z,120,Maryland,Big Ten,fbs,10,84,Indiana,Big Ten,fbs,55,ESPN Bet,21.5,Indiana -21.5,21.5,50.5,51.5,1100.0,-2500.0
401767094,2025,regular,10,2025-11-01T02:30:00.000Z,2464,Northern Arizona,Big Sky,fcs,32,70,Idaho,Big Sky,fcs,35,ESPN Bet,-5.5,Northern Arizona -5.5,,52.5,,,
401767346,2025,regular,10,2025-10-30T23:00:00.000Z,2169,Delaware State,MEAC,fcs,27,2450,Norfolk State,MEAC,fcs,20,ESPN Bet,-17.5,Delaware State -17.5,,57.5,,,
401767181,2025,regular,3,2025-09-13T23:00:00.000Z,2448,North Carolina A&T,CAA,fcs,33,2261,Hampton,CAA,fcs,30,ESPN Bet,3.0,Hampton -3,,48.5,,,
401767061,2025,regular,4,2025-09-20T23:00:00.000Z,331,Eastern Washington,Big Sky,fcs,52,2710,Western Illinois,Big South-OVC,fcs,31,ESPN Bet,-13.0,Eastern Washington -13,,58.5,,,
401754571,2025,regular,9,2025-10-25T16:00:00.000Z,59,Georgia Tech,ACC,fbs,41,183,Syracuse,ACC,fbs,16,ESPN Bet,-17.5,Georgia Tech -17.5,-17.5,53.5,54.5,-1000.0,600.0
401767774,2025,regular,9,2025-10-25T16:00:00.000Z,2385,Mercyhurst,NEC,fcs,15,284,Stonehill,NEC,fcs,22,ESPN Bet,-7.5,Mercyhurst -7.5,,44.5,,,
401754558,2025,regular,7,2025-10-11T23:30:00.000Z,103,Boston College,ACC,fbs,10,228,Clemson,ACC,fbs,41,ESPN Bet,13.5,Clemson -13.5,14.5,54.5,55.5,450.0,-700.0
401767759,2025,regular,8,2025-10-18T16:00:00.000Z,2341,Long Island University,NEC,fcs,17,2523,Robert Morris,NEC,fcs,7,ESPN Bet,-9.5,Long Island University -9.5,,42.5,,,
401752758,2025,regular,10,2025-11-01T16:00:00.000Z,251,Texas,SEC,fbs,34,238,Vanderbilt,SEC,fbs,31,ESPN Bet,-3.5,Texas -3.5,-2.5,48.5,45.5,-150.0,130.0
401760401,2025,regular,10,2025-11-01T16:00:00.000Z,2005,Air Force,Mountain West,fbs,17,349,Army,American Athletic,fbs,20,ESPN Bet,1.5,Army -1.5,1.5,48.5,49.5,-105.0,-115.0
401752757,2025,regular,10,2025-11-01T23:30:00.000Z,2633,Tennessee,SEC,fbs,27,201,Oklahoma,SEC,fbs,33,ESPN Bet,-2.5,Tennessee -2.5,-3.5,55.5,56.5,-130.0,110.0
401754579,2025,regular,10,2025-11-01T23:30:00.000Z,152,NC State,ACC,fbs,48,59,Georgia Tech,ACC,fbs,36,ESPN Bet,4.5,Georgia Tech -4.5,6.5,58.5,57.5,170.0,-200.0
401752950,2025,regular,5,2025-09-27T23:30:00.000Z,36,Colorado State,Mountain West,fbs,3,265,Washington State,Pac-12,fbs,20,ESPN Bet,-6.5,Colorado State -6.5,-4.5,48.5,50.5,-200.0,170.0
401767279,2025,regular,5,2025-09-27T22:00:00.000Z,2198,Eastern Kentucky,UAC,fcs,27,2447,Nicholls,Southland,fcs,7,ESPN Bet,-2.5,Eastern Kentucky -2.5,,42.5,,,
401767108,2025,regular,6,2025-10-04T21:00:00.000Z,2464,Northern Arizona,Big Sky,fcs,10,147,Montana State,Big Sky,fcs,34,ESPN Bet,7.5,Montana State -7.5,,59.5,,,
401757289,2025,regular,10,2025-10-29T00:00:00.000Z,338,Kennesaw State,Conference USA,fbs,33,2638,UTEP,Conference USA,fbs,20,ESPN Bet,-12.5,Kennesaw State -12.5,-8.5,53.5,48.5,-550.0,380.0
401762501,2025,regular,11,2025-11-08T02:00:00.000Z,235,Memphis,American Athletic,fbs,32,2655,Tulane,American Athletic,fbs,38,ESPN Bet,-3.5,Memphis -3.5,-7.5,53.5,57.5,-150.0,130.0
401752750,2025,regular,9,2025-10-25T16:00:00.000Z,201,Oklahoma,SEC,fbs,26,145,Ole Miss,SEC,fbs,34,ESPN Bet,-5.5,Oklahoma -5.5,-3.5,52.5,50.5,-195.0,165.0
401752752,2025,regular,9,2025-10-25T19:30:00.000Z,238,Vanderbilt,SEC,fbs,17,142,Missouri,SEC,fbs,10,ESPN Bet,-3.5,Vanderbilt -3.5,-2.5,52.5,,-145.0,125.0
401752749,2025,regular,9,2025-10-25T20:15:00.000Z,344,Mississippi State,SEC,fbs,38,251,Texas,SEC,fbs,45,ESPN Bet,8.5,Texas -8.5,6.5,49.5,45.5,270.0,-340.0
401767237,2025,regular,3,2025-09-13T23:00:00.000Z,2710,Western Illinois,Big South-OVC,fcs,51,2674,Valparaiso,Pioneer,fcs,30,ESPN Bet,-17.0,Western Illinois -17,,49.5,,,
401767308,2025,regular,4,2025-09-21T00:00:00.000Z,3101,Utah Tech,UAC,fcs,20,2460,Northern Iowa,MVFC,fcs,9,ESPN Bet,6.5,Northern Iowa -6.5,,49.5,,,
401752761,2025,regular,11,2025-11-08T18:00:00.000Z,145,Ole Miss,SEC,fbs,49,2643,The Citadel,Southern,fcs,0,ESPN Bet,-52.5,Ole Miss -52.5,-51.5,63.5,63.5,,
401762494,2025,regular,9,2025-10-25T16:00:00.000Z,235,Memphis,American Athletic,fbs,34,58,South Florida,American Athletic,fbs,31,ESPN Bet,3.5,South Florida -3.5,3.5,58.5,68.5,135.0,-155.0
401752880,2025,regular,9,2025-10-25T19:30:00.000Z,264,Washington,Big Ten,fbs,42,356,Illinois,Big Ten,fbs,25,ESPN Bet,-3.5,Washington -3.5,-4.5,54.5,55.5,-150.0,130.0
401757287,2025,regular,9,2025-10-22T23:30:00.000Z,48,Delaware,Conference USA,fbs,31,2393,Middle Tennessee,Conference USA,fbs,28,ESPN Bet,-9.5,Delaware -9.5,-10.5,55.5,52.5,-340.0,270.0
401752884,2025,regular,9,2025-10-25T16:00:00.000Z,2509,Purdue,Big Ten,fbs,24,164,Rutgers,Big Ten,fbs,27,ESPN Bet,-2.5,Purdue -2.5,2.5,60.5,57.5,-135.0,115.0
401767754,2025,regular,9,2025-10-25T16:00:00.000Z,2681,Wagner,NEC,fcs,24,2184,Duquesne,NEC,fcs,13,ESPN Bet,23.5,Duquesne -23.5,,47.5,,,
401757295,2025,regular,11,2025-11-08T20:00:00.000Z,48,Delaware,Conference USA,fbs,25,2348,Louisiana Tech,Conference USA,fbs,24,ESPN Bet,5.5,Louisiana Tech -5.5,5.5,57.5,57.5,180.0,-215.0
401767706,2025,regular,11,2025-11-08T00:00:00.000Z,171,Columbia,Ivy,fcs,14,108,Harvard,Ivy,fcs,31,ESPN Bet,29.5,Harvard -29.5,,48.5,,,
401767316,2025,regular,11,2025-11-08T17:00:00.000Z,2619,Stony Brook,CAA,fcs,38,2448,North Carolina A&T,CAA,fcs,12,ESPN Bet,-18.5,Stony Brook -18.5,,53.5,,,
401767095,2025,regular,11,2025-11-09T00:00:00.000Z,70,Idaho,Big Sky,fcs,14,302,UC Davis,Big Sky,fcs,28,ESPN Bet,2.5,UC Davis -2.5,,59.5,,,
401767669,2025,regular,11,2025-11-08T18:00:00.000Z,2230,Fordham,Patriot,fcs,19,2083,Bucknell,Patriot,fcs,37,ESPN Bet,-3.5,Fordham -3.5,,56.5,,,
401767077,2025,regular,11,2025-11-08T23:00:00.000Z,304,Idaho State,Big Sky,fcs,27,13,Cal Poly,Big Sky,fcs,17,ESPN Bet,-7.5,Idaho State -7.5,,62.5,,,
401767117,2025,regular,11,2025-11-08T23:00:00.000Z,2464,Northern Arizona,Big Sky,fcs,49,2458,Northern Colorado,Big Sky,fcs,10,ESPN Bet,-12.5,Northern Arizona -12.5,,56.5,,,
401754549,2025,regular,5,2025-09-27T23:30:00.000Z,24,Stanford,ACC,fbs,30,23,San José State,Mountain West,fbs,29,ESPN Bet,-3.5,Stanford -3.5,-2.5,49.5,49.5,-140.0,120.0
401767665,2025,regular,5,2025-09-27T22:00:00.000Z,2083,Bucknell,Patriot,fcs,30,2598,Saint Francis,NEC,fcs,23,ESPN Bet,-18.5,Bucknell -18.5,,49.5,,,
401767312,2025,regular,6,2025-10-04T21:00:00.000Z,2010,Alabama A&M,SWAC,fcs,24,2296,Jackson State,SWAC,fcs,57,ESPN Bet,14.5,Jackson State -14.5,,55.5,,,
401767347,2025,regular,11,2025-11-08T00:00:00.000Z,2415,Morgan State,MEAC,fcs,12,2169,Delaware State,MEAC,fcs,14,ESPN Bet,3.5,Delaware State -3.5,,54.5,,,
401754575,2025,regular,10,2025-10-31T23:30:00.000Z,183,Syracuse,ACC,fbs,10,153,North Carolina,ACC,fbs,27,ESPN Bet,-1.5,Syracuse -1.5,-1.5,45.5,48.5,-120.0,-105.0
401767773,2025,regular,8,2025-10-18T16:00:00.000Z,43,Yale,Ivy,fcs,47,284,Stonehill,NEC,fcs,7,ESPN Bet,-21.5,Yale -21.5,,44.5,,,
401754597,2025,regular,12,2025-11-15T17:00:00.000Z,221,Pittsburgh,ACC,fbs,15,87,Notre Dame,FBS Independents,fbs,37,ESPN Bet,12.5,Notre Dame -12.5,11.5,54.5,56.5,380.0,-550.0
401754593,2025,regular,12,2025-11-15T20:30:00.000Z,150,Duke,ACC,fbs,17,258,Virginia,ACC,fbs,34,ESPN Bet,-5.5,Duke -5.5,-6.5,60.5,59.5,-215.0,180.0
401756949,2025,regular,12,2025-11-16T00:00:00.000Z,239,Baylor,Big 12,fbs,28,254,Utah,Big 12,fbs,55,ESPN Bet,9.5,Utah -9.5,7.5,61.5,60.5,280.0,-360.0
401752904,2025,regular,12,2025-11-15T02:00:00.000Z,2483,Oregon,Big Ten,fbs,42,135,Minnesota,Big Ten,fbs,13,ESPN Bet,-26.5,Oregon -26.5,-21.5,45.5,44.5,-6000.0,1800.0
401760414,2025,regular,12,2025-11-16T00:00:00.000Z,2439,UNLV,Mountain West,fbs,29,328,Utah State,Mountain West,fbs,26,ESPN Bet,-4.5,UNLV -4.5,-5.5,68.5,69.5,-195.0,165.0
401756942,2025,regular,10,2025-11-02T02:15:00.000Z,254,Utah,Big 12,fbs,45,2132,Cincinnati,Big 12,fbs,14,ESPN Bet,-9.5,Utah -9.5,-7.5,58.5,57.5,-425.0,320.0
401767102,2025,regular,10,2025-11-01T19:00:00.000Z,2692,Weber State,Big Sky,fcs,17,149,Montana,Big Sky,fcs,38,ESPN Bet,19.5,Montana -19.5,,61.5,,,
401767746,2025,regular,10,2025-11-01T16:00:00.000Z,2115,Central Connecticut,NEC,fcs,10,2341,Long Island University,NEC,fcs,7,ESPN Bet,-5.5,Central Connecticut -5.5,,42.5,,,
401767723,2025,regular,10,2025-11-01T16:00:00.000Z,2329,Lehigh,Patriot,fcs,41,46,Georgetown,Patriot,fcs,0,ESPN Bet,-24.0,Lehigh -24,,47.5,,,
401752762,2025,regular,11,2025-11-08T17:00:00.000Z,344,Mississippi State,SEC,fbs,21,61,Georgia,SEC,fbs,41,ESPN Bet,9.5,Georgia -9.5,8.5,56.5,57.5,290.0,-380.0
401767113,2025,regular,3,2025-09-14T00:30:00.000Z,253,Southern Utah,UAC,fcs,49,2464,Northern Arizona,Big Sky,fcs,52,ESPN Bet,3.5,Northern Arizona -3.5,,55.5,,,
401767072,2025,regular,4,2025-09-21T00:00:00.000Z,2617,Stephen F. Austin,Southland,fcs,35,13,Cal Poly,Big Sky,fcs,17,ESPN Bet,-10.5,Stephen F. Austin -10.5,,54.5,,,
401762860,2025,regular,12,2025-11-13T00:00:00.000Z,193,Miami (OH),Mid-American,fbs,3,2649,Toledo,Mid-American,fbs,24,ESPN Bet,6.5,Toledo -6.5,2.5,44.5,,200.0,-240.0
401767747,2025,regular,11,2025-11-08T17:00:00.000Z,2115,Central Connecticut,NEC,fcs,40,284,Stonehill,NEC,fcs,10,ESPN Bet,-10.0,Central Connecticut -10,,41.5,,,
401767146,2025,regular,11,2025-11-08T19:00:00.000Z,2097,Campbell,CAA,fcs,27,2729,William & Mary,CAA,fcs,30,ESPN Bet,6.5,William & Mary -6.5,,56.5,,,
401752945,2025,regular,12,2025-11-15T18:00:00.000Z,202,Tulsa,American Athletic,fbs,31,204,Oregon State,Pac-12,fbs,14,ESPN Bet,-1.5,Tulsa -1.5,-1.5,50.5,50.5,-125.0,105.0
401767163,2025,regular,5,2025-09-27T22:00:00.000Z,2127,Charleston Southern,Big South-OVC,fcs,31,2569,South Carolina State,MEAC,fcs,24,ESPN Bet,10.5,South Carolina State -10.5,,51.5,,,
401767546,2025,regular,6,2025-10-04T22:00:00.000Z,2754,Youngstown State,MVFC,fcs,30,2571,South Dakota State,MVFC,fcs,35,ESPN Bet,15.0,South Dakota State -15,,55.5,,,
401762857,2025,regular,12,2025-11-12T01:00:00.000Z,2711,Western Michigan,Mid-American,fbs,17,195,Ohio,Mid-American,fbs,13,ESPN Bet,-1.5,Western Michigan -1.5,1.5,46.5,,-120.0,-110.0
401752868,2025,regular,7,2025-10-11T23:30:00.000Z,30,USC,Big Ten,fbs,31,130,Michigan,Big Ten,fbs,13,ESPN Bet,-2.5,USC -2.5,-1.5,57.5,57.5,-145.0,125.0
401756931,2025,regular,9,2025-10-25T19:30:00.000Z,66,Iowa State,Big 12,fbs,27,252,BYU,Big 12,fbs,41,ESPN Bet,-2.5,Iowa State -2.5,-2.5,49.5,48.5,-130.0,110.0
401762499,2025,regular,10,2025-11-01T16:00:00.000Z,249,North Texas,American Athletic,fbs,31,2426,Navy,American Athletic,fbs,17,ESPN Bet,-6.5,North Texas -6.5,-5.5,68.5,63.5,-240.0,200.0
401767705,2025,regular,9,2025-10-25T16:00:00.000Z,163,Princeton,Ivy,fcs,14,108,Harvard,Ivy,fcs,35,ESPN Bet,17.5,Harvard -17.5,,53.5,,,
401761639,2025,regular,10,2025-10-29T00:00:00.000Z,326,Texas State,Sun Belt,fbs,20,256,James Madison,Sun Belt,fbs,52,ESPN Bet,7.5,James Madison -7.5,6.5,55.5,59.5,220.0,-270.0
401767315,2025,regular,10,2025-11-01T19:00:00.000Z,2755,Grambling,SWAC,fcs,13,2010,Alabama A&M,SWAC,fcs,10,ESPN Bet,-3.5,Grambling -3.5,,56.5,,,
401767768,2025,regular,10,2025-11-01T16:00:00.000Z,2598,Saint Francis,NEC,fcs,20,2681,Wagner,NEC,fcs,23,ESPN Bet,6.5,Wagner -6.5,,37.5,,,
401767553,2025,regular,8,2025-10-18T16:00:00.000Z,225,Brown,Ivy,fcs,21,163,Princeton,Ivy,fcs,40,ESPN Bet,-3.5,Brown -3.5,,51.5,,,
401752769,2025,regular,12,2025-11-16T00:00:00.000Z,145,Ole Miss,SEC,fbs,34,57,Florida,SEC,fbs,24,ESPN Bet,-11.5,Ole Miss -11.5,-13.5,53.5,52.5,-460.0,370.0
401762510,2025,regular,12,2025-11-15T17:00:00.000Z,2426,Navy,American Athletic,fbs,41,58,South Florida,American Athletic,fbs,38,ESPN Bet,8.5,South Florida -8.5,10.5,62.5,63.5,270.0,-340.0
401762858,2025,regular,12,2025-11-13T00:00:00.000Z,2117,Central Michigan,Mid-American,fbs,38,2084,Buffalo,Mid-American,fbs,19,ESPN Bet,-2.5,Central Michigan -2.5,-2.5,44.5,43.5,-130.0,110.0
401762859,2025,regular,12,2025-11-13T00:00:00.000Z,113,Massachusetts,Mid-American,fbs,3,2459,Northern Illinois,Mid-American,fbs,45,ESPN Bet,8.5,Northern Illinois -8.5,10.5,43.5,42.5,290.0,-380.0
401767131,2025,regular,3,2025-09-14T01:00:00.000Z,16,Sacramento State,Big Sky,fcs,49,2385,Mercyhurst,NEC,fcs,28,ESPN Bet,-21.5,Sacramento State -21.5,,57.5,,,
401767568,2025,regular,8,2025-10-18T16:00:00.000Z,2747,Wofford,Southern,fcs,31,231,Furman,Southern,fcs,13,ESPN Bet,-2.5,Wofford -2.5,,41.5,,,
401767240,2025,regular,5,2025-09-27T23:00:00.000Z,2916,Incarnate Word,Southland,fcs,38,2000,Abilene Christian,UAC,fcs,7,ESPN Bet,-2.0,Incarnate Word -2,,56.5,,,
401767294,2025,regular,6,2025-10-04T23:00:00.000Z,2627,Tarleton State,UAC,fcs,52,253,Southern Utah,UAC,fcs,42,ESPN Bet,-20.5,Tarleton State -20.5,,64.5,,,
401752901,2025,regular,12,2025-11-15T17:00:00.000Z,84,Indiana,Big Ten,fbs,31,275,Wisconsin,Big Ten,fbs,7,ESPN Bet,-27.5,Indiana -27.5,-30.5,43.5,43.5,-10000.0,2500.0
401754595,2025,regular,12,2025-11-15T20:30:00.000Z,2390,Miami,ACC,fbs,41,152,NC State,ACC,fbs,7,ESPN Bet,-16.5,Miami -16.5,-14.5,54.5,55.5,-900.0,550.0
401756952,2025,regular,12,2025-11-15T17:00:00.000Z,197,Oklahoma State,Big 12,fbs,6,2306,Kansas State,Big 12,fbs,14,ESPN Bet,19.5,Kansas State -19.5,19.5,50.5,54.5,800.0,-1600.0
401762856,2025,regular,12,2025-11-12T00:30:00.000Z,2006,Akron,Mid-American,fbs,35,2309,Kent State,Mid-American,fbs,42,ESPN Bet,-7.5,Akron -7.5,-4.5,49.5,,-290.0,240.0
401761649,2025,regular,12,2025-11-14T00:30:00.000Z,295,Old Dominion,Sun Belt,fbs,33,2653,Troy,Sun Belt,fbs,0,ESPN Bet,-9.5,Old Dominion -9.5,-10.5,53.5,53.5,-400.0,300.0
401756930,2025,regular,9,2025-10-25T20:00:00.000Z,2132,Cincinnati,Big 12,fbs,41,239,Baylor,Big 12,fbs,20,ESPN Bet,-3.5,Cincinnati -3.5,-5.5,69.5,66.5,-155.0,135.0
401767607,2025,regular,9,2025-10-25T16:00:00.000Z,2166,Davidson,Pioneer,fcs,28,301,San Diego,Pioneer,fcs,40,ESPN Bet,28.5,San Diego -28.5,,56.5,,,
401756944,2025,regular,11,2025-11-08T20:30:00.000Z,2628,TCU,Big 12,fbs,17,66,Iowa State,Big 12,fbs,20,ESPN Bet,-7.5,TCU -7.5,-6.5,58.5,57.5,-275.0,225.0
401767239,2025,regular,4,2025-09-21T00:00:00.000Z,2000,Abilene Christian,UAC,fcs,45,2046,Austin Peay,UAC,fcs,31,ESPN Bet,2.0,Austin Peay -2,,54.5,,,
401752892,2025,regular,10,2025-11-01T23:30:00.000Z,158,Nebraska,Big Ten,fbs,17,30,USC,Big Ten,fbs,21,ESPN Bet,4.5,USC -4.5,6.5,58.5,58.5,150.0,-175.0
401762443,2025,regular,10,2025-10-30T23:30:00.000Z,2636,UTSA,American Athletic,fbs,48,2655,Tulane,American Athletic,fbs,26,ESPN Bet,5.5,Tulane -5.5,5.5,54.5,55.5,190.0,-225.0
401767364,2025,regular,10,2025-11-01T19:00:00.000Z,2504,Prairie View A&M,SWAC,fcs,28,2011,Alabama State,SWAC,fcs,31,ESPN Bet,10.5,Alabama State -10.5,,52.5,,,
401767685,2025,regular,10,2025-11-01T16:00:00.000Z,43,Yale,Ivy,fcs,24,171,Columbia,Ivy,fcs,10,ESPN Bet,-21.5,Yale -21.5,,46.5,,,
401767755,2025,regular,11,2025-11-08T17:00:00.000Z,2341,Long Island University,NEC,fcs,29,2184,Duquesne,NEC,fcs,11,ESPN Bet,7.0,Duquesne -7,,43.5,,,
401752905,2025,regular,12,2025-11-15T17:00:00.000Z,77,Northwestern,Big Ten,fbs,22,130,Michigan,Big Ten,fbs,24,ESPN Bet,10.5,Michigan -10.5,10.5,42.5,40.5,360.0,-500.0
401762497,2025,regular,10,2025-10-31T23:00:00.000Z,242,Rice,American Athletic,fbs,14,235,Memphis,American Athletic,fbs,38,ESPN Bet,13.5,Memphis -13.5,13.5,48.5,54.5,450.0,-700.0
401767704,2025,regular,8,2025-10-18T16:00:00.000Z,108,Harvard,Ivy,fcs,31,2771,Merrimack,FCS Independents,fcs,7,ESPN Bet,-27.5,Harvard -27.5,,49.5,,,
401767198,2025,regular,10,2025-11-01T19:00:00.000Z,2197,Eastern Illinois,Big South-OVC,fcs,20,2630,UT Martin,Big South-OVC,fcs,27,ESPN Bet,4.5,UT Martin -4.5,,50.5,,,
401767661,2025,regular,10,2025-11-01T16:00:00.000Z,2529,Sacred Heart,FCS Independents,fcs,35,2441,New Haven,NEC,fcs,20,ESPN Bet,-15.5,Sacred Heart -15.5,,49.5,,,
401767219,2025,regular,5,2025-09-27T23:00:00.000Z,2630,UT Martin,Big South-OVC,fcs,34,2546,Southeast Missouri State,Big South-OVC,fcs,10,ESPN Bet,3.0,Southeast Missouri State -3,,56.5,,,
401767151,2025,regular,4,2025-09-20T21:30:00.000Z,2193,East Tennessee State,Southern,fcs,26,2210,Elon,CAA,fcs,16,ESPN Bet,-2.0,East Tennessee State -2,,56.5,,,
401756900,2025,regular,4,2025-09-19T23:30:00.000Z,197,Oklahoma State,Big 12,fbs,12,202,Tulsa,American Athletic,fbs,19,ESPN Bet,-10.5,Oklahoma State -10.5,-13.5,54.5,55.5,-425.0,320.0
401767460,2025,regular,6,2025-10-04T23:00:00.000Z,2466,Northwestern State,Southland,fcs,10,2837,East Texas A&M,Southland,fcs,40,ESPN Bet,7.0,East Texas A&M -7,,54.5,,,
401767262,2025,regular,11,2025-11-08T17:00:00.000Z,2405,Monmouth,CAA,fcs,13,160,New Hampshire,CAA,fcs,34,ESPN Bet,-12.5,Monmouth -12.5,,61.5,,,
401761634,2025,regular,9,2025-10-23T23:30:00.000Z,2247,Georgia State,Sun Belt,fbs,31,6,South Alabama,Sun Belt,fbs,38,ESPN Bet,5.5,South Alabama -5.5,6.5,54.5,53.5,180.0,-215.0
401752942,2025,regular,9,2025-10-25T16:00:00.000Z,154,Wake Forest,ACC,fbs,13,2567,SMU,ACC,fbs,12,ESPN Bet,5.5,SMU -5.5,3.5,52.5,56.5,195.0,-230.0
401788997,2025,regular,9,2025-10-25T16:00:00.000Z,43,Yale,Ivy,fcs,35,219,Pennsylvania,Ivy,fcs,13,ESPN Bet,-6.5,Yale -6.5,,53.5,,,
401756953,2025,regular,12,2025-11-15T20:30:00.000Z,2641,Texas Tech,Big 12,fbs,48,2116,UCF,Big 12,fbs,9,ESPN Bet,-24.5,Texas Tech -24.5,-23.5,48.5,47.5,-3000.0,1200.0
401752906,2025,regular,12,2025-11-15T20:30:00.000Z,356,Illinois,Big Ten,fbs,24,120,Maryland,Big Ten,fbs,6,ESPN Bet,-15.5,Illinois -15.5,-14.5,51.5,,-900.0,550.0
401752772,2025,regular,12,2025-11-15T17:00:00.000Z,245,Texas A&M,SEC,fbs,31,2579,South Carolina,SEC,fbs,30,ESPN Bet,-16.5,Texas A&M -16.5,-17.5,49.5,48.5,-800.0,500.0
401752907,2025,regular,12,2025-11-15T20:30:00.000Z,30,USC,Big Ten,fbs,26,2294,Iowa,Big Ten,fbs,21,ESPN Bet,-6.5,USC -6.5,-6.5,48.5,49.5,-230.0,200.0
401752763,2025,regular,11,2025-11-08T20:30:00.000Z,142,Missouri,SEC,fbs,17,245,Texas A&M,SEC,fbs,38,ESPN Bet,6.5,Texas A&M -6.5,4.5,48.5,49.5,225.0,-275.0
401756950,2025,regular,12,2025-11-16T03:15:00.000Z,252,BYU,Big 12,fbs,44,2628,TCU,Big 12,fbs,13,ESPN Bet,-2.5,BYU -2.5,-5.5,51.5,51.5,-155.0,135.0
401767769,2025,regular,11,2025-11-08T17:00:00.000Z,2598,Saint Francis,NEC,fcs,15,2385,Mercyhurst,NEC,fcs,16,ESPN Bet,10.0,Mercyhurst -10,,43.5,,,
401767385,2025,regular,10,2025-11-01T19:00:00.000Z,2029,Arkansas-Pine Bluff,SWAC,fcs,40,2582,Southern,SWAC,fcs,21,ESPN Bet,1.0,Southern -1,,52.5,,,
401767275,2025,regular,10,2025-11-01T16:00:00.000Z,2448,North Carolina A&T,CAA,fcs,9,119,Towson,CAA,fcs,62,ESPN Bet,7.5,Towson -7.5,,49.5,,,
401752900,2025,regular,12,2025-11-16T00:30:00.000Z,194,Ohio State,Big Ten,fbs,48,26,UCLA,Big Ten,fbs,10,ESPN Bet,-32.5,Ohio State -32.5,-30.5,46.5,48.5,-20000.0,3000.0
401756951,2025,regular,12,2025-11-15T17:00:00.000Z,2132,Cincinnati,Big 12,fbs,24,12,Arizona,Big 12,fbs,30,ESPN Bet,-6.5,Cincinnati -6.5,-5.5,56.5,56.5,-210.0,175.0
401767483,2025,regular,5,2025-09-27T23:00:00.000Z,2320,Lamar,Southland,fcs,35,2110,Central Arkansas,UAC,fcs,32,ESPN Bet,-6.5,Lamar -6.5,,48.5,,,
401767381,2025,regular,6,2025-10-04T23:00:00.000Z,2640,Texas Southern,SWAC,fcs,51,2029,Arkansas-Pine Bluff,SWAC,fcs,7,ESPN Bet,-6.0,Texas Southern -6,,48.5,,,
401752902,2025,regular,12,2025-11-16T00:00:00.000Z,264,Washington,Big Ten,fbs,49,2509,Purdue,Big Ten,fbs,13,ESPN Bet,-14.5,Washington -14.5,-15.5,51.5,52.5,-1200.0,700.0
401767505,2025,regular,8,2025-10-18T17:00:00.000Z,79,Southern Illinois,MVFC,fcs,19,155,North Dakota,MVFC,fcs,38,ESPN Bet,3.0,North Dakota -3,,59.5,,,
401767132,2025,regular,4,2025-09-21T01:00:00.000Z,16,Sacramento State,Big Sky,fcs,45,2110,Central Arkansas,UAC,fcs,16,ESPN Bet,-15.5,Sacramento State -15.5,,59.5,,,
401754372,2025,regular,9,2025-10-24T23:30:00.000Z,259,Virginia Tech,ACC,fbs,42,25,California,ACC,fbs,34,ESPN Bet,-6.5,Virginia Tech -6.5,-2.5,50.5,49.5,-230.0,195.0
401779510,2025,regular,9,2025-10-25T16:00:00.000Z,2341,Long Island University,NEC,fcs,38,2441,New Haven,NEC,fcs,16,ESPN Bet,-10.0,Long Island University -10,,46.5,,,
401756945,2025,regular,11,2025-11-08T17:00:00.000Z,2641,Texas Tech,Big 12,fbs,29,252,BYU,Big 12,fbs,7,ESPN Bet,-13.5,Texas Tech -13.5,-10.5,,52.5,-500.0,360.0
401767160,2025,regular,4,2025-09-21T01:00:00.000Z,2692,Weber State,Big Sky,fcs,38,2086,Butler,Pioneer,fcs,24,ESPN Bet,-16.0,Weber State -16,,53.5,,,
401767641,2025,regular,8,2025-10-18T17:00:00.000Z,2506,Presbyterian,Pioneer,fcs,42,56,Stetson,Pioneer,fcs,7,ESPN Bet,-34.5,Presbyterian -34.5,,56.5,,,
401767523,2025,regular,5,2025-09-27T23:00:00.000Z,2545,SE Louisiana,Southland,fcs,45,292,UT Rio Grande Valley,Southland,fcs,31,ESPN Bet,-18.0,SE Louisiana -18,,53.5,,,
401767063,2025,regular,6,2025-10-04T23:00:00.000Z,331,Eastern Washington,Big Sky,fcs,35,2502,Portland State,Big Sky,fcs,27,ESPN Bet,-11.0,Eastern Washington -11,,59.5,,,
401767136,2025,regular,10,2025-11-01T17:00:00.000Z,2803,Bryant,CAA,fcs,7,2405,Monmouth,CAA,fcs,35,ESPN Bet,14.0,Monmouth -14,,59.5,,,
401767375,2025,regular,10,2025-11-01T19:00:00.000Z,2640,Texas Southern,SWAC,fcs,14,2016,Alcorn State,SWAC,fcs,33,ESPN Bet,-6.5,Texas Southern -6.5,,47.5,,,
401752764,2025,regular,11,2025-11-08T21:00:00.000Z,238,Vanderbilt,SEC,fbs,45,2,Auburn,SEC,fbs,38,ESPN Bet,-5.5,Vanderbilt -5.5,-7.5,46.5,45.5,-230.0,195.0
401767623,2025,regular,9,2025-10-25T16:00:00.000Z,2368,Marist,Pioneer,fcs,17,2181,Drake,Pioneer,fcs,31,ESPN Bet,12.5,Drake -12.5,,47.5,,,
401752898,2025,regular,11,2025-11-08T20:30:00.000Z,2294,Iowa,Big Ten,fbs,16,2483,Oregon,Big Ten,fbs,18,ESPN Bet,4.5,Oregon -4.5,5.5,42.5,43.5,165.0,-195.0
401767731,2025,regular,11,2025-11-08T17:00:00.000Z,2329,Lehigh,Patriot,fcs,38,107,Holy Cross,Patriot,fcs,3,ESPN Bet,-20.0,Lehigh -20,,45.5,,,
401762506,2025,regular,12,2025-11-15T19:00:00.000Z,5,UAB,American Athletic,fbs,24,249,North Texas,American Athletic,fbs,53,ESPN Bet,17.5,North Texas -17.5,17.5,69.5,69.5,600.0,-1000.0
401754596,2025,regular,12,2025-11-15T21:30:00.000Z,154,Wake Forest,ACC,fbs,28,153,North Carolina,ACC,fbs,12,ESPN Bet,-3.5,Wake Forest -3.5,-6.5,37.5,38.5,-170.0,145.0
401767157,2025,regular,4,2025-09-21T02:00:00.000Z,302,UC Davis,Big Sky,fcs,50,253,Southern Utah,UAC,fcs,34,ESPN Bet,-6.5,UC Davis -6.5,,61.5,,,
401762468,2025,regular,4,2025-09-18T23:30:00.000Z,2429,Charlotte,American Athletic,fbs,17,242,Rice,American Athletic,fbs,28,ESPN Bet,1.5,Rice -1.5,5.5,41.5,46.5,110.0,-130.0
401767417,2025,regular,5,2025-09-27T23:00:00.000Z,2504,Prairie View A&M,SWAC,fcs,28,2755,Grambling,SWAC,fcs,13,ESPN Bet,3.0,Grambling -3,,52.5,,,
401767083,2025,regular,6,2025-10-05T00:00:00.000Z,304,Idaho State,Big Sky,fcs,38,149,Montana,Big Sky,fcs,42,ESPN Bet,13.5,Montana -13.5,,62.5,,,
401767700,2025,regular,8,2025-10-18T17:00:00.000Z,2230,Fordham,Patriot,fcs,13,159,Dartmouth,Ivy,fcs,30,ESPN Bet,12.5,Dartmouth -12.5,,54.5,,,
401761635,2025,regular,9,2025-10-25T16:00:00.000Z,295,Old Dominion,Sun Belt,fbs,24,2026,App State,Sun Belt,fbs,21,ESPN Bet,-12.5,Old Dominion -12.5,-13.5,60.5,58.5,-550.0,380.0
401767668,2025,regular,9,2025-10-25T16:00:00.000Z,2083,Bucknell,Patriot,fcs,24,46,Georgetown,Patriot,fcs,31,ESPN Bet,-1.5,Bucknell -1.5,,57.5,,,
401761642,2025,regular,10,2025-11-01T19:30:00.000Z,6,South Alabama,Sun Belt,fbs,22,309,Louisiana,Sun Belt,fbs,31,ESPN Bet,-3.5,South Alabama -3.5,-5.5,52.5,54.5,-175.0,150.0
401767391,2025,regular,10,2025-11-01T19:00:00.000Z,2065,Bethune-Cookman,SWAC,fcs,42,2400,Mississippi Valley State,SWAC,fcs,34,ESPN Bet,-22.0,Bethune-Cookman -22,,58.5,,,
401767598,2025,regular,10,2025-11-01T17:00:00.000Z,2086,Butler,Pioneer,fcs,19,2181,Drake,Pioneer,fcs,24,ESPN Bet,6.5,Drake -6.5,,47.5,,,
401757166,2025,regular,11,2025-11-09T00:30:00.000Z,87,Notre Dame,FBS Independents,fbs,49,2426,Navy,American Athletic,fbs,10,ESPN Bet,-30.5,Notre Dame -30.5,-24.5,54.5,56.5,-7500.0,2000.0
401767676,2025,regular,11,2025-11-08T17:00:00.000Z,225,Brown,Ivy,fcs,22,43,Yale,Ivy,fcs,34,ESPN Bet,13.5,Yale -13.5,,50.5,,,
401754594,2025,regular,12,2025-11-16T00:30:00.000Z,52,Florida State,ACC,fbs,34,259,Virginia Tech,ACC,fbs,14,ESPN Bet,-13.5,Florida State -13.5,-10.5,53.5,54.5,-700.0,450.0
401752895,2025,regular,11,2025-11-09T02:00:00.000Z,26,UCLA,Big Ten,fbs,21,158,Nebraska,Big Ten,fbs,28,ESPN Bet,-2.5,UCLA -2.5,-2.5,45.5,43.5,-125.0,105.0
401760408,2025,regular,11,2025-11-09T04:00:00.000Z,62,Hawai'i,Mountain West,fbs,38,21,San Diego State,Mountain West,fbs,6,ESPN Bet,6.5,San Diego State -6.5,5.5,47.5,50.5,210.0,-250.0
401762498,2025,regular,10,2025-11-01T18:00:00.000Z,218,Temple,American Athletic,fbs,14,151,East Carolina,American Athletic,fbs,45,ESPN Bet,5.5,East Carolina -5.5,4.5,58.5,57.5,180.0,-215.0
401767162,2025,regular,4,2025-09-20T20:00:00.000Z,2729,William & Mary,CAA,fcs,34,2127,Charleston Southern,Big South-OVC,fcs,7,ESPN Bet,-11.5,William & Mary -11.5,,45.5,,,
401767513,2025,regular,10,2025-11-01T19:30:00.000Z,2449,North Dakota State,MVFC,fcs,38,2754,Youngstown State,MVFC,fcs,30,ESPN Bet,-26.5,North Dakota State -26.5,,60.5,,,
401767765,2025,regular,10,2025-11-01T17:00:00.000Z,284,Stonehill,NEC,fcs,17,2523,Robert Morris,NEC,fcs,20,ESPN Bet,-6.5,Stonehill -6.5,,40.5,,,
401767184,2025,regular,8,2025-10-18T17:00:00.000Z,222,Villanova,CAA,fcs,56,2261,Hampton,CAA,fcs,14,ESPN Bet,-24.5,Villanova -24.5,,55.5,,,
401767535,2025,regular,11,2025-11-08T17:00:00.000Z,236,Chattanooga,Southern,fcs,45,231,Furman,Southern,fcs,28,ESPN Bet,-6.0,Chattanooga -6,,51.5,,,
401752770,2025,regular,12,2025-11-16T00:45:00.000Z,142,Missouri,SEC,fbs,49,344,Mississippi State,SEC,fbs,27,ESPN Bet,-7.5,Missouri -7.5,-5.5,50.5,51.5,-250.0,210.0
401767412,2025,regular,5,2025-09-27T23:00:00.000Z,2837,East Texas A&M,Southland,fcs,42,2428,North Carolina Central,MEAC,fcs,50,ESPN Bet,14.5,North Carolina Central -14.5,,56.5,,,
401752746,2025,regular,9,2025-10-25T16:45:00.000Z,8,Arkansas,SEC,fbs,24,2,Auburn,SEC,fbs,33,ESPN Bet,-2.5,Arkansas -2.5,-1.5,55.5,,-125.0,105.0
401767176,2025,regular,9,2025-10-25T17:00:00.000Z,311,Maine,CAA,fcs,35,2210,Elon,CAA,fcs,14,ESPN Bet,4.5,Elon -4.5,,49.5,,,
401767422,2025,regular,5,2025-09-27T23:00:00.000Z,2582,Southern,SWAC,fcs,13,2296,Jackson State,SWAC,fcs,38,ESPN Bet,9.5,Jackson State -9.5,,50.5,,,
401767271,2025,regular,9,2025-10-25T17:00:00.000Z,160,New Hampshire,CAA,fcs,34,2729,William & Mary,CAA,fcs,24,ESPN Bet,-1.5,New Hampshire -1.5,,48.5,,,
401762849,2025,regular,10,2025-11-01T16:00:00.000Z,189,Bowling Green,Mid-American,fbs,3,2084,Buffalo,Mid-American,fbs,28,ESPN Bet,-2.5,Bowling Green -2.5,-2.5,44.5,43.5,-145.0,125.0
401767606,2025,regular,8,2025-10-18T17:00:00.000Z,2181,Drake,Pioneer,fcs,45,2166,Davidson,Pioneer,fcs,0,ESPN Bet,-33.5,Drake -33.5,,58.5,,,
401760376,2025,regular,4,2025-09-20T16:00:00.000Z,193,Miami (OH),Mid-American,fbs,38,2439,UNLV,Mountain West,fbs,41,ESPN Bet,1.5,UNLV -1.5,3.5,49.5,,110.0,-130.0
401767335,2025,regular,10,2025-11-01T19:30:00.000Z,2729,William & Mary,CAA,fcs,37,399,UAlbany,CAA,fcs,7,ESPN Bet,-19.0,William & Mary -19,,50.5,,,
401767608,2025,regular,10,2025-11-01T17:00:00.000Z,2413,Morehead State,Pioneer,fcs,28,2166,Davidson,Pioneer,fcs,24,ESPN Bet,-10.5,Morehead State -10.5,,58.5,,,
401767766,2025,regular,11,2025-11-08T17:00:00.000Z,2523,Robert Morris,NEC,fcs,20,2681,Wagner,NEC,fcs,24,ESPN Bet,-2.5,Robert Morris -2.5,,37.5,,,
401761650,2025,regular,12,2025-11-15T23:00:00.000Z,290,Georgia Southern,Sun Belt,fbs,45,324,Coastal Carolina,Sun Belt,fbs,40,ESPN Bet,-3.5,Georgia Southern -3.5,-2.5,58.5,57.5,-150.0,130.0
401767675,2025,regular,9,2025-10-25T17:00:00.000Z,2230,Fordham,Patriot,fcs,6,2329,Lehigh,Patriot,fcs,27,ESPN Bet,24.5,Lehigh -24.5,,51.5,,,
401754583,2025,regular,10,2025-11-01T19:30:00.000Z,103,Boston College,ACC,fbs,10,87,Notre Dame,FBS Independents,fbs,25,ESPN Bet,30.5,Notre Dame -30.5,29.5,55.5,,3000.0,-20000.0
401767355,2025,regular,10,2025-11-01T19:30:00.000Z,47,Howard,MEAC,fcs,14,2428,North Carolina Central,MEAC,fcs,35,ESPN Bet,15.0,North Carolina Central -15,,51.5,,,
401767642,2025,regular,10,2025-11-01T17:00:00.000Z,2506,Presbyterian,Pioneer,fcs,43,2674,Valparaiso,Pioneer,fcs,14,ESPN Bet,-31.5,Presbyterian -31.5,,51.5,,,
401767624,2025,regular,11,2025-11-08T18:00:00.000Z,2181,Drake,Pioneer,fcs,13,2900,St. Thomas (MN),Pioneer,fcs,20,ESPN Bet,-2.5,Drake -2.5,,47.5,,,
401762469,2025,regular,4,2025-09-20T16:00:00.000Z,349,Army,American Athletic,fbs,38,249,North Texas,American Athletic,fbs,45,ESPN Bet,2.5,North Texas -2.5,-1.5,50.5,53.5,115.0,-135.0
401767197,2025,regular,8,2025-10-18T17:00:00.000Z,2546,Southeast Missouri State,Big South-OVC,fcs,42,2197,Eastern Illinois,Big South-OVC,fcs,13,ESPN Bet,-7.5,Southeast Missouri State -7.5,,52.5,,,
401767370,2025,regular,5,2025-09-27T23:00:00.000Z,2016,Alcorn State,SWAC,fcs,20,2029,Arkansas-Pine Bluff,SWAC,fcs,24,ESPN Bet,7.0,Arkansas-Pine Bluff -7,,50.5,,,
401757174,2025,regular,12,2025-11-15T17:00:00.000Z,41,UConn,FBS Independents,fbs,26,2005,Air Force,Mountain West,fbs,16,ESPN Bet,-7.5,UConn -7.5,-8.5,64.5,63.5,-290.0,240.0
401754574,2025,regular,9,2025-10-25T19:30:00.000Z,221,Pittsburgh,ACC,fbs,53,152,NC State,ACC,fbs,34,ESPN Bet,-5.5,Pittsburgh -5.5,-7.5,52.5,55.5,-190.0,160.0
401762507,2025,regular,12,2025-11-15T17:00:00.000Z,2429,Charlotte,American Athletic,fbs,7,2636,UTSA,American Athletic,fbs,28,ESPN Bet,17.5,UTSA -17.5,17.5,57.5,60.5,550.0,-900.0
401754578,2025,regular,10,2025-11-01T23:30:00.000Z,52,Florida State,ACC,fbs,42,154,Wake Forest,ACC,fbs,7,ESPN Bet,-12.5,Florida State -12.5,-8.5,50.5,52.5,-425.0,320.0
401767618,2025,regular,10,2025-11-01T20:00:00.000Z,301,San Diego,Pioneer,fcs,31,2168,Dayton,Pioneer,fcs,13,ESPN Bet,-3.5,San Diego -3.5,,48.5,,,
401767693,2025,regular,10,2025-11-01T17:00:00.000Z,172,Cornell,Ivy,fcs,20,163,Princeton,Ivy,fcs,17,ESPN Bet,3.5,Princeton -3.5,,50.5,,,
401767186,2025,regular,11,2025-11-08T18:00:00.000Z,2261,Hampton,CAA,fcs,7,311,Maine,CAA,fcs,35,ESPN Bet,14.5,Maine -14.5,,50.5,,,
401761610,2025,regular,4,2025-09-20T19:30:00.000Z,2199,Eastern Michigan,Mid-American,fbs,34,309,Louisiana,Sun Belt,fbs,31,ESPN Bet,1.5,Louisiana -1.5,2.5,51.5,51.5,120.0,-140.0
401767692,2025,regular,8,2025-10-18T17:00:00.000Z,172,Cornell,Ivy,fcs,30,2083,Bucknell,Patriot,fcs,20,ESPN Bet,-4.0,Cornell -4,,60.5,,,
401767491,2025,regular,5,2025-09-28T00:00:00.000Z,2617,Stephen F. Austin,Southland,fcs,34,2377,McNeese,Southland,fcs,17,ESPN Bet,-13.5,Stephen F. Austin -13.5,,55.5,,,
401767638,2025,regular,9,2025-10-25T17:00:00.000Z,2674,Valparaiso,Pioneer,fcs,13,2413,Morehead State,Pioneer,fcs,17,ESPN Bet,6.5,Morehead State -6.5,,48.5,,,
401754580,2025,regular,10,2025-11-01T19:00:00.000Z,259,Virginia Tech,ACC,fbs,16,97,Louisville,ACC,fbs,28,ESPN Bet,10.5,Louisville -10.5,10.5,52.5,53.5,300.0,-400.0
401767205,2025,regular,10,2025-11-01T17:00:00.000Z,2635,Tennessee Tech,Big South-OVC,fcs,27,2241,Gardner-Webb,Big South-OVC,fcs,21,ESPN Bet,-19.0,Tennessee Tech -19,,62.5,,,
401767473,2025,regular,10,2025-11-01T20:00:00.000Z,2447,Nicholls,Southland,fcs,31,2277,Houston Christian,Southland,fcs,7,ESPN Bet,-11.5,Nicholls -11.5,,41.5,,,
401767293,2025,regular,5,2025-09-28T00:30:00.000Z,253,Southern Utah,UAC,fcs,24,2698,West Georgia,UAC,fcs,27,ESPN Bet,1.0,West Georgia -1,,59.5,,,
401754640,2025,regular,4,2025-09-20T19:30:00.000Z,2116,UCF,Big 12,fbs,34,153,North Carolina,ACC,fbs,9,ESPN Bet,-7.5,UCF -7.5,-6.5,45.5,50.5,-270.0,220.0
401769849,2025,regular,11,2025-11-08T17:30:00.000Z,322,Lafayette,Patriot,fcs,59,2142,Colgate,Patriot,fcs,42,ESPN Bet,-6.5,Lafayette -6.5,,58.5,,,
401762844,2025,regular,9,2025-10-25T17:00:00.000Z,2084,Buffalo,Mid-American,fbs,16,2006,Akron,Mid-American,fbs,24,ESPN Bet,-10.5,Buffalo -10.5,-10.5,48.5,47.5,-400.0,300.0
401767261,2025,regular,8,2025-10-18T17:00:00.000Z,2405,Monmouth,CAA,fcs,49,2619,Stony Brook,CAA,fcs,21,ESPN Bet,-9.0,Monmouth -9,,73.5,,,
401767650,2025,regular,9,2025-10-25T17:00:00.000Z,56,Stetson,Pioneer,fcs,10,2900,St. Thomas (MN),Pioneer,fcs,52,ESPN Bet,25.5,St. Thomas (MN) -25.5,,54.5,,,
401761651,2025,regular,12,2025-11-15T19:00:00.000Z,2247,Georgia State,Sun Belt,fbs,18,276,Marshall,Sun Belt,fbs,30,ESPN Bet,9.5,Marshall -9.5,6.5,59.5,62.5,280.0,-360.0
401752860,2025,regular,6,2025-10-04T20:00:00.000Z,158,Nebraska,Big Ten,fbs,38,127,Michigan State,Big Ten,fbs,27,ESPN Bet,-12.5,Nebraska -12.5,-10.5,49.5,53.5,-550.0,380.0
401754551,2025,regular,6,2025-10-05T02:30:00.000Z,25,California,ACC,fbs,21,150,Duke,ACC,fbs,45,ESPN Bet,3.5,Duke -3.5,3.5,55.5,56.5,140.0,-165.0
401761652,2025,regular,12,2025-11-15T20:30:00.000Z,256,James Madison,Sun Belt,fbs,58,2026,App State,Sun Belt,fbs,10,ESPN Bet,-19.5,James Madison -19.5,-19.5,54.5,53.5,-2000.0,1000.0
401752890,2025,regular,10,2025-11-01T23:00:00.000Z,130,Michigan,Big Ten,fbs,21,2509,Purdue,Big Ten,fbs,16,ESPN Bet,-22.5,Michigan -22.5,-21.5,48.5,50.5,-2000.0,1000.0
401754542,2025,regular,4,2025-09-20T20:30:00.000Z,59,Georgia Tech,ACC,fbs,45,218,Temple,American Athletic,fbs,24,ESPN Bet,-24.5,Georgia Tech -24.5,-23.5,52.5,53.5,-3000.0,1200.0
401767066,2025,regular,10,2025-11-01T20:00:00.000Z,331,Eastern Washington,Big Sky,fcs,13,16,Sacramento State,Big Sky,fcs,35,ESPN Bet,8.5,Sacramento State -8.5,,59.5,,,
401767730,2025,regular,10,2025-11-01T17:00:00.000Z,107,Holy Cross,Patriot,fcs,13,322,Lafayette,Patriot,fcs,21,ESPN Bet,3.0,Lafayette -3,,49.5,,,
401767199,2025,regular,11,2025-11-08T18:00:00.000Z,2197,Eastern Illinois,Big South-OVC,fcs,9,2635,Tennessee Tech,Big South-OVC,fcs,21,ESPN Bet,24.5,Tennessee Tech -24.5,,52.5,,,
401756935,2025,regular,9,2025-10-25T22:00:00.000Z,277,West Virginia,Big 12,fbs,17,2628,TCU,Big 12,fbs,23,ESPN Bet,16.5,TCU -16.5,14.5,55.5,55.5,450.0,-700.0
401767035,2025,regular,9,2025-10-25T17:00:00.000Z,227,Rhode Island,CAA,fcs,38,2803,Bryant,CAA,fcs,17,ESPN Bet,-18.5,Rhode Island -18.5,,,,,
401767722,2025,regular,8,2025-10-18T17:00:00.000Z,46,Georgetown,Patriot,fcs,21,2142,Colgate,Patriot,fcs,17,ESPN Bet,7.0,Colgate -7,,55.5,,,
401762847,2025,regular,9,2025-10-25T19:30:00.000Z,2117,Central Michigan,Mid-American,fbs,38,113,Massachusetts,Mid-American,fbs,13,ESPN Bet,-17.5,Central Michigan -17.5,-16.5,46.5,46.5,-900.0,550.0
401767145,2025,regular,9,2025-10-25T17:00:00.000Z,2448,North Carolina A&T,CAA,fcs,28,2097,Campbell,CAA,fcs,24,ESPN Bet,3.0,Campbell -3,,55.5,,,
401752891,2025,regular,10,2025-11-01T16:00:00.000Z,356,Illinois,Big Ten,fbs,35,164,Rutgers,Big Ten,fbs,13,ESPN Bet,-12.5,Illinois -12.5,-13.5,63.5,62.5,-500.0,360.0
401767193,2025,regular,10,2025-11-01T17:00:00.000Z,311,Maine,CAA,fcs,28,2619,Stony Brook,CAA,fcs,21,ESPN Bet,-1.0,Maine -1,,46.5,,,
401767086,2025,regular,10,2025-11-01T20:00:00.000Z,302,UC Davis,Big Sky,fcs,36,304,Idaho State,Big Sky,fcs,38,ESPN Bet,-11.5,UC Davis -11.5,,64.5,,,
401767440,2025,regular,8,2025-10-18T17:00:00.000Z,2287,Illinois State,MVFC,fcs,35,2754,Youngstown State,MVFC,fcs,40,ESPN Bet,-2.0,Illinois State -2,,56.5,,,
401767609,2025,regular,11,2025-11-08T18:00:00.000Z,2166,Davidson,Pioneer,fcs,14,2506,Presbyterian,Pioneer,fcs,13,ESPN Bet,22.5,Presbyterian -22.5,,57.5,,,
401767073,2025,regular,5,2025-09-28T01:00:00.000Z,16,Sacramento State,Big Sky,fcs,24,13,Cal Poly,Big Sky,fcs,32,ESPN Bet,-18.0,Sacramento State -18,,57.5,,,
401754642,2025,regular,4,2025-09-20T16:00:00.000Z,97,Louisville,ACC,fbs,40,189,Bowling Green,Mid-American,fbs,17,ESPN Bet,-25.5,Louisville -25.5,-27.5,50.5,52.5,-5000.0,1500.0
401762508,2025,regular,12,2025-11-15T21:00:00.000Z,151,East Carolina,American Athletic,fbs,31,235,Memphis,American Athletic,fbs,27,ESPN Bet,-2.5,East Carolina -2.5,-2.5,57.5,60.5,-150.0,130.0
401769068,2025,regular,10,2025-11-01T17:00:00.000Z,2142,Colgate,Patriot,fcs,23,2771,Merrimack,FCS Independents,fcs,20,ESPN Bet,-7.0,Colgate -7,,47.5,,,
401767534,2025,regular,10,2025-11-01T20:00:00.000Z,236,Chattanooga,Southern,fcs,28,2717,Western Carolina,Southern,fcs,35,ESPN Bet,3.5,Western Carolina -3.5,,62.5,,,
401767703,2025,regular,11,2025-11-08T18:00:00.000Z,159,Dartmouth,Ivy,fcs,20,163,Princeton,Ivy,fcs,17,ESPN Bet,-10.5,Dartmouth -10.5,,49.5,,,
401754554,2025,regular,6,2025-10-04T19:30:00.000Z,97,Louisville,ACC,fbs,27,258,Virginia,ACC,fbs,30,ESPN Bet,-6.5,Louisville -6.5,-6.5,61.5,62.5,-215.0,180.0
401754592,2025,regular,12,2025-11-15T20:30:00.000Z,103,Boston College,ACC,fbs,34,59,Georgia Tech,ACC,fbs,36,ESPN Bet,16.5,Georgia Tech -16.5,16.5,61.5,57.5,570.0,-800.0
401756898,2025,regular,4,2025-09-20T23:30:00.000Z,151,East Carolina,American Athletic,fbs,13,252,BYU,Big 12,fbs,34,ESPN Bet,5.5,BYU -5.5,7.5,49.5,48.5,200.0,-240.0
401762861,2025,regular,12,2025-11-15T17:00:00.000Z,2050,Ball State,Mid-American,fbs,9,2199,Eastern Michigan,Mid-American,fbs,24,ESPN Bet,2.5,Eastern Michigan -2.5,2.5,48.5,49.5,125.0,-145.0
401767203,2025,regular,8,2025-10-18T17:30:00.000Z,2241,Gardner-Webb,Big South-OVC,fcs,7,2630,UT Martin,Big South-OVC,fcs,37,ESPN Bet,-8.0,Gardner-Webb -8,,55.5,,,
401752888,2025,regular,10,2025-11-01T19:30:00.000Z,135,Minnesota,Big Ten,fbs,23,127,Michigan State,Big Ten,fbs,20,ESPN Bet,-5.5,Minnesota -5.5,-5.5,44.5,44.5,-200.0,170.0
401757172,2025,regular,9,2025-10-25T19:00:00.000Z,242,Rice,American Athletic,fbs,37,41,UConn,FBS Independents,fbs,34,ESPN Bet,9.5,UConn -9.5,9.5,48.5,48.5,300.0,-400.0
401767729,2025,regular,9,2025-10-25T17:00:00.000Z,107,Holy Cross,Patriot,fcs,28,2142,Colgate,Patriot,fcs,29,ESPN Bet,-3.0,Holy Cross -3,,51.5,,,
401767345,2025,regular,9,2025-10-25T17:00:00.000Z,2428,North Carolina Central,MEAC,fcs,26,2169,Delaware State,MEAC,fcs,35,ESPN Bet,-18.0,North Carolina Central -18,,63.5,,,
401756912,2025,regular,6,2025-10-04T16:00:00.000Z,2132,Cincinnati,Big 12,fbs,38,66,Iowa State,Big 12,fbs,30,ESPN Bet,-1.5,Cincinnati -1.5,-1.5,55.5,51.5,-125.0,105.0
401767581,2025,regular,8,2025-10-18T17:30:00.000Z,2678,VMI,Southern,fcs,22,2535,Samford,Southern,fcs,24,ESPN Bet,3.5,Samford -3.5,,53.5,,,
401752903,2025,regular,12,2025-11-15T20:30:00.000Z,127,Michigan State,Big Ten,fbs,10,213,Penn State,Big Ten,fbs,28,ESPN Bet,6.5,Penn State -6.5,7.5,49.5,48.5,215.0,-260.0
401754537,2025,regular,4,2025-09-20T16:00:00.000Z,228,Clemson,ACC,fbs,21,183,Syracuse,ACC,fbs,34,ESPN Bet,-17.5,Clemson -17.5,-16.5,53.5,54.5,-900.0,550.0
401762850,2025,regular,10,2025-11-01T20:00:00.000Z,2711,Western Michigan,Mid-American,fbs,24,2117,Central Michigan,Mid-American,fbs,21,ESPN Bet,-5.5,Western Michigan -5.5,-6.5,43.5,41.5,-200.0,170.0
401767288,2025,regular,10,2025-11-01T20:00:00.000Z,3101,Utah Tech,UAC,fcs,34,2453,North Alabama,UAC,fcs,33,ESPN Bet,-3.5,Utah Tech -3.5,,54.5,,,
401767582,2025,regular,10,2025-11-01T17:30:00.000Z,2747,Wofford,Southern,fcs,26,2535,Samford,Southern,fcs,16,ESPN Bet,-12.5,Wofford -12.5,,47.5,,,
401767443,2025,regular,11,2025-11-08T18:00:00.000Z,282,Indiana State,MVFC,fcs,20,2287,Illinois State,MVFC,fcs,52,ESPN Bet,10.5,Illinois State -10.5,,58.5,,,
401767221,2025,regular,9,2025-10-25T17:00:00.000Z,2635,Tennessee Tech,Big South-OVC,fcs,42,2546,Southeast Missouri State,Big South-OVC,fcs,23,ESPN Bet,-21.5,Tennessee Tech -21.5,,60.5,,,
401767683,2025,regular,8,2025-10-18T17:30:00.000Z,171,Columbia,Ivy,fcs,21,219,Pennsylvania,Ivy,fcs,35,ESPN Bet,7.5,Pennsylvania -7.5,,46.5,,,
401760381,2025,regular,6,2025-10-04T16:00:00.000Z,2426,Navy,American Athletic,fbs,34,2005,Air Force,Mountain West,fbs,31,ESPN Bet,-13.5,Navy -13.5,-12.5,51.5,,-500.0,360.0
401756939,2025,regular,10,2025-11-01T17:00:00.000Z,66,Iowa State,Big 12,fbs,19,9,Arizona State,Big 12,fbs,24,ESPN Bet,-8.5,Iowa State -8.5,-3.5,48.5,50.5,-290.0,240.0
401761613,2025,regular,4,2025-09-20T19:30:00.000Z,2084,Buffalo,Mid-American,fbs,17,2653,Troy,Sun Belt,fbs,21,ESPN Bet,-6.5,Buffalo -6.5,-6.5,43.5,42.5,-210.0,175.0
401767631,2025,regular,10,2025-11-01T18:00:00.000Z,2900,St. Thomas (MN),Pioneer,fcs,45,2368,Marist,Pioneer,fcs,0,ESPN Bet,-14.0,St. Thomas (MN) -14,,50.5,,,
401767244,2025,regular,10,2025-11-01T20:00:00.000Z,2000,Abilene Christian,UAC,fcs,31,2627,Tarleton State,UAC,fcs,28,ESPN Bet,13.5,Tarleton State -13.5,,60.5,,,
401767632,2025,regular,11,2025-11-08T18:00:00.000Z,2368,Marist,Pioneer,fcs,41,56,Stetson,Pioneer,fcs,13,ESPN Bet,-12.5,Marist -12.5,,47.5,,,
401767091,2025,regular,5,2025-09-28T02:15:00.000Z,149,Montana,Big Sky,fcs,41,70,Idaho,Big Sky,fcs,30,ESPN Bet,-7.5,Montana -7.5,,55.5,,,
401754541,2025,regular,4,2025-09-20T19:30:00.000Z,52,Florida State,ACC,fbs,66,2309,Kent State,Mid-American,fbs,10,ESPN Bet,-45.5,Florida State -45.5,-42.5,56.5,55.5,,
401767649,2025,regular,8,2025-10-18T18:00:00.000Z,2900,St. Thomas (MN),Pioneer,fcs,55,2674,Valparaiso,Pioneer,fcs,17,ESPN Bet,-27.5,St. Thomas (MN) -27.5,,48.5,,,
401767554,2025,regular,9,2025-10-25T17:00:00.000Z,172,Cornell,Ivy,fcs,30,225,Brown,Ivy,fcs,24,ESPN Bet,2.5,Brown -2.5,,50.5,,,
401757173,2025,regular,10,2025-11-01T16:00:00.000Z,41,UConn,FBS Independents,fbs,38,5,UAB,American Athletic,fbs,19,ESPN Bet,-10.5,UConn -10.5,-11.5,61.5,64.5,-380.0,290.0
401767213,2025,regular,10,2025-11-01T20:30:00.000Z,2634,Tennessee State,Big South-OVC,fcs,13,2815,Lindenwood,Big South-OVC,fcs,35,ESPN Bet,3.5,Lindenwood -3.5,,47.5,,,
401767506,2025,regular,10,2025-11-01T18:00:00.000Z,233,South Dakota,MVFC,fcs,26,155,North Dakota,MVFC,fcs,21,ESPN Bet,13.5,North Dakota -13.5,,51.5,,,
401767694,2025,regular,11,2025-11-08T18:00:00.000Z,219,Pennsylvania,Ivy,fcs,17,172,Cornell,Ivy,fcs,39,ESPN Bet,-8.0,Pennsylvania -8,,50.5,,,
401756936,2025,regular,10,2025-11-01T16:00:00.000Z,239,Baylor,Big 12,fbs,30,2116,UCF,Big 12,fbs,3,ESPN Bet,-3.5,Baylor -3.5,-4.5,58.5,60.5,-155.0,135.0
401762820,2025,regular,4,2025-09-20T19:30:00.000Z,2711,Western Michigan,Mid-American,fbs,14,2649,Toledo,Mid-American,fbs,13,ESPN Bet,11.5,Toledo -11.5,13.5,48.5,52.5,380.0,-550.0
401767499,2025,regular,10,2025-11-01T21:00:00.000Z,93,Murray State,MVFC,fcs,7,79,Southern Illinois,MVFC,fcs,27,ESPN Bet,24.5,Southern Illinois -24.5,,58.5,,,
401767570,2025,regular,10,2025-11-01T18:00:00.000Z,231,Furman,Southern,fcs,28,2382,Mercer,Southern,fcs,52,ESPN Bet,15.5,Mercer -15.5,,52.5,,,
401767599,2025,regular,11,2025-11-08T18:00:00.000Z,2413,Morehead State,Pioneer,fcs,31,2086,Butler,Pioneer,fcs,30,ESPN Bet,12.5,Butler -12.5,,47.5,,,
401754570,2025,regular,9,2025-10-25T23:30:00.000Z,97,Louisville,ACC,fbs,38,103,Boston College,ACC,fbs,24,ESPN Bet,-25.5,Louisville -25.5,-24.5,54.5,55.5,-4000.0,1500.0
401767158,2025,regular,5,2025-09-28T02:00:00.000Z,302,UC Davis,Big Sky,fcs,34,2692,Weber State,Big Sky,fcs,12,ESPN Bet,-16.5,UC Davis -16.5,,63.5,,,
401767569,2025,regular,9,2025-10-25T18:00:00.000Z,231,Furman,Southern,fcs,24,2643,The Citadel,Southern,fcs,14,ESPN Bet,-2.5,Furman -2.5,,47.5,,,
401767630,2025,regular,8,2025-10-18T18:00:00.000Z,2413,Morehead State,Pioneer,fcs,23,2368,Marist,Pioneer,fcs,21,ESPN Bet,8.5,Marist -8.5,,46.5,,,
401767532,2025,regular,8,2025-10-18T17:30:00.000Z,236,Chattanooga,Southern,fcs,42,2193,East Tennessee State,Southern,fcs,38,ESPN Bet,4.5,East Tennessee State -4.5,,52.5,,,
401754538,2025,regular,4,2025-09-20T20:00:00.000Z,150,Duke,ACC,fbs,45,152,NC State,ACC,fbs,33,ESPN Bet,-3.5,Duke -3.5,-2.5,57.5,58.5,-150.0,130.0
401762475,2025,regular,6,2025-10-03T23:00:00.000Z,58,South Florida,American Athletic,fbs,54,2429,Charlotte,American Athletic,fbs,26,ESPN Bet,-28.5,South Florida -28.5,-28.5,54.5,,-5000.0,1500.0
401752943,2025,regular,10,2025-11-01T23:30:00.000Z,204,Oregon State,Pac-12,fbs,10,265,Washington State,Pac-12,fbs,7,ESPN Bet,3.5,Washington State -3.5,3.5,47.5,49.5,135.0,-155.0
401767716,2025,regular,10,2025-11-01T18:00:00.000Z,257,Richmond,Patriot,fcs,17,2230,Fordham,Patriot,fcs,14,ESPN Bet,-13.5,Richmond -13.5,,48.5,,,
401767282,2025,regular,10,2025-11-01T21:00:00.000Z,2110,Central Arkansas,UAC,fcs,13,2198,Eastern Kentucky,UAC,fcs,34,ESPN Bet,-6.5,Central Arkansas -6.5,,52.5,,,
401767646,2025,regular,11,2025-11-08T18:00:00.000Z,2674,Valparaiso,Pioneer,fcs,27,301,San Diego,Pioneer,fcs,43,ESPN Bet,23.5,San Diego -23.5,,48.5,,,
401754572,2025,regular,9,2025-10-25T23:00:00.000Z,2390,Miami,ACC,fbs,42,24,Stanford,ACC,fbs,7,ESPN Bet,-28.5,Miami -28.5,-29.5,45.5,48.5,,
401752883,2025,regular,9,2025-10-25T16:00:00.000Z,158,Nebraska,Big Ten,fbs,28,77,Northwestern,Big Ten,fbs,21,ESPN Bet,-7.5,Nebraska -7.5,-9.5,44.5,43.5,-270.0,220.0
401767167,2025,regular,9,2025-10-25T18:00:00.000Z,2127,Charleston Southern,Big South-OVC,fcs,17,2197,Eastern Illinois,Big South-OVC,fcs,16,ESPN Bet,-3.0,Charleston Southern -3,,46.5,,,
401761654,2025,regular,12,2025-11-15T20:30:00.000Z,2572,Southern Miss,Sun Belt,fbs,14,326,Texas State,Sun Belt,fbs,41,ESPN Bet,-3.5,Southern Miss -3.5,-6.5,65.5,64.5,-155.0,135.0
401752715,2025,regular,4,2025-09-20T16:45:00.000Z,2633,Tennessee,SEC,fbs,56,5,UAB,American Athletic,fbs,24,ESPN Bet,-38.5,Tennessee -38.5,-37.5,68.5,68.5,,
401762846,2025,regular,9,2025-10-25T16:00:00.000Z,2309,Kent State,Mid-American,fbs,24,189,Bowling Green,Mid-American,fbs,21,ESPN Bet,7.5,Bowling Green -7.5,8.5,46.5,50.5,280.0,-360.0
401767441,2025,regular,9,2025-10-25T18:00:00.000Z,233,South Dakota,MVFC,fcs,13,2287,Illinois State,MVFC,fcs,21,ESPN Bet,-3.5,South Dakota -3.5,,54.5,,,
401767497,2025,regular,8,2025-10-18T18:00:00.000Z,93,Murray State,MVFC,fcs,14,2571,South Dakota State,MVFC,fcs,35,ESPN Bet,37.5,South Dakota State -37.5,,56.5,,,
401756909,2025,regular,6,2025-10-04T02:30:00.000Z,252,BYU,Big 12,fbs,38,277,West Virginia,Big 12,fbs,24,ESPN Bet,-19.5,BYU -19.5,-20.5,46.5,49.5,-1400.0,750.0
401757300,2025,regular,12,2025-11-16T00:00:00.000Z,2534,Sam Houston,Conference USA,fbs,26,48,Delaware,Conference USA,fbs,23,ESPN Bet,13.5,Delaware -13.5,8.5,56.5,56.5,380.0,-550.0
401760402,2025,regular,10,2025-11-01T19:30:00.000Z,68,Boise State,Mountain West,fbs,7,278,Fresno State,Mountain West,fbs,30,ESPN Bet,-17.5,Boise State -17.5,-17.5,47.5,51.5,-1400.0,750.0
401767076,2025,regular,10,2025-11-01T21:00:00.000Z,13,Cal Poly,Big Sky,fcs,35,2502,Portland State,Big Sky,fcs,40,ESPN Bet,-18.0,Cal Poly -18,,54.5,,,
401767109,2025,regular,10,2025-11-01T18:00:00.000Z,2458,Northern Colorado,Big Sky,fcs,7,147,Montana State,Big Sky,fcs,55,ESPN Bet,23.5,Montana State -23.5,,52.5,,,
401767137,2025,regular,11,2025-11-08T18:00:00.000Z,399,UAlbany,CAA,fcs,24,2803,Bryant,CAA,fcs,27,ESPN Bet,3.5,Bryant -3.5,,44.5,,,
401761611,2025,regular,4,2025-09-20T23:00:00.000Z,6,South Alabama,Sun Belt,fbs,20,324,Coastal Carolina,Sun Belt,fbs,38,ESPN Bet,-14.5,South Alabama -14.5,-14.5,52.5,51.5,-700.0,450.0
401757275,2025,regular,6,2025-10-03T01:00:00.000Z,166,New Mexico State,Conference USA,fbs,37,2534,Sam Houston,Conference USA,fbs,10,ESPN Bet,1.5,Sam Houston -1.5,,53.5,51.5,105.0,-120.0
401767728,2025,regular,8,2025-10-18T18:00:00.000Z,257,Richmond,Patriot,fcs,22,107,Holy Cross,Patriot,fcs,28,ESPN Bet,-5.5,Richmond -5.5,,42.5,,,
401767498,2025,regular,9,2025-10-25T18:00:00.000Z,2754,Youngstown State,MVFC,fcs,51,93,Murray State,MVFC,fcs,17,ESPN Bet,-24.5,Youngstown State -24.5,,,,,
401767464,2025,regular,10,2025-11-01T23:00:00.000Z,2545,SE Louisiana,Southland,fcs,59,2837,East Texas A&M,Southland,fcs,14,ESPN Bet,-17.5,SE Louisiana -17.5,,55.5,,,
401767585,2025,regular,10,2025-11-01T18:00:00.000Z,2643,The Citadel,Southern,fcs,35,2678,VMI,Southern,fcs,24,ESPN Bet,-14.0,The Citadel -14,,48.5,,,
401756897,2025,regular,4,2025-09-21T02:15:00.000Z,38,Colorado,Big 12,fbs,37,2751,Wyoming,Mountain West,fbs,20,ESPN Bet,-12.5,Colorado -12.5,-13.5,45.5,43.5,-450.0,340.0
401760373,2025,regular,4,2025-09-21T01:30:00.000Z,36,Colorado State,Mountain West,fbs,16,2636,UTSA,American Athletic,fbs,17,ESPN Bet,5.5,UTSA -5.5,3.5,58.5,58.5,180.0,-215.0
401754550,2025,regular,6,2025-10-04T16:00:00.000Z,221,Pittsburgh,ACC,fbs,48,103,Boston College,ACC,fbs,7,ESPN Bet,-6.5,Pittsburgh -6.5,-4.5,54.5,54.5,-250.0,210.0
401756938,2025,regular,10,2025-11-01T16:00:00.000Z,248,Houston,Big 12,fbs,35,277,West Virginia,Big 12,fbs,45,ESPN Bet,-12.5,Houston -12.5,-15.5,49.5,49.5,-650.0,425.0
401767168,2025,regular,10,2025-11-01T18:00:00.000Z,2546,Southeast Missouri State,Big South-OVC,fcs,17,2127,Charleston Southern,Big South-OVC,fcs,23,ESPN Bet,-10.5,Southeast Missouri State -10.5,,50.5,,,
401767494,2025,regular,10,2025-11-01T23:00:00.000Z,2377,McNeese,Southland,fcs,50,2466,Northwestern State,Southland,fcs,3,ESPN Bet,-16.5,McNeese -16.5,,48.5,,,
401767330,2025,regular,11,2025-11-08T18:00:00.000Z,119,Towson,CAA,fcs,10,222,Villanova,CAA,fcs,28,ESPN Bet,3.5,Villanova -3.5,,51.5,,,
401762845,2025,regular,9,2025-10-25T19:30:00.000Z,2459,Northern Illinois,Mid-American,fbs,21,2050,Ball State,Mid-American,fbs,7,ESPN Bet,-6.5,Northern Illinois -6.5,-4.5,42.5,41.5,-240.0,200.0
401767538,2025,regular,8,2025-10-18T18:00:00.000Z,2460,Northern Iowa,MVFC,fcs,14,233,South Dakota,MVFC,fcs,17,ESPN Bet,6.5,South Dakota -6.5,,46.5,,,
401767302,2025,regular,9,2025-10-25T18:00:00.000Z,2698,West Georgia,UAC,fcs,18,2110,Central Arkansas,UAC,fcs,17,ESPN Bet,-5.5,West Georgia -5.5,,53.5,,,
401762874,2025,regular,9,2025-10-25T19:30:00.000Z,193,Miami (OH),Mid-American,fbs,26,2711,Western Michigan,Mid-American,fbs,17,ESPN Bet,-2.5,Miami (OH) -2.5,-2.5,40.5,41.5,-135.0,115.0
401767185,2025,regular,9,2025-10-25T18:00:00.000Z,2261,Hampton,CAA,fcs,10,2405,Monmouth,CAA,fcs,28,ESPN Bet,25.0,Monmouth -25,,68.5,,,
401767100,2025,regular,8,2025-10-18T19:00:00.000Z,149,Montana,Big Sky,fcs,43,2529,Sacred Heart,FCS Independents,fcs,21,ESPN Bet,-26.5,Montana -26.5,,57.5,,,
401756899,2025,regular,4,2025-09-20T22:00:00.000Z,2305,Kansas,Big 12,fbs,41,277,West Virginia,Big 12,fbs,10,ESPN Bet,-13.5,Kansas -13.5,-12.5,54.5,54.5,-500.0,360.0
401754576,2025,regular,10,2025-11-01T19:45:00.000Z,25,California,ACC,fbs,21,258,Virginia,ACC,fbs,31,ESPN Bet,5.5,Virginia -5.5,3.5,52.5,54.5,180.0,-215.0
401761643,2025,regular,10,2025-11-02T00:00:00.000Z,2653,Troy,Sun Belt,fbs,10,2032,Arkansas State,Sun Belt,fbs,23,ESPN Bet,-7.5,Troy -7.5,-7.5,52.5,55.5,-320.0,260.0
401767401,2025,regular,10,2025-11-01T18:00:00.000Z,2569,South Carolina State,MEAC,fcs,36,2415,Morgan State,MEAC,fcs,30,ESPN Bet,-11.5,South Carolina State -11.5,,53.5,,,
401767525,2025,regular,10,2025-11-01T23:00:00.000Z,2617,Stephen F. Austin,Southland,fcs,41,292,UT Rio Grande Valley,Southland,fcs,17,ESPN Bet,-10.0,Stephen F. Austin -10,,55.5,,,
401767724,2025,regular,11,2025-11-08T18:00:00.000Z,46,Georgetown,Patriot,fcs,24,257,Richmond,Patriot,fcs,31,ESPN Bet,5.5,Richmond -5.5,,45.5,,,
401762848,2025,regular,9,2025-10-25T16:00:00.000Z,2199,Eastern Michigan,Mid-American,fbs,21,195,Ohio,Mid-American,fbs,28,ESPN Bet,13.5,Ohio -13.5,10.5,60.5,59.5,320.0,-425.0
401767281,2025,regular,9,2025-10-25T19:00:00.000Z,2198,Eastern Kentucky,UAC,fcs,7,2627,Tarleton State,UAC,fcs,31,ESPN Bet,24.0,Tarleton State -24,,58.5,,,
401752768,2025,regular,12,2025-11-15T17:45:00.000Z,99,LSU,SEC,fbs,23,8,Arkansas,SEC,fbs,22,ESPN Bet,-4.5,LSU -4.5,-5.5,58.5,55.5,-185.0,155.0
401760404,2025,regular,10,2025-11-01T19:00:00.000Z,2439,UNLV,Mountain West,fbs,35,167,New Mexico,Mountain West,fbs,40,ESPN Bet,-4.5,UNLV -4.5,-5.5,60.5,62.5,-150.0,130.0
401752711,2025,regular,4,2025-09-20T19:30:00.000Z,145,Ole Miss,SEC,fbs,45,2655,Tulane,American Athletic,fbs,10,ESPN Bet,-11.5,Ole Miss -11.5,-12.5,61.5,61.5,-500.0,360.0
401767449,2025,regular,8,2025-10-18T17:00:00.000Z,282,Indiana State,MVFC,fcs,7,2449,North Dakota State,MVFC,fcs,38,ESPN Bet,33.5,North Dakota State -33.5,,56.5,,,
401754582,2025,regular,10,2025-11-01T19:30:00.000Z,24,Stanford,ACC,fbs,20,221,Pittsburgh,ACC,fbs,35,ESPN Bet,13.5,Pittsburgh -13.5,13.5,52.5,52.5,380.0,-550.0
401767442,2025,regular,10,2025-11-01T19:00:00.000Z,2287,Illinois State,MVFC,fcs,31,2460,Northern Iowa,MVFC,fcs,16,ESPN Bet,-12.5,Illinois State -12.5,,49.5,,,
401767423,2025,regular,10,2025-11-01T23:00:00.000Z,50,Florida A&M,SWAC,fcs,16,2296,Jackson State,SWAC,fcs,41,ESPN Bet,17.0,Jackson State -17,,53.5,,,
401767590,2025,regular,11,2025-11-08T18:30:00.000Z,2678,VMI,Southern,fcs,10,2747,Wofford,Southern,fcs,52,ESPN Bet,11.0,Wofford -11,,44.5,,,
401767155,2025,regular,8,2025-10-18T19:30:00.000Z,2729,William & Mary,CAA,fcs,26,2210,Elon,CAA,fcs,21,ESPN Bet,1.5,Elon -1.5,,53.5,,,
401752754,2025,regular,10,2025-11-01T23:30:00.000Z,2,Auburn,SEC,fbs,3,96,Kentucky,SEC,fbs,10,ESPN Bet,-11.5,Auburn -11.5,-10.5,44.5,46.5,-500.0,340.0
401767253,2025,regular,10,2025-11-02T00:30:00.000Z,253,Southern Utah,UAC,fcs,33,2046,Austin Peay,UAC,fcs,17,ESPN Bet,1.5,Austin Peay -1.5,,61.5,,,
401767479,2025,regular,10,2025-11-01T19:00:00.000Z,2916,Incarnate Word,Southland,fcs,24,2320,Lamar,Southland,fcs,17,ESPN Bet,-2.5,Incarnate Word -2.5,,52.5,,,
401761638,2025,regular,9,2025-10-25T23:00:00.000Z,2653,Troy,Sun Belt,fbs,35,309,Louisiana,Sun Belt,fbs,23,ESPN Bet,-7.5,Troy -7.5,-8.5,47.5,50.5,-275.0,225.0
401767764,2025,regular,9,2025-10-25T19:00:00.000Z,2598,Saint Francis,NEC,fcs,14,2523,Robert Morris,NEC,fcs,24,ESPN Bet,2.5,Robert Morris -2.5,,39.5,,,
401767396,2025,regular,11,2025-11-08T18:30:00.000Z,2569,South Carolina State,MEAC,fcs,42,47,Howard,MEAC,fcs,12,ESPN Bet,-15.5,South Carolina State -15.5,,49.5,,,
401752708,2025,regular,4,2025-09-20T16:00:00.000Z,235,Memphis,American Athletic,fbs,32,8,Arkansas,SEC,fbs,31,ESPN Bet,7.5,Arkansas -7.5,6.5,59.5,62.5,225.0,-275.0
401757276,2025,regular,6,2025-10-03T23:00:00.000Z,48,Delaware,Conference USA,fbs,24,98,Western Kentucky,Conference USA,fbs,27,ESPN Bet,-2.5,Delaware -2.5,-1.5,63.5,62.5,-130.0,110.0
401761653,2025,regular,12,2025-11-15T20:30:00.000Z,2433,UL Monroe,Sun Belt,fbs,14,6,South Alabama,Sun Belt,fbs,26,ESPN Bet,4.5,South Alabama -4.5,3.5,50.5,51.5,170.0,-200.0
401767229,2025,regular,11,2025-11-08T19:00:00.000Z,2630,UT Martin,Big South-OVC,fcs,26,2634,Tennessee State,Big South-OVC,fcs,7,ESPN Bet,-14.5,UT Martin -14.5,,48.5,,,
401762509,2025,regular,12,2025-11-15T21:00:00.000Z,2655,Tulane,American Athletic,fbs,35,2226,Florida Atlantic,American Athletic,fbs,24,ESPN Bet,-17.5,Tulane -17.5,-16.5,61.5,62.5,-750.0,475.0
401767144,2025,regular,8,2025-10-18T19:30:00.000Z,2097,Campbell,CAA,fcs,10,160,New Hampshire,CAA,fcs,24,ESPN Bet,2.5,New Hampshire -2.5,,52.5,,,
401757293,2025,regular,10,2025-11-01T19:30:00.000Z,2335,Liberty,Conference USA,fbs,59,48,Delaware,Conference USA,fbs,30,ESPN Bet,-3.5,Liberty -3.5,-3.5,52.5,51.5,-185.0,155.0
401757169,2025,regular,4,2025-09-20T19:30:00.000Z,41,UConn,FBS Independents,fbs,31,2050,Ball State,Mid-American,fbs,25,ESPN Bet,-20.5,UConn -20.5,-20.5,53.5,52.5,-1800.0,900.0
401767228,2025,regular,9,2025-10-25T18:30:00.000Z,2634,Tennessee State,Big South-OVC,fcs,16,2710,Western Illinois,Big South-OVC,fcs,17,ESPN Bet,-3.0,Tennessee State -3,,54.5,,,
401767702,2025,regular,10,2025-11-01T19:00:00.000Z,108,Harvard,Ivy,fcs,31,159,Dartmouth,Ivy,fcs,10,ESPN Bet,-11.5,Harvard -11.5,,48.5,,,
401762851,2025,regular,11,2025-11-05T00:00:00.000Z,2006,Akron,Mid-American,fbs,44,113,Massachusetts,Mid-American,fbs,10,ESPN Bet,-12.5,Akron -12.5,-10.5,51.5,48.5,-500.0,360.0
401760384,2025,regular,6,2025-10-04T02:00:00.000Z,23,San José State,Mountain West,fbs,35,167,New Mexico,Mountain West,fbs,28,ESPN Bet,-2.5,San José State -2.5,-2.5,58.5,57.5,-125.0,105.0
401761637,2025,regular,9,2025-10-25T19:30:00.000Z,2572,Southern Miss,Sun Belt,fbs,49,2433,UL Monroe,Sun Belt,fbs,21,ESPN Bet,-13.5,Southern Miss -13.5,-10.5,48.5,48.5,-600.0,400.0
401767472,2025,regular,9,2025-10-25T19:00:00.000Z,2277,Houston Christian,Southland,fcs,14,2545,SE Louisiana,Southland,fcs,38,ESPN Bet,21.5,SE Louisiana -21.5,,52.5,,,
401752712,2025,regular,4,2025-09-20T20:15:00.000Z,344,Mississippi State,SEC,fbs,38,2459,Northern Illinois,Mid-American,fbs,10,ESPN Bet,-24.5,Mississippi State -24.5,-22.5,48.5,49.5,-2500.0,1100.0
401767321,2025,regular,8,2025-10-18T19:30:00.000Z,399,UAlbany,CAA,fcs,17,227,Rhode Island,CAA,fcs,58,ESPN Bet,13.5,Rhode Island -13.5,,47.5,,,
401762853,2025,regular,11,2025-11-06T00:00:00.000Z,2050,Ball State,Mid-American,fbs,17,2309,Kent State,Mid-American,fbs,13,ESPN Bet,-3.5,Ball State -3.5,-3.5,48.5,46.5,-155.0,135.0
401767206,2025,regular,11,2025-11-08T18:30:00.000Z,2241,Gardner-Webb,Big South-OVC,fcs,27,2546,Southeast Missouri State,Big South-OVC,fcs,24,ESPN Bet,-4.5,Gardner-Webb -4.5,,56.5,,,
401752756,2025,regular,10,2025-11-01T23:00:00.000Z,145,Ole Miss,SEC,fbs,30,2579,South Carolina,SEC,fbs,14,ESPN Bet,-13.5,Ole Miss -13.5,-14.5,56.5,53.5,-550.0,380.0
401767451,2025,regular,10,2025-11-01T19:00:00.000Z,2571,South Dakota State,MVFC,fcs,12,282,Indiana State,MVFC,fcs,24,ESPN Bet,-31.0,South Dakota State -31,,53.5,,,
401760400,2025,regular,9,2025-10-25T19:00:00.000Z,167,New Mexico,Mountain West,fbs,33,328,Utah State,Mountain West,fbs,14,ESPN Bet,-2.5,New Mexico -2.5,-1.5,60.5,62.5,-145.0,125.0
401767539,2025,regular,9,2025-10-25T19:00:00.000Z,79,Southern Illinois,MVFC,fcs,31,2460,Northern Iowa,MVFC,fcs,17,ESPN Bet,-15.0,Southern Illinois -15,,50.5,,,
401754539,2025,regular,4,2025-09-20T23:30:00.000Z,258,Virginia,ACC,fbs,48,24,Stanford,ACC,fbs,20,ESPN Bet,-16.5,Virginia -16.5,-16.5,49.5,48.5,-800.0,500.0
401767166,2025,regular,8,2025-10-18T20:00:00.000Z,2710,Western Illinois,Big South-OVC,fcs,24,2127,Charleston Southern,Big South-OVC,fcs,29,ESPN Bet,2.0,Charleston Southern -2,,55.5,,,
401757294,2025,regular,10,2025-11-01T19:30:00.000Z,98,Western Kentucky,Conference USA,fbs,35,166,New Mexico State,Conference USA,fbs,16,ESPN Bet,-7.5,Western Kentucky -7.5,-9.5,54.5,53.5,-290.0,240.0
401762500,2025,regular,11,2025-11-07T00:30:00.000Z,58,South Florida,American Athletic,fbs,55,2636,UTSA,American Athletic,fbs,23,ESPN Bet,-13.5,South Florida -13.5,-13.5,66.5,67.5,-650.0,425.0
401767177,2025,regular,11,2025-11-08T19:00:00.000Z,2210,Elon,CAA,fcs,20,227,Rhode Island,CAA,fcs,34,ESPN Bet,4.5,Rhode Island -4.5,,49.5,,,
401756948,2025,regular,12,2025-11-15T18:00:00.000Z,9,Arizona State,Big 12,fbs,25,277,West Virginia,Big 12,fbs,23,ESPN Bet,-9.5,Arizona State -9.5,-10.5,46.5,47.5,-380.0,290.0
401761644,2025,regular,11,2025-11-07T00:30:00.000Z,2026,App State,Sun Belt,fbs,23,290,Georgia Southern,Sun Belt,fbs,25,ESPN Bet,-4.5,App State -4.5,-5.5,61.5,62.5,-190.0,160.0
401767500,2025,regular,11,2025-11-08T19:00:00.000Z,2460,Northern Iowa,MVFC,fcs,31,93,Murray State,MVFC,fcs,14,ESPN Bet,-12.5,Northern Iowa -12.5,,49.5,,,
401761641,2025,regular,10,2025-11-01T19:30:00.000Z,2433,UL Monroe,Sun Belt,fbs,6,295,Old Dominion,Sun Belt,fbs,31,ESPN Bet,16.5,Old Dominion -16.5,14.5,55.5,53.5,550.0,-900.0
401757262,2025,regular,4,2025-09-20T19:30:00.000Z,2335,Liberty,Conference USA,fbs,13,256,James Madison,Sun Belt,fbs,31,ESPN Bet,7.5,James Madison -7.5,11.5,46.5,49.5,260.0,-320.0
401760374,2025,regular,4,2025-09-21T03:59:00.000Z,62,Hawai'i,Mountain West,fbs,21,278,Fresno State,Mountain West,fbs,23,ESPN Bet,2.5,Fresno State -2.5,3.5,47.5,47.5,115.0,-135.0
401767065,2025,regular,9,2025-10-25T19:00:00.000Z,2692,Weber State,Big Sky,fcs,20,331,Eastern Washington,Big Sky,fcs,23,ESPN Bet,1.5,Eastern Washington -1.5,,57.5,,,
401760382,2025,regular,6,2025-10-04T02:30:00.000Z,21,San Diego State,Mountain West,fbs,45,36,Colorado State,Mountain West,fbs,24,ESPN Bet,-4.5,San Diego State -4.5,-5.5,40.5,38.5,-190.0,160.0
401767485,2025,regular,8,2025-10-18T20:00:00.000Z,2320,Lamar,Southland,fcs,23,292,UT Rio Grande Valley,Southland,fcs,21,ESPN Bet,-3.5,Lamar -3.5,,51.5,,,
401760411,2025,regular,12,2025-11-15T20:00:00.000Z,167,New Mexico,Mountain West,fbs,20,36,Colorado State,Mountain West,fbs,17,ESPN Bet,-15.5,New Mexico -15.5,-14.5,53.5,53.5,-1000.0,600.0
401756940,2025,regular,10,2025-11-01T20:00:00.000Z,2305,Kansas,Big 12,fbs,38,197,Oklahoma State,Big 12,fbs,21,ESPN Bet,-24.5,Kansas -24.5,-24.5,53.5,55.5,-4000.0,1300.0
401760399,2025,regular,9,2025-10-25T19:30:00.000Z,278,Fresno State,Mountain West,fbs,0,21,San Diego State,Mountain West,fbs,23,ESPN Bet,3.5,San Diego State -3.5,2.5,45.5,48.5,135.0,-155.0
401752940,2025,regular,6,2025-10-04T19:30:00.000Z,2026,App State,Sun Belt,fbs,27,204,Oregon State,Pac-12,fbs,23,ESPN Bet,-2.5,App State -2.5,-2.5,54.5,54.5,-125.0,105.0
401767577,2025,regular,9,2025-10-25T19:00:00.000Z,2382,Mercer,Southern,fcs,62,2678,VMI,Southern,fcs,0,ESPN Bet,-27.5,Mercer -27.5,,51.5,,,
401757259,2025,regular,4,2025-09-20T22:00:00.000Z,2229,Florida International,Conference USA,fbs,16,48,Delaware,Conference USA,fbs,38,ESPN Bet,-5.5,Florida International -5.5,-4.5,54.5,54.5,-190.0,160.0
401767373,2025,regular,8,2025-10-18T20:00:00.000Z,50,Florida A&M,SWAC,fcs,33,2016,Alcorn State,SWAC,fcs,28,ESPN Bet,-4.5,Florida A&M -4.5,,45.5,,,
401757302,2025,regular,12,2025-11-16T01:00:00.000Z,55,Jacksonville State,Conference USA,fbs,35,338,Kennesaw State,Conference USA,fbs,26,ESPN Bet,3.5,Kennesaw State -3.5,2.5,55.5,51.5,140.0,-165.0
401762854,2025,regular,11,2025-11-06T00:00:00.000Z,2649,Toledo,Mid-American,fbs,42,2459,Northern Illinois,Mid-American,fbs,3,ESPN Bet,-15.5,Toledo -15.5,-14.5,41.5,42.5,-750.0,475.0
401767480,2025,regular,11,2025-11-08T19:00:00.000Z,2466,Northwestern State,Southland,fcs,3,2916,Incarnate Word,Southland,fcs,38,ESPN Bet,24.5,Incarnate Word -24.5,,54.5,,,
401757261,2025,regular,4,2025-09-20T22:00:00.000Z,338,Kennesaw State,Conference USA,fbs,28,2032,Arkansas State,Sun Belt,fbs,21,ESPN Bet,4.5,Arkansas State -4.5,7.5,58.5,54.5,165.0,-195.0
401767212,2025,regular,8,2025-10-18T18:00:00.000Z,2815,Lindenwood,Big South-OVC,fcs,28,2635,Tennessee Tech,Big South-OVC,fcs,52,ESPN Bet,16.5,Tennessee Tech -16.5,,54.5,,,
401767124,2025,regular,9,2025-10-25T19:00:00.000Z,2458,Northern Colorado,Big Sky,fcs,16,302,UC Davis,Big Sky,fcs,27,ESPN Bet,8.5,UC Davis -8.5,,57.5,,,
401752886,2025,regular,9,2025-10-25T23:00:00.000Z,2483,Oregon,Big Ten,fbs,21,275,Wisconsin,Big Ten,fbs,7,ESPN Bet,-31.5,Oregon -31.5,-34.5,45.5,43.5,,
401767204,2025,regular,9,2025-10-25T19:00:00.000Z,2815,Lindenwood,Big South-OVC,fcs,20,2241,Gardner-Webb,Big South-OVC,fcs,48,ESPN Bet,1.5,Gardner-Webb -1.5,,57.5,,,
401757304,2025,regular,12,2025-11-15T20:00:00.000Z,2623,Missouri State,Conference USA,fbs,38,2638,UTEP,Conference USA,fbs,24,ESPN Bet,-7.5,Missouri State -7.5,-4.5,48.5,50.5,-250.0,210.0
401760405,2025,regular,10,2025-11-01T23:00:00.000Z,21,San Diego State,Mountain West,fbs,24,2751,Wyoming,Mountain West,fbs,7,ESPN Bet,-10.5,San Diego State -10.5,-10.5,41.5,42.5,-450.0,340.0
401761619,2025,regular,6,2025-10-04T22:00:00.000Z,295,Old Dominion,Sun Belt,fbs,47,324,Coastal Carolina,Sun Belt,fbs,7,ESPN Bet,-18.5,Old Dominion -18.5,-17.5,53.5,55.5,-1200.0,700.0
401752896,2025,regular,11,2025-11-08T02:00:00.000Z,30,USC,Big Ten,fbs,38,77,Northwestern,Big Ten,fbs,17,ESPN Bet,-14.5,USC -14.5,-15.5,54.5,51.5,-800.0,500.0
401767521,2025,regular,8,2025-10-18T21:00:00.000Z,2545,SE Louisiana,Southland,fcs,49,2466,Northwestern State,Southland,fcs,0,ESPN Bet,-31.0,SE Louisiana -31,,53.5,,,
401757268,2025,regular,4,2025-09-20T23:00:00.000Z,98,Western Kentucky,Conference USA,fbs,31,2440,Nevada,Mountain West,fbs,16,ESPN Bet,-7.5,Western Kentucky -7.5,-10.5,54.5,54.5,-320.0,260.0
401767507,2025,regular,11,2025-11-08T19:00:00.000Z,155,North Dakota,MVFC,fcs,10,2449,North Dakota State,MVFC,fcs,15,ESPN Bet,10.5,North Dakota State -10.5,,53.5,,,
401767384,2025,regular,9,2025-10-25T19:00:00.000Z,2065,Bethune-Cookman,SWAC,fcs,31,2029,Arkansas-Pine Bluff,SWAC,fcs,14,ESPN Bet,-13.5,Bethune-Cookman -13.5,,56.5,,,
401760403,2025,regular,10,2025-11-02T02:30:00.000Z,23,San José State,Mountain West,fbs,45,62,Hawai'i,Mountain West,fbs,38,ESPN Bet,-2.5,San José State -2.5,-2.5,55.5,55.5,-130.0,110.0
401752760,2025,regular,11,2025-11-09T00:30:00.000Z,96,Kentucky,SEC,fbs,38,57,Florida,SEC,fbs,7,ESPN Bet,5.5,Florida -5.5,4.5,44.5,44.5,160.0,-190.0
401767214,2025,regular,11,2025-11-08T19:00:00.000Z,2710,Western Illinois,Big South-OVC,fcs,24,2815,Lindenwood,Big South-OVC,fcs,21,ESPN Bet,7.5,Lindenwood -7.5,,57.5,,,
401760372,2025,regular,4,2025-09-20T23:00:00.000Z,2005,Air Force,Mountain West,fbs,37,68,Boise State,Mountain West,fbs,49,ESPN Bet,11.5,Boise State -11.5,8.5,51.5,51.5,320.0,-425.0
401752952,2025,regular,9,2025-10-25T19:30:00.000Z,265,Washington State,Pac-12,fbs,28,2649,Toledo,Mid-American,fbs,7,ESPN Bet,1.5,Toledo -1.5,-1.5,45.5,50.5,105.0,-125.0
401767434,2025,regular,8,2025-10-18T21:00:00.000Z,2582,Southern,SWAC,fcs,3,2504,Prairie View A&M,SWAC,fcs,24,ESPN Bet,8.5,Prairie View A&M -8.5,,46.5,,,
401760410,2025,regular,12,2025-11-16T03:30:00.000Z,21,San Diego State,Mountain West,fbs,17,68,Boise State,Mountain West,fbs,7,ESPN Bet,-2.5,San Diego State -2.5,-2.5,43.5,41.5,-125.0,105.0
401760413,2025,regular,12,2025-11-15T20:30:00.000Z,2440,Nevada,Mountain West,fbs,55,23,San José State,Mountain West,fbs,10,ESPN Bet,9.5,San José State -9.5,8.5,49.5,52.5,300.0,-400.0
401767548,2025,regular,11,2025-11-08T19:00:00.000Z,2754,Youngstown State,MVFC,fcs,48,79,Southern Illinois,MVFC,fcs,38,ESPN Bet,-5.0,Youngstown State -5,,59.5,,,
401762830,2025,regular,6,2025-10-04T16:00:00.000Z,2050,Ball State,Mid-American,fbs,20,195,Ohio,Mid-American,fbs,14,ESPN Bet,14.5,Ohio -14.5,16.5,52.5,51.5,475.0,-750.0
401767128,2025,regular,8,2025-10-18T21:00:00.000Z,2502,Portland State,Big Sky,fcs,27,2692,Weber State,Big Sky,fcs,43,ESPN Bet,6.0,Weber State -6,,53.5,,,
401756937,2025,regular,10,2025-11-01T23:00:00.000Z,38,Colorado,Big 12,fbs,17,12,Arizona,Big 12,fbs,52,ESPN Bet,3.5,Arizona -3.5,5.5,51.5,53.5,155.0,-185.0
401752771,2025,regular,12,2025-11-15T21:15:00.000Z,2633,Tennessee,SEC,fbs,42,166,New Mexico State,Conference USA,fbs,9,ESPN Bet,-41.5,Tennessee -41.5,-38.5,60.5,61.5,,
401752716,2025,regular,4,2025-09-20T23:30:00.000Z,238,Vanderbilt,SEC,fbs,70,2247,Georgia State,Sun Belt,fbs,21,ESPN Bet,-26.5,Vanderbilt -26.5,-26.5,52.5,53.5,-5000.0,1500.0
401762493,2025,regular,9,2025-10-25T19:30:00.000Z,2426,Navy,American Athletic,fbs,42,2226,Florida Atlantic,American Athletic,fbs,32,ESPN Bet,-14.5,Navy -14.5,-14.5,63.5,62.5,-700.0,450.0
401767561,2025,regular,9,2025-10-25T19:30:00.000Z,2193,East Tennessee State,Southern,fcs,14,2747,Wofford,Southern,fcs,10,ESPN Bet,-9.0,East Tennessee State -9,,50.5,,,
401752897,2025,regular,11,2025-11-08T18:00:00.000Z,2509,Purdue,Big Ten,fbs,10,194,Ohio State,Big Ten,fbs,34,ESPN Bet,30.5,Ohio State -30.5,,49.5,48.5,3000.0,-20000.0
401767409,2025,regular,11,2025-11-08T19:00:00.000Z,2428,North Carolina Central,MEAC,fcs,31,2450,Norfolk State,MEAC,fcs,28,ESPN Bet,-25.5,North Carolina Central -25.5,,56.5,,,
401757263,2025,regular,4,2025-09-20T23:30:00.000Z,2348,Louisiana Tech,Conference USA,fbs,30,2572,Southern Miss,Sun Belt,fbs,20,ESPN Bet,-3.5,Louisiana Tech -3.5,-2.5,50.5,51.5,-150.0,130.0
401757303,2025,regular,12,2025-11-15T20:30:00.000Z,98,Western Kentucky,Conference USA,fbs,42,2393,Middle Tennessee,Conference USA,fbs,26,ESPN Bet,-13.5,Western Kentucky -13.5,-13.5,51.5,56.5,-600.0,400.0
401756933,2025,regular,9,2025-10-25T20:00:00.000Z,2641,Texas Tech,Big 12,fbs,42,197,Oklahoma State,Big 12,fbs,0,ESPN Bet,-35.5,Texas Tech -35.5,-38.5,56.5,56.5,,
401762829,2025,regular,6,2025-10-04T19:30:00.000Z,2006,Akron,Mid-American,fbs,28,2117,Central Michigan,Mid-American,fbs,22,ESPN Bet,6.5,Central Michigan -6.5,7.5,47.5,44.5,220.0,-270.0
401767383,2025,regular,8,2025-10-18T19:00:00.000Z,2029,Arkansas-Pine Bluff,SWAC,fcs,16,2755,Grambling,SWAC,fcs,20,ESPN Bet,8.0,Grambling -8,,54.5,,,
401767325,2025,regular,9,2025-10-25T19:30:00.000Z,2619,Stony Brook,CAA,fcs,27,119,Towson,CAA,fcs,19,ESPN Bet,-3.0,Stony Brook -3,,52.5,,,
401752753,2025,regular,10,2025-11-01T20:00:00.000Z,8,Arkansas,SEC,fbs,35,344,Mississippi State,SEC,fbs,38,ESPN Bet,-5.5,Arkansas -5.5,-3.5,66.5,67.5,-195.0,165.0
401762852,2025,regular,11,2025-11-05T00:00:00.000Z,195,Ohio,Mid-American,fbs,24,193,Miami (OH),Mid-American,fbs,20,ESPN Bet,-2.5,Ohio -2.5,-3.5,50.5,50.5,-140.0,120.0
401760412,2025,regular,12,2025-11-16T03:30:00.000Z,278,Fresno State,Mountain West,fbs,24,2751,Wyoming,Mountain West,fbs,3,ESPN Bet,-2.5,Fresno State -2.5,-4.5,40.5,39.5,-140.0,120.0
401761636,2025,regular,9,2025-10-25T23:00:00.000Z,2032,Arkansas State,Sun Belt,fbs,34,290,Georgia Southern,Sun Belt,fbs,24,ESPN Bet,-1.5,Arkansas State -1.5,-2.5,59.5,62.5,-105.0,-115.0
401767334,2025,regular,9,2025-10-25T19:30:00.000Z,222,Villanova,CAA,fcs,29,399,UAlbany,CAA,fcs,16,ESPN Bet,-31.5,Villanova -31.5,,51.5,,,
401761640,2025,regular,10,2025-10-30T23:30:00.000Z,324,Coastal Carolina,Sun Belt,fbs,44,276,Marshall,Sun Belt,fbs,27,ESPN Bet,7.5,Marshall -7.5,4.5,55.5,55.5,220.0,-270.0
401767365,2025,regular,11,2025-11-08T20:00:00.000Z,2011,Alabama State,SWAC,fcs,42,2640,Texas Southern,SWAC,fcs,24,ESPN Bet,-17.5,Alabama State -17.5,,53.5,,,
401762831,2025,regular,6,2025-10-04T19:30:00.000Z,2084,Buffalo,Mid-American,fbs,31,2199,Eastern Michigan,Mid-American,fbs,30,ESPN Bet,-9.5,Buffalo -9.5,-10.5,53.5,,-380.0,290.0
401767753,2025,regular,8,2025-10-18T22:00:00.000Z,2385,Mercyhurst,NEC,fcs,0,2184,Duquesne,NEC,fcs,37,ESPN Bet,3.0,Duquesne -3,,51.5,,,
401757264,2025,regular,4,2025-09-20T23:00:00.000Z,2393,Middle Tennessee,Conference USA,fbs,28,276,Marshall,Sun Belt,fbs,42,ESPN Bet,2.5,Marshall -2.5,3.5,45.5,46.5,110.0,-130.0
401757301,2025,regular,12,2025-11-15T22:00:00.000Z,2229,Florida International,Conference USA,fbs,34,2335,Liberty,Conference USA,fbs,27,ESPN Bet,4.5,Liberty -4.5,2.5,53.5,53.5,120.0,-140.0
401752723,2025,regular,4,2025-09-21T00:00:00.000Z,251,Texas,SEC,fbs,55,2534,Sam Houston,Conference USA,fbs,0,ESPN Bet,-39.5,Texas -39.5,-41.5,51.5,51.5,,
401754556,2025,regular,6,2025-10-04T17:00:00.000Z,259,Virginia Tech,ACC,fbs,23,154,Wake Forest,ACC,fbs,30,ESPN Bet,-4.5,Virginia Tech -4.5,-6.5,51.5,50.5,-190.0,160.0
401767227,2025,regular,8,2025-10-18T21:30:00.000Z,2634,Tennessee State,Big South-OVC,fcs,24,47,Howard,MEAC,fcs,7,ESPN Bet,2.0,Howard -2,,41.5,,,
401760398,2025,regular,9,2025-10-25T23:30:00.000Z,2751,Wyoming,Mountain West,fbs,28,36,Colorado State,Mountain West,fbs,0,ESPN Bet,-5.5,Wyoming -5.5,-4.5,46.5,45.5,-210.0,175.0
401767533,2025,regular,9,2025-10-25T19:30:00.000Z,2535,Samford,Southern,fcs,13,236,Chattanooga,Southern,fcs,49,ESPN Bet,10.0,Chattanooga -10,,54.5,,,
401767283,2025,regular,11,2025-11-08T20:00:00.000Z,2198,Eastern Kentucky,UAC,fcs,17,253,Southern Utah,UAC,fcs,27,ESPN Bet,6.5,Southern Utah -6.5,,55.5,,,
401752953,2025,regular,12,2025-11-16T03:00:00.000Z,265,Washington State,Pac-12,fbs,28,2348,Louisiana Tech,Conference USA,fbs,3,ESPN Bet,-10.5,Washington State -10.5,-6.5,43.5,47.5,-425.0,320.0
401757267,2025,regular,4,2025-09-21T01:00:00.000Z,2638,UTEP,Conference USA,fbs,25,2433,UL Monroe,Sun Belt,fbs,31,ESPN Bet,-5.5,UTEP -5.5,-4.5,46.5,46.5,-215.0,180.0
401762832,2025,regular,6,2025-10-04T18:30:00.000Z,113,Massachusetts,Mid-American,fbs,3,2711,Western Michigan,Mid-American,fbs,21,ESPN Bet,12.5,Western Michigan -12.5,12.5,45.5,45.5,380.0,-550.0
401767462,2025,regular,8,2025-10-18T21:30:00.000Z,2916,Incarnate Word,Southland,fcs,45,2837,East Texas A&M,Southland,fcs,52,ESPN Bet,-18.5,Incarnate Word -18.5,,56.5,,,
401767374,2025,regular,9,2025-10-25T19:00:00.000Z,2016,Alcorn State,SWAC,fcs,32,2400,Mississippi Valley State,SWAC,fcs,10,ESPN Bet,-10.5,Alcorn State -10.5,,50.5,,,
401757292,2025,regular,10,2025-10-29T23:30:00.000Z,2393,Middle Tennessee,Conference USA,fbs,21,55,Jacksonville State,Conference USA,fbs,24,ESPN Bet,4.5,Jacksonville State -4.5,5.5,54.5,53.5,165.0,-195.0
401767245,2025,regular,11,2025-11-08T20:00:00.000Z,2000,Abilene Christian,UAC,fcs,31,3101,Utah Tech,UAC,fcs,10,ESPN Bet,-20.5,Abilene Christian -20.5,,53.5,,,
401754577,2025,regular,10,2025-11-01T16:00:00.000Z,228,Clemson,ACC,fbs,45,150,Duke,ACC,fbs,46,ESPN Bet,-4.5,Clemson -4.5,-3.5,55.5,53.5,-185.0,155.0
401761621,2025,regular,6,2025-10-04T23:00:00.000Z,2653,Troy,Sun Belt,fbs,31,6,South Alabama,Sun Belt,fbs,24,ESPN Bet,2.5,South Alabama -2.5,-2.5,46.5,46.5,115.0,-135.0
401767471,2025,regular,8,2025-10-18T23:00:00.000Z,2377,McNeese,Southland,fcs,27,2277,Houston Christian,Southland,fcs,0,ESPN Bet,-6.5,McNeese -6.5,,49.5,,,
401767474,2025,regular,11,2025-11-08T20:00:00.000Z,2277,Houston Christian,Southland,fcs,3,2617,Stephen F. Austin,Southland,fcs,50,ESPN Bet,24.5,Stephen F. Austin -24.5,,48.5,,,
401767354,2025,regular,9,2025-10-25T19:30:00.000Z,47,Howard,MEAC,fcs,33,2415,Morgan State,MEAC,fcs,27,ESPN Bet,1.0,Morgan State -1,,44.5,,,
401752882,2025,regular,9,2025-10-25T19:30:00.000Z,2294,Iowa,Big Ten,fbs,41,135,Minnesota,Big Ten,fbs,3,ESPN Bet,-7.5,Iowa -7.5,-8.5,39.5,38.5,-300.0,250.0
401754540,2025,regular,4,2025-09-21T02:30:00.000Z,21,San Diego State,Mountain West,fbs,34,25,California,ACC,fbs,0,ESPN Bet,13.5,California -13.5,13.5,45.5,48.5,425.0,-650.0
401767314,2025,regular,9,2025-10-25T19:30:00.000Z,2010,Alabama A&M,SWAC,fcs,13,2011,Alabama State,SWAC,fcs,56,ESPN Bet,14.0,Alabama State -14,,61.5,,,
401761618,2025,regular,6,2025-10-04T19:30:00.000Z,2247,Georgia State,Sun Belt,fbs,7,256,James Madison,Sun Belt,fbs,14,ESPN Bet,18.5,James Madison -18.5,19.5,52.5,53.5,900.0,-1800.0
401767301,2025,regular,8,2025-10-18T23:00:00.000Z,2627,Tarleton State,UAC,fcs,45,2698,West Georgia,UAC,fcs,10,ESPN Bet,-20.0,Tarleton State -20,,56.5,,,
401756946,2025,regular,11,2025-11-08T01:00:00.000Z,2116,UCF,Big 12,fbs,27,248,Houston,Big 12,fbs,30,ESPN Bet,-1.5,UCF -1.5,2.5,47.5,48.5,-115.0,-105.0
401767110,2025,regular,11,2025-11-08T20:00:00.000Z,147,Montana State,Big Sky,fcs,66,2692,Weber State,Big Sky,fcs,14,ESPN Bet,-28.5,Montana State -28.5,,57.5,,,
401762478,2025,regular,6,2025-10-05T00:00:00.000Z,235,Memphis,American Athletic,fbs,45,202,Tulsa,American Athletic,fbs,7,ESPN Bet,-21.5,Memphis -21.5,-21.5,52.5,55.5,-1800.0,900.0
401767092,2025,regular,8,2025-10-18T23:00:00.000Z,331,Eastern Washington,Big Sky,fcs,21,70,Idaho,Big Sky,fcs,14,ESPN Bet,7.5,Idaho -7.5,,59.5,,,
401767069,2025,regular,11,2025-11-08T20:00:00.000Z,149,Montana,Big Sky,fcs,29,331,Eastern Washington,Big Sky,fcs,24,ESPN Bet,-27.0,Montana -27,,62.5,,,
401767093,2025,regular,9,2025-10-25T20:00:00.000Z,70,Idaho,Big Sky,fcs,45,2502,Portland State,Big Sky,fcs,6,ESPN Bet,-21.5,Idaho -21.5,,55.5,,,
401752858,2025,regular,6,2025-10-04T19:30:00.000Z,77,Northwestern,Big Ten,fbs,42,2433,UL Monroe,Sun Belt,fbs,7,ESPN Bet,-13.5,Northwestern -13.5,-10.5,43.5,40.5,-550.0,380.0
401752861,2025,regular,6,2025-10-04T16:00:00.000Z,2509,Purdue,Big Ten,fbs,27,356,Illinois,Big Ten,fbs,43,ESPN Bet,7.5,Illinois -7.5,7.5,55.5,54.5,260.0,-320.0
401767280,2025,regular,8,2025-10-18T23:00:00.000Z,2453,North Alabama,UAC,fcs,35,2198,Eastern Kentucky,UAC,fcs,14,ESPN Bet,11.5,Eastern Kentucky -11.5,,51.5,,,
401754584,2025,regular,11,2025-11-08T17:00:00.000Z,103,Boston College,ACC,fbs,13,2567,SMU,ACC,fbs,45,ESPN Bet,10.5,SMU -10.5,12.5,54.5,51.5,320.0,-425.0
401767578,2025,regular,11,2025-11-08T19:30:00.000Z,2717,Western Carolina,Southern,fcs,47,2382,Mercer,Southern,fcs,49,ESPN Bet,8.0,Mercer -8,,65.5,,,
401757291,2025,regular,10,2025-10-30T00:00:00.000Z,2623,Missouri State,Conference USA,fbs,28,2229,Florida International,Conference USA,fbs,21,ESPN Bet,-3.5,Missouri State -3.5,-3.5,50.5,52.5,-155.0,135.0
401767450,2025,regular,9,2025-10-25T20:00:00.000Z,155,North Dakota,MVFC,fcs,46,282,Indiana State,MVFC,fcs,17,ESPN Bet,-30.0,North Dakota -30,,55.5,,,
401757290,2025,regular,10,2025-11-01T00:00:00.000Z,2348,Louisiana Tech,Conference USA,fbs,55,2534,Sam Houston,Conference USA,fbs,14,ESPN Bet,-16.5,Louisiana Tech -16.5,-16.5,48.5,49.5,-900.0,550.0
401767243,2025,regular,8,2025-10-19T00:30:00.000Z,253,Southern Utah,UAC,fcs,31,2000,Abilene Christian,UAC,fcs,24,ESPN Bet,3.0,Abilene Christian -3,,62.5,,,
401760397,2025,regular,9,2025-10-25T02:00:00.000Z,2440,Nevada,Mountain West,fbs,3,68,Boise State,Mountain West,fbs,24,ESPN Bet,20.5,Boise State -20.5,21.5,51.5,52.5,1000.0,-2000.0
401767456,2025,regular,9,2025-10-25T21:00:00.000Z,2582,Southern,SWAC,fcs,35,50,Florida A&M,SWAC,fcs,43,ESPN Bet,3.0,Florida A&M -3,,48.5,,,
401756947,2025,regular,11,2025-11-08T17:00:00.000Z,277,West Virginia,Big 12,fbs,29,38,Colorado,Big 12,fbs,22,ESPN Bet,-6.5,West Virginia -6.5,-5.5,51.5,53.5,-240.0,200.0
401767424,2025,regular,11,2025-11-08T20:00:00.000Z,2400,Mississippi Valley State,SWAC,fcs,3,2296,Jackson State,SWAC,fcs,42,ESPN Bet,27.5,Jackson State -27.5,,56.5,,,
401767085,2025,regular,9,2025-10-25T22:00:00.000Z,304,Idaho State,Big Sky,fcs,18,2464,Northern Arizona,Big Sky,fcs,31,ESPN Bet,3.0,Northern Arizona -3,,62.5,,,
401762503,2025,regular,11,2025-11-08T17:00:00.000Z,349,Army,American Athletic,fbs,14,218,Temple,American Athletic,fbs,13,ESPN Bet,-7.5,Army -7.5,-5.5,45.5,46.5,-260.0,215.0
401767386,2025,regular,11,2025-11-08T20:00:00.000Z,2029,Arkansas-Pine Bluff,SWAC,fcs,28,50,Florida A&M,SWAC,fcs,31,ESPN Bet,3.5,Florida A&M -3.5,,52.5,,,
401756910,2025,regular,6,2025-10-04T19:00:00.000Z,12,Arizona,Big 12,fbs,41,197,Oklahoma State,Big 12,fbs,13,ESPN Bet,-23.5,Arizona -23.5,-18.5,56.5,56.5,-1600.0,800.0
401767123,2025,regular,8,2025-10-19T01:00:00.000Z,16,Sacramento State,Big Sky,fcs,40,2458,Northern Colorado,Big Sky,fcs,35,ESPN Bet,-15.0,Sacramento State -15,,54.5,,,
401762495,2025,regular,9,2025-10-25T19:30:00.000Z,202,Tulsa,American Athletic,fbs,37,218,Temple,American Athletic,fbs,38,ESPN Bet,3.5,Temple -3.5,6.5,52.5,53.5,160.0,-190.0
401762873,2025,regular,6,2025-10-04T19:30:00.000Z,2459,Northern Illinois,Mid-American,fbs,14,193,Miami (OH),Mid-American,fbs,25,ESPN Bet,4.5,Miami (OH) -4.5,3.5,39.5,38.5,165.0,-195.0
401767419,2025,regular,9,2025-10-25T22:00:00.000Z,2755,Grambling,SWAC,fcs,26,2296,Jackson State,SWAC,fcs,24,ESPN Bet,21.0,Jackson State -21,,56.5,,,
401767356,2025,regular,11,2025-11-08T20:00:00.000Z,2010,Alabama A&M,SWAC,fcs,5,2504,Prairie View A&M,SWAC,fcs,48,ESPN Bet,3.5,Prairie View A&M -3.5,,52.5,,,
401767295,2025,regular,9,2025-10-26T00:00:00.000Z,3101,Utah Tech,UAC,fcs,7,253,Southern Utah,UAC,fcs,28,ESPN Bet,9.5,Southern Utah -9.5,,59.5,,,
401762477,2025,regular,6,2025-10-04T23:00:00.000Z,242,Rice,American Athletic,fbs,21,2226,Florida Atlantic,American Athletic,fbs,27,ESPN Bet,-4.5,Rice -4.5,-5.5,55.5,52.5,-195.0,165.0
401767562,2025,regular,11,2025-11-08T20:30:00.000Z,2535,Samford,Southern,fcs,14,2193,East Tennessee State,Southern,fcs,38,ESPN Bet,18.5,East Tennessee State -18.5,,56.5,,,
401752855,2025,regular,6,2025-10-04T19:30:00.000Z,26,UCLA,Big Ten,fbs,42,213,Penn State,Big Ten,fbs,37,ESPN Bet,24.5,Penn State -24.5,25.5,47.5,49.5,1500.0,-5000.0
401762492,2025,regular,9,2025-10-24T23:00:00.000Z,2429,Charlotte,American Athletic,fbs,20,249,North Texas,American Athletic,fbs,54,ESPN Bet,25.5,North Texas -25.5,26.5,60.5,58.5,,
401767463,2025,regular,9,2025-10-25T23:00:00.000Z,2837,East Texas A&M,Southland,fcs,21,2617,Stephen F. Austin,Southland,fcs,31,ESPN Bet,14.0,Stephen F. Austin -14,,59.5,,,
401762505,2025,regular,11,2025-11-08T20:00:00.000Z,2226,Florida Atlantic,American Athletic,fbs,40,202,Tulsa,American Athletic,fbs,21,ESPN Bet,-4.5,Florida Atlantic -4.5,-6.5,60.5,65.5,-170.0,145.0
401767392,2025,regular,11,2025-11-08T20:00:00.000Z,2755,Grambling,SWAC,fcs,31,2065,Bethune-Cookman,SWAC,fcs,23,ESPN Bet,-1.5,Grambling -1.5,,53.5,,,
401783279,2025,regular,11,2025-11-08T20:30:00.000Z,2441,New Haven,NEC,fcs,41,2771,Merrimack,FCS Independents,fcs,31,ESPN Bet,9.5,Merrimack -9.5,,44.5,,,
401754555,2025,regular,6,2025-10-04T19:30:00.000Z,2567,SMU,ACC,fbs,31,183,Syracuse,ACC,fbs,18,ESPN Bet,-17.5,SMU -17.5,-16.5,56.5,58.5,-900.0,550.0
401767512,2025,regular,9,2025-10-26T00:00:00.000Z,2571,South Dakota State,MVFC,fcs,7,2449,North Dakota State,MVFC,fcs,38,ESPN Bet,9.0,North Dakota State -9,,45.5,,,
401767075,2025,regular,9,2025-10-26T00:00:00.000Z,13,Cal Poly,Big Sky,fcs,17,147,Montana State,Big Sky,fcs,34,ESPN Bet,21.5,Montana State -21.5,,55.5,,,
401762504,2025,regular,11,2025-11-08T20:00:00.000Z,151,East Carolina,American Athletic,fbs,48,2429,Charlotte,American Athletic,fbs,22,ESPN Bet,-29.5,East Carolina -29.5,-26.5,56.5,55.5,-10000.0,2500.0
401756929,2025,regular,9,2025-10-26T00:00:00.000Z,9,Arizona State,Big 12,fbs,16,248,Houston,Big 12,fbs,24,ESPN Bet,-7.5,Arizona State -7.5,-8.5,47.5,47.5,-270.0,220.0
401752747,2025,regular,9,2025-10-25T23:45:00.000Z,96,Kentucky,SEC,fbs,34,2633,Tennessee,SEC,fbs,56,ESPN Bet,7.5,Tennessee -7.5,8.5,54.5,53.5,240.0,-290.0
401767478,2025,regular,9,2025-10-26T00:00:00.000Z,292,UT Rio Grande Valley,Southland,fcs,56,2916,Incarnate Word,Southland,fcs,28,ESPN Bet,4.5,Incarnate Word -4.5,,54.5,,,
401767487,2025,regular,11,2025-11-08T21:00:00.000Z,2320,Lamar,Southland,fcs,14,2545,SE Louisiana,Southland,fcs,12,ESPN Bet,8.0,SE Louisiana -8,,49.5,,,
401756911,2025,regular,6,2025-10-04T16:00:00.000Z,239,Baylor,Big 12,fbs,35,2306,Kansas State,Big 12,fbs,34,ESPN Bet,-4.5,Baylor -4.5,-5.5,60.5,,-185.0,155.0
401752767,2025,regular,12,2025-11-15T18:30:00.000Z,96,Kentucky,SEC,fbs,42,2635,Tennessee Tech,Big South-OVC,fcs,10,ESPN Bet,-22.5,Kentucky -22.5,-22.5,52.5,52.5,-2000.0,1000.0
401767670,2025,regular,12,2025-11-15T17:00:00.000Z,2083,Bucknell,Patriot,fcs,20,107,Holy Cross,Patriot,fcs,37,ESPN Bet,-2.5,Bucknell -2.5,,52.5,,,
401767488,2025,regular,12,2025-11-15T22:00:00.000Z,2617,Stephen F. Austin,Southland,fcs,26,2320,Lamar,Southland,fcs,15,ESPN Bet,-11.0,Stephen F. Austin -11,,45.5,,,
401767067,2025,regular,12,2025-11-15T21:00:00.000Z,331,Eastern Washington,Big Sky,fcs,27,2458,Northern Colorado,Big Sky,fcs,7,ESPN Bet,-3.5,Eastern Washington -3.5,,54.5,,,
401767760,2025,regular,12,2025-11-15T17:00:00.000Z,2598,Saint Francis,NEC,fcs,3,2341,Long Island University,NEC,fcs,10,ESPN Bet,14.0,Long Island University -14,,37.5,,,
401767414,2025,regular,12,2025-11-14T22:30:00.000Z,2428,North Carolina Central,MEAC,fcs,27,2569,South Carolina State,MEAC,fcs,34,ESPN Bet,-7.0,North Carolina Central -7,,57.5,,,
401754587,2025,regular,11,2025-11-08T20:30:00.000Z,2390,Miami,ACC,fbs,38,183,Syracuse,ACC,fbs,10,ESPN Bet,-28.5,Miami -28.5,-27.5,47.5,46.5,-10000.0,2500.0
401767542,2025,regular,11,2025-11-08T21:00:00.000Z,233,South Dakota,MVFC,fcs,24,2571,South Dakota State,MVFC,fcs,17,ESPN Bet,7.5,South Dakota State -7.5,,46.5,,,
401762476,2025,regular,6,2025-10-04T16:00:00.000Z,5,UAB,American Athletic,fbs,13,349,Army,American Athletic,fbs,31,ESPN Bet,6.5,Army -6.5,7.5,55.5,58.5,200.0,-240.0
401757285,2025,regular,9,2025-10-21T23:00:00.000Z,2229,Florida International,Conference USA,fbs,26,338,Kennesaw State,Conference USA,fbs,45,ESPN Bet,2.5,Kennesaw State -2.5,1.5,49.5,48.5,125.0,-145.0
401752781,2025,regular,13,2025-11-22T17:00:00.000Z,245,Texas A&M,SEC,fbs,48,2535,Samford,Southern,fcs,0,ESPN Bet,-53.5,Texas A&M -53.5,,58.5,59.5,,
401754598,2025,regular,13,2025-11-22T01:00:00.000Z,152,NC State,ACC,fbs,21,52,Florida State,ACC,fbs,11,ESPN Bet,6.5,Florida State -6.5,4.5,59.5,61.5,210.0,-250.0
401760418,2025,regular,13,2025-11-22T03:30:00.000Z,2439,UNLV,Mountain West,fbs,38,62,Hawai'i,Mountain West,fbs,10,ESPN Bet,-2.5,UNLV -2.5,-3.5,64.5,64.5,-135.0,115.0
401757286,2025,regular,9,2025-10-21T23:30:00.000Z,2348,Louisiana Tech,Conference USA,fbs,27,98,Western Kentucky,Conference USA,fbs,28,ESPN Bet,-4.5,Louisiana Tech -4.5,-2.5,48.5,50.5,-225.0,190.0
401767289,2025,regular,11,2025-11-08T21:00:00.000Z,2453,North Alabama,UAC,fcs,17,2698,West Georgia,UAC,fcs,24,ESPN Bet,9.5,West Georgia -9.5,,57.5,,,
401752729,2025,regular,6,2025-10-04T20:00:00.000Z,201,Oklahoma,SEC,fbs,44,2309,Kent State,Mid-American,fbs,0,ESPN Bet,-46.5,Oklahoma -46.5,-45.5,53.5,53.5,,
401752773,2025,regular,13,2025-11-22T19:00:00.000Z,333,Alabama,SEC,fbs,56,2197,Eastern Illinois,Big South-OVC,fcs,0,ESPN Bet,-54.5,Alabama -54.5,-50.5,59.5,57.5,,
401767619,2025,regular,12,2025-11-15T17:00:00.000Z,2168,Dayton,Pioneer,fcs,6,2181,Drake,Pioneer,fcs,14,ESPN Bet,3.5,Drake -3.5,,43.5,,,
401767078,2025,regular,12,2025-11-15T21:00:00.000Z,2464,Northern Arizona,Big Sky,fcs,35,13,Cal Poly,Big Sky,fcs,27,ESPN Bet,-11.5,Northern Arizona -11.5,,57.5,,,
401767103,2025,regular,12,2025-11-15T22:00:00.000Z,2502,Portland State,Big Sky,fcs,17,149,Montana,Big Sky,fcs,63,ESPN Bet,30.5,Montana -30.5,,60.5,,,
401752774,2025,regular,13,2025-11-22T19:00:00.000Z,2,Auburn,SEC,fbs,62,2382,Mercer,Southern,fcs,17,ESPN Bet,-26.5,Auburn -26.5,-27.5,49.5,50.5,-5000.0,1500.0
401767366,2025,regular,12,2025-11-15T22:00:00.000Z,2400,Mississippi Valley State,SWAC,fcs,3,2011,Alabama State,SWAC,fcs,41,ESPN Bet,29.5,Alabama State -29.5,,54.5,,,
401767767,2025,regular,12,2025-11-15T17:00:00.000Z,2385,Mercyhurst,NEC,fcs,27,2523,Robert Morris,NEC,fcs,13,ESPN Bet,-4.5,Mercyhurst -4.5,,37.5,,,
401757171,2025,regular,6,2025-10-04T19:30:00.000Z,41,UConn,FBS Independents,fbs,51,2229,Florida International,Conference USA,fbs,10,ESPN Bet,-6.5,UConn -6.5,-7.5,51.5,54.5,-270.0,220.0
401767376,2025,regular,11,2025-11-08T21:00:00.000Z,2016,Alcorn State,SWAC,fcs,35,2582,Southern,SWAC,fcs,17,ESPN Bet,-11.0,Alcorn State -11,,47.5,,,
401752913,2025,regular,13,2025-11-22T20:30:00.000Z,2294,Iowa,Big Ten,fbs,20,127,Michigan State,Big Ten,fbs,17,ESPN Bet,-17.5,Iowa -17.5,-16.5,43.5,42.5,-1200.0,700.0
401754606,2025,regular,13,2025-11-22T17:00:00.000Z,154,Wake Forest,ACC,fbs,52,48,Delaware,Conference USA,fbs,14,ESPN Bet,-17.5,Wake Forest -17.5,-18.5,48.5,53.5,-1400.0,750.0
401756957,2025,regular,13,2025-11-22T21:00:00.000Z,248,Houston,Big 12,fbs,14,2628,TCU,Big 12,fbs,17,ESPN Bet,1.5,TCU -1.5,-2.5,55.5,54.5,-110.0,-120.0
401767775,2025,regular,12,2025-11-15T17:00:00.000Z,2681,Wagner,NEC,fcs,20,284,Stonehill,NEC,fcs,14,ESPN Bet,-1.0,Wagner -1,,38.5,,,
401767466,2025,regular,12,2025-11-15T22:00:00.000Z,2837,East Texas A&M,Southland,fcs,37,2277,Houston Christian,Southland,fcs,32,ESPN Bet,-9.5,East Texas A&M -9.5,,51.5,,,
401767254,2025,regular,11,2025-11-08T21:00:00.000Z,2046,Austin Peay,UAC,fcs,41,2110,Central Arkansas,UAC,fcs,38,ESPN Bet,-13.5,Austin Peay -13.5,,55.5,,,
401760385,2025,regular,6,2025-10-04T23:00:00.000Z,2751,Wyoming,Mountain West,fbs,17,2439,UNLV,Mountain West,fbs,31,ESPN Bet,4.5,UNLV -4.5,5.5,53.5,52.5,165.0,-195.0
401754605,2025,regular,13,2025-11-22T21:30:00.000Z,228,Clemson,ACC,fbs,45,231,Furman,Southern,fcs,10,ESPN Bet,-43.5,Clemson -43.5,-41.5,55.5,55.5,,
401761620,2025,regular,6,2025-10-04T20:00:00.000Z,2032,Arkansas State,Sun Belt,fbs,31,326,Texas State,Sun Belt,fbs,30,ESPN Bet,14.5,Texas State -14.5,12.5,63.5,64.5,425.0,-650.0
401761646,2025,regular,11,2025-11-08T17:00:00.000Z,276,Marshall,Sun Belt,fbs,23,256,James Madison,Sun Belt,fbs,35,ESPN Bet,13.5,James Madison -13.5,12.5,52.5,54.5,425.0,-650.0
401767129,2025,regular,11,2025-11-08T22:00:00.000Z,2502,Portland State,Big Sky,fcs,24,16,Sacramento State,Big Sky,fcs,52,ESPN Bet,20.5,Sacramento State -20.5,,59.5,,,
401788998,2025,regular,12,2025-11-15T17:00:00.000Z,163,Princeton,Ivy,fcs,10,43,Yale,Ivy,fcs,13,ESPN Bet,8.5,Yale -8.5,,51.5,,,
401767087,2025,regular,12,2025-11-15T23:00:00.000Z,304,Idaho State,Big Sky,fcs,31,2692,Weber State,Big Sky,fcs,3,ESPN Bet,-13.5,Idaho State -13.5,,59.5,,,
401761645,2025,regular,11,2025-11-08T21:00:00.000Z,324,Coastal Carolina,Sun Belt,fbs,40,2247,Georgia State,Sun Belt,fbs,27,ESPN Bet,-7.5,Coastal Carolina -7.5,-7.5,56.5,56.5,-275.0,225.0
401767465,2025,regular,11,2025-11-08T22:00:00.000Z,2837,East Texas A&M,Southland,fcs,20,2377,McNeese,Southland,fcs,35,ESPN Bet,-2.5,East Texas A&M -2.5,,53.5,,,
401760383,2025,regular,6,2025-10-05T02:30:00.000Z,278,Fresno State,Mountain West,fbs,20,2440,Nevada,Mountain West,fbs,17,ESPN Bet,-13.5,Fresno State -13.5,-13.5,46.5,44.5,-600.0,400.0
401767290,2025,regular,12,2025-11-16T00:00:00.000Z,2627,Tarleton State,UAC,fcs,61,2453,North Alabama,UAC,fcs,0,ESPN Bet,-33.5,Tarleton State -33.5,,61.5,,,
401767677,2025,regular,12,2025-11-15T17:00:00.000Z,171,Columbia,Ivy,fcs,29,225,Brown,Ivy,fcs,32,ESPN Bet,2.5,Brown -2.5,,47.5,,,
401756959,2025,regular,13,2025-11-22T21:00:00.000Z,2116,UCF,Big 12,fbs,17,197,Oklahoma State,Big 12,fbs,14,ESPN Bet,-12.5,UCF -12.5,-13.5,47.5,47.5,-650.0,425.0
401761656,2025,regular,13,2025-11-22T19:30:00.000Z,2026,App State,Sun Belt,fbs,26,276,Marshall,Sun Belt,fbs,24,ESPN Bet,3.5,Marshall -3.5,4.5,57.5,54.5,155.0,-185.0
401754604,2025,regular,13,2025-11-22T20:30:00.000Z,87,Notre Dame,FBS Independents,fbs,70,183,Syracuse,ACC,fbs,7,ESPN Bet,-36.5,Notre Dame -36.5,-35.5,50.5,51.5,-100000.0,
401752914,2025,regular,13,2025-11-22T21:00:00.000Z,120,Maryland,Big Ten,fbs,20,130,Michigan,Big Ten,fbs,45,ESPN Bet,13.5,Michigan -13.5,13.5,46.5,45.5,475.0,-750.0
401767296,2025,regular,12,2025-11-16T01:30:00.000Z,253,Southern Utah,UAC,fcs,28,2110,Central Arkansas,UAC,fcs,21,ESPN Bet,-12.5,Southern Utah -12.5,,63.5,,,
401767138,2025,regular,12,2025-11-15T17:00:00.000Z,2803,Bryant,CAA,fcs,14,160,New Hampshire,CAA,fcs,42,ESPN Bet,11.0,New Hampshire -11,,46.5,,,
401762512,2025,regular,13,2025-11-22T17:00:00.000Z,349,Army,American Athletic,fbs,25,202,Tulsa,American Athletic,fbs,26,ESPN Bet,-9.5,Army -9.5,-10.5,43.5,46.5,-400.0,300.0
401754601,2025,regular,13,2025-11-23T00:00:00.000Z,59,Georgia Tech,ACC,fbs,28,221,Pittsburgh,ACC,fbs,42,ESPN Bet,-2.5,Georgia Tech -2.5,-2.5,61.5,61.5,-140.0,120.0
401752908,2025,regular,13,2025-11-23T00:00:00.000Z,213,Penn State,Big Ten,fbs,37,158,Nebraska,Big Ten,fbs,10,ESPN Bet,-7.5,Penn State -7.5,-9.5,45.5,44.5,-260.0,215.0
401762479,2025,regular,6,2025-10-04T17:00:00.000Z,218,Temple,American Athletic,fbs,27,2636,UTSA,American Athletic,fbs,21,ESPN Bet,6.5,UTSA -6.5,6.5,57.5,58.5,210.0,-250.0
401767517,2025,regular,8,2025-10-18T23:00:00.000Z,2617,Stephen F. Austin,Southland,fcs,34,2447,Nicholls,Southland,fcs,7,ESPN Bet,-13.5,Stephen F. Austin -13.5,,47.5,,,
401767501,2025,regular,12,2025-11-15T17:00:00.000Z,93,Murray State,MVFC,fcs,17,155,North Dakota,MVFC,fcs,35,ESPN Bet,34.0,North Dakota -34,,55.5,,,
401756915,2025,regular,6,2025-10-04T23:30:00.000Z,2116,UCF,Big 12,fbs,20,2305,Kansas,Big 12,fbs,27,ESPN Bet,3.5,Kansas -3.5,3.5,52.5,55.5,155.0,-185.0
401767096,2025,regular,12,2025-11-16T02:00:00.000Z,16,Sacramento State,Big Sky,fcs,23,70,Idaho,Big Sky,fcs,20,ESPN Bet,-7.0,Sacramento State -7,,59.5,,,
401767610,2025,regular,12,2025-11-15T17:00:00.000Z,2368,Marist,Pioneer,fcs,37,2166,Davidson,Pioneer,fcs,10,ESPN Bet,-14.0,Marist -14,,55.5,,,
401762867,2025,regular,13,2025-11-22T19:00:00.000Z,2649,Toledo,Mid-American,fbs,38,2050,Ball State,Mid-American,fbs,9,ESPN Bet,-28.5,Toledo -28.5,-26.5,45.5,47.5,-6000.0,1800.0
401757175,2025,regular,13,2025-11-22T20:00:00.000Z,2226,Florida Atlantic,American Athletic,fbs,45,41,UConn,FBS Independents,fbs,48,ESPN Bet,5.5,UConn -5.5,7.5,64.5,67.5,175.0,-210.0
401767263,2025,regular,12,2025-11-15T17:00:00.000Z,2448,North Carolina A&T,CAA,fcs,19,2405,Monmouth,CAA,fcs,63,ESPN Bet,21.5,Monmouth -21.5,,58.5,,,
401752776,2025,regular,13,2025-11-22T17:45:00.000Z,61,Georgia,SEC,fbs,35,2429,Charlotte,American Athletic,fbs,3,ESPN Bet,-42.5,Georgia -42.5,-44.5,53.5,55.5,,
401762515,2025,regular,13,2025-11-22T20:45:00.000Z,218,Temple,American Athletic,fbs,13,2655,Tulane,American Athletic,fbs,37,ESPN Bet,7.5,Tulane -7.5,8.5,54.5,54.5,250.0,-300.0
401754599,2025,regular,13,2025-11-23T00:30:00.000Z,24,Stanford,ACC,fbs,31,25,California,ACC,fbs,10,ESPN Bet,4.5,California -4.5,2.5,47.5,50.5,155.0,-185.0
401754585,2025,regular,11,2025-11-09T00:00:00.000Z,97,Louisville,ACC,fbs,26,25,California,ACC,fbs,29,ESPN Bet,-18.5,Louisville -18.5,-18.5,49.5,49.5,-1200.0,700.0
401767452,2025,regular,12,2025-11-15T17:00:00.000Z,2754,Youngstown State,MVFC,fcs,48,282,Indiana State,MVFC,fcs,29,ESPN Bet,-20.5,Youngstown State -20.5,,61.5,,,
401752909,2025,regular,13,2025-11-22T17:00:00.000Z,77,Northwestern,Big Ten,fbs,38,135,Minnesota,Big Ten,fbs,35,ESPN Bet,-4.5,Northwestern -4.5,-3.5,41.5,41.5,-195.0,165.0
401752782,2025,regular,13,2025-11-22T20:30:00.000Z,238,Vanderbilt,SEC,fbs,45,96,Kentucky,SEC,fbs,17,ESPN Bet,-6.5,Vanderbilt -6.5,-10.5,53.5,52.5,-260.0,215.0
401754588,2025,regular,11,2025-11-08T21:30:00.000Z,153,North Carolina,ACC,fbs,20,24,Stanford,ACC,fbs,15,ESPN Bet,-8.5,North Carolina -8.5,-8.5,41.5,42.5,-320.0,260.0
401767402,2025,regular,12,2025-11-15T17:00:00.000Z,2450,Norfolk State,MEAC,fcs,28,2415,Morgan State,MEAC,fcs,35,ESPN Bet,5.5,Morgan State -5.5,,50.5,,,
401762864,2025,regular,13,2025-11-19T00:00:00.000Z,2459,Northern Illinois,Mid-American,fbs,19,2711,Western Michigan,Mid-American,fbs,35,ESPN Bet,6.5,Western Michigan -6.5,6.5,38.5,38.5,230.0,-280.0
401762862,2025,regular,13,2025-11-19T00:00:00.000Z,189,Bowling Green,Mid-American,fbs,16,2006,Akron,Mid-American,fbs,19,ESPN Bet,-2.5,Bowling Green -2.5,-4.5,47.5,47.5,-145.0,125.0
401762863,2025,regular,13,2025-11-19T00:00:00.000Z,195,Ohio,Mid-American,fbs,42,113,Massachusetts,Mid-American,fbs,14,ESPN Bet,-34.5,Ohio -34.5,-31.5,53.5,51.5,-100000.0,
401752779,2025,regular,13,2025-11-22T21:15:00.000Z,2579,South Carolina,SEC,fbs,51,324,Coastal Carolina,Sun Belt,fbs,7,ESPN Bet,-24.5,South Carolina -24.5,-23.5,50.5,53.5,-4000.0,1300.0
401752912,2025,regular,13,2025-11-22T17:00:00.000Z,194,Ohio State,Big Ten,fbs,42,164,Rutgers,Big Ten,fbs,9,ESPN Bet,-28.5,Ohio State -28.5,-33.5,54.5,55.5,-50000.0,3500.0
401761655,2025,regular,13,2025-11-21T00:30:00.000Z,2032,Arkansas State,Sun Belt,fbs,30,309,Louisiana,Sun Belt,fbs,34,ESPN Bet,-2.5,Arkansas State -2.5,-3.5,54.5,53.5,-130.0,110.0
401757306,2025,regular,13,2025-11-22T19:00:00.000Z,338,Kennesaw State,Conference USA,fbs,41,2623,Missouri State,Conference USA,fbs,34,ESPN Bet,-6.5,Kennesaw State -6.5,-6.5,54.5,58.5,-210.0,175.0
401757299,2025,regular,11,2025-11-08T18:00:00.000Z,2335,Liberty,Conference USA,fbs,17,2623,Missouri State,Conference USA,fbs,21,ESPN Bet,-7.5,Liberty -7.5,-7.5,51.5,50.5,-290.0,240.0
401767707,2025,regular,12,2025-11-15T17:00:00.000Z,108,Harvard,Ivy,fcs,45,219,Pennsylvania,Ivy,fcs,43,ESPN Bet,-23.0,Harvard -23,,51.5,,,
401762866,2025,regular,13,2025-11-20T00:00:00.000Z,2309,Kent State,Mid-American,fbs,16,2117,Central Michigan,Mid-American,fbs,28,ESPN Bet,7.5,Central Michigan -7.5,7.5,50.5,47.5,240.0,-290.0
401762865,2025,regular,13,2025-11-20T00:00:00.000Z,2084,Buffalo,Mid-American,fbs,20,193,Miami (OH),Mid-American,fbs,37,ESPN Bet,2.5,Miami (OH) -2.5,-2.5,38.5,39.5,110.0,-130.0
401754603,2025,regular,13,2025-11-22T17:00:00.000Z,259,Virginia Tech,ACC,fbs,17,2390,Miami,ACC,fbs,34,ESPN Bet,17.5,Miami -17.5,16.5,48.5,49.5,600.0,-1000.0
401761657,2025,regular,13,2025-11-22T18:00:00.000Z,290,Georgia Southern,Sun Belt,fbs,10,295,Old Dominion,Sun Belt,fbs,45,ESPN Bet,10.5,Old Dominion -10.5,9.5,62.5,63.5,300.0,-400.0
401762855,2025,regular,11,2025-11-08T18:00:00.000Z,2199,Eastern Michigan,Mid-American,fbs,27,189,Bowling Green,Mid-American,fbs,21,ESPN Bet,-3.5,Eastern Michigan -3.5,-2.5,49.5,51.5,-140.0,120.0
401767748,2025,regular,12,2025-11-15T17:00:00.000Z,2184,Duquesne,NEC,fcs,38,2115,Central Connecticut,NEC,fcs,33,ESPN Bet,1.5,Central Connecticut -1.5,,46.5,,,
401756954,2025,regular,13,2025-11-22T18:00:00.000Z,12,Arizona,Big 12,fbs,41,239,Baylor,Big 12,fbs,17,ESPN Bet,-6.5,Arizona -6.5,-6.5,60.5,62.5,-210.0,175.0
401762513,2025,regular,13,2025-11-22T20:30:00.000Z,2636,UTSA,American Athletic,fbs,58,151,East Carolina,American Athletic,fbs,24,ESPN Bet,2.5,East Carolina -2.5,3.5,61.5,61.5,-115.0,-105.0
401760419,2025,regular,13,2025-11-22T19:00:00.000Z,2751,Wyoming,Mountain West,fbs,7,2440,Nevada,Mountain West,fbs,13,ESPN Bet,-6.5,Wyoming -6.5,-6.5,40.5,41.5,-215.0,180.0
401754589,2025,regular,11,2025-11-09T00:00:00.000Z,258,Virginia,ACC,fbs,9,154,Wake Forest,ACC,fbs,16,ESPN Bet,-7.5,Virginia -7.5,-6.5,48.5,49.5,-260.0,215.0
401767111,2025,regular,12,2025-11-16T03:30:00.000Z,147,Montana State,Big Sky,fcs,38,302,UC Davis,Big Sky,fcs,17,ESPN Bet,-19.0,Montana State -19,,61.5,,,
401767563,2025,regular,12,2025-11-15T17:00:00.000Z,2717,Western Carolina,Southern,fcs,35,2193,East Tennessee State,Southern,fcs,52,ESPN Bet,-6.0,Western Carolina -6,,69.5,,,
401761658,2025,regular,13,2025-11-22T20:30:00.000Z,6,South Alabama,Sun Belt,fbs,42,2572,Southern Miss,Sun Belt,fbs,35,ESPN Bet,2.5,Southern Miss -2.5,2.5,53.5,56.5,-105.0,-120.0
401756955,2025,regular,13,2025-11-23T01:00:00.000Z,2132,Cincinnati,Big 12,fbs,14,252,BYU,Big 12,fbs,26,ESPN Bet,2.5,BYU -2.5,2.5,57.5,53.5,130.0,-150.0
401760420,2025,regular,13,2025-11-23T03:30:00.000Z,21,San Diego State,Mountain West,fbs,25,23,San José State,Mountain West,fbs,3,ESPN Bet,-9.5,San Diego State -9.5,-11.5,51.5,49.5,-400.0,300.0
401757307,2025,regular,13,2025-11-22T20:00:00.000Z,2348,Louisiana Tech,Conference USA,fbs,34,2335,Liberty,Conference USA,fbs,28,ESPN Bet,1.5,Liberty -1.5,-1.5,45.5,45.5,-105.0,-120.0
401752894,2025,regular,11,2025-11-08T19:30:00.000Z,164,Rutgers,Big Ten,fbs,35,120,Maryland,Big Ten,fbs,20,ESPN Bet,-1.5,Rutgers -1.5,-2.5,56.5,59.5,-120.0,110.0
401767663,2025,regular,12,2025-11-15T17:00:00.000Z,2529,Sacred Heart,FCS Independents,fcs,42,2771,Merrimack,FCS Independents,fcs,37,ESPN Bet,-6.5,Sacred Heart -6.5,,45.5,,,
401757308,2025,regular,13,2025-11-22T20:00:00.000Z,2393,Middle Tennessee,Conference USA,fbs,31,2534,Sam Houston,Conference USA,fbs,17,ESPN Bet,-6.5,Middle Tennessee -6.5,-6.5,53.5,53.5,-240.0,200.0
401752954,2025,regular,13,2025-11-22T18:00:00.000Z,256,James Madison,Sun Belt,fbs,24,265,Washington State,Pac-12,fbs,20,ESPN Bet,-15.5,James Madison -15.5,-13.5,45.5,41.5,-800.0,500.0
401767194,2025,regular,12,2025-11-15T18:00:00.000Z,311,Maine,CAA,fcs,13,227,Rhode Island,CAA,fcs,45,ESPN Bet,4.0,Rhode Island -4,,49.5,,,
401762511,2025,regular,13,2025-11-22T20:00:00.000Z,5,UAB,American Athletic,fbs,18,58,South Florida,American Athletic,fbs,48,ESPN Bet,22.5,South Florida -22.5,21.5,68.5,69.5,1200.0,-3000.0
401752777,2025,regular,13,2025-11-23T00:45:00.000Z,99,LSU,SEC,fbs,13,98,Western Kentucky,Conference USA,fbs,10,ESPN Bet,-25.5,LSU -25.5,-22.5,53.5,51.5,-5000.0,1500.0
401762502,2025,regular,11,2025-11-08T19:00:00.000Z,242,Rice,American Athletic,fbs,24,5,UAB,American Athletic,fbs,17,ESPN Bet,-1.5,Rice -1.5,-3.5,51.5,54.5,-110.0,-110.0
401767187,2025,regular,12,2025-11-15T18:00:00.000Z,2261,Hampton,CAA,fcs,14,2729,William & Mary,CAA,fcs,55,ESPN Bet,18.5,William & Mary -18.5,,53.5,,,
401767695,2025,regular,12,2025-11-15T18:00:00.000Z,159,Dartmouth,Ivy,fcs,24,172,Cornell,Ivy,fcs,14,ESPN Bet,-10.0,Dartmouth -10,,47.5,,,
401761648,2025,regular,11,2025-11-08T22:00:00.000Z,309,Louisiana,Sun Belt,fbs,42,326,Texas State,Sun Belt,fbs,39,ESPN Bet,3.5,Texas State -3.5,2.5,63.5,64.5,135.0,-155.0
401752780,2025,regular,13,2025-11-22T20:30:00.000Z,251,Texas,SEC,fbs,52,8,Arkansas,SEC,fbs,37,ESPN Bet,-10.5,Texas -10.5,-10.5,57.5,56.5,-320.0,260.0
401767326,2025,regular,12,2025-11-15T18:00:00.000Z,222,Villanova,CAA,fcs,30,2619,Stony Brook,CAA,fcs,27,ESPN Bet,-10.5,Villanova -10.5,,51.5,,,
401762514,2025,regular,13,2025-11-23T00:30:00.000Z,242,Rice,American Athletic,fbs,24,249,North Texas,American Athletic,fbs,56,ESPN Bet,18.5,North Texas -18.5,17.5,56.5,55.5,750.0,-1400.0
401757309,2025,regular,13,2025-11-22T20:00:00.000Z,2638,UTEP,Conference USA,fbs,31,166,New Mexico State,Conference USA,fbs,34,ESPN Bet,-4.5,UTEP -4.5,-3.5,45.5,45.5,-190.0,160.0
401752899,2025,regular,11,2025-11-08T21:30:00.000Z,275,Wisconsin,Big Ten,fbs,13,264,Washington,Big Ten,fbs,10,ESPN Bet,10.5,Washington -10.5,11.5,44.5,45.5,360.0,-500.0
401767571,2025,regular,12,2025-11-15T18:00:00.000Z,231,Furman,Southern,fcs,32,2678,VMI,Southern,fcs,14,ESPN Bet,-20.5,Furman -20.5,,51.5,,,
401756943,2025,regular,11,2025-11-08T20:30:00.000Z,12,Arizona,Big 12,fbs,24,2305,Kansas,Big 12,fbs,20,ESPN Bet,-6.5,Arizona -6.5,-5.5,56.5,56.5,-225.0,190.0
401767654,2025,regular,12,2025-11-15T18:00:00.000Z,2674,Valparaiso,Pioneer,fcs,32,56,Stetson,Pioneer,fcs,31,ESPN Bet,-2.5,Valparaiso -2.5,,48.5,,,
401761659,2025,regular,13,2025-11-22T22:00:00.000Z,326,Texas State,Sun Belt,fbs,31,2433,UL Monroe,Sun Belt,fbs,14,ESPN Bet,-20.5,Texas State -20.5,-18.5,60.5,55.5,-1400.0,750.0
401760407,2025,regular,11,2025-11-09T02:30:00.000Z,36,Colorado State,Mountain West,fbs,10,2439,UNLV,Mountain West,fbs,42,ESPN Bet,4.5,UNLV -4.5,5.5,61.5,61.5,170.0,-200.0
401767717,2025,regular,12,2025-11-15T18:00:00.000Z,46,Georgetown,Patriot,fcs,14,2230,Fordham,Patriot,fcs,0,ESPN Bet,-5.5,Georgetown -5.5,,49.5,,,
401767393,2025,regular,12,2025-11-15T18:00:00.000Z,2296,Jackson State,SWAC,fcs,28,2065,Bethune-Cookman,SWAC,fcs,13,ESPN Bet,-23.5,Jackson State -23.5,,59.5,,,
401756958,2025,regular,13,2025-11-22T17:00:00.000Z,66,Iowa State,Big 12,fbs,38,2305,Kansas,Big 12,fbs,14,ESPN Bet,-3.5,Iowa State -3.5,-3.5,55.5,54.5,-165.0,140.0
401757296,2025,regular,11,2025-11-08T20:00:00.000Z,2393,Middle Tennessee,Conference USA,fbs,30,2229,Florida International,Conference USA,fbs,56,ESPN Bet,-1.5,Middle Tennessee -1.5,1.5,50.5,51.5,-110.0,-110.0
401754602,2025,regular,13,2025-11-22T17:00:00.000Z,2567,SMU,ACC,fbs,38,97,Louisville,ACC,fbs,6,ESPN Bet,-3.5,SMU -3.5,-3.5,50.5,53.5,-165.0,140.0
401767348,2025,regular,12,2025-11-15T18:00:00.000Z,2169,Delaware State,MEAC,fcs,26,47,Howard,MEAC,fcs,13,ESPN Bet,-13.5,Delaware State -13.5,,50.5,,,
401757297,2025,regular,11,2025-11-08T20:00:00.000Z,2638,UTEP,Conference USA,fbs,27,55,Jacksonville State,Conference USA,fbs,30,ESPN Bet,1.5,Jacksonville State -1.5,2.5,46.5,49.5,105.0,-125.0
401760406,2025,regular,11,2025-11-08T23:00:00.000Z,23,San José State,Mountain West,fbs,16,2005,Air Force,Mountain West,fbs,26,ESPN Bet,-6.5,San José State -6.5,-3.5,68.5,66.5,-225.0,190.0
401767331,2025,regular,12,2025-11-15T18:00:00.000Z,399,UAlbany,CAA,fcs,19,119,Towson,CAA,fcs,36,ESPN Bet,13.5,Towson -13.5,,47.5,,,
401752915,2025,regular,13,2025-11-23T00:30:00.000Z,275,Wisconsin,Big Ten,fbs,27,356,Illinois,Big Ten,fbs,10,ESPN Bet,8.5,Illinois -8.5,9.5,41.5,42.5,280.0,-360.0
401767761,2025,regular,13,2025-11-22T17:00:00.000Z,2341,Long Island University,NEC,fcs,24,2681,Wagner,NEC,fcs,17,ESPN Bet,-10.0,Long Island University -10,,36.5,,,
401761647,2025,regular,11,2025-11-08T17:00:00.000Z,2032,Arkansas State,Sun Belt,fbs,21,2572,Southern Miss,Sun Belt,fbs,27,ESPN Bet,6.5,Southern Miss -6.5,5.5,54.5,59.5,200.0,-240.0
401767543,2025,regular,12,2025-11-15T18:00:00.000Z,79,Southern Illinois,MVFC,fcs,51,233,South Dakota,MVFC,fcs,53,ESPN Bet,-4.5,Southern Illinois -4.5,,50.5,,,
401760415,2025,regular,13,2025-11-23T00:00:00.000Z,2005,Air Force,Mountain West,fbs,3,167,New Mexico,Mountain West,fbs,20,ESPN Bet,3.5,New Mexico -3.5,2.5,53.5,58.5,135.0,-155.0
401767749,2025,regular,13,2025-11-22T17:00:00.000Z,2115,Central Connecticut,NEC,fcs,35,2385,Mercyhurst,NEC,fcs,28,ESPN Bet,-10.5,Central Connecticut -10.5,,47.5,,,
401754590,2025,regular,11,2025-11-08T20:30:00.000Z,41,UConn,FBS Independents,fbs,37,150,Duke,ACC,fbs,34,ESPN Bet,7.5,Duke -7.5,8.5,62.5,66.5,250.0,-300.0
401767737,2025,regular,12,2025-11-15T18:00:00.000Z,2142,Colgate,Patriot,fcs,7,2329,Lehigh,Patriot,fcs,27,ESPN Bet,18.5,Lehigh -18.5,,54.5,,,
401760417,2025,regular,13,2025-11-23T03:30:00.000Z,278,Fresno State,Mountain West,fbs,17,328,Utah State,Mountain West,fbs,28,ESPN Bet,-1.5,Fresno State -1.5,-2.5,50.5,51.5,-125.0,105.0
401760409,2025,regular,11,2025-11-09T00:30:00.000Z,328,Utah State,Mountain West,fbs,51,2440,Nevada,Mountain West,fbs,14,ESPN Bet,-9.5,Utah State -9.5,-11.5,52.5,53.5,-380.0,290.0
401767169,2025,regular,12,2025-11-15T19:00:00.000Z,2630,UT Martin,Big South-OVC,fcs,17,2127,Charleston Southern,Big South-OVC,fcs,14,ESPN Bet,-10.0,UT Martin -10,,45.5,,,
401757305,2025,regular,13,2025-11-22T20:30:00.000Z,2229,Florida International,Conference USA,fbs,27,55,Jacksonville State,Conference USA,fbs,21,ESPN Bet,-2.5,Florida International -2.5,-1.5,56.5,55.5,-135.0,115.0
401767139,2025,regular,13,2025-11-22T17:00:00.000Z,2619,Stony Brook,CAA,fcs,35,2803,Bryant,CAA,fcs,28,ESPN Bet,-18.5,Stony Brook -18.5,,52.5,,,
401757298,2025,regular,11,2025-11-08T21:00:00.000Z,166,New Mexico State,Conference USA,fbs,21,338,Kennesaw State,Conference USA,fbs,24,ESPN Bet,11.5,Kennesaw State -11.5,7.5,52.5,53.5,340.0,-450.0
401767643,2025,regular,12,2025-11-15T19:00:00.000Z,2900,St. Thomas (MN),Pioneer,fcs,9,2506,Presbyterian,Pioneer,fcs,23,ESPN Bet,-5.5,St. Thomas (MN) -5.5,,47.5,,,
401761660,2025,regular,13,2025-11-22T21:00:00.000Z,2653,Troy,Sun Belt,fbs,31,2247,Georgia State,Sun Belt,fbs,19,ESPN Bet,-10.5,Troy -10.5,-11.5,51.5,51.5,-380.0,290.0
401767678,2025,regular,13,2025-11-22T17:00:00.000Z,225,Brown,Ivy,fcs,35,159,Dartmouth,Ivy,fcs,28,ESPN Bet,8.0,Dartmouth -8,,51.5,,,
401752944,2025,regular,11,2025-11-09T03:00:00.000Z,204,Oregon State,Pac-12,fbs,17,2534,Sam Houston,Conference USA,fbs,21,ESPN Bet,-21.5,Oregon State -21.5,-18.5,52.5,51.5,-2500.0,1100.0
401767147,2025,regular,12,2025-11-15T19:00:00.000Z,2097,Campbell,CAA,fcs,24,2210,Elon,CAA,fcs,31,ESPN Bet,4.0,Elon -4,,52.5,,,
401767255,2025,regular,12,2025-11-15T19:00:00.000Z,2046,Austin Peay,UAC,fcs,30,2535,Samford,Southern,fcs,16,ESPN Bet,-25.5,Austin Peay -25.5,,55.5,,,
401767264,2025,regular,13,2025-11-22T17:00:00.000Z,2405,Monmouth,CAA,fcs,24,399,UAlbany,CAA,fcs,31,ESPN Bet,-29.5,Monmouth -29.5,,62.5,,,
401760416,2025,regular,13,2025-11-23T00:00:00.000Z,68,Boise State,Mountain West,fbs,49,36,Colorado State,Mountain West,fbs,21,ESPN Bet,-17.5,Boise State -17.5,-16.5,46.5,45.5,-1000.0,600.0
401767303,2025,regular,12,2025-11-15T19:00:00.000Z,2698,West Georgia,UAC,fcs,23,3101,Utah Tech,UAC,fcs,0,ESPN Bet,-15.0,West Georgia -15,,48.5,,,
401767586,2025,regular,12,2025-11-15T19:00:00.000Z,2643,The Citadel,Southern,fcs,14,2747,Wofford,Southern,fcs,16,ESPN Bet,3.5,Wofford -3.5,,43.5,,,
401767740,2025,regular,12,2025-11-15T19:00:00.000Z,257,Richmond,Patriot,fcs,28,322,Lafayette,Patriot,fcs,35,ESPN Bet,3.5,Lafayette -3.5,,49.5,,,
401767222,2025,regular,12,2025-11-15T19:00:00.000Z,2710,Western Illinois,Big South-OVC,fcs,17,2546,Southeast Missouri State,Big South-OVC,fcs,22,ESPN Bet,8.0,Southeast Missouri State -8,,57.5,,,
401767207,2025,regular,12,2025-11-15T19:30:00.000Z,2634,Tennessee State,Big South-OVC,fcs,14,2241,Gardner-Webb,Big South-OVC,fcs,30,ESPN Bet,15.0,Gardner-Webb -15,,50.5,,,
401767591,2025,regular,13,2025-11-22T17:00:00.000Z,2678,VMI,Southern,fcs,6,2717,Western Carolina,Southern,fcs,48,ESPN Bet,25.5,Western Carolina -25.5,,63.5,,,
401767708,2025,regular,13,2025-11-22T17:00:00.000Z,43,Yale,Ivy,fcs,45,108,Harvard,Ivy,fcs,28,ESPN Bet,6.5,Harvard -6.5,,50.5,,,
401767246,2025,regular,12,2025-11-15T20:00:00.000Z,2198,Eastern Kentucky,UAC,fcs,10,2000,Abilene Christian,UAC,fcs,17,ESPN Bet,9.0,Abilene Christian -9,,48.5,,,
401767481,2025,regular,12,2025-11-15T20:00:00.000Z,2916,Incarnate Word,Southland,fcs,7,2545,SE Louisiana,Southland,fcs,10,ESPN Bet,5.5,SE Louisiana -5.5,,54.5,,,
401767200,2025,regular,12,2025-11-15T20:00:00.000Z,2815,Lindenwood,Big South-OVC,fcs,42,2197,Eastern Illinois,Big South-OVC,fcs,12,ESPN Bet,-5.5,Lindenwood -5.5,,49.5,,,
401767403,2025,regular,13,2025-11-22T17:00:00.000Z,2415,Morgan State,MEAC,fcs,14,2428,North Carolina Central,MEAC,fcs,33,ESPN Bet,9.5,North Carolina Central -9.5,,54.5,,,
401767718,2025,regular,13,2025-11-22T17:00:00.000Z,2771,Merrimack,FCS Independents,fcs,27,2230,Fordham,Patriot,fcs,26,ESPN Bet,-5.5,Merrimack -5.5,,45.5,,,
401767387,2025,regular,12,2025-11-15T20:00:00.000Z,2504,Prairie View A&M,SWAC,fcs,56,2029,Arkansas-Pine Bluff,SWAC,fcs,9,ESPN Bet,-21.0,Prairie View A&M -21,,50.5,,,
401767556,2025,regular,12,2025-11-15T20:00:00.000Z,2382,Mercer,Southern,fcs,63,236,Chattanooga,Southern,fcs,17,ESPN Bet,-15.5,Mercer -15.5,,57.5,,,
401767457,2025,regular,12,2025-11-15T20:00:00.000Z,2582,Southern,SWAC,fcs,30,2640,Texas Southern,SWAC,fcs,35,ESPN Bet,6.5,Texas Southern -6.5,,52.5,,,
401767738,2025,regular,13,2025-11-22T17:30:00.000Z,322,Lafayette,Patriot,fcs,32,2329,Lehigh,Patriot,fcs,42,ESPN Bet,10.0,Lehigh -10,,52.5,,,
401767357,2025,regular,12,2025-11-15T20:00:00.000Z,2010,Alabama A&M,SWAC,fcs,23,50,Florida A&M,SWAC,fcs,26,ESPN Bet,2.5,Florida A&M -2.5,,54.5,,,
401767444,2025,regular,12,2025-11-15T20:00:00.000Z,2571,South Dakota State,MVFC,fcs,21,2287,Illinois State,MVFC,fcs,35,ESPN Bet,-3.5,South Dakota State -3.5,,50.5,,,
401767625,2025,regular,13,2025-11-22T18:00:00.000Z,2181,Drake,Pioneer,fcs,17,2413,Morehead State,Pioneer,fcs,10,ESPN Bet,-21.5,Drake -21.5,,49.5,,,
401767514,2025,regular,12,2025-11-15T20:30:00.000Z,2449,North Dakota State,MVFC,fcs,48,2460,Northern Iowa,MVFC,fcs,16,ESPN Bet,-34.0,North Dakota State -34,,47.5,,,
401767377,2025,regular,12,2025-11-15T20:00:00.000Z,2016,Alcorn State,SWAC,fcs,27,2755,Grambling,SWAC,fcs,16,ESPN Bet,1.5,Grambling -1.5,,45.5,,,
401767770,2025,regular,13,2025-11-22T18:00:00.000Z,284,Stonehill,NEC,fcs,20,2598,Saint Francis,NEC,fcs,10,ESPN Bet,-7.5,Stonehill -7.5,,37.5,,,
401767600,2025,regular,12,2025-11-15T21:00:00.000Z,301,San Diego,Pioneer,fcs,29,2086,Butler,Pioneer,fcs,7,ESPN Bet,-7.5,San Diego -7.5,,46.5,,,
401767519,2025,regular,12,2025-11-15T21:00:00.000Z,2447,Nicholls,Southland,fcs,26,2466,Northwestern State,Southland,fcs,21,ESPN Bet,-23.5,Nicholls -23.5,,45.5,,,
401767338,2025,regular,13,2025-11-22T18:00:00.000Z,222,Villanova,CAA,fcs,34,2529,Sacred Heart,FCS Independents,fcs,10,ESPN Bet,-16.0,Villanova -16,,54.5,,,
401788996,2025,regular,13,2025-11-22T18:00:00.000Z,219,Pennsylvania,Ivy,fcs,17,163,Princeton,Ivy,fcs,6,ESPN Bet,-3.5,Pennsylvania -3.5,,50.5,,,
401767148,2025,regular,13,2025-11-22T18:00:00.000Z,119,Towson,CAA,fcs,35,2097,Campbell,CAA,fcs,31,ESPN Bet,-8.5,Towson -8.5,,54.5,,,
401767611,2025,regular,13,2025-11-22T18:00:00.000Z,2166,Davidson,Pioneer,fcs,14,2168,Dayton,Pioneer,fcs,42,ESPN Bet,17.5,Dayton -17.5,,51.5,,,
401767445,2025,regular,13,2025-11-22T18:00:00.000Z,2287,Illinois State,MVFC,fcs,7,79,Southern Illinois,MVFC,fcs,37,ESPN Bet,-4.5,Illinois State -4.5,,59.5,,,
401767671,2025,regular,13,2025-11-22T18:00:00.000Z,2142,Colgate,Patriot,fcs,38,2083,Bucknell,Patriot,fcs,19,ESPN Bet,-9.5,Colgate -9.5,,60.5,,,
401767647,2025,regular,13,2025-11-22T18:00:00.000Z,56,Stetson,Pioneer,fcs,8,301,San Diego,Pioneer,fcs,42,ESPN Bet,22.0,San Diego -22,,53.5,,,
401767696,2025,regular,13,2025-11-22T18:00:00.000Z,172,Cornell,Ivy,fcs,12,171,Columbia,Ivy,fcs,29,ESPN Bet,-9.5,Cornell -9.5,,43.5,,,
401767349,2025,regular,13,2025-11-22T18:00:00.000Z,2169,Delaware State,MEAC,fcs,17,2569,South Carolina State,MEAC,fcs,28,ESPN Bet,5.5,South Carolina State -5.5,,56.5,,,
401767195,2025,regular,13,2025-11-22T18:00:00.000Z,160,New Hampshire,CAA,fcs,33,311,Maine,CAA,fcs,27,ESPN Bet,-7.5,New Hampshire -7.5,,47.5,,,
401767188,2025,regular,13,2025-11-22T18:00:00.000Z,227,Rhode Island,CAA,fcs,38,2261,Hampton,CAA,fcs,10,ESPN Bet,-31.5,Rhode Island -31.5,,52.5,,,
401767520,2025,regular,13,2025-11-21T00:00:00.000Z,2545,SE Louisiana,Southland,fcs,38,2447,Nicholls,Southland,fcs,26,ESPN Bet,-17.5,SE Louisiana -17.5,,49.5,,,
401767234,2025,regular,13,2025-11-22T18:00:00.000Z,2635,Tennessee Tech,Big South-OVC,fcs,20,2630,UT Martin,Big South-OVC,fcs,17,ESPN Bet,-17.5,Tennessee Tech -17.5,,55.5,,,
401767601,2025,regular,13,2025-11-22T18:00:00.000Z,2086,Butler,Pioneer,fcs,27,2674,Valparaiso,Pioneer,fcs,20,ESPN Bet,-16.5,Butler -16.5,,48.5,,,
401767508,2025,regular,13,2025-11-22T19:00:00.000Z,155,North Dakota,MVFC,fcs,31,2571,South Dakota State,MVFC,fcs,34,ESPN Bet,-9.5,North Dakota -9.5,,48.5,,,
401767178,2025,regular,13,2025-11-22T19:00:00.000Z,2210,Elon,CAA,fcs,55,2448,North Carolina A&T,CAA,fcs,17,ESPN Bet,-21.0,Elon -21,,54.5,,,
401767522,2025,regular,13,2025-11-21T00:30:00.000Z,2466,Northwestern State,Southland,fcs,14,2617,Stephen F. Austin,Southland,fcs,62,ESPN Bet,37.5,Stephen F. Austin -37.5,,50.5,,,
401767453,2025,regular,13,2025-11-22T18:00:00.000Z,282,Indiana State,MVFC,fcs,17,93,Murray State,MVFC,fcs,31,ESPN Bet,-13.0,Indiana State -13,,58.5,,,
401767394,2025,regular,13,2025-11-22T20:30:00.000Z,50,Florida A&M,SWAC,fcs,34,2065,Bethune-Cookman,SWAC,fcs,38,ESPN Bet,-2.5,Florida A&M -2.5,,56.5,,,
401767633,2025,regular,13,2025-11-22T18:00:00.000Z,2506,Presbyterian,Pioneer,fcs,29,2368,Marist,Pioneer,fcs,25,ESPN Bet,-17.5,Presbyterian -17.5,,49.5,,,
401767564,2025,regular,13,2025-11-22T18:00:00.000Z,2193,East Tennessee State,Southern,fcs,28,2643,The Citadel,Southern,fcs,26,ESPN Bet,-11.5,East Tennessee State -11.5,,54.5,,,
401767557,2025,regular,13,2025-11-22T18:30:00.000Z,2747,Wofford,Southern,fcs,35,236,Chattanooga,Southern,fcs,13,ESPN Bet,-4.5,Wofford -4.5,,47.5,,,
401767340,2025,regular,13,2025-11-22T18:00:00.000Z,2729,William & Mary,CAA,fcs,21,257,Richmond,Patriot,fcs,28,ESPN Bet,-6.5,William & Mary -6.5,,49.5,,,
401767367,2025,regular,13,2025-11-22T18:00:00.000Z,2011,Alabama State,SWAC,fcs,44,2029,Arkansas-Pine Bluff,SWAC,fcs,13,ESPN Bet,-26.5,Alabama State -26.5,,59.5,,,
401767125,2025,regular,13,2025-11-22T19:00:00.000Z,2458,Northern Colorado,Big Sky,fcs,24,2502,Portland State,Big Sky,fcs,13,ESPN Bet,-10.5,Northern Colorado -10.5,,56.5,,,
401767208,2025,regular,13,2025-11-22T18:30:00.000Z,2241,Gardner-Webb,Big South-OVC,fcs,24,2710,Western Illinois,Big South-OVC,fcs,29,ESPN Bet,-13.5,Gardner-Webb -13.5,,59.5,,,
401767215,2025,regular,13,2025-11-22T19:00:00.000Z,2546,Southeast Missouri State,Big South-OVC,fcs,13,2815,Lindenwood,Big South-OVC,fcs,30,ESPN Bet,1.5,Lindenwood -1.5,,52.5,,,
401767104,2025,regular,13,2025-11-22T19:00:00.000Z,149,Montana,Big Sky,fcs,28,147,Montana State,Big Sky,fcs,31,ESPN Bet,4.5,Montana State -4.5,,59.5,,,
401767170,2025,regular,13,2025-11-22T19:00:00.000Z,2127,Charleston Southern,Big South-OVC,fcs,7,2634,Tennessee State,Big South-OVC,fcs,6,ESPN Bet,-12.5,Charleston Southern -12.5,,43.5,,,
401767540,2025,regular,13,2025-11-22T19:00:00.000Z,2460,Northern Iowa,MVFC,fcs,32,2754,Youngstown State,MVFC,fcs,35,ESPN Bet,14.0,Youngstown State -14,,57.5,,,
401767756,2025,regular,13,2025-11-22T19:00:00.000Z,2523,Robert Morris,NEC,fcs,17,2184,Duquesne,NEC,fcs,20,ESPN Bet,13.5,Duquesne -13.5,,42.5,,,
401767291,2025,regular,13,2025-11-22T19:00:00.000Z,2453,North Alabama,UAC,fcs,34,253,Southern Utah,UAC,fcs,36,ESPN Bet,18.0,Southern Utah -18,,58.5,,,
401767118,2025,regular,13,2025-11-22T20:00:00.000Z,2692,Weber State,Big Sky,fcs,48,2464,Northern Arizona,Big Sky,fcs,28,ESPN Bet,14.0,Northern Arizona -14,,58.5,,,
401767475,2025,regular,13,2025-11-22T20:00:00.000Z,2277,Houston Christian,Southland,fcs,10,2916,Incarnate Word,Southland,fcs,31,ESPN Bet,17.5,Incarnate Word -17.5,,49.5,,,
401767430,2025,regular,13,2025-11-22T20:00:00.000Z,2504,Prairie View A&M,SWAC,fcs,59,2400,Mississippi Valley State,SWAC,fcs,6,ESPN Bet,-29.5,Prairie View A&M -29.5,,50.5,,,
401767358,2025,regular,13,2025-11-22T20:00:00.000Z,2640,Texas Southern,SWAC,fcs,24,2010,Alabama A&M,SWAC,fcs,7,ESPN Bet,-3.5,Texas Southern -3.5,,52.5,,,
401767515,2025,regular,13,2025-11-22T20:30:00.000Z,2449,North Dakota State,MVFC,fcs,62,2900,St. Thomas (MN),Pioneer,fcs,7,ESPN Bet,-33.5,North Dakota State -33.5,,51.5,,,
401767378,2025,regular,13,2025-11-22T20:30:00.000Z,2016,Alcorn State,SWAC,fcs,21,2296,Jackson State,SWAC,fcs,27,ESPN Bet,-19.5,Alcorn State -19.5,,51.5,,,
401767284,2025,regular,13,2025-11-22T21:00:00.000Z,3101,Utah Tech,UAC,fcs,10,2198,Eastern Kentucky,UAC,fcs,33,ESPN Bet,6.5,Eastern Kentucky -6.5,,45.5,,,
401767134,2025,regular,13,2025-11-22T21:00:00.000Z,302,UC Davis,Big Sky,fcs,31,16,Sacramento State,Big Sky,fcs,27,ESPN Bet,-5.0,UC Davis -5,,63.5,,,
401767397,2025,regular,13,2025-11-22T20:30:00.000Z,47,Howard,MEAC,fcs,44,2450,Norfolk State,MEAC,fcs,15,ESPN Bet,-3.5,Howard -3.5,,48.5,,,
401767088,2025,regular,13,2025-11-22T21:00:00.000Z,70,Idaho,Big Sky,fcs,16,304,Idaho State,Big Sky,fcs,37,ESPN Bet,-2.5,Idaho -2.5,,59.5,,,
401767489,2025,regular,13,2025-11-22T21:00:00.000Z,2320,Lamar,Southland,fcs,19,2377,McNeese,Southland,fcs,21,ESPN Bet,-13.5,Lamar -13.5,,47.5,,,
401767725,2025,regular,13,2025-11-22T21:00:00.000Z,107,Holy Cross,Patriot,fcs,42,46,Georgetown,Patriot,fcs,7,ESPN Bet,-5.5,Holy Cross -5.5,,45.5,,,
401767247,2025,regular,13,2025-11-22T22:00:00.000Z,2110,Central Arkansas,UAC,fcs,28,2000,Abilene Christian,UAC,fcs,49,ESPN Bet,9.5,Abilene Christian -9.5,,54.5,,,
401767068,2025,regular,13,2025-11-22T22:00:00.000Z,13,Cal Poly,Big Sky,fcs,43,331,Eastern Washington,Big Sky,fcs,34,ESPN Bet,-2.5,Cal Poly -2.5,,56.5,,,
401767276,2025,regular,13,2025-11-22T22:00:00.000Z,2627,Tarleton State,UAC,fcs,45,2046,Austin Peay,UAC,fcs,44,ESPN Bet,-18.5,Tarleton State -18.5,,60.5,,,
