playerId,firstName_x,lastName_x,position_x,team,name_school,season,firstName_y,lastName_y,position_y,origin,destination,transferDate,rating,stars,eligibility
4427804,Siale,Taupaki,DT,UCLA,SialeTaupakiUCLA,2026,Siale,Taupaki,DL,UCLA,Penn State,2026-01-09T02:58:37.000Z,0.87,3.0,Immediate
4428986,Justin,Flowe,LB,UNLV,JustinFloweUNLV,2026,Justin,Flowe,LB,UNLV,,2026-04-04T03:36:39.000Z,,5.0,Withdrawn
4429093,Quincy,Brown,WR,Florida Atlantic,QuincyBrownFlorida Atlantic,2026,Quincy,Brown,WR,Florida Atlantic,,2025-12-09T20:07:00.000Z,0.84,3.0,Immediate
4429233,James,Ash,DL,Auburn,JamesAshAuburn,2026,James,Ash,DL,Auburn,,2026-01-02T16:47:00.000Z,,3.0,Immediate
4429465,Devyn,Curtis,LB,Arkansas State,DevynCurtisArkansas State,2026,Devyn,Curtis,LB,Arkansas State,,2026-01-13T15:12:00.000Z,,3.0,Immediate
4429517,Brian,Dillard,S,South Alabama,BrianDillardSouth Alabama,2026,Brian,Dillard,CB,South Alabama,,2026-01-06T20:58:00.000Z,,3.0,TBD
4429557,Choe,Bryant-Strother,LB,BYU,ChoeBryant-StrotherBYU,2026,Choe,Bryant-Strother,EDGE,BYU,,2026-01-16T15:17:00.000Z,,3.0,Immediate
4429804,Jimmy,Calloway,WR,Tulane,JimmyCallowayTulane,2026,Jimmy,Calloway,WR,Tulane,Tulsa,2026-01-14T18:42:00.000Z,0.84,3.0,Immediate
4430121,Aidan,Keanaaina,DL,California,AidanKeanaainaCalifornia,2026,Aidan,Keanaaina,DL,California,,2026-01-17T05:25:00.000Z,,3.0,Immediate
4430629,Jeremiah,Piper,CB,Youngstown State,JeremiahPiperYoungstown State,2026,Jeremiah,Piper,CB,Youngstown State,Oklahoma State,2026-05-16T22:00:00.000Z,0.84,3.0,Immediate
4430782,Stephon,Wright,DL,UConn,StephonWrightUConn,2026,Stephon,Wright,DL,UConn,Colorado State,2026-01-09T17:04:00.000Z,,4.0,Immediate
4430827,Troy,Omeire,WR,UNLV,TroyOmeireUNLV,2026,Troy,Omeire,WR,UNLV,New Mexico,2026-01-23T19:25:00.000Z,0.87,3.0,Immediate
4430853,Darrion,Henry-Young,DT,Coastal Carolina,DarrionHenry-YoungCoastal Carolina,2026,Darrion,Henry-Young,DL,Coastal Carolina,Virginia,2026-01-17T22:40:00.000Z,0.85,3.0,Immediate
4430884,Kedrick,Bingley-Jones,DL,Mississippi State,KedrickBingley-JonesMississippi State,2026,Kedrick,Bingley-Jones,DL,Mississippi State,Alabama,2026-01-12T02:15:00.000Z,0.86,3.0,Immediate
4430954,Lukas,Ungar,TE,New Mexico State,LukasUngarNew Mexico State,2026,Lukas,Ungar,TE,New Mexico State,Virginia,2026-01-26T23:33:00.000Z,0.85,3.0,Immediate
4431009,Hunter,Welcing,TE,Northwestern,HunterWelcingNorthwestern,2026,Hunter,Welcing,TE,Northwestern,Ohio State,2026-01-12T20:29:00.000Z,0.91,4.0,Immediate
4431120,Micah,Harper,S,Montana,MicahHarperMontana,2026,Micah,Harper,S,Montana,Iowa State,2026-01-18T21:12:00.000Z,0.86,3.0,Immediate
4431131,Devin,Hightower,LB,UAB,DevinHightowerUAB,2026,Devin,Hightower,LB,UAB,Tulsa,2026-02-02T22:12:00.000Z,0.84,3.0,Immediate
4431156,Aaron,Armitage,DL,Florida International,AaronArmitageFlorida International,2026,Aaron,Armitage,DL,Florida International,,2026-01-02T13:13:00.000Z,,3.0,Immediate
4431195,DeAndre,Boykins,DB,Oklahoma State,DeAndreBoykinsOklahoma State,2026,DeAndre,Boykins,S,Oklahoma State,Florida International,2026-01-14T00:04:00.000Z,0.84,3.0,Immediate
4431200,Keith,Brown,LB,Washington State,KeithBrownWashington State,2026,Keith,Brown,LB,Washington State,,2025-12-17T16:43:00.000Z,0.85,3.0,Withdrawn
4431227,Damarjhe,Lewis,DT,SMU,DamarjheLewisSMU,2026,Damarjhe,Lewis,DL,SMU,Washington State,2026-01-21T18:05:00.000Z,0.85,3.0,Immediate
4431293,Devonte,Golden-Nelson,CB,West Virginia,DevonteGolden-NelsonWest Virginia,2026,Devonte,Golden-Nelson,CB,West Virginia,,2025-10-24T19:39:00.000Z,,3.0,Immediate
4431341,Jabari,Ishmael,DL,Southern Miss,JabariIshmaelSouthern Miss,2026,Jabari,Ishmael,EDGE,Southern Miss,Memphis,2026-01-16T16:15:00.000Z,0.86,3.0,Immediate
4431415,Ian,Stewart,WR,Temple,IanStewartTemple,2026,Ian,Stewart,WR,Temple,,2026-01-04T19:58:00.000Z,,3.0,Immediate
4431468,Jordan,Mosley,WR,Mississippi State,JordanMosleyMississippi State,2026,Jordan,Mosley,WR,Mississippi State,Colorado State,2026-01-11T02:22:00.000Z,,4.0,Immediate
4431508,Dylan,Brooks,DE,Kansas,DylanBrooksKansas,2026,Dylan,Brooks,EDGE,Kansas,Missouri State,2026-01-20T20:44:00.000Z,0.86,3.0,Immediate
4431527,Derrick,Davis Jr.,RB,Pittsburgh,DerrickDavis Jr.Pittsburgh,2026,Derrick,Davis Jr.,RB,Pittsburgh,,2026-01-03T15:25:00.000Z,,4.0,Immediate
4431608,Landyn,Watson,LB,Kentucky,LandynWatsonKentucky,2026,Landyn,Watson,LB,Kentucky,Kansas,2026-01-05T00:50:00.000Z,0.86,3.0,Immediate
4431612,Keanu,Williams,DT,UCLA,KeanuWilliamsUCLA,2026,Keanu,Williams,DL,UCLA,Penn State,2026-01-06T03:13:00.000Z,0.86,3.0,Immediate
4431626,Charles,Brantley,CB,Miami,CharlesBrantleyMiami,2026,Charles,Brantley,CB,Miami,Michigan State,2026-01-07T19:24:00.000Z,0.87,3.0,Immediate
4431948,TJ,Finley,QB,Georgia State,TJFinleyGeorgia State,2026,TJ,Finley,QB,Georgia State,Incarnate Word,2026-01-14T01:00:22.000Z,0.85,3.0,Immediate
4432470,Calib,Perez,OL,UAB,CalibPerezUAB,2026,Calib,Perez,IOL,UAB,,2026-01-27T02:06:57.000Z,0.85,3.0,Withdrawn
4432552,Darius,Snow,LB,Michigan State,DariusSnowMichigan State,2026,Darius,Snow,LB,Michigan State,Texas,2026-04-16T22:11:00.000Z,0.85,3.0,TBD
4432655,Tunmise,Adeleye,DL,UNLV,TunmiseAdeleyeUNLV,2026,Tunmise,Adeleye,DL,UNLV,Syracuse,2026-01-12T15:27:00.000Z,0.86,3.0,Immediate
4432669,Joshua,Burrell,TE,Furman,JoshuaBurrellFurman,2026,Joshua,Burrell,WR,Furman,Arkansas State,2026-01-08T21:25:59.000Z,,3.0,Immediate
4432689,Jaylin,Davies,CB,Oklahoma State,JaylinDaviesOklahoma State,2026,Jaylin,Davies,CB,Oklahoma State,Vanderbilt,2026-02-26T03:27:00.000Z,0.85,3.0,Immediate
4432703,Jake,Garcia,QB,Michigan,JakeGarciaMichigan,2026,Jake,Garcia,QB,Michigan,,2026-01-15T17:27:00.000Z,,4.0,Immediate
4432719,Jamier,Johnson,DB,UCLA,JamierJohnsonUCLA,2026,Jamier,Johnson,CB,UCLA,,2026-01-17T05:18:00.000Z,,4.0,Immediate
4432726,Zeiqui,Lawton,DL,Sam Houston,ZeiquiLawtonSam Houston,2026,Zeiqui,Lawton,DL,Sam Houston,,2026-01-02T16:05:00.000Z,,3.0,Immediate
4432757,Evan,Pryor,RB,Cincinnati,EvanPryorCincinnati,2026,Evan,Pryor,RB,Cincinnati,Florida,2026-01-06T17:02:00.000Z,0.87,3.0,Immediate
4433829,Mitch,Griffis,QB,Texas Tech,MitchGriffisTexas Tech,2026,Mitch,Griffis,QB,Texas Tech,East Carolina,2026-01-09T00:43:00.000Z,,3.0,Immediate
4433836,Josh,Griffis,DL,Tarleton State,JoshGriffisTarleton State,2026,Josh,Griffis,EDGE,Tarleton State,,2025-12-16T17:20:00.000Z,0.82,3.0,Immediate
4433854,Nahji,Logan,LB,Nevada,NahjiLoganNevada,2026,Nahji,Logan,LB,Nevada,,2026-01-02T16:21:00.000Z,,2.0,Immediate
4433861,Xavier,McIver,DL,East Carolina,XavierMcIverEast Carolina,2026,Xavier,McIver,DL,East Carolina,Southern Miss,2026-01-17T19:50:00.000Z,0.85,3.0,Immediate
4433868,Jalen,McNair,S,Buffalo,JalenMcNairBuffalo,2026,Jalen,McNair,S,Buffalo,Virginia,2026-01-16T05:23:00.000Z,0.85,3.0,Immediate
4433937,Plae,Wyatt,S,Rice,PlaeWyattRice,2026,Plae,Wyatt,S,Rice,Abilene Christian,2026-01-15T17:21:00.000Z,,3.0,Immediate
4502324,Caden,Johnson,LB,Ball State,CadenJohnsonBall State,2026,Caden,Johnson,LB,Ball State,,2025-12-02T16:40:00.000Z,0.84,3.0,Immediate
4522107,Daveon,Walker,WR,Alabama A&M,DaveonWalkerAlabama A&M,2026,Daveon,Walker,WR,Alabama A&M,Texas Southern,2026-01-21T02:35:00.000Z,0.85,3.0,Immediate
4565180,Peter,Costelli,QB,Northern Colorado,PeterCostelliNorthern Colorado,2026,Peter,Costelli,QB,Northern Colorado,,2025-11-26T19:21:00.000Z,,3.0,Immediate
4565306,Sterling,Miles,DE,Eastern Michigan,SterlingMilesEastern Michigan,2026,Sterling,Miles,EDGE,Eastern Michigan,UTEP,2026-01-18T17:09:00.000Z,0.84,3.0,Immediate
4565355,Dexter,Williams II,QB,Kennesaw State,DexterWilliams IIKennesaw State,2026,Dexter,Williams II,QB,Kennesaw State,Tulsa,2026-01-07T20:55:00.000Z,0.83,3.0,Immediate
4565357,Brenden,Deasfernandes,DB,Central Michigan,BrendenDeasfernandesCentral Michigan,2026,Brenden,Deasfernandes,CB,Central Michigan,Northwestern,2026-01-06T00:46:00.000Z,0.87,3.0,Immediate
4566164,Jack,Olsen,PK,Northwestern,JackOlsenNorthwestern,2026,Jack,Olsen,K,Northwestern,Miami,2026-01-17T00:59:00.000Z,0.85,3.0,Immediate
4568099,Justin,Beadles,LB,Louisville,JustinBeadlesLouisville,2026,Justin,Beadles,EDGE,Louisville,California,2026-01-10T19:20:00.000Z,0.87,3.0,Immediate
4569262,Alex,Honig,TE,UConn,AlexHonigUConn,2026,Alex,Honig,TE,UConn,Northwestern,2026-01-10T00:35:10.000Z,0.86,3.0,Immediate
4570478,Dylan,Black,LS,Oregon State,DylanBlackOregon State,2026,Dylan,Black,LS,Oregon State,,2026-01-02T15:52:00.000Z,,,Immediate
4570574,Cam,Miller,DB,Memphis,CamMillerMemphis,2026,Cam,Miller,S,Memphis,Kennesaw State,2026-01-22T02:19:00.000Z,0.84,3.0,Immediate
4570736,Markell,Samuel,OL,Oklahoma State,MarkellSamuelOklahoma State,2026,Markell,Samuel,OT,Oklahoma State,Georgia Tech,2026-01-06T15:03:00.000Z,0.86,3.0,Immediate
4571284,Marques,White,DE,Massachusetts,MarquesWhiteMassachusetts,2026,Marques,White,EDGE,Massachusetts,SMU,2026-01-12T23:26:00.000Z,0.86,3.0,Immediate
4572261,Elijah,Culp,CB,James Madison,ElijahCulpJames Madison,2026,Elijah,Culp,CB,James Madison,,2026-01-04T18:55:00.000Z,,,Immediate
4575746,Tyler,Brown,OL,Colorado,TylerBrownColorado,2026,Tyler,Brown,IOL,Colorado,James Madison,2026-01-12T14:34:00.000Z,0.85,3.0,Immediate
4575835,David,Ndukwe,OL,Houston,DavidNdukweHouston,2026,David,Ndukwe,OT,Houston,,2026-01-16T20:59:00.000Z,,3.0,Immediate
4575844,Jake,Renfro,OL,Wisconsin,JakeRenfroWisconsin,2026,Jake,Renfro,IOL,Wisconsin,Illinois,2026-01-05T21:55:00.000Z,0.86,3.0,Immediate
4575923,Elijah,Jackson,CB,TCU,ElijahJacksonTCU,2026,Elijah,Jackson,CB,TCU,,2026-01-02T19:53:00.000Z,,3.0,Immediate
4585067,Mason,Bowers,OL,Charlotte,MasonBowersCharlotte,2026,Mason,Bowers,OT,Charlotte,,2026-01-14T14:01:00.000Z,,3.0,Immediate
4586334,Bryon,Threats,DB,UCLA,BryonThreatsUCLA,2026,Bryon,Threats,S,UCLA,,2026-01-14T14:53:00.000Z,,3.0,Immediate
4587719,Esean,Carter,DT,Toledo,EseanCarterToledo,2026,Esean,Carter,DL,Toledo,,2025-12-27T20:02:00.000Z,0.86,3.0,Immediate
4587722,Troy,Stellato,WR,Kentucky,TroyStellatoKentucky,2026,Troy,Stellato,WR,Kentucky,UNLV,2026-01-19T22:55:00.000Z,0.85,3.0,Immediate
4587870,Zuriah,Fisher,DE,Penn State,ZuriahFisherPenn State,2026,Zuriah,Fisher,EDGE,Penn State,USC,2026-01-12T20:31:00.000Z,0.92,4.0,Immediate
4588194,Dyson,McCutcheon,S,Washington,DysonMcCutcheonWashington,2026,Dyson,McCutcheon,S,Washington,Middle Tennessee,2026-01-13T15:50:00.000Z,0.85,3.0,Immediate
4592531,Ari,Patu,QB,North Alabama,AriPatuNorth Alabama,2026,Ari,Patu,QB,North Alabama,Duke,2026-01-07T06:00:00.000Z,0.85,3.0,Immediate
4592532,Billy,Edwards Jr.,QB,Wisconsin,BillyEdwards Jr.Wisconsin,2026,Billy,Edwards Jr.,QB,Wisconsin,North Carolina,2026-01-04T15:10:00.000Z,0.86,3.0,Immediate
4592574,Jaedon,Wilson,WR,UCLA,JaedonWilsonUCLA,2026,Jaedon,Wilson,WR,UCLA,,2026-01-05T21:32:00.000Z,,3.0,Immediate
4592781,Luke,Murphy,LB,Coastal Carolina,LukeMurphyCoastal Carolina,2026,Luke,Murphy,LB,Coastal Carolina,UConn,2026-01-24T07:35:00.000Z,0.84,3.0,Immediate
4594322,Shambre,Jackson,DL,Massachusetts,ShambreJacksonMassachusetts,2026,Shambre,Jackson,EDGE,Massachusetts,,2026-01-15T17:18:00.000Z,,3.0,Immediate
4594332,John,Howse IV,DB,Middle Tennessee,JohnHowse IVMiddle Tennessee,2026,John,Howse IV,S,Middle Tennessee,Arkansas,2026-01-16T18:54:00.000Z,0.85,3.0,Immediate
4594706,Owen,Snively,OL,Eastern Michigan,OwenSnivelyEastern Michigan,2026,Owen,Snively,IOL,Eastern Michigan,Boston College,2026-01-22T02:42:00.000Z,0.85,3.0,Immediate
4596362,Justus,Boone,LB,Arkansas,JustusBooneArkansas,2026,Justus,Boone,EDGE,Arkansas,Wisconsin,2026-01-04T22:53:00.000Z,0.87,3.0,Immediate
4596437,AJ,Green,RB,Arkansas,AJGreenArkansas,2026,AJ,Green,RB,Arkansas,Western Michigan,2026-01-10T01:38:00.000Z,,4.0,Immediate
4596666,Bryce,Steele,LB,Boston College,BryceSteeleBoston College,2026,Bryce,Steele,LB,Boston College,Troy,2026-01-15T20:11:00.000Z,0.85,3.0,Immediate
4596725,Khari,Gee,DB,Chattanooga,KhariGeeChattanooga,2026,Khari,Gee,S,Chattanooga,,2025-11-24T21:26:00.000Z,0.83,3.0,Immediate
4597240,Terrence,Enos Jr.,OL,Kansas State,TerrenceEnos Jr.Kansas State,2026,Terrence,Enos Jr.,OT,Kansas State,,2026-01-17T05:40:00.000Z,,3.0,Immediate
4597250,Will,Johnson,LB,Virginia Tech,WillJohnsonVirginia Tech,2026,Will,Johnson,LB,Virginia Tech,,2026-01-12T21:05:00.000Z,,3.0,Immediate
4597499,Mikey,Keene,QB,Michigan,MikeyKeeneMichigan,2026,Mikey,Keene,QB,Michigan,Arizona State,2026-01-08T16:19:00.000Z,0.85,3.0,Immediate
4601283,Trey,Cooley,RB,Troy,TreyCooleyTroy,2026,Trey,Cooley,RB,Troy,Washington,2026-01-22T21:40:00.000Z,0.85,3.0,Immediate
4602193,Lyrik,Rawls,DB,Kansas,LyrikRawlsKansas,2026,Lyrik,Rawls,S,Kansas,Arizona State,2026-01-08T20:35:00.000Z,0.86,3.0,Immediate
4602196,Tonga,Lolohea,DL,Baylor,TongaLoloheaBaylor,2026,Tonga,Lolohea,DL,Baylor,,2025-12-10T17:26:00.000Z,,3.0,Immediate
4602645,Jalen,Emery,DB,Western Kentucky,JalenEmeryWestern Kentucky,2026,Jalen,Emery,CB,Western Kentucky,,2026-01-14T14:54:00.000Z,,3.0,Immediate
4602921,Dylan,Flowers,CB,Western Kentucky,DylanFlowersWestern Kentucky,2026,Dylan,Flowers,CB,Western Kentucky,Duke,2026-01-03T22:33:00.000Z,0.87,3.0,Immediate
4602923,Jaylen,Henderson,QB,West Virginia,JaylenHendersonWest Virginia,2026,Jaylen,Henderson,QB,West Virginia,Liberty,2026-01-21T02:55:00.000Z,0.83,3.0,Immediate
4602928,Ezavier,Staples,WR,UCLA,EzavierStaplesUCLA,2026,Ezavier,Staples,WR,UCLA,,2026-01-03T00:32:00.000Z,,3.0,Immediate
4603090,Hammond,Russell IV,DL,West Virginia,HammondRussell IVWest Virginia,2026,Hammond,Russell IV,DL,West Virginia,Wisconsin,2026-01-08T15:37:00.000Z,0.86,3.0,Immediate
4603185,Markus,Allen,WR,Mississippi State,MarkusAllenMississippi State,2026,Markus,Allen,WR,Mississippi State,Middle Tennessee,2026-01-17T00:25:00.000Z,0.82,3.0,Immediate
4603193,Jardin,Gilbert,S,LSU,JardinGilbertLSU,2026,Jardin,Gilbert,S,LSU,Mississippi State,2026-01-12T23:40:00.000Z,0.86,3.0,Immediate
4603750,Davion,Rhodes,DL,Georgia Southern,DavionRhodesGeorgia Southern,2026,Davion,Rhodes,EDGE,Georgia Southern,North Texas,2026-01-13T17:00:00.000Z,0.84,3.0,Immediate
4604319,Avery,Dunn,DL,Toledo,AveryDunnToledo,2026,Avery,Dunn,EDGE,Toledo,UConn,2026-01-14T17:48:00.000Z,0.85,3.0,Immediate
4605477,Alante,Brown,WR,Michigan State,AlanteBrownMichigan State,2026,Alante,Brown,WR,Michigan State,Memphis,2026-01-14T15:15:00.000Z,,4.0,Immediate
4605838,Preston,Zachman,DB,Wisconsin,PrestonZachmanWisconsin,2026,Preston,Zachman,S,Wisconsin,Indiana,2026-01-04T15:00:00.000Z,0.86,3.0,Immediate
4606658,Samari,Collier,QB,Coastal Carolina,SamariCollierCoastal Carolina,2026,Samari,Collier,QB,Coastal Carolina,Delaware State,2026-08-08T00:03:00.000Z,,3.0,Immediate
4606685,Logan,Mauldin,TE,McNeese,LoganMauldinMcNeese,2026,Logan,Mauldin,TE,McNeese,Charlotte,2026-01-10T17:37:00.000Z,0.83,3.0,Immediate
4608922,Braydon,Bennett,RB,Virginia Tech,BraydonBennettVirginia Tech,2026,Braydon,Bennett,RB,Virginia Tech,Eastern Michigan,2026-01-20T18:46:00.000Z,0.84,3.0,Immediate
4610131,Parker,Navarro,QB,Ohio,ParkerNavarroOhio,2026,Parker,Navarro,QB,Ohio,Professional,2026-01-16T15:31:00.000Z,0.87,3.0,PendingAppeal
4611768,Jaydon,Hood,LB,Michigan,JaydonHoodMichigan,2026,Jaydon,Hood,LB,Michigan,Georgia State,2026-01-16T00:14:00.000Z,0.84,3.0,Immediate
4612402,Ian,Shewell,DL,Arizona State,IanShewellArizona State,2026,Ian,Shewell,DL,Arizona State,San José State,2026-01-15T23:24:00.000Z,0.82,3.0,Immediate
4612621,Josh,Atkins,OL,Arizona State,JoshAtkinsArizona State,2026,Josh,Atkins,OT,Arizona State,Missouri,2026-01-08T16:43:00.000Z,0.87,3.0,Immediate
4612624,Antwan,Roberts,RB,Marshall,AntwanRobertsMarshall,2026,Antwan,Roberts,RB,Marshall,Arizona,2026-01-14T20:41:00.000Z,0.87,3.0,Immediate
4612838,Nick,Sharpe,OL,South Carolina,NickSharpeSouth Carolina,2026,Nick,Sharpe,IOL,South Carolina,Michigan State,2026-01-06T22:25:00.000Z,0.85,3.0,Immediate
4612846,Jackson,Hamilton,LB,Georgia Tech,JacksonHamiltonGeorgia Tech,2026,Jackson,Hamilton,LB,Georgia Tech,,2026-01-17T05:12:00.000Z,,3.0,Immediate
4613038,Mikah,Coleman,DL,Cincinnati,MikahColemanCincinnati,2026,Mikah,Coleman,EDGE,Cincinnati,Miami (OH),2026-02-11T16:49:03.000Z,0.86,3.0,Immediate
4618083,Ethan,Hampton,QB,Illinois,EthanHamptonIllinois,2026,Ethan,Hampton,QB,Illinois,Southern Miss,2026-01-11T00:01:00.000Z,,3.0,Immediate
4678012,Jimmy,Wyrick,S,UTSA,JimmyWyrickUTSA,2026,Jimmy,Wyrick,S,UTSA,,2025-12-20T01:46:00.000Z,0.85,3.0,Immediate
4680019,Jimmy,Valsin III,WR,Oregon State,JimmyValsin IIIOregon State,2026,Jimmy,Valsin III,WR,Oregon State,,2026-01-05T23:37:00.000Z,,3.0,Immediate
4680024,Da'Wain,Lofton,WR,Oklahoma State,Da'WainLoftonOklahoma State,2026,Da'Wain,Lofton,WR,Oklahoma State,,2026-01-02T00:03:00.000Z,,3.0,Immediate
4682533,Michael,Gravely Jr.,DB,Ball State,MichaelGravely Jr.Ball State,2026,Michael,Gravely Jr.,S,Ball State,,2026-01-02T16:32:00.000Z,,3.0,Immediate
4682935,Jack,Leyrer,OL,Stanford,JackLeyrerStanford,2026,Jack,Leyrer,OT,Stanford,Auburn,2026-01-18T17:44:00.000Z,0.84,3.0,Immediate
4683014,Armorion,Smith,DB,Michigan State,ArmorionSmithMichigan State,2026,Armorion,Smith,S,Michigan State,Toledo,2026-01-17T21:24:00.000Z,0.85,3.0,Immediate
4683043,Thomas,Davis,DL,App State,ThomasDavisApp State,2026,Thomas,Davis,EDGE,App State,Tulsa,2026-01-12T21:10:00.000Z,0.86,3.0,Immediate
4683111,Jaden,Bradley,WR,UNLV,JadenBradleyUNLV,2026,Jaden,Bradley,WR,UNLV,,2026-01-08T16:03:00.000Z,,3.0,Immediate
4683136,Tae'Shaun,Johnson,WR,Hampton,Tae'ShaunJohnsonHampton,2026,Tae'Shaun,Johnson,WR,Hampton,,2025-11-30T17:02:00.000Z,,3.0,Immediate
4683137,Drake,Martinez,TE,UT Martin,DrakeMartinezUT Martin,2026,Drake,Martinez,TE,UT Martin,Tennessee,2026-01-25T22:10:00.000Z,0.85,3.0,Immediate
4683154,Mikai,Gbayor,LB,North Carolina,MikaiGbayorNorth Carolina,2026,Mikai,Gbayor,LB,North Carolina,Florida State,2026-01-15T22:16:00.000Z,0.91,4.0,Immediate
4683224,Derek,McDonald,LB,Syracuse,DerekMcDonaldSyracuse,2026,Derek,McDonald,LB,Syracuse,North Carolina,2026-01-10T16:19:00.000Z,0.84,3.0,Immediate
4683257,Davion,Weatherspoon,OL,Ohio,DavionWeatherspoonOhio,2026,Davion,Weatherspoon,IOL,Ohio,Arkansas,2026-01-17T18:55:00.000Z,0.86,3.0,Immediate
4683306,Landon,Morris,TE,California,LandonMorrisCalifornia,2026,Landon,Morris,TE,California,Wake Forest,2026-01-09T16:12:00.000Z,0.87,3.0,Immediate
4683417,Miles,Campbell,TE,Florida A&M,MilesCampbellFlorida A&M,2026,Miles,Campbell,TE,Florida A&M,UTSA,2026-01-08T01:10:00.000Z,,4.0,Immediate
4683461,Tyson,Davis,WR,Central Michigan,TysonDavisCentral Michigan,2026,Tyson,Davis,WR,Central Michigan,Virginia,2026-01-18T18:41:00.000Z,0.85,3.0,Immediate
4683505,Troy,Everett,OL,Oklahoma,TroyEverettOklahoma,2026,Troy,Everett,IOL,Oklahoma,Ole Miss,2026-01-13T16:32:00.000Z,0.85,3.0,Immediate
4683507,Owen,Stoudmire,DT,Boston College,OwenStoudmireBoston College,2026,Owen,Stoudmire,DL,Boston College,Nebraska,2026-01-14T15:18:00.000Z,0.86,3.0,Immediate
4683508,Yakiri,Walker,OL,Memphis,YakiriWalkerMemphis,2026,Yakiri,Walker,IOL,Memphis,Baylor,2026-01-13T00:25:00.000Z,0.86,3.0,Immediate
4683543,RJ,Garcia II,WR,Bowling Green,RJGarcia IIBowling Green,2026,RJ,Garcia II,WR,Bowling Green,Florida Atlantic,2026-01-04T18:12:00.000Z,0.85,3.0,Immediate
4683588,Darrion,Dalton,DT,Washington State,DarrionDaltonWashington State,2026,Darrion,Dalton,DL,Washington State,,2026-01-08T16:20:00.000Z,,3.0,Immediate
4683630,Corey,Platt Jr.,LB,Houston,CoreyPlatt Jr.Houston,2026,Corey,Platt Jr.,LB,Houston,Texas Tech,2026-01-13T03:13:00.000Z,0.88,3.0,Immediate
4683665,Zuberi,Mobley,RB,Tulane,ZuberiMobleyTulane,2026,Zuberi,Mobley,RB,Tulane,,2025-12-25T04:41:00.000Z,,3.0,Immediate
4683720,Caleb,Cook,OL,Georgia Southern,CalebCookGeorgia Southern,2026,Caleb,Cook,IOL,Georgia Southern,South Florida,2026-01-06T20:48:00.000Z,0.85,3.0,Immediate
4683812,Nate,Pabst,OL,Bowling Green,NatePabstBowling Green,2026,Nate,Pabst,OT,Bowling Green,Florida State,2026-01-06T16:45:00.000Z,0.86,3.0,Immediate
4683912,Hunter,Herring,TE,UL Monroe,HunterHerringUL Monroe,2026,Hunter,Herring,TE,UL Monroe,Auburn,2026-01-22T23:51:00.000Z,0.85,3.0,Immediate
4683984,Devon,Manuel,OL,Florida,DevonManuelFlorida,2026,Devon,Manuel,OT,Florida,App State,2026-01-15T01:08:00.000Z,0.86,3.0,Immediate
4684008,Jordan,Davis,OL,South Alabama,JordanDavisSouth Alabama,2026,Jordan,Davis,OT,South Alabama,UCLA,2026-01-18T22:25:00.000Z,0.86,3.0,Immediate
4684421,Simeon,Price,RB,Colorado,SimeonPriceColorado,2026,Simeon,Price,RB,Colorado,Oregon,2026-01-14T21:48:00.000Z,0.88,3.0,Immediate
4685046,Jesus,Machado,LB,Houston,JesusMachadoHouston,2026,Jesus,Machado,LB,Houston,Rice,2026-01-12T22:06:00.000Z,0.84,3.0,Immediate
4685237,Michael,Allen,RB,Marshall,MichaelAllenMarshall,2026,Michael,Allen,RB,Marshall,East Carolina,2026-01-08T18:34:00.000Z,,4.0,Immediate
4685245,Wilfredo,Aybar,LB,Stanford,WilfredoAybarStanford,2026,Wilfredo,Aybar,EDGE,Stanford,,2026-01-20T01:09:05.000Z,,4.0,Withdrawn
4685252,Henry,Belin IV,QB,Duke,HenryBelin IVDuke,2026,Henry,Belin IV,QB,Duke,Missouri State,2026-01-16T02:58:00.000Z,0.83,3.0,Immediate
4685255,Bryce,Anderson,DB,Texas A&M,BryceAndersonTexas A&M,2026,Bryce,Anderson,S,Texas A&M,,2026-01-14T14:39:39.000Z,,4.0,Withdrawn
4685258,Tayvion,Beasley,DB,BYU,TayvionBeasleyBYU,2026,Tayvion,Beasley,CB,BYU,South Florida,2026-01-10T15:47:00.000Z,,3.0,Immediate
4685268,Raleek,Brown,RB,Arizona State,RaleekBrownArizona State,2026,Raleek,Brown,RB,Arizona State,Texas,2026-01-08T15:01:04.000Z,0.92,4.0,Immediate
4685269,Jovantae,Barnes,RB,Oklahoma,JovantaeBarnesOklahoma,2026,Jovantae,Barnes,RB,Oklahoma,Kentucky,2026-01-06T18:49:00.000Z,0.86,3.0,Immediate
4685276,Joe,Brunner,OL,Wisconsin,JoeBrunnerWisconsin,2026,Joe,Brunner,IOL,Wisconsin,Indiana,2026-01-14T20:24:00.000Z,0.93,4.0,Immediate
4685281,Nate,Burrell,DL,California,NateBurrellCalifornia,2026,Nate,Burrell,DL,California,,2026-01-05T23:04:35.000Z,,3.0,Withdrawn
4685288,Selah,Brown,DL,Louisville,SelahBrownLouisville,2026,Selah,Brown,DL,Louisville,Bowling Green,2026-01-23T19:48:00.000Z,0.84,3.0,Immediate
4685289,Keyan,Burnett,TE,Arizona,KeyanBurnettArizona,2026,Keyan,Burnett,TE,Arizona,UNLV,2026-01-13T17:34:00.000Z,0.86,3.0,Immediate
4685290,Tychaun,Chapman,WR,Southern Miss,TychaunChapmanSouthern Miss,2026,Tychaun,Chapman,WR,Southern Miss,Memphis,2026-01-04T00:00:00.000Z,0.86,3.0,Immediate
4685291,Jacurri,Brown,QB,UCF,JacurriBrownUCF,2026,Jacurri,Brown,QB,UCF,Rice,2026-01-06T19:37:00.000Z,,4.0,Immediate
4685294,Jyaire,Brown,CB,UCF,JyaireBrownUCF,2026,Jyaire,Brown,CB,UCF,Southern Miss,2026-01-13T16:22:00.000Z,0.85,3.0,Immediate
4685297,Darrius,Clemons,WR,Oregon State,DarriusClemonsOregon State,2026,Darrius,Clemons,WR,Oregon State,Washington State,2026-01-09T21:46:00.000Z,0.86,3.0,Immediate
4685338,Jaylen,Early,OL,Missouri,JaylenEarlyMissouri,2026,Jaylen,Early,IOL,Missouri,Texas State,2026-01-21T02:45:00.000Z,0.85,3.0,Immediate
4685341,Tyson,Ford,DL,California,TysonFordCalifornia,2026,Tyson,Ford,DL,California,UCLA,2026-01-12T00:28:58.000Z,0.86,3.0,Immediate
4685342,Cristian,Driver,WR,Minnesota,CristianDriverMinnesota,2026,Cristian,Driver,WR,Minnesota,,2025-12-05T23:28:00.000Z,,4.0,Immediate
4685345,JC,French IV,QB,Georgia Southern,JCFrench IVGeorgia Southern,2026,JC,French IV,QB,Georgia Southern,Cincinnati,2026-01-07T01:45:00.000Z,0.86,3.0,Immediate
4685353,Jaeden,Gould,S,UCF,JaedenGouldUCF,2026,Jaeden,Gould,S,UCF,Temple,2026-01-08T03:42:00.000Z,,4.0,Immediate
4685356,Greg,Gaines III,WR,Rhode Island,GregGaines IIIRhode Island,2026,Greg,Gaines III,WR,Rhode Island,Florida International,2026-01-12T00:56:00.000Z,0.83,3.0,Immediate
4685358,Kevin,Green Jr.,WR,Washington,KevinGreen Jr.Washington,2026,Kevin,Green Jr.,WR,Washington,,2026-01-14T15:11:00.000Z,,4.0,Immediate
4685364,Andre,Greene Jr.,WR,Virginia,AndreGreene Jr.Virginia,2026,Andre,Greene Jr.,WR,Virginia,Georgia Southern,2026-01-15T20:42:00.000Z,0.84,3.0,Immediate
4685371,Marquis,Groves-Killebrew,DB,Arizona,MarquisGroves-KillebrewArizona,2026,Marquis,Groves-Killebrew,CB,Arizona,California,2026-01-13T19:47:00.000Z,0.86,3.0,Immediate
4685372,C.J.,Hicks,DE,Ohio State,C.J.HicksOhio State,2026,C.J.,Hicks,EDGE,Ohio State,South Florida,2026-01-05T18:11:00.000Z,0.87,3.0,Immediate
4685374,Rodney,Hill,RB,Arkansas,RodneyHillArkansas,2026,Rodney,Hill,RB,Arkansas,Savannah State,2026-07-08T14:44:00.000Z,0.84,3.0,Immediate
4685378,E'Marion,Harris,OL,Arkansas,E'MarionHarrisArkansas,2026,E'Marion,Harris,OT,Arkansas,Oklahoma,2026-01-05T19:07:00.000Z,0.93,4.0,Immediate
4685379,Sione,Hala,LB,Weber State,SioneHalaWeber State,2026,Sione,Hala,LB,Weber State,San Diego State,2026-01-15T20:28:00.000Z,0.82,3.0,Immediate
4685383,Isaiah,Horton,WR,Alabama,IsaiahHortonAlabama,2026,Isaiah,Horton,WR,Alabama,Texas A&M,2026-01-11T23:05:00.000Z,0.96,4.0,Immediate
4685391,Walker,Howard,QB,Louisiana,WalkerHowardLouisiana,2026,Walker,Howard,QB,Louisiana,Ole Miss,2026-01-13T22:26:00.000Z,0.85,3.0,Immediate
4685393,Preston,Howard,TE,Auburn,PrestonHowardAuburn,2026,Preston,Howard,TE,Auburn,Maryland,2026-01-14T15:40:00.000Z,0.86,3.0,Immediate
4685396,Anthony,Ivey,WR,Penn State,AnthonyIveyPenn State,2026,Anthony,Ivey,WR,Penn State,San José State,2026-01-18T05:45:00.000Z,0.85,3.0,Immediate
4685401,Josh,Hoover,QB,TCU,JoshHooverTCU,2026,Josh,Hoover,QB,TCU,Indiana,2026-01-04T22:00:00.000Z,0.93,4.0,Immediate
4685414,Jake,Johnson,TE,North Carolina,JakeJohnsonNorth Carolina,2026,Jake,Johnson,TE,North Carolina,Auburn,2026-01-11T01:33:00.000Z,0.86,3.0,Immediate
4685418,Tavorus,Jones,RB,Missouri,TavorusJonesMissouri,2026,Tavorus,Jones,RB,Missouri,UTEP,2026-01-17T19:44:00.000Z,0.86,3.0,Immediate
4685429,Melvin,Jordan IV,LB,Georgia Tech,MelvinJordan IVGeorgia Tech,2026,Melvin,Jordan IV,LB,Georgia Tech,,2026-01-02T19:55:00.000Z,,3.0,Immediate
4685435,Justyn,Martin,QB,Maryland,JustynMartinMaryland,2026,Justyn,Martin,QB,Maryland,Ohio State,2026-01-12T21:45:00.000Z,0.86,3.0,Immediate
4685437,Earl,Little Jr.,S,Florida State,EarlLittle Jr.Florida State,2026,Earl,Little Jr.,S,Florida State,Ohio State,2026-01-11T19:34:00.000Z,0.93,4.0,Immediate
4685448,Kobie,McKinzie,LB,Oklahoma,KobieMcKinzieOklahoma,2026,Kobie,McKinzie,LB,Oklahoma,Northwestern,2026-01-06T20:57:00.000Z,0.9,4.0,Immediate
4685459,Nicco,Marchiol,QB,West Virginia,NiccoMarchiolWest Virginia,2026,Nicco,Marchiol,QB,West Virginia,Northwestern,2026-03-17T03:32:00.000Z,0.86,3.0,Immediate
4685465,Jacoby,Mathews,S,Auburn,JacobyMathewsAuburn,2026,Jacoby,Mathews,S,Auburn,,2026-01-15T23:46:00.000Z,,4.0,Immediate
4685471,Sam,McCall,CB,Georgia State,SamMcCallGeorgia State,2026,Sam,McCall,CB,Georgia State,Bethune-Cookman,2026-01-16T00:45:46.000Z,,4.0,Immediate
4685478,Curt,Neal,DL,Illinois,CurtNealIllinois,2026,Curt,Neal,DL,Illinois,Purdue,2026-01-07T23:42:00.000Z,0.86,3.0,Immediate
4685487,Jehiem,Oatis,DT,Colorado,JehiemOatisColorado,2026,Jehiem,Oatis,DL,Colorado,Ole Miss,2026-01-06T00:28:00.000Z,0.87,3.0,Immediate
4685488,MJ,Morris,QB,Coastal Carolina,MJMorrisCoastal Carolina,2026,MJ,Morris,QB,Coastal Carolina,Texas,2026-01-22T14:42:00.000Z,0.85,3.0,Immediate
4685492,Jack,Pedersen,TE,UCLA,JackPedersenUCLA,2026,Jack,Pedersen,TE,UCLA,Washington State,2026-01-11T21:43:00.000Z,0.86,3.0,Immediate
4685509,Gi'Bran,Payne,RB,Notre Dame,Gi'BranPayneNotre Dame,2026,Gi'Bran,Payne,RB,Notre Dame,Cincinnati,2026-01-05T15:03:00.000Z,0.85,3.0,Immediate
4685510,Kaden,Saunders,WR,Penn State,KadenSaundersPenn State,2026,Kaden,Saunders,WR,Penn State,Southern Miss,2026-01-07T02:45:00.000Z,,4.0,Immediate
4685514,Jacob,Sexton,OL,Oklahoma,JacobSextonOklahoma,2026,Jacob,Sexton,OT,Oklahoma,Oklahoma State,2026-01-07T05:49:00.000Z,0.86,3.0,Immediate
4685516,Shazz,Preston,WR,Tulane,ShazzPrestonTulane,2026,Shazz,Preston,WR,Tulane,Indiana,2026-01-12T18:00:00.000Z,0.89,3.0,Immediate
4685517,Talyn,Shettron,WR,Oklahoma State,TalynShettronOklahoma State,2026,Talyn,Shettron,WR,Oklahoma State,Louisiana Tech,2026-01-16T04:50:00.000Z,0.86,3.0,Immediate
4685521,Garret,Rangel,QB,Virginia Tech,GarretRangelVirginia Tech,2026,Garret,Rangel,QB,Virginia Tech,UTRGV,2026-01-19T21:29:00.000Z,0.84,3.0,Immediate
4685525,Jaheim,Singletary,CB,Arkansas,JaheimSingletaryArkansas,2026,Jaheim,Singletary,CB,Arkansas,Iowa State,2026-01-15T20:27:00.000Z,0.86,3.0,Immediate
4685528,Kaian,Roberts-Day,DL,UTSA,KaianRoberts-DayUTSA,2026,Kaian,Roberts-Day,DL,UTSA,New Mexico State,2026-01-16T19:29:00.000Z,0.84,3.0,Immediate
4685531,Khamauri,Rogers,DB,Jackson State,KhamauriRogersJackson State,2026,Khamauri,Rogers,CB,Jackson State,,2026-02-19T04:22:00.000Z,,4.0,Withdrawn
4685532,Clint,Stephens,S,New Mexico,ClintStephensNew Mexico,2026,Clint,Stephens,S,New Mexico,,2026-01-17T05:33:00.000Z,,3.0,Immediate
4685535,CJ,Stokes,RB,Charlotte,CJStokesCharlotte,2026,CJ,Stokes,RB,Charlotte,,2026-01-17T19:53:00.000Z,,3.0,Immediate
4685543,Qae'Shon,Sapp,OL,Florida Atlantic,Qae'ShonSappFlorida Atlantic,2026,Qae'Shon,Sapp,IOL,Florida Atlantic,North Carolina A&T,2026-01-08T23:14:00.000Z,,3.0,Immediate
4685545,Gavin,Sawchuk,RB,Florida State,GavinSawchukFlorida State,2026,Gavin,Sawchuk,RB,Florida State,Northwestern,2026-01-19T17:30:00.000Z,0.86,3.0,Immediate
4685548,Jaidan,Scott,DB,Sam Houston,JaidanScottSam Houston,2026,Jaidan,Scott,S,Sam Houston,,2026-01-07T16:59:00.000Z,,3.0,Immediate
4685550,Jake,Taylor,OL,Oklahoma,JakeTaylorOklahoma,2026,Jake,Taylor,OT,Oklahoma,Iowa State,2026-01-06T02:43:00.000Z,0.86,3.0,Immediate
4685557,Cam,Sidney,DB,California,CamSidneyCalifornia,2026,Cam,Sidney,S,California,,2026-01-11T19:58:34.000Z,0.87,3.0,Withdrawn
4685558,Tegra,Tshabola,OL,Ohio State,TegraTshabolaOhio State,2026,Tegra,Tshabola,IOL,Ohio State,Kentucky,2026-01-12T21:32:00.000Z,0.93,4.0,Immediate
4685561,Alex,VanSumeren,DT,Michigan State,AlexVanSumerenMichigan State,2026,Alex,VanSumeren,DL,Michigan State,USC,2026-01-06T22:34:00.000Z,0.89,3.0,Immediate
4685569,Caden,Story,DL,Clemson,CadenStoryClemson,2026,Caden,Story,DL,Clemson,,2026-01-10T18:48:00.000Z,,4.0,Withdrawn
4685575,J'Mond,Tapp,DL,Southern Miss,J'MondTappSouthern Miss,2026,J'Mond,Tapp,EDGE,Southern Miss,Memphis,2026-01-11T22:50:00.000Z,0.85,3.0,Immediate
4685584,Jalil,Tucker,DB,Oregon State,JalilTuckerOregon State,2026,Jalil,Tucker,CB,Oregon State,Washington State,2026-01-03T23:53:00.000Z,0.86,3.0,Immediate
4685588,Markeith,Williams,S,Miami,MarkeithWilliamsMiami,2026,Markeith,Williams,S,Miami,Oklahoma State,2026-05-17T18:58:00.000Z,0.85,3.0,Immediate
4685592,Dillon,Tatum,DB,Northwestern,DillonTatumNorthwestern,2026,Dillon,Tatum,S,Northwestern,Miami (OH),2026-01-06T21:48:00.000Z,,4.0,Immediate
4685595,Jaron,Willis,LB,South Carolina,JaronWillisSouth Carolina,2026,Jaron,Willis,LB,South Carolina,Kansas,2026-01-05T22:37:00.000Z,0.85,3.0,Immediate
4685601,Armani,Winfield,WR,Colorado State,ArmaniWinfieldColorado State,2026,Armani,Winfield,WR,Colorado State,South Florida,2026-01-12T15:51:00.000Z,,4.0,Immediate
4685602,Ja'Marion,Wayne,CB,Coastal Carolina,Ja'MarionWayneCoastal Carolina,2026,Ja'Marion,Wayne,CB,Coastal Carolina,,2026-01-09T18:51:00.000Z,,4.0,Withdrawn
4685604,Robert,Woodyard Jr.,LB,Auburn,RobertWoodyard Jr.Auburn,2026,Robert,Woodyard Jr.,LB,Auburn,Missouri,2026-01-06T04:42:00.000Z,0.89,3.0,Immediate
4685605,Joshua,White,DL,Memphis,JoshuaWhiteMemphis,2026,Joshua,White,DL,Memphis,,2025-12-25T05:02:00.000Z,,3.0,Immediate
4685611,Enai,White,DT,Penn State,EnaiWhitePenn State,2026,Enai,White,DL,Penn State,Oklahoma State,2026-01-20T17:15:00.000Z,0.86,3.0,Immediate
4685616,Gentry,Williams,DB,Oklahoma,GentryWilliamsOklahoma,2026,Gentry,Williams,CB,Oklahoma,Georgia,2026-01-13T15:46:00.000Z,0.87,3.0,Immediate
4685618,Popeye,Williams,DE,Western Michigan,PopeyeWilliamsWestern Michigan,2026,Popeye,Williams,EDGE,Western Michigan,,2026-01-02T17:27:00.000Z,,4.0,Immediate
4685625,Kamari,Wilson,S,Memphis,KamariWilsonMemphis,2026,Kamari,Wilson,S,Memphis,West Virginia,2026-01-07T17:41:00.000Z,0.85,3.0,Immediate
4685626,Emar'rion,Winston,DL,Baylor,Emar'rionWinstonBaylor,2026,Emar'rion,Winston,EDGE,Baylor,Arizona State,2026-01-10T00:13:00.000Z,0.86,3.0,Immediate
4685691,Brady,Allen,QB,Louisville,BradyAllenLouisville,2026,Brady,Allen,QB,Louisville,Indiana State,2026-01-08T04:51:00.000Z,0.85,3.0,Immediate
4685693,Devin,Kargman,QB,Kent State,DevinKargmanKent State,2026,Devin,Kargman,QB,Kent State,Maryland,2026-02-04T14:20:00.000Z,0.83,3.0,Immediate
4685696,Beau,Pribula,QB,Missouri,BeauPribulaMissouri,2026,Beau,Pribula,QB,Missouri,Virginia,2026-01-13T02:22:00.000Z,0.9,4.0,Immediate
4685699,Damari,Alston,RB,Auburn,DamariAlstonAuburn,2026,Damari,Alston,RB,Auburn,Tulsa,2026-01-13T16:15:00.000Z,0.86,3.0,Immediate
4685701,James,Jointer Jr.,RB,Eastern Michigan,JamesJointer Jr.Eastern Michigan,2026,James,Jointer Jr.,RB,Eastern Michigan,Central Arkansas,2026-01-09T01:47:00.000Z,,3.0,Immediate
4685732,Johnny,Dickson III,OL,North Texas,JohnnyDickson IIINorth Texas,2026,Johnny,Dickson III,IOL,North Texas,Oklahoma State,2026-01-05T02:58:00.000Z,0.85,3.0,Immediate
4685734,Demetrius,Hunter,OL,Houston,DemetriusHunterHouston,2026,Demetrius,Hunter,IOL,Houston,Colorado,2026-01-14T15:39:00.000Z,0.86,3.0,Immediate
4685737,Neto,Umeozulu,OL,Texas,NetoUmeozuluTexas,2026,Neto,Umeozulu,IOL,Texas,North Texas,2026-01-12T02:20:00.000Z,0.84,3.0,Immediate
4685740,Max,Johnson,QB,North Carolina,MaxJohnsonNorth Carolina,2026,Max,Johnson,QB,North Carolina,Georgia Southern,2026-01-10T19:08:00.000Z,,3.0,Immediate
4686063,Lyndon,Cooper,OL,Pittsburgh,LyndonCooperPittsburgh,2026,Lyndon,Cooper,IOL,Pittsburgh,Vanderbilt,2026-01-07T15:39:00.000Z,0.86,3.0,Immediate
4686218,Chance,Tucker,CB,Notre Dame,ChanceTuckerNotre Dame,2026,Chance,Tucker,CB,Notre Dame,,2025-12-24T06:00:00.000Z,,3.0,Immediate
4686331,Keahnist,Thompson,EDGE,Weber State,KeahnistThompsonWeber State,2026,Keahnist,Thompson,EDGE,Weber State,Michigan State,2026-01-08T23:47:00.000Z,0.85,3.0,Immediate
4686373,Jordan,Brown,WR,Nevada,JordanBrownNevada,2026,Jordan,Brown,WR,Nevada,,2025-12-04T02:56:00.000Z,,,Immediate
4686424,Daniel,Jackson,WR,Iowa State,DanielJacksonIowa State,2026,Daniel,Jackson,WR,Iowa State,,2025-12-21T17:10:00.000Z,,3.0,Immediate
4686556,Amorie,Morrison,DE,UAB,AmorieMorrisonUAB,2026,Amorie,Morrison,EDGE,UAB,,2026-01-06T21:08:00.000Z,,,Immediate
4686657,Fatafehi,Vailea II,DT,North Texas,FatafehiVailea IINorth Texas,2026,Fatafehi,Vailea II,DL,North Texas,Oklahoma State,2026-01-05T20:58:00.000Z,0.85,3.0,Immediate
4686943,David,Kemp,PK,Minnesota,DavidKempMinnesota,2026,David,Kemp,K,Minnesota,Kennesaw State,2026-01-27T02:21:00.000Z,,2.0,Immediate
4687041,JJ,Hawkins,DL,Southern Miss,JJHawkinsSouthern Miss,2026,JJ,Hawkins,EDGE,Southern Miss,,2025-12-27T19:56:00.000Z,0.86,3.0,Immediate
4687358,J'Dan,Burnett,DL,Tulsa,J'DanBurnettTulsa,2026,J'Dan,Burnett,EDGE,Tulsa,Rutgers,2026-01-19T02:17:00.000Z,0.85,3.0,Immediate
4687501,Rodney,Newsom Jr.,OL,South Carolina,RodneyNewsom Jr.South Carolina,2026,Rodney,Newsom Jr.,IOL,South Carolina,,2025-12-29T15:23:00.000Z,,2.0,Immediate
4688387,Myles,Kitt-Denton,WR,San Diego State,MylesKitt-DentonSan Diego State,2026,Myles,Kitt-Denton,WR,San Diego State,,2026-01-02T16:44:00.000Z,,,Immediate
4688561,Jack,Funke,OL,Boston College,JackFunkeBoston College,2026,Jack,Funke,IOL,Boston College,Bryant,2026-01-11T02:39:52.000Z,,3.0,Immediate
4688881,Kyeaure,Magloire,DB,West Georgia,KyeaureMagloireWest Georgia,2026,Kyeaure,Magloire,CB,West Georgia,Arkansas,2026-01-17T00:02:00.000Z,0.84,3.0,Immediate
4689118,Jyzaiah,Rockwell,WR,Prairie View A&M,JyzaiahRockwellPrairie View A&M,2026,Jyzaiah,Rockwell,WR,Prairie View A&M,Western Kentucky,2026-01-08T16:48:00.000Z,0.85,3.0,Immediate
4689196,Tyler,Gillison,EDGE,Michigan State,TylerGillisonMichigan State,2026,Tyler,Gillison,EDGE,Michigan State,Ohio,2026-01-12T20:34:00.000Z,0.84,3.0,Immediate
4689529,Kenji,Christian,RB,Toledo,KenjiChristianToledo,2026,Kenji,Christian,RB,Toledo,,2026-01-02T16:50:00.000Z,,3.0,Immediate
4689572,AJ,Roberts,LB,Stony Brook,AJRobertsStony Brook,2026,AJ,Roberts,LB,Stony Brook,,2026-01-08T16:45:00.000Z,,3.0,Immediate
4689721,Ty,Robinson,WR,Ball State,TyRobinsonBall State,2026,Ty,Robinson,WR,Ball State,Illinois,2026-01-07T22:46:00.000Z,0.85,3.0,Immediate
4689801,Kolubah,Pewee Jr.,DB,UConn,KolubahPewee Jr.UConn,2026,Kolubah,Pewee Jr.,CB,UConn,,2025-12-25T05:41:00.000Z,,,Immediate
4690121,Kervins,Choute,DL,UConn,KervinsChouteUConn,2026,Kervins,Choute,DL,UConn,Virginia,2026-01-16T15:53:00.000Z,0.85,3.0,Immediate
4690591,Cole,Best,OL,South Florida,ColeBestSouth Florida,2026,Cole,Best,IOL,South Florida,Auburn,2026-01-13T00:29:00.000Z,0.89,3.0,PendingAppeal
4690984,Jayden,York,TE,Houston,JaydenYorkHouston,2026,Jayden,York,TE,Houston,,2026-01-12T20:52:00.000Z,,,Immediate
4691272,Stone,Earle,QB,Abilene Christian,StoneEarleAbilene Christian,2026,Stone,Earle,QB,Abilene Christian,,2025-12-27T15:27:00.000Z,,,Immediate
4691315,Umari,Hatcher,WR,Syracuse,UmariHatcherSyracuse,2026,Umari,Hatcher,WR,Syracuse,,2026-01-08T04:13:36.000Z,,3.0,Withdrawn
4691816,Aliou,Bah,OL,Maryland,AliouBahMaryland,2026,Aliou,Bah,IOL,Maryland,LSU,2026-01-14T20:09:00.000Z,0.92,4.0,TBD
4692068,Ni,Mansell,OL,South Alabama,NiMansellSouth Alabama,2026,Ni,Mansell,IOL,South Alabama,,2026-01-10T00:48:00.000Z,,,Immediate
4692820,Joey,Hunter,CB,Memphis,JoeyHunterMemphis,2026,Joey,Hunter,CB,Memphis,,2026-01-09T15:18:00.000Z,,3.0,Immediate
4692969,Jeremiah,Katt,OL,Northern Arizona,JeremiahKattNorthern Arizona,2026,Jeremiah,Katt,IOL,Northern Arizona,Wyoming,2026-01-21T02:53:00.000Z,0.84,3.0,Immediate
4693901,Roy,Alexander,WR,Texas Tech,RoyAlexanderTexas Tech,2026,Roy,Alexander,WR,Texas Tech,,2026-01-05T23:20:00.000Z,,,Immediate
4694149,Walker,Eget,QB,San José State,WalkerEgetSan José State,2026,Walker,Eget,QB,San José State,Duke,2026-01-26T02:06:00.000Z,0.86,3.0,Immediate
4694447,Codie,Hornsby,OL,Tulsa,CodieHornsbyTulsa,2026,Codie,Hornsby,IOL,Tulsa,,2026-01-05T19:48:00.000Z,,,Immediate
4694500,James,Jennette,DL,Virginia Tech,JamesJennetteVirginia Tech,2026,James,Jennette,EDGE,Virginia Tech,Utah State,2026-01-21T21:00:00.000Z,0.86,3.0,Immediate
4695195,Jett,Carpenter,TE,Nevada,JettCarpenterNevada,2026,Jett,Carpenter,TE,Nevada,Texas Tech,2026-01-09T21:47:00.000Z,0.85,3.0,Immediate
4695426,Max,Baloun,DT,Washington State,MaxBalounWashington State,2026,Max,Baloun,DL,Washington State,Iowa State,2026-01-05T21:35:00.000Z,0.83,3.0,Immediate
4695709,Devin,Brown,QB,California,DevinBrownCalifornia,2026,Devin,Brown,QB,California,Weber State,2026-01-16T16:58:00.000Z,,4.0,Immediate
4695711,Max,Whisner,TE,Akron,MaxWhisnerAkron,2026,Max,Whisner,TE,Akron,Sam Houston,2026-01-17T17:55:00.000Z,0.83,3.0,Immediate
4696058,Tyshawn,Wyatt,OL,Virginia,TyshawnWyattVirginia,2026,Tyshawn,Wyatt,OT,Virginia,,2025-12-09T01:57:00.000Z,,3.0,Immediate
4696094,Dorian,Royal,DT,Georgia State,DorianRoyalGeorgia State,2026,Dorian,Royal,DL,Georgia State,,2025-12-04T23:30:00.000Z,0.85,3.0,Immediate
4697633,Dylan,Paine,RB,Washington State,DylanPaineWashington State,2026,Dylan,Paine,RB,Washington State,Montana,2026-01-20T23:40:00.000Z,,2.0,Immediate
4697738,Adama,Fall,DB,Arizona State,AdamaFallArizona State,2026,Adama,Fall,S,Arizona State,Montana,2026-01-11T13:27:00.000Z,,,Immediate
4698120,Kevin,Schaeffer,TE,Rhode Island,KevinSchaefferRhode Island,2026,Kevin,Schaeffer,TE,Rhode Island,Florida International,2026-01-10T21:16:00.000Z,,,Immediate
4698710,Santana,Hopper,DL,Tulane,SantanaHopperTulane,2026,Santana,Hopper,DL,Tulane,Colorado,2026-01-05T18:12:00.000Z,0.87,3.0,Immediate
4698727,Dallan,Hayden,RB,Colorado,DallanHaydenColorado,2026,Dallan,Hayden,RB,Colorado,Memphis,2026-01-11T20:35:00.000Z,0.86,3.0,Immediate
4698883,John,Long,OL,Rice,JohnLongRice,2026,John,Long,IOL,Rice,,2025-12-09T15:19:00.000Z,,3.0,Immediate
4699866,Nic,Anderson,WR,LSU,NicAndersonLSU,2026,Nic,Anderson,WR,LSU,Kentucky,2026-01-14T16:22:00.000Z,0.88,3.0,Immediate
4700135,Cam,Fancher,QB,UCF,CamFancherUCF,2026,Cam,Fancher,QB,UCF,Michigan State,2026-01-06T21:35:00.000Z,0.85,3.0,Immediate
4700147,Joseph,Griffin Jr.,WR,Wisconsin,JosephGriffin Jr.Wisconsin,2026,Joseph,Griffin Jr.,WR,Wisconsin,Massachusetts,2026-01-17T20:42:00.000Z,0.84,3.0,Immediate
4700811,Ja'Quez,Cross,RB,Arkansas State,Ja'QuezCrossArkansas State,2026,Ja'Quez,Cross,RB,Arkansas State,App State,2026-06-01T21:42:00.000Z,,3.0,Immediate
4701541,Ty,Clemons,DT,Boston College,TyClemonsBoston College,2026,Ty,Clemons,DL,Boston College,Troy,2026-01-23T00:01:07.000Z,0.84,3.0,Immediate
4701591,Boogsie,Silvera,DB,South Florida,BoogsieSilveraSouth Florida,2026,Boogsie,Silvera,S,South Florida,Sacramento State,2026-01-15T16:33:00.000Z,0.8,3.0,Immediate
4701593,Mojo,Dortch,WR,Troy,MojoDortchTroy,2026,Mojo,Dortch,WR,Troy,,2026-01-10T19:12:00.000Z,,4.0,Withdrawn
4701934,Jadyn,Marshall,DB,UCLA,JadynMarshallUCLA,2026,Jadyn,Marshall,WR,UCLA,,2025-12-25T00:50:00.000Z,,4.0,Immediate
4701937,Myles,Pollard,DB,Memphis,MylesPollardMemphis,2026,Myles,Pollard,S,Memphis,East Carolina,2026-01-14T22:58:00.000Z,0.84,3.0,Immediate
4701953,Kenzy,Paul,S,Duke,KenzyPaulDuke,2026,Kenzy,Paul,S,Duke,,2025-12-19T21:39:00.000Z,,3.0,Immediate
4702556,Arlis,Boardingham,TE,Bowling Green,ArlisBoardinghamBowling Green,2026,Arlis,Boardingham,TE,Bowling Green,Auburn,2026-01-23T15:53:00.000Z,0.86,3.0,Immediate
4702574,Quan,Lee,WR,Arkansas State,QuanLeeArkansas State,2026,Quan,Lee,WR,Arkansas State,,2026-01-08T15:44:00.000Z,,4.0,Immediate
4702579,Daughtry,Richardson,OL,Florida Atlantic,DaughtryRichardsonFlorida Atlantic,2026,Daughtry,Richardson,OT,Florida Atlantic,Coastal Carolina,2026-01-19T03:38:00.000Z,0.83,3.0,Immediate
4702728,Kristian,Phillips,OL,Michigan State,KristianPhillipsMichigan State,2026,Kristian,Phillips,IOL,Michigan State,Boston College,2026-01-07T19:11:41.000Z,0.86,3.0,Immediate
4702749,Fitzgerald,West Jr.,DL,Louisiana,FitzgeraldWest Jr.Louisiana,2026,Fitzgerald,West Jr.,DL,Louisiana,,2026-01-20T21:26:00.000Z,,3.0,Withdrawn
4702755,Amorion,Walker,WR,Middle Tennessee,AmorionWalkerMiddle Tennessee,2026,Amorion,Walker,WR,Middle Tennessee,UNLV,2026-01-14T12:38:00.000Z,0.84,3.0,Immediate
4702789,Justin,Medlock,LB,SMU,JustinMedlockSMU,2026,Justin,Medlock,LB,SMU,Boston College,2026-01-15T18:52:00.000Z,0.85,3.0,Immediate
4702822,Curlee,Thomas IV,DL,California,CurleeThomas IVCalifornia,2026,Curlee,Thomas IV,EDGE,California,North Texas,2026-01-09T01:26:00.000Z,,3.0,Immediate
4702826,LaKelsey,Johnson Jr.,TE,Baylor,LaKelseyJohnson Jr.Baylor,2026,LaKelsey,Johnson Jr.,TE,Baylor,Liberty,2026-01-13T20:58:00.000Z,0.84,3.0,Immediate
4702829,Braedyn,Locke,QB,Arizona,BraedynLockeArizona,2026,Braedyn,Locke,QB,Arizona,Tarleton State,2026-01-13T14:34:00.000Z,0.85,3.0,Immediate
4702893,Richard,Toney Jr.,DB,Purdue,RichardToney Jr.Purdue,2026,Richard,Toney Jr.,S,Purdue,,2026-01-02T05:40:00.000Z,,2.0,Immediate
4702919,Quincy,Wright,DT,Arkansas State,QuincyWrightArkansas State,2026,Quincy,Wright,DL,Arkansas State,Utah State,2026-01-13T19:09:00.000Z,0.82,3.0,Immediate
4703023,Mike,Diatta,DT,Oklahoma State,MikeDiattaOklahoma State,2026,Mike,Diatta,DL,Oklahoma State,Vanderbilt,2026-01-19T18:42:00.000Z,0.86,3.0,Immediate
4703026,Aiden,Gobaira,DL,James Madison,AidenGobairaJames Madison,2026,Aiden,Gobaira,EDGE,James Madison,UCLA,2026-01-05T22:39:00.000Z,0.88,3.0,Immediate
4703027,Eli,Hall,DL,Liberty,EliHallLiberty,2026,Eli,Hall,EDGE,Liberty,UAB,2026-01-19T02:08:00.000Z,0.84,3.0,Immediate
4703030,Jaiven,Plummer,WR,California,JaivenPlummerCalifornia,2026,Jaiven,Plummer,WR,California,Georgia Tech,2026-01-17T23:42:00.000Z,0.86,3.0,Immediate
4705514,Jared,Badie,LB,San Diego State,JaredBadieSan Diego State,2026,Jared,Badie,EDGE,San Diego State,Ball State,2026-02-04T13:12:00.000Z,0.85,3.0,Immediate
4705631,Chase,Simmons,TE,Syracuse,ChaseSimmonsSyracuse,2026,Chase,Simmons,DL,Syracuse,,2026-01-02T06:00:00.000Z,,3.0,Immediate
4705793,Gavin,Broscious,OL,Michigan State,GavinBrosciousMichigan State,2026,Gavin,Broscious,IOL,Michigan State,Iowa State,2026-01-07T12:35:00.000Z,0.85,3.0,Immediate
4707184,DJ,McKinney,CB,Colorado,DJMcKinneyColorado,2026,DJ,McKinney,CB,Colorado,Notre Dame,2026-01-09T20:28:00.000Z,0.91,4.0,Immediate
4708051,Carter,Brown,PK,Utah State,CarterBrownUtah State,2026,Carter,Brown,K,Utah State,Tennessee Tech,2026-01-15T02:23:00.000Z,,2.0,Immediate
4709377,Jaylen,Blackwell,LB,Boston College,JaylenBlackwellBoston College,2026,Jaylen,Blackwell,LB,Boston College,,2026-01-03T20:49:00.000Z,,2.0,Immediate
4709669,Christian,Moss,WR,Kennesaw State,ChristianMossKennesaw State,2026,Christian,Moss,WR,Kennesaw State,Washington,2026-01-18T17:17:00.000Z,0.87,3.0,Immediate
4709685,Marcus,Williams,S,Rice,MarcusWilliamsRice,2026,Marcus,Williams,S,Rice,Mississippi State,2026-01-08T00:32:00.000Z,0.85,3.0,Immediate
4709804,Cole,Rusk,TE,Illinois,ColeRuskIllinois,2026,Cole,Rusk,TE,Illinois,Arizona,2026-01-06T17:11:00.000Z,0.91,4.0,Immediate
4710001,CJ,Montes,QB,Kent State,CJMontesKent State,2026,CJ,Montes,QB,Kent State,,2025-12-10T06:00:00.000Z,0.84,3.0,Immediate
4710019,Dalton,Hughes,LB,South Alabama,DaltonHughesSouth Alabama,2026,Dalton,Hughes,LB,South Alabama,Tulane,2026-01-14T20:48:53.000Z,0.82,3.0,Immediate
4710027,Ed,Smith IV,DL,South Alabama,EdSmith IVSouth Alabama,2026,Ed,Smith IV,DL,South Alabama,Tulane,2026-01-12T01:57:00.000Z,0.83,3.0,Immediate
4710276,Caldra,Williford,CB,Baylor,CaldraWillifordBaylor,2026,Caldra,Williford,CB,Baylor,Tulsa,2026-01-21T03:09:00.000Z,0.85,3.0,Immediate
4710779,Skyler,Grant,OL,Old Dominion,SkylerGrantOld Dominion,2026,Skyler,Grant,IOL,Old Dominion,Memphis,2026-01-14T15:03:00.000Z,0.85,3.0,Immediate
4710860,Oran,Singleton Jr.,WR,West Virginia,OranSingleton Jr.West Virginia,2026,Oran,Singleton Jr.,WR,West Virginia,Tulsa,2026-01-11T18:58:00.000Z,,3.0,Immediate
4711408,Horatio,Fields,WR,Auburn,HoratioFieldsAuburn,2026,Horatio,Fields,WR,Auburn,Ole Miss,2026-01-29T17:17:05.000Z,0.9,4.0,Immediate
4711413,Connor,Jones,OL,Michigan,ConnorJonesMichigan,2026,Connor,Jones,OT,Michigan,Georgia State,2026-01-06T15:28:31.000Z,0.85,3.0,Immediate
4711421,CJ,Smith,WR,Memphis,CJSmithMemphis,2026,CJ,Smith,WR,Memphis,UAB,2026-01-16T18:20:00.000Z,0.84,3.0,Immediate
4712328,Anthony,Simpson,WR,Michigan,AnthonySimpsonMichigan,2026,Anthony,Simpson,WR,Michigan,Toledo,2026-01-17T15:04:00.000Z,0.83,3.0,Immediate
4712886,Mekhi,Miller,WR,Tulsa,MekhiMillerTulsa,2026,Mekhi,Miller,WR,Tulsa,Missouri State,2026-01-11T18:15:00.000Z,,3.0,Immediate
4713305,Dante,Thomas,S,Coastal Carolina,DanteThomasCoastal Carolina,2026,Dante,Thomas,S,Coastal Carolina,,2026-01-16T15:55:00.000Z,,3.0,Immediate
4713312,Princeton,Malbrue,LB,LSU,PrincetonMalbrueLSU,2026,Princeton,Malbrue,LB,LSU,Louisiana,2026-01-13T16:59:00.000Z,0.82,3.0,Immediate
4713358,Jayden,Gibson,WR,Oklahoma,JaydenGibsonOklahoma,2026,Jayden,Gibson,WR,Oklahoma,South Carolina,2026-01-05T02:53:00.000Z,0.86,3.0,Immediate
4713649,Drew,Dickey,QB,Vanderbilt,DrewDickeyVanderbilt,2026,Drew,Dickey,QB,Vanderbilt,Arkansas State,2026-01-04T00:31:00.000Z,0.82,3.0,Immediate
4714300,Holden,Geriner,QB,Texas State,HoldenGerinerTexas State,2026,Holden,Geriner,QB,Texas State,Pittsburgh,2026-01-16T22:49:00.000Z,0.83,3.0,Immediate
4714496,Taj,White,OL,Rutgers,TajWhiteRutgers,2026,Taj,White,OT,Rutgers,Colorado,2026-01-07T22:40:00.000Z,0.87,3.0,Immediate
4715347,Cameron,Epps,S,Oklahoma State,CameronEppsOklahoma State,2026,Cameron,Epps,S,Oklahoma State,,2026-01-09T17:47:00.000Z,0.85,3.0,Withdrawn
4717430,Chris,Marshall,WR,Boise State,ChrisMarshallBoise State,2026,Chris,Marshall,WR,Boise State,Arkansas,2026-01-11T23:17:00.000Z,0.87,3.0,Immediate
4717697,DJ,Wesolak,DL,Missouri State,DJWesolakMissouri State,2026,DJ,Wesolak,EDGE,Missouri State,Coastal Carolina,2026-04-22T02:08:00.000Z,0.84,3.0,Immediate
4718462,Caden,Crawford,DE,South Dakota,CadenCrawfordSouth Dakota,2026,Caden,Crawford,EDGE,South Dakota,Iowa State,2026-01-07T18:37:00.000Z,0.86,3.0,Immediate
4720942,Coleton,Price,OL,Baylor,ColetonPriceBaylor,2026,Coleton,Price,IOL,Baylor,Kentucky,2026-01-05T15:11:00.000Z,0.94,4.0,Immediate
4726128,Ethan,Green,OL,Cincinnati,EthanGreenCincinnati,2026,Ethan,Green,OT,Cincinnati,South Florida,2026-01-05T23:47:00.000Z,0.85,3.0,Immediate
4738818,Jamaal,Johnson,EDGE,UCF,JamaalJohnsonUCF,2026,Jamaal,Johnson,EDGE,UCF,Northwestern,2026-01-06T22:09:00.000Z,0.84,3.0,Immediate
4742092,Bishop,Thomas,DL,Georgia State,BishopThomasGeorgia State,2026,Bishop,Thomas,DL,Georgia State,Oklahoma,2026-01-13T01:20:00.000Z,0.86,3.0,Immediate
4749271,Justin,Smith-Brown,WR,West Virginia,JustinSmith-BrownWest Virginia,2026,Justin,Smith-Brown,WR,West Virginia,,2026-01-17T05:32:00.000Z,,,Immediate
4755664,Nick,Evers,QB,UConn,NickEversUConn,2026,Nick,Evers,QB,UConn,Missouri,2026-01-13T15:48:00.000Z,0.85,3.0,Immediate
4757958,Ashton,Lepo,OL,Michigan State,AshtonLepoMichigan State,2026,Ashton,Lepo,OT,Michigan State,Oklahoma State,2026-01-10T17:24:00.000Z,0.86,3.0,Immediate
4769832,Ethan,Kramer,OL,Northern Arizona,EthanKramerNorthern Arizona,2026,Ethan,Kramer,IOL,Northern Arizona,East Carolina,2026-01-07T19:18:00.000Z,,,Immediate
4769838,Nick,Norris,DL,Oregon State,NickNorrisOregon State,2026,Nick,Norris,EDGE,Oregon State,,2026-01-17T05:35:00.000Z,,,Immediate
4770038,Devin,Ellison,WR,Washington State,DevinEllisonWashington State,2026,Devin,Ellison,WR,Washington State,New Mexico State,2026-01-18T20:38:00.000Z,0.84,3.0,Immediate
4775257,Caleb,Brown,DB,Virginia Tech,CalebBrownVirginia Tech,2026,Caleb,Brown,CB,Virginia Tech,Hawai'i,2026-01-09T00:52:00.000Z,,3.0,Immediate
4781742,Trey,McDonald,LB,Virginia,TreyMcDonaldVirginia,2026,Trey,McDonald,LB,Virginia,,2025-12-29T18:46:00.000Z,,3.0,Immediate
4782663,Linus,Zunk,DL,Vanderbilt,LinusZunkVanderbilt,2026,Linus,Zunk,EDGE,Vanderbilt,Washington State,2026-01-09T02:56:45.000Z,0.87,3.0,Immediate
4789223,Malachi,Davis,DL,Toledo,MalachiDavisToledo,2026,Malachi,Davis,EDGE,Toledo,Rutgers,2026-01-04T20:02:00.000Z,0.86,3.0,Immediate
4790965,Donovan,Leary,QB,Tulane,DonovanLearyTulane,2026,Donovan,Leary,QB,Tulane,West Florida,2026-04-14T19:26:00.000Z,0.85,3.0,Immediate
4794102,Zeke,Berry,CB,Michigan,ZekeBerryMichigan,2026,Zeke,Berry,CB,Michigan,,2026-01-02T19:07:00.000Z,0.87,3.0,Immediate
4794106,Ryan,Brubaker,OL,South Carolina,RyanBrubakerSouth Carolina,2026,Ryan,Brubaker,IOL,South Carolina,Virginia,2026-01-13T14:02:00.000Z,0.85,3.0,Immediate
4794108,Austin,Ausberry,S,LSU,AustinAusberryLSU,2026,Austin,Ausberry,S,LSU,Baylor,2026-01-19T02:50:24.000Z,0.85,3.0,Immediate
4795295,Katin,Houser,QB,East Carolina,KatinHouserEast Carolina,2026,Katin,Houser,QB,East Carolina,Illinois,2026-01-05T01:35:00.000Z,0.88,3.0,Immediate
4801276,Houston,Thomas,TE,UTSA,HoustonThomasUTSA,2026,Houston,Thomas,TE,UTSA,Texas A&M,2026-01-03T21:21:00.000Z,0.85,3.0,Immediate
4801299,Rocco,Becht,QB,Iowa State,RoccoBechtIowa State,2026,Rocco,Becht,QB,Iowa State,Penn State,2026-01-04T21:20:00.000Z,0.94,4.0,Immediate
4801307,Tayven,Jackson,QB,UCF,TayvenJacksonUCF,2026,Tayven,Jackson,QB,UCF,North Texas,2026-01-12T20:05:47.000Z,0.86,3.0,Immediate
4804842,Croix,Stewart,DB,UCLA,CroixStewartUCLA,2026,Croix,Stewart,S,UCLA,Fresno State,2026-01-20T19:51:00.000Z,0.85,3.0,Immediate
4804878,Cooper,Barkate,WR,Duke,CooperBarkateDuke,2026,Cooper,Barkate,WR,Duke,Miami,2026-01-22T04:57:00.000Z,0.94,4.0,Immediate
4804885,Brandon,Rose,QB,Massachusetts,BrandonRoseMassachusetts,2026,Brandon,Rose,QB,Massachusetts,Utah,2026-06-01T14:30:00.000Z,,3.0,Immediate
4804887,Joe,Swen,DB,Sam Houston,JoeSwenSam Houston,2026,Joe,Swen,CB,Sam Houston,,2026-01-15T17:23:00.000Z,,3.0,TBD
4805256,Sutton,Smith,RB,Memphis,SuttonSmithMemphis,2026,Sutton,Smith,RB,Memphis,Arkansas,2026-01-06T00:34:05.000Z,0.86,3.0,Immediate
4806381,Jarel,Williams,WR,West Virginia,JarelWilliamsWest Virginia,2026,Jarel,Williams,WR,West Virginia,,2025-12-28T19:53:00.000Z,,3.0,Immediate
4808718,Wesley,Miller,DB,South Alabama,WesleyMillerSouth Alabama,2026,Wesley,Miller,S,South Alabama,Florida International,2026-01-12T18:45:00.000Z,0.84,3.0,Immediate
4808719,Zach,Wilcke,QB,Charlotte,ZachWilckeCharlotte,2026,Zach,Wilcke,QB,Charlotte,Northwestern State,2026-01-10T01:31:00.000Z,,,Immediate
4808742,Ja'Cari,Henderson,DB,UCF,Ja'CariHendersonUCF,2026,Ja'Cari,Henderson,CB,UCF,App State,2026-01-09T01:06:00.000Z,0.85,3.0,Immediate
4808743,Omar,Graham Jr.,LB,Florida State,OmarGraham Jr.Florida State,2026,Omar,Graham Jr.,LB,Florida State,,2025-12-16T21:34:00.000Z,0.91,4.0,Immediate
4808745,Leyton,Nelson,OL,Wisconsin,LeytonNelsonWisconsin,2026,Leyton,Nelson,OT,Wisconsin,,2026-01-17T05:26:00.000Z,,3.0,Immediate
4808747,Jamaal,Whyce Jr.,DL,Marshall,JamaalWhyce Jr.Marshall,2026,Jamaal,Whyce Jr.,DL,Marshall,Baylor,2026-01-07T17:05:41.000Z,0.86,3.0,Immediate
4808749,Chris,Graves Jr.,CB,Ole Miss,ChrisGraves Jr.Ole Miss,2026,Chris,Graves Jr.,CB,Ole Miss,Missouri,2026-01-20T13:42:49.000Z,0.88,3.0,Immediate
4808758,Kajuan,Banks,DB,South Florida,KajuanBanksSouth Florida,2026,Kajuan,Banks,CB,South Florida,Tulane,2026-01-17T00:22:00.000Z,0.85,3.0,Immediate
4808763,London,Hall,LB,Temple,LondonHallTemple,2026,London,Hall,LB,Temple,Bethune-Cookman,2026-01-13T11:16:00.000Z,,3.0,Immediate
4808767,Xavier,Townsend,WR,Iowa State,XavierTownsendIowa State,2026,Xavier,Townsend,WR,Iowa State,Purdue,2026-01-11T20:19:00.000Z,0.86,3.0,Immediate
4808990,Cincear,Lewis,LB,Cincinnati,CincearLewisCincinnati,2026,Cincear,Lewis,LB,Cincinnati,Ball State,2026-02-04T16:17:00.000Z,0.83,3.0,Immediate
4808993,Derrell,Johnson II,OL,Wake Forest,DerrellJohnson IIWake Forest,2026,Derrell,Johnson II,IOL,Wake Forest,,2026-01-10T18:36:00.000Z,0.83,3.0,Withdrawn
4808997,Mekhi,Mason,LB,Louisiana Tech,MekhiMasonLouisiana Tech,2026,Mekhi,Mason,LB,Louisiana Tech,Kansas State,2026-01-06T15:55:00.000Z,0.86,3.0,Immediate
4809893,Elijah,Mc-Cantos,DB,App State,ElijahMc-CantosApp State,2026,Elijah,Mc-Cantos,S,App State,Colorado State,2026-01-17T00:06:00.000Z,0.85,3.0,Immediate
4812334,Tray,Brown,LB,Coastal Carolina,TrayBrownCoastal Carolina,2026,Tray,Brown,LB,Coastal Carolina,,2026-01-27T20:07:28.000Z,,3.0,Withdrawn
4812340,James,Monds III,DB,Eastern Michigan,JamesMonds IIIEastern Michigan,2026,James,Monds III,CB,Eastern Michigan,,2026-01-17T05:39:00.000Z,,3.0,Immediate
4812346,Eric,Weatherly,WR,Ball State,EricWeatherlyBall State,2026,Eric,Weatherly,WR,Ball State,,2025-12-01T18:36:00.000Z,,3.0,Immediate
4812367,Ade,Willie,DB,Michigan State,AdeWillieMichigan State,2026,Ade,Willie,CB,Michigan State,North Carolina,2026-01-08T22:16:00.000Z,0.86,3.0,Immediate
4812373,TJ,Bullard,LB,UCF,TJBullardUCF,2026,TJ,Bullard,LB,UCF,Florida,2026-01-12T16:54:00.000Z,0.84,3.0,Immediate
4812378,Tellek,Lockette,OL,Texas State,TellekLocketteTexas State,2026,Tellek,Lockette,IOL,Texas State,Maryland,2026-01-21T21:06:00.000Z,0.86,3.0,Immediate
4812379,Jordy,Lowery,DB,East Carolina,JordyLoweryEast Carolina,2026,Jordy,Lowery,CB,East Carolina,Florida,2026-01-21T15:44:00.000Z,0.86,3.0,Immediate
4812380,Kam,Moore,LB,UCF,KamMooreUCF,2026,Kam,Moore,LB,UCF,Arkansas State,2026-01-29T16:52:00.000Z,0.82,3.0,Immediate
4812383,Tawfiq,Thomas,DT,Colorado,TawfiqThomasColorado,2026,Tawfiq,Thomas,DL,Colorado,Georgia Tech,2026-01-09T19:35:00.000Z,0.86,3.0,Immediate
4816073,Colby,McCalister,S,Kansas State,ColbyMcCalisterKansas State,2026,Colby,McCalister,S,Kansas State,Baylor,2026-01-10T18:15:00.000Z,0.86,3.0,Immediate
4816082,Tre'Von,McAlpine,DT,Tulane,Tre'VonMcAlpineTulane,2026,Tre'Von,McAlpine,DL,Tulane,Kansas,2026-01-06T18:45:00.000Z,0.86,3.0,Immediate
4816083,Daeh,McCullough,DB,Louisville,DaehMcCulloughLouisville,2026,Daeh,McCullough,S,Louisville,Western Michigan,2026-01-23T17:11:00.000Z,0.84,3.0,Immediate
4816086,Tae,Woody,DL,UL Monroe,TaeWoodyUL Monroe,2026,Tae,Woody,DL,UL Monroe,Texas State,2026-01-20T15:12:00.000Z,0.84,3.0,Immediate
4816095,Blaine,Hipa,QB,Princeton,BlaineHipaPrinceton,2026,Blaine,Hipa,QB,Princeton,Duke,2026-03-23T16:04:00.000Z,0.85,3.0,Immediate
4816098,Makhi,Hughes,RB,Oregon,MakhiHughesOregon,2026,Makhi,Hughes,RB,Oregon,Houston,2026-01-04T19:28:00.000Z,0.88,3.0,Immediate
4816104,Michael,Masunas,TE,Michigan State,MichaelMasunasMichigan State,2026,Michael,Masunas,TE,Michigan State,Texas,2026-01-05T22:38:00.000Z,0.86,3.0,Immediate
4816321,Travis,Gray,OL,New Mexico,TravisGrayNew Mexico,2026,Travis,Gray,OT,New Mexico,,2025-12-27T22:33:00.000Z,,3.0,Immediate
4816323,Nate,Kurisky,TE,Louisville,NateKuriskyLouisville,2026,Nate,Kurisky,TE,Louisville,Duke,2026-01-04T19:24:00.000Z,0.85,3.0,Immediate
4816326,Braden,Miller,OL,California,BradenMillerCalifornia,2026,Braden,Miller,OT,California,Duke,2026-01-08T16:01:00.000Z,0.88,3.0,Immediate
4819226,Brody,Foley,TE,Tulsa,BrodyFoleyTulsa,2026,Brody,Foley,TE,Tulsa,Louisville,2026-01-07T03:33:00.000Z,0.92,4.0,Immediate
4819228,Rodney,Harris II,WR,Ohio,RodneyHarris IIOhio,2026,Rodney,Harris II,WR,Ohio,Oklahoma State,2026-01-16T20:26:00.000Z,0.85,3.0,Immediate
4819260,Adam,Trick,LB,Miami (OH),AdamTrickMiami (OH),2026,Adam,Trick,EDGE,Miami (OH),Texas Tech,2026-01-07T18:11:00.000Z,0.9,4.0,Immediate
4820583,Jayden,Rowe,CB,Kansas State,JaydenRoweKansas State,2026,Jayden,Rowe,CB,Kansas State,Baylor,2026-01-09T20:34:00.000Z,0.85,3.0,Immediate
4823975,Avyonne,Jones,S,Coastal Carolina,AvyonneJonesCoastal Carolina,2026,Avyonne,Jones,S,Coastal Carolina,Stephen F. Austin,2026-01-27T20:10:36.000Z,,3.0,Immediate
4824124,Alex,Broome,RB,Boston College,AlexBroomeBoston College,2026,Alex,Broome,RB,Boston College,,2026-01-02T15:42:00.000Z,,3.0,Immediate
4826502,Ikenna,Ezeogu,DE,Iowa State,IkennaEzeoguIowa State,2026,Ikenna,Ezeogu,DL,Iowa State,Penn State,2026-01-14T21:59:00.000Z,0.88,3.0,Immediate
4826504,Kaleb,Purdy,DB,Tennessee Tech,KalebPurdyTennessee Tech,2026,Kaleb,Purdy,S,Tennessee Tech,App State,2026-01-08T01:34:00.000Z,0.85,3.0,Immediate
4826528,Caleb,Merritt,DT,Wyoming,CalebMerrittWyoming,2026,Caleb,Merritt,S,Wyoming,Austin Peay,2026-01-24T19:14:00.000Z,,3.0,Immediate
4827043,SaVeon,Brown,LB,Buffalo,SaVeonBrownBuffalo,2026,SaVeon,Brown,S,Buffalo,,2026-01-10T19:00:00.000Z,,3.0,Withdrawn
4827044,Val,Erickson,OL,NC State,ValEricksonNC State,2026,Val,Erickson,OT,NC State,Liberty,2026-01-04T20:23:00.000Z,,3.0,Immediate
4827049,Max,Reese,TE,Mississippi State,MaxReeseMississippi State,2026,Max,Reese,TE,Mississippi State,North Texas,2026-01-10T16:46:00.000Z,,3.0,Immediate
4831962,Kye,Stokes,S,Cincinnati,KyeStokesCincinnati,2026,Kye,Stokes,S,Cincinnati,Utah State,2026-02-04T17:08:00.000Z,0.83,3.0,Immediate
4831971,Kalen,Carroll,CB,Central Michigan,KalenCarrollCentral Michigan,2026,Kalen,Carroll,CB,Central Michigan,TCU,2026-01-09T20:10:00.000Z,0.85,3.0,Immediate
4831973,Keylen,Davis,OL,Akron,KeylenDavisAkron,2026,Keylen,Davis,IOL,Akron,Pittsburgh,2026-01-08T23:48:00.000Z,0.85,3.0,Immediate
4831987,Jaden,Mangham,DB,Michigan,JadenManghamMichigan,2026,Jaden,Mangham,S,Michigan,Purdue,2026-01-05T21:00:00.000Z,0.87,3.0,Immediate
4832020,Kade,Kostus,DL,Central Michigan,KadeKostusCentral Michigan,2026,Kade,Kostus,DL,Central Michigan,,2025-12-09T06:00:00.000Z,,3.0,Immediate
4832042,Kenny,Soares Jr.,EDGE,NC State,KennySoares Jr.NC State,2026,Kenny,Soares Jr.,LB,NC State,Michigan State,2026-01-13T17:35:00.000Z,0.86,3.0,Immediate
4832593,Paul,Oyewale,LB,TCU,PaulOyewaleTCU,2026,Paul,Oyewale,EDGE,TCU,,2025-12-16T02:47:00.000Z,0.87,3.0,Immediate
4832790,Garrison,Madden,LB,USC,GarrisonMaddenUSC,2026,Garrison,Madden,LB,USC,Western Kentucky,2026-01-11T18:50:00.000Z,0.84,3.0,Immediate
4832818,Hall,Schmidt,OL,Boise State,HallSchmidtBoise State,2026,Hall,Schmidt,OT,Boise State,UCLA,2026-01-05T21:58:00.000Z,0.83,3.0,Immediate
4832831,Keon,Wylie,LB,Penn State,KeonWyliePenn State,2026,Keon,Wylie,LB,Penn State,Virginia Tech,2026-01-08T16:20:00.000Z,0.87,3.0,Immediate
4832848,Nick,Del Grande,OL,Coastal Carolina,NickDel GrandeCoastal Carolina,2026,Nick,Del Grande,OT,Coastal Carolina,Duke,2026-01-05T20:10:00.000Z,0.85,3.0,Immediate
4832849,Gavin,Garcia,RB,Kent State,GavinGarciaKent State,2026,Gavin,Garcia,RB,Kent State,,2025-12-28T00:56:00.000Z,,3.0,Immediate
4832851,Lavon,Johnson,DL,Texas,LavonJohnsonTexas,2026,Lavon,Johnson,DL,Texas,Maryland,2026-01-11T20:17:00.000Z,0.88,3.0,Immediate
4832875,Leon,Haughton Jr.,TE,Maryland,LeonHaughton Jr.Maryland,2026,Leon,Haughton Jr.,TE,Maryland,Old Dominion,2026-01-18T20:41:00.000Z,0.83,3.0,Immediate
4832923,Maarten,Woudsma,OL,Old Dominion,MaartenWoudsmaOld Dominion,2026,Maarten,Woudsma,IOL,Old Dominion,Old Dominion,2026-01-08T20:27:10.000Z,0.85,3.0,Immediate
4832953,Chase,Carter,DL,Memphis,ChaseCarterMemphis,2026,Chase,Carter,DL,Memphis,,2025-12-25T05:09:00.000Z,,3.0,Immediate
4832954,Deylin,Hasert,OL,Iowa State,DeylinHasertIowa State,2026,Deylin,Hasert,IOL,Iowa State,Georgia State,2026-01-07T01:52:33.000Z,,3.0,Immediate
4833016,Chedon,James,WR,Incarnate Word,ChedonJamesIncarnate Word,2026,Chedon,James,WR,Incarnate Word,Idaho State,2026-02-01T01:00:00.000Z,0.83,3.0,Immediate
4833073,Zion,Steptoe,WR,Tulsa,ZionSteptoeTulsa,2026,Zion,Steptoe,WR,Tulsa,Minnesota,2026-01-10T15:46:00.000Z,0.85,3.0,Immediate
4833237,Blake,Ford,PK,Arkansas,BlakeFordArkansas,2026,Blake,Ford,K,Arkansas,Georgia Southern,2026-01-11T22:07:00.000Z,,,Immediate
4833241,Gage,Roy,QB,USC,GageRoyUSC,2026,Gage,Roy,QB,USC,Illinois State,2026-01-21T13:33:00.000Z,,,Immediate
4833353,Trudell,Berry,CB,Vanderbilt,TrudellBerryVanderbilt,2026,Trudell,Berry,CB,Vanderbilt,Oklahoma State,2026-01-14T03:02:00.000Z,0.86,3.0,Immediate
4833356,Zach,Courtney,TE,Coastal Carolina,ZachCourtneyCoastal Carolina,2026,Zach,Courtney,TE,Coastal Carolina,,2026-01-02T02:34:00.000Z,,3.0,Immediate
4833357,Jeremiah,Cooper,S,Iowa State,JeremiahCooperIowa State,2026,Jeremiah,Cooper,S,Iowa State,Penn State,2026-01-11T19:26:00.000Z,0.87,3.0,Immediate
4833363,Austin,Kawecki,OL,Oklahoma State,AustinKaweckiOklahoma State,2026,Austin,Kawecki,IOL,Oklahoma State,Wisconsin,2026-01-04T22:01:00.000Z,0.87,3.0,Immediate
4833595,Kyron,Chambers,CB,SMU,KyronChambersSMU,2026,Kyron,Chambers,CB,SMU,UNLV,2026-01-16T16:16:00.000Z,0.86,3.0,Immediate
4833597,Brayden,Fowler-Nicolosi,QB,Colorado State,BraydenFowler-NicolosiColorado State,2026,Brayden,Fowler-Nicolosi,QB,Colorado State,Michigan,2026-01-11T21:39:00.000Z,0.85,3.0,Immediate
4834817,Jayshon,Platt,WR,Florida Atlantic,JayshonPlattFlorida Atlantic,2026,Jayshon,Platt,WR,Florida Atlantic,Illinois,2026-01-06T00:37:00.000Z,0.86,3.0,Immediate
4836467,Keshaun,Hudson,DT,UCF,KeshaunHudsonUCF,2026,Keshaun,Hudson,DL,UCF,,2026-01-08T03:37:00.000Z,,,Immediate
4836468,Reggie,Jean,DL,Northern Illinois,ReggieJeanNorthern Illinois,2026,Reggie,Jean,DL,Northern Illinois,Coastal Carolina,2026-01-22T03:47:00.000Z,0.82,3.0,Immediate
4836471,Jackson,Stratton,QB,Iowa,JacksonStrattonIowa,2026,Jackson,Stratton,QB,Iowa,,2025-11-30T22:16:00.000Z,0.83,3.0,Immediate
4836476,Davin,Wydner,QB,West Georgia,DavinWydnerWest Georgia,2026,Davin,Wydner,QB,West Georgia,Louisville,2026-01-11T20:50:00.000Z,0.82,3.0,Immediate
4837158,Dylan,Chiedo,DE,Furman,DylanChiedoFurman,2026,Dylan,Chiedo,EDGE,Furman,South Alabama,2026-01-19T00:07:00.000Z,0.82,3.0,Immediate
4837159,Izaiah,Guy,S,South Florida,IzaiahGuySouth Florida,2026,Izaiah,Guy,CB,South Florida,Liberty,2026-01-11T17:29:00.000Z,,3.0,Immediate
4837162,Rasheed,Lovelace,DL,Nicholls,RasheedLovelaceNicholls,2026,Rasheed,Lovelace,DL,Nicholls,James Madison,2026-01-06T16:55:00.000Z,0.83,3.0,Immediate
4837174,Darrian,Anderson,WR,Oregon,DarrianAndersonOregon,2026,Darrian,Anderson,WR,Oregon,Fresno State,2026-02-04T21:32:00.000Z,0.82,3.0,Immediate
4837175,Miguel,Cedeno,OL,Florida International,MiguelCedenoFlorida International,2026,Miguel,Cedeno,OT,Florida International,,2026-01-06T19:00:00.000Z,,3.0,Withdrawn
4837215,Joseph,Sipp Jr.,LB,Kansas,JosephSipp Jr.Kansas,2026,Joseph,Sipp Jr.,LB,Kansas,Florida Atlantic,2026-01-10T17:06:00.000Z,,3.0,Immediate
4837268,Gregory,Delaine Jr.,DB,Syracuse,GregoryDelaine Jr.Syracuse,2026,Gregory,Delaine Jr.,CB,Syracuse,Georgia Southern,2026-01-15T17:58:00.000Z,0.83,3.0,Immediate
4837269,Omari,Hayes,WR,Tulane,OmariHayesTulane,2026,Omari,Hayes,WR,Tulane,Iowa State,2026-01-06T02:51:00.000Z,0.85,3.0,Immediate
4837327,Christian,Ellis,S,Virginia Tech,ChristianEllisVirginia Tech,2026,Christian,Ellis,S,Virginia Tech,Virginia,2026-01-04T18:06:00.000Z,0.86,3.0,Immediate
4837377,Mo,Clipper Jr.,OL,Charlotte,MoClipper Jr.Charlotte,2026,Mo,Clipper Jr.,IOL,Charlotte,Georgia Southern,2026-01-15T17:50:00.000Z,0.85,3.0,Immediate
4837464,Emory,Floyd,DB,App State,EmoryFloydApp State,2026,Emory,Floyd,CB,App State,Colorado,2026-01-12T02:53:00.000Z,0.86,3.0,Immediate
4837475,Griffin,Scroggs,OL,App State,GriffinScroggsApp State,2026,Griffin,Scroggs,IOL,App State,UNLV,2026-01-23T21:45:00.000Z,0.85,3.0,Immediate
4838272,Malachi,Madison,DL,Massachusetts,MalachiMadisonMassachusetts,2026,Malachi,Madison,DL,Massachusetts,Missouri State,2026-01-13T02:36:00.000Z,0.82,3.0,Immediate
4838276,Antonio,Watts,DB,Louisville,AntonioWattsLouisville,2026,Antonio,Watts,LB,Louisville,,2026-01-03T22:27:53.000Z,,3.0,Withdrawn
4838522,Stevie,Bracey,LB,Virginia,StevieBraceyVirginia,2026,Stevie,Bracey,LB,Virginia,Buffalo,2026-01-17T17:20:41.000Z,0.83,3.0,Immediate
4838532,Tyler,Griffin,WR,UL Monroe,TylerGriffinUL Monroe,2026,Tyler,Griffin,WR,UL Monroe,East Tennessee State,2026-01-13T17:05:00.000Z,,3.0,Immediate
4838533,Cason,Henry,OL,South Carolina,CasonHenrySouth Carolina,2026,Cason,Henry,OT,South Carolina,Louisville,2026-01-07T20:21:00.000Z,0.87,3.0,Immediate
4838536,Tyler,Hughes,QB,William & Mary,TylerHughesWilliam & Mary,2026,Tyler,Hughes,QB,William & Mary,Wyoming,2026-01-06T03:05:00.000Z,0.83,3.0,Immediate
4838539,Amari,Jackson,DB,Boston College,AmariJacksonBoston College,2026,Amari,Jackson,CB,Boston College,Maryland,2026-01-09T16:15:00.000Z,0.86,3.0,Immediate
4838541,Donelius,Johnson,LB,Kennesaw State,DoneliusJohnsonKennesaw State,2026,Donelius,Johnson,LB,Kennesaw State,,2025-12-17T16:46:00.000Z,0.84,3.0,Immediate
4838544,Malcolm,Jones,S,Jacksonville State,MalcolmJonesJacksonville State,2026,Malcolm,Jones,S,Jacksonville State,Iowa State,2026-01-21T20:57:00.000Z,0.86,3.0,Immediate
4838549,Kam,Perry,WR,Miami (OH),KamPerryMiami (OH),2026,Kam,Perry,WR,Miami (OH),Colorado,2026-01-04T02:13:00.000Z,0.86,3.0,Immediate
4838552,Eli,Samples,OL,Charlotte,EliSamplesCharlotte,2026,Eli,Samples,OT,Charlotte,,2026-01-09T18:31:00.000Z,,,Withdrawn
4838553,MJ,Stroud,LB,Georgia Southern,MJStroudGeorgia Southern,2026,MJ,Stroud,EDGE,Georgia Southern,,2026-01-14T21:15:09.000Z,,3.0,Withdrawn
4838679,Ashton,Daniels,QB,Auburn,AshtonDanielsAuburn,2026,Ashton,Daniels,QB,Auburn,Florida State,2026-01-06T14:40:00.000Z,0.86,3.0,Immediate
4838683,Mateo,Guevara,OL,Middle Tennessee,MateoGuevaraMiddle Tennessee,2026,Mateo,Guevara,IOL,Middle Tennessee,Kennesaw State,2026-01-13T16:00:00.000Z,0.85,3.0,Immediate
4838691,Dexter,Ricks Jr.,DB,Liberty,DexterRicks Jr.Liberty,2026,Dexter,Ricks Jr.,CB,Liberty,Texas State,2026-01-16T19:10:00.000Z,0.84,3.0,Immediate
4839483,Zakye,Barker,LB,SMU,ZakyeBarkerSMU,2026,Zakye,Barker,LB,SMU,North Texas,2026-01-15T15:00:00.000Z,0.85,3.0,Immediate
4839485,Brandon,Best,OL,Kennesaw State,BrandonBestKennesaw State,2026,Brandon,Best,IOL,Kennesaw State,East Carolina,2026-01-10T02:58:00.000Z,0.85,3.0,Immediate
4840118,Tucker,Holloway,WR,Virginia Tech,TuckerHollowayVirginia Tech,2026,Tucker,Holloway,WR,Virginia Tech,,2025-09-25T16:36:00.000Z,0.86,3.0,Immediate
4840124,D.J.,Moore,DB,Georgia Tech,D.J.MooreGeorgia Tech,2026,D.J.,Moore,S,Georgia Tech,South Alabama,2026-01-17T12:05:49.000Z,0.82,3.0,Immediate
4845333,Brian,Grant,OL,Tennessee,BrianGrantTennessee,2026,Brian,Grant,OT,Tennessee,Memphis,2026-01-19T18:00:00.000Z,0.83,3.0,Immediate
4857878,Tobi,Osunsanmi,DL,Kansas State,TobiOsunsanmiKansas State,2026,Tobi,Osunsanmi,EDGE,Kansas State,Indiana,2026-01-04T21:46:00.000Z,0.94,4.0,Immediate
4858848,Anto,Saka,DE,Northwestern,AntoSakaNorthwestern,2026,Anto,Saka,EDGE,Northwestern,Texas A&M,2026-01-07T17:36:00.000Z,0.92,4.0,Immediate
4862220,Alex,Bacchetta,P,Rice,AlexBacchettaRice,2026,Alex,Bacchetta,P,Rice,Georgia Tech,2026-01-06T19:45:00.000Z,,3.0,Immediate
4868171,Tate,Carney,RB,Wake Forest,TateCarneyWake Forest,2026,Tate,Carney,RB,Wake Forest,,2025-12-10T00:30:00.000Z,0.83,3.0,Immediate
4868341,Champ,Lewis,CB,Tulsa,ChampLewisTulsa,2026,Champ,Lewis,CB,Tulsa,Southern Miss,2026-01-11T00:05:00.000Z,,3.0,Immediate
4868405,Malachi,Hood,LB,Illinois,MalachiHoodIllinois,2026,Malachi,Hood,LB,Illinois,West Virginia,2026-01-07T01:51:00.000Z,0.85,3.0,Immediate
4868409,Dionte,Thornton,CB,Portland State,DionteThorntonPortland State,2026,Dionte,Thornton,S,Portland State,Sacramento State,2026-01-21T13:34:00.000Z,0.85,3.0,Immediate
4868482,Nick,Herzog,OL,Northwestern,NickHerzogNorthwestern,2026,Nick,Herzog,OT,Northwestern,,2026-01-08T21:22:00.000Z,,3.0,Immediate
4868792,Quinton,Harris,OL,TCU,QuintonHarrisTCU,2026,Quinton,Harris,OT,TCU,Colorado State,2026-01-22T17:32:00.000Z,0.86,3.0,Immediate
4868811,Bryant,Williams,OL,Louisiana,BryantWilliamsLouisiana,2026,Bryant,Williams,OT,Louisiana,Arkansas,2026-01-09T04:33:00.000Z,0.93,4.0,Immediate
4868896,DeJuan,Echoles Jr.,LB,Ball State,DeJuanEcholes Jr.Ball State,2026,DeJuan,Echoles Jr.,LB,Ball State,Western Michigan,2026-01-13T16:48:00.000Z,0.82,3.0,Immediate
4868899,Mason,Moore,S,Lehigh,MasonMooreLehigh,2026,Mason,Moore,S,Lehigh,Coastal Carolina,2026-03-08T20:50:00.000Z,0.85,3.0,Immediate
4868926,Camden,Byrd,DL,Richmond,CamdenByrdRichmond,2026,Camden,Byrd,EDGE,Richmond,,2026-02-28T04:12:36.000Z,0.83,3.0,Withdrawn
4868929,Will,Stone,PK,Texas,WillStoneTexas,2026,Will,Stone,K,Texas,UCF,2026-01-10T01:48:00.000Z,,2.0,Immediate
4869120,Ashton,Hayes,RB,Nevada,AshtonHayesNevada,2026,Ashton,Hayes,RB,Nevada,,2025-12-02T02:57:00.000Z,,3.0,Immediate
4869121,Caleb,Wheatland,LB,Auburn,CalebWheatlandAuburn,2026,Caleb,Wheatland,LB,Auburn,Michigan State,2026-01-05T17:25:00.000Z,0.85,3.0,Immediate
4869240,Aaron,Alexander,LB,Arkansas State,AaronAlexanderArkansas State,2026,Aaron,Alexander,LB,Arkansas State,North Texas,2026-01-09T22:17:00.000Z,0.84,3.0,Immediate
4869250,Mack,Indestad,OL,Eastern Michigan,MackIndestadEastern Michigan,2026,Mack,Indestad,OT,Eastern Michigan,UCLA,2026-01-13T03:38:00.000Z,0.85,3.0,Immediate
4869252,Jaron,Glover,WR,Mississippi State,JaronGloverMississippi State,2026,Jaron,Glover,WR,Mississippi State,South Florida,2026-01-05T22:44:00.000Z,,3.0,Immediate
4869294,Jake,Appleget,TE,Northern Illinois,JakeApplegetNorthern Illinois,2026,Jake,Appleget,TE,Northern Illinois,Fresno State,2026-01-14T23:16:00.000Z,0.83,3.0,Immediate
4869341,Cade,Yacamelli,RB,Wisconsin,CadeYacamelliWisconsin,2026,Cade,Yacamelli,RB,Wisconsin,Miami (OH),2026-01-17T00:50:00.000Z,0.85,3.0,Immediate
4869387,Ricky,Fletcher,DB,Ole Miss,RickyFletcherOle Miss,2026,Ricky,Fletcher,CB,Ole Miss,California,2026-01-18T02:41:00.000Z,0.88,3.0,Immediate
4869391,JJ,Talo,OL,Boise State,JJTaloBoise State,2026,JJ,Talo,IOL,Boise State,,2025-12-09T14:12:00.000Z,0.83,3.0,Immediate
4869422,Braden,Pegan,WR,Utah State,BradenPeganUtah State,2026,Braden,Pegan,WR,Utah State,Utah,2026-01-07T21:53:00.000Z,0.92,4.0,Immediate
4869442,Brayden,Loftin,TE,Kansas State,BraydenLoftinKansas State,2026,Brayden,Loftin,TE,Kansas State,UCLA,2026-01-10T18:58:00.000Z,0.86,3.0,Immediate
4869496,Tyler,Gibson,OL,Charlotte,TylerGibsonCharlotte,2026,Tyler,Gibson,OT,Charlotte,UCF,2026-01-06T23:20:00.000Z,0.84,3.0,Immediate
4869519,Gabe,Burkle,TE,Iowa State,GabeBurkleIowa State,2026,Gabe,Burkle,TE,Iowa State,Penn State,2026-01-04T20:15:00.000Z,0.88,3.0,Immediate
4869534,Amari,Niblack,TE,Texas A&M,AmariNiblackTexas A&M,2026,Amari,Niblack,TE,Texas A&M,,2025-12-28T03:58:00.000Z,,4.0,Immediate
4869538,Dane,Pardridge,WR,Rutgers,DanePardridgeRutgers,2026,Dane,Pardridge,WR,Rutgers,Indiana State,2026-01-09T21:31:00.000Z,,2.0,Immediate
4869550,AG,McGhee,S,Arkansas State,AGMcGheeArkansas State,2026,AG,McGhee,S,Arkansas State,,2026-01-09T18:53:00.000Z,,3.0,Withdrawn
4869581,Braylen,Walker,WR,Rice,BraylenWalkerRice,2026,Braylen,Walker,WR,Rice,,2026-01-04T21:42:00.000Z,,2.0,Immediate
4869593,Perry,Fisher,DB,UAB,PerryFisherUAB,2026,Perry,Fisher,CB,UAB,Kennesaw State,2026-01-22T02:24:00.000Z,0.85,3.0,Immediate
4869598,Reginald,Hughes,LB,Colorado,ReginaldHughesColorado,2026,Reginald,Hughes,LB,Colorado,,2025-12-29T19:41:00.000Z,0.86,3.0,Immediate
4869599,Chrishon,McCray,WR,Michigan State,ChrishonMcCrayMichigan State,2026,Chrishon,McCray,WR,Michigan State,,2026-01-07T02:31:21.000Z,,2.0,Withdrawn
4869654,Justin,Eklund,LB,Bowling Green,JustinEklundBowling Green,2026,Justin,Eklund,LB,Bowling Green,Montana,2026-01-10T13:26:00.000Z,,3.0,Immediate
4869658,CJ,Mims,DT,North Carolina,CJMimsNorth Carolina,2026,CJ,Mims,DL,North Carolina,Texas A&M,2026-01-12T17:01:00.000Z,0.88,3.0,Immediate
4869694,Langston,Lewis,WR,Central Michigan,LangstonLewisCentral Michigan,2026,Langston,Lewis,WR,Central Michigan,,2026-01-06T18:22:00.000Z,0.85,3.0,Withdrawn
4869695,Evan,Wibberley,OL,Kentucky,EvanWibberleyKentucky,2026,Evan,Wibberley,IOL,Kentucky,Louisville,2026-01-15T17:26:00.000Z,0.86,3.0,Immediate
4869698,Koen,Entringer,DB,Iowa,KoenEntringerIowa,2026,Koen,Entringer,S,Iowa,Louisville,2026-01-10T15:40:00.000Z,0.89,3.0,Immediate
4869730,Nik,McMillan,WR,Buffalo,NikMcMillanBuffalo,2026,Nik,McMillan,WR,Buffalo,Kansas,2026-01-08T15:10:00.000Z,0.85,3.0,Immediate
4869804,Jacobie,Henderson,CB,Rutgers,JacobieHendersonRutgers,2026,Jacobie,Henderson,CB,Rutgers,Virginia,2026-01-05T03:51:00.000Z,0.86,3.0,Immediate
4869805,Kyndall,McKenzie,OL,Memphis,KyndallMcKenzieMemphis,2026,Kyndall,McKenzie,IOL,Memphis,,2026-01-02T16:24:00.000Z,,3.0,Immediate
4869807,Jacob,Strand,OL,Oregon State,JacobStrandOregon State,2026,Jacob,Strand,OT,Oregon State,Auburn,2026-01-15T19:00:00.000Z,0.88,3.0,Immediate
4869820,Terry,Moore,S,Duke,TerryMooreDuke,2026,Terry,Moore,S,Duke,Ohio State,2026-01-12T20:07:00.000Z,0.94,4.0,Immediate
4869821,DeCorion,Temple,TE,Central Michigan,DeCorionTempleCentral Michigan,2026,DeCorion,Temple,TE,Central Michigan,Oregon State,2026-01-05T17:37:00.000Z,,3.0,Immediate
4869962,Ashton,Hollins,WR,Illinois,AshtonHollinsIllinois,2026,Ashton,Hollins,WR,Illinois,Georgia Southern,2026-01-14T18:39:00.000Z,0.82,3.0,Immediate
4869964,Garrett,Masterson,OL,Kent State,GarrettMastersonKent State,2026,Garrett,Masterson,OT,Kent State,Tennessee Tech,2026-01-09T04:50:00.000Z,0.83,3.0,Immediate
4869966,Malachi,Preciado,OL,South Alabama,MalachiPreciadoSouth Alabama,2026,Malachi,Preciado,IOL,South Alabama,Tulsa,2026-01-11T18:59:00.000Z,0.85,3.0,Immediate
4869971,D-Icey,Hopkins,S,Georgia State,D-IceyHopkinsGeorgia State,2026,D-Icey,Hopkins,S,Georgia State,Liberty,2026-01-10T23:37:59.000Z,0.85,3.0,Immediate
4869992,Michael,Wooten,OL,Arizona,MichaelWootenArizona,2026,Michael,Wooten,IOL,Arizona,South Florida,2026-01-05T20:24:00.000Z,0.85,3.0,Immediate
4870071,Miguel,Mitchell,DB,Arkansas,MiguelMitchellArkansas,2026,Miguel,Mitchell,S,Arkansas,,2026-01-17T18:53:08.000Z,0.86,3.0,Withdrawn
4870146,DJ,Burks,DB,App State,DJBurksApp State,2026,DJ,Burks,S,App State,Tennessee,2026-01-17T23:30:00.000Z,0.85,3.0,Immediate
4870233,Vae,Soifua,OL,Weber State,VaeSoifuaWeber State,2026,Vae,Soifua,IOL,Weber State,Sacramento State,2026-01-21T13:32:00.000Z,0.82,3.0,Immediate
4870242,Evan,Smith,CB,Northwestern,EvanSmithNorthwestern,2026,Evan,Smith,CB,Northwestern,Duke,2026-01-17T20:35:00.000Z,0.86,3.0,Immediate
4870278,Kaleb,Artis,DL,Penn State,KalebArtisPenn State,2026,Kaleb,Artis,DL,Penn State,Temple,2026-01-12T03:40:00.000Z,0.83,3.0,Immediate
4870517,Xavier,Chaplin,OL,Auburn,XavierChaplinAuburn,2026,Xavier,Chaplin,OT,Auburn,Florida State,2026-01-09T15:31:00.000Z,0.92,4.0,Immediate
4870518,Zeon,Chriss-Gremillion,QB,Houston,ZeonChriss-GremillionHouston,2026,Zeon,Chriss-Gremillion,QB,Houston,Tulane,2026-01-08T04:17:55.000Z,,3.0,Immediate
4870578,Ethan,Moczulski,PK,Washington,EthanMoczulskiWashington,2026,Ethan,Moczulski,K,Washington,Illinois,2026-01-15T01:44:00.000Z,0.83,3.0,Immediate
4870586,Tyree,Adams,OL,LSU,TyreeAdamsLSU,2026,Tyree,Adams,OT,LSU,Texas A&M,2026-01-07T14:31:00.000Z,0.87,3.0,Immediate
4870588,Joenel,Aguero,S,Georgia,JoenelAgueroGeorgia,2026,Joenel,Aguero,S,Georgia,Ole Miss,2026-01-10T22:07:00.000Z,0.88,3.0,Immediate
4870592,Jordyn,Bailey,WR,TCU,JordynBaileyTCU,2026,Jordyn,Bailey,WR,TCU,Iowa State,2026-01-21T15:20:08.000Z,0.85,3.0,Immediate
4870594,Alex,Birchmeier,OL,Penn State,AlexBirchmeierPenn State,2026,Alex,Birchmeier,IOL,Penn State,Liberty,2026-01-05T22:36:00.000Z,0.85,3.0,Immediate
4870595,Olaus,Alinen,OL,Alabama,OlausAlinenAlabama,2026,Olaus,Alinen,OT,Alabama,Kentucky,2026-01-07T13:24:00.000Z,0.86,3.0,Immediate
4870607,Jackson,Arnold,QB,Auburn,JacksonArnoldAuburn,2026,Jackson,Arnold,QB,Auburn,UNLV,2026-01-07T15:47:00.000Z,0.86,3.0,Immediate
4870608,Benjamin,Brahmer,TE,Iowa State,BenjaminBrahmerIowa State,2026,Benjamin,Brahmer,TE,Iowa State,Penn State,2026-01-03T20:34:00.000Z,0.94,4.0,Immediate
4870609,CJ,Baxter,RB,Texas,CJBaxterTexas,2026,CJ,Baxter,RB,Texas,Kentucky,2026-01-11T21:49:00.000Z,0.89,3.0,Immediate
4870611,Daylen,Austin,S,Oregon,DaylenAustinOregon,2026,Daylen,Austin,S,Oregon,Arizona,2026-01-16T00:17:00.000Z,0.89,3.0,Immediate
4870614,Justin,Benton,DL,East Carolina,JustinBentonEast Carolina,2026,Justin,Benton,DL,East Carolina,North Texas,2026-01-11T03:34:00.000Z,,3.0,Immediate
4870615,Neeo,Avery,LB,Maryland,NeeoAveryMaryland,2026,Neeo,Avery,EDGE,Maryland,South Dakota,2026-01-08T02:08:00.000Z,0.85,3.0,Immediate
4870616,Javious,Bond,DB,Austin Peay,JaviousBondAustin Peay,2026,Javious,Bond,RB,Austin Peay,Mercer,2026-02-04T12:39:00.000Z,,3.0,Immediate
4870623,Malik,Bryant,EDGE,Miami,MalikBryantMiami,2026,Malik,Bryant,EDGE,Miami,Missouri,2026-01-21T12:21:00.000Z,0.85,3.0,Immediate
4870633,Chandavian,Bradley,DL,Oklahoma State,ChandavianBradleyOklahoma State,2026,Chandavian,Bradley,EDGE,Oklahoma State,Coastal Carolina,2026-01-16T22:26:00.000Z,0.85,3.0,Immediate
4870641,Semaj,Bridgeman,LB,Michigan State,SemajBridgemanMichigan State,2026,Semaj,Bridgeman,LB,Michigan State,,2025-12-12T00:26:00.000Z,,4.0,Immediate
4870645,Rickie,Collins,QB,Syracuse,RickieCollinsSyracuse,2026,Rickie,Collins,QB,Syracuse,Kennesaw State,2026-01-09T01:43:00.000Z,,4.0,Immediate
4870649,Kaven,Call,LB,East Tennessee State,KavenCallEast Tennessee State,2026,Kaven,Call,EDGE,East Tennessee State,Middle Tennessee,2026-01-09T16:09:00.000Z,,3.0,Immediate
4870652,Marvin,Burks Jr.,S,Missouri,MarvinBurks Jr.Missouri,2026,Marvin,Burks Jr.,S,Missouri,Wisconsin,2026-01-08T02:04:00.000Z,0.87,3.0,Immediate
4870656,Johntay,Cook II,WR,Syracuse,JohntayCook IISyracuse,2026,Johntay,Cook II,WR,Syracuse,Ole Miss,2026-01-17T02:55:00.000Z,0.88,3.0,Immediate
4870657,Micah,Carter,DL,Louisville,MicahCarterLouisville,2026,Micah,Carter,EDGE,Louisville,,2025-12-27T01:06:00.000Z,0.86,3.0,Immediate
4870659,Tackett,Curtis,LB,Wisconsin,TackettCurtisWisconsin,2026,Tackett,Curtis,LB,Wisconsin,UCF,2026-01-06T23:13:00.000Z,0.85,3.0,Immediate
4870660,Jordan,Castell,DB,Florida,JordanCastellFlorida,2026,Jordan,Castell,S,Florida,Kentucky,2026-01-08T04:04:00.000Z,0.87,3.0,Immediate
4870663,Jordan,Church,OL,Louisville,JordanChurchLouisville,2026,Jordan,Church,IOL,Louisville,Texas Tech,2026-01-15T15:53:00.000Z,0.91,4.0,Immediate
4870667,Kelby,Collins,DL,Alabama,KelbyCollinsAlabama,2026,Kelby,Collins,DL,Alabama,South Carolina,2026-01-11T19:31:00.000Z,0.88,3.0,Immediate
4870668,Jacoby,Davis,DB,Kansas,JacobyDavisKansas,2026,Jacoby,Davis,CB,Kansas,,2025-12-28T02:35:00.000Z,,3.0,Immediate
4870673,Kodi,DeCambra,DB,UNLV,KodiDeCambraUNLV,2026,Kodi,DeCambra,S,UNLV,Hawai'i,2026-01-07T21:04:00.000Z,,4.0,Immediate
4870678,Joe,Crocker,OL,Baylor,JoeCrockerBaylor,2026,Joe,Crocker,IOL,Baylor,Buffalo,2026-01-11T23:40:00.000Z,0.84,3.0,Immediate
4870681,Dion,Crawford,LB,Buffalo,DionCrawfordBuffalo,2026,Dion,Crawford,LB,Buffalo,Michigan State,2026-01-11T22:27:00.000Z,0.85,3.0,Immediate
4870682,Dee,Crayton,LB,Clemson,DeeCraytonClemson,2026,Dee,Crayton,LB,Clemson,UNLV,2026-01-14T21:40:00.000Z,0.83,3.0,Immediate
4870688,Wilky,Denaud,DL,Florida Atlantic,WilkyDenaudFlorida Atlantic,2026,Wilky,Denaud,DL,Florida Atlantic,,2025-12-05T16:33:00.000Z,,3.0,Immediate
4870692,Cole,Dellinger,OL,Michigan State,ColeDellingerMichigan State,2026,Cole,Dellinger,IOL,Michigan State,Eastern Michigan,2026-01-11T20:46:00.000Z,0.84,3.0,Immediate
4870696,Malik,Elzy,WR,Illinois,MalikElzyIllinois,2026,Malik,Elzy,WR,Illinois,LSU,2026-01-09T18:52:00.000Z,0.86,3.0,Immediate
4870698,Aaron,Gates,DB,Florida,AaronGatesFlorida,2026,Aaron,Gates,S,Florida,Kentucky,2026-01-06T17:45:00.000Z,0.86,3.0,Immediate
4870700,Sharif,Denson,S,Florida,SharifDensonFlorida,2026,Sharif,Denson,CB,Florida,Ole Miss,2026-01-04T15:35:00.000Z,0.87,3.0,Immediate
4870704,Enow,Etta,DT,Michigan,EnowEttaMichigan,2026,Enow,Etta,DL,Michigan,,2026-01-18T15:11:36.000Z,,4.0,Withdrawn
4870710,Isaiah,Hardge,DB,Colorado,IsaiahHardgeColorado,2026,Isaiah,Hardge,CB,Colorado,Tennessee,2026-01-18T18:57:00.000Z,0.86,3.0,Immediate
4870713,Rico,Flores Jr.,WR,UCLA,RicoFlores Jr.UCLA,2026,Rico,Flores Jr.,WR,UCLA,Virginia,2026-01-13T15:04:00.000Z,0.86,3.0,Immediate
4870718,Ahmere,Foster,S,Southern Miss,AhmereFosterSouthern Miss,2026,Ahmere,Foster,S,Southern Miss,Memphis,2026-01-05T18:10:00.000Z,,3.0,Immediate
4870719,Daemon,Fagan,S,NC State,DaemonFaganNC State,2026,Daemon,Fagan,S,NC State,,2026-01-02T14:04:00.000Z,,4.0,Immediate
4870721,A.J.,Harris,DB,Penn State,A.J.HarrisPenn State,2026,A.J.,Harris,CB,Penn State,Indiana,2026-01-12T21:20:00.000Z,0.91,4.0,Immediate
4870724,Michael,Harris,LB,Maryland,MichaelHarrisMaryland,2026,Michael,Harris,LB,Maryland,South Florida,2026-05-19T18:24:32.000Z,0.85,3.0,Immediate
4870731,Adrian,Griffin,OL,South Alabama,AdrianGriffinSouth Alabama,2026,Adrian,Griffin,DL,South Alabama,,2026-01-05T18:19:00.000Z,,3.0,Immediate
4870738,Caleb,Herring,DE,Tennessee,CalebHerringTennessee,2026,Caleb,Herring,EDGE,Tennessee,South Carolina,2026-01-16T00:08:00.000Z,0.89,3.0,Immediate
4870739,Christian,Hamilton,WR,West Virginia,ChristianHamiltonWest Virginia,2026,Christian,Hamilton,WR,West Virginia,Marshall,2026-01-15T16:32:33.000Z,0.86,3.0,Immediate
4870742,Jaden,Hamm,TE,Kansas,JadenHammKansas,2026,Jaden,Hamm,TE,Kansas,Arkansas State,2026-01-07T19:24:00.000Z,,3.0,Immediate
4870743,William,Fowles,WR,App State,WilliamFowlesApp State,2026,William,Fowles,WR,App State,Austin Peay,2026-01-24T20:25:00.000Z,,3.0,Immediate
4870746,Jshawn,Frausto-Ramos,DB,Arizona,JshawnFrausto-RamosArizona,2026,Jshawn,Frausto-Ramos,S,Arizona,Washington State,2026-01-09T17:33:00.000Z,0.85,3.0,Immediate
4870749,Bo,Hughley,OL,Georgia,BoHughleyGeorgia,2026,Bo,Hughley,OT,Georgia,Colorado,2026-01-12T19:41:00.000Z,0.88,3.0,Immediate
4870752,Conrad,Hussey,DB,Oregon State,ConradHusseyOregon State,2026,Conrad,Hussey,S,Oregon State,Miami,2026-01-27T19:31:00.000Z,0.85,3.0,Immediate
4870753,Daniel,Harris,DB,Georgia,DanielHarrisGeorgia,2026,Daniel,Harris,CB,Georgia,California,2026-01-16T00:27:00.000Z,0.88,3.0,Immediate
4870754,Rodney,Gallagher III,WR,West Virginia,RodneyGallagher IIIWest Virginia,2026,Rodney,Gallagher III,WR,West Virginia,Arizona,2026-01-10T21:54:00.000Z,0.85,3.0,Immediate
4870759,Ian,Geffrard,DL,Arkansas,IanGeffrardArkansas,2026,Ian,Geffrard,DL,Arkansas,Texas,2026-01-04T21:44:19.000Z,0.92,4.0,Immediate
4870760,Justice,Haynes,RB,Michigan,JusticeHaynesMichigan,2026,Justice,Haynes,RB,Michigan,Georgia Tech,2026-01-14T17:19:00.000Z,0.95,4.0,Immediate
4870761,Kaleb,James,DL,Arkansas,KalebJamesArkansas,2026,Kaleb,James,DL,Arkansas,Texas State,2026-01-11T01:14:23.000Z,,3.0,Immediate
4870765,Edwin,Joseph,S,Florida State,EdwinJosephFlorida State,2026,Edwin,Joseph,S,Florida State,Ole Miss,2026-01-10T17:47:00.000Z,0.92,4.0,Immediate
4870767,James,Heard Jr.,LB,Syracuse,JamesHeard Jr.Syracuse,2026,James,Heard Jr.,LB,Syracuse,Mississippi State,2026-03-26T20:24:00.000Z,0.85,3.0,Immediate
4870770,Ray Ray,Joseph,WR,Miami,Ray RayJosephMiami,2026,Ray Ray,Joseph,WR,Miami,East Carolina,2026-01-09T02:37:00.000Z,0.86,3.0,Immediate
4870772,Koby,Keenum,OL,Mississippi State,KobyKeenumMississippi State,2026,Koby,Keenum,IOL,Mississippi State,Memphis,2026-01-08T16:40:50.000Z,,3.0,Immediate
4870776,Jalen,Hale,WR,Alabama,JalenHaleAlabama,2026,Jalen,Hale,WR,Alabama,SMU,2026-01-12T17:25:00.000Z,0.86,3.0,Immediate
4870782,Tommy,Kinsler IV,OL,Miami,TommyKinsler IVMiami,2026,Tommy,Kinsler IV,OT,Miami,Ole Miss,2026-01-21T00:20:00.000Z,0.86,3.0,Immediate
4870789,Jaxson,Lavender,WR,SMU,JaxsonLavenderSMU,2026,Jaxson,Lavender,WR,SMU,Tarleton State,2026-02-03T01:32:00.000Z,,3.0,Immediate
4870792,Derrick,LeBlanc,DL,UCF,DerrickLeBlancUCF,2026,Derrick,LeBlanc,DL,UCF,Maryland,2026-01-09T15:53:00.000Z,0.86,3.0,Immediate
4870793,Tad,Hudson,QB,Coastal Carolina,TadHudsonCoastal Carolina,2026,Tad,Hudson,QB,Coastal Carolina,NC State,2026-02-16T03:57:00.000Z,0.85,3.0,Immediate
4870798,Malik,Leverett,WR,East Carolina,MalikLeverettEast Carolina,2026,Malik,Leverett,WR,East Carolina,West Georgia,2026-01-13T18:09:00.000Z,,3.0,Immediate
4870810,Jack,Luttrell,DB,Arizona,JackLuttrellArizona,2026,Jack,Luttrell,S,Arizona,Auburn,2026-01-18T18:17:00.000Z,0.85,3.0,Immediate
4870819,Eli,Holstein,QB,Pittsburgh,EliHolsteinPittsburgh,2026,Eli,Holstein,QB,Pittsburgh,Virginia,2026-01-14T01:09:00.000Z,0.86,3.0,Immediate
4870820,Datrell,Jones,WR,Boston College,DatrellJonesBoston College,2026,Datrell,Jones,RB,Boston College,Holy Cross,2026-01-11T02:41:27.000Z,0.84,3.0,Immediate
4870821,Cole,Martin,DB,UCLA,ColeMartinUCLA,2026,Cole,Martin,S,UCLA,,2025-12-02T22:17:00.000Z,0.85,3.0,Immediate
4870826,Micah,Mays Jr.,WR,Wake Forest,MicahMays Jr.Wake Forest,2026,Micah,Mays Jr.,WR,Wake Forest,Florida,2026-01-07T17:09:00.000Z,0.88,3.0,Immediate
4870828,Grayson,Howard,LB,Florida,GraysonHowardFlorida,2026,Grayson,Howard,LB,Florida,South Florida,2026-01-06T00:17:00.000Z,0.86,3.0,Immediate
4870832,Moussa,Kane,CB,Duke,MoussaKaneDuke,2026,Moussa,Kane,CB,Duke,UConn,2026-01-24T07:59:00.000Z,0.86,3.0,Immediate
4870836,Xavier,Irvin,WR,Temple,XavierIrvinTemple,2026,Xavier,Irvin,WR,Temple,,2025-10-06T16:31:00.000Z,0.8,3.0,Immediate
4870838,Corey,Kelly,LB,Baylor,CoreyKellyBaylor,2026,Corey,Kelly,EDGE,Baylor,Kennesaw State,2026-01-22T02:20:00.000Z,0.84,3.0,Immediate
4870839,Kaleb,Jackson,RB,LSU,KalebJacksonLSU,2026,Kaleb,Jackson,RB,LSU,North Carolina,2026-01-20T02:39:00.000Z,0.86,3.0,Immediate
4870842,Vandrevius,Jacobs,WR,South Carolina,VandreviusJacobsSouth Carolina,2026,Vandrevius,Jacobs,WR,South Carolina,Miami,2026-01-11T01:10:00.000Z,0.92,4.0,Immediate
4870843,Theo,Melin Ohrstrom,TE,Texas A&M,TheoMelin OhrstromTexas A&M,2026,Theo,Melin Ohrstrom,TE,Texas A&M,SMU,2026-01-12T02:39:27.000Z,0.9,4.0,Immediate
4870844,Andy,Jean,WR,Arkansas,AndyJeanArkansas,2026,Andy,Jean,WR,Arkansas,,2025-12-31T20:55:00.000Z,,3.0,Immediate
4870846,TJ,Metcalf,DB,Michigan,TJMetcalfMichigan,2026,TJ,Metcalf,S,Michigan,Tennessee,2026-01-13T15:10:00.000Z,0.87,3.0,Immediate
4870850,Omarion,Miller,WR,Colorado,OmarionMillerColorado,2026,Omarion,Miller,WR,Colorado,Arizona State,2026-01-05T15:44:00.000Z,0.95,4.0,Immediate
4870855,Kayin,Lee,DB,Auburn,KayinLeeAuburn,2026,Kayin,Lee,CB,Auburn,Tennessee,2026-01-07T23:09:00.000Z,0.88,3.0,Immediate
4870856,Tony,Mitchell,LB,Mississippi State,TonyMitchellMississippi State,2026,Tony,Mitchell,S,Mississippi State,Ole Miss,2026-01-20T18:25:40.000Z,0.84,3.0,Immediate
4870858,Cayden,Lee,WR,Ole Miss,CaydenLeeOle Miss,2026,Cayden,Lee,WR,Ole Miss,Missouri,2026-01-17T17:02:00.000Z,0.9,4.0,Immediate
4870859,Noble,Johnson,WR,Arizona State,NobleJohnsonArizona State,2026,Noble,Johnson,WR,Arizona State,Georgia Southern,2026-01-14T04:15:00.000Z,0.84,3.0,Immediate
4870860,DeAndre,Moore Jr.,WR,Texas,DeAndreMoore Jr.Texas,2026,DeAndre,Moore Jr.,WR,Texas,Colorado,2026-01-13T20:32:00.000Z,0.94,4.0,Immediate
4870862,Liona,Lefau,LB,Texas,LionaLefauTexas,2026,Liona,Lefau,LB,Texas,Colorado,2026-01-08T19:07:00.000Z,0.9,4.0,Immediate
4870864,Gabarri,Johnson,QB,Oregon State,GabarriJohnsonOregon State,2026,Gabarri,Johnson,QB,Oregon State,,2026-01-02T12:18:00.000Z,,4.0,Immediate
4870868,Jayden,Limar,RB,Oregon,JaydenLimarOregon,2026,Jayden,Limar,RB,Oregon,Washington,2026-01-13T00:07:00.000Z,0.87,3.0,Immediate
4870870,Ty,Lockwood,TE,Boston College,TyLockwoodBoston College,2026,Ty,Lockwood,TE,Boston College,Arkansas,2026-01-09T19:51:00.000Z,0.85,3.0,Immediate
4870872,David,Ojiegbe,DE,Norfolk State,DavidOjiegbeNorfolk State,2026,David,Ojiegbe,EDGE,Norfolk State,,2026-01-02T04:01:00.000Z,,4.0,Immediate
4870873,DK,Kalu,DL,Baylor,DKKaluBaylor,2026,DK,Kalu,DL,Baylor,Florida,2026-01-05T22:59:00.000Z,0.85,3.0,Immediate
4870876,Kyler,Kasper,WR,Oregon,KylerKasperOregon,2026,Kyler,Kasper,WR,Oregon,BYU,2026-01-08T16:10:00.000Z,0.86,3.0,Immediate
4870877,King,Mack,S,Penn State,KingMackPenn State,2026,King,Mack,S,Penn State,NC State,2026-01-08T17:17:05.000Z,0.87,3.0,Immediate
4870878,Hunter,Osborne,DL,Virginia,HunterOsborneVirginia,2026,Hunter,Osborne,DL,Virginia,Arkansas,2026-01-06T22:02:00.000Z,0.87,3.0,Immediate
4870879,Keon,Keeley,DL,Alabama,KeonKeeleyAlabama,2026,Keon,Keeley,DL,Alabama,Notre Dame,2026-01-12T16:01:00.000Z,0.93,4.0,Immediate
4870881,Payton,Kirkland,OL,UAB,PaytonKirklandUAB,2026,Payton,Kirkland,IOL,UAB,,2026-01-02T13:47:00.000Z,,4.0,Immediate
4870883,JJ,Kohl,QB,App State,JJKohlApp State,2026,JJ,Kohl,QB,App State,Florida International,2026-01-10T15:02:00.000Z,0.86,3.0,Immediate
4870898,Ashton,Porter,DL,Oregon,AshtonPorterOregon,2026,Ashton,Porter,DL,Oregon,Houston,2026-01-16T02:10:00.000Z,0.88,3.0,Immediate
4870899,Miles,McVay,OL,North Carolina,MilesMcVayNorth Carolina,2026,Miles,McVay,OT,North Carolina,Mississippi State,2026-01-15T20:18:00.000Z,0.86,3.0,Immediate
4870900,Dylan,Lonergan,QB,Boston College,DylanLonerganBoston College,2026,Dylan,Lonergan,QB,Boston College,Rutgers,2026-01-05T13:50:00.000Z,0.86,3.0,Immediate
4870902,Terrance,Love,S,Colorado,TerranceLoveColorado,2026,Terrance,Love,S,Colorado,Mississippi State,2026-04-25T12:25:00.000Z,0.84,3.0,Immediate
4870905,Caleb,Presley,CB,San José State,CalebPresleySan José State,2026,Caleb,Presley,CB,San José State,Colorado State,2026-01-15T17:26:00.000Z,0.86,3.0,Immediate
4870908,Sydir,Mitchell,DL,LSU,SydirMitchellLSU,2026,Sydir,Mitchell,DL,LSU,Wake Forest,2026-01-11T16:54:00.000Z,0.85,3.0,Immediate
4870909,Jaden,Rashada,QB,Sacramento State,JadenRashadaSacramento State,2026,Jaden,Rashada,QB,Sacramento State,Mississippi State,2026-01-22T23:32:00.000Z,0.85,3.0,Immediate
4870924,Antonio,Robinson,DB,Florida Atlantic,AntonioRobinsonFlorida Atlantic,2026,Antonio,Robinson,CB,Florida Atlantic,,2026-01-02T12:40:00.000Z,,3.0,Immediate
4870927,Bryson,Rodgers,WR,Ohio State,BrysonRodgersOhio State,2026,Bryson,Rodgers,WR,Ohio State,South Florida,2026-01-09T17:36:00.000Z,0.86,3.0,Immediate
4870928,Malachi,Nelson,QB,UTEP,MalachiNelsonUTEP,2026,Malachi,Nelson,QB,UTEP,Syracuse,2026-01-16T22:23:00.000Z,0.85,3.0,Immediate
4870929,Noah,Rogers,WR,NC State,NoahRogersNC State,2026,Noah,Rogers,WR,NC State,Alabama,2026-01-12T21:55:00.000Z,0.93,4.0,Immediate
4870936,Shamar,McNeil,CB,Missouri,ShamarMcNeilMissouri,2026,Shamar,McNeil,CB,Missouri,Akron,2026-01-19T16:24:00.000Z,0.85,3.0,Immediate
4870938,Joshua,Mickens,DE,Ohio State,JoshuaMickensOhio State,2026,Joshua,Mickens,EDGE,Ohio State,UConn,2026-01-13T15:20:00.000Z,0.86,3.0,Immediate
4870939,Cordale,Russell,WR,Miami (OH),CordaleRussellMiami (OH),2026,Cordale,Russell,WR,Miami (OH),Stephen F. Austin,2026-02-02T03:00:00.000Z,,4.0,Immediate
4870941,Cameron,Seldon,WR,Virginia Tech,CameronSeldonVirginia Tech,2026,Cameron,Seldon,WR,Virginia Tech,South Florida,2026-01-20T21:56:00.000Z,0.86,3.0,Immediate
4870942,Ryan,Mickow,OL,Boston College,RyanMickowBoston College,2026,Ryan,Mickow,OT,Boston College,Tulane,2026-01-09T16:47:00.000Z,,3.0,Immediate
4870947,JaSire,Peterson,DL,UAB,JaSirePetersonUAB,2026,JaSire,Peterson,DL,UAB,,2025-12-19T23:00:00.000Z,,4.0,Immediate
4870959,Shamar,Porter,WR,UConn,ShamarPorterUConn,2026,Shamar,Porter,WR,UConn,,2026-01-15T02:18:58.000Z,,4.0,Withdrawn
4870961,Blake,Purchase,DE,Oregon,BlakePurchaseOregon,2026,Blake,Purchase,EDGE,Oregon,Ole Miss,2026-01-16T17:06:00.000Z,0.93,4.0,Immediate
4870965,Taz,Reddicks,WR,Oregon State,TazReddicksOregon State,2026,Taz,Reddicks,WR,Oregon State,UNLV,2026-01-08T20:25:25.000Z,0.87,3.0,Immediate
4870969,James,Smith,DT,Alabama,JamesSmithAlabama,2026,James,Smith,DL,Alabama,Ohio State,2026-01-13T00:43:00.000Z,0.94,4.0,Immediate
4870975,Jordan,Renaud,DE,Alabama,JordanRenaudAlabama,2026,Jordan,Renaud,EDGE,Alabama,Ole Miss,2026-01-13T22:53:00.000Z,0.92,4.0,Immediate
4870982,Everett,Roussaw Jr.,LB,Memphis,EverettRoussaw Jr.Memphis,2026,Everett,Roussaw Jr.,LB,Memphis,Arizona,2026-01-09T00:32:00.000Z,0.85,3.0,Immediate
4870986,Rahmir,Stewart,DB,Nebraska,RahmirStewartNebraska,2026,Rahmir,Stewart,S,Nebraska,,2026-01-03T20:38:00.000Z,,3.0,Immediate
4870991,Michael,Richard,S,Louisiana Tech,MichaelRichardLouisiana Tech,2026,Michael,Richard,S,Louisiana Tech,Michigan State,2026-01-05T21:07:00.000Z,0.85,3.0,Immediate
4870992,Jalen,Thompson,DL,Michigan State,JalenThompsonMichigan State,2026,Jalen,Thompson,EDGE,Michigan State,Arizona State,2026-01-13T16:19:00.000Z,0.89,3.0,Immediate
4870999,Malachi,Singleton,QB,Purdue,MalachiSingletonPurdue,2026,Malachi,Singleton,QB,Purdue,App State,2026-01-07T00:10:00.000Z,0.85,3.0,Immediate
4871003,Christian,Ross,TE,Memphis,ChristianRossMemphis,2026,Christian,Ross,TE,Memphis,,2025-12-25T05:04:00.000Z,,3.0,Immediate
4871007,KJ,Sampson,DL,Florida State,KJSampsonFlorida State,2026,KJ,Sampson,DL,Florida State,Boston College,2026-01-06T02:29:49.000Z,0.86,3.0,Immediate
4871013,Gemari,Sands,RB,Florida Atlantic,GemariSandsFlorida Atlantic,2026,Gemari,Sands,RB,Florida Atlantic,Florida State,2026-01-16T15:04:00.000Z,0.86,3.0,Immediate
4871014,Jeremiah,Vessel,S,UAB,JeremiahVesselUAB,2026,Jeremiah,Vessel,S,UAB,,2026-01-02T03:06:00.000Z,,3.0,Immediate
4871019,Rico,Walker,TE,Purdue,RicoWalkerPurdue,2026,Rico,Walker,TE,Purdue,California,2026-01-23T02:44:00.000Z,0.86,3.0,Immediate
4871026,Elliot,Washington II,CB,Penn State,ElliotWashington IIPenn State,2026,Elliot,Washington II,CB,Penn State,Clemson,2026-01-05T16:00:00.000Z,0.87,3.0,Immediate
4871029,Ka'Shawn,Thomas,DT,Wake Forest,Ka'ShawnThomasWake Forest,2026,Ka'Shawn,Thomas,DL,Wake Forest,,2025-12-10T00:31:00.000Z,0.82,3.0,Immediate
4871032,Colton,Thomasson,OL,Baylor,ColtonThomassonBaylor,2026,Colton,Thomasson,OT,Baylor,UNLV,2026-01-07T23:43:47.000Z,,4.0,Immediate
4871033,TJ,Shanahan Jr.,OL,Penn State,TJShanahan Jr.Penn State,2026,TJ,Shanahan Jr.,IOL,Penn State,Florida,2026-01-06T15:51:00.000Z,0.87,3.0,Immediate
4871038,Jordan,Thompson,LB,Western Carolina,JordanThompsonWestern Carolina,2026,Jordan,Thompson,LB,Western Carolina,Coastal Carolina,2026-01-17T03:56:00.000Z,0.85,3.0,Immediate
4871039,Jelani,Thurman,TE,Ohio State,JelaniThurmanOhio State,2026,Jelani,Thurman,TE,Ohio State,North Carolina,2026-01-11T16:36:00.000Z,0.89,3.0,Immediate
4871043,Antonio,Tripp Jr.,OL,Florida International,AntonioTripp Jr.Florida International,2026,Antonio,Tripp Jr.,IOL,Florida International,,2025-12-25T05:33:00.000Z,,4.0,Immediate
4871044,Derek,Williams Jr.,DB,Texas,DerekWilliams Jr.Texas,2026,Derek,Williams Jr.,S,Texas,,2026-01-07T03:27:44.000Z,0.86,3.0,Withdrawn
4871045,Stantavious,Smith,DT,Florida A&M,StantaviousSmithFlorida A&M,2026,Stantavious,Smith,DL,Florida A&M,Buffalo,2026-01-18T17:58:00.000Z,0.84,3.0,Immediate
4871053,Hollywood,Smothers,RB,NC State,HollywoodSmothersNC State,2026,Hollywood,Smothers,RB,NC State,Texas,2026-01-11T18:50:00.000Z,0.94,4.0,Immediate
4871054,Riley,Williams,TE,Oregon State,RileyWilliamsOregon State,2026,Riley,Williams,TE,Oregon State,Mississippi State,2026-01-10T16:30:00.000Z,0.85,3.0,Immediate
4871055,John,Walker,DT,UCF,JohnWalkerUCF,2026,John,Walker,DL,UCF,Ohio State,2026-01-06T17:31:00.000Z,0.87,3.0,Immediate
4871056,Johnny,Williams IV,OL,Missouri,JohnnyWilliams IVMissouri,2026,Johnny,Williams IV,OT,Missouri,North Texas,2026-01-08T16:48:00.000Z,,3.0,Immediate
4871057,Dylan,Spencer,LB,Texas Tech,DylanSpencerTexas Tech,2026,Dylan,Spencer,EDGE,Texas Tech,UTSA,2026-01-07T19:04:00.000Z,0.85,3.0,Immediate
4871062,Asaad,Waseem,WR,Florida Atlantic,AsaadWaseemFlorida Atlantic,2026,Asaad,Waseem,WR,Florida Atlantic,Purdue,2026-01-06T21:48:00.000Z,0.86,3.0,Immediate
4871065,Treyaun,Webb,RB,Florida,TreyaunWebbFlorida,2026,Treyaun,Webb,RB,Florida,App State,2026-01-12T02:17:40.000Z,,4.0,Immediate
4871075,Jayvon,Thomas,CB,Texas A&M,JayvonThomasTexas A&M,2026,Jayvon,Thomas,CB,Texas A&M,SMU,2026-01-20T22:50:00.000Z,0.86,3.0,Immediate
4871076,Quintrevion,Wisner,RB,Texas,QuintrevionWisnerTexas,2026,Quintrevion,Wisner,RB,Texas,Florida State,2026-01-05T19:14:00.000Z,0.93,4.0,Immediate
4871077,Javien,Toviano,S,LSU,JavienTovianoLSU,2026,Javien,Toviano,S,LSU,,2025-12-26T18:50:00.000Z,0.86,3.0,Immediate
4871078,Shakai,Woods,DT,Middle Tennessee,ShakaiWoodsMiddle Tennessee,2026,Shakai,Woods,DL,Middle Tennessee,Arkansas State,2026-01-13T01:39:00.000Z,0.84,3.0,Immediate
4871081,Richard,Young,RB,Alabama,RichardYoungAlabama,2026,Richard,Young,RB,Alabama,Colorado,2026-01-18T01:46:00.000Z,0.86,3.0,Immediate
4871089,Damon,Wilson II,DL,Missouri,DamonWilson IIMissouri,2026,Damon,Wilson II,EDGE,Missouri,Miami,2026-01-22T20:09:00.000Z,0.97,4.0,Immediate
4871093,Preston,Zinter,TE,Notre Dame,PrestonZinterNotre Dame,2026,Preston,Zinter,EDGE,Notre Dame,Rice,2026-01-13T22:25:00.000Z,0.85,3.0,Immediate
4871148,Jaylin,Lucas,RB,Florida State,JaylinLucasFlorida State,2026,Jaylin,Lucas,RB,Florida State,Tulane,2026-01-06T18:40:00.000Z,0.87,3.0,Immediate
4871710,Nick,Thomas,OL,Rhode Island,NickThomasRhode Island,2026,Nick,Thomas,OT,Rhode Island,Toledo,2026-01-14T19:05:00.000Z,0.84,3.0,Immediate
4872721,Cardell,Williams,QB,Sacramento State,CardellWilliamsSacramento State,2026,Cardell,Williams,QB,Sacramento State,Maryland,2026-05-30T18:35:00.000Z,0.85,3.0,Immediate
4872725,Alec,Johnson,OL,Georgia State,AlecJohnsonGeorgia State,2026,Alec,Johnson,IOL,Georgia State,Western Kentucky,2026-01-12T00:45:16.000Z,,2.0,Immediate
4872845,Carson,Smith,PK,Austin Peay,CarsonSmithAustin Peay,2026,Carson,Smith,K,Austin Peay,Arizona State,2026-01-08T16:36:00.000Z,,,Immediate
4872850,Zion,Wilson,DL,East Carolina,ZionWilsonEast Carolina,2026,Zion,Wilson,DL,East Carolina,Virginia,2026-01-12T22:23:00.000Z,0.88,3.0,Immediate
4873234,Victor,Rosa,RB,UConn,VictorRosaUConn,2026,Victor,Rosa,RB,UConn,Ohio,2026-01-10T02:01:00.000Z,,3.0,Immediate
4873418,Kaden,Helms,TE,Oklahoma,KadenHelmsOklahoma,2026,Kaden,Helms,TE,Oklahoma,Minnesota,2026-01-07T20:10:00.000Z,0.86,3.0,Immediate
4873443,Keyshawn,Burgos,DE,Virginia Tech,KeyshawnBurgosVirginia Tech,2026,Keyshawn,Burgos,EDGE,Virginia Tech,Purdue,2026-01-13T22:55:00.000Z,0.85,3.0,Immediate
4873588,CJ,Campbell Jr.,RB,Rutgers,CJCampbell Jr.Rutgers,2026,CJ,Campbell Jr.,RB,Rutgers,Duke,2026-01-08T01:10:00.000Z,0.84,3.0,Immediate
4873929,Terrence,Moore,OL,Toledo,TerrenceMooreToledo,2026,Terrence,Moore,IOL,Toledo,UConn,2026-01-24T07:41:00.000Z,0.86,3.0,Immediate
4874527,Sam,Jackson V,WR,Oklahoma State,SamJackson VOklahoma State,2026,Sam,Jackson V,WR,Oklahoma State,,2026-01-02T06:10:00.000Z,,3.0,Immediate
4874541,Kyler,Gibson,OL,Troy,KylerGibsonTroy,2026,Kyler,Gibson,OT,Troy,Austin Peay,2026-01-24T07:22:00.000Z,,3.0,Immediate
4874626,Blake,Burris,DL,SMU,BlakeBurrisSMU,2026,Blake,Burris,DL,SMU,,2026-01-03T19:47:00.000Z,,,Immediate
4875126,Horace,Lockett,DT,UCF,HoraceLockettUCF,2026,Horace,Lockett,DL,UCF,,2026-01-05T21:39:36.000Z,0.87,3.0,Withdrawn
4875128,Lex,Thomas,QB,NC State,LexThomasNC State,2026,Lex,Thomas,QB,NC State,,2026-01-10T16:47:00.000Z,,3.0,Immediate
4875340,Davon,Banks,DB,Boise State,DavonBanksBoise State,2026,Davon,Banks,CB,Boise State,,2025-12-26T01:04:00.000Z,,3.0,Immediate
4875360,Kannon,Katzer,RB,West Virginia,KannonKatzerWest Virginia,2026,Kannon,Katzer,RB,West Virginia,,2025-12-19T17:36:00.000Z,,,Immediate
4875384,Quentin,Redding,WR,Minnesota,QuentinReddingMinnesota,2026,Quentin,Redding,WR,Minnesota,,2025-12-03T14:31:00.000Z,,,Immediate
4875464,Justin,Agu,CB,Louisville,JustinAguLouisville,2026,Justin,Agu,CB,Louisville,Tulane,2026-01-16T23:47:00.000Z,0.86,3.0,Immediate
4875583,Reis,Stocksdale,WR,Bowling Green,ReisStocksdaleBowling Green,2026,Reis,Stocksdale,WR,Bowling Green,Temple,2026-01-08T02:33:00.000Z,,,Immediate
4875604,Phoenix,Jackson,LB,Baylor,PhoenixJacksonBaylor,2026,Phoenix,Jackson,LB,Baylor,Arkansas,2026-01-08T16:45:00.000Z,0.87,3.0,Immediate
4875755,Mason,King,RB,Illinois State,MasonKingIllinois State,2026,Mason,King,RB,Illinois State,Kent State,2026-01-11T19:31:00.000Z,,,Immediate
4875853,Cody,Jackson,WR,Tarleton State,CodyJacksonTarleton State,2026,Cody,Jackson,WR,Tarleton State,Iowa State,2026-01-05T03:30:00.000Z,0.86,3.0,Immediate
4875861,Ayo,Adeyi,RB,James Madison,AyoAdeyiJames Madison,2026,Ayo,Adeyi,RB,James Madison,Oklahoma State,2026-01-05T15:29:00.000Z,0.85,3.0,Immediate
4875866,Reese,Poffenbarger,QB,North Texas,ReesePoffenbargerNorth Texas,2026,Reese,Poffenbarger,QB,North Texas,Akron,2026-01-16T19:29:00.000Z,0.85,3.0,Immediate
4876261,Seth,Smith,OL,Northern Arizona,SethSmithNorthern Arizona,2026,Seth,Smith,OT,Northern Arizona,South Carolina,2026-01-11T19:20:00.000Z,0.87,3.0,Immediate
4876462,Isaiah,Reed,CB,UCF,IsaiahReedUCF,2026,Isaiah,Reed,CB,UCF,Massachusetts,2026-01-13T18:24:00.000Z,0.8,3.0,Immediate
4876466,Tim,Malo,DB,Hawai'i,TimMaloHawai'i,2026,Tim,Malo,S,Hawai'i,,2026-01-08T16:06:00.000Z,,3.0,Immediate
4876514,Justin,Townsend,DL,Columbia,JustinTownsendColumbia,2026,Justin,Townsend,EDGE,Columbia,Virginia,2026-04-17T15:01:00.000Z,,,Immediate
4876663,Marquis,Cooper,CB,Buffalo,MarquisCooperBuffalo,2026,Marquis,Cooper,CB,Buffalo,,2025-12-27T15:10:00.000Z,,,Immediate
4876695,Jaden,Allen,TE,Fordham,JadenAllenFordham,2026,Jaden,Allen,TE,Fordham,Central Michigan,2026-01-09T21:20:00.000Z,,2.0,Immediate
4877228,Luke,Petit,OL,Furman,LukePetitFurman,2026,Luke,Petit,IOL,Furman,Troy,2026-01-17T19:59:00.000Z,0.83,3.0,Immediate
4877230,Truette,Tumey,P,Texas A&M,TruetteTumeyTexas A&M,2026,Truette,Tumey,P,Texas A&M,,2026-01-04T18:44:00.000Z,,,Immediate
4877252,Blake,Ruffin,DB,Louisville,BlakeRuffinLouisville,2026,Blake,Ruffin,S,Louisville,,2026-01-10T16:40:00.000Z,,3.0,Immediate
4877627,Chase,Gillespie,RB,Vanderbilt,ChaseGillespieVanderbilt,2026,Chase,Gillespie,RB,Vanderbilt,Florida A&M,2026-02-05T01:01:00.000Z,,3.0,Immediate
4877768,Luke,Duska,OL,Elon,LukeDuskaElon,2026,Luke,Duska,IOL,Elon,Kennesaw State,2026-01-21T17:51:00.000Z,0.85,3.0,Immediate
4877825,Kaden,Schickel,LS,Michigan State,KadenSchickelMichigan State,2026,Kaden,Schickel,LS,Michigan State,Vanderbilt,2026-01-10T18:26:00.000Z,,,Immediate
4878106,Max,Alford,LB,BYU,MaxAlfordBYU,2026,Max,Alford,LB,BYU,Michigan,2026-01-13T04:00:00.000Z,0.86,3.0,Immediate
4878109,Hayden,Hansen,TE,Florida,HaydenHansenFlorida,2026,Hayden,Hansen,TE,Florida,Oklahoma,2026-01-04T21:56:00.000Z,0.88,3.0,Immediate
4878110,Rino,Monteforte,LS,California,RinoMonteforteCalifornia,2026,Rino,Monteforte,LS,California,Kansas,2026-01-09T22:24:00.000Z,,2.0,Immediate
4878112,Charles,Robertson,WR,Louisiana,CharlesRobertsonLouisiana,2026,Charles,Robertson,WR,Louisiana,,2026-01-06T21:01:00.000Z,,3.0,Immediate
4878173,Jackson,Bradley,OL,Cornell,JacksonBradleyCornell,2026,Jackson,Bradley,IOL,Cornell,UTEP,2026-01-22T22:03:00.000Z,0.82,3.0,Immediate
4878223,Jackson,Proctor,QB,Northern Illinois,JacksonProctorNorthern Illinois,2026,Jackson,Proctor,QB,Northern Illinois,,2026-01-02T14:03:00.000Z,,3.0,Immediate
4878232,Tomiwa,Durojaiye,DL,Illinois,TomiwaDurojaiyeIllinois,2026,Tomiwa,Durojaiye,DL,Illinois,South Carolina,2026-01-10T17:28:00.000Z,0.93,4.0,Immediate
4878394,Ajay,Allen,RB,Tulsa,AjayAllenTulsa,2026,Ajay,Allen,RB,Tulsa,,2026-01-01T21:51:00.000Z,,4.0,Immediate
4878681,Davis,Warren,QB,Michigan,DavisWarrenMichigan,2026,Davis,Warren,QB,Michigan,Stanford,2026-01-08T04:08:17.000Z,0.85,3.0,Immediate
4878843,Drew,Clausen,LS,Iowa State,DrewClausenIowa State,2026,Drew,Clausen,LS,Iowa State,Indiana,2026-01-09T00:30:00.000Z,,,Immediate
4878916,Cejai,Parson,S,Southern Illinois,CejaiParsonSouthern Illinois,2026,Cejai,Parson,S,Southern Illinois,,2025-12-03T16:40:00.000Z,0.83,3.0,Immediate
4879051,Pierre,Royster,S,UAB,PierreRoysterUAB,2026,Pierre,Royster,S,UAB,,2026-01-12T22:07:00.000Z,,,Immediate
4879192,Jonah,Burton,WR,Idaho State,JonahBurtonIdaho State,2026,Jonah,Burton,WR,Idaho State,Duke,2026-03-23T05:00:00.000Z,0.86,3.0,Immediate
4879259,Enock,Sibomana,LB,Wyoming,EnockSibomanaWyoming,2026,Enock,Sibomana,LB,Wyoming,,2025-12-23T15:07:00.000Z,0.85,3.0,Immediate
4879310,Brennan,Smith,OL,Mississippi State,BrennanSmithMississippi State,2026,Brennan,Smith,IOL,Mississippi State,Middle Tennessee,2026-04-29T19:24:00.000Z,0.85,3.0,Immediate
4879455,Damashja,Harris,RB,Wyoming,DamashjaHarrisWyoming,2026,Damashja,Harris,RB,Wyoming,Incarnate Word,2026-01-24T05:47:00.000Z,,,Immediate
4879531,Kamren,Washington,DT,Texas State,KamrenWashingtonTexas State,2026,Kamren,Washington,DL,Texas State,Baylor,2026-01-06T03:38:39.000Z,0.86,3.0,Immediate
4879567,Trent,Walker,WR,Oregon State,TrentWalkerOregon State,2026,Trent,Walker,WR,Oregon State,Houston,2026-01-07T19:26:00.000Z,0.87,3.0,Immediate
4879603,Kenton,Jerido,OL,South Alabama,KentonJeridoSouth Alabama,2026,Kenton,Jerido,IOL,South Alabama,,2026-01-09T20:08:00.000Z,0.85,3.0,Withdrawn
4879622,Jordan,Spasojevic-Moko,OL,California,JordanSpasojevic-MokoCalifornia,2026,Jordan,Spasojevic-Moko,IOL,California,,2026-01-06T21:08:00.000Z,,3.0,Immediate
4879662,Jordan,Brown,OL,Arizona,JordanBrownArizona,2026,Jordan,Brown,OT,Arizona,Georgia State,2026-01-13T00:13:00.000Z,0.85,3.0,Immediate
4879815,Evan,Malcore,OL,Northern Illinois,EvanMalcoreNorthern Illinois,2026,Evan,Malcore,OT,Northern Illinois,Miami (OH),2026-01-20T02:29:00.000Z,0.85,3.0,Immediate
4879816,Rashon,Myles Jr.,LB,Abilene Christian,RashonMyles Jr.Abilene Christian,2026,Rashon,Myles Jr.,LB,Abilene Christian,Georgia Southern,2026-01-19T16:25:08.000Z,0.86,3.0,Immediate
4879917,Shepherd,Bowling,S,Rice,ShepherdBowlingRice,2026,Shepherd,Bowling,LB,Rice,,2026-01-17T19:44:00.000Z,,3.0,Immediate
4880091,Brady,Wayburn,OL,UConn,BradyWayburnUConn,2026,Brady,Wayburn,OT,UConn,UCF,2026-01-04T21:52:47.000Z,0.86,3.0,Immediate
4880235,Bralen,Henderson,DT,Missouri,BralenHendersonMissouri,2026,Bralen,Henderson,DL,Missouri,,2026-01-17T00:57:00.000Z,,3.0,Immediate
4880272,Byrum,Brown,QB,South Florida,ByrumBrownSouth Florida,2026,Byrum,Brown,QB,South Florida,Auburn,2026-01-06T16:15:45.000Z,0.94,4.0,Immediate
4880276,Ashton,Whitner,S,Ball State,AshtonWhitnerBall State,2026,Ashton,Whitner,S,Ball State,Liberty,2026-01-15T23:57:00.000Z,0.84,3.0,Immediate
4880300,Donnie,Wingate,DE,Southern Illinois,DonnieWingateSouthern Illinois,2026,Donnie,Wingate,EDGE,Southern Illinois,Wyoming,2026-01-08T22:06:00.000Z,,,Immediate
4880351,Jahlil,Florence,CB,Oregon,JahlilFlorenceOregon,2026,Jahlil,Florence,CB,Oregon,Missouri,2026-01-05T21:47:00.000Z,0.86,3.0,Immediate
4880352,Trent,Fraley,OL,North Dakota State,TrentFraleyNorth Dakota State,2026,Trent,Fraley,IOL,North Dakota State,Michigan State,2026-01-07T17:45:00.000Z,0.86,3.0,Immediate
4880356,Kaleb,Hutchinson,S,Mercer,KalebHutchinsonMercer,2026,Kaleb,Hutchinson,S,Mercer,Toledo,2026-01-06T04:00:00.000Z,0.83,3.0,Immediate
4880358,Cam,Pedro,WR,Southeast Missouri State,CamPedroSoutheast Missouri State,2026,Cam,Pedro,WR,Southeast Missouri State,Charlotte,2026-01-07T19:39:00.000Z,,3.0,Immediate
4880360,Josiah,Robinson,LB,Georgia State,JosiahRobinsonGeorgia State,2026,Josiah,Robinson,LB,Georgia State,,2026-01-15T17:10:00.000Z,,3.0,Immediate
4880395,Tae,Meadows,RB,Troy,TaeMeadowsTroy,2026,Tae,Meadows,RB,Troy,Auburn,2026-01-23T01:33:00.000Z,0.86,3.0,Immediate
4880603,Tim,Thomas,LB,Fresno State,TimThomasFresno State,2026,Tim,Thomas,LB,Fresno State,Sacramento State,2026-01-20T16:41:00.000Z,0.82,3.0,Immediate
4880964,Terron,Kellman,RB,Wyoming,TerronKellmanWyoming,2026,Terron,Kellman,RB,Wyoming,Liberty,2026-01-10T18:10:00.000Z,,3.0,Immediate
4880967,Da'Shawn,Womack,EDGE,Ole Miss,Da'ShawnWomackOle Miss,2026,Da'Shawn,Womack,EDGE,Ole Miss,Auburn,2026-01-15T19:37:00.000Z,0.92,4.0,Immediate
4881032,Taron,Dickens,QB,Western Carolina,TaronDickensWestern Carolina,2026,Taron,Dickens,QB,Western Carolina,Northern Illinois,2026-02-15T18:51:00.000Z,0.85,3.0,Immediate
4882061,Jake,Newell,TE,Akron,JakeNewellAkron,2026,Jake,Newell,TE,Akron,Toledo,2026-01-20T05:01:00.000Z,0.85,3.0,Immediate
4882122,Sterling,Berkhalter,WR,Wake Forest,SterlingBerkhalterWake Forest,2026,Sterling,Berkhalter,WR,Wake Forest,Texas,2026-01-15T17:24:00.000Z,0.91,4.0,Immediate
4883110,Grant,Jordan,QB,Massachusetts,GrantJordanMassachusetts,2026,Grant,Jordan,QB,Massachusetts,Oklahoma State,2026-01-10T18:35:00.000Z,0.85,3.0,Immediate
4883127,Mason,Shipp,WR,Yale,MasonShippYale,2026,Mason,Shipp,WR,Yale,Austin Peay,2026-01-25T20:57:00.000Z,,,Immediate
4883774,Jayden,McGowan,WR,Charlotte,JaydenMcGowanCharlotte,2026,Jayden,McGowan,WR,Charlotte,Baylor,2026-01-13T15:11:00.000Z,0.85,3.0,Immediate
4884000,Jackson,Brown,OL,Pittsburgh,JacksonBrownPittsburgh,2026,Jackson,Brown,IOL,Pittsburgh,UNLV,2026-01-15T22:58:00.000Z,0.85,3.0,Immediate
4885321,William,Davis,S,West Virginia,WilliamDavisWest Virginia,2026,William,Davis,S,West Virginia,Sam Houston,2026-01-15T02:41:00.000Z,0.83,3.0,Immediate
4885469,Darrin,Fugitt,TE,Lindenwood,DarrinFugittLindenwood,2026,Darrin,Fugitt,TE,Lindenwood,App State,2026-01-08T17:33:00.000Z,,,Immediate
4887640,Kaderris,Roberts,RB,Bowling Green,KaderrisRobertsBowling Green,2026,Kaderris,Roberts,RB,Bowling Green,Delaware,2026-01-18T19:14:00.000Z,0.86,3.0,Immediate
4889173,Braeden,McAlister,PK,Georgia State,BraedenMcAlisterGeorgia State,2026,Braeden,McAlister,K,Georgia State,Arkansas,2026-01-04T19:18:46.000Z,,2.0,Immediate
4889788,Enoka,Migao,LB,Utah State,EnokaMigaoUtah State,2026,Enoka,Migao,EDGE,Utah State,,2026-01-08T15:49:00.000Z,,3.0,Immediate
4890881,Cam,Ball,TE,Mississippi State,CamBallMississippi State,2026,Cam,Ball,TE,Mississippi State,West Virginia,2026-01-12T23:13:00.000Z,0.85,3.0,Immediate
4890883,Devin,Morgan,DL,Buffalo,DevinMorganBuffalo,2026,Devin,Morgan,DL,Buffalo,Kennesaw State,2026-01-22T02:18:00.000Z,0.83,3.0,Immediate
4891196,Jeremiah,Hughes,DB,Michigan State,JeremiahHughesMichigan State,2026,Jeremiah,Hughes,CB,Michigan State,Hawai'i,2026-01-12T02:31:00.000Z,0.84,3.0,Immediate
4891669,Javon,Davis,S,McNeese,JavonDavisMcNeese,2026,Javon,Davis,CB,McNeese,,2026-02-07T02:03:42.000Z,0.83,3.0,Withdrawn
4892983,Terrell,Timmons Jr.,WR,Colorado,TerrellTimmons Jr.Colorado,2026,Terrell,Timmons Jr.,WR,Colorado,Memphis,2026-01-11T12:17:00.000Z,,3.0,Immediate
4892986,Lamont,Payne Jr.,S,Penn State,LamontPayne Jr.Penn State,2026,Lamont,Payne Jr.,S,Penn State,Delaware State,2026-02-03T04:25:00.000Z,,3.0,Immediate
4893007,Thomas,Amankwaa,WR,Delaware,ThomasAmankwaaDelaware,2026,Thomas,Amankwaa,WR,Delaware,,2025-12-25T05:31:00.000Z,,4.0,Immediate
4893102,Amariyun,Knighten,DB,Indiana,AmariyunKnightenIndiana,2026,Amariyun,Knighten,CB,Indiana,Miami (OH),2026-03-02T13:32:00.000Z,,,Immediate
4893420,Josh,Lukusa,DE,Miami (OH),JoshLukusaMiami (OH),2026,Josh,Lukusa,EDGE,Miami (OH),Missouri State,2026-01-18T02:12:00.000Z,0.84,3.0,Immediate
4893702,Elizjah,Lewis,WR,Pace,ElizjahLewisPace,2026,Elizjah,Lewis,WR,Pace,Louisville,2026-01-28T13:42:00.000Z,0.85,3.0,Immediate
4894437,Robby,Harrison,DL,Western Kentucky,RobbyHarrisonWestern Kentucky,2026,Robby,Harrison,DL,Western Kentucky,Colorado State,2026-01-15T17:48:00.000Z,0.84,3.0,Immediate
4894438,Noah,McKinney,OL,Oklahoma State,NoahMcKinneyOklahoma State,2026,Noah,McKinney,IOL,Oklahoma State,TCU,2025-10-16T16:47:00.000Z,0.89,3.0,Immediate
4894661,Durell,Robinson,RB,Auburn,DurellRobinsonAuburn,2026,Durell,Robinson,RB,Auburn,Colorado State,2026-01-19T16:47:00.000Z,0.84,3.0,Immediate
4894839,Brandon,White,WR,Hawai'i,BrandonWhiteHawai'i,2026,Brandon,White,WR,Hawai'i,Kansas State,2026-01-17T15:37:00.000Z,0.86,3.0,Immediate
4895773,Ryan,Henderson,DE,San Diego State,RyanHendersonSan Diego State,2026,Ryan,Henderson,EDGE,San Diego State,Texas A&M,2026-01-06T22:42:00.000Z,0.86,3.0,Immediate
4896022,Tyler,McMillan,OL,Illinois,TylerMcMillanIllinois,2026,Tyler,McMillan,OT,Illinois,Eastern Michigan,2026-01-13T20:42:00.000Z,0.84,3.0,Immediate
4896289,Gavin,Freeman,WR,Oklahoma State,GavinFreemanOklahoma State,2026,Gavin,Freeman,WR,Oklahoma State,Baylor,2026-01-15T22:49:00.000Z,0.86,3.0,Immediate
4896290,Aisea,Moa,LB,Michigan State,AiseaMoaMichigan State,2026,Aisea,Moa,LB,Michigan State,Michigan,2026-01-17T15:55:00.000Z,0.86,3.0,Immediate
4896318,Javan,Robinson,CB,Arizona State,JavanRobinsonArizona State,2026,Javan,Robinson,CB,Arizona State,Wisconsin,2026-01-05T22:22:00.000Z,0.86,3.0,Immediate
4896319,Nasir,Addison,DB,Kentucky,NasirAddisonKentucky,2026,Nasir,Addison,CB,Kentucky,,2026-01-06T19:51:00.000Z,,3.0,Withdrawn
4896708,KJ,Makins,CB,Baylor,KJMakinsBaylor,2026,KJ,Makins,CB,Baylor,,2026-01-01T20:31:00.000Z,,,Immediate
4897443,Harrison,Taggart,LB,California,HarrisonTaggartCalifornia,2026,Harrison,Taggart,LB,California,Utah State,2026-01-19T21:31:00.000Z,0.86,3.0,Immediate
4898017,Aaron,Karas,OL,Colorado State,AaronKarasColorado State,2026,Aaron,Karas,OT,Colorado State,Memphis,2026-01-13T16:57:00.000Z,0.85,3.0,Immediate
4898018,Josh,Sapp,TE,Clemson,JoshSappClemson,2026,Josh,Sapp,TE,Clemson,West Virginia,2026-01-11T22:00:00.000Z,0.85,3.0,Immediate
4898201,Trey,White,LB,San Diego State,TreyWhiteSan Diego State,2026,Trey,White,EDGE,San Diego State,Texas Tech,2026-01-05T14:56:00.000Z,0.86,3.0,Immediate
4898892,Joey,Schlaffer,TE,Penn State,JoeySchlafferPenn State,2026,Joey,Schlaffer,TE,Penn State,Temple,2026-01-08T21:40:00.000Z,0.85,3.0,Immediate
4899046,Brendan,Sorsby,QB,Cincinnati,BrendanSorsbyCincinnati,2026,Brendan,Sorsby,QB,Cincinnati,Texas Tech,2026-01-05T03:45:04.000Z,0.98,5.0,Immediate
4899137,Johnny,Thompson Jr.,RB,Kansas,JohnnyThompson Jr.Kansas,2026,Johnny,Thompson Jr.,RB,Kansas,Ball State,2026-01-25T00:45:00.000Z,0.84,3.0,Immediate
4899347,Stephiylan,Green,DT,Clemson,StephiylanGreenClemson,2026,Stephiylan,Green,DL,Clemson,LSU,2026-01-06T18:32:00.000Z,0.91,4.0,Immediate
4899363,Adepoju,Adebawore,DL,Oklahoma,AdepojuAdebaworeOklahoma,2026,Adepoju,Adebawore,EDGE,Oklahoma,,2026-01-12T15:32:00.000Z,,5.0,Withdrawn
4899366,Semaj,Morgan,WR,Michigan,SemajMorganMichigan,2026,Semaj,Morgan,WR,Michigan,UCLA,2026-01-07T22:42:36.000Z,0.85,3.0,Immediate
4899368,Kendrick,Raphael,RB,California,KendrickRaphaelCalifornia,2026,Kendrick,Raphael,RB,California,SMU,2026-01-13T02:00:00.000Z,0.92,4.0,Immediate
4899417,Desmond,Umeozulu,LB,South Carolina,DesmondUmeozuluSouth Carolina,2026,Desmond,Umeozulu,EDGE,South Carolina,Alabama,2026-01-15T13:45:00.000Z,0.89,3.0,Immediate
4899468,Kaden,Anderson,QB,Wyoming,KadenAndersonWyoming,2026,Kaden,Anderson,QB,Wyoming,Tarleton State,2026-01-11T15:55:00.000Z,0.85,3.0,Immediate
4899471,Kyran,Bourda,DL,Texas State,KyranBourdaTexas State,2026,Kyran,Bourda,DL,Texas State,,2026-01-08T21:24:00.000Z,,3.0,Immediate
4899472,Chris,Culliver,WR,North Carolina,ChrisCulliverNorth Carolina,2026,Chris,Culliver,WR,North Carolina,Marshall,2026-01-07T01:23:00.000Z,0.84,3.0,Immediate
4899475,Wilkin,Formby,OL,Alabama,WilkinFormbyAlabama,2026,Wilkin,Formby,OT,Alabama,Texas A&M,2026-01-07T22:20:00.000Z,0.93,4.0,Immediate
4899476,Kendrick,Gilbert,DT,Louisville,KendrickGilbertLouisville,2026,Kendrick,Gilbert,DL,Louisville,Ball State,2026-01-17T05:40:00.000Z,0.85,3.0,Immediate
4899477,AJ,Green,DL,Louisville,AJGreenLouisville,2026,AJ,Green,EDGE,Louisville,,2026-01-06T17:47:43.000Z,0.91,4.0,Withdrawn
4899483,Sammy,Omosigho,LB,Oklahoma,SammyOmosighoOklahoma,2026,Sammy,Omosigho,LB,Oklahoma,UCLA,2026-01-13T05:09:05.000Z,0.91,4.0,Immediate
4899485,Dylan,Senda,OL,Auburn,DylanSendaAuburn,2026,Dylan,Senda,OT,Auburn,Toledo,2026-01-08T04:12:39.000Z,,3.0,Immediate
4899709,Jahmad,Harmon,S,Ball State,JahmadHarmonBall State,2026,Jahmad,Harmon,S,Ball State,Massachusetts,2026-01-13T18:19:00.000Z,0.83,3.0,Immediate
4900024,Rhett,Larson,OL,Sam Houston,RhettLarsonSam Houston,2026,Rhett,Larson,IOL,Sam Houston,Western Kentucky,2026-01-16T15:49:00.000Z,0.85,3.0,Immediate
4900153,JayT,Jackson,DB,Louisiana Tech,JayTJacksonLouisiana Tech,2026,JayT,Jackson,CB,Louisiana Tech,,2025-12-25T05:52:00.000Z,,,Immediate
4900351,Noah,Bennee,TE,Weber State,NoahBenneeWeber State,2026,Noah,Bennee,TE,Weber State,Utah,2026-01-18T20:16:00.000Z,0.85,3.0,Immediate
4900640,Kyle,Parker,WR,LSU,KyleParkerLSU,2026,Kyle,Parker,WR,LSU,Ohio State,2026-01-16T16:25:00.000Z,0.87,3.0,Immediate
4900771,Marquis,Gillis,RB,Delaware State,MarquisGillisDelaware State,2026,Marquis,Gillis,RB,Delaware State,Arizona State,2026-01-07T03:46:00.000Z,0.85,3.0,Immediate
4900879,Jacquon,Gibson,WR,Massachusetts,JacquonGibsonMassachusetts,2026,Jacquon,Gibson,WR,Massachusetts,Virginia,2026-01-17T22:44:00.000Z,0.86,3.0,Immediate
4900905,Jalil,Martin,DB,Syracuse,JalilMartinSyracuse,2026,Jalil,Martin,S,Syracuse,,2026-01-05T18:58:00.000Z,,3.0,Immediate
4900914,Jaavan,Mack,DB,Western Kentucky,JaavanMackWestern Kentucky,2026,Jaavan,Mack,CB,Western Kentucky,,2026-01-17T05:26:00.000Z,,,Immediate
4901131,Tao,Johnson,DB,Utah,TaoJohnsonUtah,2026,Tao,Johnson,S,Utah,UCLA,2026-01-10T01:53:00.000Z,0.87,3.0,Immediate
4901380,Jaden,Harris,S,Georgia,JadenHarrisGeorgia,2026,Jaden,Harris,S,Georgia,Kansas,2026-01-05T23:04:00.000Z,0.85,3.0,Immediate
4901423,Terrell,Jones,DE,Virginia,TerrellJonesVirginia,2026,Terrell,Jones,DL,Virginia,South Florida,2026-01-09T20:57:00.000Z,,3.0,Immediate
4903471,Elijah,Reed,CB,Akron,ElijahReedAkron,2026,Elijah,Reed,CB,Akron,Utah,2026-01-10T01:49:00.000Z,0.85,3.0,Immediate
4904970,Javante,Mackey,LB,Arkansas State,JavanteMackeyArkansas State,2026,Javante,Mackey,LB,Arkansas State,Texas State,2026-01-21T04:49:00.000Z,0.85,3.0,Immediate
4905245,Jason,Oliver,CB,Sacramento State,JasonOliverSacramento State,2026,Jason,Oliver,CB,Sacramento State,San Diego State,2026-01-06T18:10:00.000Z,0.84,3.0,Immediate
4905600,Micah,Wing,LB,Ball State,MicahWingBall State,2026,Micah,Wing,LB,Ball State,,2026-01-14T20:25:00.000Z,,,Immediate
4905609,Fredrick,Moore,WR,Michigan,FredrickMooreMichigan,2026,Fredrick,Moore,WR,Michigan,Michigan State,2026-01-09T18:55:00.000Z,0.85,3.0,Immediate
4905690,Samuel,Okunlola,DL,Colorado,SamuelOkunlolaColorado,2026,Samuel,Okunlola,EDGE,Colorado,Virginia Tech,2026-01-21T20:28:00.000Z,0.86,3.0,Immediate
4905925,Devan,Thompkins,DL,USC,DevanThompkinsUSC,2026,Devan,Thompkins,DL,USC,Alabama,2026-01-07T17:21:00.000Z,0.94,4.0,Immediate
4906091,Isaiah,Cook,OL,Delaware State,IsaiahCookDelaware State,2026,Isaiah,Cook,IOL,Delaware State,Rutgers,2026-01-09T03:41:00.000Z,,,Immediate
4906210,Samuel,Dankah,DL,East Carolina,SamuelDankahEast Carolina,2026,Samuel,Dankah,LB,East Carolina,,2026-01-18T18:33:00.000Z,,3.0,Withdrawn
4906922,Preston,Thompson,DB,Florida International,PrestonThompsonFlorida International,2026,Preston,Thompson,S,Florida International,,2026-01-09T15:48:00.000Z,,3.0,Immediate
4907672,Adam,Samaha,PK,Akron,AdamSamahaAkron,2026,Adam,Samaha,K,Akron,Eastern Michigan,2026-01-21T17:03:00.000Z,,2.0,Immediate
4907786,Rocky,Beers,TE,Colorado State,RockyBeersColorado State,2026,Rocky,Beers,TE,Colorado State,Oklahoma,2026-01-05T21:36:00.000Z,0.85,3.0,Immediate
4908552,Dorian,Thomas,TE,New Mexico,DorianThomasNew Mexico,2026,Dorian,Thomas,TE,New Mexico,California,2026-01-07T02:30:10.000Z,0.9,4.0,Immediate
4909259,Chandler,Strong,OL,Georgia Southern,ChandlerStrongGeorgia Southern,2026,Chandler,Strong,IOL,Georgia Southern,North Texas,2026-01-07T01:41:28.000Z,0.85,3.0,Immediate
4909261,Da'Shawn,Davis,DL,Georgia Southern,Da'ShawnDavisGeorgia Southern,2026,Da'Shawn,Davis,DL,Georgia Southern,,2026-01-03T19:39:00.000Z,,3.0,Immediate
4910223,Malcolm,Hartzog,S,Nebraska,MalcolmHartzogNebraska,2026,Malcolm,Hartzog,S,Nebraska,Arizona,2026-01-10T15:56:00.000Z,0.86,3.0,Immediate
4910237,Abiathar,Curry,OL,Northern Illinois,AbiatharCurryNorthern Illinois,2026,Abiathar,Curry,OT,Northern Illinois,,2025-12-28T18:37:00.000Z,,3.0,Immediate
4910827,Evan,Boutorwick,LS,Michigan,EvanBoutorwickMichigan,2026,Evan,Boutorwick,LS,Michigan,Northwestern,2026-01-09T19:31:00.000Z,,,Immediate
4910846,Drake,Knobloch,LS,Baylor,DrakeKnoblochBaylor,2026,Drake,Knobloch,LS,Baylor,Northwest Missouri State,2026-02-05T02:29:00.000Z,,,Immediate
4910848,Carter,Sweazie,OL,James Madison,CarterSweazieJames Madison,2026,Carter,Sweazie,IOL,James Madison,UCLA,2026-01-09T18:05:11.000Z,0.85,3.0,Immediate
4911543,Lawrence,Hattar,OL,Michigan,LawrenceHattarMichigan,2026,Lawrence,Hattar,IOL,Michigan,,2026-01-15T17:22:00.000Z,,,Withdrawn
4911835,Jhamal,Shelby Jr.,DB,Louisiana Tech,JhamalShelby Jr.Louisiana Tech,2026,Jhamal,Shelby Jr.,CB,Louisiana Tech,Nicholls,2026-04-02T02:10:00.000Z,0.83,3.0,Immediate
4911905,Davis,Dotson,OL,Oklahoma State,DavisDotsonOklahoma State,2026,Davis,Dotson,OT,Oklahoma State,,2026-01-01T16:49:00.000Z,,3.0,Immediate
4911906,Kanen,Hamlett,TE,App State,KanenHamlettApp State,2026,Kanen,Hamlett,TE,App State,East Carolina,2026-01-08T00:00:00.000Z,,3.0,Immediate
4911915,Jacarrius,Peak,OL,NC State,JacarriusPeakNC State,2026,Jacarrius,Peak,OT,NC State,South Carolina,2026-01-09T01:13:00.000Z,0.94,4.0,Immediate
4911919,Khamari,Terrell,CB,Texas State,KhamariTerrellTexas State,2026,Khamari,Terrell,CB,Texas State,Washington State,2026-01-14T15:11:00.000Z,0.85,3.0,Immediate
4911929,Alonza,Barnett III,QB,James Madison,AlonzaBarnett IIIJames Madison,2026,Alonza,Barnett III,QB,James Madison,UCF,2026-01-04T20:01:00.000Z,0.86,3.0,Immediate
4911931,Carter,Miller,OL,UCF,CarterMillerUCF,2026,Carter,Miller,IOL,UCF,South Carolina,2026-01-06T21:29:00.000Z,0.86,3.0,Immediate
4911971,Jahiem,White,RB,West Virginia,JahiemWhiteWest Virginia,2026,Jahiem,White,RB,West Virginia,North Texas,2026-01-08T04:10:49.000Z,0.86,3.0,Immediate
4911975,Asani,Redwood,DT,West Virginia,AsaniRedwoodWest Virginia,2026,Asani,Redwood,DL,West Virginia,South Florida,2026-01-06T00:04:00.000Z,,3.0,Immediate
4912043,Kylish,Hicks,DB,UConn,KylishHicksUConn,2026,Kylish,Hicks,S,UConn,,2026-01-06T18:19:00.000Z,,3.0,Withdrawn
4912045,Ben,Murawski,OL,UConn,BenMurawskiUConn,2026,Ben,Murawski,OT,UConn,Michigan State,2026-01-04T19:10:00.000Z,0.87,3.0,Immediate
4912062,Kyle,Crum,QB,San Diego State,KyleCrumSan Diego State,2026,Kyle,Crum,QB,San Diego State,,2026-01-01T04:31:00.000Z,,3.0,Immediate
4912067,Chase,Sowell,WR,Iowa State,ChaseSowellIowa State,2026,Chase,Sowell,WR,Iowa State,Penn State,2026-01-05T14:30:00.000Z,0.93,4.0,Immediate
4912070,Adam,Tomczyk,DL,West Virginia,AdamTomczykWest Virginia,2026,Adam,Tomczyk,EDGE,West Virginia,Hawai'i,2026-01-29T01:28:00.000Z,0.84,3.0,Immediate
4912130,Trell,Harris,WR,Virginia,TrellHarrisVirginia,2026,Trell,Harris,WR,Virginia,Oklahoma,2026-01-05T18:06:00.000Z,0.93,4.0,Immediate
4912135,Justius,Lowe,WR,Oregon,JustiusLoweOregon,2026,Justius,Lowe,WR,Oregon,San Diego State,2026-01-13T23:57:00.000Z,0.86,3.0,Immediate
4912143,Tyson,Rooks,DB,Illinois,TysonRooksIllinois,2026,Tyson,Rooks,S,Illinois,,2026-01-02T02:49:00.000Z,,3.0,Immediate
4912182,Jacob,Finley,DB,Northern Illinois,JacobFinleyNorthern Illinois,2026,Jacob,Finley,CB,Northern Illinois,Cincinnati,2026-01-08T18:01:00.000Z,0.86,3.0,Immediate
4912198,Canaan,Williams,LB,Kent State,CanaanWilliamsKent State,2026,Canaan,Williams,LB,Kent State,,2025-12-06T06:00:00.000Z,,3.0,Immediate
4912226,Stone,Combs,LB,Nevada,StoneCombsNevada,2026,Stone,Combs,LB,Nevada,,2025-12-31T20:52:00.000Z,,2.0,Immediate
4912252,Gavriel,Lightfoot,DT,Colorado,GavrielLightfootColorado,2026,Gavriel,Lightfoot,DL,Colorado,San Diego State,2026-01-11T22:02:00.000Z,0.85,3.0,Immediate
4912254,Jordan,McCants,WR,West Virginia,JordanMcCantsWest Virginia,2026,Jordan,McCants,WR,West Virginia,,2026-01-02T14:18:00.000Z,,3.0,Immediate
4912265,J.C.,Sivley,TE,UAB,J.C.SivleyUAB,2026,J.C.,Sivley,TE,UAB,,2025-12-09T17:12:00.000Z,,3.0,Immediate
4912286,Iverson,Hooks,WR,UAB,IversonHooksUAB,2026,Iverson,Hooks,WR,UAB,Oregon,2026-01-12T19:32:16.000Z,0.88,3.0,Immediate
4912301,Ethan,Wesloski,LB,North Texas,EthanWesloskiNorth Texas,2026,Ethan,Wesloski,LB,North Texas,Oklahoma State,2026-01-06T17:31:00.000Z,0.85,3.0,Immediate
4912337,Justin,Eaglin,DB,James Madison,JustinEaglinJames Madison,2026,Justin,Eaglin,CB,James Madison,Colorado,2026-01-07T02:33:01.000Z,0.86,3.0,Immediate
4912340,Mason,Howard,OL,Wofford,MasonHowardWofford,2026,Mason,Howard,OT,Wofford,,2026-01-15T21:52:00.000Z,,3.0,Immediate
4912342,Wayne,Knight,RB,James Madison,WayneKnightJames Madison,2026,Wayne,Knight,RB,James Madison,UCLA,2026-01-07T21:47:49.000Z,0.87,3.0,Immediate
4912356,Amar,Thomas,EDGE,James Madison,AmarThomasJames Madison,2026,Amar,Thomas,EDGE,James Madison,,2026-01-06T19:52:00.000Z,0.86,3.0,Withdrawn
4912361,Devan,Williams,WR,Houston,DevanWilliamsHouston,2026,Devan,Williams,WR,Houston,Lamar Christian School,2026-01-23T05:56:00.000Z,,3.0,Immediate
4912454,Jason,Thompson,WR,Stanford,JasonThompsonStanford,2026,Jason,Thompson,WR,Stanford,,2025-12-16T01:50:00.000Z,,3.0,Immediate
4912556,Josh,Baka,S,UAB,JoshBakaUAB,2026,Josh,Baka,S,UAB,,2026-01-15T17:22:00.000Z,,2.0,Immediate
4912647,Austin,Novosad,QB,Oregon,AustinNovosadOregon,2026,Austin,Novosad,QB,Oregon,Bowling Green,2026-01-17T22:47:00.000Z,0.86,3.0,Immediate
4912864,Raheim,Jeter,QB,East Carolina,RaheimJeterEast Carolina,2026,Raheim,Jeter,QB,East Carolina,Alcorn State,2026-02-04T21:27:00.000Z,,3.0,Immediate
4912907,Joshua,Miller,OL,Syracuse,JoshuaMillerSyracuse,2026,Joshua,Miller,OT,Syracuse,Austin Peay,2026-01-08T04:14:00.000Z,,3.0,Immediate
4912914,Oumar,Conde,DL,Central Michigan,OumarCondeCentral Michigan,2026,Oumar,Conde,EDGE,Central Michigan,,2025-12-27T06:00:00.000Z,,3.0,Immediate
4912915,Wes,King,OL,Wyoming,WesKingWyoming,2026,Wes,King,IOL,Wyoming,West Virginia,2026-01-08T18:53:00.000Z,0.86,3.0,Immediate
4913037,Jontez,Williams,CB,Iowa State,JontezWilliamsIowa State,2026,Jontez,Williams,CB,Iowa State,USC,2026-01-04T18:30:00.000Z,0.93,4.0,Immediate
4914482,Charlie,Mirer,QB,Stanford,CharlieMirerStanford,2026,Charlie,Mirer,QB,Stanford,,2026-02-09T01:00:36.000Z,,3.0,Withdrawn
4915621,Joseph,Head Jr.,DL,Mississippi State,JosephHead Jr.Mississippi State,2026,Joseph,Head Jr.,EDGE,Mississippi State,Memphis,2026-01-09T18:15:00.000Z,,3.0,Immediate
4915712,Drew,Terrill,OL,Miami (OH),DrewTerrillMiami (OH),2026,Drew,Terrill,OT,Miami (OH),Houston,2026-01-04T18:01:00.000Z,0.85,3.0,Immediate
4916306,Bobby,Golden,WR,Louisville,BobbyGoldenLouisville,2026,Bobby,Golden,WR,Louisville,,2026-01-05T23:03:00.000Z,,3.0,Immediate
4916379,Jayvon,Parker,DL,Washington,JayvonParkerWashington,2026,Jayvon,Parker,DL,Washington,Maryland,2026-01-30T17:50:00.000Z,0.84,3.0,Immediate
4916380,Armon,Parker,DL,Washington,ArmonParkerWashington,2026,Armon,Parker,DL,Washington,Maryland,2026-01-30T17:45:00.000Z,0.86,3.0,Immediate
4916587,Darius,Thomas,LB,Oklahoma State,DariusThomasOklahoma State,2026,Darius,Thomas,LB,Oklahoma State,,2025-10-07T18:11:00.000Z,0.85,3.0,Immediate
4916885,Jaylen,Jenkins,RB,Texas State,JaylenJenkinsTexas State,2026,Jaylen,Jenkins,RB,Texas State,,2025-12-14T18:51:00.000Z,,3.0,Immediate
4916954,Jibreel,Al-Amin,LB,Marshall,JibreelAl-AminMarshall,2026,Jibreel,Al-Amin,LB,Marshall,Kansas,2026-01-09T16:20:00.000Z,0.86,3.0,Immediate
4916956,Blayne,Myrick,LB,South Alabama,BlayneMyrickSouth Alabama,2026,Blayne,Myrick,LB,South Alabama,Miami (OH),2026-01-14T20:52:02.000Z,0.84,3.0,Immediate
4916982,Luke,Sandy,OL,Wyoming,LukeSandyWyoming,2026,Luke,Sandy,IOL,Wyoming,Charlotte,2026-01-18T18:46:00.000Z,0.85,3.0,Immediate
4916985,Chapman,Lewis,DB,Texas Tech,ChapmanLewisTexas Tech,2026,Chapman,Lewis,S,Texas Tech,Utah State,2026-01-19T23:27:00.000Z,0.83,3.0,Immediate
4916987,T.J.,West,WR,Texas Tech,T.J.WestTexas Tech,2026,T.J.,West,WR,Texas Tech,UTSA,2026-01-07T00:55:00.000Z,,3.0,Immediate
4917058,Reese,Tripp,OL,Minnesota,ReeseTrippMinnesota,2026,Reese,Tripp,IOL,Minnesota,Middle Tennessee,2026-01-14T01:15:00.000Z,0.85,3.0,Immediate
4917091,Steven,Shannon,DL,Florida International,StevenShannonFlorida International,2026,Steven,Shannon,DL,Florida International,,2025-12-29T20:21:00.000Z,,3.0,Immediate
4917093,Ryan,Staub,QB,Colorado,RyanStaubColorado,2026,Ryan,Staub,QB,Colorado,Tennessee,2026-01-18T20:26:00.000Z,0.85,3.0,Immediate
4917119,Devin,Alves,WR,Virginia Tech,DevinAlvesVirginia Tech,2026,Devin,Alves,WR,Virginia Tech,Hawai'i,2026-01-13T14:53:00.000Z,0.83,3.0,Immediate
4917266,Charlie,Durkin,P,Kent State,CharlieDurkinKent State,2026,Charlie,Durkin,P,Kent State,Rice,2026-01-07T22:34:00.000Z,,,Immediate
4917270,Harry,Lodge,TE,Wake Forest,HarryLodgeWake Forest,2026,Harry,Lodge,TE,Wake Forest,UCLA,2026-01-20T06:00:00.000Z,0.85,3.0,Immediate
4917286,Will,Hryszko,PK,Kent State,WillHryszkoKent State,2026,Will,Hryszko,K,Kent State,Ohio,2026-02-04T15:41:00.000Z,,,Immediate
4917302,Shadre,Hurst,OL,Tulane,ShadreHurstTulane,2026,Shadre,Hurst,IOL,Tulane,Houston,2026-01-04T20:21:00.000Z,0.87,3.0,Immediate
4917310,Zylan,Perry,RB,Louisiana,ZylanPerryLouisiana,2026,Zylan,Perry,RB,Louisiana,Cincinnati,2026-01-08T20:33:29.000Z,0.85,3.0,Immediate
4917318,Xavier,Bausley,OL,West Virginia,XavierBausleyWest Virginia,2026,Xavier,Bausley,OT,West Virginia,Marshall,2026-01-05T03:37:00.000Z,,,Immediate
4917327,Jonathan,Maldonado,DE,Nevada,JonathanMaldonadoNevada,2026,Jonathan,Maldonado,EDGE,Nevada,Ole Miss,2026-01-04T14:08:00.000Z,0.87,3.0,Immediate
4917349,Jamari,Hawkins,WR,Memphis,JamariHawkinsMemphis,2026,Jamari,Hawkins,WR,Memphis,Arkansas,2026-01-05T14:10:00.000Z,0.86,3.0,Immediate
4917364,Brad,Baur,OL,Rice,BradBaurRice,2026,Brad,Baur,OT,Rice,,2026-01-07T16:40:00.000Z,,3.0,Immediate
4917370,Brooks,Johnson,TE,Coastal Carolina,BrooksJohnsonCoastal Carolina,2026,Brooks,Johnson,TE,Coastal Carolina,Florida Atlantic,2026-01-09T23:10:00.000Z,,3.0,Immediate
4917378,J'mari,Monette,DL,Indiana,J'mariMonetteIndiana,2026,J'mari,Monette,DL,Indiana,Memphis,2026-01-23T16:41:00.000Z,0.83,3.0,Immediate
4917400,Kiawan,Murphy,DL,Akron,KiawanMurphyAkron,2026,Kiawan,Murphy,DL,Akron,Western Kentucky,2026-01-12T02:35:00.000Z,0.82,3.0,Immediate
4917426,Ryan,Kingston,P,Southeast Missouri State,RyanKingstonSoutheast Missouri State,2026,Ryan,Kingston,P,Southeast Missouri State,Bowling Green,2026-01-17T21:18:00.000Z,0.83,3.0,Immediate
4917441,Landon,Williams,DE,New Mexico,LandonWilliamsNew Mexico,2026,Landon,Williams,EDGE,New Mexico,Stephen F. Austin,2026-02-02T03:05:00.000Z,,3.0,Immediate
4917620,TJ,Bush Jr.,DL,California,TJBush Jr.California,2026,TJ,Bush Jr.,EDGE,California,Minnesota,2026-01-07T15:26:00.000Z,0.87,3.0,Immediate
4917625,John,Stone,OL,Rutgers,JohnStoneRutgers,2026,John,Stone,IOL,Rutgers,Temple,2026-01-07T19:20:37.000Z,0.85,3.0,Immediate
4917945,Aidan,Mizell,WR,Florida,AidanMizellFlorida,2026,Aidan,Mizell,WR,Florida,UCLA,2026-01-07T16:58:00.000Z,0.9,4.0,Immediate
4917947,Malachi,Coleman,WR,Minnesota,MalachiColemanMinnesota,2026,Malachi,Coleman,WR,Minnesota,Wisconsin,2026-01-12T22:02:00.000Z,0.86,3.0,Immediate
4917948,Malik,Hartford,DB,Ohio State,MalikHartfordOhio State,2026,Malik,Hartford,S,Ohio State,UCLA,2026-01-14T04:17:22.000Z,0.86,3.0,Immediate
4917971,Princewill,Umanmielen,DE,Ole Miss,PrincewillUmanmielenOle Miss,2026,Princewill,Umanmielen,EDGE,Ole Miss,LSU,2026-01-15T23:55:00.000Z,0.98,5.0,Immediate
4917978,Cristian,Conyer,DB,App State,CristianConyerApp State,2026,Cristian,Conyer,CB,App State,Eastern Kentucky,2026-01-10T17:55:00.000Z,,3.0,Immediate
4917979,Malik,Ellis,OL,Troy,MalikEllisTroy,2026,Malik,Ellis,IOL,Troy,Nicholls,2026-01-12T16:48:00.000Z,,3.0,Immediate
4917981,AJ,Newberry,RB,Vanderbilt,AJNewberryVanderbilt,2026,AJ,Newberry,RB,Vanderbilt,Oregon State,2026-01-25T04:53:00.000Z,0.85,3.0,Immediate
4917983,Alex,Sanford Jr.,LB,Purdue,AlexSanford Jr.Purdue,2026,Alex,Sanford Jr.,LB,Purdue,Pittsburgh,2026-01-14T01:04:00.000Z,0.86,3.0,Immediate
4917985,Connor,Stroh,OL,Texas,ConnorStrohTexas,2026,Connor,Stroh,IOL,Texas,Kansas,2026-01-04T23:59:00.000Z,0.87,3.0,Immediate
4918094,Damian,Henderson II,RB,Sacramento State,DamianHenderson IISacramento State,2026,Damian,Henderson II,RB,Sacramento State,Colorado,2026-01-04T14:21:11.000Z,0.86,3.0,Immediate
4918099,Kenny,Minchey,QB,Notre Dame,KennyMincheyNotre Dame,2026,Kenny,Minchey,QB,Notre Dame,Kentucky,2026-01-06T02:54:00.000Z,0.92,4.0,Immediate
4918103,Cam,Cook,RB,Jacksonville State,CamCookJacksonville State,2026,Cam,Cook,RB,Jacksonville State,West Virginia,2026-01-06T22:10:00.000Z,0.87,3.0,Immediate
4918105,Jaylen,Johnson,RB,South Florida,JaylenJohnsonSouth Florida,2026,Jaylen,Johnson,RB,South Florida,Bethune-Cookman,2026-01-13T23:57:00.000Z,,3.0,Immediate
4918107,Reid,Mikeska,TE,Florida Atlantic,ReidMikeskaFlorida Atlantic,2026,Reid,Mikeska,TE,Florida Atlantic,UTRGV,2026-01-20T13:57:00.000Z,,3.0,Immediate
4918109,Michael,Parkes,WR,Iowa State,MichaelParkesIowa State,2026,Michael,Parkes,WR,Iowa State,,2025-12-26T15:14:00.000Z,,3.0,Immediate
4918112,Austin,Ramsey,DT,Kentucky,AustinRamseyKentucky,2026,Austin,Ramsey,DL,Kentucky,Kansas State,2026-01-07T03:03:00.000Z,0.86,3.0,Immediate
4918115,John,Slaughter,DB,Colorado,JohnSlaughterColorado,2026,John,Slaughter,S,Colorado,Purdue,2026-01-16T15:37:00.000Z,0.85,3.0,Immediate
4918121,Cole,Adams,WR,Alabama,ColeAdamsAlabama,2026,Cole,Adams,WR,Alabama,Vanderbilt,2026-01-09T22:44:00.000Z,0.86,3.0,Immediate
4918135,Carson,Dean,LB,Purdue,CarsonDeanPurdue,2026,Carson,Dean,LB,Purdue,,2025-12-10T16:55:00.000Z,,3.0,Immediate
4918414,Dylan,Edwards,RB,Kansas State,DylanEdwardsKansas State,2026,Dylan,Edwards,RB,Kansas State,Kansas,2026-01-18T16:53:00.000Z,0.88,3.0,Immediate
4918418,Caden,Jenkins,CB,Baylor,CadenJenkinsBaylor,2026,Caden,Jenkins,CB,Baylor,North Texas,2026-01-08T02:28:00.000Z,,3.0,Immediate
4918420,Maverick,Noonan,DL,Nebraska,MaverickNoonanNebraska,2026,Maverick,Noonan,EDGE,Nebraska,Fresno State,2026-01-12T21:51:00.000Z,0.84,3.0,Immediate
4918422,Kai,Black,TE,Iowa State,KaiBlackIowa State,2026,Kai,Black,WR,Iowa State,Northern Iowa,2026-01-10T15:36:00.000Z,,3.0,Immediate
4918426,Drew,Pickett,RB,Wake Forest,DrewPickettWake Forest,2026,Drew,Pickett,RB,Wake Forest,Alabama A&M,2026-02-03T01:34:00.000Z,,3.0,Immediate
4918427,Matthew,Fobbs-White,DE,Baylor,MatthewFobbs-WhiteBaylor,2026,Matthew,Fobbs-White,EDGE,Baylor,Virginia,2026-01-07T22:31:00.000Z,0.89,3.0,Immediate
4918428,Saadiq,Clements,DT,North Texas,SaadiqClementsNorth Texas,2026,Saadiq,Clements,DL,North Texas,Oklahoma State,2026-01-10T00:56:00.000Z,0.85,3.0,Immediate
4918429,Jalen,Rambert,LB,Wofford,JalenRambertWofford,2026,Jalen,Rambert,LB,Wofford,Holy Cross,2026-01-11T02:12:00.000Z,0.8,3.0,Immediate
4918434,Justin,Cryer,LB,Florida State,JustinCryerFlorida State,2026,Justin,Cryer,LB,Florida State,Texas,2026-01-09T13:01:00.000Z,0.87,3.0,Immediate
4918441,Marcellius,Pulliam,LB,Michigan State,MarcelliusPulliamMichigan State,2026,Marcellius,Pulliam,LB,Michigan State,Coastal Carolina,2026-01-18T03:40:00.000Z,0.85,3.0,Immediate
4918442,Markus,Dixon,DE,Clemson,MarkusDixonClemson,2026,Markus,Dixon,EDGE,Clemson,Oregon,2026-01-17T19:18:00.000Z,0.85,3.0,Immediate
4918443,Stanton,Ramil,OL,Michigan State,StantonRamilMichigan State,2026,Stanton,Ramil,OT,Michigan State,Auburn,2026-01-07T16:31:00.000Z,0.88,3.0,Immediate
4918444,Jaidyn,Doss,WR,Kansas,JaidynDossKansas,2026,Jaidyn,Doss,WR,Kansas,Northwest Missouri State,2026-02-13T13:40:03.000Z,,3.0,Immediate
4918445,Smith,Snowden,CB,Utah,SmithSnowdenUtah,2026,Smith,Snowden,CB,Utah,Michigan,2026-01-13T22:31:00.000Z,0.92,4.0,Immediate
4918447,Amare,Snowden,DB,Toledo,AmareSnowdenToledo,2026,Amare,Snowden,CB,Toledo,Syracuse,2026-01-11T16:14:00.000Z,0.85,3.0,Immediate
4918458,De'Marion,Thomas,DL,Oklahoma State,De'MarionThomasOklahoma State,2026,De'Marion,Thomas,DL,Oklahoma State,Houston,2026-01-07T19:21:11.000Z,0.86,3.0,Immediate
4918459,Tommy,Ziesmer,DL,Eastern Kentucky,TommyZiesmerEastern Kentucky,2026,Tommy,Ziesmer,DL,Eastern Kentucky,Louisville,2026-01-11T18:34:00.000Z,0.86,3.0,Immediate
4920127,Marquez,Taylor,RB,UTEP,MarquezTaylorUTEP,2026,Marquez,Taylor,RB,UTEP,,2026-01-02T16:07:00.000Z,,3.0,Immediate
4920135,Kalib,Hicks,RB,Oklahoma State,KalibHicksOklahoma State,2026,Kalib,Hicks,RB,Oklahoma State,Western Kentucky,2026-04-02T02:07:00.000Z,0.84,3.0,Immediate
4920144,Elijha,Payne,OL,Delaware State,ElijhaPayneDelaware State,2026,Elijha,Payne,OT,Delaware State,Eastern Michigan,2026-01-14T16:31:00.000Z,0.84,3.0,Immediate
4920147,Paul,Billups II,WR,North Carolina,PaulBillups IINorth Carolina,2026,Paul,Billups II,WR,North Carolina,,2025-12-02T01:31:00.000Z,,3.0,Immediate
4920148,Rob,Billings IV,S,Clemson,RobBillings IVClemson,2026,Rob,Billings IV,S,Clemson,Jacksonville State,2026-01-12T23:30:00.000Z,0.86,3.0,Immediate
4920153,William,Watson III,QB,Virginia Tech,WilliamWatson IIIVirginia Tech,2026,William,Watson III,QB,Virginia Tech,Massachusetts,2026-01-12T01:57:00.000Z,,3.0,Immediate
4920155,Andrew,Rumph,DL,UCF,AndrewRumphUCF,2026,Andrew,Rumph,DL,UCF,Jacksonville State,2026-01-09T02:47:00.000Z,,3.0,Immediate
4920158,Brock,Glenn,QB,Florida State,BrockGlennFlorida State,2026,Brock,Glenn,QB,Florida State,Western Kentucky,2026-01-08T21:31:28.000Z,0.85,3.0,Immediate
4920162,Seth,Davis,RB,Mississippi State,SethDavisMississippi State,2026,Seth,Davis,RB,Mississippi State,Tulsa,2026-01-15T23:51:00.000Z,0.85,3.0,Immediate
4920163,Kelby,Valsin,WR,Texas Tech,KelbyValsinTexas Tech,2026,Kelby,Valsin,WR,Texas Tech,,2025-12-26T21:43:00.000Z,,3.0,Immediate
4920188,Vance,Bolyard,TE,Duke,VanceBolyardDuke,2026,Vance,Bolyard,TE,Duke,Tulane,2026-01-10T22:09:00.000Z,0.83,3.0,Immediate
4920192,Carson,Conklin,QB,Fresno State,CarsonConklinFresno State,2026,Carson,Conklin,QB,Fresno State,Sacramento State,2026-01-15T00:14:00.000Z,0.85,3.0,Immediate
4920194,Jameel,Croft Jr.,DB,Kansas,JameelCroft Jr.Kansas,2026,Jameel,Croft Jr.,CB,Kansas,Charlotte,2026-01-04T18:23:00.000Z,0.84,3.0,Immediate
4920227,Gio,Lopez,QB,North Carolina,GioLopezNorth Carolina,2026,Gio,Lopez,QB,North Carolina,Wake Forest,2026-01-08T04:13:56.000Z,0.86,3.0,Immediate
4920228,Joquez,Smith,RB,Temple,JoquezSmithTemple,2026,Joquez,Smith,RB,Temple,New Hampshire,2026-01-21T03:20:00.000Z,,3.0,Immediate
4920229,Jerry,McClure,WR,San Diego State,JerryMcClureSan Diego State,2026,Jerry,McClure,WR,San Diego State,San José State,2026-01-09T04:37:00.000Z,,3.0,Immediate
4921110,Chase,Hendricks,WR,Ohio,ChaseHendricksOhio,2026,Chase,Hendricks,WR,Ohio,California,2026-01-08T23:18:00.000Z,0.93,4.0,Immediate
4921112,Braedyn,Moore,DB,Toledo,BraedynMooreToledo,2026,Braedyn,Moore,S,Toledo,,2026-01-08T15:28:00.000Z,,4.0,Immediate
4921154,Eugene,Wilson III,WR,Florida,EugeneWilson IIIFlorida,2026,Eugene,Wilson III,WR,Florida,LSU,2026-01-07T16:28:16.000Z,0.93,4.0,Immediate
4921232,Cal,Grubbs,OL,Liberty,CalGrubbsLiberty,2026,Cal,Grubbs,IOL,Liberty,,2025-12-05T20:53:00.000Z,,3.0,Immediate
4921238,Micah,Banuelos,OL,USC,MicahBanuelosUSC,2026,Micah,Banuelos,IOL,USC,Purdue,2026-01-04T14:03:00.000Z,0.85,3.0,Immediate
4921239,Brian,Alston,DL,East Tennessee State,BrianAlstonEast Tennessee State,2026,Brian,Alston,DL,East Tennessee State,,2025-12-18T01:27:00.000Z,,3.0,Immediate
4921242,Trevor,Buhr,OL,Iowa State,TrevorBuhrIowa State,2026,Trevor,Buhr,IOL,Iowa State,Penn State,2026-01-05T02:29:00.000Z,0.87,3.0,Immediate
4921271,Tyler,Thompson,DL,North Carolina,TylerThompsonNorth Carolina,2026,Tyler,Thompson,EDGE,North Carolina,Louisville,2026-01-08T23:37:00.000Z,0.87,3.0,Immediate
4921272,Wes,Tucker,OL,Baylor,WesTuckerBaylor,2026,Wes,Tucker,IOL,Baylor,Abilene Christian,2026-01-10T16:29:00.000Z,,3.0,Immediate
4921273,Billy,Walton III,DE,SMU,BillyWalton IIISMU,2026,Billy,Walton III,EDGE,SMU,Oklahoma State,2026-01-07T17:50:00.000Z,0.86,3.0,Immediate
4921275,Cooper,Young,OL,West Virginia,CooperYoungWest Virginia,2026,Cooper,Young,IOL,West Virginia,UAB,2026-01-12T21:33:00.000Z,0.83,3.0,Immediate
4921288,Jayden,Bethea,LB,App State,JaydenBetheaApp State,2026,Jayden,Bethea,LB,App State,Valdosta State,2026-01-09T17:11:00.000Z,,3.0,Immediate
4921290,Owen,Chambliss,LB,San Diego State,OwenChamblissSan Diego State,2026,Owen,Chambliss,LB,San Diego State,Nebraska,2026-01-06T01:57:00.000Z,0.87,3.0,Immediate
4921303,Victory,Johnson,DL,Cal Poly,VictoryJohnsonCal Poly,2026,Victory,Johnson,EDGE,Cal Poly,Arizona,2026-03-03T20:53:00.000Z,0.85,3.0,Immediate
4921304,Chris,Lawson Jr.,WR,App State,ChrisLawson Jr.App State,2026,Chris,Lawson Jr.,WR,App State,,2025-12-08T17:10:00.000Z,,3.0,Immediate
4921316,Nolan,Ray,RB,Maryland,NolanRayMaryland,2026,Nolan,Ray,RB,Maryland,Boston College,2026-01-08T02:10:00.000Z,0.85,3.0,Immediate
4921322,Zion,Taylor,WR,Georgia Tech,ZionTaylorGeorgia Tech,2026,Zion,Taylor,WR,Georgia Tech,,2026-01-03T16:10:00.000Z,,3.0,Immediate
4921324,Tyrese,Whitaker,LB,Temple,TyreseWhitakerTemple,2026,Tyrese,Whitaker,DL,Temple,Tennessee Tech,2026-01-17T15:53:00.000Z,,2.0,Immediate
4921396,Zach,Aamland,OL,Rutgers,ZachAamlandRutgers,2026,Zach,Aamland,OT,Rutgers,Temple,2026-01-11T01:46:00.000Z,0.83,3.0,Immediate
4921398,Luke,Baklenko,OL,Oklahoma,LukeBaklenkoOklahoma,2026,Luke,Baklenko,OT,Oklahoma,Arizona State,2026-01-10T15:05:00.000Z,0.86,3.0,Immediate
4921413,BJ,Tolo,OL,New Mexico State,BJToloNew Mexico State,2026,BJ,Tolo,IOL,New Mexico State,,2026-01-02T16:07:00.000Z,,3.0,Immediate
4921424,Tiumalu,Afalava,DL,San Diego State,TiumaluAfalavaSan Diego State,2026,Tiumalu,Afalava,DL,San Diego State,,2026-01-02T16:57:00.000Z,,3.0,Immediate
4921426,Jonathan,Bax,DB,TCU,JonathanBaxTCU,2026,Jonathan,Bax,EDGE,TCU,Florida Atlantic,2026-01-06T17:46:00.000Z,,3.0,Immediate
4921432,Dillan,Fontus,DL,Maryland,DillanFontusMaryland,2026,Dillan,Fontus,DL,Maryland,Syracuse,2026-01-10T15:10:00.000Z,0.87,3.0,Immediate
4921440,Jamal,Meriweather,OL,Georgia,JamalMeriweatherGeorgia,2026,Jamal,Meriweather,OT,Georgia,Miami,2026-01-15T17:49:00.000Z,0.86,3.0,Immediate
4921448,Dominic,Rivera,OL,Toledo,DominicRiveraToledo,2026,Dominic,Rivera,OT,Toledo,UConn,2026-01-08T00:51:00.000Z,,3.0,Immediate
4921451,Jr,Sia,OL,Utah State,JrSiaUtah State,2026,Jr,Sia,OT,Utah State,BYU,2026-01-12T23:50:00.000Z,0.85,3.0,Immediate
4921452,Eamon,Smalls,DT,UAB,EamonSmallsUAB,2026,Eamon,Smalls,DL,UAB,Kansas,2026-01-04T22:21:00.000Z,0.85,3.0,Immediate
4921453,Brandon,Solis,OL,Missouri,BrandonSolisMissouri,2026,Brandon,Solis,OT,Missouri,Kansas,2026-02-04T20:08:00.000Z,0.85,3.0,Immediate
4921499,Shelton,Lewis,DB,Clemson,SheltonLewisClemson,2026,Shelton,Lewis,CB,Clemson,Arkansas,2026-01-07T19:00:00.000Z,0.86,3.0,Immediate
4921504,Dante,Lovett,DB,Virginia Tech,DanteLovettVirginia Tech,2026,Dante,Lovett,CB,Virginia Tech,UCLA,2026-01-05T17:23:00.000Z,0.86,3.0,Immediate
4921505,Jayven,Anderson,S,Houston Christian,JayvenAndersonHouston Christian,2026,Jayven,Anderson,S,Houston Christian,,2026-01-02T02:39:00.000Z,,3.0,Immediate
4921509,Rickey,Gibson III,CB,Tennessee,RickeyGibson IIITennessee,2026,Rickey,Gibson III,CB,Tennessee,Texas A&M,2026-01-08T17:28:00.000Z,0.93,4.0,Immediate
4921512,Jonathan,Pennix,CB,Southern Miss,JonathanPennixSouthern Miss,2026,Jonathan,Pennix,CB,Southern Miss,Troy,2026-01-17T19:50:00.000Z,0.84,3.0,Immediate
4921515,Kanijal,Thomas,CB,Kansas State,KanijalThomasKansas State,2026,Kanijal,Thomas,CB,Kansas State,Oklahoma State,2026-01-05T05:38:09.000Z,0.85,3.0,Immediate
4921519,Donovan,McIntosh,CB,Kansas State,DonovanMcIntoshKansas State,2026,Donovan,McIntosh,CB,Kansas State,,2025-12-17T20:10:00.000Z,0.86,3.0,Withdrawn
4922981,Rasheem,Biles,LB,Pittsburgh,RasheemBilesPittsburgh,2026,Rasheem,Biles,LB,Pittsburgh,Texas,2026-01-11T00:44:00.000Z,0.93,4.0,Immediate
4922983,Manny,Covey,RB,Cincinnati,MannyCoveyCincinnati,2026,Manny,Covey,RB,Cincinnati,Memphis,2026-01-17T23:07:00.000Z,0.85,3.0,Immediate
4922985,Randon,Fontenette,DB,Vanderbilt,RandonFontenetteVanderbilt,2026,Randon,Fontenette,S,Vanderbilt,Colorado,2026-01-11T23:18:00.000Z,0.86,3.0,Immediate
4922992,Israel,Polk,WR,Akron,IsraelPolkAkron,2026,Israel,Polk,WR,Akron,Oklahoma State,2026-01-07T00:08:00.000Z,0.86,3.0,Immediate
4923031,Trovon,Baugh,OL,South Carolina,TrovonBaughSouth Carolina,2026,Trovon,Baugh,IOL,South Carolina,Texas A&M,2026-01-05T23:36:00.000Z,0.85,3.0,Immediate
4923032,Giovanni,Adopte,WR,Gardner-Webb,GiovanniAdopteGardner-Webb,2026,Giovanni,Adopte,WR,Gardner-Webb,,2025-12-16T17:04:00.000Z,,3.0,Immediate
4923033,Winston,Berglund,LB,Purdue,WinstonBerglundPurdue,2026,Winston,Berglund,LB,Purdue,,2026-01-05T01:39:22.000Z,0.85,3.0,Withdrawn
4923035,Brendan,Black,OL,Iowa State,BrendanBlackIowa State,2026,Brendan,Black,IOL,Iowa State,Nebraska,2026-01-05T16:54:00.000Z,0.92,4.0,Immediate
4923038,Logan,Brantley,LB,Kansas,LoganBrantleyKansas,2026,Logan,Brantley,LB,Kansas,Boise State,2026-01-05T23:06:00.000Z,0.84,3.0,Immediate
4923043,Jamal,Anderson,LB,Clemson,JamalAndersonClemson,2026,Jamal,Anderson,LB,Clemson,SMU,2026-01-13T20:00:00.000Z,0.85,3.0,Immediate
4923048,Deven,Bryant,LB,Washington,DevenBryantWashington,2026,Deven,Bryant,LB,Washington,USC,2026-01-04T18:28:00.000Z,0.87,3.0,Immediate
4923052,Cam,Calhoun,CB,Alabama,CamCalhounAlabama,2026,Cam,Calhoun,CB,Alabama,Ohio State,2026-01-15T19:50:00.000Z,0.88,3.0,Immediate
4923053,Tawfiq,Byard,S,Colorado,TawfiqByardColorado,2026,Tawfiq,Byard,S,Colorado,Texas A&M,2026-01-04T22:05:00.000Z,0.88,3.0,Immediate
4923054,DJ,Chester,OL,LSU,DJChesterLSU,2026,DJ,Chester,OT,LSU,Mississippi State,2026-01-12T15:52:00.000Z,0.86,3.0,Immediate
4923056,Johnathan,Cline,OL,East Tennessee State,JohnathanClineEast Tennessee State,2026,Johnathan,Cline,IOL,East Tennessee State,Miami,2026-01-26T06:00:00.000Z,0.83,3.0,Immediate
4923057,Connor,Cox,TE,North Carolina,ConnorCoxNorth Carolina,2026,Connor,Cox,TE,North Carolina,Virginia,2026-01-10T21:01:00.000Z,0.87,3.0,Immediate
4923059,Jeremiah,Coney,RB,Virginia Tech,JeremiahConeyVirginia Tech,2026,Jeremiah,Coney,RB,Virginia Tech,Stony Brook,2026-01-21T13:40:00.000Z,,3.0,Immediate
4923219,Solomon,Davis,DB,Oregon,SolomonDavisOregon,2026,Solomon,Davis,S,Oregon,San Diego State,2026-01-05T18:10:00.000Z,,3.0,Immediate
4923224,Darold,DeNgohe,DL,Rutgers,DaroldDeNgoheRutgers,2026,Darold,DeNgohe,DL,Rutgers,UCLA,2026-01-09T20:14:53.000Z,0.85,3.0,Immediate
4923251,Jonas,Duclona,CB,South Florida,JonasDuclonaSouth Florida,2026,Jonas,Duclona,CB,South Florida,Georgia Tech,2026-01-15T21:23:00.000Z,0.86,3.0,Immediate
4923252,Dante,Dowdell,RB,Kentucky,DanteDowdellKentucky,2026,Dante,Dowdell,RB,Kentucky,Georgia,2026-01-12T18:22:00.000Z,0.9,4.0,Immediate
4923253,Jason,Duclona,DB,East Tennessee State,JasonDuclonaEast Tennessee State,2026,Jason,Duclona,CB,East Tennessee State,Florida A&M,2026-02-05T02:17:00.000Z,,3.0,Immediate
4923256,Jai,Eugene Jr.,DB,Western Kentucky,JaiEugene Jr.Western Kentucky,2026,Jai,Eugene Jr.,S,Western Kentucky,Syracuse,2026-01-16T11:45:00.000Z,0.86,3.0,Immediate
4923267,Zane,Flores,QB,Oklahoma State,ZaneFloresOklahoma State,2026,Zane,Flores,QB,Oklahoma State,Iowa State,2026-01-10T00:42:00.000Z,0.85,3.0,Immediate
4923284,Logan,Howland,OL,Oklahoma,LoganHowlandOklahoma,2026,Logan,Howland,OT,Oklahoma,Virginia Tech,2026-01-08T23:33:00.000Z,0.86,3.0,Immediate
4923285,McCae,Hillstead,QB,BYU,McCaeHillsteadBYU,2026,McCae,Hillstead,QB,BYU,Utah State,2026-01-09T02:47:00.000Z,,3.0,Immediate
4923288,Barry,Jackson Jr.,WR,Cincinnati,BarryJackson Jr.Cincinnati,2026,Barry,Jackson Jr.,WR,Cincinnati,Rice,2026-01-22T02:06:00.000Z,0.83,3.0,Immediate
4923290,Parker,Jenkins,RB,East Carolina,ParkerJenkinsEast Carolina,2026,Parker,Jenkins,RB,East Carolina,Lamar,2026-01-14T21:24:00.000Z,0.85,3.0,Immediate
4923291,Cameren,Jenkins,S,Baylor,CamerenJenkinsBaylor,2026,Cameren,Jenkins,S,Baylor,North Texas,2026-01-10T01:06:00.000Z,,,Immediate
4923295,Kenny,Johnson,WR,Pittsburgh,KennyJohnsonPittsburgh,2026,Kenny,Johnson,WR,Pittsburgh,Texas Tech,2026-01-07T20:58:00.000Z,0.86,3.0,Immediate
4923298,Peyton,Jones,RB,Duke,PeytonJonesDuke,2026,Peyton,Jones,RB,Duke,Liberty,2026-01-09T15:54:00.000Z,,3.0,Immediate
4923299,Emmanuel,Karnley,CB,Virginia,EmmanuelKarnleyVirginia,2026,Emmanuel,Karnley,CB,Virginia,Washington,2026-01-08T19:17:00.000Z,0.88,3.0,Immediate
4924137,Saboor,Karriem,S,Illinois,SaboorKarriemIllinois,2026,Saboor,Karriem,S,Illinois,Temple,2026-01-10T20:40:00.000Z,,3.0,Immediate
4924140,Jonathan,Landry,CB,Eastern Washington,JonathanLandryEastern Washington,2026,Jonathan,Landry,CB,Eastern Washington,,2026-01-01T02:00:00.000Z,,3.0,Immediate
4924147,Andrew,Laurich,DL,Colorado State,AndrewLaurichColorado State,2026,Andrew,Laurich,DL,Colorado State,UConn,2026-01-19T02:38:00.000Z,0.83,3.0,Immediate
4927787,Chantz,Johnson,LB,Texas State,ChantzJohnsonTexas State,2026,Chantz,Johnson,LB,Texas State,North Texas,2026-01-12T23:04:00.000Z,0.85,3.0,Immediate
4940237,Jamond,Mathis,LB,Kent State,JamondMathisKent State,2026,Jamond,Mathis,EDGE,Kent State,Texas Tech,2026-01-12T22:24:00.000Z,0.84,3.0,Immediate
4941004,Jaden,McKinney,DL,Southern Miss,JadenMcKinneySouthern Miss,2026,Jaden,McKinney,DL,Southern Miss,Memphis,2026-01-05T18:11:00.000Z,,3.0,Immediate
4941012,London,Montgomery,RB,East Carolina,LondonMontgomeryEast Carolina,2026,London,Montgomery,RB,East Carolina,Florida,2026-01-08T23:34:00.000Z,0.89,3.0,Immediate
4941014,Ezra,Odinjor,DE,UAB,EzraOdinjorUAB,2026,Ezra,Odinjor,EDGE,UAB,Toledo,2026-01-23T17:54:00.000Z,0.84,3.0,Immediate
4941017,Paul,Mubenga,OL,LSU,PaulMubengaLSU,2026,Paul,Mubenga,IOL,LSU,Nebraska,2026-01-13T17:33:00.000Z,0.87,3.0,Immediate
4949488,Jacobe,Robinson,QB,Southern Miss,JacobeRobinsonSouthern Miss,2026,Jacobe,Robinson,QB,Southern Miss,,2025-12-25T00:41:00.000Z,,3.0,Immediate
4950393,Branden,Palmer,DL,Georgia Southern,BrandenPalmerGeorgia Southern,2026,Branden,Palmer,EDGE,Georgia Southern,,2026-01-05T17:00:00.000Z,,,Immediate
4950395,Jamison,Patton,S,Iowa State,JamisonPattonIowa State,2026,Jamison,Patton,S,Iowa State,Penn State,2026-01-05T17:07:00.000Z,0.87,3.0,Immediate
4950397,Tracy,Revels,DB,Michigan State,TracyRevelsMichigan State,2026,Tracy,Revels,S,Michigan State,UConn,2026-01-15T00:41:00.000Z,0.83,3.0,Immediate
4950398,Warren,Roberson,DB,Texas,WarrenRobersonTexas,2026,Warren,Roberson,S,Texas,,2026-01-12T18:59:00.000Z,,4.0,Withdrawn
4950545,Chance,Rucker,DB,Michigan State,ChanceRuckerMichigan State,2026,Chance,Rucker,CB,Michigan State,Arizona State,2026-01-17T18:00:00.000Z,0.85,3.0,Immediate
4950547,Samuel,Same,LB,Iowa State,SamuelSameIowa State,2026,Samuel,Same,EDGE,Iowa State,South Dakota,2026-01-16T06:04:00.000Z,0.85,3.0,Immediate
4950555,Samu,Taumanupepe,DL,Baylor,SamuTaumanupepeBaylor,2026,Samu,Taumanupepe,DL,Baylor,Colorado,2026-01-16T02:23:00.000Z,0.86,3.0,Immediate
4950560,Xavier,Terrell,RB,Florida Atlantic,XavierTerrellFlorida Atlantic,2026,Xavier,Terrell,RB,Florida Atlantic,Northern Iowa,2026-01-13T02:07:00.000Z,,3.0,Immediate
4954453,Cade,Uluave,LB,California,CadeUluaveCalifornia,2026,Cade,Uluave,LB,California,BYU,2026-01-13T03:24:00.000Z,0.94,4.0,Immediate
4954455,Bryson,Washington,RB,Baylor,BrysonWashingtonBaylor,2026,Bryson,Washington,RB,Baylor,Auburn,2026-01-11T02:10:00.000Z,0.92,4.0,Immediate
4954456,Kasen,Weisman,QB,Florida Atlantic,KasenWeismanFlorida Atlantic,2026,Kasen,Weisman,QB,Florida Atlantic,,2025-12-08T17:30:00.000Z,,3.0,Immediate
4954506,Jamarion,Wilcox,RB,Kentucky,JamarionWilcoxKentucky,2026,Jamarion,Wilcox,RB,Kentucky,Marshall,2026-01-15T16:00:33.000Z,0.85,3.0,Immediate
4954509,Caleb,Woodson,LB,Virginia Tech,CalebWoodsonVirginia Tech,2026,Caleb,Woodson,LB,Virginia Tech,Alabama,2026-01-06T22:29:00.000Z,0.86,3.0,Immediate
4954511,Krystian,Williams,CB,Virginia Tech,KrystianWilliamsVirginia Tech,2026,Krystian,Williams,CB,Virginia Tech,Richmond,2026-01-17T02:43:00.000Z,,3.0,Immediate
4956740,Darion,Rivers,OL,NC State,DarionRiversNC State,2026,Darion,Rivers,OT,NC State,Troy,2026-01-17T20:03:00.000Z,0.83,3.0,Immediate
4966288,Collins,Acheampong,DE,Bowling Green,CollinsAcheampongBowling Green,2026,Collins,Acheampong,EDGE,Bowling Green,UTSA,2026-01-23T21:49:00.000Z,0.85,3.0,Immediate
4972253,Zack,Myers,S,NC State,ZackMyersNC State,2026,Zack,Myers,S,NC State,,2026-01-02T14:05:00.000Z,,4.0,Immediate
4986096,Chase,Jenkins,QB,Rice,ChaseJenkinsRice,2026,Chase,Jenkins,QB,Rice,Kansas,2026-01-18T17:10:00.000Z,0.85,3.0,Immediate
4988081,Vincent,Holmes,S,Washington,VincentHolmesWashington,2026,Vincent,Holmes,S,Washington,Oklahoma State,2026-01-10T14:48:00.000Z,0.85,3.0,Immediate
4993406,CJ,Tiller,QB,Utah State,CJTillerUtah State,2026,CJ,Tiller,QB,Utah State,,2026-01-07T19:58:00.000Z,,3.0,Immediate
5015143,Amier,Washington,DL,Texas Tech,AmierWashingtonTexas Tech,2026,Amier,Washington,DL,Texas Tech,UCLA,2026-01-10T03:12:19.000Z,0.86,3.0,Immediate
5027433,Frankie,Tinilau,OL,East Tennessee State,FrankieTinilauEast Tennessee State,2026,Frankie,Tinilau,OT,East Tennessee State,James Madison,2026-01-14T19:50:00.000Z,0.84,3.0,Immediate
5027555,Cam,Smith,DB,Iowa State,CamSmithIowa State,2026,Cam,Smith,S,Iowa State,Youngstown State,2026-01-20T16:32:00.000Z,0.85,3.0,Immediate
5027925,Jax,Leatherwood,QB,Southeast Missouri State,JaxLeatherwoodSoutheast Missouri State,2026,Jax,Leatherwood,QB,Southeast Missouri State,Tennessee Tech,2026-01-11T21:23:00.000Z,0.84,3.0,Immediate
5031157,Reed,Harris,WR,Boston College,ReedHarrisBoston College,2026,Reed,Harris,WR,Boston College,Arizona State,2026-01-08T00:46:00.000Z,0.94,4.0,Immediate
5031158,Andrew,Metzger,TE,Kansas State,AndrewMetzgerKansas State,2026,Andrew,Metzger,TE,Kansas State,,2025-12-04T14:18:00.000Z,,3.0,Immediate
5032141,Za'Quan,Bryan,CB,Minnesota,Za'QuanBryanMinnesota,2026,Za'Quan,Bryan,CB,Minnesota,South Florida,2026-01-08T19:44:00.000Z,0.87,3.0,Immediate
5032145,AJ,Thomas,DE,McNeese,AJThomasMcNeese,2026,AJ,Thomas,EDGE,McNeese,Arkansas State,2026-01-12T17:18:00.000Z,0.85,3.0,Immediate
5032961,Tucker,Ashcraft,TE,Wisconsin,TuckerAshcraftWisconsin,2026,Tucker,Ashcraft,TE,Wisconsin,USC,2026-01-15T04:28:00.000Z,0.88,3.0,Immediate
5033015,Eddie,Pleasant III,CB,Buffalo,EddiePleasant IIIBuffalo,2026,Eddie,Pleasant III,CB,Buffalo,Marshall,2026-01-11T01:44:00.000Z,,3.0,Immediate
5041960,Jayvontay,Conner,TE,East Carolina,JayvontayConnerEast Carolina,2026,Jayvontay,Conner,TE,East Carolina,Vanderbilt,2026-01-05T01:51:00.000Z,0.89,3.0,Immediate
5044387,Anthony,Colandrea,QB,UNLV,AnthonyColandreaUNLV,2026,Anthony,Colandrea,QB,UNLV,Nebraska,2026-01-07T00:21:00.000Z,0.87,3.0,Immediate
5054036,Jackson,Brousseau,QB,Colorado State,JacksonBrousseauColorado State,2026,Jackson,Brousseau,QB,Colorado State,California,2026-01-16T21:38:00.000Z,0.85,3.0,Immediate
5054079,Hannes,Hammer,OL,Virginia Tech,HannesHammerVirginia Tech,2026,Hannes,Hammer,OT,Virginia Tech,UConn,2026-01-22T01:02:00.000Z,0.84,3.0,Immediate
5054105,Patrick,Valent,OL,Rice,PatrickValentRice,2026,Patrick,Valent,IOL,Rice,,2026-01-03T16:24:00.000Z,,2.0,Immediate
5056106,Evan,Boyd,WR,Michigan State,EvanBoydMichigan State,2026,Evan,Boyd,WR,Michigan State,Iowa State,2026-01-09T20:58:00.000Z,0.85,3.0,Immediate
5067879,Mark,Hensley,DT,Northern Illinois,MarkHensleyNorthern Illinois,2026,Mark,Hensley,DL,Northern Illinois,Missouri,2026-03-21T19:26:00.000Z,0.86,3.0,Immediate
5069279,Justin,Taylor,DB,Wyoming,JustinTaylorWyoming,2026,Justin,Taylor,S,Wyoming,Central Michigan,2026-01-10T02:08:00.000Z,0.84,3.0,Immediate
5070544,Andrew,Marshall,LB,Eastern Michigan,AndrewMarshallEastern Michigan,2026,Andrew,Marshall,LB,Eastern Michigan,Minnesota,2026-01-05T00:05:00.000Z,0.85,3.0,Immediate
5070555,Jamarion,Clark,CB,Rice,JamarionClarkRice,2026,Jamarion,Clark,CB,Rice,,2025-12-02T15:22:00.000Z,,3.0,Immediate
5074244,Eryx,Daugherty,OL,Boston College,EryxDaughertyBoston College,2026,Eryx,Daugherty,IOL,Boston College,Louisville,2026-01-06T14:11:00.000Z,0.88,3.0,Immediate
5074246,Vic,Shaw,LB,UTSA,VicShawUTSA,2026,Vic,Shaw,EDGE,UTSA,New Mexico State,2026-01-21T00:41:00.000Z,0.85,3.0,Immediate
5075389,Kolt,Dieterich,OL,Sam Houston,KoltDieterichSam Houston,2026,Kolt,Dieterich,OT,Sam Houston,Washington,2026-01-05T17:19:00.000Z,0.92,4.0,Immediate
5075390,Ian,Strong,WR,Rutgers,IanStrongRutgers,2026,Ian,Strong,WR,Rutgers,California,2026-01-06T04:46:13.000Z,0.92,4.0,Immediate
5075392,Keldric,Luster,QB,Texas State,KeldricLusterTexas State,2026,Keldric,Luster,QB,Texas State,Ball State,2026-01-09T16:06:00.000Z,,3.0,Immediate
5075537,Jarvis,Lee,S,South Florida,JarvisLeeSouth Florida,2026,Jarvis,Lee,CB,South Florida,SMU,2026-01-07T00:39:00.000Z,0.85,3.0,Immediate
5075544,Luke,Evans,DB,Miami (OH),LukeEvansMiami (OH),2026,Luke,Evans,CB,Miami (OH),Kennesaw State,2026-01-11T16:45:00.000Z,0.85,3.0,Immediate
5075546,Amos,Talalele,OL,Kansas State,AmosTalaleleKansas State,2026,Amos,Talalele,IOL,Kansas State,,2026-01-02T23:33:00.000Z,,3.0,Immediate
5075564,Jamarrion,Harkless,DL,Purdue,JamarrionHarklessPurdue,2026,Jamarrion,Harkless,DL,Purdue,Kentucky,2026-01-07T04:05:00.000Z,0.87,3.0,Immediate
5075566,Kelvon,McBride,LB,NC State,KelvonMcBrideNC State,2026,Kelvon,McBride,LB,NC State,Marshall,2026-01-07T02:07:00.000Z,,3.0,Immediate
5075569,Lucas,Conti,DL,UNLV,LucasContiUNLV,2026,Lucas,Conti,DL,UNLV,,2026-01-06T18:54:00.000Z,,3.0,Withdrawn
5075591,Dylan,Smith,S,Oklahoma State,DylanSmithOklahoma State,2026,Dylan,Smith,S,Oklahoma State,Memphis,2026-01-11T18:05:00.000Z,0.84,3.0,Immediate
5075594,Miles,Thompson,CB,Northern Illinois,MilesThompsonNorthern Illinois,2026,Miles,Thompson,CB,Northern Illinois,,2025-12-24T03:11:00.000Z,,3.0,Immediate
5075675,Carter,Stoutmire,DB,Colorado,CarterStoutmireColorado,2026,Carter,Stoutmire,S,Colorado,Arkansas,2026-01-16T16:13:00.000Z,0.86,3.0,Immediate
5075704,Braden,Awls,S,Toledo,BradenAwlsToledo,2026,Braden,Awls,S,Toledo,Iowa State,2026-01-06T16:45:00.000Z,0.86,3.0,Immediate
5075706,Kamari,Burns,DT,Cincinnati,KamariBurnsCincinnati,2026,Kamari,Burns,DL,Cincinnati,Kansas State,2026-01-07T23:57:00.000Z,0.86,3.0,Immediate
5075792,Victor,Evans III,CB,Florida International,VictorEvans IIIFlorida International,2026,Victor,Evans III,CB,Florida International,Nebraska,2026-01-10T22:32:00.000Z,0.85,3.0,Immediate
5075797,Raion,Strader,DB,Auburn,RaionStraderAuburn,2026,Raion,Strader,CB,Auburn,Pittsburgh,2026-01-08T16:41:46.000Z,0.87,3.0,Immediate
5075800,Emory,Williams,QB,Miami,EmoryWilliamsMiami,2026,Emory,Williams,QB,Miami,East Carolina,2026-01-20T18:35:00.000Z,0.85,3.0,Immediate
5075805,Aidan,Chiles,QB,Michigan State,AidanChilesMichigan State,2026,Aidan,Chiles,QB,Michigan State,Northwestern,2026-01-07T02:28:22.000Z,0.9,4.0,Immediate
5075820,Camron,Heard,WR,Oklahoma State,CamronHeardOklahoma State,2026,Camron,Heard,WR,Oklahoma State,,2026-01-03T04:15:00.000Z,,3.0,Immediate
5075914,Isaiah,Chisom,LB,UCLA,IsaiahChisomUCLA,2026,Isaiah,Chisom,LB,UCLA,Oklahoma State,2026-01-10T23:16:00.000Z,0.86,3.0,Immediate
5075950,Delano,Townsend,OL,Ole Miss,DelanoTownsendOle Miss,2026,Delano,Townsend,IOL,Ole Miss,,2026-01-11T17:12:00.000Z,,3.0,Immediate
5075952,Trey,Cornist,RB,Central Michigan,TreyCornistCentral Michigan,2026,Trey,Cornist,RB,Central Michigan,UConn,2026-01-11T01:49:00.000Z,,3.0,Immediate
5075985,Ryan,Blum,OL,Central Michigan,RyanBlumCentral Michigan,2026,Ryan,Blum,IOL,Central Michigan,,2025-12-29T15:50:00.000Z,,3.0,Immediate
5075986,Cayden,Bowie,OL,Houston,CaydenBowieHouston,2026,Cayden,Bowie,IOL,Houston,,2026-01-04T20:25:00.000Z,,3.0,Immediate
5076098,Obadiah,Obasuyi,OL,Georgia State,ObadiahObasuyiGeorgia State,2026,Obadiah,Obasuyi,OT,Georgia State,Austin Peay,2026-01-25T22:06:09.000Z,,3.0,Immediate
5076101,Brenton,Williams,RB,Liberty,BrentonWilliamsLiberty,2026,Brenton,Williams,EDGE,Liberty,,2026-01-15T17:15:43.000Z,,3.0,Withdrawn
5076106,Marquis,Johnson,WR,Missouri,MarquisJohnsonMissouri,2026,Marquis,Johnson,WR,Missouri,Mississippi State,2026-01-04T20:05:00.000Z,0.92,4.0,Immediate
5076111,Tyler,Douglas,QB,Temple,TylerDouglasTemple,2026,Tyler,Douglas,QB,Temple,,2025-12-26T22:46:00.000Z,,3.0,Immediate
5076122,Evan,Dickens,RB,Liberty,EvanDickensLiberty,2026,Evan,Dickens,RB,Liberty,Boston College,2026-01-07T14:05:59.000Z,0.85,3.0,Immediate
5076123,Kooper,Ebel,LB,Iowa State,KooperEbelIowa State,2026,Kooper,Ebel,LB,Iowa State,Penn State,2026-01-05T02:28:00.000Z,0.86,3.0,Immediate
5076126,Tanner,Morley,OL,Colorado State,TannerMorleyColorado State,2026,Tanner,Morley,IOL,Colorado State,Kansas State,2026-01-09T18:45:00.000Z,0.85,3.0,Immediate
5076128,Cooper,Starks,OL,Vanderbilt,CooperStarksVanderbilt,2026,Cooper,Starks,IOL,Vanderbilt,South Dakota State,2026-01-07T02:58:00.000Z,0.84,3.0,Immediate
5076584,TJ,Washington Jr.,RB,Iowa,TJWashington Jr.Iowa,2026,TJ,Washington Jr.,RB,Iowa,New Mexico State,2026-01-13T19:24:00.000Z,0.85,3.0,Immediate
5076654,Leo,Pulalasi,RB,Washington State,LeoPulalasiWashington State,2026,Leo,Pulalasi,RB,Washington State,,2026-01-08T20:21:21.000Z,,3.0,Withdrawn
5076904,Braeden,Flowers,DE,SMU,BraedenFlowersSMU,2026,Braeden,Flowers,EDGE,SMU,,2026-01-02T16:30:00.000Z,,3.0,Immediate
5076906,Tyler,Scott,DB,Georgia State,TylerScottGeorgia State,2026,Tyler,Scott,CB,Georgia State,Arkansas,2026-01-08T18:55:10.000Z,0.85,3.0,Immediate
5076949,Evan,Bullock,QB,Louisiana Tech,EvanBullockLouisiana Tech,2026,Evan,Bullock,QB,Louisiana Tech,Lamar,2026-01-14T20:27:00.000Z,,3.0,Immediate
5076952,Devin,McCuin,WR,UTSA,DevinMcCuinUTSA,2026,Devin,McCuin,WR,UTSA,Ohio State,2026-01-07T17:29:00.000Z,0.86,3.0,Immediate
5077204,Michael,Short,LB,Virginia Tech,MichaelShortVirginia Tech,2026,Michael,Short,LB,Virginia Tech,TCU,2026-01-05T22:43:00.000Z,0.86,3.0,Immediate
5077210,Jatavius,Shivers,OL,South Carolina,JataviusShiversSouth Carolina,2026,Jatavius,Shivers,OT,South Carolina,Purdue,2026-01-16T15:09:00.000Z,0.86,3.0,Immediate
5077222,Larry,Jones III,DE,New Mexico State,LarryJones IIINew Mexico State,2026,Larry,Jones III,EDGE,New Mexico State,Stephen F. Austin,2026-02-02T03:04:00.000Z,,3.0,Immediate
5077223,David,Olano,PK,Illinois,DavidOlanoIllinois,2026,David,Olano,K,Illinois,Texas A&M,2026-01-05T14:39:00.000Z,,3.0,Immediate
5077224,Brandon,Kelley,DL,UConn,BrandonKelleyUConn,2026,Brandon,Kelley,EDGE,UConn,Colorado State,2026-01-15T18:32:00.000Z,0.84,3.0,Immediate
5077266,Trech,Kekahuna,WR,Wisconsin,TrechKekahunaWisconsin,2026,Trech,Kekahuna,WR,Wisconsin,North Carolina,2026-01-05T21:35:00.000Z,0.88,3.0,Immediate
5077268,Jaylen,Moson,CB,Utah,JaylenMosonUtah,2026,Jaylen,Moson,CB,Utah,South Alabama,2026-01-17T11:54:07.000Z,0.82,3.0,Immediate
5077283,Joel,Boamah,CB,Kent State,JoelBoamahKent State,2026,Joel,Boamah,CB,Kent State,,2025-12-28T06:00:00.000Z,,3.0,Immediate
5077285,Toriyan,Johnson,OL,UConn,ToriyanJohnsonUConn,2026,Toriyan,Johnson,OT,UConn,Colorado State,2026-01-04T23:49:00.000Z,,,Immediate
5077311,Poasa,Utu,LB,Oklahoma State,PoasaUtuOklahoma State,2026,Poasa,Utu,LB,Oklahoma State,Nevada,2026-01-15T16:09:00.000Z,0.84,3.0,Immediate
5077340,Cleto,Chol,DL,UConn,CletoCholUConn,2026,Cleto,Chol,DL,UConn,,2026-01-08T16:26:00.000Z,,,Immediate
5077341,Daemian,Wimberly,DL,UTSA,DaemianWimberlyUTSA,2026,Daemian,Wimberly,DL,UTSA,Baylor,2026-01-12T15:40:01.000Z,0.84,3.0,Immediate
5077392,Kam,Sallis,DB,Jackson State,KamSallisJackson State,2026,Kam,Sallis,S,Jackson State,,2026-01-13T16:44:49.000Z,0.85,3.0,Withdrawn
5077483,Keshawn,Hayden,DL,Central Michigan,KeshawnHaydenCentral Michigan,2026,Keshawn,Hayden,EDGE,Central Michigan,Eastern Kentucky,2026-01-19T19:06:00.000Z,,2.0,Immediate
5077500,Luke,Duncan,QB,UCLA,LukeDuncanUCLA,2026,Luke,Duncan,QB,UCLA,Nevada,2026-01-07T22:12:00.000Z,,3.0,Immediate
5077502,Carson,Hansen,RB,Iowa State,CarsonHansenIowa State,2026,Carson,Hansen,RB,Iowa State,Penn State,2026-01-04T22:32:00.000Z,0.88,3.0,Immediate
5077785,Cedric,Hawkins,RB,Arkansas State,CedricHawkinsArkansas State,2026,Cedric,Hawkins,RB,Arkansas State,,2026-01-04T19:20:00.000Z,,2.0,Immediate
5077787,Jaxon,Smolik,QB,Penn State,JaxonSmolikPenn State,2026,Jaxon,Smolik,QB,Penn State,Temple,2026-01-10T15:17:00.000Z,,3.0,Immediate
5077803,Jackson,Harper,WR,UConn,JacksonHarperUConn,2026,Jackson,Harper,WR,UConn,,2025-12-30T15:40:00.000Z,,,Immediate
5077806,Tucker,McDonald,QB,UConn,TuckerMcDonaldUConn,2026,Tucker,McDonald,QB,UConn,,2026-01-08T13:41:15.000Z,,,Withdrawn
5077811,Carsten,Casady,OL,UConn,CarstenCasadyUConn,2026,Carsten,Casady,OT,UConn,West Virginia,2026-01-09T04:16:00.000Z,0.86,3.0,Immediate
5077813,Derek,Fields,DB,Ball State,DerekFieldsBall State,2026,Derek,Fields,S,Ball State,,2026-01-06T18:32:00.000Z,0.83,3.0,Withdrawn
5077814,Conlan,Greene,LS,Temple,ConlanGreeneTemple,2026,Conlan,Greene,DL,Temple,Youngstown State,2026-01-11T02:26:00.000Z,,2.0,Immediate
5077815,Ta'Shawn,James,DB,Iowa State,Ta'ShawnJamesIowa State,2026,Ta'Shawn,James,S,Iowa State,UCLA,2026-01-05T20:54:00.000Z,0.86,3.0,Immediate
5077874,Max,Drag,TE,UCF,MaxDragUCF,2026,Max,Drag,TE,UCF,South Carolina,2026-01-17T05:14:00.000Z,0.85,3.0,Immediate
5077877,Justyn,Reid,TE,Tulane,JustynReidTulane,2026,Justyn,Reid,TE,Tulane,Louisville,2026-01-07T03:34:00.000Z,0.85,3.0,Immediate
5077878,Carl,Williams IV,S,Baylor,CarlWilliams IVBaylor,2026,Carl,Williams IV,S,Baylor,Oregon,2026-01-12T21:46:00.000Z,0.87,3.0,Immediate
5077896,Desmond,Aladuge,DT,Duke,DesmondAladugeDuke,2026,Desmond,Aladuge,DL,Duke,UConn,2026-01-09T00:15:00.000Z,,3.0,Immediate
5077897,Rodney,Lora,DL,UCF,RodneyLoraUCF,2026,Rodney,Lora,DL,UCF,Purdue,2026-01-08T22:01:00.000Z,0.86,3.0,Immediate
5077962,Noah,Braham,TE,West Virginia,NoahBrahamWest Virginia,2026,Noah,Braham,TE,West Virginia,Bryant,2026-02-02T21:49:00.000Z,,3.0,Immediate
5078005,Abu,Sama III,RB,Iowa State,AbuSama IIIIowa State,2026,Abu,Sama III,RB,Iowa State,Wisconsin,2026-01-03T15:15:00.000Z,0.88,3.0,Immediate
5078014,Brandon,Johnson,RB,Northern Colorado,BrandonJohnsonNorthern Colorado,2026,Brandon,Johnson,RB,Northern Colorado,,2026-01-02T04:04:00.000Z,,3.0,Immediate
5078018,Naeten,Mitchell,DB,New Mexico State,NaetenMitchellNew Mexico State,2026,Naeten,Mitchell,S,New Mexico State,Colorado,2026-01-05T03:52:12.000Z,0.85,3.0,Immediate
5078044,Walker,Davis,OL,Arkansas State,WalkerDavisArkansas State,2026,Walker,Davis,IOL,Arkansas State,,2026-01-03T20:11:00.000Z,,3.0,Immediate
5078048,Isaac,Lucas,OL,Ball State,IsaacLucasBall State,2026,Isaac,Lucas,IOL,Ball State,San Diego State,2026-01-10T20:26:00.000Z,,2.0,Immediate
5078060,Cam,Hill,DB,Louisiana Tech,CamHillLouisiana Tech,2026,Cam,Hill,S,Louisiana Tech,,2025-12-25T05:47:00.000Z,,3.0,Immediate
5078062,Armel,Mukam,DL,Notre Dame,ArmelMukamNotre Dame,2026,Armel,Mukam,DL,Notre Dame,,2026-01-11T18:08:00.000Z,,4.0,Withdrawn
5078100,Ethan,Fields,OL,Ole Miss,EthanFieldsOle Miss,2026,Ethan,Fields,IOL,Ole Miss,Alabama,2026-01-17T15:30:00.000Z,0.87,3.0,Immediate
5078101,Zyeir,Gamble,DB,App State,ZyeirGambleApp State,2026,Zyeir,Gamble,S,App State,East Carolina,2026-01-09T12:10:00.000Z,,3.0,Immediate
5078105,TJ,Lott,WR,Old Dominion,TJLottOld Dominion,2026,TJ,Lott,WR,Old Dominion,Troy,2026-01-17T19:39:00.000Z,0.83,3.0,Immediate
5078109,Macho,Stevenson,CB,Texas Tech,MachoStevensonTexas Tech,2026,Macho,Stevenson,CB,Texas Tech,Tulane,2026-01-07T21:11:00.000Z,,3.0,Immediate
5078144,Landen,Chambers,RB,Central Arkansas,LandenChambersCentral Arkansas,2026,Landen,Chambers,RB,Central Arkansas,UCF,2026-01-04T22:52:00.000Z,,3.0,Immediate
5078145,Tai,Ray,OL,Pittsburgh,TaiRayPittsburgh,2026,Tai,Ray,OT,Pittsburgh,Western Kentucky,2026-01-13T19:06:00.000Z,0.83,3.0,Immediate
5078160,Richie,Anderson,TE,Fresno State,RichieAndersonFresno State,2026,Richie,Anderson,TE,Fresno State,Texas A&M,2026-01-04T23:34:00.000Z,0.86,3.0,Immediate
5078162,Bo,Mascoe,DB,Rutgers,BoMascoeRutgers,2026,Bo,Mascoe,CB,Rutgers,Texas,2026-01-07T01:56:00.000Z,0.91,4.0,Immediate
5078166,Ajani,Sheppard,QB,Washington State,AjaniSheppardWashington State,2026,Ajani,Sheppard,QB,Washington State,Temple,2026-01-11T14:55:00.000Z,0.84,3.0,Immediate
5078219,Jacob,Fields,S,Louisiana Tech,JacobFieldsLouisiana Tech,2026,Jacob,Fields,S,Louisiana Tech,TCU,2026-01-05T03:53:00.000Z,0.84,3.0,Immediate
5078222,Braylon,Rigsby,DT,Texas Tech,BraylonRigsbyTexas Tech,2026,Braylon,Rigsby,DL,Texas Tech,Oklahoma State,2026-01-08T22:39:00.000Z,0.87,3.0,Immediate
5078227,Braeden,Wisloski,WR,James Madison,BraedenWisloskiJames Madison,2026,Braeden,Wisloski,WR,James Madison,,2026-01-06T20:06:00.000Z,,3.0,Withdrawn
5078245,Kenric,Lanier II,WR,Minnesota,KenricLanier IIMinnesota,2026,Kenric,Lanier II,WR,Minnesota,Missouri,2026-01-16T14:14:00.000Z,0.85,3.0,Immediate
5078250,Khalil,Barnes,S,Clemson,KhalilBarnesClemson,2026,Khalil,Barnes,S,Clemson,Georgia,2026-01-04T21:01:00.000Z,0.87,3.0,Immediate
5078251,Justin,Marshall,RB,Colorado State,JustinMarshallColorado State,2026,Justin,Marshall,RB,Colorado State,Liberty,2026-01-11T01:45:00.000Z,0.83,3.0,Immediate
5078256,DeMarco,Ward,LB,Memphis,DeMarcoWardMemphis,2026,DeMarco,Ward,LB,Memphis,Pittsburgh,2026-01-10T23:39:00.000Z,0.85,3.0,Immediate
5078272,Bryce,Cohoon,WR,Kansas,BryceCohoonKansas,2026,Bryce,Cohoon,WR,Kansas,South Dakota,2026-01-15T14:09:00.000Z,,3.0,Immediate
5078273,Ethan,Hubbard,OL,South Alabama,EthanHubbardSouth Alabama,2026,Ethan,Hubbard,OT,South Alabama,,2025-12-19T19:34:00.000Z,0.86,3.0,Immediate
5078278,Lincoln,Kienholz,QB,Ohio State,LincolnKienholzOhio State,2026,Lincoln,Kienholz,QB,Ohio State,Louisville,2026-01-04T04:09:00.000Z,0.89,3.0,Immediate
5078279,RL,Miller,DB,Fresno State,RLMillerFresno State,2026,RL,Miller,S,Fresno State,Cal Poly,2026-01-10T02:20:00.000Z,0.84,3.0,Immediate
5078280,Caleb,Otlewski,LB,Montana,CalebOtlewskiMontana,2026,Caleb,Otlewski,EDGE,Montana,Colorado State,2026-01-19T17:20:00.000Z,0.84,3.0,Immediate
5078314,Christian,Martin,OL,Colorado State,ChristianMartinColorado State,2026,Christian,Martin,OT,Colorado State,Illinois,2026-01-06T00:37:00.000Z,0.85,3.0,Immediate
5078402,Shaborne,Demps,WR,Florida International,ShaborneDempsFlorida International,2026,Shaborne,Demps,WR,Florida International,,2026-01-04T22:26:00.000Z,,3.0,Immediate
5078420,Leroy,Bryant,CB,Washington,LeroyBryantWashington,2026,Leroy,Bryant,CB,Washington,Stanford,2026-01-10T02:35:40.000Z,0.86,3.0,Immediate
5078422,Brandon,High Jr.,RB,California,BrandonHigh Jr.California,2026,Brandon,High Jr.,RB,California,UTSA,2026-01-09T23:33:00.000Z,0.86,3.0,Immediate
5078424,Misael,Sandoval,OL,Vanderbilt,MisaelSandovalVanderbilt,2026,Misael,Sandoval,OT,Vanderbilt,Ball State,2026-01-12T23:52:00.000Z,0.84,3.0,Immediate
5078461,Aitor,Urionabarrenechea,OL,Colorado State,AitorUrionabarrenecheaColorado State,2026,Aitor,Urionabarrenechea,IOL,Colorado State,Massachusetts,2026-01-12T16:59:00.000Z,0.85,3.0,Immediate
5078469,Darrell,Sweeting,DB,Marshall,DarrellSweetingMarshall,2026,Darrell,Sweeting,CB,Marshall,UAB,2026-01-10T20:05:00.000Z,,3.0,Immediate
5078533,Jabari,Smith Jr.,WR,Florida Atlantic,JabariSmith Jr.Florida Atlantic,2026,Jabari,Smith Jr.,WR,Florida Atlantic,Ball State,2026-01-17T21:57:00.000Z,0.85,3.0,Immediate
5078548,Jailen,Ruth,S,Vanderbilt,JailenRuthVanderbilt,2026,Jailen,Ruth,LB,Vanderbilt,,2025-12-21T20:27:00.000Z,,3.0,Immediate
5078810,Sam,Leavitt,QB,Arizona State,SamLeavittArizona State,2026,Sam,Leavitt,QB,Arizona State,LSU,2026-01-12T17:52:42.000Z,0.98,5.0,Immediate
5078908,Cole,Skinner,OL,South Florida,ColeSkinnerSouth Florida,2026,Cole,Skinner,IOL,South Florida,Auburn,2026-01-12T20:08:00.000Z,0.88,3.0,Immediate
5078909,Kenari,Wilcher,WR,Florida A&M,KenariWilcherFlorida A&M,2026,Kenari,Wilcher,WR,Florida A&M,,2026-01-10T16:33:00.000Z,,3.0,Immediate
5078910,Chris,Bracy,S,Memphis,ChrisBracyMemphis,2026,Chris,Bracy,S,Memphis,Michigan,2026-01-13T02:39:53.000Z,0.85,3.0,Immediate
5078911,Devin,Scura,TE,UTSA,DevinScuraUTSA,2026,Devin,Scura,TE,UTSA,Nicholls,2026-01-17T00:44:00.000Z,,2.0,Immediate
5078917,Khalifa,Keith,RB,App State,KhalifaKeithApp State,2026,Khalifa,Keith,RB,App State,Alabama,2026-01-31T23:25:00.000Z,0.85,3.0,Immediate
5078918,Ashton,Stamps,DB,LSU,AshtonStampsLSU,2026,Ashton,Stamps,CB,LSU,Arizona State,2026-01-07T00:45:00.000Z,0.86,3.0,Immediate
5079147,Drew,Rodriguez,LB,Colorado State,DrewRodriguezColorado State,2026,Drew,Rodriguez,ATH,Colorado State,,2025-12-19T06:00:00.000Z,,3.0,Immediate
5079292,Jaden,Allen,CB,Arkansas,JadenAllenArkansas,2026,Jaden,Allen,CB,Arkansas,North Texas,2026-01-13T22:32:00.000Z,0.84,3.0,Immediate
5079294,Max,Anderson,OL,Tennessee,MaxAndersonTennessee,2026,Max,Anderson,IOL,Tennessee,Kentucky,2026-01-06T16:44:00.000Z,0.86,3.0,Immediate
5079295,Omillio,Agard,CB,Wisconsin,OmillioAgardWisconsin,2026,Omillio,Agard,CB,Wisconsin,Virginia,2026-01-13T00:05:00.000Z,0.86,3.0,Immediate
5079298,Lloyd,Avant,RB,Colorado State,LloydAvantColorado State,2026,Lloyd,Avant,RB,Colorado State,Oklahoma,2026-01-05T20:10:00.000Z,0.85,3.0,Immediate
5079306,Devontae,Armstrong,OL,Ohio State,DevontaeArmstrongOhio State,2026,Devontae,Armstrong,IOL,Ohio State,Miami (OH),2026-01-20T17:43:00.000Z,0.86,3.0,Immediate
5079318,Elijah,Brown,QB,Stanford,ElijahBrownStanford,2026,Elijah,Brown,QB,Stanford,Washington,2026-01-14T01:55:00.000Z,0.85,3.0,Immediate
5079320,Josiah,Brown,WR,Penn State,JosiahBrownPenn State,2026,Josiah,Brown,WR,Penn State,LIU Post,2026-02-02T17:53:00.000Z,,3.0,Immediate
5079321,Kaleb,Beasley,DB,Tennessee,KalebBeasleyTennessee,2026,Kaleb,Beasley,S,Tennessee,Louisville,2026-01-13T04:00:00.000Z,0.86,3.0,Immediate
5079325,Jamir,Benjamin,CB,UCLA,JamirBenjaminUCLA,2026,Jamir,Benjamin,CB,UCLA,Rice,2026-01-12T22:10:00.000Z,0.85,3.0,Immediate
5079331,Kobe,Black,DB,Texas,KobeBlackTexas,2026,Kobe,Black,CB,Texas,,2026-01-09T15:00:00.000Z,,4.0,Immediate
5079333,DeAndre,Carter,OL,Auburn,DeAndreCarterAuburn,2026,DeAndre,Carter,IOL,Auburn,Iowa State,2026-01-05T17:43:00.000Z,0.85,3.0,Immediate
5079339,Jayden,Bradford,QB,Liberty,JaydenBradfordLiberty,2026,Jayden,Bradford,QB,Liberty,South Florida,2026-01-20T15:54:00.000Z,0.84,3.0,Immediate
5079341,Eric,Brantley Jr.,DE,Florida Atlantic,EricBrantley Jr.Florida Atlantic,2026,Eric,Brantley Jr.,EDGE,Florida Atlantic,,2025-12-10T13:44:00.000Z,,3.0,Immediate
5079349,Isaac,Brown,RB,Louisville,IsaacBrownLouisville,2026,Isaac,Brown,RB,Louisville,,2026-01-01T15:00:00.000Z,0.94,4.0,Immediate
5079351,Caden,Brown,LB,Syracuse,CadenBrownSyracuse,2026,Caden,Brown,EDGE,Syracuse,Florida A&M,2026-02-02T01:36:00.000Z,,3.0,Immediate
5079354,Stonka,Burnside,WR,Mississippi State,StonkaBurnsideMississippi State,2026,Stonka,Burnside,S,Mississippi State,Memphis,2026-01-06T22:00:00.000Z,0.84,3.0,Immediate
5079357,Aaron,Butler,WR,Texas,AaronButlerTexas,2026,Aaron,Butler,WR,Texas,,2025-12-09T14:36:00.000Z,0.86,3.0,Immediate
5079360,J'Marion,Burnette,RB,Houston,J'MarionBurnetteHouston,2026,J'Marion,Burnette,RB,Houston,App State,2026-01-15T19:02:00.000Z,0.86,3.0,Immediate
5079364,Kam,Davis,RB,Florida State,KamDavisFlorida State,2026,Kam,Davis,RB,Florida State,Liberty,2026-01-07T01:11:00.000Z,0.86,3.0,Immediate
5079367,Jadyn,Davis,QB,Michigan,JadynDavisMichigan,2026,Jadyn,Davis,QB,Michigan,East Tennessee State,2026-01-18T22:12:00.000Z,0.86,3.0,Immediate
5079370,Ernest,Campbell,WR,Sacramento State,ErnestCampbellSacramento State,2026,Ernest,Campbell,WR,Sacramento State,Colorado,2026-01-07T23:00:00.000Z,0.87,3.0,Immediate
5079374,Ny,Carr,WR,Miami,NyCarrMiami,2026,Ny,Carr,WR,Miami,Wake Forest,2026-01-11T17:31:00.000Z,0.85,3.0,Immediate
5079376,Cam,Coleman,WR,Auburn,CamColemanAuburn,2026,Cam,Coleman,WR,Auburn,Texas,2026-01-11T18:19:00.000Z,0.98,5.0,Immediate
5079379,Caden,Durham,RB,LSU,CadenDurhamLSU,2026,Caden,Durham,RB,LSU,,2026-01-12T19:23:17.000Z,0.91,4.0,Withdrawn
5079380,Charlie,Collins,DL,Arkansas,CharlieCollinsArkansas,2026,Charlie,Collins,EDGE,Arkansas,,2026-01-12T19:06:38.000Z,0.88,3.0,Withdrawn
5079381,Boo,Carter,DB,Tennessee,BooCarterTennessee,2026,Boo,Carter,S,Tennessee,Colorado,2026-01-10T23:47:00.000Z,0.93,4.0,Immediate
5079382,Jonathan,Echols,TE,South Florida,JonathanEcholsSouth Florida,2026,Jonathan,Echols,TE,South Florida,Auburn,2026-01-05T16:11:00.000Z,0.87,3.0,Immediate
5079390,Martavious,Collins,TE,Florida Atlantic,MartaviousCollinsFlorida Atlantic,2026,Martavious,Collins,TE,Florida Atlantic,,2025-12-01T19:04:00.000Z,,3.0,Immediate
5079394,Jamorie,Flagg,DL,Florida State,JamorieFlaggFlorida State,2026,Jamorie,Flagg,DL,Florida State,Florida International,2026-01-17T20:42:00.000Z,0.85,3.0,Immediate
5079398,Brandon,Davis-Swain,DT,Colorado,BrandonDavis-SwainColorado,2026,Brandon,Davis-Swain,DL,Colorado,Texas A&M,2026-01-06T02:28:00.000Z,0.86,3.0,Immediate
5079402,Tyseer,Denmark,WR,Penn State,TyseerDenmarkPenn State,2026,Tyseer,Denmark,WR,Penn State,Virginia Tech,2026-01-16T00:08:00.000Z,0.86,3.0,Immediate
5079403,Camdon,Frier,WR,Florida State,CamdonFrierFlorida State,2026,Camdon,Frier,WR,Florida State,Tarleton State,2026-02-04T18:53:00.000Z,0.84,3.0,Immediate
5079405,Stacy,Gage,RB,UCF,StacyGageUCF,2026,Stacy,Gage,RB,UCF,LSU,2026-01-17T21:42:00.000Z,0.85,3.0,Immediate
5079406,Mason,Dossett,S,Baylor,MasonDossettBaylor,2026,Mason,Dossett,S,Baylor,LSU,2026-01-14T15:07:00.000Z,0.85,3.0,Immediate
5079408,Fatim,Diggs,LB,Syracuse,FatimDiggsSyracuse,2026,Fatim,Diggs,LB,Syracuse,,2026-01-02T06:00:00.000Z,,3.0,Immediate
5079410,Jerrick,Gibson,RB,Texas,JerrickGibsonTexas,2026,Jerrick,Gibson,RB,Texas,Purdue,2026-01-04T23:19:00.000Z,0.88,3.0,Immediate
5079424,Nijrell,Eason II,DB,UNLV,NijrellEason IIUNLV,2026,Nijrell,Eason II,CB,UNLV,,2026-01-08T16:21:00.000Z,,3.0,Immediate
5079426,Wendell,Gregory,DE,Oklahoma State,WendellGregoryOklahoma State,2026,Wendell,Gregory,EDGE,Oklahoma State,Kansas State,2026-01-13T05:50:00.000Z,0.93,4.0,Immediate
5079430,Dealyn,Evans,DL,Texas A&M,DealynEvansTexas A&M,2026,Dealyn,Evans,DL,Texas A&M,Mississippi State,2026-01-13T21:11:00.000Z,0.9,4.0,Immediate
5079431,Wallace,Foster IV,DB,LSU,WallaceFoster IVLSU,2026,Wallace,Foster IV,CB,LSU,Florida Atlantic,2026-01-09T17:49:00.000Z,,3.0,Immediate
5079434,Dinellson,Exume,DT,South Florida,DinellsonExumeSouth Florida,2026,Dinellson,Exume,DL,South Florida,,2025-12-01T20:02:00.000Z,,3.0,Immediate
5079436,Jaydan,Hardy,DB,Oklahoma,JaydanHardyOklahoma,2026,Jaydan,Hardy,S,Oklahoma,Colorado,2026-01-14T21:09:00.000Z,0.86,3.0,Immediate
5079439,Jaylen,Harvey,DL,Penn State,JaylenHarveyPenn State,2026,Jaylen,Harvey,EDGE,Penn State,North Carolina,2026-01-05T19:26:00.000Z,0.86,3.0,Immediate
5079443,Hauss,Hejny,QB,Oklahoma State,HaussHejnyOklahoma State,2026,Hauss,Hejny,QB,Oklahoma State,Colorado State,2026-01-05T16:01:00.000Z,0.86,3.0,Immediate
5079444,Mylan,Graham,WR,Ohio State,MylanGrahamOhio State,2026,Mylan,Graham,WR,Ohio State,Notre Dame,2026-01-13T23:25:00.000Z,0.91,4.0,Immediate
5079447,Dakoda,Fields,DB,Oregon,DakodaFieldsOregon,2026,Dakoda,Fields,CB,Oregon,Oklahoma,2026-01-05T22:03:00.000Z,0.87,3.0,Immediate
5079451,Paki,Finau,OL,Washington,PakiFinauWashington,2026,Paki,Finau,IOL,Washington,BYU,2026-01-12T23:50:00.000Z,0.87,3.0,Immediate
5079452,Jake,Guarnera,OL,Michigan,JakeGuarneraMichigan,2026,Jake,Guarnera,IOL,Michigan,,2026-01-12T03:47:20.000Z,0.92,4.0,Withdrawn
5079455,Josh,Flowers,QB,Arkansas State,JoshFlowersArkansas State,2026,Josh,Flowers,QB,Arkansas State,,2025-12-27T05:05:00.000Z,,3.0,Immediate
5079456,Kari,Jackson,LB,Penn State,KariJacksonPenn State,2026,Kari,Jackson,LB,Penn State,Toledo,2026-01-18T05:58:00.000Z,0.85,3.0,Immediate
5079459,Brandon,Jacob Jr.,S,UTSA,BrandonJacob Jr.UTSA,2026,Brandon,Jacob Jr.,S,UTSA,,2026-01-14T14:00:00.000Z,,4.0,Immediate
5079462,Kylan,Fox,TE,UCF,KylanFoxUCF,2026,Kylan,Fox,TE,UCF,Purdue,2026-01-11T23:02:00.000Z,0.86,3.0,Immediate
5079465,Michael,Hawkins Jr.,QB,Oklahoma,MichaelHawkins Jr.Oklahoma,2026,Michael,Hawkins Jr.,QB,Oklahoma,West Virginia,2026-01-05T16:46:00.000Z,0.86,3.0,Immediate
5079468,Davion,Gause,RB,North Carolina,DavionGauseNorth Carolina,2026,Davion,Gause,RB,North Carolina,NC State,2026-01-11T00:04:14.000Z,0.86,3.0,Immediate
5079472,Aundre,Gibson,DB,Kansas,AundreGibsonKansas,2026,Aundre,Gibson,CB,Kansas,Northern Arizona,2026-01-06T18:06:00.000Z,0.85,3.0,Immediate
5079476,Kavion,Henderson,DE,Arkansas,KavionHendersonArkansas,2026,Kavion,Henderson,EDGE,Arkansas,Troy,2026-01-17T19:18:00.000Z,0.85,3.0,Immediate
5079477,Kris,Jones,DE,Georgia,KrisJonesGeorgia,2026,Kris,Jones,LB,Georgia,Boston College,2026-01-10T23:20:35.000Z,0.87,3.0,Immediate
5079481,Caleb,Holmes,OL,Pittsburgh,CalebHolmesPittsburgh,2026,Caleb,Holmes,IOL,Pittsburgh,Jacksonville State,2026-01-16T22:57:00.000Z,0.86,3.0,Immediate
5079482,Dilin,Jones,RB,Wisconsin,DilinJonesWisconsin,2026,Dilin,Jones,RB,Wisconsin,LSU,2026-01-13T17:36:00.000Z,0.86,3.0,Immediate
5079483,Dejuan,Lane,DB,Penn State,DejuanLanePenn State,2026,Dejuan,Lane,S,Penn State,Tennessee,2026-01-10T20:13:00.000Z,0.87,3.0,Immediate
5079486,Zy'marion,Lang,WR,Toledo,Zy'marionLangToledo,2026,Zy'marion,Lang,WR,Toledo,UConn,2026-01-06T01:35:00.000Z,,3.0,Immediate
5079493,Braydon,Lee,DB,Maryland,BraydonLeeMaryland,2026,Braydon,Lee,CB,Maryland,Arkansas,2026-01-08T17:31:00.000Z,0.87,3.0,Immediate
5079499,Audric,Harris,WR,Washington,AudricHarrisWashington,2026,Audric,Harris,WR,Washington,Hawai'i,2026-01-09T22:03:00.000Z,,3.0,Immediate
5079502,Jaylen,Heyward,CB,UCF,JaylenHeywardUCF,2026,Jaylen,Heyward,S,UCF,Arkansas State,2026-01-11T00:00:00.000Z,0.83,3.0,Immediate
5079512,Damani,Maxson,S,Kansas,DamaniMaxsonKansas,2026,Damani,Maxson,S,Kansas,Prairie View A&M,2026-01-28T14:23:00.000Z,0.85,3.0,Immediate
5079514,Derek,Jensen,OL,Iowa State,DerekJensenIowa State,2026,Derek,Jensen,OT,Iowa State,,2026-01-13T02:05:00.000Z,,3.0,Immediate
5079515,Jaylen,Mbakwe,CB,Alabama,JaylenMbakweAlabama,2026,Jaylen,Mbakwe,WR,Alabama,Georgia Tech,2026-01-05T19:32:00.000Z,0.9,4.0,Immediate
5079520,Myles,Jackson,QB,Stanford,MylesJacksonStanford,2026,Myles,Jackson,QB,Stanford,,2026-01-05T18:36:00.000Z,,3.0,Immediate
5079525,Willis,McGahee IV,EDGE,Nebraska,WillisMcGahee IVNebraska,2026,Willis,McGahee IV,EDGE,Nebraska,,2026-01-11T18:56:00.000Z,,3.0,Withdrawn
5079530,Amari,Jefferson,WR,Tennessee,AmariJeffersonTennessee,2026,Amari,Jefferson,WR,Tennessee,,2026-01-02T02:16:00.000Z,,4.0,Immediate
5079531,Jake,Merklinger,QB,Tennessee,JakeMerklingerTennessee,2026,Jake,Merklinger,QB,Tennessee,UConn,2026-01-15T14:19:00.000Z,0.86,3.0,Immediate
5079533,Mabrey,Mettauer,QB,Sam Houston,MabreyMettauerSam Houston,2026,Mabrey,Mettauer,QB,Sam Houston,SMU,2026-07-24T17:25:00.000Z,,3.0,Immediate
5079535,Zion,Kearney,WR,Oklahoma,ZionKearneyOklahoma,2026,Zion,Kearney,WR,Oklahoma,Wisconsin,2026-01-19T00:42:00.000Z,0.86,3.0,Immediate
5079536,Kam,Mikell,WR,Colorado,KamMikellColorado,2026,Kam,Mikell,WR,Colorado,Georgia Southern,2026-01-20T02:44:00.000Z,0.86,3.0,Immediate
5079537,Ju'Juan,Johnson,RB,LSU,Ju'JuanJohnsonLSU,2026,Ju'Juan,Johnson,RB,LSU,Syracuse,2026-01-06T15:25:00.000Z,0.87,3.0,Immediate
5079538,Kenyan,Kelly,S,UTSA,KenyanKellyUTSA,2026,Kenyan,Kelly,S,UTSA,Tarleton State,2026-01-08T21:20:00.000Z,,3.0,Immediate
5079539,Elijah,Moore,WR,Florida State,ElijahMooreFlorida State,2026,Elijah,Moore,WR,Florida State,Syracuse,2026-01-09T18:36:00.000Z,0.86,3.0,Immediate
5079541,Harrison,Moore,OL,Georgia Tech,HarrisonMooreGeorgia Tech,2026,Harrison,Moore,IOL,Georgia Tech,Florida,2026-01-09T16:28:00.000Z,0.87,3.0,Immediate
5079542,Luke,Kromenhoek,QB,Mississippi State,LukeKromenhoekMississippi State,2026,Luke,Kromenhoek,QB,Mississippi State,South Florida,2026-01-07T03:21:00.000Z,0.87,3.0,Immediate
5079544,Ricardo,Jones,S,Clemson,RicardoJonesClemson,2026,Ricardo,Jones,S,Clemson,Vanderbilt,2026-01-12T01:58:00.000Z,0.87,3.0,Immediate
5079547,Dimitry,Nicolas,DT,Maryland,DimitryNicolasMaryland,2026,Dimitry,Nicolas,DL,Maryland,Sam Houston,2026-01-12T16:13:00.000Z,0.85,3.0,Immediate
5079548,Air,Noland,QB,South Carolina,AirNolandSouth Carolina,2026,Air,Noland,QB,South Carolina,Memphis,2026-01-13T21:06:00.000Z,0.86,3.0,Immediate
5079552,Nate,Palmer,RB,TCU,NatePalmerTCU,2026,Nate,Palmer,RB,TCU,Wisconsin,2026-01-08T21:13:00.000Z,0.85,3.0,Immediate
5079553,Nate,Kibble,OL,Texas,NateKibbleTexas,2026,Nate,Kibble,IOL,Texas,Baylor,2026-01-06T20:30:00.000Z,0.87,3.0,Immediate
5079554,Jimothy,Lewis Jr.,OL,Mississippi State,JimothyLewis Jr.Mississippi State,2026,Jimothy,Lewis Jr.,OT,Mississippi State,California,2026-01-10T18:48:00.000Z,0.86,3.0,Immediate
5079555,DJ,Lagway,QB,Florida,DJLagwayFlorida,2026,DJ,Lagway,QB,Florida,Baylor,2026-01-18T20:01:00.000Z,0.93,4.0,Immediate
5079556,Parker,Livingstone,WR,Texas,ParkerLivingstoneTexas,2026,Parker,Livingstone,WR,Texas,Oklahoma,2026-01-06T18:19:00.000Z,0.92,4.0,Immediate
5079570,Jayden,Lewis,DB,Tulane,JaydenLewisTulane,2026,Jayden,Lewis,CB,Tulane,Alabama A&M,2026-01-30T04:06:00.000Z,0.85,3.0,Immediate
5079571,James,Madison II,WR,Missouri,JamesMadison IIMissouri,2026,James,Madison II,WR,Missouri,UTSA,2026-01-08T18:21:00.000Z,0.85,3.0,Immediate
5079572,Dylan,Raiola,QB,Nebraska,DylanRaiolaNebraska,2026,Dylan,Raiola,QB,Nebraska,Oregon,2026-01-12T15:11:00.000Z,0.94,4.0,Immediate
5079585,Jordan,Ross,WR,Colorado State,JordanRossColorado State,2026,Jordan,Ross,WR,Colorado State,Arizona,2026-01-12T21:41:00.000Z,0.85,3.0,Immediate
5079592,Michael,Smith,TE,South Carolina,MichaelSmithSouth Carolina,2026,Michael,Smith,TE,South Carolina,Syracuse,2026-01-04T20:04:00.000Z,0.87,3.0,Immediate
5079594,Eddy,Smith,LB,Texas Tech,EddySmithTexas Tech,2026,Eddy,Smith,DL,Texas Tech,UTSA,2026-01-09T18:19:00.000Z,,3.0,Immediate
5079600,Nick,Marsh,WR,Michigan State,NickMarshMichigan State,2026,Nick,Marsh,WR,Michigan State,Indiana,2026-01-04T19:30:00.000Z,0.94,4.0,Immediate
5079612,Dre'lon,Miller,WR,Colorado,Dre'lonMillerColorado,2026,Dre'lon,Miller,WR,Colorado,Baylor,2026-01-12T15:29:00.000Z,0.88,3.0,Immediate
5079616,Jason,Mitchell,S,Western Michigan,JasonMitchellWestern Michigan,2026,Jason,Mitchell,S,Western Michigan,,2026-01-06T20:34:00.000Z,,3.0,Immediate
5079619,Kalieb,Osborne,QB,Toledo,KaliebOsborneToledo,2026,Kalieb,Osborne,QB,Toledo,UConn,2026-01-05T18:47:00.000Z,,3.0,Immediate
5079620,Michael,Van Buren Jr.,QB,LSU,MichaelVan Buren Jr.LSU,2026,Michael,Van Buren Jr.,QB,LSU,South Florida,2026-01-07T18:52:00.000Z,0.86,3.0,Immediate
5079623,Christian,Peterson,DB,UCF,ChristianPetersonUCF,2026,Christian,Peterson,S,UCF,East Carolina,2026-01-05T21:31:00.000Z,0.85,3.0,Immediate
5079630,Brady,Prieskorn,TE,Michigan,BradyPrieskornMichigan,2026,Brady,Prieskorn,TE,Michigan,Ole Miss,2026-01-11T00:44:00.000Z,0.86,3.0,Immediate
5079643,Zion,Ragins,WR,Oklahoma,ZionRaginsOklahoma,2026,Zion,Ragins,WR,Oklahoma,Mississippi State,2026-01-11T17:34:00.000Z,0.85,3.0,Immediate
5079649,Jakhari,Williams,QB,Syracuse,JakhariWilliamsSyracuse,2026,Jakhari,Williams,QB,Syracuse,Southwest Mississippi C.C.,2026-01-20T02:35:00.000Z,0.85,3.0,Immediate
5079651,DeVon,Rice,RB,Kansas State,DeVonRiceKansas State,2026,DeVon,Rice,RB,Kansas State,Hawai'i,2026-01-14T01:59:00.000Z,0.83,3.0,Immediate
5079652,Jacobi,Oliphant Jr.,LB,Oklahoma State,JacobiOliphant Jr.Oklahoma State,2026,Jacobi,Oliphant Jr.,LB,Oklahoma State,Kansas State,2026-01-05T23:31:00.000Z,0.85,3.0,Immediate
5079653,Demond,Williams Jr.,QB,Washington,DemondWilliams Jr.Washington,2026,Demond,Williams Jr.,QB,Washington,,2026-01-07T02:26:00.000Z,0.96,4.0,Immediate
5079655,Joey,Olsen,TE,USC,JoeyOlsenUSC,2026,Joey,Olsen,TE,USC,New Mexico,2026-01-13T22:32:00.000Z,0.85,3.0,Immediate
5079660,Brandon,Winton,WR,South Florida,BrandonWintonSouth Florida,2026,Brandon,Winton,WR,South Florida,East Tennessee State,2026-01-09T18:22:00.000Z,,3.0,Immediate
5079661,Chance,Robinson,WR,Miami,ChanceRobinsonMiami,2026,Chance,Robinson,WR,Miami,NC State,2026-01-09T16:53:21.000Z,0.86,3.0,Immediate
5079665,Donavan,Philord,DB,Campbell,DonavanPhilordCampbell,2026,Donavan,Philord,CB,Campbell,Central Michigan,2026-01-09T21:28:00.000Z,,3.0,Immediate
5079675,Xavier,Porter,DL,Louisville,XavierPorterLouisville,2026,Xavier,Porter,DL,Louisville,East Tennessee State,2026-01-13T18:18:00.000Z,0.84,3.0,Immediate
5079676,Jordan,Pride,S,Texas A&M,JordanPrideTexas A&M,2026,Jordan,Pride,S,Texas A&M,Southern Miss,2026-01-10T00:55:00.000Z,0.85,3.0,Immediate
5079680,Aaron,Scott Jr.,CB,Ohio State,AaronScott Jr.Ohio State,2026,Aaron,Scott Jr.,CB,Ohio State,Oregon,2026-01-17T19:31:00.000Z,0.88,3.0,Immediate
5079682,Jordan,Seaton,OT,Colorado,JordanSeatonColorado,2026,Jordan,Seaton,OT,Colorado,LSU,2026-01-13T02:46:00.000Z,0.98,5.0,Immediate
5079686,Bredell,Richardson,WR,UCF,BredellRichardsonUCF,2026,Bredell,Richardson,WR,UCF,Tulane,2026-01-27T00:14:00.000Z,0.84,3.0,Immediate
5079691,Malcolm,Simmons,WR,Auburn,MalcolmSimmonsAuburn,2026,Malcolm,Simmons,WR,Auburn,Texas Tech,2026-01-12T22:24:47.000Z,0.91,4.0,Immediate
5079692,Jason,Robinson Jr.,WR,North Carolina,JasonRobinson Jr.North Carolina,2026,Jason,Robinson Jr.,WR,North Carolina,Portland State,2026-02-03T20:41:00.000Z,0.83,3.0,Immediate
5079695,Jacob,Smith,LB,Kentucky,JacobSmithKentucky,2026,Jacob,Smith,EDGE,Kentucky,Louisville,2026-01-07T01:36:00.000Z,0.86,3.0,Immediate
5079696,D'Antre,Robinson,DL,North Carolina,D'AntreRobinsonNorth Carolina,2026,D'Antre,Robinson,DL,North Carolina,Oregon,2026-01-12T23:54:00.000Z,0.93,4.0,Immediate
5079697,Jerod,Smith II,DL,Kentucky,JerodSmith IIKentucky,2026,Jerod,Smith II,DL,Kentucky,Louisville,2026-01-07T01:34:00.000Z,0.86,3.0,Immediate
5079699,Corey,Smith,RB,Penn State,CoreySmithPenn State,2026,Corey,Smith,RB,Penn State,Toledo,2026-01-17T17:54:00.000Z,0.85,3.0,Immediate
5079700,Ben,Roebuck,OL,Michigan,BenRoebuckMichigan,2026,Ben,Roebuck,IOL,Michigan,Western Michigan,2026-01-08T16:25:00.000Z,,3.0,Immediate
5079701,Steven,Soles Jr.,DL,Kentucky,StevenSoles Jr.Kentucky,2026,Steven,Soles Jr.,LB,Kentucky,Arkansas,2026-01-07T21:09:00.000Z,0.86,3.0,Immediate
5079702,Jayshawn,Ross,DE,Kansas State,JayshawnRossKansas State,2026,Jayshawn,Ross,EDGE,Kansas State,,2026-01-11T16:23:00.000Z,,4.0,Immediate
5079704,Emanuel,Ross,WR,Syracuse,EmanuelRossSyracuse,2026,Emanuel,Ross,WR,Syracuse,UConn,2026-01-13T02:36:00.000Z,0.86,3.0,Immediate
5079707,Jeffery,Rush,DT,Ole Miss,JefferyRushOle Miss,2026,Jeffery,Rush,EDGE,Ole Miss,Southern Miss,2026-01-12T23:19:00.000Z,0.84,3.0,Immediate
5079708,Troy,Stevenson IV,DB,Georgia Tech,TroyStevenson IVGeorgia Tech,2026,Troy,Stevenson IV,CB,Georgia Tech,,2026-01-17T05:32:00.000Z,,4.0,Immediate
5079714,Rico,Scott,WR,Alabama,RicoScottAlabama,2026,Rico,Scott,WR,Alabama,,2026-01-04T19:33:00.000Z,0.86,3.0,Immediate
5079718,Xadavien,Sims,DL,Oregon,XadavienSimsOregon,2026,Xadavien,Sims,DL,Oregon,Arkansas,2026-01-16T23:40:00.000Z,0.86,3.0,Immediate
5079719,Taylor,Tatum,RB,Oklahoma,TaylorTatumOklahoma,2026,Taylor,Tatum,RB,Oklahoma,Michigan,2026-01-08T20:32:35.000Z,0.88,3.0,Immediate
5079721,Jordan,Thomas,DL,Georgia,JordanThomasGeorgia,2026,Jordan,Thomas,DL,Georgia,South Carolina,2026-01-06T19:20:00.000Z,0.87,3.0,Immediate
5079724,Josiah,Thompson,OL,South Carolina,JosiahThompsonSouth Carolina,2026,Josiah,Thompson,OT,South Carolina,,2026-01-14T14:59:28.000Z,0.91,4.0,Withdrawn
5079725,Anthony,Speca,LB,Penn State,AnthonySpecaPenn State,2026,Anthony,Speca,LB,Penn State,Purdue,2026-01-07T01:50:00.000Z,0.85,3.0,Immediate
5079729,Andrew,Sprague,OL,Michigan,AndrewSpragueMichigan,2026,Andrew,Sprague,OT,Michigan,,2026-01-07T23:17:21.000Z,,4.0,Withdrawn
5079734,Marcelis,Tate,QB,South Florida,MarcelisTateSouth Florida,2026,Marcelis,Tate,QB,South Florida,Tennessee State,2026-01-03T16:20:00.000Z,,3.0,Immediate
5079736,Alex,Taylor,WR,North Carolina,AlexTaylorNorth Carolina,2026,Alex,Taylor,WR,North Carolina,Georgia Southern,2026-01-18T21:46:00.000Z,0.86,3.0,Immediate
5079737,Bryce,West,CB,Ohio State,BryceWestOhio State,2026,Bryce,West,CB,Ohio State,Wisconsin,2026-01-06T17:03:00.000Z,0.86,3.0,Immediate
5079738,Landen,Thomas,TE,Florida State,LandenThomasFlorida State,2026,Landen,Thomas,TE,Florida State,,2025-12-22T01:04:00.000Z,0.85,3.0,Immediate
5079741,Jaylen,Thompson,DB,Memphis,JaylenThompsonMemphis,2026,Jaylen,Thompson,S,Memphis,UAB,2026-01-12T18:49:00.000Z,0.84,3.0,Immediate
5079743,Perry,Thompson,WR,Auburn,PerryThompsonAuburn,2026,Perry,Thompson,WR,Auburn,Minnesota,2026-01-06T01:31:00.000Z,0.9,4.0,Immediate
5079745,Joshisa,Trader,WR,Miami,JoshisaTraderMiami,2026,Joshisa,Trader,WR,Miami,NC State,2026-01-23T02:39:00.000Z,0.88,3.0,Immediate
5079747,Ory,Williams,OL,LSU,OryWilliamsLSU,2026,Ory,Williams,OT,LSU,Tennessee,2026-01-06T17:34:00.000Z,0.86,3.0,Immediate
5079749,Yasin,Willis,RB,Syracuse,YasinWillisSyracuse,2026,Yasin,Willis,RB,Syracuse,Kansas,2026-01-07T15:37:00.000Z,0.86,3.0,Immediate
5079752,Owen,Wafle,DT,Penn State,OwenWaflePenn State,2026,Owen,Wafle,DL,Penn State,Duke,2026-01-06T22:56:00.000Z,0.85,3.0,Immediate
5079755,Kenny,Woseley Jr.,CB,Penn State,KennyWoseley Jr.Penn State,2026,Kenny,Woseley Jr.,CB,Penn State,Virginia Tech,2026-01-14T14:06:00.000Z,0.85,3.0,Immediate
5079758,David,Washington Jr.,WR,Kentucky,DavidWashington Jr.Kentucky,2026,David,Washington Jr.,WR,Kentucky,,2025-12-16T20:16:00.000Z,0.84,3.0,Immediate
5079759,Jelani,Watkins,WR,LSU,JelaniWatkinsLSU,2026,Jelani,Watkins,WR,LSU,Arkansas,2026-01-12T16:20:00.000Z,0.86,3.0,Immediate
5079762,Cole,Welliver,QB,New Mexico,ColeWelliverNew Mexico,2026,Cole,Welliver,QB,New Mexico,Southeastern Louisiana,2026-01-17T04:24:00.000Z,0.84,3.0,Immediate
5079764,Walker,White,QB,Baylor,WalkerWhiteBaylor,2026,Walker,White,QB,Baylor,Central Arkansas,2026-01-11T21:25:00.000Z,0.86,3.0,Immediate
5079765,Jahsear,Whittington,DT,Pittsburgh,JahsearWhittingtonPittsburgh,2026,Jahsear,Whittington,DL,Pittsburgh,Nebraska,2026-01-12T20:45:00.000Z,0.86,3.0,Immediate
5079769,Izaiah,Williams,WR,Texas A&M,IzaiahWilliamsTexas A&M,2026,Izaiah,Williams,WR,Texas A&M,Kansas State,2026-01-05T15:18:00.000Z,0.86,3.0,Immediate
5079770,Ernest,Willor Jr.,EDGE,Wisconsin,ErnestWillor Jr.Wisconsin,2026,Ernest,Willor Jr.,EDGE,Wisconsin,James Madison,2026-01-24T16:08:00.000Z,0.86,3.0,Immediate
5079771,Isaac,Wilson,QB,Utah,IsaacWilsonUtah,2026,Isaac,Wilson,QB,Utah,Colorado,2026-01-07T23:29:00.000Z,0.86,3.0,Immediate
5079772,Damarion,Witten,WR,Ohio State,DamarionWittenOhio State,2026,Damarion,Witten,WR,Ohio State,Miami (OH),2026-01-16T15:10:00.000Z,0.86,3.0,Immediate
5080139,Donovan,Dyson,LB,Massachusetts,DonovanDysonMassachusetts,2026,Donovan,Dyson,EDGE,Massachusetts,,2025-12-03T06:00:00.000Z,,3.0,Immediate
5080140,Tyler,Johnson,OL,Auburn,TylerJohnsonAuburn,2026,Tyler,Johnson,OT,Auburn,Kansas State,2026-01-19T03:22:00.000Z,0.86,3.0,Immediate
5080244,Keviyan,Huddleston,DE,North Texas,KeviyanHuddlestonNorth Texas,2026,Keviyan,Huddleston,EDGE,North Texas,Oklahoma State,2026-01-05T18:50:00.000Z,0.86,3.0,Immediate
5080255,Danny,Novickas,DE,Ohio,DannyNovickasOhio,2026,Danny,Novickas,EDGE,Ohio,,2025-12-15T06:00:00.000Z,,3.0,Immediate
5080403,Jaylen,Raynor,QB,Arkansas State,JaylenRaynorArkansas State,2026,Jaylen,Raynor,QB,Arkansas State,Iowa State,2026-01-04T03:38:45.000Z,0.85,3.0,Immediate
5080427,Messiah,Blair,DL,Eastern Michigan,MessiahBlairEastern Michigan,2026,Messiah,Blair,EDGE,Eastern Michigan,Jackson State,2026-01-10T17:40:00.000Z,0.85,3.0,Immediate
5080479,Taye,Seymore,S,Auburn,TayeSeymoreAuburn,2026,Taye,Seymore,S,Auburn,North Texas,2026-01-08T16:43:02.000Z,,3.0,Immediate
5080561,Mychal,Yharbrough,DB,Miami (OH),MychalYharbroughMiami (OH),2026,Mychal,Yharbrough,CB,Miami (OH),,2026-01-13T20:30:34.000Z,0.86,3.0,Withdrawn
5080692,Edwin,Kolenge,EDGE,Boston College,EdwinKolengeBoston College,2026,Edwin,Kolenge,EDGE,Boston College,Vanderbilt,2026-01-16T00:01:00.000Z,0.85,3.0,Immediate
5080698,Dalton,Riggs,LS,UCF,DaltonRiggsUCF,2026,Dalton,Riggs,LS,UCF,Ohio State,2026-01-06T23:13:00.000Z,,,Immediate
5080819,Davion,Dozier,WR,App State,DavionDozierApp State,2026,Davion,Dozier,WR,App State,NC State,2026-01-18T03:55:00.000Z,0.85,3.0,Immediate
5081075,Mac,Chiumento,P,Florida State,MacChiumentoFlorida State,2026,Mac,Chiumento,P,Florida State,Texas,2026-01-05T01:08:27.000Z,,,Immediate
5081081,Kobi,Albert,DB,UConn,KobiAlbertUConn,2026,Kobi,Albert,S,UConn,Southern Miss,2026-02-01T20:55:00.000Z,0.83,3.0,Immediate
5081089,Dylan,Gary,WR,Georgia Southern,DylanGaryGeorgia Southern,2026,Dylan,Gary,WR,Georgia Southern,Kennesaw State,2026-01-22T02:23:00.000Z,0.84,3.0,Immediate
5081100,Dylan,Parrott,DT,Nebraska,DylanParrottNebraska,2026,Dylan,Parrott,DL,Nebraska,,2026-01-11T19:20:00.000Z,,,Withdrawn
5081131,Javen,Nicholas,WR,Charlotte,JavenNicholasCharlotte,2026,Javen,Nicholas,WR,Charlotte,Duke,2026-01-09T23:30:00.000Z,0.87,3.0,Immediate
5081197,Grady,Brosterhous,QB,Virginia,GradyBrosterhousVirginia,2026,Grady,Brosterhous,QB,Virginia,Utah State,2026-01-20T19:14:00.000Z,0.82,3.0,Immediate
5081209,Eli,Wood,WR,Virginia,EliWoodVirginia,2026,Eli,Wood,WR,Virginia,Utah State,2026-01-21T19:01:00.000Z,0.85,3.0,Immediate
5081213,DJ,Black,WR,UCF,DJBlackUCF,2026,DJ,Black,WR,UCF,South Carolina,2026-01-19T17:26:00.000Z,0.86,3.0,Immediate
5081220,Mac,Walters,OL,South Carolina,MacWaltersSouth Carolina,2026,Mac,Walters,OT,South Carolina,App State,2026-01-09T17:00:00.000Z,,,Immediate
5081332,Jaziun,Patterson,RB,Iowa,JaziunPattersonIowa,2026,Jaziun,Patterson,RB,Iowa,Michigan State,2026-01-08T20:49:00.000Z,0.87,3.0,Immediate
5081337,Kael,Kolarik,DB,Iowa,KaelKolarikIowa,2026,Kael,Kolarik,S,Iowa,South Dakota,2026-01-13T17:56:00.000Z,,,Immediate
5081342,Dominic,Wiseman,DT,South Alabama,DominicWisemanSouth Alabama,2026,Dominic,Wiseman,DL,South Alabama,Kentucky,2026-01-10T16:50:00.000Z,0.85,3.0,Immediate
5081353,Bam,Booker,DE,Bowling Green,BamBookerBowling Green,2026,Bam,Booker,EDGE,Bowling Green,,2026-01-11T19:09:00.000Z,,3.0,Withdrawn
5081357,Maximus,McCree,OL,Washington,MaximusMcCreeWashington,2026,Maximus,McCree,OT,Washington,Washington State,2026-01-19T19:17:00.000Z,0.85,3.0,Immediate
5081363,Justin,Williams-Thomas,RB,Marshall,JustinWilliams-ThomasMarshall,2026,Justin,Williams-Thomas,RB,Marshall,Massachusetts,2026-01-23T17:50:00.000Z,0.84,3.0,Immediate
5081367,Chas,Nimrod,WR,South Florida,ChasNimrodSouth Florida,2026,Chas,Nimrod,WR,South Florida,Auburn,2026-01-07T14:29:08.000Z,0.86,3.0,Immediate
5081377,Tyler,Stolsky,LB,Florida Atlantic,TylerStolskyFlorida Atlantic,2026,Tyler,Stolsky,LB,Florida Atlantic,West Virginia,2026-01-07T20:06:00.000Z,0.85,3.0,Immediate
5081382,Shannon,Blair,DB,Memphis,ShannonBlairMemphis,2026,Shannon,Blair,CB,Memphis,,2025-12-30T02:01:00.000Z,,3.0,Immediate
5081387,Christian,Harrison,DB,Cincinnati,ChristianHarrisonCincinnati,2026,Christian,Harrison,S,Cincinnati,Arkansas,2026-01-04T14:36:00.000Z,0.86,3.0,Immediate
5081391,Jayson,Jenkins,DL,Florida State,JaysonJenkinsFlorida State,2026,Jayson,Jenkins,EDGE,Florida State,Mississippi State,2026-01-05T16:42:00.000Z,0.87,3.0,Immediate
5081405,AJ,Swann,QB,App State,AJSwannApp State,2026,AJ,Swann,QB,App State,Mississippi State,2026-01-06T00:31:00.000Z,0.86,3.0,Immediate
5081408,Grady,Sherrill,WR,South Dakota,GradySherrillSouth Dakota,2026,Grady,Sherrill,WR,South Dakota,,2026-04-01T05:00:00.000Z,,,Immediate
5081425,Bo,Burkes,OL,North Carolina,BoBurkesNorth Carolina,2026,Bo,Burkes,IOL,North Carolina,Jacksonville State,2026-01-08T03:12:00.000Z,,3.0,Immediate
5081427,Jake,Young,TE,Charlotte,JakeYoungCharlotte,2026,Jake,Young,TE,Charlotte,Western Carolina,2026-02-04T19:00:00.000Z,,,Immediate
5081435,Keith,Adams Jr.,RB,Clemson,KeithAdams Jr.Clemson,2026,Keith,Adams Jr.,RB,Clemson,Georgia State,2026-01-18T00:06:00.000Z,0.84,3.0,Immediate
5081436,Domonique,Thomas,RB,Ole Miss,DomoniqueThomasOle Miss,2026,Domonique,Thomas,RB,Ole Miss,,2026-01-02T23:41:00.000Z,,,Immediate
5081440,Liam,Boyd,PK,Charlotte,LiamBoydCharlotte,2026,Liam,Boyd,K,Charlotte,Michigan State,2026-01-07T02:33:48.000Z,,,Immediate
5081611,Mason,Williams,TE,Ohio,MasonWilliamsOhio,2026,Mason,Williams,TE,Ohio,Ohio State,2026-01-04T19:41:00.000Z,0.85,3.0,Immediate
5081632,Thai,Chiaokhiao-Bowman,WR,UConn,ThaiChiaokhiao-BowmanUConn,2026,Thai,Chiaokhiao-Bowman,WR,UConn,,2026-01-08T16:21:00.000Z,,3.0,Immediate
5081641,Keenan,Landry,DL,McNeese,KeenanLandryMcNeese,2026,Keenan,Landry,DL,McNeese,,2025-12-21T17:35:00.000Z,,,Immediate
5081787,Jeremy,Evans,LB,Baylor,JeremyEvansBaylor,2026,Jeremy,Evans,LB,Baylor,Arkansas,2026-01-09T18:05:00.000Z,0.84,3.0,Immediate
5081794,Jayden,Bass,OL,UConn,JaydenBassUConn,2026,Jayden,Bass,OT,UConn,,2026-01-10T17:43:00.000Z,,3.0,Immediate
5081795,Malachi,Breland,OL,Memphis,MalachiBrelandMemphis,2026,Malachi,Breland,IOL,Memphis,Arkansas,2026-01-04T19:47:00.000Z,0.86,3.0,Immediate
5081803,JK,Johnson,DB,Oklahoma State,JKJohnsonOklahoma State,2026,JK,Johnson,CB,Oklahoma State,Florida Atlantic,2026-01-12T22:48:10.000Z,0.86,3.0,Immediate
5081804,Mason,Maggs,QB,Ohio State,MasonMaggsOhio State,2026,Mason,Maggs,QB,Ohio State,,2026-01-01T06:27:00.000Z,,,Immediate
5081827,Tyrece,Mills,DB,UConn,TyreceMillsUConn,2026,Tyrece,Mills,S,UConn,,2026-01-05T18:48:00.000Z,,3.0,Immediate
5081861,Myles,Norwood,DB,South Carolina,MylesNorwoodSouth Carolina,2026,Myles,Norwood,CB,South Carolina,,2025-12-27T22:51:00.000Z,,,Immediate
5081863,Carson,Brown,WR,Iowa State,CarsonBrownIowa State,2026,Carson,Brown,WR,Iowa State,Hawai'i,2026-01-19T15:54:00.000Z,0.85,3.0,Immediate
5081870,John,Klosterman,LB,Iowa State,JohnKlostermanIowa State,2026,John,Klosterman,LB,Iowa State,,2025-12-26T15:12:00.000Z,,,Immediate
5081877,Caleb,Bacon,LB,Iowa State,CalebBaconIowa State,2026,Caleb,Bacon,LB,Iowa State,Penn State,2026-01-04T22:29:00.000Z,0.91,4.0,Immediate
5081881,Oluwafunto,Akinshilo,OL,UCLA,OluwafuntoAkinshiloUCLA,2026,Oluwafunto,Akinshilo,IOL,UCLA,Syracuse,2026-01-16T11:46:00.000Z,0.87,3.0,Immediate
5081886,Arion,Carter,LB,Tennessee,ArionCarterTennessee,2026,Arion,Carter,LB,Tennessee,,2026-01-16T23:31:00.000Z,0.93,4.0,Withdrawn
5081898,Cookie,Desiderio,RB,Massachusetts,CookieDesiderioMassachusetts,2026,Cookie,Desiderio,LB,Massachusetts,Temple,2026-01-16T12:55:00.000Z,0.82,3.0,Immediate
5081906,Gavin,Forsha,LB,Tennessee State,GavinForshaTennessee State,2026,Gavin,Forsha,LB,Tennessee State,Ball State,2026-02-04T13:43:00.000Z,0.82,3.0,Immediate
5081950,Preston,Hickey,DL,Northwestern State,PrestonHickeyNorthwestern State,2026,Preston,Hickey,DL,Northwestern State,UTEP,2026-01-22T16:44:00.000Z,0.85,3.0,Immediate
5081966,Colin,Page,RB,Texas,ColinPageTexas,2026,Colin,Page,RB,Texas,North Texas,2026-01-09T22:26:00.000Z,,,Immediate
5081970,Graham,Gillespie,S,Texas,GrahamGillespieTexas,2026,Graham,Gillespie,S,Texas,North Texas,2026-01-10T01:16:00.000Z,,,Immediate
5081986,Brook,Honore Jr.,P,California,BrookHonore Jr.California,2026,Brook,Honore Jr.,P,California,,2026-01-08T04:14:00.000Z,,,Immediate
5081998,Raleigh,Collins III,S,New Hampshire,RaleighCollins IIINew Hampshire,2026,Raleigh,Collins III,S,New Hampshire,,2025-12-15T01:44:00.000Z,,3.0,Immediate
5082001,Trey,Lathan,LB,Kansas,TreyLathanKansas,2026,Trey,Lathan,LB,Kansas,,2026-01-01T22:28:00.000Z,0.86,3.0,Immediate
5082040,Ashton,Rivera,OL,Kent State,AshtonRiveraKent State,2026,Ashton,Rivera,IOL,Kent State,California,2026-01-15T03:48:00.000Z,0.86,3.0,Immediate
5082171,Moh,Bility,CB,Rice,MohBilityRice,2026,Moh,Bility,CB,Rice,,2026-01-05T19:26:00.000Z,,3.0,Immediate
5082263,Bryan,Hansen,P,Colorado State,BryanHansenColorado State,2026,Bryan,Hansen,P,Colorado State,West Virginia,2026-01-09T17:46:00.000Z,,,Immediate
5082283,Alex,Scherle,TE,Rice,AlexScherleRice,2026,Alex,Scherle,TE,Rice,Ball State,2026-01-14T21:50:00.000Z,0.83,3.0,Immediate
5082306,Jayden,Davis,DB,Fresno State,JaydenDavisFresno State,2026,Jayden,Davis,S,Fresno State,UConn,2026-01-24T08:05:00.000Z,0.83,3.0,Immediate
5082316,Tye,Edwards,RB,West Virginia,TyeEdwardsWest Virginia,2026,Tye,Edwards,RB,West Virginia,,2026-01-15T17:27:00.000Z,,3.0,Immediate
5082370,Dallas,Payne,TE,Florida International,DallasPayneFlorida International,2026,Dallas,Payne,TE,Florida International,,2025-12-29T21:49:00.000Z,0.84,3.0,Immediate
5082374,AJ,Brown,DE,UAB,AJBrownUAB,2026,AJ,Brown,S,UAB,Rice,2026-01-10T22:16:00.000Z,,3.0,Immediate
5082437,David,Portu,DL,Charleston Southern,DavidPortuCharleston Southern,2026,David,Portu,EDGE,Charleston Southern,Austin Peay,2026-01-17T05:32:00.000Z,0.85,3.0,Immediate
5082503,James,Gillespie,DT,Sacramento State,JamesGillespieSacramento State,2026,James,Gillespie,DL,Sacramento State,Nevada,2026-01-16T01:55:00.000Z,,,Immediate
5082584,DJ,Epps,WR,Troy,DJEppsTroy,2026,DJ,Epps,WR,Troy,West Virginia,2026-01-06T17:40:00.000Z,0.85,3.0,Immediate
5082587,Matthew,Coleman,WR,San José State,MatthewColemanSan José State,2026,Matthew,Coleman,WR,San José State,Sacramento State,2026-01-14T00:50:00.000Z,0.85,3.0,Immediate
5082626,Tavian,Coleman,DT,Colorado,TavianColemanColorado,2026,Tavian,Coleman,DL,Colorado,,2025-12-22T14:39:00.000Z,,,Immediate
5082638,Jalen,Stewart,LB,Temple,JalenStewartTemple,2026,Jalen,Stewart,LB,Temple,,2025-12-22T22:47:00.000Z,,3.0,Immediate
5082646,James,Djonkam,DL,Virginia Tech,JamesDjonkamVirginia Tech,2026,James,Djonkam,EDGE,Virginia Tech,,2025-12-11T18:48:00.000Z,,2.0,Immediate
5082657,Braden,Keith,CB,Colorado,BradenKeithColorado,2026,Braden,Keith,CB,Colorado,Colorado School of Mines,2026-04-30T02:50:00.000Z,,,Immediate
5082663,Brady,Kopetz,TE,Colorado,BradyKopetzColorado,2026,Brady,Kopetz,TE,Colorado,,2026-01-17T00:11:17.000Z,,3.0,Withdrawn
5082673,Austin,Harnetiaux,LB,Nevada,AustinHarnetiauxNevada,2026,Austin,Harnetiaux,LB,Nevada,Rice,2026-01-21T19:07:00.000Z,0.85,3.0,Immediate
5082965,Tommy,Ulatowski,QB,Kennesaw State,TommyUlatowskiKennesaw State,2026,Tommy,Ulatowski,QB,Kennesaw State,App State,2026-01-19T21:37:00.000Z,0.83,3.0,Immediate
5082969,Rocco,Nicholl,LB,South Florida,RoccoNichollSouth Florida,2026,Rocco,Nicholl,LB,South Florida,Kent State,2026-01-24T01:14:00.000Z,0.84,3.0,Immediate
5083042,Skyler,Locklear,QB,UTEP,SkylerLocklearUTEP,2026,Skyler,Locklear,QB,UTEP,Missouri State,2026-01-16T18:14:00.000Z,0.84,3.0,Immediate
5083052,Ellis,Ellis Jr.,CB,Austin Peay,EllisEllis Jr.Austin Peay,2026,Ellis,Ellis Jr.,CB,Austin Peay,Memphis,2026-01-13T23:23:00.000Z,0.86,3.0,Immediate
5083066,Donovan,Haslam,OL,West Virginia,DonovanHaslamWest Virginia,2026,Donovan,Haslam,IOL,West Virginia,Tennessee,2026-01-17T15:01:00.000Z,0.86,3.0,Immediate
5083068,Kenny,Odom,WR,UTEP,KennyOdomUTEP,2026,Kenny,Odom,WR,UTEP,South Florida,2026-01-09T17:45:00.000Z,0.85,3.0,Immediate
5083105,Jayven,Williams,CB,Mississippi State,JayvenWilliamsMississippi State,2026,Jayven,Williams,CB,Mississippi State,BYU,2026-01-16T15:29:00.000Z,0.85,3.0,Immediate
5083106,Nick,Sawyer,CB,Charleston Southern,NickSawyerCharleston Southern,2026,Nick,Sawyer,CB,Charleston Southern,Bowling Green,2026-01-09T14:02:00.000Z,,3.0,Immediate
5083111,Qua,Ashley,RB,Ball State,QuaAshleyBall State,2026,Qua,Ashley,RB,Ball State,,2025-12-01T16:11:00.000Z,0.82,3.0,Immediate
5083135,Carson,Kent,TE,Oklahoma,CarsonKentOklahoma,2026,Carson,Kent,TE,Oklahoma,Pittsburgh,2026-01-09T23:46:00.000Z,0.87,3.0,Immediate
5083138,Brian,Dukes Jr.,S,Cal Poly,BrianDukes Jr.Cal Poly,2026,Brian,Dukes Jr.,S,Cal Poly,San José State,2026-01-14T00:04:00.000Z,0.84,3.0,Immediate
5083141,Don,Saunders,DB,Utah,DonSaundersUtah,2026,Don,Saunders,CB,Utah,Purdue,2026-01-11T15:37:00.000Z,0.86,3.0,Immediate
5083150,Mason,Rivera,DB,Cal Poly,MasonRiveraCal Poly,2026,Mason,Rivera,S,Cal Poly,UCLA,2026-02-17T06:00:00.000Z,,,Immediate
5083164,Jordan,Sanders,DL,Texas State,JordanSandersTexas State,2026,Jordan,Sanders,DL,Texas State,Florida State,2026-01-17T02:58:00.000Z,0.86,3.0,Immediate
5083172,Ormanie,Arnold,CB,Cincinnati,OrmanieArnoldCincinnati,2026,Ormanie,Arnold,CB,Cincinnati,New Mexico,2026-01-13T20:35:00.000Z,0.85,3.0,Immediate
5083176,Dylan,Layne,LB,Idaho,DylanLayneIdaho,2026,Dylan,Layne,LB,Idaho,Oregon State,2026-01-05T19:37:00.000Z,0.85,3.0,Immediate
5083187,Jack,Foster,OL,Nevada,JackFosterNevada,2026,Jack,Foster,OT,Nevada,,2026-01-06T20:04:00.000Z,0.85,3.0,Withdrawn
5083200,Joshua,Scott,DB,Eastern Michigan,JoshuaScottEastern Michigan,2026,Joshua,Scott,CB,Eastern Michigan,Nevada,2026-01-11T16:16:00.000Z,,3.0,Immediate
5083234,LaDavion,Osborn,CB,Northern Colorado,LaDavionOsbornNorthern Colorado,2026,LaDavion,Osborn,CB,Northern Colorado,Toledo,2026-01-27T21:18:00.000Z,0.85,3.0,Immediate
5083238,Hunter,Green,P,San Diego State,HunterGreenSan Diego State,2026,Hunter,Green,P,San Diego State,Washington,2026-01-05T21:54:00.000Z,,2.0,Immediate
5083242,Noah,Mangham,DB,Abilene Christian,NoahManghamAbilene Christian,2026,Noah,Mangham,CB,Abilene Christian,Georgia Southern,2026-01-18T06:05:00.000Z,0.85,3.0,Immediate
5083249,Fisher,Clements,TE,Northern Colorado,FisherClementsNorthern Colorado,2026,Fisher,Clements,TE,Northern Colorado,Colorado,2026-01-10T19:40:00.000Z,0.85,3.0,Immediate
5083265,Kadin,Lynch,OL,William & Mary,KadinLynchWilliam & Mary,2026,Kadin,Lynch,IOL,William & Mary,Utah State,2026-01-11T21:57:00.000Z,0.83,3.0,Immediate
5083267,Greg,Klingensmith,OL,William & Mary,GregKlingensmithWilliam & Mary,2026,Greg,Klingensmith,OT,William & Mary,Massachusetts,2026-01-17T18:04:00.000Z,0.83,3.0,Immediate
5083310,Jordon,Jones,OL,Ohio,JordonJonesOhio,2026,Jordon,Jones,OT,Ohio,Troy,2026-01-17T15:00:00.000Z,0.83,3.0,Immediate
5083313,DeeJay,Holmes Jr.,DL,Ole Miss,DeeJayHolmes Jr.Ole Miss,2026,DeeJay,Holmes Jr.,EDGE,Ole Miss,,2026-01-13T15:33:00.000Z,,3.0,Immediate
5083369,Taebron,Bennie-Powell,DB,Notre Dame,TaebronBennie-PowellNotre Dame,2026,Taebron,Bennie-Powell,S,Notre Dame,Boise State,2026-01-12T01:26:00.000Z,0.85,3.0,Immediate
5083371,Davi,Belfort,WR,UCF,DaviBelfortUCF,2026,Davi,Belfort,QB,UCF,James Madison,2026-01-13T02:03:00.000Z,0.83,3.0,Immediate
5083425,Mark,Chapman,OL,Columbia,MarkChapmanColumbia,2026,Mark,Chapman,IOL,Columbia,New Mexico State,2026-01-12T23:34:00.000Z,0.82,3.0,Immediate
5083468,Joey,Cheshire,LB,Cornell,JoeyCheshireCornell,2026,Joey,Cheshire,LB,Cornell,Buffalo,2026-01-19T17:53:00.000Z,0.84,3.0,Immediate
5083472,Ben,Sahakian,LB,Cornell,BenSahakianCornell,2026,Ben,Sahakian,EDGE,Cornell,Toledo,2026-01-21T21:35:00.000Z,0.83,3.0,Immediate
5083490,Ayden,Pereira,QB,Merrimack,AydenPereiraMerrimack,2026,Ayden,Pereira,QB,Merrimack,Georgia State,2026-01-12T00:10:00.000Z,0.84,3.0,Immediate
5083514,Nicolas,Kalume,DE,Maine,NicolasKalumeMaine,2026,Nicolas,Kalume,EDGE,Maine,Arkansas State,2026-01-15T16:20:00.000Z,0.85,3.0,Immediate
5083533,Lamont,Johnson-Burrell,CB,Sacramento State,LamontJohnson-BurrellSacramento State,2026,Lamont,Johnson-Burrell,CB,Sacramento State,,2025-12-30T13:11:00.000Z,,3.0,Immediate
5083535,Nakian,Jackson,LB,Nevada,NakianJacksonNevada,2026,Nakian,Jackson,LB,Nevada,James Madison,2026-01-16T19:06:00.000Z,0.84,3.0,Immediate
5083549,Gabe,Panikowski,PK,Oklahoma State,GabePanikowskiOklahoma State,2026,Gabe,Panikowski,K,Oklahoma State,Florida State,2026-01-16T21:04:00.000Z,0.84,3.0,Immediate
5083569,Jaden,Craig,QB,Harvard,JadenCraigHarvard,2026,Jaden,Craig,QB,Harvard,TCU,2026-01-04T14:12:00.000Z,0.87,3.0,Immediate
5083572,Ty,Bartrum,DB,Harvard,TyBartrumHarvard,2026,Ty,Bartrum,S,Harvard,UCF,2026-01-08T18:15:00.000Z,0.83,3.0,Immediate
5083576,Derek,Osman,OL,Harvard,DerekOsmanHarvard,2026,Derek,Osman,OT,Harvard,UCLA,2026-01-09T00:43:00.000Z,0.82,3.0,Immediate
5083579,Aidan,Kilstrom,OL,Harvard,AidanKilstromHarvard,2026,Aidan,Kilstrom,IOL,Harvard,Stanford,2026-01-06T20:39:00.000Z,0.85,3.0,Immediate
5083582,Alex,DeGrieck,DL,Harvard,AlexDeGrieckHarvard,2026,Alex,DeGrieck,EDGE,Harvard,Boston College,2026-02-08T14:29:44.000Z,0.83,3.0,Immediate
5083637,Jayden,Madkins,DL,Louisiana Tech,JaydenMadkinsLouisiana Tech,2026,Jayden,Madkins,DL,Louisiana Tech,Tulsa,2026-01-15T20:49:00.000Z,0.83,3.0,Immediate
5083701,Joseph,Bey,S,San José State,JosephBeySan José State,2026,Joseph,Bey,S,San José State,,2025-12-31T14:15:00.000Z,,3.0,Immediate
5083726,MJ,Flowers,RB,UConn,MJFlowersUConn,2026,MJ,Flowers,RB,UConn,Tennessee Tech,2026-01-17T04:36:00.000Z,0.84,3.0,Immediate
5083747,Justin,Bowick,WR,Illinois,JustinBowickIllinois,2026,Justin,Bowick,WR,Illinois,Oklahoma State,2026-01-08T16:26:00.000Z,0.9,4.0,Immediate
5083748,Cam,Thompson,WR,Mississippi State,CamThompsonMississippi State,2026,Cam,Thompson,WR,Mississippi State,,2025-12-09T17:16:00.000Z,,,Immediate
5083787,Tyson,Miller,OL,Indiana State,TysonMillerIndiana State,2026,Tyson,Miller,OT,Indiana State,,2025-12-28T13:51:00.000Z,,2.0,Immediate
5083804,Roman,Pearson,CB,Ball State,RomanPearsonBall State,2026,Roman,Pearson,CB,Ball State,Kansas,2026-01-08T16:40:00.000Z,0.85,3.0,Immediate
5083811,Donquarius,Parker,DE,North Carolina Central,DonquariusParkerNorth Carolina Central,2026,Donquarius,Parker,DL,North Carolina Central,,2026-01-02T21:03:00.000Z,,,Immediate
5083813,Jack,Goheen,LB,Bucknell,JackGoheenBucknell,2026,Jack,Goheen,LB,Bucknell,,2025-12-11T23:43:00.000Z,,,Immediate
5083819,Nathan,Natoli,OL,Bucknell,NathanNatoliBucknell,2026,Nathan,Natoli,OT,Bucknell,Buffalo,2026-01-23T16:35:00.000Z,0.84,3.0,Immediate
5083824,John,Ohnegian,OL,Bucknell,JohnOhnegianBucknell,2026,John,Ohnegian,IOL,Bucknell,Wake Forest,2026-01-14T22:57:00.000Z,0.85,3.0,Immediate
5083847,Dean,DeNobile,QB,Lafayette,DeanDeNobileLafayette,2026,Dean,DeNobile,QB,Lafayette,Florida State,2026-01-16T21:06:00.000Z,0.83,3.0,Immediate
5083848,Jamar,Curtis,RB,Sacramento State,JamarCurtisSacramento State,2026,Jamar,Curtis,RB,Sacramento State,,2026-01-11T01:52:53.000Z,0.8,3.0,Withdrawn
5083860,Dylan,Aguilera,LS,Lafayette,DylanAguileraLafayette,2026,Dylan,Aguilera,LS,Lafayette,San José State,2026-02-03T00:11:00.000Z,,,Immediate
5083875,Nick,Peltekian,DB,Lehigh,NickPeltekianLehigh,2026,Nick,Peltekian,S,Lehigh,,2026-01-27T22:53:47.000Z,0.86,3.0,Withdrawn
5083881,David,LaGanga,LS,Kentucky,DavidLaGangaKentucky,2026,David,LaGanga,LS,Kentucky,UConn,2026-01-24T21:01:00.000Z,,,Immediate
5083885,Christian,Richter,OL,Marshall,ChristianRichterMarshall,2026,Christian,Richter,OT,Marshall,UConn,2026-01-12T21:54:07.000Z,0.85,3.0,Immediate
5083898,Alex,Mitchell,LB,Middle Tennessee,AlexMitchellMiddle Tennessee,2026,Alex,Mitchell,LB,Middle Tennessee,App State,2026-01-09T18:52:00.000Z,0.85,3.0,Immediate
5083950,Stephen,Dean III,LB,VMI,StephenDean IIIVMI,2026,Stephen,Dean III,LB,VMI,Maryland,2026-05-14T20:45:00.000Z,0.8,3.0,Immediate
5083966,Morgan,McPhaul,TE,VMI,MorganMcPhaulVMI,2026,Morgan,McPhaul,TE,VMI,Oklahoma State,2026-01-16T20:42:00.000Z,0.85,3.0,Immediate
5083968,William,Dixon III,OL,VMI,WilliamDixon IIIVMI,2026,William,Dixon III,OT,VMI,Missouri State,2026-02-03T18:15:00.000Z,0.85,3.0,Immediate
5083969,Geoffrey,Speight Jr.,DL,West Georgia,GeoffreySpeight Jr.West Georgia,2026,Geoffrey,Speight Jr.,DL,West Georgia,Hawai'i,2026-01-23T23:16:00.000Z,0.82,3.0,Immediate
5084041,Tariq,May,DB,Eastern Washington,TariqMayEastern Washington,2026,Tariq,May,EDGE,Eastern Washington,Rice,2026-01-12T22:01:00.000Z,0.82,3.0,Immediate
5084043,Ryan,Davis,DE,Kansas State,RyanDavisKansas State,2026,Ryan,Davis,EDGE,Kansas State,Baylor,2026-01-07T23:33:56.000Z,0.85,3.0,Immediate
5084046,Ondre,Evans,DB,Georgia,OndreEvansGeorgia,2026,Ondre,Evans,CB,Georgia,NC State,2026-01-08T16:49:15.000Z,0.87,3.0,Immediate
5084049,Ashton,Taylor,LB,Jackson State,AshtonTaylorJackson State,2026,Ashton,Taylor,LB,Jackson State,Middle Tennessee,2026-01-11T16:30:00.000Z,0.85,3.0,Immediate
5084093,AJ,Davis,CB,Washington State,AJDavisWashington State,2026,AJ,Davis,CB,Washington State,,2026-01-08T16:18:00.000Z,,3.0,Immediate
5084095,Collin,Rogers,PK,SMU,CollinRogersSMU,2026,Collin,Rogers,K,SMU,Florida Atlantic,2026-01-10T16:43:00.000Z,,2.0,Immediate
5084110,Mike,Sandjo,DT,Washington State,MikeSandjoWashington State,2026,Mike,Sandjo,DL,Washington State,,2025-12-17T16:49:00.000Z,0.85,3.0,Immediate
5084133,Alex,Perry,WR,Florida International,AlexPerryFlorida International,2026,Alex,Perry,WR,Florida International,Illinois,2026-01-08T16:32:00.000Z,0.86,3.0,Immediate
5084177,Ta'ir,Brooks,WR,Charlotte,Ta'irBrooksCharlotte,2026,Ta'ir,Brooks,WR,Charlotte,,2026-01-13T01:02:00.000Z,,3.0,Immediate
5084220,Phillip,Bradford,DL,McNeese,PhillipBradfordMcNeese,2026,Phillip,Bradford,DL,McNeese,Texas State,2026-01-20T15:16:00.000Z,0.85,3.0,Immediate
5084222,Masey,Lewis,DE,McNeese,MaseyLewisMcNeese,2026,Masey,Lewis,EDGE,McNeese,South Alabama,2026-01-09T04:40:00.000Z,0.83,3.0,Immediate
5084229,Hayes,Creel,OL,Southern Miss,HayesCreelSouthern Miss,2026,Hayes,Creel,OT,Southern Miss,East Carolina,2026-01-10T02:01:00.000Z,,,Immediate
5084253,Eli,Ennis,LB,UAB,EliEnnisUAB,2026,Eli,Ennis,LB,UAB,Stephen F. Austin,2026-02-02T03:06:00.000Z,,,Immediate
5084286,Makhi,Frazier,RB,Michigan State,MakhiFrazierMichigan State,2026,Makhi,Frazier,RB,Michigan State,Ole Miss,2026-01-19T15:03:00.000Z,0.88,3.0,Immediate
5084293,Ka'Morreun,Pimpton,TE,TCU,Ka'MorreunPimptonTCU,2026,Ka'Morreun,Pimpton,TE,TCU,,2026-01-04T14:46:32.000Z,,4.0,Withdrawn
5084298,A.J.,Fuimaono,DL,UCLA,A.J.FuimaonoUCLA,2026,A.J.,Fuimaono,DL,UCLA,,2026-01-11T19:59:00.000Z,,3.0,Withdrawn
5084343,Anas,Luqman,DL,Ohio,AnasLuqmanOhio,2026,Anas,Luqman,EDGE,Ohio,UConn,2026-01-14T19:21:00.000Z,0.84,3.0,Immediate
5084386,Nick,Hudson,DB,Brown,NickHudsonBrown,2026,Nick,Hudson,CB,Brown,Texas,2026-04-17T15:47:00.000Z,0.83,3.0,Immediate
5084404,Liam,O'Brien,QB,Pennsylvania,LiamO'BrienPennsylvania,2026,Liam,O'Brien,QB,Pennsylvania,Cincinnati,2026-01-11T18:07:00.000Z,,,Immediate
5084408,Bisi,Owens,WR,Pennsylvania,BisiOwensPennsylvania,2026,Bisi,Owens,WR,Pennsylvania,Purdue,2026-01-12T18:50:00.000Z,0.86,3.0,Immediate
5084409,Jared,Richardson,WR,Pennsylvania,JaredRichardsonPennsylvania,2026,Jared,Richardson,WR,Pennsylvania,Duke,2026-01-05T18:41:00.000Z,0.86,3.0,Immediate
5084412,Alec,Wills,DB,Pennsylvania,AlecWillsPennsylvania,2026,Alec,Wills,CB,Pennsylvania,,2025-12-11T18:47:00.000Z,,2.0,Immediate
5084414,John,Lista,LB,Pennsylvania,JohnListaPennsylvania,2026,John,Lista,LB,Pennsylvania,UConn,2026-01-09T16:07:00.000Z,0.8,3.0,Immediate
5084415,Jake,Davis,DL,Pennsylvania,JakeDavisPennsylvania,2026,Jake,Davis,EDGE,Pennsylvania,,2025-12-01T14:17:00.000Z,,,Immediate
5084421,Netinho,Olivieri,OL,Pennsylvania,NetinhoOlivieriPennsylvania,2026,Netinho,Olivieri,OT,Pennsylvania,Pittsburgh,2026-01-04T17:58:00.000Z,0.83,3.0,Immediate
5084422,Maxwell,Freeman,OL,Pennsylvania,MaxwellFreemanPennsylvania,2026,Maxwell,Freeman,IOL,Pennsylvania,,2025-11-24T22:17:00.000Z,0.8,3.0,Immediate
5084423,Carter,Janki,DL,Pennsylvania,CarterJankiPennsylvania,2026,Carter,Janki,DL,Pennsylvania,Illinois,2026-01-04T17:52:00.000Z,0.83,3.0,Immediate
5084425,Chase,Meyer,PK,California,ChaseMeyerCalifornia,2026,Chase,Meyer,K,California,,2026-01-13T16:15:24.000Z,,,Withdrawn
5084429,Darren,Morris,WR,Southern,DarrenMorrisSouthern,2026,Darren,Morris,WR,Southern,Boise State,2026-01-06T20:43:00.000Z,,,Immediate
5084459,Cincere,Rhaney,RB,San Diego State,CincereRhaneySan Diego State,2026,Cincere,Rhaney,RB,San Diego State,Sacramento State,2026-01-14T00:45:00.000Z,0.85,3.0,Immediate
5084520,Javis,Mynatt,S,Texas State,JavisMynattTexas State,2026,Javis,Mynatt,S,Texas State,James Madison,2026-01-12T19:31:00.000Z,0.85,3.0,Immediate
5084535,Blake,Shirley,LS,Wofford,BlakeShirleyWofford,2026,Blake,Shirley,LS,Wofford,East Carolina,2026-02-11T14:25:00.000Z,,,Immediate
5084552,Tommy,Winton III,WR,Tennessee,TommyWinton IIITennessee,2026,Tommy,Winton III,WR,Tennessee,East Tennessee State,2026-01-14T19:00:00.000Z,,3.0,Immediate
5084584,Micah,Gay,LB,Tennessee State,MicahGayTennessee State,2026,Micah,Gay,LB,Tennessee State,,2025-12-02T16:24:00.000Z,,,Immediate
5084597,Jamari,Freeman,OL,Mercer,JamariFreemanMercer,2026,Jamari,Freeman,IOL,Mercer,Mississippi State,2026-04-25T12:24:00.000Z,0.85,3.0,Immediate
5084657,Dakarai,Anderson,WR,Cincinnati,DakaraiAndersonCincinnati,2026,Dakarai,Anderson,WR,Cincinnati,Central Arkansas,2026-01-11T12:35:00.000Z,,3.0,Immediate
5084658,Terrell,Anderson,WR,NC State,TerrellAndersonNC State,2026,Terrell,Anderson,WR,NC State,USC,2026-01-05T17:13:00.000Z,0.94,4.0,Immediate
5084664,Cai,Bates,CB,Florida State,CaiBatesFlorida State,2026,Cai,Bates,CB,Florida State,Wisconsin,2026-01-05T16:11:00.000Z,0.86,3.0,Immediate
5084705,Trenton,Cloud,WR,East Carolina,TrentonCloudEast Carolina,2026,Trenton,Cloud,WR,East Carolina,,2026-01-14T14:54:00.000Z,,3.0,Withdrawn
5084728,Edward,Rhambo,DB,Nevada,EdwardRhamboNevada,2026,Edward,Rhambo,CB,Nevada,,2025-12-16T02:54:00.000Z,,,Immediate
5084732,Tre,Moore,LB,San Diego,TreMooreSan Diego,2026,Tre,Moore,EDGE,San Diego,Purdue,2026-01-23T20:35:00.000Z,0.85,3.0,Immediate
5084770,Koron,Hayward,LB,Western Kentucky,KoronHaywardWestern Kentucky,2026,Koron,Hayward,EDGE,Western Kentucky,TCU,2026-01-08T20:11:00.000Z,0.85,3.0,Immediate
5084793,Caleb,Flagg,DB,Missouri,CalebFlaggMissouri,2026,Caleb,Flagg,S,Missouri,UCF,2026-01-06T22:54:00.000Z,0.85,3.0,Immediate
5084891,Austin,Romaine,LB,Kansas State,AustinRomaineKansas State,2026,Austin,Romaine,LB,Kansas State,Texas Tech,2026-01-04T21:08:00.000Z,0.87,3.0,Immediate
5084892,Isaac,Terrell,DE,Washington State,IsaacTerrellWashington State,2026,Isaac,Terrell,EDGE,Washington State,Iowa State,2026-01-09T18:59:00.000Z,0.87,3.0,Immediate
5084898,Ta'Ron,Haile,WR,Syracuse,Ta'RonHaileSyracuse,2026,Ta'Ron,Haile,WR,Syracuse,Austin Peay,2026-01-25T21:51:00.000Z,,3.0,Immediate
5084904,Josh,Jackson,WR,McNeese,JoshJacksonMcNeese,2026,Josh,Jackson,WR,McNeese,LSU,2026-01-09T18:10:00.000Z,0.85,3.0,Immediate
5084905,Jaylan,Hornsby,WR,Syracuse,JaylanHornsbySyracuse,2026,Jaylan,Hornsby,WR,Syracuse,Purdue,2026-01-17T13:34:00.000Z,0.85,3.0,Immediate
5084906,Jaden,Hart,RB,Syracuse,JadenHartSyracuse,2026,Jaden,Hart,RB,Syracuse,UConn,2026-01-18T17:17:00.000Z,0.84,3.0,Immediate
5084910,Josh,Phifer,TE,James Madison,JoshPhiferJames Madison,2026,Josh,Phifer,TE,James Madison,UCLA,2026-01-06T17:13:00.000Z,0.87,3.0,Immediate
5084944,Christian,Lorenzo,DL,Illinois State,ChristianLorenzoIllinois State,2026,Christian,Lorenzo,DL,Illinois State,North Texas,2026-01-12T23:37:28.000Z,0.85,3.0,Immediate
5084961,KK,Meier,CB,UTSA,KKMeierUTSA,2026,KK,Meier,CB,UTSA,Cincinnati,2026-01-07T17:58:00.000Z,0.85,3.0,Immediate
5084967,Victor,Snow,WR,Buffalo,VictorSnowBuffalo,2026,Victor,Snow,WR,Buffalo,NC State,2026-01-05T17:18:00.000Z,0.86,3.0,Immediate
5084987,Kahlee,Tafai,OL,Minnesota,KahleeTafaiMinnesota,2026,Kahlee,Tafai,OT,Minnesota,California,2026-01-14T21:05:00.000Z,0.87,3.0,Immediate
5085003,Mark,Konecny,QB,Western Michigan,MarkKonecnyWestern Michigan,2026,Mark,Konecny,QB,Western Michigan,,2025-12-15T20:30:00.000Z,,2.0,Immediate
5085026,Keegan,Patterson,QB,Indiana State,KeeganPattersonIndiana State,2026,Keegan,Patterson,QB,Indiana State,Northern Colorado,2026-01-20T01:17:00.000Z,,,Immediate
5085033,Cooper,Lovelace,OL,Colorado,CooperLovelaceColorado,2026,Cooper,Lovelace,IOL,Colorado,Baylor,2026-03-30T21:02:33.000Z,0.86,3.0,Immediate
5085035,Garth,White,PK,Rhode Island,GarthWhiteRhode Island,2026,Garth,White,K,Rhode Island,Louisville,2026-05-09T00:00:00.000Z,,,Immediate
5085038,Brayshawn,Littlejohn,LB,App State,BrayshawnLittlejohnApp State,2026,Brayshawn,Littlejohn,LB,App State,Florida International,2026-01-10T16:05:00.000Z,0.85,3.0,Immediate
5085107,Karson,Hobbs,DB,Notre Dame,KarsonHobbsNotre Dame,2026,Karson,Hobbs,CB,Notre Dame,Florida State,2026-01-09T19:54:00.000Z,0.87,3.0,Immediate
5085112,Emmett,Brown,QB,Coastal Carolina,EmmettBrownCoastal Carolina,2026,Emmett,Brown,QB,Coastal Carolina,,2026-01-06T20:52:00.000Z,,3.0,Immediate
5085116,Peter,Eyabi,DE,Wyoming,PeterEyabiWyoming,2026,Peter,Eyabi,EDGE,Wyoming,Indiana State,2026-01-20T13:51:00.000Z,,,Immediate
5085122,Bryson,Lamb,DT,Washington State,BrysonLambWashington State,2026,Bryson,Lamb,DL,Washington State,Iowa State,2026-01-08T00:54:00.000Z,0.85,3.0,Immediate
5085129,Ian,VerSteeg,WR,Wake Forest,IanVerSteegWake Forest,2026,Ian,VerSteeg,WR,Wake Forest,Ohio,2026-01-17T22:11:00.000Z,0.8,3.0,Immediate
5085229,Chiddi,Obiazor,DL,Kansas State,ChiddiObiazorKansas State,2026,Chiddi,Obiazor,EDGE,Kansas State,Indiana,2026-01-05T15:36:00.000Z,0.87,3.0,Immediate
5085238,Marlon,Hauck,PK,Mississippi State,MarlonHauckMississippi State,2026,Marlon,Hauck,K,Mississippi State,Tulsa,2026-01-10T19:05:00.000Z,0.83,3.0,Immediate
5085334,Jaheim,Buchanon,OL,Florida International,JaheimBuchanonFlorida International,2026,Jaheim,Buchanon,IOL,Florida International,TCU,2026-01-08T20:35:21.000Z,0.85,3.0,Immediate
5085337,Keyone,Jenkins,QB,Florida International,KeyoneJenkinsFlorida International,2026,Keyone,Jenkins,QB,Florida International,UCF,2026-01-20T14:42:00.000Z,0.85,3.0,Immediate
5085342,Daniel,Michel,OL,Florida International,DanielMichelFlorida International,2026,Daniel,Michel,OT,Florida International,James Madison,2026-01-10T18:06:00.000Z,,3.0,Immediate
5085348,Jordan,Sample,LB,Arkansas State,JordanSampleArkansas State,2026,Jordan,Sample,LB,Arkansas State,Texas State,2026-01-21T04:48:00.000Z,0.83,3.0,Immediate
5085351,Abram,Murray,PK,California,AbramMurrayCalifornia,2026,Abram,Murray,K,California,UL Monroe,2026-01-22T22:09:00.000Z,0.8,3.0,Immediate
5085356,Austin,Myers,QB,Central Arkansas,AustinMyersCentral Arkansas,2026,Austin,Myers,QB,Central Arkansas,,2025-12-15T17:15:00.000Z,,3.0,Immediate
5085367,Dillon,Williams,DB,Central Arkansas,DillonWilliamsCentral Arkansas,2026,Dillon,Williams,S,Central Arkansas,Abilene Christian,2026-01-24T17:53:00.000Z,0.83,3.0,Immediate
5085378,Zach,Cochnauer,OL,Nevada,ZachCochnauerNevada,2026,Zach,Cochnauer,OT,Nevada,,2026-01-05T19:16:00.000Z,0.87,3.0,Withdrawn
5085390,Davin,Martin,CB,UTSA,DavinMartinUTSA,2026,Davin,Martin,CB,UTSA,Texas Tech,2026-01-05T20:07:00.000Z,0.87,3.0,Immediate
5085436,Hosea,Wheeler,DL,Indiana,HoseaWheelerIndiana,2026,Hosea,Wheeler,DL,Indiana,Baylor,2026-01-22T21:55:00.000Z,0.92,4.0,Immediate
5085498,Zyion,Freer-Brown,LB,Dartmouth,ZyionFreer-BrownDartmouth,2026,Zyion,Freer-Brown,LB,Dartmouth,,2026-01-05T22:55:00.000Z,,,Immediate
5085501,Patrick,Campbell,DB,Dartmouth,PatrickCampbellDartmouth,2026,Patrick,Campbell,CB,Dartmouth,Virginia,2026-02-02T19:02:00.000Z,0.85,3.0,Immediate
5085503,Grayson,O'Bara,WR,Dartmouth,GraysonO'BaraDartmouth,2026,Grayson,O'Bara,WR,Dartmouth,North Texas,2026-01-26T02:20:00.000Z,0.8,3.0,Immediate
5085505,Sean,Ward,TE,Dartmouth,SeanWardDartmouth,2026,Sean,Ward,TE,Dartmouth,Ball State,2026-02-04T17:56:00.000Z,0.83,3.0,Immediate
5085507,D.J.,Crowther,RB,Dartmouth,D.J.CrowtherDartmouth,2026,D.J.,Crowther,RB,Dartmouth,South Florida,2026-01-08T00:20:00.000Z,,3.0,Immediate
5085509,Chris,Corbo,TE,Dartmouth,ChrisCorboDartmouth,2026,Chris,Corbo,TE,Dartmouth,Georgia Tech,2026-01-06T03:04:00.000Z,0.84,3.0,Immediate
5085511,Thaddeus,Gianaris,DE,Dartmouth,ThaddeusGianarisDartmouth,2026,Thaddeus,Gianaris,EDGE,Dartmouth,Wyoming,2026-01-12T16:55:00.000Z,0.8,3.0,Immediate
5085515,Maxwell,Wentz,OL,Dartmouth,MaxwellWentzDartmouth,2026,Maxwell,Wentz,IOL,Dartmouth,Ball State,2026-02-04T19:01:00.000Z,0.82,3.0,Immediate
5085517,Vasean,Washington,OL,Dartmouth,VaseanWashingtonDartmouth,2026,Vasean,Washington,OT,Dartmouth,Ohio State,2026-01-28T17:41:43.000Z,0.85,3.0,Immediate
5085573,Duhron,Goodman,S,Washington State,DuhronGoodmanWashington State,2026,Duhron,Goodman,S,Washington State,Iowa State,2026-01-05T21:27:00.000Z,0.85,3.0,Immediate
5085609,TreyShun,Hurry,WR,Louisville,TreyShunHurryLouisville,2026,TreyShun,Hurry,WR,Louisville,,2026-01-01T16:00:00.000Z,,,Immediate
5085616,Montae,Pate,CB,Weber State,MontaePateWeber State,2026,Montae,Pate,CB,Weber State,Northwestern,2026-01-12T17:32:13.000Z,0.85,3.0,Immediate
5085622,Matt,Herron,DL,Weber State,MattHerronWeber State,2026,Matt,Herron,DL,Weber State,Wake Forest,2026-01-12T21:07:00.000Z,0.84,3.0,Immediate
5085627,Lavaka,Taukeiaho,OL,Oklahoma State,LavakaTaukeiahoOklahoma State,2026,Lavaka,Taukeiaho,IOL,Oklahoma State,San José State,2026-01-20T04:54:00.000Z,0.85,3.0,Immediate
5085685,Taj,Hughes,RB,Drake,TajHughesDrake,2026,Taj,Hughes,WR,Drake,Northern Iowa,2026-02-27T16:21:00.000Z,,,Immediate
5085690,Sean,Allison,LB,Drake,SeanAllisonDrake,2026,Sean,Allison,LB,Drake,Rutgers,2026-02-28T03:14:00.000Z,0.84,3.0,Immediate
5085723,Udoka,Ezeani,DL,UTEP,UdokaEzeaniUTEP,2026,Udoka,Ezeani,EDGE,UTEP,North Texas,2026-01-22T02:25:00.000Z,0.84,3.0,Immediate
5085733,Cash,Hudson,OL,Missouri State,CashHudsonMissouri State,2026,Cash,Hudson,IOL,Missouri State,South Florida,2026-01-12T15:41:00.000Z,0.85,3.0,Immediate
5085755,Keith,Moko,DB,Western Illinois,KeithMokoWestern Illinois,2026,Keith,Moko,CB,Western Illinois,,2025-12-31T18:31:00.000Z,,2.0,Immediate
5085759,Dalesean,Staley,S,San Diego State,DaleseanStaleySan Diego State,2026,Dalesean,Staley,S,San Diego State,,2026-01-11T19:48:00.000Z,0.85,3.0,Withdrawn
5085766,Gavin,Proudfoot,OL,Northern Iowa,GavinProudfootNorthern Iowa,2026,Gavin,Proudfoot,OT,Northern Iowa,Iowa State,2026-01-04T04:09:02.000Z,0.84,3.0,Immediate
5085779,Jalen,Lee,S,South Dakota State,JalenLeeSouth Dakota State,2026,Jalen,Lee,S,South Dakota State,Coastal Carolina,2026-01-09T21:39:46.000Z,0.86,3.0,Immediate
5085800,Shalik,Hubbard,OL,Monmouth,ShalikHubbardMonmouth,2026,Shalik,Hubbard,IOL,Monmouth,South Alabama,2026-01-17T12:04:06.000Z,0.83,3.0,Immediate
5085803,Gavin,Nelson,WR,Monmouth,GavinNelsonMonmouth,2026,Gavin,Nelson,WR,Monmouth,,2026-01-27T23:03:38.000Z,0.86,3.0,Withdrawn
5085864,Eli,Brasher,OT,Furman,EliBrasherFurman,2026,Eli,Brasher,OT,Furman,,2025-12-24T15:34:00.000Z,0.8,3.0,Immediate
5085935,Charles,Perkins,DL,Wisconsin,CharlesPerkinsWisconsin,2026,Charles,Perkins,DL,Wisconsin,,2026-01-10T05:38:07.000Z,,,Withdrawn
5086030,Chase,Barry,P,Oklahoma State,ChaseBarryOklahoma State,2026,Chase,Barry,P,Oklahoma State,UCLA,2026-01-13T14:45:26.000Z,0.83,3.0,Immediate
5086034,Cam,Edwards,RB,UConn,CamEdwardsUConn,2026,Cam,Edwards,RB,UConn,Michigan State,2026-01-07T17:35:00.000Z,0.86,3.0,Immediate
5086035,Lee,Molette III,S,UConn,LeeMolette IIIUConn,2026,Lee,Molette III,S,UConn,Arizona,2026-01-13T23:05:00.000Z,0.86,3.0,Immediate
5086070,Paul,Hutson III,DL,Marshall,PaulHutson IIIMarshall,2026,Paul,Hutson III,EDGE,Marshall,Washington State,2026-01-12T23:14:00.000Z,0.85,3.0,Immediate
5086080,Tre,Bell,CB,Iowa State,TreBellIowa State,2026,Tre,Bell,CB,Iowa State,Michigan State,2026-01-05T16:35:00.000Z,0.87,3.0,Immediate
5086096,Lawayne,McCoy,WR,Florida State,LawayneMcCoyFlorida State,2026,Lawayne,McCoy,WR,Florida State,Louisville,2026-01-11T21:19:00.000Z,0.92,4.0,Immediate
5086097,Jaheim,Merriweather,RB,Purdue,JaheimMerriweatherPurdue,2026,Jaheim,Merriweather,RB,Purdue,Troy,2026-01-17T19:44:00.000Z,0.84,3.0,Immediate
5086109,Jeremiah,Bailey,DL,Eastern Kentucky,JeremiahBaileyEastern Kentucky,2026,Jeremiah,Bailey,EDGE,Eastern Kentucky,UTSA,2026-01-14T22:14:00.000Z,0.84,3.0,Immediate
5086117,Brad,Gurley Jr.,DT,Eastern Kentucky,BradGurley Jr.Eastern Kentucky,2026,Brad,Gurley Jr.,DL,Eastern Kentucky,UCF,2026-01-14T23:07:00.000Z,0.85,3.0,Immediate
5086143,Ben,Bogle,LB,West Virginia,BenBogleWest Virginia,2026,Ben,Bogle,LB,West Virginia,Arkansas,2026-01-11T20:00:00.000Z,0.87,3.0,Immediate
5086150,Ryan,Schwendeman,TE,Southern Illinois,RyanSchwendemanSouthern Illinois,2026,Ryan,Schwendeman,TE,Southern Illinois,Wisconsin,2026-01-04T14:44:00.000Z,0.85,3.0,Immediate
5086156,Danny,Lauter,QB,Georgetown,DannyLauterGeorgetown,2026,Danny,Lauter,QB,Georgetown,Syracuse,2026-01-16T11:45:00.000Z,0.84,3.0,Immediate
5086168,Trevor,Swan,OL,Georgetown,TrevorSwanGeorgetown,2026,Trevor,Swan,OT,Georgetown,Central Michigan,2026-01-09T21:35:00.000Z,,,Immediate
5086169,Losini,Maka,OL,Georgetown,LosiniMakaGeorgetown,2026,Losini,Maka,IOL,Georgetown,Central Michigan,2026-01-09T21:40:00.000Z,,,Immediate
5086178,Max,McCormick,TE,Georgetown,MaxMcCormickGeorgetown,2026,Max,McCormick,TE,Georgetown,,2025-12-24T19:28:00.000Z,,,Immediate
5086180,Mateen,Ibirogba,DL,Wake Forest,MateenIbirogbaWake Forest,2026,Mateen,Ibirogba,DL,Wake Forest,Texas Tech,2026-01-07T15:41:03.000Z,0.96,4.0,Immediate
5086188,Marc,Pretto,LB,Northern Illinois,MarcPrettoNorthern Illinois,2026,Marc,Pretto,LB,Northern Illinois,Colorado State,2026-01-21T17:11:00.000Z,0.84,3.0,Immediate
5086204,Matt,Buron,TE,Fordham,MattBuronFordham,2026,Matt,Buron,TE,Fordham,Georgia State,2026-01-08T22:43:08.000Z,,,Immediate
5086235,Jordan,Kelly,WR,Central Michigan,JordanKellyCentral Michigan,2026,Jordan,Kelly,WR,Central Michigan,,2026-01-17T00:39:00.000Z,,3.0,Immediate
5086240,Donovan,Green,TE,LSU,DonovanGreenLSU,2026,Donovan,Green,TE,LSU,Oklahoma State,2026-01-08T16:46:00.000Z,0.86,3.0,Immediate
5086373,Ike,Esonwune,LB,Oklahoma State,IkeEsonwuneOklahoma State,2026,Ike,Esonwune,LB,Oklahoma State,UAB,2026-01-13T19:13:00.000Z,0.84,3.0,Immediate
5086378,Diore,Hubbard,RB,West Virginia,DioreHubbardWest Virginia,2026,Diore,Hubbard,RB,West Virginia,Wyoming,2026-01-25T19:00:00.000Z,0.85,3.0,Immediate
5086379,Brandon,Hood,RB,Massachusetts,BrandonHoodMassachusetts,2026,Brandon,Hood,RB,Massachusetts,Southern Miss,2026-01-19T21:19:00.000Z,0.84,3.0,Immediate
5086446,Cahari,Haynes,LB,Gardner-Webb,CahariHaynesGardner-Webb,2026,Cahari,Haynes,LB,Gardner-Webb,,2026-02-03T14:30:00.000Z,0.84,3.0,Withdrawn
5086452,Koy,Beasley,S,Miami (OH),KoyBeasleyMiami (OH),2026,Koy,Beasley,S,Miami (OH),Kansas State,2026-01-05T19:52:00.000Z,0.86,3.0,Immediate
5086464,Lonnie,Adkism,WR,Sam Houston,LonnieAdkismSam Houston,2026,Lonnie,Adkism,WR,Sam Houston,,2025-12-07T21:26:00.000Z,,3.0,Immediate
5086467,Ben,Minich,DB,Notre Dame,BenMinichNotre Dame,2026,Ben,Minich,S,Notre Dame,Miami (OH),2026-01-08T15:08:24.000Z,,4.0,Immediate
5086470,Keion,Dunlap,LB,Troy,KeionDunlapTroy,2026,Keion,Dunlap,S,Troy,,2025-12-22T05:48:00.000Z,,3.0,Immediate
5086498,Jaylen,Jones,S,Georgia State,JaylenJonesGeorgia State,2026,Jaylen,Jones,S,Georgia State,Virginia,2026-01-10T16:22:00.000Z,0.86,3.0,Immediate
5086520,Jesse,Powell II,DB,Elon,JessePowell IIElon,2026,Jesse,Powell II,LB,Elon,Coastal Carolina,2026-01-17T00:28:00.000Z,0.84,3.0,Immediate
5086522,Ishmel,Atkins,CB,Elon,IshmelAtkinsElon,2026,Ishmel,Atkins,CB,Elon,Sam Houston,2026-01-20T16:37:00.000Z,0.85,3.0,Immediate
5086530,Marco,Patierno,LB,Eastern Michigan,MarcoPatiernoEastern Michigan,2026,Marco,Patierno,LB,Eastern Michigan,,2025-12-19T18:45:00.000Z,,,Immediate
5086537,Ahmarion,McLeod,OL,Elon,AhmarionMcLeodElon,2026,Ahmarion,McLeod,IOL,Elon,,2025-12-04T21:45:00.000Z,,,Immediate
5086607,Mikey,Welsh,WR,San Diego State,MikeyWelshSan Diego State,2026,Mikey,Welsh,WR,San Diego State,,2025-12-31T04:34:00.000Z,,,Immediate
5086619,Jarrett,Reeser,PK,Boise State,JarrettReeserBoise State,2026,Jarrett,Reeser,P,Boise State,,2025-12-25T04:12:00.000Z,,,Immediate
5086629,Rex,Haynes,WR,Arizona,RexHaynesArizona,2026,Rex,Haynes,WR,Arizona,Utah State,2026-01-11T19:43:00.000Z,0.82,3.0,Immediate
5086631,Devin,Dunn,DB,Arizona,DevinDunnArizona,2026,Devin,Dunn,S,Arizona,Montana,2026-01-16T15:18:00.000Z,,,Immediate
5086818,Asher,Tomaszewski,DT,Kansas State,AsherTomaszewskiKansas State,2026,Asher,Tomaszewski,DL,Kansas State,Adams,2026-01-17T16:48:00.000Z,,3.0,Immediate
5086979,Ish,Findlayter,DL,Duquesne,IshFindlayterDuquesne,2026,Ish,Findlayter,DL,Duquesne,Oregon State,2026-01-08T21:58:12.000Z,0.85,3.0,Immediate
5087060,Ethan,Malafa,TE,Butler,EthanMalafaButler,2026,Ethan,Malafa,TE,Butler,Toledo,2026-01-08T19:40:00.000Z,,,Immediate
5087069,Max,Mosey,WR,Holy Cross,MaxMoseyHoly Cross,2026,Max,Mosey,WR,Holy Cross,Rice,2026-01-13T20:56:00.000Z,0.85,3.0,Immediate
5087079,Joe,Metzger,OL,Holy Cross,JoeMetzgerHoly Cross,2026,Joe,Metzger,IOL,Holy Cross,,2026-01-11T02:30:59.000Z,0.82,3.0,Withdrawn
5087083,Christian,Ross,DL,Holy Cross,ChristianRossHoly Cross,2026,Christian,Ross,EDGE,Holy Cross,South Alabama,2026-05-07T13:49:00.000Z,,,Immediate
5087131,Ty,Howard,LB,Ohio State,TyHowardOhio State,2026,Ty,Howard,S,Ohio State,,2026-01-10T16:28:00.000Z,,,Immediate
5087158,Jaquise,Alexander,CB,North Dakota State,JaquiseAlexanderNorth Dakota State,2026,Jaquise,Alexander,CB,North Dakota State,Delaware,2026-01-11T02:01:00.000Z,0.84,3.0,Immediate
5087172,Nathaniel,Staehling,LB,North Dakota State,NathanielStaehlingNorth Dakota State,2026,Nathaniel,Staehling,LB,North Dakota State,Michigan,2026-01-16T16:19:00.000Z,0.86,3.0,Immediate
5087182,Toby,Anene,DE,North Dakota State,TobyAneneNorth Dakota State,2026,Toby,Anene,EDGE,North Dakota State,Colorado,2026-01-05T23:18:00.000Z,0.87,3.0,Immediate
5087192,Antonio,Bluiett,DB,North Dakota,AntonioBluiettNorth Dakota,2026,Antonio,Bluiett,CB,North Dakota,Utah State,2026-02-04T16:06:00.000Z,0.86,3.0,Immediate
5087223,MJ,Cannon,DB,Bowling Green,MJCannonBowling Green,2026,MJ,Cannon,CB,Bowling Green,Cincinnati,2026-01-04T21:02:00.000Z,0.87,3.0,Immediate
5087240,Eddie,Kasper,WR,Illinois State,EddieKasperIllinois State,2026,Eddie,Kasper,WR,Illinois State,Illinois,2026-03-05T01:56:00.000Z,0.85,3.0,Immediate
5087651,Joenel,Figueroa,DB,West Georgia,JoenelFigueroaWest Georgia,2026,Joenel,Figueroa,S,West Georgia,Hawai'i,2026-01-14T01:14:00.000Z,0.84,3.0,Immediate
5087707,Jareb,Ramos,DT,Montana,JarebRamosMontana,2026,Jareb,Ramos,DL,Montana,Iowa State,2026-01-14T01:28:37.000Z,0.85,3.0,Immediate
5087747,Jayce,Freeman,WR,Stony Brook,JayceFreemanStony Brook,2026,Jayce,Freeman,WR,Stony Brook,Temple,2026-01-07T15:52:00.000Z,0.86,3.0,Immediate
5087930,Jamill,Williams,WR,Albany State,JamillWilliamsAlbany State,2026,Jamill,Williams,WR,Albany State,Jacksonville State,2026-01-12T22:23:00.000Z,0.84,3.0,Immediate
5087950,Kingston,Lopa,DB,Oregon,KingstonLopaOregon,2026,Kingston,Lopa,S,Oregon,California,2026-01-05T12:16:00.000Z,0.9,4.0,Immediate
5088134,Dru,McClough,OL,East Carolina,DruMcCloughEast Carolina,2026,Dru,McClough,IOL,East Carolina,Presbyterian,2026-07-01T12:37:00.000Z,,,Immediate
5088148,Boyce,Bankhead,LB,Presbyterian,BoyceBankheadPresbyterian,2026,Boyce,Bankhead,LB,Presbyterian,,2025-11-27T23:49:00.000Z,,,Immediate
5088234,Tolu,Olajide,OL,New Hampshire,ToluOlajideNew Hampshire,2026,Tolu,Olajide,OT,New Hampshire,Wake Forest,2026-01-06T19:50:29.000Z,0.85,3.0,Immediate
5088336,Makai,Jackson,WR,Indiana,MakaiJacksonIndiana,2026,Makai,Jackson,WR,Indiana,Liberty,2026-01-05T12:28:00.000Z,0.86,3.0,Immediate
5088418,Tyler,Ebel,P,South Dakota,TylerEbelSouth Dakota,2026,Tyler,Ebel,P,South Dakota,Vanderbilt,2026-01-07T20:41:00.000Z,,,Immediate
5088514,Zander,Esty,OL,Oregon State,ZanderEstyOregon State,2026,Zander,Esty,IOL,Oregon State,Boise State,2026-01-19T16:41:00.000Z,0.84,3.0,Immediate
5088584,Ben,Marshall,TE,California,BenMarshallCalifornia,2026,Ben,Marshall,TE,California,Austin Peay,2026-01-17T15:05:00.000Z,,3.0,Immediate
5088585,Jarra,Anderson,DT,Arizona,JarraAndersonArizona,2026,Jarra,Anderson,DL,Arizona,Sam Houston,2026-01-12T16:56:00.000Z,0.85,3.0,Immediate
5088773,Maverick,Gracio,DE,Pittsburgh,MaverickGracioPittsburgh,2026,Maverick,Gracio,EDGE,Pittsburgh,Ball State,2026-01-10T23:49:00.000Z,0.84,3.0,Immediate
5088809,Makai,Saina,OL,USC,MakaiSainaUSC,2026,Makai,Saina,IOL,USC,Purdue,2026-01-05T22:52:00.000Z,0.85,3.0,Immediate
5088857,Devon,Anderson,LB,Central Connecticut,DevonAndersonCentral Connecticut,2026,Devon,Anderson,S,Central Connecticut,Lamar,2026-01-18T15:49:00.000Z,,,Immediate
5088938,Ilya,Uvaydov,PK,Utah Tech,IlyaUvaydovUtah Tech,2026,Ilya,Uvaydov,K,Utah Tech,New Mexico State,2026-01-12T18:47:00.000Z,,,Immediate
5088952,Eric,Olsen,TE,Utah Tech,EricOlsenUtah Tech,2026,Eric,Olsen,TE,Utah Tech,Oregon State,2026-01-07T18:40:29.000Z,0.84,3.0,Immediate
5089023,Adrian,Maddox,S,Georgia,AdrianMaddoxGeorgia,2026,Adrian,Maddox,S,Georgia,Kansas State,2026-01-12T17:54:00.000Z,0.86,3.0,Immediate
5089062,BJ,Diakite,DE,North Alabama,BJDiakiteNorth Alabama,2026,BJ,Diakite,EDGE,North Alabama,Utah State,2026-02-04T18:47:00.000Z,0.83,3.0,Immediate
5089172,Jadais,Richard,DB,Miami,JadaisRichardMiami,2026,Jadais,Richard,CB,Miami,Tennessee,2026-01-22T20:19:00.000Z,0.86,3.0,Immediate
5089182,CJ,Nelson,WR,Eastern Illinois,CJNelsonEastern Illinois,2026,CJ,Nelson,WR,Eastern Illinois,Ball State,2026-02-04T15:48:00.000Z,,3.0,Immediate
5089262,Brayden,Hall,DB,Central Connecticut,BraydenHallCentral Connecticut,2026,Brayden,Hall,CB,Central Connecticut,Marshall,2026-01-19T15:45:00.000Z,0.85,3.0,Immediate
5089293,Tyler,Keinath,OL,Boise State,TylerKeinathBoise State,2026,Tyler,Keinath,IOL,Boise State,New Mexico State,2026-01-21T02:49:00.000Z,0.85,3.0,Immediate
5089304,Tahjae,Mullix,DL,Oregon State,TahjaeMullixOregon State,2026,Tahjae,Mullix,DL,Oregon State,UConn,2026-01-12T15:14:00.000Z,,,Immediate
5089328,Michael,Kern,P,California,MichaelKernCalifornia,2026,Michael,Kern,P,California,New Mexico,2026-02-02T02:18:00.000Z,,3.0,Immediate
5089367,Niko,Paic,OL,Valparaiso,NikoPaicValparaiso,2026,Niko,Paic,IOL,Valparaiso,East Carolina,2026-04-23T19:41:00.000Z,0.8,3.0,Immediate
5089446,Upton,Bellenfant,PK,Texas Tech,UptonBellenfantTexas Tech,2026,Upton,Bellenfant,K,Texas Tech,South Carolina,2026-01-08T20:31:38.000Z,,,Immediate
5089540,Cole,Gonzales,QB,Pittsburgh,ColeGonzalesPittsburgh,2026,Cole,Gonzales,QB,Pittsburgh,Charlotte,2026-01-08T00:06:00.000Z,,,Immediate
5089541,Ken,Moore Jr.,DB,Western Carolina,KenMoore Jr.Western Carolina,2026,Ken,Moore Jr.,S,Western Carolina,,2026-02-28T04:22:44.000Z,0.83,3.0,Withdrawn
5089549,Malik,Knight,WR,Western Carolina,MalikKnightWestern Carolina,2026,Malik,Knight,WR,Western Carolina,Pittsburgh,2026-01-07T20:49:59.000Z,0.83,3.0,Immediate
5089561,Antarron,Turner,LB,Wisconsin,AntarronTurnerWisconsin,2026,Antarron,Turner,LB,Wisconsin,Colorado State,2026-01-11T12:54:00.000Z,,,Immediate
5089562,Justin,Wallace,DL,Western Carolina,JustinWallaceWestern Carolina,2026,Justin,Wallace,EDGE,Western Carolina,Memphis,2026-01-19T02:19:00.000Z,0.83,3.0,Immediate
5089578,Wisdom,Simms,DL,North Carolina Central,WisdomSimmsNorth Carolina Central,2026,Wisdom,Simms,DL,North Carolina Central,Purdue,2026-01-04T22:49:00.000Z,0.85,3.0,Immediate
5089860,Chance,Williams,RB,Cincinnati,ChanceWilliamsCincinnati,2026,Chance,Williams,RB,Cincinnati,Charlotte,2026-01-11T02:33:00.000Z,,3.0,Immediate
5089863,Norey,Johnson,DB,Houston Christian,NoreyJohnsonHouston Christian,2026,Norey,Johnson,S,Houston Christian,Kent State,2026-01-12T15:48:00.000Z,0.82,3.0,Immediate
5091252,Travon,Sylvester,DL,UTSA,TravonSylvesterUTSA,2026,Travon,Sylvester,DL,UTSA,Stephen F. Austin,2026-01-21T00:47:15.000Z,,,Immediate
5091355,Tristian,Smith,OL,Arkansas State,TristianSmithArkansas State,2026,Tristian,Smith,IOL,Arkansas State,,2026-01-16T20:54:52.000Z,0.85,3.0,Withdrawn
5091764,Ismael,Zamor,WR,Boston College,IsmaelZamorBoston College,2026,Ismael,Zamor,WR,Boston College,,2026-01-06T18:19:00.000Z,,3.0,Immediate
5091783,Jason,Hewlett Jr.,LB,Boston College,JasonHewlett Jr.Boston College,2026,Jason,Hewlett Jr.,LB,Boston College,,2025-12-02T23:03:00.000Z,0.85,3.0,Immediate
5091788,Aaron,Sears,DB,Stephen F. Austin,AaronSearsStephen F. Austin,2026,Aaron,Sears,CB,Stephen F. Austin,Georgia Southern,2026-01-18T21:37:00.000Z,0.85,3.0,Immediate
5091820,Kasen,Carpenter,OL,Oklahoma State,KasenCarpenterOklahoma State,2026,Kasen,Carpenter,IOL,Oklahoma State,Kansas,2026-01-10T22:23:00.000Z,0.86,3.0,Immediate
5091832,Jayden,Marable,DL,Memphis,JaydenMarableMemphis,2026,Jayden,Marable,DL,Memphis,Eastern Kentucky,2026-01-16T06:00:00.000Z,0.83,3.0,Immediate
5091833,Donovan,Nevils,DL,Memphis,DonovanNevilsMemphis,2026,Donovan,Nevils,DL,Memphis,,2026-01-02T18:33:00.000Z,,3.0,Immediate
5091834,Chris,Pearson,LB,Arkansas State,ChrisPearsonArkansas State,2026,Chris,Pearson,LB,Arkansas State,,2025-12-24T17:46:00.000Z,,3.0,Immediate
5091835,Parker,Peterson,OL,Memphis,ParkerPetersonMemphis,2026,Parker,Peterson,OT,Memphis,Furman,2026-01-23T05:45:00.000Z,,3.0,Immediate
5091836,Jaxon,Potter,QB,Washington State,JaxonPotterWashington State,2026,Jaxon,Potter,QB,Washington State,Old Dominion,2026-01-09T06:00:00.000Z,0.85,3.0,Immediate
5091842,Isaiah,Thomison,DL,Bowling Green,IsaiahThomisonBowling Green,2026,Isaiah,Thomison,DL,Bowling Green,Illinois,2026-01-17T16:57:00.000Z,0.86,3.0,Immediate
5091845,Zeke,Wimbush,TE,Virginia Tech,ZekeWimbushVirginia Tech,2026,Zeke,Wimbush,TE,Virginia Tech,,2025-12-30T16:48:00.000Z,,3.0,Immediate
5091891,Lamar,Sperling,RB,Buffalo,LamarSperlingBuffalo,2026,Lamar,Sperling,RB,Buffalo,UTEP,2026-02-03T16:30:00.000Z,0.83,3.0,Immediate
5091893,Henry,Tabansi,OL,Buffalo,HenryTabansiBuffalo,2026,Henry,Tabansi,OT,Buffalo,UCF,2026-01-06T22:58:00.000Z,0.86,3.0,Immediate
5092199,Tate,Romney,LB,Arizona State,TateRomneyArizona State,2026,Tate,Romney,LB,Arizona State,Oklahoma State,2026-01-08T15:55:00.000Z,0.85,3.0,Immediate
5092215,Caleb,McGrath,P,Minnesota,CalebMcGrathMinnesota,2026,Caleb,McGrath,P,Minnesota,North Dakota State,2026-01-11T03:43:00.000Z,,2.0,Immediate
5092216,Gabe,Russo,P,Idaho State,GabeRussoIdaho State,2026,Gabe,Russo,P,Idaho State,Pittsburgh,2026-01-09T23:43:00.000Z,,2.0,Immediate
5092217,Gianni,Spetic,PK,Memphis,GianniSpeticMemphis,2026,Gianni,Spetic,K,Memphis,Texas,2026-01-04T23:17:00.000Z,,2.0,Immediate
5092218,Tristan,Alvano,PK,Nebraska,TristanAlvanoNebraska,2026,Tristan,Alvano,K,Nebraska,South Dakota State,2026-01-13T01:02:00.000Z,,3.0,Immediate
5092234,David,Bird,LS,Alabama,DavidBirdAlabama,2026,David,Bird,LS,Alabama,California,2026-02-04T18:34:00.000Z,,,Immediate
5092238,Chris,D'Appolonia,LB,Toledo,ChrisD'AppoloniaToledo,2026,Chris,D'Appolonia,LB,Toledo,Syracuse,2026-01-08T17:33:00.000Z,0.86,3.0,Immediate
5092245,JJ,Jean-Louis,LB,North Texas,JJJean-LouisNorth Texas,2026,JJ,Jean-Louis,LB,North Texas,,2025-12-28T21:51:00.000Z,,3.0,Immediate
5092256,Cole,Rhett,OL,Toledo,ColeRhettToledo,2026,Cole,Rhett,OT,Toledo,Baylor,2026-01-10T21:56:00.000Z,0.86,3.0,Immediate
5092260,Jalen,Thomeson,S,Ohio,JalenThomesonOhio,2026,Jalen,Thomeson,S,Ohio,San Diego State,2026-01-06T18:10:00.000Z,,2.0,Immediate
5092262,DJ,Waller Jr.,CB,Kentucky,DJWaller Jr.Kentucky,2026,DJ,Waller Jr.,CB,Kentucky,Louisville,2026-01-04T00:02:00.000Z,0.86,3.0,Immediate
5092271,Buom,Jock,LB,California,BuomJockCalifornia,2026,Buom,Jock,LB,California,Wake Forest,2026-01-10T19:52:00.000Z,0.85,3.0,Immediate
5092275,Ty,Dieffenbach,QB,Cal Poly,TyDieffenbachCal Poly,2026,Ty,Dieffenbach,QB,Cal Poly,UCLA,2026-01-10T00:12:00.000Z,0.85,3.0,Immediate
5092287,Muaaz,Byard,LB,Middle Tennessee,MuaazByardMiddle Tennessee,2026,Muaaz,Byard,LB,Middle Tennessee,UAB,2026-01-15T18:15:00.000Z,0.84,3.0,Immediate
5092328,Jahleel,Culbreath,LB,Old Dominion,JahleelCulbreathOld Dominion,2026,Jahleel,Culbreath,LB,Old Dominion,UCF,2026-01-10T15:48:00.000Z,0.85,3.0,Immediate
5092352,Chris,Lofton,WR,Gardner-Webb,ChrisLoftonGardner-Webb,2026,Chris,Lofton,WR,Gardner-Webb,App State,2026-01-11T16:58:00.000Z,,,Immediate
5092397,Landry,Cannon,OL,Tulane,LandryCannonTulane,2026,Landry,Cannon,IOL,Tulane,Arkansas State,2026-02-01T16:27:00.000Z,0.83,3.0,Immediate
5092420,Riley,Robell,OL,James Madison,RileyRobellJames Madison,2026,Riley,Robell,IOL,James Madison,UCLA,2026-01-05T22:24:00.000Z,0.88,3.0,Immediate
5092435,Fitzroy,Ledgister,S,Western Michigan,FitzroyLedgisterWestern Michigan,2026,Fitzroy,Ledgister,CB,Western Michigan,,2026-01-02T16:39:00.000Z,,3.0,Immediate
5092439,David,Onuoha,DL,Massachusetts,DavidOnuohaMassachusetts,2026,David,Onuoha,EDGE,Massachusetts,North Texas,2026-01-27T17:34:00.000Z,0.83,3.0,Immediate
5092440,Ryan,Russo,LB,Monmouth,RyanRussoMonmouth,2026,Ryan,Russo,LB,Monmouth,,2025-11-29T20:06:00.000Z,,,Immediate
5092443,Jordan,Walker,DE,Rutgers,JordanWalkerRutgers,2026,Jordan,Walker,EDGE,Rutgers,Georgia Tech,2026-01-04T14:38:00.000Z,0.87,3.0,Immediate
5092470,Ty,Mims,WR,Texas State,TyMimsTexas State,2026,Ty,Mims,WR,Texas State,UAB,2026-01-15T18:53:00.000Z,0.84,3.0,Immediate
5092546,Jaden,Yates,LB,Ole Miss,JadenYatesOle Miss,2026,Jaden,Yates,LB,Ole Miss,Houston,2026-01-10T19:30:00.000Z,0.86,3.0,Immediate
5092568,Chris,Hudson,DB,UConn,ChrisHudsonUConn,2026,Chris,Hudson,CB,UConn,New Haven,2026-01-24T07:24:00.000Z,,,Immediate
5092615,Sam,Siafa,DT,Penn State,SamSiafaPenn State,2026,Sam,Siafa,DL,Penn State,Delaware,2026-01-28T01:40:00.000Z,0.84,3.0,Immediate
5092666,Trey,Firestone,WR,Ball State,TreyFirestoneBall State,2026,Trey,Firestone,WR,Ball State,,2026-01-02T17:20:00.000Z,,,Immediate
5092668,Hudson,Miller,LB,Toledo,HudsonMillerToledo,2026,Hudson,Miller,LB,Toledo,Purdue,2026-01-11T14:07:00.000Z,0.84,3.0,Immediate
5092690,Kollin,Lewis,CB,North Texas,KollinLewisNorth Texas,2026,Kollin,Lewis,CB,North Texas,Oklahoma State,2026-01-05T14:21:00.000Z,0.86,3.0,Immediate
5092692,Billy,Gilmore,OL,Troy,BillyGilmoreTroy,2026,Billy,Gilmore,IOL,Troy,,2025-12-29T05:47:00.000Z,,,Immediate
5092693,Toluwanimi,Tunde,OL,UConn,ToluwanimiTundeUConn,2026,Toluwanimi,Tunde,OT,UConn,,2026-01-17T05:30:00.000Z,,,Immediate
5092787,Marlion,Jackson,WR,Louisiana Tech,MarlionJacksonLouisiana Tech,2026,Marlion,Jackson,WR,Louisiana Tech,Virginia Tech,2026-01-11T01:24:00.000Z,0.85,3.0,Immediate
5092811,CJ,Miller,RB,Mercer,CJMillerMercer,2026,CJ,Miller,RB,Mercer,Toledo,2026-01-07T15:50:00.000Z,0.85,3.0,Immediate
5092825,Arias,Nash,DL,Virginia Tech,AriasNashVirginia Tech,2026,Arias,Nash,DL,Virginia Tech,Tulsa,2026-01-10T19:00:00.000Z,,,Immediate
5092826,Caden,Camese,DL,Mercer,CadenCameseMercer,2026,Caden,Camese,DL,Mercer,Toledo,2026-01-20T04:59:00.000Z,0.83,3.0,Immediate
5092949,Jalen,Dye,S,Kansas,JalenDyeKansas,2026,Jalen,Dye,S,Kansas,,2026-01-08T15:44:00.000Z,,3.0,Immediate
5092955,Dean,Miller,DE,Kansas,DeanMillerKansas,2026,Dean,Miller,EDGE,Kansas,UCF,2026-06-22T11:59:00.000Z,0.86,3.0,Immediate
5092983,Luke,Shields,WR,Tennessee Tech,LukeShieldsTennessee Tech,2026,Luke,Shields,WR,Tennessee Tech,Furman,2026-01-23T05:43:00.000Z,,,Immediate
5092989,Cavan,Tuley,EDGE,Houston,CavanTuleyHouston,2026,Cavan,Tuley,EDGE,Houston,Missouri,2026-01-13T17:37:00.000Z,0.83,3.0,Immediate
5093187,Javen,Augustus,DE,Coastal Carolina,JavenAugustusCoastal Carolina,2026,Javen,Augustus,EDGE,Coastal Carolina,Idaho,2026-01-27T20:09:50.000Z,,3.0,Immediate
5093193,Shaun,Myers,LB,Colorado,ShaunMyersColorado,2026,Shaun,Myers,LB,Colorado,UAB,2026-01-12T18:12:00.000Z,0.86,3.0,Immediate
5093198,Garrick,Ponder,LB,Southern Miss,GarrickPonderSouthern Miss,2026,Garrick,Ponder,EDGE,Southern Miss,Baylor,2026-01-10T02:04:13.000Z,0.88,3.0,Immediate
5093213,Mickel,Clay,OL,West Virginia,MickelClayWest Virginia,2026,Mickel,Clay,OT,West Virginia,,2026-01-12T22:50:00.000Z,,,Immediate
5093214,Raykwon,Goldthwaite,OL,North Alabama,RaykwonGoldthwaiteNorth Alabama,2026,Raykwon,Goldthwaite,OT,North Alabama,Old Dominion,2026-01-18T20:22:00.000Z,0.85,3.0,Immediate
5093222,Corey,Clark,DL,Mississippi State,CoreyClarkMississippi State,2026,Corey,Clark,DL,Mississippi State,,2025-12-08T17:16:00.000Z,,,Immediate
5093333,Amare,Campbell,LB,Penn State,AmareCampbellPenn State,2026,Amare,Campbell,LB,Penn State,Tennessee,2026-01-10T02:30:00.000Z,0.87,3.0,Immediate
5093334,Myles,Bradley,DE,Bowling Green,MylesBradleyBowling Green,2026,Myles,Bradley,EDGE,Bowling Green,,2026-01-11T18:52:00.000Z,,,Withdrawn
5093829,Javen,Johnson,NT,Coastal Carolina,JavenJohnsonCoastal Carolina,2026,Javen,Johnson,DL,Coastal Carolina,,2026-01-06T20:52:00.000Z,,,Immediate
5093939,Lavon,Williams,DB,East Texas A&M,LavonWilliamsEast Texas A&M,2026,Lavon,Williams,S,East Texas A&M,Illinois,2026-01-04T16:29:00.000Z,0.86,3.0,Immediate
5093976,Chandler,Donaway,OL,East Texas A&M,ChandlerDonawayEast Texas A&M,2026,Chandler,Donaway,IOL,East Texas A&M,Wyoming,2026-01-12T21:35:00.000Z,0.84,3.0,Immediate
5093983,Nonso,Omezi,OL,Houston Christian,NonsoOmeziHouston Christian,2026,Nonso,Omezi,IOL,Houston Christian,Western Kentucky,2026-01-10T18:33:00.000Z,0.83,3.0,Immediate
5094031,Leo,Bluhm,OL,Yale,LeoBluhmYale,2026,Leo,Bluhm,IOL,Yale,Rice,2026-01-13T16:52:00.000Z,0.83,3.0,Immediate
5094032,Nico,Brown,WR,Yale,NicoBrownYale,2026,Nico,Brown,WR,Yale,Stanford,2026-01-21T22:17:00.000Z,0.86,3.0,Immediate
5094035,Wilhelm,Daal II,RB,Yale,WilhelmDaal IIYale,2026,Wilhelm,Daal II,RB,Yale,Duke,2026-01-13T06:00:00.000Z,0.86,3.0,Immediate
5094038,Ezekiel,Larry,DE,Yale,EzekielLarryYale,2026,Ezekiel,Larry,EDGE,Yale,Virginia,2026-01-09T23:10:08.000Z,0.83,3.0,Immediate
5094040,Brogan,McCaughey,QB,Yale,BroganMcCaugheyYale,2026,Brogan,McCaughey,QB,Yale,Eastern Michigan,2026-02-20T21:12:00.000Z,0.83,3.0,Immediate
5094047,Joshua,Tarver,DB,Yale,JoshuaTarverYale,2026,Joshua,Tarver,S,Yale,Furman,2026-01-23T05:46:00.000Z,0.83,3.0,Immediate
5094086,Gavin,Taylor,DE,Central Connecticut,GavinTaylorCentral Connecticut,2026,Gavin,Taylor,EDGE,Central Connecticut,,2026-01-13T19:07:00.000Z,0.8,3.0,Immediate
5094088,Cristiano,Rosa,PK,James Madison,CristianoRosaJames Madison,2026,Cristiano,Rosa,K,James Madison,Penn State,2026-01-16T20:40:00.000Z,,,Immediate
5094689,Nikhil,Webb Walker,DE,Colorado,NikhilWebb WalkerColorado,2026,Nikhil,Webb Walker,EDGE,Colorado,,2026-01-02T16:14:00.000Z,,,Immediate
5095071,Darius,Johnson Jr.,DB,Gardner-Webb,DariusJohnson Jr.Gardner-Webb,2026,Darius,Johnson Jr.,CB,Gardner-Webb,Georgia State,2026-01-12T19:26:00.000Z,0.85,3.0,Immediate
5095078,Mel,Brown,RB,UConn,MelBrownUConn,2026,Mel,Brown,RB,UConn,Colorado State,2026-01-07T21:12:00.000Z,0.85,3.0,Immediate
5095081,Jecari,Bryson,DB,Gardner-Webb,JecariBrysonGardner-Webb,2026,Jecari,Bryson,LB,Gardner-Webb,Kennesaw State,2026-01-21T17:24:00.000Z,0.84,3.0,Immediate
5095089,Aaron,McIver,OL,Gardner-Webb,AaronMcIverGardner-Webb,2026,Aaron,McIver,IOL,Gardner-Webb,Western Carolina,2026-01-15T13:16:00.000Z,0.84,3.0,Immediate
5095096,AJ,Johnson,WR,UAB,AJJohnsonUAB,2026,AJ,Johnson,WR,UAB,,2026-01-09T19:06:00.000Z,,3.0,Withdrawn
5095138,Trevor,Wilson,TE,Campbell,TrevorWilsonCampbell,2026,Trevor,Wilson,TE,Campbell,Buffalo,2026-01-18T15:40:00.000Z,0.82,3.0,Immediate
5095224,Tahj,Owens,DB,Princeton,TahjOwensPrinceton,2026,Tahj,Owens,S,Princeton,Western Michigan,2026-01-20T17:15:00.000Z,0.84,3.0,Immediate
5095228,Scott,Becker,OL,Princeton,ScottBeckerPrinceton,2026,Scott,Becker,IOL,Princeton,Rice,2026-01-15T19:20:00.000Z,0.83,3.0,Immediate
5095242,Cyrus,Ellison,TE,South Carolina State,CyrusEllisonSouth Carolina State,2026,Cyrus,Ellison,TE,South Carolina State,Coastal Carolina,2026-01-18T03:32:00.000Z,0.83,3.0,Immediate
5095360,Eric,Singleton Jr.,WR,Auburn,EricSingleton Jr.Auburn,2026,Eric,Singleton Jr.,WR,Auburn,Florida,2026-01-11T01:16:34.000Z,0.94,4.0,Immediate
5095816,Malcolm,Reed,DB,North Carolina Central,MalcolmReedNorth Carolina Central,2026,Malcolm,Reed,S,North Carolina Central,,2026-01-03T02:16:00.000Z,,,Immediate
5095861,Max,Lantzsch,DT,New Mexico,MaxLantzschNew Mexico,2026,Max,Lantzsch,TE,New Mexico,,2025-12-31T03:01:00.000Z,,,Immediate
5095915,Moussa,Barry,WR,Western Kentucky,MoussaBarryWestern Kentucky,2026,Moussa,Barry,WR,Western Kentucky,,2025-12-02T15:26:00.000Z,,,Immediate
5096044,Chams,Diagne,CB,Georgia State,ChamsDiagneGeorgia State,2026,Chams,Diagne,CB,Georgia State,West Virginia,2026-01-10T23:20:54.000Z,0.84,3.0,Immediate
5096394,Jackson,Thomas,WR,Troy,JacksonThomasTroy,2026,Jackson,Thomas,WR,Troy,,2025-12-20T05:49:00.000Z,,3.0,Immediate
5096521,Will,Cornelson,LB,Idaho,WillCornelsonIdaho,2026,Will,Cornelson,LB,Idaho,Weber State,2026-01-21T13:22:00.000Z,,3.0,Immediate
5096871,Haden,Tessier,P,Coastal Carolina,HadenTessierCoastal Carolina,2026,Haden,Tessier,P,Coastal Carolina,,2026-01-03T15:42:00.000Z,,,Immediate
5096987,Isaiah,Bogerty,LB,Texas Southern,IsaiahBogertyTexas Southern,2026,Isaiah,Bogerty,LB,Texas Southern,UTEP,2026-01-18T19:26:00.000Z,0.82,3.0,Immediate
5096994,Dennis,Jones,OL,Texas Southern,DennisJonesTexas Southern,2026,Dennis,Jones,OT,Texas Southern,San Diego State,2026-01-09T18:44:00.000Z,,,Immediate
5097172,Kouri,Crump,DB,VMI,KouriCrumpVMI,2026,Kouri,Crump,S,VMI,Western Michigan,2026-01-07T03:33:00.000Z,0.84,3.0,Immediate
5097480,Kolin,Dinkins,S,Penn State,KolinDinkinsPenn State,2026,Kolin,Dinkins,S,Penn State,Temple,2026-01-10T21:48:00.000Z,,,Immediate
5098685,Trent,Henry,CB,Troy,TrentHenryTroy,2026,Trent,Henry,CB,Troy,,2026-01-02T13:43:00.000Z,,3.0,Immediate
5098783,Blanche,Gold,DL,Morgan State,BlancheGoldMorgan State,2026,Blanche,Gold,EDGE,Morgan State,UAB,2026-01-19T00:00:00.000Z,0.84,3.0,Immediate
5099305,Antonio,Meeks,WR,Louisville,AntonioMeeksLouisville,2026,Antonio,Meeks,WR,Louisville,Wake Forest,2026-01-15T17:18:00.000Z,0.86,3.0,Immediate
5099704,KD,Dorsey,WR,Georgia Southern,KDDorseyGeorgia Southern,2026,KD,Dorsey,ATH,Georgia Southern,,2026-01-02T04:40:00.000Z,,2.0,Immediate
5099874,Johnnie,Brown III,OL,Georgia Southern,JohnnieBrown IIIGeorgia Southern,2026,Johnnie,Brown III,IOL,Georgia Southern,Louisville,2026-01-07T02:29:10.000Z,0.85,3.0,Immediate
5100519,Nehemiah,Dukes,DL,Ohio,NehemiahDukesOhio,2026,Nehemiah,Dukes,DL,Ohio,,2026-01-07T19:13:00.000Z,0.85,3.0,Withdrawn
5100750,Bryce,LaFollette,P,Towson,BryceLaFolletteTowson,2026,Bryce,LaFollette,P,Towson,Boston College,2026-01-12T20:16:00.000Z,0.84,3.0,Immediate
5101120,Kameron,Howard,DB,Alabama,KameronHowardAlabama,2026,Kameron,Howard,S,Alabama,Boston College,2026-01-07T18:32:00.000Z,0.85,3.0,Immediate
5101129,Darius,Jones,LB,Wake Forest,DariusJonesWake Forest,2026,Darius,Jones,LB,Wake Forest,,2025-12-14T18:11:00.000Z,,3.0,Immediate
5101132,Brayden,Ramey,OL,South Alabama,BraydenRameySouth Alabama,2026,Brayden,Ramey,OT,South Alabama,,2026-01-15T02:10:00.000Z,,3.0,Immediate
5101200,Manasseh,Ripert,OL,Western Carolina,ManassehRipertWestern Carolina,2026,Manasseh,Ripert,OT,Western Carolina,Florida International,2026-01-10T15:49:00.000Z,,,Immediate
5101622,Chance,Harrison,DB,Colorado State,ChanceHarrisonColorado State,2026,Chance,Harrison,CB,Colorado State,Western Illinois,2026-01-19T22:33:00.000Z,,3.0,Immediate
5102026,Phillip,Gray,OL,Richmond,PhillipGrayRichmond,2026,Phillip,Gray,IOL,Richmond,Memphis,2026-01-11T17:09:00.000Z,,2.0,Immediate
5102177,Thomas,Johnson,DL,North Carolina Central,ThomasJohnsonNorth Carolina Central,2026,Thomas,Johnson,EDGE,North Carolina Central,Cincinnati,2026-01-09T18:03:00.000Z,0.86,3.0,Immediate
5102179,Koa,Akui,S,Sacramento State,KoaAkuiSacramento State,2026,Koa,Akui,S,Sacramento State,Rice,2026-01-10T16:52:00.000Z,0.85,3.0,Immediate
5102582,Landon,Bell,WR,Colorado State,LandonBellColorado State,2026,Landon,Bell,WR,Colorado State,City College of San Francisco,2026-03-23T05:00:00.000Z,0.85,3.0,Immediate
5102583,Jaxson,Jones,DE,Utah,JaxsonJonesUtah,2026,Jaxson,Jones,EDGE,Utah,Utah Tech,2026-01-11T17:22:00.000Z,0.85,3.0,Immediate
5102586,Keyon,Cox,OL,Oregon State,KeyonCoxOregon State,2026,Keyon,Cox,OT,Oregon State,UAB,2026-01-09T16:14:00.000Z,0.85,3.0,Immediate
5102910,Keaton,Thomas,LB,Baylor,KeatonThomasBaylor,2026,Keaton,Thomas,LB,Baylor,Ole Miss,2026-01-03T14:05:00.000Z,0.87,3.0,Immediate
5102931,Anthony,Bynum,LB,Middle Tennessee,AnthonyBynumMiddle Tennessee,2026,Anthony,Bynum,EDGE,Middle Tennessee,Georgia Southern,2026-01-12T23:33:00.000Z,0.83,3.0,Immediate
5103176,Ken,Talley,EDGE,Arkansas,KenTalleyArkansas,2026,Ken,Talley,EDGE,Arkansas,UCF,2026-01-12T17:30:00.000Z,0.85,3.0,Immediate
5103576,Kasen,Long,DL,Texas Tech,KasenLongTexas Tech,2026,Kasen,Long,DL,Texas Tech,Utah State,2026-01-27T18:01:00.000Z,0.85,3.0,Immediate
5103798,Daelen,Alexander,RB,Rice,DaelenAlexanderRice,2026,Daelen,Alexander,RB,Rice,Coastal Carolina,2026-01-18T00:32:00.000Z,0.85,3.0,Immediate
5103802,Nazir,Ward,DB,Western Kentucky,NazirWardWestern Kentucky,2026,Nazir,Ward,CB,Western Kentucky,Syracuse,2026-01-11T21:19:00.000Z,0.86,3.0,Immediate
5103804,Brandyn,Hillman,S,Michigan,BrandynHillmanMichigan,2026,Brandyn,Hillman,S,Michigan,Virginia,2026-01-14T21:43:46.000Z,0.88,3.0,Immediate
5104269,Kai,Wheeler,OL,New Mexico State,KaiWheelerNew Mexico State,2026,Kai,Wheeler,IOL,New Mexico State,,2025-12-12T20:53:00.000Z,,,Immediate
5104817,Jackson,Wasserstrom,WR,Indiana,JacksonWasserstromIndiana,2026,Jackson,Wasserstrom,WR,Indiana,,2026-01-15T13:44:00.000Z,,,Withdrawn
5104819,Aden,Cannon,DL,Indiana,AdenCannonIndiana,2026,Aden,Cannon,EDGE,Indiana,Illinois State,2026-01-18T14:07:00.000Z,,,Immediate
5104968,Gabe,Nunez,WR,Southern Utah,GabeNunezSouthern Utah,2026,Gabe,Nunez,WR,Southern Utah,Tennessee Tech,2026-01-21T02:23:00.000Z,0.83,3.0,Immediate
5105334,Jackson,Gilkey,QB,Weber State,JacksonGilkeyWeber State,2026,Jackson,Gilkey,QB,Weber State,Tarleton State,2026-01-22T00:52:00.000Z,,3.0,Immediate
5105677,Taje,McCoy,DE,Oklahoma State,TajeMcCoyOklahoma State,2026,Taje,McCoy,EDGE,Oklahoma State,Georgia Tech,2026-01-11T01:20:00.000Z,0.87,3.0,Immediate
5107875,Cole,Tabb,RB,Stanford,ColeTabbStanford,2026,Cole,Tabb,RB,Stanford,Cincinnati,2026-01-05T19:04:00.000Z,0.85,3.0,Immediate
5107937,Selman,Bridges,DB,Arkansas,SelmanBridgesArkansas,2026,Selman,Bridges,CB,Arkansas,Nevada,2026-01-10T02:41:00.000Z,,4.0,Immediate
5108225,Josiah,Martin,WR,Oklahoma,JosiahMartinOklahoma,2026,Josiah,Martin,WR,Oklahoma,North Texas,2026-01-09T22:19:00.000Z,,3.0,Immediate
5109287,Milt,Ferguson,CB,James Madison,MiltFergusonJames Madison,2026,Milt,Ferguson,CB,James Madison,,2026-01-17T05:12:00.000Z,,3.0,Immediate
5109506,Stephen,Gales,OL,Toledo,StephenGalesToledo,2026,Stephen,Gales,OT,Toledo,,2026-01-30T04:02:36.000Z,0.85,3.0,Withdrawn
5109538,Joey,Farthing,WR,Hawai'i,JoeyFarthingHawai'i,2026,Joey,Farthing,WR,Hawai'i,,2025-12-28T02:49:00.000Z,,2.0,Immediate
5109795,Rae'mon,Mosby,DB,Louisville,Rae'monMosbyLouisville,2026,Rae'mon,Mosby,CB,Louisville,East Carolina,2026-01-08T23:58:00.000Z,,3.0,Immediate
5110101,EJ,Caminong,QB,California,EJCaminongCalifornia,2026,EJ,Caminong,QB,California,,2026-01-17T15:02:43.000Z,0.85,3.0,Withdrawn
5110128,Nikola,Milovac,OL,Kennesaw State,NikolaMilovacKennesaw State,2026,Nikola,Milovac,OT,Kennesaw State,,2026-01-05T02:34:38.000Z,,3.0,Withdrawn
5110445,Daniel,Cruz,OL,Texas,DanielCruzTexas,2026,Daniel,Cruz,IOL,Texas,NC State,2026-01-12T17:18:00.000Z,0.86,3.0,Immediate
5110446,Weston,Davis,OT,LSU,WestonDavisLSU,2026,Weston,Davis,OT,LSU,,2026-01-04T15:53:00.000Z,,4.0,Withdrawn
5110449,Ethan,Calloway,OL,LSU,EthanCallowayLSU,2026,Ethan,Calloway,OT,LSU,Wake Forest,2026-01-13T16:19:00.000Z,0.85,3.0,Immediate
5110454,James,Peoples,RB,Ohio State,JamesPeoplesOhio State,2026,James,Peoples,RB,Ohio State,Penn State,2026-01-07T00:09:00.000Z,0.88,3.0,Immediate
5110457,Kris,Wokomah,S,Baylor,KrisWokomahBaylor,2026,Kris,Wokomah,S,Baylor,UAB,2026-01-10T21:39:00.000Z,,3.0,Immediate
5110461,Gekyle,Baker,WR,TCU,GekyleBakerTCU,2026,Gekyle,Baker,WR,TCU,,2025-12-28T02:37:00.000Z,0.86,3.0,Immediate
5110463,Manasse,Itete,OL,Florida State,ManasseIteteFlorida State,2026,Manasse,Itete,IOL,Florida State,Arkansas State,2026-01-10T13:04:00.000Z,0.86,3.0,Immediate
5110490,Toddrick,Brewton,DL,Florida International,ToddrickBrewtonFlorida International,2026,Toddrick,Brewton,EDGE,Florida International,Rhode Island,2026-01-29T02:24:00.000Z,,3.0,Immediate
5110494,Marcos,Davila,QB,Nebraska,MarcosDavilaNebraska,2026,Marcos,Davila,QB,Nebraska,Abilene Christian,2026-01-13T19:31:00.000Z,0.86,3.0,Immediate
5110496,Kamar,Mothudi,LB,Oregon,KamarMothudiOregon,2026,Kamar,Mothudi,LB,Oregon,California,2026-01-19T15:47:00.000Z,0.86,3.0,Immediate
5110516,Arnold,Barnes III,RB,Tulane,ArnoldBarnes IIITulane,2026,Arnold,Barnes III,RB,Tulane,Iowa State,2026-05-19T17:59:00.000Z,0.85,3.0,Immediate
5110518,Devin,Vass,OL,Kansas State,DevinVassKansas State,2026,Devin,Vass,IOL,Kansas State,West Virginia,2026-01-08T01:14:00.000Z,0.86,3.0,Immediate
5110569,Anthony,Miller,TE,Tulane,AnthonyMillerTulane,2026,Anthony,Miller,TE,Tulane,Arizona State,2026-01-09T23:16:00.000Z,0.85,3.0,Immediate
5111768,Colin,Hurley,QB,LSU,ColinHurleyLSU,2026,Colin,Hurley,QB,LSU,Michigan,2026-01-13T18:53:00.000Z,0.85,3.0,Immediate
5112647,Jordan,Ross,DE,Tennessee,JordanRossTennessee,2026,Jordan,Ross,EDGE,Tennessee,LSU,2026-01-09T15:15:00.000Z,0.93,4.0,Immediate
5113089,Khayree,Lee Jr.,OL,LSU,KhayreeLee Jr.LSU,2026,Khayree,Lee Jr.,IOL,LSU,South Alabama,2026-01-09T16:20:00.000Z,,3.0,Immediate
5114310,Chance,Fitzgerald,WR,Vanderbilt,ChanceFitzgeraldVanderbilt,2026,Chance,Fitzgerald,WR,Vanderbilt,Austin Peay,2026-01-23T19:14:00.000Z,,4.0,Immediate
5114311,Jackson,Harris,WR,Hawai'i,JacksonHarrisHawai'i,2026,Jackson,Harris,WR,Hawai'i,LSU,2026-01-04T17:19:00.000Z,0.89,3.0,Immediate
5114312,Will,Monney,TE,Oklahoma State,WillMonneyOklahoma State,2026,Will,Monney,TE,Oklahoma State,Utah,2026-01-21T15:23:00.000Z,0.85,3.0,Immediate
5114331,Suderian,Harrison,WR,Virginia,SuderianHarrisonVirginia,2026,Suderian,Harrison,WR,Virginia,East Tennessee State,2026-01-11T17:15:00.000Z,0.85,3.0,Immediate
5114593,Ivan,Carreon,WR,Oklahoma,IvanCarreonOklahoma,2026,Ivan,Carreon,WR,Oklahoma,,2026-01-19T22:44:36.000Z,0.86,3.0,Withdrawn
5116821,Nick,Hawthorne,LB,Massachusetts,NickHawthorneMassachusetts,2026,Nick,Hawthorne,EDGE,Massachusetts,,2025-12-12T06:00:00.000Z,,3.0,Immediate
5116973,Rylan,Kennedy,DL,Texas A&M,RylanKennedyTexas A&M,2026,Rylan,Kennedy,EDGE,Texas A&M,Florida State,2026-01-07T00:08:00.000Z,0.87,3.0,Immediate
5117082,Gage,Stanaland,OL,Oklahoma State,GageStanalandOklahoma State,2026,Gage,Stanaland,IOL,Oklahoma State,Georgia State,2026-01-06T18:34:05.000Z,,3.0,Immediate
5117317,Chase,Martin,LB,Boise State,ChaseMartinBoise State,2026,Chase,Martin,LB,Boise State,Cal Poly,2026-01-12T18:05:25.000Z,0.84,3.0,Immediate
5117455,Ty,Benefield,S,Boise State,TyBenefieldBoise State,2026,Ty,Benefield,S,Boise State,LSU,2026-01-06T17:06:00.000Z,0.94,4.0,Immediate
5119234,Sid,Kaba,DL,Marshall,SidKabaMarshall,2026,Sid,Kaba,DL,Marshall,Minnesota,2026-01-12T00:31:00.000Z,0.89,3.0,Immediate
5119307,Daniel,Blood,WR,Missouri,DanielBloodMissouri,2026,Daniel,Blood,WR,Missouri,Washington State,2026-01-10T18:12:00.000Z,0.86,3.0,Immediate
5119434,Trey,Weary,WR,Tennessee,TreyWearyTennessee,2026,Trey,Weary,WR,Tennessee,East Tennessee State,2026-01-17T17:15:00.000Z,,,Immediate
5119605,Chrisdasson,Saint-Jean,OL,Kennesaw State,ChrisdassonSaint-JeanKennesaw State,2026,Chrisdasson,Saint-Jean,OT,Kennesaw State,,2026-01-01T01:00:00.000Z,,3.0,Immediate
5119659,Trent,Thomas,TE,South Alabama,TrentThomasSouth Alabama,2026,Trent,Thomas,TE,South Alabama,Tennessee,2026-01-17T17:30:00.000Z,0.85,3.0,Immediate
5119743,Keynan,Higgins,WR,Colorado State,KeynanHigginsColorado State,2026,Keynan,Higgins,WR,Colorado State,,2026-01-08T15:37:00.000Z,,3.0,Immediate
5119868,Jaylen,Lloyd,WR,Oklahoma State,JaylenLloydOklahoma State,2026,Jaylen,Lloyd,WR,Oklahoma State,Florida,2026-01-16T17:46:00.000Z,0.85,3.0,Immediate
5119873,Wyatt,Hook,TE,Michigan State,WyattHookMichigan State,2026,Wyatt,Hook,TE,Michigan State,Akron,2026-01-19T17:11:00.000Z,0.84,3.0,Immediate
5120167,Mykeal,Rabess,OL,Florida International,MykealRabessFlorida International,2026,Mykeal,Rabess,OT,Florida International,California,2026-01-08T04:23:53.000Z,0.86,3.0,Immediate
5120221,Brice,Turner,DB,Nebraska,BriceTurnerNebraska,2026,Brice,Turner,WR,Nebraska,,2026-01-05T17:55:00.000Z,,3.0,Immediate
5120299,Patrick,Overmyer,TE,UTSA,PatrickOvermyerUTSA,2026,Patrick,Overmyer,TE,UTSA,Houston,2026-01-07T22:31:00.000Z,0.85,3.0,Immediate
5120368,Terrance,Saunders,OL,Eastern Michigan,TerranceSaundersEastern Michigan,2026,Terrance,Saunders,IOL,Eastern Michigan,Tarleton State,2026-02-05T00:50:00.000Z,0.85,3.0,Immediate
5120377,Darin,Conley,DL,Ball State,DarinConleyBall State,2026,Darin,Conley,DL,Ball State,Washington,2026-01-07T21:23:00.000Z,0.85,3.0,Immediate
5120452,Jacob,Booth,OL,Central Michigan,JacobBoothCentral Michigan,2026,Jacob,Booth,OT,Central Michigan,,2025-12-28T19:23:00.000Z,,3.0,Immediate
5120453,Vincent,Carroll-Jackson,DT,UConn,VincentCarroll-JacksonUConn,2026,Vincent,Carroll-Jackson,DL,UConn,Georgia Tech,2026-01-08T17:46:00.000Z,0.86,3.0,Immediate
5120454,Caleb,Goodie,WR,Cincinnati,CalebGoodieCincinnati,2026,Caleb,Goodie,WR,Cincinnati,Missouri,2026-01-06T04:43:00.000Z,0.87,3.0,Immediate
5120485,Quincy,Davis,LB,New Mexico State,QuincyDavisNew Mexico State,2026,Quincy,Davis,LB,New Mexico State,Kansas,2026-01-05T17:40:00.000Z,0.85,3.0,Immediate
5120868,Jayvin,James,OL,Mississippi State,JayvinJamesMississippi State,2026,Jayvin,James,OT,Mississippi State,Alabama,2026-01-20T17:50:00.000Z,0.88,3.0,Immediate
5120904,Isiah,Chala Jr.,DL,Fresno State,IsiahChala Jr.Fresno State,2026,Isiah,Chala Jr.,EDGE,Fresno State,Sacramento State,2026-01-21T13:29:00.000Z,0.82,3.0,Immediate
5120968,Christian,Alliegro,LB,Wisconsin,ChristianAlliegroWisconsin,2026,Christian,Alliegro,LB,Wisconsin,Ohio State,2026-01-08T15:02:29.000Z,0.88,3.0,Immediate
5120971,Aziah,Johnson,WR,North Carolina,AziahJohnsonNorth Carolina,2026,Aziah,Johnson,WR,North Carolina,,2025-12-05T01:38:00.000Z,,3.0,Immediate
5121169,Darian,Mensah,QB,Duke,DarianMensahDuke,2026,Darian,Mensah,QB,Duke,Miami,2026-01-16T21:19:00.000Z,0.94,4.0,Immediate
5121334,Jayce,Brown,WR,Kansas State,JayceBrownKansas State,2026,Jayce,Brown,WR,Kansas State,LSU,2026-01-07T14:57:04.000Z,0.92,4.0,Immediate
5121531,Justin,Horne,LB,Texas Tech,JustinHorneTexas Tech,2026,Justin,Horne,LB,Texas Tech,,2025-12-25T02:50:00.000Z,,3.0,Immediate
5121534,Jason,Maciejczak,OL,Nebraska,JasonMaciejczakNebraska,2026,Jason,Maciejczak,IOL,Nebraska,Wyoming,2026-01-08T22:11:00.000Z,,3.0,Immediate
5121541,Cam,Wallace,RB,Penn State,CamWallacePenn State,2026,Cam,Wallace,RB,Penn State,,2026-01-15T01:56:14.000Z,,3.0,Withdrawn
5121586,Markus,Strong,DT,Oklahoma,MarkusStrongOklahoma,2026,Markus,Strong,DL,Oklahoma,Clemson,2026-01-08T03:15:00.000Z,0.87,3.0,Immediate
5121605,Mekhi,Buchanan,DL,Virginia,MekhiBuchananVirginia,2026,Mekhi,Buchanan,EDGE,Virginia,,2025-12-14T16:07:00.000Z,0.84,3.0,Immediate
5121607,Ke'Marion,Baldwin,RB,Charleston Southern,Ke'MarionBaldwinCharleston Southern,2026,Ke'Marion,Baldwin,RB,Charleston Southern,Bowling Green,2026-01-13T19:48:00.000Z,0.85,3.0,Immediate
5121609,Jay,Crable,DB,Ohio,JayCrableOhio,2026,Jay,Crable,EDGE,Ohio,Florida Atlantic,2026-01-05T19:59:00.000Z,,3.0,Immediate
5121617,Jeremiah,Warren,DL,Illinois,JeremiahWarrenIllinois,2026,Jeremiah,Warren,DL,Illinois,Pittsburgh,2026-01-10T16:36:00.000Z,0.86,3.0,Immediate
5121619,Tywon,Wray Jr.,S,South Alabama,TywonWray Jr.South Alabama,2026,Tywon,Wray Jr.,S,South Alabama,Northwestern State,2026-01-31T21:35:00.000Z,,3.0,Immediate
5121636,Adam,Parks,TE,New Mexico State,AdamParksNew Mexico State,2026,Adam,Parks,TE,New Mexico State,Western Michigan,2026-01-12T17:22:00.000Z,0.79,2.0,Immediate
5121666,Kam,Shanks,WR,Arkansas,KamShanksArkansas,2026,Kam,Shanks,WR,Arkansas,Wake Forest,2026-01-11T20:06:00.000Z,0.85,3.0,Immediate
5121696,Nate,Burleson II,WR,Nevada,NateBurleson IINevada,2026,Nate,Burleson II,WR,Nevada,New Haven,2026-01-21T13:45:00.000Z,,,Immediate
5121697,Jaylon,Calhoun,RB,App State,JaylonCalhounApp State,2026,Jaylon,Calhoun,RB,App State,North Alabama,2026-01-05T16:18:00.000Z,,3.0,Immediate
5121703,Donovan,Dozier,DE,Liberty,DonovanDozierLiberty,2026,Donovan,Dozier,EDGE,Liberty,Northwestern State,2026-01-27T18:55:00.000Z,,,Immediate
5121706,Ki'Shawn,Harvey,DL,East Tennessee State,Ki'ShawnHarveyEast Tennessee State,2026,Ki'Shawn,Harvey,DL,East Tennessee State,App State,2026-01-17T19:41:00.000Z,0.85,3.0,Immediate
5121709,Rickey,Hunt Jr.,RB,Middle Tennessee,RickeyHunt Jr.Middle Tennessee,2026,Rickey,Hunt Jr.,RB,Middle Tennessee,,2025-12-24T21:02:00.000Z,,3.0,Immediate
5121711,Ayden,Jackson,DB,Georgia Southern,AydenJacksonGeorgia Southern,2026,Ayden,Jackson,S,Georgia Southern,South Florida,2026-01-06T21:25:00.000Z,,,Immediate
5121720,Noah,Meyers,TE,Western Kentucky,NoahMeyersWestern Kentucky,2026,Noah,Meyers,TE,Western Kentucky,Syracuse,2026-01-16T14:29:00.000Z,0.85,3.0,Immediate
5121721,Jekail,Middlebrook,RB,Middle Tennessee,JekailMiddlebrookMiddle Tennessee,2026,Jekail,Middlebrook,RB,Middle Tennessee,Virginia,2026-01-04T20:11:00.000Z,0.86,3.0,Immediate
5121725,Lucas,Samsula,DT,Wyoming,LucasSamsulaWyoming,2026,Lucas,Samsula,DL,Wyoming,Utah,2026-01-06T17:10:00.000Z,0.86,3.0,Immediate
5121754,Mychal,McMullin,DL,James Madison,MychalMcMullinJames Madison,2026,Mychal,McMullin,DL,James Madison,,2026-01-07T20:05:00.000Z,0.85,3.0,Withdrawn
5121772,Trey,Dubuc,LS,New Mexico,TreyDubucNew Mexico,2026,Trey,Dubuc,LS,New Mexico,Texas,2026-01-04T14:38:00.000Z,,2.0,Immediate
5121782,Jaelen,Smith,WR,UTSA,JaelenSmithUTSA,2026,Jaelen,Smith,WR,UTSA,,2026-01-08T15:39:00.000Z,,3.0,Immediate
5121879,Keshaun,Singleton,WR,South Florida,KeshaunSingletonSouth Florida,2026,Keshaun,Singleton,WR,South Florida,Auburn,2026-01-09T16:11:00.000Z,0.87,3.0,Immediate
5121893,Tony,Livingston,TE,Florida,TonyLivingstonFlorida,2026,Tony,Livingston,TE,Florida,Baylor,2026-01-20T02:39:00.000Z,0.86,3.0,Immediate
5121895,Mose,Phillips III,S,Missouri,MosePhillips IIIMissouri,2026,Mose,Phillips III,S,Missouri,Oklahoma State,2026-01-15T17:19:00.000Z,0.85,3.0,Immediate
5121898,Nader,Chirchi,TE,UConn,NaderChirchiUConn,2026,Nader,Chirchi,TE,UConn,Colorado State,2026-01-17T17:43:00.000Z,0.85,3.0,Immediate
5121899,Oumar,Diomande,LB,UConn,OumarDiomandeUConn,2026,Oumar,Diomande,LB,UConn,Colorado State,2026-01-16T05:21:00.000Z,0.85,3.0,Immediate
5121934,Jaylyn,Ferguson,CB,UAB,JaylynFergusonUAB,2026,Jaylyn,Ferguson,WR,UAB,,2026-01-04T20:49:00.000Z,,,Immediate
5121994,Melvin,Siani,OL,Wake Forest,MelvinSianiWake Forest,2026,Melvin,Siani,OT,Wake Forest,Texas,2026-01-15T16:39:00.000Z,0.93,4.0,Immediate
5121998,Lacota,Dippre,TE,James Madison,LacotaDippreJames Madison,2026,Lacota,Dippre,TE,James Madison,Florida,2026-01-05T14:55:00.000Z,0.87,3.0,Immediate
5122006,Landon,Sides,WR,North Texas,LandonSidesNorth Texas,2026,Landon,Sides,WR,North Texas,East Carolina,2026-01-07T18:01:00.000Z,,3.0,Immediate
5122015,David,Afogho,EDGE,Bowling Green,DavidAfoghoBowling Green,2026,David,Afogho,EDGE,Bowling Green,West Virginia,2026-01-07T05:23:00.000Z,0.85,3.0,Immediate
5122016,Junior,Poyser,DL,Buffalo,JuniorPoyserBuffalo,2026,Junior,Poyser,DL,Buffalo,Wisconsin,2026-01-07T01:37:00.000Z,0.86,3.0,Immediate
5122018,Jacob,Harris,TE,Bowling Green,JacobHarrisBowling Green,2026,Jacob,Harris,TE,Bowling Green,Wisconsin,2026-01-03T15:15:00.000Z,0.87,3.0,Immediate
5122026,Bruno,Dall,EDGE,Akron,BrunoDallAkron,2026,Bruno,Dall,EDGE,Akron,UCF,2026-01-10T02:06:00.000Z,0.85,3.0,Immediate
5122027,Jackson,Kleather,PK,Bowling Green,JacksonKleatherBowling Green,2026,Jackson,Kleather,K,Bowling Green,Northwestern,2026-01-10T00:35:50.000Z,,2.0,Immediate
5122033,Mitch,Viviano,TE,Buffalo,MitchVivianoBuffalo,2026,Mitch,Viviano,DL,Buffalo,,2025-12-31T14:20:00.000Z,,3.0,Immediate
5122042,Dylan,Phelps,DB,Colorado State,DylanPhelpsColorado State,2026,Dylan,Phelps,CB,Colorado State,,2026-01-14T19:00:00.000Z,,,Withdrawn
5122043,Jaylen,Poe,RB,Northern Illinois,JaylenPoeNorthern Illinois,2026,Jaylen,Poe,RB,Northern Illinois,Georgia State,2026-01-18T00:07:00.000Z,0.83,3.0,Immediate
5122076,Cole,Weaver,WR,Miami (OH),ColeWeaverMiami (OH),2026,Cole,Weaver,WR,Miami (OH),Syracuse,2026-01-07T21:45:00.000Z,0.86,3.0,Immediate
5122082,Justin,Stevenson,WR,Utah,JustinStevensonUtah,2026,Justin,Stevenson,WR,Utah,North Texas,2026-01-11T03:10:00.000Z,,3.0,Immediate
5122091,Zion,Frink,CB,Old Dominion,ZionFrinkOld Dominion,2026,Zion,Frink,CB,Old Dominion,,2026-01-13T18:34:36.000Z,0.86,3.0,Withdrawn
5122104,Jordan,Norman,DL,Tulane,JordanNormanTulane,2026,Jordan,Norman,EDGE,Tulane,Tennessee,2026-01-13T00:00:00.000Z,0.85,3.0,Immediate
5122105,Robert,Wright Jr.,OL,Georgia Southern,RobertWright Jr.Georgia Southern,2026,Robert,Wright Jr.,OT,Georgia Southern,Michigan State,2026-01-08T18:27:00.000Z,0.85,3.0,Immediate
5122108,Brock,Walters,LS,Marshall,BrockWaltersMarshall,2026,Brock,Walters,LS,Marshall,Kennesaw State,2026-01-22T02:09:00.000Z,0.83,3.0,Immediate
5122147,Vaughn,Blue,RB,Liberty,VaughnBlueLiberty,2026,Vaughn,Blue,RB,Liberty,Central Michigan,2026-01-09T21:23:00.000Z,,,Immediate
5122153,Eliyt,Nairne,DL,Tulane,EliytNairneTulane,2026,Eliyt,Nairne,DL,Tulane,Pittsburgh,2026-01-11T18:50:00.000Z,0.85,3.0,Immediate
5122155,Brady,Tillman III,RB,Edward Waters,BradyTillman IIIEdward Waters,2026,Brady,Tillman III,RB,Edward Waters,Florida Atlantic,2026-01-14T21:13:00.000Z,0.84,3.0,Immediate
5122159,Daveion,Harley,OL,California,DaveionHarleyCalifornia,2026,Daveion,Harley,IOL,California,Florida International,2026-01-10T17:06:00.000Z,,,Immediate
5122390,KJ,Daniels,WR,Oklahoma,KJDanielsOklahoma,2026,KJ,Daniels,WR,Oklahoma,UAB,2026-01-11T02:35:00.000Z,0.84,3.0,Immediate
5122448,JB,Price,RB,Kansas State,JBPriceKansas State,2026,JB,Price,RB,Kansas State,,2025-11-30T20:07:00.000Z,0.84,3.0,Immediate
5122552,Khalil,Conley,DB,North Carolina,KhalilConleyNorth Carolina,2026,Khalil,Conley,CB,North Carolina,App State,2026-01-08T03:59:00.000Z,,3.0,Immediate
5122553,Peyton,Lewis,RB,Tennessee,PeytonLewisTennessee,2026,Peyton,Lewis,RB,Tennessee,Virginia,2026-01-07T21:58:00.000Z,0.86,3.0,Immediate
5122883,Dylan,Lee,RB,Iowa State,DylanLeeIowa State,2026,Dylan,Lee,RB,Iowa State,UCLA,2026-01-06T12:02:00.000Z,0.86,3.0,Immediate
5122887,Luke,Moga,QB,Oregon,LukeMogaOregon,2026,Luke,Moga,QB,Oregon,New Mexico,2026-01-23T20:10:00.000Z,0.85,3.0,Immediate
5123193,DJ,Jordan,WR,USC,DJJordanUSC,2026,DJ,Jordan,WR,USC,Arizona,2026-01-08T01:38:00.000Z,0.86,3.0,Immediate
5123219,Jake,Weinberg,PK,Florida State,JakeWeinbergFlorida State,2026,Jake,Weinberg,K,Florida State,Miami,2026-01-17T00:24:00.000Z,0.83,3.0,Immediate
5123274,Jah Jah,Boyd,DB,Indiana,Jah JahBoydIndiana,2026,Jah Jah,Boyd,S,Indiana,Colorado,2026-01-18T21:51:00.000Z,0.85,3.0,Immediate
5123665,Trey,Owens,QB,Texas,TreyOwensTexas,2026,Trey,Owens,QB,Texas,Arkansas State,2026-01-09T22:44:26.000Z,0.86,3.0,Immediate
5123842,Desmond,Magiya,OL,North Texas,DesmondMagiyaNorth Texas,2026,Desmond,Magiya,OT,North Texas,Oklahoma State,2026-01-04T23:07:00.000Z,0.85,3.0,Immediate
5124002,Joel,Rogers,S,LSU,JoelRogersLSU,2026,Joel,Rogers,S,LSU,UTSA,2026-01-15T00:47:00.000Z,0.86,3.0,Immediate
5124338,Josh,Ford,TE,Oklahoma State,JoshFordOklahoma State,2026,Josh,Ford,TE,Oklahoma State,Alabama,2025-12-16T16:45:00.000Z,0.86,3.0,Immediate
5124516,Tre',Hartwell,RB,Western Michigan,Tre'HartwellWestern Michigan,2026,Tre',Hartwell,RB,Western Michigan,,2025-12-29T18:49:00.000Z,,3.0,Immediate
5124975,Juelz,Goff,RB,Pittsburgh,JuelzGoffPittsburgh,2026,Juelz,Goff,RB,Pittsburgh,Boise State,2026-01-12T18:09:38.000Z,0.86,3.0,Immediate
5124996,Evan,Jackson,S,North Texas,EvanJacksonNorth Texas,2026,Evan,Jackson,S,North Texas,Oklahoma State,2026-01-05T21:07:00.000Z,0.86,3.0,Immediate
5125075,Sean,Na'a,OL,Arizona State,SeanNa'aArizona State,2026,Sean,Na'a,IOL,Arizona State,UCLA,2026-01-11T06:19:14.000Z,0.86,3.0,Immediate
5125301,Carson,Cruver,QB,Florida Atlantic,CarsonCruverFlorida Atlantic,2026,Carson,Cruver,QB,Florida Atlantic,,2026-02-02T01:09:00.000Z,,,Immediate
5125302,Ahmad,Breaux,DT,LSU,AhmadBreauxLSU,2026,Ahmad,Breaux,DL,LSU,Kentucky,2026-01-06T17:56:00.000Z,0.85,3.0,Immediate
5125334,Jimarion,McCrimon,OL,East Carolina,JimarionMcCrimonEast Carolina,2026,Jimarion,McCrimon,OT,East Carolina,NC State,2026-01-05T22:50:00.000Z,0.86,3.0,Immediate
5125335,Rodney,Fields Jr.,RB,Oklahoma State,RodneyFields Jr.Oklahoma State,2026,Rodney,Fields Jr.,RB,Oklahoma State,Kansas State,2026-01-05T21:40:00.000Z,0.86,3.0,Immediate
5125366,Sesi,Vailahi,RB,Oklahoma State,SesiVailahiOklahoma State,2026,Sesi,Vailahi,RB,Oklahoma State,Utah State,2026-01-20T02:22:00.000Z,0.85,3.0,Immediate
5125467,Sam,Robinson,LB,Rutgers,SamRobinsonRutgers,2026,Sam,Robinson,LB,Rutgers,South Florida,2026-01-06T21:02:00.000Z,0.85,3.0,Immediate
5125472,Zion,Taylor,DE,Houston,ZionTaylorHouston,2026,Zion,Taylor,EDGE,Houston,Sam Houston,2026-01-12T16:53:00.000Z,0.83,3.0,Immediate
5125521,Arhmad,Branch,WR,Purdue,ArhmadBranchPurdue,2026,Arhmad,Branch,WR,Purdue,South Florida,2026-01-06T16:29:00.000Z,0.88,3.0,Immediate
5125551,Deliyon,Freeman,DB,Hawai'i,DeliyonFreemanHawai'i,2026,Deliyon,Freeman,CB,Hawai'i,,2025-12-15T21:47:00.000Z,,2.0,Immediate
5125554,Chamberlain,Campbell,DE,Toledo,ChamberlainCampbellToledo,2026,Chamberlain,Campbell,EDGE,Toledo,UConn,2026-01-24T07:49:00.000Z,0.84,3.0,Immediate
5125593,Bailey,Stockton,WR,Georgia Tech,BaileyStocktonGeorgia Tech,2026,Bailey,Stockton,WR,Georgia Tech,Florida,2026-01-05T21:46:00.000Z,0.86,3.0,Immediate
5125715,Colton,Joseph,QB,Old Dominion,ColtonJosephOld Dominion,2026,Colton,Joseph,QB,Old Dominion,Wisconsin,2026-01-04T15:29:00.000Z,0.87,3.0,Immediate
5125721,Jonathan,Allen,DT,UAB,JonathanAllenUAB,2026,Jonathan,Allen,DL,UAB,Virginia,2026-01-18T20:40:00.000Z,0.84,3.0,Immediate
5125726,CC,Ezirim,TE,Toledo,CCEzirimToledo,2026,CC,Ezirim,TE,Toledo,Western Kentucky,2026-01-15T03:47:00.000Z,0.85,3.0,Immediate
5125728,Joseph,Hanson,OL,Coastal Carolina,JosephHansonCoastal Carolina,2026,Joseph,Hanson,OT,Coastal Carolina,Oklahoma State,2026-01-08T20:40:32.000Z,0.84,3.0,Immediate
5125750,Jediyah,Willoughby,WR,Toledo,JediyahWilloughbyToledo,2026,Jediyah,Willoughby,WR,Toledo,UConn,2026-01-24T07:54:00.000Z,0.82,3.0,Immediate
5125761,Mason,Chorak,OL,UAB,MasonChorakUAB,2026,Mason,Chorak,IOL,UAB,,2026-01-04T19:40:00.000Z,,,Immediate
5125765,PJ,Hatter,QB,Georgia State,PJHatterGeorgia State,2026,PJ,Hatter,QB,Georgia State,,2026-01-16T16:04:00.000Z,,3.0,Immediate
5125772,Ja'Darious,Morris,DT,Middle Tennessee,Ja'DariousMorrisMiddle Tennessee,2026,Ja'Darious,Morris,DL,Middle Tennessee,West Georgia,2026-01-29T16:19:00.000Z,,,Immediate
5125776,Tyler,Thomas,DE,South Alabama,TylerThomasSouth Alabama,2026,Tyler,Thomas,EDGE,South Alabama,Kentucky,2026-01-19T16:23:00.000Z,0.83,3.0,Immediate
5125784,Tyler,Jacklich,RB,West Virginia,TylerJacklichWest Virginia,2026,Tyler,Jacklich,RB,West Virginia,San José State,2026-01-22T00:15:00.000Z,0.82,3.0,Immediate
5125819,Darrell,Gill Jr.,WR,Syracuse,DarrellGill Jr.Syracuse,2026,Darrell,Gill Jr.,WR,Syracuse,Ole Miss,2026-01-13T16:36:17.000Z,0.94,4.0,Immediate
5125823,DJ,McKinney,RB,New Mexico,DJMcKinneyNew Mexico,2026,DJ,McKinney,RB,New Mexico,Tulsa,2026-01-05T16:41:00.000Z,,,Immediate
5125836,Christian,Hunt,QB,Arizona State,ChristianHuntArizona State,2026,Christian,Hunt,QB,Arizona State,,2026-01-13T15:30:00.000Z,,3.0,Immediate
5125840,Jake,Utley,OL,UTEP,JakeUtleyUTEP,2026,Jake,Utley,OT,UTEP,,2025-12-06T06:00:00.000Z,,2.0,Immediate
5125850,Tyree,Kelly,WR,Massachusetts,TyreeKellyMassachusetts,2026,Tyree,Kelly,WR,Massachusetts,,2025-12-07T06:00:00.000Z,,,Immediate
5125854,Josiah,Dye,S,Southern Utah,JosiahDyeSouthern Utah,2026,Josiah,Dye,S,Southern Utah,,2026-01-02T20:39:00.000Z,,3.0,Immediate
5125900,Joshua,Dye,RB,Southern Utah,JoshuaDyeSouthern Utah,2026,Joshua,Dye,RB,Southern Utah,Ole Miss,2026-01-18T21:26:00.000Z,0.82,3.0,Immediate
5125905,Corri,Milliner,WR,UAB,CorriMillinerUAB,2026,Corri,Milliner,WR,UAB,North Texas,2026-01-16T21:53:00.000Z,0.83,3.0,TBD
5125906,Logan,Moore,OL,UAB,LoganMooreUAB,2026,Logan,Moore,OT,UAB,Baylor,2026-01-04T22:11:00.000Z,0.85,3.0,Immediate
5125968,Armstrong,Nnodim,DT,Oklahoma State,ArmstrongNnodimOklahoma State,2026,Armstrong,Nnodim,DL,Oklahoma State,Penn State,2026-01-06T17:00:00.000Z,0.85,3.0,Immediate
5126292,Justin,Terrell,DT,NC State,JustinTerrellNC State,2026,Justin,Terrell,DL,NC State,Sam Houston,2026-01-10T17:02:00.000Z,0.85,3.0,Immediate
5126464,Deuce,Adams,QB,Louisville,DeuceAdamsLouisville,2026,Deuce,Adams,QB,Louisville,Wisconsin,2026-01-09T00:23:00.000Z,0.85,3.0,Immediate
5126470,Trever,Jackson,QB,Arkansas,TreverJacksonArkansas,2026,Trever,Jackson,QB,Arkansas,Coastal Carolina,2026-01-15T01:07:00.000Z,0.86,3.0,Immediate
5126471,Daniel,Kaelin,QB,Virginia,DanielKaelinVirginia,2026,Daniel,Kaelin,QB,Virginia,Nebraska,2026-01-12T03:32:00.000Z,0.85,3.0,Immediate
5126472,JacQai,Long,QB,Marshall,JacQaiLongMarshall,2026,JacQai,Long,QB,Marshall,Kentucky,2026-01-12T01:13:00.000Z,0.84,3.0,Immediate
5126475,Trey,Petty,QB,Illinois,TreyPettyIllinois,2026,Trey,Petty,QB,Illinois,Western Michigan,2026-01-10T20:55:00.000Z,0.83,3.0,Immediate
5126511,Jaedon,Matthews,RB,Cal Poly,JaedonMatthewsCal Poly,2026,Jaedon,Matthews,RB,Cal Poly,,2025-12-28T15:39:00.000Z,,3.0,Immediate
5126514,Harry,Stewart III,RB,Kansas,HarryStewart IIIKansas,2026,Harry,Stewart III,RB,Kansas,Boise State,2026-01-08T13:46:00.000Z,,3.0,Immediate
5126515,Sam,Dixon,RB,Ohio State,SamDixonOhio State,2026,Sam,Dixon,RB,Ohio State,South Carolina,2026-01-10T00:32:00.000Z,0.86,3.0,Immediate
5126524,Jakorion,Caffey,RB,Cincinnati,JakorionCaffeyCincinnati,2026,Jakorion,Caffey,RB,Cincinnati,Kent State,2026-01-16T19:57:00.000Z,0.83,3.0,Immediate
5126534,Jeremy,Scott,WR,South Alabama,JeremyScottSouth Alabama,2026,Jeremy,Scott,WR,South Alabama,TCU,2026-01-06T20:28:00.000Z,0.85,3.0,Immediate
5126540,Robby,Martin,OL,West Virginia,RobbyMartinWest Virginia,2026,Robby,Martin,IOL,West Virginia,Marshall,2026-01-07T19:15:00.000Z,0.85,3.0,Immediate
5126566,Chenellson,Exume,DL,Florida Atlantic,ChenellsonExumeFlorida Atlantic,2026,Chenellson,Exume,DL,Florida Atlantic,Eastern Kentucky,2026-01-20T14:03:00.000Z,,3.0,Immediate
5126569,Joseph,Ionata,OL,Alabama,JosephIonataAlabama,2026,Joseph,Ionata,IOL,Alabama,Georgia Tech,2026-01-06T19:22:00.000Z,0.86,3.0,Immediate
5126571,Ransom,McDermott,OL,Louisville,RansomMcDermottLouisville,2026,Ransom,McDermott,OT,Louisville,Temple,2026-01-07T18:28:00.000Z,,3.0,Immediate
5126998,Jericho,Johnson,DL,Oregon,JerichoJohnsonOregon,2026,Jericho,Johnson,DL,Oregon,California,2026-01-19T00:37:00.000Z,0.9,4.0,Immediate
5127001,Solomon,Williams,LB,Texas A&M,SolomonWilliamsTexas A&M,2026,Solomon,Williams,EDGE,Texas A&M,California,2026-01-09T20:37:00.000Z,0.87,3.0,Immediate
5127027,Malik,Blocton,DT,Auburn,MalikBloctonAuburn,2026,Malik,Blocton,DL,Auburn,LSU,2026-01-08T15:26:00.000Z,0.89,3.0,Immediate
5127031,Tionne,Gray,DL,Oregon,TionneGrayOregon,2026,Tionne,Gray,DL,Oregon,Notre Dame,2026-01-15T15:25:19.000Z,0.94,4.0,Immediate
5127036,Joshua,Lloyd,DL,Western Michigan,JoshuaLloydWestern Michigan,2026,Joshua,Lloyd,EDGE,Western Michigan,Austin Peay,2026-01-25T20:54:00.000Z,,3.0,Immediate
5127723,Isaiah,Buxton,CB,San Diego State,IsaiahBuxtonSan Diego State,2026,Isaiah,Buxton,CB,San Diego State,San José State,2026-01-11T00:54:00.000Z,0.86,3.0,Immediate
5127724,Christian,Clark,RB,Texas,ChristianClarkTexas,2026,Christian,Clark,RB,Texas,South Carolina,2026-01-16T18:53:00.000Z,0.88,3.0,Immediate
5127726,Braylon,Conley,DB,USC,BraylonConleyUSC,2026,Braylon,Conley,CB,USC,Georgia,2026-01-08T19:04:00.000Z,0.86,3.0,Immediate
5127727,Noah,Jenkins,LB,Virginia Tech,NoahJenkinsVirginia Tech,2026,Noah,Jenkins,LB,Virginia Tech,,2026-01-02T14:51:00.000Z,,3.0,Immediate
5127736,Landyn,Cleveland,S,Oklahoma State,LandynClevelandOklahoma State,2026,Landyn,Cleveland,S,Oklahoma State,UNLV,2026-01-13T19:08:00.000Z,0.86,3.0,Immediate
5127737,Roger,Gradney,LB,Nebraska,RogerGradneyNebraska,2026,Roger,Gradney,LB,Nebraska,Southern,2026-01-23T02:13:00.000Z,0.85,3.0,Immediate
5127802,Stacy,Bey,LB,Arizona,StacyBeyArizona,2026,Stacy,Bey,LB,Arizona,Sam Houston,2026-01-07T17:01:00.000Z,0.85,3.0,Immediate
5127804,Marcus,Goree Jr.,S,Tennessee,MarcusGoree Jr.Tennessee,2026,Marcus,Goree Jr.,CB,Tennessee,Troy,2026-01-17T15:30:00.000Z,0.85,3.0,Immediate
5127806,Mylachi,Williams,DL,Penn State,MylachiWilliamsPenn State,2026,Mylachi,Williams,EDGE,Penn State,Virginia Tech,2026-01-11T20:54:00.000Z,0.87,3.0,Immediate
5127811,Jamonta,Waller,DL,Auburn,JamontaWallerAuburn,2026,Jamonta,Waller,EDGE,Auburn,Arkansas,2026-01-07T18:06:00.000Z,0.86,3.0,Immediate
5127885,Kwazi,Gilmer,WR,UCLA,KwaziGilmerUCLA,2026,Kwazi,Gilmer,WR,UCLA,Nebraska,2026-01-09T17:20:00.000Z,0.87,3.0,Immediate
5127899,Terrance,Hibbler Jr.,DL,Mississippi State,TerranceHibbler Jr.Mississippi State,2026,Terrance,Hibbler Jr.,DL,Mississippi State,Jackson State,2026-01-25T02:26:00.000Z,0.85,3.0,Immediate
5127936,Will,Smith,DL,North Texas,WillSmithNorth Texas,2026,Will,Smith,EDGE,North Texas,Southern Miss,2026-01-10T23:38:00.000Z,0.86,3.0,Immediate
5128051,Jamroc,Grimsley,CB,Florida,JamrocGrimsleyFlorida,2026,Jamroc,Grimsley,CB,Florida,Mississippi State,2026-01-07T22:01:00.000Z,0.86,3.0,Immediate
5129623,Kaden,Martin,QB,Middle Tennessee,KadenMartinMiddle Tennessee,2026,Kaden,Martin,QB,Middle Tennessee,LSU,2026-05-06T15:58:00.000Z,,,Immediate
5130410,Jakob,Gude,DB,UCF,JakobGudeUCF,2026,Jakob,Gude,S,UCF,App State,2026-01-09T17:31:00.000Z,,3.0,Immediate
5130411,Melvin,Hills III,DL,Texas,MelvinHills IIITexas,2026,Melvin,Hills III,DL,Texas,UConn,2026-01-09T16:15:00.000Z,0.85,3.0,Immediate
5130412,CJ,Jackson,EDGE,LSU,CJJacksonLSU,2026,CJ,Jackson,EDGE,LSU,Vanderbilt,2026-01-09T20:58:00.000Z,0.86,3.0,Immediate
5130606,Kellen,Lindstrom,DE,Tennessee,KellenLindstromTennessee,2026,Kellen,Lindstrom,EDGE,Tennessee,Missouri State,2026-01-15T18:00:00.000Z,0.84,3.0,Immediate
5130792,Nitro,Tuggle,WR,Purdue,NitroTugglePurdue,2026,Nitro,Tuggle,WR,Purdue,South Carolina,2026-01-10T03:29:00.000Z,0.87,3.0,Immediate
5132253,Isiah,Canion,WR,Georgia Tech,IsiahCanionGeorgia Tech,2026,Isiah,Canion,WR,Georgia Tech,Georgia,2026-01-08T18:47:00.000Z,0.94,4.0,Immediate
5132627,Crews,Law,LB,Memphis,CrewsLawMemphis,2026,Crews,Law,LB,Memphis,East Carolina,2026-01-12T20:24:00.000Z,0.86,3.0,Immediate
5132652,Ricky,Johnson,WR,Mississippi State,RickyJohnsonMississippi State,2026,Ricky,Johnson,WR,Mississippi State,Utah,2026-01-16T15:25:00.000Z,0.85,3.0,Immediate
5132812,Aaron,Philo,QB,Georgia Tech,AaronPhiloGeorgia Tech,2026,Aaron,Philo,QB,Georgia Tech,Florida,2026-01-06T15:56:00.000Z,0.89,3.0,Immediate
5134169,Danny,Inglis,LB,Iowa State,DannyInglisIowa State,2026,Danny,Inglis,LB,Iowa State,Youngstown State,2026-01-16T17:38:00.000Z,,3.0,Immediate
5134552,Taylor,Powell,DB,Northern Illinois,TaylorPowellNorthern Illinois,2026,Taylor,Powell,S,Northern Illinois,Fresno State,2026-01-11T00:09:00.000Z,,3.0,Immediate
5134880,Fatt,Forrest,LB,Mississippi State,FattForrestMississippi State,2026,Fatt,Forrest,LB,Mississippi State,,2025-12-12T17:24:00.000Z,,3.0,Immediate
5135202,Tristan,Jernigan,LB,Texas A&M,TristanJerniganTexas A&M,2026,Tristan,Jernigan,LB,Texas A&M,California,2026-01-12T23:05:00.000Z,0.86,3.0,Immediate
5136049,Duke,Watson,RB,Louisville,DukeWatsonLouisville,2026,Duke,Watson,RB,Louisville,UCF,2026-01-10T20:52:00.000Z,0.87,3.0,Immediate
5136784,Francis,Brewu,DL,Pittsburgh,FrancisBrewuPittsburgh,2026,Francis,Brewu,DL,Pittsburgh,Notre Dame,2026-01-13T21:45:00.000Z,0.94,4.0,Immediate
5138042,Zechariah,Sample,WR,Arizona State,ZechariahSampleArizona State,2026,Zechariah,Sample,WR,Arizona State,Texas State,2026-01-21T02:32:00.000Z,0.85,3.0,Immediate
5138131,Deshawn,Purdie,QB,Wake Forest,DeshawnPurdieWake Forest,2026,Deshawn,Purdie,QB,Wake Forest,Liberty,2026-01-12T02:44:00.000Z,0.84,3.0,Immediate
5138451,Luke,Reynolds,TE,Penn State,LukeReynoldsPenn State,2026,Luke,Reynolds,TE,Penn State,Virginia Tech,2026-01-11T23:39:00.000Z,0.94,4.0,Immediate
5138654,Josiah,Davis,DB,Florida,JosiahDavisFlorida,2026,Josiah,Davis,S,Florida,,2025-12-15T17:10:00.000Z,,3.0,Immediate
5138656,Lane,Wadle,TE,Georgia State,LaneWadleGeorgia State,2026,Lane,Wadle,TE,Georgia State,Charlotte,2026-01-11T02:39:00.000Z,0.84,3.0,Immediate
5139060,Santana,Wilson,DB,Texas,SantanaWilsonTexas,2026,Santana,Wilson,CB,Texas,Louisville,2026-01-09T21:50:00.000Z,0.85,3.0,Immediate
5139093,Amir,Jackson,TE,Florida,AmirJacksonFlorida,2026,Amir,Jackson,TE,Florida,,2025-12-15T17:10:00.000Z,0.88,3.0,Immediate
5139094,Devon,Baxter,DE,Michigan,DevonBaxterMichigan,2026,Devon,Baxter,EDGE,Michigan,Virginia,2026-01-11T01:31:00.000Z,0.86,3.0,Immediate
5139096,Noah,Carter,DE,Alabama,NoahCarterAlabama,2026,Noah,Carter,EDGE,Alabama,Georgia Tech,2026-01-10T21:11:00.000Z,0.93,4.0,Immediate
5139097,Nyier,Daniels,OL,Georgia,NyierDanielsGeorgia,2026,Nyier,Daniels,OT,Georgia,,2026-01-02T18:58:00.000Z,,4.0,Immediate
5139099,Artavius,Jones,DT,Miami,ArtaviusJonesMiami,2026,Artavius,Jones,DL,Miami,UCF,2026-01-21T16:34:00.000Z,0.86,3.0,Immediate
5139100,Tony-Louis,Nkuba,DB,Arizona State,Tony-LouisNkubaArizona State,2026,Tony-Louis,Nkuba,S,Arizona State,,2026-01-02T23:37:00.000Z,,3.0,Immediate
5139132,Carter,Herriman,LB,Eastern Michigan,CarterHerrimanEastern Michigan,2026,Carter,Herriman,LB,Eastern Michigan,,2026-01-07T16:24:00.000Z,,3.0,Immediate
5139133,Bennett,Warren,OL,Tennessee,BennettWarrenTennessee,2026,Bennett,Warren,OT,Tennessee,Minnesota,2026-01-04T23:40:00.000Z,0.87,3.0,Immediate
5139139,Amaris,Williams,LB,Auburn,AmarisWilliamsAuburn,2026,Amaris,Williams,EDGE,Auburn,Georgia,2026-01-08T20:06:00.000Z,0.94,4.0,Immediate
5139216,Luke,Ferrelli,LB,California,LukeFerrelliCalifornia,2026,Luke,Ferrelli,LB,California,Ole Miss,2026-01-21T17:00:00.000Z,0.9,4.0,Immediate
5139524,Aeron,Burrell,PK,LSU,AeronBurrellLSU,2026,Aeron,Burrell,K,LSU,North Carolina,2026-01-10T16:19:00.000Z,,3.0,Immediate
5139664,Jayden,Parrish,LB,Florida State,JaydenParrishFlorida State,2026,Jayden,Parrish,LB,Florida State,Memphis,2026-01-13T04:29:00.000Z,0.84,3.0,Immediate
5139854,Trey,Jackson,TE,Texas Tech,TreyJacksonTexas Tech,2026,Trey,Jackson,TE,Texas Tech,SMU,2026-01-12T15:23:00.000Z,0.86,3.0,Immediate
5140190,Jani,Norwood,OL,North Carolina,JaniNorwoodNorth Carolina,2026,Jani,Norwood,OT,North Carolina,Boston College,2026-01-12T02:15:12.000Z,0.85,3.0,Immediate
5140254,Cheta,Ofili,LB,Texas Tech,ChetaOfiliTexas Tech,2026,Cheta,Ofili,EDGE,Texas Tech,TCU,2026-01-09T02:25:24.000Z,0.86,3.0,Immediate
5140619,Kendal,Howard,DL,Wake Forest,KendalHowardWake Forest,2026,Kendal,Howard,EDGE,Wake Forest,Austin Peay,2026-01-24T07:18:00.000Z,,3.0,Immediate
5141026,Antoine,Belgrave-Shorter,DB,Penn State,AntoineBelgrave-ShorterPenn State,2026,Antoine,Belgrave-Shorter,S,Penn State,Arizona State,2026-01-12T23:52:00.000Z,0.86,3.0,Immediate
5141360,Shamar,Arnoux,CB,Florida State,ShamarArnouxFlorida State,2026,Shamar,Arnoux,CB,Florida State,Auburn,2026-01-12T19:32:00.000Z,0.86,3.0,Immediate
5141365,Corey,Amos,DE,Ole Miss,CoreyAmosOle Miss,2026,Corey,Amos,EDGE,Ole Miss,Grambling,2026-01-20T03:53:00.000Z,,3.0,Immediate
5141366,Bryce,Baker,QB,North Carolina,BryceBakerNorth Carolina,2026,Bryce,Baker,QB,North Carolina,Virginia Tech,2026-01-10T19:37:00.000Z,0.87,3.0,Immediate
5141378,Cutter,Boley,QB,Kentucky,CutterBoleyKentucky,2026,Cutter,Boley,QB,Kentucky,Arizona State,2026-01-04T02:04:00.000Z,0.89,3.0,Immediate
5141380,Nick,Brooks,OL,Texas,NickBrooksTexas,2026,Nick,Brooks,IOL,Texas,Alabama,2026-01-14T13:47:00.000Z,0.92,4.0,Immediate
5141382,Jax,Brown,QB,Arkansas State,JaxBrownArkansas State,2026,Jax,Brown,QB,Arkansas State,Kilgore College,2026-01-12T20:41:00.000Z,0.83,3.0,Immediate
5141401,Rowan,Byrne,OL,Clemson,RowanByrneClemson,2026,Rowan,Byrne,IOL,Clemson,North Carolina,2026-01-10T23:00:00.000Z,0.86,3.0,Immediate
5141402,Royal,Capell,WR,Oklahoma State,RoyalCapellOklahoma State,2026,Royal,Capell,WR,Oklahoma State,UTEP,2026-01-13T03:09:00.000Z,0.84,3.0,Immediate
5141410,Caleb,Chester,DB,Texas,CalebChesterTexas,2026,Caleb,Chester,CB,Texas,Arizona State,2026-01-04T23:19:00.000Z,0.85,3.0,Immediate
5141419,Harry,Dalton III,RB,USC,HarryDalton IIIUSC,2026,Harry,Dalton III,RB,USC,Maryland,2026-01-06T18:36:00.000Z,0.86,3.0,Immediate
5141420,Marquise,Davis,RB,Missouri,MarquiseDavisMissouri,2026,Marquise,Davis,RB,Missouri,Louisville,2026-01-05T17:01:26.000Z,0.87,3.0,Immediate
5141421,Tyshawn,Dues,WR,West Virginia,TyshawnDuesWest Virginia,2026,Tyshawn,Dues,WR,West Virginia,,2025-12-05T23:21:00.000Z,,3.0,Immediate
5141424,Micah,DeBose,OL,Alabama,MicahDeBoseAlabama,2026,Micah,DeBose,IOL,Alabama,Vanderbilt,2026-01-11T16:57:00.000Z,0.87,3.0,Immediate
5141428,Faheem,Delane,S,Ohio State,FaheemDelaneOhio State,2026,Faheem,Delane,S,Ohio State,LSU,2026-01-12T23:16:00.000Z,0.9,4.0,Immediate
5141439,Jonathan,Epperson Jr.,LB,Washington,JonathanEpperson Jr.Washington,2026,Jonathan,Epperson Jr.,LB,Washington,Portland State,2026-01-19T19:20:00.000Z,,3.0,Immediate
5141443,Jeff,Exinor Jr.,WR,Penn State,JeffExinor Jr.Penn State,2026,Jeff,Exinor Jr.,WR,Penn State,Virginia Tech,2026-01-07T01:09:00.000Z,0.87,3.0,Immediate
5141448,Kamren,Flowers,WR,Toledo,KamrenFlowersToledo,2026,Kamren,Flowers,WR,Toledo,UConn,2026-01-11T12:51:00.000Z,,3.0,Immediate
5141449,Ja'Kayden,Ferguson,WR,Arkansas,Ja'KaydenFergusonArkansas,2026,Ja'Kayden,Ferguson,WR,Arkansas,Kentucky,2026-01-11T21:53:00.000Z,0.86,3.0,Immediate
5141450,Semaj,Fleming,WR,Boston College,SemajFlemingBoston College,2026,Semaj,Fleming,WR,Boston College,App State,2026-01-05T21:07:00.000Z,,3.0,Immediate
5141452,D'Shaun,Ford,RB,UL Monroe,D'ShaunFordUL Monroe,2026,D'Shaun,Ford,RB,UL Monroe,,2026-01-10T16:01:00.000Z,,3.0,Immediate
5141456,TaRon,Francis,WR,LSU,TaRonFrancisLSU,2026,TaRon,Francis,WR,LSU,West Virginia,2026-01-08T22:08:00.000Z,0.87,3.0,Immediate
5141470,TJ,Hedrick,OL,Ole Miss,TJHedrickOle Miss,2026,TJ,Hedrick,OT,Ole Miss,Auburn,2026-01-15T22:57:00.000Z,0.86,3.0,Immediate
5141471,Hardley,Gilmore IV,WR,Kentucky,HardleyGilmore IVKentucky,2026,Hardley,Gilmore IV,WR,Kentucky,Baylor,2026-01-12T14:57:00.000Z,0.86,3.0,Immediate
5141473,AJ,Hill,QB,Memphis,AJHillMemphis,2026,AJ,Hill,QB,Memphis,Arkansas,2026-01-05T19:54:00.000Z,0.87,3.0,Immediate
5141484,Maliek,Hawkins,DB,Oklahoma,MaliekHawkinsOklahoma,2026,Maliek,Hawkins,CB,Oklahoma,West Virginia,2026-01-05T16:49:00.000Z,0.85,3.0,Immediate
5141489,Tikey,Hayes,RB,Penn State,TikeyHayesPenn State,2026,Tikey,Hayes,RB,Penn State,Nebraska,2026-07-14T18:34:00.000Z,,3.0,Immediate
5141493,Ty,Haywood,OL,Michigan,TyHaywoodMichigan,2026,Ty,Haywood,OT,Michigan,Alabama,2026-01-12T21:24:00.000Z,0.9,4.0,Immediate
5141497,Kamryn,Jones,WR,Boise State,KamrynJonesBoise State,2026,Kamryn,Jones,WR,Boise State,,2025-12-19T16:28:00.000Z,0.85,3.0,Immediate
5141498,Marcus,Harris,WR,Washington,MarcusHarrisWashington,2026,Marcus,Harris,WR,Washington,UCLA,2026-01-10T23:57:00.000Z,0.86,3.0,Immediate
5141502,Javion,Hilson,DL,Missouri,JavionHilsonMissouri,2026,Javion,Hilson,EDGE,Missouri,Virginia Tech,2026-01-06T06:36:00.000Z,0.87,3.0,Immediate
5141504,Cortez,Harris,DL,Penn State,CortezHarrisPenn State,2026,Cortez,Harris,EDGE,Penn State,Virginia Tech,2026-01-11T21:05:00.000Z,0.86,3.0,Immediate
5141505,Eugene,Hilton Jr.,WR,Wisconsin,EugeneHilton Jr.Wisconsin,2026,Eugene,Hilton Jr.,WR,Wisconsin,,2026-01-13T12:56:03.000Z,,3.0,Withdrawn
5141506,Deuce,Knight,QB,Auburn,DeuceKnightAuburn,2026,Deuce,Knight,QB,Auburn,Ole Miss,2026-01-11T15:52:00.000Z,0.94,4.0,Immediate
5141511,Kevyn,Humes,DB,Maryland,KevynHumesMaryland,2026,Kevyn,Humes,CB,Maryland,Rutgers,2026-01-22T14:11:00.000Z,0.86,3.0,Immediate
5141518,Amir,Leonard-Jean Charles,DL,Southern Miss,AmirLeonard-Jean CharlesSouthern Miss,2026,Amir,Leonard-Jean Charles,DL,Southern Miss,Memphis,2026-01-05T18:08:00.000Z,,3.0,Immediate
5141545,Peyton,Joseph,OL,Georgia Tech,PeytonJosephGeorgia Tech,2026,Peyton,Joseph,OT,Georgia Tech,Oklahoma,2026-01-10T15:17:00.000Z,0.86,3.0,Immediate
5141547,Bekkem,Kritza,QB,Penn State,BekkemKritzaPenn State,2026,Bekkem,Kritza,QB,Penn State,Alabama A&M,2026-01-26T19:03:00.000Z,0.85,3.0,Immediate
5141549,David,McComb,QB,Kansas,DavidMcCombKansas,2026,David,McComb,QB,Kansas,Miami (OH),2026-01-11T18:56:00.000Z,0.85,3.0,Immediate
5141552,Jayvon,McFadden,OL,Ohio State,JayvonMcFaddenOhio State,2026,Jayvon,McFadden,IOL,Ohio State,Colorado,2026-01-18T22:13:00.000Z,0.86,3.0,Immediate
5141553,DeShaun,Lanier,WR,Bowling Green,DeShaunLanierBowling Green,2026,DeShaun,Lanier,WR,Bowling Green,Grand Valley State,2026-01-12T16:39:00.000Z,0.85,3.0,Immediate
5141555,Cameron,Miller,WR,Kentucky,CameronMillerKentucky,2026,Cameron,Miller,WR,Kentucky,Ole Miss,2026-01-12T16:10:00.000Z,0.87,3.0,Immediate
5141558,Davon,Mitchell,TE,Louisville,DavonMitchellLouisville,2026,Davon,Mitchell,TE,Louisville,,2026-01-01T18:00:00.000Z,,4.0,Immediate
5141563,Husan,Longstreet,QB,USC,HusanLongstreetUSC,2026,Husan,Longstreet,QB,USC,LSU,2026-01-14T17:11:00.000Z,0.92,4.0,Immediate
5141579,Kevin,Oatis,DT,Arkansas,KevinOatisArkansas,2026,Kevin,Oatis,DL,Arkansas,Kansas,2026-01-12T22:29:31.000Z,0.86,3.0,Immediate
5141584,Naeshaun,Montgomery,WR,Florida,NaeshaunMontgomeryFlorida,2026,Naeshaun,Montgomery,WR,Florida,Missouri,2026-01-10T18:39:00.000Z,0.86,3.0,Immediate
5141585,Chinedu,Onyeagoro,LB,North Carolina,ChineduOnyeagoroNorth Carolina,2026,Chinedu,Onyeagoro,LB,North Carolina,Long Beach City College,2026-04-02T05:00:00.000Z,0.86,3.0,Immediate
5141592,London,Merritt,DE,Colorado,LondonMerrittColorado,2026,London,Merritt,EDGE,Colorado,Clemson,2026-01-08T17:05:00.000Z,0.87,3.0,Immediate
5141595,Kamauryn,Morgan,EDGE,Baylor,KamaurynMorganBaylor,2026,Kamauryn,Morgan,EDGE,Baylor,Missouri,2026-03-24T19:30:00.000Z,0.91,4.0,Immediate
5141597,Cooper,Perry,WR,Oregon,CooperPerryOregon,2026,Cooper,Perry,WR,Oregon,California,2026-01-18T01:47:00.000Z,0.87,3.0,Immediate
5141600,Jonte,Newman,OL,Texas A&M,JonteNewmanTexas A&M,2026,Jonte,Newman,OT,Texas A&M,Texas,2026-01-14T21:52:00.000Z,0.87,3.0,Immediate
5141613,Quincy,Porter,WR,Ohio State,QuincyPorterOhio State,2026,Quincy,Porter,WR,Ohio State,Notre Dame,2026-01-12T15:45:00.000Z,0.94,4.0,Immediate
5141623,Jamarion,Parker,RB,Nebraska,JamarionParkerNebraska,2026,Jamarion,Parker,RB,Nebraska,,2025-12-08T19:03:00.000Z,,3.0,Immediate
5141628,Jaden,Perez,WR,Oklahoma State,JadenPerezOklahoma State,2026,Jaden,Perez,WR,Oklahoma State,,2025-12-28T19:30:00.000Z,0.85,3.0,Immediate
5141650,Michael,Riles,DE,Oklahoma State,MichaelRilesOklahoma State,2026,Michael,Riles,EDGE,Oklahoma State,Prairie View A&M,2026-01-12T17:26:00.000Z,0.85,3.0,Immediate
5141655,Kaylib,Singleton,CB,Syracuse,KaylibSingletonSyracuse,2026,Kaylib,Singleton,CB,Syracuse,Mississippi State,2026-01-06T22:57:00.000Z,0.85,3.0,Immediate
5141658,Anthony,Sacca,LB,Notre Dame,AnthonySaccaNotre Dame,2026,Anthony,Sacca,LB,Notre Dame,UCLA,2026-01-11T15:19:00.000Z,0.86,3.0,Immediate
5141664,Stone,Saunders,QB,Kentucky,StoneSaundersKentucky,2026,Stone,Saunders,QB,Kentucky,San Diego State,2026-01-06T04:16:00.000Z,0.85,3.0,Immediate
5141667,Cobey,Sellers,CB,Texas A&M,CobeySellersTexas A&M,2026,Cobey,Sellers,CB,Texas A&M,Vanderbilt,2026-01-06T00:46:00.000Z,0.86,3.0,Immediate
5141672,Maxwell,Roy,DL,Ohio State,MaxwellRoyOhio State,2026,Maxwell,Roy,DL,Ohio State,UCLA,2026-01-11T16:31:00.000Z,0.86,3.0,Immediate
5141683,Mantrez,Walker,LB,Colorado,MantrezWalkerColorado,2026,Mantrez,Walker,LB,Colorado,UAB,2026-01-19T15:10:10.000Z,0.84,3.0,Immediate
5141684,Austin,Simmons,QB,Ole Miss,AustinSimmonsOle Miss,2026,Austin,Simmons,QB,Ole Miss,Missouri,2026-01-06T13:52:00.000Z,0.93,4.0,Immediate
5141685,Amari,Wallace,DB,Miami,AmariWallaceMiami,2026,Amari,Wallace,CB,Miami,Sacramento State,2026-01-20T20:38:00.000Z,0.86,3.0,Immediate
5141689,Lamason,Waller III,WR,BYU,LamasonWaller IIIBYU,2026,Lamason,Waller III,WR,BYU,Southern Utah,2026-01-13T03:56:00.000Z,,3.0,Immediate
5141706,Rickey,Stewart Jr.,RB,Texas,RickeyStewart Jr.Texas,2026,Rickey,Stewart Jr.,RB,Texas,Stephen F. Austin,2026-01-18T18:39:00.000Z,0.85,3.0,Immediate
5141712,Bear,Tenney,TE,Sacramento State,BearTenneySacramento State,2026,Bear,Tenney,TE,Sacramento State,New Mexico,2026-02-05T16:08:00.000Z,0.85,3.0,Immediate
5141713,Kaden,Strayhorn,OL,Michigan,KadenStrayhornMichigan,2026,Kaden,Strayhorn,IOL,Michigan,Alabama,2026-01-07T00:22:00.000Z,0.86,3.0,Immediate
5141718,Matai,Tagoa'i,S,USC,MataiTagoa'iUSC,2026,Matai,Tagoa'i,LB,USC,Arizona,2026-01-12T01:58:00.000Z,0.86,3.0,Immediate
5141736,Christian,Thatcher,LB,Utah,ChristianThatcherUtah,2026,Christian,Thatcher,LB,Utah,Memphis,2026-01-09T21:36:00.000Z,0.85,3.0,Immediate
5141742,Jabree,Coleman,RB,Penn State,JabreeColemanPenn State,2026,Jabree,Coleman,RB,Penn State,South Carolina,2026-01-12T00:13:00.000Z,0.86,3.0,Immediate
5141744,Jack,Van Dorselaer,TE,Tennessee,JackVan DorselaerTennessee,2026,Jack,Van Dorselaer,TE,Tennessee,Oklahoma,2026-01-14T18:52:00.000Z,0.9,4.0,Immediate
5141745,Tavion,Wallace,LB,Arkansas,TavionWallaceArkansas,2026,Tavion,Wallace,LB,Arkansas,Kentucky,2026-01-03T21:45:00.000Z,0.87,3.0,Immediate
5141763,Amaree,Williams,EDGE,Florida State,AmareeWilliamsFlorida State,2026,Amaree,Williams,EDGE,Florida State,Mississippi State,2026-01-09T15:09:00.000Z,0.88,3.0,Immediate
5141765,Zion,Williams,DL,LSU,ZionWilliamsLSU,2026,Zion,Williams,DL,LSU,Texas,2026-01-08T21:41:05.000Z,0.86,3.0,Immediate
5141766,Jayden,Woods,EDGE,Florida,JaydenWoodsFlorida,2026,Jayden,Woods,EDGE,Florida,,2026-01-08T03:09:44.000Z,0.96,4.0,Withdrawn
5141798,Mason,Miller,LB,Iowa State,MasonMillerIowa State,2026,Mason,Miller,LB,Iowa State,,2026-01-02T05:54:00.000Z,,3.0,Immediate
5141799,Easton,Baker,LB,Illinois,EastonBakerIllinois,2026,Easton,Baker,LB,Illinois,,2025-12-02T19:50:00.000Z,0.83,3.0,Immediate
5141955,Jaydon,Smith,S,North Texas,JaydonSmithNorth Texas,2026,Jaydon,Smith,S,North Texas,UTRGV,2026-01-21T13:56:00.000Z,,3.0,Immediate
5141966,La'khi,Roland,DB,Maryland,La'khiRolandMaryland,2026,La'khi,Roland,CB,Maryland,Arkansas,2026-01-08T18:50:00.000Z,0.86,3.0,Immediate
5142228,Karson,Gordon,QB,UCLA,KarsonGordonUCLA,2026,Karson,Gordon,QB,UCLA,Austin Peay,2026-05-28T14:55:00.000Z,,3.0,Immediate
5142236,Grayson,Wilson,QB,Arkansas,GraysonWilsonArkansas,2026,Grayson,Wilson,QB,Arkansas,Boston College,2026-01-07T19:19:53.000Z,0.86,3.0,Immediate
5142319,Kyan,Berry-Johnson,WR,Wisconsin,KyanBerry-JohnsonWisconsin,2026,Kyan,Berry-Johnson,WR,Wisconsin,Sam Houston,2026-01-13T02:46:00.000Z,0.84,3.0,Immediate
5142588,Koi,Perich,DB,Minnesota,KoiPerichMinnesota,2026,Koi,Perich,S,Minnesota,Oregon,2026-01-13T03:29:00.000Z,0.95,4.0,Immediate
5142590,Elijah,Barnes,LB,Texas,ElijahBarnesTexas,2026,Elijah,Barnes,LB,Texas,Kentucky,2026-01-11T03:34:00.000Z,0.9,4.0,Immediate
5142592,CJ,May,EDGE,Louisville,CJMayLouisville,2026,CJ,May,EDGE,Louisville,Missouri,2026-01-13T23:52:00.000Z,0.86,3.0,Immediate
5142593,Antonio,Coleman,DE,Auburn,AntonioColemanAuburn,2026,Antonio,Coleman,EDGE,Auburn,Alabama A&M,2026-02-11T04:08:00.000Z,0.85,3.0,Immediate
5142603,Mark,Iheanachor,LB,SMU,MarkIheanachorSMU,2026,Mark,Iheanachor,LB,SMU,UNLV,2026-01-25T04:20:00.000Z,0.85,3.0,Immediate
5142604,Brock,Schott,TE,Miami,BrockSchottMiami,2026,Brock,Schott,TE,Miami,Indiana,2026-01-05T22:15:00.000Z,0.87,3.0,Immediate
5142606,Devin,Harper,OT,Ole Miss,DevinHarperOle Miss,2026,Devin,Harper,IOL,Ole Miss,LSU,2026-01-12T21:07:00.000Z,0.92,4.0,Immediate
5142616,Brady,O'Hara,OL,Penn State,BradyO'HaraPenn State,2026,Brady,O'Hara,IOL,Penn State,Monmouth,2026-01-21T13:30:00.000Z,,3.0,Immediate
5142694,Tah'j,Butler,LB,Georgia Tech,Tah'jButlerGeorgia Tech,2026,Tah'j,Butler,LB,Georgia Tech,Ole Miss,2026-01-16T02:34:48.000Z,0.87,3.0,Immediate
5142703,Emmanuel,Okoye,LB,Tennessee,EmmanuelOkoyeTennessee,2026,Emmanuel,Okoye,EDGE,Tennessee,California,2026-01-17T16:06:00.000Z,0.86,3.0,Immediate
5142705,Angelo,McCullom,DT,Illinois,AngeloMcCullomIllinois,2026,Angelo,McCullom,DL,Illinois,Texas A&M,2026-01-11T19:50:00.000Z,0.88,3.0,Immediate
5142706,Caden,VerMaas,DE,Nebraska,CadenVerMaasNebraska,2026,Caden,VerMaas,S,Nebraska,Rice,2026-01-10T22:21:00.000Z,0.85,3.0,Immediate
5142798,Tevis,Metcalf,DB,Michigan,TevisMetcalfMichigan,2026,Tevis,Metcalf,CB,Michigan,Tennessee,2026-01-17T16:19:00.000Z,0.85,3.0,Immediate
5143220,Eagan,Boyer,OL,Penn State,EaganBoyerPenn State,2026,Eagan,Boyer,OT,Penn State,Florida,2026-01-07T00:11:00.000Z,0.86,3.0,Immediate
5143595,Shaun,Boykins Jr.,WR,Louisville,ShaunBoykins Jr.Louisville,2026,Shaun,Boykins Jr.,RB,Louisville,Delaware State,2026-01-12T20:17:00.000Z,0.85,3.0,Immediate
5143924,Broderick,Shull,OL,Auburn,BroderickShullAuburn,2026,Broderick,Shull,OT,Auburn,Oregon State,2026-04-05T00:22:00.000Z,0.86,3.0,Immediate
5144022,Mitch,Verstegen,OL,Indiana,MitchVerstegenIndiana,2026,Mitch,Verstegen,IOL,Indiana,,2026-01-02T19:52:00.000Z,,3.0,Immediate
5144023,Jackson,Voth,WR,Drake,JacksonVothDrake,2026,Jackson,Voth,WR,Drake,Louisville,2026-01-11T04:45:00.000Z,0.84,3.0,Immediate
5144078,Ethan,Grunkemeyer,QB,Penn State,EthanGrunkemeyerPenn State,2026,Ethan,Grunkemeyer,QB,Penn State,Virginia Tech,2026-01-14T19:33:00.000Z,0.93,4.0,Immediate
5144084,Jahmari,Powell-Wonson,WR,Maryland,JahmariPowell-WonsonMaryland,2026,Jahmari,Powell-Wonson,WR,Maryland,Florida Atlantic,2026-01-03T21:34:00.000Z,,3.0,Immediate
5144161,CJ,Bass III,S,Missouri,CJBass IIIMissouri,2026,CJ,Bass III,S,Missouri,,2026-01-06T22:23:47.000Z,,3.0,Withdrawn
5144288,Ben,Grice,WR,Wake Forest,BenGriceWake Forest,2026,Ben,Grice,WR,Wake Forest,Rice,2026-01-10T16:07:00.000Z,0.84,3.0,Immediate
5144313,Michael,Merdinger,QB,Liberty,MichaelMerdingerLiberty,2026,Michael,Merdinger,QB,Liberty,Minnesota,2026-01-02T20:21:00.000Z,0.85,3.0,Immediate
5144361,Andre,Thomas,LB,Central Michigan,AndreThomasCentral Michigan,2026,Andre,Thomas,LB,Central Michigan,,2025-12-29T04:57:00.000Z,,3.0,Immediate
5144408,Briley,Brown,OL,UTSA,BrileyBrownUTSA,2026,Briley,Brown,IOL,UTSA,Houston Christian,2026-01-09T15:57:00.000Z,0.85,3.0,Immediate
5144409,Dorian,Williams,WR,Ohio State,DorianWilliamsOhio State,2026,Dorian,Williams,WR,Ohio State,Youngstown State,2026-01-16T15:33:00.000Z,,3.0,Immediate
5144685,Ma'Khi,Jones,DB,Duke,Ma'KhiJonesDuke,2026,Ma'Khi,Jones,S,Duke,Florida State,2026-01-12T22:57:00.000Z,0.87,3.0,Immediate
5144800,Toby,Mealer,OL,Louisiana Tech,TobyMealerLouisiana Tech,2026,Toby,Mealer,IOL,Louisiana Tech,Southern Miss,2026-01-07T15:06:00.000Z,,3.0,Immediate
5144801,Kenyon,Rivera,LB,Memphis,KenyonRiveraMemphis,2026,Kenyon,Rivera,LB,Memphis,Tarleton State,2026-02-05T01:00:00.000Z,0.85,3.0,Immediate
5144853,Landon,Wright,WR,Washington State,LandonWrightWashington State,2026,Landon,Wright,WR,Washington State,Boston College,2026-01-13T03:57:00.000Z,0.86,3.0,Immediate
5144965,Cole,Sullivan,LB,Michigan,ColeSullivanMichigan,2026,Cole,Sullivan,LB,Michigan,Oklahoma,2026-01-07T17:19:00.000Z,0.87,3.0,Immediate
5145122,Bodie,Kahoun,LB,Notre Dame,BodieKahounNotre Dame,2026,Bodie,Kahoun,LB,Notre Dame,Boston College,2026-01-10T19:24:00.000Z,0.85,3.0,Immediate
5145293,Payton,Stewart,OL,Michigan State,PaytonStewartMichigan State,2026,Payton,Stewart,OT,Michigan State,Colorado State,2026-01-11T23:28:00.000Z,0.85,3.0,Immediate
5145396,Miles,O'Neill,QB,Texas A&M,MilesO'NeillTexas A&M,2026,Miles,O'Neill,QB,Texas A&M,North Carolina,2026-01-06T17:50:00.000Z,0.86,3.0,Immediate
5145453,Jeremiah,Melvin,WR,Wake Forest,JeremiahMelvinWake Forest,2026,Jeremiah,Melvin,WR,Wake Forest,East Carolina,2026-01-11T16:46:00.000Z,0.86,3.0,Immediate
5145592,Tyler,Budge,QB,Georgia Southern,TylerBudgeGeorgia Southern,2026,Tyler,Budge,QB,Georgia Southern,Rhode Island,2026-01-12T01:29:00.000Z,,2.0,Immediate
5145659,Julius,Tate,OL,Coastal Carolina,JuliusTateCoastal Carolina,2026,Julius,Tate,IOL,Coastal Carolina,South Florida,2026-01-09T00:54:00.000Z,,3.0,Immediate
5145736,Dominic,Kirks,DE,Ohio State,DominicKirksOhio State,2026,Dominic,Kirks,EDGE,Ohio State,Northwestern,2026-01-22T00:50:00.000Z,0.86,3.0,Immediate
5145739,Isaiah,Patterson,LB,UNLV,IsaiahPattersonUNLV,2026,Isaiah,Patterson,LB,UNLV,West Virginia,2026-01-05T01:23:00.000Z,0.85,3.0,Immediate
5145788,Gael,Ochoa,QB,UNLV,GaelOchoaUNLV,2026,Gael,Ochoa,QB,UNLV,Rice,2026-01-06T22:36:00.000Z,,3.0,Immediate
5145819,Hayden,Hanks,DL,Boise State,HaydenHanksBoise State,2026,Hayden,Hanks,EDGE,Boise State,,2025-12-23T13:48:00.000Z,,3.0,Immediate
5145820,Cooper,Ackerman,DL,UConn,CooperAckermanUConn,2026,Cooper,Ackerman,DL,UConn,,2026-01-16T15:25:00.000Z,,3.0,Immediate
5145823,Taccofah,Lewis,OL,Memphis,TaccofahLewisMemphis,2026,Taccofah,Lewis,IOL,Memphis,,2025-12-25T05:03:00.000Z,,3.0,Immediate
5146110,Jon Jon,Kamara,LB,Kansas,Jon JonKamaraKansas,2026,Jon Jon,Kamara,LB,Kansas,Wisconsin,2026-01-05T01:44:00.000Z,0.86,3.0,Immediate
5146111,Daylen,Russell,DL,Miami,DaylenRussellMiami,2026,Daylen,Russell,DL,Miami,Louisville,2026-01-05T23:17:00.000Z,0.85,3.0,Immediate
5146274,Dashun,Reeder,RB,Northwestern,DashunReederNorthwestern,2026,Dashun,Reeder,RB,Northwestern,UConn,2026-01-24T19:31:00.000Z,0.84,3.0,Immediate
5146302,Kai,Holec,OL,Indiana State,KaiHolecIndiana State,2026,Kai,Holec,OT,Indiana State,Oklahoma State,2026-01-13T22:51:00.000Z,0.83,3.0,Immediate
5146314,Luke,Work,OL,Mississippi State,LukeWorkMississippi State,2026,Luke,Work,OT,Mississippi State,Missouri,2026-01-07T22:34:00.000Z,0.89,3.0,Immediate
5146315,Greydon,Grimes,OL,Kansas,GreydonGrimesKansas,2026,Greydon,Grimes,OT,Kansas,App State,2026-01-10T16:23:00.000Z,0.85,3.0,Immediate
5146355,AJ,Hairston,QB,Massachusetts,AJHairstonMassachusetts,2026,AJ,Hairston,QB,Massachusetts,Merrimack,2026-01-15T00:25:00.000Z,,3.0,Immediate
5146422,Xavier,Gilliam,DL,Penn State,XavierGilliamPenn State,2026,Xavier,Gilliam,DL,Penn State,Tennessee,2026-01-09T00:50:00.000Z,0.94,4.0,Immediate
5146424,Deryc,Plazz,OL,Miami,DerycPlazzMiami,2026,Deryc,Plazz,OT,Miami,Auburn,2026-01-20T23:50:00.000Z,0.86,3.0,Immediate
5146427,Xakery,Wiedner,WR,Coastal Carolina,XakeryWiednerCoastal Carolina,2026,Xakery,Wiedner,WR,Coastal Carolina,West Florida,2026-01-27T20:11:16.000Z,,3.0,Immediate
5146577,Davion,Pritchard,DB,Pittsburgh,DavionPritchardPittsburgh,2026,Davion,Pritchard,CB,Pittsburgh,Kent State,2026-01-14T21:43:00.000Z,0.84,3.0,Immediate
5146578,Josh,Raymond,OL,Florida State,JoshRaymondFlorida State,2026,Josh,Raymond,IOL,Florida State,Georgia Southern,2026-01-18T22:28:00.000Z,0.84,3.0,Immediate
5146579,Vernon,Woodward III,S,Illinois,VernonWoodward IIIIllinois,2026,Vernon,Woodward III,CB,Illinois,Jacksonville State,2026-01-12T16:47:00.000Z,0.85,3.0,Immediate
5146636,Arthur,Ban,TE,San Diego State,ArthurBanSan Diego State,2026,Arthur,Ban,TE,San Diego State,Arizona,2026-01-09T01:50:00.000Z,0.85,3.0,Immediate
5146664,Henry,Hasselbeck,QB,UCLA,HenryHasselbeckUCLA,2026,Henry,Hasselbeck,QB,UCLA,App State,2026-01-09T00:26:00.000Z,,3.0,Immediate
5146665,Evan,Lawrence,OL,Indiana,EvanLawrenceIndiana,2026,Evan,Lawrence,OT,Indiana,San Diego State,2026-01-21T16:33:00.000Z,0.87,3.0,Immediate
5146666,Noah,Lugo,QB,UTSA,NoahLugoUTSA,2026,Noah,Lugo,QB,UTSA,Southern Utah,2026-01-11T01:18:00.000Z,,3.0,Immediate
5146667,Khristian,Martin,QB,Maryland,KhristianMartinMaryland,2026,Khristian,Martin,QB,Maryland,Fresno State,2026-01-10T00:27:00.000Z,0.85,3.0,Immediate
5146673,Christian,Zachary,WR,NC State,ChristianZacharyNC State,2026,Christian,Zachary,WR,NC State,Sam Houston,2026-02-03T01:23:00.000Z,,3.0,Immediate
5146681,Eze,Osondu,LB,California,EzeOsonduCalifornia,2026,Eze,Osondu,LB,California,UTSA,2026-01-07T19:00:00.000Z,,3.0,Immediate
5146686,Cael,Brezina,LB,Iowa State,CaelBrezinaIowa State,2026,Cael,Brezina,LB,Iowa State,Penn State,2026-01-04T23:10:00.000Z,0.87,3.0,Immediate
5146713,Locklan,Hewlett,QB,South Florida,LocklanHewlettSouth Florida,2026,Locklan,Hewlett,QB,South Florida,Auburn,2026-01-03T17:24:00.000Z,0.85,3.0,Immediate
5146724,Turbo,Richard,RB,Boston College,TurboRichardBoston College,2026,Turbo,Richard,RB,Boston College,Indiana,2026-01-04T22:35:00.000Z,0.88,3.0,Immediate
5146726,Kiefer,Sibley,RB,North Texas,KieferSibleyNorth Texas,2026,Kiefer,Sibley,RB,North Texas,,2026-01-02T01:39:00.000Z,,3.0,Immediate
5146740,Cooper,Alexander,TE,Iowa State,CooperAlexanderIowa State,2026,Cooper,Alexander,TE,Iowa State,Penn State,2026-01-10T00:36:00.000Z,0.88,3.0,Immediate
5146742,Khijohnn,Cummings-Coleman,S,Iowa State,KhijohnnCummings-ColemanIowa State,2026,Khijohnn,Cummings-Coleman,S,Iowa State,Kansas,2026-01-08T23:32:00.000Z,0.85,3.0,Immediate
5146745,Jacob,Emmers,WR,Tulsa,JacobEmmersTulsa,2026,Jacob,Emmers,WR,Tulsa,,2025-12-10T16:20:00.000Z,,3.0,Immediate
5146746,Jayden,Fortier,TE,Arizona State,JaydenFortierArizona State,2026,Jayden,Fortier,TE,Arizona State,Stephen F. Austin,2026-01-13T13:00:00.000Z,0.85,3.0,Immediate
5146747,Javarius,Green,WR,North Carolina,JavariusGreenNorth Carolina,2026,Javarius,Green,WR,North Carolina,Boston College,2026-01-06T02:31:36.000Z,0.85,3.0,Immediate
5146748,Tre',Griffiths,WR,Oklahoma State,Tre'GriffithsOklahoma State,2026,Tre',Griffiths,WR,Oklahoma State,Hawai'i,2026-01-15T05:07:00.000Z,0.85,3.0,Immediate
5146751,Jose,Leon,WR,App State,JoseLeonApp State,2026,Jose,Leon,WR,App State,Bryant,2026-02-02T17:02:00.000Z,,3.0,Immediate
5146753,Shamar,Rigby,WR,Oklahoma State,ShamarRigbyOklahoma State,2026,Shamar,Rigby,WR,Oklahoma State,Wisconsin,2026-01-04T15:15:00.000Z,0.88,3.0,Immediate
5146756,Jordan,Washington,TE,Texas,JordanWashingtonTexas,2026,Jordan,Washington,TE,Texas,North Carolina,2026-01-11T15:54:00.000Z,0.88,3.0,Immediate
5146768,Kaedin,Massey,OL,Kansas State,KaedinMasseyKansas State,2026,Kaedin,Massey,OT,Kansas State,James Madison,2026-01-15T01:45:00.000Z,0.86,3.0,Immediate
5146769,Dominic,Toy,TE,UConn,DominicToyUConn,2026,Dominic,Toy,TE,UConn,Colorado State,2026-01-14T12:56:00.000Z,0.83,3.0,Immediate
5146770,Khalil,Witherspoon,TE,Akron,KhalilWitherspoonAkron,2026,Khalil,Witherspoon,TE,Akron,,2026-01-06T21:09:00.000Z,,3.0,Immediate
5146777,Jude,Foster,OL,Ole Miss,JudeFosterOle Miss,2026,Jude,Foster,IOL,Ole Miss,Liberty,2026-01-11T14:40:00.000Z,0.85,3.0,Immediate
5146785,Tye,Hylton,OL,Florida State,TyeHyltonFlorida State,2026,Tye,Hylton,OT,Florida State,Louisiana Tech,2026-01-21T17:46:00.000Z,0.85,3.0,Immediate
5146788,Marcus,Mascoll,OL,Florida,MarcusMascollFlorida,2026,Marcus,Mascoll,IOL,Florida,Georgia State,2026-01-12T00:06:00.000Z,0.85,3.0,Immediate
5146790,Jack,Small,OL,Duke,JackSmallDuke,2026,Jack,Small,OT,Duke,Delaware,2026-01-23T20:50:00.000Z,0.85,3.0,Immediate
5146796,King,Large,OL,SMU,KingLargeSMU,2026,King,Large,OT,SMU,Missouri State,2026-01-11T20:18:00.000Z,0.85,3.0,Immediate
5146797,Mercer,Luniewski,OL,Michigan State,MercerLuniewskiMichigan State,2026,Mercer,Luniewski,OT,Michigan State,San Diego State,2026-01-04T15:26:00.000Z,,3.0,Immediate
5146808,Landen,Marshall,DT,Georgia Tech,LandenMarshallGeorgia Tech,2026,Landen,Marshall,DL,Georgia Tech,,2026-01-17T05:34:00.000Z,,3.0,Immediate
5146814,Carson,Van Dinter,S,Iowa State,CarsonVan DinterIowa State,2026,Carson,Van Dinter,S,Iowa State,Wisconsin,2026-01-03T15:15:00.000Z,0.85,3.0,Immediate
5146829,Coen,Echols,OL,LSU,CoenEcholsLSU,2026,Coen,Echols,IOL,LSU,Texas A&M,2026-01-04T23:10:00.000Z,0.87,3.0,Immediate
5146832,Fred,Johnson,OL,Louisville,FredJohnsonLouisville,2026,Fred,Johnson,IOL,Louisville,,2026-01-02T14:38:00.000Z,,3.0,Immediate
5146834,Zuri,Madison,OL,Arkansas State,ZuriMadisonArkansas State,2026,Zuri,Madison,IOL,Arkansas State,,2026-01-04T19:16:00.000Z,,3.0,Immediate
5146838,Moritz,Schmoranzer,OL,App State,MoritzSchmoranzerApp State,2026,Moritz,Schmoranzer,IOL,App State,Wofford,2026-01-12T01:36:00.000Z,0.83,3.0,Immediate
5146841,Derek,Joiner,OL,Houston,DerekJoinerHouston,2026,Derek,Joiner,IOL,Houston,Tarleton State,2026-02-04T21:34:00.000Z,,3.0,Immediate
5146843,Rustin,Young,OL,Michigan State,RustinYoungMichigan State,2026,Rustin,Young,OT,Michigan State,,2026-01-09T18:57:00.000Z,0.86,3.0,Withdrawn
5146849,Carter,Lavrusky,OL,Kansas,CarterLavruskyKansas,2026,Carter,Lavrusky,OT,Kansas,Northern Arizona,2026-01-13T23:29:00.000Z,,3.0,Immediate
5146850,Jadon,Lafontant,OL,Boston College,JadonLafontantBoston College,2026,Jadon,Lafontant,IOL,Boston College,Rhode Island,2026-01-11T02:39:22.000Z,,3.0,Immediate
5146854,Nuku,Mafi,OL,Oklahoma State,NukuMafiOklahoma State,2026,Nuku,Mafi,OT,Oklahoma State,Purdue,2026-01-08T22:10:00.000Z,0.85,3.0,Immediate
5146855,Charlton,Luniewski,OL,Michigan State,CharltonLuniewskiMichigan State,2026,Charlton,Luniewski,IOL,Michigan State,San Diego State,2026-01-04T15:26:00.000Z,,3.0,Immediate
5146856,Eric,Mensah,DL,Ohio State,EricMensahOhio State,2026,Eric,Mensah,DL,Ohio State,Virginia Tech,2026-01-11T20:08:00.000Z,0.86,3.0,Immediate
5146859,Herb,Gray,DL,Tennessee,HerbGrayTennessee,2026,Herb,Gray,DL,Tennessee,UNLV,2026-01-14T18:00:00.000Z,0.86,3.0,Immediate
5146860,Temerrick,Johnson,LB,Oklahoma State,TemerrickJohnsonOklahoma State,2026,Temerrick,Johnson,EDGE,Oklahoma State,Hutchinson C.C.,2026-01-20T01:58:00.000Z,0.84,3.0,Immediate
5146861,Caleb,Redd,DE,Kansas,CalebReddKansas,2026,Caleb,Redd,EDGE,Kansas,Eastern Kentucky,2026-01-20T04:50:00.000Z,0.85,3.0,Immediate
5146863,Dylan,Sikorski,OL,Oregon State,DylanSikorskiOregon State,2026,Dylan,Sikorski,IOL,Oregon State,Texas,2026-01-09T18:21:00.000Z,0.86,3.0,Immediate
5146865,Kobe,Williams,OL,Arkansas State,KobeWilliamsArkansas State,2026,Kobe,Williams,IOL,Arkansas State,,2026-01-17T05:12:00.000Z,,,Immediate
5146867,Maurice,Davis,DL,Louisville,MauriceDavisLouisville,2026,Maurice,Davis,EDGE,Louisville,,2026-01-06T06:57:00.000Z,,3.0,Immediate
5146872,Jayce,Mitchell,OL,Tulane,JayceMitchellTulane,2026,Jayce,Mitchell,IOL,Tulane,Louisiana,2026-01-13T18:18:00.000Z,0.84,3.0,Immediate
5146887,Michai,Boireau,DT,Florida,MichaiBoireauFlorida,2026,Michai,Boireau,DL,Florida,Ole Miss,2026-01-06T00:29:00.000Z,0.92,4.0,Immediate
5146890,DeNigel,Cooper,DL,App State,DeNigelCooperApp State,2026,DeNigel,Cooper,DL,App State,Wisconsin,2026-01-16T15:35:00.000Z,0.86,3.0,Immediate
5146899,Carlon,Jones,DL,USC,CarlonJonesUSC,2026,Carlon,Jones,DL,USC,Arkansas,2026-01-06T19:33:00.000Z,0.86,3.0,Immediate
5146905,Shamar,Meikle,LB,Oregon State,ShamarMeikleOregon State,2026,Shamar,Meikle,EDGE,Oregon State,South Florida,2026-01-05T21:09:00.000Z,0.85,3.0,Immediate
5146907,Zaiden,Wallace,DL,Nevada,ZaidenWallaceNevada,2026,Zaiden,Wallace,DL,Nevada,,2026-01-02T15:07:00.000Z,,3.0,Immediate
5146913,Shamar,Riser-Pressley,EDGE,Buffalo,ShamarRiser-PressleyBuffalo,2026,Shamar,Riser-Pressley,EDGE,Buffalo,UConn,2026-01-24T07:44:00.000Z,0.85,3.0,Immediate
5146914,Tyreek'e,Robinson,DT,UCF,Tyreek'eRobinsonUCF,2026,Tyreek'e,Robinson,DL,UCF,East Tennessee State,2026-01-12T17:52:00.000Z,,3.0,Immediate
5146941,Mason,Fleming,DL,Tulsa,MasonFlemingTulsa,2026,Mason,Fleming,DL,Tulsa,Austin Peay,2026-01-24T05:27:00.000Z,,3.0,Immediate
5146968,Elijah,Kinsler,DL,Southern Miss,ElijahKinslerSouthern Miss,2026,Elijah,Kinsler,DL,Southern Miss,Memphis,2026-01-05T18:10:00.000Z,,3.0,Immediate
5146973,Harper,Holloman,EDGE,Western Kentucky,HarperHollomanWestern Kentucky,2026,Harper,Holloman,EDGE,Western Kentucky,West Virginia,2026-01-10T04:19:00.000Z,0.86,3.0,Immediate
5146974,Josh,Alexander-Felton,DE,NC State,JoshAlexander-FeltonNC State,2026,Josh,Alexander-Felton,DL,NC State,,2025-12-12T17:46:00.000Z,,3.0,Immediate
5146975,Derrick,McCormick Jr.,LB,South Florida,DerrickMcCormick Jr.South Florida,2026,Derrick,McCormick Jr.,LB,South Florida,South Carolina State,2026-02-04T13:38:00.000Z,,3.0,Immediate
5146976,Tyler,McKinstry,DB,Toledo,TylerMcKinstryToledo,2026,Tyler,McKinstry,CB,Toledo,UConn,2026-01-24T17:57:00.000Z,0.82,3.0,Immediate
5146987,Brandon,Young Jr.,TE,North Texas,BrandonYoung Jr.North Texas,2026,Brandon,Young Jr.,TE,North Texas,UTSA,2026-01-11T19:23:00.000Z,0.83,3.0,Immediate
5146991,Kavion,Benton,DL,Memphis,KavionBentonMemphis,2026,Kavion,Benton,EDGE,Memphis,,2025-12-25T04:56:00.000Z,,3.0,Immediate
5147044,Montreze,Smith Jr.,LB,Austin Peay,MontrezeSmith Jr.Austin Peay,2026,Montreze,Smith Jr.,LB,Austin Peay,Iowa State,2026-01-05T03:22:00.000Z,0.85,3.0,Immediate
5147069,Kory,Hall,WR,Colorado State,KoryHallColorado State,2026,Kory,Hall,WR,Colorado State,,2026-01-11T15:47:00.000Z,,3.0,Immediate
5147144,Elijah,Groves,LB,NC State,ElijahGrovesNC State,2026,Elijah,Groves,LB,NC State,Sam Houston,2026-01-10T20:18:00.000Z,0.86,3.0,Immediate
5147145,Khmori,House,DB,North Carolina,KhmoriHouseNorth Carolina,2026,Khmori,House,LB,North Carolina,Arkansas,2026-01-07T18:54:00.000Z,0.9,4.0,Immediate
5147148,Justin,Logan,LB,Arkansas,JustinLoganArkansas,2026,Justin,Logan,LB,Arkansas,Tennessee State,2026-01-16T06:08:00.000Z,0.85,3.0,Immediate
5147152,Stratton,Shufelt,LB,UTEP,StrattonShufeltUTEP,2026,Stratton,Shufelt,LB,UTEP,Missouri State,2026-01-20T21:48:00.000Z,0.84,3.0,Immediate
5147158,Tanner,Williams,LB,San Diego State,TannerWilliamsSan Diego State,2026,Tanner,Williams,LB,San Diego State,Montana,2026-01-11T20:47:00.000Z,,3.0,Immediate
5147162,Jivan,Baly,CB,NC State,JivanBalyNC State,2026,Jivan,Baly,CB,NC State,Old Dominion,2026-01-18T20:25:00.000Z,0.85,3.0,Immediate
5147164,James,Chenault,CB,South Florida,JamesChenaultSouth Florida,2026,James,Chenault,CB,South Florida,Utah,2026-01-13T01:19:00.000Z,0.86,3.0,Immediate
5147166,Kyren,Condoll,CB,Duke,KyrenCondollDuke,2026,Kyren,Condoll,CB,Duke,Rice,2026-01-10T22:23:00.000Z,0.84,3.0,Immediate
5147170,Teddy,Foster,CB,Florida,TeddyFosterFlorida,2026,Teddy,Foster,CB,Florida,South Florida,2026-01-06T13:21:00.000Z,0.86,3.0,Immediate
5147178,Devon,Jordan,DB,Oklahoma,DevonJordanOklahoma,2026,Devon,Jordan,CB,Oklahoma,Baylor,2026-01-05T17:22:00.000Z,0.86,3.0,Immediate
5147180,Nikko,Klemm,DB,Arizona State,NikkoKlemmArizona State,2026,Nikko,Klemm,S,Arizona State,Sacramento State,2026-01-12T00:45:00.000Z,,3.0,Immediate
5147185,Ashton,McShane,CB,Boston College,AshtonMcShaneBoston College,2026,Ashton,McShane,CB,Boston College,Liberty,2026-01-09T19:02:00.000Z,0.85,3.0,Immediate
5147187,Joshua,Ofor,LB,NC State,JoshuaOforNC State,2026,Joshua,Ofor,LB,NC State,Arkansas State,2026-01-18T16:06:00.000Z,0.86,3.0,Immediate
5147188,Eduwa,Okundaye,DL,Arizona,EduwaOkundayeArizona,2026,Eduwa,Okundaye,EDGE,Arizona,Washington State,2026-01-08T19:52:00.000Z,0.86,3.0,Immediate
5147196,Curtis,Simpson,DL,Charlotte,CurtisSimpsonCharlotte,2026,Curtis,Simpson,EDGE,Charlotte,,2025-12-30T21:17:00.000Z,0.85,3.0,Immediate
5147199,Guylijah,Theodule,CB,Southern Miss,GuylijahTheoduleSouthern Miss,2026,Guylijah,Theodule,CB,Southern Miss,UAB,2026-01-12T17:19:00.000Z,0.86,3.0,Immediate
5147202,Deuce,Walker,S,Georgia State,DeuceWalkerGeorgia State,2026,Deuce,Walker,S,Georgia State,,2025-12-04T14:30:00.000Z,,3.0,Immediate
5147203,Chase,Tyler,WR,Duke,ChaseTylerDuke,2026,Chase,Tyler,WR,Duke,Wake Forest,2026-01-05T15:27:53.000Z,0.86,3.0,Immediate
5147217,Jason,Cross Jr.,S,West Virginia,JasonCross Jr.West Virginia,2026,Jason,Cross Jr.,S,West Virginia,North Texas,2026-01-07T23:11:00.000Z,,3.0,Immediate
5147222,Cedric,Franklin II,DB,Arkansas State,CedricFranklin IIArkansas State,2026,Cedric,Franklin II,CB,Arkansas State,Ball State,2026-01-12T22:21:02.000Z,0.83,3.0,Immediate
5147230,LaVonte,Johnson,CB,Rice,LaVonteJohnsonRice,2026,LaVonte,Johnson,S,Rice,,2025-12-25T05:19:00.000Z,,3.0,Immediate
5147235,Kemari,Nix,LB,Arkansas State,KemariNixArkansas State,2026,Kemari,Nix,S,Arkansas State,,2025-12-13T05:08:00.000Z,,3.0,Immediate
5147337,Witt,Edwards,WR,Vanderbilt,WittEdwardsVanderbilt,2026,Witt,Edwards,TE,Vanderbilt,Missouri State,2026-01-17T13:27:00.000Z,0.85,3.0,Immediate
5147344,Tyson,Turner,WR,Texas Tech,TysonTurnerTexas Tech,2026,Tyson,Turner,WR,Texas Tech,Houston,2026-01-10T16:43:00.000Z,0.85,3.0,Immediate
5147351,Anthony,Robinson III,S,Ole Miss,AnthonyRobinson IIIOle Miss,2026,Anthony,Robinson III,S,Ole Miss,,2026-01-15T16:36:00.000Z,,3.0,Withdrawn
5147352,Andrew,Steger,OL,Eastern Michigan,AndrewStegerEastern Michigan,2026,Andrew,Steger,OT,Eastern Michigan,,2025-12-09T06:00:00.000Z,,3.0,Immediate
5147373,Kylan,Billiot,WR,LSU,KylanBilliotLSU,2026,Kylan,Billiot,WR,LSU,James Madison,2026-01-09T23:30:00.000Z,0.86,3.0,Immediate
5147376,Kameron,Courtney,WR,Virginia,KameronCourtneyVirginia,2026,Kameron,Courtney,WR,Virginia,,2026-01-16T15:27:00.000Z,,3.0,Withdrawn
5147377,Terrelle,Elmore,LB,Eastern Michigan,TerrelleElmoreEastern Michigan,2026,Terrelle,Elmore,LB,Eastern Michigan,,2026-01-02T18:35:00.000Z,,2.0,Immediate
5147380,Devin,Green,RB,Utah,DevinGreenUtah,2026,Devin,Green,RB,Utah,,2026-01-02T15:05:00.000Z,,3.0,Immediate
5147381,Zae,Jennings,S,West Virginia,ZaeJenningsWest Virginia,2026,Zae,Jennings,CB,West Virginia,,2025-12-08T23:21:00.000Z,0.85,3.0,Immediate
5147383,Ahkhari,Johnson,DB,Arkansas,AhkhariJohnsonArkansas,2026,Ahkhari,Johnson,CB,Arkansas,Louisiana Tech,2026-01-11T20:20:00.000Z,0.85,3.0,Immediate
5147384,Demeco,Kennedy,DL,Purdue,DemecoKennedyPurdue,2026,Demeco,Kennedy,DL,Purdue,Louisville,2026-01-07T01:31:00.000Z,0.86,3.0,Immediate
5147385,Noel,Portnjagin,OL,Florida,NoelPortnjaginFlorida,2026,Noel,Portnjagin,IOL,Florida,James Madison,2026-01-16T22:02:00.000Z,0.85,3.0,Immediate
5147463,Tyler,Stewart,WR,Temple,TylerStewartTemple,2026,Tyler,Stewart,WR,Temple,Indiana State,2026-01-12T16:06:00.000Z,,3.0,Immediate
5147489,Kaleb,Neal,DB,App State,KalebNealApp State,2026,Kaleb,Neal,S,App State,Eastern Kentucky,2026-01-17T20:01:00.000Z,,3.0,Immediate
5147679,Nehemiah,Chandler,DB,South Alabama,NehemiahChandlerSouth Alabama,2026,Nehemiah,Chandler,CB,South Alabama,Florida State,2026-01-03T21:51:00.000Z,0.86,3.0,Immediate
5147682,Gideon,Herbert,DE,Arkansas State,GideonHerbertArkansas State,2026,Gideon,Herbert,EDGE,Arkansas State,East Tennessee State,2026-01-14T00:13:00.000Z,,3.0,Immediate
5147685,Josiah,McLaurin,RB,Maryland,JosiahMcLaurinMaryland,2026,Josiah,McLaurin,RB,Maryland,Marshall,2026-04-07T18:42:00.000Z,0.84,3.0,Immediate
5147688,Braylen,Prude,CB,Nebraska,BraylenPrudeNebraska,2026,Braylen,Prude,S,Nebraska,,2026-01-06T19:22:00.000Z,,3.0,Withdrawn
5147692,Damaine,Wilson,LB,Georgia State,DamaineWilsonGeorgia State,2026,Damaine,Wilson,LB,Georgia State,Cincinnati,2026-01-08T21:21:27.000Z,0.85,3.0,Immediate
5147721,Kene,Anene,OL,Kansas,KeneAneneKansas,2026,Kene,Anene,IOL,Kansas,North Dakota State,2026-01-05T15:56:00.000Z,0.85,3.0,Immediate
5147722,Callen,Barta,WR,Kansas State,CallenBartaKansas State,2026,Callen,Barta,WR,Kansas State,Emporia State,2026-01-10T17:21:00.000Z,0.85,3.0,Immediate
5147723,Jackson,Barton,S,Nevada,JacksonBartonNevada,2026,Jackson,Barton,S,Nevada,San José State,2026-02-01T22:31:00.000Z,0.81,3.0,Immediate
5147725,Bucci,Farmer,DL,App State,BucciFarmerApp State,2026,Bucci,Farmer,DL,App State,Old Dominion,2026-01-08T16:13:00.000Z,0.84,3.0,Immediate
5147727,Asher,Hale,OL,South Alabama,AsherHaleSouth Alabama,2026,Asher,Hale,IOL,South Alabama,Baylor,2026-01-06T22:54:33.000Z,0.85,3.0,Immediate
5147728,Devin,Henderson,S,Liberty,DevinHendersonLiberty,2026,Devin,Henderson,S,Liberty,App State,2026-01-12T20:33:00.000Z,0.85,3.0,Immediate
5147736,Brendan,Zurbrugg,QB,Utah,BrendanZurbruggUtah,2026,Brendan,Zurbrugg,QB,Utah,Walsh,2026-02-02T01:07:00.000Z,,3.0,Immediate
5147757,Arrington,Maiden,QB,Memphis,ArringtonMaidenMemphis,2026,Arrington,Maiden,QB,Memphis,James Madison,2026-01-08T16:05:00.000Z,,3.0,Immediate
5147844,Tyreek,Major,OL,South Florida,TyreekMajorSouth Florida,2026,Tyreek,Major,IOL,South Florida,Western Kentucky,2026-01-16T21:37:00.000Z,0.84,3.0,Immediate
5147860,Felix,Doege,OL,App State,FelixDoegeApp State,2026,Felix,Doege,IOL,App State,Rhode Island,2026-01-10T16:04:00.000Z,,3.0,Immediate
5147861,Adam,Mohammed,RB,Washington,AdamMohammedWashington,2026,Adam,Mohammed,RB,Washington,California,2026-01-06T22:22:00.000Z,0.92,4.0,Immediate
5147863,Ed'Mari,Binion,DL,Colorado State,Ed'MariBinionColorado State,2026,Ed'Mari,Binion,EDGE,Colorado State,,2025-12-25T01:07:00.000Z,,3.0,Immediate
5147864,Makari,Bodiford,RB,Memphis,MakariBodifordMemphis,2026,Makari,Bodiford,RB,Memphis,Kansas State,2026-01-21T17:16:00.000Z,0.85,3.0,Immediate
5147872,Matthew,Wilson,QB,App State,MatthewWilsonApp State,2026,Matthew,Wilson,QB,App State,Austin Peay,2026-01-24T20:24:00.000Z,,3.0,Immediate
5147931,Ben,Scolari,WR,San Diego State,BenScolariSan Diego State,2026,Ben,Scolari,WR,San Diego State,,2025-12-31T04:32:00.000Z,,3.0,Immediate
5147933,Rickey,Williams,LB,Toledo,RickeyWilliamsToledo,2026,Rickey,Williams,LB,Toledo,UConn,2026-01-24T17:34:00.000Z,0.85,3.0,Immediate
5147969,Cyrus,Reyes,DB,Mississippi State,CyrusReyesMississippi State,2026,Cyrus,Reyes,S,Mississippi State,Kentucky,2026-01-11T03:34:00.000Z,0.85,3.0,Immediate
5148301,Derek,Pennington,LB,Western Michigan,DerekPenningtonWestern Michigan,2026,Derek,Pennington,LB,Western Michigan,,2026-01-06T20:56:00.000Z,,3.0,Immediate
5148303,Eli,Sisson,TE,Liberty,EliSissonLiberty,2026,Eli,Sisson,TE,Liberty,,2025-12-08T20:47:00.000Z,,3.0,Immediate
5148315,Joseph,Dodds,RB,Baylor,JosephDoddsBaylor,2026,Joseph,Dodds,RB,Baylor,Stephen F. Austin,2026-01-14T02:05:00.000Z,0.85,3.0,Immediate
5148359,Nylan,Brown,LB,Kent State,NylanBrownKent State,2026,Nylan,Brown,LB,Kent State,Washington State,2026-01-04T21:45:51.000Z,0.85,3.0,Immediate
5148360,Ephraim,Dotson,CB,Rice,EphraimDotsonRice,2026,Ephraim,Dotson,CB,Rice,Lamar,2026-01-22T13:15:00.000Z,,3.0,Immediate
5148380,Jordan,Pierro,DB,Louisiana Tech,JordanPierroLouisiana Tech,2026,Jordan,Pierro,CB,Louisiana Tech,Eastern Washington,2026-02-04T18:44:00.000Z,,3.0,Immediate
5148413,Elijah,Cannon,CB,Mississippi State,ElijahCannonMississippi State,2026,Elijah,Cannon,CB,Mississippi State,Kansas,2026-01-09T02:45:00.000Z,0.85,3.0,Immediate
5148417,Dontrae,Henderson,CB,Indiana,DontraeHendersonIndiana,2026,Dontrae,Henderson,CB,Indiana,Arkansas State,2026-01-20T13:42:00.000Z,0.79,2.0,Immediate
5148424,Nick,Segarra,TE,Ohio,NickSegarraOhio,2026,Nick,Segarra,TE,Ohio,Furman,2026-01-23T05:42:00.000Z,,3.0,Immediate
5148535,Brett,Eskildsen,WR,Iowa State,BrettEskildsenIowa State,2026,Brett,Eskildsen,WR,Iowa State,Penn State,2026-01-04T22:02:00.000Z,0.89,3.0,Immediate
5148599,Carius,Curne,OL,LSU,CariusCurneLSU,2026,Carius,Curne,OT,LSU,Ole Miss,2026-01-06T15:14:00.000Z,0.94,4.0,Immediate
5148602,Christian,Hudson,DL,Colorado,ChristianHudsonColorado,2026,Christian,Hudson,DL,Colorado,Boston College,2026-01-11T00:28:00.000Z,0.85,3.0,Immediate
5148610,Cree,Thomas,DB,Notre Dame,CreeThomasNotre Dame,2026,Cree,Thomas,CB,Notre Dame,Colorado,2026-01-07T22:16:00.000Z,0.87,3.0,Immediate
5148620,JaDon,Blair,S,Notre Dame,JaDonBlairNotre Dame,2026,JaDon,Blair,S,Notre Dame,Missouri,2026-01-07T01:26:00.000Z,0.87,3.0,Immediate
5148625,Everett,Small,OL,Eastern Michigan,EverettSmallEastern Michigan,2026,Everett,Small,OT,Eastern Michigan,Rutgers,2026-01-09T21:03:00.000Z,0.85,3.0,Immediate
5148634,Amarion,Fortenberry,CB,Kansas State,AmarionFortenberryKansas State,2026,Amarion,Fortenberry,CB,Kansas State,South Florida,2026-01-11T17:07:00.000Z,0.85,3.0,Immediate
5148635,Tyler,Mercer,OL,Kansas,TylerMercerKansas,2026,Tyler,Mercer,IOL,Kansas,Oklahoma State,2026-01-06T20:17:00.000Z,0.85,3.0,Immediate
5148648,Draden,Fullbright,CB,Oklahoma State,DradenFullbrightOklahoma State,2026,Draden,Fullbright,CB,Oklahoma State,UAB,2026-01-12T21:27:00.000Z,0.86,3.0,Immediate
5148654,Jaylen,Patterson,QB,New Mexico State,JaylenPattersonNew Mexico State,2026,Jaylen,Patterson,QB,New Mexico State,Sacramento State,2026-01-14T00:04:00.000Z,0.83,3.0,Immediate
5148660,Micah,Matthews,WR,Virginia Tech,MicahMatthewsVirginia Tech,2026,Micah,Matthews,WR,Virginia Tech,James Madison,2026-01-22T19:16:00.000Z,0.86,3.0,Immediate
5148729,Rondell,Carter,S,Troy,RondellCarterTroy,2026,Rondell,Carter,S,Troy,,2025-12-19T05:50:00.000Z,,3.0,Immediate
5148739,Caden,Vanderbush,TE,Eastern Michigan,CadenVanderbushEastern Michigan,2026,Caden,Vanderbush,TE,Eastern Michigan,,2025-12-10T06:00:00.000Z,,2.0,Immediate
5148741,Khamani,Alexander,RB,App State,KhamaniAlexanderApp State,2026,Khamani,Alexander,RB,App State,Charlotte,2026-01-05T22:26:00.000Z,,3.0,Immediate
5148787,Wyatt,Young,WR,North Texas,WyattYoungNorth Texas,2026,Wyatt,Young,WR,North Texas,Oklahoma State,2026-01-04T23:56:00.000Z,0.93,4.0,Immediate
5148822,Chris,Barnes,WR,Wake Forest,ChrisBarnesWake Forest,2026,Chris,Barnes,WR,Wake Forest,Oklahoma State,2026-01-11T01:51:00.000Z,0.9,4.0,Immediate
5148825,Jon,Morris,LB,UConn,JonMorrisUConn,2026,Jon,Morris,LB,UConn,Duke,2026-01-09T00:30:00.000Z,0.84,3.0,Immediate
5148826,Bryce,Rowe,DB,Central Michigan,BryceRoweCentral Michigan,2026,Bryce,Rowe,CB,Central Michigan,,2026-01-01T15:40:00.000Z,,3.0,Immediate
5148836,O'Marion,Lewis,DB,East Carolina,O'MarionLewisEast Carolina,2026,O'Marion,Lewis,S,East Carolina,Campbell,2026-01-13T02:53:00.000Z,,3.0,Immediate
5148841,Ira,Singleton,DE,South Florida,IraSingletonSouth Florida,2026,Ira,Singleton,EDGE,South Florida,SMU,2026-01-06T23:40:00.000Z,0.86,3.0,Immediate
5148845,Achilles,Woods,DT,South Alabama,AchillesWoodsSouth Alabama,2026,Achilles,Woods,DL,South Alabama,LSU,2026-01-11T14:30:00.000Z,0.85,3.0,Immediate
5148848,Javion,White,DB,Tulane,JavionWhiteTulane,2026,Javion,White,S,Tulane,Houston,2026-01-13T17:36:00.000Z,0.87,3.0,Immediate
5148883,Michael,Matthews-Canty,LB,Hampton,MichaelMatthews-CantyHampton,2026,Michael,Matthews-Canty,LB,Hampton,Auburn,2026-01-23T03:32:00.000Z,0.85,3.0,Immediate
5148887,Jyron,Waiters,WR,East Carolina,JyronWaitersEast Carolina,2026,Jyron,Waiters,WR,East Carolina,Campbell,2026-01-15T03:14:00.000Z,,3.0,Immediate
5148904,Jacques,Spradley-Demps,WR,Kansas State,JacquesSpradley-DempsKansas State,2026,Jacques,Spradley-Demps,WR,Kansas State,Kilgore College,2026-01-14T23:03:00.000Z,0.85,3.0,Immediate
5148905,Carter,Vargas,RB,UC Davis,CarterVargasUC Davis,2026,Carter,Vargas,RB,UC Davis,California,2026-01-07T22:34:00.000Z,0.86,3.0,Immediate
5148935,Dermaricus,Davis,QB,Hawai'i,DermaricusDavisHawai'i,2026,Dermaricus,Davis,QB,Hawai'i,Cal Poly,2026-01-27T21:46:00.000Z,,4.0,Immediate
5148944,Amar,Reynolds,DB,Illinois,AmarReynoldsIllinois,2026,Amar,Reynolds,CB,Illinois,Florida Atlantic,2026-01-07T17:02:00.000Z,,3.0,Immediate
5148945,Hasaan,Sykes,DB,Western Carolina,HasaanSykesWestern Carolina,2026,Hasaan,Sykes,CB,Western Carolina,Kentucky,2026-01-05T04:12:00.000Z,0.86,3.0,Immediate
5149000,Randy,Adirika,DL,Penn State,RandyAdirikaPenn State,2026,Randy,Adirika,DL,Penn State,Virginia Tech,2026-01-12T23:38:00.000Z,0.86,3.0,Immediate
5149007,Miles,Coleman,WR,North Texas,MilesColemanNorth Texas,2026,Miles,Coleman,WR,North Texas,Oklahoma State,2026-01-05T00:07:00.000Z,0.86,3.0,Immediate
5149057,Chidera,Otutu,DL,UTSA,ChideraOtutuUTSA,2026,Chidera,Otutu,DL,UTSA,Cincinnati,2026-01-04T21:58:00.000Z,0.86,3.0,Immediate
5149113,Tito,Glass Jr.,RB,Miami (OH),TitoGlass Jr.Miami (OH),2026,Tito,Glass Jr.,RB,Miami (OH),,2026-01-17T05:12:00.000Z,,3.0,Immediate
5149123,Diego,Rodriguez,OL,UConn,DiegoRodriguezUConn,2026,Diego,Rodriguez,OT,UConn,Colorado State,2026-01-20T17:38:00.000Z,0.82,3.0,Immediate
5149176,Clay,Martineau,LB,Boise State,ClayMartineauBoise State,2026,Clay,Martineau,LB,Boise State,New Mexico,2026-01-20T20:39:00.000Z,0.85,3.0,Immediate
5149264,Jalen,Charles,DE,Memphis,JalenCharlesMemphis,2026,Jalen,Charles,EDGE,Memphis,New Mexico,2026-01-05T22:17:00.000Z,,3.0,Immediate
5149267,Ryland,Jessee,QB,Michigan State,RylandJesseeMichigan State,2026,Ryland,Jessee,QB,Michigan State,,2025-12-31T19:47:00.000Z,,3.0,Immediate
5149302,Cedric,Lott Jr.,WR,Boston College,CedricLott Jr.Boston College,2026,Cedric,Lott Jr.,WR,Boston College,Incarnate Word,2026-01-12T13:50:13.000Z,,3.0,Immediate
5149453,John,Randle Jr.,OL,Purdue,JohnRandle Jr.Purdue,2026,John,Randle Jr.,OT,Purdue,Utah State,2026-01-11T23:06:00.000Z,0.84,3.0,Immediate
5149492,Lawrence,Johnson,DB,Florida Atlantic,LawrenceJohnsonFlorida Atlantic,2026,Lawrence,Johnson,CB,Florida Atlantic,Florida International,2026-01-14T15:58:00.000Z,0.83,3.0,Immediate
5149495,DJ,Warner,DE,SMU,DJWarnerSMU,2026,DJ,Warner,EDGE,SMU,Washington State,2026-01-08T23:47:00.000Z,0.85,3.0,Immediate
5149513,Cam,Dooley,DB,Kentucky,CamDooleyKentucky,2026,Cam,Dooley,S,Kentucky,Florida,2026-01-07T23:34:00.000Z,0.86,3.0,Immediate
5149599,Kenyon,Massey,WR,Massachusetts,KenyonMasseyMassachusetts,2026,Kenyon,Massey,WR,Massachusetts,,2026-01-09T21:37:00.000Z,,3.0,Immediate
5149743,Justin,Bodford,DT,Missouri,JustinBodfordMissouri,2026,Justin,Bodford,DL,Missouri,Middle Tennessee,2026-01-15T20:34:00.000Z,0.82,3.0,Immediate
5149824,Quay'sheed,Scott,DB,Kentucky,Quay'sheedScottKentucky,2026,Quay'sheed,Scott,CB,Kentucky,South Carolina,2026-01-09T00:11:00.000Z,0.86,3.0,Immediate
5149832,Hank,Purvis,OL,Purdue,HankPurvisPurdue,2026,Hank,Purvis,IOL,Purdue,South Carolina,2026-01-06T22:39:00.000Z,0.85,3.0,Immediate
5149939,Zach,Cody,CB,Coastal Carolina,ZachCodyCoastal Carolina,2026,Zach,Cody,CB,Coastal Carolina,Rice,2026-01-05T21:13:00.000Z,0.83,3.0,Immediate
5150132,Mar'Kel,Porter,RB,Bowling Green,Mar'KelPorterBowling Green,2026,Mar'Kel,Porter,RB,Bowling Green,Northwestern,2026-01-14T15:06:00.000Z,0.85,3.0,Immediate
5150133,Christian,Pritchett,S,Georgia Tech,ChristianPritchettGeorgia Tech,2026,Christian,Pritchett,S,Georgia Tech,Kansas,2026-01-08T01:27:00.000Z,0.85,3.0,Immediate
5150250,Roq,Montgomery,OL,Alabama,RoqMontgomeryAlabama,2026,Roq,Montgomery,IOL,Alabama,Western Kentucky,2026-01-11T00:38:00.000Z,0.86,3.0,Immediate
5150251,Qua,Russaw,DE,Alabama,QuaRussawAlabama,2026,Qua,Russaw,EDGE,Alabama,Ohio State,2026-01-13T00:44:00.000Z,0.93,4.0,Immediate
5150260,Ashton,Ngo,LS,Arkansas,AshtonNgoArkansas,2026,Ashton,Ngo,LS,Arkansas,,2026-01-05T17:28:00.000Z,,,Immediate
5150261,Jabrae,Shaw,DB,Arkansas,JabraeShawArkansas,2026,Jabrae,Shaw,S,Arkansas,,2026-01-02T12:00:00.000Z,,,Immediate
5150263,Anton,Pierce,DB,Arkansas,AntonPierceArkansas,2026,Anton,Pierce,S,Arkansas,,2025-12-31T02:28:00.000Z,,,Immediate
5150264,Aidan,McCowan,DB,Nicholls,AidanMcCowanNicholls,2026,Aidan,McCowan,CB,Nicholls,Georgia Southern,2026-01-28T22:40:00.000Z,0.82,3.0,Immediate
5150271,Joey,Su'a,OL,Arizona State,JoeySu'aArizona State,2026,Joey,Su'a,IOL,Arizona State,,2025-12-03T15:28:00.000Z,,3.0,Immediate
5150277,Jace,Petty,WR,Arkansas,JacePettyArkansas,2026,Jace,Petty,WR,Arkansas,,2026-01-02T12:59:00.000Z,,,Immediate
5150308,Elo,Modozie,DE,Georgia,EloModozieGeorgia,2026,Elo,Modozie,EDGE,Georgia,Purdue,2026-01-19T18:40:00.000Z,0.9,4.0,Immediate
5150313,Kanye,Udoh,RB,Arizona State,KanyeUdohArizona State,2026,Kanye,Udoh,RB,Arizona State,Liberty,2026-01-22T23:16:00.000Z,0.85,3.0,Immediate
5150377,Tyler,Williams,WR,South Florida,TylerWilliamsSouth Florida,2026,Tyler,Williams,WR,South Florida,,2026-01-05T18:44:00.000Z,,4.0,Immediate
5150410,Lance,Heard,OL,Tennessee,LanceHeardTennessee,2026,Lance,Heard,OT,Tennessee,Kentucky,2026-01-10T20:46:00.000Z,0.94,4.0,Immediate
5150418,KK,Smith,WR,Notre Dame,KKSmithNotre Dame,2026,KK,Smith,WR,Notre Dame,Michigan State,2026-01-11T19:14:00.000Z,0.86,3.0,Immediate
5150450,Max,Gilbert,PK,Tennessee,MaxGilbertTennessee,2026,Max,Gilbert,K,Tennessee,Arkansas,2026-01-04T23:48:00.000Z,,,Immediate
5150460,John,Neider,WR,UConn,JohnNeiderUConn,2026,John,Neider,WR,UConn,West Virginia,2026-01-09T15:26:00.000Z,0.86,3.0,Immediate
5150538,Devin,Hyatt,WR,Arizona,DevinHyattArizona,2026,Devin,Hyatt,WR,Arizona,Miami (OH),2026-01-16T21:14:00.000Z,0.85,3.0,Immediate
5150582,Salahadin,Allah,RB,Oregon State,SalahadinAllahOregon State,2026,Salahadin,Allah,RB,Oregon State,Iowa State,2026-01-11T21:14:00.000Z,0.86,3.0,Immediate
5150615,Marcus,McKenzie,CB,BYU,MarcusMcKenzieBYU,2026,Marcus,McKenzie,CB,BYU,Utah State,2026-01-09T20:51:00.000Z,,3.0,Immediate
5150631,Zoom,Esplin,OL,Weber State,ZoomEsplinWeber State,2026,Zoom,Esplin,OT,Weber State,Idaho State,2026-02-01T01:00:00.000Z,,3.0,Immediate
5150633,Jake,Griffin,OL,BYU,JakeGriffinBYU,2026,Jake,Griffin,OT,BYU,Arizona,2026-01-13T03:09:00.000Z,0.85,3.0,Immediate
5150645,Ui,Ale,QB,Troy,UiAleTroy,2026,Ui,Ale,QB,Troy,,2026-01-08T16:16:00.000Z,,,Immediate
5150647,Juwon,Gaston,S,Middle Tennessee,JuwonGastonMiddle Tennessee,2026,Juwon,Gaston,S,Middle Tennessee,,2026-01-13T22:34:00.000Z,,3.0,Immediate
5150678,Kevin,Kalonji,OL,Sam Houston,KevinKalonjiSam Houston,2026,Kevin,Kalonji,OT,Sam Houston,,2026-01-12T20:12:00.000Z,,3.0,Immediate
5150683,Ethan,Carrier,DB,Minnesota,EthanCarrierMinnesota,2026,Ethan,Carrier,S,Minnesota,South Dakota,2026-01-09T16:10:00.000Z,,,Immediate
5150684,Drew,Wilson,LB,Minnesota,DrewWilsonMinnesota,2026,Drew,Wilson,LB,Minnesota,Lafayette,2026-01-19T23:13:00.000Z,,,Immediate
5150777,Ian,Ratliff,P,App State,IanRatliffApp State,2026,Ian,Ratliff,P,App State,North Texas,2026-01-07T23:14:00.000Z,,,Immediate
5150786,Makenzie,McGill II,RB,North Texas,MakenzieMcGill IINorth Texas,2026,Makenzie,McGill II,RB,North Texas,Abilene Christian,2026-01-26T02:00:00.000Z,0.85,3.0,Immediate
5150787,Caden,Yates,LS,North Texas,CadenYatesNorth Texas,2026,Caden,Yates,LS,North Texas,Oklahoma State,2026-01-05T01:48:00.000Z,,,Immediate
5150822,Angel,Toombs,DL,Wisconsin,AngelToombsWisconsin,2026,Angel,Toombs,EDGE,Wisconsin,Jacksonville State,2026-01-11T18:39:00.000Z,,,Immediate
5150834,Destyn,Hill,WR,LSU,DestynHillLSU,2026,Destyn,Hill,WR,LSU,Tulane,2026-01-10T20:33:00.000Z,,4.0,Immediate
5150836,Jaden,Jones,EDGE,Florida State,JadenJonesFlorida State,2026,Jaden,Jones,EDGE,Florida State,Missouri,2026-01-11T03:24:00.000Z,0.86,3.0,Immediate
5150837,Ashlynd,Barker,DB,Florida State,AshlyndBarkerFlorida State,2026,Ashlynd,Barker,S,Florida State,,2025-12-28T19:31:00.000Z,0.93,4.0,Immediate
5150845,Goldie,Lawrence,WR,Florida A&M,GoldieLawrenceFlorida A&M,2026,Goldie,Lawrence,WR,Florida A&M,Coastal Carolina,2026-01-20T03:03:00.000Z,0.84,3.0,Immediate
5150861,Jayden,Dixon-Veal,WR,California,JaydenDixon-VealCalifornia,2026,Jayden,Dixon-Veal,WR,California,,2026-01-17T05:13:00.000Z,,3.0,Immediate
5150882,Caleb,Nitta,OL,Western Kentucky,CalebNittaWestern Kentucky,2026,Caleb,Nitta,IOL,Western Kentucky,Oklahoma,2026-01-05T14:26:00.000Z,0.86,3.0,Immediate
5150904,Cam,Vaughn,WR,West Virginia,CamVaughnWest Virginia,2026,Cam,Vaughn,WR,West Virginia,Miami,2026-01-11T17:46:00.000Z,0.9,4.0,Immediate
5150905,Travis,Franklin Jr.,S,Jacksonville State,TravisFranklin Jr.Jacksonville State,2026,Travis,Franklin Jr.,S,Jacksonville State,Wyoming,2026-01-15T18:23:00.000Z,0.85,3.0,Immediate
5150917,Dee,Newsome,DB,Samford,DeeNewsomeSamford,2026,Dee,Newsome,CB,Samford,Purdue,2026-01-11T13:59:00.000Z,0.85,3.0,Immediate
5150931,Jackson,Veasy,DL,Jacksonville State,JacksonVeasyJacksonville State,2026,Jackson,Veasy,DL,Jacksonville State,,2026-01-12T19:53:00.000Z,,,Immediate
5151012,J'ven,Williams,OL,Penn State,J'venWilliamsPenn State,2026,J'ven,Williams,OT,Penn State,Charlotte,2026-01-11T20:10:00.000Z,0.86,3.0,Immediate
5151022,Kevin,Longstreet,S,USC,KevinLongstreetUSC,2026,Kevin,Longstreet,CB,USC,,2026-01-05T23:44:00.000Z,,,Immediate
5151023,Carter,Schwartz,P,Louisville,CarterSchwartzLouisville,2026,Carter,Schwartz,P,Louisville,Arizona,2026-02-05T01:53:00.000Z,,,Immediate
5151026,James,Glover-Tyson,OL,Louisville,JamesGlover-TysonLouisville,2026,James,Glover-Tyson,OT,Louisville,,2025-12-28T16:19:00.000Z,,,Immediate
5151035,Jai'Lun,Hampton,OL,UT Martin,Jai'LunHamptonUT Martin,2026,Jai'Lun,Hampton,OT,UT Martin,NC State,2026-02-16T22:04:00.000Z,0.85,3.0,Immediate
5151042,Tymere,Burton,LB,Utah State,TymereBurtonUtah State,2026,Tymere,Burton,LB,Utah State,Southeast Missouri State,2026-01-15T01:13:00.000Z,,3.0,Immediate
5151049,PJ,Wilkins,OL,Ole Miss,PJWilkinsOle Miss,2026,PJ,Wilkins,IOL,Ole Miss,Wisconsin,2026-01-07T21:32:00.000Z,0.86,3.0,Immediate
5151076,Daniel,Cobbs,S,Kansas State,DanielCobbsKansas State,2026,Daniel,Cobbs,S,Kansas State,Baylor,2026-01-11T18:50:09.000Z,0.86,3.0,Immediate
5151090,Kendel,Dolby,S,Oklahoma,KendelDolbyOklahoma,2026,Kendel,Dolby,S,Oklahoma,Mississippi State,2026-01-12T21:21:00.000Z,0.86,3.0,Immediate
5151110,J'Shawn,Anderson,RB,Georgia Southern,J'ShawnAndersonGeorgia Southern,2026,J'Shawn,Anderson,RB,Georgia Southern,,2026-01-03T16:17:00.000Z,,,Immediate
5151134,Leavy,Johnson,OL,South Alabama,LeavyJohnsonSouth Alabama,2026,Leavy,Johnson,IOL,South Alabama,North Alabama,2026-01-14T20:55:55.000Z,,,Immediate
5151151,Shea,Freibaum,LS,Oklahoma State,SheaFreibaumOklahoma State,2026,Shea,Freibaum,LS,Oklahoma State,Texas A&M,2025-09-28T05:00:00.000Z,,,Immediate
5151157,Jarrett,Henry,OL,Oklahoma State,JarrettHenryOklahoma State,2026,Jarrett,Henry,IOL,Oklahoma State,UTSA,2026-01-11T19:25:00.000Z,0.83,3.0,Immediate
5151163,Derrick,Carroll,RB,TCU,DerrickCarrollTCU,2026,Derrick,Carroll,RB,TCU,,2026-01-08T21:34:00.000Z,,,Immediate
5151193,Marcus,Vinson,TE,New Mexico,MarcusVinsonNew Mexico,2026,Marcus,Vinson,TE,New Mexico,Florida Atlantic,2026-01-14T19:36:00.000Z,0.83,3.0,Immediate
5151201,Dakerric,Hobbs,CB,New Mexico State,DakerricHobbsNew Mexico State,2026,Dakerric,Hobbs,CB,New Mexico State,,2026-01-07T16:37:00.000Z,,3.0,Immediate
5151218,Lucian,Anderson III,QB,Bowling Green,LucianAnderson IIIBowling Green,2026,Lucian,Anderson III,QB,Bowling Green,South Carolina,2026-01-16T17:37:00.000Z,0.85,3.0,Immediate
5151274,Drayden,Dickmann,WR,Rice,DraydenDickmannRice,2026,Drayden,Dickmann,WR,Rice,Wake Forest,2026-01-10T22:32:00.000Z,0.85,3.0,Immediate
5151276,Landon,Ransom-Goelz,WR,Rice,LandonRansom-GoelzRice,2026,Landon,Ransom-Goelz,WR,Rice,Montana,2026-01-24T05:33:00.000Z,,3.0,Immediate
5151284,Ty,Morris,LB,Rice,TyMorrisRice,2026,Ty,Morris,LB,Rice,Rutgers,2026-01-08T21:23:00.000Z,0.85,3.0,Immediate
5151319,Nnanna,Anyanwu,DE,UTSA,NnannaAnyanwuUTSA,2026,Nnanna,Anyanwu,EDGE,UTSA,Virginia,2026-01-09T16:39:00.000Z,0.87,3.0,Immediate
5151335,Noah,McNeal-Franklin,LB,San José State,NoahMcNeal-FranklinSan José State,2026,Noah,McNeal-Franklin,LB,San José State,,2026-01-17T05:19:00.000Z,,3.0,Immediate
5151337,Isiah,Revis,DB,San José State,IsiahRevisSan José State,2026,Isiah,Revis,S,San José State,,2026-01-14T15:23:00.000Z,,3.0,Immediate
5151340,Charlie,Leota,DL,Texas State,CharlieLeotaTexas State,2026,Charlie,Leota,DL,Texas State,,2026-01-16T15:50:00.000Z,,2.0,Immediate
5151347,Dylan,Hampsten,DL,Sacramento State,DylanHampstenSacramento State,2026,Dylan,Hampsten,EDGE,Sacramento State,Fresno State,2026-01-10T04:10:00.000Z,0.83,3.0,Immediate
5151353,Prince,Strachan,WR,USC,PrinceStrachanUSC,2026,Prince,Strachan,WR,USC,West Virginia,2026-01-05T02:21:00.000Z,0.86,3.0,Immediate
5151374,Charles,McCartherens,CB,Buffalo,CharlesMcCartherensBuffalo,2026,Charles,McCartherens,CB,Buffalo,Marshall,2026-01-10T02:47:00.000Z,,2.0,Immediate
5151386,Jett,Vincent,S,Colorado State,JettVincentColorado State,2026,Jett,Vincent,ATH,Colorado State,Wyoming,2026-01-06T15:35:00.000Z,,3.0,Immediate
5151405,Jaceon,Doss,WR,Towson,JaceonDossTowson,2026,Jaceon,Doss,WR,Towson,Nevada,2026-01-08T17:47:00.000Z,,3.0,Immediate
5151406,Artis,Cole,WR,Rice,ArtisColeRice,2026,Artis,Cole,WR,Rice,,2026-01-14T14:54:00.000Z,,2.0,Immediate
5151421,Ezra,Christensen,DL,New Mexico State,EzraChristensenNew Mexico State,2026,Ezra,Christensen,DL,New Mexico State,Colorado,2026-01-10T06:00:20.000Z,0.86,3.0,Immediate
5151456,Malaki,Te'o,LB,Coastal Carolina,MalakiTe'oCoastal Carolina,2026,Malaki,Te'o,LB,Coastal Carolina,,2026-01-05T19:27:00.000Z,,,Immediate
5151462,Freddie,Pelling,OL,Campbell,FreddiePellingCampbell,2026,Freddie,Pelling,OT,Campbell,West Georgia,2026-01-29T16:15:00.000Z,,3.0,Immediate
5151508,Michael,Jimmar,OL,Northern Illinois,MichaelJimmarNorthern Illinois,2026,Michael,Jimmar,OT,Northern Illinois,,2025-12-25T03:11:00.000Z,,3.0,Immediate
5151511,Filip,Maciorowski,LB,Northern Illinois,FilipMaciorowskiNorthern Illinois,2026,Filip,Maciorowski,LB,Northern Illinois,Cincinnati,2026-01-08T18:00:00.000Z,0.85,3.0,Immediate
5151522,Daniel,Vuckovic,P,Northern Illinois,DanielVuckovicNorthern Illinois,2026,Daniel,Vuckovic,P,Northern Illinois,Arkansas State,2026-01-14T17:25:00.000Z,,,Immediate
5151538,Boaz,Stanley,OL,South Carolina,BoazStanleySouth Carolina,2026,Boaz,Stanley,IOL,South Carolina,Purdue,2026-01-08T04:14:00.000Z,0.88,3.0,Immediate
5151551,Ashton,Coker,DT,UTEP,AshtonCokerUTEP,2026,Ashton,Coker,DL,UTEP,,2026-01-15T18:11:19.000Z,,3.0,Withdrawn
5151553,Nick,Morrow,OL,California,NickMorrowCalifornia,2026,Nick,Morrow,OT,California,Kansas,2026-01-09T15:03:00.000Z,0.86,3.0,Immediate
5151609,Everett,Hunter,TE,Nicholls,EverettHunterNicholls,2026,Everett,Hunter,TE,Nicholls,South Alabama,2026-01-12T21:49:00.000Z,0.82,3.0,Immediate
5151618,Kirk,Francis,QB,Tulsa,KirkFrancisTulsa,2026,Kirk,Francis,QB,Tulsa,Texas Tech,2026-01-14T05:18:00.000Z,0.83,3.0,Immediate
5151623,Angus,Davies,P,Tulsa,AngusDaviesTulsa,2026,Angus,Davies,P,Tulsa,California,2026-01-16T16:32:00.000Z,,,Immediate
5151664,Kyle,McKinney,S,UAB,KyleMcKinneyUAB,2026,Kyle,McKinney,S,UAB,,2026-01-03T19:44:00.000Z,,,Immediate
5151689,Julian,Allen,WR,Toledo,JulianAllenToledo,2026,Julian,Allen,WR,Toledo,UConn,2026-01-24T07:57:00.000Z,0.82,3.0,Immediate
5151696,RJ,Johnson III,QB,Florida A&M,RJJohnson IIIFlorida A&M,2026,RJ,Johnson III,QB,Florida A&M,Massachusetts,2026-01-17T20:26:00.000Z,0.8,3.0,Immediate
5151804,Odera,Orizu,DE,NC State,OderaOrizuNC State,2026,Odera,Orizu,EDGE,NC State,UConn,2026-01-24T20:06:00.000Z,0.8,3.0,Immediate
5151824,Wallace,Unamba,OL,Virginia,WallaceUnambaVirginia,2026,Wallace,Unamba,OT,Virginia,,2026-01-12T23:02:00.000Z,0.85,3.0,Immediate
5151827,Robert,Hammond III,PK,Toledo,RobertHammond IIIToledo,2026,Robert,Hammond III,K,Toledo,Kansas State,2026-01-07T20:31:00.000Z,,,Immediate
5151854,Jayden,Fuller,LB,Miami (OH),JaydenFullerMiami (OH),2026,Jayden,Fuller,LB,Miami (OH),South Carolina State,2026-02-04T14:08:00.000Z,,3.0,Immediate
5151890,Troy,Petz,P,Washington State,TroyPetzWashington State,2026,Troy,Petz,P,Washington State,,2026-01-07T16:12:00.000Z,,,Immediate
5151892,Ja'Kobi,Jackson,RB,Florida,Ja'KobiJacksonFlorida,2026,Ja'Kobi,Jackson,RB,Florida,Ohio State,2026-01-15T20:45:00.000Z,0.88,3.0,Immediate
5151897,Jackson,Wade,WR,Florida,JacksonWadeFlorida,2026,Jackson,Wade,WR,Florida,Boston College,2026-01-05T19:34:00.000Z,0.85,3.0,Immediate
5151898,Brian,Green Jr.,WR,Georgia Southern,BrianGreen Jr.Georgia Southern,2026,Brian,Green Jr.,WR,Georgia Southern,,2026-01-07T16:18:00.000Z,,,Immediate
5151949,Trenton Alan,Yowe,CB,Arkansas State,Trenton AlanYoweArkansas State,2026,Trenton Alan,Yowe,CB,Arkansas State,,2025-12-28T17:55:00.000Z,,3.0,Immediate
5151950,Nate,Johnson,EDGE,Missouri,NateJohnsonMissouri,2026,Nate,Johnson,EDGE,Missouri,Auburn,2026-01-10T18:59:00.000Z,0.88,3.0,Immediate
5151954,Zahn,Coakley,WR,App State,ZahnCoakleyApp State,2026,Zahn,Coakley,WR,App State,UTSA,2026-01-16T06:00:00.000Z,0.8,3.0,Immediate
5151966,Jailen,Butler,TE,Old Dominion,JailenButlerOld Dominion,2026,Jailen,Butler,TE,Old Dominion,Kansas,2026-01-09T19:32:00.000Z,0.87,3.0,Immediate
5151976,Reymello,Murphy,WR,UConn,ReymelloMurphyUConn,2026,Reymello,Murphy,WR,UConn,,2026-01-13T15:34:00.000Z,,,Immediate
5151980,Arkel,Anugwom,OL,Alabama,ArkelAnugwomAlabama,2026,Arkel,Anugwom,OT,Alabama,Northwestern,2026-01-10T18:31:00.000Z,0.86,3.0,Immediate
5152021,Jerry,Lawson,DT,Louisville,JerryLawsonLouisville,2026,Jerry,Lawson,DL,Louisville,Oklahoma State,2026-01-05T23:13:00.000Z,0.88,3.0,Immediate
5152045,Malachi,Henry,WR,Central Arkansas,MalachiHenryCentral Arkansas,2026,Malachi,Henry,WR,Central Arkansas,Cincinnati,2026-01-09T20:56:00.000Z,0.83,3.0,Immediate
5152091,Racin,Delgatty,OL,Cal Poly,RacinDelgattyCal Poly,2026,Racin,Delgatty,IOL,Cal Poly,Alabama,2026-01-16T23:27:00.000Z,0.87,3.0,Immediate
5152135,Tylin,Jackson,DE,Eastern Washington,TylinJacksonEastern Washington,2026,Tylin,Jackson,EDGE,Eastern Washington,UAB,2026-01-12T19:30:00.000Z,0.85,3.0,Immediate
5152136,Jirah,Leaupepetele,DT,Eastern Washington,JirahLeaupepeteleEastern Washington,2026,Jirah,Leaupepetele,DL,Eastern Washington,Washington State,2026-01-15T06:00:00.000Z,0.84,3.0,Immediate
5152190,Kai,Wallin,LB,Oregon State,KaiWallinOregon State,2026,Kai,Wallin,EDGE,Oregon State,San Diego State,2026-01-05T18:10:00.000Z,,3.0,Immediate
5152194,Grant,Seagren,OL,Oklahoma State,GrantSeagrenOklahoma State,2026,Grant,Seagren,OT,Oklahoma State,Northwestern,2026-01-08T15:06:29.000Z,0.86,3.0,Immediate
5152198,Tyrecus,Davis,CB,Colorado,TyrecusDavisColorado,2026,Tyrecus,Davis,CB,Colorado,,2026-01-05T18:52:00.000Z,,3.0,Immediate
5152199,Ethan,Day,DE,North Texas,EthanDayNorth Texas,2026,Ethan,Day,DL,North Texas,Utah,2026-01-06T19:42:00.000Z,0.87,3.0,Immediate
5152213,Leon,Bell,OL,California,LeonBellCalifornia,2026,Leon,Bell,OT,California,Colorado,2026-01-17T18:30:00.000Z,0.89,3.0,Immediate
5152227,Kalil,Alexander,DE,Texas State,KalilAlexanderTexas State,2026,Kalil,Alexander,EDGE,Texas State,,2026-01-08T15:01:00.000Z,,3.0,Immediate
5152229,Bobby,Crosby,S,Texas State,BobbyCrosbyTexas State,2026,Bobby,Crosby,S,Texas State,,2026-01-08T16:27:00.000Z,,3.0,Immediate
5152253,Precious,Ekeh,OL,Central Connecticut,PreciousEkehCentral Connecticut,2026,Precious,Ekeh,IOL,Central Connecticut,Kennesaw State,2026-01-21T17:54:00.000Z,0.85,3.0,Immediate
5152266,Gavin,Willis,LB,Charlotte,GavinWillisCharlotte,2026,Gavin,Willis,LB,Charlotte,,2026-01-06T19:01:00.000Z,,,Withdrawn
5152288,Xavier,Allen,OL,Bucknell,XavierAllenBucknell,2026,Xavier,Allen,OT,Bucknell,Memphis,2026-01-13T23:28:00.000Z,0.82,3.0,Immediate
5152347,Adam,Zouagui,PK,South Florida,AdamZouaguiSouth Florida,2026,Adam,Zouagui,K,South Florida,Kentucky,2026-01-11T03:24:00.000Z,0.83,3.0,Immediate
5152410,Scooter,Jackson,DB,UCLA,ScooterJacksonUCLA,2026,Scooter,Jackson,S,UCLA,,2026-01-13T20:26:59.000Z,0.86,3.0,Withdrawn
5152411,Skyler,Cassel,QB,Utah Tech,SkylerCasselUtah Tech,2026,Skyler,Cassel,QB,Utah Tech,Central Washington,2026-01-11T16:20:00.000Z,,2.0,Immediate
5152513,Brodrick,Stewart,DL,Tarleton State,BrodrickStewartTarleton State,2026,Brodrick,Stewart,DL,Tarleton State,Louisiana,2026-01-13T18:14:00.000Z,0.84,3.0,Immediate
5152600,Reed,Swanson,WR,Colgate,ReedSwansonColgate,2026,Reed,Swanson,WR,Colgate,Boston College,2026-01-09T00:26:00.000Z,0.87,3.0,Immediate
5152628,Quincy,Briggs,CB,Georgetown,QuincyBriggsGeorgetown,2026,Quincy,Briggs,CB,Georgetown,,2025-11-27T15:36:00.000Z,0.83,3.0,Immediate
5152632,Bijay,Boldin,S,Georgetown,BijayBoldinGeorgetown,2026,Bijay,Boldin,S,Georgetown,,2025-12-23T16:54:00.000Z,0.84,3.0,Immediate
5152637,GianCarlo,Rufo,LB,Georgetown,GianCarloRufoGeorgetown,2026,GianCarlo,Rufo,LB,Georgetown,USC,2026-02-06T23:34:00.000Z,0.8,3.0,Immediate
5152639,Cooper,Blomstrom,LB,Georgetown,CooperBlomstromGeorgetown,2026,Cooper,Blomstrom,EDGE,Georgetown,Arizona,2026-01-06T17:52:00.000Z,0.85,3.0,Immediate
5152660,Avery,Jones,DB,Lafayette,AveryJonesLafayette,2026,Avery,Jones,S,Lafayette,Northern Illinois,2026-01-08T02:03:00.000Z,0.84,3.0,Immediate
5152672,Darson,Jeanty,LB,Lafayette,DarsonJeantyLafayette,2026,Darson,Jeanty,S,Lafayette,Sacramento State,2026-01-23T05:53:00.000Z,0.83,3.0,Immediate
5152674,Davis,Oliver-Goodwin,DB,Lafayette,DavisOliver-GoodwinLafayette,2026,Davis,Oliver-Goodwin,S,Lafayette,,2025-12-31T16:48:00.000Z,,,Immediate
5152685,Jaylon,Joseph,LB,Lafayette,JaylonJosephLafayette,2026,Jaylon,Joseph,EDGE,Lafayette,Temple,2026-01-08T21:42:00.000Z,,,Immediate
5152717,Mason,Humphrey,WR,Lehigh,MasonHumphreyLehigh,2026,Mason,Humphrey,WR,Lehigh,North Carolina,2026-01-11T20:10:00.000Z,0.86,3.0,Immediate
5152780,Spencer,Elliott,DL,Portland State,SpencerElliottPortland State,2026,Spencer,Elliott,EDGE,Portland State,Hawai'i,2026-01-11T21:00:00.000Z,,2.0,Immediate
5152783,Kristian,Ingman,TE,Portland State,KristianIngmanPortland State,2026,Kristian,Ingman,TE,Portland State,Arizona State,2026-01-10T01:03:00.000Z,0.84,3.0,Immediate
5152798,Anta'Veon,McKenzie,S,Sacramento State,Anta'VeonMcKenzieSacramento State,2026,Anta'Veon,McKenzie,S,Sacramento State,UAB,2026-01-12T19:32:00.000Z,0.83,3.0,Immediate
5152803,Derek,Houston,LB,Sacramento State,DerekHoustonSacramento State,2026,Derek,Houston,LB,Sacramento State,,2025-12-29T23:37:00.000Z,,3.0,Immediate
5152808,DeSean,Watts,DL,Sacramento State,DeSeanWattsSacramento State,2026,DeSean,Watts,DL,Sacramento State,Washington,2026-01-06T20:25:00.000Z,0.85,3.0,Immediate
5152813,Jose,Soto,OL,Sacramento State,JoseSotoSacramento State,2026,Jose,Soto,IOL,Sacramento State,Colorado,2026-01-09T14:53:00.000Z,0.84,3.0,Immediate
5152815,Danny,Scudero,WR,San José State,DannyScuderoSan José State,2026,Danny,Scudero,WR,San José State,Colorado,2026-01-04T13:32:00.000Z,0.87,3.0,Immediate
5152839,Jaylen,King,QB,Florida State,JaylenKingFlorida State,2026,Jaylen,King,QB,Florida State,Mercer,2026-02-04T14:16:00.000Z,0.83,3.0,Immediate
5152860,Luke,Rector,OL,Gardner-Webb,LukeRectorGardner-Webb,2026,Luke,Rector,IOL,Gardner-Webb,Toledo,2026-01-09T14:02:24.000Z,0.84,3.0,Immediate
5153060,Ashton,Paine,DB,South Dakota,AshtonPaineSouth Dakota,2026,Ashton,Paine,S,South Dakota,Montana,2026-01-24T05:31:00.000Z,,2.0,Immediate
5153062,Jack,Janikowski,DE,Washington State,JackJanikowskiWashington State,2026,Jack,Janikowski,EDGE,Washington State,Iowa State,2026-01-09T02:42:00.000Z,0.86,3.0,Immediate
5153069,Luke,Leighton,TE,Washington State,LukeLeightonWashington State,2026,Luke,Leighton,TE,Washington State,Cal Poly,2026-02-04T05:02:00.000Z,,3.0,Immediate
5153131,Darrell,Prater,DL,Jacksonville State,DarrellPraterJacksonville State,2026,Darrell,Prater,DL,Jacksonville State,Illinois,2026-01-21T16:36:41.000Z,0.86,3.0,Immediate
5153154,Tyler,Robles,PK,Texas State,TylerRoblesTexas State,2026,Tyler,Robles,K,Texas State,Washington,2026-01-07T21:07:00.000Z,,,Immediate
5153257,Maddox,Marcellus,LB,Virginia,MaddoxMarcellusVirginia,2026,Maddox,Marcellus,LB,Virginia,,2026-01-02T17:01:00.000Z,,,Immediate
5153258,Jacob,Baker,P,Eastern Kentucky,JacobBakerEastern Kentucky,2026,Jacob,Baker,P,Eastern Kentucky,Louisville,2026-01-08T06:41:00.000Z,,,Immediate
5153263,Jakob,Dixon,WR,Eastern Kentucky,JakobDixonEastern Kentucky,2026,Jakob,Dixon,WR,Eastern Kentucky,Louisville,2026-01-12T21:52:00.000Z,0.83,3.0,Immediate
5153285,Joshua,Brooks,OL,Robert Morris,JoshuaBrooksRobert Morris,2026,Joshua,Brooks,IOL,Robert Morris,Tennessee Tech,2026-01-18T00:08:59.000Z,,,Immediate
5153318,A.J.,Little,WR,Chattanooga,A.J.LittleChattanooga,2026,A.J.,Little,WR,Chattanooga,Southern Miss,2026-01-22T18:30:00.000Z,0.84,3.0,Immediate
5153340,Ray,Coney,LB,Tulsa,RayConeyTulsa,2026,Ray,Coney,LB,Tulsa,Texas A&M,2026-01-04T19:06:00.000Z,0.86,3.0,Immediate
5153369,Ja'Keith,Hamilton,WR,Furman,Ja'KeithHamiltonFurman,2026,Ja'Keith,Hamilton,WR,Furman,East Carolina,2026-01-05T17:26:00.000Z,,,Immediate
5153387,Brody,Balliew,OL,West Georgia,BrodyBalliewWest Georgia,2026,Brody,Balliew,OT,West Georgia,Mercer,2026-01-16T22:18:00.000Z,0.8,3.0,Immediate
5153399,Adjatay,Dabbs,WR,Mercer,AdjatayDabbsMercer,2026,Adjatay,Dabbs,WR,Mercer,Toledo,2026-01-08T20:36:09.000Z,0.85,3.0,Immediate
5153403,Donovan,Watkins,S,Mercer,DonovanWatkinsMercer,2026,Donovan,Watkins,CB,Mercer,Toledo,2026-01-20T22:02:00.000Z,0.85,3.0,Immediate
5153407,Amarii,Atchison,OL,Mercer,AmariiAtchisonMercer,2026,Amarii,Atchison,OT,Mercer,Jacksonville State,2026-01-12T22:39:00.000Z,0.84,3.0,Immediate
5153413,Reice,Griffith,PK,Mercer,ReiceGriffithMercer,2026,Reice,Griffith,K,Mercer,Toledo,2026-01-17T22:22:00.000Z,,,Immediate
5153429,Jeremiah,Holmes,LB,The Citadel,JeremiahHolmesThe Citadel,2026,Jeremiah,Holmes,EDGE,The Citadel,Utah State,2026-01-16T19:21:00.000Z,0.85,3.0,Immediate
5153430,Bradlee,Jones,DB,The Citadel,BradleeJonesThe Citadel,2026,Bradlee,Jones,CB,The Citadel,Rutgers,2026-01-10T00:55:00.000Z,0.86,3.0,Immediate
5153454,Nic,DiSanto,OL,Eastern Illinois,NicDiSantoEastern Illinois,2026,Nic,DiSanto,OT,Eastern Illinois,Central Michigan,2026-01-08T04:15:47.000Z,0.83,3.0,Immediate
5153499,Donnie,Cheers,WR,Southeast Missouri State,DonnieCheersSoutheast Missouri State,2026,Donnie,Cheers,WR,Southeast Missouri State,Nevada,2026-01-19T18:29:00.000Z,0.86,3.0,Immediate
5153505,Jehchys,Brown,DL,Southeast Missouri State,JehchysBrownSoutheast Missouri State,2026,Jehchys,Brown,DL,Southeast Missouri State,App State,2026-01-05T21:57:00.000Z,,,Immediate
5153512,Hadine,Diaby,OL,Nevada,HadineDiabyNevada,2026,Hadine,Diaby,IOL,Nevada,Jacksonville State,2026-01-12T22:43:00.000Z,0.85,3.0,Immediate
5153525,Darius,Neals,OL,Tennessee State,DariusNealsTennessee State,2026,Darius,Neals,IOL,Tennessee State,Kennesaw State,2026-01-21T18:47:00.000Z,0.83,3.0,Immediate
5153613,Carter,Shaw,WR,UCLA,CarterShawUCLA,2026,Carter,Shaw,WR,UCLA,Stanford,2026-01-27T20:54:59.000Z,0.84,3.0,Immediate
5153615,Kanye,Clark,DB,UCLA,KanyeClarkUCLA,2026,Kanye,Clark,CB,UCLA,Florida,2026-01-13T00:27:00.000Z,0.85,3.0,Immediate
5153654,Devin,Dye,S,Kansas,DevinDyeKansas,2026,Devin,Dye,S,Kansas,,2026-01-08T15:44:00.000Z,,,Immediate
5153689,Ishaan,Daniels,CB,Weber State,IshaanDanielsWeber State,2026,Ishaan,Daniels,CB,Weber State,Idaho,2026-01-10T00:10:00.000Z,0.8,3.0,Immediate
5153690,Logan,Mackey,CB,Weber State,LoganMackeyWeber State,2026,Logan,Mackey,CB,Weber State,Wyoming,2026-01-08T15:34:00.000Z,0.83,3.0,Immediate
5153695,Will,Way,OL,Weber State,WillWayWeber State,2026,Will,Way,IOL,Weber State,Wake Forest,2026-01-07T15:06:00.000Z,0.85,3.0,Immediate
5153730,Jaden,Barnes,WR,App State,JadenBarnesApp State,2026,Jaden,Barnes,WR,App State,Charlotte,2026-01-18T14:55:00.000Z,0.86,3.0,Immediate
5153745,Ty,Williams,OL,Austin Peay,TyWilliamsAustin Peay,2026,Ty,Williams,OT,Austin Peay,East Tennessee State,2026-01-12T15:28:00.000Z,,,Immediate
5153760,Toby,Bolton,CB,Tennessee Tech,TobyBoltonTennessee Tech,2026,Toby,Bolton,CB,Tennessee Tech,Georgia State,2026-01-13T00:06:00.000Z,0.85,3.0,Immediate
5153763,Devin,Hunter,DB,Tennessee Tech,DevinHunterTennessee Tech,2026,Devin,Hunter,S,Tennessee Tech,East Tennessee State,2026-01-21T17:47:00.000Z,,,Immediate
5153780,Jeremiah,Sandiford,DL,Tennessee Tech,JeremiahSandifordTennessee Tech,2026,Jeremiah,Sandiford,DL,Tennessee Tech,New Mexico State,2026-01-21T02:55:00.000Z,0.83,3.0,Immediate
5153782,Amari,Odom,QB,Kennesaw State,AmariOdomKennesaw State,2026,Amari,Odom,QB,Kennesaw State,Syracuse,2026-01-10T18:49:00.000Z,0.86,3.0,Immediate
5153819,Devin,Vaught,S,Maine,DevinVaughtMaine,2026,Devin,Vaught,S,Maine,Michigan State,2026-01-04T22:51:00.000Z,0.84,3.0,Immediate
5153821,BJ,Mayes,LB,Purdue,BJMayesPurdue,2026,BJ,Mayes,LB,Purdue,,2026-01-09T15:46:00.000Z,,,Immediate
5153822,Ta'kai,Chisolm,DL,Maine,Ta'kaiChisolmMaine,2026,Ta'kai,Chisolm,EDGE,Maine,,2025-12-12T01:38:00.000Z,,,Immediate
5153853,Anthony,Crenshaw Jr.,LB,Delaware,AnthonyCrenshaw Jr.Delaware,2026,Anthony,Crenshaw Jr.,S,Delaware,Baylor,2026-01-19T18:31:37.000Z,0.85,3.0,Immediate
5153856,Nyair,Domnie,CB,Delaware,NyairDomnieDelaware,2026,Nyair,Domnie,CB,Delaware,New Hampshire,2026-01-19T01:29:00.000Z,,,Immediate
5153880,Izzy,Clark-White,CB,Monmouth,IzzyClark-WhiteMonmouth,2026,Izzy,Clark-White,CB,Monmouth,New Mexico State,2026-01-11T01:08:43.000Z,,,Immediate
5153885,Rodney,Nelson,RB,Monmouth,RodneyNelsonMonmouth,2026,Rodney,Nelson,RB,Monmouth,Miami (OH),2026-01-11T06:18:20.000Z,0.84,3.0,Immediate
5153889,Josh,Derry,WR,Monmouth,JoshDerryMonmouth,2026,Josh,Derry,WR,Monmouth,UCF,2026-01-08T03:34:00.000Z,0.85,3.0,Immediate
5153891,Deuce,Lee,S,Monmouth,DeuceLeeMonmouth,2026,Deuce,Lee,S,Monmouth,Georgia State,2026-01-07T21:28:29.000Z,0.85,3.0,Immediate
5153898,Chris,Moreno,OL,Monmouth,ChrisMorenoMonmouth,2026,Chris,Moreno,IOL,Monmouth,Middle Tennessee,2026-01-12T01:51:00.000Z,0.83,3.0,Immediate
5153955,Spencer,Webb,OL,Eastern Michigan,SpencerWebbEastern Michigan,2026,Spencer,Webb,IOL,Eastern Michigan,Florida International,2026-01-11T19:04:00.000Z,,,Immediate
5153994,Landon,Ellis,WR,James Madison,LandonEllisJames Madison,2026,Landon,Ellis,WR,James Madison,UCLA,2026-01-07T16:59:00.000Z,0.86,3.0,Immediate
5154001,Zahmir,Dawud,DB,Villanova,ZahmirDawudVillanova,2026,Zahmir,Dawud,CB,Villanova,Rutgers,2026-01-04T13:17:00.000Z,0.85,3.0,Immediate
5154007,Ja'briel,Mace,RB,Villanova,Ja'brielMaceVillanova,2026,Ja'briel,Mace,RB,Villanova,,2026-01-19T16:59:31.000Z,0.85,3.0,Withdrawn
5154008,Capri,Martin,DL,Villanova,CapriMartinVillanova,2026,Capri,Martin,DL,Villanova,,2025-12-26T01:14:00.000Z,,,Immediate
5154162,Brayon,Crawford,S,Cornell,BrayonCrawfordCornell,2026,Brayon,Crawford,LB,Cornell,,2025-12-03T17:08:00.000Z,0.8,3.0,Immediate
5154222,JeRico,Washington Jr.,DB,Kennesaw State,JeRicoWashington Jr.Kennesaw State,2026,JeRico,Washington Jr.,CB,Kennesaw State,Boise State,2026-01-09T02:56:09.000Z,0.83,3.0,Immediate
5154223,Isaac,Paul,DB,Kennesaw State,IsaacPaulKennesaw State,2026,Isaac,Paul,S,Kennesaw State,,2026-01-07T19:55:00.000Z,0.85,3.0,Withdrawn
5154241,Ethan,Newman,OL,Memphis,EthanNewmanMemphis,2026,Ethan,Newman,IOL,Memphis,Nevada,2026-01-09T16:10:00.000Z,0.85,3.0,Immediate
5154248,Kaleb,Annett,QB,Boise State,KalebAnnettBoise State,2026,Kaleb,Annett,QB,Boise State,UCF,2026-01-18T00:57:00.000Z,0.83,3.0,Immediate
5154262,Gavin,Harris,TE,New Mexico State,GavinHarrisNew Mexico State,2026,Gavin,Harris,TE,New Mexico State,Georgia Tech,2026-01-16T01:07:00.000Z,0.86,3.0,Immediate
5154266,Josiah,Chenault,OL,Kennesaw State,JosiahChenaultKennesaw State,2026,Josiah,Chenault,IOL,Kennesaw State,Sam Houston,2026-02-04T22:33:00.000Z,0.84,3.0,Immediate
5154278,Jayden,Becks,RB,North Texas,JaydenBecksNorth Texas,2026,Jayden,Becks,RB,North Texas,,2026-01-07T23:09:07.000Z,,,Withdrawn
5154282,Floyd,Williams,CB,Missouri State,FloydWilliamsMissouri State,2026,Floyd,Williams,CB,Missouri State,,2025-12-15T17:47:00.000Z,,,Immediate
5154283,Dallas,Winner-Johnson,LB,Tulane,DallasWinner-JohnsonTulane,2026,Dallas,Winner-Johnson,LB,Tulane,Oklahoma State,2026-01-13T22:02:00.000Z,0.84,3.0,Immediate
5154291,Mitchell,Toney,DL,Missouri State,MitchellToneyMissouri State,2026,Mitchell,Toney,DL,Missouri State,Coastal Carolina,2026-01-17T21:44:00.000Z,0.85,3.0,Immediate
5154294,Tim,Brantley Jr.,DL,Missouri State,TimBrantley Jr.Missouri State,2026,Tim,Brantley Jr.,DL,Missouri State,,2025-12-22T14:22:00.000Z,,,Immediate
5154303,Zion,Fowler-El,WR,Pittsburgh,ZionFowler-ElPittsburgh,2026,Zion,Fowler-El,WR,Pittsburgh,Wagner,2026-01-23T19:12:00.000Z,0.84,3.0,Immediate
5154317,Sam,Carpenter,PK,Pittsburgh,SamCarpenterPittsburgh,2026,Sam,Carpenter,K,Pittsburgh,Sam Houston,2026-01-15T22:57:00.000Z,,,Immediate
5154321,Alexander,Capka-Jones,WR,Illinois,AlexanderCapka-JonesIllinois,2026,Alexander,Capka-Jones,WR,Illinois,,2026-01-15T17:30:00.000Z,,3.0,Immediate
5154323,Kaleb,Patterson,CB,Illinois,KalebPattersonIllinois,2026,Kaleb,Patterson,CB,Illinois,Kansas State,2026-01-05T20:14:00.000Z,0.87,3.0,Immediate
5154324,Jojo,Hayden,LB,Illinois,JojoHaydenIllinois,2026,Jojo,Hayden,LB,Illinois,Purdue,2026-01-08T17:56:00.000Z,0.87,3.0,Immediate
5154342,Peyton,Argent,PK,South Carolina,PeytonArgentSouth Carolina,2026,Peyton,Argent,K,South Carolina,South Alabama,2026-02-04T01:05:43.000Z,,,Immediate
5154344,Tree,Babalade,OL,South Carolina,TreeBabaladeSouth Carolina,2026,Tree,Babalade,OT,South Carolina,Nebraska,2026-01-06T16:32:00.000Z,0.87,3.0,Immediate
5154345,Campbell,Vandiver,OL,South Carolina,CampbellVandiverSouth Carolina,2026,Campbell,Vandiver,OT,South Carolina,Montana,2026-01-17T16:01:00.000Z,,,Immediate
5154368,Zy'Terrio,Lee,OL,Campbell,Zy'TerrioLeeCampbell,2026,Zy'Terrio,Lee,OT,Campbell,,2026-01-13T18:42:00.000Z,,,Immediate
5154390,Emmet,Rhoades,LS,Western Carolina,EmmetRhoadesWestern Carolina,2026,Emmet,Rhoades,LS,Western Carolina,South Carolina,2026-01-11T01:01:00.000Z,0.8,3.0,Immediate
5154392,KJ,McCou,OL,Tennessee State,KJMcCouTennessee State,2026,KJ,McCou,IOL,Tennessee State,,2025-12-03T01:56:00.000Z,,3.0,Immediate
5154413,Isaiah,Spencer,WR,Virginia Tech,IsaiahSpencerVirginia Tech,2026,Isaiah,Spencer,WR,Virginia Tech,Ole Miss,2026-01-14T21:59:00.000Z,0.86,3.0,Immediate
5154420,Ahmad,Miller,RB,Jackson State,AhmadMillerJackson State,2026,Ahmad,Miller,RB,Jackson State,Syracuse,2026-01-08T04:07:00.000Z,0.85,3.0,Immediate
5154438,Quaveon,Davis,OL,Jackson State,QuaveonDavisJackson State,2026,Quaveon,Davis,OT,Jackson State,,2025-12-20T01:23:00.000Z,,,Immediate
5154455,Chris,Stokes,DL,Southern Miss,ChrisStokesSouthern Miss,2026,Chris,Stokes,DL,Southern Miss,Memphis,2026-01-05T18:10:00.000Z,,3.0,Immediate
5154456,Kamore,Harris,DL,Memphis,KamoreHarrisMemphis,2026,Kamore,Harris,EDGE,Memphis,,2025-12-25T05:00:00.000Z,,3.0,Immediate
5154523,Ebubedike,Nnabugwu,OL,Missouri State,EbubedikeNnabugwuMissouri State,2026,Ebubedike,Nnabugwu,IOL,Missouri State,South Carolina,2026-01-19T22:48:00.000Z,0.83,3.0,Immediate
5154544,Kahari,Finley,OL,Morgan State,KahariFinleyMorgan State,2026,Kahari,Finley,OT,Morgan State,South Florida,2026-01-07T00:56:00.000Z,0.84,3.0,Immediate
5154546,Lance,Byndon,LB,Morgan State,LanceByndonMorgan State,2026,Lance,Byndon,EDGE,Morgan State,Stony Brook,2026-01-18T14:16:00.000Z,0.82,3.0,Immediate
5154559,Jason,Collins Jr.,RB,Morgan State,JasonCollins Jr.Morgan State,2026,Jason,Collins Jr.,RB,Morgan State,South Florida,2026-01-07T19:00:00.000Z,0.84,3.0,Immediate
5154732,Kirby,Vorhees,RB,Washington State,KirbyVorheesWashington State,2026,Kirby,Vorhees,RB,Washington State,,2025-12-18T16:49:00.000Z,,,Immediate
5154781,Allen,Middleton,WR,Bowling Green,AllenMiddletonBowling Green,2026,Allen,Middleton,WR,Bowling Green,,2025-12-06T06:00:00.000Z,,3.0,Immediate
5154884,Makai,Shahid,S,Youngstown State,MakaiShahidYoungstown State,2026,Makai,Shahid,S,Youngstown State,Arkansas State,2026-01-11T20:27:00.000Z,0.86,3.0,Immediate
5154902,Wyatt,Minor,OL,West Virginia,WyattMinorWest Virginia,2026,Wyatt,Minor,IOL,West Virginia,,2026-01-03T16:09:00.000Z,,,Immediate
5154927,Kei'Trone,Simpson,EDGE,Lamar,Kei'TroneSimpsonLamar,2026,Kei'Trone,Simpson,EDGE,Lamar,James Madison,2026-01-15T01:31:00.000Z,0.83,3.0,Immediate
5154943,Kortez,Winslow,OL,Lamar,KortezWinslowLamar,2026,Kortez,Winslow,OT,Lamar,Florida Atlantic,2026-01-07T22:48:00.000Z,,,Immediate
5154956,Peyton,Christian,DL,Lamar,PeytonChristianLamar,2026,Peyton,Christian,DL,Lamar,Eastern Michigan,2026-01-11T20:53:00.000Z,,,Immediate
5155033,Spencer,Mermans,TE,Yale,SpencerMermansYale,2026,Spencer,Mermans,TE,Yale,Georgia Tech,2026-01-13T20:10:00.000Z,0.85,3.0,Immediate
5155048,L.J.,Phillips Jr.,RB,South Dakota,L.J.Phillips Jr.South Dakota,2026,L.J.,Phillips Jr.,RB,South Dakota,Iowa,2026-01-11T19:18:00.000Z,0.85,3.0,Immediate
5155049,Roman,Tillmon,DB,South Dakota,RomanTillmonSouth Dakota,2026,Roman,Tillmon,S,South Dakota,Boise State,2026-01-14T00:24:04.000Z,0.86,3.0,Immediate
5155062,Larenzo,Fenner,WR,South Dakota,LarenzoFennerSouth Dakota,2026,Larenzo,Fenner,WR,South Dakota,Cincinnati,2026-01-07T16:01:57.000Z,0.87,3.0,Immediate
5155167,Keyshawn,Blackstock,OL,Arkansas,KeyshawnBlackstockArkansas,2026,Keyshawn,Blackstock,IOL,Arkansas,,2026-01-09T02:31:00.000Z,,4.0,Immediate
5155168,Cooper,Terpstra,OL,Michigan State,CooperTerpstraMichigan State,2026,Cooper,Terpstra,IOL,Michigan State,UCF,2026-01-04T22:43:00.000Z,,2.0,Immediate
5155173,Kevin,Wynn,DL,Florida State,KevinWynnFlorida State,2026,Kevin,Wynn,DL,Florida State,,2026-01-14T17:47:42.000Z,,4.0,Withdrawn
5155181,Isaiah,Hackett,DB,Youngstown State,IsaiahHackettYoungstown State,2026,Isaiah,Hackett,CB,Youngstown State,,2025-12-01T18:09:00.000Z,,3.0,Immediate
5155193,Corey,Thompson Jr.,WR,Utah State,CoreyThompson Jr.Utah State,2026,Corey,Thompson Jr.,WR,Utah State,Ball State,2026-02-04T17:10:00.000Z,0.84,3.0,Immediate
5155211,Josh,Johnson,,Nicholls,JoshJohnsonNicholls,2026,Josh,Johnson,DL,Nicholls,Southern Miss,2026-01-06T21:05:00.000Z,0.8,3.0,Immediate
5155288,Cheick,Kaba,DL,Charlotte,CheickKabaCharlotte,2026,Cheick,Kaba,DL,Charlotte,,2026-01-07T16:53:00.000Z,,,Immediate
5155306,Emmanuel,Olagbaju,DL,North Dakota,EmmanuelOlagbajuNorth Dakota,2026,Emmanuel,Olagbaju,DL,North Dakota,Iowa,2026-01-16T19:48:00.000Z,0.87,3.0,Immediate
5155324,Brandon,Amaniampong,EDGE,Indiana State,BrandonAmaniampongIndiana State,2026,Brandon,Amaniampong,EDGE,Indiana State,Nevada,2026-01-10T00:33:00.000Z,,,Immediate
5155410,Omar,Ibrahim,CB,Temple,OmarIbrahimTemple,2026,Omar,Ibrahim,CB,Temple,Monmouth,2026-01-24T01:11:00.000Z,,,Immediate
5155411,Darren,Burton II,CB,New Hampshire,DarrenBurton IINew Hampshire,2026,Darren,Burton II,CB,New Hampshire,,2026-01-09T16:18:00.000Z,,,Withdrawn
5155422,Saint,Farrior,DL,App State,SaintFarriorApp State,2026,Saint,Farrior,DL,App State,Auburn,2026-01-10T20:27:00.000Z,0.87,3.0,Immediate
5155426,Christian,Greenlaw,TE,Hampton,ChristianGreenlawHampton,2026,Christian,Greenlaw,TE,Hampton,Iowa State,2026-01-12T16:35:00.000Z,0.84,3.0,Immediate
5155427,Jahzari,Priester,OL,Virginia Tech,JahzariPriesterVirginia Tech,2026,Jahzari,Priester,DL,Virginia Tech,North Texas,2026-01-11T23:33:00.000Z,,,Immediate
5155504,LaTristan,Thompson,DB,Utah,LaTristanThompsonUtah,2026,LaTristan,Thompson,CB,Utah,UTEP,2026-01-12T16:30:00.000Z,0.83,3.0,Immediate
5155519,Yannick,Smith,WR,East Carolina,YannickSmithEast Carolina,2026,Yannick,Smith,WR,East Carolina,SMU,2026-01-05T15:17:00.000Z,0.92,4.0,Immediate
5155532,Sawyer,Seidl,RB,North Dakota,SawyerSeidlNorth Dakota,2026,Sawyer,Seidl,RB,North Dakota,Wake Forest,2026-01-09T02:55:32.000Z,0.85,3.0,Immediate
5155562,Marcus,Wimberly,S,Oklahoma,MarcusWimberlyOklahoma,2026,Marcus,Wimberly,S,Oklahoma,Utah,2026-01-06T16:43:55.000Z,0.85,3.0,Immediate
5155696,Nathan,Jennings,DL,South Alabama,NathanJenningsSouth Alabama,2026,Nathan,Jennings,DL,South Alabama,Florida International,2026-01-11T01:36:00.000Z,0.82,3.0,Immediate
5155697,Curtis,Jones Jr.,LB,West Virginia,CurtisJones Jr.West Virginia,2026,Curtis,Jones Jr.,EDGE,West Virginia,Virginia Tech,2026-01-18T00:15:00.000Z,0.86,3.0,Immediate
5155699,Fatu,Mukuba,WR,Sam Houston,FatuMukubaSam Houston,2026,Fatu,Mukuba,WR,Sam Houston,,2025-12-09T21:25:00.000Z,,3.0,Immediate
5155723,Dallen,Ponder,WR,Tulsa,DallenPonderTulsa,2026,Dallen,Ponder,WR,Tulsa,,2025-12-27T16:11:00.000Z,,3.0,Immediate
5155746,Jordan,Dees,WR,West Georgia,JordanDeesWest Georgia,2026,Jordan,Dees,WR,West Georgia,Washington State,2026-01-16T23:43:00.000Z,0.84,3.0,Immediate
5155785,Tony,Hart III,,Elon,TonyHart IIIElon,2026,Tony,Hart III,S,Elon,,2026-02-06T21:20:15.000Z,0.85,3.0,Withdrawn
5155792,Asher,Cunningham,LB,Elon,AsherCunninghamElon,2026,Asher,Cunningham,LB,Elon,Utah State,2026-01-23T18:59:00.000Z,0.83,3.0,Immediate
5155799,Brayden,Walker,OL,Elon,BraydenWalkerElon,2026,Brayden,Walker,IOL,Elon,Old Dominion,2026-01-09T22:15:00.000Z,0.8,3.0,Immediate
5155865,Nino,Francavilla,OL,Miami,NinoFrancavillaMiami,2026,Nino,Francavilla,IOL,Miami,Buffalo,2026-01-29T01:27:00.000Z,0.84,3.0,Immediate
5155866,Dexter,Foster,LB,Oregon State,DexterFosterOregon State,2026,Dexter,Foster,LB,Oregon State,Nebraska,2026-01-07T02:37:00.000Z,0.85,3.0,Immediate
5156022,Richard,Mosley III,DB,Stonehill,RichardMosley IIIStonehill,2026,Richard,Mosley III,CB,Stonehill,Colorado State,2026-01-13T16:30:00.000Z,0.85,3.0,Immediate
5156047,Finn,Walters,DL,Indiana,FinnWaltersIndiana,2026,Finn,Walters,EDGE,Indiana,,2026-01-05T18:22:00.000Z,,,Immediate
5156057,Myles,Libman,WR,Stanford,MylesLibmanStanford,2026,Myles,Libman,WR,Stanford,New Mexico State,2026-01-11T21:24:00.000Z,,3.0,Immediate
5156101,Remington,Moss,S,Wisconsin,RemingtonMossWisconsin,2026,Remington,Moss,S,Wisconsin,Elon,2026-01-09T20:27:00.000Z,0.85,3.0,Immediate
5156110,Kade,Caton,TE,Oregon,KadeCatonOregon,2026,Kade,Caton,TE,Oregon,South Florida,2026-01-12T22:20:00.000Z,0.86,3.0,Immediate
5156174,Jaden,Mosley,LB,Samford,JadenMosleySamford,2026,Jaden,Mosley,LB,Samford,,2025-12-19T01:24:00.000Z,,,Immediate
5156209,Brandon,Smith,OL,South Dakota,BrandonSmithSouth Dakota,2026,Brandon,Smith,IOL,South Dakota,Akron,2026-01-10T05:14:00.000Z,,,Immediate
5156218,Barry,Dillon,,Incarnate Word,BarryDillonIncarnate Word,2026,Barry,Dillon,CB,Incarnate Word,Ohio,2026-01-09T22:33:00.000Z,,,Immediate
5156232,Rasheed,Jackson,OL,TCU,RasheedJacksonTCU,2026,Rasheed,Jackson,OT,TCU,Texas State,2026-01-20T15:01:00.000Z,0.86,3.0,Immediate
5156253,Anthony,Richard Jr.,CB,Southern Miss,AnthonyRichard Jr.Southern Miss,2026,Anthony,Richard Jr.,CB,Southern Miss,Memphis,2026-01-05T18:11:00.000Z,,,Immediate
5156286,Chancellor,Owens,DL,Arizona,ChancellorOwensArizona,2026,Chancellor,Owens,DL,Arizona,Texas State,2026-01-12T22:46:00.000Z,0.85,3.0,Immediate
5156287,Christian,Davis,DL,Louisiana Tech,ChristianDavisLouisiana Tech,2026,Christian,Davis,DL,Louisiana Tech,SMU,2026-01-04T23:41:00.000Z,0.85,3.0,Immediate
5156348,Bryson,Kuzdzal,RB,Michigan,BrysonKuzdzalMichigan,2026,Bryson,Kuzdzal,RB,Michigan,,2026-01-29T14:51:03.000Z,,2.0,Withdrawn
5156380,Delano,Brown,DL,UConn,DelanoBrownUConn,2026,Delano,Brown,DL,UConn,,2026-01-17T05:17:00.000Z,,,Immediate
5156384,Cam,Boone,CB,Robert Morris,CamBooneRobert Morris,2026,Cam,Boone,CB,Robert Morris,Holy Cross,2026-01-13T02:32:00.000Z,0.82,3.0,Immediate
5156390,Nate,Gregory,LB,Coastal Carolina,NateGregoryCoastal Carolina,2026,Nate,Gregory,LB,Coastal Carolina,Kent State,2026-01-27T20:09:15.000Z,0.84,3.0,Immediate
5156433,Connor,Hawkins,PK,Baylor,ConnorHawkinsBaylor,2026,Connor,Hawkins,K,Baylor,Ohio State,2026-01-14T18:07:00.000Z,0.84,3.0,Immediate
5156434,Fred,Hinton,OL,Eastern Kentucky,FredHintonEastern Kentucky,2026,Fred,Hinton,OT,Eastern Kentucky,Oklahoma,2026-01-31T22:16:00.000Z,0.83,3.0,Immediate
5156440,Jamarice,Wilder,RB,Louisville,JamariceWilderLouisville,2026,Jamarice,Wilder,RB,Louisville,Southern Miss,2026-01-15T19:18:00.000Z,0.85,3.0,Immediate
5156748,Josh,Williams,CB,Dayton,JoshWilliamsDayton,2026,Josh,Williams,CB,Dayton,App State,2026-01-08T15:09:23.000Z,0.8,3.0,Immediate
5156751,Drew,VanVleet,QB,Dayton,DrewVanVleetDayton,2026,Drew,VanVleet,QB,Dayton,,2025-12-05T17:43:00.000Z,,,Immediate
5156757,Vincent,Firenze,LB,Dayton,VincentFirenzeDayton,2026,Vincent,Firenze,S,Dayton,Wake Forest,2026-01-09T18:31:00.000Z,0.86,3.0,Immediate
5156906,Bill,Davis,RB,Louisiana,BillDavisLouisiana,2026,Bill,Davis,RB,Louisiana,Virginia Tech,2026-01-05T17:01:00.000Z,0.85,3.0,Immediate
5156930,Mason,Clinton,DL,Southern Miss,MasonClintonSouthern Miss,2026,Mason,Clinton,DL,Southern Miss,Florida,2026-01-15T21:28:00.000Z,0.86,3.0,Immediate
5156940,Titan,Saxton,S,Utah State,TitanSaxtonUtah State,2026,Titan,Saxton,S,Utah State,Idaho State,2026-01-14T15:07:00.000Z,,,Immediate
5156971,Sean,Dugery,OL,Memphis,SeanDugeryMemphis,2026,Sean,Dugery,IOL,Memphis,UL Monroe,2026-01-21T06:00:00.000Z,0.84,3.0,Immediate
5156996,Jailen,Duffie,DB,North Dakota State,JailenDuffieNorth Dakota State,2026,Jailen,Duffie,CB,North Dakota State,UCF,2026-01-08T03:32:00.000Z,0.85,3.0,Immediate
5157006,Eli,Ozick,PK,North Dakota State,EliOzickNorth Dakota State,2026,Eli,Ozick,K,North Dakota State,Iowa,2026-01-04T20:23:00.000Z,,,Immediate
5157020,Beau,Johnson,OL,North Dakota State,BeauJohnsonNorth Dakota State,2026,Beau,Johnson,OT,North Dakota State,Vanderbilt,2026-01-05T17:53:00.000Z,0.87,3.0,Immediate
5157057,Jaxon,Lee,DL,Tulsa,JaxonLeeTulsa,2026,Jaxon,Lee,EDGE,Tulsa,,2026-01-16T15:58:00.000Z,,3.0,Immediate
5157079,Jeremiah,McCrimmon,OT,Georgia State,JeremiahMcCrimmonGeorgia State,2026,Jeremiah,McCrimmon,OT,Georgia State,,2026-01-03T20:17:00.000Z,,3.0,Immediate
5157112,Raymond,Macias,DL,Campbell,RaymondMaciasCampbell,2026,Raymond,Macias,DL,Campbell,UAB,2026-01-11T22:52:00.000Z,0.82,3.0,Immediate
5157114,Joshua,Pierce,LB,North Texas,JoshuaPierceNorth Texas,2026,Joshua,Pierce,EDGE,North Texas,California,2026-01-19T01:35:00.000Z,0.85,3.0,Immediate
5157119,Aiden,Valdez,TE,New Mexico,AidenValdezNew Mexico,2026,Aiden,Valdez,TE,New Mexico,,2025-12-28T03:03:00.000Z,,3.0,Immediate
5157261,Ja'Vin,Simpkins,RB,Coastal Carolina,Ja'VinSimpkinsCoastal Carolina,2026,Ja'Vin,Simpkins,RB,Coastal Carolina,UAB,2026-01-18T21:44:00.000Z,0.84,3.0,Immediate
5157266,Bryson,Graves,WR,Coastal Carolina,BrysonGravesCoastal Carolina,2026,Bryson,Graves,WR,Coastal Carolina,Delaware,2026-01-21T02:44:00.000Z,0.84,3.0,Immediate
5157271,Javon,Gillespie,CB,East Texas A&M,JavonGillespieEast Texas A&M,2026,Javon,Gillespie,CB,East Texas A&M,New Mexico State,2026-01-18T06:00:00.000Z,0.85,3.0,Immediate
5157284,Jamai,East,WR,Oregon State,JamaiEastOregon State,2026,Jamai,East,WR,Oregon State,Eastern Washington,2026-01-25T19:33:00.000Z,,3.0,Immediate
5157287,David,Wells Jr.,WR,Oregon State,DavidWells Jr.Oregon State,2026,David,Wells Jr.,WR,Oregon State,Tulsa,2026-01-13T18:45:00.000Z,0.87,3.0,Immediate
5157291,Andre,Jordan Jr.,CB,UCLA,AndreJordan Jr.UCLA,2026,Andre,Jordan Jr.,CB,UCLA,Auburn,2026-01-10T17:15:00.000Z,0.87,3.0,Immediate
5157300,Zakaih,Saez,LB,Oregon State,ZakaihSaezOregon State,2026,Zakaih,Saez,EDGE,Oregon State,UConn,2026-01-11T18:25:00.000Z,0.84,3.0,Immediate
5157301,Kelze,Howard,DE,Oregon State,KelzeHowardOregon State,2026,Kelze,Howard,DL,Oregon State,Georgia State,2026-01-12T00:14:00.000Z,,4.0,Immediate
5157303,Ryan,Berger,OL,Oregon State,RyanBergerOregon State,2026,Ryan,Berger,OT,Oregon State,Wake Forest,2026-01-08T13:36:00.000Z,0.86,3.0,Immediate
5157307,Jojo,Johnson,DL,Oregon State,JojoJohnsonOregon State,2026,Jojo,Johnson,DL,Oregon State,Texas Tech,2026-01-07T02:34:18.000Z,0.86,3.0,Immediate
5157309,Thomas,Collins,DT,Oregon State,ThomasCollinsOregon State,2026,Thomas,Collins,DL,Oregon State,UCF,2026-01-10T02:12:00.000Z,0.86,3.0,Immediate
5157329,Delvin,Morris,OL,Akron,DelvinMorrisAkron,2026,Delvin,Morris,IOL,Akron,Kansas State,2026-01-09T22:14:00.000Z,0.86,3.0,Immediate
5157335,Melvin,Spriggs,LB,Akron,MelvinSpriggsAkron,2026,Melvin,Spriggs,LB,Akron,Southern Miss,2026-01-17T20:37:00.000Z,0.83,3.0,Immediate
5157388,Cam,Jones,DB,Holy Cross,CamJonesHoly Cross,2026,Cam,Jones,CB,Holy Cross,Toledo,2026-01-15T18:59:00.000Z,0.83,3.0,Immediate
5157389,Sterling,Smith,DB,Purdue,SterlingSmithPurdue,2026,Sterling,Smith,S,Purdue,,2025-12-03T00:36:00.000Z,,2.0,Immediate
5157391,Jayden,Clerveaux,RB,Holy Cross,JaydenClerveauxHoly Cross,2026,Jayden,Clerveaux,RB,Holy Cross,Central Michigan,2026-01-09T22:03:00.000Z,,,Immediate
5157395,Cam,Santee,LB,Holy Cross,CamSanteeHoly Cross,2026,Cam,Santee,LB,Holy Cross,UNLV,2026-01-18T15:15:00.000Z,0.85,3.0,Immediate
5157398,Eli,Thompson,DB,Holy Cross,EliThompsonHoly Cross,2026,Eli,Thompson,CB,Holy Cross,Ohio,2026-01-13T17:02:00.000Z,0.83,3.0,Immediate
5157400,Drew,Spinogatti,LB,James Madison,DrewSpinogattiJames Madison,2026,Drew,Spinogatti,LB,James Madison,UCLA,2026-01-08T20:50:16.000Z,0.85,3.0,Immediate
5157410,Charly,Mullaly,WR,Holy Cross,CharlyMullalyHoly Cross,2026,Charly,Mullaly,WR,Holy Cross,South Carolina,2026-01-17T22:39:00.000Z,0.85,3.0,Immediate
5157414,Daniel,Porto,PK,Florida A&M,DanielPortoFlorida A&M,2026,Daniel,Porto,K,Florida A&M,Coastal Carolina,2026-01-10T22:08:00.000Z,,,Immediate
5157415,Brice,Stevenson,DL,Holy Cross,BriceStevensonHoly Cross,2026,Brice,Stevenson,DL,Holy Cross,Iowa,2026-01-05T14:31:00.000Z,0.83,3.0,Immediate
5157419,Carson,Williams,DB,Montana State,CarsonWilliamsMontana State,2026,Carson,Williams,CB,Montana State,Indiana,2026-01-11T20:58:00.000Z,0.86,3.0,Immediate
5157430,Aldrich,Doe,WR,Bryant,AldrichDoeBryant,2026,Aldrich,Doe,WR,Bryant,San Diego State,2026-01-14T14:35:00.000Z,0.84,3.0,Immediate
5157481,Collin,Hurst,QB,Presbyterian,CollinHurstPresbyterian,2026,Collin,Hurst,QB,Presbyterian,West Georgia,2026-01-08T01:56:00.000Z,0.8,3.0,Immediate
5157627,Martin,Connington,PK,Michigan State,MartinConningtonMichigan State,2026,Martin,Connington,K,Michigan State,Kansas,2026-01-09T14:56:00.000Z,,3.0,Immediate
5158234,Mister,Clark,DB,Florida International,MisterClarkFlorida International,2026,Mister,Clark,S,Florida International,Purdue,2026-01-08T03:43:00.000Z,0.84,3.0,Immediate
5158248,Trashun,Griffin,DE,Troy,TrashunGriffinTroy,2026,Trashun,Griffin,EDGE,Troy,Middle Tennessee,2026-01-10T15:52:00.000Z,,3.0,Immediate
5158250,Justin,Terry,OL,Ohio State,JustinTerryOhio State,2026,Justin,Terry,OT,Ohio State,Virginia Tech,2026-01-18T00:14:00.000Z,0.86,3.0,Immediate
5158251,Khalil,Wilkins,QB,West Virginia,KhalilWilkinsWest Virginia,2026,Khalil,Wilkins,QB,West Virginia,Marshall,2026-01-18T21:59:00.000Z,0.83,3.0,Immediate
5158259,Maliki,Wright,DB,Duke,MalikiWrightDuke,2026,Maliki,Wright,S,Duke,Kennesaw State,2026-01-22T02:08:00.000Z,0.84,3.0,Immediate
5158450,Zach,Grace,TE,Oregon,ZachGraceOregon,2026,Zach,Grace,TE,Oregon,LSU,2026-01-16T00:24:00.000Z,0.85,3.0,Immediate
5158459,Lipe,Moala,OL,Oregon,LipeMoalaOregon,2026,Lipe,Moala,IOL,Oregon,Hawai'i,2026-01-14T16:45:00.000Z,0.84,3.0,Immediate
5158469,Nick,Duzansky,LS,Oregon,NickDuzanskyOregon,2026,Nick,Duzansky,LS,Oregon,Michigan State,2026-01-18T17:55:00.000Z,,,Immediate
5158471,Terrance,Green,DL,Oregon,TerranceGreenOregon,2026,Terrance,Green,DL,Oregon,Alabama,2026-01-13T17:25:00.000Z,0.93,4.0,Immediate
5158749,Alfred,Jordan Jr.,WR,Ohio,AlfredJordan Jr.Ohio,2026,Alfred,Jordan Jr.,WR,Ohio,,2026-01-11T16:02:00.000Z,,,Immediate
5158751,Ian,Duarte,WR,Idaho State,IanDuarteIdaho State,2026,Ian,Duarte,WR,Idaho State,Tennessee,2026-01-25T17:39:00.000Z,0.85,3.0,Immediate
5158778,Logan,George,EDGE,Ohio State,LoganGeorgeOhio State,2026,Logan,George,EDGE,Ohio State,Washington,2026-01-12T16:38:00.000Z,0.86,3.0,Immediate
5158829,Javon,Robinson,WR,Georgia State,JavonRobinsonGeorgia State,2026,Javon,Robinson,WR,Georgia State,Utah State,2026-01-20T20:24:00.000Z,0.85,3.0,Immediate
5158837,Keyshawn,Johnson,LB,UT Martin,KeyshawnJohnsonUT Martin,2026,Keyshawn,Johnson,EDGE,UT Martin,Syracuse,2026-01-10T04:56:00.000Z,0.86,3.0,Immediate
5158867,Treylan,James,CB,Southern,TreylanJamesSouthern,2026,Treylan,James,S,Southern,LSU,2026-01-09T20:36:00.000Z,0.84,3.0,Immediate
5158882,Robert,Edmonson,LB,Colorado State,RobertEdmonsonColorado State,2026,Robert,Edmonson,LB,Colorado State,Illinois,2026-01-10T02:18:00.000Z,0.87,3.0,Immediate
5158914,Ja'Marley,Riddle,S,East Carolina,Ja'MarleyRiddleEast Carolina,2026,Ja'Marley,Riddle,S,East Carolina,Georgia,2026-01-09T19:40:00.000Z,0.87,3.0,Immediate
5159136,Tayden,Barnes,S,Cincinnati,TaydenBarnesCincinnati,2026,Tayden,Barnes,S,Cincinnati,New Mexico State,2026-01-21T02:59:00.000Z,0.84,3.0,Immediate
5159139,Donovan,Faupel,WR,New Mexico State,DonovanFaupelNew Mexico State,2026,Donovan,Faupel,WR,New Mexico State,Arkansas,2026-01-09T02:53:44.000Z,0.85,3.0,Immediate
5159142,Zach,Haber,LS,Arkansas,ZachHaberArkansas,2026,Zach,Haber,LS,Arkansas,Illinois,2026-01-07T05:10:00.000Z,,,Immediate
5159143,Trent,Hudson,WR,Vanderbilt,TrentHudsonVanderbilt,2026,Trent,Hudson,WR,Vanderbilt,,2026-01-17T05:16:00.000Z,,3.0,Immediate
5159147,Tyler,Martinez,LB,New Mexico State,TylerMartinezNew Mexico State,2026,Tyler,Martinez,LB,New Mexico State,Colorado,2026-01-06T19:13:00.000Z,0.85,3.0,Immediate
5159158,Rashad,Henry,LB,Massachusetts,RashadHenryMassachusetts,2026,Rashad,Henry,LB,Massachusetts,UCF,2026-01-11T00:35:00.000Z,0.83,3.0,Immediate
5159189,Eric,Adams,,North Carolina Central,EricAdamsNorth Carolina Central,2026,Eric,Adams,S,North Carolina Central,App State,2026-01-12T00:29:00.000Z,,,Immediate
5159190,Jaylen,Bowden,DB,Minnesota,JaylenBowdenMinnesota,2026,Jaylen,Bowden,CB,Minnesota,East Carolina,2026-01-08T15:21:00.000Z,,,Immediate
5159217,Sedrick,Smith,DL,Maryland,SedrickSmithMaryland,2026,Sedrick,Smith,DL,Maryland,Colorado,2026-01-11T22:14:00.000Z,0.87,3.0,Immediate
5159251,DJ,Cerisier,DB,Duquesne,DJCerisierDuquesne,2026,DJ,Cerisier,CB,Duquesne,,2026-01-13T02:38:13.000Z,0.84,3.0,Withdrawn
5159256,Jack,Dunkley,DE,Duquesne,JackDunkleyDuquesne,2026,Jack,Dunkley,EDGE,Duquesne,Wyoming,2026-01-07T15:35:00.000Z,0.83,3.0,Immediate
5159271,Jason,Patterson,DL,Texas Southern,JasonPattersonTexas Southern,2026,Jason,Patterson,EDGE,Texas Southern,Texas State,2026-01-21T03:54:00.000Z,0.85,3.0,Immediate
5159277,Michael,Robinson III,DB,UConn,MichaelRobinson IIIUConn,2026,Michael,Robinson III,CB,UConn,Southern Miss,2026-02-04T20:54:00.000Z,0.8,3.0,Immediate
5159295,Kamrin,Canterbury,DB,UL Monroe,KamrinCanterburyUL Monroe,2026,Kamrin,Canterbury,S,UL Monroe,,2025-12-11T22:19:00.000Z,0.83,3.0,Immediate
5159360,James,Tyre,WR,Western Carolina,JamesTyreWestern Carolina,2026,James,Tyre,WR,Western Carolina,North Texas,2026-01-12T17:42:00.000Z,0.84,3.0,Immediate
5159362,Zion,Booker,WR,Tulsa,ZionBookerTulsa,2026,Zion,Booker,WR,Tulsa,Kennesaw State,2026-01-21T19:20:00.000Z,0.85,3.0,Immediate
5159363,Zayveon,Wells,S,Western Carolina,ZayveonWellsWestern Carolina,2026,Zayveon,Wells,S,Western Carolina,South Carolina State,2026-02-04T23:48:00.000Z,0.8,3.0,Immediate
5159365,Bo,Simpson-Nealy,DB,Western Carolina,BoSimpson-NealyWestern Carolina,2026,Bo,Simpson-Nealy,S,Western Carolina,Florida Atlantic,2026-01-06T20:32:00.000Z,0.83,3.0,Immediate
5159367,Kenyon,Partridge,DE,Western Carolina,KenyonPartridgeWestern Carolina,2026,Kenyon,Partridge,DL,Western Carolina,Tarleton State,2026-02-05T01:17:00.000Z,,,Immediate
5159369,Jeno,Junius Jr.,DB,Western Carolina,JenoJunius Jr.Western Carolina,2026,Jeno,Junius Jr.,S,Western Carolina,,2025-12-31T15:53:00.000Z,,,Immediate
5159497,James,Williams,DE,Florida State,JamesWilliamsFlorida State,2026,James,Williams,EDGE,Florida State,Oklahoma State,2026-01-09T15:51:00.000Z,0.87,3.0,Immediate
5159672,DJ,Coleman,S,Baylor,DJColemanBaylor,2026,DJ,Coleman,S,Baylor,Florida,2026-01-04T20:36:00.000Z,0.86,3.0,Immediate
5159816,Jack,Bal,DB,Arizona State,JackBalArizona State,2026,Jack,Bal,S,Arizona State,Washington State,2026-01-07T02:19:00.000Z,0.85,3.0,Immediate
5159817,Joseph,McGinnis II,DB,Arizona State,JosephMcGinnis IIArizona State,2026,Joseph,McGinnis II,S,Arizona State,,2026-01-02T18:37:00.000Z,,,Immediate
5159910,Kolby,Peavy,DB,Alabama,KolbyPeavyAlabama,2026,Kolby,Peavy,S,Alabama,Southern Miss,2026-01-13T01:05:00.000Z,0.83,3.0,Immediate
5159944,Kris,Hughes,WR,Louisville,KrisHughesLouisville,2026,Kris,Hughes,WR,Louisville,,2025-12-29T17:00:00.000Z,,,Immediate
5159948,Chris,Johnson Jr.,RB,SMU,ChrisJohnson Jr.SMU,2026,Chris,Johnson Jr.,RB,SMU,Clemson,2026-01-11T20:00:00.000Z,0.87,3.0,Immediate
5159964,Jordan,Saunders,S,Old Dominion,JordanSaundersOld Dominion,2026,Jordan,Saunders,CB,Old Dominion,,2025-12-19T14:32:00.000Z,,,Immediate
5160003,Tyran,Warren,WR,Alcorn State,TyranWarrenAlcorn State,2026,Tyran,Warren,WR,Alcorn State,NC State,2026-01-11T18:19:00.000Z,0.86,3.0,Immediate
5160086,Desirrio,Riles,TE,East Carolina,DesirrioRilesEast Carolina,2026,Desirrio,Riles,TE,East Carolina,Florida State,2026-01-06T19:21:00.000Z,0.86,3.0,Immediate
5160096,Mark,Shenouda,P,Tennessee State,MarkShenoudaTennessee State,2026,Mark,Shenouda,P,Tennessee State,Missouri,2026-01-16T17:10:00.000Z,0.83,3.0,Immediate
5160104,Blake,Fann,LB,North Texas,BlakeFannNorth Texas,2026,Blake,Fann,LB,North Texas,,2025-12-29T02:50:00.000Z,,,Immediate
5160113,Ronnie,Crosby III,RB,Texas A&M,RonnieCrosby IIITexas A&M,2026,Ronnie,Crosby III,RB,Texas A&M,,2026-01-12T16:38:00.000Z,,,Immediate
5160114,JR,Rosenberg,CB,Texas A&M,JRRosenbergTexas A&M,2026,JR,Rosenberg,S,Texas A&M,South Florida,2026-01-15T15:42:00.000Z,0.8,3.0,Immediate
5160116,Blake,Buntyn,WR,Texas A&M,BlakeBuntynTexas A&M,2026,Blake,Buntyn,WR,Texas A&M,,2026-01-13T15:41:00.000Z,,,Immediate
5160119,Alessandro,Perez,DE,Texas A&M,AlessandroPerezTexas A&M,2026,Alessandro,Perez,DL,Texas A&M,,2026-01-09T16:09:00.000Z,,,Immediate
5160131,Adam,Moore,TE,SMU,AdamMooreSMU,2026,Adam,Moore,TE,SMU,,2026-01-05T22:31:00.000Z,,3.0,Immediate
5160152,Kian,Johnson,WR,Temple,KianJohnsonTemple,2026,Kian,Johnson,WR,Temple,,2025-12-06T20:41:00.000Z,,,Immediate
5160197,Darius,Cannon,WR,Murray State,DariusCannonMurray State,2026,Darius,Cannon,WR,Murray State,Jacksonville State,2026-01-12T16:55:00.000Z,0.85,3.0,Immediate
5160198,Hayden,Dawahare,LB,Kentucky,HaydenDawahareKentucky,2026,Hayden,Dawahare,LB,Kentucky,Kent State,2026-01-12T19:50:00.000Z,0.84,3.0,Immediate
5160204,Jackson,Bunn,DL,Kentucky,JacksonBunnKentucky,2026,Jackson,Bunn,IOL,Kentucky,Jacksonville State,2026-01-12T22:49:00.000Z,0.81,3.0,Immediate
5160223,RJ,Moss Jr.,DL,South Alabama,RJMoss Jr.South Alabama,2026,RJ,Moss Jr.,DL,South Alabama,Florida International,2026-01-10T17:49:00.000Z,0.85,3.0,Immediate
5160240,Hamilton,DiBoyan,PK,South Alabama,HamiltonDiBoyanSouth Alabama,2026,Hamilton,DiBoyan,K,South Alabama,Austin Peay,2026-01-25T21:50:00.000Z,,,Immediate
5160356,Reggie,Jackson,OL,Jacksonville State,ReggieJacksonJacksonville State,2026,Reggie,Jackson,OT,Jacksonville State,Boston College,2026-01-05T20:58:00.000Z,0.85,3.0,Immediate
5160456,Will,Karoll,P,UCLA,WillKarollUCLA,2026,Will,Karoll,P,UCLA,Texas Tech,2026-01-21T20:55:00.000Z,0.83,3.0,Immediate
5160651,Atticus,Bertrams,P,Wisconsin,AtticusBertramsWisconsin,2026,Atticus,Bertrams,P,Wisconsin,UCF,2026-01-08T19:01:00.000Z,,2.0,Immediate
5160962,John Henry,Daley,DE,Utah,John HenryDaleyUtah,2026,John Henry,Daley,EDGE,Utah,Michigan,2026-01-09T02:42:15.000Z,0.93,4.0,Immediate
5161140,Ryan,McCulloch,LB,California,RyanMcCullochCalifornia,2026,Ryan,McCulloch,EDGE,California,UCLA,2026-01-04T19:08:16.000Z,0.86,3.0,Immediate
5161141,Mateen,Bhaghani,PK,UCLA,MateenBhaghaniUCLA,2026,Mateen,Bhaghani,K,UCLA,,2026-01-11T19:58:00.000Z,,,Withdrawn
5161150,Alijah,Alexander,DL,Eastern Michigan,AlijahAlexanderEastern Michigan,2026,Alijah,Alexander,DL,Eastern Michigan,,2025-12-14T06:00:00.000Z,,,Immediate
5161162,Ronnel,Johnson,WR,Missouri State,RonnelJohnsonMissouri State,2026,Ronnel,Johnson,WR,Missouri State,Jacksonville State,2026-01-12T22:31:00.000Z,0.85,3.0,Immediate
5161172,Andrew,Martin,LB,Stetson,AndrewMartinStetson,2026,Andrew,Martin,LB,Stetson,Southern Miss,2026-01-28T15:08:00.000Z,0.84,3.0,Immediate
5161197,Bo,Gaines,P,Georgia State,BoGainesGeorgia State,2026,Bo,Gaines,P,Georgia State,,2026-01-09T16:08:00.000Z,,,Immediate
5161233,Preston,Kilgore,TE,East Texas A&M,PrestonKilgoreEast Texas A&M,2026,Preston,Kilgore,TE,East Texas A&M,Southern Miss,2026-01-22T18:40:00.000Z,0.82,3.0,Immediate
5161253,Devin,Matthews,WR,East Texas A&M,DevinMatthewsEast Texas A&M,2026,Devin,Matthews,WR,East Texas A&M,Massachusetts,2026-01-17T19:38:00.000Z,0.83,3.0,Immediate
5161548,Ali,Abbasi,DL,Marshall,AliAbbasiMarshall,2026,Ali,Abbasi,DL,Marshall,,2025-12-24T06:44:00.000Z,,,Immediate
5161633,Cade,Law,LB,Memphis,CadeLawMemphis,2026,Cade,Law,LB,Memphis,East Carolina,2026-01-12T20:27:00.000Z,0.81,3.0,Immediate
5161639,Jadyn,Oh,PK,Syracuse,JadynOhSyracuse,2026,Jadyn,Oh,K,Syracuse,Oregon State,2026-01-15T23:57:04.000Z,0.8,3.0,Immediate
5161640,Dre,Walker,CB,Virginia,DreWalkerVirginia,2026,Dre,Walker,CB,Virginia,App State,2026-01-09T19:55:00.000Z,0.83,3.0,Immediate
5161685,Weston,Simmons,LS,Cincinnati,WestonSimmonsCincinnati,2026,Weston,Simmons,LS,Cincinnati,Memphis,2026-01-15T23:19:00.000Z,0.8,3.0,Immediate
5161691,Keilan,Smith,DT,Cincinnati,KeilanSmithCincinnati,2026,Keilan,Smith,DL,Cincinnati,Ball State,2026-01-15T22:37:00.000Z,0.84,3.0,Immediate
5161737,Nick,Reinicke,LB,Iowa State,NickReinickeIowa State,2026,Nick,Reinicke,LB,Iowa State,Western Illinois,2026-01-13T15:38:00.000Z,,,Immediate
5161775,Donovan,Grayson,DL,Samford,DonovanGraysonSamford,2026,Donovan,Grayson,EDGE,Samford,Coastal Carolina,2026-01-12T16:41:00.000Z,0.86,3.0,Immediate
5162400,Bryan,Whitehead,DE,Arkansas State,BryanWhiteheadArkansas State,2026,Bryan,Whitehead,EDGE,Arkansas State,,2025-12-28T14:33:00.000Z,,2.0,Immediate
5162401,Christian,Bodnar,S,Liberty,ChristianBodnarLiberty,2026,Christian,Bodnar,CB,Liberty,Oklahoma State,2026-01-11T17:18:00.000Z,0.84,3.0,Immediate
5162404,Ryan,Manis,LS,Liberty,RyanManisLiberty,2026,Ryan,Manis,LS,Liberty,Louisville,2026-01-10T20:11:00.000Z,0.83,3.0,Immediate
5162535,Donavan,Howard,S,Virginia State,DonavanHowardVirginia State,2026,Donavan,Howard,S,Virginia State,UTEP,2026-01-16T20:07:00.000Z,0.85,3.0,Immediate
5162540,Jimmyll,Williams,RB,Elon,JimmyllWilliamsElon,2026,Jimmyll,Williams,RB,Elon,,2026-02-28T03:56:13.000Z,0.84,3.0,Withdrawn
5162686,Jackson,Courville,PK,Ohio State,JacksonCourvilleOhio State,2026,Jackson,Courville,K,Ohio State,Tulane,2026-01-12T18:31:00.000Z,,,Immediate
5162969,Jalen,Wright,LB,Alabama A&M,JalenWrightAlabama A&M,2026,Jalen,Wright,LB,Alabama A&M,,2025-12-27T01:11:00.000Z,0.83,3.0,Immediate
5163076,K.J.,Jones,WR,Marshall,K.J.JonesMarshall,2026,K.J.,Jones,WR,Marshall,,2025-12-18T13:51:00.000Z,,,Immediate
5163078,Ian,Foster,S,Southern Miss,IanFosterSouthern Miss,2026,Ian,Foster,S,Southern Miss,Memphis,2026-01-10T20:36:00.000Z,0.87,3.0,Immediate
5163088,Nathan,Totten,P,Marshall,NathanTottenMarshall,2026,Nathan,Totten,P,Marshall,Virginia Tech,2026-01-09T01:17:00.000Z,,,Immediate
5163541,Max,Tulen,P,Bethune-Cookman,MaxTulenBethune-Cookman,2026,Max,Tulen,P,Bethune-Cookman,Tulsa,2026-01-09T19:10:00.000Z,,,Immediate
5163543,Cade,Hechter,PK,UT Martin,CadeHechterUT Martin,2026,Cade,Hechter,K,UT Martin,UTEP,2026-01-31T02:08:00.000Z,,,Immediate
5164309,Mason,Mims,QB,Louisville,MasonMimsLouisville,2026,Mason,Mims,QB,Louisville,East Tennessee State,2026-01-19T16:10:00.000Z,,3.0,Immediate
5164316,Alex,Manske,QB,Iowa State,AlexManskeIowa State,2026,Alex,Manske,QB,Iowa State,Penn State,2026-01-04T21:49:00.000Z,0.86,3.0,Immediate
5164317,Shaker,Reisig,QB,Boston College,ShakerReisigBoston College,2026,Shaker,Reisig,QB,Boston College,Texas State,2026-01-12T13:50:49.000Z,0.85,3.0,Immediate
5164325,Jackson,Kollock,QB,Minnesota,JacksonKollockMinnesota,2026,Jackson,Kollock,QB,Minnesota,UC Davis,2026-01-21T22:37:00.000Z,0.85,3.0,Immediate
5164326,Tre,Leonard,RB,James Madison,TreLeonardJames Madison,2026,Tre,Leonard,RB,James Madison,,2026-01-17T16:22:00.000Z,,3.0,Immediate
5164350,Jayvan,Boggs,WR,Florida State,JayvanBoggsFlorida State,2026,Jayvan,Boggs,WR,Florida State,,2025-12-27T16:00:00.000Z,0.89,3.0,Immediate
5164362,Raiden,Vines-Bright,WR,Washington,RaidenVines-BrightWashington,2026,Raiden,Vines-Bright,WR,Washington,Arizona State,2026-01-04T14:02:00.000Z,0.89,3.0,Immediate
5164566,Joshua,Iseah,LB,North Carolina A&T,JoshuaIseahNorth Carolina A&T,2026,Joshua,Iseah,LB,North Carolina A&T,Massachusetts,2026-01-11T02:10:00.000Z,0.83,3.0,Immediate
5164579,Brock,Stukes,OL,NC State,BrockStukesNC State,2026,Brock,Stukes,IOL,NC State,Sam Houston,2026-01-12T16:45:00.000Z,,,Immediate
5164655,Tyler,Miller,OL,LSU,TylerMillerLSU,2026,Tyler,Miller,OT,LSU,Mississippi State,2026-01-13T21:18:00.000Z,0.87,3.0,Immediate
5164658,Alex,Payne,OL,USC,AlexPayneUSC,2026,Alex,Payne,OT,USC,Virginia,2026-01-13T22:14:00.000Z,0.87,3.0,Immediate
5164660,Carter,Stallard,OL,Virginia Tech,CarterStallardVirginia Tech,2026,Carter,Stallard,IOL,Virginia Tech,Murray State,2026-01-14T16:37:00.000Z,,3.0,Immediate
5164690,Elijah,Dotson,S,Michigan,ElijahDotsonMichigan,2026,Elijah,Dotson,CB,Michigan,Missouri,2026-01-14T00:52:00.000Z,0.9,4.0,Immediate
5164691,Montavin,Quisenberry,WR,Kentucky,MontavinQuisenberryKentucky,2026,Montavin,Quisenberry,WR,Kentucky,Louisville,2026-01-08T16:30:00.000Z,0.85,3.0,Immediate
5164721,Zolten,Osborne,QB,Charleston Southern,ZoltenOsborneCharleston Southern,2026,Zolten,Osborne,QB,Charleston Southern,Tennessee Tech,2026-01-10T19:44:00.000Z,0.82,3.0,Immediate
5164730,Autavius,Ison,RB,Mercer,AutaviusIsonMercer,2026,Autavius,Ison,RB,Mercer,Toledo,2026-01-14T21:43:00.000Z,0.84,3.0,Immediate
5164747,Andrew,Threatt,OL,Charleston Southern,AndrewThreattCharleston Southern,2026,Andrew,Threatt,IOL,Charleston Southern,North Carolina,2026-01-04T17:39:00.000Z,0.86,3.0,Immediate
5164749,Noah,Jennings,WR,Cincinnati,NoahJenningsCincinnati,2026,Noah,Jennings,WR,Cincinnati,Minnesota,2026-01-10T00:45:00.000Z,0.87,3.0,Immediate
5165051,Daniel,Matagi,,Portland State,DanielMatagiPortland State,2026,Daniel,Matagi,DL,Portland State,Oregon State,2026-01-13T15:28:07.000Z,0.86,3.0,Immediate
5165120,Hayden,John,S,Idaho,HaydenJohnIdaho,2026,Hayden,John,ATH,Idaho,UC Davis,2026-01-23T05:35:00.000Z,,3.0,Immediate
5165156,Matyus,McLain,DE,Idaho,MatyusMcLainIdaho,2026,Matyus,McLain,EDGE,Idaho,Washington State,2026-01-09T15:21:00.000Z,,2.0,Immediate
5165490,RJ,Chapman,S,Merrimack,RJChapmanMerrimack,2026,RJ,Chapman,S,Merrimack,New Mexico State,2026-01-21T02:56:00.000Z,,,Immediate
5165725,Steven,Curtis,DL,Minnesota,StevenCurtisMinnesota,2026,Steven,Curtis,DL,Minnesota,North Texas,2026-01-12T00:39:00.000Z,,3.0,Immediate
5165797,Ralph,Ortiz,LB,Kansas State,RalphOrtizKansas State,2026,Ralph,Ortiz,LB,Kansas State,,2025-12-19T22:08:00.000Z,,,Immediate
5165957,Janier,Armstead,DL,South Alabama,JanierArmsteadSouth Alabama,2026,Janier,Armstead,DL,South Alabama,,2025-12-12T12:58:00.000Z,,,Immediate
5165978,Glory,Stephen-Wangboje,DL,Sacred Heart,GloryStephen-WangbojeSacred Heart,2026,Glory,Stephen-Wangboje,DL,Sacred Heart,Northwestern,2026-01-22T18:53:00.000Z,0.85,3.0,Immediate
5166159,Elijah,Fields,DL,Stephen F. Austin,ElijahFieldsStephen F. Austin,2026,Elijah,Fields,DL,Stephen F. Austin,UTEP,2026-01-12T16:30:00.000Z,,,Immediate
5166306,Andrew,Powdrell,S,UNLV,AndrewPowdrellUNLV,2026,Andrew,Powdrell,CB,UNLV,West Virginia,2026-01-07T23:07:00.000Z,0.85,3.0,Immediate
5166452,Josh,Dorsainvil,EDGE,UCF,JoshDorsainvilUCF,2026,Josh,Dorsainvil,EDGE,UCF,,2026-01-08T16:01:00.000Z,,,TBD
5166798,Renick,Dorilas,DB,Rutgers,RenickDorilasRutgers,2026,Renick,Dorilas,CB,Rutgers,UConn,2026-01-12T16:23:00.000Z,0.85,3.0,Immediate
5166833,George,Mullins,DB,Michigan State,GeorgeMullinsMichigan State,2026,George,Mullins,S,Michigan State,Delaware,2026-01-09T22:17:00.000Z,,3.0,Immediate
5166880,Ellijah,Washington,WR,Oregon State,EllijahWashingtonOregon State,2026,Ellijah,Washington,WR,Oregon State,Sacramento State,2026-01-23T13:25:00.000Z,0.85,3.0,Immediate
5166884,Jaquez,Joiner,OL,UCF,JaquezJoinerUCF,2026,Jaquez,Joiner,IOL,UCF,Marshall,2026-01-11T03:15:58.000Z,0.85,3.0,Immediate
5167172,Jovan,Clark,LB,Washington State,JovanClarkWashington State,2026,Jovan,Clark,LB,Washington State,Ball State,2026-01-06T19:27:00.000Z,,3.0,Immediate
5167181,Chandler,Jordan,DB,Georgia State,ChandlerJordanGeorgia State,2026,Chandler,Jordan,S,Georgia State,Boston College,2026-01-11T02:02:48.000Z,0.86,3.0,Immediate
5167188,Elijah,Pratt,S,SMU,ElijahPrattSMU,2026,Elijah,Pratt,S,SMU,UAB,2026-01-15T16:27:00.000Z,0.86,3.0,Immediate
5167190,JJ,Shelton,LB,Arkansas,JJSheltonArkansas,2026,JJ,Shelton,LB,Arkansas,Baylor,2026-01-07T18:07:05.000Z,0.85,3.0,Immediate
5167193,Tyron,Steed,CB,Bowling Green,TyronSteedBowling Green,2026,Tyron,Steed,CB,Bowling Green,,2025-12-18T06:00:00.000Z,,3.0,Immediate
5167252,Duncan,Brune,RB,Ohio,DuncanBruneOhio,2026,Duncan,Brune,RB,Ohio,,2026-01-06T19:16:00.000Z,,3.0,Withdrawn
5167309,Alijah,Carnell,DT,Iowa State,AlijahCarnellIowa State,2026,Alijah,Carnell,DL,Iowa State,Penn State,2026-01-05T02:51:00.000Z,0.86,3.0,Immediate
5167697,John,Baker IV,DL,Toledo,JohnBaker IVToledo,2026,John,Baker IV,EDGE,Toledo,Bowling Green,2026-02-04T17:28:00.000Z,0.85,3.0,Immediate
5167701,Darryll,Desir,DL,Florida State,DarryllDesirFlorida State,2026,Darryll,Desir,EDGE,Florida State,,2026-01-16T02:35:49.000Z,0.94,4.0,Withdrawn
5167703,Mandrell,Desir,DL,Florida State,MandrellDesirFlorida State,2026,Mandrell,Desir,EDGE,Florida State,,2026-01-16T02:35:42.000Z,0.96,4.0,Withdrawn
5167704,Mike,Hastie,LB,West Virginia,MikeHastieWest Virginia,2026,Mike,Hastie,LB,West Virginia,Morgan State,2026-05-02T02:05:00.000Z,0.84,3.0,Immediate
5167747,Jarquez,Carter,DL,Ohio State,JarquezCarterOhio State,2026,Jarquez,Carter,DL,Ohio State,Miami,2026-01-13T00:22:00.000Z,0.87,3.0,Immediate
5167752,Walter,Mathis Jr.,DL,LSU,WalterMathis Jr.LSU,2026,Walter,Mathis Jr.,DL,LSU,Auburn,2026-01-15T23:55:00.000Z,0.91,4.0,Immediate
5167938,Tylan,McNichols,LB,UAB,TylanMcNicholsUAB,2026,Tylan,McNichols,LB,UAB,Wake Forest,2026-01-13T17:23:00.000Z,0.85,3.0,Immediate
5168670,Dara,Adeyemi,OL,Bucknell,DaraAdeyemiBucknell,2026,Dara,Adeyemi,OT,Bucknell,Stanford,2026-01-19T19:55:00.000Z,0.85,3.0,Immediate
5168714,Paul,Omodia,DB,Lamar,PaulOmodiaLamar,2026,Paul,Omodia,CB,Lamar,Colorado,2026-01-17T23:47:00.000Z,0.85,3.0,Immediate
5168715,Teon,Parks,CB,Colorado,TeonParksColorado,2026,Teon,Parks,CB,Colorado,TCU,2026-01-11T18:15:00.000Z,0.87,3.0,Immediate
5168724,Patrick,Bauer,LB,Illinois State,PatrickBauerIllinois State,2026,Patrick,Bauer,LB,Illinois State,Cincinnati,2026-01-09T18:04:00.000Z,0.85,3.0,Immediate
5168738,Jamarcus,Smith,LB,Illinois State,JamarcusSmithIllinois State,2026,Jamarcus,Smith,LB,Illinois State,,2025-12-27T19:45:00.000Z,,,Immediate
5168770,Carver,Cheeks,WR,Northern Colorado,CarverCheeksNorthern Colorado,2026,Carver,Cheeks,WR,Northern Colorado,,2025-11-27T21:14:00.000Z,0.85,3.0,Immediate
5168788,Brayden,Munroe,WR,Northern Colorado,BraydenMunroeNorthern Colorado,2026,Brayden,Munroe,WR,Northern Colorado,Kennesaw State,2026-01-22T02:16:00.000Z,0.86,3.0,Immediate
5168802,Grayson,Brousseau,TE,Oklahoma State,GraysonBrousseauOklahoma State,2026,Grayson,Brousseau,TE,Oklahoma State,UCF,2026-01-15T13:29:00.000Z,0.84,3.0,Immediate
5168859,Harrison,Tuck,P,Alabama State,HarrisonTuckAlabama State,2026,Harrison,Tuck,P,Alabama State,Memphis,2026-01-21T23:03:00.000Z,0.83,3.0,Immediate
5169050,Tug,Sanford,LS,Stephen F. Austin,TugSanfordStephen F. Austin,2026,Tug,Sanford,LS,Stephen F. Austin,Oregon State,2026-01-13T15:58:59.000Z,0.8,3.0,Immediate
5169057,Chimdia,Nwaiwu,OL,Stephen F. Austin,ChimdiaNwaiwuStephen F. Austin,2026,Chimdia,Nwaiwu,OT,Stephen F. Austin,Florida State,2026-01-10T19:30:00.000Z,0.87,3.0,Immediate
5169058,Jaymon,Lamb,OL,North Texas,JaymonLambNorth Texas,2026,Jaymon,Lamb,OT,North Texas,UTEP,2026-01-16T15:49:00.000Z,0.84,3.0,Immediate
5169215,Maurice,Veney,TE,Morehouse,MauriceVeneyMorehouse,2026,Maurice,Veney,TE,Morehouse,Vanderbilt,2025-11-17T21:47:00.000Z,0.84,3.0,Immediate
5169434,Jacob,Cosby-Mosley,DB,Wake Forest,JacobCosby-MosleyWake Forest,2026,Jacob,Cosby-Mosley,S,Wake Forest,Western Kentucky,2026-01-20T15:25:00.000Z,0.83,3.0,Immediate
5171015,Isaiah,Green,,Portland State,IsaiahGreenPortland State,2026,Isaiah,Green,S,Portland State,San Diego State,2026-01-05T22:42:00.000Z,0.82,3.0,Immediate
5171031,Matt,Vezza,QB,New Hampshire,MattVezzaNew Hampshire,2026,Matt,Vezza,QB,New Hampshire,Ohio,2026-01-10T01:46:00.000Z,,,Immediate
5171037,Sean,Webb,CB,New Hampshire,SeanWebbNew Hampshire,2026,Sean,Webb,CB,New Hampshire,,2026-01-05T18:16:00.000Z,,,Immediate
5171079,Nathan,Curry,LS,North Alabama,NathanCurryNorth Alabama,2026,Nathan,Curry,LS,North Alabama,Wyoming,2026-01-09T21:58:00.000Z,,,Immediate
5171684,Brock,Riker,OL,Texas State,BrockRikerTexas State,2026,Brock,Riker,IOL,Texas State,Penn State,2026-01-10T15:56:00.000Z,0.86,3.0,Immediate
5172094,KJ,Sejour,DB,Chattanooga,KJSejourChattanooga,2026,KJ,Sejour,CB,Chattanooga,Ohio,2026-01-12T13:27:00.000Z,0.84,3.0,Immediate
5172403,Alec,Clark,P,Tulane,AlecClarkTulane,2026,Alec,Clark,P,Tulane,Florida,2026-01-06T17:05:35.000Z,,,Immediate
5172415,Dez,Thomas II,QB,Georgetown,DezThomas IIGeorgetown,2026,Dez,Thomas II,QB,Georgetown,Prairie View A&M,2026-01-15T02:24:00.000Z,0.8,3.0,Immediate
5172606,Cedric,Jefferson,OL,Montana State,CedricJeffersonMontana State,2026,Cedric,Jefferson,OT,Montana State,Utah,2026-01-12T03:23:00.000Z,0.85,3.0,Immediate
5172608,Hunter,Provience,TE,Montana State,HunterProvienceMontana State,2026,Hunter,Provience,TE,Montana State,NC State,2026-01-10T20:42:00.000Z,0.89,3.0,Immediate
5172801,Davit,Boyajyan,OL,Washington,DavitBoyajyanWashington,2026,Davit,Boyajyan,IOL,Washington,Cal Poly,2026-01-12T21:47:00.000Z,0.84,3.0,Immediate
5173078,Dominic,Johnson,OL,Georgia State,DominicJohnsonGeorgia State,2026,Dominic,Johnson,IOL,Georgia State,Toledo,2026-01-14T20:07:46.000Z,0.82,3.0,Immediate
5173438,Ja'Meer,Thomas,WR,Syracuse,Ja'MeerThomasSyracuse,2026,Ja'Meer,Thomas,WR,Syracuse,,2026-01-06T20:52:00.000Z,,3.0,Immediate
5173604,Marcus,Neal Jr.,S,Iowa State,MarcusNeal Jr.Iowa State,2026,Marcus,Neal Jr.,S,Iowa State,Penn State,2026-01-04T17:23:00.000Z,0.9,4.0,Immediate
5173769,Kaden,Cook,S,California,KadenCookCalifornia,2026,Kaden,Cook,CB,California,Jacksonville State,2026-01-21T03:01:00.000Z,0.85,3.0,Immediate
5174185,Brody,Richter,P,Minnesota,BrodyRichterMinnesota,2026,Brody,Richter,P,Minnesota,New Mexico State,2026-01-20T21:41:00.000Z,0.83,3.0,Immediate
5174446,Keyon,Washington,CB,Bowling Green,KeyonWashingtonBowling Green,2026,Keyon,Washington,CB,Bowling Green,Iowa State,2026-01-05T03:03:00.000Z,0.85,3.0,Immediate
5174651,Dawayne,Galloway Jr.,CB,West Virginia,DawayneGalloway Jr.West Virginia,2026,Dawayne,Galloway Jr.,CB,West Virginia,Akron,2026-01-14T05:11:00.000Z,0.86,3.0,Immediate
5174993,Kenneth,Williams,RB,Nebraska,KennethWilliamsNebraska,2026,Kenneth,Williams,RB,Nebraska,Michigan State,2026-01-18T01:13:00.000Z,0.85,3.0,Immediate
5175175,Owen,Dupree,WR,West Georgia,OwenDupreeWest Georgia,2026,Owen,Dupree,WR,West Georgia,Georgia State,2026-02-06T21:57:00.000Z,0.83,3.0,Immediate
5176073,Osiris,Gilbert,DB,UConn,OsirisGilbertUConn,2026,Osiris,Gilbert,CB,UConn,UCLA,2026-01-10T20:38:35.000Z,0.85,3.0,Immediate
5176113,Justin,Content,CB,UTEP,JustinContentUTEP,2026,Justin,Content,CB,UTEP,,2026-01-13T02:19:19.000Z,0.84,3.0,Withdrawn
5176730,Chase,Bogle,LB,Arkansas State,ChaseBogleArkansas State,2026,Chase,Bogle,LB,Arkansas State,,2026-01-04T19:35:00.000Z,,3.0,Immediate
5178078,Shamar,McIntosh,DB,Maryland,ShamarMcIntoshMaryland,2026,Shamar,McIntosh,S,Maryland,Charlotte,2026-01-06T21:30:00.000Z,0.82,3.0,Immediate
5178086,Denzel,Gardner,QB,Southern Miss,DenzelGardnerSouthern Miss,2026,Denzel,Gardner,QB,Southern Miss,Memphis,2026-01-05T18:10:00.000Z,,3.0,Immediate
5178087,Kenneth,McManus IV,OL,Akron,KennethMcManus IVAkron,2026,Kenneth,McManus IV,IOL,Akron,Auburn,2026-01-19T19:54:00.000Z,0.86,3.0,Immediate
5179116,Lendric,Barber,DL,Cincinnati,LendricBarberCincinnati,2026,Lendric,Barber,DL,Cincinnati,Eastern Kentucky,2026-01-21T14:00:00.000Z,,3.0,Immediate
5179117,Ivan,Moore Jr.,DE,Northern Illinois,IvanMoore Jr.Northern Illinois,2026,Ivan,Moore Jr.,EDGE,Northern Illinois,Sacramento State,2026-01-20T14:44:00.000Z,0.82,3.0,Immediate
5179119,Evan,Noel,PK,Florida,EvanNoelFlorida,2026,Evan,Noel,K,Florida,Houston,2026-01-12T19:55:00.000Z,0.8,3.0,Immediate
5179199,Carde,Smith,OL,Colorado,CardeSmithColorado,2026,Carde,Smith,OT,Colorado,Memphis,2026-01-13T18:56:00.000Z,0.86,3.0,Immediate
5179385,Hollis,Davidson III,TE,Auburn,HollisDavidson IIIAuburn,2026,Hollis,Davidson III,TE,Auburn,Alabama A&M,2026-02-06T19:37:02.000Z,0.86,3.0,Immediate
5181312,Jaylyn,Monds,DB,Eastern Michigan,JaylynMondsEastern Michigan,2026,Jaylyn,Monds,CB,Eastern Michigan,,2026-01-14T15:07:00.000Z,,2.0,Immediate
5181759,Kodi,Cornelius,TE,San Diego State,KodiCorneliusSan Diego State,2026,Kodi,Cornelius,DL,San Diego State,,2026-01-03T21:34:00.000Z,,3.0,Immediate
5182126,Dashawn,Fillmore,S,Texas A&M,DashawnFillmoreTexas A&M,2026,Dashawn,Fillmore,WR,Texas A&M,,2026-01-05T18:31:00.000Z,,,Immediate
5183807,Travis,Ambrose,TE,Central Michigan,TravisAmbroseCentral Michigan,2026,Travis,Ambrose,TE,Central Michigan,,2026-04-07T15:03:00.000Z,,3.0,Immediate
5184023,Amare,Grayson,OL,Jacksonville State,AmareGraysonJacksonville State,2026,Amare,Grayson,IOL,Jacksonville State,West Virginia,2026-01-10T23:34:00.000Z,0.85,3.0,Immediate
5184165,Nykahi,Davenport,RB,South Florida,NykahiDavenportSouth Florida,2026,Nykahi,Davenport,RB,South Florida,Auburn,2026-01-05T16:07:00.000Z,0.87,3.0,Immediate
5184466,Semaj,Pierre,WR,Rice,SemajPierreRice,2026,Semaj,Pierre,WR,Rice,Howard,2026-02-05T16:31:00.000Z,,3.0,Immediate
5184576,Drew,Collins,DE,Arkansas State,DrewCollinsArkansas State,2026,Drew,Collins,EDGE,Arkansas State,South Carolina,2026-01-11T19:34:00.000Z,0.86,3.0,Immediate
5186219,Ryan,Walker,OL,North Alabama,RyanWalkerNorth Alabama,2026,Ryan,Walker,IOL,North Alabama,Jacksonville State,2026-01-10T02:43:00.000Z,,,Immediate
5186736,Anthony,Wolter,QB,Nevada,AnthonyWolterNevada,2026,Anthony,Wolter,QB,Nevada,Mercyhurst,2026-01-12T02:10:00.000Z,0.8,3.0,Immediate
5189015,Kaleb,Mitchell,WR,Utah State,KalebMitchellUtah State,2026,Kaleb,Mitchell,WR,Utah State,,2026-01-15T17:26:00.000Z,,3.0,Immediate
5189753,Theo,Bachelder,OL,Old Dominion,TheoBachelderOld Dominion,2026,Theo,Bachelder,OT,Old Dominion,,2026-01-07T16:13:00.000Z,,,Immediate
5189805,Royce,Baucom,OL,Arkansas State,RoyceBaucomArkansas State,2026,Royce,Baucom,IOL,Arkansas State,Chattanooga,2026-02-04T12:50:00.000Z,,3.0,Immediate
5190958,Gabe,Stroud,CB,North Texas,GabeStroudNorth Texas,2026,Gabe,Stroud,CB,North Texas,Montana,2026-01-14T21:44:00.000Z,,3.0,Immediate
5191162,Alberto,Mendoza,QB,Indiana,AlbertoMendozaIndiana,2026,Alberto,Mendoza,QB,Indiana,Georgia Tech,2026-01-20T13:29:00.000Z,0.86,3.0,Immediate
5191175,Caleb,Goodloe,WR,Bowling Green,CalebGoodloeBowling Green,2026,Caleb,Goodloe,WR,Bowling Green,,2025-12-05T06:00:00.000Z,,3.0,Immediate
5192416,Towns,McGough,PK,Auburn,TownsMcGoughAuburn,2026,Towns,McGough,K,Auburn,California,2026-01-14T00:57:00.000Z,0.83,3.0,Immediate
5192420,Cooper,Ranvier,PK,Louisville,CooperRanvierLouisville,2026,Cooper,Ranvier,K,Louisville,Tennessee,2026-01-09T01:05:00.000Z,,,Immediate
5192424,Jonathan,Zarut,LS,Memphis,JonathanZarutMemphis,2026,Jonathan,Zarut,LS,Memphis,Oregon State,2026-01-13T15:58:00.000Z,0.8,3.0,Immediate
5192677,Jeremiah,Jordan,DB,Memphis,JeremiahJordanMemphis,2026,Jeremiah,Jordan,S,Memphis,UAB,2026-01-12T17:14:00.000Z,0.85,3.0,Immediate
5192899,Ashten,Emory,RB,UTEP,AshtenEmoryUTEP,2026,Ashten,Emory,RB,UTEP,California,2026-01-09T18:14:00.000Z,0.85,3.0,Immediate
5192908,Carlos,Hazelwood,DL,Toledo,CarlosHazelwoodToledo,2026,Carlos,Hazelwood,DL,Toledo,Michigan State,2026-01-08T22:51:00.000Z,0.85,3.0,Immediate
5192953,Rhys,Dakin,P,Iowa,RhysDakinIowa,2026,Rhys,Dakin,P,Iowa,Michigan State,2026-01-04T16:37:00.000Z,,3.0,Immediate
5192957,Kai,McClendon,DL,Mississippi State,KaiMcClendonMississippi State,2026,Kai,McClendon,DL,Mississippi State,Washington,2026-01-09T19:30:00.000Z,0.86,3.0,Immediate
5192961,Jamal,Wallace,DT,Tennessee,JamalWallaceTennessee,2026,Jamal,Wallace,DL,Tennessee,Utah,2026-01-12T00:22:00.000Z,0.86,3.0,Immediate
5193050,Alex,Green,WR,Tulsa,AlexGreenTulsa,2026,Alex,Green,WR,Tulsa,UTRGV,2026-01-13T02:31:00.000Z,,3.0,Immediate
5193072,Khyair,Spain,RB,Memphis,KhyairSpainMemphis,2026,Khyair,Spain,RB,Memphis,,2025-12-25T04:52:00.000Z,,,Immediate
5193074,Mike,Wright III,DB,Florida Atlantic,MikeWright IIIFlorida Atlantic,2026,Mike,Wright III,S,Florida Atlantic,Bowling Green,2026-01-13T21:37:00.000Z,0.84,3.0,Immediate
5193089,Alvon,Isaac,RB,South Florida,AlvonIsaacSouth Florida,2026,Alvon,Isaac,RB,South Florida,,2026-01-04T16:28:47.000Z,0.85,3.0,Withdrawn
5193099,Tyler,Brown,DB,James Madison,TylerBrownJames Madison,2026,Tyler,Brown,S,James Madison,Iowa,2026-01-09T22:05:00.000Z,0.86,3.0,Immediate
5193102,Miles,Burris,WR,Charlotte,MilesBurrisCharlotte,2026,Miles,Burris,WR,Charlotte,Akron,2026-01-12T02:26:00.000Z,0.84,3.0,Immediate
5193108,Chauncey,Davis,DB,Colorado State,ChaunceyDavisColorado State,2026,Chauncey,Davis,CB,Colorado State,Stephen F. Austin,2026-01-13T18:51:00.000Z,,3.0,Immediate
5193112,Jalen,Dupree,RB,Colorado State,JalenDupreeColorado State,2026,Jalen,Dupree,RB,Colorado State,Kansas,2026-01-05T01:41:00.000Z,0.85,3.0,Immediate
5193134,Umar,Rockhead,OL,Charlotte,UmarRockheadCharlotte,2026,Umar,Rockhead,OT,Charlotte,,2025-12-22T13:02:00.000Z,,3.0,Immediate
5193147,Kam,Weaver,LB,Troy,KamWeaverTroy,2026,Kam,Weaver,LB,Troy,,2025-12-27T22:08:00.000Z,,3.0,Immediate
5193148,Kaidon,Whidby,LB,Liberty,KaidonWhidbyLiberty,2026,Kaidon,Whidby,LB,Liberty,,2025-12-31T20:36:00.000Z,,3.0,Immediate
5193217,Jonathan,Bibbs,WR,UL Monroe,JonathanBibbsUL Monroe,2026,Jonathan,Bibbs,WR,UL Monroe,UCF,2026-01-08T18:22:00.000Z,0.85,3.0,Immediate
5193219,Immanuel,Ezeogu,DE,James Madison,ImmanuelEzeoguJames Madison,2026,Immanuel,Ezeogu,EDGE,James Madison,Colorado,2026-01-05T22:49:00.000Z,0.86,3.0,Immediate
5193221,Phillip,Harris,S,James Madison,PhillipHarrisJames Madison,2026,Phillip,Harris,S,James Madison,,2026-01-17T05:39:00.000Z,,2.0,Immediate
5193222,Oliver,Lundberg Coleman,RB,UConn,OliverLundberg ColemanUConn,2026,Oliver,Lundberg Coleman,RB,UConn,Colorado State,2026-01-11T17:16:00.000Z,0.83,3.0,Immediate
5193224,Fred,Robertson,RB,Louisiana Tech,FredRobertsonLouisiana Tech,2026,Fred,Robertson,RB,Louisiana Tech,,2026-01-02T16:20:00.000Z,,3.0,Immediate
5193264,Kameron,Anthony,TE,Ball State,KameronAnthonyBall State,2026,Kameron,Anthony,TE,Ball State,Rutgers,2026-01-05T18:46:00.000Z,0.86,3.0,Immediate
5193274,Cade,Wolford,WR,Kent State,CadeWolfordKent State,2026,Cade,Wolford,WR,Kent State,Cincinnati,2026-01-09T00:19:00.000Z,0.9,4.0,Immediate
5193281,TJ,Nelson,LB,Bowling Green,TJNelsonBowling Green,2026,TJ,Nelson,S,Bowling Green,,2025-12-08T06:00:00.000Z,,2.0,Immediate
5193293,Jordan,Buckley,DE,Western Michigan,JordanBuckleyWestern Michigan,2026,Jordan,Buckley,DL,Western Michigan,,2026-01-02T17:46:00.000Z,,3.0,Immediate
5193298,Chris,Durr Jr.,WR,Wyoming,ChrisDurr Jr.Wyoming,2026,Chris,Durr Jr.,WR,Wyoming,Maryland,2026-01-07T19:08:00.000Z,0.85,3.0,Immediate
5193313,Devin,Ross,DB,Kennesaw State,DevinRossKennesaw State,2026,Devin,Ross,CB,Kennesaw State,,2026-01-07T16:31:00.000Z,,3.0,Immediate
5193332,Ty,Goodwill,S,South Alabama,TyGoodwillSouth Alabama,2026,Ty,Goodwill,S,South Alabama,Cincinnati,2026-01-08T18:00:00.000Z,0.86,3.0,Immediate
5193351,Krosse,Johnson,WR,Arkansas,KrosseJohnsonArkansas,2026,Krosse,Johnson,WR,Arkansas,Coastal Carolina,2026-01-09T12:45:00.000Z,,3.0,Immediate
5193352,Carmelo,Mays,WR,Georgia Southern,CarmeloMaysGeorgia Southern,2026,Carmelo,Mays,WR,Georgia Southern,,2026-01-02T04:19:00.000Z,,3.0,Immediate
5193354,Corey,Myrick,S,Southern Miss,CoreyMyrickSouthern Miss,2026,Corey,Myrick,S,Southern Miss,Clemson,2026-01-07T15:37:00.000Z,0.85,3.0,Immediate
5193388,Jaden,Allen-Hendrix,RB,Oklahoma State,JadenAllen-HendrixOklahoma State,2026,Jaden,Allen-Hendrix,RB,Oklahoma State,Coastal Carolina,2026-01-16T22:24:00.000Z,0.83,3.0,Immediate
5193478,Kallen,Gutridge,QB,Oregon State,KallenGutridgeOregon State,2026,Kallen,Gutridge,QB,Oregon State,,2025-12-16T18:13:00.000Z,,3.0,Immediate
5193494,Morrow,Evans,LS,UCLA,MorrowEvansUCLA,2026,Morrow,Evans,LS,UCLA,,2026-01-17T05:18:00.000Z,,2.0,Immediate
5193496,Jay,Harris,RB,Oregon,JayHarrisOregon,2026,Jay,Harris,RB,Oregon,Kansas State,2026-01-12T18:29:00.000Z,0.88,3.0,Immediate
5193504,Jaylen,Brown,DE,South Carolina,JaylenBrownSouth Carolina,2026,Jaylen,Brown,EDGE,South Carolina,LSU,2026-01-08T16:13:49.000Z,0.86,3.0,Immediate
5193556,Adam,Hawkes,OL,Oregon State,AdamHawkesOregon State,2026,Adam,Hawkes,OT,Oregon State,Arkansas,2026-01-08T04:39:00.000Z,0.83,3.0,Immediate
5193586,Syris,Corley,OL,California,SyrisCorleyCalifornia,2026,Syris,Corley,OT,California,,2026-01-17T05:13:00.000Z,,3.0,Immediate
5193652,Geajorm,Akpaloo,LB,Coastal Carolina,GeajormAkpalooCoastal Carolina,2026,Geajorm,Akpaloo,LB,Coastal Carolina,Western Kentucky,2026-01-11T18:21:00.000Z,,,Immediate
5193653,Jayden,Bryant,DE,Coastal Carolina,JaydenBryantCoastal Carolina,2026,Jayden,Bryant,EDGE,Coastal Carolina,Kansas State,2026-01-07T20:48:00.000Z,0.85,3.0,Immediate
5193657,Hunter,Haines,S,San Diego State,HunterHainesSan Diego State,2026,Hunter,Haines,S,San Diego State,Montana,2026-01-09T02:06:00.000Z,,3.0,Immediate
5193658,Se'Von,McDowell,LB,Coastal Carolina,Se'VonMcDowellCoastal Carolina,2026,Se'Von,McDowell,LB,Coastal Carolina,,2026-01-27T20:06:37.000Z,,,Withdrawn
5193690,Harrison,Brun,DB,Minnesota,HarrisonBrunMinnesota,2026,Harrison,Brun,S,Minnesota,South Dakota,2026-01-14T00:51:00.000Z,,2.0,Immediate
5193720,Javon,Brown,WR,Toledo,JavonBrownToledo,2026,Javon,Brown,WR,Toledo,UConn,2026-01-24T07:55:00.000Z,0.83,3.0,Immediate
5193813,Vili,Taufatofua,DL,San José State,ViliTaufatofuaSan José State,2026,Vili,Taufatofua,EDGE,San José State,Colorado,2026-01-09T14:52:00.000Z,0.86,3.0,Immediate
5194306,Ashton,Gray,RB,North Texas,AshtonGrayNorth Texas,2026,Ashton,Gray,RB,North Texas,East Carolina,2026-01-06T22:16:00.000Z,0.87,3.0,Immediate
5194311,Jayden,Williams,DL,North Texas,JaydenWilliamsNorth Texas,2026,Jayden,Williams,DL,North Texas,California,2026-01-17T19:21:00.000Z,0.84,3.0,Immediate
5194315,Sultan,Badmus,DE,Temple,SultanBadmusTemple,2026,Sultan,Badmus,EDGE,Temple,Arkansas State,2026-01-15T15:56:00.000Z,0.85,3.0,Immediate
5194631,Damari,Jefferson,WR,Western Kentucky,DamariJeffersonWestern Kentucky,2026,Damari,Jefferson,WR,Western Kentucky,,2026-01-05T19:17:00.000Z,,,Immediate
5194632,Rich,Benenge,LB,Akron,RichBenengeAkron,2026,Rich,Benenge,LB,Akron,,2026-01-02T12:43:00.000Z,,3.0,Immediate
5194641,Demetrius,Ballard,DE,Buffalo,DemetriusBallardBuffalo,2026,Demetrius,Ballard,EDGE,Buffalo,Boston College,2026-01-04T17:35:00.000Z,0.85,3.0,Immediate
5194656,Miller,Malone,LB,Western Kentucky,MillerMaloneWestern Kentucky,2026,Miller,Malone,LB,Western Kentucky,Houston,2026-01-09T20:43:00.000Z,0.85,3.0,Immediate
5194657,Eric,McClain,CB,Ball State,EricMcClainBall State,2026,Eric,McClain,CB,Ball State,New Mexico,2026-01-11T20:38:00.000Z,,3.0,Immediate
5194661,Malik,Moses,DT,Bowling Green,MalikMosesBowling Green,2026,Malik,Moses,DL,Bowling Green,,2026-01-14T16:15:00.000Z,0.82,3.0,Withdrawn
5194663,Cameron,Pettaway,RB,Bowling Green,CameronPettawayBowling Green,2026,Cameron,Pettaway,RB,Bowling Green,Iowa State,2026-01-12T16:31:00.000Z,0.85,3.0,Immediate
5194664,Jake,Riggs,OL,UTEP,JakeRiggsUTEP,2026,Jake,Riggs,IOL,UTEP,,2025-12-23T05:59:00.000Z,,3.0,Immediate
5194672,Willizhuan,Yates,DB,Ball State,WillizhuanYatesBall State,2026,Willizhuan,Yates,CB,Ball State,,2026-01-01T16:22:00.000Z,,2.0,Immediate
5194676,ShuMond,Johnson,DE,Troy,ShuMondJohnsonTroy,2026,ShuMond,Johnson,EDGE,Troy,,2025-12-24T06:35:00.000Z,,3.0,Immediate
5194688,Lance,Ingold,DL,Northern Illinois,LanceIngoldNorthern Illinois,2026,Lance,Ingold,EDGE,Northern Illinois,Iowa,2026-01-09T00:17:00.000Z,0.87,3.0,Immediate
5194695,Luke,Marble,QB,South Dakota State,LukeMarbleSouth Dakota State,2026,Luke,Marble,QB,South Dakota State,West Georgia,2026-01-10T01:43:00.000Z,,2.0,Immediate
5194802,Chad,Barham,TE,Troy,ChadBarhamTroy,2026,Chad,Barham,TE,Troy,,2025-12-31T21:45:00.000Z,,3.0,Immediate
5194806,Jerome,Carter III,S,Old Dominion,JeromeCarter IIIOld Dominion,2026,Jerome,Carter III,S,Old Dominion,Clemson,2026-01-06T22:38:00.000Z,0.85,3.0,Immediate
5195374,Noah,Ehrlich,QB,Miami (OH),NoahEhrlichMiami (OH),2026,Noah,Ehrlich,QB,Miami (OH),,2026-01-15T17:18:00.000Z,,3.0,Immediate
5195461,Ibn,McDaniels,S,Syracuse,IbnMcDanielsSyracuse,2026,Ibn,McDaniels,CB,Syracuse,Penn State,2026-01-09T22:24:00.000Z,0.86,3.0,Immediate
5195478,Gus,Cordova,DE,USC,GusCordovaUSC,2026,Gus,Cordova,EDGE,USC,Mississippi State,2026-01-10T01:27:00.000Z,0.85,3.0,Immediate
5195570,Cody,Haddad,DB,Ohio State,CodyHaddadOhio State,2026,Cody,Haddad,S,Ohio State,Iowa,2026-01-16T17:17:00.000Z,0.86,3.0,Immediate
5195615,Trajen,Odom,DL,Ohio State,TrajenOdomOhio State,2026,Trajen,Odom,DL,Ohio State,Arkansas,2026-01-14T02:10:00.000Z,0.86,3.0,Immediate
5195680,Chad,Gasper Jr.,RB,Florida,ChadGasper Jr.Florida,2026,Chad,Gasper Jr.,RB,Florida,Blinn College,2026-02-04T04:32:00.000Z,0.85,3.0,Immediate
5195681,James,Johnson,S,USC,JamesJohnsonUSC,2026,James,Johnson,CB,USC,Middle Tennessee,2026-01-15T01:46:00.000Z,0.85,3.0,Immediate
5195690,Jamauri,Brice,WR,Georgia Tech,JamauriBriceGeorgia Tech,2026,Jamauri,Brice,WR,Georgia Tech,,2026-01-03T18:27:00.000Z,,3.0,Immediate
5195740,Braydon,Nelson,OL,North Texas,BraydonNelsonNorth Texas,2026,Braydon,Nelson,OT,North Texas,Oklahoma State,2026-01-05T00:08:00.000Z,0.86,3.0,Immediate
5195950,Brenden,Anes,LB,Tennessee,BrendenAnesTennessee,2026,Brenden,Anes,LB,Tennessee,Western Michigan,2026-01-08T18:00:00.000Z,,3.0,Immediate
5195952,Wondame,Davis Jr.,WR,UTEP,WondameDavis Jr.UTEP,2026,Wondame,Davis Jr.,WR,UTEP,Wake Forest,2026-01-08T18:05:00.000Z,0.87,3.0,Immediate
5195994,Brent,Washington,LB,Georgia State,BrentWashingtonGeorgia State,2026,Brent,Washington,LB,Georgia State,,2025-12-04T19:30:00.000Z,,3.0,Immediate
5196025,Omar,Thornton,DB,Boston College,OmarThorntonBoston College,2026,Omar,Thornton,S,Boston College,Miami,2026-01-11T01:10:00.000Z,0.92,4.0,Immediate
5196100,Riley,McGehee,OL,Arkansas State,RileyMcGeheeArkansas State,2026,Riley,McGehee,OT,Arkansas State,Memphis,2026-01-05T18:05:00.000Z,,3.0,Immediate
5196354,Terry,Nwabuisi-Ezeala,DL,Vanderbilt,TerryNwabuisi-EzealaVanderbilt,2026,Terry,Nwabuisi-Ezeala,DL,Vanderbilt,Marshall,2026-01-20T02:18:00.000Z,0.85,3.0,Immediate
5196424,Jayden,Tuia,OL,Oregon State,JaydenTuiaOregon State,2026,Jayden,Tuia,OT,Oregon State,Colorado State,2026-01-15T17:27:00.000Z,0.82,3.0,Immediate
5196575,Cole,Funderburk,DL,Wake Forest,ColeFunderburkWake Forest,2026,Cole,Funderburk,EDGE,Wake Forest,Marshall,2026-01-06T23:07:00.000Z,0.84,3.0,Immediate
5196861,Jayke,Jones,CB,Jacksonville State,JaykeJonesJacksonville State,2026,Jayke,Jones,CB,Jacksonville State,Austin Peay,2026-01-23T19:19:00.000Z,,,Immediate
5196927,Kyran,Duhon,DL,Oklahoma State,KyranDuhonOklahoma State,2026,Kyran,Duhon,EDGE,Oklahoma State,Tulsa,2026-01-08T20:43:00.000Z,0.88,3.0,Immediate
5196963,Allan,McCarter,DL,UTEP,AllanMcCarterUTEP,2026,Allan,McCarter,DL,UTEP,,2026-01-02T15:26:00.000Z,,3.0,Immediate
5197034,Malachi,Thomas,TE,Pittsburgh,MalachiThomasPittsburgh,2026,Malachi,Thomas,TE,Pittsburgh,LSU,2026-01-05T18:23:00.000Z,0.86,3.0,Immediate
5197086,Sahir,West,DL,James Madison,SahirWestJames Madison,2026,Sahir,West,EDGE,James Madison,UCLA,2026-01-11T04:04:00.000Z,0.88,3.0,Immediate
5197096,Nehemiah,Burleson,DE,Nevada,NehemiahBurlesonNevada,2026,Nehemiah,Burleson,EDGE,Nevada,,2026-01-02T15:10:00.000Z,,,Immediate
5197133,Elijah,Baldwin,DL,UTEP,ElijahBaldwinUTEP,2026,Elijah,Baldwin,EDGE,UTEP,UTSA,2026-01-07T16:00:00.000Z,0.84,3.0,Immediate
5197154,Talibi,Kaba,LB,Rutgers,TalibiKabaRutgers,2026,Talibi,Kaba,LB,Rutgers,,2025-12-25T00:47:00.000Z,,4.0,Immediate
5197158,Malachi,James,RB,Syracuse,MalachiJamesSyracuse,2026,Malachi,James,RB,Syracuse,Eastern Michigan,2026-01-12T15:49:00.000Z,0.83,3.0,Immediate
5198051,Will,Tompkins,OL,Iowa State,WillTompkinsIowa State,2026,Will,Tompkins,OT,Iowa State,Penn State,2026-01-04T03:13:00.000Z,0.85,3.0,Immediate
5198202,Michael,Troutman III,OL,Penn State,MichaelTroutman IIIPenn State,2026,Michael,Troutman III,IOL,Penn State,Virginia Tech,2026-01-11T15:31:00.000Z,0.86,3.0,Immediate
5198304,Makih,Johnson,WR,UConn,MakihJohnsonUConn,2026,Makih,Johnson,WR,UConn,,2025-12-31T02:45:00.000Z,,3.0,Immediate
5198311,Malakhi,Boone,LB,UCF,MalakhiBooneUCF,2026,Malakhi,Boone,LB,UCF,Bethune-Cookman,2026-02-05T03:59:00.000Z,0.84,3.0,Immediate
5198328,Mike,Peterson Jr.,WR,Florida,MikePeterson Jr.Florida,2026,Mike,Peterson Jr.,WR,Florida,Florida A&M,2026-01-10T15:43:00.000Z,,3.0,Immediate
5198561,Sam,Turner,WR,Auburn,SamTurnerAuburn,2026,Sam,Turner,WR,Auburn,,2025-12-31T18:46:00.000Z,0.86,3.0,Immediate
5199861,Clarence,Taylor,WR,Colorado State,ClarenceTaylorColorado State,2026,Clarence,Taylor,WR,Colorado State,,2026-01-02T06:07:00.000Z,,3.0,Immediate
5199944,Paul,Bowling,OL,Troy,PaulBowlingTroy,2026,Paul,Bowling,IOL,Troy,Florida State,2026-01-07T16:33:00.000Z,0.86,3.0,Immediate
5199946,Gabe,Daniels,WR,Syracuse,GabeDanielsSyracuse,2026,Gabe,Daniels,WR,Syracuse,Tulane,2026-01-17T00:37:00.000Z,0.85,3.0,Immediate
5199955,Caleb,Smith,DL,Washington,CalebSmithWashington,2026,Caleb,Smith,DL,Washington,Alabama,2026-01-13T20:11:00.000Z,0.86,3.0,Immediate
5201108,Nathan,Pahanich,OL,Wake Forest,NathanPahanichWake Forest,2026,Nathan,Pahanich,OT,Wake Forest,UConn,2026-01-11T17:18:00.000Z,0.85,3.0,Immediate
5201867,Preztynn,Harrison,WR,Texas Tech,PreztynnHarrisonTexas Tech,2026,Preztynn,Harrison,WR,Texas Tech,Howard Payne,2026-01-19T23:37:00.000Z,,3.0,Immediate
5201877,Vander,Ploog,TE,Oregon,VanderPloogOregon,2026,Vander,Ploog,TE,Oregon,NC State,2026-01-20T18:50:00.000Z,0.86,3.0,Immediate
5201878,Andrew,Olesh,TE,Penn State,AndrewOleshPenn State,2026,Andrew,Olesh,TE,Penn State,Oregon,2026-01-11T22:32:00.000Z,0.87,3.0,Immediate
5201981,William,Wiebush,DB,Wake Forest,WilliamWiebushWake Forest,2026,William,Wiebush,S,Wake Forest,Austin Peay,2026-01-23T19:16:00.000Z,0.83,3.0,Immediate
5203613,Zah'eed,Pierre,DB,Eastern Michigan,Zah'eedPierreEastern Michigan,2026,Zah'eed,Pierre,CB,Eastern Michigan,,2026-01-12T23:27:00.000Z,,3.0,Immediate
5203721,Jerald,James,DL,James Madison,JeraldJamesJames Madison,2026,Jerald,James,EDGE,James Madison,,2026-01-17T05:41:00.000Z,,3.0,Immediate
5203730,Eric,Thomas,DL,Syracuse,EricThomasSyracuse,2026,Eric,Thomas,DL,Syracuse,Memphis,2026-01-16T23:14:00.000Z,0.86,3.0,Immediate
5205004,Emeka,Ugorji,OL,Stanford,EmekaUgorjiStanford,2026,Emeka,Ugorji,OT,Stanford,Florida,2026-01-09T15:11:00.000Z,0.86,3.0,Immediate
5205096,Henry,Fenuku,OL,Missouri,HenryFenukuMissouri,2026,Henry,Fenuku,IOL,Missouri,North Texas,2026-01-06T23:07:00.000Z,0.86,3.0,Immediate
5207653,Rohon,Kazadi,DB,TCU,RohonKazadiTCU,2026,Rohon,Kazadi,S,TCU,,2026-01-06T20:35:00.000Z,,,Immediate
5207662,Muizz,Tounkara,WR,Florida,MuizzTounkaraFlorida,2026,Muizz,Tounkara,WR,Florida,Houston,2026-01-15T17:40:00.000Z,0.86,3.0,Immediate
5207663,Ke'Breion,Winston,LB,Baylor,Ke'BreionWinstonBaylor,2026,Ke'Breion,Winston,LB,Baylor,,2025-12-20T02:34:00.000Z,0.85,3.0,Immediate
5207843,Jason,Stokes Jr.,DB,Utah,JasonStokes Jr.Utah,2026,Jason,Stokes Jr.,CB,Utah,Colorado,2026-01-14T15:08:00.000Z,0.86,3.0,Immediate
5207896,Jacob,Bradford,S,LSU,JacobBradfordLSU,2026,Jacob,Bradford,S,LSU,West Virginia,2026-01-12T23:28:00.000Z,0.87,3.0,Immediate
5207929,Landon,Hammond,DB,Tulane,LandonHammondTulane,2026,Landon,Hammond,CB,Tulane,,2026-01-12T16:40:00.000Z,,3.0,Immediate
5207931,Terrence,Lewis,WR,North Texas,TerrenceLewisNorth Texas,2026,Terrence,Lewis,WR,North Texas,Oklahoma State,2026-01-05T03:35:00.000Z,0.86,3.0,Immediate
5207934,Austin,Carlisle,QB,Houston,AustinCarlisleHouston,2026,Austin,Carlisle,QB,Houston,UL Monroe,2026-01-13T01:34:00.000Z,0.86,3.0,Immediate
5208133,Dominick,Kelly,CB,Georgia,DominickKellyGeorgia,2026,Dominick,Kelly,CB,Georgia,Ohio State,2026-01-14T23:33:00.000Z,0.9,4.0,Immediate
5208138,Luke,Carney,QB,Syracuse,LukeCarneySyracuse,2026,Luke,Carney,QB,Syracuse,Houston,2026-01-12T20:05:32.000Z,0.84,3.0,Immediate
5208219,Ferzell,Shepard,WR,Mississippi State,FerzellShepardMississippi State,2026,Ferzell,Shepard,WR,Mississippi State,,2025-12-15T17:25:00.000Z,,4.0,Immediate
5209008,Garrison,Blank,OL,UCLA,GarrisonBlankUCLA,2026,Garrison,Blank,OT,UCLA,Sacramento State,2026-01-15T16:45:00.000Z,0.86,3.0,Immediate
5209112,Tamarley,Smith,OL,Eastern Michigan,TamarleySmithEastern Michigan,2026,Tamarley,Smith,IOL,Eastern Michigan,,2025-12-29T06:00:00.000Z,,3.0,Immediate
5209120,Stevie,Amar Jr.,TE,Boston College,StevieAmar Jr.Boston College,2026,Stevie,Amar Jr.,TE,Boston College,UCLA,2026-01-10T00:34:00.000Z,0.84,3.0,Immediate
5209198,JP,Mialovski,QB,San Diego State,JPMialovskiSan Diego State,2026,JP,Mialovski,QB,San Diego State,,2025-12-22T06:00:00.000Z,,3.0,Immediate
5209266,Chris,Fileppo,LB,West Virginia,ChrisFileppoWest Virginia,2026,Chris,Fileppo,S,West Virginia,Penn State,2026-01-10T20:02:00.000Z,0.85,3.0,Immediate
5209336,Daniel,Jennings,DL,Penn State,DanielJenningsPenn State,2026,Daniel,Jennings,EDGE,Penn State,Virginia Tech,2026-01-04T23:14:00.000Z,0.87,3.0,Immediate
5209464,Brian,Rowe Jr.,WR,South Carolina,BrianRowe Jr.South Carolina,2026,Brian,Rowe Jr.,WR,South Carolina,UCLA,2026-01-10T20:37:47.000Z,0.87,3.0,Immediate
5209529,Reshad,Sterling,DL,Houston,ReshadSterlingHouston,2026,Reshad,Sterling,EDGE,Houston,Tulane,2026-01-09T17:18:00.000Z,,3.0,Immediate
5209575,Ryker,Haff,OL,Oklahoma State,RykerHaffOklahoma State,2026,Ryker,Haff,OT,Oklahoma State,,2026-01-03T00:32:00.000Z,,3.0,Immediate
5209679,Jeremiah,Koger,WR,South Florida,JeremiahKogerSouth Florida,2026,Jeremiah,Koger,WR,South Florida,Auburn,2026-01-05T21:17:00.000Z,0.89,3.0,Immediate
5209688,JT,Lindsey,RB,LSU,JTLindseyLSU,2026,JT,Lindsey,RB,LSU,Ole Miss,2026-01-12T16:52:00.000Z,0.86,3.0,Immediate
5209928,Sam,Browder,OL,Memphis,SamBrowderMemphis,2026,Sam,Browder,OT,Memphis,East Tennessee State,2026-01-16T21:16:00.000Z,,3.0,Immediate
5209942,Zach,Ruffin,LB,Southern Miss,ZachRuffinSouthern Miss,2026,Zach,Ruffin,S,Southern Miss,Memphis,2026-01-05T18:10:00.000Z,,4.0,Immediate
5210058,Yasir,Muhammad,DB,UNLV,YasirMuhammadUNLV,2026,Yasir,Muhammad,CB,UNLV,,2026-01-06T20:52:00.000Z,,3.0,Immediate
5210130,Devin,Ancrum,DL,North Carolina,DevinAncrumNorth Carolina,2026,Devin,Ancrum,DL,North Carolina,Charlotte,2026-01-10T16:12:00.000Z,0.85,3.0,Immediate
5210163,Charlie,Woleben,DL,Iowa State,CharlieWolebenIowa State,2026,Charlie,Woleben,EDGE,Iowa State,Missouri S&T,2026-01-12T15:53:00.000Z,0.85,3.0,Immediate
5210426,Dominic,Macon,DT,Washington,DominicMaconWashington,2026,Dominic,Macon,DL,Washington,Oklahoma State,2026-01-18T19:28:00.000Z,0.85,3.0,Immediate
5210427,Sione,Perkins,OL,Iowa State,SionePerkinsIowa State,2026,Sione,Perkins,OT,Iowa State,,2025-12-20T20:48:00.000Z,0.85,3.0,Immediate
5210501,Tristan,Ti'a,QB,Oregon State,TristanTi'aOregon State,2026,Tristan,Ti'a,QB,Oregon State,Auburn,2026-01-12T13:56:00.000Z,0.87,3.0,Immediate
5210559,Dyllan,Malone,WR,Iowa State,DyllanMaloneIowa State,2026,Dyllan,Malone,WR,Iowa State,,2025-12-31T02:15:00.000Z,,3.0,Immediate
5211117,Bjorn,Jurgensen,QB,Virginia,BjornJurgensenVirginia,2026,Bjorn,Jurgensen,QB,Virginia,Hawai'i,2026-01-14T16:34:00.000Z,0.86,3.0,Immediate
5211118,Jordan,Vyborny,TE,Oklahoma State,JordanVybornyOklahoma State,2026,Jordan,Vyborny,TE,Oklahoma State,Iowa State,2026-01-12T20:48:00.000Z,0.85,3.0,Immediate
5211161,Grant,Houser,TE,Louisville,GrantHouserLouisville,2026,Grant,Houser,TE,Louisville,Colorado State,2026-01-09T04:53:00.000Z,,3.0,Immediate
5211186,Justin,Bell,OL,Michigan State,JustinBellMichigan State,2026,Justin,Bell,OT,Michigan State,Virginia Tech,2026-01-05T23:12:00.000Z,0.85,3.0,Immediate
5211193,Will,Kemna,OL,Kansas State,WillKemnaKansas State,2026,Will,Kemna,OT,Kansas State,Missouri,2026-01-10T02:11:00.000Z,0.85,3.0,Immediate
5211194,Kuol,Kuol II,OL,Iowa State,KuolKuol IIIowa State,2026,Kuol,Kuol II,OT,Iowa State,Penn State,2026-01-04T23:11:00.000Z,0.86,3.0,Immediate
5211203,Connor,Sullivan,DL,Washington State,ConnorSullivanWashington State,2026,Connor,Sullivan,DL,Washington State,Illinois,2026-01-09T06:00:00.000Z,0.84,3.0,Immediate
5211433,Jameil,Hamm,DL,Miami (OH),JameilHammMiami (OH),2026,Jameil,Hamm,EDGE,Miami (OH),,2026-01-01T17:41:00.000Z,,3.0,Immediate
5211691,Preston,Bowman,WR,Kentucky,PrestonBowmanKentucky,2026,Preston,Bowman,WR,Kentucky,Ohio,2026-01-07T19:23:24.000Z,0.85,3.0,Immediate
5211759,Jayden,Loftin,LB,Tennessee,JaydenLoftinTennessee,2026,Jayden,Loftin,EDGE,Tennessee,Wisconsin,2026-01-10T20:24:00.000Z,0.86,3.0,Immediate
5211862,Matt,Henderson,TE,Penn State,MattHendersonPenn State,2026,Matt,Henderson,TE,Penn State,Virginia Tech,2026-01-04T23:57:00.000Z,0.86,3.0,Immediate
5211899,Blake,Belin,OL,Georgia Tech,BlakeBelinGeorgia Tech,2026,Blake,Belin,DL,Georgia Tech,,2026-01-17T05:36:00.000Z,,3.0,Immediate
5212353,Elijiah,Oehlke,QB,Wake Forest,ElijiahOehlkeWake Forest,2026,Elijiah,Oehlke,QB,Wake Forest,Bryant,2026-01-11T16:09:00.000Z,0.85,3.0,Immediate
5212630,Tucker,Kelleher,TE,BYU,TuckerKelleherBYU,2026,Tucker,Kelleher,TE,BYU,Toledo,2026-03-12T23:48:00.000Z,0.85,3.0,Immediate
5212634,Sterling,Sanders,DL,Boston College,SterlingSandersBoston College,2026,Sterling,Sanders,DL,Boston College,UAB,2026-01-19T23:48:00.000Z,0.85,3.0,Immediate
5212654,Braden,Atkinson,QB,Mercer,BradenAtkinsonMercer,2026,Braden,Atkinson,QB,Mercer,Oregon State,2026-01-11T15:00:00.000Z,0.86,3.0,Immediate
5212656,Kendric,Davis,LB,East Carolina,KendricDavisEast Carolina,2026,Kendric,Davis,LB,East Carolina,West Georgia,2026-01-29T16:17:00.000Z,0.84,3.0,Immediate
5212660,Gavin,Marks,OL,Mercer,GavinMarksMercer,2026,Gavin,Marks,IOL,Mercer,Tulane,2026-01-03T20:40:00.000Z,0.85,3.0,Immediate
5213122,Robert,Lee,LB,Florida Atlantic,RobertLeeFlorida Atlantic,2026,Robert,Lee,LB,Florida Atlantic,Austin Peay,2026-01-23T19:18:00.000Z,,3.0,Immediate
5213124,Ike,Okafor,DL,California,IkeOkaforCalifornia,2026,Ike,Okafor,DL,California,Washington State,2026-01-08T19:51:00.000Z,0.85,3.0,Immediate
5213301,Aubrey,Melvin,DL,UConn,AubreyMelvinUConn,2026,Aubrey,Melvin,DL,UConn,Massachusetts,2026-01-16T15:49:00.000Z,0.85,3.0,Immediate
5214386,Donovan,Starr,CB,Auburn,DonovanStarrAuburn,2026,Donovan,Starr,CB,Auburn,Clemson,2026-01-07T03:30:00.000Z,0.87,3.0,Immediate
5214399,Javeon,Campbell,DL,Kentucky,JaveonCampbellKentucky,2026,Javeon,Campbell,EDGE,Kentucky,Alabama A&M,2026-02-05T21:16:00.000Z,0.86,3.0,Immediate
5214400,Tre,Berry,RB,Minnesota,TreBerryMinnesota,2026,Tre,Berry,RB,Minnesota,Tennessee State,2026-01-11T18:06:00.000Z,,3.0,Immediate
5214407,Tyrell,Lewis,QB,Arkansas State,TyrellLewisArkansas State,2026,Tyrell,Lewis,QB,Arkansas State,,2025-12-13T22:57:00.000Z,,3.0,Immediate
5214410,Jasper,Parker,RB,Michigan,JasperParkerMichigan,2026,Jasper,Parker,RB,Michigan,Arkansas,2026-01-06T15:47:00.000Z,0.86,3.0,Immediate
5214438,Dakotah,Terrell,TE,Missouri,DakotahTerrellMissouri,2026,Dakotah,Terrell,TE,Missouri,,2026-01-09T00:15:00.000Z,,3.0,Immediate
5214441,Drew,Clemens,TE,Utah,DrewClemensUtah,2026,Drew,Clemens,TE,Utah,North Texas,2026-01-22T02:04:00.000Z,0.86,3.0,Immediate
5214447,Aaron,Mattingly,TE,UAB,AaronMattinglyUAB,2026,Aaron,Mattingly,TE,UAB,,2026-01-02T13:46:00.000Z,,3.0,Immediate
5214453,Darrin,Strey,OT,Kentucky,DarrinStreyKentucky,2026,Darrin,Strey,OT,Kentucky,LSU,2026-01-12T15:16:00.000Z,0.87,3.0,Immediate
5214458,Brian,Tapu,OL,Nebraska,BrianTapuNebraska,2026,Brian,Tapu,OT,Nebraska,San José State,2026-01-21T19:49:00.000Z,0.86,3.0,Immediate
5214469,Vaea,Ikakoula,OL,Iowa State,VaeaIkakoulaIowa State,2026,Vaea,Ikakoula,IOL,Iowa State,Penn State,2026-01-06T15:42:00.000Z,0.85,3.0,Immediate
5214470,Keiton,Jones,OL,Missouri,KeitonJonesMissouri,2026,Keiton,Jones,IOL,Missouri,Kansas State,2026-01-05T15:27:00.000Z,0.86,3.0,Immediate
5214472,LJ,Prudhomme,OL,Arkansas,LJPrudhommeArkansas,2026,LJ,Prudhomme,IOL,Arkansas,Mississippi State,2026-01-09T18:05:00.000Z,0.86,3.0,Immediate
5214491,Taeshawn,Alston,LB,South Carolina,TaeshawnAlstonSouth Carolina,2026,Taeshawn,Alston,EDGE,South Carolina,North Carolina Central,2026-02-11T04:09:00.000Z,0.85,3.0,Immediate
5214492,Jaiden,Braker,LB,LSU,JaidenBrakerLSU,2026,Jaiden,Braker,LB,LSU,,2026-01-07T02:36:25.000Z,,4.0,Withdrawn
5214501,Gavin,Jenkins,CB,South Florida,GavinJenkinsSouth Florida,2026,Gavin,Jenkins,CB,South Florida,Auburn,2026-01-05T19:11:00.000Z,0.86,3.0,Immediate
5214508,Mark,Manfred III,DB,Missouri,MarkManfred IIIMissouri,2026,Mark,Manfred III,CB,Missouri,Kentucky,2026-01-11T21:12:00.000Z,0.86,3.0,Immediate
5214510,Steve,Miller,DB,USC,SteveMillerUSC,2026,Steve,Miller,S,USC,UConn,2026-01-13T00:33:00.000Z,0.85,3.0,Immediate
5214512,Jayden,Sanders,CB,Michigan,JaydenSandersMichigan,2026,Jayden,Sanders,CB,Michigan,Notre Dame,2026-01-12T17:05:00.000Z,0.92,4.0,Immediate
5214531,Ja'Torian,Mack,DB,App State,Ja'TorianMackApp State,2026,Ja'Torian,Mack,S,App State,Western Carolina,2026-01-10T16:07:00.000Z,0.83,3.0,Immediate
5214547,Cam,Jamerson,DB,TCU,CamJamersonTCU,2026,Cam,Jamerson,CB,TCU,Boise State,2026-01-13T21:16:08.000Z,0.86,3.0,Immediate
5214557,JJ,Buchanan,WR,Utah,JJBuchananUtah,2026,JJ,Buchanan,WR,Utah,Michigan,2026-01-12T03:21:45.000Z,0.94,4.0,Immediate
5214559,Mason,Ellens,DB,Iowa State,MasonEllensIowa State,2026,Mason,Ellens,CB,Iowa State,Miami (OH),2026-01-22T21:04:00.000Z,0.85,3.0,Immediate
5214818,Blake,Cherry,OL,Arkansas,BlakeCherryArkansas,2026,Blake,Cherry,OT,Arkansas,Wisconsin,2026-01-06T15:24:00.000Z,0.86,3.0,Immediate
5214828,Demarcus,Baker,S,Arkansas State,DemarcusBakerArkansas State,2026,Demarcus,Baker,S,Arkansas State,,2026-01-14T14:01:00.000Z,,3.0,Immediate
5214937,Jaron,Thomas,RB,Purdue,JaronThomasPurdue,2026,Jaron,Thomas,RB,Purdue,Minnesota,2026-01-03T02:52:00.000Z,0.85,3.0,Immediate
5215218,Karon,Brookins,WR,Iowa State,KaronBrookinsIowa State,2026,Karon,Brookins,WR,Iowa State,Penn State,2026-01-05T02:26:00.000Z,0.85,3.0,Immediate
5215220,Kingston,Jones,WR,UTSA,KingstonJonesUTSA,2026,Kingston,Jones,WR,UTSA,Grambling,2026-01-17T00:43:00.000Z,,3.0,Immediate
5215273,Alexander,McPherson,DE,Colorado,AlexanderMcPhersonColorado,2026,Alexander,McPherson,EDGE,Colorado,Penn State,2026-01-06T16:53:00.000Z,0.86,3.0,Immediate
5215278,Zion,Paret,DB,Florida Atlantic,ZionParetFlorida Atlantic,2026,Zion,Paret,CB,Florida Atlantic,UConn,2026-01-22T22:29:00.000Z,0.85,3.0,Immediate
5215292,Omarion,Davis,S,Boston College,OmarionDavisBoston College,2026,Omarion,Davis,S,Boston College,Penn State,2026-01-09T02:53:00.000Z,0.86,3.0,Immediate
5215310,Chaston,Ditta,QB,East Carolina,ChastonDittaEast Carolina,2026,Chaston,Ditta,QB,East Carolina,North Texas,2026-01-13T19:19:00.000Z,0.83,3.0,Immediate
5215336,Hayden,Craig,P,Florida,HaydenCraigFlorida,2026,Hayden,Craig,P,Florida,LSU,2026-01-07T21:25:09.000Z,,3.0,Immediate
5215367,Marcus,Mozer,WR,San Diego State,MarcusMozerSan Diego State,2026,Marcus,Mozer,WR,San Diego State,Northern Colorado,2026-01-09T01:11:00.000Z,,3.0,Immediate
5215497,Amari,Wilson,LB,Georgia Southern,AmariWilsonGeorgia Southern,2026,Amari,Wilson,EDGE,Georgia Southern,Southern Miss,2026-01-19T21:24:00.000Z,0.85,3.0,Immediate
5215507,Deante,Lindsay,DB,Texas Tech,DeanteLindsayTexas Tech,2026,Deante,Lindsay,CB,Texas Tech,Abilene Christian,2026-01-12T21:13:00.000Z,,3.0,Immediate
5215538,Josiah,Clemons,OL,Memphis,JosiahClemonsMemphis,2026,Josiah,Clemons,IOL,Memphis,Arkansas,2026-01-09T14:31:00.000Z,0.85,3.0,Immediate
5215541,Quante,Gillians,DL,Syracuse,QuanteGilliansSyracuse,2026,Quante,Gillians,DL,Syracuse,Temple,2026-01-15T23:05:00.000Z,0.85,3.0,Immediate
5215554,Legend,Lyons,WR,Minnesota,LegendLyonsMinnesota,2026,Legend,Lyons,WR,Minnesota,Montana,2026-01-13T14:31:00.000Z,,3.0,Immediate
5215616,BJ,Carter,DL,Iowa State,BJCarterIowa State,2026,BJ,Carter,DL,Iowa State,Marshall,2026-01-06T18:06:00.000Z,,3.0,Immediate
5215636,Jireh,Moe,DT,San José State,JirehMoeSan José State,2026,Jireh,Moe,DL,San José State,Utah,2026-01-11T21:26:00.000Z,0.86,3.0,Immediate
5215697,Lo'Kavion,Jackson,S,Mississippi State,Lo'KavionJacksonMississippi State,2026,Lo'Kavion,Jackson,S,Mississippi State,,2025-12-15T17:25:00.000Z,,3.0,Immediate
5216048,Terris,Dudley,LB,NC State,TerrisDudleyNC State,2026,Terris,Dudley,LB,NC State,UConn,2026-01-11T23:15:00.000Z,,3.0,Immediate
5216051,Brayden,Turner,QB,Fresno State,BraydenTurnerFresno State,2026,Brayden,Turner,QB,Fresno State,College of San Mateo,2026-01-09T01:18:00.000Z,,3.0,Immediate
5216099,Maguire,Richman,LB,Kansas State,MaguireRichmanKansas State,2026,Maguire,Richman,LB,Kansas State,Northwest Missouri State,2026-01-14T20:27:00.000Z,,3.0,Immediate
5216307,Shawn,Lee Jr.,DB,Pittsburgh,ShawnLee Jr.Pittsburgh,2026,Shawn,Lee Jr.,CB,Pittsburgh,,2026-01-02T01:00:00.000Z,0.9,4.0,Immediate
5216345,Bodpegn,Miller,WR,Ohio State,BodpegnMillerOhio State,2026,Bodpegn,Miller,WR,Ohio State,Washington,2026-01-28T18:44:00.000Z,0.86,3.0,Immediate
5216405,Tamez,Young,TE,Florida Atlantic,TamezYoungFlorida Atlantic,2026,Tamez,Young,TE,Florida Atlantic,,2026-01-02T12:26:00.000Z,,3.0,Immediate
5216503,Bernard,Lackey Jr.,DB,East Carolina,BernardLackey Jr.East Carolina,2026,Bernard,Lackey Jr.,S,East Carolina,Southwest Mississippi C.C.,2026-02-12T04:02:00.000Z,,,Immediate
5216509,Davian,Jackson,RB,Mississippi State,DavianJacksonMississippi State,2026,Davian,Jackson,WR,Mississippi State,Texas State,2026-01-21T02:31:00.000Z,0.86,3.0,Immediate
5216510,Kory,Pettigrew,WR,South Florida,KoryPettigrewSouth Florida,2026,Kory,Pettigrew,WR,South Florida,Auburn,2026-01-04T23:53:00.000Z,0.85,3.0,Immediate
5216571,Trent,Wilson,OL,James Madison,TrentWilsonJames Madison,2026,Trent,Wilson,IOL,James Madison,Iowa,2026-01-08T14:13:00.000Z,0.85,3.0,Immediate
5216573,Jayden,Fry,DE,Boston College,JaydenFryBoston College,2026,Jayden,Fry,EDGE,Boston College,Sam Houston,2026-01-11T02:40:30.000Z,0.86,3.0,Immediate
5216578,Chase,Duarte,OL,San Diego State,ChaseDuarteSan Diego State,2026,Chase,Duarte,IOL,San Diego State,Kansas State,2026-01-15T04:17:00.000Z,0.84,3.0,Immediate
5216579,Sidney,Dupuy,DL,San Diego State,SidneyDupuySan Diego State,2026,Sidney,Dupuy,DL,San Diego State,,2026-01-02T17:01:00.000Z,,3.0,Immediate
5216698,TJ,Peyton,RB,Georgia State,TJPeytonGeorgia State,2026,TJ,Peyton,RB,Georgia State,East Tennessee State,2026-01-08T17:50:57.000Z,,3.0,Immediate
5216701,John,Smith,DB,Colorado State,JohnSmithColorado State,2026,John,Smith,S,Colorado State,Texas State,2026-01-21T04:47:00.000Z,0.84,3.0,Immediate
5216702,Aydan,West,DB,Michigan State,AydanWestMichigan State,2026,Aydan,West,CB,Michigan State,Minnesota,2026-01-06T15:13:00.000Z,0.87,3.0,Immediate
5216791,Brunno,Reus,PK,Florida State,BrunnoReusFlorida State,2026,Brunno,Reus,K,Florida State,Missouri,2026-01-13T04:38:00.000Z,0.8,3.0,Immediate
5216796,Banks,Bowen,QB,Oklahoma State,BanksBowenOklahoma State,2026,Banks,Bowen,QB,Oklahoma State,North Alabama,2026-01-08T23:49:00.000Z,,3.0,Immediate
5217750,Cayden,Adkins,DE,Georgia State,CaydenAdkinsGeorgia State,2026,Cayden,Adkins,LB,Georgia State,North Alabama,2026-01-13T00:01:25.000Z,,3.0,Immediate
5218244,Gav,Holman,LB,Florida State,GavHolmanFlorida State,2026,Gav,Holman,LB,Florida State,Mississippi State,2026-01-19T18:03:00.000Z,0.86,3.0,Immediate
5218246,Luke,Douglas,TE,Florida State,LukeDouglasFlorida State,2026,Luke,Douglas,TE,Florida State,App State,2026-01-09T23:38:00.000Z,,,Immediate
5218249,Willy,Suarez,WR,Florida State,WillySuarezFlorida State,2026,Willy,Suarez,WR,Florida State,Indiana State,2026-01-08T12:54:00.000Z,,,Immediate
5218496,James,Larson,TE,SMU,JamesLarsonSMU,2026,James,Larson,TE,SMU,,2026-04-03T02:03:00.000Z,,,Immediate
5218520,Amarion,York,DB,Oregon State,AmarionYorkOregon State,2026,Amarion,York,S,Oregon State,,2025-12-17T20:20:00.000Z,,3.0,Immediate
5218589,Nic,Reeves,OL,Temple,NicReevesTemple,2026,Nic,Reeves,IOL,Temple,,2025-12-10T22:54:00.000Z,,,Immediate
5218650,Jeremy,St-Hilaire,QB,Vanderbilt,JeremySt-HilaireVanderbilt,2026,Jeremy,St-Hilaire,QB,Vanderbilt,Arkansas State,2026-01-12T22:29:00.000Z,0.85,3.0,Immediate
5218658,Larry,Benton III,TE,Vanderbilt,LarryBenton IIIVanderbilt,2026,Larry,Benton III,TE,Vanderbilt,,2026-01-05T18:33:00.000Z,,,Immediate
5218663,Boski,Barrett,WR,Vanderbilt,BoskiBarrettVanderbilt,2026,Boski,Barrett,WR,Vanderbilt,Arkansas State,2026-01-22T14:19:45.000Z,0.85,3.0,Immediate
5218664,Tyler,Fortenberry,TE,Arkansas State,TylerFortenberryArkansas State,2026,Tyler,Fortenberry,TE,Arkansas State,Iowa State,2026-01-05T20:29:00.000Z,0.86,3.0,Immediate
5218698,Zach,Taylor,WR,Arkansas,ZachTaylorArkansas,2026,Zach,Taylor,WR,Arkansas,App State,2026-01-12T17:17:00.000Z,0.82,3.0,Immediate
5218700,Tyrell,Reed Jr.,RB,UL Monroe,TyrellReed Jr.UL Monroe,2026,Tyrell,Reed Jr.,RB,UL Monroe,,2026-01-02T19:17:00.000Z,,3.0,Immediate
5218708,Danny,Saili,DL,Arkansas,DannySailiArkansas,2026,Danny,Saili,DL,Arkansas,,2026-01-02T19:47:00.000Z,,3.0,Immediate
5218711,Colin,Brazzell,DB,Tennessee,ColinBrazzellTennessee,2026,Colin,Brazzell,CB,Tennessee,Abilene Christian,2026-01-10T18:00:00.000Z,,,Immediate
5218720,Isaiah,Stone,WR,LSU,IsaiahStoneLSU,2026,Isaiah,Stone,WR,LSU,Georgia State,2026-01-13T00:07:00.000Z,0.82,3.0,Immediate
5218723,Dashawn,Spears,S,LSU,DashawnSpearsLSU,2026,Dashawn,Spears,S,LSU,,2025-12-31T22:18:00.000Z,,4.0,Withdrawn
5218732,Rondo,Porter,DL,App State,RondoPorterApp State,2026,Rondo,Porter,DL,App State,Rutgers,2026-01-08T01:40:00.000Z,0.84,3.0,Immediate
5218733,Chase,Kibble,DT,South Carolina,ChaseKibbleSouth Carolina,2026,Chase,Kibble,DL,South Carolina,,2025-12-24T22:00:00.000Z,,,Immediate
5218736,Emazon,Littlejohn,WR,South Carolina,EmazonLittlejohnSouth Carolina,2026,Emazon,Littlejohn,WR,South Carolina,Western Michigan,2026-01-05T17:37:00.000Z,,,Immediate
5218737,Jerome,Simmons,DL,UL Monroe,JeromeSimmonsUL Monroe,2026,Jerome,Simmons,DL,UL Monroe,Oregon,2026-01-14T21:26:00.000Z,0.86,3.0,Immediate
5218754,Parker,Fulghum,WR,Clemson,ParkerFulghumClemson,2026,Parker,Fulghum,WR,Clemson,UL Monroe,2026-01-13T18:56:00.000Z,0.82,3.0,Immediate
5218765,Isaiah,Dent,OL,Oklahoma,IsaiahDentOklahoma,2026,Isaiah,Dent,OT,Oklahoma,Mississippi State,2026-01-12T16:54:00.000Z,0.86,3.0,Immediate
5218775,Mike,Baker,PK,Ole Miss,MikeBakerOle Miss,2026,Mike,Baker,K,Ole Miss,UConn,2026-01-18T18:13:00.000Z,,,Immediate
5218787,Que'Sean,Brown,WR,Duke,Que'SeanBrownDuke,2026,Que'Sean,Brown,WR,Duke,Virginia Tech,2026-01-10T21:25:00.000Z,0.93,4.0,Immediate
5218804,Jayven,Richardson,OL,Missouri,JayvenRichardsonMissouri,2026,Jayven,Richardson,OT,Missouri,Colorado,2026-01-08T15:33:00.000Z,0.87,3.0,Immediate
5218819,Tyler,Woodard,S,Mississippi State,TylerWoodardMississippi State,2026,Tyler,Woodard,S,Mississippi State,Coastal Carolina,2026-01-18T05:56:00.000Z,0.85,3.0,Immediate
5218820,Johnnie,Daniels,RB,Mississippi State,JohnnieDanielsMississippi State,2026,Johnnie,Daniels,RB,Mississippi State,Tulane,2026-01-12T00:03:00.000Z,,3.0,Immediate
5218826,Alex,Lopez,OL,Mississippi State,AlexLopezMississippi State,2026,Alex,Lopez,IOL,Mississippi State,Western Kentucky,2026-01-06T18:38:00.000Z,,3.0,Immediate
5218832,Ashun,Shepphard,DL,Mississippi State,AshunShepphardMississippi State,2026,Ashun,Shepphard,DL,Mississippi State,California,2026-01-11T04:41:00.000Z,0.85,3.0,Immediate
5218891,Mario,Sanders II,WR,Illinois,MarioSanders IIIllinois,2026,Mario,Sanders II,WR,Illinois,Southern Miss,2026-01-13T01:28:00.000Z,0.84,3.0,Immediate
5218896,Kellen,Francis,OL,Illinois,KellenFrancisIllinois,2026,Kellen,Francis,OT,Illinois,,2025-12-31T15:33:00.000Z,,,Immediate
5218897,Carlos,Orr-Gillespie,WR,Utah State,CarlosOrr-GillespieUtah State,2026,Carlos,Orr-Gillespie,WR,Utah State,Tennessee State,2026-01-16T05:36:00.000Z,0.84,3.0,Immediate
5218901,Tana,Alo-Tupuola,OL,Georgia Tech,TanaAlo-TupuolaGeorgia Tech,2026,Tana,Alo-Tupuola,IOL,Georgia Tech,Arizona State,2026-01-08T23:29:00.000Z,0.87,3.0,Immediate
5218907,Luke,Harpring,TE,Georgia Tech,LukeHarpringGeorgia Tech,2026,Luke,Harpring,TE,Georgia Tech,Florida,2026-01-11T01:21:00.000Z,0.88,3.0,Immediate
5218910,Andrew,Nelms,PK,Florida Atlantic,AndrewNelmsFlorida Atlantic,2026,Andrew,Nelms,K,Florida Atlantic,Old Dominion,2026-01-13T19:05:00.000Z,,,Immediate
5218961,Fame,Ijeboi,RB,Minnesota,FameIjeboiMinnesota,2026,Fame,Ijeboi,RB,Minnesota,Purdue,2026-01-09T23:26:00.000Z,0.85,3.0,Immediate
5218970,Brennen,Bailey,CB,Massachusetts,BrennenBaileyMassachusetts,2026,Brennen,Bailey,CB,Massachusetts,Lamar,2026-01-22T13:16:00.000Z,,,Immediate
5219011,EJ,Reid,WR,Wake Forest,EJReidWake Forest,2026,EJ,Reid,WR,Wake Forest,UAB,2026-01-15T19:40:00.000Z,0.83,3.0,Immediate
5219022,Laquan,Robinson,S,Kansas,LaquanRobinsonKansas,2026,Laquan,Robinson,S,Kansas,Southern Miss,2026-01-08T12:48:00.000Z,0.84,3.0,Immediate
5219024,A'mon,Lane-Ganus,S,Auburn,A'monLane-GanusAuburn,2026,A'mon,Lane-Ganus,CB,Auburn,South Florida,2026-01-05T02:23:00.000Z,0.86,3.0,Immediate
5219025,Kensley,Louidor-Faustin,S,Auburn,KensleyLouidor-FaustinAuburn,2026,Kensley,Louidor-Faustin,S,Auburn,Missouri,2026-01-07T20:13:00.000Z,0.87,3.0,Immediate
5219033,Seth,Wilfred,OL,Auburn,SethWilfredAuburn,2026,Seth,Wilfred,IOL,Auburn,Utah State,2026-02-04T17:28:00.000Z,0.84,3.0,Immediate
5219035,Cam,King,WR,Auburn,CamKingAuburn,2026,Cam,King,WR,Auburn,Georgia Southern,2026-01-12T21:55:00.000Z,0.83,3.0,Immediate
5219044,Daniel,Mincey,OL,UAB,DanielMinceyUAB,2026,Daniel,Mincey,IOL,UAB,,2026-01-12T16:23:00.000Z,,3.0,Immediate
5219054,Nick,McLarty,P,Ohio State,NickMcLartyOhio State,2026,Nick,McLarty,P,Ohio State,Arizona State,2026-01-06T04:40:06.000Z,,,Immediate
5219055,Bukari,Miles Jr.,CB,Ohio State,BukariMiles Jr.Ohio State,2026,Bukari,Miles Jr.,CB,Ohio State,Incarnate Word,2026-01-24T05:48:00.000Z,,3.0,Immediate
5219059,Ahmed,Tounkara,DL,Ohio State,AhmedTounkaraOhio State,2026,Ahmed,Tounkara,DL,Ohio State,Western Michigan,2026-01-15T17:39:00.000Z,0.8,3.0,Immediate
5219069,Keona,Davis,DL,Nebraska,KeonaDavisNebraska,2026,Keona,Davis,DL,Nebraska,Miami,2026-01-14T14:01:00.000Z,0.93,4.0,TBD
5219072,Preston,Okafor,DB,Nebraska,PrestonOkaforNebraska,2026,Preston,Okafor,S,Nebraska,Fresno State,2026-01-09T20:10:00.000Z,,,Immediate
5219085,Smiley,Bradford,DB,Purdue,SmileyBradfordPurdue,2026,Smiley,Bradford,CB,Purdue,,2026-01-05T16:46:38.000Z,,3.0,Withdrawn
5219086,Leland,Smith,WR,San José State,LelandSmithSan José State,2026,Leland,Smith,WR,San José State,UCLA,2026-01-07T16:59:00.000Z,0.86,3.0,Immediate
5219097,Anthony,Boswell,OL,Toledo,AnthonyBoswellToledo,2026,Anthony,Boswell,IOL,Toledo,Houston,2026-01-07T14:30:26.000Z,0.88,3.0,Immediate
5219098,Jaekwon,Bouldin,OL,Mississippi State,JaekwonBouldinMississippi State,2026,Jaekwon,Bouldin,OT,Mississippi State,Jackson State,2026-01-11T21:35:00.000Z,,3.0,Immediate
5219124,Bryce,Butler,DL,Washington,BryceButlerWashington,2026,Bryce,Butler,DL,Washington,Texas Tech,2026-01-05T14:51:00.000Z,0.86,3.0,Immediate
5219129,Jaxxon,Warren,TE,Colorado State,JaxxonWarrenColorado State,2026,Jaxxon,Warren,TE,Colorado State,North Carolina,2026-01-05T16:50:25.000Z,0.86,3.0,Immediate
5219133,Owen,Long,LB,Colorado State,OwenLongColorado State,2026,Owen,Long,LB,Colorado State,Arizona State,2026-01-09T01:29:00.000Z,0.91,4.0,Immediate
5219137,Chris,Jackson,DB,Colorado State,ChrisJacksonColorado State,2026,Chris,Jackson,CB,Colorado State,Ball State,2026-01-11T18:53:00.000Z,,,Immediate
5219140,Jeremiah,Patterson,WR,Arizona,JeremiahPattersonArizona,2026,Jeremiah,Patterson,WR,Arizona,,2026-01-02T07:44:00.000Z,,2.0,Immediate
5219143,Kayden,Luke,FB,Arizona,KaydenLukeArizona,2026,Kayden,Luke,TE,Arizona,West Virginia,2026-01-19T03:18:00.000Z,0.85,3.0,Immediate
5219147,Cyrus,Durham,DL,Akron,CyrusDurhamAkron,2026,Cyrus,Durham,EDGE,Akron,,2026-02-07T01:54:21.000Z,0.84,3.0,Withdrawn
5219149,Chris,Johnson II,DB,Arizona State,ChrisJohnson IIArizona State,2026,Chris,Johnson II,CB,Arizona State,Montana,2026-01-18T14:12:00.000Z,,3.0,Immediate
5219162,Ty,White,DB,North Carolina,TyWhiteNorth Carolina,2026,Ty,White,CB,North Carolina,NC State,2026-01-13T21:27:00.000Z,0.85,3.0,Immediate
5219163,Malcolm,Ziglar,S,North Carolina,MalcolmZiglarNorth Carolina,2026,Malcolm,Ziglar,S,North Carolina,South Florida,2026-01-06T16:52:00.000Z,0.84,3.0,Immediate
5219164,Tyrane,Stewart,CB,North Texas,TyraneStewartNorth Texas,2026,Tyrane,Stewart,CB,North Texas,,2026-01-02T04:06:00.000Z,,3.0,Immediate
5219175,Grant,Mills,LS,Ohio State,GrantMillsOhio State,2026,Grant,Mills,LS,Ohio State,Massachusetts,2026-01-09T01:07:00.000Z,,,Immediate
5219196,Zavian,Tibbs,DL,Houston,ZavianTibbsHouston,2026,Zavian,Tibbs,EDGE,Houston,,2025-12-30T15:37:00.000Z,,,Immediate
5219225,Zach,Hernandez,RB,SMU,ZachHernandezSMU,2026,Zach,Hernandez,RB,SMU,,2026-01-04T21:00:00.000Z,,,Immediate
5219226,Lance,Beeghley,WR,SMU,LanceBeeghleySMU,2026,Lance,Beeghley,WR,SMU,Iowa,2026-01-18T05:41:00.000Z,0.83,3.0,Immediate
5219233,Sam,Keltner,PK,SMU,SamKeltnerSMU,2026,Sam,Keltner,K,SMU,Oklahoma State,2026-01-08T02:52:51.000Z,,,Immediate
5219267,Drew,Doyle,LS,Virginia Tech,DrewDoyleVirginia Tech,2026,Drew,Doyle,LS,Virginia Tech,Western Michigan,2026-01-21T16:45:00.000Z,,,Immediate
5219270,Lyndon,Ravare,WR,Kennesaw State,LyndonRavareKennesaw State,2026,Lyndon,Ravare,WR,Kennesaw State,New Mexico State,2026-01-15T17:26:00.000Z,0.85,3.0,Immediate
5219393,Malcolm,Alcorn-Crowder,DL,Kansas State,MalcolmAlcorn-CrowderKansas State,2026,Malcolm,Alcorn-Crowder,DL,Kansas State,SMU,2026-01-12T22:07:22.000Z,0.86,3.0,Immediate
5219397,Truman,Griffith,DE,Kansas State,TrumanGriffithKansas State,2026,Truman,Griffith,EDGE,Kansas State,,2025-12-02T22:04:00.000Z,,2.0,Immediate
5219413,Trey,Tremba,RB,Army,TreyTrembaArmy,2026,Trey,Tremba,RB,Army,,2025-12-29T22:48:00.000Z,,,Immediate
5219450,Josh,Manecke,OL,Army,JoshManeckeArmy,2026,Josh,Manecke,OT,Army,James Madison,2026-01-14T00:25:00.000Z,0.79,2.0,Immediate
5219476,Isaiah,Myers,WR,Western Kentucky,IsaiahMyersWestern Kentucky,2026,Isaiah,Myers,WR,Western Kentucky,Missouri State,2026-01-20T21:43:00.000Z,0.83,3.0,Immediate
5219477,Cary,Grant,DB,Charlotte,CaryGrantCharlotte,2026,Cary,Grant,S,Charlotte,App State,2026-01-12T18:12:00.000Z,0.85,3.0,Immediate
5219505,Ayo,Shotomide-King,WR,Oklahoma State,AyoShotomide-KingOklahoma State,2026,Ayo,Shotomide-King,WR,Oklahoma State,San Diego State,2026-01-30T21:48:06.000Z,0.85,3.0,Immediate
5219507,David,Kabongo,S,Oklahoma State,DavidKabongoOklahoma State,2026,David,Kabongo,S,Oklahoma State,Utah State,2026-01-08T17:46:00.000Z,0.85,3.0,Immediate
5219517,Yamil,Talib,DE,Charlotte,YamilTalibCharlotte,2026,Yamil,Talib,EDGE,Charlotte,Colorado,2026-01-04T05:06:00.000Z,0.85,3.0,Immediate
5219533,Scott,Starzyk,PK,Arkansas,ScottStarzykArkansas,2026,Scott,Starzyk,K,Arkansas,LSU,2026-01-08T14:01:00.000Z,,3.0,Immediate
5219550,Jacob,Saurbeck,OL,Central Michigan,JacobSaurbeckCentral Michigan,2026,Jacob,Saurbeck,OT,Central Michigan,,2025-12-27T21:15:00.000Z,,3.0,Immediate
5219602,Kian,Afrookhteh,PK,Coastal Carolina,KianAfrookhtehCoastal Carolina,2026,Kian,Afrookhteh,K,Coastal Carolina,Utah State,2026-01-12T19:37:00.000Z,,,Immediate
5219636,Israel,Boyce,S,West Virginia,IsraelBoyceWest Virginia,2026,Israel,Boyce,S,West Virginia,South Florida,2026-01-05T18:45:00.000Z,0.85,3.0,Immediate
5219637,Clay,Ash,RB,West Virginia,ClayAshWest Virginia,2026,Clay,Ash,RB,West Virginia,,2025-12-18T13:40:00.000Z,,,Immediate
5219639,Jackson,Biser,DL,West Virginia,JacksonBiserWest Virginia,2026,Jackson,Biser,EDGE,West Virginia,,2025-12-12T14:47:00.000Z,,,Immediate
5219647,Dallin,Havea,DL,Utah Tech,DallinHaveaUtah Tech,2026,Dallin,Havea,EDGE,Utah Tech,UCLA,2026-01-15T18:21:00.000Z,0.85,3.0,Immediate
5219657,Sione,Hingano,OL,BYU,SioneHinganoBYU,2026,Sione,Hingano,OT,BYU,Stephen F. Austin,2026-02-02T03:03:00.000Z,,3.0,Immediate
5219662,Dominique,McKenzie,WR,BYU,DominiqueMcKenzieBYU,2026,Dominique,McKenzie,WR,BYU,San José State,2026-01-07T14:21:00.000Z,,3.0,Immediate
5219665,Sani,Tuala,DE,BYU,SaniTualaBYU,2026,Sani,Tuala,DL,BYU,Idaho State,2026-02-01T01:00:00.000Z,,3.0,Immediate
5219666,Cameron,Goggins,CB,Florida Atlantic,CameronGogginsFlorida Atlantic,2026,Cameron,Goggins,CB,Florida Atlantic,Mercer,2026-02-04T13:37:00.000Z,,3.0,Immediate
5219667,August,Salvati,DL,San Diego State,AugustSalvatiSan Diego State,2026,August,Salvati,EDGE,San Diego State,Troy,2026-05-02T02:02:00.000Z,0.84,3.0,Immediate
5219670,Jarvis,Johnson,LB,Florida Atlantic,JarvisJohnsonFlorida Atlantic,2026,Jarvis,Johnson,LB,Florida Atlantic,East Tennessee State,2026-01-15T22:43:00.000Z,,3.0,Immediate
5219691,Eddy,Toussom,LB,UAB,EddyToussomUAB,2026,Eddy,Toussom,EDGE,UAB,,2025-12-30T01:04:00.000Z,,3.0,Immediate
5219693,Solomon,Beebe,RB,UAB,SolomonBeebeUAB,2026,Solomon,Beebe,RB,UAB,Virginia,2026-01-10T13:10:00.000Z,0.85,3.0,Immediate
5219702,Xavier,Daisy,WR,UAB,XavierDaisyUAB,2026,Xavier,Daisy,WR,UAB,Kentucky,2026-01-08T04:11:00.000Z,0.85,3.0,Immediate
5219708,Tyler,Prasuhn,PK,Arizona,TylerPrasuhnArizona,2026,Tyler,Prasuhn,K,Arizona,San Diego State,2026-01-16T15:21:00.000Z,,2.0,Immediate
5219720,Ethan,Head,PK,West Virginia,EthanHeadWest Virginia,2026,Ethan,Head,K,West Virginia,Troy,2026-01-11T01:04:00.000Z,,,Immediate
5219725,Patrick,Durkin,PK,Tulane,PatrickDurkinTulane,2026,Patrick,Durkin,K,Tulane,Florida,2026-01-06T16:02:00.000Z,,,Immediate
5219779,Buddha,Garrett,LB,Tulsa,BuddhaGarrettTulsa,2026,Buddha,Garrett,S,Tulsa,,2025-12-23T16:13:00.000Z,,3.0,Immediate
5219780,Parker,Stone,LS,Tulsa,ParkerStoneTulsa,2026,Parker,Stone,LS,Tulsa,App State,2026-01-10T21:24:00.000Z,,2.0,Immediate
5219790,Joe,Hjelle,DL,Tulsa,JoeHjelleTulsa,2026,Joe,Hjelle,DL,Tulsa,Indiana,2026-01-08T15:04:36.000Z,0.85,3.0,Immediate
5219834,Drew,Mestemaker,QB,North Texas,DrewMestemakerNorth Texas,2026,Drew,Mestemaker,QB,North Texas,Oklahoma State,2026-01-03T22:35:00.000Z,0.98,5.0,Immediate
5219841,Quinton,Hammonds,S,North Texas,QuintonHammondsNorth Texas,2026,Quinton,Hammonds,S,North Texas,Oklahoma State,2026-01-04T22:06:00.000Z,0.86,3.0,Immediate
5219843,Miguel,Arenas,PK,North Texas,MiguelArenasNorth Texas,2026,Miguel,Arenas,K,North Texas,,2026-01-01T15:35:00.000Z,,,Immediate
5219846,Christian,Pettway,OL,North Texas,ChristianPettwayNorth Texas,2026,Christian,Pettway,OT,North Texas,Stephen F. Austin,2026-02-02T03:02:00.000Z,,3.0,Immediate
5219852,Dwight,Nunoo,LB,Florida International,DwightNunooFlorida International,2026,Dwight,Nunoo,LB,Florida International,Akron,2026-01-19T05:07:00.000Z,0.82,3.0,Immediate
5219853,Ashton,Levells,DB,Florida International,AshtonLevellsFlorida International,2026,Ashton,Levells,CB,Florida International,East Carolina,2026-01-05T16:06:00.000Z,,2.0,Immediate
5219864,Terrez,Worthy,RB,Temple,TerrezWorthyTemple,2026,Terrez,Worthy,RB,Temple,Maryland,2026-05-14T20:46:00.000Z,0.85,3.0,Immediate
5219872,Sekou,Kromah,DT,Temple,SekouKromahTemple,2026,Sekou,Kromah,DL,Temple,,2026-01-06T00:14:00.000Z,0.86,3.0,Immediate
5219873,Carter,Sheehan,OL,Temple,CarterSheehanTemple,2026,Carter,Sheehan,IOL,Temple,,2025-11-28T23:32:00.000Z,,,Immediate
5219875,Lucas,Possenti,OL,Temple,LucasPossentiTemple,2026,Lucas,Possenti,IOL,Temple,Arkansas,2026-02-01T13:04:00.000Z,0.8,3.0,Immediate
5219877,Shane,Toolan,OL,Temple,ShaneToolanTemple,2026,Shane,Toolan,OT,Temple,Bucknell,2026-01-15T16:00:00.000Z,,,Immediate
5219879,Khalil,Poteat,DE,Temple,KhalilPoteatTemple,2026,Khalil,Poteat,DL,Temple,,2025-12-02T18:18:00.000Z,0.84,3.0,Immediate
5219881,Darius,Morant,RB,Temple,DariusMorantTemple,2026,Darius,Morant,RB,Temple,,2025-12-24T23:38:00.000Z,,,Immediate
5219898,Drew,Devillier,QB,Rice,DrewDevillierRice,2026,Drew,Devillier,QB,Rice,Florida Atlantic,2026-01-06T01:05:00.000Z,,3.0,Immediate
5220003,Dallas,Vakalahi,DT,Utah,DallasVakalahiUtah,2026,Dallas,Vakalahi,DL,Utah,Penn State,2026-01-08T19:29:00.000Z,0.87,3.0,Immediate
5220007,Tank,Boston,WR,NC State,TankBostonNC State,2026,Tank,Boston,WR,NC State,Charlotte,2026-01-12T16:42:00.000Z,0.85,3.0,Immediate
5220031,Dylan,Drennan,P,Buffalo,DylanDrennanBuffalo,2026,Dylan,Drennan,P,Buffalo,Purdue,2026-01-09T13:58:17.000Z,,,Immediate
5220045,Zion,Fonua,LB,Abilene Christian,ZionFonuaAbilene Christian,2026,Zion,Fonua,LB,Abilene Christian,,2026-01-04T20:09:00.000Z,,2.0,Immediate
5220052,Jayvin,Norman,RB,Eastern Michigan,JayvinNormanEastern Michigan,2026,Jayvin,Norman,RB,Eastern Michigan,,2025-12-09T15:45:00.000Z,,,Immediate
5220107,L.J.,Johnson Jr.,WR,Texas State,L.J.Johnson Jr.Texas State,2026,L.J.,Johnson Jr.,WR,Texas State,Utah State,2026-02-04T16:00:00.000Z,0.84,3.0,Immediate
5220109,Price,Morgan,WR,Texas Tech,PriceMorganTexas Tech,2026,Price,Morgan,WR,Texas Tech,Incarnate Word,2026-01-12T23:36:00.000Z,,,Immediate
5220121,Dylan,Cunanan,PK,Toledo,DylanCunananToledo,2026,Dylan,Cunanan,K,Toledo,Texas State,2026-01-20T18:37:00.000Z,,,Immediate
5220126,James,Roe,LS,Toledo,JamesRoeToledo,2026,James,Roe,LS,Toledo,Wisconsin,2026-01-13T20:23:00.000Z,0.8,3.0,Immediate
5220130,Amare,Garrett,CB,Troy,AmareGarrettTroy,2026,Amare,Garrett,CB,Troy,,2025-12-19T05:49:00.000Z,,,Immediate
5220131,K'Von,Sherman,LB,Toledo,K'VonShermanToledo,2026,K'Von,Sherman,LB,Toledo,UConn,2026-01-07T02:31:51.000Z,0.86,3.0,Immediate
5220135,Owen,Gibbs,LB,Toledo,OwenGibbsToledo,2026,Owen,Gibbs,LB,Toledo,,2026-01-02T15:06:00.000Z,,,Immediate
5220136,Maddox,Marcotte,OL,Toledo,MaddoxMarcotteToledo,2026,Maddox,Marcotte,IOL,Toledo,,2026-01-02T17:59:00.000Z,,3.0,Immediate
5220152,Isaiah,Paul,CB,Western Michigan,IsaiahPaulWestern Michigan,2026,Isaiah,Paul,CB,Western Michigan,,2025-12-31T02:05:00.000Z,,2.0,Immediate
5220194,Noah,Toster,WR,South Alabama,NoahTosterSouth Alabama,2026,Noah,Toster,WR,South Alabama,,2025-12-05T18:47:00.000Z,,,Immediate
5220224,Seidrion,Langston,LB,UL Monroe,SeidrionLangstonUL Monroe,2026,Seidrion,Langston,LB,UL Monroe,South Alabama,2026-01-17T12:04:54.000Z,0.85,3.0,Immediate
5220227,Kevontay,Wells,DL,UL Monroe,KevontayWellsUL Monroe,2026,Kevontay,Wells,EDGE,UL Monroe,,2025-12-10T17:10:00.000Z,0.85,3.0,Immediate
5220228,Stephen,Saywahn,DB,UL Monroe,StephenSaywahnUL Monroe,2026,Stephen,Saywahn,S,UL Monroe,,2026-01-10T16:13:00.000Z,,2.0,Immediate
5220248,Que,McBroom,OL,UL Monroe,QueMcBroomUL Monroe,2026,Que,McBroom,IOL,UL Monroe,,2026-01-08T04:06:00.000Z,,3.0,Immediate
5220251,Jaden,Hamlin,DL,UL Monroe,JadenHamlinUL Monroe,2026,Jaden,Hamlin,DL,UL Monroe,,2026-01-09T15:33:00.000Z,,3.0,Immediate
5220252,Amarion,Ware,DL,UL Monroe,AmarionWareUL Monroe,2026,Amarion,Ware,DL,UL Monroe,,2025-12-16T05:27:00.000Z,,,Immediate
5220253,James,Jones,RB,Delaware State,JamesJonesDelaware State,2026,James,Jones,RB,Delaware State,New Mexico State,2026-01-07T20:29:00.000Z,0.86,3.0,Immediate
5220256,Donte,Lee Jr.,WR,Liberty,DonteLee Jr.Liberty,2026,Donte,Lee Jr.,WR,Liberty,Texas Tech,2026-01-04T23:30:00.000Z,0.86,3.0,Immediate
5220266,Connie,Hewitt II,TE,Liberty,ConnieHewitt IILiberty,2026,Connie,Hewitt II,TE,Liberty,,2025-12-11T20:51:00.000Z,,3.0,Immediate
5220315,Semaj,James,DB,Hawai'i,SemajJamesHawai'i,2026,Semaj,James,S,Hawai'i,,2025-12-30T02:49:00.000Z,,,Immediate
5220328,Matt,Henry,OL,Troy,MattHenryTroy,2026,Matt,Henry,IOL,Troy,,2026-01-16T15:16:00.000Z,,,Immediate
5220330,Zerian,Hudson,OL,Troy,ZerianHudsonTroy,2026,Zerian,Hudson,IOL,Troy,,2025-12-24T06:33:00.000Z,,2.0,Immediate
5220332,Carlos,Slayden,OL,Southern Miss,CarlosSlaydenSouthern Miss,2026,Carlos,Slayden,IOL,Southern Miss,Akron,2026-01-16T05:10:00.000Z,0.83,3.0,Immediate
5220335,Dylan,Mann,DT,Troy,DylanMannTroy,2026,Dylan,Mann,DL,Troy,Delaware,2026-01-22T22:35:00.000Z,0.8,3.0,Immediate
5220340,Omiri,Wiggins,RB,Louisiana Tech,OmiriWigginsLouisiana Tech,2026,Omiri,Wiggins,RB,Louisiana Tech,McNeese,2026-02-04T22:20:00.000Z,0.83,3.0,Immediate
5220347,John Hoyet,Chance,P,Louisiana Tech,John HoyetChanceLouisiana Tech,2026,John Hoyet,Chance,P,Louisiana Tech,TCU,2026-01-04T22:57:00.000Z,,,Immediate
5220351,Jay,Simon,WR,Louisiana Tech,JaySimonLouisiana Tech,2026,Jay,Simon,WR,Louisiana Tech,,2025-12-25T05:46:00.000Z,,3.0,Immediate
5220352,Hunter,Tipton,TE,Middle Tennessee,HunterTiptonMiddle Tennessee,2026,Hunter,Tipton,TE,Middle Tennessee,Memphis,2026-01-07T02:52:00.000Z,0.82,3.0,Immediate
5220366,Jacob,Hohenshelt,OL,James Madison,JacobHohensheltJames Madison,2026,Jacob,Hohenshelt,IOL,James Madison,,2026-01-02T16:21:00.000Z,,,Immediate
5220368,Andrew,VanSlyke,P,James Madison,AndrewVanSlykeJames Madison,2026,Andrew,VanSlyke,P,James Madison,Buffalo,2026-01-17T18:14:00.000Z,0.8,3.0,Immediate
5220383,Jared,Douglas,S,Middle Tennessee,JaredDouglasMiddle Tennessee,2026,Jared,Douglas,S,Middle Tennessee,Cal Poly,2026-02-04T05:02:00.000Z,,,Immediate
5220406,Thomas,McCoy,WR,Northern Illinois,ThomasMcCoyNorthern Illinois,2026,Thomas,McCoy,WR,Northern Illinois,,2025-12-30T02:13:00.000Z,,,Immediate
5220423,Michael,Phoenix II,WR,Sam Houston,MichaelPhoenix IISam Houston,2026,Michael,Phoenix II,WR,Sam Houston,,2026-01-10T16:38:00.000Z,,3.0,Immediate
5220424,Hunter,Watson,QB,Sam Houston,HunterWatsonSam Houston,2026,Hunter,Watson,QB,Sam Houston,,2026-01-08T16:22:00.000Z,,2.0,Immediate
5220446,Samson,Israel,DB,Memphis,SamsonIsraelMemphis,2026,Samson,Israel,CB,Memphis,,2025-12-25T05:08:00.000Z,,2.0,Immediate
5220493,Justin,Ross,CB,Navy,JustinRossNavy,2026,Justin,Ross,CB,Navy,Virginia,2026-01-14T16:36:00.000Z,0.86,3.0,Immediate
5220516,Jaylin,Acevedo,OL,Navy,JaylinAcevedoNavy,2026,Jaylin,Acevedo,OT,Navy,South Florida,2026-01-16T19:59:00.000Z,0.85,3.0,Immediate
5220540,Markie,Grant,CB,Wyoming,MarkieGrantWyoming,2026,Markie,Grant,CB,Wyoming,Utah State,2026-01-08T02:19:00.000Z,0.84,3.0,Immediate
5220541,Tyrese,Boss,CB,Wyoming,TyreseBossWyoming,2026,Tyrese,Boss,CB,Wyoming,Arizona,2026-01-08T01:39:00.000Z,0.86,3.0,Immediate
5220589,Nigel,Pringle,DB,Arkansas,NigelPringleArkansas,2026,Nigel,Pringle,CB,Arkansas,Arizona State,2026-01-17T15:17:00.000Z,0.85,3.0,Immediate
5220596,Kyri,Shoels,WR,San José State,KyriShoelsSan José State,2026,Kyri,Shoels,WR,San José State,Utah,2026-01-08T02:38:00.000Z,0.86,3.0,Immediate
5220604,Jaylen,Thomas,DB,San José State,JaylenThomasSan José State,2026,Jaylen,Thomas,CB,San José State,Washington State,2026-01-04T22:58:00.000Z,0.85,3.0,Immediate
5220626,Sam,Wolfenden,LS,UNLV,SamWolfendenUNLV,2026,Sam,Wolfenden,LS,UNLV,Temple,2026-01-14T21:29:00.000Z,0.8,3.0,Immediate
5220652,Marlin,Dean,LB,Georgia State,MarlinDeanGeorgia State,2026,Marlin,Dean,EDGE,Georgia State,UAB,2026-01-13T18:23:00.000Z,0.86,3.0,Immediate
5220660,Carl,Nesmith,LB,Utah State,CarlNesmithUtah State,2026,Carl,Nesmith,EDGE,Utah State,,2025-12-01T06:00:00.000Z,,3.0,Immediate
5220666,Derrick,Jameson,RB,Utah State,DerrickJamesonUtah State,2026,Derrick,Jameson,RB,Utah State,UL Monroe,2026-01-22T21:17:00.000Z,0.84,3.0,Immediate
5220667,Gio,Kafentzis,S,Utah State,GioKafentzisUtah State,2026,Gio,Kafentzis,S,Utah State,Portland State,2026-01-07T19:24:00.000Z,,3.0,Immediate
5220681,Petey,Tucker,WR,Colorado State,PeteyTuckerColorado State,2026,Petey,Tucker,WR,Colorado State,,2026-01-08T16:11:00.000Z,,3.0,Immediate
5220683,Phoenix,Moss,RB,Georgia State,PhoenixMossGeorgia State,2026,Phoenix,Moss,RB,Georgia State,Livingstone,2026-01-02T19:51:43.000Z,,,Immediate
5220696,Myles,Abernathy,WR,Georgia State,MylesAbernathyGeorgia State,2026,Myles,Abernathy,WR,Georgia State,Holy Cross,2026-01-14T02:35:58.000Z,,,Immediate
5220739,David,Dellenbach,PK,Ohio,DavidDellenbachOhio,2026,David,Dellenbach,K,Ohio,,2026-01-05T23:09:00.000Z,,,Immediate
5220745,Walker,Andersen,OL,Colorado,WalkerAndersenColorado,2026,Walker,Andersen,OT,Colorado,,2026-01-02T02:05:00.000Z,,,Immediate
5220758,Patrick,Smith-Young,S,North Texas,PatrickSmith-YoungNorth Texas,2026,Patrick,Smith-Young,S,North Texas,Duke,2026-01-07T21:19:00.000Z,0.85,3.0,Immediate
5220783,Parker,Awad,QB,New Mexico State,ParkerAwadNew Mexico State,2026,Parker,Awad,QB,New Mexico State,Chattanooga,2026-02-04T12:53:00.000Z,,,Immediate
5220788,Lanar,Kelley Jr.,CB,New Mexico State,LanarKelley Jr.New Mexico State,2026,Lanar,Kelley Jr.,S,New Mexico State,,2025-12-03T21:22:00.000Z,,,Immediate
5220795,Ta'Avili,Tuitama,DL,New Mexico State,Ta'AviliTuitamaNew Mexico State,2026,Ta'Avili,Tuitama,DL,New Mexico State,,2025-12-31T19:48:00.000Z,,,Immediate
5220800,Elijah,Harvey,OL,New Mexico State,ElijahHarveyNew Mexico State,2026,Elijah,Harvey,OT,New Mexico State,,2025-12-04T19:45:00.000Z,,,Immediate
5220804,Max,Dean,P,New Mexico State,MaxDeanNew Mexico State,2026,Max,Dean,P,New Mexico State,Washington State,2026-01-15T17:28:00.000Z,,,Immediate
5220808,Malaki,Ta'ase,DE,Washington State,MalakiTa'aseWashington State,2026,Malaki,Ta'ase,EDGE,Washington State,Iowa State,2026-01-08T18:10:37.000Z,0.84,3.0,Immediate
5220881,Mark,Rayson III,LB,UTSA,MarkRayson IIIUTSA,2026,Mark,Rayson III,LB,UTSA,Prairie View A&M,2026-01-17T00:46:00.000Z,,3.0,Immediate
5220891,Xavier,Miles,DL,Charlotte,XavierMilesCharlotte,2026,Xavier,Miles,DL,Charlotte,Memphis,2026-01-07T18:05:06.000Z,,3.0,Immediate
5220909,Tymere,Jackson,DE,Texas State,TymereJacksonTexas State,2026,Tymere,Jackson,EDGE,Texas State,,2026-01-08T15:59:00.000Z,,,Immediate
5220910,Jermy,Jackson Jr.,DE,Texas State,JermyJackson Jr.Texas State,2026,Jermy,Jackson Jr.,EDGE,Texas State,,2026-01-05T23:46:00.000Z,,3.0,Immediate
5220914,Ryan,Nolan,DB,Texas State,RyanNolanTexas State,2026,Ryan,Nolan,S,Texas State,,2026-01-11T19:24:00.000Z,,2.0,Withdrawn
5220920,Beckham,Sunderland,PK,Michigan,BeckhamSunderlandMichigan,2026,Beckham,Sunderland,K,Michigan,Minnesota,2026-01-06T21:25:00.000Z,,,Immediate
5220922,DeAngelo,Thompson,DL,Syracuse,DeAngeloThompsonSyracuse,2026,DeAngelo,Thompson,EDGE,Syracuse,Memphis,2026-02-03T21:24:00.000Z,0.83,3.0,Immediate
5221039,Kalolo,Ta'aga,OL,Utah,KaloloTa'agaUtah,2026,Kalolo,Ta'aga,OT,Utah,Washington State,2026-01-13T21:27:00.000Z,0.85,3.0,Immediate
5221043,Walker,Lyons,TE,USC,WalkerLyonsUSC,2026,Walker,Lyons,TE,USC,BYU,2026-01-09T18:03:00.000Z,0.9,4.0,Immediate
5221054,Josh,Stone,CB,Arkansas State,JoshStoneArkansas State,2026,Josh,Stone,CB,Arkansas State,,2026-01-02T15:16:00.000Z,,3.0,Immediate
5221063,Jaxson,Dunn,P,Arkansas State,JaxsonDunnArkansas State,2026,Jaxson,Dunn,P,Arkansas State,App State,2026-01-10T21:16:00.000Z,,,Immediate
5221074,Tray,Taylor,WR,Troy,TrayTaylorTroy,2026,Tray,Taylor,WR,Troy,,2026-01-17T05:39:00.000Z,,3.0,Immediate
5221079,Cameron,Wright,WR,Coastal Carolina,CameronWrightCoastal Carolina,2026,Cameron,Wright,WR,Coastal Carolina,,2026-01-16T15:26:00.000Z,,3.0,Immediate
5221092,Michael,Cogoni,OL,Coastal Carolina,MichaelCogoniCoastal Carolina,2026,Michael,Cogoni,IOL,Coastal Carolina,Austin Peay,2026-01-24T05:29:00.000Z,,,Immediate
5221126,Stone,Chaney,DL,Michigan State,StoneChaneyMichigan State,2026,Stone,Chaney,EDGE,Michigan State,Memphis,2026-01-12T23:30:00.000Z,0.8,3.0,Immediate
5221151,Chukwunedu,Okeke,DL,Western Kentucky,ChukwuneduOkekeWestern Kentucky,2026,Chukwunedu,Okeke,DL,Western Kentucky,James Madison,2026-01-09T19:29:00.000Z,,3.0,Immediate
5221235,Kenedy,Uzoma,WR,North Carolina,KenedyUzomaNorth Carolina,2026,Kenedy,Uzoma,WR,North Carolina,Temple,2026-01-07T15:52:00.000Z,0.85,3.0,Immediate
5221275,Cody,Raymond,LB,Wisconsin,CodyRaymondWisconsin,2026,Cody,Raymond,EDGE,Wisconsin,Ohio,2026-01-10T00:25:00.000Z,,3.0,Immediate
5221306,Jake,Furtney,TE,Illinois,JakeFurtneyIllinois,2026,Jake,Furtney,TE,Illinois,Ohio,2026-01-09T16:55:00.000Z,,3.0,Immediate
5221310,Harrysson,Ngassa,DE,Illinois,HarryssonNgassaIllinois,2026,Harrysson,Ngassa,EDGE,Illinois,South Florida,2026-04-30T21:23:00.000Z,,2.0,Immediate
5221314,Sione,Laulea,CB,Oregon,SioneLauleaOregon,2026,Sione,Laulea,CB,Oregon,Missouri,2026-01-14T20:36:00.000Z,0.88,3.0,Immediate
5221326,Deed,Capper,LS,Wisconsin,DeedCapperWisconsin,2026,Deed,Capper,LS,Wisconsin,Virginia Tech,2026-01-21T17:02:00.000Z,0.8,3.0,Immediate
5221381,Tony,Freeman,WR,Washington State,TonyFreemanWashington State,2026,Tony,Freeman,WR,Washington State,,2025-12-15T23:14:00.000Z,0.86,3.0,Immediate
5221571,Five,Hamilton,S,Kennesaw State,FiveHamiltonKennesaw State,2026,Five,Hamilton,CB,Kennesaw State,Arkansas State,2026-01-09T02:57:20.000Z,0.84,3.0,Immediate
5221582,Jacob,Norcross,OL,Memphis,JacobNorcrossMemphis,2026,Jacob,Norcross,IOL,Memphis,Nevada,2026-01-09T17:37:00.000Z,,2.0,Immediate
5221583,Jose,Balver-Mendoza,OL,Montana,JoseBalver-MendozaMontana,2026,Jose,Balver-Mendoza,OT,Montana,Nevada,2026-01-10T21:11:00.000Z,,,Immediate
5222072,Ben,Kamara,CB,Akron,BenKamaraAkron,2026,Ben,Kamara,CB,Akron,,2026-01-10T05:34:00.000Z,,,Immediate
5222150,Joshua,Brantley,TE,Tulane,JoshuaBrantleyTulane,2026,Joshua,Brantley,EDGE,Tulane,Louisiana Tech,2026-01-16T15:48:00.000Z,0.86,3.0,Immediate
5222190,Joseph,Hagman,RB,Baylor,JosephHagmanBaylor,2026,Joseph,Hagman,RB,Baylor,,2026-01-02T06:09:00.000Z,,,Immediate
5222193,Ronnie,Mageo,DL,Baylor,RonnieMageoBaylor,2026,Ronnie,Mageo,DL,Baylor,Utah State,2026-02-04T18:59:00.000Z,0.83,3.0,Immediate
5222221,Tank,Hawkins,WR,Florida,TankHawkinsFlorida,2026,Tank,Hawkins,WR,Florida,Washington State,2026-01-06T16:37:00.000Z,0.86,3.0,Immediate
5222223,KD,Daniels,RB,Florida,KDDanielsFlorida,2026,KD,Daniels,RB,Florida,Wake Forest,2026-01-05T22:13:00.000Z,0.86,3.0,Immediate
5222226,Brien,Taylor Jr.,DL,Florida,BrienTaylor Jr.Florida,2026,Brien,Taylor Jr.,EDGE,Florida,,2026-01-13T17:10:00.000Z,0.86,3.0,Immediate
5222227,DeBraun,Hampton,WR,Florida,DeBraunHamptonFlorida,2026,DeBraun,Hampton,WR,Florida,Baylor,2026-01-18T00:14:00.000Z,0.83,3.0,Immediate
5222238,Enoch,Wangoy,OL,Florida,EnochWangoyFlorida,2026,Enoch,Wangoy,OT,Florida,Ole Miss,2026-01-18T23:15:00.000Z,0.85,3.0,Immediate
5222239,Dawson,Johnson,TE,Old Dominion,DawsonJohnsonOld Dominion,2026,Dawson,Johnson,TE,Old Dominion,Tulane,2026-01-10T05:50:12.000Z,,,Immediate
5222240,Tarvorise,Brown,DL,Florida,TarvoriseBrownFlorida,2026,Tarvorise,Brown,DL,Florida,North Carolina,2026-01-05T17:11:00.000Z,0.86,3.0,Immediate
5222256,Taijh,Overton,S,Arkansas,TaijhOvertonArkansas,2026,Taijh,Overton,S,Arkansas,UL Monroe,2026-01-22T22:14:00.000Z,0.86,3.0,Immediate
5222394,Da'Shawn,Martin,WR,Kent State,Da'ShawnMartinKent State,2026,Da'Shawn,Martin,WR,Kent State,Virginia,2026-01-17T02:56:00.000Z,0.87,3.0,Immediate
5222533,Nykobi,Brown,DL,UConn,NykobiBrownUConn,2026,Nykobi,Brown,EDGE,UConn,Colorado State,2026-01-16T15:14:00.000Z,0.84,3.0,Immediate
5222548,Jayveon,Johnson,LB,Sam Houston,JayveonJohnsonSam Houston,2026,Jayveon,Johnson,LB,Sam Houston,,2025-12-14T21:24:00.000Z,,3.0,Immediate
5222550,Ja'Lyen,Judson,DB,UAB,Ja'LyenJudsonUAB,2026,Ja'Lyen,Judson,CB,UAB,Kennesaw State,2026-01-22T02:21:00.000Z,0.82,3.0,Immediate
5222559,Uriah,Points,CB,Liberty,UriahPointsLiberty,2026,Uriah,Points,CB,Liberty,,2025-12-20T20:50:00.000Z,,3.0,Immediate
5222574,Aidan,Wright,LB,Arkansas State,AidanWrightArkansas State,2026,Aidan,Wright,LB,Arkansas State,,2026-01-17T05:40:00.000Z,,3.0,Immediate
5222605,Caden,Branston,DL,Colorado State,CadenBranstonColorado State,2026,Caden,Branston,DL,Colorado State,McNeese,2026-01-24T19:08:00.000Z,,3.0,Immediate
5222645,Jayden,Price,DB,Toledo,JaydenPriceToledo,2026,Jayden,Price,S,Toledo,UConn,2026-01-24T08:06:00.000Z,0.85,3.0,Immediate
5222652,Kareem,Williams,S,Coastal Carolina,KareemWilliamsCoastal Carolina,2026,Kareem,Williams,S,Coastal Carolina,Campbell,2026-01-27T20:08:46.000Z,,3.0,Immediate
5222671,Jaylin,Carter,RB,Southern Miss,JaylinCarterSouthern Miss,2026,Jaylin,Carter,WR,Southern Miss,Memphis,2026-01-05T18:10:00.000Z,,3.0,Immediate
5222870,Ahmad,Poole,DL,Missouri State,AhmadPooleMissouri State,2026,Ahmad,Poole,DL,Missouri State,Coastal Carolina,2026-01-11T18:30:00.000Z,,,Immediate
5223122,Hiroshi,Carr,DB,Morgan State,HiroshiCarrMorgan State,2026,Hiroshi,Carr,CB,Morgan State,Southern Miss,2026-01-19T21:22:00.000Z,0.83,3.0,Immediate
5223133,David,Santiago,DE,Michigan State,DavidSantiagoMichigan State,2026,David,Santiago,EDGE,Michigan State,Kansas,2026-01-07T05:59:00.000Z,0.86,3.0,Immediate
5223175,Kenny,Ozowalu,DL,UTSA,KennyOzowaluUTSA,2026,Kenny,Ozowalu,EDGE,UTSA,Oklahoma,2026-01-06T18:25:00.000Z,0.86,3.0,Immediate
5223420,Will,Hawthorne,LB,Iowa State,WillHawthorneIowa State,2026,Will,Hawthorne,LB,Iowa State,Nebraska,2026-01-06T20:40:00.000Z,0.86,3.0,Immediate
5223442,Hunter,Solwold,LS,Washington,HunterSolwoldWashington,2026,Hunter,Solwold,LS,Washington,Florida,2026-01-14T15:05:00.000Z,0.8,3.0,Immediate
5223903,Mikey,D'Amato,LB,Cal Poly,MikeyD'AmatoCal Poly,2026,Mikey,D'Amato,LB,Cal Poly,,2026-01-30T04:19:30.000Z,0.84,3.0,Withdrawn
5223910,Jeremiah,Bernard,S,Cal Poly,JeremiahBernardCal Poly,2026,Jeremiah,Bernard,S,Cal Poly,Washington State,2026-01-05T20:41:00.000Z,0.85,3.0,Immediate
5223929,Trevor,Newkirk,OL,Cal Poly,TrevorNewkirkCal Poly,2026,Trevor,Newkirk,OT,Cal Poly,,2025-12-28T18:25:00.000Z,,3.0,Immediate
5223950,Rocco,Koch,QB,Idaho,RoccoKochIdaho,2026,Rocco,Koch,ATH,Idaho,Ottawa,2026-01-07T11:54:00.000Z,,3.0,Immediate
5223954,Diezel,Wilkinson,S,Montana,DiezelWilkinsonMontana,2026,Diezel,Wilkinson,S,Montana,UAB,2026-01-16T21:56:00.000Z,0.86,3.0,Immediate
5223957,Matt,Irwin,DB,Idaho,MattIrwinIdaho,2026,Matt,Irwin,S,Idaho,UCF,2026-01-10T02:03:00.000Z,0.86,3.0,Immediate
5223988,Amanuel,Dickson,LB,Chattanooga,AmanuelDicksonChattanooga,2026,Amanuel,Dickson,LB,Chattanooga,Robert Morris,2026-02-04T14:09:00.000Z,0.83,3.0,Immediate
5224016,Andrew,Hand,DB,East Tennessee State,AndrewHandEast Tennessee State,2026,Andrew,Hand,S,East Tennessee State,Tulsa,2026-01-07T19:14:00.000Z,,,Immediate
5224053,Rylan,Leathers,S,Idaho State,RylanLeathersIdaho State,2026,Rylan,Leathers,S,Idaho State,Tulsa,2026-01-07T19:19:00.000Z,,,Immediate
5224059,Mike,Lindsay,,Idaho State,MikeLindsayIdaho State,2026,Mike,Lindsay,CB,Idaho State,San Diego State,2026-01-16T22:20:00.000Z,0.85,3.0,Immediate
5224061,Darrell,Gipson,LB,Cincinnati,DarrellGipsonCincinnati,2026,Darrell,Gipson,EDGE,Cincinnati,Idaho,2026-01-10T00:20:00.000Z,,3.0,Immediate
5224094,Gavin,Hall,RB,Furman,GavinHallFurman,2026,Gavin,Hall,RB,Furman,,2025-11-25T16:27:00.000Z,,,Immediate
5224205,Braden,Sullivan,LB,Eastern Kentucky,BradenSullivanEastern Kentucky,2026,Braden,Sullivan,LB,Eastern Kentucky,UAB,2026-01-18T17:42:00.000Z,0.83,3.0,Immediate
5224212,Tyrell,Green,OL,Purdue,TyrellGreenPurdue,2026,Tyrell,Green,IOL,Purdue,,2025-11-26T21:19:00.000Z,0.86,3.0,Immediate
5224217,Marcus,Calwise Jr.,WR,Eastern Kentucky,MarcusCalwise Jr.Eastern Kentucky,2026,Marcus,Calwise Jr.,WR,Eastern Kentucky,Louisiana Tech,2026-02-02T22:34:00.000Z,0.85,3.0,Immediate
5224219,Kyle,Vaka,WR,Eastern Kentucky,KyleVakaEastern Kentucky,2026,Kyle,Vaka,WR,Eastern Kentucky,,2025-11-26T10:11:00.000Z,,,Immediate
5224236,Carmelo,O'Neal,DB,Mercer,CarmeloO'NealMercer,2026,Carmelo,O'Neal,S,Mercer,Alabama,2026-01-10T17:06:00.000Z,0.86,3.0,Immediate
5224269,Andrew,Zock,DL,Mercer,AndrewZockMercer,2026,Andrew,Zock,EDGE,Mercer,Toledo,2026-01-13T18:33:00.000Z,0.85,3.0,Immediate
5224275,Josh,Anglin,LB,Tulsa,JoshAnglinTulsa,2026,Josh,Anglin,LB,Tulsa,Kennesaw State,2026-01-22T02:35:00.000Z,0.82,3.0,Immediate
5224325,Knai,Cook,S,Charleston Southern,KnaiCookCharleston Southern,2026,Knai,Cook,S,Charleston Southern,Troy,2026-01-17T14:20:00.000Z,0.84,3.0,Immediate
5224346,Colin,Sorensen,OL,Charleston Southern,ColinSorensenCharleston Southern,2026,Colin,Sorensen,OT,Charleston Southern,Missouri,2026-01-16T15:05:00.000Z,0.82,3.0,Immediate
5224360,Dylan,Manuel,DL,App State,DylanManuelApp State,2026,Dylan,Manuel,DL,App State,Colorado,2026-01-05T04:10:00.000Z,0.86,3.0,Immediate
5224368,Jhase,McMillan,DB,Montana State,JhaseMcMillanMontana State,2026,Jhase,McMillan,CB,Montana State,UCLA,2026-01-10T15:07:00.000Z,0.86,3.0,Immediate
5224370,Seth,Johnson,CB,Montana State,SethJohnsonMontana State,2026,Seth,Johnson,CB,Montana State,Iowa State,2026-01-10T13:59:00.000Z,0.86,3.0,Immediate
5224388,Shane,Carr,WR,Southern Utah,ShaneCarrSouthern Utah,2026,Shane,Carr,WR,Southern Utah,Kentucky,2026-01-19T16:42:00.000Z,0.86,3.0,Immediate
5224416,Baron,Taylor,DB,Southern Utah,BaronTaylorSouthern Utah,2026,Baron,Taylor,S,Southern Utah,Southern Miss,2026-01-29T01:33:00.000Z,0.82,3.0,Immediate
5224443,Carson,Sloan,LB,Samford,CarsonSloanSamford,2026,Carson,Sloan,LB,Samford,App State,2026-01-08T15:34:00.000Z,,,Immediate
5224505,Tre,Page III,RB,Tarleton State,TrePage IIITarleton State,2026,Tre,Page III,RB,Tarleton State,Oklahoma State,2026-01-10T16:33:00.000Z,0.86,3.0,Immediate
5224518,Braden,Smith,OL,Tarleton State,BradenSmithTarleton State,2026,Braden,Smith,IOL,Tarleton State,Iowa State,2026-01-06T16:47:00.000Z,0.85,3.0,Immediate
5224649,Brandon,Martin,DE,Dayton,BrandonMartinDayton,2026,Brandon,Martin,EDGE,Dayton,Robert Morris,2026-01-18T15:59:00.000Z,0.8,3.0,Immediate
5224708,Qua,Moss,DB,Kansas State,QuaMossKansas State,2026,Qua,Moss,S,Kansas State,Tennessee,2026-01-04T18:49:00.000Z,0.86,3.0,Immediate
5224714,Latrelle,Murrell,RB,West Georgia,LatrelleMurrellWest Georgia,2026,Latrelle,Murrell,RB,West Georgia,Kennesaw State,2026-01-08T02:56:00.000Z,0.84,3.0,Immediate
5224718,TreShawn,Moore,S,West Georgia,TreShawnMooreWest Georgia,2026,TreShawn,Moore,S,West Georgia,Colorado State,2026-01-11T17:00:00.000Z,,,Immediate
5224728,Jay,Carter,LB,West Georgia,JayCarterWest Georgia,2026,Jay,Carter,LB,West Georgia,,2025-11-25T22:56:00.000Z,0.83,3.0,Immediate
5224756,Kourtney,Kelly,DT,West Georgia,KourtneyKellyWest Georgia,2026,Kourtney,Kelly,DL,West Georgia,Clemson,2026-01-07T17:20:00.000Z,0.83,3.0,Immediate
5224765,Meikhi,Cuttino,LB,Delaware,MeikhiCuttinoDelaware,2026,Meikhi,Cuttino,LB,Delaware,,2025-12-22T20:13:00.000Z,,3.0,Immediate
5224767,Alex,Nash-Lally,S,Delaware,AlexNash-LallyDelaware,2026,Alex,Nash-Lally,S,Delaware,Maine,2026-01-21T13:41:00.000Z,,3.0,Immediate
5224787,Skyler,Sholder,PK,Delaware,SkylerSholderDelaware,2026,Skyler,Sholder,K,Delaware,,2025-12-25T20:12:00.000Z,,,Immediate
5224789,Landen,Clark,QB,Elon,LandenClarkElon,2026,Landen,Clark,QB,Elon,LSU,2026-01-13T16:59:00.000Z,0.86,3.0,Immediate
5224790,Isaiah,Fuhrmann,WR,Elon,IsaiahFuhrmannElon,2026,Isaiah,Fuhrmann,WR,Elon,Georgia Tech,2026-01-18T21:14:00.000Z,0.84,3.0,Immediate
5224791,Brycen,Scott,DB,Elon,BrycenScottElon,2026,Brycen,Scott,CB,Elon,Louisville,2026-01-19T00:06:00.000Z,0.86,3.0,Immediate
5224813,Kahmari,Brown,DL,Elon,KahmariBrownElon,2026,Kahmari,Brown,EDGE,Elon,Iowa,2026-01-06T17:58:00.000Z,0.86,3.0,Immediate
5225013,Rodshaun,Dorsey,WR,Erskine,RodshaunDorseyErskine,2026,Rodshaun,Dorsey,WR,Erskine,Georgia State,2025-12-04T06:00:00.000Z,0.84,3.0,Immediate
5225213,Malae,Fonoti,RB,Montana,MalaeFonotiMontana,2026,Malae,Fonoti,RB,Montana,Missouri,2026-01-16T04:05:00.000Z,0.84,3.0,Immediate
5225215,Kyon,Loud,CB,Montana,KyonLoudMontana,2026,Kyon,Loud,CB,Montana,Duke,2026-01-04T20:06:00.000Z,0.86,3.0,Immediate
5225230,Colin,Amick,OL,Montana,ColinAmickMontana,2026,Colin,Amick,OT,Montana,Iowa State,2026-01-06T03:37:00.000Z,0.85,3.0,Immediate
5225274,Isaiah,Houi,DB,Eastern Illinois,IsaiahHouiEastern Illinois,2026,Isaiah,Houi,CB,Eastern Illinois,Oregon State,2026-01-13T16:00:19.000Z,0.86,3.0,Immediate
5225293,Kwan,Johnson,OL,Eastern Illinois,KwanJohnsonEastern Illinois,2026,Kwan,Johnson,OT,Eastern Illinois,Oregon State,2026-01-15T19:08:00.000Z,0.86,3.0,Immediate
5225296,Sandro,Malicevic,OL,Eastern Illinois,SandroMalicevicEastern Illinois,2026,Sandro,Malicevic,OT,Eastern Illinois,Ohio,2026-01-17T22:00:00.000Z,0.84,3.0,Immediate
5225330,Cade,Callahan,TE,Merrimack,CadeCallahanMerrimack,2026,Cade,Callahan,TE,Merrimack,UL Monroe,2026-01-22T20:37:00.000Z,0.82,3.0,Immediate
5225335,Noah,Grevious,WR,VMI,NoahGreviousVMI,2026,Noah,Grevious,WR,VMI,James Madison,2026-01-14T18:37:00.000Z,0.86,3.0,Immediate
5225343,Owen,Sweeney,WR,VMI,OwenSweeneyVMI,2026,Owen,Sweeney,WR,VMI,Marshall,2026-01-05T19:37:00.000Z,,,Immediate
5225368,Aiden,Jones,OL,VMI,AidenJonesVMI,2026,Aiden,Jones,OT,VMI,Florida Atlantic,2026-01-07T19:34:00.000Z,,,Immediate
5225383,Tariq,Thomas,RB,Bucknell,TariqThomasBucknell,2026,Tariq,Thomas,RB,Bucknell,Fresno State,2026-01-17T03:12:00.000Z,0.85,3.0,Immediate
5225413,Ty,Jones,DB,Norfolk State,TyJonesNorfolk State,2026,Ty,Jones,S,Norfolk State,Louisiana Tech,2026-01-23T23:15:00.000Z,0.85,3.0,Immediate
5225435,Seth,Cromwell,RB,Northern Arizona,SethCromwellNorthern Arizona,2026,Seth,Cromwell,RB,Northern Arizona,James Madison,2026-01-05T21:03:00.000Z,0.83,3.0,Immediate
5225441,Ramere,Davis,LB,Northern Arizona,RamereDavisNorthern Arizona,2026,Ramere,Davis,LB,Northern Arizona,Arizona State,2026-01-09T02:04:00.000Z,0.85,3.0,Immediate
5225469,Carson,Gresock,RB,Gardner-Webb,CarsonGresockGardner-Webb,2026,Carson,Gresock,RB,Gardner-Webb,,2026-01-30T04:17:18.000Z,0.84,3.0,Withdrawn
5225471,CJ,Dawson,OL,Gardner-Webb,CJDawsonGardner-Webb,2026,CJ,Dawson,IOL,Gardner-Webb,Ohio,2026-01-17T22:19:00.000Z,0.85,3.0,Immediate
5225506,Brandon,Homady,OL,West Virginia,BrandonHomadyWest Virginia,2026,Brandon,Homady,IOL,West Virginia,North Carolina,2026-01-12T22:56:00.000Z,0.85,3.0,Immediate
5225546,Amaurey,Brooks,CB,Fordham,AmaureyBrooksFordham,2026,Amaurey,Brooks,CB,Fordham,New Mexico State,2026-01-22T02:43:00.000Z,0.84,3.0,Immediate
5225574,Bryson,Ross,S,Portland State,BrysonRossPortland State,2026,Bryson,Ross,CB,Portland State,Arkansas State,2026-01-10T18:43:00.000Z,0.83,3.0,Immediate
5225589,Pierce,Walker,S,Portland State,PierceWalkerPortland State,2026,Pierce,Walker,S,Portland State,,2025-12-08T00:25:00.000Z,,2.0,Immediate
5225591,Carsten,Mamaril,,Portland State,CarstenMamarilPortland State,2026,Carsten,Mamaril,CB,Portland State,San Diego State,2026-01-19T16:12:00.000Z,0.85,3.0,Immediate
5225611,Isaiah,Scott,WR,Wofford,IsaiahScottWofford,2026,Isaiah,Scott,WR,Wofford,,2026-01-30T04:12:47.000Z,0.84,3.0,Withdrawn
5225616,Darius,Malcolm Jr.,CB,Wofford,DariusMalcolm Jr.Wofford,2026,Darius,Malcolm Jr.,CB,Wofford,Memphis,2026-01-05T18:06:00.000Z,0.84,3.0,Immediate
5225622,Cavan,Craig,PK,Wofford,CavanCraigWofford,2026,Cavan,Craig,P,Wofford,Colorado State,2026-01-11T18:39:00.000Z,,,Immediate
5225627,Caleb,Oliver,EDGE,Wofford,CalebOliverWofford,2026,Caleb,Oliver,EDGE,Wofford,Buffalo,2026-01-10T04:08:00.000Z,0.83,3.0,Immediate
5225635,Luke,Moise,OL,Wofford,LukeMoiseWofford,2026,Luke,Moise,IOL,Wofford,New Mexico State,2026-01-16T13:21:00.000Z,0.82,3.0,Immediate
5225638,Chizara,Alegbe,OL,Wofford,ChizaraAlegbeWofford,2026,Chizara,Alegbe,IOL,Wofford,,2025-12-15T18:21:00.000Z,,,Immediate
5225646,Rico,Bond,WR,Lindenwood,RicoBondLindenwood,2026,Rico,Bond,WR,Lindenwood,Toledo,2026-01-21T03:17:00.000Z,0.86,3.0,Immediate
5225662,Ken,Meir,OL,Temple,KenMeirTemple,2026,Ken,Meir,IOL,Temple,New Mexico,2026-01-27T11:28:00.000Z,0.8,3.0,Immediate
5225717,Savion,Hart,RB,Georgetown,SavionHartGeorgetown,2026,Savion,Hart,RB,Georgetown,Georgia State,2026-01-12T00:06:00.000Z,0.82,3.0,Immediate
5225744,Trey,Lisle,EDGE,Southeast Missouri State,TreyLisleSoutheast Missouri State,2026,Trey,Lisle,EDGE,Southeast Missouri State,Michigan State,2026-01-08T19:09:00.000Z,0.87,3.0,Immediate
5225751,Landon,Sylvie,S,Southeast Missouri State,LandonSylvieSoutheast Missouri State,2026,Landon,Sylvie,S,Southeast Missouri State,Southern Miss,2026-01-16T19:16:00.000Z,0.84,3.0,Immediate
5225765,Carter,Guillaume,OL,Louisville,CarterGuillaumeLouisville,2026,Carter,Guillaume,IOL,Louisville,Oregon State,2026-01-12T17:36:39.000Z,0.85,3.0,Immediate
5225766,Yusef,Sanogo-Kendrick,OL,Southeast Missouri State,YusefSanogo-KendrickSoutheast Missouri State,2026,Yusef,Sanogo-Kendrick,IOL,Southeast Missouri State,Eastern Kentucky,2026-01-12T01:43:00.000Z,0.83,3.0,Immediate
5225778,Caiden,Newsome,DB,Holy Cross,CaidenNewsomeHoly Cross,2026,Caiden,Newsome,CB,Holy Cross,Akron,2026-01-11T17:03:00.000Z,,,Immediate
5225779,Lathan,Croley,LB,Holy Cross,LathanCroleyHoly Cross,2026,Lathan,Croley,LB,Holy Cross,James Madison,2026-01-14T18:28:00.000Z,0.84,3.0,Immediate
5225802,Ryan,Gadson,DB,Lafayette,RyanGadsonLafayette,2026,Ryan,Gadson,CB,Lafayette,,2025-12-31T06:00:00.000Z,,,Immediate
5225820,Sean,Kinney,OL,Lafayette,SeanKinneyLafayette,2026,Sean,Kinney,IOL,Lafayette,Colorado,2026-01-16T15:51:00.000Z,0.86,3.0,Immediate
5225846,Kyle,Koontz,TE,Houston Christian,KyleKoontzHouston Christian,2026,Kyle,Koontz,TE,Houston Christian,Sacramento State,2026-01-21T06:00:00.000Z,0.81,3.0,Immediate
5225861,Jayland,McGlothen,DL,Sacramento State,JaylandMcGlothenSacramento State,2026,Jayland,McGlothen,DL,Sacramento State,San José State,2026-01-14T00:12:00.000Z,0.83,3.0,Immediate
5225868,Gavin,Nelson,TE,Sacramento State,GavinNelsonSacramento State,2026,Gavin,Nelson,TE,Sacramento State,Cal Poly,2026-02-04T03:12:00.000Z,,,Immediate
5225872,Tyran,Chappell,CB,Houston Christian,TyranChappellHouston Christian,2026,Tyran,Chappell,CB,Houston Christian,Michigan State,2026-01-04T20:47:00.000Z,0.84,3.0,Immediate
5225880,Xai'Shaun,Edwards,RB,Houston Christian,Xai'ShaunEdwardsHouston Christian,2026,Xai'Shaun,Edwards,RB,Houston Christian,Missouri,2026-01-07T01:39:00.000Z,0.84,3.0,Immediate
5225883,TJ,Smith,LB,Houston Christian,TJSmithHouston Christian,2026,TJ,Smith,LB,Houston Christian,Texas A&M,2026-01-13T01:17:00.000Z,0.85,3.0,Immediate
5225888,Reed,Chandley,P,Georgia State,ReedChandleyGeorgia State,2026,Reed,Chandley,P,Georgia State,Florida Atlantic,2026-01-05T18:26:57.000Z,,,Immediate
5225894,Ben,Mulholland,OL,Houston Christian,BenMulhollandHouston Christian,2026,Ben,Mulholland,IOL,Houston Christian,UConn,2026-01-17T18:35:00.000Z,0.85,3.0,Immediate
5225901,Jaden,Green,RB,Lehigh,JadenGreenLehigh,2026,Jaden,Green,RB,Lehigh,Cal Poly,2026-01-09T21:08:24.000Z,0.85,3.0,Immediate
5225908,Mekhai,Smith,DB,Lehigh,MekhaiSmithLehigh,2026,Mekhai,Smith,S,Lehigh,Minnesota,2026-01-06T23:37:00.000Z,0.86,3.0,Immediate
5225935,Tyler,Moore,DL,Coastal Carolina,TylerMooreCoastal Carolina,2026,Tyler,Moore,DL,Coastal Carolina,Colorado,2026-01-05T19:38:00.000Z,,3.0,Immediate
5225939,Sanders,Ellis,LB,Purdue,SandersEllisPurdue,2026,Sanders,Ellis,LB,Purdue,Bowling Green,2026-01-08T17:19:00.000Z,,,Immediate
5225945,Dominique,Dixon,DB,Tennessee State,DominiqueDixonTennessee State,2026,Dominique,Dixon,S,Tennessee State,North Alabama,2026-01-29T17:08:00.000Z,,,Immediate
5225948,Caden,Marshall,LB,Bowling Green,CadenMarshallBowling Green,2026,Caden,Marshall,LB,Bowling Green,SMU,2026-01-06T22:05:00.000Z,0.86,3.0,Immediate
5225955,Veguer,Jean-Jumeau,OL,Tennessee State,VeguerJean-JumeauTennessee State,2026,Veguer,Jean-Jumeau,OT,Tennessee State,Boston College,2026-01-11T16:34:00.000Z,0.85,3.0,Immediate
5225963,Kyle,Hicks,LS,Tennessee State,KyleHicksTennessee State,2026,Kyle,Hicks,LS,Tennessee State,UCF,2026-01-19T22:38:00.000Z,,,Immediate
5225990,Nate,Robinson Jr.,CB,Marist,NateRobinson Jr.Marist,2026,Nate,Robinson Jr.,S,Marist,UTSA,2026-01-10T01:22:00.000Z,,,Immediate
5226004,Wyatt,Rubinoff,LS,New Hampshire,WyattRubinoffNew Hampshire,2026,Wyatt,Rubinoff,LS,New Hampshire,Virginia,2026-01-09T16:25:00.000Z,,,Immediate
5226019,Caden,Pinnick,QB,UC Davis,CadenPinnickUC Davis,2026,Caden,Pinnick,QB,UC Davis,Washington State,2026-01-07T03:37:00.000Z,0.85,3.0,Immediate
5226140,Oscar,Weigel,OL,San Diego,OscarWeigelSan Diego,2026,Oscar,Weigel,OT,San Diego,Fresno State,2026-01-18T03:09:00.000Z,0.85,3.0,Immediate
5226158,Quory,Ambrose,OL,Presbyterian,QuoryAmbrosePresbyterian,2026,Quory,Ambrose,IOL,Presbyterian,Harding,2026-01-09T02:35:00.000Z,0.82,3.0,Immediate
5226164,Nick,Brown,CB,Lamar,NickBrownLamar,2026,Nick,Brown,CB,Lamar,Utah,2026-01-13T18:40:00.000Z,0.84,3.0,Immediate
5226267,Zyheem,Collick,WR,Bryant,ZyheemCollickBryant,2026,Zyheem,Collick,WR,Bryant,Charlotte,2026-01-09T20:18:00.000Z,,,Immediate
5226273,Azarel,Juste,DB,Bryant,AzarelJusteBryant,2026,Azarel,Juste,LB,Bryant,Coastal Carolina,2026-01-10T17:31:00.000Z,0.85,3.0,Immediate
5226314,Eli,Aragon,WR,Coastal Carolina,EliAragonCoastal Carolina,2026,Eli,Aragon,WR,Coastal Carolina,Idaho State,2026-01-27T20:08:09.000Z,,,Immediate
5226352,Matthew,Montgomery,OL,Western Illinois,MatthewMontgomeryWestern Illinois,2026,Matthew,Montgomery,OT,Western Illinois,San Diego State,2026-01-07T18:19:45.000Z,,,Immediate
5226362,Payne,Miller,DL,Western Illinois,PayneMillerWestern Illinois,2026,Payne,Miller,DL,Western Illinois,Eastern Kentucky,2026-01-17T02:16:00.000Z,0.83,3.0,Immediate
5226426,Vincent,Chen,OL,Stetson,VincentChenStetson,2026,Vincent,Chen,OT,Stetson,,2026-04-28T05:00:00.000Z,,,Immediate
5226456,Will,Hicks,S,Hampton,WillHicksHampton,2026,Will,Hicks,S,Hampton,New Mexico,2026-01-10T20:53:00.000Z,,,Immediate
5226483,Ryan,Ricketti,WR,Valparaiso,RyanRickettiValparaiso,2026,Ryan,Ricketti,WR,Valparaiso,New Hampshire,2026-02-04T04:25:00.000Z,0.8,3.0,Immediate
5226511,Gary,Givens III,WR,Northern Illinois,GaryGivens IIINorthern Illinois,2026,Gary,Givens III,WR,Northern Illinois,,2025-12-25T03:12:00.000Z,,,Immediate
5226524,Anthony,Rogers,DB,Nicholls,AnthonyRogersNicholls,2026,Anthony,Rogers,CB,Nicholls,,2025-12-08T18:53:00.000Z,0.83,3.0,Immediate
5226567,Talan,Carter,DL,Jacksonville State,TalanCarterJacksonville State,2026,Talan,Carter,DL,Jacksonville State,Vanderbilt,2026-01-05T19:57:00.000Z,0.85,3.0,Immediate
5226569,Emmanuel,Oyebadejo,DE,Jacksonville State,EmmanuelOyebadejoJacksonville State,2026,Emmanuel,Oyebadejo,DL,Jacksonville State,Florida,2026-01-06T21:11:00.000Z,0.88,3.0,Immediate
5226578,Eli,Adams,WR,Louisville,EliAdamsLouisville,2026,Eli,Adams,WR,Louisville,Wisconsin,2026-01-23T17:36:00.000Z,0.83,3.0,Immediate
5226651,Jaedin,Lee,DL,Maine,JaedinLeeMaine,2026,Jaedin,Lee,DL,Maine,Rutgers,2026-01-05T18:52:00.000Z,0.84,3.0,Immediate
5226673,Jaeden,Jones,DB,Monmouth,JaedenJonesMonmouth,2026,Jaeden,Jones,S,Monmouth,,2026-02-07T02:02:31.000Z,0.83,3.0,Withdrawn
5226687,Lamont,Lester Jr.,DL,Monmouth,LamontLester Jr.Monmouth,2026,Lamont,Lester Jr.,EDGE,Monmouth,Colorado,2026-01-04T05:54:00.000Z,0.86,3.0,Immediate
5226707,D.J.,Johnson,DL,New Hampshire,D.J.JohnsonNew Hampshire,2026,D.J.,Johnson,EDGE,New Hampshire,Wake Forest,2026-01-07T20:51:12.000Z,0.85,3.0,Immediate
5226764,Khristian,Tyson,S,North Carolina A&T,KhristianTysonNorth Carolina A&T,2026,Khristian,Tyson,S,North Carolina A&T,LIU Post,2026-02-02T20:55:00.000Z,,,Immediate
5226770,Tre,Mittman,S,North Carolina A&T,TreMittmanNorth Carolina A&T,2026,Tre,Mittman,S,North Carolina A&T,Georgia State,2026-01-06T22:00:44.000Z,,,Immediate
5226828,Isaiah,Dawson,WR,Richmond,IsaiahDawsonRichmond,2026,Isaiah,Dawson,WR,Richmond,Bowling Green,2026-01-12T16:28:00.000Z,,,Immediate
5226835,Peyton,Seelmann,LB,Richmond,PeytonSeelmannRichmond,2026,Peyton,Seelmann,LB,Richmond,North Carolina,2026-01-07T03:43:17.000Z,0.84,3.0,Immediate
5226903,Sebastian,Regis,DL,Stony Brook,SebastianRegisStony Brook,2026,Sebastian,Regis,DL,Stony Brook,,2026-02-07T01:59:28.000Z,0.8,3.0,Withdrawn
5226921,Jasin,Shiggs,S,Towson,JasinShiggsTowson,2026,Jasin,Shiggs,S,Towson,Nebraska,2026-01-12T04:07:00.000Z,0.86,3.0,Immediate
5226926,Alfred,Thomas,LB,Towson,AlfredThomasTowson,2026,Alfred,Thomas,LB,Towson,Kennesaw State,2026-01-22T02:12:00.000Z,0.84,3.0,Immediate
5226944,Aaron,Clark,DL,Towson,AaronClarkTowson,2026,Aaron,Clark,DL,Towson,App State,2026-01-09T17:01:00.000Z,0.83,3.0,Immediate
5226949,David,Avit,RB,Villanova,DavidAvitVillanova,2026,David,Avit,RB,Villanova,Arizona State,2026-01-04T22:25:00.000Z,0.85,3.0,Immediate
5226950,Anthony,Hawkins,DB,Villanova,AnthonyHawkinsVillanova,2026,Anthony,Hawkins,S,Villanova,Iowa,2026-01-04T21:26:00.000Z,0.86,3.0,Immediate
5226953,Damill,Bostic Jr.,CB,Villanova,DamillBostic Jr.Villanova,2026,Damill,Bostic Jr.,CB,Villanova,Coastal Carolina,2026-01-13T03:49:00.000Z,0.85,3.0,Immediate
5227011,Justin,Krueger,DL,William & Mary,JustinKruegerWilliam & Mary,2026,Justin,Krueger,EDGE,William & Mary,Massachusetts,2026-01-17T17:55:00.000Z,0.82,3.0,Immediate
5227057,Jalen,Jones,WR,Alabama State,JalenJonesAlabama State,2026,Jalen,Jones,WR,Alabama State,Texas Tech,2026-01-04T23:02:00.000Z,0.86,3.0,Immediate
5227059,Denzel,Johnson,LB,Alabama State,DenzelJohnsonAlabama State,2026,Denzel,Johnson,LB,Alabama State,Florida A&M,2026-01-16T21:30:00.000Z,,,Immediate
5227061,Jamarie,Hostzclaw,RB,Alabama State,JamarieHostzclawAlabama State,2026,Jamarie,Hostzclaw,RB,Alabama State,,2026-02-01T22:50:00.000Z,0.83,3.0,Withdrawn
5227117,Quan,Rhodes-McKee,LB,Duquesne,QuanRhodes-McKeeDuquesne,2026,Quan,Rhodes-McKee,LB,Duquesne,Kent State,2026-01-24T14:36:00.000Z,0.81,3.0,Immediate
5227167,Israel,Petite,CB,Robert Morris,IsraelPetiteRobert Morris,2026,Israel,Petite,CB,Robert Morris,Toledo,2026-01-11T15:58:00.000Z,,2.0,Immediate
5227168,Xavier,Styles,DB,Robert Morris,XavierStylesRobert Morris,2026,Xavier,Styles,S,Robert Morris,Iowa,2026-01-11T20:30:00.000Z,0.85,3.0,Immediate
5227207,Zuri,Watson,CB,Howard,ZuriWatsonHoward,2026,Zuri,Watson,CB,Howard,Arizona,2026-01-15T06:51:00.000Z,0.85,3.0,Immediate
5227209,Anthony,Reagan Jr.,RB,Howard,AnthonyReagan Jr.Howard,2026,Anthony,Reagan Jr.,RB,Howard,Louisiana,2026-01-21T03:09:00.000Z,0.82,3.0,Immediate
5227212,Ja'Quavion,Smith,LB,Howard,Ja'QuavionSmithHoward,2026,Ja'Quavion,Smith,LB,Howard,Arkansas,2026-01-05T21:29:00.000Z,0.85,3.0,Immediate
5227231,KD,Mosley,TE,Howard,KDMosleyHoward,2026,KD,Mosley,TE,Howard,James Madison,2026-01-20T19:26:00.000Z,0.84,3.0,Immediate
5227257,Markell,Holman,RB,Western Illinois,MarkellHolmanWestern Illinois,2026,Markell,Holman,RB,Western Illinois,Wyoming,2026-01-12T21:49:00.000Z,0.85,3.0,Immediate
5227316,Brandon,Sneh,OL,UAB,BrandonSnehUAB,2026,Brandon,Sneh,OT,UAB,Mississippi State,2026-01-21T18:22:00.000Z,0.85,3.0,Immediate
5227400,Travis,Terrell Jr.,RB,Jackson State,TravisTerrell Jr.Jackson State,2026,Travis,Terrell Jr.,RB,Jackson State,Purdue,2026-01-06T16:59:00.000Z,0.86,3.0,Immediate
5227405,Jalen,Ballard,PK,Ole Miss,JalenBallardOle Miss,2026,Jalen,Ballard,K,Ole Miss,Troy,2026-01-17T14:00:00.000Z,,,Immediate
5227411,Brian,Williams Jr.,OL,Jackson State,BrianWilliams Jr.Jackson State,2026,Brian,Williams Jr.,IOL,Jackson State,UTEP,2026-01-16T20:17:00.000Z,0.84,3.0,Immediate
5227412,Mason,Barton,OL,Jackson State,MasonBartonJackson State,2026,Mason,Barton,OT,Jackson State,Coastal Carolina,2026-01-19T20:44:00.000Z,0.85,3.0,Immediate
5227416,Bruno,Zandamela,OL,Jackson State,BrunoZandamelaJackson State,2026,Bruno,Zandamela,OT,Jackson State,,2025-12-12T01:40:00.000Z,,3.0,Immediate
5227437,Kendell,Anderson,,Morgan State,KendellAndersonMorgan State,2026,Kendell,Anderson,S,Morgan State,Marshall,2026-01-07T19:32:36.000Z,,,Immediate
5227659,Drey,Braxton,DB,North Carolina Central,DreyBraxtonNorth Carolina Central,2026,Drey,Braxton,CB,North Carolina Central,Bowling Green,2026-01-17T20:47:00.000Z,0.82,3.0,Immediate
5227693,William,Boone,OL,North Carolina,WilliamBooneNorth Carolina,2026,William,Boone,OT,North Carolina,Texas State,2026-01-19T15:13:20.000Z,0.85,3.0,Immediate
5227698,Tito,Chikere,,East Texas A&M,TitoChikereEast Texas A&M,2026,Tito,Chikere,EDGE,East Texas A&M,Louisiana,2026-01-21T03:06:00.000Z,0.84,3.0,Immediate
5227705,CJ,Richard Jr.,DB,Illinois State,CJRichard Jr.Illinois State,2026,CJ,Richard Jr.,S,Illinois State,Florida State,2026-01-11T03:48:00.000Z,0.87,3.0,Immediate
5227709,Matt,Lawson,RB,Illinois State,MattLawsonIllinois State,2026,Matt,Lawson,RB,Illinois State,,2025-12-22T19:16:00.000Z,,,Immediate
5227731,Nathan,Gonzales,DL,Indiana State,NathanGonzalesIndiana State,2026,Nathan,Gonzales,EDGE,Indiana State,Western Kentucky,2026-01-18T03:09:00.000Z,0.84,3.0,Immediate
5227742,Nick,Osho,RB,Indiana State,NickOshoIndiana State,2026,Nick,Osho,RB,Indiana State,North Texas,2026-01-15T15:45:00.000Z,0.84,3.0,Immediate
5227765,Braylon,Harmon,WR,Tennessee,BraylonHarmonTennessee,2026,Braylon,Harmon,WR,Tennessee,,2026-01-02T00:30:00.000Z,,,Immediate
5227784,Jeron,Askren,TE,Missouri State,JeronAskrenMissouri State,2026,Jeron,Askren,TE,Missouri State,,2025-12-28T01:21:00.000Z,,2.0,Immediate
5227820,Anthony,Palano,LB,Washington State,AnthonyPalanoWashington State,2026,Anthony,Palano,LB,Washington State,Boston College,2026-01-05T18:34:00.000Z,,2.0,Immediate
5227848,Esteban,Guillory,S,Western Illinois,EstebanGuilloryWestern Illinois,2026,Esteban,Guillory,S,Western Illinois,UTEP,2026-01-09T16:43:00.000Z,,2.0,Immediate
5227849,Jordan,Washington,RB,Murray State,JordanWashingtonMurray State,2026,Jordan,Washington,RB,Murray State,Massachusetts,2026-01-17T17:57:00.000Z,0.84,3.0,Immediate
5227929,TyQuez,Richardson,OL,Alabama A&M,TyQuezRichardsonAlabama A&M,2026,TyQuez,Richardson,OT,Alabama A&M,Georgia,2026-01-16T01:38:00.000Z,0.87,3.0,Immediate
5227946,Mikey,Munn,DB,South Dakota,MikeyMunnSouth Dakota,2026,Mikey,Munn,CB,South Dakota,Rutgers,2026-02-16T18:04:00.000Z,0.84,3.0,Immediate
5227960,Jacob,Arop,OL,South Dakota,JacobAropSouth Dakota,2026,Jacob,Arop,OT,South Dakota,California,2026-01-05T19:46:00.000Z,0.84,3.0,Immediate
5227998,Roman,Mothershed,WR,Troy,RomanMothershedTroy,2026,Roman,Mothershed,WR,Troy,LSU,2026-01-12T15:57:00.000Z,0.85,3.0,Immediate
5228034,Jackson,Banks,DT,Western Carolina,JacksonBanksWestern Carolina,2026,Jackson,Banks,DL,Western Carolina,Southern Miss,2026-02-04T21:04:03.000Z,0.82,3.0,Immediate
5228041,Carson,Kolb,TE,Oregon State,CarsonKolbOregon State,2026,Carson,Kolb,TE,Oregon State,,2026-01-01T13:54:00.000Z,,,Immediate
5228122,Chris,Jones,LB,Southern Miss,ChrisJonesSouthern Miss,2026,Chris,Jones,LB,Southern Miss,Florida State,2026-01-15T22:56:00.000Z,0.86,3.0,Immediate
5228135,Benjamin,Bruce,CB,Texas A&M,BenjaminBruceTexas A&M,2026,Benjamin,Bruce,CB,Texas A&M,Georgetown,2026-01-17T22:06:00.000Z,,,Immediate
5228136,Liam,Padron,PK,Texas A&M,LiamPadronTexas A&M,2026,Liam,Padron,K,Texas A&M,Florida,2026-01-17T21:23:00.000Z,,,Immediate
5228149,Mackenzie,Alleyne,WR,Washington State,MackenzieAlleyneWashington State,2026,Mackenzie,Alleyne,WR,Washington State,Oklahoma,2026-01-11T19:35:00.000Z,0.85,3.0,Immediate
5228151,Titus,Miller,DL,Washington State,TitusMillerWashington State,2026,Titus,Miller,DL,Washington State,,2026-01-01T17:31:00.000Z,,3.0,Immediate
5228153,Ryan,Harris,PK,Washington State,RyanHarrisWashington State,2026,Ryan,Harris,K,Washington State,,2026-01-13T01:51:00.000Z,0.83,3.0,Immediate
5228539,Axel,Ramazani,DE,Wyoming,AxelRamazaniWyoming,2026,Axel,Ramazani,EDGE,Wyoming,Northern Iowa,2026-01-21T13:48:00.000Z,,3.0,Immediate
5228646,Rod,Gainey Jr.,RB,Charlotte,RodGainey Jr.Charlotte,2026,Rod,Gainey Jr.,RB,Charlotte,LSU,2026-01-06T20:57:00.000Z,0.85,3.0,TBD
5228659,JJ,Okate,LB,Charlotte,JJOkateCharlotte,2026,JJ,Okate,LB,Charlotte,,2026-01-14T14:01:00.000Z,,3.0,Immediate
5228814,Andrew,Bennett,P,Charlotte,AndrewBennettCharlotte,2026,Andrew,Bennett,P,Charlotte,James Madison,2026-01-12T18:58:00.000Z,,,Immediate
5228824,Kameron,Reddic,S,Stephen F. Austin,KameronReddicStephen F. Austin,2026,Kameron,Reddic,S,Stephen F. Austin,West Virginia,2026-01-22T04:56:00.000Z,0.86,3.0,Immediate
5228882,Ryder,Treadway,WR,Toledo,RyderTreadwayToledo,2026,Ryder,Treadway,WR,Toledo,UConn,2026-01-24T07:58:00.000Z,0.85,3.0,Immediate
5229288,Anthony,Busa,DB,Stonehill,AnthonyBusaStonehill,2026,Anthony,Busa,S,Stonehill,,2025-12-22T14:06:00.000Z,,,Immediate
5229436,Dennious,Jackson,DL,Colorado State,DenniousJacksonColorado State,2026,Dennious,Jackson,DL,Colorado State,,2026-01-03T18:56:00.000Z,,,Immediate
5229444,TJ,Dottery,LB,Ole Miss,TJDotteryOle Miss,2026,TJ,Dottery,LB,Ole Miss,LSU,2026-01-15T13:44:00.000Z,0.91,4.0,Immediate
5229486,Jaden,Kelly,LB,Kennesaw State,JadenKellyKennesaw State,2026,Jaden,Kelly,LB,Kennesaw State,,2026-01-12T22:22:00.000Z,,,Immediate
5229501,Liam,Lindo,CB,Bryant,LiamLindoBryant,2026,Liam,Lindo,CB,Bryant,,2025-12-10T16:53:00.000Z,0.85,3.0,Immediate
5229505,Jonathan,Goins,LB,Alabama A&M,JonathanGoinsAlabama A&M,2026,Jonathan,Goins,LB,Alabama A&M,Bowling Green,2026-02-04T18:13:00.000Z,0.8,3.0,Immediate
5229547,A'mari,Wilson,DL,Campbell,A'mariWilsonCampbell,2026,A'mari,Wilson,EDGE,Campbell,Southern Miss,2026-01-16T16:23:00.000Z,0.85,3.0,Immediate
5229549,Tyrek,Brown,LB,Campbell,TyrekBrownCampbell,2026,Tyrek,Brown,S,Campbell,,2025-12-15T17:08:00.000Z,,,Immediate
5229557,Randall,King,WR,Campbell,RandallKingCampbell,2026,Randall,King,WR,Campbell,Alabama State,2026-01-19T16:55:10.000Z,0.85,3.0,Immediate
5229579,Teko,Shoats,OL,Bethune-Cookman,TekoShoatsBethune-Cookman,2026,Teko,Shoats,OT,Bethune-Cookman,Oregon State,2026-01-12T16:53:44.000Z,0.85,3.0,Immediate
5229583,Melvin,Puckett,OL,Bethune-Cookman,MelvinPuckettBethune-Cookman,2026,Melvin,Puckett,IOL,Bethune-Cookman,,2025-12-16T15:36:00.000Z,,,Immediate
5229589,Javon,Ross,WR,Bethune-Cookman,JavonRossBethune-Cookman,2026,Javon,Ross,WR,Bethune-Cookman,Tulsa,2026-01-12T18:49:00.000Z,0.85,3.0,Immediate
5229598,Mekhi,Norris,WR,Mississippi Valley State,MekhiNorrisMississippi Valley State,2026,Mekhi,Norris,WR,Mississippi Valley State,,2025-12-03T17:36:00.000Z,0.82,3.0,Immediate
5229600,Prince,Ijioma,DB,Mississippi Valley State,PrinceIjiomaMississippi Valley State,2026,Prince,Ijioma,CB,Mississippi Valley State,Oklahoma,2026-01-16T17:05:00.000Z,0.83,3.0,Immediate
5229944,Chauncey,Sylvester,RB,Weber State,ChaunceySylvesterWeber State,2026,Chauncey,Sylvester,RB,Weber State,UC Davis,2026-01-23T05:37:00.000Z,,3.0,Immediate
5229947,Davion,Godley,RB,Weber State,DavionGodleyWeber State,2026,Davion,Godley,RB,Weber State,Sacramento State,2026-01-17T21:41:00.000Z,0.83,3.0,Immediate
5229951,Aizik,Mahuka,LB,Weber State,AizikMahukaWeber State,2026,Aizik,Mahuka,LB,Weber State,San José State,2026-01-11T03:12:00.000Z,,3.0,Immediate
5229975,Darrell,Bryant Jr.,DB,Northern Colorado,DarrellBryant Jr.Northern Colorado,2026,Darrell,Bryant Jr.,S,Northern Colorado,Central Michigan,2026-01-09T20:22:00.000Z,0.82,3.0,Immediate
5229997,Cam,Chapa,S,Northern Colorado,CamChapaNorthern Colorado,2026,Cam,Chapa,S,Northern Colorado,Arizona,2026-01-10T19:03:00.000Z,0.87,3.0,Immediate
5230156,Payton,Hoff,LS,Grambling,PaytonHoffGrambling,2026,Payton,Hoff,LS,Grambling,Cal Poly,2026-02-04T03:15:00.000Z,,,Immediate
5230158,Armond,Owens,OL,Grambling,ArmondOwensGrambling,2026,Armond,Owens,IOL,Grambling,New Mexico State,2026-01-21T02:47:00.000Z,0.85,3.0,Immediate
5230166,Greg,Rivera,LS,Grambling,GregRiveraGrambling,2026,Greg,Rivera,LS,Grambling,Liberty,2026-01-12T17:11:00.000Z,,,Immediate
5230176,Keith,Jones Jr.,WR,Grambling,KeithJones Jr.Grambling,2026,Keith,Jones Jr.,WR,Grambling,Penn State,2026-01-12T16:00:00.000Z,0.86,3.0,Immediate
5230205,Ty,Cortes,DB,Pennsylvania,TyCortesPennsylvania,2026,Ty,Cortes,S,Pennsylvania,,2026-01-30T04:09:36.000Z,0.85,3.0,Withdrawn
5230762,Amani,Givens,RB,Louisiana Tech,AmaniGivensLouisiana Tech,2026,Amani,Givens,RB,Louisiana Tech,,2026-01-17T20:01:00.000Z,,,Immediate
5231100,Antonio,O'Berry,LB,Gardner-Webb,AntonioO'BerryGardner-Webb,2026,Antonio,O'Berry,EDGE,Gardner-Webb,Kentucky,2026-01-04T23:28:00.000Z,0.86,3.0,Immediate
5231136,Ahmad,Carwise,OL,Gardner-Webb,AhmadCarwiseGardner-Webb,2026,Ahmad,Carwise,IOL,Gardner-Webb,Toledo,2026-01-14T19:34:00.000Z,0.85,3.0,Immediate
5231145,De'Arieun,Hicks,DT,Gardner-Webb,De'ArieunHicksGardner-Webb,2026,De'Arieun,Hicks,DL,Gardner-Webb,Kansas State,2026-01-06T00:23:00.000Z,0.85,3.0,Immediate
5231155,Gabe,White,CB,Bethune-Cookman,GabeWhiteBethune-Cookman,2026,Gabe,White,CB,Bethune-Cookman,Coastal Carolina,2026-01-17T21:55:00.000Z,0.84,3.0,Immediate
5231325,Cedric,Roberts,LB,Alcorn State,CedricRobertsAlcorn State,2026,Cedric,Roberts,LB,Alcorn State,North Texas,2026-01-13T21:00:00.000Z,0.82,3.0,Immediate
5231360,Nick,Sowell,WR,South Carolina State,NickSowellSouth Carolina State,2026,Nick,Sowell,WR,South Carolina State,Bowling Green,2026-01-17T21:06:00.000Z,0.84,3.0,Immediate
5231369,Demario,Bookhart,DB,South Carolina State,DemarioBookhartSouth Carolina State,2026,Demario,Bookhart,CB,South Carolina State,Louisiana Tech,2026-01-20T14:07:00.000Z,0.85,3.0,Immediate
5231539,Beau,Phillips,,Central Washington,BeauPhillipsCentral Washington,2026,Beau,Phillips,RB,Central Washington,Washington State,2026-01-09T17:34:00.000Z,,3.0,Immediate
5231851,Keaton,Emmett,PK,Nevada,KeatonEmmettNevada,2026,Keaton,Emmett,K,Nevada,Oregon,2026-01-06T20:00:00.000Z,,,Immediate
5231956,Blake,Howard,LS,Eastern Kentucky,BlakeHowardEastern Kentucky,2026,Blake,Howard,LS,Eastern Kentucky,Tennessee,2026-01-09T19:16:00.000Z,,,Immediate
5232049,Raymond,Moore III,QB,Morgan State,RaymondMoore IIIMorgan State,2026,Raymond,Moore III,QB,Morgan State,UTEP,2026-01-20T17:01:00.000Z,0.84,3.0,Immediate
5232129,MJ,Hinson Jr.,DB,Florida Atlantic,MJHinson Jr.Florida Atlantic,2026,MJ,Hinson Jr.,CB,Florida Atlantic,,2026-01-02T12:26:00.000Z,,,Immediate
5232131,KJ,Cooper,QB,Texas Southern,KJCooperTexas Southern,2026,KJ,Cooper,QB,Texas Southern,South Florida,2026-01-13T14:00:00.000Z,0.85,3.0,Immediate
5232148,Braden,Cain,OL,Texas Southern,BradenCainTexas Southern,2026,Braden,Cain,OT,Texas Southern,Southern Miss,2026-01-13T19:09:00.000Z,0.85,3.0,Immediate
5232192,Noah,Nelson,DT,Georgia State,NoahNelsonGeorgia State,2026,Noah,Nelson,DL,Georgia State,UAB,2026-01-18T20:11:00.000Z,0.84,3.0,Immediate
5232346,Mike,Jones,DL,Kennesaw State,MikeJonesKennesaw State,2026,Mike,Jones,DL,Kennesaw State,,2026-01-02T03:57:00.000Z,,,Immediate
5232716,Paddy,McAteer,PK,Troy,PaddyMcAteerTroy,2026,Paddy,McAteer,K,Troy,Indiana,2026-01-13T20:15:00.000Z,0.83,3.0,Immediate
5233649,Elijah,Collins,OL,Western Carolina,ElijahCollinsWestern Carolina,2026,Elijah,Collins,IOL,Western Carolina,Sam Houston,2026-01-16T13:19:00.000Z,0.83,3.0,Immediate
5234103,Marquis,Hood,DL,North Carolina A&T,MarquisHoodNorth Carolina A&T,2026,Marquis,Hood,DL,North Carolina A&T,Jacksonville State,2026-01-10T22:55:00.000Z,,,Immediate
5234258,Ian,Williams,DB,Memphis,IanWilliamsMemphis,2026,Ian,Williams,S,Memphis,Arkansas,2026-01-11T19:54:00.000Z,0.86,3.0,Immediate
5234473,BJ,Hendrickson III,CB,West Virginia,BJHendrickson IIIWest Virginia,2026,BJ,Hendrickson III,CB,West Virginia,,2026-01-02T14:17:00.000Z,,,Immediate
5234984,Tobi,Haastrup,EDGE,Oregon,TobiHaastrupOregon,2026,Tobi,Haastrup,EDGE,Oregon,West Virginia,2026-01-16T22:58:00.000Z,0.87,3.0,Immediate
5236218,Tim,Griffin,DT,Cincinnati,TimGriffinCincinnati,2026,Tim,Griffin,DL,Cincinnati,Georgia Tech,2026-01-15T20:18:00.000Z,0.85,3.0,Immediate
5236289,Decari,Prater,S,Tulsa,DecariPraterTulsa,2026,Decari,Prater,S,Tulsa,,2025-12-30T13:50:00.000Z,0.84,3.0,Immediate
5236329,Kolby,Thomas,WR,Louisiana Tech,KolbyThomasLouisiana Tech,2026,Kolby,Thomas,WR,Louisiana Tech,,2026-01-03T16:31:00.000Z,,3.0,Immediate
5236370,LaMarcus,Hicks II,DB,Iowa State,LaMarcusHicks IIIowa State,2026,LaMarcus,Hicks II,CB,Iowa State,Arkansas,2026-01-17T02:41:00.000Z,0.83,3.0,Immediate
5236374,Khory,Moss,DB,Miami (OH),KhoryMossMiami (OH),2026,Khory,Moss,CB,Miami (OH),Akron,2026-01-12T20:21:00.000Z,0.83,3.0,Immediate
5236393,Shane,King,TE,Southern Miss,ShaneKingSouthern Miss,2026,Shane,King,TE,Southern Miss,Arizona,2026-01-07T18:46:00.000Z,0.85,3.0,Immediate
5236395,Jackson,Murray,DL,Colorado State,JacksonMurrayColorado State,2026,Jackson,Murray,DL,Colorado State,,2025-12-11T06:00:00.000Z,,3.0,Immediate
5237303,Bleu,Dantzler,LB,Oregon State,BleuDantzlerOregon State,2026,Bleu,Dantzler,EDGE,Oregon State,Oregon,2026-01-14T14:01:00.000Z,0.85,3.0,Immediate
5237359,Chaz,Coleman,DE,Penn State,ChazColemanPenn State,2026,Chaz,Coleman,EDGE,Penn State,Tennessee,2026-01-10T19:40:00.000Z,0.98,5.0,Immediate
5238020,Brendon,Haygood,RB,Missouri,BrendonHaygoodMissouri,2026,Brendon,Haygood,RB,Missouri,North Texas,2026-01-10T18:17:00.000Z,0.86,3.0,Immediate
5238038,Jeremiah,Tuiileila,DL,San Diego State,JeremiahTuiileilaSan Diego State,2026,Jeremiah,Tuiileila,EDGE,San Diego State,,2025-12-31T16:32:00.000Z,,3.0,Immediate
5239116,Jartavius,Flounoy,DL,Georgia State,JartaviusFlounoyGeorgia State,2026,Jartavius,Flounoy,DL,Georgia State,Syracuse,2026-01-08T03:56:00.000Z,0.86,3.0,Immediate
5239192,Jahvion,Jarmon,CB,Bowling Green,JahvionJarmonBowling Green,2026,Jahvion,Jarmon,CB,Bowling Green,Austin Peay,2026-01-24T19:15:00.000Z,,3.0,Immediate
5240079,Tyler,Brown,WR,North Texas,TylerBrownNorth Texas,2026,Tyler,Brown,WR,North Texas,Midwestern State,2026-02-19T04:14:00.000Z,,3.0,Immediate
5243671,Brock,Coffman,WR,Louisville,BrockCoffmanLouisville,2026,Brock,Coffman,WR,Louisville,Kentucky,2026-01-13T15:13:00.000Z,0.85,3.0,Immediate
5249499,AJ,Tuitele,LB,USC,AJTuiteleUSC,2026,AJ,Tuitele,LB,USC,California,2026-01-17T02:06:00.000Z,0.86,3.0,Immediate
5251975,Dalton,Anderson,QB,Washington State,DaltonAndersonWashington State,2026,Dalton,Anderson,QB,Washington State,College of the Sequoias,2026-01-14T18:18:00.000Z,,3.0,Immediate
5252597,Zach,Johnson,DE,UAB,ZachJohnsonUAB,2026,Zach,Johnson,EDGE,UAB,Toledo,2026-01-14T19:27:00.000Z,0.83,3.0,Immediate
5254150,Javion,Kinnard,RB,Colorado State,JavionKinnardColorado State,2026,Javion,Kinnard,RB,Colorado State,San Diego State,2026-01-10T20:38:00.000Z,,3.0,Immediate
5257195,Abe,Jager,CB,Utah State,AbeJagerUtah State,2026,Abe,Jager,CB,Utah State,Utah Tech,2026-01-12T02:52:00.000Z,0.84,3.0,Immediate
5257313,Dominic,De Freitas,PK,App State,DominicDe FreitasApp State,2026,Dominic,De Freitas,K,App State,North Texas,2026-01-08T02:00:00.000Z,,,Immediate
5257317,Peter,Notaro,PK,Alabama,PeterNotaroAlabama,2026,Peter,Notaro,K,Alabama,West Virginia,2026-01-10T20:13:00.000Z,0.8,3.0,Immediate
5257746,Mack,Mulhern,LS,Florida,MackMulhernFlorida,2026,Mack,Mulhern,LS,Florida,LSU,2026-01-07T15:43:00.000Z,,,Immediate
5258016,Caleb,Hawkins,RB,North Texas,CalebHawkinsNorth Texas,2026,Caleb,Hawkins,RB,North Texas,Oklahoma State,2026-01-04T21:06:00.000Z,0.94,4.0,Immediate
5258047,Jackson,Forrest,LB,Old Dominion,JacksonForrestOld Dominion,2026,Jackson,Forrest,LB,Old Dominion,,2026-02-06T21:24:29.000Z,0.85,3.0,Withdrawn
5258272,Hayden,Wright,OL,Northwestern,HaydenWrightNorthwestern,2026,Hayden,Wright,OT,Northwestern,Houston,2026-01-05T17:20:00.000Z,,3.0,Immediate
5258290,Malachi,Fannin-Render,RB,Liberty,MalachiFannin-RenderLiberty,2026,Malachi,Fannin-Render,RB,Liberty,James Madison,2026-01-17T06:00:00.000Z,0.82,3.0,Immediate
5258294,Isiah,Switzer,OL,Toledo,IsiahSwitzerToledo,2026,Isiah,Switzer,IOL,Toledo,UConn,2026-01-24T07:39:00.000Z,0.84,3.0,Immediate
5258297,Zak,Yamauchi,OL,Stanford,ZakYamauchiStanford,2026,Zak,Yamauchi,IOL,Stanford,BYU,2026-01-12T16:18:00.000Z,0.86,3.0,Immediate
5258440,Isaiah,Kema,OL,Ohio State,IsaiahKemaOhio State,2026,Isaiah,Kema,IOL,Ohio State,Utah,2026-01-08T02:40:00.000Z,0.86,3.0,Immediate
5258447,Daejawn,Smith,WR,Louisiana Tech,DaejawnSmithLouisiana Tech,2026,Daejawn,Smith,WR,Louisiana Tech,Southern,2026-02-04T21:45:00.000Z,,3.0,Immediate
5258469,Dylan,Freebury,PK,Colorado State,DylanFreeburyColorado State,2026,Dylan,Freebury,K,Colorado State,South Alabama,2026-01-16T03:19:00.000Z,,3.0,Immediate
5258478,Evan,Odom,OL,Tulsa,EvanOdomTulsa,2026,Evan,Odom,OT,Tulsa,Stephen F. Austin,2026-02-02T03:03:00.000Z,,3.0,Immediate
5258479,Roland,Podesta,P,Boise State,RolandPodestaBoise State,2026,Roland,Podesta,P,Boise State,Coastal Carolina,2026-01-17T03:41:00.000Z,,3.0,Immediate
5258758,James,Steel,DE,UAB,JamesSteelUAB,2026,James,Steel,DL,UAB,Delaware,2026-01-09T22:13:00.000Z,,3.0,Immediate
5260691,Rodney,Bullard Jr.,WR,Michigan State,RodneyBullard Jr.Michigan State,2026,Rodney,Bullard Jr.,WR,Michigan State,,2026-01-17T05:19:00.000Z,,,Immediate
5261457,Cameron,Kossmann,TE,Florida,CameronKossmannFlorida,2026,Cameron,Kossmann,TE,Florida,Boston College,2026-01-11T02:01:19.000Z,0.85,3.0,Immediate
5261482,Joseph,Reddish,CB,Virginia Tech,JosephReddishVirginia Tech,2026,Joseph,Reddish,CB,Virginia Tech,App State,2026-01-11T17:01:00.000Z,,,Immediate
5262645,Dwight,Lewis III,CB,Mississippi State,DwightLewis IIIMississippi State,2026,Dwight,Lewis III,CB,Mississippi State,,2025-12-23T03:03:00.000Z,,,Immediate
5263215,Donovan,Fitzmaurice,DT,Washington State,DonovanFitzmauriceWashington State,2026,Donovan,Fitzmaurice,DL,Washington State,Iowa State,2026-01-05T21:04:00.000Z,,3.0,Immediate
5263572,Tyrone,Cotton III,CB,Washington State,TyroneCotton IIIWashington State,2026,Tyrone,Cotton III,CB,Washington State,Iowa State,2026-01-14T01:29:00.000Z,0.85,3.0,Immediate
5263577,Damarius,Russell,S,Washington State,DamariusRussellWashington State,2026,Damarius,Russell,S,Washington State,Iowa State,2026-01-05T23:15:00.000Z,0.85,3.0,Immediate
5263610,Trillion,Sorrell,CB,Washington State,TrillionSorrellWashington State,2026,Trillion,Sorrell,CB,Washington State,Iowa State,2026-01-05T20:49:00.000Z,0.85,3.0,Immediate
5263613,Carter,Pabst,WR,Washington State,CarterPabstWashington State,2026,Carter,Pabst,WR,Washington State,Iowa State,2026-01-06T16:03:00.000Z,0.85,3.0,Immediate
5263782,Brody,Miller,S,Washington State,BrodyMillerWashington State,2026,Brody,Miller,S,Washington State,Iowa State,2026-01-06T20:21:00.000Z,0.83,3.0,Immediate
5264247,Jessiah,McGrew,DB,Florida International,JessiahMcGrewFlorida International,2026,Jessiah,McGrew,S,Florida International,Arizona State,2026-01-11T17:21:00.000Z,0.85,3.0,Immediate
5264500,Trevor,Bindel,OL,Washington State,TrevorBindelWashington State,2026,Trevor,Bindel,IOL,Washington State,Iowa State,2026-01-05T21:18:00.000Z,,3.0,Immediate
5264502,Sullivan,Schlimgen,LB,Washington State,SullivanSchlimgenWashington State,2026,Sullivan,Schlimgen,LB,Washington State,Iowa State,2026-01-06T03:00:00.000Z,0.86,3.0,Immediate
5264658,Jermane,Hayes,WR,Southern Miss,JermaneHayesSouthern Miss,2026,Jermane,Hayes,WR,Southern Miss,Memphis,2026-01-05T18:10:00.000Z,,3.0,Immediate
5264659,Travon,Pankey,RB,Washington State,TravonPankeyWashington State,2026,Travon,Pankey,RB,Washington State,,2026-01-02T19:31:00.000Z,,3.0,Immediate
5264661,Adlai,Lounsbury,PK,Washington State,AdlaiLounsburyWashington State,2026,Adlai,Lounsbury,K,Washington State,Iowa State,2026-01-06T19:29:00.000Z,,2.0,Immediate
5264728,Dorian,Mallary Jr.,CB,South Florida,DorianMallary Jr.South Florida,2026,Dorian,Mallary Jr.,CB,South Florida,,2026-01-05T01:01:00.000Z,,3.0,Immediate
5264909,Justin,Schmidt,LS,Purdue,JustinSchmidtPurdue,2026,Justin,Schmidt,LS,Purdue,Pittsburgh,2026-01-09T23:44:00.000Z,,2.0,Immediate
5265179,KJ,Liles,DL,App State,KJLilesApp State,2026,KJ,Liles,DL,App State,North Carolina Central,2026-01-11T18:01:00.000Z,,,Immediate
5265183,Kamarion,Thomas,DL,North Carolina,KamarionThomasNorth Carolina,2026,Kamarion,Thomas,DL,North Carolina,,2025-12-26T22:53:00.000Z,,3.0,Immediate
5265318,Zavien,Bryant,S,Temple,ZavienBryantTemple,2026,Zavien,Bryant,S,Temple,,2025-12-08T22:43:00.000Z,,3.0,Immediate
5265388,Marko,Luera,OL,New Mexico,MarkoLueraNew Mexico,2026,Marko,Luera,IOL,New Mexico,,2026-01-06T20:51:00.000Z,,3.0,Immediate
5265431,Brock,Kuhl,TE,Florida Atlantic,BrockKuhlFlorida Atlantic,2026,Brock,Kuhl,TE,Florida Atlantic,Sam Houston,2026-01-08T17:08:00.000Z,,3.0,Immediate
5265432,Jaylon,Nichols,RB,North Carolina,JaylonNicholsNorth Carolina,2026,Jaylon,Nichols,RB,North Carolina,,2025-12-31T19:03:00.000Z,,3.0,Immediate
5265433,Denell,Nix Jr.,OL,App State,DenellNix Jr.App State,2026,Denell,Nix Jr.,OT,App State,Sam Houston,2026-02-04T21:35:00.000Z,0.84,3.0,Immediate
5265452,Ibrahim,Kebe,OL,Ohio,IbrahimKebeOhio,2026,Ibrahim,Kebe,OT,Ohio,UTSA,2026-01-16T22:57:00.000Z,0.84,3.0,Immediate
5265472,Khari,Bendolph,LB,Jacksonville State,KhariBendolphJacksonville State,2026,Khari,Bendolph,LB,Jacksonville State,Massachusetts,2026-01-12T18:38:00.000Z,0.83,3.0,Immediate
5265481,Elijah,Hill,DE,Kennesaw State,ElijahHillKennesaw State,2026,Elijah,Hill,EDGE,Kennesaw State,Kansas State,2026-01-13T21:06:00.000Z,0.86,3.0,Immediate
5265484,Dorian,Hoze,RB,Nevada,DorianHozeNevada,2026,Dorian,Hoze,RB,Nevada,,2026-01-12T18:26:00.000Z,,3.0,Immediate
5265485,Gabriel,Ikechukwu,DT,Wyoming,GabrielIkechukwuWyoming,2026,Gabriel,Ikechukwu,DL,Wyoming,,2025-12-09T03:29:00.000Z,,3.0,Immediate
5265489,Christian,Kiptoo,DL,Eastern Michigan,ChristianKiptooEastern Michigan,2026,Christian,Kiptoo,EDGE,Eastern Michigan,,2025-12-16T06:00:00.000Z,,,Immediate
5265503,Timothy,Taylor Jr.,DL,Jacksonville State,TimothyTaylor Jr.Jacksonville State,2026,Timothy,Taylor Jr.,DL,Jacksonville State,Bowling Green,2026-01-17T21:14:00.000Z,0.8,3.0,Immediate
5265527,Greg,Ard,RB,Boise State,GregArdBoise State,2026,Greg,Ard,RB,Boise State,UT Martin,2026-01-23T04:07:00.000Z,0.85,3.0,Immediate
5265568,Yasir,Smith,TE,North Carolina,YasirSmithNorth Carolina,2026,Yasir,Smith,EDGE,North Carolina,East Tennessee State,2026-01-26T17:59:00.000Z,,3.0,Immediate
5278798,Cam,Abshire,WR,Oklahoma State,CamAbshireOklahoma State,2026,Cam,Abshire,WR,Oklahoma State,UConn,2026-01-09T19:19:00.000Z,0.84,3.0,Immediate
5281245,Akim,Lanieux,WR,Arizona State,AkimLanieuxArizona State,2026,Akim,Lanieux,WR,Arizona State,,2026-01-02T16:35:00.000Z,,,Immediate
5293573,Aeryn,Hampton,WR,Alabama,AerynHamptonAlabama,2026,Aeryn,Hampton,WR,Alabama,Oregon State,2026-01-15T22:54:01.000Z,0.85,3.0,Immediate
5293670,Keshawn,Davila,CB,Arkansas,KeshawnDavilaArkansas,2026,Keshawn,Davila,CB,Arkansas,North Texas,2026-01-07T23:11:00.000Z,0.85,3.0,Immediate
5293673,Frank,Mulipola,DL,Arkansas,FrankMulipolaArkansas,2026,Frank,Mulipola,DL,Arkansas,,2026-01-16T22:16:00.000Z,,,Immediate
5293674,Shaq,McRoy,OL,Arkansas,ShaqMcRoyArkansas,2026,Shaq,McRoy,OT,Arkansas,North Carolina,2026-01-09T15:08:37.000Z,0.86,3.0,Immediate
5293675,Bubba,Craig,OL,Arkansas,BubbaCraigArkansas,2026,Bubba,Craig,IOL,Arkansas,Old Dominion,2026-02-04T16:32:00.000Z,0.85,3.0,Immediate
5293821,Scrap,Richardson,CB,Notre Dame,ScrapRichardsonNotre Dame,2026,Scrap,Richardson,WR,Notre Dame,Auburn,2026-01-16T20:43:00.000Z,0.87,3.0,Immediate
5293891,Devin,Davis,OL,Charlotte,DevinDavisCharlotte,2026,Devin,Davis,IOL,Charlotte,South Florida,2026-01-15T17:32:00.000Z,0.81,3.0,TBD
5293901,Key,Crowell,DB,East Carolina,KeyCrowellEast Carolina,2026,Key,Crowell,CB,East Carolina,Illinois State,2026-01-18T14:17:00.000Z,,,Immediate
5293908,Leivi,Semaia,OL,East Carolina,LeiviSemaiaEast Carolina,2026,Leivi,Semaia,IOL,East Carolina,Midwestern State,2026-01-27T02:41:00.000Z,,2.0,Immediate
5293964,Josh,Schell,DT,Tennessee,JoshSchellTennessee,2026,Josh,Schell,DL,Tennessee,UCF,2026-01-11T00:34:00.000Z,0.83,3.0,Immediate
5294023,Tyler,Brown,DE,Auburn,TylerBrownAuburn,2026,Tyler,Brown,EDGE,Auburn,,2026-01-16T15:36:00.000Z,,,Immediate
5294063,Tre,Richardson,WR,Vanderbilt,TreRichardsonVanderbilt,2026,Tre,Richardson,WR,Vanderbilt,Louisville,2026-01-09T15:06:00.000Z,0.93,4.0,Immediate
5294075,Ja'Elyne,Matthews,OL,Florida State,Ja'ElyneMatthewsFlorida State,2026,Ja'Elyne,Matthews,OT,Florida State,Mississippi State,2026-01-09T01:54:00.000Z,0.86,3.0,Immediate
5294077,Tyeland,Coleman,DT,Florida State,TyelandColemanFlorida State,2026,Tyeland,Coleman,DL,Florida State,Arkansas State,2026-01-13T03:00:00.000Z,0.85,3.0,Immediate
5294118,Jorge,Diaz Nicolas,PK,Virginia,JorgeDiaz NicolasVirginia,2026,Jorge,Diaz Nicolas,K,Virginia,Marshall,2026-01-21T20:26:00.000Z,,,Immediate
5294143,Cade,Trotter,QB,Clemson,CadeTrotterClemson,2026,Cade,Trotter,QB,Clemson,,2026-01-16T20:41:00.000Z,,,Immediate
5294283,Zavion,Hardy,DL,South Carolina,ZavionHardySouth Carolina,2026,Zavion,Hardy,DL,South Carolina,Baylor,2026-01-11T15:40:00.000Z,0.85,3.0,Immediate
5294292,Phoenix,Derichsweiler,LS,Tulane,PhoenixDerichsweilerTulane,2026,Phoenix,Derichsweiler,LS,Tulane,Rice,2026-01-09T22:30:00.000Z,,,Immediate
5294293,Javin,Gordon,RB,Tulane,JavinGordonTulane,2026,Javin,Gordon,RB,Tulane,Tennessee,2026-01-17T17:31:00.000Z,0.86,3.0,Immediate
5294294,Ananias,Harris,OL,Tulane,AnaniasHarrisTulane,2026,Ananias,Harris,OT,Tulane,,2025-12-25T04:37:00.000Z,,,Immediate
5294316,Marquis,Lane-Owens,LB,App State,MarquisLane-OwensApp State,2026,Marquis,Lane-Owens,LB,App State,South Carolina State,2026-01-17T19:59:00.000Z,,,Immediate
5294318,Jacob,Poff,LS,App State,JacobPoffApp State,2026,Jacob,Poff,LS,App State,North Texas,2026-01-07T23:12:00.000Z,,,Immediate
5294435,Robert,Meyer,PK,Missouri,RobertMeyerMissouri,2026,Robert,Meyer,K,Missouri,UC Davis,2026-02-04T02:30:00.000Z,,,Immediate
5294438,Jemyri,Davis,WR,Kansas State,JemyriDavisKansas State,2026,Jemyri,Davis,WR,Kansas State,Memphis,2026-01-21T20:19:00.000Z,0.85,3.0,Immediate
5294446,Trey,Hall,RB,Ole Miss,TreyHallOle Miss,2026,Trey,Hall,RB,Ole Miss,Old Dominion,2026-01-17T05:25:00.000Z,0.84,3.0,Immediate
5294521,Cody,Sigler,DL,Arkansas State,CodySiglerArkansas State,2026,Cody,Sigler,DL,Arkansas State,Auburn,2026-01-08T20:23:00.000Z,0.84,3.0,Immediate
5294561,Austin,Alexander,LB,North Carolina,AustinAlexanderNorth Carolina,2026,Austin,Alexander,EDGE,North Carolina,Western Michigan,2026-01-21T16:23:00.000Z,0.86,3.0,Immediate
5294648,Montrell,Chapman,LB,Mississippi State,MontrellChapmanMississippi State,2026,Montrell,Chapman,LB,Mississippi State,Old Dominion,2026-01-18T20:48:00.000Z,0.83,3.0,Immediate
5294651,Nathan,Tiyce,P,Mississippi State,NathanTiyceMississippi State,2026,Nathan,Tiyce,P,Mississippi State,Penn State,2026-01-12T16:05:00.000Z,0.83,3.0,Immediate
5294658,Emeka,Iloh,TE,Mississippi State,EmekaIlohMississippi State,2026,Emeka,Iloh,TE,Mississippi State,,2025-12-17T00:13:00.000Z,,3.0,Immediate
5295049,Jaylen,Webb,DB,Boise State,JaylenWebbBoise State,2026,Jaylen,Webb,S,Boise State,Nevada,2026-01-12T18:08:16.000Z,0.86,3.0,Immediate
5295050,Ja'Bree,Bickham,S,Boise State,Ja'BreeBickhamBoise State,2026,Ja'Bree,Bickham,S,Boise State,North Texas,2026-01-12T21:08:00.000Z,0.86,3.0,Immediate
5295066,Brec,Long,TE,South Alabama,BrecLongSouth Alabama,2026,Brec,Long,TE,South Alabama,North Texas,2026-01-13T14:30:00.000Z,0.81,3.0,Immediate
5295073,Bubba,Thompson,QB,South Alabama,BubbaThompsonSouth Alabama,2026,Bubba,Thompson,QB,South Alabama,West Florida,2026-01-14T02:44:00.000Z,,3.0,Immediate
5295181,Markus,Boswell,LB,Akron,MarkusBoswellAkron,2026,Markus,Boswell,LB,Akron,Texas,2026-01-16T16:12:00.000Z,0.85,3.0,Immediate
5295184,Maasai,King,OL,Akron,MaasaiKingAkron,2026,Maasai,King,OT,Akron,Iowa State,2026-01-04T19:08:00.000Z,0.86,3.0,Immediate
5295191,Julien,Laventure,DL,Akron,JulienLaventureAkron,2026,Julien,Laventure,DL,Akron,Texas Tech,2026-01-05T04:43:00.000Z,0.83,3.0,Immediate
5295201,Monjaro,Senegal,OL,Colorado State,MonjaroSenegalColorado State,2026,Monjaro,Senegal,OT,Colorado State,UTSA,2026-01-07T23:21:00.000Z,,,Immediate
5295220,Josiah,Ayon,WR,Fresno State,JosiahAyonFresno State,2026,Josiah,Ayon,WR,Fresno State,,2025-12-14T21:48:00.000Z,,,Immediate
5295223,Jack,Metzler,DL,Fresno State,JackMetzlerFresno State,2026,Jack,Metzler,EDGE,Fresno State,,2025-12-18T04:26:00.000Z,,2.0,Immediate
5295238,Luke,Weaver,QB,Hawai'i,LukeWeaverHawai'i,2026,Luke,Weaver,QB,Hawai'i,San José State,2026-01-09T18:32:00.000Z,,3.0,Immediate
5295243,Billy,Gowers,P,Hawai'i,BillyGowersHawai'i,2026,Billy,Gowers,P,Hawai'i,Indiana,2026-01-07T20:00:00.000Z,,,Immediate
5295267,Ace,Ciongoli,WR,Indiana,AceCiongoliIndiana,2026,Ace,Ciongoli,WR,Indiana,Florida,2026-01-21T02:44:00.000Z,0.8,3.0,Immediate
5295270,Bruno,Massel IV,WR,Indiana,BrunoMassel IVIndiana,2026,Bruno,Massel IV,WR,Indiana,,2026-01-22T13:38:00.000Z,,,Withdrawn
5295304,Carter,Jula,P,UNLV,CarterJulaUNLV,2026,Carter,Jula,P,UNLV,Florida State,2026-01-19T13:21:00.000Z,,,Immediate
5295327,Loren,Hall,DB,Florida Atlantic,LorenHallFlorida Atlantic,2026,Loren,Hall,S,Florida Atlantic,LIU Post,2026-02-02T20:56:00.000Z,,,Immediate
5295339,Kyle,Ferm,LB,SMU,KyleFermSMU,2026,Kyle,Ferm,LB,SMU,Liberty,2026-01-08T04:14:34.000Z,0.83,3.0,Immediate
5295342,Nolan,Akins,LS,SMU,NolanAkinsSMU,2026,Nolan,Akins,LS,SMU,Oklahoma State,2026-01-04T01:16:00.000Z,,,Immediate
5295344,Devon,Martin,TE,SMU,DevonMartinSMU,2026,Devon,Martin,TE,SMU,,2026-01-17T05:39:00.000Z,,3.0,Immediate
5295365,Lachlan,Carrigan,P,Memphis,LachlanCarriganMemphis,2026,Lachlan,Carrigan,P,Memphis,USC,2026-01-09T02:51:13.000Z,,,Immediate
5295366,Matt,Adcock,TE,Memphis,MattAdcockMemphis,2026,Matt,Adcock,TE,Memphis,Arkansas,2026-01-08T18:19:00.000Z,0.86,3.0,Immediate
5295368,Le'Kell,McGowan,DL,Memphis,Le'KellMcGowanMemphis,2026,Le'Kell,McGowan,EDGE,Memphis,UL Monroe,2026-01-18T06:02:00.000Z,0.85,3.0,Immediate
5295371,Bryce,Anderson,TE,Memphis,BryceAndersonMemphis,2026,Bryce,Anderson,TE,Memphis,UL Monroe,2026-01-22T22:21:00.000Z,0.86,3.0,Immediate
5295381,Brady,McDonough,QB,Navy,BradyMcDonoughNavy,2026,Brady,McDonough,QB,Navy,Georgetown,2026-01-10T19:11:00.000Z,,2.0,Immediate
5295446,Raphael,Greene-Nyarko,OL,Toledo,RaphaelGreene-NyarkoToledo,2026,Raphael,Greene-Nyarko,IOL,Toledo,UConn,2026-01-24T07:38:00.000Z,0.85,3.0,Immediate
5295448,DJ,Kelly,CB,Toledo,DJKellyToledo,2026,DJ,Kelly,CB,Toledo,James Madison,2026-01-11T16:14:00.000Z,,3.0,Immediate
5295450,Sean,Persson,TE,Toledo,SeanPerssonToledo,2026,Sean,Persson,TE,Toledo,UAB,2026-01-14T18:13:00.000Z,0.82,3.0,Immediate
5295453,DJ,Hill-Smith,S,New Mexico State,DJHill-SmithNew Mexico State,2026,DJ,Hill-Smith,S,New Mexico State,,2025-12-05T20:55:00.000Z,,3.0,Immediate
5295455,Jackson,Owens,WR,New Mexico State,JacksonOwensNew Mexico State,2026,Jackson,Owens,WR,New Mexico State,,2026-01-02T17:00:00.000Z,,2.0,Immediate
5295461,Tory,Gethers,LB,New Mexico State,ToryGethersNew Mexico State,2026,Tory,Gethers,LB,New Mexico State,,2026-01-27T01:56:57.000Z,0.84,3.0,Withdrawn
5295463,Stilton,McKelvey,CB,New Mexico State,StiltonMcKelveyNew Mexico State,2026,Stilton,McKelvey,CB,New Mexico State,Baylor,2026-01-11T21:55:00.000Z,,,Immediate
5295473,Armando,Nieves,OL,New Mexico State,ArmandoNievesNew Mexico State,2026,Armando,Nieves,OT,New Mexico State,South Carolina,2026-01-14T15:09:00.000Z,0.86,3.0,Immediate
5295474,Gianni,Edwards,DB,Arizona,GianniEdwardsArizona,2026,Gianni,Edwards,CB,Arizona,Montana State,2026-02-02T17:57:00.000Z,,3.0,Immediate
5295477,Siale,Uluave,OL,Arizona,SialeUluaveArizona,2026,Siale,Uluave,IOL,Arizona,,2026-01-08T01:09:00.000Z,,3.0,Immediate
5295485,Apisa,Poumele,OL,Central Michigan,ApisaPoumeleCentral Michigan,2026,Apisa,Poumele,IOL,Central Michigan,Coastal Carolina,2026-01-17T15:42:00.000Z,0.85,3.0,Immediate
5295527,Zavian,Dilworth,DB,Eastern Michigan,ZavianDilworthEastern Michigan,2026,Zavian,Dilworth,CB,Eastern Michigan,,2026-01-02T16:59:00.000Z,,2.0,Immediate
5295530,Braden,Laux,TE,Eastern Michigan,BradenLauxEastern Michigan,2026,Braden,Laux,TE,Eastern Michigan,,2025-12-08T06:00:00.000Z,,3.0,Immediate
5295538,CJ,Bell Jr.,DB,Iowa,CJBell Jr.Iowa,2026,CJ,Bell Jr.,CB,Iowa,UConn,2026-01-24T08:03:00.000Z,0.85,3.0,Immediate
5295583,Xion,Chapman,DL,Florida International,XionChapmanFlorida International,2026,Xion,Chapman,DL,Florida International,Minnesota,2026-01-10T17:42:00.000Z,0.92,4.0,Immediate
5295586,Kenton,Simmons,DE,Florida International,KentonSimmonsFlorida International,2026,Kenton,Simmons,EDGE,Florida International,,2026-01-17T15:51:00.000Z,,,Withdrawn
5295591,Junior,Diallo,OL,Kent State,JuniorDialloKent State,2026,Junior,Diallo,OT,Kent State,Tennessee Tech,2026-01-30T04:18:22.000Z,0.84,3.0,Immediate
5295614,Kyle,Carpenter,CB,Colorado,KyleCarpenterColorado,2026,Kyle,Carpenter,CB,Colorado,,2026-01-02T16:56:00.000Z,,,Immediate
5295615,Noah,King,CB,Colorado,NoahKingColorado,2026,Noah,King,CB,Colorado,Sacramento State,2026-01-20T23:49:00.000Z,0.86,3.0,Immediate
5295656,Rashawn,Rogers,OL,Michigan State,RashawnRogersMichigan State,2026,Rashawn,Rogers,OT,Michigan State,Ferris State,2026-01-09T22:14:00.000Z,,,Immediate
5295660,Jack,Wills,LS,Michigan State,JackWillsMichigan State,2026,Jack,Wills,LS,Michigan State,Nebraska,2026-01-11T22:22:00.000Z,0.83,3.0,Immediate
5295665,Jack,Cassidy,PK,Western Kentucky,JackCassidyWestern Kentucky,2026,Jack,Cassidy,K,Western Kentucky,West Virginia,2026-01-11T20:42:00.000Z,0.84,3.0,Immediate
5295666,Branden,Hollis,OL,Western Kentucky,BrandenHollisWestern Kentucky,2026,Branden,Hollis,OT,Western Kentucky,,2025-12-01T21:32:00.000Z,,,Immediate
5295667,Kennon,Loftin,LB,Western Kentucky,KennonLoftinWestern Kentucky,2026,Kennon,Loftin,LB,Western Kentucky,,2025-12-15T21:33:00.000Z,,3.0,Immediate
5295669,Konner,Olson,PK,Western Kentucky,KonnerOlsonWestern Kentucky,2026,Konner,Olson,K,Western Kentucky,New Mexico,2026-01-20T17:32:43.000Z,0.8,3.0,Immediate
5295743,Ziggy,Loa,DE,UL Monroe,ZiggyLoaUL Monroe,2026,Ziggy,Loa,EDGE,UL Monroe,Northern Arizona,2026-01-20T14:02:00.000Z,,,Immediate
5295750,D'Mariun,Perteet,RB,Coastal Carolina,D'MariunPerteetCoastal Carolina,2026,D'Mariun,Perteet,RB,Coastal Carolina,Charlotte,2026-01-11T18:43:00.000Z,0.8,3.0,Immediate
5295751,Larell,Howling,S,Coastal Carolina,LarellHowlingCoastal Carolina,2026,Larell,Howling,CB,Coastal Carolina,UL Monroe,2026-01-22T22:22:00.000Z,0.84,3.0,Immediate
5295752,Noah,Gibson,CB,Coastal Carolina,NoahGibsonCoastal Carolina,2026,Noah,Gibson,CB,Coastal Carolina,,2026-01-08T16:06:00.000Z,,,Immediate
5295753,Fredd,Adams,CB,Coastal Carolina,FreddAdamsCoastal Carolina,2026,Fredd,Adams,CB,Coastal Carolina,Tarleton State,2026-01-12T22:26:00.000Z,,2.0,Immediate
5295759,Jon,Hunt,QB,Coastal Carolina,JonHuntCoastal Carolina,2026,Jon,Hunt,QB,Coastal Carolina,,2026-01-01T19:21:00.000Z,,,Immediate
5295760,Walt,Gray,LB,Coastal Carolina,WaltGrayCoastal Carolina,2026,Walt,Gray,EDGE,Coastal Carolina,Incarnate Word,2026-01-27T20:07:04.000Z,,2.0,Immediate
5295765,Josh,Humes,TE,Coastal Carolina,JoshHumesCoastal Carolina,2026,Josh,Humes,TE,Coastal Carolina,Delaware,2026-01-22T22:07:00.000Z,0.79,2.0,Immediate
5295766,Jordan,Mack,DE,Coastal Carolina,JordanMackCoastal Carolina,2026,Jordan,Mack,DL,Coastal Carolina,Baylor,2026-01-16T15:44:00.000Z,0.86,3.0,Immediate
5295769,Deuce,Fillmore,DB,Georgia State,DeuceFillmoreGeorgia State,2026,Deuce,Fillmore,CB,Georgia State,Illinois,2026-01-10T01:25:31.000Z,0.84,3.0,Immediate
5295772,Jabriel,Rhodes-Nelson,DE,Georgia State,JabrielRhodes-NelsonGeorgia State,2026,Jabriel,Rhodes-Nelson,EDGE,Georgia State,,2025-12-09T10:45:00.000Z,0.85,3.0,Immediate
5295775,Kedrick,Walker,LB,Georgia State,KedrickWalkerGeorgia State,2026,Kedrick,Walker,LB,Georgia State,Baylor,2026-01-12T15:40:38.000Z,0.84,3.0,Immediate
5295788,Jeff,Burton,OL,Georgia State,JeffBurtonGeorgia State,2026,Jeff,Burton,IOL,Georgia State,Austin Peay,2026-01-14T10:19:20.000Z,,,Immediate
5295791,Jaden,Roper,DT,Georgia State,JadenRoperGeorgia State,2026,Jaden,Roper,DL,Georgia State,Bryant,2026-01-18T00:07:45.000Z,,3.0,Immediate
5295794,JT,Kouame-Yao,LB,James Madison,JTKouame-YaoJames Madison,2026,JT,Kouame-Yao,LB,James Madison,,2026-01-17T05:27:00.000Z,,,Immediate
5295858,Jaquez,White,CB,Troy,JaquezWhiteTroy,2026,Jaquez,White,CB,Troy,Virginia Tech,2026-01-07T18:01:00.000Z,0.86,3.0,Immediate
5295860,DJ,Jackson Jr.,DE,Troy,DJJackson Jr.Troy,2026,DJ,Jackson Jr.,EDGE,Troy,Oklahoma State,2026-01-10T01:10:00.000Z,0.85,3.0,Immediate
5295888,Devarrick,Woods,DT,Texas State,DevarrickWoodsTexas State,2026,Devarrick,Woods,DL,Texas State,Clemson,2026-01-17T05:13:00.000Z,0.86,3.0,Immediate
5295900,Dylan,King,S,Southern Miss,DylanKingSouthern Miss,2026,Dylan,King,S,Southern Miss,Memphis,2026-01-05T18:13:00.000Z,,3.0,Immediate
5295917,Keshawn,Thomas,LB,Old Dominion,KeshawnThomasOld Dominion,2026,Keshawn,Thomas,LB,Old Dominion,App State,2026-01-09T01:16:00.000Z,0.85,3.0,Immediate
5295920,Ja'Cory,Thomas,WR,Old Dominion,Ja'CoryThomasOld Dominion,2026,Ja'Cory,Thomas,WR,Old Dominion,Vanderbilt,2026-01-12T19:08:00.000Z,0.9,4.0,Immediate
5295926,Marco,Tyson,S,Old Dominion,MarcoTysonOld Dominion,2026,Marco,Tyson,S,Old Dominion,Stephen F. Austin,2026-02-02T03:08:00.000Z,,2.0,Immediate
5295928,CJ,Floyd,S,Old Dominion,CJFloydOld Dominion,2026,CJ,Floyd,S,Old Dominion,,2025-12-20T05:34:00.000Z,,3.0,Immediate
5295930,Trequan,Jones,RB,Old Dominion,TrequanJonesOld Dominion,2026,Trequan,Jones,RB,Old Dominion,Tulsa,2026-01-26T20:04:00.000Z,0.86,3.0,Immediate
5295932,Zach,Hobson,CB,Old Dominion,ZachHobsonOld Dominion,2026,Zach,Hobson,CB,Old Dominion,Akron,2026-01-19T18:19:00.000Z,0.82,3.0,Immediate
5295950,Aden,Willis,DB,Marshall,AdenWillisMarshall,2026,Aden,Willis,CB,Marshall,,2026-01-20T15:00:00.000Z,,,Immediate
5295951,Gavin,Magorien,LS,Marshall,GavinMagorienMarshall,2026,Gavin,Magorien,LS,Marshall,,2026-01-14T15:06:00.000Z,,,Immediate
5295952,Henry,Harden,OL,Marshall,HenryHardenMarshall,2026,Henry,Harden,IOL,Marshall,,2026-01-02T15:46:00.000Z,,,Immediate
5295954,Naquan,Crowder,DL,Marshall,NaquanCrowderMarshall,2026,Naquan,Crowder,DL,Marshall,Minnesota,2026-01-05T21:57:00.000Z,0.86,3.0,Immediate
5295958,Lorcan,Quinn,PK,Marshall,LorcanQuinnMarshall,2026,Lorcan,Quinn,K,Marshall,Alabama,2026-01-12T20:45:00.000Z,0.84,3.0,Immediate
5295977,Houston,Ka'aha'aina-Torres,OL,Nebraska,HoustonKa'aha'aina-TorresNebraska,2026,Houston,Ka'aha'aina-Torres,IOL,Nebraska,Michigan,2026-01-12T21:34:10.000Z,0.86,3.0,Immediate
5296013,Mark,Wiepert,QB,Oregon,MarkWiepertOregon,2026,Mark,Wiepert,QB,Oregon,UTSA,2026-07-07T02:47:00.000Z,,3.0,Immediate
5296021,Traevon,Mitchell,DT,South Florida,TraevonMitchellSouth Florida,2026,Traevon,Mitchell,DL,South Florida,,2025-12-20T21:52:00.000Z,0.84,3.0,Immediate
5296026,Khalil,Walker,OL,South Florida,KhalilWalkerSouth Florida,2026,Khalil,Walker,IOL,South Florida,Hawai'i,2026-01-22T03:59:00.000Z,0.85,3.0,Immediate
5296027,Christian,Neptune,WR,South Florida,ChristianNeptuneSouth Florida,2026,Christian,Neptune,WR,South Florida,Auburn,2026-01-04T23:23:00.000Z,0.86,3.0,Immediate
5296040,Elijah,Lagg,TE,UAB,ElijahLaggUAB,2026,Elijah,Lagg,TE,UAB,Pittsburgh,2026-01-10T23:40:00.000Z,0.84,3.0,Immediate
5296055,Jimmy,Johnsen,OL,Purdue,JimmyJohnsenPurdue,2026,Jimmy,Johnsen,IOL,Purdue,,2025-12-29T22:38:00.000Z,,,Immediate
5296126,Jonah,Martinez,CB,TCU,JonahMartinezTCU,2026,Jonah,Martinez,CB,TCU,Southern Miss,2026-01-19T21:15:00.000Z,0.86,3.0,Immediate
5296138,Chris,Jones Jr.,DL,Louisville,ChrisJones Jr.Louisville,2026,Chris,Jones Jr.,DL,Louisville,,2026-01-07T19:03:00.000Z,,,Withdrawn
5296141,Matt,McKenzie,P,Arizona State,MattMcKenzieArizona State,2026,Matt,McKenzie,P,Arizona State,Kennesaw State,2026-01-21T21:18:00.000Z,,,Immediate
5296144,Jasper,Beeler,S,Northern Illinois,JasperBeelerNorthern Illinois,2026,Jasper,Beeler,S,Northern Illinois,Cincinnati,2026-01-06T20:31:00.000Z,0.86,3.0,Immediate
5296150,DeAree,Rogers,WR,Northern Illinois,DeAreeRogersNorthern Illinois,2026,DeAree,Rogers,WR,Northern Illinois,,2025-12-01T16:00:00.000Z,0.86,3.0,Immediate
5296162,Devin,Miles,RB,Western Michigan,DevinMilesWestern Michigan,2026,Devin,Miles,RB,Western Michigan,,2026-01-02T15:53:00.000Z,,,Immediate
5296163,Brady,Jones,QB,Western Michigan,BradyJonesWestern Michigan,2026,Brady,Jones,QB,Western Michigan,Oregon State,2026-01-18T22:13:00.000Z,0.84,3.0,Immediate
5296205,Tyler,Brumfield,OL,Oklahoma State,TylerBrumfieldOklahoma State,2026,Tyler,Brumfield,OT,Oklahoma State,Eastern Michigan,2026-01-14T16:30:00.000Z,0.86,3.0,Immediate
5296208,Carrington,Pierce,CB,Oklahoma State,CarringtonPierceOklahoma State,2026,Carrington,Pierce,CB,Oklahoma State,USC,2025-12-14T21:32:00.000Z,0.8,3.0,Immediate
5296209,Mason,Schubert,QB,Oklahoma State,MasonSchubertOklahoma State,2026,Mason,Schubert,QB,Oklahoma State,,2025-12-11T01:54:00.000Z,,,Immediate
5296210,Carson,Su'esu'e,TE,Oklahoma State,CarsonSu'esu'eOklahoma State,2026,Carson,Su'esu'e,TE,Oklahoma State,New Mexico State,2026-01-12T21:47:00.000Z,0.85,3.0,Immediate
5296212,Zay,Robinson,WR,Iowa State,ZayRobinsonIowa State,2026,Zay,Robinson,WR,Iowa State,Penn State,2026-01-05T21:31:00.000Z,0.85,3.0,Immediate
5296214,Hunter,Sowell,CB,Iowa State,HunterSowellIowa State,2026,Hunter,Sowell,S,Iowa State,Penn State,2026-01-05T17:27:00.000Z,0.84,3.0,Immediate
5296217,Markell,Chapman,DL,Iowa State,MarkellChapmanIowa State,2026,Markell,Chapman,DL,Iowa State,Missouri State,2026-01-10T21:57:00.000Z,0.83,3.0,Immediate
5296238,Henry,Searcy,LS,Pittsburgh,HenrySearcyPittsburgh,2026,Henry,Searcy,LS,Pittsburgh,Charlotte,2026-01-12T20:06:00.000Z,0.8,3.0,Immediate
5296243,Trey,Butkowski,PK,Pittsburgh,TreyButkowskiPittsburgh,2026,Trey,Butkowski,K,Pittsburgh,Michigan,2026-01-08T15:14:25.000Z,,3.0,Immediate
5296247,Cyncir,Bowers,RB,West Virginia,CyncirBowersWest Virginia,2026,Cyncir,Bowers,RB,West Virginia,UConn,2026-01-10T17:39:00.000Z,,,Immediate
5296248,Kaleb,Gray,DB,West Virginia,KalebGrayWest Virginia,2026,Kaleb,Gray,S,West Virginia,Kennesaw State,2026-01-22T02:22:00.000Z,0.84,3.0,Immediate
5296250,Aidan,Stire,P,West Virginia,AidanStireWest Virginia,2026,Aidan,Stire,P,West Virginia,Akron,2026-01-14T01:06:00.000Z,0.8,3.0,Immediate
5296252,Keenan,Eck,LB,West Virginia,KeenanEckWest Virginia,2026,Keenan,Eck,EDGE,West Virginia,,2026-01-03T01:25:00.000Z,,3.0,Immediate
5296253,Elijah,Simmons,DL,West Virginia,ElijahSimmonsWest Virginia,2026,Elijah,Simmons,DL,West Virginia,Florida International,2026-01-15T00:19:00.000Z,0.81,3.0,Immediate
5296344,Micah,Pryor,DT,Delaware,MicahPryorDelaware,2026,Micah,Pryor,DL,Delaware,,2025-12-11T20:14:00.000Z,,,Immediate
5296350,Zedekiah,Anahu-Ambrosio,WR,Nevada,ZedekiahAnahu-AmbrosioNevada,2026,Zedekiah,Anahu-Ambrosio,WR,Nevada,Idaho State,2026-02-01T01:00:00.000Z,,3.0,Immediate
5296357,Ailama,Morton,OL,Nevada,AilamaMortonNevada,2026,Ailama,Morton,IOL,Nevada,,2026-01-02T16:54:00.000Z,,3.0,Immediate
5296378,Clay,Thevenin,RB,Louisiana Tech,ClayTheveninLouisiana Tech,2026,Clay,Thevenin,RB,Louisiana Tech,Rutgers,2026-01-12T02:09:00.000Z,0.85,3.0,Immediate
5296380,Teddy,Booras,QB,Louisiana Tech,TeddyBoorasLouisiana Tech,2026,Teddy,Booras,QB,Louisiana Tech,,2025-12-06T18:51:00.000Z,,,Immediate
5296387,Sentel,Simpson,DB,Louisiana Tech,SentelSimpsonLouisiana Tech,2026,Sentel,Simpson,S,Louisiana Tech,,2026-01-08T16:01:00.000Z,,3.0,Immediate
5296407,Nahzae,Cox,WR,Middle Tennessee,NahzaeCoxMiddle Tennessee,2026,Nahzae,Cox,WR,Middle Tennessee,Kansas,2026-01-12T03:23:00.000Z,0.86,3.0,Immediate
5296413,Elijah,Hunter Jr.,CB,Middle Tennessee,ElijahHunter Jr.Middle Tennessee,2026,Elijah,Hunter Jr.,CB,Middle Tennessee,,2025-12-07T19:58:00.000Z,,3.0,Immediate
5296438,Tristian,Gardner,WR,Missouri State,TristianGardnerMissouri State,2026,Tristian,Gardner,WR,Missouri State,Coastal Carolina,2026-01-10T20:19:34.000Z,0.86,3.0,Immediate
5296461,Devan,Lowe,DL,Georgia Southern,DevanLoweGeorgia Southern,2026,Devan,Lowe,DL,Georgia Southern,Memphis,2026-01-07T14:32:19.000Z,,3.0,Immediate
5296465,Jesiah,Cornwell,TE,Washington State,JesiahCornwellWashington State,2026,Jesiah,Cornwell,TE,Washington State,,2025-12-17T16:43:00.000Z,,,Immediate
5296471,Cameron,Weir,WR,Washington State,CameronWeirWashington State,2026,Cameron,Weir,WR,Washington State,North Dakota,2026-01-09T06:01:00.000Z,,,Immediate
5296563,Will,Weber,DL,UTEP,WillWeberUTEP,2026,Will,Weber,DL,UTEP,Sacramento State,2026-01-20T22:46:00.000Z,0.8,3.0,Immediate
5296566,Dennis,Lafferty,OL,UTEP,DennisLaffertyUTEP,2026,Dennis,Lafferty,OT,UTEP,,2026-01-03T03:06:00.000Z,,,Immediate
5296567,Mark,Robinson,OL,UTEP,MarkRobinsonUTEP,2026,Mark,Robinson,OT,UTEP,Kentucky,2026-01-11T23:02:00.000Z,0.85,3.0,Immediate
5296568,James,Williams,OL,UTEP,JamesWilliamsUTEP,2026,James,Williams,IOL,UTEP,New Mexico State,2026-01-18T15:58:00.000Z,0.84,3.0,Immediate
5296571,Toric,Goins Jr.,WR,UTEP,ToricGoins Jr.UTEP,2026,Toric,Goins Jr.,WR,UTEP,,2026-01-02T18:35:00.000Z,,2.0,Immediate
5296579,Kendall,Bournes,S,Massachusetts,KendallBournesMassachusetts,2026,Kendall,Bournes,S,Massachusetts,,2026-01-30T04:23:54.000Z,0.82,3.0,Withdrawn
5296580,Jenoa,Alford,WR,Massachusetts,JenoaAlfordMassachusetts,2026,Jenoa,Alford,WR,Massachusetts,,2026-01-04T20:33:00.000Z,,,Immediate
5296589,Isaiah,Blair,WR,New Mexico,IsaiahBlairNew Mexico,2026,Isaiah,Blair,WR,New Mexico,,2025-12-31T23:59:00.000Z,,,Immediate
5296606,Daniel,Hughes,P,New Mexico,DanielHughesNew Mexico,2026,Daniel,Hughes,P,New Mexico,Florida State,2026-01-08T17:31:00.000Z,,,Immediate
5296611,JT,Taylor,CB,San José State,JTTaylorSan José State,2026,JT,Taylor,CB,San José State,Eastern Washington,2026-01-30T23:11:24.000Z,,3.0,Immediate
5296612,Steve,Chavez-Soto,RB,San José State,SteveChavez-SotoSan José State,2026,Steve,Chavez-Soto,RB,San José State,Utah,2026-01-13T02:37:00.000Z,0.88,3.0,Immediate
5296627,Patrick,Broadway II,RB,Wyoming,PatrickBroadway IIWyoming,2026,Patrick,Broadway II,RB,Wyoming,,2025-12-08T03:30:00.000Z,,3.0,Immediate
5296819,JaMair,Diaz,LB,Sam Houston,JaMairDiazSam Houston,2026,JaMair,Diaz,LB,Sam Houston,Temple,2026-01-06T15:51:00.000Z,,,Immediate
5296826,Curtis,Gerrand,P,Sam Houston,CurtisGerrandSam Houston,2026,Curtis,Gerrand,P,Sam Houston,UCLA,2026-01-10T12:50:00.000Z,,,Immediate
5297056,Kone,Aumua-Uiagalelei,DT,Utah State,KoneAumua-UiagaleleiUtah State,2026,Kone,Aumua-Uiagalelei,DL,Utah State,,2026-01-05T20:06:00.000Z,,2.0,Immediate
5297073,Zachary,Robbins,P,Utah State,ZacharyRobbinsUtah State,2026,Zachary,Robbins,P,Utah State,Minnesota,2026-01-07T03:49:00.000Z,,,Immediate
5297108,Breck,Chambers,P,UTSA,BreckChambersUTSA,2026,Breck,Chambers,P,UTSA,Stephen F. Austin,2026-01-17T00:41:00.000Z,,3.0,Immediate
5297111,Mike,Williams Jr.,DL,UTSA,MikeWilliams Jr.UTSA,2026,Mike,Williams Jr.,DL,UTSA,Marshall,2026-01-11T01:51:17.000Z,,3.0,Immediate
5297577,Hunter,Patterson,,West Liberty,HunterPattersonWest Liberty,2026,Hunter,Patterson,RB,West Liberty,Old Dominion,2025-12-20T03:10:00.000Z,0.86,3.0,Immediate
5297578,Junus,McGraw,CB,West Liberty,JunusMcGrawWest Liberty,2026,Junus,McGraw,CB,West Liberty,Wyoming,2026-01-06T15:43:00.000Z,,,Immediate
5297778,Eli,Coenen,DL,Illinois,EliCoenenIllinois,2026,Eli,Coenen,DL,Illinois,Michigan State,2026-01-12T16:06:00.000Z,0.86,3.0,Immediate
5297781,Ti,Mims,WR,South Alabama,TiMimsSouth Alabama,2026,Ti,Mims,WR,South Alabama,,2026-01-12T01:55:00.000Z,,3.0,Immediate
5298065,CJ,Solis-Lumar,CB,Cal Poly,CJSolis-LumarCal Poly,2026,CJ,Solis-Lumar,CB,Cal Poly,Washington State,2026-01-09T22:11:00.000Z,0.85,3.0,Immediate
5298080,Charlie,Adams,OL,Cal Poly,CharlieAdamsCal Poly,2026,Charlie,Adams,OT,Cal Poly,Kansas State,2026-01-07T18:30:00.000Z,0.83,3.0,Immediate
5298158,Joel,Kpassou,CB,Duquesne,JoelKpassouDuquesne,2026,Joel,Kpassou,CB,Duquesne,Missouri State,2026-01-11T00:43:00.000Z,0.84,3.0,Immediate
5298207,Hunter,McKee,PK,Eastern Washington,HunterMcKeeEastern Washington,2026,Hunter,McKee,K,Eastern Washington,Washington,2026-01-13T16:53:00.000Z,0.83,3.0,Immediate
5298298,Caleb,Ricks,DB,Idaho,CalebRicksIdaho,2026,Caleb,Ricks,CB,Idaho,San Diego State,2026-01-10T22:47:00.000Z,0.84,3.0,Immediate
5298403,Jaden,Haly,QB,Sacred Heart,JadenHalySacred Heart,2026,Jaden,Haly,QB,Sacred Heart,Arkansas State,2026-01-15T16:43:00.000Z,0.8,3.0,Immediate
5298496,Kelby,Hampton,CB,New Hampshire,KelbyHamptonNew Hampshire,2026,Kelby,Hampton,CB,New Hampshire,Southern Miss,2026-01-11T01:12:46.000Z,0.85,3.0,Immediate
5298725,Lonnie,Burt,,Portland State,LonnieBurtPortland State,2026,Lonnie,Burt,LB,Portland State,Eastern Illinois,2026-01-11T16:02:00.000Z,,,Immediate
5298739,Logan,Inagawa,QB,Drake,LoganInagawaDrake,2026,Logan,Inagawa,QB,Drake,Massachusetts,2026-03-06T22:09:00.000Z,0.84,3.0,Immediate
5298748,Nick,Herman,RB,Drake,NickHermanDrake,2026,Nick,Herman,RB,Drake,James Madison,2026-01-13T19:10:00.000Z,0.84,3.0,Immediate
5298816,Devaughn,Slaughter,WR,Tennessee State,DevaughnSlaughterTennessee State,2026,Devaughn,Slaughter,WR,Tennessee State,Kennesaw State,2026-01-22T02:14:00.000Z,0.82,3.0,Immediate
5298899,Chase,Hatton,S,Marist,ChaseHattonMarist,2026,Chase,Hatton,S,Marist,,2026-01-13T16:47:20.000Z,0.85,3.0,Withdrawn
5298905,Samer,Layous,PK,Marist,SamerLayousMarist,2026,Samer,Layous,K,Marist,Georgia State,2026-01-08T14:01:51.000Z,,,Immediate
5299092,Matt,Ivaldi,QB,Fordham,MattIvaldiFordham,2026,Matt,Ivaldi,QB,Fordham,,2026-01-13T20:46:00.000Z,,,Immediate
5299302,Jaelen,Nichols,LS,Campbell,JaelenNicholsCampbell,2026,Jaelen,Nichols,S,Campbell,,2025-12-07T20:29:00.000Z,,,Immediate
5299332,Kaleb,Miles,CB,East Texas A&M,KalebMilesEast Texas A&M,2026,Kaleb,Miles,CB,East Texas A&M,UTEP,2026-01-21T16:54:00.000Z,0.85,3.0,Immediate
5299462,Que,Billingsley,DB,Gardner-Webb,QueBillingsleyGardner-Webb,2026,Que,Billingsley,CB,Gardner-Webb,UAB,2026-01-11T22:57:00.000Z,,,Immediate
5299469,Josiah,Harris,S,Gardner-Webb,JosiahHarrisGardner-Webb,2026,Josiah,Harris,S,Gardner-Webb,,2026-01-11T02:32:44.000Z,0.82,3.0,Withdrawn
5299478,Cahari,Haynes,LB,Gardner-Webb,CahariHaynesGardner-Webb,2026,Cahari,Haynes,LB,Gardner-Webb,,2026-02-03T14:30:00.000Z,0.84,3.0,Withdrawn
5299485,Brady,Braun,P,Gardner-Webb,BradyBraunGardner-Webb,2026,Brady,Braun,P,Gardner-Webb,UTEP,2026-01-07T16:40:00.000Z,,,Immediate
5299519,Keith,Williams Jr.,LB,Cornell,KeithWilliams Jr.Cornell,2026,Keith,Williams Jr.,LB,Cornell,North Dakota State,2026-01-27T22:37:00.000Z,,,Immediate
5299735,Reed,Blake-Thomas,LB,Eastern Illinois,ReedBlake-ThomasEastern Illinois,2026,Reed,Blake-Thomas,LB,Eastern Illinois,East Tennessee State,2026-01-22T14:32:00.000Z,,2.0,Immediate
5299845,Vaughn,Highland,DL,Arkansas-Pine Bluff,VaughnHighlandArkansas-Pine Bluff,2026,Vaughn,Highland,DL,Arkansas-Pine Bluff,Akron,2026-01-12T16:54:00.000Z,0.84,3.0,Immediate
5299909,MJ,Moultrie II,DB,Hampton,MJMoultrie IIHampton,2026,MJ,Moultrie II,S,Hampton,Louisiana Tech,2026-01-20T21:51:00.000Z,0.83,3.0,Immediate
5299910,Nijay,Gay,DB,Hampton,NijayGayHampton,2026,Nijay,Gay,S,Hampton,,2026-05-12T02:17:12.000Z,,,Withdrawn
5299923,Andre,Jackson Jr.,CB,Hampton,AndreJackson Jr.Hampton,2026,Andre,Jackson Jr.,CB,Hampton,Western Carolina,2026-01-12T02:17:00.000Z,0.8,3.0,Immediate
5300001,Xzavier,Booker,DL,Alabama A&M,XzavierBookerAlabama A&M,2026,Xzavier,Booker,DL,Alabama A&M,Coastal Carolina,2026-01-16T21:52:00.000Z,0.85,3.0,Immediate
5300273,Carsen,Burckhardt,LB,Valparaiso,CarsenBurckhardtValparaiso,2026,Carsen,Burckhardt,LB,Valparaiso,Ball State,2026-01-21T22:10:00.000Z,0.8,3.0,Immediate
5300295,Max,Allen,LS,Mercer,MaxAllenMercer,2026,Max,Allen,LS,Mercer,Toledo,2026-01-17T22:17:00.000Z,,,Immediate
5300301,Ty,Doughty,WR,Mercer,TyDoughtyMercer,2026,Ty,Doughty,RB,Mercer,Cornell,2026-01-18T21:33:00.000Z,,2.0,Immediate
5300309,Adonis,McDaniel,WR,Mercer,AdonisMcDanielMercer,2026,Adonis,McDaniel,WR,Mercer,Oregon State,2026-01-12T16:38:22.000Z,0.85,3.0,Immediate
5300311,Markus,Meincke,P,Mercer,MarkusMeinckeMercer,2026,Markus,Meincke,P,Mercer,Toledo,2026-01-15T03:11:00.000Z,,,Immediate
5300317,KJ,Thomas,CB,Mercer,KJThomasMercer,2026,KJ,Thomas,CB,Mercer,Toledo,2026-01-20T21:57:00.000Z,0.85,3.0,Immediate
5300327,Kamari,Todd,CB,Chattanooga,KamariToddChattanooga,2026,Kamari,Todd,CB,Chattanooga,Auburn,2026-01-15T16:04:00.000Z,0.85,3.0,Immediate
5300364,Brandon,Jones,S,McNeese,BrandonJonesMcNeese,2026,Brandon,Jones,S,McNeese,North Texas,2026-01-10T00:55:00.000Z,,3.0,Immediate
5300482,Evan,James,WR,Furman,EvanJamesFurman,2026,Evan,James,WR,Furman,Iowa,2026-01-11T14:13:00.000Z,0.85,3.0,Immediate
5300511,Luke,Clyburn,TE,Furman,LukeClyburnFurman,2026,Luke,Clyburn,TE,Furman,South Florida,2026-01-12T16:04:00.000Z,,,Immediate
5300543,Sam,Pickett III,WR,Samford,SamPickett IIISamford,2026,Sam,Pickett III,WR,Samford,App State,2026-01-08T02:43:00.000Z,0.82,3.0,Immediate
5300721,Alex,Weeks,P,Northern Arizona,AlexWeeksNorthern Arizona,2026,Alex,Weeks,P,Northern Arizona,Michigan State,2026-01-19T17:09:00.000Z,,,Immediate
5300740,Ky,Wilson,WR,Youngstown State,KyWilsonYoungstown State,2026,Ky,Wilson,WR,Youngstown State,UConn,2026-01-09T03:05:00.000Z,,,Immediate
5300741,Justin,Wimpye,DB,Youngstown State,JustinWimpyeYoungstown State,2026,Justin,Wimpye,CB,Youngstown State,Austin Peay,2026-01-25T21:52:00.000Z,0.83,3.0,Immediate
5300775,Sincere,Baines,RB,Maine,SincereBainesMaine,2026,Sincere,Baines,RB,Maine,Western Kentucky,2026-01-08T04:23:26.000Z,0.84,3.0,Immediate
5300797,Elias,Sherman,DT,Maine,EliasShermanMaine,2026,Elias,Sherman,DL,Maine,Arkansas State,2026-01-09T16:26:00.000Z,,,Immediate
5300926,TJ,Lester,RB,West Georgia,TJLesterWest Georgia,2026,TJ,Lester,RB,West Georgia,Marshall,2026-01-08T16:16:00.000Z,0.83,3.0,Immediate
5300978,Lamont,Lester Jr.,DL,Monmouth,LamontLester Jr.Monmouth,2026,Lamont,Lester Jr.,EDGE,Monmouth,Colorado,2026-01-04T05:54:00.000Z,0.86,3.0,Immediate
5301046,Dontae,Robinson,WR,Sacramento State,DontaeRobinsonSacramento State,2026,Dontae,Robinson,TE,Sacramento State,Central Michigan,2026-01-15T21:09:00.000Z,0.8,3.0,Immediate
5301050,Micah,Mosley,DL,Sacramento State,MicahMosleySacramento State,2026,Micah,Mosley,EDGE,Sacramento State,Fresno State,2026-01-04T20:12:00.000Z,,3.0,Immediate
5301052,Nash,Burkart,S,Sacramento State,NashBurkartSacramento State,2026,Nash,Burkart,ATH,Sacramento State,,2026-01-09T04:44:00.000Z,,3.0,Immediate
5301163,Refeno,Vangates,WR,North Carolina Central,RefenoVangatesNorth Carolina Central,2026,Refeno,Vangates,WR,North Carolina Central,Liberty,2026-01-28T17:26:00.000Z,0.85,3.0,Immediate
5301170,Damill,Bostic Jr.,DB,Villanova,DamillBostic Jr.Villanova,2026,Damill,Bostic Jr.,CB,Villanova,Coastal Carolina,2026-01-13T03:49:00.000Z,0.85,3.0,Immediate
5301197,Ben,Chandler,DB,Howard,BenChandlerHoward,2026,Ben,Chandler,S,Howard,,2026-02-28T04:20:20.000Z,0.85,3.0,Withdrawn
5301221,Xavier,Newsom,TE,Howard,XavierNewsomHoward,2026,Xavier,Newsom,TE,Howard,Auburn,2026-01-06T19:41:00.000Z,0.84,3.0,Immediate
5301284,Dylan,Rowsey,S,Murray State,DylanRowseyMurray State,2026,Dylan,Rowsey,S,Murray State,,2026-01-14T04:00:24.000Z,0.86,3.0,Withdrawn
5301306,Ja'Quan,Redfern,DT,Murray State,Ja'QuanRedfernMurray State,2026,Ja'Quan,Redfern,DL,Murray State,Wyoming,2026-01-13T21:29:00.000Z,0.84,3.0,Immediate
5301389,Major,Dillard,DT,Norfolk State,MajorDillardNorfolk State,2026,Major,Dillard,DL,Norfolk State,South Florida,2026-01-12T16:12:00.000Z,,,Immediate
5301748,Andrew,Hines,DL,Eastern Kentucky,AndrewHinesEastern Kentucky,2026,Andrew,Hines,DL,Eastern Kentucky,South Alabama,2026-01-18T03:30:27.000Z,0.82,3.0,Immediate
5301775,Luke,Womack,WR,South Dakota State,LukeWomackSouth Dakota State,2026,Luke,Womack,ATH,South Dakota State,Northern Colorado,2026-01-13T18:45:00.000Z,,3.0,Immediate
5301832,David,Gardner,OL,Florida A&M,DavidGardnerFlorida A&M,2026,David,Gardner,OT,Florida A&M,Austin Peay,2026-01-24T05:25:00.000Z,,,Immediate
5301873,Jeremiah,Harrison,WR,East Tennessee State,JeremiahHarrisonEast Tennessee State,2026,Jeremiah,Harrison,WR,East Tennessee State,James Madison,2026-01-11T20:42:00.000Z,0.87,3.0,Immediate
5301948,Kaden,Eggett,TE,Utah Tech,KadenEggettUtah Tech,2026,Kaden,Eggett,TE,Utah Tech,,2026-01-01T22:17:00.000Z,,,Immediate
5301984,Josiah,Thomas,TE,Western Carolina,JosiahThomasWestern Carolina,2026,Josiah,Thomas,TE,Western Carolina,New Mexico State,2026-01-06T17:18:00.000Z,,,Immediate
5302089,Sayre,Smothers,CB,The Citadel,SayreSmothersThe Citadel,2026,Sayre,Smothers,CB,The Citadel,Buffalo,2026-01-17T18:05:00.000Z,0.86,3.0,Immediate
5302264,Mason,Baker,OL,San Diego State,MasonBakerSan Diego State,2026,Mason,Baker,OT,San Diego State,,2025-12-31T23:19:00.000Z,,,Immediate
5302600,Nick,Romero,PK,Wagner,NickRomeroWagner,2026,Nick,Romero,K,Wagner,New Mexico,2026-01-20T04:56:00.000Z,0.83,3.0,Immediate
5303188,Lachie,Pozzobon,P,Stephen F. Austin,LachiePozzobonStephen F. Austin,2026,Lachie,Pozzobon,P,Stephen F. Austin,Oklahoma State,2026-01-04T00:27:00.000Z,,,Immediate
5303395,Jaiden,Crawford,DL,Arkansas-Pine Bluff,JaidenCrawfordArkansas-Pine Bluff,2026,Jaiden,Crawford,DL,Arkansas-Pine Bluff,Kennesaw State,2026-01-21T17:33:00.000Z,0.82,3.0,Immediate
5303415,Jonavan,Carr,CB,Albany State,JonavanCarrAlbany State,2026,Jonavan,Carr,CB,Albany State,Jacksonville State,2026-01-08T03:18:00.000Z,,,Immediate
5303826,Evan,Chieca,TE,New Haven,EvanChiecaNew Haven,2026,Evan,Chieca,TE,New Haven,Florida,2026-01-19T20:44:00.000Z,0.85,3.0,Immediate
5304040,Adonis,Jackson,DL,Mississippi Valley State,AdonisJacksonMississippi Valley State,2026,Adonis,Jackson,EDGE,Mississippi Valley State,Utah State,2026-01-10T06:01:41.000Z,0.82,3.0,Immediate
5304103,Maurice,Savage,WR,Weber State,MauriceSavageWeber State,2026,Maurice,Savage,WR,Weber State,,2025-12-23T15:10:00.000Z,,,Immediate
5304419,Tanner,Rinderknecht,OL,Northern Illinois,TannerRinderknechtNorthern Illinois,2026,Tanner,Rinderknecht,IOL,Northern Illinois,,2026-01-05T23:29:00.000Z,,2.0,Immediate
5304544,Nico,Cavanillas Alti,PK,South Carolina State,NicoCavanillas AltiSouth Carolina State,2026,Nico,Cavanillas Alti,K,South Carolina State,Coastal Carolina,2026-01-20T22:08:00.000Z,,,Immediate
5306014,Elisha,West,?,Michigan State,ElishaWestMichigan State,2026,Elisha,West,CB,Michigan State,Minnesota,2026-01-06T15:00:00.000Z,0.83,3.0,Immediate
5306137,Andrew,Cunningham,?,Charlotte,AndrewCunninghamCharlotte,2026,Andrew,Cunningham,IOL,Charlotte,North Texas,2026-01-08T22:09:00.000Z,,3.0,Immediate
5306228,James,Heard Jr.,ATH,Syracuse,JamesHeard Jr.Syracuse,2026,James,Heard Jr.,LB,Syracuse,Mississippi State,2026-03-26T20:24:00.000Z,0.85,3.0,Immediate
5306282,DK,McGruder,DB,Mississippi State,DKMcGruderMississippi State,2026,DK,McGruder,CB,Mississippi State,The Citadel,2026-05-28T00:44:00.000Z,,3.0,Immediate
5306319,Jordan,Thomas,DT,Temple,JordanThomasTemple,2026,Jordan,Thomas,DL,Temple,,2025-12-13T23:36:00.000Z,,,Immediate
5306330,Aumad,Edwards,WR,Kentucky,AumadEdwardsKentucky,2026,Aumad,Edwards,CB,Kentucky,Marshall,2026-01-17T16:12:00.000Z,0.8,3.0,Immediate
5306334,Jude,Edwards,OL,West Virginia,JudeEdwardsWest Virginia,2026,Jude,Edwards,IOL,West Virginia,,2025-12-05T03:37:00.000Z,,,Immediate
5306338,Matthias,Squire,DB,West Virginia,MatthiasSquireWest Virginia,2026,Matthias,Squire,CB,West Virginia,,2025-12-11T20:47:00.000Z,,,Immediate
5306345,Gerald,Modest Jr.,,Wofford,GeraldModest Jr.Wofford,2026,Gerald,Modest Jr.,RB,Wofford,,2025-12-04T00:00:00.000Z,,,Immediate
5306412,Tre,People,QB,LSU,TrePeopleLSU,2026,Tre,People,QB,LSU,,2026-01-02T12:27:00.000Z,,3.0,Immediate
5306592,Keith,Jones Jr.,,Grambling,KeithJones Jr.Grambling,2026,Keith,Jones Jr.,WR,Grambling,Penn State,2026-01-12T16:00:00.000Z,0.86,3.0,Immediate
5306616,Kynjrick,Boyd,OT,Georgia State,KynjrickBoydGeorgia State,2026,Kynjrick,Boyd,OT,Georgia State,Murray State,2026-05-04T14:17:56.000Z,,,Immediate
5306668,Matthew,Cooks,,Texas Southern,MatthewCooksTexas Southern,2026,Matthew,Cooks,LB,Texas Southern,Northern Arizona,2026-01-13T02:36:00.000Z,0.84,3.0,Immediate
5306715,DJ,Jordan,WR,USC,DJJordanUSC,2026,DJ,Jordan,WR,USC,Arizona,2026-01-08T01:38:00.000Z,0.86,3.0,Immediate
5306762,Kaleb,Bilal-Jones,DT,Arizona,KalebBilal-JonesArizona,2026,Kaleb,Bilal-Jones,DL,Arizona,Iowa State,2026-01-20T22:16:00.000Z,0.84,3.0,Immediate
5306775,Donovan,Turner,DB,Illinois,DonovanTurnerIllinois,2026,Donovan,Turner,CB,Illinois,Sacramento State,2026-01-15T17:29:00.000Z,0.83,3.0,Immediate
5307005,Mason,McKenzie,QB,Saginaw Valley State,MasonMcKenzieSaginaw Valley State,2026,Mason,McKenzie,QB,Saginaw Valley State,Boston College,2026-01-04T22:40:00.000Z,0.85,3.0,Immediate
5309213,Tamarion,LaFortune,WR,Western Connecticut State,TamarionLaFortuneWestern Connecticut State,2026,Tamarion,LaFortune,WR,Western Connecticut State,Coastal Carolina,2026-04-10T05:00:00.000Z,0.85,3.0,Immediate
5329931,Ezekiel,Durham-Campbell,,Coastal Carolina,EzekielDurham-CampbellCoastal Carolina,2026,Ezekiel,Durham-Campbell,EDGE,Coastal Carolina,West Virginia,2026-01-17T23:11:00.000Z,0.86,3.0,Immediate
