id,teamId,team,conference,homeAway,points,completionAttempts,defensiveTDs,firstDowns,fourthDownEff,fumblesLost,fumblesRecovered,interceptionTDs,interceptionYards,interceptions,kickReturnTDs,kickReturnYards,kickReturns,kickingPoints,netPassingYards,passesDeflected,passesIntercepted,passingTDs,possessionTime,puntReturnTDs,puntReturnYards,puntReturns,qbHurries,rushingAttempts,rushingTDs,rushingYards,sacks,tackles,tacklesForLoss,thirdDownEff,totalFumbles,totalPenaltiesYards,totalYards,turnovers,yardsPerPass,yardsPerRushAttempt
401752665,52,Florida State,ACC,home,31,9-14,0,20,2-2,1,0,,,0,0,15,1,7,152,5,,0,30:22,0,3,1,5,49,4,230,3,29,7,5-12,2,4-40,382,1,10.9,4.7
401752665,333,Alabama,SEC,away,17,23-43,0,18,2-5,0,1,,,0,,,,5,254,0,,2,29:38,,,,2,29,0,87,1,32,3,6-17,1,8-70,341,0,5.9,3.0
401752666,8,Arkansas,SEC,home,52,26-36,0,29,0-0,0,2,,,0,0,53,2,10,358,5,,7,33:39,0,28,5,10,40,0,194,2,34,6,9-14,1,3-20,552,0,9.9,4.9
401752666,2010,Alabama A&M,SWAC,away,7,15-29,0,12,0-0,2,0,,,0,0,53,3,1,166,2,,0,26:21,0,5,1,3,26,1,69,2,37,5,1-12,1,7-42,235,2,5.7,2.7
401752667,2,Auburn,SEC,away,38,11-17,1,25,1-1,0,0,,,0,1,98,1,8,108,3,,0,33:18,,,,3,52,4,307,4,39,5,5-10,1,9-83,415,0,6.4,5.9
401752667,239,Baylor,Big 12,home,24,27-48,0,23,3-6,0,,,,0,0,53,2,6,419,3,,3,26:42,,,,1,24,0,64,1,41,1,5-15,,6-55,483,0,8.7,2.7
401752668,57,Florida,SEC,home,55,27-36,1,28,0-0,0,2,,,0,0,25,1,13,251,2,,5,34:27,0,45,3,2,38,1,200,0,25,7,7-13,2,0-0,451,0,7.0,5.3
401752668,2341,Long Island University,NEC,away,0,4-11,0,2,0-1,2,0,,,0,,,,,49,1,,0,25:33,,,,1,32,0,37,1,43,9,1-12,2,12-100,86,2,4.5,1.2
401752669,61,Georgia,SEC,home,45,19-32,0,27,3-3,0,,,,0,,,,9,249,1,,3,34:29,0,26,4,0,44,3,239,0,40,5.5,6-16,,2-15,488,0,7.8,5.4
401752669,276,Marshall,Sun Belt,away,7,11-21,0,7,0-0,0,,,,0,0,52,3,1,129,5,,0,25:31,0,14,2,0,31,1,78,0,56,3,3-15,,6-42,207,0,6.1,2.5
401752670,96,Kentucky,SEC,home,24,10-23,0,17,0-0,1,0,0,0,1,0,43,2,6,85,0,1,0,31:41,0,-3,2,5,43,3,220,3,35,6,8-15,2,3-30,305,2,3.7,5.1
401752670,2649,Toledo,Mid-American,away,16,23-40,0,17,1-4,0,1,0,0,1,0,45,2,2,270,3,1,1,28:19,0,2,2,4,29,1,59,0,35,4,7-17,2,11-93,329,1,6.8,2.0
401752671,99,LSU,SEC,away,17,29-39,0,25,0-1,2,0,0,0,0,,,,5,248,6,1,1,37:10,0,18,1,5,31,1,108,2,31,4,4-11,2,6-45,354,2,6.4,3.5
401752671,228,Clemson,ACC,home,10,19-38,0,13,2-4,0,2,,,1,,,,4,230,5,,0,22:50,0,16,1,2,20,1,31,1,38,8,3-13,0,6-57,261,1,6.1,1.6
401752672,145,Ole Miss,SEC,home,63,24-37,0,33,1-1,0,0,0,1,2,,,,13,400,5,1,4,28:36,0,67,5,6,44,4,295,1,30,5,8-13,1,8-51,695,2,10.8,6.7
401752672,2247,Georgia State,Sun Belt,away,7,12-25,0,10,2-4,0,,0,25,1,0,39,2,1,69,4,2,1,31:24,,,,4,35,0,191,2,46,6,2-15,,8-60,260,1,2.8,5.5
401752673,344,Mississippi State,SEC,away,34,27-37,0,23,0-0,0,0,0,0,1,,,,10,277,7,1,1,30:21,0,0,3,0,42,3,188,1,17,3,11-17,1,14-119,465,1,7.5,4.5
401752673,2572,Southern Miss,Sun Belt,home,17,26-39,0,18,1-3,0,,0,0,1,0,32,1,5,199,6,1,2,29:39,,,,0,35,0,102,1,25,4,10-19,,8-60,301,1,5.1,2.9
401752674,142,Missouri,SEC,home,61,26-31,1,25,1-1,0,1,1,83,0,0,18,1,13,341,4,1,3,30:09,0,50,2,1,38,4,219,2,35,7,9-13,1,8-70,560,0,11.0,5.8
401752674,2110,Central Arkansas,UAC,away,6,13-23,0,15,1-1,1,0,,,1,0,111,7,,73,1,,1,29:51,,,,1,39,0,154,1,32,2,2-13,1,5-60,227,2,3.2,3.9
401752675,201,Oklahoma,SEC,home,35,30-37,0,24,2-3,1,0,,,1,0,15,1,5,392,5,,3,32:56,,,,3,32,2,103,2,23,5,4-10,1,6-35,495,2,10.6,3.2
401752675,2287,Illinois State,MVFC,away,3,10-20,0,8,0-0,0,1,0,0,0,0,12,1,3,34,0,1,0,27:04,0,6,1,2,26,0,117,1,31,4,1-11,0,2-10,151,0,1.7,4.5
401752676,183,Syracuse,ACC,away,26,23-40,0,24,3-4,1,1,,,1,,,,2,274,4,,1,34:31,,,,0,44,3,103,0,44,3,5-14,2,4-30,377,2,6.9,2.3
401752676,2633,Tennessee,SEC,home,45,16-28,0,22,0-0,1,1,0,0,0,0,24,1,9,247,10,1,3,25:29,0,2,1,0,40,2,246,5,48,7,7-12,1,7-65,493,1,8.8,6.2
401752677,194,Ohio State,Big Ten,home,14,13-20,0,11,1-2,0,,0,5,0,,,,2,126,1,1,1,32:05,,,,0,34,1,77,1,28,1,3-12,,2-15,203,0,6.3,2.3
401752677,251,Texas,SEC,away,7,17-30,0,16,1-5,0,,,,1,0,15,1,1,170,2,,1,27:55,0,3,1,2,37,0,166,0,21,1,5-14,,6-50,336,1,5.7,4.5
401752678,245,Texas A&M,SEC,home,42,23-36,1,17,1-1,0,,,,0,0,67,2,6,291,3,,4,26:19,1,142,5,2,23,1,108,1,35,9,3-11,,7-50,399,0,8.1,4.7
401752678,2636,UTSA,American Athletic,away,24,21-34,0,17,1-1,0,0,,,0,0,20,1,6,170,2,,1,33:41,0,2,1,2,33,2,203,0,31,2,5-16,2,4-34,373,0,5.0,6.2
401752679,238,Vanderbilt,SEC,home,45,21-28,0,25,0-0,0,1,0,0,0,0,29,1,9,280,3,1,3,32:09,0,11,1,3,31,3,201,3,28,6,6-9,1,7-60,481,0,10.0,6.5
401752679,2127,Charleston Southern,Big South-OVC,away,3,10-19,0,7,1-1,1,0,,,1,0,15,1,3,88,1,,0,27:51,,,,2,27,0,47,1,26,2,3-13,1,5-54,135,2,4.6,1.7
401752680,259,Virginia Tech,ACC,away,11,15-35,0,19,0-1,0,,,,2,0,62,4,9,221,1,,0,34:17,0,5,2,0,37,0,115,4,32,7,8-18,,4-40,336,2,6.3,3.1
401752680,2579,South Carolina,SEC,home,24,12-19,1,16,1-1,0,0,0,25,0,,,,6,209,3,2,1,25:43,1,80,3,0,34,1,125,2,41,4,4-12,2,8-51,334,0,11.0,3.7
401752793,135,Minnesota,Big Ten,home,23,19-35,0,27,1-2,0,1,,,1,0,8,1,11,290,4,,2,38:28,0,18,1,1,44,0,153,2,22,7,9-16,0,2-10,443,1,8.3,3.5
401752793,2084,Buffalo,Mid-American,away,10,12-20,0,8,1-1,1,0,0,54,0,0,18,1,4,107,4,1,1,21:32,0,0,1,2,24,0,44,2,27,3,1-11,1,4-45,151,1,5.4,1.8
401752794,164,Rutgers,Big Ten,home,34,18-23,1,24,5-5,0,,,,0,0,41,2,10,252,3,,2,31:45,1,23,2,4,37,1,147,0,26,4,1-10,,5-35,399,0,11.0,4.0
401752794,195,Ohio,Mid-American,away,31,21-31,0,24,1-1,0,,,,0,0,30,3,7,239,1,,3,28:15,,,,2,31,1,201,1,30,5,5-10,,6-37,440,0,7.7,6.5
401752795,356,Illinois,Big Ten,home,52,18-22,1,21,2-2,0,1,,,0,,,,10,231,2,,3,32:42,1,133,4,4,37,3,209,4,34,8,4-9,0,5-60,440,0,10.5,5.6
401752795,2710,Western Illinois,Big South-OVC,away,3,14-29,0,11,0-2,1,0,,,0,,,,3,134,0,,0,27:18,,,,0,26,0,29,3,32,5,5-14,1,8-59,163,1,4.6,1.1
401752796,158,Nebraska,Big Ten,away,20,33-42,0,23,1-2,0,1,0,0,0,0,33,2,8,243,5,1,2,39:30,0,3,2,1,35,0,113,0,20,2,10-18,2,3-27,356,0,5.8,3.2
401752796,2132,Cincinnati,Big 12,home,17,13-25,0,16,2-2,1,0,,,1,0,20,1,5,69,2,,0,20:30,,,,3,29,2,202,3,24,6,3-10,1,4-20,271,2,2.8,7.0
401752797,120,Maryland,Big Ten,home,39,28-47,1,22,0-2,0,,1,31,0,0,37,2,13,268,6,6,3,29:34,0,5,2,5,30,0,112,3,64,8,5-17,,14-100,380,0,5.7,3.7
401752797,2226,Florida Atlantic,American Athletic,away,7,36-62,0,23,3-9,0,,,,6,0,140,6,1,277,6,,1,30:26,,,,1,32,0,77,0,41,5.5,7-20,,7-77,354,6,4.5,2.4
401752798,30,USC,Big Ten,home,73,24-27,1,27,0-0,1,1,1,76,0,0,62,3,13,364,3,2,3,27:29,,,,0,30,6,233,5,38,13,6-7,1,5-45,597,1,13.5,7.8
401752798,2623,Missouri State,Conference USA,away,13,20-28,0,11,2-2,1,1,,,2,0,35,2,7,159,1,,1,32:31,,,,0,29,0,65,1,31,4,3-14,1,6-60,224,3,5.7,2.2
401752799,399,UAlbany,CAA,away,7,13-26,0,9,1-1,0,1,,,0,0,29,3,1,134,1,,1,23:23,,,,1,21,0,43,1,42,3,2-11,0,3-15,177,0,5.2,2.0
401752799,2294,Iowa,Big Ten,home,34,9-16,0,20,2-2,1,0,,,0,,,,10,48,1,,1,36:37,0,63,2,1,53,3,310,2,29,5,10-16,1,2-20,358,1,3.0,5.8
401752800,26,UCLA,Big Ten,home,10,11-22,0,14,3-4,0,,,,1,0,37,2,4,136,1,,1,22:32,,,,2,28,0,84,0,46,2,2-11,,3-30,220,1,6.2,3.0
401752800,254,Utah,Big 12,away,43,21-26,0,30,1-1,0,0,0,20,0,0,19,3,7,206,1,1,2,37:28,,,,0,54,4,286,4,28,5,14-16,2,3-15,492,0,7.9,5.3
401752801,2050,Ball State,Mid-American,away,0,10-16,0,13,1-2,0,,,,0,0,34,2,0,87,3,,0,33:40,0,-3,1,0,36,0,116,1,39,5,4-13,,3-18,203,0,5.4,3.2
401752801,2509,Purdue,Big Ten,home,31,20-29,0,23,2-2,0,0,,,0,0,20,1,7,340,1,,2,26:20,0,7,2,1,30,2,93,4,42,7,4-11,1,3-25,433,0,11.7,3.1
401752802,127,Michigan State,Big Ten,home,23,17-24,0,20,1-1,1,0,0,0,1,0,22,1,3,155,4,1,1,36:47,0,20,1,8,44,2,181,4,25,12,4-13,2,5-35,336,2,6.5,4.1
401752802,2711,Western Michigan,Mid-American,away,6,16-33,1,10,0-3,0,1,1,32,1,0,37,2,0,188,0,1,0,23:13,0,10,3,2,24,0,29,4,38,10,4-14,3,5-21,217,1,5.7,1.2
401752803,77,Northwestern,Big Ten,away,3,19-36,0,19,0-2,1,0,,,4,,,,3,161,4,,0,26:39,,,,0,27,0,76,1,41,3,5-12,2,4-19,237,5,4.5,2.8
401752803,2655,Tulane,American Athletic,home,23,18-32,0,23,1-1,0,1,0,11,0,0,18,1,11,152,5,4,1,33:21,0,3,2,2,42,1,269,3,36,3,6-15,0,5-55,421,0,4.8,6.4
401752804,147,Montana State,Big Sky,away,13,23-31,0,17,1-2,0,0,,,0,0,45,2,7,198,0,,0,29:55,,,,0,27,1,46,0,33,0,3-12,1,7-54,244,0,6.4,1.7
401752804,2483,Oregon,Big Ten,home,59,19-25,0,29,2-2,0,0,,,0,0,91,4,11,253,3,,3,30:08,0,34,4,0,39,5,253,3,37,7,7-10,1,3-29,506,0,10.1,6.5
401752805,36,Colorado State,Mountain West,away,21,17-33,0,17,3-5,0,1,,,1,0,95,4,3,180,3,,1,23:16,,,,0,27,2,85,3,47,5,3-13,1,5-20,265,1,5.5,3.1
401752805,264,Washington,Big Ten,home,38,18-24,0,26,1-1,1,0,0,0,0,0,113,4,8,226,3,1,1,36:44,0,11,2,0,51,4,283,2,37,6,8-14,1,6-34,509,1,9.4,5.5
401752806,84,Indiana,Big Ten,home,27,18-32,1,30,0-2,1,0,0,33,0,0,28,1,9,193,3,3,0,41:28,1,108,3,5,57,2,309,1,20,3,10-17,1,3-25,502,1,6.0,5.4
401752806,295,Old Dominion,Sun Belt,away,14,11-22,0,10,0-0,0,1,,,3,,,,2,96,5,,0,18:32,0,3,1,2,23,2,218,1,48,4,4-10,0,9-65,314,3,4.4,9.5
401752807,213,Penn State,Big Ten,home,46,29-35,0,25,2-3,0,2,0,14,0,0,88,2,16,303,2,1,1,33:40,0,8,3,4,36,4,135,3,35,9,6-13,1,5-45,438,0,8.7,3.8
401752807,2440,Nevada,Mountain West,away,11,11-21,0,13,1-2,2,0,,,1,0,85,4,3,125,1,,1,26:20,,,,0,31,0,78,1,47,6,4-11,2,3-14,203,3,6.0,2.5
401752808,130,Michigan,Big Ten,home,34,21-31,0,20,0-1,1,0,0,0,0,0,69,3,10,251,4,3,1,26:58,0,2,2,7,32,3,201,3,47,9,6-13,2,8-65,452,1,8.1,6.3
401752808,167,New Mexico,Mountain West,away,17,32-48,0,21,2-4,0,1,,,3,0,57,4,5,217,2,,2,33:02,0,0,1,0,28,0,50,2,40,3,5-14,0,1-5,267,3,4.5,1.8
401752936,25,California,ACC,away,34,20-30,0,15,2-3,0,1,0,41,0,0,78,3,10,234,4,1,3,30:08,0,73,3,6,32,1,122,1,31,7,2-13,2,6-39,356,0,7.8,3.8
401752936,204,Oregon State,Pac-12,home,15,22-34,0,19,1-2,1,0,,,1,0,51,3,3,248,6,,0,29:52,0,3,1,4,27,2,65,0,33,4,3-11,3,3-20,313,2,7.3,2.4
401752947,70,Idaho,Big Sky,away,10,12-20,0,16,1-1,2,1,,,0,0,45,2,4,33,0,,0,35:11,0,0,1,4,45,1,188,1,29,7,7-16,2,6-57,221,2,1.7,4.2
401752947,265,Washington State,Pac-12,home,13,23-31,0,13,2-2,1,2,,,0,0,36,2,7,208,2,,1,24:49,,,,2,22,0,3,0,39,4,3-12,2,7-48,211,1,6.7,0.1
401754373,151,East Carolina,American Athletic,away,17,31-45,0,18,1-4,0,,0,20,0,0,48,2,5,383,3,1,1,27:53,,,,4,29,1,30,1,32,10,6-16,,10-86,413,0,8.5,1.0
401754373,152,NC State,ACC,home,24,24-34,0,21,0-0,0,,,,1,,,,6,318,3,,1,32:07,,,,9,36,2,105,1,35,9,7-15,,7-63,423,1,9.4,2.9
401754374,154,Wake Forest,ACC,home,10,20-28,0,20,1-2,0,,,,0,0,47,2,4,218,5,,0,35:01,,,,6,47,1,130,2,35,3,6-17,,8-75,348,0,7.8,2.8
401754374,338,Kennesaw State,Conference USA,away,9,12-33,0,18,0-2,0,0,,,0,,,,3,149,2,,0,24:59,,,,2,43,1,158,4,37,7,9-19,1,9-68,307,0,4.5,3.7
401754375,38,Colorado,Big 12,home,20,17-29,0,19,1-1,0,2,0,0,0,,,,8,159,2,1,1,27:37,0,11,1,2,31,1,146,1,45,3,5-13,0,5-45,305,0,5.5,4.7
401754375,59,Georgia Tech,ACC,away,27,13-21,0,27,1-1,2,0,,,1,,,,9,143,2,,0,32:23,0,19,2,1,47,3,320,1,38,6,6-11,2,8-65,463,3,6.8,6.8
401754516,24,Stanford,ACC,away,20,15-30,0,21,2-2,0,1,,,1,0,47,3,8,109,1,,0,36:07,0,4,1,2,43,1,177,4,43,5,8-17,0,7-70,286,1,3.6,4.1
401754516,62,Hawai'i,Mountain West,home,23,27-40,0,20,0-1,1,0,0,0,0,0,21,1,11,210,5,1,2,23:53,0,13,1,6,24,0,96,1,45,2,3-10,1,8-70,306,1,5.3,4.0
401754517,150,Duke,ACC,home,45,27-34,1,23,0-0,1,0,,,0,0,58,3,9,389,1,,3,27:07,1,82,4,5,25,2,159,3,22,10,5-9,2,3-15,548,1,11.4,6.4
401754517,2210,Elon,CAA,away,17,11-18,0,14,1-2,0,1,,,0,0,46,1,5,112,1,,0,32:53,,,,0,44,2,163,2,31,4,8-17,0,7-47,275,0,6.2,3.7
401754518,103,Boston College,ACC,home,66,31-39,1,26,1-1,0,,1,28,0,0,37,2,12,458,7,1,5,34:05,0,89,8,2,38,3,98,3,42,8,12-18,,1-15,556,0,11.7,2.6
401754518,2230,Fordham,Patriot,away,10,20-39,0,13,0-0,0,0,,,1,0,79,4,4,152,4,,0,25:55,0,1,1,0,27,1,16,2,48,4,3-16,1,2-15,168,1,3.9,0.6
401754519,97,Louisville,ACC,home,51,25-37,1,28,0-0,0,,,,3,0,88,2,9,313,3,,2,30:25,1,134,6,1,30,4,229,4,34,6,6-9,,12-106,542,3,8.5,7.6
401754519,2198,Eastern Kentucky,UAC,away,17,5-14,1,10,0-0,0,0,1,92,0,0,51,3,5,76,3,3,0,29:35,,,,1,39,1,74,0,37,1,3-14,1,8-51,150,0,5.4,1.9
401754520,221,Pittsburgh,ACC,home,61,23-38,1,21,2-3,0,,,,1,0,78,1,13,302,3,,5,24:37,1,143,6,5,27,2,158,4,31,10,5-14,,3-35,460,1,7.9,5.9
401754520,2184,Duquesne,NEC,away,9,17-27,0,8,0-0,0,,0,0,0,,,,3,171,6,1,1,35:23,0,4,1,3,31,0,37,1,31,7,2-15,,11-88,208,0,6.3,1.2
401754521,2567,SMU,ACC,home,42,22-30,2,25,1-2,2,1,2,105,1,,,,6,260,8,2,2,21:01,0,48,2,5,33,2,140,3,41,6,4-10,2,8-84,400,3,8.7,4.2
401754521,2837,East Texas A&M,Southland,away,13,20-43,0,17,3-3,1,2,0,0,2,0,64,4,7,244,3,1,0,38:59,,,,0,35,1,107,2,38,8,6-20,1,11-80,351,3,5.7,3.1
401754522,87,Notre Dame,FBS Independents,away,24,19-30,0,18,0-0,1,0,,,1,0,15,1,6,221,3,,2,26:03,0,9,2,1,27,1,94,1,32,2,4-9,2,5-30,315,2,7.4,3.5
401754522,2390,Miami,ACC,home,27,20-31,0,20,1-2,0,1,0,12,0,0,32,1,9,205,3,1,2,33:57,0,9,1,1,37,1,127,3,31,5,5-14,0,6-51,332,0,6.6,3.4
401754523,153,North Carolina,ACC,home,14,13-21,0,10,1-1,2,0,0,0,1,0,126,6,2,172,2,1,1,27:51,,,,3,28,1,50,0,41,3,1-10,4,3-25,222,3,8.2,1.8
401754523,2628,TCU,Big 12,away,48,27-37,2,29,1-1,0,2,1,25,1,,,,12,284,1,1,2,32:09,,,,1,35,2,258,2,32,8,7-12,0,5-58,542,1,7.7,7.4
401754616,258,Virginia,ACC,home,48,22-36,1,23,1-3,0,2,0,10,0,1,100,1,12,290,9,1,2,33:33,0,31,4,4,42,3,177,1,13,4,9-18,1,7-50,467,0,8.1,4.2
401754616,324,Coastal Carolina,Sun Belt,away,7,20-37,0,13,1-2,1,0,,,1,0,18,1,1,163,6,,0,26:27,,,,3,29,1,98,0,29,3,1-14,1,7-60,261,2,4.4,3.4
401756846,66,Iowa State,Big 12,away,24,14-28,0,19,3-3,2,2,,,0,0,56,2,6,183,4,,2,33:52,,,,2,46,1,130,1,31,7,3-14,2,1-5,313,2,6.5,2.8
401756846,2306,Kansas State,Big 12,home,21,21-30,0,13,1-4,2,2,,,0,0,66,3,3,273,6,,2,26:08,0,0,1,3,27,1,110,4,40,6,5-13,2,6-48,383,2,9.1,4.1
401756847,278,Fresno State,Mountain West,away,7,18-29,0,13,1-2,1,0,,,2,,,,1,179,0,,0,26:52,0,1,2,2,29,1,37,1,38,5,7-15,2,4-50,216,3,6.2,1.3
401756847,2305,Kansas,Big 12,home,31,18-20,0,22,2-3,0,1,0,0,0,0,14,1,7,176,4,2,3,33:08,0,0,1,4,38,1,207,3,35,10,2-10,1,9-72,383,0,8.8,5.4
401756848,55,Jacksonville State,Conference USA,away,10,16-30,0,18,4-6,0,1,,,1,0,40,2,4,157,2,,0,28:04,,,,1,39,1,165,2,44,5,3-15,0,7-60,322,1,5.2,4.2
401756848,2116,UCF,Big 12,home,17,22-33,0,23,2-2,1,0,0,0,0,0,34,2,5,314,5,1,2,31:56,0,21,1,1,36,0,110,2,44,6,7-15,3,9-80,424,1,9.5,3.1
401756849,62,Hawai'i,Mountain West,away,6,26-47,0,21,1-2,2,0,,,3,,,,6,223,1,,0,35:44,,,,1,28,0,70,2,31,5,4-14,2,7-65,293,5,4.7,2.5
401756849,12,Arizona,Big 12,home,40,13-23,0,16,2-2,0,2,0,35,0,,,,10,161,5,3,1,24:16,0,53,2,8,32,4,185,5,30,10,3-11,1,8-54,346,0,7.0,5.8
401756850,9,Arizona State,Big 12,home,38,25-39,0,21,2-3,0,0,0,0,1,0,38,2,8,257,5,1,2,28:26,0,31,2,8,21,3,203,3,40,8,1-10,1,12-93,460,1,6.6,9.7
401756850,2464,Northern Arizona,Big Sky,away,19,26-42,0,20,3-5,0,,0,0,1,0,84,4,7,242,5,1,1,31:34,0,27,4,1,29,1,89,2,35,5,2-15,,6-45,331,1,5.8,3.1
401756851,252,BYU,Big 12,home,69,12-18,0,28,1-1,1,1,,,0,,,,15,138,1,,3,34:22,0,65,7,6,48,5,468,2,24,9,6-10,1,5-55,606,1,7.7,9.8
401756851,2502,Portland State,Big Sky,away,0,10-20,0,3,0-0,1,1,,,0,0,17,2,0,56,3,,0,25:38,,,,0,22,0,-3,0,32,0,1-13,2,4-20,53,1,2.8,-0.1
401756852,248,Houston,Big 12,home,27,16-27,0,18,0-1,0,0,0,17,0,,,,9,152,7,2,3,34:49,0,18,3,4,46,0,191,2,33,5,7-17,1,8-65,343,0,5.6,4.2
401756852,2617,Stephen F. Austin,Southland,away,0,17-33,0,7,0-3,0,0,,,2,0,23,1,,105,3,,0,25:11,0,27,2,3,25,0,39,1,40,8,3-16,1,7-60,144,2,3.2,1.6
401756853,66,Iowa State,Big 12,home,55,23-25,0,28,0-0,0,,0,22,0,,,,13,306,3,2,3,35:18,0,117,2,4,42,4,223,0,17,4,9-10,,3-30,529,0,12.2,5.3
401756853,233,South Dakota,MVFC,away,7,15-29,0,11,0-1,0,0,,,2,0,47,3,1,126,0,,1,24:42,,,,0,21,0,82,0,31,2,5-12,1,5-36,208,2,4.3,3.9
401756854,2305,Kansas,Big 12,home,46,23-34,0,32,1-2,1,0,,,1,0,34,1,8,346,2,,4,33:15,0,62,9,4,44,2,285,3,32,9,4-10,1,6-55,631,2,10.2,6.5
401756854,2681,Wagner,NEC,away,7,13-20,0,6,1-1,0,1,0,0,0,,,,1,90,2,1,1,26:45,,,,0,28,0,53,0,60,0,2-14,0,10-70,143,0,4.5,1.9
401756855,2306,Kansas State,Big 12,home,38,28-43,0,22,2-3,1,1,,,0,0,130,5,8,318,4,,3,28:46,0,23,3,6,27,2,146,3,43,10,5-13,2,3-36,464,1,7.4,5.4
401756855,155,North Dakota,MVFC,away,35,24-39,0,23,1-2,1,1,,,0,0,28,1,5,252,5,,1,31:14,0,20,2,3,33,4,102,1,46,3,5-14,2,4-30,354,1,6.5,3.1
401756876,197,Oklahoma State,Big 12,home,27,18-30,0,20,1-1,0,,0,1,0,0,41,2,9,232,2,1,1,31:21,0,17,3,7,42,2,127,4,34,9,10-18,,5-55,359,0,7.7,3.0
401756876,2630,UT Martin,Big South-OVC,away,7,10-17,0,13,0-0,0,,,,1,,,,1,109,2,,1,28:39,0,0,1,2,38,0,116,2,45,9,6-15,,7-50,225,1,6.4,3.1
401756877,2029,Arkansas-Pine Bluff,SWAC,away,7,17-33,0,11,1-2,0,0,,,1,0,18,1,1,122,0,,1,32:38,,,,1,26,0,53,0,44,2,4-15,2,4-31,175,1,3.7,2.0
401756877,2641,Texas Tech,Big 12,home,67,25-32,0,33,1-1,0,0,0,7,0,0,54,2,13,314,2,1,6,27:22,0,5,4,5,28,3,296,3,29,6,5-8,2,7-60,610,0,9.8,10.6
401756878,277,West Virginia,Big 12,home,45,18-23,0,26,1-2,4,2,,,0,0,48,2,9,232,2,,1,27:30,0,52,5,4,53,5,393,4,31,8,5-11,5,9-69,625,4,10.1,7.4
401756878,2523,Robert Morris,NEC,away,3,7-22,0,8,0-0,2,3,,,0,0,50,3,3,70,0,,0,32:30,,,,1,37,0,53,1,49,3,3-15,2,4-24,123,2,3.2,1.4
401757167,41,UConn,FBS Independents,home,59,27-38,0,26,0-1,0,,,,0,0,84,4,11,388,6,,4,27:28,0,21,1,5,31,4,293,1,28,7,12-16,,8-78,681,0,10.2,9.5
401757167,2115,Central Connecticut,NEC,away,13,9-23,0,13,0-1,0,,,,0,0,30,1,7,129,4,,0,32:32,,,,3,40,1,128,1,42,3,5-16,,6-40,257,0,5.6,3.2
401757218,98,Western Kentucky,Conference USA,home,41,33-51,0,26,0-1,2,0,0,6,0,0,83,4,11,401,4,1,3,32:56,0,-3,1,2,35,2,105,2,31,9,11-19,2,2-17,506,2,7.9,3.0
401757218,2534,Sam Houston,Conference USA,away,24,19-30,1,14,0-3,0,2,,,1,,,,6,209,5,,0,27:04,0,19,2,2,31,2,173,2,49,7,2-14,0,7-51,382,1,7.0,5.6
401757219,48,Delaware,Conference USA,home,35,31-44,1,26,2-2,1,0,1,45,0,0,90,3,5,272,2,2,3,28:07,0,0,1,3,26,1,137,2,31,7,8-13,1,6-55,409,1,6.2,5.3
401757219,2169,Delaware State,MEAC,away,17,13-26,0,21,2-2,0,1,,,2,0,19,1,5,149,3,,1,31:53,0,-5,1,3,41,1,200,2,37,3,6-14,3,13-109,349,2,5.7,4.9
401757220,311,Maine,CAA,away,7,13-31,0,15,2-5,1,0,,,1,0,12,1,1,132,6,,0,26:26,,,,2,32,1,184,0,50,3,2-11,1,2-20,316,2,4.3,5.8
401757220,2335,Liberty,Conference USA,home,28,19-33,0,22,1-2,0,1,0,0,0,0,55,2,4,197,2,1,3,33:34,0,4,1,1,40,1,194,3,27,6,11-19,0,4-40,391,0,6.0,4.9
401757221,2348,Louisiana Tech,Conference USA,home,24,14-19,1,14,0-1,0,1,0,25,0,0,41,1,6,130,6,2,1,32:07,0,25,3,0,32,1,133,4,33,11,3-10,0,5-50,263,0,6.8,4.2
401757221,2545,SE Louisiana,Southland,away,0,15-31,0,18,0-2,1,0,,,2,,,,,145,2,,0,27:53,0,25,3,0,44,0,128,3,36,8,9-18,2,7-43,273,3,4.7,2.9
401757222,2046,Austin Peay,UAC,away,34,14-27,0,19,1-1,0,0,,,0,,,,10,193,7,,2,38:35,0,62,2,4,47,2,150,5,26,8,7-17,2,9-88,343,0,7.1,3.2
401757222,2393,Middle Tennessee,Conference USA,home,14,16-37,0,13,1-4,0,,,,0,0,35,1,2,109,4,,2,21:25,0,15,3,5,22,0,44,3,34,7,0-12,,4-50,153,0,2.9,2.0
401757223,166,New Mexico State,Conference USA,home,19,14-31,0,19,0-0,0,0,0,13,1,0,36,2,7,227,4,1,1,28:10,0,5,1,11,32,1,78,3,45,7,4-16,1,8-80,305,1,7.3,2.4
401757223,2803,Bryant,CAA,away,3,20-33,0,16,0-2,0,0,0,-1,1,,,,3,187,4,1,0,31:18,0,13,1,5,35,0,68,2,32,6,6-18,1,11-99,255,1,5.7,1.9
401757224,2534,Sam Houston,Conference USA,home,21,19-35,0,20,3-6,0,0,0,0,1,0,96,4,1,187,2,1,1,30:18,0,0,1,0,35,2,145,1,38,5,1-12,1,5-48,332,1,5.3,4.1
401757224,2439,UNLV,Mountain West,away,38,19-23,1,20,1-1,0,0,1,52,1,0,30,1,8,249,2,1,2,29:42,0,4,1,2,33,2,155,4,50,7,5-9,2,8-92,404,1,10.8,4.7
401757225,328,Utah State,Mountain West,home,28,19-28,0,18,0-0,0,,0,0,0,0,35,2,8,233,2,1,1,30:37,0,22,5,2,31,2,129,2,41,7,2-12,,11-73,362,0,8.3,4.2
401757225,2638,UTEP,Conference USA,away,16,23-36,0,19,2-2,0,,,,1,0,49,3,4,181,4,,1,29:23,0,24,5,2,35,1,103,6,37,12,4-15,,7-63,284,1,5.0,2.9
401757226,98,Western Kentucky,Conference USA,home,55,30-39,0,26,1-2,0,1,,,0,,,,13,399,6,,6,30:11,0,10,1,3,32,1,165,2,42,7,5-12,0,12-130,564,0,10.2,5.2
401757226,2453,North Alabama,UAC,away,6,16-35,0,17,0-3,1,0,,,0,0,27,2,6,105,2,,0,29:49,0,-6,2,1,37,0,153,0,40,2,5-17,2,7-80,258,1,3.0,4.1
401760357,21,San Diego State,Mountain West,home,42,16-29,0,24,3-4,0,,,,0,,,,10,236,3,,1,37:25,0,89,9,10,54,4,228,3,16,5,9-19,,7-65,453,0,8.1,4.2
401760357,2619,Stony Brook,CAA,away,0,9-25,0,6,1-2,0,,,,0,0,35,2,,46,5,,0,22:35,,,,3,28,0,49,0,49,3,2-15,,4-28,95,0,1.8,1.8
401760358,23,San José State,Mountain West,home,14,24-43,0,19,0-0,1,0,,,2,0,66,4,2,308,3,,2,26:15,,,,1,24,0,75,0,37,3,8-16,1,4-39,383,3,7.2,3.1
401760358,2117,Central Michigan,Mid-American,away,16,8-13,0,20,1-2,0,1,0,0,0,,,,10,115,5,2,0,33:45,,,,3,50,1,247,1,34,3,2-13,0,7-33,362,0,8.8,4.9
401760359,2005,Air Force,Mountain West,home,49,6-9,1,23,1-1,0,1,0,3,0,,,,7,159,3,1,2,31:38,0,7,1,2,51,4,267,6,32,6,6-9,0,5-56,426,0,17.7,5.2
401760359,2083,Bucknell,Patriot,away,13,16-24,0,18,1-2,1,0,,,1,0,22,1,7,169,0,,1,28:22,,,,1,38,0,97,1,41,2,3-11,1,6-50,266,2,7.0,2.6
401760361,278,Fresno State,Mountain West,home,42,20-27,0,29,1-1,1,0,0,0,2,0,17,1,10,176,6,1,0,38:01,0,55,3,0,44,5,351,0,19,2,6-10,1,2-25,527,3,6.5,8.0
401760361,290,Georgia Southern,Sun Belt,away,14,17-28,0,13,0-0,0,1,0,0,1,0,64,4,2,158,1,2,2,21:59,,,,0,21,0,84,0,42,3,4-11,0,5-58,242,1,5.6,4.0
401760371,2439,UNLV,Mountain West,home,38,18-24,0,25,1-1,1,0,0,35,0,0,43,2,8,232,6,4,1,31:12,,,,3,44,4,300,1,36,6,3-12,1,8-90,532,1,9.7,6.8
401760371,304,Idaho State,Big Sky,away,31,31-52,0,30,1-3,0,1,,,4,0,53,2,7,395,0,,2,28:48,0,7,1,1,25,2,160,3,34,7,5-13,1,10-80,555,4,7.6,6.4
401761588,2433,UL Monroe,Sun Belt,home,29,14-26,0,22,2-2,0,0,0,0,1,,,,5,123,2,1,2,30:49,0,28,3,2,43,2,311,3,30,5,5-12,2,5-45,434,1,4.7,7.2
401761588,2598,St. Francis (PA),NEC,away,0,12-20,0,7,0-1,0,,0,22,1,0,54,6,,50,3,1,0,29:11,,,,0,27,0,81,2,39,8,2-12,,6-58,131,1,2.5,3.0
401761589,2026,App State,Sun Belt,away,34,33-50,0,32,2-2,1,1,0,0,0,0,10,2,10,404,5,1,3,33:58,0,6,5,3,38,1,182,0,28,6,7-15,1,9-98,586,1,8.1,4.8
401761589,2429,Charlotte,American Athletic,home,11,13-25,0,15,2-2,1,1,,,1,,,,3,142,3,,1,26:02,,,,2,29,0,76,1,51,3,4-14,1,7-54,218,2,5.7,2.6
401761590,256,James Madison,Sun Belt,home,45,17-27,0,23,1-3,1,0,0,49,1,0,46,2,9,145,6,3,2,32:27,0,13,2,3,44,4,313,0,32,5,7-13,1,6-75,458,2,5.4,7.1
401761590,2692,Weber State,Big Sky,away,10,10-26,0,10,0-1,0,1,0,0,3,0,112,7,4,84,4,1,1,27:33,,,,2,31,0,64,1,37,8,3-14,0,3-21,148,3,3.2,2.1
401761591,2032,Arkansas State,Sun Belt,home,42,26-32,0,25,1-2,1,1,,,0,0,30,1,6,345,1,,3,30:52,0,23,2,5,36,3,147,3,32,6,5-11,3,7-70,492,1,10.8,4.1
401761591,2546,Southeast Missouri State,Big South-OVC,away,24,26-36,0,20,2-3,1,1,,,0,0,7,1,6,272,2,,2,29:08,0,2,1,1,33,1,92,0,32,4,6-14,1,8-71,364,1,7.6,2.8
401761592,242,Rice,American Athletic,away,14,7-9,0,18,0-1,0,1,0,0,0,0,37,2,2,45,1,1,0,36:24,0,3,1,1,55,2,206,3,34,6,5-12,0,8-90,251,0,5.0,3.7
401761592,309,Louisiana,Sun Belt,home,12,10-28,0,16,0-2,1,0,,,1,,,,6,88,1,,0,23:36,0,23,3,0,31,1,151,2,53,7,7-15,1,6-44,239,2,3.1,4.9
401761593,6,South Alabama,Sun Belt,home,38,13-15,0,19,1-2,1,3,0,0,0,0,0,1,8,174,6,1,2,26:22,0,46,1,1,41,3,193,3,26,10,2-8,3,8-50,367,1,11.6,4.7
401761593,2415,Morgan State,MEAC,away,21,15-25,0,17,2-2,3,1,,,1,0,17,1,3,159,1,,0,22:46,,,,0,40,3,181,1,23,3,5-13,3,10-61,340,4,6.4,4.5
401761594,326,Texas State,Sun Belt,home,52,18-27,0,30,1-1,0,0,,,0,0,17,2,10,214,3,,4,30:58,0,33,2,6,39,3,392,2,40,7,7-10,1,6-42,606,0,7.9,10.1
401761594,2199,Eastern Michigan,Mid-American,away,27,23-34,0,23,2-2,0,,,,0,0,33,2,9,248,2,,1,29:02,,,,2,33,2,143,1,39,3,6-15,,6-50,391,0,7.3,4.3
401761595,2447,Nicholls,Southland,away,20,21-27,0,16,0-1,0,,,,1,,,,8,184,2,,1,29:13,0,32,1,3,25,1,65,1,22,2,4-11,,6-45,249,1,6.8,2.6
401761595,2653,Troy,Sun Belt,home,38,14-24,0,23,1-2,0,,0,1,0,0,67,5,8,144,1,1,3,30:47,,,,2,44,2,272,4,22,8,9-15,,8-100,416,0,6.0,6.2
401762430,5,UAB,American Athletic,home,52,18-23,0,24,1-2,0,1,,,0,0,143,7,8,247,2,,2,25:46,0,38,2,1,35,5,273,2,35,5,4-7,0,5-40,520,0,10.7,7.8
401762430,2011,Alabama State,SWAC,away,42,18-24,0,26,0-0,1,0,,,0,0,73,4,6,312,3,,4,34:14,,,,1,41,2,202,0,46,2,13-15,1,7-44,514,1,13.0,4.9
401762432,349,Army,American Athletic,home,27,8-16,0,24,1-2,1,0,,,2,0,17,1,9,131,5,,0,36:34,0,60,3,4,66,3,280,2,36,7,6-16,2,5-35,411,3,8.2,4.2
401762432,2627,Tarleton State,UAC,away,30,16-30,0,16,1-2,0,1,0,34,0,0,31,2,12,152,2,2,1,23:26,,,,4,42,2,192,0,45,9,6-18,2,9-73,344,0,5.1,4.6
401762433,235,Memphis,American Athletic,home,45,22-28,1,24,1-1,0,,1,27,1,0,20,1,9,199,1,2,1,28:26,0,16,1,4,33,4,233,2,30,10,5-9,,3-35,432,1,7.1,7.1
401762433,236,Chattanooga,Southern,away,10,12-19,0,14,1-1,0,0,0,20,2,0,15,1,4,114,0,1,1,31:33,,,,1,37,0,118,0,39,3,2-12,1,3-25,232,2,6.0,3.2
401762434,2426,Navy,American Athletic,home,52,9-14,0,26,0-0,0,0,,,0,0,64,2,10,92,4,,1,35:27,0,53,4,2,54,6,468,5,15,7,10-13,1,4-35,560,0,6.6,8.7
401762434,2678,VMI,Southern,away,7,16-28,0,9,1-2,0,,,,0,0,40,2,1,197,1,,1,24:33,,,,1,22,0,15,0,33,3,4-14,,5-35,212,0,7.0,0.7
401762435,249,North Texas,American Athletic,home,51,24-34,1,25,1-2,1,1,0,26,0,,,,9,329,0,1,3,33:28,0,24,4,6,41,3,133,3,32,8,7-12,1,3-20,462,1,9.7,3.2
401762435,2320,Lamar,Southland,away,0,13-27,0,8,0-1,1,1,,,1,0,30,3,,88,3,,0,26:32,0,7,1,3,27,0,31,0,37,8,3-13,1,14-99,119,2,3.3,1.1
401762456,113,Massachusetts,Mid-American,home,10,25-40,0,18,1-3,1,0,,,1,,,,4,199,2,,0,26:14,,,,0,22,1,103,0,30,2,3-11,1,5-32,302,2,5.0,4.7
401762456,218,Temple,American Athletic,away,42,22-29,0,24,0-0,0,1,0,0,0,0,50,3,6,276,6,1,6,33:46,0,24,1,1,37,0,191,2,27,4,9-12,1,5-57,467,0,9.5,5.2
401762457,202,Tulsa,American Athletic,home,35,22-34,0,25,4-4,0,,0,4,0,,,,9,236,2,1,2,33:05,0,9,1,1,43,2,268,5,27,9,8-19,,10-53,504,0,6.9,6.2
401762457,2000,Abilene Christian,UAC,away,7,13-19,0,13,1-3,0,0,,,1,0,74,2,1,140,3,,0,26:55,0,18,2,0,40,1,120,0,33,2,5-15,1,3-25,260,1,7.4,3.0
401762522,58,South Florida,American Athletic,home,34,17-25,0,15,1-2,0,3,,,0,,,,10,255,6,,1,23:39,0,8,1,5,28,3,117,1,36,5,5-14,1,7-56,372,0,10.2,4.2
401762522,68,Boise State,Mountain West,away,7,27-48,0,25,2-6,3,0,,,0,0,39,3,1,256,1,,1,36:21,,,,0,38,0,122,4,26,7,6-17,4,8-57,378,3,5.3,3.2
401762789,2006,Akron,Mid-American,home,0,16-38,0,13,2-3,0,,0,0,1,0,48,2,0,139,6,1,0,26:44,,,,2,28,0,89,0,35,6,3-15,,5-34,228,1,3.7,3.2
401762789,2751,Wyoming,Mountain West,away,10,19-36,0,19,1-3,0,,0,18,1,,,,4,260,4,1,1,33:16,0,11,2,3,39,0,166,3,30,3,9-20,,7-40,426,1,7.2,4.3
401762790,189,Bowling Green,Mid-American,home,26,12-18,1,17,0-1,0,,,,0,1,153,2,14,109,1,,0,32:20,0,9,1,1,43,1,157,3,32,8,5-13,,4-37,266,0,6.1,3.7
401762790,322,Lafayette,Patriot,away,7,16-29,0,11,1-3,0,,,,0,0,67,3,1,118,2,,1,27:40,,,,0,30,0,59,2,35,5,4-14,,4-35,177,0,4.1,2.0
401762791,193,Miami (OH),Mid-American,away,0,9-18,0,7,0-0,0,,0,0,2,,,,,83,5,1,0,20:47,0,16,1,2,22,0,34,3,50,4,0-9,,5-60,117,2,4.6,1.5
401762791,275,Wisconsin,Big Ten,home,17,18-32,0,23,1-2,0,,0,17,1,,,,5,188,2,2,1,39:13,,,,2,43,1,165,3,25,4,8-16,,5-40,353,1,5.9,3.8
401762792,2309,Kent State,Mid-American,home,21,12-19,1,15,0-1,1,0,,,0,1,117,3,3,209,2,,2,28:29,0,30,3,9,36,0,99,2,24,5,5-14,1,8-65,308,1,11.0,2.8
401762792,2771,Merrimack,FCS Independents,away,17,15-31,0,17,0-1,0,1,,,0,0,6,1,9,176,2,,1,31:31,0,-1,1,2,35,0,164,3,29,5,3-14,1,11-115,340,0,5.7,4.7
401762793,107,Holy Cross,Patriot,away,17,17-29,1,11,0-2,0,,0,0,1,1,201,5,5,155,2,1,1,26:34,0,7,1,1,25,0,63,0,38,3,3-12,,1-5,218,1,5.3,2.5
401762793,2459,Northern Illinois,Mid-American,home,19,14-24,1,17,2-3,0,0,0,0,1,1,139,4,7,109,4,1,0,33:26,,,,2,46,1,180,2,32,8,5-17,2,7-48,289,1,4.5,3.9
401766898,2065,Bethune-Cookman,SWAC,away,9,23-39,0,17,0-3,1,1,,,0,0,51,3,9,241,3,,0,27:59,0,9,2,3,30,0,105,0,36,6,5-15,2,8-75,346,1,6.2,3.5
401766898,2229,Florida International,Conference USA,home,42,22-35,0,28,1-2,1,1,,,0,0,103,4,6,233,2,,0,32:01,0,2,2,4,38,6,223,2,33,6,8-14,1,7-40,456,1,6.7,5.9
401767059,331,Eastern Washington,Big Sky,away,21,21-39,,15,1-2,1,1,,,1,0,96,4,3,183,,,0,25:41,0,14,2,,23,3,107,,,,4-13,1,3-25,290,2,4.7,4.7
401767059,2916,Incarnate Word,Southland,home,31,27-38,,27,2-2,1,1,0,0,0,,,,7,332,,1,1,34:19,0,27,2,,47,3,131,,,,7-16,3,7-65,463,1,8.7,2.8
401767070,13,Cal Poly,Big Sky,away,41,22-33,,32,0-0,0,,,,0,0,18,1,11,335,,,3,30:53,0,27,1,,38,2,134,,,,7-13,,8-54,469,0,10.2,3.5
401767070,301,San Diego,Pioneer,home,17,19-30,,16,1-2,0,,,,0,0,31,1,5,202,,,1,29:07,0,1,1,,33,1,165,,,,5-15,,7-91,367,0,6.7,5.0
401767080,304,Idaho State,Big Sky,away,24,24-50,,19,1-3,0,1,,,1,0,78,3,6,338,,,1,22:47,,,,,16,1,23,,,,4-14,0,3-30,361,1,6.8,1.4
401767080,253,Southern Utah,UAC,home,46,19-25,,28,1-1,1,,0,6,0,0,24,2,8,240,,1,3,37:13,,,,,50,3,323,,,,8-14,,6-40,563,1,9.6,6.5
401767119,2123,Chadron St,Rocky Mountain,away,3,20-33,,21,1-2,0,,,,1,,,,3,228,,,0,31:22,0,-1,1,,31,0,105,,,,3-11,,4-60,333,1,6.9,3.4
401767119,2458,Northern Colorado,Big Sky,home,17,9-16,,19,0-0,0,,0,15,0,,,,5,131,,1,1,28:38,,,,,36,1,160,,,,6-12,,3-30,291,0,8.2,4.4
401767126,2502,Portland State,Big Sky,home,0,18-35,,17,0-1,1,1,,,3,0,144,7,0,169,,,0,32:22,,,,,29,0,108,,,,4-14,1,6-45,277,4,4.8,3.7
401767126,2627,Tarleton State,UAC,away,42,14-25,,22,1-1,1,1,1,91,0,,,,6,152,,3,2,27:38,,,,,38,3,301,,,,6-12,3,4-30,453,1,6.1,7.9
401767130,16,Sacramento State,Big Sky,away,3,11-27,,7,0-4,1,2,,,1,0,46,2,3,107,,,0,18:54,,,,,24,0,24,,,,2-13,2,9-66,131,2,4.0,1.0
401767130,2571,South Dakota State,MVFC,home,20,17-23,,28,2-3,2,1,0,0,0,0,46,2,8,190,,1,1,41:06,0,-5,2,,56,1,240,,,,5-15,2,5-50,430,2,8.3,4.3
401767140,227,Rhode Island,CAA,home,31,15-28,,21,1-1,3,1,,,0,0,17,1,7,275,,,2,28:55,0,16,2,,34,2,109,,,,4-11,3,9-62,384,3,9.8,3.2
401767140,2097,Campbell,CAA,away,20,18-36,,13,1-2,1,3,,,0,0,88,4,8,148,,,1,31:05,0,6,2,,32,1,120,,,,3-15,1,11-98,268,1,4.1,3.8
401767156,302,UC Davis,Big Sky,away,31,21-31,,21,0-2,1,2,0,31,1,0,23,1,7,253,,2,3,27:45,0,47,3,,43,1,164,,,,6-15,1,6-63,417,2,8.2,3.8
401767156,3101,Utah Tech,UAC,home,24,28-44,,18,0-2,2,1,0,0,2,0,13,1,6,272,,1,2,32:15,0,1,3,,30,1,81,,,,7-16,2,3-30,353,4,6.2,2.7
401767171,2168,Dayton,Pioneer,away,14,17-31,,9,0-1,1,2,0,0,0,0,77,3,2,261,,1,2,19:43,0,36,3,,19,0,31,,,,3-13,1,2-18,292,1,8.4,1.6
401767171,2197,Eastern Illinois,Big South-OVC,home,24,9-18,,25,0-1,2,1,,,1,,,,6,129,,,0,40:17,0,19,3,,62,3,336,,,,9-17,2,5-44,465,3,7.2,5.4
401767179,2261,Hampton,CAA,away,14,21-29,,20,1-3,2,0,,,1,0,19,2,2,201,,,1,33:33,0,2,4,,41,1,175,,,,5-14,4,5-33,376,3,6.9,4.3
401767179,2296,Jackson State,SWAC,home,28,15-30,,19,0-0,0,2,0,5,0,0,46,2,4,143,,1,0,26:27,0,31,3,,32,4,283,,,,6-14,1,10-89,426,0,4.8,8.8
401767201,2241,Gardner-Webb,Big South-OVC,away,52,13-33,,25,2-4,1,2,0,0,1,0,99,4,10,292,,1,2,35:38,0,23,3,,57,5,335,,,,4-16,1,8-64,627,2,8.8,5.9
401767201,2717,Western Carolina,Southern,home,45,18-36,,21,1-1,2,1,0,61,1,0,96,5,9,233,,1,3,24:22,0,21,2,,42,3,221,,,,7-18,3,8-54,454,3,6.5,5.3
401767209,2815,Lindenwood,Big South-OVC,away,13,18-30,,22,0-1,1,0,,,0,0,44,3,1,318,,,1,30:43,0,7,3,,35,1,132,,,,4-12,1,4-41,450,1,10.6,3.8
401767209,2900,St. Thomas (MN),Pioneer,home,35,11-19,,23,1-1,0,1,,,0,0,17,2,5,172,,,2,29:17,,,,,44,3,275,,,,7-11,0,7-42,447,0,9.1,6.3
401767223,2448,North Carolina A&T,CAA,away,21,16-22,,15,0-0,3,0,0,0,0,0,59,3,3,210,,1,1,32:55,0,30,5,,41,2,133,,,,5-15,4,8-55,343,3,9.5,3.2
401767223,2634,Tennessee State,Big South-OVC,home,24,11-21,,11,0-0,0,3,,,1,0,43,3,6,123,,,1,27:05,0,22,2,,28,2,159,,,,2-11,1,8-68,282,1,5.9,5.7
401767230,2635,Tennessee Tech,Big South-OVC,home,65,19-28,,24,1-3,0,0,0,1,0,0,36,1,11,284,,1,3,30:14,1,118,3,,30,5,287,,,,5-8,1,7-90,571,0,10.1,9.6
401767256,2142,Colgate,Patriot,home,39,21-37,,27,2-3,1,0,0,9,0,0,93,5,7,365,,4,3,32:57,,,,,40,2,176,,,,7-14,1,4-40,541,1,9.9,4.4
401767256,2405,Monmouth,CAA,away,42,34-45,,32,1-2,0,1,,,4,0,49,3,4,491,,,4,27:03,,,,,28,2,187,,,,9-14,0,3-32,678,4,10.9,6.7
401767265,160,New Hampshire,CAA,away,27,10-17,,14,0-0,0,,0,0,0,0,0,1,7,186,,1,2,34:52,0,63,2,,39,1,118,,,,5-13,,11-110,304,0,10.9,3.0
401767265,2428,North Carolina Central,MEAC,home,10,13-33,,16,0-1,0,,,,1,0,63,3,4,172,,,1,25:08,0,12,3,,30,0,103,,,,3-13,,5-60,275,1,5.2,3.4
401767298,2535,Samford,Southern,home,3,32-44,,16,0-3,3,0,0,8,0,0,74,4,3,247,,2,0,27:49,0,2,2,,28,0,24,,,,5-17,5,6-43,271,3,5.6,0.9
401767298,2698,West Georgia,UAC,away,34,19-35,,18,1-2,0,3,,,2,0,92,1,10,231,,,0,32:11,,,,,34,2,180,,,,6-16,0,6-53,411,2,6.6,5.3
401767327,119,Towson,CAA,away,27,14-26,,18,1-1,1,0,,,0,0,28,1,9,187,,,3,31:05,0,18,3,,38,0,136,,,,9-17,1,6-59,323,1,7.2,3.6
401767327,2450,Norfolk State,MEAC,home,7,21-31,,16,1-3,0,1,,,0,0,65,3,1,240,,,0,27:35,,,,,31,1,39,,,,3-13,0,9-78,279,0,7.7,1.3
401767339,231,Furman,Southern,home,23,21-30,,17,0-0,1,0,1,43,0,0,144,4,11,179,,1,1,30:45,0,24,4,,34,0,58,,,,6-14,3,6-50,237,1,6.0,1.7
401767339,2729,William & Mary,CAA,away,21,19-32,,22,0-2,0,1,,,1,0,16,1,3,208,,,1,29:15,0,27,2,,35,2,144,,,,4-12,1,7-59,352,1,6.5,4.1
401767350,47,Howard,MEAC,away,10,17-28,,12,1-1,0,,,,1,0,56,3,4,145,,,1,26:24,0,25,2,,29,0,56,,,,6-16,,5-35,201,1,5.2,1.9
401767350,50,Florida A&M,SWAC,home,9,17-32,,15,0-0,0,,0,0,0,0,46,2,9,183,,1,0,33:36,0,28,4,,32,0,89,,,,5-16,,6-54,272,0,5.7,2.8
401767369,2016,Alcorn State,SWAC,away,10,19-44,,18,1-4,1,1,1,72,2,0,21,4,4,182,,1,0,30:03,0,22,2,,33,0,119,,,,5-17,1,15-123,301,3,4.1,3.6
401767369,2466,Northwestern State,Southland,home,20,9-18,,12,1-1,1,1,0,0,1,0,58,3,2,85,,2,1,29:57,1,18,3,,40,1,185,,,,3-13,1,8-60,270,2,4.7,4.6
401767410,2428,North Carolina Central,MEAC,away,31,22-27,,21,1-1,1,1,,,0,0,74,3,7,186,,,1,35:06,0,7,1,,36,3,223,,,,6-11,1,5-50,409,1,6.9,6.2
401767410,2582,Southern,SWAC,home,14,13-19,,15,2-3,1,0,,,0,0,67,4,2,88,,,0,24:54,,,,,30,2,249,,,,2-10,1,743-37,337,1,4.6,8.3
401767415,2569,South Carolina State,MEAC,home,16,27-50,,23,1-3,0,,,,0,0,14,1,10,299,,,1,34:13,0,2,2,,41,0,111,,,,12-23,,7-75,410,0,6.0,2.7
401767415,2747,Wofford,Southern,away,15,6-21,,10,1-1,0,,,,0,0,158,5,1,56,,,0,25:47,,,,,30,0,86,,,,4-15,,6-40,142,0,2.7,2.9
401767425,2582,Southern,SWAC,away,34,17-30,,20,3-4,2,1,,,0,0,136,6,10,152,,,1,33:28,0,-5,2,,50,3,212,,,,6-16,2,7-60,364,2,5.1,4.2
401767425,2400,Mississippi Valley State,SWAC,home,29,14-33,,14,1-3,0,2,,,0,0,68,5,11,218,,,2,26:32,0,0,1,,31,0,78,,,,2-14,1,8-50,296,0,6.6,2.5
401767431,2504,Prairie View A&M,SWAC,away,22,22-38,,19,2-3,0,,,,1,0,46,2,2,295,,,1,38:10,0,1,1,,30,1,130,,,,6-16,,15-159,425,1,7.8,4.3
401767431,2640,Texas Southern,SWAC,home,21,11-16,,17,3-3,0,0,0,0,0,0,140,3,3,132,,1,1,21:50,,,,,30,2,126,,,,5-9,1,7-63,258,0,8.3,4.2
401767446,282,Indiana State,MVFC,home,41,19-27,,27,1-2,1,1,0,6,1,0,108,5,11,250,,2,2,30:02,0,28,1,,51,3,219,,,,3-11,1,8-65,469,2,9.3,4.3
401767446,2816,McKendree,Great Lakes,away,24,16-40,,22,1-2,1,0,0,0,2,0,63,3,4,188,,1,2,29:58,0,7,1,,39,1,137,,,,7-17,1,4-20,325,3,4.7,3.5
401767454,93,Murray State,MVFC,away,17,22-35,,18,2-3,0,1,0,16,2,0,51,4,5,226,,1,1,28:51,,,,,28,1,34,,,,2-12,1,6-35,260,2,6.5,1.2
401767454,2193,East Tennessee State,Southern,home,45,17-25,,31,3-3,1,0,0,1,1,0,9,1,9,180,,2,1,31:09,0,9,1,,58,5,392,,,,6-12,2,5-53,572,2,7.2,6.8
401767468,2277,Houston Christian,Southland,home,69,14-21,,31,0-1,1,0,0,0,1,0,9,1,9,129,,2,2,33:55,0,-5,2,,55,8,402,,,,7-11,2,5-40,531,2,6.1,7.3
401767476,2447,Nicholls,Southland,home,20,21-36,,14,0-0,1,2,1,40,0,,,,8,221,,3,1,30:31,0,31,3,,29,0,66,,,,5-17,0,3-25,287,1,6.1,2.3
401767476,2916,Incarnate Word,Southland,away,6,24-36,,15,2-3,1,1,,,3,0,46,3,6,188,,,0,29:29,0,12,3,,33,0,16,,,,3-16,3,9-55,204,4,5.2,0.5
401767490,2377,McNeese,Southland,home,54,25-34,,39,0-1,1,0,0,-7,0,0,62,2,10,359,,1,3,37:57,0,8,5,,42,4,313,,,,5-9,3,7-80,672,1,10.6,7.5
401767509,2449,North Dakota State,MVFC,away,38,16-22,,25,1-1,0,1,,,0,0,34,1,8,263,,,2,36:03,0,4,2,,47,3,256,,,,7-12,2,6-35,519,0,12.0,5.4
401767509,2643,The Citadel,Southern,home,0,2-6,,8,1-2,1,0,,,0,0,13,1,,22,,,0,23:57,,,,,41,0,104,,,,2-12,1,0-0,126,1,3.7,2.5
401767526,292,UT Rio Grande Valley,Southland,home,66,26-27,,29,0-0,1,1,,,0,0,0,1,12,438,,,5,30:37,0,-2,1,,35,4,236,,,,7-9,1,8-71,674,1,16.2,6.7
401767526,2834,Sul Ross State,Lone Star,away,0,10-14,,6,0-1,1,1,,,0,0,128,7,,41,,,0,29:23,,,,,31,0,33,,,,2-12,1,12-70,74,1,2.9,1.1
401767536,2086,Butler,Pioneer,away,14,22-36,,19,1-2,1,0,,,2,0,53,3,2,189,,,1,31:43,0,13,1,,37,1,147,,,,13-20,2,2-20,336,3,5.3,4.0
401767536,2460,Northern Iowa,MVFC,home,38,17-28,,25,0-0,0,1,0,0,0,0,63,3,8,235,,2,4,28:17,0,0,1,,31,1,213,,,,6-10,0,2-24,448,0,8.4,6.9
401767547,79,Southern Illinois,MVFC,home,49,19-29,,24,1-2,0,3,1,41,0,0,73,2,7,238,,2,3,26:48,0,27,1,,35,3,148,,,,5-11,1,6-60,386,0,8.2,4.2
401767547,2646,Thomas More College,Great Midwest Athletic,away,3,18-29,,13,1-1,3,0,,,2,0,86,4,3,131,,,0,33:12,0,0,1,,32,0,60,,,,2-13,4,4-20,191,5,4.5,1.9
401767549,2385,Mercyhurst,NEC,away,15,32-48,,20,2-4,2,,,,2,0,84,4,1,311,,,2,34:14,0,6,1,,24,0,63,,,,6-14,,3-25,374,4,6.5,2.6
401767549,2754,Youngstown State,MVFC,home,24,14-21,,16,2-3,0,2,0,21,0,0,69,2,6,114,,2,0,25:46,0,10,1,,40,3,187,,,,4-12,0,8-78,301,0,5.4,4.7
401767572,2382,Mercer,Southern,home,10,22-36,,16,0-0,0,0,0,0,1,0,127,4,4,154,,1,1,24:10,0,47,2,,24,0,87,,,,4-13,2,5-41,241,1,4.3,3.6
401767572,2506,Presbyterian,Pioneer,away,15,25-38,,20,3-5,0,,0,0,1,0,11,1,3,303,,1,1,35:50,0,17,2,,33,1,113,,,,7-17,,7-55,416,1,8.0,3.4
401767602,46,Georgetown,Patriot,away,51,17-23,,23,1-1,0,1,0,10,0,0,19,1,8,261,,1,3,30:40,,,,,40,4,282,,,,8-12,0,5-53,543,0,11.3,7.1
401767602,2166,Davidson,Pioneer,home,14,19-31,,18,2-5,1,0,,,1,0,88,5,2,190,,,1,29:20,,,,,38,1,139,,,,4-14,1,6-50,329,2,6.1,3.7
401767620,389,Upper Iowa University,Great Lakes,away,7,18-30,,12,0-1,1,0,0,0,2,0,108,6,1,201,,1,1,24:27,0,5,2,,17,0,18,,,,4-11,2,5-45,219,3,6.7,1.1
401767620,2181,Drake,Pioneer,home,41,16-21,,25,2-2,0,1,0,0,1,0,10,1,11,278,,2,3,35:33,0,29,3,,48,2,201,,,,10-16,0,5-45,479,1,13.2,4.2
401767634,2019,Allen,SIAC,away,31,26-38,,31,1-2,0,0,,,0,0,60,4,7,309,,,2,31:12,0,-6,1,,36,2,107,,,,4-11,1,1-0,416,0,8.1,3.0
401767634,2413,Morehead State,Pioneer,home,38,16-21,,17,1-2,0,,,,0,0,203,6,8,219,,,1,28:48,,,,,30,3,195,,,,3-8,,8-94,414,0,10.4,6.5
401767651,56,Stetson,Pioneer,home,21,22-33,,20,2-4,1,0,,,1,0,78,5,3,262,,,1,32:28,0,7,2,,43,2,141,,,,5-15,3,10-80,403,2,7.9,3.3
401767655,2674,Valparaiso,Pioneer,home,67,10-16,,20,0-1,1,2,0,20,1,0,145,3,13,113,,2,2,30:05,1,22,2,,38,5,297,,,,5-9,1,9-56,410,2,7.1,7.8
401767657,284,Stonehill,NEC,away,7,30-39,,16,4-5,0,,0,0,1,0,23,1,1,212,,1,1,27:38,0,15,1,,24,0,49,,,,1-12,,7-45,261,1,5.4,2.0
401767657,2529,Sacred Heart,FCS Independents,home,12,11-21,,18,1-3,0,,0,7,1,0,66,2,4,119,,1,0,32:22,,,,,43,1,169,,,,7-14,,4-40,288,1,5.7,3.9
401767732,257,Richmond,Patriot,away,14,14-20,,10,2-2,0,,0,0,1,0,99,1,2,113,,2,0,28:25,0,35,3,,31,1,68,,,,4-13,,7-79,181,1,5.7,2.2
401767732,2329,Lehigh,Patriot,home,21,13-24,,21,1-2,0,,0,9,2,0,17,1,3,135,,1,2,31:35,0,4,1,,41,1,163,,,,5-13,,1-5,298,2,5.6,4.0
401779329,2368,Marist,Pioneer,home,31,11-20,,17,1-2,1,3,0,43,0,0,29,2,7,75,,1,1,33:07,0,-1,1,,43,2,230,,,,4-15,1,7-56,305,1,3.8,5.3
401779329,2441,New Haven,NEC,away,14,31-55,,22,1-4,3,1,,,1,0,85,5,2,377,,,2,26:53,0,36,5,,18,0,19,,,,6-15,3,9-111,396,4,6.9,1.1
401788977,2755,Grambling,SWAC,home,55,26-33,,25,1-3,1,2,0,29,0,0,0,1,7,247,,1,4,37:04,0,81,4,,43,4,219,,,,7-14,2,7-60,466,1,7.5,5.1
401752681,333,Alabama,SEC,home,73,29-33,0,29,2-2,0,2,0,0,0,0,1,1,13,371,2,1,7,34:14,0,45,2,5,36,3,212,0,32,12,9-12,0,5-55,583,0,11.2,5.9
401752681,2433,UL Monroe,Sun Belt,away,0,10-18,0,9,0-1,2,0,,,1,0,33,5,,55,0,,0,25:46,,,,1,32,0,93,0,43,2,6-14,2,4-41,148,3,3.1,2.9
401752682,8,Arkansas,SEC,home,56,20-29,0,29,0-0,0,,0,40,2,,,,8,309,5,2,4,23:03,0,5,1,2,29,4,321,4,34,10,5-6,,8-74,630,2,10.7,11.1
401752682,2032,Arkansas State,Sun Belt,away,14,22-36,1,23,0-2,0,0,0,18,2,1,98,1,2,132,4,2,1,36:57,0,9,1,1,42,0,153,0,28,1,10-19,1,6-56,285,2,3.7,3.6
401752683,2,Auburn,SEC,home,42,26-33,0,27,1-1,1,1,,,0,0,49,2,6,271,0,,3,29:45,0,16,4,1,34,3,224,6,41,14,6-11,5,8-65,495,1,8.2,6.6
401752683,2050,Ball State,Mid-American,away,3,10-16,0,6,1-1,1,1,,,0,0,63,3,3,71,2,,0,30:15,,,,0,33,0,-3,5,45,8,1-14,2,7-57,68,1,4.4,-0.1
401752684,57,Florida,SEC,home,16,23-33,0,20,0-0,0,,,,1,,,,10,222,6,,1,34:13,0,40,1,9,31,0,133,1,29,3,4-12,,11-103,355,1,6.7,4.3
401752684,58,South Florida,American Athletic,away,18,23-36,0,20,1-1,0,,0,0,0,0,51,2,10,263,1,1,1,25:47,0,5,1,2,29,0,128,1,35,7,6-16,,9-75,391,0,7.3,4.4
401752685,61,Georgia,SEC,home,28,27-36,0,26,0-0,2,0,0,0,0,0,20,1,4,231,3,1,0,33:09,0,9,1,0,40,4,190,2,31,6,7-13,2,3-24,421,2,6.4,4.8
401752685,2046,Austin Peay,UAC,away,6,16-23,0,10,1-2,0,2,,,1,,,,6,151,2,,0,26:51,,,,0,28,0,45,0,53,6,3-13,0,3-10,196,1,6.6,1.6
401752686,96,Kentucky,SEC,home,23,16-33,0,18,1-3,0,,0,25,0,,,,11,187,3,2,0,32:13,,,,1,37,2,172,0,39,5,5-16,,6-50,359,0,5.7,4.6
401752686,145,Ole Miss,SEC,away,30,13-24,0,20,1-1,0,,,,2,,,,12,235,6,,0,27:47,0,4,1,3,47,3,222,3,38,4,3-13,,7-86,457,2,9.8,4.7
401752687,99,LSU,SEC,home,23,26-41,0,27,0-0,0,0,,,1,0,42,1,11,237,5,,1,36:52,0,24,2,3,34,1,128,2,23,5,9-16,1,9-77,365,1,5.8,3.8
401752687,2348,Louisiana Tech,Conference USA,away,7,15-26,0,12,1-1,0,,0,0,0,0,16,1,1,96,5,1,1,23:08,0,17,2,3,27,0,58,3,36,8,3-13,,12-130,154,0,3.7,2.1
401752688,9,Arizona State,Big 12,away,20,10-23,0,23,2-3,0,,,,2,0,11,1,8,82,7,,1,37:57,,,,2,51,1,251,3,24,6,3-14,,8-49,333,2,3.6,4.9
401752688,344,Mississippi State,SEC,home,24,19-33,0,17,0-2,0,,0,10,0,0,13,1,6,279,3,2,3,22:03,0,31,2,3,30,0,66,2,16,6,6-14,,6-60,345,0,8.5,2.2
401752689,142,Missouri,SEC,home,42,30-39,0,28,4-5,1,0,0,0,0,0,49,3,10,334,2,1,3,40:27,0,15,3,6,47,2,261,3,24,7,10-19,2,7-70,595,1,8.6,5.6
401752689,2305,Kansas,Big 12,away,31,18-30,1,13,2-2,0,1,,,1,0,72,4,7,223,4,,2,19:33,0,21,1,0,19,1,3,4,35,7,3-11,2,2-10,226,1,7.4,0.2
401752690,130,Michigan,Big Ten,away,13,9-24,0,12,0-1,0,,0,0,0,0,37,2,7,142,4,1,0,27:48,0,4,2,4,32,1,146,2,38,8,3-14,,3-32,288,0,5.9,4.6
401752690,201,Oklahoma,SEC,home,24,21-34,0,22,1-1,1,0,,,1,0,2,3,6,270,1,,1,32:12,0,2,2,3,40,2,138,1,21,8,9-17,1,5-48,408,2,7.9,3.5
401752691,2569,South Carolina State,MEAC,away,10,18-28,0,13,0-1,1,0,,,0,,,,4,208,1,,1,34:39,0,7,1,5,34,0,62,2,38,5,6-16,2,6-55,270,1,7.4,1.8
401752691,2579,South Carolina,SEC,home,38,11-20,3,16,2-2,0,1,,,0,0,11,1,8,128,1,,1,25:21,2,116,3,4,36,1,125,4,41,7,3-12,0,7-48,253,0,6.4,3.5
401752692,2193,East Tennessee State,Southern,away,17,19-31,0,10,0-1,0,1,,,0,0,3,1,5,167,2,,1,24:58,,,,4,28,1,49,0,50,3,2-15,1,8-48,216,0,5.4,1.8
401752692,2633,Tennessee,SEC,home,72,38-52,0,41,0-0,0,,,,0,0,18,1,18,458,4,,4,35:02,0,118,7,5,47,5,276,3,25,7,10-14,,6-45,734,0,8.8,5.9
401752693,23,San José State,Mountain West,away,7,21-43,0,16,0-2,3,1,0,41,1,,,,1,188,3,1,0,29:45,0,21,2,6,29,1,85,1,37,4,4-15,3,3-15,273,4,4.4,2.9
401752693,251,Texas,SEC,home,38,21-33,0,18,2-2,1,3,0,0,1,0,36,2,8,317,8,1,4,30:15,0,0,1,7,32,1,155,2,43,3,2-12,2,12-115,472,2,9.6,4.8
401752694,245,Texas A&M,SEC,home,44,22-34,0,30,1-3,0,1,,,1,0,94,3,8,319,3,,4,34:14,0,18,2,6,45,2,235,6,36,9,5-13,0,5-54,554,1,9.4,5.2
401752694,328,Utah State,Mountain West,away,22,16-31,0,18,1-1,1,0,0,10,0,0,13,1,,172,2,1,3,25:46,,,,3,35,0,78,2,42,5,2-14,2,11-72,250,1,5.5,2.2
401752695,238,Vanderbilt,SEC,away,44,14-20,0,23,1-1,1,1,,,1,,,,8,228,4,,3,32:12,,,,7,37,3,262,3,34,8,5-7,1,11-77,490,2,11.4,7.1
401752695,259,Virginia Tech,ACC,home,20,17-29,0,16,1-2,1,1,0,0,0,,,,8,134,2,1,1,27:48,,,,3,31,1,114,0,15,2,6-14,1,3-30,248,1,4.6,3.7
401752810,158,Nebraska,Big Ten,home,68,32-40,0,31,0-1,1,1,,,0,0,42,2,12,494,4,,4,30:10,0,92,5,5,33,5,234,2,33,9,8-10,1,6-71,728,1,12.4,7.1
401752810,2006,Akron,Mid-American,away,0,9-23,0,13,1-2,1,1,,,0,0,125,7,0,62,2,,0,29:50,,,,0,36,0,113,0,44,3,1-14,2,1-5,175,1,2.7,3.1
401752811,213,Penn State,Big Ten,home,34,19-33,0,20,2-4,0,1,0,3,0,0,18,1,10,200,4,1,2,25:43,0,15,3,8,31,2,209,2,41,9,3-12,0,1-10,409,0,6.1,6.7
401752811,2229,Florida International,Conference USA,away,0,18-33,0,14,3-5,1,0,,,1,,,,,149,6,,0,34:17,0,10,2,2,39,0,141,2,40,2,6-18,1,4-40,290,2,4.5,3.6
401752812,84,Indiana,Big Ten,home,56,21-28,0,28,1-2,0,1,0,24,0,0,17,1,8,280,1,1,5,32:30,0,35,1,1,38,3,316,2,31,14,5-9,0,4-40,596,0,10.0,8.3
401752812,338,Kennesaw State,Conference USA,away,9,13-21,0,10,0-0,1,0,,,1,,,,9,182,3,,0,27:30,0,6,1,1,32,0,89,0,31,3,2-13,1,3-34,271,2,8.7,2.8
401752813,135,Minnesota,Big Ten,home,66,13-17,2,25,1-2,0,2,1,29,1,,,,12,226,1,2,2,33:13,0,35,5,2,46,5,258,2,21,6,2-6,0,4-45,484,1,13.3,5.6
401752813,2466,Northwestern State,Southland,away,0,9-15,0,2,0-0,2,0,0,0,2,0,39,4,,23,0,1,0,20:32,,,,1,22,0,19,1,37,4,2-10,3,2-13,42,4,1.5,0.9
401752814,30,USC,Big Ten,home,59,20-30,0,28,0-0,1,0,0,0,0,0,35,2,11,446,1,1,4,30:12,,,,2,33,4,309,4,50,8,5-9,1,8-93,755,1,14.9,9.4
401752814,290,Georgia Southern,Sun Belt,away,20,24-45,0,26,2-3,0,1,,,1,0,18,1,2,235,2,,3,29:48,0,1,2,1,33,0,142,0,41,2,4-15,1,1-1,377,1,5.2,4.3
401752815,194,Ohio State,Big Ten,home,70,24-28,1,32,1-1,0,2,0,0,1,0,17,1,10,377,1,1,5,30:55,0,8,1,1,38,4,274,2,36,9,5-7,1,3-15,651,1,13.5,7.2
401752815,2755,Grambling,SWAC,away,0,11-22,0,10,1-1,2,0,0,0,1,0,14,1,0,72,1,1,0,29:05,,,,0,33,0,94,0,41,1,3-14,2,6-40,166,3,3.3,2.8
401752816,103,Boston College,ACC,away,40,34-45,0,25,0-0,1,1,,,0,0,54,3,10,390,1,,4,30:12,,,,2,25,1,67,4,31,8,5-11,1,8-59,457,1,8.7,2.7
401752816,127,Michigan State,Big Ten,home,42,19-29,0,21,1-2,1,1,,,0,0,108,3,10,231,3,,4,29:48,0,8,3,1,35,1,149,0,37,4,5-12,2,6-60,380,1,8.0,4.3
401752817,77,Northwestern,Big Ten,home,42,21-29,0,24,1-1,1,0,0,7,0,,,,10,245,8,1,3,35:54,0,2,4,4,41,2,281,2,26,3,8-16,2,6-54,526,1,8.4,6.9
401752817,2710,Western Illinois,Big South-OVC,away,7,12-27,0,10,0-0,0,1,,,1,0,63,5,1,110,3,,1,24:06,,,,0,23,0,71,1,37,6,2-12,0,3-13,181,1,4.1,3.1
401752818,164,Rutgers,Big Ten,home,45,26-36,0,31,0-1,0,,0,68,0,0,47,2,9,259,0,1,4,39:06,0,7,1,0,41,2,162,2,23,5,7-10,,2-14,421,0,7.2,4.0
401752818,193,Miami (OH),Mid-American,away,17,14-23,0,14,0-1,0,,,,1,,,,5,251,3,,0,20:54,,,,0,22,2,117,3,39,5,3-8,,10-94,368,1,10.9,5.3
401752819,79,Southern Illinois,MVFC,away,17,20-33,0,20,1-2,0,,0,0,0,,,,5,202,2,1,1,23:14,,,,0,26,1,81,0,48,7,5-11,,5-66,283,0,6.1,3.1
401752819,2509,Purdue,Big Ten,home,34,14-23,0,29,2-3,0,,,,1,0,40,2,10,170,3,,2,36:46,0,17,1,0,53,2,214,3,36,7,9-14,,2-30,384,1,7.4,4.0
401752820,275,Wisconsin,Big Ten,home,42,23-27,0,21,2-2,0,,0,0,1,0,25,1,6,283,2,1,3,30:43,0,3,1,0,29,3,173,5,37,8,4-9,,0-0,456,1,10.5,6.0
401752820,2393,Middle Tennessee,Conference USA,away,10,21-32,0,14,1-2,0,1,0,7,1,,,,4,208,0,1,1,29:17,0,15,1,0,28,0,33,0,39,7,5-14,0,4-25,241,1,6.5,1.2
401752821,264,Washington,Big Ten,home,70,19-30,1,34,2-2,0,,0,0,0,0,28,2,10,304,2,1,1,35:08,1,95,2,3,46,8,324,3,29,4,11-13,,5-65,628,0,10.1,7.0
401752821,302,UC Davis,Big Sky,away,10,14-28,0,13,1-1,0,0,,,1,0,24,2,4,142,1,,1,24:52,,,,1,24,0,76,0,48,1,4-12,1,9-65,218,1,5.1,3.2
401752822,66,Iowa State,Big 12,home,16,18-27,0,14,0-0,1,0,0,24,0,0,0,1,10,134,3,1,1,28:52,0,1,1,4,30,0,104,3,34,6,8-15,2,5-42,238,1,5.0,3.5
401752822,2294,Iowa,Big Ten,away,13,13-24,0,16,1-2,0,1,,,1,0,55,3,7,83,4,,0,31:08,0,-7,1,1,39,1,131,0,25,3,5-14,1,4-38,214,1,3.5,3.4
401752823,26,UCLA,Big Ten,away,23,29-41,0,27,4-5,1,0,,,1,0,106,5,11,255,1,,1,31:26,0,0,1,0,30,1,173,2,18,3,3-13,1,14-129,428,2,6.2,5.8
401752823,2439,UNLV,Mountain West,home,30,15-21,0,20,1-1,0,1,0,0,0,0,19,2,6,203,4,1,3,28:34,0,0,1,3,30,1,151,2,34,5,5-10,0,13-130,354,0,9.7,5.0
401752824,197,Oklahoma State,Big 12,away,3,7-19,0,9,1-1,0,,,,2,0,39,3,3,67,0,,0,31:19,,,,3,42,0,144,0,28,3,4-16,,8-45,211,2,3.5,3.4
401752824,2483,Oregon,Big Ten,home,69,18-25,2,24,1-2,0,,2,56,0,,,,9,319,7,2,3,28:41,0,15,1,2,37,5,312,2,33,4,7-12,,6-35,631,0,12.8,8.4
401752825,150,Duke,ACC,home,19,25-39,0,21,1-2,4,0,,,1,,,,7,356,4,,2,23:48,0,4,1,3,24,0,82,4,33,10,4-10,4,6-69,438,5,9.1,3.4
401752825,356,Illinois,Big Ten,away,45,22-31,0,25,2-2,0,4,0,-1,0,0,25,2,9,296,1,1,3,36:12,,,,5,42,3,123,2,27,2,5-13,1,7-51,419,0,9.5,2.9
401752826,120,Maryland,Big Ten,home,20,19-36,0,20,1-2,1,0,,,0,0,16,2,8,254,1,,2,26:25,0,15,3,1,28,0,86,4,44,9,3-12,1,3-30,340,1,7.1,3.1
401752826,2459,Northern Illinois,Mid-American,away,9,14-22,0,13,4-6,0,1,,,0,0,50,3,3,91,3,,0,33:35,,,,1,48,1,180,0,37,2,7-20,0,6-55,271,0,4.1,3.8
401752937,204,Oregon State,Pac-12,home,27,32-49,0,30,1-2,0,,0,31,2,0,65,5,3,388,1,1,4,37:25,0,5,1,1,33,0,156,0,30,4,10-17,,10-70,544,2,7.9,4.7
401752937,278,Fresno State,Mountain West,away,36,13-18,2,15,0-0,0,,1,61,1,0,121,5,12,121,6,2,0,22:34,1,42,1,5,27,2,199,2,44,6,1-8,,6-55,320,1,6.7,7.4
401752948,21,San Diego State,Mountain West,away,13,15-30,0,10,1-4,0,,,,0,,,,1,133,4,,1,24:54,0,4,1,4,30,1,82,0,44,3,2-13,,6-38,215,0,4.4,2.7
401752948,265,Washington State,Pac-12,home,36,28-42,0,19,2-3,0,0,,,0,0,44,2,10,257,5,,3,35:06,0,21,3,5,33,1,145,3,31,7,5-18,1,8-55,402,0,6.1,4.4
401754524,152,NC State,ACC,home,35,16-23,0,22,2-2,0,,0,0,0,,,,5,200,2,1,1,27:35,0,8,1,4,33,4,220,0,31,5,1-7,,1-15,420,0,8.7,6.7
401754524,258,Virginia,ACC,away,31,30-43,0,24,1-2,0,,,,1,0,19,1,7,257,3,,1,32:25,0,81,4,4,32,3,257,0,26,5,13-19,,3-20,514,1,6.0,8.0
401754525,239,Baylor,Big 12,away,48,34-50,0,32,3-6,2,0,0,0,0,0,142,6,12,440,2,1,4,32:36,0,-6,2,0,44,2,161,2,41,5,8-18,2,6-64,601,2,8.8,3.7
401754525,2567,SMU,ACC,home,45,16-22,0,23,1-1,0,2,,,1,0,38,2,9,295,7,,3,27:24,0,4,1,0,44,3,163,1,55,6,5-13,1,6-55,458,1,13.4,3.7
401754526,24,Stanford,ACC,away,3,17-32,0,12,2-3,1,0,,,2,0,39,2,3,142,0,,0,25:04,,,,2,24,0,19,3,44,6,2-13,2,6-45,161,3,4.4,0.8
401754526,252,BYU,Big 12,home,27,17-27,0,18,1-2,0,1,0,50,0,0,44,1,13,175,0,2,0,34:56,0,61,3,7,41,2,157,3,25,8,5-14,1,4-35,332,0,6.5,3.8
401754527,153,North Carolina,ACC,away,20,17-25,0,15,1-2,0,,0,34,0,0,19,1,8,155,5,2,1,29:38,0,8,2,5,33,1,148,1,34,5,5-15,,5-55,303,0,6.2,4.5
401754527,2429,Charlotte,American Athletic,home,3,25-41,0,21,0-1,0,,,,2,,,,3,250,2,,0,30:22,0,5,2,2,28,0,22,0,36,5,7-16,,5-43,272,2,6.1,0.8
401754528,97,Louisville,ACC,home,28,13-23,1,12,1-2,1,1,0,0,0,0,25,1,6,151,2,1,1,22:48,,,,2,30,1,113,6,39,7,5-14,1,5-49,264,1,6.6,3.8
401754528,256,James Madison,Sun Belt,away,14,18-31,0,19,1-3,1,1,,,1,0,51,3,2,137,4,,1,37:12,0,17,3,4,47,1,126,3,25,8,7-17,1,12-95,263,2,4.4,2.7
401754529,221,Pittsburgh,ACC,home,45,24-32,0,22,0-1,0,1,,,1,0,84,3,9,340,2,,4,23:17,0,26,2,10,26,2,124,4,38,11,6-9,0,6-63,464,1,10.6,4.8
401754529,2117,Central Michigan,Mid-American,away,17,20-27,0,13,3-5,1,0,0,18,0,0,31,2,5,177,3,1,1,36:43,0,2,1,3,41,1,40,1,34,2,6-17,3,9-75,217,1,6.6,1.0
401754530,25,California,ACC,home,35,28-39,0,22,1-2,1,0,0,28,1,0,52,2,9,286,3,1,1,31:38,0,44,5,5,34,3,181,2,23,5,6-12,2,7-81,467,2,7.3,5.3
401754530,2640,Texas Southern,SWAC,away,3,20-36,0,13,0-0,0,1,0,17,1,0,91,4,3,140,3,1,0,28:22,0,7,1,0,22,0,52,1,39,3,3-14,0,10-75,192,1,3.9,2.4
401754618,41,UConn,FBS Independents,away,20,25-44,0,20,2-4,0,1,0,0,0,0,36,2,8,274,6,1,1,33:34,0,8,4,2,34,1,142,3,51,7,4-17,0,4-32,416,0,6.2,4.2
401754618,183,Syracuse,ACC,home,27,33-53,0,24,1-3,1,0,,,1,0,16,1,7,417,7,,2,26:26,0,6,2,4,29,1,44,1,57,7,5-15,1,4-28,461,2,7.9,1.5
401754620,154,Wake Forest,ACC,home,42,16-26,0,21,0-1,2,1,0,5,1,0,26,1,4,269,5,1,2,24:02,0,53,5,8,31,4,273,5,33,15,4-10,2,3-22,542,3,10.3,8.8
401754620,2717,Western Carolina,Southern,away,10,26-43,0,17,2-3,1,2,0,0,1,0,11,1,4,204,2,1,0,35:58,,,,1,33,1,34,0,32,8,4-17,3,5-48,238,2,4.7,1.0
401754621,52,Florida State,ACC,home,77,16-20,0,29,3-3,1,0,0,48,0,0,40,2,11,368,2,2,6,31:59,0,25,2,0,51,5,361,3,25,9,10-14,2,3-35,729,1,18.4,7.1
401754621,2837,East Texas A&M,Southland,away,3,7-13,0,9,0-1,0,1,,,2,,,,3,92,1,,0,28:01,,,,0,36,0,105,1,42,5,3-12,1,7-55,197,2,7.1,2.9
401754622,59,Georgia Tech,ACC,home,59,22-29,0,21,1-2,1,1,,,1,0,6,1,11,457,2,,2,22:40,0,50,4,1,28,5,223,6,40,14,2-8,2,12-94,680,2,15.8,8.0
401754622,2241,Gardner-Webb,Big South-OVC,away,12,20-30,0,20,1-2,1,0,0,0,0,0,34,3,0,209,0,1,2,37:23,,,,3,47,0,117,0,36,1,4-18,1,5-20,326,1,7.0,2.5
401754637,228,Clemson,ACC,home,27,18-24,0,17,0-1,1,0,0,13,1,0,30,2,9,196,3,3,2,26:59,,,,4,31,1,120,4,42,5,5-12,1,3-30,316,2,8.2,3.9
401754637,2653,Troy,Sun Belt,away,16,19-31,1,16,1-2,0,1,1,4,3,,,,4,223,4,1,1,33:01,0,1,1,0,32,0,78,1,37,4,5-13,0,10-97,301,3,7.2,2.4
401754641,2065,Bethune-Cookman,SWAC,away,3,14-18,0,14,0-1,1,0,,,1,,,,3,99,4,,0,31:55,,,,0,33,0,92,2,38,3,1-11,1,2-20,191,2,5.5,2.8
401754641,2390,Miami,ACC,home,45,30-36,0,31,0-1,0,1,0,0,0,0,25,1,9,344,0,1,2,28:05,0,11,2,1,30,4,199,1,30,10,4-6,1,4-50,543,0,9.6,6.6
401756879,12,Arizona,Big 12,home,48,20-28,1,31,1-1,0,,1,52,0,,,,12,406,4,2,5,32:39,0,-7,1,1,39,0,150,2,24,6,5-10,,10-80,556,0,14.5,3.8
401756879,2692,Weber State,Big Sky,away,3,10-24,0,11,0-0,0,,,,2,0,19,1,3,68,2,,0,27:21,0,20,1,1,31,0,116,3,30,4,2-13,,7-68,184,2,2.8,3.7
401756880,189,Bowling Green,Mid-American,away,20,29-37,0,21,1-2,0,1,,,0,0,41,2,8,274,2,,1,37:11,0,0,1,0,34,1,98,0,32,6,6-16,1,4-28,372,0,7.4,2.9
401756880,2132,Cincinnati,Big 12,home,34,17-24,0,18,1-1,1,0,,,0,0,23,1,10,333,1,,3,22:49,0,3,1,2,29,1,106,4,38,8,2-7,1,5-52,439,1,13.9,3.7
401756881,38,Colorado,Big 12,home,31,22-30,0,21,1-1,0,2,0,2,0,,,,7,267,7,1,2,32:57,0,14,1,5,36,2,135,2,39,7,7-16,0,4-40,402,0,8.9,3.8
401756881,48,Delaware,Conference USA,away,7,18-36,0,19,1-3,1,0,,,1,,,,1,312,3,,1,27:03,0,13,1,1,29,0,85,5,46,11,2-10,2,3-31,397,2,8.7,2.9
401756882,349,Army,American Athletic,away,24,8-12,0,20,6-7,0,,0,8,0,,,,6,95,4,1,1,40:29,0,0,1,2,70,2,237,0,29,2,10-22,,2-10,332,0,7.9,3.4
401756882,2306,Kansas State,Big 12,home,21,15-25,1,13,2-2,0,,,,1,1,143,2,7,172,0,,1,19:31,0,0,1,4,18,0,74,0,56,4,2-9,,2-15,246,1,6.9,4.1
401756883,195,Ohio,Mid-American,home,17,22-31,0,24,1-3,0,0,0,21,3,0,16,1,5,247,3,1,1,40:15,0,1,2,6,47,1,182,4,25,7,5-14,2,10-68,429,3,8.0,3.9
401756883,277,West Virginia,Big 12,away,10,15-28,0,13,0-1,0,,0,37,1,0,63,3,4,178,5,3,0,16:40,0,19,2,3,28,1,72,3,40,6,2-13,,8-85,250,1,6.4,2.6
401756884,242,Rice,American Athletic,home,9,11-13,0,16,0-2,1,0,,,1,0,42,2,3,51,6,,0,32:46,0,11,1,0,53,1,177,3,27,5,4-15,1,1-10,228,2,3.9,3.3
401756884,248,Houston,Big 12,away,35,15-22,1,14,0-1,0,1,1,37,0,0,28,1,5,188,1,1,1,27:14,0,2,1,0,37,3,207,3,34,8,9-16,0,2-23,395,0,8.5,5.6
401756885,2309,Kent State,Mid-American,away,14,11-25,0,10,1-3,1,1,,,1,0,46,3,2,165,2,,1,29:57,,,,3,34,1,64,0,45,3,2-14,2,4-36,229,2,6.6,1.9
401756885,2641,Texas Tech,Big 12,home,62,27-38,1,27,1-2,1,1,1,55,0,0,12,1,14,371,4,1,4,30:03,0,34,3,13,42,3,230,3,31,6,6-13,1,7-60,601,1,9.8,5.5
401756886,2116,UCF,Big 12,home,68,14-24,2,20,2-2,0,2,0,0,0,1,96,1,14,204,4,1,0,24:01,0,38,2,4,32,7,356,2,50,11,5-11,0,6-55,560,0,8.5,11.1
401756886,2448,North Carolina A&T,CAA,away,7,5-11,0,13,0-0,2,0,,,1,0,80,4,1,40,2,,0,36:15,0,20,2,0,51,1,160,1,36,3,5-17,3,7-59,200,3,3.6,3.1
401756887,13,Cal Poly,Big Sky,away,9,15-30,0,12,0-1,0,,,,2,0,34,2,9,158,3,,0,28:45,0,-2,1,0,28,0,65,1,33,4,3-13,,4-20,223,2,5.3,2.3
401756887,254,Utah,Big 12,home,63,21-27,1,24,1-1,0,,1,50,0,,,,9,245,5,2,3,31:15,0,58,2,0,46,5,273,3,34,9,9-13,,7-65,518,0,9.1,5.9
401757227,55,Jacksonville State,Conference USA,home,34,6-12,0,18,0-0,0,1,0,11,0,0,12,1,10,52,5,1,0,30:24,,,,1,48,4,343,4,43,6,8-14,0,1-10,395,0,4.3,7.1
401757227,2335,Liberty,Conference USA,away,24,19-29,0,20,0-2,1,0,,,1,0,44,4,6,335,1,,2,29:36,0,15,2,1,37,1,199,0,36,1,7-14,1,4-30,534,2,11.6,5.4
401757228,276,Marshall,Sun Belt,home,20,13-24,0,12,1-3,0,,0,34,1,0,23,1,8,83,2,1,0,25:26,0,51,2,9,33,2,191,6,30,12,3-15,,5-40,274,1,3.5,5.8
401757228,2623,Missouri State,Conference USA,away,21,22-32,0,18,0-0,0,0,0,5,1,0,63,3,3,388,5,1,3,34:34,0,15,2,5,38,0,86,1,28,3,7-16,2,8-93,474,1,12.1,2.3
401757229,166,New Mexico State,Conference USA,home,21,28-45,0,19,1-1,1,0,0,8,0,0,15,1,7,252,6,2,2,30:50,0,12,2,3,26,0,39,1,45,6,10-19,1,8-65,291,1,5.6,1.5
401757229,202,Tulsa,American Athletic,away,14,27-40,0,25,2-4,0,1,,,2,,,,2,235,4,,1,29:10,0,19,2,3,37,1,141,2,38,9,6-15,1,6-40,376,2,5.9,3.8
401757230,62,Hawai'i,Mountain West,home,37,27-43,1,24,3-3,1,0,1,41,1,0,50,2,13,294,4,1,3,32:53,,,,2,34,0,123,3,28,6,6-17,1,6-73,417,2,6.8,3.6
401757230,2534,Sam Houston,Conference USA,away,20,18-28,1,19,0-1,0,1,1,66,1,0,44,3,8,159,6,1,1,27:07,0,8,1,2,31,0,89,3,40,3,2-11,0,9-105,248,1,5.7,2.9
401757231,2630,UT Martin,Big South-OVC,away,17,24-36,0,19,2-6,1,1,,,0,0,94,5,5,295,3,,1,38:48,0,31,5,1,40,1,76,3,30,6,4-17,1,6-35,371,1,8.2,1.9
401757231,2638,UTEP,Conference USA,home,42,15-29,0,14,0-0,1,1,,,0,0,64,3,4,278,3,,4,21:12,0,23,2,6,25,2,194,4,41,11,4-10,1,4-40,472,1,9.6,7.8
401757232,98,Western Kentucky,Conference USA,away,21,24-39,0,18,0-2,1,0,0,0,1,,,,3,274,2,1,2,26:35,0,0,1,2,28,1,59,0,28,1,6-14,1,4-45,333,2,7.0,2.1
401757232,2649,Toledo,Mid-American,home,45,12-21,1,21,0-1,0,1,1,37,1,0,19,2,9,201,3,1,3,33:25,0,14,3,5,42,2,307,2,27,4,5-12,0,9-78,508,1,9.6,7.3
401760363,68,Boise State,Mountain West,home,51,17-29,0,22,0-1,0,1,0,21,0,0,20,1,9,309,3,1,2,28:24,0,16,2,9,39,5,328,1,40,7,7-13,1,6-55,637,0,10.7,8.4
401760363,331,Eastern Washington,Big Sky,away,14,19-37,0,13,1-3,1,0,,,1,,,,2,176,3,,0,31:36,,,,2,31,2,117,0,39,5,6-18,1,5-39,293,2,4.8,3.8
401760364,36,Colorado State,Mountain West,home,21,14-26,0,27,0-1,4,1,0,16,1,,,,3,141,5,1,0,30:37,0,36,3,1,46,3,230,0,31,6,5-10,4,10-94,371,5,5.4,5.0
401760364,2458,Northern Colorado,Big Sky,away,17,17-28,0,17,2-2,1,4,0,0,1,,,,5,160,4,1,0,29:23,,,,1,34,2,63,1,38,4,3-14,1,5-44,223,2,5.7,1.9
401760365,16,Sacramento State,Big Sky,away,17,14-19,0,15,2-3,0,,0,27,1,,,,5,225,0,2,1,27:14,,,,0,41,1,146,0,43,5,2-12,,9-71,371,1,11.8,3.6
401760365,2440,Nevada,Mountain West,home,20,12-21,1,23,2-4,0,,1,36,2,0,21,1,8,144,0,1,0,32:46,0,14,2,0,47,1,270,3,36,7,4-12,,7-62,414,2,6.9,5.7
401760366,167,New Mexico,Mountain West,home,32,13-21,0,20,1-2,1,0,0,0,0,0,83,4,6,155,1,1,0,29:29,0,3,1,4,38,4,218,0,43,3,6-13,1,2-13,373,1,7.4,5.7
401760366,304,Idaho State,Big Sky,away,22,28-39,0,21,0-1,0,1,,,1,0,20,1,10,265,1,,1,30:31,0,12,1,1,31,1,121,2,31,4,8-15,2,9-99,386,1,6.8,3.9
401760367,2460,Northern Iowa,MVFC,away,7,16-29,0,13,0-0,0,1,,,2,0,48,2,1,111,2,,0,30:41,0,9,1,0,29,1,59,4,46,9,5-16,0,9-80,170,2,3.8,2.0
401760367,2751,Wyoming,Mountain West,home,31,20-26,0,25,0-0,1,0,0,-2,0,,,,7,190,2,2,2,29:19,0,57,5,2,37,2,189,2,33,2,4-10,1,13-115,379,1,7.3,5.1
401761596,2026,App State,Sun Belt,home,20,19-34,0,20,0-2,3,0,0,27,1,0,28,1,8,293,7,2,2,24:52,0,18,5,10,33,0,209,8,27,16,6-13,3,9-80,502,4,8.6,6.3
401761596,2815,Lindenwood,Big South-OVC,away,13,20-36,0,13,2-4,0,3,0,-3,2,0,39,1,1,217,4,1,1,35:08,,,,1,33,1,-1,1,28,2,3-17,1,3-30,216,2,6.0,0.0
401761597,324,Coastal Carolina,Sun Belt,home,13,16-27,0,27,1-1,0,0,0,0,3,,,,7,139,5,1,0,35:35,0,2,2,3,51,1,245,2,27,6,7-14,3,8-80,384,3,5.1,4.8
401761597,2127,Charleston Southern,Big South-OVC,away,0,10-22,0,10,1-1,0,,0,0,1,0,32,2,,55,2,3,0,24:25,0,29,2,0,26,0,98,1,50,5,0-11,,10-65,153,1,2.5,3.8
401761598,235,Memphis,American Athletic,away,38,16-20,1,21,1-1,0,,1,31,0,,,,8,196,3,1,0,29:53,0,54,2,5,40,4,205,3,39,10,5-10,,7-65,401,0,9.8,5.1
401761598,2247,Georgia State,Sun Belt,home,16,29-41,0,19,1-3,0,0,,,1,0,75,4,2,340,2,,1,30:07,,,,4,27,1,49,1,44,8,6-15,2,9-50,389,1,8.3,1.8
401761599,295,Old Dominion,Sun Belt,home,54,22-29,0,25,1-1,1,1,0,34,0,0,28,2,10,277,4,2,3,28:23,0,22,1,4,34,4,268,2,25,12,3-10,3,6-74,545,1,9.6,7.9
401761599,2428,North Carolina Central,MEAC,away,6,13-27,0,14,0-2,1,1,,,2,0,203,9,6,102,0,,0,31:37,,,,1,38,0,136,1,29,2,4-15,3,8-89,238,3,3.8,3.6
401761600,309,Louisiana,Sun Belt,home,34,14-22,0,25,2-3,0,1,0,0,0,0,77,3,10,86,1,1,1,34:17,0,-13,1,1,45,3,315,1,31,2,4-11,2,6-55,401,0,3.9,7.0
401761600,2377,McNeese,Southland,away,10,19-30,0,14,2-3,1,0,,,1,0,39,4,4,191,2,,0,25:43,0,7,1,0,26,1,47,1,44,6,4-12,2,8-105,238,2,6.4,1.8
401761601,6,South Alabama,Sun Belt,home,31,17-24,0,23,2-4,2,1,,,0,,,,5,231,3,,2,25:31,0,42,2,0,41,2,190,1,33,5,4-12,2,2-10,421,2,9.6,4.6
401761601,2655,Tulane,American Athletic,away,33,16-27,0,23,1-1,1,2,,,0,0,110,5,9,165,2,,1,34:29,0,0,1,3,45,3,241,1,26,3,9-17,1,11-87,406,1,6.1,5.4
401761602,2296,Jackson State,SWAC,away,20,14-28,0,19,1-1,0,,,,2,0,115,3,8,131,3,,0,31:15,0,13,1,6,42,2,191,2,27,6,5-16,,12-87,322,2,4.7,4.5
401761602,2572,Southern Miss,Sun Belt,home,38,22-32,1,25,0-0,0,,0,43,0,0,54,2,8,224,7,2,3,28:45,1,71,4,2,36,1,139,3,28,7,4-11,,4-43,363,0,7.0,3.9
401761603,326,Texas State,Sun Belt,away,43,12-20,0,17,1-1,0,,,,1,0,121,4,11,286,5,,1,29:37,,,,3,44,4,175,1,39,7,6-16,,5-55,461,1,14.3,4.0
401761603,2636,UTSA,American Athletic,home,36,23-43,0,25,1-6,0,,0,9,0,0,52,2,4,219,4,1,2,30:23,0,3,1,2,33,3,278,1,45,5,3-12,,6-60,497,0,5.1,8.4
401762458,5,UAB,American Athletic,away,24,23-33,0,23,1-2,1,0,,,2,0,39,2,6,321,0,,2,27:38,0,5,2,0,27,1,92,0,21,5,6-13,1,4-32,413,3,9.7,3.4
401762458,2426,Navy,American Athletic,home,38,6-8,0,20,1-1,0,1,0,0,0,0,15,1,8,168,1,2,1,32:22,,,,4,51,4,295,1,21,3,4-9,2,8-97,463,0,21.0,5.8
401762459,151,East Carolina,American Athletic,home,56,31-44,0,27,0-1,0,2,,,0,,,,8,363,3,,3,27:44,0,38,3,0,37,5,172,2,19,9,13-17,0,10-84,535,0,8.3,4.6
401762459,2097,Campbell,CAA,away,3,22-36,0,14,1-1,2,0,,,0,0,87,4,3,147,3,,0,32:16,,,,0,27,0,4,0,41,1,2-14,3,3-25,151,2,4.1,0.1
401762460,50,Florida A&M,SWAC,away,14,19-35,0,16,1-2,0,0,,,0,0,0,1,2,227,6,,2,30:15,0,14,2,3,29,0,70,1,40,4,5-16,2,6-52,297,0,6.5,2.4
401762460,2226,Florida Atlantic,American Athletic,home,56,29-45,1,34,3-3,0,0,,,0,0,23,1,12,360,5,,5,29:45,1,62,4,5,34,1,193,2,31,4,5-13,2,2-15,553,0,8.0,5.7
401762461,249,North Texas,American Athletic,away,33,18-33,0,23,0-0,0,,,,0,0,67,3,9,224,1,,2,23:21,,,,0,30,2,182,1,50,4,6-14,,9-81,406,0,6.8,6.1
401762461,2711,Western Michigan,Mid-American,home,30,7-14,0,18,1-1,0,0,,,0,0,125,6,12,87,6,,1,36:39,0,-4,1,1,57,2,216,3,37,4,9-18,2,9-76,303,0,6.2,3.8
401762462,47,Howard,MEAC,away,7,8-20,0,9,0-0,0,,,,1,0,55,3,1,39,0,,1,23:46,,,,0,28,0,82,2,51,5,5-14,,5-39,121,1,2.0,2.9
401762462,218,Temple,American Athletic,home,55,14-16,0,28,1-1,0,0,0,0,0,0,36,2,13,231,2,1,4,36:14,0,59,4,1,48,3,331,2,32,6,8-12,1,6-70,562,0,14.4,6.9
401762794,2084,Buffalo,Mid-American,home,45,11-22,0,32,2-4,0,2,,,2,,,,9,133,4,,1,37:19,0,74,7,3,63,5,370,3,25,7,11-17,0,3-29,503,2,6.0,5.9
401762794,2598,St. Francis (PA),NEC,away,6,18-31,0,7,1-2,1,0,0,6,0,0,25,1,0,115,3,2,0,22:41,,,,0,20,1,11,0,55,3,4-15,1,6-30,126,1,3.7,0.6
401762795,2199,Eastern Michigan,Mid-American,home,23,18-29,0,17,0-1,0,0,,,0,0,140,5,5,189,6,,2,22:07,,,,4,25,1,122,0,18,6,5-12,1,0-0,311,0,6.5,4.9
401762795,2341,Long Island University,NEC,away,28,15-24,0,21,0-1,0,0,,,0,,,,4,248,2,,0,37:53,,,,6,45,4,231,0,27,4,11-17,1,3-22,479,0,10.3,5.1
401762816,113,Massachusetts,Mid-American,home,26,20-32,1,21,0-0,0,,1,23,1,0,57,1,8,257,6,2,0,36:05,0,6,2,2,35,2,101,2,25,3,7-15,,9-98,358,1,8.0,2.9
401762816,2803,Bryant,CAA,away,27,22-45,0,25,1-1,0,,0,0,2,0,132,5,9,318,3,1,3,23:55,,,,6,25,0,81,2,32,10,4-14,,4-27,399,2,7.1,3.2
401767089,70,Idaho,Big Sky,home,37,20-25,,22,0-1,0,1,,,1,0,107,5,5,281,,,3,31:19,,,,,35,2,186,,,,6-10,1,13-104,467,1,11.2,5.3
401767089,2900,St. Thomas (MN),Pioneer,away,30,21-32,,26,1-2,1,0,0,0,0,0,80,4,6,264,,1,3,28:41,,,,,34,1,208,,,,3-11,1,7-52,472,1,8.3,6.1
401767097,149,Montana,Big Sky,home,42,15-25,,20,1-2,1,0,0,25,2,0,67,3,6,257,,2,2,23:51,0,82,3,,35,4,310,,,,7-12,1,8-85,567,3,10.3,8.9
401767097,2120,Central Washington,Lone Star,away,17,9-20,,21,0-0,0,,0,10,2,0,61,4,5,108,,2,1,36:09,0,6,1,,44,1,221,,,,4-14,,3-25,329,2,5.4,5.0
401767105,147,Montana State,Big Sky,home,24,19-29,,17,0-1,2,2,,,0,0,51,2,6,139,,,0,26:55,0,9,3,,42,2,210,,,,5-15,2,4-28,349,2,4.8,5.0
401767105,2571,South Dakota State,MVFC,away,30,17-25,,16,1-2,2,2,,,0,0,45,2,6,190,,,3,33:05,0,-1,3,,40,1,107,,,,1-13,3,5-45,297,2,7.6,2.7
401767112,2464,Northern Arizona,Big Sky,home,38,21-28,,20,0-1,0,,0,62,1,,,,8,229,,3,1,33:08,0,5,1,,41,4,162,,,,7-14,,9-88,391,1,8.2,4.0
401767112,3101,Utah Tech,UAC,away,31,15-31,,20,1-1,0,0,0,0,3,0,26,1,7,136,,1,1,26:52,0,23,3,,31,3,158,,,,5-14,4,6-45,294,3,4.4,5.1
401767127,155,North Dakota,MVFC,home,50,15-23,,27,1-1,1,1,0,44,0,0,80,4,6,171,,2,4,35:34,0,28,1,,51,3,275,,,,5-12,2,1-15,446,1,7.4,5.4
401767127,2502,Portland State,Big Sky,away,20,11-18,,12,0-3,1,1,,,2,0,86,5,2,146,,,1,24:26,0,8,1,,31,1,82,,,,4-9,1,4-35,228,3,8.1,2.6
401767149,2166,Davidson,Pioneer,away,7,12-30,,10,1-3,1,0,,,0,0,61,4,1,93,,,1,23:45,,,,,24,0,65,,,,3-14,2,2-10,158,1,3.1,2.7
401767149,2210,Elon,CAA,home,55,16-29,,30,2-3,0,1,,,0,0,18,1,13,258,,,3,36:15,0,39,3,,51,4,289,,,,5-13,0,8-80,547,0,8.9,5.7
401767172,282,Indiana State,MVFC,home,38,21-28,,22,0-1,0,,0,16,0,0,20,1,11,201,,1,3,25:00,0,50,4,,36,2,211,,,,3-9,,6-65,412,0,7.2,5.9
401767172,2197,Eastern Illinois,Big South-OVC,away,14,16-25,,18,1-2,0,0,,,1,0,29,3,2,150,,,0,35:00,0,7,1,,45,2,89,,,,5-16,1,7-28,239,1,6.0,2.0
401767180,2207,Elizabeth City State,CIAA,away,20,19-30,,25,3-4,2,1,,,0,0,39,3,2,188,,,1,31:16,0,10,1,,36,2,165,,,,4-12,3,6-50,353,2,6.3,4.6
401767180,2261,Hampton,CAA,home,27,11-20,,20,2-4,1,2,,,0,0,35,1,9,59,,,0,28:44,,,,,46,3,332,,,,5-13,1,10-102,391,1,3.0,7.2
401767189,311,Maine,CAA,away,27,13-27,,21,3-3,0,,,,1,0,21,1,9,97,,,2,32:52,0,25,1,,42,1,226,,,,5-15,,8-70,323,1,3.6,5.4
401767189,2729,William & Mary,CAA,home,28,13-20,,19,1-3,0,0,0,1,0,0,97,5,4,129,,1,2,27:08,0,33,1,,39,2,124,,,,4-11,1,3-47,253,0,6.5,3.2
401767216,2453,North Alabama,UAC,away,21,13-36,,26,1-4,0,2,,,1,0,66,4,1,160,,,2,29:30,,,,,42,1,280,,,,4-14,0,6-70,440,1,4.4,6.7
401767216,2546,Southeast Missouri State,Big South-OVC,home,30,21-33,,22,0-0,2,0,0,0,0,0,72,2,12,225,,1,2,30:30,0,36,4,,36,1,159,,,,8-17,2,6-65,384,2,6.8,4.4
401767224,2449,North Dakota State,MVFC,away,59,16-23,,24,1-1,0,1,1,34,1,0,49,2,11,242,,1,2,33:37,0,79,4,,38,5,193,,,,3-9,0,1-10,435,1,10.5,5.1
401767224,2634,Tennessee State,Big South-OVC,home,3,8-18,,4,0-0,1,0,0,0,1,0,42,3,3,61,,1,0,26:23,,,,,28,0,70,,,,1-13,1,5-44,131,2,3.4,2.5
401767231,236,Chattanooga,Southern,away,17,22-45,,15,2-3,1,1,0,7,1,0,57,3,5,249,,1,1,32:42,,,,,28,1,25,,,,8-20,1,2-25,274,2,5.5,0.9
401767231,2635,Tennessee Tech,Big South-OVC,home,45,19-28,,22,1-2,1,1,0,30,1,0,45,2,9,292,,1,3,27:18,0,2,2,,32,3,221,,,,4-10,1,4-32,513,2,10.4,6.9
401767238,2000,Abilene Christian,UAC,home,28,23-34,,20,1-1,1,2,0,0,0,0,43,2,4,239,,1,0,34:49,0,7,2,,41,3,132,,,,9-17,2,9-55,371,1,7.0,3.2
401767238,2617,Stephen F. Austin,Southland,away,20,25-39,,16,2-5,2,1,,,1,0,42,2,2,248,,,1,25:11,0,61,3,,33,0,52,,,,6-17,2,10-92,300,3,6.4,1.6
401767257,2230,Fordham,Patriot,home,28,27-49,,23,1-2,1,0,0,0,1,0,88,6,4,382,,1,3,31:13,,,,,25,1,39,,,,6-15,1,9-85,421,2,7.8,1.6
401767257,2405,Monmouth,CAA,away,49,29-43,,25,6-7,0,1,0,5,1,0,132,3,5,342,,1,6,28:47,0,-3,1,,36,1,129,,,,5-16,0,9-90,471,1,8.0,3.6
401767266,107,Holy Cross,Patriot,away,16,8-15,,18,1-3,0,0,0,8,1,0,42,3,4,95,,2,0,31:12,0,17,2,,43,1,156,,,,2-11,2,6-85,251,1,6.3,3.6
401767266,160,New Hampshire,CAA,home,19,12-23,,14,1-1,0,,0,0,2,0,85,4,13,182,,1,1,28:48,,,,,31,0,97,,,,2-12,,6-60,279,2,7.9,3.1
401767277,2198,Eastern Kentucky,UAC,home,20,13-19,,10,2-3,1,4,,,1,0,39,3,8,79,,,0,33:00,0,7,1,,39,1,94,,,,1-16,1,5-24,173,2,4.2,2.4
401767277,2277,Houston Christian,Southland,away,10,22-45,,17,2-3,4,1,0,-76,0,0,104,5,4,211,,1,1,27:00,0,15,2,,32,0,42,,,,5-18,5,7-68,253,4,4.7,1.3
401767292,253,Southern Utah,UAC,away,27,24-40,,21,1-1,1,0,,,0,0,113,5,9,328,,,3,26:36,0,16,2,,26,0,82,,,,4-12,1,7-52,410,1,8.2,3.2
401767292,301,San Diego,Pioneer,home,30,6-16,,18,0-0,0,1,,,0,0,18,1,6,64,,,1,33:24,0,13,1,,49,3,296,,,,7-15,0,5-29,360,0,4.0,6.0
401767304,2400,Mississippi Valley State,SWAC,away,3,14-29,,12,0-1,2,0,,,3,0,0,1,3,194,,,0,26:07,0,1,1,,34,0,50,,,,3-15,3,14-137,244,5,6.7,1.5
401767304,2627,Tarleton State,UAC,home,59,21-28,,28,0-3,0,2,1,70,0,0,53,1,11,307,,3,6,29:03,0,15,1,,33,1,153,,,,5-11,0,6-65,460,0,11.0,4.6
401767309,2010,Alabama A&M,SWAC,home,41,25-34,,23,0-0,1,1,,,0,0,41,2,5,260,,,3,29:05,,,,,36,3,192,,,,8-14,1,10-114,452,1,7.6,5.3
401767309,2016,Alcorn State,SWAC,away,31,23-33,,20,1-3,1,1,,,0,0,115,5,7,168,,,1,30:55,0,5,2,,33,3,186,,,,4-12,1,9-70,354,1,5.1,5.6
401767317,227,Rhode Island,CAA,away,31,20-34,,22,1-2,1,1,1,30,0,0,21,1,7,316,,1,2,27:33,,,,,30,1,141,,,,3-11,1,8-60,457,1,9.3,4.7
401767317,2619,Stony Brook,CAA,home,17,12-20,,18,1-3,1,1,,,1,0,60,4,5,137,,,0,32:27,,,,,58,2,266,,,,7-18,1,5-43,403,2,6.9,4.6
401767328,119,Towson,CAA,away,27,18-23,,13,1-1,1,2,1,66,0,1,115,2,3,186,,1,1,24:29,0,0,1,,28,1,63,,,,8-14,1,8-75,249,1,8.1,2.3
401767328,2415,Morgan State,MEAC,home,22,17-28,,20,1-1,2,1,,,1,0,118,5,4,214,,,1,35:31,0,32,1,,38,2,203,,,,9-13,3,5-38,417,3,7.6,5.3
401767332,399,UAlbany,CAA,away,32,20-37,,20,3-4,1,1,,,0,0,35,2,2,263,,,3,27:14,,,,,32,1,78,,,,3-12,2,5-60,341,1,7.1,2.4
401767332,2169,Delaware State,MEAC,home,37,19-30,,32,2-4,1,1,,,0,0,12,1,7,177,,,0,32:46,,,,,59,5,369,,,,5-15,1,14-114,546,1,5.9,6.3
401767336,222,Villanova,CAA,home,24,18-28,,18,1-1,0,,,,0,0,68,3,6,299,,,1,33:04,,,,,35,2,117,,,,6-13,,2-15,416,0,10.7,3.3
401767336,2142,Colgate,Patriot,away,17,15-30,,17,0-0,0,,,,0,0,24,1,5,239,,,2,26:56,,,,,26,0,111,,,,5-13,,3-20,350,0,8.0,4.3
401767359,2011,Alabama State,SWAC,away,30,16-25,,20,0-1,1,2,0,11,0,0,54,2,12,198,,2,2,30:24,0,12,1,,32,1,171,,,,4-10,2,8-76,369,1,7.9,5.3
401767359,2582,Southern,SWAC,home,7,14-29,,18,0-1,2,1,,,2,0,76,5,1,160,,,1,29:36,0,1,1,,37,0,179,,,,9-15,2,9-94,339,4,5.5,4.8
401767379,2029,Arkansas-Pine Bluff,SWAC,away,17,18-36,,12,0-1,0,2,0,51,0,0,83,4,5,228,,1,1,22:53,,,,,22,1,44,,,,7-16,0,5-33,272,0,6.3,2.0
401767379,2110,Central Arkansas,UAC,home,41,21-29,,32,2-3,2,0,,,1,0,42,1,5,296,,,3,37:07,,,,,53,3,318,,,,8-12,2,6-40,614,3,10.2,6.0
401767404,330,Virginia St,CIAA,away,31,22-43,,24,1-3,0,2,,,0,0,67,6,5,313,,,3,30:35,0,11,1,,31,0,127,,,,4-14,0,11-97,440,0,7.3,4.1
401767404,2450,Norfolk State,MEAC,home,34,23-37,,25,2-3,2,0,,,0,0,125,5,10,253,,,2,29:25,0,13,3,,37,1,237,,,,4-13,3,16-127,490,2,6.8,6.4
401767432,292,UT Rio Grande Valley,Southland,away,27,19-31,,24,1-1,0,1,,,0,0,52,2,9,263,,,1,28:41,0,-11,4,,34,2,146,,,,2-11,2,7-76,409,0,8.5,4.3
401767432,2504,Prairie View A&M,SWAC,home,21,15-27,,18,2-4,0,0,,,0,0,90,5,3,137,,,0,31:19,0,3,1,,37,3,164,,,,4-15,1,9-74,301,0,5.1,4.4
401767437,2287,Illinois State,MVFC,home,41,13-23,,21,1-1,1,2,0,0,1,0,18,1,11,170,,1,3,24:34,0,1,1,,38,1,223,,,,6-12,3,8-80,393,2,7.4,5.9
401767437,2413,Morehead State,Pioneer,away,13,14-28,,20,0-2,2,1,0,0,1,0,114,6,1,134,,1,1,35:26,,,,,41,1,100,,,,3-11,5,5-51,234,3,4.8,2.4
401767455,93,Murray State,MVFC,home,24,26-40,,22,1-2,1,1,0,0,2,0,94,5,6,259,,1,1,25:47,0,21,2,,29,2,121,,,,8-15,1,1-15,380,3,6.5,4.2
401767455,2545,SE Louisiana,Southland,away,45,24-33,,31,0-0,1,1,0,52,1,0,90,5,9,218,,2,1,34:13,0,44,2,,45,4,262,,,,8-13,2,5-43,480,2,6.6,5.8
401767550,2523,Robert Morris,NEC,away,17,16-29,,14,2-2,1,0,,,0,0,82,4,5,192,,,2,28:40,,,,,27,0,41,,,,4-13,1,6-50,233,1,6.6,1.5
401767550,2754,Youngstown State,MVFC,home,56,20-24,,27,1-1,0,1,,,0,0,49,2,8,169,,,1,31:20,,,,,36,7,424,,,,6-9,0,4-44,593,0,7.0,11.8
401767565,231,Furman,Southern,home,38,29-40,,21,0-0,1,,0,51,2,0,95,4,8,263,,3,1,31:04,0,9,1,,35,4,107,,,,6-16,,7-51,370,3,6.6,3.1
401767565,2506,Presbyterian,Pioneer,away,39,26-41,,23,0-0,0,1,0,1,3,,,,7,275,,2,5,28:56,0,68,4,,29,0,169,,,,6-13,0,9-85,444,3,6.7,5.8
401767579,2535,Samford,Southern,home,13,43-62,,26,2-4,2,1,,,3,0,65,3,7,362,,,0,30:09,0,37,1,,31,1,95,,,,9-22,2,9-88,457,5,5.8,3.1
401767579,2643,The Citadel,Southern,away,40,10-13,,15,2-2,1,2,0,70,0,0,37,2,10,168,,3,2,29:51,0,3,2,,42,1,162,,,,4-13,3,4-35,330,1,12.9,3.9
401767587,366,Ferrum,Carolinas,away,7,13-21,,12,0-3,1,0,0,25,0,0,87,4,1,94,,1,0,34:07,0,23,1,,39,1,93,,,,1-13,2,6-60,187,1,4.5,2.4
401767587,2678,VMI,Southern,home,42,16-32,,19,0-1,0,1,,,1,0,26,1,6,224,,,3,25:53,0,18,2,,31,2,179,,,,7-13,0,9-94,403,1,7.0,5.8
401767593,257,Richmond,Patriot,away,14,20-29,,16,1-1,0,,,,1,0,47,3,2,153,,,1,37:07,0,16,4,,40,1,119,,,,7-17,,9-97,272,1,5.3,3.0
401767593,2747,Wofford,Southern,home,10,12-25,,13,1-2,0,,1,72,0,0,26,1,4,111,,1,0,22:53,,,,,25,0,47,,,,0-11,,8-51,158,0,4.4,1.9
401767612,2168,Dayton,Pioneer,home,38,19-28,,23,5-5,0,1,0,-5,0,0,25,1,8,171,,2,3,37:22,,,,,45,2,200,,,,8-18,1,3-20,371,0,6.1,4.4
401767612,2646,Thomas More College,Great Midwest Athletic,away,0,15-32,,11,1-4,1,0,,,2,0,21,2,,126,,,0,22:38,0,14,2,,22,0,74,,,,2-11,1,8-70,200,3,3.9,3.4
401767626,2083,Bucknell,Patriot,away,34,18-23,,20,1-1,0,,0,22,1,0,59,4,9,236,,1,0,26:11,0,25,2,,34,4,136,,,,3-9,,2-10,372,1,10.3,4.0
401767626,2368,Marist,Pioneer,home,23,26-46,,24,4-7,0,,0,0,1,0,24,1,5,262,,1,1,33:49,0,-2,1,,41,2,177,,,,5-17,,3-35,439,1,5.7,4.3
401767652,56,Stetson,Pioneer,home,59,13-19,,21,1-1,1,0,0,4,0,0,50,2,11,357,,2,3,28:11,0,34,3,,40,5,172,,,,7-12,1,10-93,529,1,18.8,4.3
401767656,2003,Adrian,Michigan,away,10,17-24,,16,4-5,1,2,0,24,0,0,36,2,4,174,,3,1,30:25,,,,,39,0,109,,,,4-15,1,5-35,283,1,7.3,2.8
401767656,2674,Valparaiso,Pioneer,home,7,15-19,,15,0-1,2,1,,,3,0,43,3,1,153,,,0,29:35,0,60,3,,33,1,101,,,,4-10,4,2-15,254,5,8.1,3.1
401767658,2329,Lehigh,Patriot,home,28,11-18,,21,1-2,0,1,,,1,,,,4,137,,,0,33:37,0,65,3,,39,4,286,,,,3-9,0,9-75,423,1,7.6,7.3
401767658,2529,Sacred Heart,FCS Independents,away,10,16-26,,14,0-1,1,0,0,8,0,1,97,2,4,107,,1,0,26:23,,,,,31,0,81,,,,8-16,1,2-15,188,1,4.1,2.6
401767719,46,Georgetown,Patriot,home,31,15-28,,18,0-2,0,0,0,-3,0,,,,5,170,,2,1,23:17,1,65,2,,29,2,186,,,,6-13,1,5-40,356,0,6.1,6.4
401767719,2681,Wagner,NEC,away,20,16-25,,23,0-1,0,,,,2,0,15,1,8,137,,,0,36:43,,,,,50,2,169,,,,7-15,,6-62,306,2,5.5,3.4
401767741,2022,American International,Northeast 10,away,7,12-20,,10,1-3,1,1,,,0,0,35,3,1,121,,,0,33:46,0,31,3,,37,0,79,,,,4-15,3,8-48,200,1,6.1,2.1
401767741,2115,Central Connecticut,NEC,home,34,15-21,,16,1-1,1,1,,,0,0,48,2,10,247,,,2,26:14,0,46,4,,35,2,128,,,,2-9,2,5-45,375,1,11.8,3.7
401767750,2184,Duquesne,NEC,home,55,22-29,,19,2-2,1,1,,,0,0,56,3,7,307,,,5,31:35,0,49,5,,31,3,177,,,,5-11,3,14-115,484,1,10.6,5.7
401767750,2339,Lincoln (PA),CIAA,away,14,21-36,,13,0-1,1,1,,,0,0,102,5,2,198,,,2,28:25,0,-4,1,,24,0,23,,,,6-16,2,6-40,221,1,5.5,1.0
401767771,284,Stonehill,NEC,home,26,25-35,,21,3-5,1,1,0,0,1,0,82,3,2,269,,1,3,29:51,0,0,1,,35,0,71,,,,8-17,0,7-58,340,2,7.7,2.0
401767771,322,Lafayette,Patriot,away,42,12-19,,22,0-1,1,0,0,3,1,0,73,5,6,150,,1,0,30:09,0,7,1,,41,6,319,,,,6-10,1,5-55,469,2,7.9,7.8
401769067,2771,Merrimack,FCS Independents,home,31,21-29,,20,0-0,3,0,1,70,1,0,26,2,7,255,,1,1,34:01,0,6,3,,34,2,195,,,,9-13,3,12-115,450,4,8.8,5.7
401769067,2830,St. Anselm,Northeast 10,away,6,14-34,,11,1-2,0,3,0,0,1,0,64,3,0,141,,1,1,25:59,,,,,20,0,52,,,,5-15,0,6-47,193,1,4.1,2.6
401769868,2447,Nicholls,Southland,home,10,11-25,,9,0-1,0,1,0,27,1,,,,4,114,,2,1,21:19,0,20,2,,23,0,66,,,,2-13,1,10-73,180,1,4.6,2.9
401769868,2698,West Georgia,UAC,away,34,7-21,,28,0-0,1,0,0,24,2,0,7,1,10,63,,1,2,38:41,0,46,3,,63,2,342,,,,12-18,1,5-50,405,3,3.0,5.4
401769891,2086,Butler,Pioneer,home,37,23-28,,25,2-2,0,,,,0,0,49,2,5,242,,,3,40:10,,,,,47,2,179,,,,7-15,,4-50,421,0,8.6,3.8
401769891,2654,Truman State,Great Lakes,away,27,14-31,,16,0-1,0,0,,,0,0,110,4,1,221,,,3,19:50,0,20,2,,20,1,131,,,,2-9,1,6-46,352,0,7.1,6.6
401779511,2385,Mercyhurst,NEC,home,48,27-35,,30,1-2,0,0,0,0,1,0,6,1,6,378,,1,2,39:08,,,,,42,4,269,,,,7-12,1,7-80,647,1,10.8,6.4
401779511,2441,New Haven,NEC,away,14,18-35,,13,2-3,0,,0,3,1,0,123,6,2,183,,1,1,20:52,,,,,14,1,47,,,,2-10,,6-50,230,1,5.2,3.4
401752696,275,Wisconsin,Big Ten,away,14,11-17,1,14,1-1,0,,,,2,1,95,1,2,117,1,,1,31:04,,,,0,34,0,92,1,1,1,6-11,,6-65,209,2,6.9,2.7
401752696,333,Alabama,SEC,home,38,24-30,0,22,1-2,0,,0,8,0,,,,8,382,3,2,4,28:56,0,19,3,0,22,1,72,4,4,4,2-8,,7-57,454,0,12.7,3.3
401752697,2,Auburn,SEC,home,31,13-24,0,19,3-3,0,1,0,1,0,0,47,2,7,142,2,1,1,28:33,,,,0,39,3,195,1,54,7,7-13,0,4-43,337,0,5.9,5.0
401752697,6,South Alabama,Sun Belt,away,15,18-26,0,20,3-4,1,0,,,1,0,18,1,3,170,2,,2,31:27,,,,0,42,0,140,1,42,2,7-16,1,5-35,310,2,6.5,3.3
401752698,96,Kentucky,SEC,home,48,12-21,0,24,0-0,0,0,0,25,0,0,26,2,12,240,3,1,2,29:56,0,28,2,4,45,4,253,2,36,3,5-11,1,7-68,493,0,11.4,5.6
401752698,2199,Eastern Michigan,Mid-American,away,23,25-43,0,21,1-4,0,,,,1,,,,11,330,3,,1,30:04,,,,2,30,1,131,0,41,3,4-14,,7-45,461,1,7.7,4.4
401752699,57,Florida,SEC,away,10,33-49,0,23,1-1,0,,0,7,5,,,,4,287,4,1,1,37:46,0,43,3,1,27,0,79,0,30,3,6-17,,7-57,366,5,5.9,2.9
401752699,99,LSU,SEC,home,20,15-27,1,10,0-0,0,0,1,82,1,0,41,2,8,220,4,5,1,22:14,0,18,1,4,22,0,102,3,40,5,4-14,1,7-68,322,1,8.1,4.6
401752700,8,Arkansas,SEC,away,35,22-35,0,30,0-0,1,0,,,0,,,,5,305,3,,1,33:11,0,-2,1,0,37,4,221,1,41,4,9-12,1,7-68,526,1,8.7,6.0
401752700,145,Ole Miss,SEC,home,41,22-30,0,25,0-0,0,1,,,0,,,,11,357,6,,2,26:49,,,,5,40,3,118,0,38,2,8-12,0,7-63,475,0,11.9,3.0
401752701,344,Mississippi State,SEC,home,63,13-18,0,22,2-2,0,2,0,-11,1,,,,9,232,3,1,3,28:12,0,98,4,1,36,6,282,1,18,5,4-6,0,10-75,514,1,12.9,7.8
401752701,2016,Alcorn State,SWAC,away,0,13-21,0,9,0-0,2,0,0,14,1,0,49,4,0,87,0,1,0,26:48,,,,4,27,0,68,0,25,2,3-12,3,9-70,155,3,4.1,2.5
401752702,142,Missouri,SEC,home,52,17-24,0,32,1-1,0,0,,,1,0,22,1,10,179,4,,2,42:51,0,8,3,3,62,5,427,2,15,8,9-13,2,3-35,606,1,7.5,6.9
401752702,309,Louisiana,Sun Belt,away,10,2-14,0,4,0-0,0,,0,1,0,0,48,4,4,4,1,1,0,17:09,,,,1,22,1,117,2,39,4,1-11,,6-32,121,0,0.3,5.3
401752703,201,Oklahoma,SEC,away,42,21-37,0,29,0-0,0,0,,,1,,,,10,287,4,,1,32:16,0,10,2,3,42,4,228,4,37,11,6-13,2,3-25,515,1,7.8,5.4
401752703,218,Temple,American Athletic,home,3,14-27,0,7,0-0,0,0,0,0,0,0,11,2,3,78,7,1,0,27:44,0,10,1,1,26,0,27,2,48,6,3-16,1,3-35,105,0,2.9,1.0
401752704,238,Vanderbilt,SEC,away,31,18-26,0,22,1-1,0,2,0,18,1,0,40,2,7,177,3,2,2,35:43,0,0,1,1,37,2,146,2,46,8,6-12,1,4-40,323,1,6.8,3.9
401752704,2579,South Carolina,SEC,home,7,24-34,0,20,1-3,2,0,0,20,2,0,43,1,1,242,2,1,0,24:17,0,11,1,4,29,1,86,1,48,5,4-12,3,8-85,328,4,7.1,3.0
401752705,61,Georgia,SEC,away,44,23-32,0,28,2-2,1,0,0,0,1,0,28,1,12,304,4,2,2,35:38,0,12,1,1,55,3,198,1,25,2,8-17,1,5-39,502,2,9.5,3.6
401752705,2633,Tennessee,SEC,home,41,24-36,0,23,0-0,0,1,0,38,2,,,,11,371,1,1,4,24:22,0,0,1,2,34,1,125,3,35,6,5-12,2,10-82,496,2,10.3,3.7
401752706,251,Texas,SEC,home,27,11-25,0,23,2-5,0,,0,16,1,0,43,3,9,114,1,2,1,36:47,0,72,3,2,55,2,227,2,35,6,5-16,,7-78,341,1,4.6,4.1
401752706,2638,UTEP,Conference USA,away,10,24-36,0,13,0-3,0,,0,5,2,0,0,1,4,209,3,1,0,23:13,0,5,2,4,23,1,50,0,36,5,4-15,,6-33,259,2,5.8,2.2
401752707,87,Notre Dame,FBS Independents,home,40,20-32,1,23,2-4,0,0,0,0,1,0,39,2,10,293,4,1,1,33:07,1,56,3,4,39,3,136,0,33,2,7-15,1,5-31,429,1,9.2,3.5
401752707,245,Texas A&M,SEC,away,41,17-37,0,24,1-1,0,,0,3,1,0,55,2,11,360,4,1,2,26:53,,,,2,32,3,128,2,42,8,4-11,,13-86,488,1,9.7,4.0
401752827,194,Ohio State,Big Ten,home,37,25-32,0,28,0-1,0,0,,,2,0,3,1,13,347,4,,3,32:43,0,20,3,4,30,1,226,4,25,7,5-9,1,6-50,573,2,10.8,7.5
401752827,195,Ohio,Mid-American,away,9,10-21,0,9,2-3,0,0,0,4,0,,,,3,113,4,2,1,27:17,,,,1,34,0,68,1,42,2,3-15,1,3-25,181,0,5.4,2.0
401752828,158,Nebraska,Big Ten,home,59,23-29,1,30,1-2,0,2,,,0,0,28,1,11,362,1,,3,30:17,0,38,1,2,38,4,192,3,34,8,5-9,1,4-45,554,0,12.5,5.1
401752828,2277,Houston Christian,Southland,away,7,11-18,0,11,2-2,2,0,,,0,0,40,4,1,67,2,,0,29:43,,,,0,35,1,93,0,40,0,4-14,4,9-70,160,2,3.7,2.7
401752829,356,Illinois,Big Ten,home,38,17-26,0,20,0-0,0,,,,0,,,,8,196,4,,2,31:33,0,19,2,1,37,3,162,3,35,9,7-12,,5-46,358,0,7.5,4.4
401752829,2711,Western Michigan,Mid-American,away,0,13-24,0,12,0-2,0,,,,0,0,20,1,0,91,1,,0,28:27,0,0,1,2,34,0,113,2,29,5,3-14,,6-68,204,0,3.8,3.3
401752830,113,Massachusetts,Mid-American,away,7,13-22,0,8,0-2,0,,,,0,,,,1,93,0,,0,27:56,0,33,2,2,27,1,26,2,43,3,0-10,,1-5,119,0,4.2,1.0
401752830,2294,Iowa,Big Ten,home,47,21-31,1,22,1-2,0,0,,,0,0,56,2,11,234,3,,3,32:04,1,182,4,2,40,2,201,5,31,11,10-16,1,1-5,435,0,7.5,5.0
401752831,77,Northwestern,Big Ten,home,14,11-22,0,15,2-4,0,0,0,-1,2,0,39,1,2,135,3,1,0,32:18,,,,2,37,2,178,0,25,4,3-11,1,4-27,313,2,6.1,4.8
401752831,2483,Oregon,Big Ten,away,34,19-26,0,21,0-0,0,,0,67,1,,,,10,197,4,2,1,27:42,0,9,1,1,30,3,176,2,19,4,7-11,,0-0,373,1,7.6,5.9
401752832,30,USC,Big Ten,away,33,17-28,1,22,4-4,0,,1,103,0,0,16,1,15,282,1,3,0,34:07,0,2,1,4,39,2,179,5,43,10,4-13,,9-103,461,0,10.1,4.6
401752832,2509,Purdue,Big Ten,home,17,24-39,0,23,1-1,0,0,,,3,0,65,3,5,305,3,,1,25:53,,,,5,28,1,52,2,48,7,7-14,2,5-60,357,3,7.8,1.9
401752833,164,Rutgers,Big Ten,home,60,23-34,2,33,3-4,0,2,0,21,0,0,37,2,12,378,4,1,3,36:05,2,56,2,2,46,3,185,2,19,6,9-14,0,5-45,563,0,11.1,4.0
401752833,2450,Norfolk State,MEAC,away,10,9-23,0,12,0-0,1,0,,,1,0,10,2,4,92,1,,0,23:55,,,,1,27,1,128,3,35,5,2-10,1,6-47,220,2,4.0,4.7
401752834,127,Michigan State,Big Ten,home,41,22-29,0,23,1-2,0,,0,0,1,0,17,1,11,270,1,1,1,30:06,0,90,2,4,33,4,174,2,33,6,6-10,,2-10,444,1,9.3,5.3
401752834,2754,Youngstown State,MVFC,away,24,24-35,0,14,3-3,0,,0,5,1,0,20,1,6,242,3,1,2,29:54,,,,0,26,1,97,0,39,5,6-14,,3-22,339,1,6.9,3.7
401752835,213,Penn State,Big Ten,home,52,17-31,1,28,1-1,0,,1,61,1,0,17,1,14,228,2,2,2,28:16,0,52,4,3,38,3,237,3,43,11,5-11,,5-25,465,1,7.4,6.2
401752835,222,Villanova,CAA,away,6,13-27,0,11,2-2,0,0,0,0,2,0,79,4,0,96,6,1,1,31:44,,,,0,35,0,84,0,39,0,6-17,1,4-29,180,2,3.6,2.4
401752836,84,Indiana,Big Ten,home,73,26-30,0,33,0-0,0,0,,,0,0,34,1,13,379,2,,7,33:37,0,79,7,2,37,3,301,5,31,16,6-8,1,6-45,680,0,12.6,8.1
401752836,282,Indiana State,MVFC,away,0,11-20,0,5,0-2,0,,,,0,0,99,5,,38,1,,0,26:08,,,,0,31,0,39,0,32,2,2-14,,0-0,77,0,1.9,1.3
401752837,26,UCLA,Big Ten,home,10,22-34,0,15,0-1,0,2,,,1,0,27,2,4,217,2,,1,23:22,0,2,1,1,22,0,109,0,36,0,3-11,0,13-116,326,1,6.4,5.0
401752837,167,New Mexico,Mountain West,away,35,12-17,0,22,2-4,2,0,0,11,0,,,,5,152,7,1,2,36:38,0,-3,3,0,46,3,298,0,30,2,4-10,3,4-29,450,2,8.9,6.5
401752838,119,Towson,CAA,away,17,14-29,0,14,1-2,1,0,0,29,1,0,27,3,5,230,2,1,2,23:54,0,0,1,2,26,0,51,1,52,6,1-13,1,2-11,281,2,7.9,2.0
401752838,120,Maryland,Big Ten,home,44,21-29,1,21,2-2,0,1,1,100,1,0,46,3,14,276,3,1,1,36:06,0,32,5,4,42,3,152,3,30,4,5-14,0,8-75,428,1,9.5,3.6
401752839,130,Michigan,Big Ten,home,63,16-25,0,35,1-2,0,1,0,0,1,0,16,1,9,235,4,1,1,33:07,0,2,3,2,52,8,390,3,38,6,8-11,0,4-45,625,1,9.4,7.5
401752839,2117,Central Michigan,Mid-American,away,3,11-20,0,8,0-2,1,0,0,0,1,0,23,1,3,60,2,1,0,26:53,,,,0,31,0,82,0,41,1,6-15,1,1-6,142,2,3.0,2.6
401752840,25,California,ACC,home,27,24-39,0,19,0-1,0,1,0,0,0,,,,9,279,7,1,3,26:04,0,6,1,3,24,0,61,2,30,4,6-13,0,8-59,340,0,7.2,2.5
401752840,135,Minnesota,Big Ten,away,14,19-32,0,19,0-2,1,0,,,1,0,60,3,2,205,1,,1,33:56,0,0,2,2,37,1,130,3,20,6,7-15,1,8-85,335,2,6.4,3.5
401752938,204,Oregon State,Pac-12,away,14,25-46,0,17,2-2,0,,0,25,2,,,,2,276,3,2,2,29:00,,,,6,22,0,8,2,38,7,7-17,,4-23,284,2,6.0,0.4
401752938,2641,Texas Tech,Big 12,home,45,26-40,0,30,0-1,0,,0,0,2,0,36,2,9,466,5,2,4,31:00,0,13,1,12,39,2,135,3,27,6,9-15,,10-80,601,2,11.7,3.5
401752949,249,North Texas,American Athletic,home,59,29-34,0,24,1-1,0,2,0,103,0,,,,11,247,2,3,4,28:34,0,6,2,3,29,4,163,3,31,7,4-8,0,4-45,410,0,7.3,5.6
401752949,265,Washington State,Pac-12,away,10,23-35,0,17,1-1,2,0,,,3,0,54,3,4,211,0,,0,31:26,,,,1,28,1,64,1,32,3,8-14,2,6-54,275,5,6.0,2.3
401754531,152,NC State,ACC,away,34,23-32,1,24,2-2,0,,1,46,0,0,19,1,10,201,3,2,3,38:05,0,13,2,2,44,0,205,1,29,3,7-18,,10-94,406,0,6.3,4.7
401754531,154,Wake Forest,ACC,home,24,21-35,1,12,1-2,0,,,,2,1,109,2,6,252,4,,0,21:55,0,1,1,1,22,2,59,1,34,10,6-15,,8-82,311,2,7.2,2.7
401754532,183,Syracuse,ACC,home,66,27-37,0,32,0-0,1,1,0,0,1,0,81,4,12,447,7,2,6,26:39,0,21,2,1,34,3,175,2,49,2,7-10,1,6-67,622,2,12.1,5.1
401754532,2142,Colgate,Patriot,away,24,30-54,0,25,0-2,0,1,0,4,2,0,20,1,6,301,3,1,2,33:21,,,,0,28,1,121,0,56,0,8-18,0,6-42,422,2,5.6,4.3
401754533,24,Stanford,ACC,home,30,13-22,1,15,0-1,0,2,1,19,0,0,29,2,12,186,3,1,1,31:44,0,3,1,4,34,1,223,2,39,5,5-14,0,4-30,409,0,8.5,6.6
401754533,103,Boston College,ACC,away,20,30-44,0,19,0-1,2,0,,,1,0,38,2,8,333,2,,1,28:16,0,12,1,3,23,1,56,1,32,3,5-13,2,5-30,389,3,7.6,2.4
401754534,150,Duke,ACC,away,27,30-51,0,27,1-3,0,1,,,1,,,,7,313,1,,3,26:43,,,,3,24,0,139,1,34,7,6-14,1,9-85,452,1,6.1,5.8
401754534,2655,Tulane,American Athletic,home,34,17-25,0,22,1-2,1,0,0,1,0,0,12,1,10,270,5,1,0,33:17,,,,1,38,4,156,0,38,5,5-13,1,8-100,426,1,10.8,4.1
401754535,58,South Florida,American Athletic,away,12,24-41,0,15,0-2,1,0,0,27,1,,,,6,292,1,2,1,23:59,0,0,1,1,27,0,40,1,39,2,7-19,1,2-15,332,2,7.1,1.5
401754535,2390,Miami,ACC,home,49,25-30,0,27,1-1,0,1,0,0,2,,,,7,371,7,1,3,36:01,0,18,2,1,38,4,205,2,26,4,7-11,0,9-69,576,2,12.4,5.4
401754536,259,Virginia Tech,ACC,home,26,26-39,0,24,0-1,2,1,,,1,0,124,6,2,266,2,,3,30:03,0,8,1,0,34,1,167,0,26,3,6-13,2,12-113,433,3,6.8,4.9
401754536,295,Old Dominion,Sun Belt,away,45,16-22,0,29,0-0,1,2,0,0,0,,,,9,276,7,1,2,29:57,0,8,2,3,39,4,251,4,39,8,4-9,1,8-85,527,1,12.5,6.4
401754615,2567,SMU,ACC,away,28,24-36,0,24,0-0,1,0,0,16,1,0,14,1,4,281,3,3,1,28:30,0,42,2,4,34,3,167,5,33,9,7-15,1,12-130,448,2,7.8,4.9
401754615,2623,Missouri State,Conference USA,home,10,23-38,0,19,0-1,0,1,0,0,3,0,21,1,4,275,4,1,1,31:30,,,,1,27,0,53,2,49,5,0-12,0,7-72,328,3,7.2,2.0
401754619,258,Virginia,ACC,home,55,23-35,0,30,2-4,0,0,,,1,0,63,2,13,321,2,,1,37:36,0,17,3,7,52,6,379,3,25,3,9-16,2,5-35,700,1,9.2,7.3
401754619,2729,William & Mary,CAA,away,16,13-25,0,7,0-2,0,,0,15,0,0,98,5,2,204,3,1,1,22:24,,,,2,24,1,59,0,50,3,2-13,,2-11,263,0,8.2,2.5
401754623,59,Georgia Tech,ACC,home,24,20-28,0,18,0-2,0,1,0,45,0,,,,10,211,3,1,0,32:05,0,-2,1,0,42,2,147,0,31,0,8-15,0,3-16,358,0,7.5,3.5
401754623,228,Clemson,ACC,away,21,15-26,0,17,1-1,1,,,,1,0,20,1,3,207,1,,1,27:55,0,24,2,0,35,2,174,1,47,8,7-12,,2-25,381,2,8.0,5.0
401754638,221,Pittsburgh,ACC,away,24,22-38,0,15,1-2,0,0,0,22,1,0,17,3,10,303,3,2,1,28:59,0,28,3,0,33,1,47,3,47,8,4-17,1,14-118,350,1,8.0,1.4
401754638,277,West Virginia,Big 12,home,31,22-32,0,28,2-3,0,0,0,10,2,0,18,1,7,260,3,1,1,31:01,0,2,1,2,58,3,174,6,38,8,5-17,1,6-60,434,2,8.1,3.0
401754639,153,North Carolina,ACC,home,41,10-19,1,16,0-0,0,2,0,7,1,,,,11,119,3,1,2,21:59,0,22,1,0,31,2,193,3,33,4,6-11,1,4-50,312,1,6.3,6.2
401754639,257,Richmond,Patriot,away,6,9-15,0,15,1-3,2,0,0,14,1,0,72,4,6,75,1,1,0,37:59,,,,5,48,0,124,2,21,3,5-13,3,2-8,199,3,5.0,2.6
401756888,12,Arizona,Big 12,home,23,16-34,0,21,1-2,1,1,,,1,,,,11,178,8,,0,36:55,0,26,4,6,45,2,234,1,20,9,8-18,1,7-56,412,2,5.2,5.2
401756888,2306,Kansas State,Big 12,away,17,13-29,0,8,0-4,1,1,0,0,0,,,,5,88,6,1,0,23:05,0,16,2,2,24,2,105,2,38,4,3-13,1,2-30,193,1,3.0,4.4
401756889,9,Arizona State,Big 12,home,34,15-25,0,21,2-3,0,2,,,0,0,29,1,10,188,5,,2,30:43,,,,4,42,2,245,5,50,10,5-13,0,5-40,433,0,7.5,5.8
401756889,326,Texas State,Sun Belt,away,15,25-36,0,21,4-6,2,0,,,0,0,69,2,3,184,2,,1,29:17,,,,2,42,1,119,3,35,5,5-16,3,1-10,303,2,5.1,2.8
401756890,66,Iowa State,Big 12,away,24,14-25,0,20,0-0,0,,0,0,1,,,,4,265,4,1,1,25:19,,,,2,34,2,187,3,43,7,5-11,,3-31,452,1,10.6,5.5
401756890,2032,Arkansas State,Sun Belt,home,16,19-33,0,20,1-2,0,0,0,0,1,0,104,5,10,222,5,1,0,34:41,0,14,1,1,40,1,160,2,27,5,7-16,1,10-90,382,1,6.7,4.0
401756891,239,Baylor,Big 12,home,42,28-44,0,29,2-3,0,1,0,0,2,0,20,2,6,245,3,3,3,34:06,0,6,2,4,43,3,223,2,44,7,4-13,0,4-45,468,2,5.6,5.2
401756891,2535,Samford,Southern,away,7,13-25,0,10,0-0,1,0,0,22,3,,,,1,100,0,2,1,25:54,0,0,1,1,33,0,95,1,52,3,4-15,2,4-43,195,4,4.0,2.9
401756892,2132,Cincinnati,Big 12,home,70,21-23,0,26,0-0,0,1,,,0,,,,10,362,2,,7,20:45,0,22,4,0,26,3,243,1,24,6,2-4,2,6-65,605,0,15.7,9.3
401756892,2466,Northwestern State,Southland,away,0,10-16,0,6,1-2,1,0,,,0,0,46,3,,33,1,,0,39:15,,,,0,35,0,69,0,22,1,0-12,1,5-42,102,1,2.1,2.0
401756893,38,Colorado,Big 12,away,20,19-35,0,15,1-2,0,0,,,2,0,173,7,2,204,2,,1,23:15,,,,5,23,2,96,2,48,4,4-14,2,6-45,300,2,5.8,4.2
401756893,248,Houston,Big 12,home,36,15-24,0,21,2-3,0,0,0,40,0,0,21,1,18,222,2,2,0,36:45,0,12,2,1,53,3,209,3,30,7,7-18,1,4-35,431,0,9.3,3.9
401756894,2000,Abilene Christian,UAC,away,21,22-29,0,27,0-0,0,,0,-3,0,0,18,1,3,276,0,1,2,36:43,,,,0,46,1,177,0,36,3,12-17,,3-35,453,0,9.5,3.8
401756894,2628,TCU,Big 12,home,42,25-32,0,24,1-1,0,,,,1,0,116,5,6,361,3,,4,23:17,,,,2,27,2,129,4,44,7,9-11,,4-46,490,1,11.3,4.8
401756895,254,Utah,Big 12,away,31,27-41,0,31,1-1,1,1,0,57,0,0,13,1,7,230,2,1,2,35:30,0,28,2,0,45,2,311,2,3,2,9-15,0,10-100,541,1,5.6,6.9
401756895,2751,Wyoming,Mountain West,home,6,12-23,0,15,2-2,1,1,,,1,,,,,108,3,,0,24:30,,,,0,34,1,121,1,1,1,3-12,0,5-45,229,2,4.7,3.6
401757168,41,UConn,FBS Independents,away,41,28-39,0,27,1-2,0,,,,0,0,49,2,11,346,4,,2,27:35,,,,3,32,3,175,5,36,7,4-13,,7-67,521,0,8.9,5.5
401757168,48,Delaware,Conference USA,home,44,23-34,0,28,3-3,0,,,,0,0,61,2,8,265,3,,1,32:25,,,,3,45,5,247,1,33,3,6-15,,6-60,512,0,7.8,5.5
401757233,2226,Florida Atlantic,American Athletic,away,28,33-51,1,24,2-6,0,1,,,3,0,99,4,4,343,2,,2,26:05,1,31,3,0,31,1,135,1,37,9,8-18,1,11-92,478,3,6.7,4.4
401757233,2229,Florida International,Conference USA,home,38,18-24,0,17,0-1,1,0,0,55,0,0,19,1,8,184,4,3,1,33:55,0,33,1,2,40,4,224,2,44,5,3-12,4,6-50,408,1,7.7,5.6
401757234,55,Jacksonville State,Conference USA,away,34,17-25,0,22,0-1,0,1,,,1,0,37,2,10,180,2,,1,30:30,,,,1,42,3,214,0,28,1,7-14,1,3-15,394,1,7.2,5.1
401757234,290,Georgia Southern,Sun Belt,home,41,16-24,1,24,0-0,1,0,0,0,0,1,182,4,11,191,4,1,1,29:30,,,,3,42,3,219,1,38,7,7-11,1,5-61,410,1,8.0,5.2
401757235,338,Kennesaw State,Conference USA,home,27,21-31,0,21,2-2,0,,,,1,0,39,1,9,196,3,,1,23:47,0,7,1,0,32,2,173,4,44,14,5-12,,12-102,369,1,6.3,5.4
401757235,2771,Merrimack,FCS Independents,away,13,13-25,1,16,1-3,0,0,1,85,0,0,80,5,1,215,1,1,0,36:48,,,,0,38,1,79,1,47,2,8-16,1,12-83,294,0,8.6,2.1
401757256,189,Bowling Green,Mid-American,home,23,16-32,0,17,1-1,0,2,0,4,0,0,0,1,11,146,3,2,1,31:09,0,25,1,2,36,1,158,4,36,7,6-17,0,13-105,304,0,4.6,4.4
401757256,2335,Liberty,Conference USA,away,13,13-25,0,16,1-3,2,0,,,2,0,31,3,1,194,5,,1,28:51,,,,1,38,1,138,1,34,4,4-12,3,6-48,332,4,7.8,3.6
401757257,166,New Mexico State,Conference USA,away,14,17-33,0,12,0-0,1,0,0,0,2,0,19,1,2,281,2,1,2,24:30,0,-2,2,1,16,0,28,1,43,6,1-9,1,7-75,309,3,8.5,1.8
401757257,2348,Louisiana Tech,Conference USA,home,49,11-20,1,28,0-0,0,1,0,29,1,0,41,3,11,221,7,2,2,35:30,0,30,3,1,63,3,354,1,17,5,11-19,0,11-101,575,1,11.1,5.6
401757258,2393,Middle Tennessee,Conference USA,away,14,27-45,0,23,0-1,0,,0,0,1,,,,2,247,2,2,1,31:10,0,1,1,0,30,1,105,3,40,8,7-17,,7-50,352,1,5.5,3.5
401757258,2440,Nevada,Mountain West,home,13,14-25,0,16,1-1,0,,0,14,2,,,,7,166,4,1,1,28:50,0,39,3,0,35,0,203,4,41,6,3-13,,4-55,369,2,6.6,5.8
401760368,328,Utah State,Mountain West,home,49,17-22,0,22,0-0,0,1,0,18,0,,,,7,287,3,2,2,21:49,0,5,1,2,34,5,186,2,27,3,4-9,0,5-28,473,0,13.0,5.5
401760368,2005,Air Force,Mountain West,away,30,11-23,0,23,5-5,1,0,,,2,0,36,2,4,179,0,,0,38:11,,,,2,61,4,266,3,27,5,8-18,2,4-35,445,3,7.8,4.4
401760369,278,Fresno State,Mountain West,home,56,25-30,0,31,0-0,1,0,,,0,0,18,1,8,282,3,,4,34:46,0,0,3,0,41,4,225,3,16,6,8-10,2,6-50,507,1,9.4,5.5
401760369,2582,Southern,SWAC,away,7,10-18,0,7,0-0,0,1,,,0,0,61,3,1,131,1,,0,25:14,,,,0,27,1,11,1,34,2,3-12,1,12-91,142,0,7.3,0.4
401760370,62,Hawai'i,Mountain West,home,23,27-45,0,18,1-1,0,0,0,4,0,0,13,1,11,250,5,1,2,34:07,,,,3,29,0,107,3,33,6,9-19,1,13-138,357,0,5.6,3.7
401760370,2502,Portland State,Big Sky,away,3,23-35,0,16,0-3,0,0,,,1,0,53,3,3,189,8,,0,25:53,0,18,3,0,22,0,43,2,36,3,4-13,1,7-65,232,1,5.4,2.0
401761604,151,East Carolina,American Athletic,away,38,28-37,0,29,1-3,0,3,0,35,1,,,,8,293,6,2,2,33:55,0,29,3,5,49,3,204,5,46,9,9-16,0,6-50,497,1,7.9,4.2
401761604,324,Coastal Carolina,Sun Belt,home,0,19-39,0,18,0-1,3,0,0,0,2,0,26,1,0,172,3,1,0,26:05,0,16,2,0,26,0,67,0,70,3,5-14,4,7-55,239,5,4.4,2.6
401761605,93,Murray State,MVFC,away,21,19-30,0,22,1-3,1,1,0,0,0,,,,1,159,5,2,1,29:05,0,22,1,0,42,2,123,0,41,1,4-14,1,2-25,282,1,5.3,2.9
401761605,2247,Georgia State,Sun Belt,home,37,21-30,0,18,2-2,1,1,,,2,0,70,5,5,288,6,,4,30:55,0,-4,1,2,32,1,166,2,41,7,5-11,2,13-132,454,3,9.6,5.2
401761606,276,Marshall,Sun Belt,home,38,8-14,0,21,1-2,2,0,0,60,0,0,26,2,8,114,4,2,2,34:04,0,73,5,7,57,3,263,5,16,10,6-16,2,8-75,377,2,8.1,4.6
401761606,2198,Eastern Kentucky,UAC,away,7,8-24,0,10,0-0,0,2,,,2,,,,1,91,2,,1,25:56,,,,3,28,0,11,3,32,5,2-13,0,7-67,102,2,3.8,0.4
401761607,2026,App State,Sun Belt,away,22,31-52,0,27,2-4,0,,0,0,3,0,25,1,2,375,2,1,1,36:29,,,,0,38,2,95,1,21,6,6-18,,7-65,470,3,7.2,2.5
401761607,2572,Southern Miss,Sun Belt,home,38,22-31,1,18,0-0,0,0,1,117,1,,,,8,279,12,3,2,23:24,0,1,2,6,25,2,110,5,30,6,4-9,1,9-74,389,1,9.0,4.4
401761608,235,Memphis,American Athletic,away,28,17-27,0,21,1-2,1,0,0,-1,0,,,,4,213,7,1,1,36:55,0,10,4,4,45,3,217,4,14,8,6-15,1,7-65,430,1,7.9,4.8
401761608,2653,Troy,Sun Belt,home,7,12-32,1,12,0-0,0,1,,,1,0,20,1,1,72,2,,0,23:05,,,,6,23,0,40,3,35,6,4-15,0,4-20,112,1,2.3,1.7
401762463,5,UAB,American Athletic,home,31,30-45,1,26,1-3,0,0,,,1,1,180,6,7,341,8,,2,30:02,0,14,1,3,31,1,81,5,42,8,3-12,2,4-29,422,1,7.6,2.6
401762463,2006,Akron,Mid-American,away,28,19-35,0,21,1-3,0,,0,44,0,0,64,3,8,282,5,1,2,29:58,0,8,1,6,43,1,159,2,42,7,6-16,,5-44,441,0,8.1,3.7
401762464,2405,Monmouth,CAA,away,35,36-49,0,28,1-4,0,2,0,0,0,,,,5,410,1,1,4,26:52,,,,1,23,1,48,1,38,4,5-12,0,6-65,458,0,8.4,2.1
401762464,2429,Charlotte,American Athletic,home,42,26-30,0,29,1-2,2,0,,,1,0,123,4,6,382,2,,3,33:08,0,22,1,1,42,3,181,4,33,6,8-12,3,11-103,563,3,12.7,4.3
401762465,202,Tulsa,American Athletic,home,23,22-37,0,23,2-4,1,1,0,0,1,0,119,5,5,189,0,2,1,24:36,0,8,1,1,33,2,140,1,25,2,4-13,1,4-29,329,2,5.1,4.2
401762465,2426,Navy,American Athletic,away,42,6-10,0,25,2-3,1,1,0,3,2,0,19,1,6,94,5,1,1,35:24,0,0,1,1,63,5,367,3,31,6,8-13,3,4-39,461,3,9.4,5.8
401762466,242,Rice,American Athletic,home,38,12-19,0,28,3-4,0,0,,,0,0,11,1,8,114,3,,2,36:22,0,4,2,2,60,3,347,2,28,7,6-14,2,6-58,461,0,6.0,5.8
401762466,2504,Prairie View A&M,SWAC,away,17,13-28,0,18,0-1,0,0,,,0,0,17,1,5,151,4,,1,23:38,,,,2,32,1,100,1,38,9,7-15,1,7-54,251,0,5.4,3.1
401762467,2636,UTSA,American Athletic,home,48,29-35,0,22,1-1,0,2,0,18,0,0,34,2,12,238,5,2,4,34:12,,,,3,35,2,204,4,49,10,8-16,0,6-60,442,0,6.8,5.8
401762467,2916,Incarnate Word,Southland,away,20,31-45,0,23,0-1,2,0,,,2,0,10,1,2,324,2,,3,25:48,0,11,2,3,27,0,33,0,44,7,6-14,3,8-88,357,4,7.2,1.2
401762817,2084,Buffalo,Mid-American,away,31,28-40,0,24,1-3,1,1,,,1,0,31,2,7,318,2,,3,22:38,0,40,3,6,29,1,149,3,39,9,5-12,3,4-42,467,2,8.0,5.1
401762817,2309,Kent State,Mid-American,home,28,22-33,0,20,3-5,1,1,0,0,0,0,19,1,4,279,1,1,2,37:22,0,14,2,2,44,2,144,1,38,4,8-20,1,7-42,423,1,8.5,3.3
401762818,160,New Hampshire,CAA,away,29,25-45,1,22,1-2,0,1,0,-3,0,0,93,5,9,259,2,1,1,38:05,1,46,2,0,34,1,132,1,30,5,8-18,0,6-62,391,0,5.8,3.9
401762818,2050,Ball State,Mid-American,home,34,9-15,0,21,0-0,1,0,,,1,0,74,4,4,105,7,,2,21:55,0,2,2,2,36,3,308,4,42,9,7-10,1,6-56,413,2,7.0,8.6
401762819,2415,Morgan State,MEAC,away,0,9-16,0,4,0-0,1,1,,,0,0,17,1,,20,1,,0,26:01,,,,1,32,0,36,1,42,6,0-12,2,5-19,56,1,1.3,1.1
401762819,2649,Toledo,Mid-American,home,60,27-37,0,31,0-1,1,1,,,0,,,,10,297,3,,3,33:59,0,112,7,2,47,5,260,3,27,11,7-14,1,7-65,557,1,8.0,5.5
401767030,2060,Bentley,Northeast 10,away,6,21-33,,12,1-3,0,2,0,9,1,0,78,5,,170,,1,1,29:28,,,,,25,0,24,,,,4-14,1,13-122,194,1,5.2,1.0
401767030,2803,Bryant,CAA,home,42,24-33,,26,0-0,2,0,0,10,1,0,47,2,6,255,,1,2,30:32,1,35,2,,28,3,140,,,,7-10,3,8-85,395,3,7.7,5.0
401767060,331,Eastern Washington,Big Sky,away,14,21-35,,16,2-2,0,1,0,25,0,0,29,2,2,159,,1,0,23:40,0,10,2,,25,2,117,,,,2-12,0,9-88,276,0,4.5,4.7
401767060,2460,Northern Iowa,MVFC,home,17,23-35,,23,0-1,1,0,,,1,,,,5,359,,,2,36:20,,,,,40,0,136,,,,9-17,1,10-70,495,2,10.3,3.4
401767071,13,Cal Poly,Big Sky,home,56,20-35,,23,1-3,0,,1,74,2,0,19,2,8,376,,2,4,28:58,0,38,3,,38,3,140,,,,7-14,,9-100,516,2,10.7,3.7
401767071,2848,Western Oregon,Lone Star,away,7,23-40,,16,1-3,0,,0,23,2,0,216,10,1,261,,2,1,31:02,,,,,29,0,67,,,,3-16,,10-90,328,2,6.5,2.3
401767090,70,Idaho,Big Sky,home,20,14-25,,26,2-2,0,0,0,0,0,,,,8,119,,1,1,34:46,0,20,3,,46,1,286,,,,7-15,2,1-5,405,0,4.8,6.2
401767090,3101,Utah Tech,UAC,away,6,17-29,,15,2-2,0,,,,1,0,65,3,6,149,,,0,25:14,,,,,25,0,98,,,,5-13,,6-52,247,1,5.1,3.9
401767098,149,Montana,Big Sky,home,24,25-39,,18,1-1,0,,0,0,2,0,77,3,6,300,,1,2,29:23,0,10,5,,35,1,68,,,,5-18,,7-63,368,2,7.7,1.9
401767098,155,North Dakota,MVFC,away,23,17-41,,19,0-2,0,,0,0,1,0,42,2,5,258,,2,3,30:37,0,10,2,,41,0,202,,,,6-18,,9-81,460,1,6.3,4.9
401767106,147,Montana State,Big Sky,home,41,27-31,,28,2-2,0,,,,1,,,,11,321,,,3,35:03,0,21,2,,41,2,217,,,,6-13,,3-13,538,1,10.4,5.3
401767106,301,San Diego,Pioneer,away,7,14-27,,12,0-0,0,,0,0,0,0,23,1,1,143,,1,1,24:57,0,7,1,,24,0,71,,,,2-11,,1-15,214,0,5.3,3.0
401767120,233,South Dakota,MVFC,home,24,7-19,,23,1-1,0,,,,1,0,15,1,6,99,,,1,29:03,,,,,45,2,309,,,,4-11,,2-20,408,1,5.2,6.9
401767120,2458,Northern Colorado,Big Sky,away,17,28-40,,20,2-5,0,0,0,33,0,0,47,3,9,336,,1,1,30:57,,,,,32,0,91,,,,3-14,1,5-34,427,0,8.4,2.8
401767131,16,Sacramento State,Big Sky,home,49,8-18,,26,2-3,1,0,0,9,0,0,142,6,7,176,,2,2,24:33,0,-5,1,,42,5,349,,,,5-9,2,8-73,525,1,9.8,8.3
401767131,2385,Mercyhurst,NEC,away,28,27-45,,22,2-4,0,1,,,2,0,58,5,8,280,,,2,35:27,,,,,34,1,89,,,,8-18,2,4-40,369,2,6.2,2.6
401767141,231,Furman,Southern,away,28,26-36,,23,0-0,0,,,,1,0,16,1,8,314,,,2,27:31,,,,,22,1,71,,,,7-13,,4-40,385,1,8.7,3.2
401767141,2097,Campbell,CAA,home,24,34-43,,24,2-4,0,0,0,1,0,,,,6,294,,1,1,32:29,,,,,35,2,95,,,,7-15,1,5-34,389,0,6.8,2.7
401767150,2210,Elon,CAA,away,37,11-29,,24,1-1,0,0,0,0,2,0,89,3,11,305,,2,2,30:23,0,7,1,,47,2,151,,,,5-17,1,9-109,456,2,10.5,3.2
401767150,2717,Western Carolina,Southern,home,31,36-55,,25,2-3,0,0,0,0,2,0,124,2,7,246,,2,2,29:37,0,23,2,,30,1,179,,,,6-17,1,8-99,425,2,4.5,6.0
401767159,2377,McNeese,Southland,home,41,20-39,,21,1-2,0,,0,17,2,0,53,3,5,278,,2,2,27:17,0,3,1,,33,4,259,,,,8-16,,7-62,537,2,7.1,7.8
401767159,2692,Weber State,Big Sky,away,42,11-20,,21,1-1,0,,1,20,2,0,82,4,6,218,,2,1,32:43,0,-2,1,,49,4,229,,,,9-16,,5-58,447,2,10.9,4.7
401767161,2127,Charleston Southern,Big South-OVC,home,28,23-33,,18,0-0,1,0,,,1,0,61,3,4,289,,,1,31:55,0,71,5,,33,3,153,,,,9-16,2,11-115,442,2,8.8,4.6
401767161,2815,Lindenwood,Big South-OVC,away,35,20-34,,22,0-0,0,1,0,23,0,,,,5,246,,1,1,28:05,0,31,1,,29,4,83,,,,6-13,1,2-20,329,0,7.2,2.9
401767173,2197,Eastern Illinois,Big South-OVC,home,30,28-44,,20,1-3,0,,,,2,0,59,4,6,411,,,4,29:30,0,15,2,,27,0,36,,,,3-14,,7-54,447,2,9.3,1.3
401767173,2287,Illinois State,MVFC,away,42,24-35,,24,1-2,0,,0,0,0,0,41,2,6,299,,2,3,30:30,0,6,3,,37,3,186,,,,7-17,,8-80,485,0,8.5,5.0
401767181,2261,Hampton,CAA,away,30,12-24,,15,1-1,0,,,,0,0,72,4,12,153,,,2,32:41,0,7,1,,40,1,168,,,,5-16,,9-76,321,0,6.4,4.2
401767181,2448,North Carolina A&T,CAA,home,33,14-27,,16,0-0,0,,,,0,0,49,4,9,144,,,1,27:19,0,33,4,,44,3,166,,,,7-19,,7-57,310,0,5.3,3.8
401767190,284,Stonehill,NEC,away,13,14-26,,15,2-2,1,1,,,0,0,18,1,7,132,,,0,32:44,0,27,4,,34,0,65,,,,5-16,1,4-30,197,1,5.1,1.9
401767190,311,Maine,CAA,home,10,15-26,,11,0-2,1,1,,,0,0,48,2,4,95,,,0,27:16,0,3,2,,29,1,171,,,,3-12,3,6-70,266,1,3.7,5.9
401767202,2241,Gardner-Webb,Big South-OVC,home,23,15-25,,16,1-1,0,1,,,0,0,32,1,11,216,,,2,28:23,0,0,1,,33,0,118,,,,4-13,0,4-18,334,0,8.6,3.6
401767202,2643,The Citadel,Southern,away,13,6-11,,14,0-1,1,0,,,0,0,12,1,1,97,,,1,31:37,0,20,3,,49,1,210,,,,6-14,1,3-27,307,1,8.8,4.3
401767217,2449,North Dakota State,MVFC,home,41,16-24,,22,1-1,0,,0,0,0,,,,11,348,,1,4,30:48,0,-3,1,,35,1,216,,,,2-10,,7-74,564,0,14.5,6.2
401767217,2546,Southeast Missouri State,Big South-OVC,away,14,13-25,,12,1-1,0,,,,1,0,45,3,2,153,,,1,29:12,0,0,1,,32,1,64,,,,6-15,,8-70,217,1,6.1,2.0
401767225,2010,Alabama A&M,SWAC,away,23,23-35,,19,1-1,0,1,0,0,0,0,39,2,11,355,,1,2,24:16,0,27,2,,26,0,70,,,,3-12,1,9-81,425,0,10.1,2.7
401767225,2634,Tennessee State,Big South-OVC,home,21,17-27,,21,0-0,1,0,,,1,0,135,5,3,157,,,1,35:44,0,2,2,,41,2,179,,,,7-15,2,4-35,336,2,5.8,4.4
401767232,2166,Davidson,Pioneer,away,14,16-27,,12,0-0,0,1,,,1,0,118,9,2,132,,,2,28:22,,,,,30,0,74,,,,3-14,1,5-50,206,1,4.9,2.5
401767232,2635,Tennessee Tech,Big South-OVC,home,72,25-37,,33,1-2,1,0,1,60,0,0,26,1,12,268,,1,3,31:38,0,23,3,,40,6,308,,,,8-12,1,4-45,576,1,7.2,7.7
401767235,79,Southern Illinois,MVFC,away,37,13-18,,22,1-1,1,1,0,0,2,0,64,2,7,217,,1,1,29:05,,,,,39,4,273,,,,4-9,1,7-47,490,3,12.1,7.0
401767235,2630,UT Martin,Big South-OVC,home,10,23-32,,16,0-2,1,1,0,13,1,,,,4,178,,2,1,30:55,0,20,1,,28,0,113,,,,5-13,1,8-55,291,2,5.6,4.0
401767237,2674,Valparaiso,Pioneer,away,30,18-27,,15,1-2,0,,0,19,0,0,149,4,,159,,2,1,30:26,,,,,33,2,122,,,,6-14,,9-60,281,0,5.9,3.7
401767237,2710,Western Illinois,Big South-OVC,home,51,14-23,,27,3-3,0,,,,2,0,116,5,,261,,,4,29:34,0,55,3,,41,3,246,,,,3-10,,5-31,507,2,11.3,6.0
401767248,2046,Austin Peay,UAC,home,56,18-23,,30,0-0,0,,0,23,0,0,15,1,8,271,,1,1,36:52,,,,,49,7,429,,,,10-12,,4-45,700,0,11.8,8.8
401767248,2413,Morehead State,Pioneer,away,7,19-31,,10,0-0,0,,,,1,,,,1,172,,,1,23:08,,,,,19,0,6,,,,3-13,,1-5,178,1,5.5,0.3
401767285,196,Northeastern State,Independent DII,away,21,23-51,,16,2-6,0,0,,,2,0,175,8,1,362,,,3,25:18,0,2,1,,16,0,17,,,,2-13,1,11-102,379,2,7.1,1.1
401767285,2453,North Alabama,UAC,home,49,14-22,,19,0-1,0,0,0,-4,0,0,45,2,13,199,,2,1,34:42,0,7,1,,50,5,303,,,,8-16,1,6-59,502,0,9.0,6.1
401767300,2193,East Tennessee State,Southern,away,31,14-22,,18,1-2,0,1,0,13,2,0,24,1,7,184,,3,3,23:14,,,,,40,1,105,,,,5-13,0,8-86,289,2,8.4,2.6
401767300,2698,West Georgia,UAC,home,35,18-34,,27,2-2,1,0,0,14,3,0,82,3,9,263,,2,3,36:46,0,-2,3,,45,1,194,,,,7-17,1,7-78,457,4,7.7,4.3
401767305,2110,Central Arkansas,UAC,home,10,12-21,,18,0-4,1,0,,,1,0,77,4,4,163,,,1,27:37,,,,,43,0,131,,,,4-13,2,6-49,294,2,7.8,3.0
401767305,2627,Tarleton State,UAC,away,56,10-16,,22,2-3,0,1,0,0,0,0,39,2,8,177,,1,3,32:23,0,43,2,,50,4,241,,,,8-14,0,4-34,418,0,11.1,4.8
401767318,107,Holy Cross,Patriot,home,7,14-29,,15,1-2,0,0,0,0,0,0,75,3,1,157,,1,0,28:51,0,4,1,,31,1,72,,,,6-15,1,3-43,229,0,5.4,2.3
401767318,227,Rhode Island,CAA,away,9,22-37,,19,1-2,0,0,,,1,0,16,2,9,271,,,0,31:03,0,6,1,,25,0,132,,,,4-12,2,11-92,403,1,7.3,5.3
401767322,2230,Fordham,Patriot,away,18,16-33,,15,1-2,1,1,0,8,2,0,87,5,4,163,,1,1,32:52,0,2,1,,44,1,124,,,,8-21,3,3-11,287,3,4.9,2.8
401767322,2619,Stony Brook,CAA,home,41,21-28,,20,0-1,1,1,1,67,1,0,33,2,11,260,,2,3,27:08,0,18,3,,38,1,181,,,,3-12,1,8-70,441,2,9.3,4.8
401767341,2075,Bowie State,CIAA,away,14,28-46,,20,0-3,1,0,,,0,0,75,3,2,176,,,1,29:59,0,5,4,,28,1,206,,,,5-16,1,12-102,382,1,3.8,7.4
401767341,2169,Delaware State,MEAC,home,36,18-35,,21,2-3,0,1,,,0,0,41,3,4,194,,,2,30:01,0,48,4,,41,2,278,,,,3-16,1,16-153,472,0,5.5,6.8
401767351,47,Howard,MEAC,home,38,20-33,,23,2-3,0,1,0,6,0,0,29,2,8,269,,1,2,31:55,0,25,5,,39,3,156,,,,3-12,0,9-92,425,0,8.2,4.0
401767351,60,Morehouse College,SIAC,away,10,10-30,,11,1-2,1,0,,,1,0,32,2,4,128,,,1,28:05,0,15,3,,31,0,54,,,,3-15,3,5-32,182,2,4.3,1.7
401767360,2011,Alabama State,SWAC,home,37,16-20,,17,0-1,0,0,,,0,0,39,3,13,277,,,4,23:04,0,1,1,,27,0,130,,,,3-9,1,8-57,407,0,13.9,4.8
401767360,2396,Miles College,SIAC,away,9,19-30,,19,0-1,0,,,,0,0,25,3,3,165,,,0,36:56,,,,,42,1,73,,,,7-16,,8-57,238,0,5.5,1.7
401767380,2029,Arkansas-Pine Bluff,SWAC,home,34,16-27,,33,3-3,0,,0,29,3,0,10,2,4,201,,1,1,32:59,0,42,5,,51,4,324,,,,6-12,,12-100,525,3,7.4,6.4
401767380,124179,Lincoln (CA),Independent DII,away,8,13-25,,12,1-3,0,0,0,39,1,0,84,5,,145,,3,0,27:01,1,42,2,,23,0,36,,,,1-10,2,13-69,181,1,5.8,1.6
401767388,2065,Bethune-Cookman,SWAC,away,41,23-38,,29,2-3,2,0,,,1,0,146,7,5,325,,,4,31:26,0,9,2,,34,2,182,,,,3-10,2,7-69,507,3,8.6,5.4
401767388,2569,South Carolina State,MEAC,home,55,22-37,,28,0-0,0,1,0,0,0,0,76,4,13,335,,1,1,28:34,0,15,2,,37,5,226,,,,9-13,0,5-50,561,0,9.1,6.1
401767395,2310,Kentucky State,SIAC,away,31,20-30,,18,1-1,1,1,,,0,0,12,1,7,221,,,2,32:55,0,0,1,,34,2,136,,,,7-15,1,9-50,357,1,7.4,4.0
401767395,2755,Grambling,SWAC,home,37,13-27,,23,1-1,1,1,,,0,0,71,3,7,228,,,2,27:05,0,46,4,,36,2,230,,,,7-13,1,8-76,458,1,8.4,6.4
401767411,2220,Fayetteville State,CIAA,away,19,10-17,,10,0-0,1,1,0,0,1,0,53,5,7,84,,1,1,29:07,0,24,1,,36,1,150,,,,6-14,1,11-86,234,2,4.9,4.2
401767411,2428,North Carolina Central,MEAC,home,49,24-37,,24,1-1,1,1,1,28,1,0,58,4,11,398,,1,3,30:53,0,10,2,,31,2,101,,,,9-14,1,7-68,499,2,10.8,3.3
401767421,2296,Jackson State,SWAC,home,30,15-22,,25,1-1,0,0,,,1,0,37,2,4,259,,,1,36:38,0,4,2,,50,3,252,,,,8-13,2,10-113,511,1,11.8,5.0
401767421,2657,Tuskegee,SIAC,away,0,11-20,,7,0-0,0,,0,0,0,0,38,3,0,85,,1,0,23:22,0,3,1,,20,0,24,,,,2-11,,7-36,109,0,4.3,1.2
401767426,2400,Mississippi Valley State,SWAC,away,3,11-16,,9,0-1,1,0,,,1,0,64,4,3,61,,,0,30:50,0,-10,1,,38,0,103,,,,2-12,2,7-55,164,2,3.8,2.7
401767426,2545,SE Louisiana,Southland,home,56,16-20,,19,0-2,0,1,0,0,0,0,26,2,8,302,,1,5,29:10,1,118,5,,31,2,145,,,,5-9,0,4-35,447,0,15.1,4.7
401767458,2320,Lamar,Southland,away,31,12-22,,21,0-1,0,1,0,0,1,0,70,2,7,81,,1,0,32:38,1,54,4,,42,2,252,,,,5-11,0,4-40,333,1,3.7,6.0
401767458,2640,Texas Southern,SWAC,home,7,13-23,,11,0-2,1,0,0,0,1,0,107,4,1,53,,1,0,27:22,,,,,31,1,143,,,,3-13,1,4-35,196,2,2.3,4.6
401767524,2617,Stephen F. Austin,Southland,home,63,15-19,,24,1-1,0,3,0,0,0,,,,9,287,,1,3,29:38,0,26,3,,36,4,247,,,,7-9,0,5-72,534,0,15.1,6.9
401767524,2834,Sul Ross State,Lone Star,away,0,2-8,,7,0-0,2,0,,,1,0,65,4,,-3,,,0,30:22,,,,,29,0,-18,,,,1-10,5,7-17,-21,3,-0.4,-0.6
401767527,292,UT Rio Grande Valley,Southland,home,80,16-24,,27,1-2,0,0,1,62,0,0,27,1,14,289,,3,5,29:31,0,30,3,,36,5,462,,,,4-10,1,10-115,751,0,12.0,12.8
401767529,56,Stetson,Pioneer,away,0,20-34,,8,0-2,0,0,0,0,1,0,122,7,,97,,1,0,24:31,0,0,1,,22,0,29,,,,3-15,1,2-25,126,1,2.9,1.3
401767529,236,Chattanooga,Southern,home,63,7-14,,24,1-2,0,0,0,17,1,0,91,1,9,94,,1,2,35:29,0,72,4,,55,5,445,,,,10-14,1,8-100,539,1,6.7,8.1
401767544,2181,Drake,Pioneer,away,21,18-29,,18,1-1,1,0,,,1,,,,7,174,,,1,27:30,,,,,32,1,121,,,,4-13,1,3-25,295,2,6.0,3.8
401767544,2571,South Dakota State,MVFC,home,37,18-25,,23,1-4,0,1,0,0,0,0,43,3,7,225,,1,1,32:30,0,22,1,,41,4,212,,,,3-9,1,7-68,437,0,9.0,5.2
401767573,2382,Mercer,Southern,home,22,26-37,,27,1-1,2,2,,,2,0,19,1,10,316,,,1,38:54,0,16,4,,46,1,152,,,,5-16,3,5-45,468,4,8.5,3.3
401767573,2747,Wofford,Southern,away,21,9-21,,7,0-2,2,2,0,73,0,0,43,3,3,230,,2,3,21:06,0,7,1,,26,0,61,,,,2-12,3,7-69,291,2,11.0,2.3
401767588,2083,Bucknell,Patriot,home,35,21-28,,18,1-1,0,,,,1,0,51,2,5,405,,,5,29:32,0,13,1,,36,0,71,,,,8-15,,10-122,476,1,14.5,2.0
401767588,2678,VMI,Southern,away,28,21-38,,18,0-1,0,0,0,0,0,0,68,3,4,362,,1,3,30:28,0,8,2,,28,1,59,,,,7-15,1,7-55,421,0,9.5,2.1
401767627,2368,Marist,Pioneer,away,21,12-34,,15,2-5,1,0,0,26,0,0,99,1,3,141,,5,2,28:47,,,,,39,0,131,,,,5-17,3,4-35,272,1,4.1,3.4
401767627,2681,Wagner,NEC,home,10,11-24,,18,0-4,0,1,,,5,0,38,2,4,56,,,0,31:13,0,26,4,,50,1,242,,,,5-14,2,8-71,298,5,2.3,4.8
401767639,2506,Presbyterian,Pioneer,home,42,17-28,,28,1-3,1,0,0,0,0,0,53,3,6,364,,1,3,37:13,0,17,1,,51,3,198,,,,7-13,1,11-112,562,1,13.0,3.9
401767639,101784,ERSKINE,Carolinas,away,14,11-18,,11,1-2,0,1,,,1,0,50,3,2,132,,,1,22:47,,,,,28,0,77,,,,2-11,3,11-69,209,1,7.3,2.8
401767648,128,Northern Michigan,GLIAC,home,7,11-19,,18,2-4,0,0,,,0,0,72,4,1,133,,,0,34:39,0,2,3,,54,1,129,,,,5-16,3,4-25,262,0,7.0,2.4
401767648,2900,St. Thomas (MN),Pioneer,away,20,13-19,,13,1-1,0,0,,,0,0,63,2,0,221,,,3,25:21,0,7,1,,29,0,54,,,,2-9,1,3-24,275,0,11.6,1.9
401767659,2341,Long Island University,NEC,home,21,3-10,,12,1-1,1,1,0,59,0,0,28,2,3,19,,2,0,21:50,0,21,2,,32,2,189,,,,0-9,3,4-56,208,1,1.9,5.9
401767659,2529,Sacred Heart,FCS Independents,away,24,14-19,,26,2-2,1,1,,,2,,,,6,193,,,0,38:10,0,-3,3,,56,3,214,,,,8-17,3,8-64,407,3,10.2,3.8
401767720,46,Georgetown,Patriot,home,37,32-51,,26,1-2,0,2,0,18,1,0,35,3,7,362,,1,2,32:15,,,,,26,2,90,,,,10-17,0,7-69,452,1,7.1,3.5
401767720,322,Lafayette,Patriot,away,42,18-28,,26,1-1,2,0,0,0,1,0,16,2,6,290,,1,2,27:45,,,,,37,4,289,,,,7-12,2,5-55,579,3,10.4,7.8
401767733,2184,Duquesne,NEC,home,21,17-28,,16,2-2,1,0,,,1,0,46,3,3,211,,,2,28:14,0,12,1,,30,1,107,,,,2-10,1,7-55,318,2,7.5,3.6
401767733,2329,Lehigh,Patriot,away,35,17-25,,20,0-0,0,1,0,0,0,0,70,2,5,224,,1,3,31:46,0,5,3,,35,2,172,,,,6-12,0,6-50,396,0,9.0,4.9
401767742,2115,Central Connecticut,NEC,home,31,16-33,,19,1-2,0,3,0,10,0,0,23,1,7,193,,2,2,31:07,0,77,5,,38,2,107,,,,4-15,1,8-110,300,0,5.8,2.8
401767742,2598,St. Francis (PA),NEC,away,7,13-26,,11,0-0,3,0,,,2,0,45,3,1,159,,,0,28:36,0,10,4,,27,1,51,,,,2-13,5,7-69,210,5,6.1,1.9
401767762,2523,Robert Morris,NEC,home,28,8-9,,18,0-0,3,1,0,29,0,0,102,3,4,83,,2,2,28:48,0,10,1,,39,2,242,,,,4-6,3,7-75,325,3,9.2,6.2
401767762,2699,West Liberty,Mountain East,away,14,20-35,,22,2-4,1,3,,,2,0,23,2,2,219,,,1,31:12,,,,,31,1,63,,,,5-12,1,5-25,282,3,6.3,2.0
401769832,50,Florida A&M,SWAC,home,33,26-36,,26,1-1,0,1,,,1,0,76,3,9,371,,,2,34:58,,,,,34,2,91,,,,9-14,0,11-102,462,1,10.3,2.7
401769832,2013,Albany State GA,SIAC,away,25,17-31,,21,0-1,1,0,0,0,0,0,126,5,3,201,,1,1,25:02,0,30,1,,26,2,120,,,,6-11,1,6-42,321,1,6.5,4.6
401769892,2086,Butler,Pioneer,away,16,17-23,,17,0-2,2,0,,,1,0,108,2,4,178,,,0,32:53,0,33,3,,39,1,152,,,,6-12,2,3-30,330,3,7.7,3.9
401769892,2262,Hanover College,Heartland,home,7,17-26,,12,0-2,0,2,0,20,0,0,19,1,1,109,,1,1,27:07,,,,,30,0,49,,,,6-15,1,4-20,158,0,4.2,1.6
401783278,399,UAlbany,CAA,home,17,31-54,,24,2-4,0,0,,,2,0,54,3,5,409,,,1,32:15,0,0,1,,25,1,40,,,,4-15,1,12-102,449,2,7.6,1.6
401783278,2441,New Haven,NEC,away,24,23-35,,20,0-0,0,,0,2,0,0,35,2,6,180,,2,3,27:45,0,-8,1,,29,0,114,,,,4-12,,8-80,294,0,5.1,3.9
401752708,8,Arkansas,SEC,away,31,18-34,0,23,0-0,1,0,0,19,2,0,23,1,7,325,2,2,1,27:55,0,4,2,4,32,3,175,3,45,8,3-10,1,7-55,500,3,9.6,5.5
401752708,235,Memphis,American Athletic,home,32,15-31,0,26,0-0,0,1,0,5,2,,,,8,199,4,2,1,32:05,0,11,1,5,40,3,294,1,38,5,6-13,2,4-20,493,2,6.4,7.4
401752709,57,Florida,SEC,away,7,12-23,0,7,3-6,0,,0,0,0,0,19,1,1,61,3,1,0,23:30,,,,1,29,1,80,1,38,4,0-13,,3-20,141,0,2.7,2.8
401752709,2390,Miami,ACC,home,26,17-30,0,21,1-1,0,,,,1,0,19,1,8,160,0,,0,36:30,0,14,1,4,44,3,189,4,24,7,8-16,,6-30,349,1,5.3,4.3
401752710,99,LSU,SEC,home,56,35-43,0,32,3-3,0,,,,0,0,58,3,8,395,5,,4,34:44,0,49,3,2,35,4,135,4,24,7,9-14,,7-50,530,0,9.2,3.9
401752710,2545,SE Louisiana,Southland,away,10,11-21,0,10,0-1,0,0,,,0,0,21,1,4,116,4,,1,25:16,,,,0,25,0,89,2,47,5,1-10,1,5-55,205,0,5.5,3.6
401752711,145,Ole Miss,SEC,home,45,17-27,0,23,0-0,1,0,0,0,0,0,23,1,13,307,4,1,2,27:31,0,29,3,17,42,3,241,0,27,5,7-11,1,3-35,548,1,11.4,5.7
401752711,2655,Tulane,American Athletic,away,10,10-29,0,18,0-3,0,1,,,1,0,20,1,4,104,5,,1,32:29,0,12,1,3,39,0,178,1,42,4,6-15,1,4-30,282,1,3.6,4.6
401752712,344,Mississippi State,SEC,home,38,12-20,0,23,4-4,0,,0,0,0,,,,8,160,0,1,1,31:55,0,1,1,3,49,4,292,1,15,6,5-13,,11-103,452,0,8.0,6.0
401752712,2459,Northern Illinois,Mid-American,away,10,15-25,0,14,0-2,0,0,,,1,,,,4,142,1,,1,28:05,,,,2,26,0,126,2,23,3,1-9,1,5-50,268,1,5.7,4.8
401752713,142,Missouri,SEC,home,29,16-27,0,29,0-0,0,,,,1,0,12,1,9,171,3,,1,35:26,,,,6,46,2,287,5,25,8,7-13,,5-54,458,1,6.3,6.2
401752713,2579,South Carolina,SEC,away,20,18-28,0,15,0-1,0,,0,0,0,0,124,6,8,302,3,1,2,24:34,0,13,1,3,22,0,-9,1,33,3,3-11,,14-98,293,0,10.8,-0.4
401752714,2,Auburn,SEC,away,17,21-33,0,18,1-3,0,1,,,0,0,43,3,5,220,4,,1,35:34,0,9,4,5,35,1,67,1,35,6,3-15,0,13-85,287,0,6.7,1.9
401752714,201,Oklahoma,SEC,home,24,24-36,0,16,1-1,1,0,,,0,,,,10,271,4,,1,24:26,0,4,2,3,24,1,35,9,44,14,3-12,1,9-99,306,1,7.5,1.5
401752715,5,UAB,American Athletic,away,24,39-52,0,18,2-3,1,1,0,-5,1,0,14,1,6,371,3,1,2,33:52,,,,1,19,1,23,1,26,3,5-15,2,13-110,394,2,7.1,1.2
401752715,2633,Tennessee,SEC,home,56,18-30,1,28,1-1,1,1,0,1,1,0,44,1,8,275,3,1,3,26:08,0,35,3,2,42,4,239,3,27,9,7-13,2,5-50,514,2,9.2,5.7
401752716,238,Vanderbilt,SEC,home,70,23-34,1,30,1-3,0,1,,,0,0,46,1,10,349,3,,1,29:49,1,51,4,9,36,8,287,3,32,8,6-10,0,10-99,636,0,10.3,8.0
401752716,2247,Georgia State,Sun Belt,away,21,31-48,0,18,2-2,1,0,,,0,0,37,2,3,258,2,,3,30:11,,,,2,20,0,32,0,36,5,6-16,1,15-109,290,1,5.4,1.6
401752723,251,Texas,SEC,home,55,23-28,0,26,0-0,0,,0,0,0,0,22,1,13,343,3,1,3,33:51,0,56,3,1,41,4,264,5,31,10,7-11,,9-70,607,0,12.3,6.4
401752723,2534,Sam Houston,Conference USA,away,0,13-25,0,7,0-2,0,0,,,1,,,,,86,1,,0,26:09,,,,3,26,0,27,1,39,5,2-14,2,6-40,113,1,3.4,1.0
401752841,204,Oregon State,Pac-12,away,7,7-22,0,8,0-0,1,0,,,0,0,18,1,1,80,4,,0,23:05,,,,0,26,1,67,1,42,4,4-12,1,2-10,147,1,3.6,2.6
401752841,2483,Oregon,Big Ten,home,41,21-31,0,29,1-2,0,1,,,0,,,,11,305,3,,4,36:55,0,70,6,4,46,1,280,0,13,2,4-10,1,5-40,585,0,9.8,6.1
401752842,264,Washington,Big Ten,away,59,16-19,1,23,0-0,0,1,1,74,0,0,10,1,11,298,3,2,4,24:14,,,,5,32,3,175,3,26,7,8-9,0,5-50,473,0,15.7,5.5
401752842,265,Washington State,Pac-12,home,24,25-36,0,21,2-3,1,0,,,2,,,,6,277,0,,2,35:46,,,,1,27,1,28,3,39,7,6-13,1,2-10,305,3,7.7,1.0
401752843,84,Indiana,Big Ten,home,63,21-23,2,31,1-1,0,,0,0,0,,,,9,267,4,1,5,39:42,1,60,3,0,49,3,312,7,24,10,8-11,,2-10,579,0,11.6,6.4
401752843,356,Illinois,Big Ten,away,10,16-25,0,9,0-0,0,,,,1,0,22,1,4,159,0,,1,20:18,0,9,1,1,20,0,2,2,47,3,1-10,,4-23,161,1,6.4,0.1
401752844,164,Rutgers,Big Ten,home,28,24-40,0,20,0-1,0,,,,1,,,,4,330,1,,0,31:06,,,,3,30,4,70,2,23,3,6-13,,6-50,400,1,8.3,2.3
401752844,2294,Iowa,Big Ten,away,38,12-18,1,22,0-0,0,0,0,0,0,1,129,3,8,186,8,1,0,28:54,0,43,1,1,38,4,160,3,27,3,3-8,1,2-30,346,0,10.3,4.2
401752845,120,Maryland,Big Ten,away,27,18-34,0,13,0-0,0,,0,46,0,,,,9,265,1,1,2,22:53,0,20,3,6,23,1,61,6,56,10,4-14,,4-50,326,0,7.8,2.7
401752845,275,Wisconsin,Big Ten,home,10,22-35,0,21,2-3,0,0,,,1,0,86,4,4,235,4,,1,37:07,0,35,2,1,42,0,61,1,29,4,3-17,2,2-20,296,1,6.7,1.5
401752846,130,Michigan,Big Ten,away,30,12-23,0,16,0-0,1,0,0,0,0,0,1,1,12,105,3,1,0,26:43,0,-1,1,2,31,3,290,7,40,9,4-12,1,4-39,395,1,4.6,9.4
401752846,158,Nebraska,Big Ten,home,27,30-41,0,23,2-3,0,1,,,1,0,23,1,9,308,3,,3,33:17,0,21,3,1,31,0,43,1,26,5,2-13,0,3-9,351,1,7.5,1.4
401752847,30,USC,Big Ten,home,45,20-26,0,27,1-2,1,0,,,0,0,64,3,9,234,1,,3,28:42,0,23,1,6,37,3,283,2,30,7,8-11,1,9-67,517,1,9.0,7.6
401752847,127,Michigan State,Big Ten,away,31,13-23,0,19,0-1,0,1,,,0,0,20,1,6,225,4,,3,28:39,,,,1,31,1,108,0,43,1,5-11,0,5-48,333,0,9.8,3.5
401752848,87,Notre Dame,FBS Independents,home,56,17-20,1,26,0-2,1,0,0,8,0,1,167,4,8,281,6,2,2,32:00,0,13,2,4,39,5,258,2,36,5,6-10,1,3-30,539,1,14.1,6.6
401752848,2509,Purdue,Big Ten,away,30,25-39,0,20,1-1,0,1,,,2,,,,12,303,1,,3,28:00,,,,2,28,0,76,1,43,2,4-14,1,7-75,379,2,7.8,2.7
401754537,183,Syracuse,ACC,away,34,21-39,0,24,2-2,0,1,0,14,0,0,26,1,10,278,3,1,3,30:40,0,1,1,6,37,1,157,1,41,3,3-15,0,7-52,435,0,7.1,4.2
401754537,228,Clemson,ACC,home,21,37-60,0,29,1-5,1,0,,,1,0,53,2,3,363,9,,3,29:20,0,0,1,2,22,0,140,3,41,5,3-13,1,8-75,503,2,6.1,6.4
401754538,150,Duke,ACC,home,45,19-28,0,22,2-2,0,1,0,70,0,0,51,2,9,269,2,3,3,27:31,,,,9,35,3,149,2,28,7,5-12,1,8-103,418,0,9.6,4.3
401754538,152,NC State,ACC,away,33,29-39,0,26,1-4,1,0,,,3,0,71,4,3,364,1,,2,32:29,0,-4,2,5,35,3,171,3,32,8,7-12,2,6-49,535,4,9.3,4.9
401754539,24,Stanford,ACC,away,20,20-29,0,15,1-1,1,0,,,0,0,28,2,2,286,2,,2,25:12,,,,1,30,1,37,1,27,2,6-14,1,4-40,323,1,9.9,1.2
401754539,258,Virginia,ACC,home,48,24-32,0,29,1-1,0,1,,,0,0,32,1,12,384,3,,5,34:48,0,0,1,3,40,1,210,5,23,8,7-13,0,7-55,594,0,12.0,5.3
401754540,21,San Diego State,Mountain West,home,34,15-18,2,15,0-0,0,1,1,96,0,0,16,1,10,189,10,2,1,30:18,0,22,1,5,31,1,134,4,42,5,3-10,0,7-75,323,0,10.5,4.3
401754540,25,California,ACC,away,0,18-41,0,17,2-4,1,0,,,2,0,15,1,0,224,3,,0,29:42,0,11,2,0,31,0,65,1,38,6,6-17,1,6-40,289,3,5.5,2.1
401754541,52,Florida State,ACC,home,66,16-24,0,37,0-1,0,,0,1,1,,,,12,277,1,1,1,34:31,0,-6,1,1,54,8,498,2,22,6,9-10,,5-59,775,1,11.5,9.2
401754541,2309,Kent State,Mid-American,away,10,13-27,0,12,1-2,0,,0,29,1,,,,4,163,2,1,1,25:29,,,,0,28,0,43,1,41,3,3-14,,5-32,206,1,6.0,1.5
401754542,59,Georgia Tech,ACC,home,45,13-18,0,19,0-0,1,0,,,0,0,-1,1,9,161,5,,2,22:31,0,0,1,5,30,4,307,2,34,6,3-8,1,6-55,468,1,8.9,10.2
401754542,218,Temple,American Athletic,away,24,17-37,0,19,3-4,0,1,,,0,,,,6,144,1,,2,37:29,0,4,1,1,44,1,184,2,21,5,6-19,1,8-75,328,0,3.9,4.2
401754617,259,Virginia Tech,ACC,home,38,27-33,0,28,0-1,1,0,0,0,0,0,32,1,8,307,3,1,2,34:29,0,14,2,4,36,3,155,4,13,12,6-11,1,8-74,462,1,9.3,4.3
401754617,2747,Wofford,Southern,away,6,16-27,0,8,0-0,0,1,,,1,0,11,1,6,142,2,,0,25:31,,,,0,23,0,-1,1,34,4,5-15,0,7-73,141,1,5.3,0.0
401754636,2567,SMU,ACC,away,24,24-38,0,19,1-1,0,,0,0,2,0,71,3,6,290,7,1,3,28:54,,,,3,27,0,94,2,30,6,4-13,,7-70,384,2,7.6,3.5
401754636,2628,TCU,Big 12,home,35,22-40,0,24,3-4,0,0,0,56,1,0,55,2,5,379,3,2,5,31:06,0,3,3,2,36,0,140,2,40,4,9-17,1,9-65,519,1,9.5,3.9
401754640,153,North Carolina,ACC,away,9,22-33,0,14,3-4,0,,,,2,0,27,2,3,154,1,,1,26:13,0,5,1,0,25,0,63,0,49,5,5-13,,5-50,217,2,4.7,2.5
401754640,2116,UCF,Big 12,home,34,25-32,0,23,4-4,0,0,0,6,0,0,17,1,10,223,3,2,1,33:47,0,1,1,5,34,3,143,2,41,4,5-13,1,7-40,366,0,7.0,4.2
401754642,97,Louisville,ACC,home,40,24-33,1,21,0-0,1,0,0,5,0,0,65,2,16,313,3,2,0,33:52,1,106,3,2,29,3,126,0,21,2,4-11,2,6-55,439,1,9.5,4.3
401754642,189,Bowling Green,Mid-American,away,17,11-21,0,14,0-0,0,1,,,2,0,25,1,5,131,2,,1,26:08,,,,2,29,1,190,3,30,6,4-12,0,6-43,321,2,6.2,6.6
401756896,9,Arizona State,Big 12,away,27,22-32,0,26,1-2,0,2,0,0,0,0,28,2,13,221,4,1,1,36:24,,,,2,47,1,180,2,40,5,6-16,1,7-70,401,0,6.9,3.8
401756896,239,Baylor,Big 12,home,24,25-39,0,18,2-3,2,0,,,1,0,71,3,6,250,5,,3,23:36,0,31,1,0,23,0,107,1,48,5,5-12,2,7-86,357,3,6.4,4.7
401756897,38,Colorado,Big 12,home,37,18-28,0,23,0-0,1,0,,,0,0,112,4,5,304,7,,3,27:56,0,12,1,1,31,2,193,2,47,6,5-10,1,5-53,497,1,10.9,6.2
401756897,2751,Wyoming,Mountain West,away,20,12-26,0,20,1-1,0,1,,,0,,,,8,182,1,,2,32:04,0,16,1,3,40,0,166,1,47,4,5-13,1,7-80,348,0,7.0,4.2
401756898,151,East Carolina,American Athletic,home,13,25-42,0,24,1-3,0,0,,,2,0,81,4,7,285,3,,0,28:21,0,-11,1,0,35,1,119,0,26,8,6-15,1,11-76,404,2,6.8,3.4
401756898,252,BYU,Big 12,away,34,18-26,1,20,0-1,0,,1,15,0,0,76,3,10,246,4,2,1,31:39,0,12,1,0,34,2,172,2,40,6,7-14,,10-101,418,0,9.5,5.1
401756899,277,West Virginia,Big 12,away,10,17-31,0,18,0-2,1,0,,,1,,,,4,142,3,,0,26:10,0,0,1,3,41,1,182,0,36,1,3-15,1,5-30,324,2,4.6,4.4
401756899,2305,Kansas,Big 12,home,41,13-26,1,19,1-2,0,1,0,32,0,1,137,2,11,146,6,1,3,33:50,0,30,4,5,39,1,259,2,37,5,5-14,1,4-40,405,0,5.6,6.6
401756900,197,Oklahoma State,Big 12,home,12,26-41,0,24,1-4,0,1,,,0,,,,6,218,4,,0,25:15,0,3,1,7,33,1,185,0,37,6,4-15,0,3-30,403,0,5.3,5.6
401756900,202,Tulsa,American Athletic,away,19,23-36,0,21,3-3,1,0,,,0,0,28,2,13,219,4,,1,34:45,,,,1,43,0,205,2,44,7,7-19,2,4-34,424,1,6.1,4.8
401756901,254,Utah,Big 12,home,10,25-38,0,16,0-2,2,0,0,0,2,,,,4,162,2,2,0,27:45,0,-9,1,0,31,1,101,1,47,9,4-14,3,2-10,263,4,4.3,3.3
401756901,2641,Texas Tech,Big 12,away,34,25-35,0,20,0-0,0,2,0,0,2,,,,10,311,3,2,2,32:15,0,0,1,0,37,2,173,1,38,4,9-17,1,14-122,484,2,8.9,4.7
401757169,41,UConn,FBS Independents,home,31,20-30,0,17,5-5,0,,0,0,0,0,56,3,7,181,1,1,1,32:16,0,34,3,1,34,3,226,4,36,5,5-15,,2-20,407,0,6.0,6.6
401757169,2050,Ball State,Mid-American,away,25,18-25,0,19,2-2,0,,,,1,0,36,2,5,228,2,,2,27:44,,,,0,37,1,176,0,44,2,4-12,,4-32,404,1,9.1,4.8
401757259,48,Delaware,Conference USA,away,38,23-35,1,24,1-2,0,,0,0,1,0,64,3,8,218,3,2,3,30:31,1,68,1,0,31,1,140,2,46,5,11-16,,2-10,358,1,6.2,4.5
401757259,2229,Florida International,Conference USA,home,16,22-35,0,14,4-5,0,0,0,5,2,0,27,2,4,203,5,1,1,29:29,,,,1,34,1,160,1,36,4,5-17,1,7-68,363,2,5.8,4.7
401757260,55,Jacksonville State,Conference USA,home,45,19-34,0,29,1-1,0,,0,21,0,0,12,2,9,202,4,2,1,30:32,0,4,1,1,44,5,334,2,36,5,7-14,,8-99,536,0,5.9,7.6
401757260,93,Murray State,MVFC,away,10,21-33,1,16,0-2,0,1,,,2,0,55,4,4,141,6,,0,29:28,,,,3,34,0,94,0,38,4,5-16,0,8-45,235,2,4.3,2.8
401757261,338,Kennesaw State,Conference USA,home,28,25-34,0,30,1-2,2,1,,,0,0,36,2,4,308,8,,1,32:25,0,56,3,3,46,3,199,1,32,3,7-13,3,7-68,507,2,9.1,4.3
401757261,2032,Arkansas State,Sun Belt,away,21,25-41,0,18,1-2,1,3,,,0,0,54,4,3,226,2,,2,27:35,0,-2,2,2,28,1,92,2,39,6,4-15,1,6-45,318,1,5.5,3.3
401757262,256,James Madison,Sun Belt,away,31,17-25,0,24,0-0,0,,,,1,0,30,2,7,213,4,,1,33:03,,,,0,39,3,233,3,32,5,6-10,,7-72,446,1,8.5,6.0
401757262,2335,Liberty,Conference USA,home,13,7-21,0,16,3-4,0,,0,0,0,,,,7,75,4,1,0,26:57,,,,1,42,1,158,0,40,2,3-14,,6-44,233,0,3.6,3.8
401757263,2348,Louisiana Tech,Conference USA,home,30,15-21,1,14,2-2,0,,1,48,0,0,28,1,6,239,7,1,0,27:24,0,32,3,4,38,3,101,1,21,5,2-13,,8-76,340,0,11.4,2.7
401757263,2572,Southern Miss,Sun Belt,away,20,28-47,0,28,0-2,0,,,,1,,,,8,392,4,,2,32:36,0,4,1,0,35,0,122,2,24,6,7-17,,8-54,514,1,8.3,3.5
401757264,276,Marshall,Sun Belt,away,42,18-22,0,27,0-0,1,0,0,0,0,,,,6,261,5,1,4,36:47,0,8,2,1,47,2,191,3,26,4,7-12,3,8-62,452,1,11.9,4.1
401757264,2393,Middle Tennessee,Conference USA,home,28,19-33,0,14,0-1,0,1,,,1,0,20,1,8,299,4,,2,23:13,0,16,1,0,15,1,74,3,42,5,3-10,1,12-111,373,1,9.1,4.9
401757265,2623,Missouri State,Conference USA,home,42,22-32,0,22,1-1,1,2,0,25,0,0,58,3,6,287,2,1,3,30:28,0,1,2,2,26,3,133,1,32,6,5-10,4,11-84,420,1,9.0,5.1
401757265,2630,UT Martin,Big South-OVC,away,10,23-32,0,14,1-1,2,1,,,1,0,23,1,4,150,4,,0,29:32,0,-2,1,2,25,1,71,2,32,5,5-14,2,3-35,221,3,4.7,2.8
401757267,2433,UL Monroe,Sun Belt,away,31,9-15,0,18,0-1,0,0,0,5,0,,,,7,149,9,2,2,31:51,,,,6,41,2,252,3,36,6,2-10,1,12-98,401,0,9.9,6.1
401757267,2638,UTEP,Conference USA,home,25,23-50,0,21,1-4,0,,,,2,0,53,6,5,409,1,,3,28:09,0,24,2,3,28,0,33,0,21,6,8-19,,8-80,442,2,8.2,1.2
401757268,98,Western Kentucky,Conference USA,home,31,22-33,1,22,1-1,1,1,0,12,1,1,81,2,7,216,3,2,0,27:44,,,,1,33,3,145,0,42,5,5-12,1,8-85,361,2,6.5,4.4
401757268,2440,Nevada,Mountain West,away,16,16-33,0,22,2-2,1,1,0,16,2,0,25,1,10,165,3,1,0,32:22,,,,1,39,1,207,2,38,4,5-16,1,6-60,372,3,5.0,5.3
401760372,68,Boise State,Mountain West,away,49,16-27,0,23,0-0,0,,0,23,1,0,38,2,7,310,1,1,2,23:40,0,7,1,1,29,5,285,1,42,6,7-10,,12-107,595,1,11.5,9.8
401760372,2005,Air Force,Mountain West,home,37,13-20,0,24,2-3,0,,0,0,1,,,,7,246,2,1,2,36:20,,,,4,54,3,269,0,22,1,8-14,,6-45,515,1,12.3,5.0
401760373,36,Colorado State,Mountain West,home,16,24-38,0,20,1-2,0,0,0,0,0,,,,4,254,7,2,1,33:33,0,8,3,6,37,1,153,0,25,5,7-18,1,11-115,407,0,6.7,4.1
401760373,2636,UTSA,American Athletic,away,17,14-27,0,13,0-2,0,0,,,2,,,,5,173,6,,1,26:27,0,12,5,4,33,1,172,3,28,5,6-15,1,9-80,345,2,6.4,5.2
401760374,62,Hawai'i,Mountain West,home,21,28-47,1,20,2-3,0,1,,,3,,,,7,219,1,,1,29:50,,,,2,26,0,95,1,40,8,7-17,0,7-41,314,3,4.7,3.7
401760374,278,Fresno State,Mountain West,away,23,22-29,1,16,0-0,1,1,1,101,0,0,57,2,5,230,2,3,1,30:10,0,7,1,3,31,1,65,4,38,4,7-14,3,8-87,295,1,7.9,2.1
401760375,23,San José State,Mountain West,home,31,13-21,0,15,0-0,1,1,,,0,0,23,2,7,222,5,,1,20:59,,,,3,26,3,198,1,44,3,7-10,2,4-50,420,1,10.6,7.6
401760375,70,Idaho,Big Sky,away,28,18-32,0,22,5-5,1,1,,,0,0,25,2,4,232,3,,2,39:01,,,,1,43,2,152,0,23,3,9-18,1,9-63,384,1,7.3,3.5
401760376,193,Miami (OH),Mid-American,home,38,15-30,2,19,1-1,1,0,1,77,2,1,138,4,8,265,5,2,3,21:52,,,,0,22,0,131,4,49,10,1-8,1,7-79,396,3,8.8,6.0
401760376,2439,UNLV,Mountain West,away,41,29-43,1,30,0-1,0,1,1,67,2,0,53,3,11,293,3,2,2,38:08,,,,3,43,2,220,0,26,4,12-17,0,6-35,513,2,6.8,5.1
401760377,328,Utah State,Mountain West,home,48,19-28,0,27,1-1,1,0,,,1,,,,6,293,4,,3,31:14,0,4,1,5,45,4,337,4,22,6,6-12,1,6-55,630,2,10.5,7.5
401760377,2377,McNeese,Southland,away,7,11-28,0,13,2-4,0,1,0,0,0,0,15,1,1,130,2,1,1,28:46,0,11,1,2,40,0,109,1,31,1,6-18,0,3-22,239,0,4.6,2.7
401761609,290,Georgia Southern,Sun Belt,home,45,22-35,0,28,0-0,1,1,0,0,1,0,66,4,9,310,5,1,2,28:30,0,21,2,3,40,4,206,3,39,7,9-15,2,8-70,516,2,8.9,5.2
401761609,311,Maine,CAA,away,17,19-34,1,17,2-6,1,1,1,76,1,0,67,3,5,139,4,1,0,31:30,0,0,2,3,30,1,109,0,37,1,1-12,1,3-12,248,2,4.1,3.6
401761610,309,Louisiana,Sun Belt,away,31,21-35,1,21,0-1,0,,1,35,2,0,61,3,7,227,1,1,0,29:59,0,12,1,13,32,3,214,1,21,4,6-15,,10-85,441,2,6.5,6.7
401761610,2199,Eastern Michigan,Mid-American,home,34,21-31,0,20,1-1,0,,0,0,1,0,81,4,10,226,1,2,1,30:01,0,40,3,13,36,3,183,1,19,3,6-14,,8-92,409,1,7.3,5.1
401761611,6,South Alabama,Sun Belt,home,20,22-36,0,22,1-3,1,0,,,2,0,16,1,8,197,2,,0,36:41,0,21,2,5,44,2,223,1,23,5,8-18,5,8-70,420,3,5.5,5.1
401761611,324,Coastal Carolina,Sun Belt,away,38,13-25,1,15,0-0,0,1,0,30,0,0,41,2,8,112,1,2,2,23:19,,,,4,31,2,182,3,42,5,4-11,0,8-55,294,0,4.5,5.9
401761612,326,Texas State,Sun Belt,home,35,14-22,0,25,0-0,1,0,0,0,0,0,23,1,5,194,1,1,0,26:51,,,,3,47,5,207,1,49,5,11-14,1,6-67,401,1,8.8,4.4
401761612,2447,Nicholls,Southland,away,3,15-22,0,17,1-3,0,1,,,1,,,,3,97,2,,0,33:09,,,,1,42,0,127,0,34,0,5-16,2,4-36,224,1,4.4,3.0
401761613,2084,Buffalo,Mid-American,home,17,14-28,0,14,0-1,0,1,0,12,0,0,22,1,5,153,4,1,0,27:08,0,0,1,1,34,2,125,7,48,10,6-17,1,5-30,278,0,5.5,3.7
401761613,2653,Troy,Sun Belt,away,21,19-36,0,22,3-4,1,0,,,1,0,49,4,3,202,2,,1,32:52,0,17,5,3,47,2,163,0,29,6,10-21,4,5-60,365,2,5.6,3.5
401762468,242,Rice,American Athletic,away,28,9-12,0,17,0-0,0,1,,,0,,,,4,98,9,,1,30:12,,,,5,46,3,255,6,36,9,5-12,0,7-82,353,0,8.2,5.5
401762468,2429,Charlotte,American Athletic,home,17,23-44,0,22,1-1,1,0,,,0,,,,9,259,0,,1,29:48,0,42,2,4,32,0,75,0,29,4,8-18,2,5-43,334,1,5.9,2.3
401762469,249,North Texas,American Athletic,away,45,26-36,0,26,1-3,1,2,0,35,0,0,39,4,9,249,1,1,1,27:59,,,,4,41,5,229,1,37,4,7-12,2,7-50,478,1,6.9,5.6
401762469,349,Army,American Athletic,home,38,6-13,0,26,3-5,2,1,,,1,,,,8,101,2,,2,32:01,,,,2,68,3,387,0,43,2,8-16,3,1-15,488,3,7.8,5.7
401762470,58,South Florida,American Athletic,home,63,18-26,2,20,2-2,0,0,1,93,1,0,57,3,9,252,3,1,4,16:53,1,142,6,5,28,3,252,5,38,10,4-10,1,8-80,504,1,9.7,9.0
401762470,2569,South Carolina State,MEAC,away,14,25-42,0,20,1-2,0,0,0,0,1,,,,2,235,2,1,0,43:07,,,,2,38,2,70,0,26,2,7-18,1,9-55,305,1,5.6,1.8
401762820,2649,Toledo,Mid-American,away,13,15-30,0,16,1-2,0,2,0,0,2,0,33,1,7,89,4,1,0,29:42,0,17,2,1,42,1,191,4,44,6,5-18,1,5-48,280,2,3.0,4.5
401762820,2711,Western Michigan,Mid-American,home,14,16-33,0,17,1-3,2,0,0,-1,1,,,,0,201,4,2,0,30:18,0,5,3,9,36,2,91,2,51,5,6-15,3,2-20,292,3,6.1,2.5
401762821,2006,Akron,Mid-American,home,51,16-32,1,26,0-0,0,1,1,27,1,0,30,1,15,249,5,2,2,26:42,0,24,3,3,34,3,269,3,31,7,5-11,1,6-55,518,1,7.8,7.9
401762821,2184,Duquesne,NEC,away,7,9-25,0,12,0-2,1,0,0,4,2,0,22,2,1,52,5,1,0,33:18,0,0,1,4,40,1,178,0,31,1,6-16,1,2-10,230,3,2.1,4.5
401762822,2117,Central Michigan,Mid-American,home,49,14-18,1,24,2-2,2,1,1,30,0,0,0,1,7,273,5,1,4,32:23,0,46,1,2,47,2,234,3,23,6,5-11,2,8-73,507,2,15.2,5.0
401762822,2681,Wagner,NEC,away,10,12-20,1,6,1-2,1,2,,,1,0,0,1,4,41,1,,0,27:37,,,,1,34,0,74,0,34,4,2-14,1,3-25,115,2,2.1,2.2
401762823,195,Ohio,Mid-American,home,52,18-27,0,33,0-1,0,,0,0,0,0,58,1,8,290,0,1,1,33:59,0,45,2,4,47,6,319,0,27,2,5-9,,4-35,609,0,10.7,6.8
401762823,2241,Gardner-Webb,Big South-OVC,away,35,19-30,0,16,5-5,0,,,,1,0,40,2,5,289,3,,2,26:01,0,35,2,1,30,3,193,2,32,5,2-13,,4-31,482,1,9.6,6.4
401767031,2097,Campbell,CAA,home,50,30-50,,27,3-4,2,1,0,0,2,0,80,4,6,337,,2,6,32:23,,,,,42,1,220,,,,11-20,2,11-108,557,4,6.7,5.2
401767031,2803,Bryant,CAA,away,48,15-34,,19,1-3,1,2,1,30,2,1,132,3,6,215,,2,1,27:37,0,1,1,,37,4,175,,,,7-17,1,6-52,390,3,6.3,4.7
401767061,331,Eastern Washington,Big Sky,home,52,11-29,,22,1-2,0,,0,46,2,0,80,2,6,272,,1,2,27:38,0,98,4,,42,5,325,,,,4-14,,11-122,597,2,9.4,7.7
401767061,2710,Western Illinois,Big South-OVC,away,31,21-43,,22,2-3,0,,0,18,1,0,66,3,7,208,,2,2,32:22,,,,,39,2,150,,,,6-19,,8-80,358,1,4.8,3.8
401767072,13,Cal Poly,Big Sky,away,17,19-39,,19,1-1,0,1,,,3,0,9,1,5,288,,,2,31:51,0,0,1,,32,0,69,,,,4-17,2,8-75,357,3,7.4,2.2
401767072,2617,Stephen F. Austin,Southland,home,35,19-30,,18,1-2,1,0,1,45,0,,,,5,190,,3,2,28:09,1,85,4,,37,1,164,,,,4-14,1,7-80,354,1,6.3,4.4
401767081,304,Idaho State,Big Sky,home,90,15-20,,25,1-1,0,2,0,32,0,0,10,1,12,240,,2,7,23:47,0,47,2,,27,5,281,,,,6-7,1,6-50,521,0,12.0,10.4
401767081,124179,Lincoln (CA),Independent DII,away,0,20-34,,13,1-5,2,0,,,2,0,43,3,,208,,,0,36:13,,,,,25,0,6,,,,3-12,2,11-65,214,4,6.1,0.2
401767099,149,Montana,Big Sky,home,63,24-30,,33,2-2,0,1,0,6,0,0,26,1,9,344,,1,2,38:22,0,0,1,,51,6,303,,,,9-15,0,3-18,647,0,11.5,5.9
401767099,282,Indiana State,MVFC,away,20,15-28,,12,0-0,1,0,,,1,0,55,3,2,189,,,1,23:18,0,4,2,,30,2,198,,,,5-15,1,5-27,387,2,6.8,6.6
401767107,147,Montana State,Big Sky,home,17,12-17,,20,0-0,0,1,0,0,1,0,13,1,5,121,,1,0,28:34,0,5,1,,41,2,233,,,,9-11,0,4-23,354,1,7.1,5.7
401767107,2385,Mercyhurst,NEC,away,0,24-36,,15,4-7,1,0,0,0,1,0,36,2,,205,,1,0,31:26,0,10,1,,23,0,58,,,,4-14,1,5-45,263,2,5.7,2.5
401767114,2464,Northern Arizona,Big Sky,home,31,17-34,,19,2-2,0,0,,,0,0,22,1,7,286,,,3,28:17,0,17,2,,29,1,116,,,,4-13,1,3-40,402,0,8.4,4.0
401767114,2916,Incarnate Word,Southland,away,23,30-38,,22,1-2,0,,,,0,,,,5,292,,,2,31:43,0,7,1,,28,1,144,,,,6-14,,9-60,436,0,7.7,5.1
401767121,2277,Houston Christian,Southland,home,23,17-35,,8,1-2,1,1,2,119,0,0,46,2,11,160,,2,0,21:35,0,6,2,,23,0,40,,,,1-15,2,8-50,200,1,4.6,1.7
401767121,2458,Northern Colorado,Big Sky,away,26,24-37,,24,1-1,1,1,,,2,,,,8,215,,,1,38:25,0,10,1,,54,2,222,,,,4-16,2,6-40,437,3,5.8,4.1
401767132,16,Sacramento State,Big Sky,home,45,17-22,,19,1-1,1,0,,,0,0,34,3,9,340,,,2,29:41,0,7,1,,39,4,262,,,,8-12,3,8-67,602,1,15.5,6.7
401767132,2110,Central Arkansas,UAC,away,16,17-26,,19,3-5,0,1,,,0,0,49,3,4,195,,,1,30:19,,,,,44,1,87,,,,3-16,0,4-35,282,0,7.5,2.0
401767151,2193,East Tennessee State,Southern,home,26,30-45,,24,1-2,0,1,0,0,1,0,34,1,8,268,,1,0,34:34,0,0,1,,43,3,138,,,,9-21,0,3-20,406,1,6.0,3.2
401767151,2210,Elon,CAA,away,16,15-29,,15,0-2,1,0,0,0,1,0,99,4,4,223,,1,2,25:26,,,,,30,0,70,,,,2-11,2,9-71,293,2,7.7,2.3
401767157,253,Southern Utah,UAC,away,34,23-43,,28,2-2,1,0,,,1,0,73,3,4,316,,,2,36:59,0,22,2,,43,3,233,,,,10-18,2,4-31,549,2,7.3,5.4
401767157,302,UC Davis,Big Sky,home,50,13-21,,18,0-0,0,1,0,0,0,0,102,4,6,162,,1,2,23:01,0,50,2,,27,5,357,,,,4-8,0,4-35,519,0,7.7,13.2
401767160,2086,Butler,Pioneer,away,24,8-25,,13,1-3,0,1,0,56,1,,,,6,63,,2,1,28:44,0,1,1,,37,2,185,,,,0-14,0,5-29,248,1,2.5,5.0
401767160,2692,Weber State,Big Sky,home,38,14-25,,21,0-2,1,0,0,0,2,0,25,1,12,185,,1,2,31:16,0,79,5,,41,2,257,,,,3-12,3,8-88,442,3,7.4,6.3
401767162,2127,Charleston Southern,Big South-OVC,away,7,11-18,,10,0-1,2,0,,,0,0,26,2,1,86,,,0,23:56,0,19,2,,27,1,163,,,,3-11,2,9-68,249,2,4.8,6.0
401767162,2729,William & Mary,CAA,home,34,22-34,,27,1-3,0,2,,,0,0,15,1,4,296,,,4,36:04,0,3,1,,50,1,151,,,,14-21,0,3-25,447,0,8.7,3.0
401767182,47,Howard,MEAC,home,34,13-17,,24,1-1,1,0,0,44,0,0,15,2,4,182,,1,1,35:54,0,46,4,,46,4,274,,,,4-10,1,8-65,456,1,10.7,6.0
401767182,2261,Hampton,CAA,away,7,8-15,,11,0-1,0,1,,,1,0,14,1,1,71,,,0,24:06,0,20,2,,35,1,144,,,,4-12,1,6-54,215,1,4.7,4.1
401767210,2619,Stony Brook,CAA,away,27,27-41,,20,3-3,1,0,,,0,,,,3,317,,,2,22:52,0,7,1,,30,1,99,,,,5-16,1,4-45,416,1,7.7,3.3
401767210,2815,Lindenwood,Big South-OVC,home,30,20-29,,20,1-2,0,1,,,0,0,48,2,6,249,,,2,37:08,0,11,1,,40,2,216,,,,6-14,0,3-20,465,0,8.6,5.4
401767218,79,Southern Illinois,MVFC,away,59,18-25,,22,0-0,0,1,0,13,0,0,10,1,11,342,,1,4,26:41,,,,,33,4,270,,,,9-11,1,3-11,612,0,13.7,8.2
401767218,2546,Southeast Missouri State,Big South-OVC,home,31,33-47,,34,1-1,1,0,,,1,0,56,3,7,422,,,2,33:19,,,,,38,2,147,,,,7-13,1,3-30,569,2,9.0,3.9
401767239,2000,Abilene Christian,UAC,home,45,30-42,,22,1-1,0,,,,1,,,,,339,,,,28:06,,,,,29,,93,,,,6-14,,6-37,432,1,8.1,3.2
401767239,2046,Austin Peay,UAC,away,31,24-39,,23,2-2,3,,,,0,,,,,330,,,,31:54,,,,,34,,104,,,,3-13,,9-80,434,3,8.5,3.1
401767258,222,Villanova,CAA,away,33,25-43,,27,0-1,1,0,,,0,0,194,8,3,333,,,2,27:39,,,,,28,3,165,,,,7-14,2,13-124,498,1,7.7,5.9
401767258,2405,Monmouth,CAA,home,51,20-30,,34,0-1,0,1,,,0,0,54,2,9,397,,,4,32:21,0,11,1,,45,3,240,,,,7-12,1,7-72,637,0,13.2,5.3
401767267,159,Dartmouth,Ivy,home,27,22-30,,21,0-1,0,0,0,22,1,,,,1,244,,2,0,32:03,,,,,33,4,188,,,,8-12,1,2-25,432,1,8.1,5.7
401767267,160,New Hampshire,CAA,away,20,22-35,,17,3-5,0,0,0,65,2,0,75,4,8,273,,1,1,27:57,0,5,2,,29,1,88,,,,2-12,1,1-5,361,2,7.8,3.0
401767272,2428,North Carolina Central,MEAC,away,62,24-32,,32,0-1,1,0,0,0,0,0,38,5,10,399,,2,3,35:53,,,,,42,5,366,,,,7-11,1,8-59,765,1,12.5,8.7
401767272,2448,North Carolina A&T,CAA,home,20,11-20,,13,0-2,0,1,,,2,0,39,3,2,252,,,1,24:07,0,22,1,,35,1,42,,,,3-11,1,8-63,294,2,12.6,1.2
401767278,2198,Eastern Kentucky,UAC,away,12,21-41,,21,1-3,1,0,,,1,0,24,1,6,203,,,0,31:54,0,6,1,,31,1,154,,,,7-16,1,7-80,357,2,5.0,5.0
401767278,2698,West Georgia,UAC,home,33,8-15,,17,0-1,0,1,0,0,0,0,140,5,7,95,,1,2,28:06,0,7,2,,41,1,147,,,,5-13,1,5-54,242,0,6.3,3.6
401767286,2287,Illinois State,MVFC,home,38,21-37,,29,1-1,2,0,0,-3,0,0,56,3,12,289,,1,3,29:30,0,26,2,,41,1,217,,,,6-15,4,4-55,506,2,7.8,5.3
401767286,2453,North Alabama,UAC,away,36,22-37,,24,1-1,0,2,,,1,0,58,4,6,265,,,4,30:30,0,0,1,,45,1,144,,,,9-18,1,10-129,409,1,7.2,3.2
401767306,236,Chattanooga,Southern,away,24,7-14,,18,0-0,2,0,,,1,0,41,3,6,117,,,0,27:53,,,,,37,3,292,,,,1-9,2,5-47,409,3,8.4,7.9
401767306,2627,Tarleton State,UAC,home,52,20-33,,20,2-2,0,2,1,57,0,0,19,1,14,404,,1,3,32:07,0,20,2,,37,2,172,,,,7-17,0,6-74,576,0,12.2,4.6
401767308,2460,Northern Iowa,MVFC,away,9,18-31,,11,1-2,0,0,0,19,0,0,38,2,9,160,,1,0,26:45,0,19,3,,25,0,47,,,,4-14,2,11-118,207,0,5.2,1.9
401767308,3101,Utah Tech,UAC,home,20,12-22,,22,0-0,0,1,,,1,0,45,3,8,110,,,1,33:15,0,0,1,,51,1,239,,,,7-15,0,13-116,349,1,5.0,4.7
401767310,2010,Alabama A&M,SWAC,home,49,15-30,,21,2-3,0,2,0,0,3,0,97,4,9,205,,2,2,27:54,0,29,1,,39,4,192,,,,4-13,0,7-75,397,3,6.8,4.9
401767310,2323,Lane College,SIAC,away,7,8-20,,11,0-2,2,0,1,62,2,0,87,4,1,73,,3,0,32:06,,,,,35,0,82,,,,2-12,4,5-40,155,4,3.7,2.3
401767319,227,Rhode Island,CAA,home,28,19-32,,17,0-0,0,,0,0,1,,,,4,193,,2,2,31:02,0,31,1,,37,2,158,,,,9-16,,4-35,351,1,6.0,4.3
401767319,2341,Long Island University,NEC,away,7,10-28,,16,1-3,0,,0,3,2,0,29,1,1,101,,1,0,28:58,,,,,35,1,203,,,,2-12,,6-40,304,2,3.6,5.8
401767329,119,Towson,CAA,home,28,20-31,,19,3-3,0,,,,1,0,11,1,4,285,,,2,27:09,,,,,25,2,93,,,,2-10,,6-56,378,1,9.2,3.7
401767329,2754,Youngstown State,MVFC,away,31,24-42,,23,2-3,0,,0,0,0,0,142,4,11,277,,1,1,32:51,0,1,1,,32,2,149,,,,6-13,,8-70,426,0,6.6,4.7
401767333,172,Cornell,Ivy,away,10,16-26,,15,0-1,0,,0,0,1,0,86,4,4,153,,1,1,26:18,0,1,1,,30,0,110,,,,3-12,,8-70,263,1,5.9,3.7
401767333,399,UAlbany,CAA,home,13,13-30,,17,2-3,0,,0,0,1,0,41,2,7,115,,1,0,33:42,0,10,1,,38,1,162,,,,5-17,,6-55,277,1,3.8,4.3
401767342,2169,Delaware State,MEAC,away,39,7-18,,22,1-1,0,1,0,28,1,0,28,2,3,85,,2,0,26:42,0,-11,2,,53,2,299,,,,8-15,0,5-44,384,1,4.7,5.6
401767342,2598,St. Francis (PA),NEC,home,10,25-35,,16,3-5,1,0,0,-1,2,0,17,3,4,265,,1,1,33:18,0,13,1,,19,0,59,,,,0-8,1,11-82,324,3,7.6,3.1
401767389,2065,Bethune-Cookman,SWAC,home,35,13-23,,15,0-1,0,,1,51,1,0,8,1,5,209,,4,3,29:11,0,10,1,,41,1,228,,,,6-13,,11-89,437,1,9.1,5.6
401767389,2206,Edward Waters,SIAC,away,9,19-40,,20,1-1,0,,0,0,4,0,59,3,3,173,,1,1,30:49,0,4,2,,30,0,74,,,,4-15,,13-98,247,4,4.3,2.5
401767405,2450,Norfolk State,MEAC,home,28,27-42,,29,3-4,2,0,,,1,0,12,3,4,340,,,1,25:23,0,36,3,,31,3,210,,,,3-10,2,9-77,550,3,8.1,6.8
401767405,2529,Sacred Heart,FCS Independents,away,31,9-14,,18,1-1,0,2,0,2,0,0,47,4,7,95,,1,0,34:37,,,,,51,4,295,,,,6-15,0,9-80,390,0,6.8,5.8
401767416,2755,Grambling,SWAC,home,31,14-26,,15,1-1,0,,0,0,0,0,31,1,7,179,,1,1,23:31,0,29,1,,28,3,142,,,,2-11,,5-40,321,0,6.9,5.1
401767416,2837,East Texas A&M,Southland,away,28,23-33,,23,0-2,0,,,,1,,,,4,229,,,2,36:29,0,65,4,,40,2,123,,,,6-14,,6-47,352,1,6.9,3.1
401767433,2466,Northwestern State,Southland,away,24,12-21,,14,1-1,1,1,0,0,1,0,15,4,6,156,,1,2,26:20,0,17,1,,32,1,164,,,,5-13,2,4-35,320,2,7.4,5.1
401767433,2504,Prairie View A&M,SWAC,home,27,15-23,,19,2-3,1,1,0,32,1,0,35,4,7,148,,1,0,33:40,0,0,1,,44,3,346,,,,3-12,2,4-50,494,2,6.4,7.9
401767502,155,North Dakota,MVFC,home,58,18-29,,24,1-1,1,0,0,3,0,1,101,2,16,220,,1,2,29:44,0,62,4,,40,4,228,,,,5-12,1,5-55,448,1,7.6,5.7
401767502,2674,Valparaiso,Pioneer,away,7,8-19,,6,0-1,0,1,,,1,0,87,5,1,111,,,1,30:16,0,-2,1,,35,0,65,,,,2-15,0,2-13,176,1,5.8,1.9
401767528,292,UT Rio Grande Valley,Southland,home,61,19-32,,21,0-1,0,3,1,52,1,0,37,1,11,247,,2,1,29:16,0,30,3,,41,6,283,,,,8-15,0,3-20,530,1,7.7,6.9
401767541,233,South Dakota,MVFC,home,42,13-20,,21,0-0,1,1,0,0,0,0,66,3,6,226,,2,2,29:21,0,-3,3,,35,4,282,,,,5-8,3,8-75,508,1,11.3,8.1
401767541,2181,Drake,Pioneer,away,21,15-20,,20,1-1,1,1,,,2,0,23,1,3,164,,,1,30:39,,,,,39,2,138,,,,5-11,1,3-21,302,3,8.2,3.5
401767551,46,Georgetown,Patriot,away,0,9-29,,11,2-4,2,0,0,0,2,0,27,3,0,107,,1,0,29:27,0,24,2,,41,0,76,,,,6-19,4,5-45,183,4,3.7,1.9
401767551,225,Brown,Ivy,home,46,20-28,,18,1-1,0,2,0,3,1,,,,8,219,,2,2,30:33,0,6,3,,34,4,168,,,,4-13,1,4-30,387,1,7.8,4.9
401767574,2382,Mercer,Southern,away,38,29-35,,24,0-0,0,,0,0,0,,,,8,305,,1,4,31:33,,,,,27,1,152,,,,5-9,,6-45,457,0,8.7,5.6
401767574,2643,The Citadel,Southern,home,0,10-16,,10,0-5,0,,,,1,0,17,2,,76,,,0,28:27,0,0,1,,37,0,118,,,,3-13,,4-40,194,1,4.8,3.2
401767580,2535,Samford,Southern,away,35,35-53,,34,0-1,0,1,,,1,0,62,3,11,456,,,3,30:13,,,,,35,1,120,,,,7-15,0,5-47,576,1,8.6,3.4
401767580,2717,Western Carolina,Southern,home,50,35-46,,31,1-3,1,0,0,0,0,0,73,3,6,582,,1,6,29:47,0,-3,1,,31,1,151,,,,8-12,1,16-145,733,1,12.7,4.9
401767589,257,Richmond,Patriot,home,38,11-14,,22,0-0,1,0,0,29,0,,,,8,188,,1,2,33:32,0,38,4,,50,3,353,,,,6-13,1,7-65,541,1,13.4,7.1
401767589,2678,VMI,Southern,away,14,17-35,,12,0-0,0,1,,,1,0,36,3,2,195,,,2,26:28,,,,,23,0,34,,,,5-15,1,6-60,229,1,5.6,1.5
401767603,2166,Davidson,Pioneer,home,48,18-28,,21,4-5,0,3,0,-23,1,0,19,1,6,246,,3,3,28:33,,,,,41,4,256,,,,4-11,0,13-110,502,1,8.8,6.2
401767603,2256,Greensboro College,USA South,away,0,26-46,,17,1-6,3,0,0,17,3,0,41,3,,270,,1,0,31:27,0,4,1,,27,0,23,,,,5-15,5,7-57,293,6,5.9,0.9
401767613,2168,Dayton,Pioneer,away,17,13-20,,16,1-1,0,0,,,0,0,19,1,5,194,,,2,26:40,0,9,2,,31,0,92,,,,4-11,1,7-64,286,0,9.7,3.0
401767613,2523,Robert Morris,NEC,home,14,10-25,,18,0-3,0,,,,0,,,,2,115,,,0,33:20,0,15,3,,39,2,148,,,,8-15,,7-55,263,0,4.6,3.8
401767635,2413,Morehead State,Pioneer,home,45,18-23,,30,0-0,0,0,,,0,0,76,3,9,311,,,4,40:12,0,0,1,,44,2,289,,,,4-7,1,8-78,600,0,13.5,6.6
401767640,2506,Presbyterian,Pioneer,home,76,19-25,,28,1-1,0,1,0,44,0,0,72,3,14,320,,2,6,29:03,0,5,3,,35,4,226,,,,4-9,0,2-20,546,0,12.8,6.5
401767644,163,Princeton,Ivy,home,35,18-27,,16,1-2,1,1,,,0,0,25,1,5,283,,,1,21:38,0,39,4,,28,4,116,,,,4-12,1,3-40,399,1,10.5,4.1
401767644,301,San Diego,Pioneer,away,42,38-51,,25,1-1,1,1,,,0,0,56,3,6,352,,,3,38:22,0,26,2,,34,3,133,,,,14-21,1,8-65,485,1,6.9,3.9
401767653,56,Stetson,Pioneer,home,7,18-33,,11,2-4,2,1,0,24,1,0,28,2,1,149,,1,1,29:43,0,8,1,,31,0,56,,,,4-15,3,4-30,205,3,4.5,1.8
401767653,108,Harvard,Ivy,away,59,13-19,,20,3-3,1,2,0,0,1,,,,11,281,,1,2,30:17,,,,,40,6,192,,,,3-10,2,1-5,473,2,14.8,4.8
401767664,2083,Bucknell,Patriot,home,24,23-34,,20,2-2,0,,,,1,0,34,4,6,291,,,2,27:53,,,,,27,1,80,,,,5-14,,6-66,371,1,8.6,3.0
401767664,2329,Lehigh,Patriot,away,41,16-20,,25,1-2,0,0,0,13,0,0,25,1,11,171,,1,2,32:07,0,23,3,,41,3,323,,,,4-10,1,9-89,494,0,8.6,7.9
401767672,2142,Colgate,Patriot,home,44,22-33,,27,1-3,0,,0,1,0,0,36,2,8,331,,1,3,33:39,0,19,3,,44,3,216,,,,10-15,,6-30,547,0,10.0,4.9
401767672,2230,Fordham,Patriot,away,21,24-42,,19,1-3,0,,,,1,0,74,4,3,213,,,3,26:21,0,7,1,,28,0,94,,,,7-16,,4-39,307,1,5.1,3.4
401767679,171,Columbia,Ivy,away,14,16-36,,18,1-4,0,0,,,1,0,130,6,2,198,,,1,25:26,0,0,1,,28,1,91,,,,5-13,1,6-22,289,1,5.5,3.3
401767679,322,Lafayette,Patriot,home,38,14-17,,22,1-1,0,,0,4,0,,,,8,166,,1,0,34:34,0,9,1,,49,5,234,,,,6-12,,5-25,400,0,9.8,4.8
401767726,43,Yale,Ivy,home,28,13-18,,18,1-2,0,1,,,0,0,26,2,4,166,,,1,30:45,0,-1,1,,43,3,152,,,,5-12,1,13-100,318,0,9.2,3.5
401767726,107,Holy Cross,Patriot,away,10,15-32,,19,0-2,1,0,,,0,0,83,5,4,193,,,1,29:15,,,,,34,0,88,,,,6-15,1,10-77,281,1,6.0,2.6
401767743,2115,Central Connecticut,NEC,away,14,14-32,,17,0-1,2,0,0,-3,1,0,38,2,2,174,,2,0,23:41,0,19,3,,31,2,88,,,,4-14,3,3-30,262,3,5.4,2.8
401767743,2771,Merrimack,FCS Independents,home,16,12-30,,20,0-1,0,2,0,13,2,0,43,3,10,124,,1,0,36:19,0,12,3,,42,1,190,,,,5-14,1,5-41,314,2,4.1,4.5
401767772,219,Pennsylvania,Ivy,away,24,16-31,,17,2-2,0,0,,,1,0,91,4,6,238,,,1,27:57,1,71,3,,32,1,137,,,,6-15,1,6-63,375,1,7.7,4.3
401767772,284,Stonehill,NEC,home,21,18-26,,17,1-2,0,0,0,0,0,0,140,4,3,165,,1,2,32:03,,,,,33,1,96,,,,7-16,1,7-65,261,0,6.3,2.9
401773491,129,Saginaw Valley State,GLIAC,away,28,21-38,,20,0-1,0,1,0,64,1,,,,4,202,,2,2,29:32,0,0,1,,34,2,188,,,,5-16,0,16-166,390,1,5.3,5.5
401773491,2441,New Haven,NEC,home,35,19-34,,24,1-2,1,0,0,2,2,0,53,4,5,266,,1,4,30:28,0,4,2,,30,1,187,,,,5-15,3,7-67,453,3,7.8,6.2
401774013,2119,Central State (OH),SIAC,away,0,14-23,,9,0-0,1,1,0,0,2,0,0,1,,93,,1,0,31:54,,,,,32,0,15,,,,3-14,3,11-78,108,3,4.0,0.5
401774013,2415,Morgan State,MEAC,home,27,17-27,,18,0-4,1,1,0,12,1,0,25,1,3,165,,2,1,28:06,1,43,5,,36,2,138,,,,5-13,2,5-55,303,2,6.1,3.8
