,id,season,seasonType,week,startDate,homeTeam,homeConference,homeClassification,homeScore,awayTeam,awayConference,awayClassification,awayScore,provider,spread,formattedSpread,spreadOpen,overUnder,overUnderOpen,homeMoneyline,awayMoneyline,0
0,401635575,2024,regular,7,2024-10-12T19:30:00.000Z,Pittsburgh,ACC,fbs,17.0,California,ACC,fbs,15.0,DraftKings,-3.5,Pittsburgh -3.5,-2.5,57.5,,-166.0,140.0,
1,401635575,2024,regular,7,2024-10-12T19:30:00.000Z,Pittsburgh,ACC,fbs,17.0,California,ACC,fbs,15.0,Bovada,-3.5,Pittsburgh -3.5,-4.5,57.5,59.0,-170.0,145.0,
2,401635575,2024,regular,7,2024-10-12T19:30:00.000Z,Pittsburgh,ACC,fbs,17.0,California,ACC,fbs,15.0,ESPN Bet,-3.5,Pittsburgh -3.5,-3.5,56.5,59.5,-170.0,145.0,
3,401654609,2024,regular,10,2024-11-02T16:00:00.000Z,Robert Morris,NEC,fcs,6.0,Merrimack,FCS Independents,fcs,0.0,ESPN Bet,1.5,Merrimack -1.5,,48.5,,,,
4,401643828,2024,regular,11,2024-11-09T17:00:00.000Z,UL Monroe,Sun Belt,fbs,17.0,Texas State,Sun Belt,fbs,38.0,Bovada,9.5,Texas State -9.5,7.0,50.0,48.5,240.0,-290.0,
5,401643828,2024,regular,11,2024-11-09T17:00:00.000Z,UL Monroe,Sun Belt,fbs,17.0,Texas State,Sun Belt,fbs,38.0,ESPN Bet,9.5,Texas State -9.5,7.0,49.5,48.5,300.0,-400.0,
6,401643828,2024,regular,11,2024-11-09T17:00:00.000Z,UL Monroe,Sun Belt,fbs,17.0,Texas State,Sun Belt,fbs,38.0,DraftKings,9.5,Texas State -9.5,8.5,50.0,,280.0,-355.0,
7,401628444,2024,regular,14,2024-11-30T17:00:00.000Z,Clemson,ACC,fbs,14.0,South Carolina,SEC,fbs,17.0,DraftKings,-3.0,Clemson -3,-4.5,49.5,,-142.0,120.0,
8,401628444,2024,regular,14,2024-11-30T17:00:00.000Z,Clemson,ACC,fbs,14.0,South Carolina,SEC,fbs,17.0,Bovada,-2.5,Clemson -2.5,-2.5,49.0,49.0,-135.0,115.0,
9,401628444,2024,regular,14,2024-11-30T17:00:00.000Z,Clemson,ACC,fbs,14.0,South Carolina,SEC,fbs,17.0,ESPN Bet,-2.5,Clemson -2.5,-2.5,48.5,49.5,-140.0,120.0,
10,401636896,2024,regular,7,2024-10-13T00:00:00.000Z,West Virginia,Big 12,fbs,16.0,Iowa State,Big 12,fbs,28.0,DraftKings,3.0,Iowa State -3,3.5,54.0,,130.0,-155.0,
11,401636896,2024,regular,7,2024-10-13T00:00:00.000Z,West Virginia,Big 12,fbs,16.0,Iowa State,Big 12,fbs,28.0,Bovada,3.0,Iowa State -3.0,3.0,54.0,51.0,130.0,-150.0,
12,401636896,2024,regular,7,2024-10-13T00:00:00.000Z,West Virginia,Big 12,fbs,16.0,Iowa State,Big 12,fbs,28.0,ESPN Bet,3.0,Iowa State -3,3.0,53.5,51.5,135.0,-155.0,
13,401654459,2024,regular,10,2024-11-02T16:00:00.000Z,Brown,Ivy,fcs,28.0,Pennsylvania,Ivy,fcs,38.0,ESPN Bet,1.5,Pennsylvania -1.5,,49.5,,,,
14,401643829,2024,regular,11,2024-11-09T20:00:00.000Z,Southern Miss,Sun Belt,fbs,3.0,Marshall,Sun Belt,fbs,37.0,Bovada,13.5,Marshall -13.5,13.5,53.5,55.5,400.0,-575.0,
15,401643829,2024,regular,11,2024-11-09T20:00:00.000Z,Southern Miss,Sun Belt,fbs,3.0,Marshall,Sun Belt,fbs,37.0,ESPN Bet,13.5,Marshall -13.5,13.5,52.5,55.5,400.0,-600.0,
16,401643829,2024,regular,11,2024-11-09T20:00:00.000Z,Southern Miss,Sun Belt,fbs,3.0,Marshall,Sun Belt,fbs,37.0,DraftKings,13.5,Marshall -13.5,13.0,53.5,,390.0,-520.0,
17,401629045,2024,regular,11,2024-11-09T20:30:00.000Z,North Texas,American Athletic,fbs,3.0,Army,American Athletic,fbs,14.0,Bovada,6.5,Army -6.5,5.5,68.0,63.0,180.0,-220.0,
18,401629045,2024,regular,11,2024-11-09T20:30:00.000Z,North Texas,American Athletic,fbs,3.0,Army,American Athletic,fbs,14.0,ESPN Bet,6.5,Army -6.5,5.0,66.5,63.5,200.0,-240.0,
19,401629045,2024,regular,11,2024-11-09T20:30:00.000Z,North Texas,American Athletic,fbs,3.0,Army,American Athletic,fbs,14.0,DraftKings,6.5,Army -6.5,4.0,68.0,,205.0,-250.0,
20,401643826,2024,regular,11,2024-11-09T20:30:00.000Z,James Madison,Sun Belt,fbs,38.0,Georgia State,Sun Belt,fbs,7.0,Bovada,-14.5,James Madison -14.5,-16.5,53.5,54.0,-850.0,550.0,
21,401643826,2024,regular,11,2024-11-09T20:30:00.000Z,James Madison,Sun Belt,fbs,38.0,Georgia State,Sun Belt,fbs,7.0,ESPN Bet,-15.5,James Madison -15.5,-17.0,54.5,54.5,-750.0,475.0,
22,401643826,2024,regular,11,2024-11-09T20:30:00.000Z,James Madison,Sun Belt,fbs,38.0,Georgia State,Sun Belt,fbs,7.0,DraftKings,-14.5,James Madison -14.5,-16.5,53.5,,-625.0,455.0,
23,401636921,2024,regular,11,2024-11-09T21:00:00.000Z,Texas Tech,Big 12,fbs,27.0,Colorado,Big 12,fbs,41.0,Bovada,5.0,Colorado -5.0,3.0,62.0,63.0,130.0,-150.0,
24,401636921,2024,regular,11,2024-11-09T21:00:00.000Z,Texas Tech,Big 12,fbs,27.0,Colorado,Big 12,fbs,41.0,ESPN Bet,4.5,Colorado -4.5,3.0,62.5,62.5,165.0,-195.0,
25,401636921,2024,regular,11,2024-11-09T21:00:00.000Z,Texas Tech,Big 12,fbs,27.0,Colorado,Big 12,fbs,41.0,DraftKings,4.5,Colorado -4.5,3.0,62.0,,164.0,-198.0,
26,401629037,2024,regular,11,2024-11-09T19:30:00.000Z,UAB,American Athletic,fbs,23.0,UConn,FBS Independents,fbs,31.0,Bovada,7.5,UConn -7.5,6.0,54.0,56.5,190.0,-230.0,
27,401629037,2024,regular,11,2024-11-09T19:30:00.000Z,UAB,American Athletic,fbs,23.0,UConn,FBS Independents,fbs,31.0,ESPN Bet,7.5,UConn -7.5,6.0,53.5,56.5,250.0,-300.0,
28,401629037,2024,regular,11,2024-11-09T19:30:00.000Z,UAB,American Athletic,fbs,23.0,UConn,FBS Independents,fbs,31.0,DraftKings,7.5,UConn -7.5,6.5,54.0,,230.0,-285.0,
29,401636938,2024,regular,14,2024-11-29T17:00:00.000Z,Colorado,Big 12,fbs,52.0,Oklahoma State,Big 12,fbs,0.0,DraftKings,-15.0,Colorado -15,-16.5,67.0,,-700.0,500.0,
30,401636938,2024,regular,14,2024-11-29T17:00:00.000Z,Colorado,Big 12,fbs,52.0,Oklahoma State,Big 12,fbs,0.0,Bovada,-16.5,Colorado -16.5,-16.5,66.0,64.5,-850.0,550.0,
31,401636938,2024,regular,14,2024-11-29T17:00:00.000Z,Colorado,Big 12,fbs,52.0,Oklahoma State,Big 12,fbs,0.0,ESPN Bet,-14.5,Colorado -14.5,-16.5,66.5,64.5,-700.0,450.0,
32,401628544,2024,regular,11,2024-11-09T17:00:00.000Z,Rutgers,Big Ten,fbs,26.0,Minnesota,Big Ten,fbs,19.0,Bovada,6.5,Minnesota -6.5,6.0,44.5,47.0,185.0,-225.0,
33,401628544,2024,regular,11,2024-11-09T17:00:00.000Z,Rutgers,Big Ten,fbs,26.0,Minnesota,Big Ten,fbs,19.0,ESPN Bet,6.5,Minnesota -6.5,6.5,44.5,46.5,195.0,-230.0,
34,401628439,2024,regular,14,2024-11-30T00:30:00.000Z,Georgia,SEC,fbs,44.0,Georgia Tech,ACC,fbs,42.0,DraftKings,-17.0,Georgia -17,-20.5,49.0,,-850.0,575.0,
35,401628439,2024,regular,14,2024-11-30T00:30:00.000Z,Georgia,SEC,fbs,44.0,Georgia Tech,ACC,fbs,42.0,Bovada,-17.5,Georgia -17.5,-19.5,49.5,54.5,-1300.0,725.0,
36,401628439,2024,regular,14,2024-11-30T00:30:00.000Z,Georgia,SEC,fbs,44.0,Georgia Tech,ACC,fbs,42.0,ESPN Bet,-17.5,Georgia -17.5,-19.5,48.5,54.5,-1000.0,600.0,
37,401635578,2024,regular,7,2024-10-12T19:30:00.000Z,Virginia,ACC,fbs,20.0,Louisville,ACC,fbs,24.0,DraftKings,7.0,Louisville -7,8.0,54.0,,225.0,-278.0,
38,401635578,2024,regular,7,2024-10-12T19:30:00.000Z,Virginia,ACC,fbs,20.0,Louisville,ACC,fbs,24.0,Bovada,7.0,Louisville -7.0,7.0,54.0,55.5,230.0,-280.0,
39,401635578,2024,regular,7,2024-10-12T19:30:00.000Z,Virginia,ACC,fbs,20.0,Louisville,ACC,fbs,24.0,ESPN Bet,7.5,Louisville -7.5,7.5,52.5,55.5,240.0,-290.0,
40,401654648,2024,regular,10,2024-11-02T17:00:00.000Z,St. Francis (PA),NEC,fcs,34.0,Stonehill,NEC,fcs,0.0,ESPN Bet,-10.0,St. Francis (PA) -10,,47.5,,,,
41,401645376,2024,regular,14,2024-11-29T00:30:00.000Z,Tulane,American Athletic,fbs,24.0,Memphis,American Athletic,fbs,34.0,DraftKings,-12.5,Tulane -12.5,-12.5,54.5,,-455.0,350.0,
42,401645376,2024,regular,14,2024-11-29T00:30:00.000Z,Tulane,American Athletic,fbs,24.0,Memphis,American Athletic,fbs,34.0,Bovada,-13.5,Tulane -13.5,-14.0,54.0,55.5,-650.0,450.0,
43,401645376,2024,regular,14,2024-11-29T00:30:00.000Z,Tulane,American Athletic,fbs,24.0,Memphis,American Athletic,fbs,34.0,ESPN Bet,-12.5,Tulane -12.5,-14.0,54.5,56.5,-550.0,380.0,
44,401635623,2024,regular,14,2024-11-30T20:30:00.000Z,Syracuse,ACC,fbs,42.0,Miami,ACC,fbs,38.0,DraftKings,12.0,Miami -12,10.0,67.5,,330.0,-425.0,
45,401635623,2024,regular,14,2024-11-30T20:30:00.000Z,Syracuse,ACC,fbs,42.0,Miami,ACC,fbs,38.0,Bovada,12.0,Miami -12.0,11.0,68.0,67.0,335.0,-450.0,
46,401635623,2024,regular,14,2024-11-30T20:30:00.000Z,Syracuse,ACC,fbs,42.0,Miami,ACC,fbs,38.0,ESPN Bet,12.5,Miami -12.5,10.5,65.5,67.5,340.0,-450.0,
47,401641021,2024,regular,11,2024-11-09T21:00:00.000Z,UTEP,Conference USA,fbs,43.0,Kennesaw State,Conference USA,fbs,35.0,Bovada,-4.5,UTEP -4.5,-3.5,42.0,42.0,-175.0,150.0,
48,401641021,2024,regular,11,2024-11-09T21:00:00.000Z,UTEP,Conference USA,fbs,43.0,Kennesaw State,Conference USA,fbs,35.0,ESPN Bet,-4.5,UTEP -4.5,-3.5,42.5,42.5,-200.0,170.0,
49,401641021,2024,regular,11,2024-11-09T21:00:00.000Z,UTEP,Conference USA,fbs,43.0,Kennesaw State,Conference USA,fbs,35.0,DraftKings,-4.5,UTEP -4.5,-3.5,42.5,,-185.0,154.0,
50,401628541,2024,regular,11,2024-11-09T20:30:00.000Z,Indiana,Big Ten,fbs,20.0,Michigan,Big Ten,fbs,15.0,Bovada,-14.5,Indiana -14.5,-14.0,47.5,49.0,-650.0,450.0,
51,401628541,2024,regular,11,2024-11-09T20:30:00.000Z,Indiana,Big Ten,fbs,20.0,Michigan,Big Ten,fbs,15.0,ESPN Bet,-14.5,Indiana -14.5,-14.0,47.5,48.5,-700.0,450.0,
52,401628541,2024,regular,11,2024-11-09T20:30:00.000Z,Indiana,Big Ten,fbs,20.0,Michigan,Big Ten,fbs,15.0,DraftKings,-14.5,Indiana -14.5,-9.5,47.5,,-650.0,470.0,
53,401645364,2024,regular,11,2024-11-09T21:00:00.000Z,Tulane,American Athletic,fbs,52.0,Temple,American Athletic,fbs,6.0,Bovada,-25.5,Tulane -25.5,-26.5,50.5,49.0,-5000.0,1300.0,
54,401645364,2024,regular,11,2024-11-09T21:00:00.000Z,Tulane,American Athletic,fbs,52.0,Temple,American Athletic,fbs,6.0,ESPN Bet,-25.5,Tulane -25.5,-27.0,50.5,49.5,-5000.0,1500.0,
55,401645364,2024,regular,11,2024-11-09T21:00:00.000Z,Tulane,American Athletic,fbs,52.0,Temple,American Athletic,fbs,6.0,DraftKings,-26.0,Tulane -26,-24.5,50.5,,-4500.0,1700.0,
56,401636895,2024,regular,7,2024-10-12T19:30:00.000Z,UCF,Big 12,fbs,13.0,Cincinnati,Big 12,fbs,19.0,DraftKings,-2.0,UCF -2,-7.5,58.0,,-125.0,105.0,
57,401636895,2024,regular,7,2024-10-12T19:30:00.000Z,UCF,Big 12,fbs,13.0,Cincinnati,Big 12,fbs,19.0,Bovada,-2.5,UCF -2.5,-3.5,58.0,58.5,-175.0,150.0,
58,401636895,2024,regular,7,2024-10-12T19:30:00.000Z,UCF,Big 12,fbs,13.0,Cincinnati,Big 12,fbs,19.0,ESPN Bet,-2.5,UCF -2.5,-3.5,57.5,58.5,-130.0,110.0,
59,401654620,2024,regular,10,2024-11-02T16:30:00.000Z,Georgetown,Patriot,fcs,6.0,Lehigh,Patriot,fcs,43.0,ESPN Bet,-0.5,Georgetown -0.5,,46.5,,,,
60,401643827,2024,regular,11,2024-11-09T22:00:00.000Z,Louisiana,Sun Belt,fbs,55.0,Arkansas State,Sun Belt,fbs,19.0,Bovada,-14.0,Louisiana -14.0,-14.5,60.0,60.5,-700.0,475.0,
61,401643827,2024,regular,11,2024-11-09T22:00:00.000Z,Louisiana,Sun Belt,fbs,55.0,Arkansas State,Sun Belt,fbs,19.0,ESPN Bet,-14.5,Louisiana -14.5,-14.0,59.5,60.5,-650.0,425.0,
62,401643827,2024,regular,11,2024-11-09T22:00:00.000Z,Louisiana,Sun Belt,fbs,55.0,Arkansas State,Sun Belt,fbs,19.0,DraftKings,-14.0,Louisiana -14,-13.0,60.0,,-550.0,410.0,
63,401628512,2024,regular,7,2024-10-12T16:00:00.000Z,Iowa,Big Ten,fbs,40.0,Washington,Big Ten,fbs,16.0,DraftKings,-2.5,Iowa -2.5,-4.0,41.5,,-142.0,120.0,
64,401628512,2024,regular,7,2024-10-12T16:00:00.000Z,Iowa,Big Ten,fbs,40.0,Washington,Big Ten,fbs,16.0,Bovada,-3.0,Iowa -3.0,-3.5,41.5,41.5,-150.0,130.0,
65,401628512,2024,regular,7,2024-10-12T16:00:00.000Z,Iowa,Big Ten,fbs,40.0,Washington,Big Ten,fbs,16.0,ESPN Bet,-2.5,Iowa -2.5,-3.0,41.5,40.5,-145.0,125.0,
66,401628385,2024,regular,7,2024-10-12T16:00:00.000Z,Alabama,SEC,fbs,27.0,South Carolina,SEC,fbs,25.0,DraftKings,-21.0,Alabama -21,-21.5,50.0,,-1800.0,1000.0,
67,401628385,2024,regular,7,2024-10-12T16:00:00.000Z,Alabama,SEC,fbs,27.0,South Carolina,SEC,fbs,25.0,Bovada,-21.5,Alabama -21.5,-22.0,50.0,50.5,-2000.0,950.0,
68,401628385,2024,regular,7,2024-10-12T16:00:00.000Z,Alabama,SEC,fbs,27.0,South Carolina,SEC,fbs,25.0,ESPN Bet,-19.5,Alabama -19.5,-21.5,49.5,50.5,-1600.0,900.0,
69,401638686,2024,regular,10,2024-11-02T17:00:00.000Z,Butler,Pioneer,fcs,46.0,Stetson,Pioneer,fcs,13.0,ESPN Bet,-26.5,Butler -26.5,,49.5,,,,
70,401628446,2024,regular,14,2024-11-30T17:00:00.000Z,Vanderbilt,SEC,fbs,23.0,Tennessee,SEC,fbs,36.0,DraftKings,9.5,Tennessee -9.5,10.5,47.0,,295.0,-375.0,
71,401628446,2024,regular,14,2024-11-30T17:00:00.000Z,Vanderbilt,SEC,fbs,23.0,Tennessee,SEC,fbs,36.0,Bovada,10.5,Tennessee -10.5,10.5,47.0,48.5,320.0,-430.0,
72,401628446,2024,regular,14,2024-11-30T17:00:00.000Z,Vanderbilt,SEC,fbs,23.0,Tennessee,SEC,fbs,36.0,ESPN Bet,9.5,Tennessee -9.5,10.5,45.5,48.5,320.0,-425.0,
73,401643755,2024,regular,11,2024-11-09T20:30:00.000Z,Oregon State,Pac-12,fbs,13.0,San José State,Mountain West,fbs,24.0,Bovada,-3.0,Oregon State -3.0,-3.5,58.5,55.5,-170.0,145.0,
74,401643755,2024,regular,11,2024-11-09T20:30:00.000Z,Oregon State,Pac-12,fbs,13.0,San José State,Mountain West,fbs,24.0,ESPN Bet,-2.5,Oregon State -2.5,-3.0,56.5,56.5,-150.0,130.0,
75,401643755,2024,regular,11,2024-11-09T20:30:00.000Z,Oregon State,Pac-12,fbs,13.0,San José State,Mountain West,fbs,24.0,DraftKings,-3.0,Oregon State -3,-4.0,58.5,,-148.0,124.0,
76,401628418,2024,regular,11,2024-11-09T21:15:00.000Z,Vanderbilt,SEC,fbs,7.0,South Carolina,SEC,fbs,28.0,Bovada,6.0,South Carolina -6.0,3.5,44.5,46.0,155.0,-180.0,
77,401628418,2024,regular,11,2024-11-09T21:15:00.000Z,Vanderbilt,SEC,fbs,7.0,South Carolina,SEC,fbs,28.0,ESPN Bet,5.5,South Carolina -5.5,3.5,45.5,45.5,195.0,-230.0,
78,401628418,2024,regular,11,2024-11-09T21:15:00.000Z,Vanderbilt,SEC,fbs,7.0,South Carolina,SEC,fbs,28.0,DraftKings,6.0,South Carolina -6,1.5,45.0,,185.0,-225.0,
79,401641004,2024,regular,11,2024-11-09T21:30:00.000Z,Louisiana Tech,Conference USA,fbs,37.0,Jacksonville State,Conference USA,fbs,44.0,Bovada,10.0,Jacksonville State -10.0,10.0,55.5,56.0,305.0,-410.0,
80,401641004,2024,regular,11,2024-11-09T21:30:00.000Z,Louisiana Tech,Conference USA,fbs,37.0,Jacksonville State,Conference USA,fbs,44.0,ESPN Bet,9.5,Jacksonville State -9.5,10.5,55.5,55.5,270.0,-340.0,
81,401641004,2024,regular,11,2024-11-09T21:30:00.000Z,Louisiana Tech,Conference USA,fbs,37.0,Jacksonville State,Conference USA,fbs,44.0,DraftKings,10.0,Jacksonville State -10,10.0,56.0,,310.0,-395.0,
82,401636920,2024,regular,11,2024-11-10T00:00:00.000Z,TCU,Big 12,fbs,38.0,Oklahoma State,Big 12,fbs,13.0,Bovada,-10.5,TCU -10.5,-12.0,68.5,67.0,-500.0,360.0,
83,401636920,2024,regular,11,2024-11-10T00:00:00.000Z,TCU,Big 12,fbs,38.0,Oklahoma State,Big 12,fbs,13.0,ESPN Bet,-10.5,TCU -10.5,-11.5,69.5,66.5,-425.0,320.0,
84,401636920,2024,regular,11,2024-11-10T00:00:00.000Z,TCU,Big 12,fbs,38.0,Oklahoma State,Big 12,fbs,13.0,DraftKings,-10.5,TCU -10.5,-8.0,68.5,,-380.0,300.0,
85,401628546,2024,regular,11,2024-11-10T01:00:00.000Z,Penn State,Big Ten,fbs,35.0,Washington,Big Ten,fbs,6.0,Bovada,-13.5,Penn State -13.5,-13.5,48.0,46.0,-575.0,400.0,
86,401628546,2024,regular,11,2024-11-10T01:00:00.000Z,Penn State,Big Ten,fbs,35.0,Washington,Big Ten,fbs,6.0,ESPN Bet,-13.5,Penn State -13.5,-13.0,48.5,45.5,-650.0,425.0,
87,401628546,2024,regular,11,2024-11-10T01:00:00.000Z,Penn State,Big Ten,fbs,35.0,Washington,Big Ten,fbs,6.0,DraftKings,-13.5,Penn State -13.5,-14.0,47.5,,-600.0,440.0,
88,401636893,2024,regular,7,2024-10-12T20:00:00.000Z,BYU,Big 12,fbs,41.0,Arizona,Big 12,fbs,19.0,DraftKings,-3.0,BYU -3,1.0,48.5,,-148.0,120.0,
89,401636893,2024,regular,7,2024-10-12T20:00:00.000Z,BYU,Big 12,fbs,41.0,Arizona,Big 12,fbs,19.0,Bovada,-2.5,BYU -2.5,-3.5,48.5,49.5,-185.0,160.0,
90,401636893,2024,regular,7,2024-10-12T20:00:00.000Z,BYU,Big 12,fbs,41.0,Arizona,Big 12,fbs,19.0,ESPN Bet,-2.5,BYU -2.5,-3.5,48.5,49.5,-150.0,130.0,
91,401628675,2024,regular,10,2024-11-02T17:00:00.000Z,UAlbany,CAA,fcs,14.0,New Hampshire,CAA,fcs,31.0,ESPN Bet,-0.5,UAlbany -0.5,,45.5,,,,
92,401628443,2024,regular,14,2024-11-30T20:30:00.000Z,Missouri,SEC,fbs,28.0,Arkansas,SEC,fbs,21.0,DraftKings,-3.0,Missouri -3,-3.0,51.0,,-148.0,124.0,
93,401628443,2024,regular,14,2024-11-30T20:30:00.000Z,Missouri,SEC,fbs,28.0,Arkansas,SEC,fbs,21.0,Bovada,-3.0,Missouri -3.0,-3.5,51.0,54.5,-175.0,150.0,
94,401628443,2024,regular,14,2024-11-30T20:30:00.000Z,Missouri,SEC,fbs,28.0,Arkansas,SEC,fbs,21.0,ESPN Bet,-3.5,Missouri -3.5,-3.5,51.5,54.5,-145.0,125.0,
95,401644598,2024,regular,6,2024-10-04T23:00:00.000Z,Harvard,Ivy,fcs,28.0,New Hampshire,CAA,fcs,23.0,ESPN Bet,1.5,New Hampshire -1.5,,50.5,,,,
96,401628670,2024,regular,10,2024-11-02T17:00:00.000Z,North Carolina A&T,CAA,fcs,7.0,William & Mary,CAA,fcs,45.0,ESPN Bet,16.5,William & Mary -16.5,,55.5,,,,
97,401641036,2024,regular,11,2024-11-09T23:00:00.000Z,New Mexico State,Conference USA,fbs,28.0,Western Kentucky,Conference USA,fbs,41.0,Bovada,18.0,Western Kentucky -18.0,17.5,53.5,51.5,600.0,-950.0,
98,401641036,2024,regular,11,2024-11-09T23:00:00.000Z,New Mexico State,Conference USA,fbs,28.0,Western Kentucky,Conference USA,fbs,41.0,ESPN Bet,18.0,Western Kentucky -18,18.0,53.5,51.5,550.0,-900.0,
99,401641036,2024,regular,11,2024-11-09T23:00:00.000Z,New Mexico State,Conference USA,fbs,28.0,Western Kentucky,Conference USA,fbs,41.0,DraftKings,18.0,Western Kentucky -18,19.5,53.5,,650.0,-1000.0,
100,401635621,2024,regular,14,2024-11-30T20:30:00.000Z,SMU,ACC,fbs,38.0,California,ACC,fbs,6.0,DraftKings,-12.5,SMU -12.5,-9.0,54.5,,-500.0,380.0,
101,401635621,2024,regular,14,2024-11-30T20:30:00.000Z,SMU,ACC,fbs,38.0,California,ACC,fbs,6.0,Bovada,-12.5,SMU -12.5,-14.0,54.5,57.0,-600.0,425.0,
102,401635621,2024,regular,14,2024-11-30T20:30:00.000Z,SMU,ACC,fbs,38.0,California,ACC,fbs,6.0,ESPN Bet,-11.5,SMU -11.5,-13.5,54.5,56.5,-500.0,360.0,
103,401654489,2024,regular,6,2024-10-05T16:00:00.000Z,Columbia,Ivy,fcs,34.0,Princeton,Ivy,fcs,17.0,ESPN Bet,1.5,Princeton -1.5,,43.5,,,,
104,401638684,2024,regular,10,2024-11-02T17:00:00.000Z,Presbyterian,Pioneer,fcs,28.0,Dayton,Pioneer,fcs,7.0,ESPN Bet,5.5,Dayton -5.5,,47.5,,,,
105,401636941,2024,regular,14,2024-11-30T17:00:00.000Z,Baylor,Big 12,fbs,45.0,Kansas,Big 12,fbs,17.0,DraftKings,1.5,Kansas -1.5,-3.0,62.0,,100.0,-120.0,
106,401636941,2024,regular,14,2024-11-30T17:00:00.000Z,Baylor,Big 12,fbs,45.0,Kansas,Big 12,fbs,17.0,Bovada,-1.0,Baylor -1.0,-1.5,62.0,61.5,-120.0,100.0,
107,401636941,2024,regular,14,2024-11-30T17:00:00.000Z,Baylor,Big 12,fbs,45.0,Kansas,Big 12,fbs,17.0,ESPN Bet,2.5,Kansas -2.5,-1.5,62.5,61.5,105.0,-125.0,
108,401628543,2024,regular,11,2024-11-10T00:00:00.000Z,Oregon,Big Ten,fbs,39.0,Maryland,Big Ten,fbs,18.0,Bovada,-24.0,Oregon -24.0,-25.0,58.0,57.5,-3500.0,1100.0,
109,401628543,2024,regular,11,2024-11-10T00:00:00.000Z,Oregon,Big Ten,fbs,39.0,Maryland,Big Ten,fbs,18.0,ESPN Bet,-24.0,Oregon -24,-25.0,57.5,57.5,-3000.0,1200.0,
110,401628543,2024,regular,11,2024-11-10T00:00:00.000Z,Oregon,Big Ten,fbs,39.0,Maryland,Big Ten,fbs,18.0,DraftKings,-24.0,Oregon -24,-26.5,58.0,,-3200.0,1400.0,
111,401654575,2024,regular,6,2024-10-05T16:00:00.000Z,Yale,Ivy,fcs,23.0,Central Connecticut,NEC,fcs,22.0,ESPN Bet,-14.0,Yale -14,,50.5,,,,
112,401628674,2024,regular,10,2024-11-02T17:00:00.000Z,Rhode Island,CAA,fcs,37.0,Monmouth,CAA,fcs,28.0,ESPN Bet,2.0,Monmouth -2,,60.5,,,,
113,401628416,2024,regular,11,2024-11-10T00:00:00.000Z,Tennessee,SEC,fbs,33.0,Mississippi State,SEC,fbs,14.0,Bovada,-26.5,Tennessee -26.5,-24.0,61.5,61.0,-2800.0,1100.0,
114,401628416,2024,regular,11,2024-11-10T00:00:00.000Z,Tennessee,SEC,fbs,33.0,Mississippi State,SEC,fbs,14.0,ESPN Bet,-26.5,Tennessee -26.5,-23.5,61.5,61.5,-5000.0,1500.0,
115,401628416,2024,regular,11,2024-11-10T00:00:00.000Z,Tennessee,SEC,fbs,33.0,Mississippi State,SEC,fbs,14.0,DraftKings,-26.0,Tennessee -26,-23.0,61.5,,-3200.0,1400.0,
116,401636932,2024,regular,13,2024-11-23T20:30:00.000Z,Kansas,Big 12,fbs,37.0,Colorado,Big 12,fbs,21.0,Bovada,2.5,Colorado -2.5,2.5,59.0,59.5,125.0,-145.0,
117,401636932,2024,regular,13,2024-11-23T20:30:00.000Z,Kansas,Big 12,fbs,37.0,Colorado,Big 12,fbs,21.0,DraftKings,1.5,Colorado -1.5,2.5,59.5,,102.0,-122.0,
118,401636932,2024,regular,13,2024-11-23T20:30:00.000Z,Kansas,Big 12,fbs,37.0,Colorado,Big 12,fbs,21.0,ESPN Bet,1.5,Colorado -1.5,2.5,59.5,59.5,115.0,-135.0,
119,401645372,2024,regular,13,2024-11-23T20:30:00.000Z,North Texas,American Athletic,fbs,28.0,East Carolina,American Athletic,fbs,40.0,Bovada,-2.5,North Texas -2.5,-3.0,73.5,73.0,-145.0,125.0,
120,401645372,2024,regular,13,2024-11-23T20:30:00.000Z,North Texas,American Athletic,fbs,28.0,East Carolina,American Athletic,fbs,40.0,DraftKings,-2.5,North Texas -2.5,2.5,74.5,,-135.0,114.0,
121,401645372,2024,regular,13,2024-11-23T20:30:00.000Z,North Texas,American Athletic,fbs,28.0,East Carolina,American Athletic,fbs,40.0,ESPN Bet,-2.5,North Texas -2.5,-3.0,73.5,73.5,-140.0,120.0,
122,401628646,2024,regular,6,2024-10-05T16:00:00.000Z,Brown,Ivy,fcs,35.0,Bryant,CAA,fcs,42.0,ESPN Bet,-13.0,Brown -13,,58.5,,,,
123,401638687,2024,regular,10,2024-11-02T17:00:00.000Z,Morehead State,Pioneer,fcs,21.0,St. Thomas (MN),Pioneer,fcs,7.0,ESPN Bet,6.0,St. Thomas (MN) -6,,45.5,,,,
124,401643751,2024,regular,11,2024-11-10T02:45:00.000Z,Air Force,Mountain West,fbs,36.0,Fresno State,Mountain West,fbs,28.0,Bovada,9.5,Fresno State -9.5,10.5,40.5,41.0,320.0,-430.0,
125,401643751,2024,regular,11,2024-11-10T02:45:00.000Z,Air Force,Mountain West,fbs,36.0,Fresno State,Mountain West,fbs,28.0,ESPN Bet,9.5,Fresno State -9.5,10.5,40.5,41.5,260.0,-320.0,
126,401643751,2024,regular,11,2024-11-10T02:45:00.000Z,Air Force,Mountain West,fbs,36.0,Fresno State,Mountain West,fbs,28.0,DraftKings,10.0,Fresno State -10,11.0,40.5,,285.0,-360.0,
127,401643753,2024,regular,11,2024-11-10T02:00:00.000Z,Hawai'i,Mountain West,fbs,27.0,UNLV,Mountain West,fbs,29.0,Bovada,12.0,UNLV -12.0,13.5,51.5,50.5,390.0,-550.0,
128,401643753,2024,regular,11,2024-11-10T02:00:00.000Z,Hawai'i,Mountain West,fbs,27.0,UNLV,Mountain West,fbs,29.0,ESPN Bet,12.5,UNLV -12.5,13.5,50.5,50.5,340.0,-450.0,
129,401643753,2024,regular,11,2024-11-10T02:00:00.000Z,Hawai'i,Mountain West,fbs,27.0,UNLV,Mountain West,fbs,29.0,DraftKings,13.5,UNLV -13.5,13.0,50.5,,380.0,-500.0,
130,401643756,2024,regular,11,2024-11-10T03:30:00.000Z,Washington State,Pac-12,fbs,49.0,Utah State,Mountain West,fbs,28.0,Bovada,-20.5,Washington State -20.5,-20.5,69.0,69.5,-1500.0,775.0,
131,401643756,2024,regular,11,2024-11-10T03:30:00.000Z,Washington State,Pac-12,fbs,49.0,Utah State,Mountain West,fbs,28.0,ESPN Bet,-20.5,Washington State -20.5,-20.5,67.5,69.5,-1600.0,800.0,
132,401643756,2024,regular,11,2024-11-10T03:30:00.000Z,Washington State,Pac-12,fbs,49.0,Utah State,Mountain West,fbs,28.0,DraftKings,-20.0,Washington State -20,-20.0,68.5,,-1350.0,800.0,
133,401634039,2024,regular,13,2024-11-22T00:00:00.000Z,Nicholls,Southland,fcs,16.0,SE Louisiana,Southland,fcs,19.0,ESPN Bet,4.5,SE Louisiana -4.5,,47.5,,,,
134,401638665,2024,regular,6,2024-10-05T17:00:00.000Z,Butler,Pioneer,fcs,40.0,Morehead State,Pioneer,fcs,6.0,ESPN Bet,-14.5,Butler -14.5,,47.5,,,,
135,401656602,2024,regular,10,2024-11-02T17:00:00.000Z,Fordham,Patriot,fcs,20.0,Colgate,Patriot,fcs,14.0,ESPN Bet,-1.5,Fordham -1.5,,53.5,,,,
136,401628413,2024,regular,11,2024-11-10T00:30:00.000Z,LSU,SEC,fbs,13.0,Alabama,SEC,fbs,42.0,ESPN Bet,2.5,Alabama -2.5,2.5,57.5,58.5,120.0,-140.0,
137,401628413,2024,regular,11,2024-11-10T00:30:00.000Z,LSU,SEC,fbs,13.0,Alabama,SEC,fbs,42.0,DraftKings,2.5,Alabama -2.5,-1.0,59.5,,120.0,-142.0,
138,401628413,2024,regular,11,2024-11-10T00:30:00.000Z,LSU,SEC,fbs,13.0,Alabama,SEC,fbs,42.0,Bovada,3.0,Alabama -3.0,3.0,58.5,58.5,125.0,-145.0,
139,401628542,2024,regular,11,2024-11-09T02:00:00.000Z,UCLA,Big Ten,fbs,20.0,Iowa,Big Ten,fbs,17.0,ESPN Bet,6.5,Iowa -6.5,7.0,44.5,44.5,200.0,-240.0,
140,401628542,2024,regular,11,2024-11-09T02:00:00.000Z,UCLA,Big Ten,fbs,20.0,Iowa,Big Ten,fbs,17.0,Bovada,6.5,Iowa -6.5,6.0,45.5,44.5,190.0,-230.0,
141,401628542,2024,regular,11,2024-11-09T02:00:00.000Z,UCLA,Big Ten,fbs,20.0,Iowa,Big Ten,fbs,17.0,DraftKings,6.5,Iowa -6.5,5.5,45.0,,200.0,-245.0,
142,401628545,2024,regular,11,2024-11-09T17:00:00.000Z,Ohio State,Big Ten,fbs,45.0,Purdue,Big Ten,fbs,0.0,ESPN Bet,-37.5,Ohio State -37.5,-38.5,55.5,53.5,,,
143,401628545,2024,regular,11,2024-11-09T17:00:00.000Z,Ohio State,Big Ten,fbs,45.0,Purdue,Big Ten,fbs,0.0,DraftKings,-37.5,Ohio State -37.5,-38.5,55.0,,,,
144,401628545,2024,regular,11,2024-11-09T17:00:00.000Z,Ohio State,Big Ten,fbs,45.0,Purdue,Big Ten,fbs,0.0,Bovada,-37.0,Ohio State -37.0,-38.0,56.0,54.0,,,
145,401634773,2024,regular,11,2024-11-09T01:00:00.000Z,Wake Forest,ACC,fbs,36.0,California,ACC,fbs,46.0,ESPN Bet,7.5,California -7.5,7.5,54.5,53.5,225.0,-275.0,
146,401634773,2024,regular,11,2024-11-09T01:00:00.000Z,Wake Forest,ACC,fbs,36.0,California,ACC,fbs,46.0,DraftKings,7.0,California -7,7.0,55.0,,235.0,-290.0,
147,401634773,2024,regular,11,2024-11-09T01:00:00.000Z,Wake Forest,ACC,fbs,36.0,California,ACC,fbs,46.0,Bovada,7.0,California -7.0,7.0,55.5,54.0,225.0,-275.0,
148,401636922,2024,regular,11,2024-11-10T03:15:00.000Z,Utah,Big 12,fbs,21.0,BYU,Big 12,fbs,22.0,ESPN Bet,3.5,BYU -3.5,4.5,40.5,41.5,145.0,-170.0,
149,401636922,2024,regular,11,2024-11-10T03:15:00.000Z,Utah,Big 12,fbs,21.0,BYU,Big 12,fbs,22.0,DraftKings,3.0,BYU -3,-16.5,40.5,,124.0,-148.0,
150,401636922,2024,regular,11,2024-11-10T03:15:00.000Z,Utah,Big 12,fbs,21.0,BYU,Big 12,fbs,22.0,Bovada,3.0,BYU -3.0,4.5,40.5,41.5,170.0,-200.0,
151,401643754,2024,regular,11,2024-11-09T03:30:00.000Z,San Diego State,Mountain West,fbs,16.0,New Mexico,Mountain West,fbs,21.0,ESPN Bet,-1.5,San Diego State -1.5,-3.0,65.5,67.5,-120.0,105.0,
152,401643754,2024,regular,11,2024-11-09T03:30:00.000Z,San Diego State,Mountain West,fbs,16.0,New Mexico,Mountain West,fbs,21.0,DraftKings,-1.5,San Diego State -1.5,-3.0,65.0,,-120.0,100.0,
153,401643754,2024,regular,11,2024-11-09T03:30:00.000Z,San Diego State,Mountain West,fbs,16.0,New Mexico,Mountain West,fbs,21.0,Bovada,-1.0,San Diego State -1.0,-3.0,65.0,68.0,-150.0,130.0,
154,401643825,2024,regular,11,2024-11-08T01:00:00.000Z,Coastal Carolina,Sun Belt,fbs,38.0,App State,Sun Belt,fbs,24.0,ESPN Bet,1.5,App State -1.5,-1.5,62.5,62.5,110.0,-130.0,
155,401643825,2024,regular,11,2024-11-08T01:00:00.000Z,Coastal Carolina,Sun Belt,fbs,38.0,App State,Sun Belt,fbs,24.0,DraftKings,2.5,App State -2.5,-2.0,62.5,,105.0,-125.0,
156,401643825,2024,regular,11,2024-11-08T01:00:00.000Z,Coastal Carolina,Sun Belt,fbs,38.0,App State,Sun Belt,fbs,24.0,Bovada,2.5,App State -2.5,-1.0,63.0,63.0,-115.0,-105.0,
157,401644760,2024,regular,11,2024-11-06T00:30:00.000Z,Central Michigan,Mid-American,fbs,13.0,Bowling Green,Mid-American,fbs,23.0,ESPN Bet,14.5,Bowling Green -14.5,12.5,47.5,48.5,450.0,-700.0,
158,401644760,2024,regular,11,2024-11-06T00:30:00.000Z,Central Michigan,Mid-American,fbs,13.0,Bowling Green,Mid-American,fbs,23.0,Bovada,16.0,Bowling Green -16.0,12.5,48.5,48.5,370.0,-510.0,
159,401644760,2024,regular,11,2024-11-06T00:30:00.000Z,Central Michigan,Mid-American,fbs,13.0,Bowling Green,Mid-American,fbs,23.0,DraftKings,15.5,Bowling Green -15.5,9.5,49.0,,525.0,-750.0,
160,401645361,2024,regular,11,2024-11-08T01:00:00.000Z,East Carolina,American Athletic,fbs,49.0,Florida Atlantic,American Athletic,fbs,14.0,ESPN Bet,-5.5,East Carolina -5.5,-7.5,58.5,55.5,-290.0,240.0,
161,401645361,2024,regular,11,2024-11-08T01:00:00.000Z,East Carolina,American Athletic,fbs,49.0,Florida Atlantic,American Athletic,fbs,14.0,DraftKings,-7.5,East Carolina -7.5,-8.0,58.5,,-298.0,240.0,
162,401645361,2024,regular,11,2024-11-08T01:00:00.000Z,East Carolina,American Athletic,fbs,49.0,Florida Atlantic,American Athletic,fbs,14.0,Bovada,-7.5,East Carolina -7.5,-7.5,58.5,55.5,-310.0,255.0,
163,401635616,2024,regular,13,2024-11-23T18:30:00.000Z,Florida State,ACC,fbs,41.0,Charleston Southern,Big South-OVC,fcs,7.0,DraftKings,-33.0,Florida State -33,,44.5,,-20000.0,3500.0,
164,401635616,2024,regular,13,2024-11-23T18:30:00.000Z,Florida State,ACC,fbs,41.0,Charleston Southern,Big South-OVC,fcs,7.0,ESPN Bet,-33.5,Florida State -33.5,-33.0,44.5,44.5,,,
165,401654637,2024,regular,6,2024-10-05T17:00:00.000Z,Colgate,Patriot,fcs,7.0,Holy Cross,Patriot,fcs,38.0,ESPN Bet,3.0,Holy Cross -3,,55.5,,,,
166,401634177,2024,regular,10,2024-11-02T17:00:00.000Z,Indiana State,MVFC,fcs,35.0,North Dakota,MVFC,fcs,31.0,ESPN Bet,17.0,North Dakota -17,,52.5,,,,
167,401644688,2024,regular,11,2024-11-06T01:00:00.000Z,Ball State,Mid-American,fbs,21.0,Miami (OH),Mid-American,fbs,27.0,ESPN Bet,12.5,Miami (OH) -12.5,12.5,48.5,49.5,360.0,-500.0,
168,401644688,2024,regular,11,2024-11-06T01:00:00.000Z,Ball State,Mid-American,fbs,21.0,Miami (OH),Mid-American,fbs,27.0,Bovada,13.0,Miami (OH) -13.0,12.0,48.0,50.0,360.0,-500.0,
169,401644688,2024,regular,11,2024-11-06T01:00:00.000Z,Ball State,Mid-American,fbs,21.0,Miami (OH),Mid-American,fbs,27.0,DraftKings,13.0,Miami (OH) -13,10.0,48.0,,370.0,-485.0,
170,401635614,2024,regular,13,2024-11-23T20:30:00.000Z,Clemson,ACC,fbs,51.0,The Citadel,Southern,fcs,14.0,DraftKings,-49.5,Clemson -49.5,,58.5,58.5,,,
171,401635614,2024,regular,13,2024-11-23T20:30:00.000Z,Clemson,ACC,fbs,51.0,The Citadel,Southern,fcs,14.0,ESPN Bet,-48.5,Clemson -48.5,-49.5,58.5,58.5,,,
172,401638663,2024,regular,6,2024-10-05T17:00:00.000Z,Valparaiso,Pioneer,fcs,3.0,Drake,Pioneer,fcs,27.0,ESPN Bet,11.5,Drake -11.5,,43.5,,,,
173,401654629,2024,regular,10,2024-11-02T17:00:00.000Z,Bucknell,Patriot,fcs,21.0,Lafayette,Patriot,fcs,14.0,ESPN Bet,6.0,Lafayette -6,,54.5,,,,
174,401628434,2024,regular,13,2024-11-23T21:00:00.000Z,South Carolina,SEC,fbs,56.0,Wofford,Southern,fcs,12.0,DraftKings,-42.5,South Carolina -42.5,-42.5,49.5,,,,
175,401628434,2024,regular,13,2024-11-23T21:00:00.000Z,South Carolina,SEC,fbs,56.0,Wofford,Southern,fcs,12.0,ESPN Bet,-42.5,South Carolina -42.5,-42.5,49.5,49.5,,,
176,401628417,2024,regular,11,2024-11-09T17:00:00.000Z,Texas,SEC,fbs,49.0,Florida,SEC,fbs,17.0,ESPN Bet,-24.5,Texas -24.5,-21.5,48.5,47.5,-2500.0,1100.0,
177,401628417,2024,regular,11,2024-11-09T17:00:00.000Z,Texas,SEC,fbs,49.0,Florida,SEC,fbs,17.0,Bovada,-22.0,Texas -22.0,-21.5,49.0,47.5,-1800.0,850.0,
178,401628417,2024,regular,11,2024-11-09T17:00:00.000Z,Texas,SEC,fbs,49.0,Florida,SEC,fbs,17.0,DraftKings,-23.0,Texas -23,-17.5,48.5,,-2800.0,1300.0,
179,401636918,2024,regular,11,2024-11-09T17:00:00.000Z,Cincinnati,Big 12,fbs,24.0,West Virginia,Big 12,fbs,31.0,ESPN Bet,-5.5,Cincinnati -5.5,-4.0,54.5,57.5,-215.0,180.0,
180,401636918,2024,regular,11,2024-11-09T17:00:00.000Z,Cincinnati,Big 12,fbs,24.0,West Virginia,Big 12,fbs,31.0,DraftKings,-5.5,Cincinnati -5.5,-3.5,54.5,,-205.0,170.0,
181,401636918,2024,regular,11,2024-11-09T17:00:00.000Z,Cincinnati,Big 12,fbs,24.0,West Virginia,Big 12,fbs,31.0,Bovada,-5.0,Cincinnati -5.0,-4.5,54.5,57.5,-200.0,170.0,
182,401636919,2024,regular,11,2024-11-09T20:30:00.000Z,Kansas,Big 12,fbs,45.0,Iowa State,Big 12,fbs,36.0,ESPN Bet,2.5,Iowa State -2.5,3.0,50.5,50.5,110.0,-130.0,
183,401636919,2024,regular,11,2024-11-09T20:30:00.000Z,Kansas,Big 12,fbs,45.0,Iowa State,Big 12,fbs,36.0,Bovada,2.5,Iowa State -2.5,3.0,53.0,50.5,130.0,-150.0,
184,401636919,2024,regular,11,2024-11-09T20:30:00.000Z,Kansas,Big 12,fbs,45.0,Iowa State,Big 12,fbs,36.0,DraftKings,2.5,Iowa State -2.5,6.5,52.5,,110.0,-130.0,
185,401640995,2024,regular,11,2024-11-09T18:00:00.000Z,Middle Tennessee,Conference USA,fbs,17.0,Liberty,Conference USA,fbs,37.0,ESPN Bet,12.5,Liberty -12.5,10.5,54.5,54.5,360.0,-500.0,
186,401640995,2024,regular,11,2024-11-09T18:00:00.000Z,Middle Tennessee,Conference USA,fbs,17.0,Liberty,Conference USA,fbs,37.0,DraftKings,12.5,Liberty -12.5,10.5,55.0,,370.0,-485.0,
187,401640995,2024,regular,11,2024-11-09T18:00:00.000Z,Middle Tennessee,Conference USA,fbs,17.0,Liberty,Conference USA,fbs,37.0,Bovada,13.0,Liberty -13.0,10.5,55.0,54.0,320.0,-430.0,
188,401644761,2024,regular,11,2024-11-07T00:00:00.000Z,Kent State,Mid-American,fbs,0.0,Ohio,Mid-American,fbs,41.0,ESPN Bet,20.5,Ohio -20.5,18.5,53.5,52.5,750.0,-1400.0,
189,401644761,2024,regular,11,2024-11-07T00:00:00.000Z,Kent State,Mid-American,fbs,0.0,Ohio,Mid-American,fbs,41.0,Bovada,20.5,Ohio -20.5,18.5,53.0,52.0,650.0,-1100.0,
190,401644761,2024,regular,11,2024-11-07T00:00:00.000Z,Kent State,Mid-American,fbs,0.0,Ohio,Mid-American,fbs,41.0,DraftKings,20.5,Ohio -20.5,17.0,53.0,,800.0,-1350.0,
191,401645363,2024,regular,11,2024-11-09T17:00:00.000Z,South Florida,American Athletic,fbs,7.0,Navy,American Athletic,fbs,28.0,ESPN Bet,4.5,Navy -4.5,3.0,59.5,56.5,155.0,-185.0,
192,401645363,2024,regular,11,2024-11-09T17:00:00.000Z,South Florida,American Athletic,fbs,7.0,Navy,American Athletic,fbs,28.0,DraftKings,4.5,Navy -4.5,4.5,58.5,,164.0,-198.0,
193,401645363,2024,regular,11,2024-11-09T17:00:00.000Z,South Florida,American Athletic,fbs,7.0,Navy,American Athletic,fbs,28.0,Bovada,4.5,Navy -4.5,3.5,58.0,56.5,145.0,-170.0,
194,401654589,2024,regular,6,2024-10-05T17:00:00.000Z,Duquesne,NEC,fcs,47.0,Long Island University,NEC,fcs,21.0,ESPN Bet,-4.5,Duquesne -4.5,,48.5,,,,
195,401628671,2024,regular,10,2024-11-02T17:00:00.000Z,Hampton,CAA,fcs,14.0,Villanova,CAA,fcs,20.0,ESPN Bet,8.5,Villanova -8.5,,51.5,,,,
196,401628984,2024,regular,11,2024-11-10T00:30:00.000Z,Notre Dame,FBS Independents,fbs,52.0,Florida State,ACC,fbs,3.0,ESPN Bet,-25.5,Notre Dame -25.5,-26.0,44.5,42.5,-5000.0,1500.0,
197,401628984,2024,regular,11,2024-11-10T00:30:00.000Z,Notre Dame,FBS Independents,fbs,52.0,Florida State,ACC,fbs,3.0,DraftKings,-25.5,Notre Dame -25.5,-3.5,44.0,,-5000.0,1800.0,
198,401628984,2024,regular,11,2024-11-10T00:30:00.000Z,Notre Dame,FBS Independents,fbs,52.0,Florida State,ACC,fbs,3.0,Bovada,-25.5,Notre Dame -25.5,-26.0,44.0,42.5,-5000.0,1300.0,
199,401635606,2024,regular,11,2024-11-09T17:00:00.000Z,Boston College,ACC,fbs,37.0,Syracuse,ACC,fbs,31.0,ESPN Bet,-5.5,Boston College -5.5,-1.5,51.5,53.5,-145.0,125.0,
200,401635606,2024,regular,11,2024-11-09T17:00:00.000Z,Boston College,ACC,fbs,37.0,Syracuse,ACC,fbs,31.0,DraftKings,-3.0,Boston College -3,1.0,52.0,,-148.0,124.0,
201,401635606,2024,regular,11,2024-11-09T17:00:00.000Z,Boston College,ACC,fbs,37.0,Syracuse,ACC,fbs,31.0,Bovada,-3.0,Boston College -3.0,-2.0,52.0,53.5,-125.0,105.0,
202,401635607,2024,regular,11,2024-11-09T20:30:00.000Z,Virginia Tech,ACC,fbs,14.0,Clemson,ACC,fbs,24.0,ESPN Bet,6.5,Clemson -6.5,6.5,54.5,53.5,175.0,-210.0,
203,401635607,2024,regular,11,2024-11-09T20:30:00.000Z,Virginia Tech,ACC,fbs,14.0,Clemson,ACC,fbs,24.0,DraftKings,5.5,Clemson -5.5,4.5,54.5,,180.0,-218.0,
204,401635607,2024,regular,11,2024-11-09T20:30:00.000Z,Virginia Tech,ACC,fbs,14.0,Clemson,ACC,fbs,24.0,Bovada,5.5,Clemson -5.5,6.5,54.5,53.0,200.0,-240.0,
205,401635608,2024,regular,11,2024-11-09T20:30:00.000Z,NC State,ACC,fbs,19.0,Duke,ACC,fbs,29.0,ESPN Bet,-3.5,NC State -3.5,-3.0,51.5,50.5,-150.0,130.0,
206,401635608,2024,regular,11,2024-11-09T20:30:00.000Z,NC State,ACC,fbs,19.0,Duke,ACC,fbs,29.0,DraftKings,-3.0,NC State -3,-3.0,51.5,,-148.0,124.0,
207,401635608,2024,regular,11,2024-11-09T20:30:00.000Z,NC State,ACC,fbs,19.0,Duke,ACC,fbs,29.0,Bovada,-3.0,NC State -3.0,-3.0,51.5,50.0,-150.0,130.0,
208,401635609,2024,regular,11,2024-11-09T17:00:00.000Z,Georgia Tech,ACC,fbs,28.0,Miami,ACC,fbs,23.0,ESPN Bet,9.5,Miami -9.5,11.0,64.5,63.5,280.0,-360.0,
209,401635609,2024,regular,11,2024-11-09T17:00:00.000Z,Georgia Tech,ACC,fbs,28.0,Miami,ACC,fbs,23.0,DraftKings,9.5,Miami -9.5,13.0,65.0,,260.0,-325.0,
210,401635609,2024,regular,11,2024-11-09T17:00:00.000Z,Georgia Tech,ACC,fbs,28.0,Miami,ACC,fbs,23.0,Bovada,9.5,Miami -9.5,11.0,65.0,64.0,335.0,-450.0,
211,401635610,2024,regular,11,2024-11-10T01:00:00.000Z,Pittsburgh,ACC,fbs,19.0,Virginia,ACC,fbs,24.0,ESPN Bet,-7.5,Pittsburgh -7.5,-7.0,56.5,57.5,-275.0,225.0,
212,401635610,2024,regular,11,2024-11-10T01:00:00.000Z,Pittsburgh,ACC,fbs,19.0,Virginia,ACC,fbs,24.0,Bovada,-7.0,Pittsburgh -7.0,-7.0,58.0,57.5,-275.0,225.0,
213,401635610,2024,regular,11,2024-11-10T01:00:00.000Z,Pittsburgh,ACC,fbs,19.0,Virginia,ACC,fbs,24.0,DraftKings,-7.5,Pittsburgh -7.5,-7.0,57.5,,-290.0,235.0,
214,401636917,2024,regular,11,2024-11-10T00:00:00.000Z,Arizona State,Big 12,fbs,35.0,UCF,Big 12,fbs,31.0,ESPN Bet,-2.5,Arizona State -2.5,-4.0,55.5,56.5,-140.0,120.0,
215,401636917,2024,regular,11,2024-11-10T00:00:00.000Z,Arizona State,Big 12,fbs,35.0,UCF,Big 12,fbs,31.0,DraftKings,-2.5,Arizona State -2.5,-3.5,55.5,,-135.0,114.0,
216,401636917,2024,regular,11,2024-11-10T00:00:00.000Z,Arizona State,Big 12,fbs,35.0,UCF,Big 12,fbs,31.0,Bovada,-2.5,Arizona State -2.5,-4.0,56.0,56.0,-180.0,155.0,
217,401643752,2024,regular,11,2024-11-10T01:00:00.000Z,Boise State,Mountain West,fbs,28.0,Nevada,Mountain West,fbs,21.0,ESPN Bet,-23.5,Boise State -23.5,-25.0,60.5,60.5,-4000.0,1300.0,
218,401643752,2024,regular,11,2024-11-10T01:00:00.000Z,Boise State,Mountain West,fbs,28.0,Nevada,Mountain West,fbs,21.0,DraftKings,-23.5,Boise State -23.5,-24.5,61.5,,-2400.0,1200.0,
219,401643752,2024,regular,11,2024-11-10T01:00:00.000Z,Boise State,Mountain West,fbs,28.0,Nevada,Mountain West,fbs,21.0,Bovada,-23.5,Boise State -23.5,-24.5,61.5,61.0,-3300.0,1100.0,
220,401644762,2024,regular,11,2024-11-07T00:00:00.000Z,Western Michigan,Mid-American,fbs,28.0,Northern Illinois,Mid-American,fbs,42.0,ESPN Bet,2.5,Northern Illinois -2.5,1.5,51.5,52.5,110.0,-130.0,
221,401644762,2024,regular,11,2024-11-07T00:00:00.000Z,Western Michigan,Mid-American,fbs,28.0,Northern Illinois,Mid-American,fbs,42.0,Bovada,2.0,Northern Illinois -2.0,1.5,52.0,52.5,100.0,-120.0,
222,401644762,2024,regular,11,2024-11-07T00:00:00.000Z,Western Michigan,Mid-American,fbs,28.0,Northern Illinois,Mid-American,fbs,42.0,DraftKings,2.0,Northern Illinois -2,-1.5,52.0,,110.0,-130.0,
223,401645362,2024,regular,11,2024-11-09T02:00:00.000Z,Memphis,American Athletic,fbs,27.0,Rice,American Athletic,fbs,20.0,ESPN Bet,-7.5,Memphis -7.5,-9.0,50.5,52.5,-290.0,240.0,
224,401645362,2024,regular,11,2024-11-09T02:00:00.000Z,Memphis,American Athletic,fbs,27.0,Rice,American Athletic,fbs,20.0,DraftKings,-7.0,Memphis -7,-12.5,50.5,,-285.0,230.0,
225,401645362,2024,regular,11,2024-11-09T02:00:00.000Z,Memphis,American Athletic,fbs,27.0,Rice,American Athletic,fbs,20.0,Bovada,-7.0,Memphis -7.0,-10.5,50.5,52.5,-420.0,315.0,
226,401644775,2024,regular,14,2024-11-27T00:00:00.000Z,Akron,Mid-American,fbs,21.0,Toledo,Mid-American,fbs,14.0,DraftKings,9.0,Toledo -9,9.5,49.5,,260.0,-325.0,
227,401644775,2024,regular,14,2024-11-27T00:00:00.000Z,Akron,Mid-American,fbs,21.0,Toledo,Mid-American,fbs,14.0,Bovada,9.5,Toledo -9.5,8.0,49.0,49.0,260.0,-320.0,
228,401644775,2024,regular,14,2024-11-27T00:00:00.000Z,Akron,Mid-American,fbs,21.0,Toledo,Mid-American,fbs,14.0,ESPN Bet,9.5,Toledo -9.5,8.0,50.5,48.5,270.0,-340.0,
229,401628414,2024,regular,11,2024-11-09T20:30:00.000Z,Ole Miss,SEC,fbs,28.0,Georgia,SEC,fbs,10.0,ESPN Bet,1.5,Georgia -1.5,2.5,54.5,54.5,105.0,-125.0,
230,401628414,2024,regular,11,2024-11-09T20:30:00.000Z,Ole Miss,SEC,fbs,28.0,Georgia,SEC,fbs,10.0,Bovada,2.0,Georgia -2.0,2.5,55.5,55.0,110.0,-130.0,
231,401628414,2024,regular,11,2024-11-09T20:30:00.000Z,Ole Miss,SEC,fbs,28.0,Georgia,SEC,fbs,10.0,DraftKings,2.5,Georgia -2.5,7.0,55.0,,114.0,-135.0,
232,401628415,2024,regular,11,2024-11-10T00:45:00.000Z,Missouri,SEC,fbs,30.0,Oklahoma,SEC,fbs,23.0,ESPN Bet,3.5,Oklahoma -3.5,-2.5,41.5,42.5,140.0,-165.0,
233,401628415,2024,regular,11,2024-11-10T00:45:00.000Z,Missouri,SEC,fbs,30.0,Oklahoma,SEC,fbs,23.0,Bovada,3.5,Oklahoma -3.5,-2.5,42.5,42.5,-130.0,110.0,
234,401628415,2024,regular,11,2024-11-10T00:45:00.000Z,Missouri,SEC,fbs,30.0,Oklahoma,SEC,fbs,23.0,DraftKings,3.5,Oklahoma -3.5,-3.0,42.0,,140.0,-166.0,
235,401654551,2024,regular,6,2024-10-05T17:00:00.000Z,Sacred Heart,FCS Independents,fcs,10.0,Norfolk State,MEAC,fcs,3.0,ESPN Bet,3.5,Norfolk State -3.5,,45.5,,,,
236,401654466,2024,regular,10,2024-11-02T17:00:00.000Z,Princeton,Ivy,fcs,35.0,Cornell,Ivy,fcs,49.0,ESPN Bet,-3.5,Princeton -3.5,,47.5,,,,
237,401644776,2024,regular,14,2024-11-27T00:00:00.000Z,Buffalo,Mid-American,fbs,43.0,Kent State,Mid-American,fbs,7.0,DraftKings,-23.5,Buffalo -23.5,-21.5,51.0,,-1600.0,900.0,
238,401644776,2024,regular,14,2024-11-27T00:00:00.000Z,Buffalo,Mid-American,fbs,43.0,Kent State,Mid-American,fbs,7.0,Bovada,-24.0,Buffalo -24.0,-21.0,50.0,49.0,-1800.0,850.0,
239,401644776,2024,regular,14,2024-11-27T00:00:00.000Z,Buffalo,Mid-American,fbs,43.0,Kent State,Mid-American,fbs,7.0,ESPN Bet,-23.5,Buffalo -23.5,-21.0,50.5,49.5,-3000.0,1200.0,
240,401654472,2024,regular,6,2024-10-05T17:00:00.000Z,Dartmouth,Ivy,fcs,20.0,Pennsylvania,Ivy,fcs,17.0,ESPN Bet,3.0,Pennsylvania -3,,44.5,,,,
241,401654501,2024,regular,10,2024-11-02T17:00:00.000Z,Howard,MEAC,fcs,38.0,Delaware State,MEAC,fcs,0.0,ESPN Bet,-11.5,Howard -11.5,,51.5,,,,
242,401628553,2024,regular,12,2024-11-16T02:00:00.000Z,Washington,Big Ten,fbs,31.0,UCLA,Big Ten,fbs,19.0,DraftKings,-4.5,Washington -4.5,-8.0,47.0,,-185.0,154.0,
243,401628553,2024,regular,12,2024-11-16T02:00:00.000Z,Washington,Big Ten,fbs,31.0,UCLA,Big Ten,fbs,19.0,Bovada,-5.0,Washington -5.0,-3.5,47.0,47.5,-175.0,150.0,
244,401628553,2024,regular,12,2024-11-16T02:00:00.000Z,Washington,Big Ten,fbs,31.0,UCLA,Big Ten,fbs,19.0,ESPN Bet,-5.5,Washington -5.5,-3.5,47.5,46.5,-200.0,170.0,
245,401645370,2024,regular,12,2024-11-16T17:00:00.000Z,Navy,American Athletic,fbs,0.0,Tulane,American Athletic,fbs,35.0,DraftKings,7.5,Tulane -7.5,6.0,49.0,,230.0,-285.0,
246,401645370,2024,regular,12,2024-11-16T17:00:00.000Z,Navy,American Athletic,fbs,0.0,Tulane,American Athletic,fbs,35.0,Bovada,7.0,Tulane -7.0,7.0,50.0,53.5,220.0,-270.0,
247,401645370,2024,regular,12,2024-11-16T17:00:00.000Z,Navy,American Athletic,fbs,0.0,Tulane,American Athletic,fbs,35.0,ESPN Bet,7.5,Tulane -7.5,6.5,48.5,54.5,230.0,-280.0,
248,401636924,2024,regular,12,2024-11-17T03:15:00.000Z,BYU,Big 12,fbs,13.0,Kansas,Big 12,fbs,17.0,DraftKings,-3.0,BYU -3,-7.0,55.5,,-142.0,120.0,
249,401636924,2024,regular,12,2024-11-17T03:15:00.000Z,BYU,Big 12,fbs,13.0,Kansas,Big 12,fbs,17.0,Bovada,-2.0,BYU -2.0,-3.5,56.5,55.5,-170.0,145.0,
250,401636924,2024,regular,12,2024-11-17T03:15:00.000Z,BYU,Big 12,fbs,13.0,Kansas,Big 12,fbs,17.0,ESPN Bet,-2.5,BYU -2.5,-3.0,55.5,55.5,-140.0,120.0,
251,401654654,2024,regular,6,2024-10-05T17:00:00.000Z,Stonehill,NEC,fcs,7.0,Wagner,NEC,fcs,28.0,ESPN Bet,-3.0,Stonehill -3,,51.5,,,,
252,401628673,2024,regular,10,2024-11-02T17:00:00.000Z,Bryant,CAA,fcs,30.0,Stony Brook,CAA,fcs,31.0,ESPN Bet,14.0,Stony Brook -14,,54.5,,,,
253,401635582,2024,regular,12,2024-11-16T17:00:00.000Z,Pittsburgh,ACC,fbs,20.0,Clemson,ACC,fbs,24.0,DraftKings,12.0,Clemson -12,9.5,52.0,,360.0,-470.0,
254,401635582,2024,regular,12,2024-11-16T17:00:00.000Z,Pittsburgh,ACC,fbs,20.0,Clemson,ACC,fbs,24.0,Bovada,11.5,Clemson -11.5,10.0,53.0,54.0,305.0,-410.0,
255,401635582,2024,regular,12,2024-11-16T17:00:00.000Z,Pittsburgh,ACC,fbs,20.0,Clemson,ACC,fbs,24.0,ESPN Bet,12.5,Clemson -12.5,10.0,50.5,54.5,380.0,-550.0,
256,401654625,2024,regular,6,2024-10-05T17:00:00.000Z,Fordham,Patriot,fcs,23.0,Lafayette,Patriot,fcs,28.0,ESPN Bet,17.5,Lafayette -17.5,,56.5,,,,
257,401654515,2024,regular,10,2024-11-02T17:00:00.000Z,Morgan State,MEAC,fcs,38.0,Norfolk State,MEAC,fcs,37.0,ESPN Bet,-6.5,Morgan State -6.5,,40.5,,,,
258,401636927,2024,regular,12,2024-11-17T00:00:00.000Z,Kansas State,Big 12,fbs,14.0,Arizona State,Big 12,fbs,24.0,DraftKings,-7.5,Kansas State -7.5,-7.0,51.5,,-278.0,225.0,
259,401636927,2024,regular,12,2024-11-17T00:00:00.000Z,Kansas State,Big 12,fbs,14.0,Arizona State,Big 12,fbs,24.0,Bovada,-7.5,Kansas State -7.5,-8.5,51.5,49.5,-340.0,270.0,
260,401636927,2024,regular,12,2024-11-17T00:00:00.000Z,Kansas State,Big 12,fbs,14.0,Arizona State,Big 12,fbs,24.0,ESPN Bet,-7.5,Kansas State -7.5,-8.0,51.5,50.5,-300.0,250.0,
261,401628695,2024,regular,13,2024-11-23T17:00:00.000Z,Richmond,CAA,fcs,27.0,William & Mary,CAA,fcs,0.0,ESPN Bet,-5.5,Richmond -5.5,,49.5,,,,
262,401628645,2024,regular,6,2024-10-05T17:00:00.000Z,Cornell,Ivy,fcs,10.0,UAlbany,CAA,fcs,31.0,ESPN Bet,-2.0,Cornell -2,,51.5,,,,
263,401638348,2024,regular,10,2024-11-02T17:30:00.000Z,VMI,Southern,fcs,21.0,Furman,Southern,fcs,17.0,ESPN Bet,10.0,Furman -10,,44.5,,,,
264,401628549,2024,regular,12,2024-11-16T21:00:00.000Z,USC,Big Ten,fbs,28.0,Nebraska,Big Ten,fbs,20.0,DraftKings,-6.5,USC -6.5,-9.0,51.0,,-250.0,205.0,
265,401628549,2024,regular,12,2024-11-16T21:00:00.000Z,USC,Big Ten,fbs,28.0,Nebraska,Big Ten,fbs,20.0,Bovada,-6.5,USC -6.5,-8.5,50.5,50.0,-340.0,270.0,
266,401628549,2024,regular,12,2024-11-16T21:00:00.000Z,USC,Big Ten,fbs,28.0,Nebraska,Big Ten,fbs,20.0,ESPN Bet,-6.5,USC -6.5,-9.5,50.5,50.5,-240.0,200.0,
267,401654600,2024,regular,13,2024-11-23T17:00:00.000Z,Wagner,NEC,fcs,28.0,Long Island University,NEC,fcs,35.0,ESPN Bet,4.5,Long Island University -4.5,,41.5,,,,
268,401654509,2024,regular,6,2024-10-05T17:00:00.000Z,Delaware State,MEAC,fcs,17.0,St. Francis (PA),NEC,fcs,28.0,ESPN Bet,2.5,St. Francis (PA) -2.5,,45.5,,,,
269,401644602,2024,regular,10,2024-11-02T17:30:00.000Z,Dartmouth,Ivy,fcs,27.0,Harvard,Ivy,fcs,31.0,ESPN Bet,3.0,Harvard -3,,49.5,,,,
270,401644763,2024,regular,12,2024-11-13T00:00:00.000Z,Buffalo,Mid-American,fbs,51.0,Ball State,Mid-American,fbs,48.0,DraftKings,-3.5,Buffalo -3.5,-5.0,55.5,,-162.0,136.0,
271,401644763,2024,regular,12,2024-11-13T00:00:00.000Z,Buffalo,Mid-American,fbs,51.0,Ball State,Mid-American,fbs,48.0,Bovada,-3.0,Buffalo -3.0,-6.0,55.5,53.5,-230.0,190.0,
272,401644763,2024,regular,12,2024-11-13T00:00:00.000Z,Buffalo,Mid-American,fbs,51.0,Ball State,Mid-American,fbs,48.0,ESPN Bet,-3.5,Buffalo -3.5,-6.5,54.5,53.5,-175.0,150.0,
273,401654623,2024,regular,13,2024-11-23T17:00:00.000Z,Lehigh,Patriot,fcs,38.0,Lafayette,Patriot,fcs,14.0,ESPN Bet,-6.0,Lehigh -6,,52.5,,,,
274,401628640,2024,regular,6,2024-10-05T17:00:00.000Z,Monmouth,CAA,fcs,35.0,Delaware,CAA,fcs,42.0,ESPN Bet,5.5,Delaware -5.5,,63.5,,,,
275,401634001,2024,regular,10,2024-11-02T18:30:00.000Z,Tennessee Tech,Big South-OVC,fcs,52.0,Lindenwood,Big South-OVC,fcs,10.0,ESPN Bet,-2.5,Tennessee Tech -2.5,,53.5,,,,
276,401644764,2024,regular,12,2024-11-13T00:00:00.000Z,Bowling Green,Mid-American,fbs,31.0,Western Michigan,Mid-American,fbs,13.0,DraftKings,-9.5,Bowling Green -9.5,-7.0,57.5,,-345.0,275.0,
277,401644764,2024,regular,12,2024-11-13T00:00:00.000Z,Bowling Green,Mid-American,fbs,31.0,Western Michigan,Mid-American,fbs,13.0,Bovada,-9.5,Bowling Green -9.5,-9.5,57.5,56.5,-350.0,275.0,
278,401644764,2024,regular,12,2024-11-13T00:00:00.000Z,Bowling Green,Mid-American,fbs,31.0,Western Michigan,Mid-American,fbs,13.0,ESPN Bet,-9.5,Bowling Green -9.5,-9.0,56.5,57.5,-340.0,270.0,
279,401644689,2024,regular,12,2024-11-14T00:00:00.000Z,Miami (OH),Mid-American,fbs,34.0,Kent State,Mid-American,fbs,7.0,DraftKings,-31.0,Miami (OH) -31,-30.5,47.5,,-20000.0,3500.0,
280,401644689,2024,regular,12,2024-11-14T00:00:00.000Z,Miami (OH),Mid-American,fbs,34.0,Kent State,Mid-American,fbs,7.0,Bovada,-30.5,Miami (OH) -30.5,-31.0,47.5,46.0,-20000.0,2500.0,
281,401644689,2024,regular,12,2024-11-14T00:00:00.000Z,Miami (OH),Mid-American,fbs,34.0,Kent State,Mid-American,fbs,7.0,ESPN Bet,-30.5,Miami (OH) -30.5,-30.5,45.5,45.5,-20000.0,3000.0,
282,401644765,2024,regular,12,2024-11-13T00:00:00.000Z,Toledo,Mid-American,fbs,37.0,Central Michigan,Mid-American,fbs,10.0,DraftKings,-15.0,Toledo -15,-14.0,52.5,,-625.0,455.0,
283,401644765,2024,regular,12,2024-11-13T00:00:00.000Z,Toledo,Mid-American,fbs,37.0,Central Michigan,Mid-American,fbs,10.0,Bovada,-15.0,Toledo -15.0,-15.0,52.0,49.5,-700.0,475.0,
284,401644765,2024,regular,12,2024-11-13T00:00:00.000Z,Toledo,Mid-American,fbs,37.0,Central Michigan,Mid-American,fbs,10.0,ESPN Bet,-14.5,Toledo -14.5,-15.0,51.5,50.5,-650.0,425.0,
285,401644766,2024,regular,12,2024-11-14T00:00:00.000Z,Northern Illinois,Mid-American,fbs,29.0,Akron,Mid-American,fbs,16.0,DraftKings,-14.0,Northern Illinois -14,-18.0,43.5,,-600.0,440.0,
286,401644766,2024,regular,12,2024-11-14T00:00:00.000Z,Northern Illinois,Mid-American,fbs,29.0,Akron,Mid-American,fbs,16.0,Bovada,-14.0,Northern Illinois -14.0,-16.0,43.5,47.0,-800.0,525.0,
287,401644766,2024,regular,12,2024-11-14T00:00:00.000Z,Northern Illinois,Mid-American,fbs,29.0,Akron,Mid-American,fbs,16.0,ESPN Bet,-14.5,Northern Illinois -14.5,-15.5,43.5,46.5,-700.0,450.0,
288,401644767,2024,regular,12,2024-11-14T00:00:00.000Z,Ohio,Mid-American,fbs,35.0,Eastern Michigan,Mid-American,fbs,10.0,DraftKings,-10.5,Ohio -10.5,-9.0,51.5,,-410.0,320.0,
289,401644767,2024,regular,12,2024-11-14T00:00:00.000Z,Ohio,Mid-American,fbs,35.0,Eastern Michigan,Mid-American,fbs,10.0,Bovada,-10.5,Ohio -10.5,-8.0,51.5,49.0,-310.0,255.0,
290,401644767,2024,regular,12,2024-11-14T00:00:00.000Z,Ohio,Mid-American,fbs,35.0,Eastern Michigan,Mid-American,fbs,10.0,ESPN Bet,-10.5,Ohio -10.5,-8.5,51.5,49.5,-400.0,300.0,
291,401654496,2024,regular,13,2024-11-23T17:00:00.000Z,Columbia,Ivy,fcs,17.0,Cornell,Ivy,fcs,9.0,ESPN Bet,-7.5,Columbia -7.5,,45.5,,,,
292,401638664,2024,regular,6,2024-10-05T17:00:00.000Z,Davidson,Pioneer,fcs,42.0,Marist,Pioneer,fcs,19.0,ESPN Bet,-20.5,Davidson -20.5,,58.5,,,,
293,401634155,2024,regular,10,2024-11-02T19:00:00.000Z,Samford,Southern,fcs,13.0,Wofford,Southern,fcs,17.0,ESPN Bet,-9.0,Samford -9,,47.5,,,,
294,401645365,2024,regular,12,2024-11-15T00:30:00.000Z,Tulsa,American Athletic,fbs,31.0,East Carolina,American Athletic,fbs,38.0,DraftKings,16.0,East Carolina -16,11.0,63.5,,550.0,-800.0,
295,401645365,2024,regular,12,2024-11-15T00:30:00.000Z,Tulsa,American Athletic,fbs,31.0,East Carolina,American Athletic,fbs,38.0,Bovada,16.5,East Carolina -16.5,14.0,64.0,61.0,450.0,-650.0,
296,401645365,2024,regular,12,2024-11-15T00:30:00.000Z,Tulsa,American Athletic,fbs,31.0,East Carolina,American Athletic,fbs,38.0,ESPN Bet,16.5,East Carolina -16.5,14.0,63.5,61.5,500.0,-800.0,
297,401634142,2024,regular,13,2024-11-23T17:00:00.000Z,VMI,Southern,fcs,9.0,East Tennessee State,Southern,fcs,16.0,ESPN Bet,16.5,East Tennessee State -16.5,,41.5,,,,
298,401628642,2024,regular,6,2024-10-05T18:00:00.000Z,Richmond,CAA,fcs,20.0,North Carolina A&T,CAA,fcs,17.0,ESPN Bet,-22.5,Richmond -22.5,,50.5,,,,
299,401654571,2024,regular,10,2024-11-02T19:00:00.000Z,Mississippi Valley State,SWAC,fcs,16.0,Prairie View A&M,SWAC,fcs,17.0,ESPN Bet,14.0,Prairie View A&M -14,,52.5,,,,
300,401654467,2024,regular,11,2024-11-08T23:00:00.000Z,Princeton,Ivy,fcs,17.0,Dartmouth,Ivy,fcs,26.0,ESPN Bet,9.5,Dartmouth -9.5,,48.5,,,,
301,401654581,2024,regular,13,2024-11-23T17:00:00.000Z,Central Connecticut,NEC,fcs,21.0,Duquesne,NEC,fcs,14.0,ESPN Bet,5.5,Duquesne -5.5,,48.5,,,,
302,401634173,2024,regular,6,2024-10-05T18:00:00.000Z,Youngstown State,MVFC,fcs,21.0,Indiana State,MVFC,fcs,14.0,ESPN Bet,-14.0,Youngstown State -14,,51.5,,,,
303,401634165,2024,regular,10,2024-11-02T19:00:00.000Z,Illinois State,MVFC,fcs,23.0,Youngstown State,MVFC,fcs,16.0,ESPN Bet,-7.5,Illinois State -7.5,,57.5,,,,
304,401638692,2024,regular,11,2024-11-09T17:00:00.000Z,Dayton,Pioneer,fcs,10.0,San Diego,Pioneer,fcs,16.0,ESPN Bet,3.5,San Diego -3.5,,41.5,,,,
305,401654462,2024,regular,13,2024-11-23T17:00:00.000Z,Dartmouth,Ivy,fcs,56.0,Brown,Ivy,fcs,28.0,ESPN Bet,-13.5,Dartmouth -13.5,,52.5,,,,
306,401633986,2024,regular,6,2024-10-05T18:00:00.000Z,UT Martin,Big South-OVC,fcs,35.0,Gardner-Webb,Big South-OVC,fcs,17.0,ESPN Bet,-10.5,UT Martin -10.5,,53.5,,,,
307,401636368,2024,regular,10,2024-11-02T19:00:00.000Z,Bethune-Cookman,SWAC,fcs,24.0,Grambling,SWAC,fcs,21.0,ESPN Bet,5.5,Grambling -5.5,,49.5,,,,
308,401654593,2024,regular,11,2024-11-09T17:00:00.000Z,Duquesne,NEC,fcs,31.0,Robert Morris,NEC,fcs,6.0,ESPN Bet,-4.5,Duquesne -4.5,,52.5,,,,
309,401644605,2024,regular,13,2024-11-23T17:00:00.000Z,Harvard,Ivy,fcs,29.0,Yale,Ivy,fcs,34.0,ESPN Bet,-3.5,Harvard -3.5,,49.5,,,,
310,401633987,2024,regular,6,2024-10-05T18:00:00.000Z,Lindenwood,Big South-OVC,fcs,20.0,Tennessee State,Big South-OVC,fcs,24.0,ESPN Bet,-7.5,Lindenwood -7.5,,50.5,,,,
311,401638343,2024,regular,6,2024-10-05T18:00:00.000Z,The Citadel,Southern,fcs,16.0,Furman,Southern,fcs,17.0,ESPN Bet,12.5,Furman -12.5,,45.5,,,,
312,401632466,2024,regular,10,2024-11-02T18:30:00.000Z,Western Carolina,Southern,fcs,38.0,Chattanooga,Southern,fcs,34.0,ESPN Bet,2.0,Chattanooga -2,,56.5,,,,
313,401654621,2024,regular,11,2024-11-09T17:00:00.000Z,Holy Cross,Patriot,fcs,7.0,Lehigh,Patriot,fcs,10.0,ESPN Bet,-6.5,Holy Cross -6.5,,52.5,,,,
314,401654640,2024,regular,13,2024-11-23T17:30:00.000Z,Georgetown,Patriot,fcs,0.0,Holy Cross,Patriot,fcs,34.0,ESPN Bet,13.5,Holy Cross -13.5,,47.5,,,,
315,401628641,2024,regular,6,2024-10-05T18:00:00.000Z,Hampton,CAA,fcs,44.0,Rhode Island,CAA,fcs,46.0,ESPN Bet,7.5,Rhode Island -7.5,,50.5,,,,
316,401638667,2024,regular,6,2024-10-05T18:00:00.000Z,St. Thomas (MN),Pioneer,fcs,34.0,Stetson,Pioneer,fcs,24.0,ESPN Bet,-10.5,St. Thomas (MN) -10.5,,45.5,,,,
317,401634186,2024,regular,10,2024-11-02T19:00:00.000Z,Missouri State,MVFC,fcs,38.0,Southern Illinois,MVFC,fcs,17.0,ESPN Bet,-14.5,Missouri State -14.5,,55.5,,,,
318,401634140,2024,regular,11,2024-11-09T17:00:00.000Z,East Tennessee State,Southern,fcs,24.0,Western Carolina,Southern,fcs,21.0,ESPN Bet,-6.5,East Tennessee State -6.5,,58.5,,,,
319,401654635,2024,regular,13,2024-11-23T18:00:00.000Z,Mercyhurst,NEC,fcs,21.0,St. Francis (PA),NEC,fcs,20.0,ESPN Bet,10.0,St. Francis (PA) -10,,48.5,,,,
320,401628643,2024,regular,6,2024-10-05T19:30:00.000Z,Stony Brook,CAA,fcs,24.0,Villanova,CAA,fcs,42.0,ESPN Bet,16.5,Villanova -16.5,,45.5,,,,
321,401628644,2024,regular,6,2024-10-05T22:00:00.000Z,Towson,CAA,fcs,34.0,William & Mary,CAA,fcs,27.0,ESPN Bet,4.5,William & Mary -4.5,,51.5,,,,
322,401628647,2024,regular,6,2024-10-05T20:00:00.000Z,Campbell,CAA,fcs,14.0,North Carolina Central,MEAC,fcs,45.0,ESPN Bet,4.5,North Carolina Central -4.5,,58.5,,,,
323,401632108,2024,regular,6,2024-10-05T21:00:00.000Z,North Alabama,UAC,fcs,60.0,Utah Tech,UAC,fcs,14.0,ESPN Bet,-10.0,North Alabama -10,,55.5,,,,
324,401632109,2024,regular,6,2024-10-05T18:00:00.000Z,West Georgia,UAC,fcs,16.0,Austin Peay,UAC,fcs,20.0,ESPN Bet,9.5,Austin Peay -9.5,,53.5,,,,
325,401632112,2024,regular,6,2024-10-06T00:00:00.000Z,Southern Utah,UAC,fcs,37.0,Tarleton State,UAC,fcs,38.0,ESPN Bet,-1.5,Southern Utah -1.5,,54.5,,,,
326,401632117,2024,regular,6,2024-10-05T20:00:00.000Z,Abilene Christian,UAC,fcs,41.0,Central Arkansas,UAC,fcs,34.0,ESPN Bet,3.0,Central Arkansas -3,,58.5,,,,
327,401632462,2024,regular,6,2024-10-05T19:30:00.000Z,East Tennessee State,Southern,fcs,10.0,Chattanooga,Southern,fcs,17.0,ESPN Bet,-1.5,East Tennessee State -1.5,,50.5,,,,
328,401633984,2024,regular,6,2024-10-05T20:00:00.000Z,Charleston Southern,Big South-OVC,fcs,20.0,Western Illinois,Big South-OVC,fcs,31.0,ESPN Bet,-14.0,Charleston Southern -14,,51.5,,,,
329,401633985,2024,regular,6,2024-10-05T19:00:00.000Z,Eastern Illinois,Big South-OVC,fcs,27.0,Southeast Missouri State,Big South-OVC,fcs,38.0,ESPN Bet,10.5,Southeast Missouri State -10.5,,50.5,,,,
330,401634031,2024,regular,6,2024-10-05T23:00:00.000Z,Houston Christian,Southland,fcs,43.0,McNeese,Southland,fcs,22.0,ESPN Bet,10.5,McNeese -10.5,,53.5,,,,
331,401634051,2024,regular,6,2024-10-06T00:00:00.000Z,Cal Poly,Big Sky,fcs,38.0,Idaho State,Big Sky,fcs,41.0,ESPN Bet,3.5,Idaho State -3.5,,53.5,,,,
332,401634052,2024,regular,6,2024-10-05T21:00:00.000Z,Idaho,Big Sky,fcs,23.0,Northern Arizona,Big Sky,fcs,17.0,ESPN Bet,-10.5,Idaho -10.5,,52.5,,,,
333,401634053,2024,regular,6,2024-10-05T19:00:00.000Z,Montana,Big Sky,fcs,48.0,Weber State,Big Sky,fcs,55.0,ESPN Bet,-13.0,Montana -13,,53.5,,,,
334,401634054,2024,regular,6,2024-10-05T20:00:00.000Z,Montana State,Big Sky,fcs,55.0,Northern Colorado,Big Sky,fcs,17.0,ESPN Bet,-37.5,Montana State -37.5,,53.5,,,,
335,401634055,2024,regular,6,2024-10-05T20:00:00.000Z,Portland State,Big Sky,fcs,26.0,UC Davis,Big Sky,fcs,27.0,ESPN Bet,10.5,UC Davis -10.5,,60.5,,,,
336,401634153,2024,regular,6,2024-10-05T18:30:00.000Z,Western Carolina,Southern,fcs,21.0,Wofford,Southern,fcs,17.0,ESPN Bet,-13.0,Western Carolina -13,,51.5,,,,
337,401634162,2024,regular,6,2024-10-05T23:00:00.000Z,Southern Illinois,MVFC,fcs,10.0,Illinois State,MVFC,fcs,45.0,ESPN Bet,-2.5,Southern Illinois -2.5,,50.5,,,,
338,401634193,2024,regular,6,2024-10-05T19:00:00.000Z,Murray State,MVFC,fcs,0.0,South Dakota,MVFC,fcs,59.0,ESPN Bet,27.5,South Dakota -27.5,,51.5,,,,
339,401634201,2024,regular,6,2024-10-05T19:30:00.000Z,North Dakota State,MVFC,fcs,41.0,North Dakota,MVFC,fcs,17.0,ESPN Bet,-14.5,North Dakota State -14.5,,60.5,,,,
340,401634216,2024,regular,6,2024-10-05T21:00:00.000Z,Northern Iowa,MVFC,fcs,3.0,South Dakota State,MVFC,fcs,41.0,ESPN Bet,24.5,South Dakota State -24.5,,48.5,,,,
341,401634253,2024,regular,6,2024-10-05T21:00:00.000Z,Jackson State,SWAC,fcs,45.0,Alabama A&M,SWAC,fcs,38.0,ESPN Bet,-15.0,Jackson State -15,,55.5,,,,
342,401636347,2024,regular,6,2024-10-05T19:00:00.000Z,Alabama State,SWAC,fcs,13.0,Florida A&M,SWAC,fcs,28.0,ESPN Bet,7.5,Florida A&M -7.5,,42.5,,,,
343,401636356,2024,regular,6,2024-10-05T19:00:00.000Z,Alcorn State,SWAC,fcs,38.0,Arkansas-Pine Bluff,SWAC,fcs,28.0,ESPN Bet,-14.5,Alcorn State -14.5,,54.5,,,,
344,401638342,2024,regular,6,2024-10-05T19:00:00.000Z,Samford,Southern,fcs,27.0,VMI,Southern,fcs,3.0,ESPN Bet,-17.0,Samford -17,,50.5,,,,
345,401638361,2024,regular,6,2024-10-05T23:00:00.000Z,Incarnate Word,Southland,fcs,56.0,Prairie View A&M,SWAC,fcs,28.0,ESPN Bet,-23.5,Incarnate Word -23.5,,55.5,,,,
346,401638666,2024,regular,6,2024-10-05T20:00:00.000Z,San Diego,Pioneer,fcs,27.0,Presbyterian,Pioneer,fcs,21.0,ESPN Bet,-18.0,San Diego -18,,54.5,,,,
347,401654539,2024,regular,6,2024-10-05T18:30:00.000Z,Tennessee Tech,Big South-OVC,fcs,20.0,South Carolina State,MEAC,fcs,22.0,ESPN Bet,-8.0,Tennessee Tech -8,,49.5,,,,
348,401654560,2024,regular,6,2024-10-05T23:00:00.000Z,Southern,SWAC,fcs,7.0,Nicholls,Southland,fcs,51.0,ESPN Bet,18.5,Nicholls -18.5,,49.5,,,,
349,401675117,2024,regular,6,2024-10-06T00:00:00.000Z,Stephen F. Austin,Southland,fcs,59.0,Northwestern State,Southland,fcs,17.0,ESPN Bet,-35.0,Stephen F. Austin -35,,52.5,,,,
350,401634006,2024,regular,11,2024-11-09T19:00:00.000Z,Western Illinois,Big South-OVC,fcs,20.0,Tennessee State,Big South-OVC,fcs,45.0,ESPN Bet,4.0,Tennessee State -4,,62.5,,,,
351,401654615,2024,regular,13,2024-11-23T18:00:00.000Z,Fordham,Patriot,fcs,3.0,Merrimack,FCS Independents,fcs,19.0,ESPN Bet,-3.0,Fordham -3,,45.5,,,,
352,401636892,2024,regular,7,2024-10-12T02:30:00.000Z,Arizona State,Big 12,fbs,27.0,Utah,Big 12,fbs,19.0,DraftKings,6.0,Utah -6,5.0,46.5,,180.0,-218.0,
353,401636892,2024,regular,7,2024-10-12T02:30:00.000Z,Arizona State,Big 12,fbs,27.0,Utah,Big 12,fbs,19.0,ESPN Bet,5.5,Utah -5.5,4.0,46.5,45.5,195.0,-230.0,
354,401636892,2024,regular,7,2024-10-12T02:30:00.000Z,Arizona State,Big 12,fbs,27.0,Utah,Big 12,fbs,19.0,Bovada,5.5,Utah -5.5,5.0,46.0,46.0,,-195.0,
355,401644777,2024,regular,14,2024-11-29T17:00:00.000Z,Ohio,Mid-American,fbs,42.0,Ball State,Mid-American,fbs,21.0,DraftKings,-18.0,Ohio -18,-13.5,51.5,,-900.0,600.0,
356,401644777,2024,regular,14,2024-11-29T17:00:00.000Z,Ohio,Mid-American,fbs,42.0,Ball State,Mid-American,fbs,21.0,Bovada,-17.5,Ohio -17.5,-14.5,52.5,53.0,-700.0,475.0,
357,401644777,2024,regular,14,2024-11-29T17:00:00.000Z,Ohio,Mid-American,fbs,42.0,Ball State,Mid-American,fbs,21.0,ESPN Bet,-17.5,Ohio -17.5,-14.5,51.5,52.5,-1000.0,600.0,
358,401644691,2024,regular,14,2024-11-29T17:00:00.000Z,Bowling Green,Mid-American,fbs,12.0,Miami (OH),Mid-American,fbs,28.0,DraftKings,-3.0,Bowling Green -3,-3.0,38.5,,-142.0,120.0,
359,401644691,2024,regular,14,2024-11-29T17:00:00.000Z,Bowling Green,Mid-American,fbs,12.0,Miami (OH),Mid-American,fbs,28.0,Bovada,-2.5,Bowling Green -2.5,-3.0,39.0,42.5,-140.0,120.0,
360,401644691,2024,regular,14,2024-11-29T17:00:00.000Z,Bowling Green,Mid-American,fbs,12.0,Miami (OH),Mid-American,fbs,28.0,ESPN Bet,-3.0,Bowling Green -3,-2.5,37.5,42.5,-150.0,130.0,
361,401643843,2024,regular,14,2024-11-29T20:30:00.000Z,South Alabama,Sun Belt,fbs,38.0,Texas State,Sun Belt,fbs,45.0,DraftKings,2.5,Texas State -2.5,-1.0,61.0,,105.0,-125.0,
362,401643843,2024,regular,14,2024-11-29T20:30:00.000Z,South Alabama,Sun Belt,fbs,38.0,Texas State,Sun Belt,fbs,45.0,Bovada,1.5,Texas State -1.5,1.0,61.0,61.5,-110.0,-110.0,
363,401643843,2024,regular,14,2024-11-29T20:30:00.000Z,South Alabama,Sun Belt,fbs,38.0,Texas State,Sun Belt,fbs,45.0,ESPN Bet,2.5,Texas State -2.5,1.0,60.5,61.5,110.0,-130.0,
364,401655656,2024,regular,11,2024-11-09T20:00:00.000Z,Samford,Southern,fcs,7.0,Tennessee Tech,Big South-OVC,fcs,27.0,ESPN Bet,-2.5,Samford -2.5,,53.5,,,,
365,401654504,2024,regular,13,2024-11-23T18:00:00.000Z,Delaware State,MEAC,fcs,10.0,North Carolina Central,MEAC,fcs,52.0,ESPN Bet,23.5,North Carolina Central -23.5,,52.5,,,,
366,401654610,2024,regular,13,2024-11-23T17:00:00.000Z,Robert Morris,NEC,fcs,31.0,Stonehill,NEC,fcs,13.0,ESPN Bet,-14.0,Robert Morris -14,,47.5,,,,
367,401628693,2024,regular,13,2024-11-23T18:00:00.000Z,Maine,CAA,fcs,9.0,New Hampshire,CAA,fcs,27.0,ESPN Bet,3.0,New Hampshire -3,,45.5,,,,
368,401643769,2024,regular,14,2024-11-29T17:00:00.000Z,Boise State,Mountain West,fbs,34.0,Oregon State,Pac-12,fbs,18.0,DraftKings,-17.5,Boise State -17.5,-18.5,58.0,,-900.0,600.0,
369,401643769,2024,regular,14,2024-11-29T17:00:00.000Z,Boise State,Mountain West,fbs,34.0,Oregon State,Pac-12,fbs,18.0,Bovada,-18.0,Boise State -18.0,-20.0,57.5,56.5,-1400.0,750.0,
370,401643769,2024,regular,14,2024-11-29T17:00:00.000Z,Boise State,Mountain West,fbs,34.0,Oregon State,Pac-12,fbs,18.0,ESPN Bet,-17.5,Boise State -17.5,-19.5,58.5,55.5,-900.0,550.0,
371,401628387,2024,regular,7,2024-10-12T23:45:00.000Z,Kentucky,SEC,fbs,13.0,Vanderbilt,SEC,fbs,20.0,DraftKings,-12.5,Kentucky -12.5,-10.5,44.5,,-520.0,390.0,
372,401628387,2024,regular,7,2024-10-12T23:45:00.000Z,Kentucky,SEC,fbs,13.0,Vanderbilt,SEC,fbs,20.0,Bovada,-13.0,Kentucky -13.0,-13.5,44.5,45.5,-585.0,410.0,
373,401628387,2024,regular,7,2024-10-12T23:45:00.000Z,Kentucky,SEC,fbs,13.0,Vanderbilt,SEC,fbs,20.0,ESPN Bet,-12.5,Kentucky -12.5,-13.5,43.5,45.5,-525.0,400.0,
374,401640997,2024,regular,14,2024-11-29T20:30:00.000Z,Sam Houston,Conference USA,fbs,20.0,Liberty,Conference USA,fbs,18.0,DraftKings,2.5,Liberty -2.5,1.0,48.0,,110.0,-130.0,
375,401640997,2024,regular,14,2024-11-29T20:30:00.000Z,Sam Houston,Conference USA,fbs,20.0,Liberty,Conference USA,fbs,18.0,Bovada,2.0,Liberty -2.0,2.5,47.5,47.5,115.0,-135.0,
376,401640997,2024,regular,14,2024-11-29T20:30:00.000Z,Sam Houston,Conference USA,fbs,20.0,Liberty,Conference USA,fbs,18.0,ESPN Bet,2.5,Liberty -2.5,2.5,47.5,47.5,120.0,-140.0,
377,401635625,2024,regular,14,2024-11-29T21:00:00.000Z,San José State,Mountain West,fbs,34.0,Stanford,ACC,fbs,31.0,DraftKings,-2.5,San José State -2.5,-1.5,54.5,,-130.0,110.0,
378,401635625,2024,regular,14,2024-11-29T21:00:00.000Z,San José State,Mountain West,fbs,34.0,Stanford,ACC,fbs,31.0,Bovada,-2.5,San José State -2.5,-2.5,54.5,56.0,-135.0,115.0,
379,401635625,2024,regular,14,2024-11-29T21:00:00.000Z,San José State,Mountain West,fbs,34.0,Stanford,ACC,fbs,31.0,ESPN Bet,-2.5,San José State -2.5,-2.5,54.5,55.5,-135.0,115.0,
380,401634028,2024,regular,11,2024-11-09T20:00:00.000Z,Incarnate Word,Southland,fcs,41.0,Lamar,Southland,fcs,20.0,ESPN Bet,-15.5,Incarnate Word -15.5,,55.5,,,,
381,401628513,2024,regular,7,2024-10-12T00:00:00.000Z,Maryland,Big Ten,fbs,10.0,Northwestern,Big Ten,fbs,37.0,DraftKings,-11.0,Maryland -11,-10.0,45.0,,-425.0,330.0,
382,401628513,2024,regular,7,2024-10-12T00:00:00.000Z,Maryland,Big Ten,fbs,10.0,Northwestern,Big Ten,fbs,37.0,Bovada,-11.0,Maryland -11.0,-9.5,45.5,45.5,-380.0,290.0,
383,401628513,2024,regular,7,2024-10-12T00:00:00.000Z,Maryland,Big Ten,fbs,10.0,Northwestern,Big Ten,fbs,37.0,ESPN Bet,-10.5,Maryland -10.5,-10.0,44.5,45.5,-425.0,340.0,
384,401643733,2024,regular,7,2024-10-12T01:00:00.000Z,Utah State,Mountain West,fbs,34.0,UNLV,Mountain West,fbs,50.0,DraftKings,19.0,UNLV -19,18.5,67.5,,700.0,-1100.0,
385,401643733,2024,regular,7,2024-10-12T01:00:00.000Z,Utah State,Mountain West,fbs,34.0,UNLV,Mountain West,fbs,50.0,Bovada,18.5,UNLV -18.5,19.0,67.0,64.5,700.0,-1200.0,
386,401643733,2024,regular,7,2024-10-12T01:00:00.000Z,Utah State,Mountain West,fbs,34.0,UNLV,Mountain West,fbs,50.0,ESPN Bet,18.5,UNLV -18.5,20.0,66.5,64.5,700.0,-1000.0,
387,401641030,2024,regular,7,2024-10-11T00:00:00.000Z,Western Kentucky,Conference USA,fbs,44.0,UTEP,Conference USA,fbs,17.0,DraftKings,-19.0,Western Kentucky -19,-18.5,55.5,,-1200.0,750.0,
388,401641030,2024,regular,7,2024-10-11T00:00:00.000Z,Western Kentucky,Conference USA,fbs,44.0,UTEP,Conference USA,fbs,17.0,Bovada,-19.5,Western Kentucky -19.5,-19.5,56.0,55.5,-1300.0,725.0,
389,401641030,2024,regular,7,2024-10-11T00:00:00.000Z,Western Kentucky,Conference USA,fbs,44.0,UTEP,Conference USA,fbs,17.0,ESPN Bet,-18.5,Western Kentucky -18.5,-20.0,54.5,55.5,-1400.0,800.0,
390,401634120,2024,regular,11,2024-11-09T20:00:00.000Z,Montana State,Big Sky,fcs,49.0,Sacramento State,Big Sky,fcs,7.0,ESPN Bet,-17.5,Montana State -17.5,,62.5,,,,
391,401634196,2024,regular,13,2024-11-23T18:00:00.000Z,Southern Illinois,MVFC,fcs,62.0,Murray State,MVFC,fcs,0.0,ESPN Bet,-17.0,Southern Illinois -17,,56.5,,,,
392,401643803,2024,regular,7,2024-10-10T23:30:00.000Z,James Madison,Sun Belt,fbs,39.0,Coastal Carolina,Sun Belt,fbs,7.0,DraftKings,-7.0,James Madison -7,-9.5,59.0,,-265.0,215.0,
393,401643803,2024,regular,7,2024-10-10T23:30:00.000Z,James Madison,Sun Belt,fbs,39.0,Coastal Carolina,Sun Belt,fbs,7.0,Bovada,-7.0,James Madison -7.0,-9.5,59.0,58.5,-360.0,280.0,
394,401643803,2024,regular,7,2024-10-10T23:30:00.000Z,James Madison,Sun Belt,fbs,39.0,Coastal Carolina,Sun Belt,fbs,7.0,ESPN Bet,-6.5,James Madison -6.5,-9.5,58.5,58.5,-280.0,230.0,
395,401641009,2024,regular,7,2024-10-11T00:00:00.000Z,Louisiana Tech,Conference USA,fbs,48.0,Middle Tennessee,Conference USA,fbs,21.0,DraftKings,-5.0,Louisiana Tech -5,-3.5,48.0,,-218.0,180.0,
396,401641009,2024,regular,7,2024-10-11T00:00:00.000Z,Louisiana Tech,Conference USA,fbs,48.0,Middle Tennessee,Conference USA,fbs,21.0,Bovada,-5.0,Louisiana Tech -5.0,-4.0,47.5,48.0,-195.0,165.0,
397,401641009,2024,regular,7,2024-10-11T00:00:00.000Z,Louisiana Tech,Conference USA,fbs,48.0,Middle Tennessee,Conference USA,fbs,21.0,ESPN Bet,-4.5,Louisiana Tech -4.5,-4.5,47.5,48.5,-195.0,165.0,
398,401645379,2024,regular,14,2024-11-29T17:00:00.000Z,East Carolina,American Athletic,fbs,20.0,Navy,American Athletic,fbs,34.0,DraftKings,-3.0,East Carolina -3,-1.0,54.5,,-162.0,136.0,
399,401645379,2024,regular,14,2024-11-29T17:00:00.000Z,East Carolina,American Athletic,fbs,20.0,Navy,American Athletic,fbs,34.0,Bovada,-2.5,East Carolina -2.5,1.0,54.0,55.5,-105.0,-115.0,
400,401645379,2024,regular,14,2024-11-29T17:00:00.000Z,East Carolina,American Athletic,fbs,20.0,Navy,American Athletic,fbs,34.0,ESPN Bet,,,1.0,52.5,56.5,-150.0,130.0,
401,401645341,2024,regular,7,2024-10-12T19:30:00.000Z,South Florida,American Athletic,fbs,3.0,Memphis,American Athletic,fbs,21.0,DraftKings,10.0,Memphis -10,5.0,61.0,,270.0,-340.0,
402,401645341,2024,regular,7,2024-10-12T19:30:00.000Z,South Florida,American Athletic,fbs,3.0,Memphis,American Athletic,fbs,21.0,ESPN Bet,10.5,Memphis -10.5,6.0,58.5,59.5,300.0,-380.0,
403,401645341,2024,regular,7,2024-10-12T19:30:00.000Z,South Florida,American Athletic,fbs,3.0,Memphis,American Athletic,fbs,21.0,Bovada,10.0,Memphis -10.0,6.5,61.0,59.5,235.0,-285.0,
404,401643770,2024,regular,14,2024-11-29T20:30:00.000Z,Colorado State,Mountain West,fbs,42.0,Utah State,Mountain West,fbs,37.0,DraftKings,-5.0,Colorado State -5,-7.0,57.0,,-192.0,160.0,
405,401643770,2024,regular,14,2024-11-29T20:30:00.000Z,Colorado State,Mountain West,fbs,42.0,Utah State,Mountain West,fbs,37.0,Bovada,-5.5,Colorado State -5.5,-6.0,58.5,60.5,-230.0,190.0,
406,401643770,2024,regular,14,2024-11-29T20:30:00.000Z,Colorado State,Mountain West,fbs,42.0,Utah State,Mountain West,fbs,37.0,ESPN Bet,-5.5,Colorado State -5.5,-5.5,56.5,60.5,-210.0,175.0,
407,401636350,2024,regular,11,2024-11-09T20:00:00.000Z,Grambling,SWAC,fcs,24.0,Alabama State,SWAC,fcs,23.0,ESPN Bet,3.5,Alabama State -3.5,,44.5,,,,
408,401634168,2024,regular,13,2024-11-23T18:00:00.000Z,Illinois State,MVFC,fcs,35.0,North Dakota,MVFC,fcs,13.0,ESPN Bet,-3.5,Illinois State -3.5,,54.5,,,,
409,401634118,2024,regular,11,2024-11-09T20:00:00.000Z,Weber State,Big Sky,fcs,35.0,Idaho State,Big Sky,fcs,43.0,ESPN Bet,-6.5,Weber State -6.5,,56.5,,,,
410,401628699,2024,regular,13,2024-11-23T18:00:00.000Z,Bryant,CAA,fcs,21.0,Rhode Island,CAA,fcs,35.0,ESPN Bet,12.0,Rhode Island -12,,45.5,,,,
411,401645378,2024,regular,14,2024-11-30T17:00:00.000Z,Army,American Athletic,fbs,29.0,UTSA,American Athletic,fbs,24.0,DraftKings,-6.0,Army -6,-7.5,53.0,,-230.0,190.0,
412,401645378,2024,regular,14,2024-11-30T17:00:00.000Z,Army,American Athletic,fbs,29.0,UTSA,American Athletic,fbs,24.0,Bovada,-6.5,Army -6.5,-7.5,53.0,54.5,-310.0,255.0,
413,401645378,2024,regular,14,2024-11-30T17:00:00.000Z,Army,American Athletic,fbs,29.0,UTSA,American Athletic,fbs,24.0,ESPN Bet,-6.5,Army -6.5,-7.5,53.5,54.5,-215.0,180.0,
414,401643845,2024,regular,14,2024-11-30T19:00:00.000Z,Georgia State,Sun Belt,fbs,27.0,Coastal Carolina,Sun Belt,fbs,48.0,DraftKings,-1.0,Georgia State -1,0.0,53.0,,-112.0,-108.0,
415,401643845,2024,regular,14,2024-11-30T19:00:00.000Z,Georgia State,Sun Belt,fbs,27.0,Coastal Carolina,Sun Belt,fbs,48.0,Bovada,1.0,Coastal Carolina -1.0,1.5,54.0,55.5,100.0,-120.0,
416,401643845,2024,regular,14,2024-11-30T19:00:00.000Z,Georgia State,Sun Belt,fbs,27.0,Coastal Carolina,Sun Belt,fbs,48.0,ESPN Bet,-0.5,Georgia State -0.5,1.5,52.5,55.5,-110.0,-110.0,
417,401643804,2024,regular,7,2024-10-13T00:00:00.000Z,Georgia Southern,Sun Belt,fbs,24.0,Marshall,Sun Belt,fbs,23.0,DraftKings,-1.0,Georgia Southern -1,1.0,58.5,,-112.0,-108.0,
418,401643804,2024,regular,7,2024-10-13T00:00:00.000Z,Georgia Southern,Sun Belt,fbs,24.0,Marshall,Sun Belt,fbs,23.0,ESPN Bet,-1.5,Georgia Southern -1.5,2.5,57.5,61.5,-120.0,-105.0,
419,401643804,2024,regular,7,2024-10-13T00:00:00.000Z,Georgia Southern,Sun Belt,fbs,24.0,Marshall,Sun Belt,fbs,23.0,Bovada,1.0,Marshall -1.0,2.5,58.0,61.0,110.0,-130.0,
420,401632124,2024,regular,10,2024-11-02T23:00:00.000Z,Tarleton State,UAC,fcs,13.0,Eastern Kentucky,UAC,fcs,17.0,ESPN Bet,-13.0,Tarleton State -13,,53.5,,,,
421,401628389,2024,regular,7,2024-10-12T16:00:00.000Z,Massachusetts,FBS Independents,fbs,3.0,Missouri,SEC,fbs,45.0,DraftKings,27.0,Missouri -27,28.5,54.0,,1600.0,-4000.0,
422,401628389,2024,regular,7,2024-10-12T16:00:00.000Z,Massachusetts,FBS Independents,fbs,3.0,Missouri,SEC,fbs,45.0,Bovada,27.0,Missouri -27.0,27.5,53.5,53.5,1400.0,-8000.0,
423,401628389,2024,regular,7,2024-10-12T16:00:00.000Z,Massachusetts,FBS Independents,fbs,3.0,Missouri,SEC,fbs,45.0,ESPN Bet,27.5,Missouri -27.5,27.5,53.5,53.5,1800.0,-4000.0,
424,401644685,2024,regular,7,2024-10-12T18:00:00.000Z,Eastern Michigan,Mid-American,fbs,14.0,Miami (OH),Mid-American,fbs,38.0,DraftKings,3.0,Miami (OH) -3,3.5,45.5,,124.0,-148.0,
425,401644685,2024,regular,7,2024-10-12T18:00:00.000Z,Eastern Michigan,Mid-American,fbs,14.0,Miami (OH),Mid-American,fbs,38.0,Bovada,3.0,Miami (OH) -3.0,3.5,45.5,44.0,145.0,-170.0,
426,401644685,2024,regular,7,2024-10-12T18:00:00.000Z,Eastern Michigan,Mid-American,fbs,14.0,Miami (OH),Mid-American,fbs,38.0,ESPN Bet,2.5,Miami (OH) -2.5,3.0,46.5,44.5,125.0,-145.0,
427,401629038,2024,regular,14,2024-11-30T17:00:00.000Z,Massachusetts,FBS Independents,fbs,42.0,UConn,FBS Independents,fbs,47.0,DraftKings,8.0,UConn -8,10.0,50.0,,250.0,-310.0,
428,401629038,2024,regular,14,2024-11-30T17:00:00.000Z,Massachusetts,FBS Independents,fbs,42.0,UConn,FBS Independents,fbs,47.0,Bovada,10.5,UConn -10.5,10.0,49.5,50.0,305.0,-410.0,
429,401629038,2024,regular,14,2024-11-30T17:00:00.000Z,Massachusetts,FBS Independents,fbs,42.0,UConn,FBS Independents,fbs,47.0,ESPN Bet,9.5,UConn -9.5,10.5,49.5,50.5,260.0,-320.0,
430,401635574,2024,regular,7,2024-10-13T00:00:00.000Z,NC State,ACC,fbs,17.0,Syracuse,ACC,fbs,24.0,DraftKings,1.0,Syracuse -1,3.5,51.5,,-110.0,-110.0,
431,401635574,2024,regular,7,2024-10-13T00:00:00.000Z,NC State,ACC,fbs,17.0,Syracuse,ACC,fbs,24.0,ESPN Bet,1.5,Syracuse -1.5,4.5,51.5,54.5,-105.0,-115.0,
432,401635574,2024,regular,7,2024-10-13T00:00:00.000Z,NC State,ACC,fbs,17.0,Syracuse,ACC,fbs,24.0,Bovada,1.0,Syracuse -1.0,4.5,51.5,54.5,170.0,-200.0,
433,401644780,2024,regular,14,2024-11-30T18:30:00.000Z,Western Michigan,Mid-American,fbs,26.0,Eastern Michigan,Mid-American,fbs,18.0,DraftKings,-6.0,Western Michigan -6,-6.5,55.5,,-205.0,170.0,
434,401644780,2024,regular,14,2024-11-30T18:30:00.000Z,Western Michigan,Mid-American,fbs,26.0,Eastern Michigan,Mid-American,fbs,18.0,Bovada,-6.5,Western Michigan -6.5,-6.5,55.5,57.5,-250.0,210.0,
435,401644780,2024,regular,14,2024-11-30T18:30:00.000Z,Western Michigan,Mid-American,fbs,26.0,Eastern Michigan,Mid-American,fbs,18.0,ESPN Bet,-6.5,Western Michigan -6.5,-7.0,56.5,57.5,-225.0,190.0,
436,401644779,2024,regular,14,2024-11-30T20:30:00.000Z,Northern Illinois,Mid-American,fbs,24.0,Central Michigan,Mid-American,fbs,16.0,DraftKings,-13.5,Northern Illinois -13.5,-12.5,40.0,,-520.0,390.0,
437,401644779,2024,regular,14,2024-11-30T20:30:00.000Z,Northern Illinois,Mid-American,fbs,24.0,Central Michigan,Mid-American,fbs,16.0,Bovada,-13.5,Northern Illinois -13.5,-12.5,40.0,45.0,-525.0,375.0,
438,401644779,2024,regular,14,2024-11-30T20:30:00.000Z,Northern Illinois,Mid-American,fbs,24.0,Central Michigan,Mid-American,fbs,16.0,ESPN Bet,-16.5,Northern Illinois -16.5,-12.5,41.5,45.5,-550.0,380.0,
439,401636378,2024,regular,11,2024-11-09T20:00:00.000Z,Prairie View A&M,SWAC,fcs,31.0,Florida A&M,SWAC,fcs,12.0,ESPN Bet,17.0,Florida A&M -17,,50.5,,,,
440,401638702,2024,regular,13,2024-11-23T18:00:00.000Z,Morehead State,Pioneer,fcs,14.0,San Diego,Pioneer,fcs,37.0,ESPN Bet,6.5,San Diego -6.5,,40.5,,,,
441,401634257,2024,regular,11,2024-11-09T20:00:00.000Z,Arkansas-Pine Bluff,SWAC,fcs,24.0,Alabama A&M,SWAC,fcs,52.0,ESPN Bet,8.0,Alabama A&M -8,,60.5,,,,
442,401634011,2024,regular,13,2024-11-23T18:00:00.000Z,Tennessee Tech,Big South-OVC,fcs,23.0,Eastern Illinois,Big South-OVC,fcs,6.0,ESPN Bet,-13.0,Tennessee Tech -13,,47.5,,,,
443,401645381,2024,regular,14,2024-11-30T17:00:00.000Z,Temple,American Athletic,fbs,17.0,North Texas,American Athletic,fbs,24.0,DraftKings,12.0,North Texas -12,9.5,63.0,,330.0,-425.0,
444,401645381,2024,regular,14,2024-11-30T17:00:00.000Z,Temple,American Athletic,fbs,17.0,North Texas,American Athletic,fbs,24.0,Bovada,11.0,North Texas -11.0,11.0,63.5,64.5,335.0,-450.0,
445,401645381,2024,regular,14,2024-11-30T17:00:00.000Z,Temple,American Athletic,fbs,17.0,North Texas,American Athletic,fbs,24.0,ESPN Bet,10.5,North Texas -10.5,11.5,63.5,64.5,340.0,-450.0,
446,401644742,2024,regular,7,2024-10-12T19:30:00.000Z,Western Michigan,Mid-American,fbs,34.0,Akron,Mid-American,fbs,24.0,DraftKings,-9.5,Western Michigan -9.5,-12.5,48.5,,-325.0,260.0,
447,401644742,2024,regular,7,2024-10-12T19:30:00.000Z,Western Michigan,Mid-American,fbs,34.0,Akron,Mid-American,fbs,24.0,Bovada,-9.5,Western Michigan -9.5,-9.5,48.5,53.5,-360.0,280.0,
448,401644742,2024,regular,7,2024-10-12T19:30:00.000Z,Western Michigan,Mid-American,fbs,34.0,Akron,Mid-American,fbs,24.0,ESPN Bet,-9.5,Western Michigan -9.5,-9.5,48.5,53.5,-380.0,300.0,
449,401634020,2024,regular,10,2024-11-03T00:00:00.000Z,McNeese,Southland,fcs,31.0,East Texas A&M,Southland,fcs,3.0,ESPN Bet,-12.0,McNeese -12,,50.5,,,,
450,401644744,2024,regular,7,2024-10-12T19:30:00.000Z,Bowling Green,Mid-American,fbs,7.0,Northern Illinois,Mid-American,fbs,17.0,DraftKings,-3.0,Bowling Green -3,-3.0,46.5,,-155.0,130.0,
451,401644744,2024,regular,7,2024-10-12T19:30:00.000Z,Bowling Green,Mid-American,fbs,7.0,Northern Illinois,Mid-American,fbs,17.0,Bovada,-3.0,Bowling Green -3.0,-3.0,46.5,47.5,-140.0,120.0,
452,401644744,2024,regular,7,2024-10-12T19:30:00.000Z,Bowling Green,Mid-American,fbs,7.0,Northern Illinois,Mid-American,fbs,17.0,ESPN Bet,-3.5,Bowling Green -3.5,-2.5,46.5,47.5,-155.0,135.0,
453,401632135,2024,regular,11,2024-11-09T20:00:00.000Z,North Alabama,UAC,fcs,26.0,Southern Utah,UAC,fcs,38.0,ESPN Bet,-7.5,North Alabama -7.5,,55.5,,,,
454,401654469,2024,regular,13,2024-11-23T18:00:00.000Z,Princeton,Ivy,fcs,20.0,Pennsylvania,Ivy,fcs,17.0,ESPN Bet,4.5,Pennsylvania -4.5,,46.5,,,,
455,401644743,2024,regular,7,2024-10-12T16:00:00.000Z,Kent State,Mid-American,fbs,35.0,Ball State,Mid-American,fbs,37.0,DraftKings,3.0,Ball State -3,7.0,58.0,,124.0,-148.0,
456,401644743,2024,regular,7,2024-10-12T16:00:00.000Z,Kent State,Mid-American,fbs,35.0,Ball State,Mid-American,fbs,37.0,Bovada,3.0,Ball State -3.0,5.5,58.0,60.0,205.0,-245.0,
457,401644743,2024,regular,7,2024-10-12T16:00:00.000Z,Kent State,Mid-American,fbs,35.0,Ball State,Mid-American,fbs,37.0,ESPN Bet,3.5,Ball State -3.5,6.5,58.5,57.5,125.0,-145.0,
458,401645377,2024,regular,14,2024-11-30T20:30:00.000Z,Charlotte,American Athletic,fbs,29.0,UAB,American Athletic,fbs,27.0,DraftKings,1.0,UAB -1,-4.5,60.0,,-108.0,-112.0,
459,401645377,2024,regular,14,2024-11-30T20:30:00.000Z,Charlotte,American Athletic,fbs,29.0,UAB,American Athletic,fbs,27.0,Bovada,-1.0,Charlotte -1.0,-3.0,60.0,58.5,-160.0,135.0,
460,401645377,2024,regular,14,2024-11-30T20:30:00.000Z,Charlotte,American Athletic,fbs,29.0,UAB,American Athletic,fbs,27.0,ESPN Bet,-1.5,Charlotte -1.5,-3.0,59.5,57.5,-115.0,-105.0,
461,401643844,2024,regular,14,2024-11-30T23:00:00.000Z,Georgia Southern,Sun Belt,fbs,29.0,App State,Sun Belt,fbs,20.0,DraftKings,-2.5,Georgia Southern -2.5,-3.0,60.0,,-135.0,114.0,
462,401643844,2024,regular,14,2024-11-30T23:00:00.000Z,Georgia Southern,Sun Belt,fbs,29.0,App State,Sun Belt,fbs,20.0,Bovada,-2.5,Georgia Southern -2.5,-2.5,60.5,62.0,-135.0,115.0,
463,401643844,2024,regular,14,2024-11-30T23:00:00.000Z,Georgia Southern,Sun Belt,fbs,29.0,App State,Sun Belt,fbs,20.0,ESPN Bet,-2.5,Georgia Southern -2.5,-2.5,60.5,62.5,-135.0,115.0,
464,401643846,2024,regular,14,2024-12-01T01:00:00.000Z,James Madison,Sun Belt,fbs,33.0,Marshall,Sun Belt,fbs,35.0,DraftKings,-4.0,James Madison -4,-3.0,52.0,,-170.0,142.0,
465,401643846,2024,regular,14,2024-12-01T01:00:00.000Z,James Madison,Sun Belt,fbs,33.0,Marshall,Sun Belt,fbs,35.0,Bovada,-3.5,James Madison -3.5,-3.5,52.0,52.5,-175.0,150.0,
466,401643846,2024,regular,14,2024-12-01T01:00:00.000Z,James Madison,Sun Belt,fbs,33.0,Marshall,Sun Belt,fbs,35.0,ESPN Bet,-2.5,James Madison -2.5,-3.5,52.5,52.5,-175.0,150.0,
467,401654568,2024,regular,11,2024-11-09T20:00:00.000Z,Alcorn State,SWAC,fcs,42.0,Texas Southern,SWAC,fcs,21.0,ESPN Bet,-5.0,Alcorn State -5,,48.5,,,,
468,401638701,2024,regular,13,2024-11-23T18:00:00.000Z,Stetson,Pioneer,fcs,10.0,Drake,Pioneer,fcs,49.0,ESPN Bet,19.5,Drake -19.5,,51.5,,,,
469,401635576,2024,regular,7,2024-10-12T16:00:00.000Z,Wake Forest,ACC,fbs,14.0,Clemson,ACC,fbs,49.0,DraftKings,21.0,Clemson -21,20.5,63.0,,950.0,-1650.0,
470,401635576,2024,regular,7,2024-10-12T16:00:00.000Z,Wake Forest,ACC,fbs,14.0,Clemson,ACC,fbs,49.0,Bovada,21.0,Clemson -21.0,20.5,63.0,61.0,775.0,-1500.0,
471,401635576,2024,regular,7,2024-10-12T16:00:00.000Z,Wake Forest,ACC,fbs,14.0,Clemson,ACC,fbs,49.0,ESPN Bet,21.5,Clemson -21.5,20.5,63.5,60.5,900.0,-1600.0,
472,401643847,2024,regular,14,2024-11-30T20:00:00.000Z,Arkansas State,Sun Belt,fbs,32.0,Old Dominion,Sun Belt,fbs,40.0,DraftKings,5.5,Old Dominion -5.5,1.0,59.0,,170.0,-205.0,
473,401643847,2024,regular,14,2024-11-30T20:00:00.000Z,Arkansas State,Sun Belt,fbs,32.0,Old Dominion,Sun Belt,fbs,40.0,Bovada,5.5,Old Dominion -5.5,4.0,58.5,58.5,160.0,-185.0,
474,401643847,2024,regular,14,2024-11-30T20:00:00.000Z,Arkansas State,Sun Belt,fbs,32.0,Old Dominion,Sun Belt,fbs,40.0,ESPN Bet,5.5,Old Dominion -5.5,4.0,58.5,58.5,175.0,-210.0,
475,401643805,2024,regular,7,2024-10-12T19:30:00.000Z,Georgia State,Sun Belt,fbs,14.0,Old Dominion,Sun Belt,fbs,21.0,DraftKings,-3.0,Georgia State -3,0.0,53.0,,-135.0,114.0,
476,401643805,2024,regular,7,2024-10-12T19:30:00.000Z,Georgia State,Sun Belt,fbs,14.0,Old Dominion,Sun Belt,fbs,21.0,Bovada,-3.0,Georgia State -3.0,-1.5,53.5,54.5,-120.0,100.0,
477,401643805,2024,regular,7,2024-10-12T19:30:00.000Z,Georgia State,Sun Belt,fbs,14.0,Old Dominion,Sun Belt,fbs,21.0,ESPN Bet,-2.5,Georgia State -2.5,-1.5,53.5,54.5,-140.0,120.0,
478,401644746,2024,regular,7,2024-10-12T20:00:00.000Z,Central Michigan,Mid-American,fbs,25.0,Ohio,Mid-American,fbs,27.0,DraftKings,3.0,Ohio -3,3.0,50.5,,120.0,-142.0,
479,401644746,2024,regular,7,2024-10-12T20:00:00.000Z,Central Michigan,Mid-American,fbs,25.0,Ohio,Mid-American,fbs,27.0,Bovada,3.0,Ohio -3.0,3.5,50.5,48.5,125.0,-145.0,
480,401644746,2024,regular,7,2024-10-12T20:00:00.000Z,Central Michigan,Mid-American,fbs,25.0,Ohio,Mid-American,fbs,27.0,ESPN Bet,2.5,Ohio -2.5,2.5,49.5,47.5,125.0,-145.0,
481,401634114,2024,regular,10,2024-11-03T01:00:00.000Z,Sacramento State,Big Sky,fcs,38.0,Portland State,Big Sky,fcs,58.0,ESPN Bet,-12.5,Sacramento State -12.5,,68.5,,,,
482,401636369,2024,regular,11,2024-11-09T20:00:00.000Z,Southern,SWAC,fcs,25.0,Bethune-Cookman,SWAC,fcs,23.0,ESPN Bet,-7.0,Southern -7,,44.5,,,,
483,401628694,2024,regular,13,2024-11-23T18:00:00.000Z,Villanova,CAA,fcs,38.0,Delaware,CAA,fcs,28.0,ESPN Bet,1.5,Delaware -1.5,,46.5,,,,
484,401645344,2024,regular,7,2024-10-12T23:00:00.000Z,Rice,American Athletic,fbs,29.0,UTSA,American Athletic,fbs,27.0,DraftKings,3.5,UTSA -3.5,3.5,51.0,,150.0,-180.0,
485,401645344,2024,regular,7,2024-10-12T23:00:00.000Z,Rice,American Athletic,fbs,29.0,UTSA,American Athletic,fbs,27.0,Bovada,3.5,UTSA -3.5,4.0,51.0,47.5,160.0,-185.0,
486,401645344,2024,regular,7,2024-10-12T23:00:00.000Z,Rice,American Athletic,fbs,29.0,UTSA,American Athletic,fbs,27.0,ESPN Bet,3.5,UTSA -3.5,4.0,51.5,47.5,150.0,-175.0,
487,401632125,2024,regular,10,2024-11-02T20:00:00.000Z,Utah Tech,UAC,fcs,34.0,Central Arkansas,UAC,fcs,21.0,ESPN Bet,24.5,Central Arkansas -24.5,,57.5,,,,
488,401632126,2024,regular,10,2024-11-02T21:00:00.000Z,North Alabama,UAC,fcs,17.0,Austin Peay,UAC,fcs,31.0,ESPN Bet,-7.5,North Alabama -7.5,,53.5,,,,
489,401632128,2024,regular,10,2024-11-02T20:00:00.000Z,Abilene Christian,UAC,fcs,28.0,Southern Utah,UAC,fcs,25.0,ESPN Bet,-3.5,Abilene Christian -3.5,,58.5,,,,
490,401634000,2024,regular,10,2024-11-02T19:00:00.000Z,Eastern Illinois,Big South-OVC,fcs,45.0,Western Illinois,Big South-OVC,fcs,38.0,ESPN Bet,-4.0,Eastern Illinois -4,,62.5,,,,
491,401634002,2024,regular,10,2024-11-02T22:00:00.000Z,Tennessee State,Big South-OVC,fcs,21.0,UT Martin,Big South-OVC,fcs,28.0,ESPN Bet,14.5,UT Martin -14.5,,51.5,,,,
492,401634025,2024,regular,10,2024-11-02T20:00:00.000Z,Lamar,Southland,fcs,27.0,SE Louisiana,Southland,fcs,30.0,ESPN Bet,2.0,SE Louisiana -2,,48.5,,,,
493,401634035,2024,regular,10,2024-11-02T19:00:00.000Z,Incarnate Word,Southland,fcs,45.0,Houston Christian,Southland,fcs,20.0,ESPN Bet,-23.5,Incarnate Word -23.5,,58.5,,,,
494,401634110,2024,regular,10,2024-11-02T21:00:00.000Z,Cal Poly,Big Sky,fcs,7.0,Montana,Big Sky,fcs,42.0,ESPN Bet,20.5,Montana -20.5,,56.5,,,,
495,401634111,2024,regular,10,2024-11-02T20:00:00.000Z,Eastern Washington,Big Sky,fcs,28.0,Montana State,Big Sky,fcs,42.0,ESPN Bet,17.0,Montana State -17,,63.5,,,,
496,401634112,2024,regular,10,2024-11-02T20:00:00.000Z,Northern Arizona,Big Sky,fcs,27.0,Weber State,Big Sky,fcs,6.0,ESPN Bet,-1.5,Northern Arizona -1.5,,54.5,,,,
497,401634113,2024,regular,10,2024-11-02T20:00:00.000Z,UC Davis,Big Sky,fcs,59.0,Northern Colorado,Big Sky,fcs,7.0,ESPN Bet,-23.5,UC Davis -23.5,,49.5,,,,
498,401634139,2024,regular,10,2024-11-02T19:00:00.000Z,Mercer,Southern,fcs,37.0,East Tennessee State,Southern,fcs,31.0,ESPN Bet,-6.0,Mercer -6,,50.5,,,,
499,401634195,2024,regular,10,2024-11-02T19:00:00.000Z,South Dakota State,MVFC,fcs,52.0,Murray State,MVFC,fcs,6.0,ESPN Bet,-42.0,South Dakota State -42,,54.5,,,,
500,401634210,2024,regular,10,2024-11-02T19:30:00.000Z,North Dakota State,MVFC,fcs,42.0,Northern Iowa,MVFC,fcs,19.0,ESPN Bet,-30.0,North Dakota State -30,,52.5,,,,
501,401634256,2024,regular,10,2024-11-02T19:00:00.000Z,Alabama A&M,SWAC,fcs,20.0,Southern,SWAC,fcs,25.0,ESPN Bet,-2.5,Alabama A&M -2.5,,51.5,,,,
502,401636349,2024,regular,10,2024-11-02T21:00:00.000Z,Alabama State,SWAC,fcs,21.0,Alcorn State,SWAC,fcs,17.0,ESPN Bet,-4.0,Alabama State -4,,42.5,,,,
503,401636360,2024,regular,10,2024-11-02T19:00:00.000Z,Jackson State,SWAC,fcs,41.0,Arkansas-Pine Bluff,SWAC,fcs,3.0,ESPN Bet,-24.5,Jackson State -24.5,,58.5,,,,
504,401636377,2024,regular,10,2024-11-02T20:00:00.000Z,Florida A&M,SWAC,fcs,52.0,Texas Southern,SWAC,fcs,28.0,ESPN Bet,-14.5,Florida A&M -14.5,,47.5,,,,
505,401638683,2024,regular,10,2024-11-02T20:00:00.000Z,San Diego,Pioneer,fcs,40.0,Davidson,Pioneer,fcs,13.0,ESPN Bet,-3.0,San Diego -3,,60.5,,,,
506,401654541,2024,regular,10,2024-10-31T23:30:00.000Z,South Carolina State,MEAC,fcs,24.0,North Carolina Central,MEAC,fcs,21.0,ESPN Bet,3.5,North Carolina Central -3.5,,56.5,,,,
507,401654578,2024,regular,10,2024-11-02T16:00:00.000Z,Central Connecticut,NEC,fcs,24.0,Wagner,NEC,fcs,14.0,ESPN Bet,-8.0,Central Connecticut -8,,46.5,,,,
508,401675121,2024,regular,10,2024-11-02T20:00:00.000Z,Nicholls,Southland,fcs,12.0,Stephen F. Austin,Southland,fcs,28.0,ESPN Bet,2.0,Stephen F. Austin -2,,53.5,,,,
509,401640988,2024,regular,14,2024-11-30T19:00:00.000Z,Florida International,Conference USA,fbs,35.0,Middle Tennessee,Conference USA,fbs,24.0,DraftKings,-10.0,Florida International -10,-7.0,51.0,,-375.0,295.0,
510,401640988,2024,regular,14,2024-11-30T19:00:00.000Z,Florida International,Conference USA,fbs,35.0,Middle Tennessee,Conference USA,fbs,24.0,Bovada,-8.0,Florida International -8.0,-9.0,51.0,52.0,-350.0,275.0,
511,401640988,2024,regular,14,2024-11-30T19:00:00.000Z,Florida International,Conference USA,fbs,35.0,Middle Tennessee,Conference USA,fbs,24.0,ESPN Bet,-9.5,Florida International -9.5,-9.0,50.5,51.5,-425.0,320.0,
512,401638698,2024,regular,13,2024-11-23T18:00:00.000Z,Presbyterian,Pioneer,fcs,30.0,Butler,Pioneer,fcs,27.0,ESPN Bet,9.5,Butler -9.5,,48.5,,,,
513,401628570,2024,regular,14,2024-11-30T20:30:00.000Z,UCLA,Big Ten,fbs,20.0,Fresno State,Mountain West,fbs,13.0,DraftKings,-7.5,UCLA -7.5,-10.0,46.5,,-285.0,230.0,
514,401628570,2024,regular,14,2024-11-30T20:30:00.000Z,UCLA,Big Ten,fbs,20.0,Fresno State,Mountain West,fbs,13.0,Bovada,-7.5,UCLA -7.5,-9.5,46.5,46.5,-370.0,285.0,
515,401628570,2024,regular,14,2024-11-30T20:30:00.000Z,UCLA,Big Ten,fbs,20.0,Fresno State,Mountain West,fbs,13.0,ESPN Bet,-7.5,UCLA -7.5,-9.5,46.5,46.5,-320.0,260.0,
516,401643768,2024,regular,14,2024-12-01T03:30:00.000Z,San Diego State,Mountain West,fbs,20.0,Air Force,Mountain West,fbs,31.0,DraftKings,6.0,Air Force -6,2.5,43.5,,180.0,-218.0,
517,401643768,2024,regular,14,2024-12-01T03:30:00.000Z,San Diego State,Mountain West,fbs,20.0,Air Force,Mountain West,fbs,31.0,Bovada,5.5,Air Force -5.5,3.5,43.5,43.5,145.0,-170.0,
518,401643768,2024,regular,14,2024-12-01T03:30:00.000Z,San Diego State,Mountain West,fbs,20.0,Air Force,Mountain West,fbs,31.0,ESPN Bet,6.5,Air Force -6.5,3.5,43.5,43.5,195.0,-230.0,
519,401644745,2024,regular,7,2024-10-12T16:00:00.000Z,Buffalo,Mid-American,fbs,30.0,Toledo,Mid-American,fbs,15.0,DraftKings,10.5,Toledo -10.5,10.0,44.5,,310.0,-395.0,
520,401644745,2024,regular,7,2024-10-12T16:00:00.000Z,Buffalo,Mid-American,fbs,30.0,Toledo,Mid-American,fbs,15.0,Bovada,10.5,Toledo -10.5,9.5,44.0,44.0,285.0,-370.0,
521,401644745,2024,regular,7,2024-10-12T16:00:00.000Z,Buffalo,Mid-American,fbs,30.0,Toledo,Mid-American,fbs,15.0,ESPN Bet,10.5,Toledo -10.5,9.5,44.5,44.5,320.0,-400.0,
522,401645342,2024,regular,7,2024-10-12T16:00:00.000Z,Army,American Athletic,fbs,44.0,UAB,American Athletic,fbs,10.0,DraftKings,-27.0,Army -27,-18.5,55.5,,-4500.0,1700.0,
523,401645342,2024,regular,7,2024-10-12T16:00:00.000Z,Army,American Athletic,fbs,44.0,UAB,American Athletic,fbs,10.0,ESPN Bet,-25.5,Army -25.5,-24.0,55.5,55.5,-3500.0,1500.0,
524,401645342,2024,regular,7,2024-10-12T16:00:00.000Z,Army,American Athletic,fbs,44.0,UAB,American Athletic,fbs,10.0,Bovada,-27.0,Army -27.0,-25.0,55.5,55.5,-4000.0,1200.0,
525,401635577,2024,regular,7,2024-10-12T16:00:00.000Z,North Carolina,ACC,fbs,34.0,Georgia Tech,ACC,fbs,41.0,DraftKings,3.5,Georgia Tech -3.5,4.0,60.5,,142.0,-170.0,
526,401635577,2024,regular,7,2024-10-12T16:00:00.000Z,North Carolina,ACC,fbs,34.0,Georgia Tech,ACC,fbs,41.0,Bovada,3.5,Georgia Tech -3.5,6.0,61.5,57.5,195.0,-235.0,
527,401635577,2024,regular,7,2024-10-12T16:00:00.000Z,North Carolina,ACC,fbs,34.0,Georgia Tech,ACC,fbs,41.0,ESPN Bet,3.5,Georgia Tech -3.5,6.0,60.5,56.5,145.0,-170.0,
528,401645343,2024,regular,7,2024-10-12T23:00:00.000Z,Florida Atlantic,American Athletic,fbs,37.0,North Texas,American Athletic,fbs,41.0,DraftKings,5.5,North Texas -5.5,6.0,58.5,,170.0,-205.0,
529,401645343,2024,regular,7,2024-10-12T23:00:00.000Z,Florida Atlantic,American Athletic,fbs,37.0,North Texas,American Athletic,fbs,41.0,Bovada,5.5,North Texas -5.5,6.5,58.5,60.0,195.0,-235.0,
530,401645343,2024,regular,7,2024-10-12T23:00:00.000Z,Florida Atlantic,American Athletic,fbs,37.0,North Texas,American Athletic,fbs,41.0,ESPN Bet,5.5,North Texas -5.5,6.5,58.5,59.5,175.0,-210.0,
531,401628679,2024,regular,11,2024-11-09T20:30:00.000Z,Campbell,CAA,fcs,24.0,Richmond,CAA,fcs,27.0,ESPN Bet,9.5,Richmond -9.5,,52.5,,,,
532,401645382,2024,regular,14,2024-11-30T19:00:00.000Z,Rice,American Athletic,fbs,35.0,South Florida,American Athletic,fbs,28.0,DraftKings,5.5,South Florida -5.5,3.5,54.0,,164.0,-198.0,
533,401645382,2024,regular,14,2024-11-30T19:00:00.000Z,Rice,American Athletic,fbs,35.0,South Florida,American Athletic,fbs,28.0,Bovada,6.0,South Florida -6.0,4.5,54.0,53.0,170.0,-200.0,
534,401645382,2024,regular,14,2024-11-30T19:00:00.000Z,Rice,American Athletic,fbs,35.0,South Florida,American Athletic,fbs,28.0,ESPN Bet,5.5,South Florida -5.5,4.5,53.5,53.5,180.0,-215.0,
535,401628511,2024,regular,7,2024-10-12T19:30:00.000Z,Illinois,Big Ten,fbs,50.0,Purdue,Big Ten,fbs,49.0,DraftKings,-22.5,Illinois -22.5,-17.5,47.5,,-1800.0,1000.0,
536,401628511,2024,regular,7,2024-10-12T19:30:00.000Z,Illinois,Big Ten,fbs,50.0,Purdue,Big Ten,fbs,49.0,Bovada,-23.0,Illinois -23.0,-19.0,47.0,50.5,-1300.0,725.0,
537,401628511,2024,regular,7,2024-10-12T19:30:00.000Z,Illinois,Big Ten,fbs,50.0,Purdue,Big Ten,fbs,49.0,ESPN Bet,-21.5,Illinois -21.5,-19.5,46.5,50.5,-1800.0,1000.0,
538,401643729,2024,regular,7,2024-10-12T19:30:00.000Z,Colorado State,Mountain West,fbs,31.0,San José State,Mountain West,fbs,24.0,DraftKings,-2.5,Colorado State -2.5,1.0,55.5,,-130.0,110.0,
539,401643729,2024,regular,7,2024-10-12T19:30:00.000Z,Colorado State,Mountain West,fbs,31.0,San José State,Mountain West,fbs,24.0,Bovada,-2.5,Colorado State -2.5,2.0,55.5,55.0,105.0,-125.0,
540,401643729,2024,regular,7,2024-10-12T19:30:00.000Z,Colorado State,Mountain West,fbs,31.0,San José State,Mountain West,fbs,24.0,ESPN Bet,-2.5,Colorado State -2.5,2.0,54.5,55.5,-130.0,110.0,
541,401643807,2024,regular,7,2024-10-12T21:00:00.000Z,UL Monroe,Sun Belt,fbs,38.0,Southern Miss,Sun Belt,fbs,21.0,DraftKings,-4.5,UL Monroe -4.5,-4.5,41.0,,-185.0,154.0,
542,401643807,2024,regular,7,2024-10-12T21:00:00.000Z,UL Monroe,Sun Belt,fbs,38.0,Southern Miss,Sun Belt,fbs,21.0,Bovada,-4.0,UL Monroe -4.0,-6.0,41.0,41.0,-230.0,190.0,
543,401643807,2024,regular,7,2024-10-12T21:00:00.000Z,UL Monroe,Sun Belt,fbs,38.0,Southern Miss,Sun Belt,fbs,21.0,ESPN Bet,-4.5,UL Monroe -4.5,-6.5,41.5,41.5,-175.0,150.0,
544,401634027,2024,regular,11,2024-11-09T20:00:00.000Z,Houston Christian,Southland,fcs,24.0,Nicholls,Southland,fcs,21.0,ESPN Bet,11.5,Nicholls -11.5,,49.5,,,,
545,401628696,2024,regular,13,2024-11-23T18:00:00.000Z,North Carolina A&T,CAA,fcs,21.0,Elon,CAA,fcs,31.0,ESPN Bet,17.0,Elon -17,,47.5,,,,
546,401643849,2024,regular,14,2024-11-30T19:00:00.000Z,Troy,Sun Belt,fbs,52.0,Southern Miss,Sun Belt,fbs,20.0,DraftKings,-17.5,Troy -17.5,-15.5,49.0,,-800.0,550.0,
547,401643849,2024,regular,14,2024-11-30T19:00:00.000Z,Troy,Sun Belt,fbs,52.0,Southern Miss,Sun Belt,fbs,20.0,Bovada,-17.5,Troy -17.5,-17.0,49.0,48.5,-950.0,600.0,
548,401643849,2024,regular,14,2024-11-30T19:00:00.000Z,Troy,Sun Belt,fbs,52.0,Southern Miss,Sun Belt,fbs,20.0,ESPN Bet,-17.5,Troy -17.5,-17.5,48.5,48.5,-1000.0,600.0,
549,401645380,2024,regular,14,2024-11-30T20:30:00.000Z,Tulsa,American Athletic,fbs,16.0,Florida Atlantic,American Athletic,fbs,63.0,DraftKings,-1.0,Tulsa -1,1.5,58.0,,-112.0,-108.0,
550,401645380,2024,regular,14,2024-11-30T20:30:00.000Z,Tulsa,American Athletic,fbs,16.0,Florida Atlantic,American Athletic,fbs,63.0,Bovada,-1.0,Tulsa -1.0,1.5,57.5,57.0,100.0,-120.0,
551,401645380,2024,regular,14,2024-11-30T20:30:00.000Z,Tulsa,American Athletic,fbs,16.0,Florida Atlantic,American Athletic,fbs,63.0,ESPN Bet,2.5,Florida Atlantic -2.5,1.5,57.5,57.5,-120.0,-105.0,
552,401641006,2024,regular,14,2024-11-30T21:00:00.000Z,Western Kentucky,Conference USA,fbs,19.0,Jacksonville State,Conference USA,fbs,17.0,DraftKings,-1.0,Western Kentucky -1,-2.5,62.5,,-112.0,-108.0,
553,401641006,2024,regular,14,2024-11-30T21:00:00.000Z,Western Kentucky,Conference USA,fbs,19.0,Jacksonville State,Conference USA,fbs,17.0,Bovada,1.0,Jacksonville State -1.0,-1.5,62.5,60.5,-120.0,100.0,
554,401641006,2024,regular,14,2024-11-30T21:00:00.000Z,Western Kentucky,Conference USA,fbs,19.0,Jacksonville State,Conference USA,fbs,17.0,ESPN Bet,0.5,Jacksonville State -0.5,-1.5,62.5,60.5,-110.0,-110.0,
555,401636391,2024,regular,11,2024-11-09T20:00:00.000Z,Jackson State,SWAC,fcs,51.0,Mississippi Valley State,SWAC,fcs,14.0,ESPN Bet,-31.5,Jackson State -31.5,,52.5,,,,
556,401654537,2024,regular,13,2024-11-23T18:00:00.000Z,Morgan State,MEAC,fcs,35.0,Howard,MEAC,fcs,21.0,ESPN Bet,-1.5,Morgan State -1.5,,41.5,,,,
557,401628981,2024,regular,7,2024-10-12T19:30:00.000Z,Notre Dame,FBS Independents,fbs,49.0,Stanford,ACC,fbs,7.0,DraftKings,-22.5,Notre Dame -22.5,-23.0,45.5,,-2100.0,1100.0,
558,401628981,2024,regular,7,2024-10-12T19:30:00.000Z,Notre Dame,FBS Independents,fbs,49.0,Stanford,ACC,fbs,7.0,Bovada,-22.5,Notre Dame -22.5,-23.0,45.0,46.0,-2200.0,1000.0,
559,401628981,2024,regular,7,2024-10-12T19:30:00.000Z,Notre Dame,FBS Independents,fbs,49.0,Stanford,ACC,fbs,7.0,ESPN Bet,-22.5,Notre Dame -22.5,-23.5,45.5,45.5,-2000.0,1100.0,
560,401643848,2024,regular,14,2024-11-30T17:00:00.000Z,UL Monroe,Sun Belt,fbs,23.0,Louisiana,Sun Belt,fbs,37.0,DraftKings,8.5,Louisiana -8.5,10.5,50.0,,250.0,-310.0,
561,401643848,2024,regular,14,2024-11-30T17:00:00.000Z,UL Monroe,Sun Belt,fbs,23.0,Louisiana,Sun Belt,fbs,37.0,Bovada,10.0,Louisiana -10.0,9.5,49.5,48.5,285.0,-370.0,
562,401643848,2024,regular,14,2024-11-30T17:00:00.000Z,UL Monroe,Sun Belt,fbs,23.0,Louisiana,Sun Belt,fbs,37.0,ESPN Bet,8.5,Louisiana -8.5,10.0,50.5,48.5,280.0,-360.0,
563,401643727,2024,regular,7,2024-10-12T23:00:00.000Z,New Mexico,Mountain West,fbs,52.0,Air Force,Mountain West,fbs,37.0,DraftKings,-7.0,New Mexico -7,-3.5,56.0,,-265.0,215.0,
564,401643727,2024,regular,7,2024-10-12T23:00:00.000Z,New Mexico,Mountain West,fbs,52.0,Air Force,Mountain West,fbs,37.0,Bovada,-7.0,New Mexico -7.0,-6.5,56.0,54.5,-200.0,170.0,
565,401643727,2024,regular,7,2024-10-12T23:00:00.000Z,New Mexico,Mountain West,fbs,52.0,Air Force,Mountain West,fbs,37.0,ESPN Bet,-6.5,New Mexico -6.5,-4.5,54.5,54.5,-270.0,220.0,
566,401643806,2024,regular,7,2024-10-12T23:30:00.000Z,Louisiana,Sun Belt,fbs,34.0,App State,Sun Belt,fbs,24.0,DraftKings,-10.0,Louisiana -10,-6.0,64.0,,-355.0,280.0,
567,401643806,2024,regular,7,2024-10-12T23:30:00.000Z,Louisiana,Sun Belt,fbs,34.0,App State,Sun Belt,fbs,24.0,Bovada,-10.0,Louisiana -10.0,-10.5,64.5,65.0,-435.0,325.0,
568,401643806,2024,regular,7,2024-10-12T23:30:00.000Z,Louisiana,Sun Belt,fbs,34.0,App State,Sun Belt,fbs,24.0,ESPN Bet,-10.5,Louisiana -10.5,-10.5,63.5,64.5,-380.0,300.0,
569,401654542,2024,regular,11,2024-11-09T20:30:00.000Z,Howard,MEAC,fcs,14.0,South Carolina State,MEAC,fcs,38.0,ESPN Bet,4.5,South Carolina State -4.5,,48.5,,,,
570,401654653,2024,regular,13,2024-11-23T18:00:00.000Z,Bucknell,Patriot,fcs,48.0,Colgate,Patriot,fcs,34.0,ESPN Bet,-5.5,Bucknell -5.5,,48.5,,,,
571,401643732,2024,regular,7,2024-10-12T19:30:00.000Z,Wyoming,Mountain West,fbs,24.0,San Diego State,Mountain West,fbs,27.0,DraftKings,-1.5,Wyoming -1.5,-1.0,43.0,,-122.0,102.0,
572,401643732,2024,regular,7,2024-10-12T19:30:00.000Z,Wyoming,Mountain West,fbs,24.0,San Diego State,Mountain West,fbs,27.0,Bovada,-2.0,Wyoming -2.0,1.0,43.0,42.5,-105.0,-115.0,
573,401643732,2024,regular,7,2024-10-12T19:30:00.000Z,Wyoming,Mountain West,fbs,24.0,San Diego State,Mountain West,fbs,27.0,ESPN Bet,-1.5,Wyoming -1.5,1.0,41.5,42.5,-120.0,-105.0,
574,401643730,2024,regular,7,2024-10-12T23:00:00.000Z,Fresno State,Mountain West,fbs,17.0,Washington State,Pac-12,fbs,25.0,DraftKings,3.5,Washington State -3.5,2.5,60.5,,140.0,-166.0,
575,401643730,2024,regular,7,2024-10-12T23:00:00.000Z,Fresno State,Mountain West,fbs,17.0,Washington State,Pac-12,fbs,25.0,Bovada,3.5,Washington State -3.5,3.5,60.0,61.5,155.0,-180.0,
576,401643730,2024,regular,7,2024-10-12T23:00:00.000Z,Fresno State,Mountain West,fbs,17.0,Washington State,Pac-12,fbs,25.0,ESPN Bet,3.5,Washington State -3.5,3.5,60.5,61.5,140.0,-165.0,
577,401641014,2024,regular,14,2024-11-30T21:00:00.000Z,Louisiana Tech,Conference USA,fbs,33.0,Kennesaw State,Conference USA,fbs,0.0,DraftKings,-10.0,Louisiana Tech -10,-12.5,41.5,,-355.0,280.0,
578,401641014,2024,regular,14,2024-11-30T21:00:00.000Z,Louisiana Tech,Conference USA,fbs,33.0,Kennesaw State,Conference USA,fbs,0.0,Bovada,-10.5,Louisiana Tech -10.5,-11.0,41.0,43.0,-490.0,355.0,
579,401641014,2024,regular,14,2024-11-30T21:00:00.000Z,Louisiana Tech,Conference USA,fbs,33.0,Kennesaw State,Conference USA,fbs,0.0,ESPN Bet,-13.5,Louisiana Tech -13.5,-12.5,41.5,43.5,-450.0,340.0,
580,401643773,2024,regular,14,2024-11-30T23:30:00.000Z,Washington State,Pac-12,fbs,14.0,Wyoming,Mountain West,fbs,15.0,DraftKings,-18.5,Washington State -18.5,-17.5,55.0,,-850.0,575.0,
581,401643773,2024,regular,14,2024-11-30T23:30:00.000Z,Washington State,Pac-12,fbs,14.0,Wyoming,Mountain West,fbs,15.0,Bovada,-18.5,Washington State -18.5,-17.0,55.0,58.5,-900.0,575.0,
582,401643773,2024,regular,14,2024-11-30T23:30:00.000Z,Washington State,Pac-12,fbs,14.0,Wyoming,Mountain West,fbs,15.0,ESPN Bet,-18.5,Washington State -18.5,-17.5,55.5,58.5,-1000.0,600.0,
583,401643772,2024,regular,14,2024-12-01T01:00:00.000Z,UNLV,Mountain West,fbs,38.0,Nevada,Mountain West,fbs,14.0,DraftKings,-17.5,UNLV -17.5,-18.0,54.0,,-800.0,550.0,
584,401643772,2024,regular,14,2024-12-01T01:00:00.000Z,UNLV,Mountain West,fbs,38.0,Nevada,Mountain West,fbs,14.0,Bovada,-17.5,UNLV -17.5,-17.5,55.0,55.0,-1000.0,625.0,
585,401643772,2024,regular,14,2024-12-01T01:00:00.000Z,UNLV,Mountain West,fbs,38.0,Nevada,Mountain West,fbs,14.0,ESPN Bet,-17.5,UNLV -17.5,-18.5,54.5,55.5,-1000.0,600.0,
586,401643808,2024,regular,7,2024-10-12T23:00:00.000Z,Texas State,Sun Belt,fbs,41.0,Arkansas State,Sun Belt,fbs,9.0,DraftKings,-13.5,Texas State -13.5,-11.0,66.0,,-535.0,400.0,
587,401643808,2024,regular,7,2024-10-12T23:00:00.000Z,Texas State,Sun Belt,fbs,41.0,Arkansas State,Sun Belt,fbs,9.0,Bovada,-13.5,Texas State -13.5,-14.5,66.0,63.0,-675.0,460.0,
588,401643808,2024,regular,7,2024-10-12T23:00:00.000Z,Texas State,Sun Belt,fbs,41.0,Arkansas State,Sun Belt,fbs,9.0,ESPN Bet,-13.5,Texas State -13.5,-14.0,66.5,63.5,-500.0,380.0,
589,401643731,2024,regular,7,2024-10-12T23:30:00.000Z,Nevada,Mountain West,fbs,42.0,Oregon State,Pac-12,fbs,37.0,DraftKings,3.0,Oregon State -3,8.5,47.0,,120.0,-142.0,
590,401643731,2024,regular,7,2024-10-12T23:30:00.000Z,Nevada,Mountain West,fbs,42.0,Oregon State,Pac-12,fbs,37.0,Bovada,3.0,Oregon State -3.0,3.5,47.0,48.5,160.0,-185.0,
591,401643731,2024,regular,7,2024-10-12T23:30:00.000Z,Nevada,Mountain West,fbs,42.0,Oregon State,Pac-12,fbs,37.0,ESPN Bet,2.5,Oregon State -2.5,4.5,45.5,48.5,130.0,-150.0,
592,401634117,2024,regular,11,2024-11-09T21:00:00.000Z,Portland State,Big Sky,fcs,30.0,Idaho,Big Sky,fcs,39.0,ESPN Bet,11.0,Idaho -11,,61.5,,,,
593,401628514,2024,regular,7,2024-10-13T01:00:00.000Z,UCLA,Big Ten,fbs,17.0,Minnesota,Big Ten,fbs,21.0,DraftKings,3.5,Minnesota -3.5,4.5,39.0,,140.0,-166.0,
594,401628514,2024,regular,7,2024-10-13T01:00:00.000Z,UCLA,Big Ten,fbs,17.0,Minnesota,Big Ten,fbs,21.0,Bovada,3.5,Minnesota -3.5,5.0,39.0,40.0,180.0,-220.0,
595,401628514,2024,regular,7,2024-10-13T01:00:00.000Z,UCLA,Big Ten,fbs,17.0,Minnesota,Big Ten,fbs,21.0,ESPN Bet,3.5,Minnesota -3.5,5.5,39.5,40.5,150.0,-175.0,
596,401628698,2024,regular,13,2024-11-23T18:00:00.000Z,UAlbany,CAA,fcs,41.0,Hampton,CAA,fcs,34.0,ESPN Bet,-3.0,UAlbany -3,,44.5,,,,
597,401643728,2024,regular,7,2024-10-13T03:00:00.000Z,Hawai'i,Mountain West,fbs,7.0,Boise State,Mountain West,fbs,28.0,DraftKings,21.0,Boise State -21,21.0,60.0,,950.0,-1650.0,
598,401643728,2024,regular,7,2024-10-13T03:00:00.000Z,Hawai'i,Mountain West,fbs,7.0,Boise State,Mountain West,fbs,28.0,Bovada,21.0,Boise State -21.0,21.0,60.0,60.5,800.0,-1600.0,
599,401643728,2024,regular,7,2024-10-13T03:00:00.000Z,Hawai'i,Mountain West,fbs,7.0,Boise State,Mountain West,fbs,28.0,ESPN Bet,20.5,Boise State -20.5,21.0,60.5,61.5,900.0,-1600.0,
600,401632130,2024,regular,11,2024-11-09T21:00:00.000Z,Austin Peay,UAC,fcs,34.0,Abilene Christian,UAC,fcs,35.0,ESPN Bet,4.0,Abilene Christian -4,,54.5,,,,
601,401628697,2024,regular,13,2024-11-23T18:00:00.000Z,Stony Brook,CAA,fcs,47.0,Monmouth,CAA,fcs,55.0,ESPN Bet,3.0,Monmouth -3,,59.5,,,,
602,401628386,2024,regular,7,2024-10-12T20:15:00.000Z,Georgia,SEC,fbs,41.0,Mississippi State,SEC,fbs,31.0,DraftKings,-34.0,Georgia -34,-34.5,53.5,,-10000.0,3000.0,
603,401628386,2024,regular,7,2024-10-12T20:15:00.000Z,Georgia,SEC,fbs,41.0,Mississippi State,SEC,fbs,31.0,Bovada,-33.0,Georgia -33.0,-34.0,53.5,54.0,,,
604,401628386,2024,regular,7,2024-10-12T20:15:00.000Z,Georgia,SEC,fbs,41.0,Mississippi State,SEC,fbs,31.0,ESPN Bet,-34.5,Georgia -34.5,-33.0,54.5,53.5,-20000.0,4000.0,
605,401641031,2024,regular,14,2024-11-30T21:00:00.000Z,New Mexico State,Conference USA,fbs,35.0,UTEP,Conference USA,fbs,42.0,DraftKings,-3.5,New Mexico State -3.5,-2.5,51.5,,-162.0,136.0,
606,401641031,2024,regular,14,2024-11-30T21:00:00.000Z,New Mexico State,Conference USA,fbs,35.0,UTEP,Conference USA,fbs,42.0,Bovada,-3.0,New Mexico State -3.0,-2.5,51.5,51.5,-140.0,120.0,
607,401641031,2024,regular,14,2024-11-30T21:00:00.000Z,New Mexico State,Conference USA,fbs,35.0,UTEP,Conference USA,fbs,42.0,ESPN Bet,-3.5,New Mexico State -3.5,-2.5,51.5,51.5,-170.0,145.0,
608,401641002,2024,regular,7,2024-10-09T23:30:00.000Z,Jacksonville State,Conference USA,fbs,54.0,New Mexico State,Conference USA,fbs,13.0,DraftKings,-21.0,Jacksonville State -21,-20.5,58.5,,-1600.0,900.0,
609,401641002,2024,regular,7,2024-10-09T23:30:00.000Z,Jacksonville State,Conference USA,fbs,54.0,New Mexico State,Conference USA,fbs,13.0,Bovada,-21.0,Jacksonville State -21.0,-20.5,59.0,58.5,-1800.0,850.0,
610,401641002,2024,regular,7,2024-10-09T23:30:00.000Z,Jacksonville State,Conference USA,fbs,54.0,New Mexico State,Conference USA,fbs,13.0,ESPN Bet,-21.5,Jacksonville State -21.5,-21.0,58.5,57.5,-1800.0,1000.0,
611,401643771,2024,regular,14,2024-12-01T04:00:00.000Z,Hawai'i,Mountain West,fbs,38.0,New Mexico,Mountain West,fbs,30.0,DraftKings,6.5,New Mexico -6.5,2.5,59.5,,185.0,-225.0,
612,401643771,2024,regular,14,2024-12-01T04:00:00.000Z,Hawai'i,Mountain West,fbs,38.0,New Mexico,Mountain West,fbs,30.0,Bovada,4.0,New Mexico -4.0,2.5,62.5,61.0,110.0,-130.0,
613,401643771,2024,regular,14,2024-12-01T04:00:00.000Z,Hawai'i,Mountain West,fbs,38.0,New Mexico,Mountain West,fbs,30.0,ESPN Bet,6.5,New Mexico -6.5,2.5,61.5,61.5,150.0,-175.0,
614,401675122,2024,regular,11,2024-11-09T21:30:00.000Z,East Texas A&M,Southland,fcs,19.0,Stephen F. Austin,Southland,fcs,14.0,ESPN Bet,16.5,Stephen F. Austin -16.5,,52.5,,,,
615,401640982,2024,regular,7,2024-10-08T23:00:00.000Z,Liberty,Conference USA,fbs,31.0,Florida International,Conference USA,fbs,24.0,DraftKings,-15.5,Liberty -15.5,-19.5,56.0,,-800.0,550.0,
616,401640982,2024,regular,7,2024-10-08T23:00:00.000Z,Liberty,Conference USA,fbs,31.0,Florida International,Conference USA,fbs,24.0,Bovada,-16.0,Liberty -16.0,-19.5,55.5,55.0,-1400.0,750.0,
617,401640982,2024,regular,7,2024-10-08T23:00:00.000Z,Liberty,Conference USA,fbs,31.0,Florida International,Conference USA,fbs,24.0,ESPN Bet,-15.5,Liberty -15.5,-20.0,55.5,54.5,-900.0,600.0,
618,401654543,2024,regular,13,2024-11-23T18:30:00.000Z,South Carolina State,MEAC,fcs,53.0,Norfolk State,MEAC,fcs,21.0,ESPN Bet,-18.0,South Carolina State -18,,53.5,,,,
619,401634115,2024,regular,11,2024-11-10T01:00:00.000Z,Cal Poly,Big Sky,fcs,14.0,Northern Arizona,Big Sky,fcs,31.0,ESPN Bet,13.5,Northern Arizona -13.5,,53.5,,,,
620,401634259,2024,regular,13,2024-11-23T18:00:00.000Z,Mississippi Valley State,SWAC,fcs,35.0,Alabama A&M,SWAC,fcs,49.0,ESPN Bet,14.0,Alabama A&M -14,,55.5,,,,
621,401628568,2024,regular,14,2024-11-29T17:00:00.000Z,Wisconsin,Big Ten,fbs,7.0,Minnesota,Big Ten,fbs,24.0,Bovada,1.0,Minnesota -1.0,-2.0,41.0,43.5,-125.0,105.0,
622,401628568,2024,regular,14,2024-11-29T17:00:00.000Z,Wisconsin,Big Ten,fbs,7.0,Minnesota,Big Ten,fbs,24.0,ESPN Bet,1.5,Minnesota -1.5,-2.0,40.5,43.5,105.0,-125.0,
623,401628568,2024,regular,14,2024-11-29T17:00:00.000Z,Wisconsin,Big Ten,fbs,7.0,Minnesota,Big Ten,fbs,24.0,DraftKings,2.0,Minnesota -2,-2.0,40.5,,102.0,-122.0,
624,401636939,2024,regular,14,2024-11-30T01:00:00.000Z,UCF,Big 12,fbs,14.0,Utah,Big 12,fbs,28.0,Bovada,-10.0,UCF -10.0,-9.0,46.5,49.0,-350.0,275.0,
625,401636939,2024,regular,14,2024-11-30T01:00:00.000Z,UCF,Big 12,fbs,14.0,Utah,Big 12,fbs,28.0,ESPN Bet,-9.5,UCF -9.5,-9.0,45.5,49.5,-360.0,280.0,
626,401636939,2024,regular,14,2024-11-30T01:00:00.000Z,UCF,Big 12,fbs,14.0,Utah,Big 12,fbs,28.0,DraftKings,-10.0,UCF -10,-4.5,46.5,,-375.0,295.0,
627,401628442,2024,regular,14,2024-11-29T20:30:00.000Z,Ole Miss,SEC,fbs,26.0,Mississippi State,SEC,fbs,14.0,Bovada,-26.0,Ole Miss -26.0,-26.0,62.0,61.5,-5000.0,1300.0,
628,401628442,2024,regular,14,2024-11-29T20:30:00.000Z,Ole Miss,SEC,fbs,26.0,Mississippi State,SEC,fbs,14.0,ESPN Bet,-26.5,Ole Miss -26.5,-27.0,63.5,62.5,-4000.0,1300.0,
629,401628442,2024,regular,14,2024-11-29T20:30:00.000Z,Ole Miss,SEC,fbs,26.0,Mississippi State,SEC,fbs,14.0,DraftKings,-26.0,Ole Miss -26,-27.5,63.5,,-3600.0,1500.0,
630,401628562,2024,regular,14,2024-11-30T00:30:00.000Z,Iowa,Big Ten,fbs,13.0,Nebraska,Big Ten,fbs,10.0,Bovada,-3.0,Iowa -3.0,-5.5,41.0,39.5,-220.0,180.0,
631,401628562,2024,regular,14,2024-11-30T00:30:00.000Z,Iowa,Big Ten,fbs,13.0,Nebraska,Big Ten,fbs,10.0,ESPN Bet,-3.5,Iowa -3.5,-5.5,41.5,39.5,-150.0,130.0,
632,401628562,2024,regular,14,2024-11-30T00:30:00.000Z,Iowa,Big Ten,fbs,13.0,Nebraska,Big Ten,fbs,10.0,DraftKings,-3.0,Iowa -3,-4.0,41.5,,-135.0,114.0,
633,401643759,2024,regular,12,2024-11-16T01:00:00.000Z,Colorado State,Mountain West,fbs,24.0,Wyoming,Mountain West,fbs,10.0,DraftKings,-8.5,Colorado State -8.5,-10.5,47.5,,-325.0,260.0,
634,401643759,2024,regular,12,2024-11-16T01:00:00.000Z,Colorado State,Mountain West,fbs,24.0,Wyoming,Mountain West,fbs,10.0,Bovada,-9.0,Colorado State -9.0,-10.0,47.0,48.0,-415.0,310.0,
635,401643759,2024,regular,12,2024-11-16T01:00:00.000Z,Colorado State,Mountain West,fbs,24.0,Wyoming,Mountain West,fbs,10.0,ESPN Bet,-7.5,Colorado State -7.5,-10.0,46.5,48.5,-300.0,250.0,
636,401638699,2024,regular,13,2024-11-23T19:00:00.000Z,Valparaiso,Pioneer,fcs,18.0,Davidson,Pioneer,fcs,17.0,ESPN Bet,8.0,Davidson -8,,57.5,,,,
637,401628563,2024,regular,14,2024-11-30T17:00:00.000Z,Northwestern,Big Ten,fbs,28.0,Illinois,Big Ten,fbs,38.0,Bovada,9.0,Illinois -9.0,7.5,43.5,44.0,240.0,-290.0,
638,401628563,2024,regular,14,2024-11-30T17:00:00.000Z,Northwestern,Big Ten,fbs,28.0,Illinois,Big Ten,fbs,38.0,ESPN Bet,8.5,Illinois -8.5,7.5,42.5,44.5,270.0,-340.0,
639,401628563,2024,regular,14,2024-11-30T17:00:00.000Z,Northwestern,Big Ten,fbs,28.0,Illinois,Big Ten,fbs,38.0,DraftKings,9.0,Illinois -9,9.0,43.5,,275.0,-345.0,
640,401628440,2024,regular,14,2024-11-30T17:00:00.000Z,Kentucky,SEC,fbs,14.0,Louisville,ACC,fbs,41.0,Bovada,4.0,Louisville -4.0,3.5,49.5,48.5,150.0,-175.0,
641,401628440,2024,regular,14,2024-11-30T17:00:00.000Z,Kentucky,SEC,fbs,14.0,Louisville,ACC,fbs,41.0,ESPN Bet,3.5,Louisville -3.5,3.5,48.5,48.5,155.0,-185.0,
642,401628440,2024,regular,14,2024-11-30T17:00:00.000Z,Kentucky,SEC,fbs,14.0,Louisville,ACC,fbs,41.0,DraftKings,4.5,Louisville -4.5,0.0,50.0,,164.0,-198.0,
643,401645366,2024,regular,12,2024-11-16T01:00:00.000Z,UTSA,American Athletic,fbs,48.0,North Texas,American Athletic,fbs,27.0,DraftKings,-1.0,UTSA -1,2.0,73.0,,-118.0,-102.0,
644,401645366,2024,regular,12,2024-11-16T01:00:00.000Z,UTSA,American Athletic,fbs,48.0,North Texas,American Athletic,fbs,27.0,Bovada,-1.5,UTSA -1.5,2.0,72.5,72.5,105.0,-125.0,
645,401645366,2024,regular,12,2024-11-16T01:00:00.000Z,UTSA,American Athletic,fbs,48.0,North Texas,American Athletic,fbs,27.0,ESPN Bet,-1.5,UTSA -1.5,1.5,71.5,72.5,-120.0,-110.0,
646,401634130,2024,regular,13,2024-11-23T19:00:00.000Z,Montana State,Big Sky,fcs,34.0,Montana,Big Sky,fcs,11.0,ESPN Bet,-16.5,Montana State -16.5,,54.5,,,,
647,401636945,2024,regular,14,2024-11-30T17:00:00.000Z,Texas Tech,Big 12,fbs,52.0,West Virginia,Big 12,fbs,15.0,Bovada,-3.0,Texas Tech -3.0,-3.5,64.5,64.5,-170.0,145.0,
648,401636945,2024,regular,14,2024-11-30T17:00:00.000Z,Texas Tech,Big 12,fbs,52.0,West Virginia,Big 12,fbs,15.0,ESPN Bet,-2.5,Texas Tech -2.5,-3.5,61.5,64.5,-135.0,115.0,
649,401636945,2024,regular,14,2024-11-30T17:00:00.000Z,Texas Tech,Big 12,fbs,52.0,West Virginia,Big 12,fbs,15.0,DraftKings,-2.5,Texas Tech -2.5,-3.5,62.5,,-135.0,114.0,
650,401636940,2024,regular,14,2024-11-30T20:30:00.000Z,Arizona,Big 12,fbs,7.0,Arizona State,Big 12,fbs,49.0,Bovada,7.5,Arizona State -7.5,8.5,53.5,53.5,270.0,-340.0,
651,401636940,2024,regular,14,2024-11-30T20:30:00.000Z,Arizona,Big 12,fbs,7.0,Arizona State,Big 12,fbs,49.0,ESPN Bet,7.5,Arizona State -7.5,9.0,52.5,53.5,250.0,-300.0,
652,401636940,2024,regular,14,2024-11-30T20:30:00.000Z,Arizona,Big 12,fbs,7.0,Arizona State,Big 12,fbs,49.0,DraftKings,7.5,Arizona State -7.5,8.5,54.0,,215.0,-265.0,
653,401635620,2024,regular,14,2024-11-30T20:00:00.000Z,Boston College,ACC,fbs,34.0,Pittsburgh,ACC,fbs,23.0,Bovada,-3.5,Boston College -3.5,-4.5,51.0,48.5,-195.0,165.0,
654,401635620,2024,regular,14,2024-11-30T20:00:00.000Z,Boston College,ACC,fbs,34.0,Pittsburgh,ACC,fbs,23.0,ESPN Bet,-3.5,Boston College -3.5,-4.0,50.5,48.5,-165.0,140.0,
655,401635620,2024,regular,14,2024-11-30T20:00:00.000Z,Boston College,ACC,fbs,34.0,Pittsburgh,ACC,fbs,23.0,DraftKings,-3.5,Boston College -3.5,-3.5,50.5,,-166.0,140.0,
656,401636923,2024,regular,12,2024-11-16T03:15:00.000Z,Arizona,Big 12,fbs,27.0,Houston,Big 12,fbs,3.0,DraftKings,-1.0,Arizona -1,-2.0,46.5,,-115.0,-105.0,
657,401636923,2024,regular,12,2024-11-16T03:15:00.000Z,Arizona,Big 12,fbs,27.0,Houston,Big 12,fbs,3.0,Bovada,-1.0,Arizona -1.0,-2.0,46.0,45.0,-125.0,105.0,
658,401636923,2024,regular,12,2024-11-16T03:15:00.000Z,Arizona,Big 12,fbs,27.0,Houston,Big 12,fbs,3.0,ESPN Bet,-1.5,Arizona -1.5,-1.5,46.5,44.5,-115.0,-105.0,
659,401638700,2024,regular,13,2024-11-23T19:00:00.000Z,St. Thomas (MN),Pioneer,fcs,32.0,Dayton,Pioneer,fcs,9.0,ESPN Bet,-2.5,St. Thomas (MN) -2.5,,40.5,,,,
660,401628567,2024,regular,14,2024-11-30T20:30:00.000Z,Michigan State,Big Ten,fbs,14.0,Rutgers,Big Ten,fbs,41.0,Bovada,-1.5,Michigan State -1.5,-1.0,46.5,48.0,-115.0,-105.0,
661,401628567,2024,regular,14,2024-11-30T20:30:00.000Z,Michigan State,Big Ten,fbs,14.0,Rutgers,Big Ten,fbs,41.0,ESPN Bet,-1.5,Michigan State -1.5,-1.5,46.5,48.5,-125.0,105.0,
662,401628565,2024,regular,14,2024-11-30T20:30:00.000Z,Penn State,Big Ten,fbs,44.0,Maryland,Big Ten,fbs,7.0,Bovada,-25.5,Penn State -25.5,-24.5,50.0,50.5,-3300.0,1100.0,
663,401628565,2024,regular,14,2024-11-30T20:30:00.000Z,Penn State,Big Ten,fbs,44.0,Maryland,Big Ten,fbs,7.0,ESPN Bet,-26.5,Penn State -26.5,-24.5,50.5,50.5,-4000.0,1300.0,
664,401628565,2024,regular,14,2024-11-30T20:30:00.000Z,Penn State,Big Ten,fbs,44.0,Maryland,Big Ten,fbs,7.0,DraftKings,-26.0,Penn State -26,-24.5,50.5,,-4000.0,1600.0,
665,401628571,2024,regular,14,2024-11-30T20:30:00.000Z,USC,Big Ten,fbs,35.0,Notre Dame,FBS Independents,fbs,49.0,Bovada,7.0,Notre Dame -7.0,7.0,52.5,51.0,235.0,-285.0,
666,401628571,2024,regular,14,2024-11-30T20:30:00.000Z,USC,Big Ten,fbs,35.0,Notre Dame,FBS Independents,fbs,49.0,ESPN Bet,6.5,Notre Dame -6.5,7.5,52.5,51.5,215.0,-260.0,
667,401628571,2024,regular,14,2024-11-30T20:30:00.000Z,USC,Big Ten,fbs,35.0,Notre Dame,FBS Independents,fbs,49.0,DraftKings,7.0,Notre Dame -7,3.5,52.5,,210.0,-258.0,
668,401636943,2024,regular,14,2024-11-30T23:00:00.000Z,Cincinnati,Big 12,fbs,13.0,TCU,Big 12,fbs,20.0,Bovada,2.5,TCU -2.5,3.0,58.5,58.0,125.0,-145.0,
669,401636943,2024,regular,14,2024-11-30T23:00:00.000Z,Cincinnati,Big 12,fbs,13.0,TCU,Big 12,fbs,20.0,ESPN Bet,2.5,TCU -2.5,3.0,58.5,58.5,120.0,-140.0,
670,401636943,2024,regular,14,2024-11-30T23:00:00.000Z,Cincinnati,Big 12,fbs,13.0,TCU,Big 12,fbs,20.0,DraftKings,2.5,TCU -2.5,1.5,58.5,,114.0,-135.0,
671,401628550,2024,regular,12,2024-11-16T17:00:00.000Z,Northwestern,Big Ten,fbs,7.0,Ohio State,Big Ten,fbs,31.0,DraftKings,28.0,Ohio State -28,30.5,43.5,,2500.0,-9000.0,
672,401628550,2024,regular,12,2024-11-16T17:00:00.000Z,Northwestern,Big Ten,fbs,7.0,Ohio State,Big Ten,fbs,31.0,Bovada,28.5,Ohio State -28.5,31.0,44.5,45.0,2500.0,-20000.0,
673,401628550,2024,regular,12,2024-11-16T17:00:00.000Z,Northwestern,Big Ten,fbs,7.0,Ohio State,Big Ten,fbs,31.0,ESPN Bet,29.5,Ohio State -29.5,30.5,44.5,44.5,2000.0,-7500.0,
674,401628700,2024,regular,13,2024-11-23T19:00:00.000Z,Campbell,CAA,fcs,23.0,Towson,CAA,fcs,45.0,ESPN Bet,4.5,Towson -4.5,,50.5,,,,
675,401628438,2024,regular,14,2024-12-01T00:00:00.000Z,Florida State,ACC,fbs,11.0,Florida,SEC,fbs,31.0,Bovada,17.0,Florida -17.0,14.5,46.0,45.5,475.0,-700.0,
676,401628438,2024,regular,14,2024-12-01T00:00:00.000Z,Florida State,ACC,fbs,11.0,Florida,SEC,fbs,31.0,ESPN Bet,17.5,Florida -17.5,15.0,45.5,45.5,600.0,-1000.0,
677,401628438,2024,regular,14,2024-12-01T00:00:00.000Z,Florida State,ACC,fbs,11.0,Florida,SEC,fbs,31.0,DraftKings,17.0,Florida -17,-11.5,46.0,,500.0,-700.0,
678,401628441,2024,regular,14,2024-12-01T00:00:00.000Z,LSU,SEC,fbs,37.0,Oklahoma,SEC,fbs,17.0,Bovada,-6.0,LSU -6.0,-5.5,48.0,47.0,-220.0,180.0,
679,401628441,2024,regular,14,2024-12-01T00:00:00.000Z,LSU,SEC,fbs,37.0,Oklahoma,SEC,fbs,17.0,ESPN Bet,-4.5,LSU -4.5,-6.0,47.5,47.5,-215.0,180.0,
680,401628441,2024,regular,14,2024-12-01T00:00:00.000Z,LSU,SEC,fbs,37.0,Oklahoma,SEC,fbs,17.0,DraftKings,-6.0,LSU -6,-5.0,48.0,,-225.0,185.0,
681,401635581,2024,regular,12,2024-11-16T20:00:00.000Z,California,ACC,fbs,25.0,Syracuse,ACC,fbs,33.0,DraftKings,-10.5,California -10.5,-7.0,58.0,,-360.0,285.0,
682,401635581,2024,regular,12,2024-11-16T20:00:00.000Z,California,ACC,fbs,25.0,Syracuse,ACC,fbs,33.0,Bovada,-10.0,California -10.0,-7.0,57.0,56.0,-280.0,230.0,
683,401635581,2024,regular,12,2024-11-16T20:00:00.000Z,California,ACC,fbs,25.0,Syracuse,ACC,fbs,33.0,ESPN Bet,-10.5,California -10.5,-7.5,57.5,55.5,-380.0,290.0,
684,401635583,2024,regular,12,2024-11-17T01:00:00.000Z,North Carolina,ACC,fbs,31.0,Wake Forest,ACC,fbs,24.0,DraftKings,-10.5,North Carolina -10.5,-10.0,64.5,,-410.0,320.0,
685,401635583,2024,regular,12,2024-11-17T01:00:00.000Z,North Carolina,ACC,fbs,31.0,Wake Forest,ACC,fbs,24.0,Bovada,-10.0,North Carolina -10.0,-11.0,64.0,64.5,-450.0,335.0,
686,401635583,2024,regular,12,2024-11-17T01:00:00.000Z,North Carolina,ACC,fbs,31.0,Wake Forest,ACC,fbs,24.0,ESPN Bet,-10.5,North Carolina -10.5,-11.5,64.5,63.5,-425.0,320.0,
687,401632132,2024,regular,13,2024-11-23T19:00:00.000Z,Eastern Kentucky,UAC,fcs,21.0,North Alabama,UAC,fcs,15.0,ESPN Bet,-4.0,Eastern Kentucky -4,,49.5,,,,
688,401628564,2024,regular,14,2024-12-01T00:00:00.000Z,Indiana,Big Ten,fbs,66.0,Purdue,Big Ten,fbs,0.0,Bovada,-29.0,Indiana -29.0,-28.0,56.5,56.5,-10000.0,1600.0,
689,401628564,2024,regular,14,2024-12-01T00:00:00.000Z,Indiana,Big Ten,fbs,66.0,Purdue,Big Ten,fbs,0.0,ESPN Bet,-28.5,Indiana -28.5,-29.0,56.5,56.5,-6000.0,1800.0,
690,401628564,2024,regular,14,2024-12-01T00:00:00.000Z,Indiana,Big Ten,fbs,66.0,Purdue,Big Ten,fbs,0.0,DraftKings,-28.5,Indiana -28.5,-25.5,56.5,,-10000.0,3000.0,
691,401636944,2024,regular,14,2024-12-01T00:30:00.000Z,Iowa State,Big 12,fbs,29.0,Kansas State,Big 12,fbs,21.0,Bovada,-1.5,Iowa State -1.5,-3.0,52.0,52.0,-150.0,130.0,
692,401636944,2024,regular,14,2024-12-01T00:30:00.000Z,Iowa State,Big 12,fbs,29.0,Kansas State,Big 12,fbs,21.0,ESPN Bet,-2.5,Iowa State -2.5,-2.5,51.5,52.5,-125.0,105.0,
693,401636944,2024,regular,14,2024-12-01T00:30:00.000Z,Iowa State,Big 12,fbs,29.0,Kansas State,Big 12,fbs,21.0,DraftKings,-2.0,Iowa State -2,0.0,51.5,,-122.0,102.0,
694,401632142,2024,regular,13,2024-11-23T19:00:00.000Z,Austin Peay,UAC,fcs,17.0,Chattanooga,Southern,fcs,24.0,ESPN Bet,4.0,Chattanooga -4,,44.5,,,,
695,401628517,2024,regular,7,2024-10-12T16:00:00.000Z,Rutgers,Big Ten,fbs,7.0,Wisconsin,Big Ten,fbs,42.0,Bovada,-1.0,Rutgers -1.0,-2.5,43.5,40.0,-130.0,110.0,
696,401628517,2024,regular,7,2024-10-12T16:00:00.000Z,Rutgers,Big Ten,fbs,7.0,Wisconsin,Big Ten,fbs,42.0,ESPN Bet,-1.5,Rutgers -1.5,-2.5,43.5,39.5,-125.0,105.0,
697,401635640,2024,regular,14,2024-12-01T01:00:00.000Z,Virginia Tech,ACC,fbs,37.0,Virginia,ACC,fbs,17.0,Bovada,-4.5,Virginia Tech -4.5,-7.5,44.5,48.5,-300.0,250.0,
698,401635640,2024,regular,14,2024-12-01T01:00:00.000Z,Virginia Tech,ACC,fbs,37.0,Virginia,ACC,fbs,17.0,ESPN Bet,-4.5,Virginia Tech -4.5,-7.5,44.5,48.5,-185.0,155.0,
699,401635640,2024,regular,14,2024-12-01T01:00:00.000Z,Virginia Tech,ACC,fbs,37.0,Virginia,ACC,fbs,17.0,DraftKings,-4.5,Virginia Tech -4.5,-7.0,44.5,,-180.0,150.0,
700,401628547,2024,regular,12,2024-11-16T19:30:00.000Z,Illinois,Big Ten,fbs,38.0,Michigan State,Big Ten,fbs,16.0,DraftKings,-2.0,Illinois -2,-3.5,47.5,,-122.0,102.0,
701,401628547,2024,regular,12,2024-11-16T19:30:00.000Z,Illinois,Big Ten,fbs,38.0,Michigan State,Big Ten,fbs,16.0,Bovada,-2.0,Illinois -2.0,-3.5,48.0,47.0,-175.0,150.0,
702,401628547,2024,regular,12,2024-11-16T19:30:00.000Z,Illinois,Big Ten,fbs,38.0,Michigan State,Big Ten,fbs,16.0,ESPN Bet,-1.5,Illinois -1.5,-3.0,47.5,47.5,-130.0,110.0,
703,401628445,2024,regular,14,2024-12-01T00:30:00.000Z,Texas A&M,SEC,fbs,7.0,Texas,SEC,fbs,17.0,Bovada,4.5,Texas -4.5,5.5,50.0,48.5,175.0,-210.0,
704,401628445,2024,regular,14,2024-12-01T00:30:00.000Z,Texas A&M,SEC,fbs,7.0,Texas,SEC,fbs,17.0,ESPN Bet,4.5,Texas -4.5,6.0,49.5,48.5,175.0,-210.0,
705,401628445,2024,regular,14,2024-12-01T00:30:00.000Z,Texas A&M,SEC,fbs,7.0,Texas,SEC,fbs,17.0,DraftKings,4.5,Texas -4.5,4.5,50.0,,164.0,-198.0,
706,401628569,2024,regular,14,2024-12-01T00:30:00.000Z,Oregon,Big Ten,fbs,49.0,Washington,Big Ten,fbs,21.0,Bovada,-17.5,Oregon -17.5,-18.5,51.0,50.5,-1100.0,650.0,
707,401628569,2024,regular,14,2024-12-01T00:30:00.000Z,Oregon,Big Ten,fbs,49.0,Washington,Big Ten,fbs,21.0,ESPN Bet,-17.5,Oregon -17.5,-18.5,50.5,50.5,-900.0,550.0,
708,401628569,2024,regular,14,2024-12-01T00:30:00.000Z,Oregon,Big Ten,fbs,49.0,Washington,Big Ten,fbs,21.0,DraftKings,-17.0,Oregon -17,-20.0,50.5,,-850.0,575.0,
709,401636942,2024,regular,14,2024-12-01T03:15:00.000Z,BYU,Big 12,fbs,30.0,Houston,Big 12,fbs,18.0,Bovada,-12.0,BYU -12.0,-12.0,40.5,41.0,-500.0,360.0,
710,401636942,2024,regular,14,2024-12-01T03:15:00.000Z,BYU,Big 12,fbs,30.0,Houston,Big 12,fbs,18.0,ESPN Bet,-9.5,BYU -9.5,-12.5,39.5,41.5,-450.0,340.0,
711,401636942,2024,regular,14,2024-12-01T03:15:00.000Z,BYU,Big 12,fbs,30.0,Houston,Big 12,fbs,18.0,DraftKings,-12.5,BYU -12.5,-11.0,40.5,,-470.0,360.0,
712,401635517,2024,regular,12,2024-11-16T20:30:00.000Z,Stanford,ACC,fbs,38.0,Louisville,ACC,fbs,35.0,DraftKings,21.0,Louisville -21,20.0,57.5,,900.0,-1600.0,
713,401635517,2024,regular,12,2024-11-16T20:30:00.000Z,Stanford,ACC,fbs,38.0,Louisville,ACC,fbs,35.0,Bovada,21.0,Louisville -21.0,20.0,58.5,57.5,750.0,-1400.0,
714,401635517,2024,regular,12,2024-11-16T20:30:00.000Z,Stanford,ACC,fbs,38.0,Louisville,ACC,fbs,35.0,ESPN Bet,20.5,Louisville -20.5,20.5,57.5,58.5,900.0,-1800.0,
715,401634211,2024,regular,13,2024-11-23T19:00:00.000Z,South Dakota,MVFC,fcs,29.0,North Dakota State,MVFC,fcs,28.0,ESPN Bet,3.0,North Dakota State -3,,55.5,,,,
716,401628985,2024,regular,12,2024-11-16T20:30:00.000Z,Notre Dame,FBS Independents,fbs,35.0,Virginia,ACC,fbs,14.0,DraftKings,-20.5,Notre Dame -20.5,-20.0,51.0,,-1800.0,1000.0,
717,401628985,2024,regular,12,2024-11-16T20:30:00.000Z,Notre Dame,FBS Independents,fbs,35.0,Virginia,ACC,fbs,14.0,Bovada,-21.5,Notre Dame -21.5,-23.0,51.0,50.5,-2200.0,1000.0,
718,401628985,2024,regular,12,2024-11-16T20:30:00.000Z,Notre Dame,FBS Independents,fbs,35.0,Virginia,ACC,fbs,14.0,ESPN Bet,-21.5,Notre Dame -21.5,-23.5,51.5,50.5,-1800.0,900.0,
719,401634179,2024,regular,13,2024-11-23T19:00:00.000Z,Northern Iowa,MVFC,fcs,41.0,Indiana State,MVFC,fcs,34.0,ESPN Bet,-8.5,Northern Iowa -8.5,,44.5,,,,
720,401628552,2024,regular,12,2024-11-16T20:30:00.000Z,Purdue,Big Ten,fbs,10.0,Penn State,Big Ten,fbs,49.0,DraftKings,30.0,Penn State -30,28.0,51.5,,3000.0,-10000.0,
721,401628552,2024,regular,12,2024-11-16T20:30:00.000Z,Purdue,Big Ten,fbs,10.0,Penn State,Big Ten,fbs,49.0,Bovada,30.0,Penn State -30.0,28.0,51.5,51.0,1600.0,-10000.0,
722,401628552,2024,regular,12,2024-11-16T20:30:00.000Z,Purdue,Big Ten,fbs,10.0,Penn State,Big Ten,fbs,49.0,ESPN Bet,30.5,Penn State -30.5,28.0,51.5,49.5,2000.0,-7500.0,
723,401634041,2024,regular,13,2024-11-23T19:00:00.000Z,East Texas A&M,Southland,fcs,24.0,Incarnate Word,Southland,fcs,38.0,ESPN Bet,21.5,Incarnate Word -21.5,,,,,,
724,401628566,2024,regular,14,2024-11-30T17:00:00.000Z,Ohio State,Big Ten,fbs,10.0,Michigan,Big Ten,fbs,13.0,ESPN Bet,-20.5,Ohio State -20.5,-20.5,41.5,43.5,-2000.0,1000.0,
725,401628566,2024,regular,14,2024-11-30T17:00:00.000Z,Ohio State,Big Ten,fbs,10.0,Michigan,Big Ten,fbs,13.0,Bovada,-20.0,Ohio State -20.0,-20.5,42.0,43.0,-1500.0,775.0,
726,401628566,2024,regular,14,2024-11-30T17:00:00.000Z,Ohio State,Big Ten,fbs,10.0,Michigan,Big Ten,fbs,13.0,DraftKings,-19.5,Ohio State -19.5,-10.0,41.5,,-1350.0,800.0,
727,401635622,2024,regular,14,2024-11-30T17:00:00.000Z,Wake Forest,ACC,fbs,17.0,Duke,ACC,fbs,23.0,ESPN Bet,3.5,Duke -3.5,2.5,53.5,54.5,140.0,-165.0,
728,401635622,2024,regular,14,2024-11-30T17:00:00.000Z,Wake Forest,ACC,fbs,17.0,Duke,ACC,fbs,23.0,Bovada,3.5,Duke -3.5,4.0,53.0,53.5,160.0,-185.0,
729,401635622,2024,regular,14,2024-11-30T17:00:00.000Z,Wake Forest,ACC,fbs,17.0,Duke,ACC,fbs,23.0,DraftKings,3.5,Duke -3.5,3.0,53.0,,140.0,-166.0,
730,401636929,2024,regular,12,2024-11-16T21:00:00.000Z,West Virginia,Big 12,fbs,35.0,Baylor,Big 12,fbs,49.0,DraftKings,2.0,Baylor -2,-1.5,60.0,,110.0,-130.0,
731,401636929,2024,regular,12,2024-11-16T21:00:00.000Z,West Virginia,Big 12,fbs,35.0,Baylor,Big 12,fbs,49.0,Bovada,2.5,Baylor -2.5,2.0,60.0,58.5,105.0,-125.0,
732,401636929,2024,regular,12,2024-11-16T21:00:00.000Z,West Virginia,Big 12,fbs,35.0,Baylor,Big 12,fbs,49.0,ESPN Bet,1.5,Baylor -1.5,1.5,57.5,58.5,110.0,-130.0,
733,401634012,2024,regular,13,2024-11-23T19:00:00.000Z,Western Illinois,Big South-OVC,fcs,45.0,Gardner-Webb,Big South-OVC,fcs,28.0,ESPN Bet,7.0,Gardner-Webb -7,,68.5,,,,
734,401636926,2024,regular,12,2024-11-17T01:00:00.000Z,Iowa State,Big 12,fbs,34.0,Cincinnati,Big 12,fbs,17.0,DraftKings,-7.0,Iowa State -7,-7.5,52.5,,-265.0,215.0,
735,401636926,2024,regular,12,2024-11-17T01:00:00.000Z,Iowa State,Big 12,fbs,34.0,Cincinnati,Big 12,fbs,17.0,Bovada,-7.0,Iowa State -7.0,-10.0,52.5,53.5,-370.0,285.0,
736,401636926,2024,regular,12,2024-11-17T01:00:00.000Z,Iowa State,Big 12,fbs,34.0,Cincinnati,Big 12,fbs,17.0,ESPN Bet,-7.5,Iowa State -7.5,-9.0,52.5,53.5,-270.0,220.0,
737,401634189,2024,regular,13,2024-11-23T20:00:00.000Z,Missouri State,MVFC,fcs,9.0,South Dakota State,MVFC,fcs,45.0,ESPN Bet,14.5,South Dakota State -14.5,,58.5,,,,
738,401635624,2024,regular,14,2024-11-30T20:30:00.000Z,North Carolina,ACC,fbs,30.0,NC State,ACC,fbs,35.0,ESPN Bet,-2.5,North Carolina -2.5,-3.5,54.5,55.5,-125.0,105.0,
739,401635624,2024,regular,14,2024-11-30T20:30:00.000Z,North Carolina,ACC,fbs,30.0,NC State,ACC,fbs,35.0,Bovada,-2.0,North Carolina -2.0,-3.5,53.5,55.5,-175.0,150.0,
740,401635624,2024,regular,14,2024-11-30T20:30:00.000Z,North Carolina,ACC,fbs,30.0,NC State,ACC,fbs,35.0,DraftKings,-2.0,North Carolina -2,4.0,54.5,,-125.0,105.0,
741,401635580,2024,regular,12,2024-11-16T20:30:00.000Z,SMU,ACC,fbs,38.0,Boston College,ACC,fbs,28.0,DraftKings,-19.0,SMU -19,-15.5,54.5,,-1050.0,675.0,
742,401635580,2024,regular,12,2024-11-16T20:30:00.000Z,SMU,ACC,fbs,38.0,Boston College,ACC,fbs,28.0,Bovada,-19.0,SMU -19.0,-15.5,54.0,54.0,-750.0,500.0,
743,401635580,2024,regular,12,2024-11-16T20:30:00.000Z,SMU,ACC,fbs,38.0,Boston College,ACC,fbs,28.0,ESPN Bet,-19.5,SMU -19.5,-16.5,53.5,53.5,-1000.0,600.0,
744,401634128,2024,regular,13,2024-11-23T20:00:00.000Z,Northern Arizona,Big Sky,fcs,30.0,Eastern Washington,Big Sky,fcs,18.0,ESPN Bet,-5.5,Northern Arizona -5.5,,61.5,,,,
745,401628423,2024,regular,12,2024-11-16T21:15:00.000Z,South Carolina,SEC,fbs,34.0,Missouri,SEC,fbs,30.0,DraftKings,-10.5,South Carolina -10.5,-13.0,42.5,,-410.0,320.0,
746,401628423,2024,regular,12,2024-11-16T21:15:00.000Z,South Carolina,SEC,fbs,34.0,Missouri,SEC,fbs,30.0,Bovada,-10.5,South Carolina -10.5,-13.0,43.0,44.5,-550.0,390.0,
747,401628423,2024,regular,12,2024-11-16T21:15:00.000Z,South Carolina,SEC,fbs,34.0,Missouri,SEC,fbs,30.0,ESPN Bet,-10.5,South Carolina -10.5,-13.5,42.5,44.5,-450.0,340.0,
748,401634127,2024,regular,13,2024-11-23T20:00:00.000Z,Weber State,Big Sky,fcs,28.0,Cal Poly,Big Sky,fcs,17.0,ESPN Bet,-14.0,Weber State -14,,54.5,,,,
749,401628437,2024,regular,14,2024-11-30T20:30:00.000Z,Alabama,SEC,fbs,28.0,Auburn,SEC,fbs,14.0,ESPN Bet,-10.5,Alabama -10.5,-11.5,50.5,52.5,-450.0,340.0,
750,401628437,2024,regular,14,2024-11-30T20:30:00.000Z,Alabama,SEC,fbs,28.0,Auburn,SEC,fbs,14.0,DraftKings,-11.0,Alabama -11,-14.0,51.0,,-410.0,320.0,
751,401628437,2024,regular,14,2024-11-30T20:30:00.000Z,Alabama,SEC,fbs,28.0,Auburn,SEC,fbs,14.0,Bovada,-11.0,Alabama -11.0,-14.0,51.0,52.0,-480.0,350.0,
752,401634119,2024,regular,11,2024-11-10T03:15:00.000Z,Montana,Big Sky,fcs,14.0,UC Davis,Big Sky,fcs,30.0,ESPN Bet,-5.5,Montana -5.5,,54.5,,,,
753,401634151,2024,regular,13,2024-11-23T20:00:00.000Z,Mercer,Southern,fcs,49.0,Furman,Southern,fcs,23.0,ESPN Bet,-14.0,Mercer -14,,51.5,,,,
754,401628677,2024,regular,11,2024-11-09T18:00:00.000Z,Stony Brook,CAA,fcs,24.0,UAlbany,CAA,fcs,6.0,ESPN Bet,-2.5,Stony Brook -2.5,,48.5,,,,
755,401628678,2024,regular,11,2024-11-09T18:00:00.000Z,Maine,CAA,fcs,38.0,Bryant,CAA,fcs,26.0,ESPN Bet,-13.5,Maine -13.5,,57.5,,,,
756,401628680,2024,regular,11,2024-11-09T18:00:00.000Z,Delaware,CAA,fcs,24.0,Rhode Island,CAA,fcs,21.0,ESPN Bet,-6.0,Delaware -6,,54.5,,,,
757,401628681,2024,regular,11,2024-11-09T18:00:00.000Z,William & Mary,CAA,fcs,36.0,Elon,CAA,fcs,40.0,ESPN Bet,-7.5,William & Mary -7.5,,49.5,,,,
758,401628682,2024,regular,11,2024-11-09T18:00:00.000Z,Towson,CAA,fcs,27.0,Hampton,CAA,fcs,10.0,ESPN Bet,-5.5,Towson -5.5,,55.5,,,,
759,401628683,2024,regular,11,2024-11-09T18:00:00.000Z,New Hampshire,CAA,fcs,33.0,Monmouth,CAA,fcs,20.0,ESPN Bet,1.5,Monmouth -1.5,,56.5,,,,
760,401628684,2024,regular,11,2024-11-09T18:00:00.000Z,Villanova,CAA,fcs,31.0,North Carolina A&T,CAA,fcs,3.0,ESPN Bet,-25.5,Villanova -25.5,,49.5,,,,
761,401632077,2024,regular,11,2024-11-09T19:00:00.000Z,West Georgia,UAC,fcs,21.0,Tarleton State,UAC,fcs,38.0,ESPN Bet,8.5,Tarleton State -8.5,,53.5,,,,
762,401632140,2024,regular,11,2024-11-09T19:00:00.000Z,Eastern Kentucky,UAC,fcs,31.0,Central Arkansas,UAC,fcs,24.0,ESPN Bet,4.0,Central Arkansas -4,,55.5,,,,
763,401632467,2024,regular,11,2024-11-09T19:00:00.000Z,The Citadel,Southern,fcs,7.0,Chattanooga,Southern,fcs,31.0,ESPN Bet,14.0,Chattanooga -14,,44.5,,,,
764,401634003,2024,regular,11,2024-11-09T19:00:00.000Z,Charleston Southern,Big South-OVC,fcs,14.0,UT Martin,Big South-OVC,fcs,40.0,ESPN Bet,17.5,UT Martin -17.5,,45.5,,,,
765,401634004,2024,regular,11,2024-11-09T18:30:00.000Z,Gardner-Webb,Big South-OVC,fcs,31.0,Eastern Illinois,Big South-OVC,fcs,28.0,ESPN Bet,-5.5,Gardner-Webb -5.5,,54.5,,,,
766,401634005,2024,regular,11,2024-11-09T19:00:00.000Z,Lindenwood,Big South-OVC,fcs,24.0,Southeast Missouri State,Big South-OVC,fcs,12.0,ESPN Bet,17.0,Southeast Missouri State -17,,56.5,,,,
767,401634023,2024,regular,11,2024-11-09T18:00:00.000Z,SE Louisiana,Southland,fcs,41.0,Northwestern State,Southland,fcs,0.0,ESPN Bet,-28.0,SE Louisiana -28,,53.5,,,,
768,401634116,2024,regular,11,2024-11-09T19:00:00.000Z,Northern Colorado,Big Sky,fcs,15.0,Eastern Washington,Big Sky,fcs,43.0,ESPN Bet,13.5,Eastern Washington -13.5,,60.5,,,,
769,401634150,2024,regular,11,2024-11-09T18:30:00.000Z,VMI,Southern,fcs,0.0,Mercer,Southern,fcs,34.0,ESPN Bet,21.0,Mercer -21,,47.5,,,,
770,401634156,2024,regular,11,2024-11-09T19:00:00.000Z,Furman,Southern,fcs,13.0,Wofford,Southern,fcs,19.0,ESPN Bet,-4.5,Furman -4.5,,42.5,,,,
771,401634166,2024,regular,11,2024-11-09T19:00:00.000Z,Northern Iowa,MVFC,fcs,9.0,Illinois State,MVFC,fcs,31.0,ESPN Bet,2.5,Illinois State -2.5,,52.5,,,,
772,401634178,2024,regular,11,2024-11-09T19:00:00.000Z,South Dakota,MVFC,fcs,49.0,Indiana State,MVFC,fcs,0.0,ESPN Bet,-31.0,South Dakota -31,,45.5,,,,
773,401634187,2024,regular,11,2024-11-09T19:00:00.000Z,Murray State,MVFC,fcs,31.0,Missouri State,MVFC,fcs,59.0,ESPN Bet,24.0,Missouri State -24,,58.5,,,,
774,401634204,2024,regular,11,2024-11-09T19:00:00.000Z,North Dakota,MVFC,fcs,7.0,South Dakota State,MVFC,fcs,38.0,ESPN Bet,17.0,South Dakota State -17,,55.5,,,,
775,401634244,2024,regular,11,2024-11-09T18:00:00.000Z,Southern Illinois,MVFC,fcs,37.0,Youngstown State,MVFC,fcs,33.0,ESPN Bet,-0.5,Southern Illinois -0.5,,54.5,,,,
776,401638688,2024,regular,11,2024-11-09T19:00:00.000Z,Valparaiso,Pioneer,fcs,17.0,Butler,Pioneer,fcs,24.0,ESPN Bet,14.5,Butler -14.5,,45.5,,,,
777,401638689,2024,regular,11,2024-11-09T19:00:00.000Z,St. Thomas (MN),Pioneer,fcs,19.0,Drake,Pioneer,fcs,22.0,ESPN Bet,4.5,Drake -4.5,,42.5,,,,
778,401638690,2024,regular,11,2024-11-09T18:00:00.000Z,Stetson,Pioneer,fcs,31.0,Marist,Pioneer,fcs,40.0,ESPN Bet,-0.5,Stetson -0.5,,53.5,,,,
779,401638691,2024,regular,11,2024-11-09T18:00:00.000Z,Davidson,Pioneer,fcs,31.0,Morehead State,Pioneer,fcs,14.0,ESPN Bet,-7.0,Davidson -7,,55.5,,,,
780,401654460,2024,regular,11,2024-11-09T17:00:00.000Z,Yale,Ivy,fcs,56.0,Brown,Ivy,fcs,34.0,ESPN Bet,-10.0,Yale -10,,57.5,,,,
781,401654494,2024,regular,11,2024-11-09T17:00:00.000Z,Harvard,Ivy,fcs,26.0,Columbia,Ivy,fcs,6.0,ESPN Bet,-7.0,Harvard -7,,46.5,,,,
782,401654502,2024,regular,11,2024-11-09T17:00:00.000Z,Delaware State,MEAC,fcs,28.0,Morgan State,MEAC,fcs,36.0,ESPN Bet,14.5,Morgan State -14.5,,44.5,,,,
783,401654508,2024,regular,11,2024-11-09T18:00:00.000Z,Cornell,Ivy,fcs,49.0,Pennsylvania,Ivy,fcs,67.0,ESPN Bet,2.5,Pennsylvania -2.5,,51.5,,,,
784,401654579,2024,regular,11,2024-11-09T18:00:00.000Z,Stonehill,NEC,fcs,17.0,Central Connecticut,NEC,fcs,21.0,ESPN Bet,15.0,Central Connecticut -15,,52.5,,,,
785,401654598,2024,regular,11,2024-11-09T17:00:00.000Z,Sacred Heart,FCS Independents,fcs,7.0,Long Island University,NEC,fcs,28.0,ESPN Bet,3.0,Long Island University -3,,42.5,,,,
786,401654630,2024,regular,11,2024-11-09T18:00:00.000Z,Colgate,Patriot,fcs,20.0,Lafayette,Patriot,fcs,21.0,ESPN Bet,3.5,Lafayette -3.5,,50.5,,,,
787,401654652,2024,regular,11,2024-11-09T18:00:00.000Z,Bucknell,Patriot,fcs,28.0,Fordham,Patriot,fcs,27.0,ESPN Bet,-3.0,Bucknell -3,,55.5,,,,
788,401636352,2024,regular,13,2024-11-23T20:00:00.000Z,Alabama State,SWAC,fcs,9.0,Prairie View A&M,SWAC,fcs,6.0,ESPN Bet,-9.0,Alabama State -9,,47.5,,,,
789,401645369,2024,regular,12,2024-11-16T19:00:00.000Z,Temple,American Athletic,fbs,18.0,Florida Atlantic,American Athletic,fbs,15.0,DraftKings,-2.0,Temple -2,0.0,50.0,,-130.0,110.0,
790,401645369,2024,regular,12,2024-11-16T19:00:00.000Z,Temple,American Athletic,fbs,18.0,Florida Atlantic,American Athletic,fbs,15.0,Bovada,-2.0,Temple -2.0,-2.5,50.5,50.0,-130.0,110.0,
791,401645369,2024,regular,12,2024-11-16T19:00:00.000Z,Temple,American Athletic,fbs,18.0,Florida Atlantic,American Athletic,fbs,15.0,ESPN Bet,-2.5,Temple -2.5,-1.5,50.5,49.5,-130.0,110.0,
792,401643832,2024,regular,12,2024-11-16T18:00:00.000Z,Marshall,Sun Belt,fbs,31.0,Coastal Carolina,Sun Belt,fbs,19.0,DraftKings,-7.5,Marshall -7.5,-8.5,57.0,,-298.0,240.0,
793,401643832,2024,regular,12,2024-11-16T18:00:00.000Z,Marshall,Sun Belt,fbs,31.0,Coastal Carolina,Sun Belt,fbs,19.0,Bovada,-7.5,Marshall -7.5,-8.0,57.0,56.0,-320.0,260.0,
794,401643832,2024,regular,12,2024-11-16T18:00:00.000Z,Marshall,Sun Belt,fbs,31.0,Coastal Carolina,Sun Belt,fbs,19.0,ESPN Bet,-7.5,Marshall -7.5,-9.0,56.5,55.5,-300.0,250.0,
795,401643830,2024,regular,12,2024-11-16T21:00:00.000Z,Georgia Southern,Sun Belt,fbs,20.0,Troy,Sun Belt,fbs,28.0,DraftKings,-7.0,Georgia Southern -7,-8.5,54.0,,-278.0,230.0,
796,401643830,2024,regular,12,2024-11-16T21:00:00.000Z,Georgia Southern,Sun Belt,fbs,20.0,Troy,Sun Belt,fbs,28.0,Bovada,-7.0,Georgia Southern -7.0,-7.5,53.5,54.0,-310.0,255.0,
797,401643830,2024,regular,12,2024-11-16T21:00:00.000Z,Georgia Southern,Sun Belt,fbs,20.0,Troy,Sun Belt,fbs,28.0,ESPN Bet,-7.5,Georgia Southern -7.5,-8.0,53.5,54.5,-280.0,230.0,
798,401643833,2024,regular,12,2024-11-16T21:00:00.000Z,Old Dominion,Sun Belt,fbs,32.0,James Madison,Sun Belt,fbs,35.0,DraftKings,1.5,James Madison -1.5,4.5,51.0,,100.0,-120.0,
799,401643833,2024,regular,12,2024-11-16T21:00:00.000Z,Old Dominion,Sun Belt,fbs,32.0,James Madison,Sun Belt,fbs,35.0,Bovada,2.5,James Madison -2.5,4.0,50.5,52.0,160.0,-185.0,
800,401643833,2024,regular,12,2024-11-16T21:00:00.000Z,Old Dominion,Sun Belt,fbs,32.0,James Madison,Sun Belt,fbs,35.0,ESPN Bet,1.5,James Madison -1.5,3.5,50.5,52.5,115.0,-135.0,
801,401632131,2024,regular,13,2024-11-23T20:00:00.000Z,Tarleton State,UAC,fcs,39.0,Central Arkansas,UAC,fcs,14.0,ESPN Bet,-3.0,Tarleton State -3,,57.5,,,,
802,401634252,2024,regular,14,2024-11-29T21:00:00.000Z,Florida A&M,SWAC,fcs,28.0,Alabama A&M,SWAC,fcs,20.0,ESPN Bet,-5.0,Florida A&M -5,,57.5,,,,
803,401629046,2024,regular,12,2024-11-16T17:00:00.000Z,Massachusetts,FBS Independents,fbs,34.0,Liberty,Conference USA,fbs,35.0,DraftKings,17.0,Liberty -17,12.5,53.0,,575.0,-850.0,
804,401629046,2024,regular,12,2024-11-16T17:00:00.000Z,Massachusetts,FBS Independents,fbs,34.0,Liberty,Conference USA,fbs,35.0,Bovada,14.5,Liberty -14.5,14.0,52.0,53.0,430.0,-625.0,
805,401629046,2024,regular,12,2024-11-16T17:00:00.000Z,Massachusetts,FBS Independents,fbs,34.0,Liberty,Conference USA,fbs,35.0,ESPN Bet,16.5,Liberty -16.5,14.0,52.5,53.5,600.0,-1000.0,
806,401641013,2024,regular,12,2024-11-16T17:00:00.000Z,Western Kentucky,Conference USA,fbs,7.0,Louisiana Tech,Conference USA,fbs,12.0,DraftKings,-11.5,Western Kentucky -11.5,-14.5,52.5,,-440.0,340.0,
807,401641013,2024,regular,12,2024-11-16T17:00:00.000Z,Western Kentucky,Conference USA,fbs,7.0,Louisiana Tech,Conference USA,fbs,12.0,Bovada,-12.5,Western Kentucky -12.5,-13.0,52.5,53.0,-550.0,390.0,
808,401641013,2024,regular,12,2024-11-16T17:00:00.000Z,Western Kentucky,Conference USA,fbs,7.0,Louisiana Tech,Conference USA,fbs,12.0,ESPN Bet,-11.5,Western Kentucky -11.5,-13.0,52.5,52.5,-600.0,400.0,
809,401638350,2024,regular,13,2024-11-23T20:00:00.000Z,Samford,Southern,fcs,42.0,Western Carolina,Southern,fcs,47.0,ESPN Bet,2.5,Western Carolina -2.5,,58.5,,,,
810,401729737,2024,regular,14,2024-11-30T17:00:00.000Z,Rhode Island,CAA,fcs,21.0,Central Connecticut,NEC,fcs,17.0,ESPN Bet,-15.0,Rhode Island -15,,45.5,,,,
811,401643831,2024,regular,12,2024-11-16T22:00:00.000Z,Georgia State,Sun Belt,fbs,20.0,Arkansas State,Sun Belt,fbs,27.0,DraftKings,-2.5,Georgia State -2.5,0.0,60.0,,-135.0,114.0,
812,401643831,2024,regular,12,2024-11-16T22:00:00.000Z,Georgia State,Sun Belt,fbs,20.0,Arkansas State,Sun Belt,fbs,27.0,Bovada,-3.0,Georgia State -3.0,-2.0,59.5,58.5,-125.0,105.0,
813,401643831,2024,regular,12,2024-11-16T22:00:00.000Z,Georgia State,Sun Belt,fbs,20.0,Arkansas State,Sun Belt,fbs,27.0,ESPN Bet,-2.5,Georgia State -2.5,-1.5,58.5,58.5,-140.0,120.0,
814,401678896,2024,regular,13,2024-11-23T20:00:00.000Z,Stephen F. Austin,Southland,fcs,32.0,Abilene Christian,UAC,fcs,19.0,ESPN Bet,-1.0,Stephen F. Austin -1,,58.5,,,,
815,401729731,2024,regular,14,2024-11-30T17:00:00.000Z,Southeast Missouri State,Big South-OVC,fcs,27.0,Illinois State,MVFC,fcs,35.0,ESPN Bet,3.0,Illinois State -3,,53.5,,,,
816,401645368,2024,regular,12,2024-11-16T20:30:00.000Z,Charlotte,American Athletic,fbs,24.0,South Florida,American Athletic,fbs,59.0,DraftKings,-1.5,Charlotte -1.5,2.5,53.5,,-120.0,100.0,
817,401645368,2024,regular,12,2024-11-16T20:30:00.000Z,Charlotte,American Athletic,fbs,24.0,South Florida,American Athletic,fbs,59.0,Bovada,-1.5,Charlotte -1.5,3.0,53.5,53.0,125.0,-145.0,
818,401645368,2024,regular,12,2024-11-16T20:30:00.000Z,Charlotte,American Athletic,fbs,24.0,South Florida,American Athletic,fbs,59.0,ESPN Bet,-1.5,Charlotte -1.5,3.0,53.5,52.5,-120.0,-105.0,
819,401641022,2024,regular,12,2024-11-16T20:00:00.000Z,Kennesaw State,Conference USA,fbs,17.0,Sam Houston,Conference USA,fbs,23.0,DraftKings,21.0,Sam Houston -21,13.5,42.5,,850.0,-1450.0,
820,401641022,2024,regular,12,2024-11-16T20:00:00.000Z,Kennesaw State,Conference USA,fbs,17.0,Sam Houston,Conference USA,fbs,23.0,Bovada,21.0,Sam Houston -21.0,14.0,43.5,42.5,430.0,-625.0,
821,401641022,2024,regular,12,2024-11-16T20:00:00.000Z,Kennesaw State,Conference USA,fbs,17.0,Sam Houston,Conference USA,fbs,23.0,ESPN Bet,20.5,Sam Houston -20.5,13.0,43.5,42.5,700.0,-1200.0,
822,401643834,2024,regular,12,2024-11-17T00:00:00.000Z,Louisiana,Sun Belt,fbs,22.0,South Alabama,Sun Belt,fbs,24.0,DraftKings,-6.5,Louisiana -6.5,-8.5,60.0,,-230.0,190.0,
823,401643834,2024,regular,12,2024-11-17T00:00:00.000Z,Louisiana,Sun Belt,fbs,22.0,South Alabama,Sun Belt,fbs,24.0,Bovada,-6.5,Louisiana -6.5,-9.0,60.0,58.5,-350.0,275.0,
824,401643834,2024,regular,12,2024-11-17T00:00:00.000Z,Louisiana,Sun Belt,fbs,22.0,South Alabama,Sun Belt,fbs,24.0,ESPN Bet,-6.5,Louisiana -6.5,-9.0,60.5,58.5,-230.0,195.0,
825,401643761,2024,regular,12,2024-11-17T02:30:00.000Z,New Mexico,Mountain West,fbs,38.0,Washington State,Pac-12,fbs,35.0,DraftKings,10.5,Washington State -10.5,14.0,72.5,,310.0,-395.0,
826,401643761,2024,regular,12,2024-11-17T02:30:00.000Z,New Mexico,Mountain West,fbs,38.0,Washington State,Pac-12,fbs,35.0,Bovada,10.5,Washington State -10.5,13.0,72.0,72.0,375.0,-525.0,
827,401643761,2024,regular,12,2024-11-17T02:30:00.000Z,New Mexico,Mountain West,fbs,38.0,Washington State,Pac-12,fbs,35.0,ESPN Bet,11.5,Washington State -11.5,13.5,71.5,72.5,320.0,-425.0,
828,401634040,2024,regular,13,2024-11-23T20:00:00.000Z,Houston Christian,Southland,fcs,62.0,Northwestern State,Southland,fcs,24.0,ESPN Bet,-17.5,Houston Christian -17.5,,55.5,,,,
829,401729729,2024,regular,14,2024-11-30T18:00:00.000Z,New Hampshire,CAA,fcs,10.0,UT Martin,Big South-OVC,fcs,41.0,ESPN Bet,-0.5,New Hampshire -0.5,,46.5,,,,
830,401628426,2024,regular,12,2024-11-16T17:45:00.000Z,Auburn,SEC,fbs,48.0,UL Monroe,Sun Belt,fbs,14.0,DraftKings,-24.5,Auburn -24.5,-25.5,46.0,,-3200.0,1400.0,
831,401628426,2024,regular,12,2024-11-16T17:45:00.000Z,Auburn,SEC,fbs,48.0,UL Monroe,Sun Belt,fbs,14.0,Bovada,-24.5,Auburn -24.5,-23.0,46.0,45.5,-2500.0,1000.0,
832,401628426,2024,regular,12,2024-11-16T17:45:00.000Z,Auburn,SEC,fbs,48.0,UL Monroe,Sun Belt,fbs,14.0,ESPN Bet,-25.5,Auburn -25.5,-24.0,45.5,45.5,-4000.0,1300.0,
833,401643757,2024,regular,12,2024-11-16T20:30:00.000Z,Air Force,Mountain West,fbs,28.0,Oregon State,Pac-12,fbs,0.0,DraftKings,3.0,Oregon State -3,7.0,44.5,,120.0,-142.0,
834,401643757,2024,regular,12,2024-11-16T20:30:00.000Z,Air Force,Mountain West,fbs,28.0,Oregon State,Pac-12,fbs,0.0,Bovada,2.5,Oregon State -2.5,4.5,44.5,45.0,170.0,-200.0,
835,401643757,2024,regular,12,2024-11-16T20:30:00.000Z,Air Force,Mountain West,fbs,28.0,Oregon State,Pac-12,fbs,0.0,ESPN Bet,2.5,Oregon State -2.5,4.5,44.5,44.5,120.0,-140.0,
836,401643835,2024,regular,12,2024-11-17T00:00:00.000Z,Texas State,Sun Belt,fbs,58.0,Southern Miss,Sun Belt,fbs,3.0,DraftKings,-27.5,Texas State -27.5,-25.5,56.5,,-4000.0,1600.0,
837,401643835,2024,regular,12,2024-11-17T00:00:00.000Z,Texas State,Sun Belt,fbs,58.0,Southern Miss,Sun Belt,fbs,3.0,Bovada,-27.5,Texas State -27.5,-26.5,56.5,56.0,-5000.0,1300.0,
838,401643835,2024,regular,12,2024-11-17T00:00:00.000Z,Texas State,Sun Belt,fbs,58.0,Southern Miss,Sun Belt,fbs,3.0,ESPN Bet,-27.5,Texas State -27.5,-27.0,55.5,55.5,-5000.0,1500.0,
839,401645367,2024,regular,12,2024-11-17T01:00:00.000Z,Memphis,American Athletic,fbs,53.0,UAB,American Athletic,fbs,18.0,DraftKings,-16.0,Memphis -16,-15.5,62.0,,-750.0,525.0,
840,401645367,2024,regular,12,2024-11-17T01:00:00.000Z,Memphis,American Athletic,fbs,53.0,UAB,American Athletic,fbs,18.0,Bovada,-16.5,Memphis -16.5,-14.0,63.0,62.5,-650.0,450.0,
841,401645367,2024,regular,12,2024-11-17T01:00:00.000Z,Memphis,American Athletic,fbs,53.0,UAB,American Athletic,fbs,18.0,ESPN Bet,-17.5,Memphis -17.5,-15.0,60.5,62.5,-800.0,500.0,
842,401636362,2024,regular,13,2024-11-23T20:00:00.000Z,Arkansas-Pine Bluff,SWAC,fcs,23.0,Texas Southern,SWAC,fcs,31.0,ESPN Bet,3.5,Texas Southern -3.5,,58.5,,,,
843,401729730,2024,regular,14,2024-11-30T19:00:00.000Z,Richmond,CAA,fcs,16.0,Lehigh,Patriot,fcs,20.0,ESPN Bet,-10.5,Richmond -10.5,,49.5,,,,
844,401640986,2024,regular,12,2024-11-16T19:00:00.000Z,Jacksonville State,Conference USA,fbs,34.0,Florida International,Conference USA,fbs,31.0,DraftKings,-12.5,Jacksonville State -12.5,-13.5,58.5,,-455.0,350.0,
845,401640986,2024,regular,12,2024-11-16T19:00:00.000Z,Jacksonville State,Conference USA,fbs,34.0,Florida International,Conference USA,fbs,31.0,Bovada,-12.5,Jacksonville State -12.5,-14.0,58.5,58.0,-625.0,430.0,
846,401640986,2024,regular,12,2024-11-16T19:00:00.000Z,Jacksonville State,Conference USA,fbs,34.0,Florida International,Conference USA,fbs,31.0,ESPN Bet,-12.5,Jacksonville State -12.5,-14.0,58.5,57.5,-550.0,380.0,
847,401643760,2024,regular,12,2024-11-16T20:00:00.000Z,Utah State,Mountain West,fbs,55.0,Hawai'i,Mountain West,fbs,10.0,DraftKings,2.5,Hawai'i -2.5,3.0,62.0,,110.0,-130.0,
848,401643760,2024,regular,12,2024-11-16T20:00:00.000Z,Utah State,Mountain West,fbs,55.0,Hawai'i,Mountain West,fbs,10.0,Bovada,2.5,Hawai'i -2.5,2.0,62.0,60.0,110.0,-130.0,
849,401643760,2024,regular,12,2024-11-16T20:00:00.000Z,Utah State,Mountain West,fbs,55.0,Hawai'i,Mountain West,fbs,10.0,ESPN Bet,2.5,Hawai'i -2.5,2.5,61.5,59.5,110.0,-130.0,
850,401729736,2024,regular,14,2024-11-30T19:00:00.000Z,Villanova,CAA,fcs,22.0,Eastern Kentucky,UAC,fcs,17.0,ESPN Bet,-9.0,Villanova -9,,47.5,,,,
851,401643758,2024,regular,12,2024-11-17T00:00:00.000Z,San José State,Mountain West,fbs,21.0,Boise State,Mountain West,fbs,42.0,DraftKings,14.5,Boise State -14.5,14.0,62.0,,455.0,-625.0,
852,401643758,2024,regular,12,2024-11-17T00:00:00.000Z,San José State,Mountain West,fbs,21.0,Boise State,Mountain West,fbs,42.0,Bovada,14.0,Boise State -14.0,13.5,62.5,61.0,400.0,-575.0,
853,401643758,2024,regular,12,2024-11-17T00:00:00.000Z,San José State,Mountain West,fbs,21.0,Boise State,Mountain West,fbs,42.0,ESPN Bet,14.5,Boise State -14.5,13.5,61.5,61.5,450.0,-700.0,
854,401634013,2024,regular,13,2024-11-23T20:00:00.000Z,UT Martin,Big South-OVC,fcs,33.0,Lindenwood,Big South-OVC,fcs,26.0,ESPN Bet,-19.5,UT Martin -19.5,,56.5,,,,
855,401636392,2024,regular,13,2024-11-23T20:00:00.000Z,Alcorn State,SWAC,fcs,10.0,Jackson State,SWAC,fcs,48.0,ESPN Bet,9.5,Jackson State -9.5,,49.5,,,,
856,401643762,2024,regular,12,2024-11-17T03:30:00.000Z,UNLV,Mountain West,fbs,41.0,San Diego State,Mountain West,fbs,20.0,DraftKings,-22.0,UNLV -22,-18.5,55.5,,-2100.0,1100.0,
857,401643762,2024,regular,12,2024-11-17T03:30:00.000Z,UNLV,Mountain West,fbs,41.0,San Diego State,Mountain West,fbs,20.0,Bovada,-21.5,UNLV -21.5,-20.5,55.0,54.5,-1500.0,775.0,
858,401643762,2024,regular,12,2024-11-17T03:30:00.000Z,UNLV,Mountain West,fbs,41.0,San Diego State,Mountain West,fbs,20.0,ESPN Bet,-19.5,UNLV -19.5,-20.5,54.5,54.5,-1800.0,900.0,
859,401632143,2024,regular,13,2024-11-23T20:00:00.000Z,Southern Utah,UAC,fcs,37.0,Utah Tech,UAC,fcs,34.0,ESPN Bet,-19.0,Southern Utah -19,,53.5,,,,
860,401636386,2024,regular,14,2024-11-30T19:00:00.000Z,Southern,SWAC,fcs,24.0,Grambling,SWAC,fcs,14.0,ESPN Bet,-3.0,Southern -3,,45.5,,,,
861,401628388,2024,regular,7,2024-10-12T23:30:00.000Z,LSU,SEC,fbs,29.0,Ole Miss,SEC,fbs,26.0,ESPN Bet,3.5,Ole Miss -3.5,2.5,64.5,64.5,155.0,-185.0,
862,401628388,2024,regular,7,2024-10-12T23:30:00.000Z,LSU,SEC,fbs,29.0,Ole Miss,SEC,fbs,26.0,DraftKings,4.0,Ole Miss -4,-2.5,64.5,,154.0,-185.0,
863,401628388,2024,regular,7,2024-10-12T23:30:00.000Z,LSU,SEC,fbs,29.0,Ole Miss,SEC,fbs,26.0,Bovada,4.0,Ole Miss -4.0,3.0,64.5,64.0,120.0,-140.0,
864,401628390,2024,regular,7,2024-10-12T19:30:00.000Z,Oklahoma,SEC,fbs,3.0,Texas,SEC,fbs,34.0,ESPN Bet,16.5,Texas -16.5,14.0,48.5,51.5,600.0,-900.0,
865,401628390,2024,regular,7,2024-10-12T19:30:00.000Z,Oklahoma,SEC,fbs,3.0,Texas,SEC,fbs,34.0,Bovada,17.0,Texas -17.0,7.5,49.0,60.5,410.0,-585.0,
866,401628390,2024,regular,7,2024-10-12T19:30:00.000Z,Oklahoma,SEC,fbs,3.0,Texas,SEC,fbs,34.0,DraftKings,17.0,Texas -17,8.5,49.0,,575.0,-850.0,
867,401628515,2024,regular,7,2024-10-12T23:30:00.000Z,Oregon,Big Ten,fbs,32.0,Ohio State,Big Ten,fbs,31.0,ESPN Bet,3.5,Ohio State -3.5,4.0,54.5,52.5,140.0,-165.0,
868,401628515,2024,regular,7,2024-10-12T23:30:00.000Z,Oregon,Big Ten,fbs,32.0,Ohio State,Big Ten,fbs,31.0,DraftKings,3.5,Ohio State -3.5,0.0,55.0,,142.0,-170.0,
869,401628515,2024,regular,7,2024-10-12T23:30:00.000Z,Oregon,Big Ten,fbs,32.0,Ohio State,Big Ten,fbs,31.0,Bovada,3.5,Ohio State -3.5,4.0,54.5,52.5,160.0,-185.0,
870,401628516,2024,regular,7,2024-10-12T19:30:00.000Z,USC,Big Ten,fbs,30.0,Penn State,Big Ten,fbs,33.0,ESPN Bet,3.5,Penn State -3.5,5.5,51.5,47.5,155.0,-185.0,
871,401628516,2024,regular,7,2024-10-12T19:30:00.000Z,USC,Big Ten,fbs,30.0,Penn State,Big Ten,fbs,33.0,DraftKings,3.5,Penn State -3.5,4.0,52.0,,154.0,-185.0,
872,401628516,2024,regular,7,2024-10-12T19:30:00.000Z,USC,Big Ten,fbs,30.0,Penn State,Big Ten,fbs,33.0,Bovada,4.0,Penn State -4.0,5.0,52.0,47.5,175.0,-210.0,
873,401636371,2024,regular,13,2024-11-23T20:30:00.000Z,Bethune-Cookman,SWAC,fcs,38.0,Florida A&M,SWAC,fcs,41.0,ESPN Bet,10.5,Florida A&M -10.5,,44.5,,,,
874,401729738,2024,regular,14,2024-11-30T20:00:00.000Z,Abilene Christian,UAC,fcs,24.0,Northern Arizona,Big Sky,fcs,0.0,ESPN Bet,2.5,Northern Arizona -2.5,,55.5,,,,
875,401628391,2024,regular,7,2024-10-12T23:00:00.000Z,Tennessee,SEC,fbs,23.0,Florida,SEC,fbs,17.0,ESPN Bet,-13.5,Tennessee -13.5,-15.5,54.5,54.5,-650.0,475.0,
876,401628391,2024,regular,7,2024-10-12T23:00:00.000Z,Tennessee,SEC,fbs,23.0,Florida,SEC,fbs,17.0,DraftKings,-14.0,Tennessee -14,-10.0,55.5,,-600.0,440.0,
877,401628391,2024,regular,7,2024-10-12T23:00:00.000Z,Tennessee,SEC,fbs,23.0,Florida,SEC,fbs,17.0,Bovada,-14.0,Tennessee -14.0,-15.0,55.5,54.0,-750.0,500.0,
878,401636894,2024,regular,7,2024-10-13T02:15:00.000Z,Colorado,Big 12,fbs,28.0,Kansas State,Big 12,fbs,31.0,ESPN Bet,3.5,Kansas State -3.5,6.0,54.5,56.5,135.0,-155.0,
879,401636894,2024,regular,7,2024-10-13T02:15:00.000Z,Colorado,Big 12,fbs,28.0,Kansas State,Big 12,fbs,31.0,DraftKings,3.5,Kansas State -3.5,6.0,55.5,,130.0,-155.0,
880,401636894,2024,regular,7,2024-10-13T02:15:00.000Z,Colorado,Big 12,fbs,28.0,Kansas State,Big 12,fbs,31.0,Bovada,3.5,Kansas State -3.5,6.5,55.0,56.5,180.0,-220.0,
881,401680057,2024,postseason,1,2025-01-07T00:00:00.000Z,Montana State,Big Sky,fcs,32.0,North Dakota State,MVFC,fcs,35.0,Bovada,-4.0,Montana State -4.0,-3.5,58.5,58.5,-170.0,145.0,
882,401680057,2024,postseason,1,2025-01-07T00:00:00.000Z,Montana State,Big Sky,fcs,32.0,North Dakota State,MVFC,fcs,35.0,ESPN Bet,-6.5,Montana State -6.5,,58.5,,,,
883,401677191,2024,postseason,1,2025-01-11T00:30:00.000Z,Texas,SEC,fbs,14.0,Ohio State,Big Ten,fbs,28.0,DraftKings,6.5,Ohio State -6.5,,51.5,,210.0,-258.0,
884,401677191,2024,postseason,1,2025-01-11T00:30:00.000Z,Texas,SEC,fbs,14.0,Ohio State,Big Ten,fbs,28.0,ESPN Bet,5.5,Ohio State -5.5,6.0,51.5,53.5,220.0,-270.0,
885,401677191,2024,postseason,1,2025-01-11T00:30:00.000Z,Texas,SEC,fbs,14.0,Ohio State,Big Ten,fbs,28.0,Bovada,5.5,Ohio State -5.5,6.0,51.5,53.5,185.0,-225.0,
886,401634131,2024,regular,13,2024-11-23T21:00:00.000Z,Portland State,Big Sky,fcs,45.0,Northern Colorado,Big Sky,fcs,13.0,ESPN Bet,-16.5,Portland State -16.5,,55.5,,,,
887,401677192,2024,postseason,1,2025-01-21T00:30:00.000Z,Notre Dame,FBS Independents,fbs,23.0,Ohio State,Big Ten,fbs,34.0,DraftKings,8.5,Ohio State -8.5,,45.5,45.5,295.0,-375.0,
888,401677192,2024,postseason,1,2025-01-21T00:30:00.000Z,Notre Dame,FBS Independents,fbs,23.0,Ohio State,Big Ten,fbs,34.0,Bovada,8.5,Ohio State -8.5,9.0,45.5,45.5,,,
889,401677192,2024,postseason,1,2025-01-21T00:30:00.000Z,Notre Dame,FBS Independents,fbs,23.0,Ohio State,Big Ten,fbs,34.0,ESPN Bet,8.5,Ohio State -8.5,9.0,44.5,45.5,300.0,-400.0,
890,401729732,2024,regular,14,2024-11-30T20:00:00.000Z,Tarleton State,UAC,fcs,43.0,Drake,Pioneer,fcs,29.0,ESPN Bet,-18.5,Tarleton State -18.5,,49.5,,,,
891,401729780,2024,regular,16,2024-12-14T02:00:00.000Z,Montana State,Big Sky,fcs,52.0,Idaho,Big Sky,fcs,19.0,ESPN Bet,-14.5,Montana State -14.5,,56.5,,,,
892,401729780,2024,regular,16,2024-12-14T02:00:00.000Z,Montana State,Big Sky,fcs,52.0,Idaho,Big Sky,fcs,19.0,Bovada,-14.5,Montana State -14.5,-13.5,55.5,55.5,,,
893,401628395,2024,regular,8,2024-10-19T16:00:00.000Z,Missouri,SEC,fbs,21.0,Auburn,SEC,fbs,17.0,DraftKings,-3.5,Missouri -3.5,-9.5,49.5,,-162.0,136.0,
894,401628395,2024,regular,8,2024-10-19T16:00:00.000Z,Missouri,SEC,fbs,21.0,Auburn,SEC,fbs,17.0,Bovada,-3.5,Missouri -3.5,-9.5,49.5,51.5,-240.0,200.0,
895,401628395,2024,regular,8,2024-10-19T16:00:00.000Z,Missouri,SEC,fbs,21.0,Auburn,SEC,fbs,17.0,ESPN Bet,-4.5,Missouri -4.5,-6.5,49.5,51.5,-155.0,135.0,
896,401677184,2024,postseason,1,2025-01-02T21:00:00.000Z,Georgia,SEC,fbs,10.0,Notre Dame,FBS Independents,fbs,23.0,ESPN Bet,1.5,Notre Dame -1.5,-1.5,46.5,44.5,-105.0,-115.0,
897,401677184,2024,postseason,1,2025-01-02T21:00:00.000Z,Georgia,SEC,fbs,10.0,Notre Dame,FBS Independents,fbs,23.0,DraftKings,1.0,Notre Dame -1,,45.5,,-110.0,-110.0,
898,401677184,2024,postseason,1,2025-01-02T21:00:00.000Z,Georgia,SEC,fbs,10.0,Notre Dame,FBS Independents,fbs,23.0,Bovada,1.0,Notre Dame -1.0,-1.5,46.0,44.0,-120.0,100.0,
899,401628452,2024,regular,1,2024-08-31T23:30:00.000Z,Michigan,Big Ten,fbs,30.0,Fresno State,Mountain West,fbs,10.0,DraftKings,-21.0,Michigan -21,-21.0,48.0,48.0,-1800.0,1000.0,
900,401628452,2024,regular,1,2024-08-31T23:30:00.000Z,Michigan,Big Ten,fbs,30.0,Fresno State,Mountain West,fbs,10.0,Bovada,-21.0,Michigan -21.0,-21.0,45.0,47.5,-1800.0,850.0,
901,401644683,2024,regular,1,2024-08-31T19:30:00.000Z,Northwestern,Big Ten,fbs,13.0,Miami (OH),Mid-American,fbs,6.0,DraftKings,-4.0,Northwestern -4,-4.0,43.0,43.0,-148.0,124.0,
902,401644683,2024,regular,1,2024-08-31T19:30:00.000Z,Northwestern,Big Ten,fbs,13.0,Miami (OH),Mid-American,fbs,6.0,Bovada,-3.0,Northwestern -3.0,-3.5,39.5,42.5,-185.0,160.0,
903,401644683,2024,regular,1,2024-08-31T19:30:00.000Z,Northwestern,Big Ten,fbs,13.0,Miami (OH),Mid-American,fbs,6.0,ESPN Bet,-3.5,Northwestern -3.5,,40.5,,,,
904,401634206,2024,regular,1,2024-08-30T00:00:00.000Z,Colorado,Big 12,fbs,31.0,North Dakota State,MVFC,fcs,26.0,DraftKings,-9.0,Colorado -9,-8.0,59.0,59.5,-470.0,360.0,
905,401634206,2024,regular,1,2024-08-30T00:00:00.000Z,Colorado,Big 12,fbs,31.0,North Dakota State,MVFC,fcs,26.0,Bovada,-9.5,Colorado -9.5,-9.0,60.5,60.5,-360.0,280.0,
906,401634206,2024,regular,1,2024-08-30T00:00:00.000Z,Colorado,Big 12,fbs,31.0,North Dakota State,MVFC,fcs,26.0,ESPN Bet,-11.5,Colorado -11.5,,54.5,,,,
907,401628449,2024,regular,1,2024-08-31T19:30:00.000Z,Indiana,Big Ten,fbs,31.0,Florida International,Conference USA,fbs,7.0,DraftKings,-20.5,Indiana -20.5,-19.5,50.5,51.0,-3200.0,1400.0,
908,401628449,2024,regular,1,2024-08-31T19:30:00.000Z,Indiana,Big Ten,fbs,31.0,Florida International,Conference USA,fbs,7.0,Bovada,-25.5,Indiana -25.5,-21.0,51.0,51.0,-1800.0,850.0,
909,401628449,2024,regular,1,2024-08-31T19:30:00.000Z,Indiana,Big Ten,fbs,31.0,Florida International,Conference USA,fbs,7.0,ESPN Bet,-25.5,Indiana -25.5,,51.5,,,,
910,401628381,2024,regular,6,2024-10-05T19:30:00.000Z,Georgia,SEC,fbs,31.0,Auburn,SEC,fbs,13.0,DraftKings,-21.0,Georgia -21,-23.5,50.0,,-1650.0,950.0,
911,401628381,2024,regular,6,2024-10-05T19:30:00.000Z,Georgia,SEC,fbs,31.0,Auburn,SEC,fbs,13.0,Bovada,-21.0,Georgia -21.0,-23.5,50.5,52.0,-2800.0,1100.0,
912,401628381,2024,regular,6,2024-10-05T19:30:00.000Z,Georgia,SEC,fbs,31.0,Auburn,SEC,fbs,13.0,ESPN Bet,-21.5,Georgia -21.5,-23.5,49.5,52.5,-1600.0,900.0,
913,401628529,2024,regular,9,2024-10-26T23:30:00.000Z,Michigan,Big Ten,fbs,24.0,Michigan State,Big Ten,fbs,17.0,DraftKings,-3.5,Michigan -3.5,-22.0,39.0,,-155.0,130.0,
914,401628529,2024,regular,9,2024-10-26T23:30:00.000Z,Michigan,Big Ten,fbs,24.0,Michigan State,Big Ten,fbs,17.0,Bovada,-3.0,Michigan -3.0,-4.0,39.0,40.5,-220.0,180.0,
915,401628529,2024,regular,9,2024-10-26T23:30:00.000Z,Michigan,Big Ten,fbs,24.0,Michigan State,Big Ten,fbs,17.0,ESPN Bet,-3.5,Michigan -3.5,-5.0,39.5,40.5,-150.0,130.0,
916,401628421,2024,regular,12,2024-11-17T00:30:00.000Z,Georgia,SEC,fbs,31.0,Tennessee,SEC,fbs,17.0,DraftKings,-8.5,Georgia -8.5,-16.5,47.0,,-305.0,245.0,
917,401628421,2024,regular,12,2024-11-17T00:30:00.000Z,Georgia,SEC,fbs,31.0,Tennessee,SEC,fbs,17.0,Bovada,-9.5,Georgia -9.5,-9.5,47.0,48.0,-380.0,290.0,
918,401628421,2024,regular,12,2024-11-17T00:30:00.000Z,Georgia,SEC,fbs,31.0,Tennessee,SEC,fbs,17.0,ESPN Bet,-7.5,Georgia -7.5,-9.0,46.5,48.5,-320.0,260.0,
919,401628404,2024,regular,9,2024-10-26T23:30:00.000Z,Texas A&M,SEC,fbs,38.0,LSU,SEC,fbs,23.0,DraftKings,-2.0,Texas A&M -2,-2.0,54.5,,-122.0,102.0,
920,401628404,2024,regular,9,2024-10-26T23:30:00.000Z,Texas A&M,SEC,fbs,38.0,LSU,SEC,fbs,23.0,Bovada,-2.0,Texas A&M -2.0,-3.5,54.5,54.5,-150.0,130.0,
921,401628404,2024,regular,9,2024-10-26T23:30:00.000Z,Texas A&M,SEC,fbs,38.0,LSU,SEC,fbs,23.0,ESPN Bet,-1.5,Texas A&M -1.5,-2.5,54.5,53.5,-120.0,105.0,
922,401628536,2024,regular,10,2024-11-02T19:30:00.000Z,Michigan,Big Ten,fbs,17.0,Oregon,Big Ten,fbs,38.0,DraftKings,14.5,Oregon -14.5,3.0,45.5,,500.0,-810.0,
923,401628536,2024,regular,10,2024-11-02T19:30:00.000Z,Michigan,Big Ten,fbs,17.0,Oregon,Big Ten,fbs,38.0,Bovada,14.5,Oregon -14.5,16.0,45.0,45.0,500.0,-750.0,
924,401628536,2024,regular,10,2024-11-02T19:30:00.000Z,Michigan,Big Ten,fbs,17.0,Oregon,Big Ten,fbs,38.0,ESPN Bet,14.5,Oregon -14.5,14.5,45.5,44.5,475.0,-750.0,
925,401628334,2024,regular,1,2024-09-01T23:30:00.000Z,LSU,SEC,fbs,20.0,USC,Big Ten,fbs,27.0,DraftKings,-4.0,LSU -4,-6.0,66.5,62.5,-185.0,154.0,
926,401628334,2024,regular,1,2024-09-01T23:30:00.000Z,LSU,SEC,fbs,20.0,USC,Big Ten,fbs,27.0,Bovada,-4.0,LSU -4,-4.5,67.0,63.0,175.0,-210.0,
927,401628334,2024,regular,1,2024-09-01T23:30:00.000Z,LSU,SEC,fbs,20.0,USC,Big Ten,fbs,27.0,ESPN Bet,-3.5,LSU -3.5,-4.0,67.5,65.5,-185.0,155.0,
928,401628530,2024,regular,9,2024-10-26T16:00:00.000Z,Ohio State,Big Ten,fbs,21.0,Nebraska,Big Ten,fbs,17.0,DraftKings,-25.0,Ohio State -25,-25.5,48.5,,-3200.0,1400.0,
929,401628530,2024,regular,9,2024-10-26T16:00:00.000Z,Ohio State,Big Ten,fbs,21.0,Nebraska,Big Ten,fbs,17.0,Bovada,-25.0,Ohio State -25.0,-25.5,49.0,49.0,-4000.0,1200.0,
930,401628530,2024,regular,9,2024-10-26T16:00:00.000Z,Ohio State,Big Ten,fbs,21.0,Nebraska,Big Ten,fbs,17.0,ESPN Bet,-25.5,Ohio State -25.5,-25.5,48.5,48.5,-6000.0,1800.0,
931,401636909,2024,regular,9,2024-10-27T00:00:00.000Z,Kansas State,Big 12,fbs,29.0,Kansas,Big 12,fbs,27.0,DraftKings,-10.0,Kansas State -10,-7.0,56.5,,-360.0,285.0,
932,401636909,2024,regular,9,2024-10-27T00:00:00.000Z,Kansas State,Big 12,fbs,29.0,Kansas,Big 12,fbs,27.0,Bovada,-10.0,Kansas State -10.0,-9.5,56.0,55.0,-380.0,290.0,
933,401636909,2024,regular,9,2024-10-27T00:00:00.000Z,Kansas State,Big 12,fbs,29.0,Kansas,Big 12,fbs,27.0,ESPN Bet,-9.5,Kansas State -9.5,-10.0,55.5,55.5,-360.0,280.0,
934,401628375,2024,regular,5,2024-09-28T19:30:00.000Z,Auburn,SEC,fbs,21.0,Oklahoma,SEC,fbs,27.0,DraftKings,-2.0,Auburn -2,2.5,43.0,,-125.0,105.0,
935,401628375,2024,regular,5,2024-09-28T19:30:00.000Z,Auburn,SEC,fbs,21.0,Oklahoma,SEC,fbs,27.0,Bovada,-2.0,Auburn -2.0,2.0,43.0,45.0,110.0,-130.0,
936,401628375,2024,regular,5,2024-09-28T19:30:00.000Z,Auburn,SEC,fbs,21.0,Oklahoma,SEC,fbs,27.0,ESPN Bet,-1.5,Auburn -1.5,2.5,43.5,47.5,-120.0,-105.0,
937,401628433,2024,regular,13,2024-11-24T00:30:00.000Z,Oklahoma,SEC,fbs,24.0,Alabama,SEC,fbs,3.0,DraftKings,14.0,Alabama -14,2.0,47.0,,455.0,-625.0,
938,401628433,2024,regular,13,2024-11-24T00:30:00.000Z,Oklahoma,SEC,fbs,24.0,Alabama,SEC,fbs,3.0,Bovada,13.5,Alabama -13.5,14.0,46.5,47.5,410.0,-585.0,
939,401628433,2024,regular,13,2024-11-24T00:30:00.000Z,Oklahoma,SEC,fbs,24.0,Alabama,SEC,fbs,3.0,ESPN Bet,14.5,Alabama -14.5,14.0,46.5,47.5,450.0,-700.0,
940,401628397,2024,regular,8,2024-10-19T19:30:00.000Z,Tennessee,SEC,fbs,24.0,Alabama,SEC,fbs,17.0,DraftKings,3.5,Alabama -3.5,2.5,57.5,,136.0,-162.0,
941,401628397,2024,regular,8,2024-10-19T19:30:00.000Z,Tennessee,SEC,fbs,24.0,Alabama,SEC,fbs,17.0,Bovada,3.5,Alabama -3.5,3.0,57.5,56.0,120.0,-140.0,
942,401628397,2024,regular,8,2024-10-19T19:30:00.000Z,Tennessee,SEC,fbs,24.0,Alabama,SEC,fbs,17.0,ESPN Bet,3.5,Alabama -3.5,2.5,57.5,55.5,145.0,-170.0,
943,401628347,2024,regular,2,2024-09-07T16:00:00.000Z,Michigan,Big Ten,fbs,12.0,Texas,SEC,fbs,31.0,DraftKings,7.0,Texas -7,3.5,42.0,,200.0,-245.0,
944,401628347,2024,regular,2,2024-09-07T16:00:00.000Z,Michigan,Big Ten,fbs,12.0,Texas,SEC,fbs,31.0,Bovada,6.5,Texas -6.5,6.0,42.0,45.5,235.0,-285.0,
945,401628347,2024,regular,2,2024-09-07T16:00:00.000Z,Michigan,Big Ten,fbs,12.0,Texas,SEC,fbs,31.0,ESPN Bet,6.5,Texas -6.5,7.5,41.5,42.5,200.0,-240.0,
946,401628505,2024,regular,6,2024-10-05T23:30:00.000Z,Washington,Big Ten,fbs,27.0,Michigan,Big Ten,fbs,17.0,DraftKings,-1.5,Washington -1.5,8.5,39.5,,-118.0,-102.0,
947,401628505,2024,regular,6,2024-10-05T23:30:00.000Z,Washington,Big Ten,fbs,27.0,Michigan,Big Ten,fbs,17.0,Bovada,-1.5,Washington -1.5,-3.0,39.5,41.0,-140.0,120.0,
948,401628505,2024,regular,6,2024-10-05T23:30:00.000Z,Washington,Big Ten,fbs,27.0,Michigan,Big Ten,fbs,17.0,ESPN Bet,-1.5,Washington -1.5,-2.5,39.5,40.5,-120.0,-105.0,
949,401635562,2024,regular,5,2024-09-28T20:00:00.000Z,Duke,ACC,fbs,21.0,North Carolina,ACC,fbs,20.0,DraftKings,1.0,North Carolina -1,3.0,55.5,,-105.0,-115.0,
950,401635562,2024,regular,5,2024-09-28T20:00:00.000Z,Duke,ACC,fbs,21.0,North Carolina,ACC,fbs,20.0,Bovada,1.5,North Carolina -1.5,-3.0,55.5,56.5,-140.0,120.0,
951,401635562,2024,regular,5,2024-09-28T20:00:00.000Z,Duke,ACC,fbs,21.0,North Carolina,ACC,fbs,20.0,ESPN Bet,1.5,North Carolina -1.5,-3.0,54.5,55.5,-105.0,-120.0,
952,401628420,2024,regular,12,2024-11-16T20:30:00.000Z,Florida,SEC,fbs,27.0,LSU,SEC,fbs,16.0,DraftKings,3.0,LSU -3,5.5,57.0,,130.0,-155.0,
953,401628420,2024,regular,12,2024-11-16T20:30:00.000Z,Florida,SEC,fbs,27.0,LSU,SEC,fbs,16.0,Bovada,3.0,LSU -3.0,5.0,56.5,55.0,175.0,-210.0,
954,401628420,2024,regular,12,2024-11-16T20:30:00.000Z,Florida,SEC,fbs,27.0,LSU,SEC,fbs,16.0,ESPN Bet,2.5,LSU -2.5,4.5,55.5,55.5,135.0,-155.0,
955,401628464,2024,regular,2,2024-09-07T19:30:00.000Z,Iowa,Big Ten,fbs,19.0,Iowa State,Big 12,fbs,20.0,DraftKings,-3.0,Iowa -3,-2.5,35.0,,-142.0,120.0,
956,401628464,2024,regular,2,2024-09-07T19:30:00.000Z,Iowa,Big Ten,fbs,19.0,Iowa State,Big 12,fbs,20.0,Bovada,-3.0,Iowa -3.0,-3.0,36.0,36.0,-150.0,130.0,
957,401628464,2024,regular,2,2024-09-07T19:30:00.000Z,Iowa,Big Ten,fbs,19.0,Iowa State,Big 12,fbs,20.0,ESPN Bet,-2.5,Iowa -2.5,-2.5,36.5,35.5,-140.0,120.0,
958,401628454,2024,regular,1,2024-08-31T19:30:00.000Z,Nebraska,Big Ten,fbs,40.0,UTEP,Conference USA,fbs,7.0,DraftKings,-27.5,Nebraska -27.5,-27.5,49.0,49.0,-3600.0,1500.0,
959,401628454,2024,regular,1,2024-08-31T19:30:00.000Z,Nebraska,Big Ten,fbs,40.0,UTEP,Conference USA,fbs,7.0,Bovada,-27.5,Nebraska -27.5,-27.0,48.5,48.5,-8000.0,1400.0,
960,401628551,2024,regular,12,2024-11-17T00:30:00.000Z,Wisconsin,Big Ten,fbs,13.0,Oregon,Big Ten,fbs,16.0,DraftKings,13.5,Oregon -13.5,11.0,49.5,,400.0,-535.0,
961,401628551,2024,regular,12,2024-11-17T00:30:00.000Z,Wisconsin,Big Ten,fbs,13.0,Oregon,Big Ten,fbs,16.0,Bovada,13.5,Oregon -13.5,14.5,50.5,52.5,460.0,-675.0,
962,401628551,2024,regular,12,2024-11-17T00:30:00.000Z,Wisconsin,Big Ten,fbs,13.0,Oregon,Big Ten,fbs,16.0,ESPN Bet,13.5,Oregon -13.5,14.5,49.5,52.5,425.0,-650.0,
963,401628561,2024,regular,13,2024-11-24T03:30:00.000Z,UCLA,Big Ten,fbs,13.0,USC,Big Ten,fbs,19.0,DraftKings,5.0,USC -5,6.5,53.0,,150.0,-180.0,
964,401628561,2024,regular,13,2024-11-24T03:30:00.000Z,UCLA,Big Ten,fbs,13.0,USC,Big Ten,fbs,19.0,Bovada,4.5,USC -4.5,5.0,52.5,51.5,155.0,-180.0,
965,401628561,2024,regular,13,2024-11-24T03:30:00.000Z,UCLA,Big Ten,fbs,13.0,USC,Big Ten,fbs,19.0,ESPN Bet,4.5,USC -4.5,4.5,52.5,51.5,170.0,-200.0,
966,401634306,2024,regular,1,2024-09-02T23:30:00.000Z,Florida State,ACC,fbs,13.0,Boston College,ACC,fbs,28.0,DraftKings,-16.5,Florida State -16.5,-22.0,50.0,51.5,-900.0,600.0,
967,401634306,2024,regular,1,2024-09-02T23:30:00.000Z,Florida State,ACC,fbs,13.0,Boston College,ACC,fbs,28.0,Bovada,-16.5,Florida State -16.5,-21.0,51.5,50.0,-850.0,550.0,
968,401634306,2024,regular,1,2024-09-02T23:30:00.000Z,Florida State,ACC,fbs,13.0,Boston College,ACC,fbs,28.0,ESPN Bet,-16.5,Florida State -16.5,-16.5,51.5,49.5,-900.0,600.0,
969,401628328,2024,regular,1,2024-08-30T23:00:00.000Z,Oklahoma,SEC,fbs,51.0,Temple,American Athletic,fbs,3.0,DraftKings,-42.5,Oklahoma -42.5,-42.5,59.5,59.5,,,
970,401628328,2024,regular,1,2024-08-30T23:00:00.000Z,Oklahoma,SEC,fbs,51.0,Temple,American Athletic,fbs,3.0,Bovada,-43.0,Oklahoma -43.0,-43.0,57.5,59.0,,,
971,401628328,2024,regular,1,2024-08-30T23:00:00.000Z,Oklahoma,SEC,fbs,51.0,Temple,American Athletic,fbs,3.0,ESPN Bet,-43.5,Oklahoma -43.5,,57.5,,,,
972,401628539,2024,regular,10,2024-11-02T16:00:00.000Z,Penn State,Big Ten,fbs,13.0,Ohio State,Big Ten,fbs,20.0,DraftKings,3.0,Ohio State -3,4.0,47.5,,136.0,-162.0,
973,401628539,2024,regular,10,2024-11-02T16:00:00.000Z,Penn State,Big Ten,fbs,13.0,Ohio State,Big Ten,fbs,20.0,Bovada,3.0,Ohio State -3.0,4.0,47.5,47.0,160.0,-185.0,
974,401628539,2024,regular,10,2024-11-02T16:00:00.000Z,Penn State,Big Ten,fbs,13.0,Ohio State,Big Ten,fbs,20.0,ESPN Bet,3.5,Ohio State -3.5,4.0,47.5,47.5,140.0,-165.0,
975,401635596,2024,regular,9,2024-10-26T23:00:00.000Z,Miami,ACC,fbs,36.0,Florida State,ACC,fbs,14.0,DraftKings,-22.5,Miami -22.5,1.0,55.0,,-1800.0,1000.0,
976,401635596,2024,regular,9,2024-10-26T23:00:00.000Z,Miami,ACC,fbs,36.0,Florida State,ACC,fbs,14.0,Bovada,-22.5,Miami -22.5,-21.0,55.0,54.5,-1500.0,775.0,
977,401635596,2024,regular,9,2024-10-26T23:00:00.000Z,Miami,ACC,fbs,36.0,Florida State,ACC,fbs,14.0,ESPN Bet,-21.5,Miami -21.5,-21.5,53.5,54.5,-2000.0,1000.0,
978,401640984,2024,regular,9,2024-10-22T23:30:00.000Z,Florida International,Conference USA,fbs,7.0,Sam Houston,Conference USA,fbs,10.0,Bovada,5.0,Sam Houston -5.0,7.0,47.0,46.0,180.0,-220.0,
979,401640984,2024,regular,9,2024-10-22T23:30:00.000Z,Florida International,Conference USA,fbs,7.0,Sam Houston,Conference USA,fbs,10.0,ESPN Bet,6.5,Sam Houston -6.5,6.5,46.5,45.5,170.0,-200.0,
980,401640984,2024,regular,9,2024-10-22T23:30:00.000Z,Florida International,Conference USA,fbs,7.0,Sam Houston,Conference USA,fbs,10.0,DraftKings,4.5,Sam Houston -4.5,8.5,47.5,,160.0,-192.0,
981,401628419,2024,regular,12,2024-11-16T17:00:00.000Z,Arkansas,SEC,fbs,10.0,Texas,SEC,fbs,20.0,DraftKings,13.0,Texas -13,16.5,57.5,,455.0,-625.0,
982,401628419,2024,regular,12,2024-11-16T17:00:00.000Z,Arkansas,SEC,fbs,10.0,Texas,SEC,fbs,20.0,Bovada,12.0,Texas -12.0,15.0,57.5,57.5,475.0,-700.0,
983,401628419,2024,regular,12,2024-11-16T17:00:00.000Z,Arkansas,SEC,fbs,10.0,Texas,SEC,fbs,20.0,ESPN Bet,13.5,Texas -13.5,16.5,56.5,57.5,400.0,-600.0,
984,401636876,2024,regular,4,2024-09-21T20:00:00.000Z,Oklahoma State,Big 12,fbs,19.0,Utah,Big 12,fbs,22.0,DraftKings,1.0,Utah -1,1.0,53.5,,-105.0,-115.0,
985,401636876,2024,regular,4,2024-09-21T20:00:00.000Z,Oklahoma State,Big 12,fbs,19.0,Utah,Big 12,fbs,22.0,Bovada,1.0,Utah -1.0,-3.0,53.5,51.5,-105.0,-115.0,
986,401636876,2024,regular,4,2024-09-21T20:00:00.000Z,Oklahoma State,Big 12,fbs,19.0,Utah,Big 12,fbs,22.0,ESPN Bet,0.5,Utah -0.5,-3.0,53.5,51.5,-105.0,-115.0,
987,401634014,2024,regular,13,2024-11-23T21:30:00.000Z,Tennessee State,Big South-OVC,fcs,28.0,Southeast Missouri State,Big South-OVC,fcs,21.0,ESPN Bet,6.5,Southeast Missouri State -6.5,,50.5,,,,
988,401673467,2024,regular,15,2024-12-07T17:00:00.000Z,Miami (OH),Mid-American,fbs,3.0,Ohio,Mid-American,fbs,38.0,DraftKings,-2.5,Miami (OH) -2.5,,44.0,,-135.0,114.0,
989,401673467,2024,regular,15,2024-12-07T17:00:00.000Z,Miami (OH),Mid-American,fbs,3.0,Ohio,Mid-American,fbs,38.0,Bovada,-2.5,Miami (OH) -2.5,-2.5,44.0,44.5,-135.0,115.0,
990,401673467,2024,regular,15,2024-12-07T17:00:00.000Z,Miami (OH),Mid-American,fbs,3.0,Ohio,Mid-American,fbs,38.0,ESPN Bet,-2.5,Miami (OH) -2.5,-2.5,43.5,44.5,-125.0,105.0,
991,401729781,2024,regular,16,2024-12-14T17:00:00.000Z,South Dakota State,MVFC,fcs,55.0,Incarnate Word,Southland,fcs,14.0,ESPN Bet,-20.5,South Dakota State -20.5,,54.5,,,,
992,401628346,2024,regular,2,2024-09-07T23:30:00.000Z,NC State,ACC,fbs,10.0,Tennessee,SEC,fbs,51.0,DraftKings,10.0,Tennessee -10,4.5,60.5,,270.0,-340.0,
993,401628346,2024,regular,2,2024-09-07T23:30:00.000Z,NC State,ACC,fbs,10.0,Tennessee,SEC,fbs,51.0,Bovada,8.5,Tennessee -8.5,7.0,60.5,60.0,295.0,-390.0,
994,401628346,2024,regular,2,2024-09-07T23:30:00.000Z,NC State,ACC,fbs,10.0,Tennessee,SEC,fbs,51.0,ESPN Bet,13.5,Tennessee -13.5,8.0,59.5,60.5,270.0,-340.0,
995,401628374,2024,regular,5,2024-09-28T23:30:00.000Z,Alabama,SEC,fbs,41.0,Georgia,SEC,fbs,34.0,DraftKings,2.0,Georgia -2,4.5,50.0,,105.0,-125.0,
996,401628374,2024,regular,5,2024-09-28T23:30:00.000Z,Alabama,SEC,fbs,41.0,Georgia,SEC,fbs,34.0,Bovada,2.0,Georgia -2.0,2.0,50.0,49.5,110.0,-130.0,
997,401628374,2024,regular,5,2024-09-28T23:30:00.000Z,Alabama,SEC,fbs,41.0,Georgia,SEC,fbs,34.0,ESPN Bet,-7.5,Alabama -7.5,1.5,64.5,49.5,105.0,-125.0,
998,401636883,2024,regular,5,2024-09-28T16:00:00.000Z,Kansas State,Big 12,fbs,42.0,Oklahoma State,Big 12,fbs,20.0,DraftKings,-6.0,Kansas State -6,-5.5,58.0,,-230.0,190.0,
999,401636883,2024,regular,5,2024-09-28T16:00:00.000Z,Kansas State,Big 12,fbs,42.0,Oklahoma State,Big 12,fbs,20.0,Bovada,-6.0,Kansas State -6.0,-5.0,58.0,56.0,-200.0,170.0,
1000,401636883,2024,regular,5,2024-09-28T16:00:00.000Z,Kansas State,Big 12,fbs,42.0,Oklahoma State,Big 12,fbs,20.0,ESPN Bet,-5.5,Kansas State -5.5,-5.5,58.5,54.5,-225.0,190.0,
1001,401641038,2024,regular,8,2024-10-16T23:00:00.000Z,Sam Houston,Conference USA,fbs,14.0,Western Kentucky,Conference USA,fbs,31.0,DraftKings,-1.5,Sam Houston -1.5,1.0,55.0,,-118.0,-102.0,
1002,401641038,2024,regular,8,2024-10-16T23:00:00.000Z,Sam Houston,Conference USA,fbs,14.0,Western Kentucky,Conference USA,fbs,31.0,Bovada,-1.0,Sam Houston -1.0,-2.5,54.5,55.5,-140.0,120.0,
1003,401641038,2024,regular,8,2024-10-16T23:00:00.000Z,Sam Houston,Conference USA,fbs,14.0,Western Kentucky,Conference USA,fbs,31.0,ESPN Bet,-1.5,Sam Houston -1.5,-3.0,55.5,55.5,-120.0,105.0,
1004,401628369,2024,regular,4,2024-09-21T23:30:00.000Z,Oklahoma,SEC,fbs,15.0,Tennessee,SEC,fbs,25.0,DraftKings,6.0,Tennessee -6,-3.0,57.0,,185.0,-225.0,
1005,401628369,2024,regular,4,2024-09-21T23:30:00.000Z,Oklahoma,SEC,fbs,15.0,Tennessee,SEC,fbs,25.0,Bovada,6.5,Tennessee -6.5,-3.5,57.0,58.0,215.0,-260.0,
1006,401628369,2024,regular,4,2024-09-21T23:30:00.000Z,Oklahoma,SEC,fbs,15.0,Tennessee,SEC,fbs,25.0,ESPN Bet,5.5,Tennessee -5.5,7.5,56.5,57.5,190.0,-225.0,
1007,401634305,2024,regular,1,2024-08-31T16:00:00.000Z,Pittsburgh,ACC,fbs,55.0,Kent State,Mid-American,fbs,24.0,Bovada,-23.5,Pittsburgh -23.5,-24.0,55.5,54.0,-3300.0,1100.0,
1008,401634305,2024,regular,1,2024-08-31T16:00:00.000Z,Pittsburgh,ACC,fbs,55.0,Kent State,Mid-American,fbs,24.0,DraftKings,-23.5,Pittsburgh -23.5,-23.5,53.5,53.5,-2100.0,1100.0,
1009,401634305,2024,regular,1,2024-08-31T16:00:00.000Z,Pittsburgh,ACC,fbs,55.0,Kent State,Mid-American,fbs,24.0,ESPN Bet,-23.5,Pittsburgh -23.5,,54.5,,,,
1010,401628448,2024,regular,1,2024-08-30T00:00:00.000Z,Minnesota,Big Ten,fbs,17.0,North Carolina,ACC,fbs,19.0,Bovada,2.0,North Carolina -2.0,-2.5,52.5,51.0,-135.0,115.0,
1011,401628448,2024,regular,1,2024-08-30T00:00:00.000Z,Minnesota,Big Ten,fbs,17.0,North Carolina,ACC,fbs,19.0,DraftKings,-2.5,Minnesota -2.5,-2.0,50.5,50.5,105.0,-125.0,
1012,401628448,2024,regular,1,2024-08-30T00:00:00.000Z,Minnesota,Big Ten,fbs,17.0,North Carolina,ACC,fbs,19.0,ESPN Bet,1.5,North Carolina -1.5,,52.5,,,,
1013,401628451,2024,regular,1,2024-08-31T16:00:00.000Z,Maryland,Big Ten,fbs,50.0,UConn,FBS Independents,fbs,7.0,Bovada,-19.0,Maryland -19.0,-20.0,45.5,47.5,-1500.0,775.0,
1014,401628451,2024,regular,1,2024-08-31T16:00:00.000Z,Maryland,Big Ten,fbs,50.0,UConn,FBS Independents,fbs,7.0,DraftKings,-20.5,Maryland -20.5,-21.0,47.5,47.5,-1350.0,800.0,
1015,401628451,2024,regular,1,2024-08-31T16:00:00.000Z,Maryland,Big Ten,fbs,50.0,UConn,FBS Independents,fbs,7.0,ESPN Bet,-18.5,Maryland -18.5,,44.5,,,,
1016,401643696,2024,regular,1,2024-08-25T00:00:00.000Z,Nevada,Mountain West,fbs,24.0,SMU,ACC,fbs,29.0,Bovada,28.0,SMU -28.0,25.5,55.5,57.5,1100.0,-3500.0,
1017,401643696,2024,regular,1,2024-08-25T00:00:00.000Z,Nevada,Mountain West,fbs,24.0,SMU,ACC,fbs,29.0,DraftKings,27.0,SMU -27,25.0,56.5,57.0,1500.0,-3600.0,
1018,401643696,2024,regular,1,2024-08-25T00:00:00.000Z,Nevada,Mountain West,fbs,24.0,SMU,ACC,fbs,29.0,ESPN Bet,27.5,SMU -27.5,,55.5,,,,
1019,401640998,2024,regular,1,2024-08-30T00:00:00.000Z,Jacksonville State,Conference USA,fbs,27.0,Coastal Carolina,Sun Belt,fbs,55.0,Bovada,-3.5,Jacksonville State -3.5,-3.5,54.5,56.5,-170.0,145.0,
1020,401640998,2024,regular,1,2024-08-30T00:00:00.000Z,Jacksonville State,Conference USA,fbs,27.0,Coastal Carolina,Sun Belt,fbs,55.0,DraftKings,-3.5,Jacksonville State -3.5,-3.5,56.5,57.0,-180.0,150.0,
1021,401640998,2024,regular,1,2024-08-30T00:00:00.000Z,Jacksonville State,Conference USA,fbs,27.0,Coastal Carolina,Sun Belt,fbs,55.0,ESPN Bet,-3.5,Jacksonville State -3.5,,54.5,,,,
1022,401628457,2024,regular,1,2024-08-31T16:00:00.000Z,West Virginia,Big 12,fbs,12.0,Penn State,Big Ten,fbs,34.0,Bovada,7.5,Penn State -7.5,10.0,48.0,51.0,290.0,-380.0,
1023,401628457,2024,regular,1,2024-08-31T16:00:00.000Z,West Virginia,Big 12,fbs,12.0,Penn State,Big Ten,fbs,34.0,DraftKings,10.0,Penn State -10,10.5,51.5,51.0,235.0,-290.0,
1024,401628457,2024,regular,1,2024-08-31T16:00:00.000Z,West Virginia,Big 12,fbs,12.0,Penn State,Big Ten,fbs,34.0,ESPN Bet,7.5,Penn State -7.5,,48.5,,,,
1025,401636900,2024,regular,8,2024-10-19T23:30:00.000Z,Iowa State,Big 12,fbs,38.0,UCF,Big 12,fbs,35.0,DraftKings,-13.0,Iowa State -13,-10.0,49.5,,-575.0,425.0,
1026,401636900,2024,regular,8,2024-10-19T23:30:00.000Z,Iowa State,Big 12,fbs,38.0,UCF,Big 12,fbs,35.0,Bovada,-13.0,Iowa State -13.0,-12.5,49.5,48.5,-525.0,375.0,
1027,401636900,2024,regular,8,2024-10-19T23:30:00.000Z,Iowa State,Big 12,fbs,38.0,UCF,Big 12,fbs,35.0,ESPN Bet,-13.5,Iowa State -13.5,-13.0,49.5,47.5,-550.0,425.0,
1028,401634768,2024,regular,8,2024-10-17T23:30:00.000Z,Virginia Tech,ACC,fbs,42.0,Boston College,ACC,fbs,21.0,DraftKings,-8.5,Virginia Tech -8.5,-7.0,47.5,,-325.0,260.0,
1029,401634768,2024,regular,8,2024-10-17T23:30:00.000Z,Virginia Tech,ACC,fbs,42.0,Boston College,ACC,fbs,21.0,Bovada,-8.0,Virginia Tech -8.0,-7.0,47.5,49.5,-270.0,220.0,
1030,401634768,2024,regular,8,2024-10-17T23:30:00.000Z,Virginia Tech,ACC,fbs,42.0,Boston College,ACC,fbs,21.0,ESPN Bet,-8.5,Virginia Tech -8.5,-7.0,46.5,49.5,-320.0,260.0,
1031,401634300,2024,regular,1,2024-08-31T02:30:00.000Z,Stanford,ACC,fbs,27.0,TCU,Big 12,fbs,34.0,Bovada,8.0,TCU -8.0,8.5,58.5,58.5,250.0,-300.0,
1032,401634300,2024,regular,1,2024-08-31T02:30:00.000Z,Stanford,ACC,fbs,27.0,TCU,Big 12,fbs,34.0,DraftKings,8.5,TCU -8.5,8.5,61.0,61.0,250.0,-310.0,
1033,401634300,2024,regular,1,2024-08-31T02:30:00.000Z,Stanford,ACC,fbs,27.0,TCU,Big 12,fbs,34.0,ESPN Bet,8.5,TCU -8.5,,58.5,,,,
1034,401729734,2024,regular,14,2024-12-01T03:15:00.000Z,Montana,Big Sky,fcs,41.0,Tennessee State,Big South-OVC,fcs,27.0,ESPN Bet,-18.0,Montana -18,,48.5,,,,
1035,401729783,2024,regular,16,2024-12-14T21:00:00.000Z,South Dakota,MVFC,fcs,35.0,UC Davis,Big Sky,fcs,21.0,ESPN Bet,-7.0,South Dakota -7,,58.5,,,,
1036,401628424,2024,regular,12,2024-11-17T00:45:00.000Z,Texas A&M,SEC,fbs,38.0,New Mexico State,Conference USA,fbs,3.0,DraftKings,-38.5,Texas A&M -38.5,-42.0,54.5,,,,
1037,401628424,2024,regular,12,2024-11-17T00:45:00.000Z,Texas A&M,SEC,fbs,38.0,New Mexico State,Conference USA,fbs,3.0,Bovada,-39.5,Texas A&M -39.5,-40.0,54.0,55.5,,,
1038,401628424,2024,regular,12,2024-11-17T00:45:00.000Z,Texas A&M,SEC,fbs,38.0,New Mexico State,Conference USA,fbs,3.0,ESPN Bet,-38.5,Texas A&M -38.5,-40.5,54.5,55.5,-10000.0,2500.0,
1039,401635525,2024,regular,1,2024-08-24T16:00:00.000Z,Georgia Tech,ACC,fbs,24.0,Florida State,ACC,fbs,21.0,Bovada,10.0,Florida State -10.0,12.0,54.5,57.0,345.0,-470.0,
1040,401635525,2024,regular,1,2024-08-24T16:00:00.000Z,Georgia Tech,ACC,fbs,24.0,Florida State,ACC,fbs,21.0,DraftKings,11.5,Florida State -11.5,13.0,55.5,56.0,320.0,-410.0,
1041,401635525,2024,regular,1,2024-08-24T16:00:00.000Z,Georgia Tech,ACC,fbs,24.0,Florida State,ACC,fbs,21.0,ESPN Bet,10.5,Florida State -10.5,,54.5,,,,
1042,401643701,2024,regular,1,2024-08-31T23:00:00.000Z,Troy,Sun Belt,fbs,26.0,Nevada,Mountain West,fbs,28.0,Bovada,-7.5,Troy -7.5,-15.0,44.5,45.5,-550.0,390.0,
1043,401643701,2024,regular,1,2024-08-31T23:00:00.000Z,Troy,Sun Belt,fbs,26.0,Nevada,Mountain West,fbs,28.0,DraftKings,-15.5,Troy -15.5,-16.0,47.0,46.5,-278.0,225.0,
1044,401643701,2024,regular,1,2024-08-31T23:00:00.000Z,Troy,Sun Belt,fbs,26.0,Nevada,Mountain West,fbs,28.0,ESPN Bet,-7.5,Troy -7.5,,44.5,,,,
1045,401628332,2024,regular,1,2024-08-31T23:30:00.000Z,Texas A&M,SEC,fbs,13.0,Notre Dame,FBS Independents,fbs,23.0,Bovada,-3.0,Texas A&M -3.0,-2.5,47.0,46.5,-145.0,125.0,
1046,401628332,2024,regular,1,2024-08-31T23:30:00.000Z,Texas A&M,SEC,fbs,13.0,Notre Dame,FBS Independents,fbs,23.0,DraftKings,-2.5,Texas A&M -2.5,-1.0,46.5,47.0,-148.0,124.0,
1047,401628332,2024,regular,1,2024-08-31T23:30:00.000Z,Texas A&M,SEC,fbs,13.0,Notre Dame,FBS Independents,fbs,23.0,ESPN Bet,-2.5,Texas A&M -2.5,,46.5,,,,
1048,401641039,2024,regular,1,2024-08-31T23:00:00.000Z,Rice,American Athletic,fbs,14.0,Sam Houston,Conference USA,fbs,34.0,Bovada,-9.5,Rice -9.5,-10.5,49.0,49.5,-390.0,295.0,
1049,401641039,2024,regular,1,2024-08-31T23:00:00.000Z,Rice,American Athletic,fbs,14.0,Sam Houston,Conference USA,fbs,34.0,DraftKings,-10.5,Rice -10.5,-11.5,49.0,48.5,-345.0,275.0,
1050,401641039,2024,regular,1,2024-08-31T23:00:00.000Z,Rice,American Athletic,fbs,14.0,Sam Houston,Conference USA,fbs,34.0,ESPN Bet,-9.5,Rice -9.5,,48.5,,,,
1051,401636925,2024,regular,12,2024-11-16T17:00:00.000Z,Colorado,Big 12,fbs,49.0,Utah,Big 12,fbs,24.0,Bovada,-13.5,Colorado -13.5,-10.0,43.5,47.5,-410.0,305.0,
1052,401636925,2024,regular,12,2024-11-16T17:00:00.000Z,Colorado,Big 12,fbs,49.0,Utah,Big 12,fbs,24.0,DraftKings,-13.5,Colorado -13.5,8.0,43.0,,-575.0,425.0,
1053,401636925,2024,regular,12,2024-11-16T17:00:00.000Z,Colorado,Big 12,fbs,49.0,Utah,Big 12,fbs,24.0,ESPN Bet,-13.5,Colorado -13.5,-10.0,43.5,47.5,-600.0,400.0,
1054,401636609,2024,regular,1,2024-09-01T02:30:00.000Z,Arizona State,Big 12,fbs,48.0,Wyoming,Mountain West,fbs,7.0,Bovada,-6.5,Arizona State -6.5,-6.0,47.0,47.5,-250.0,210.0,
1055,401636609,2024,regular,1,2024-09-01T02:30:00.000Z,Arizona State,Big 12,fbs,48.0,Wyoming,Mountain West,fbs,7.0,DraftKings,-6.5,Arizona State -6.5,-6.5,47.5,47.5,-245.0,200.0,
1056,401636609,2024,regular,1,2024-09-01T02:30:00.000Z,Arizona State,Big 12,fbs,48.0,Wyoming,Mountain West,fbs,7.0,ESPN Bet,-6.5,Arizona State -6.5,,47.5,,,,
1057,401643774,2024,regular,1,2024-09-01T00:00:00.000Z,Charlotte,American Athletic,fbs,7.0,James Madison,Sun Belt,fbs,30.0,Bovada,6.5,James Madison -6.5,7.5,47.5,51.0,230.0,-280.0,
1058,401643774,2024,regular,1,2024-09-01T00:00:00.000Z,Charlotte,American Athletic,fbs,7.0,James Madison,Sun Belt,fbs,30.0,DraftKings,7.5,James Madison -7.5,9.0,51.0,51.0,215.0,-265.0,
1059,401636608,2024,regular,1,2024-09-01T02:30:00.000Z,Arizona,Big 12,fbs,61.0,New Mexico,Mountain West,fbs,39.0,Bovada,-28.0,Arizona -28.0,-30.5,60.0,55.0,,,
1060,401636608,2024,regular,1,2024-09-01T02:30:00.000Z,Arizona,Big 12,fbs,61.0,New Mexico,Mountain West,fbs,39.0,DraftKings,-30.5,Arizona -30.5,-30.5,54.0,53.5,-10000.0,3000.0,
1061,401636608,2024,regular,1,2024-09-01T02:30:00.000Z,Arizona,Big 12,fbs,61.0,New Mexico,Mountain West,fbs,39.0,ESPN Bet,-29.0,Arizona -29,,60.5,,,,
1062,401628467,2024,regular,2,2024-09-07T23:30:00.000Z,Nebraska,Big Ten,fbs,28.0,Colorado,Big 12,fbs,10.0,Bovada,-6.5,Nebraska -6.5,-7.0,55.0,56.5,-280.0,230.0,
1063,401628467,2024,regular,2,2024-09-07T23:30:00.000Z,Nebraska,Big Ten,fbs,28.0,Colorado,Big 12,fbs,10.0,DraftKings,-7.0,Nebraska -7,-6.5,56.0,,-225.0,185.0,
1064,401628467,2024,regular,2,2024-09-07T23:30:00.000Z,Nebraska,Big Ten,fbs,28.0,Colorado,Big 12,fbs,10.0,ESPN Bet,-6.5,Nebraska -6.5,-7.5,55.5,58.5,-240.0,200.0,
1065,401634132,2024,regular,13,2024-11-23T22:00:00.000Z,Sacramento State,Big Sky,fcs,39.0,UC Davis,Big Sky,fcs,42.0,ESPN Bet,13.5,UC Davis -13.5,,57.5,,,,
1066,401628323,2024,regular,1,2024-08-31T16:00:00.000Z,Georgia,SEC,fbs,34.0,Clemson,ACC,fbs,3.0,Bovada,-10.5,Georgia -10.5,-13.5,49.0,49.0,-600.0,425.0,
1067,401628323,2024,regular,1,2024-08-31T16:00:00.000Z,Georgia,SEC,fbs,34.0,Clemson,ACC,fbs,3.0,DraftKings,-14.0,Georgia -14,-14.0,49.0,47.5,-455.0,350.0,
1068,401628323,2024,regular,1,2024-08-31T16:00:00.000Z,Georgia,SEC,fbs,34.0,Clemson,ACC,fbs,3.0,ESPN Bet,-10.5,Georgia -10.5,,49.5,,,,
1069,401677189,2024,postseason,1,2025-01-10T00:30:00.000Z,Penn State,Big Ten,fbs,24.0,Notre Dame,FBS Independents,fbs,27.0,DraftKings,-1.5,Penn State -1.5,,45.5,47.0,-115.0,-105.0,
1070,401677189,2024,postseason,1,2025-01-10T00:30:00.000Z,Penn State,Big Ten,fbs,24.0,Notre Dame,FBS Independents,fbs,27.0,Bovada,-1.0,Penn State -1.0,1.5,46.0,46.0,105.0,-125.0,
1071,401677189,2024,postseason,1,2025-01-10T00:30:00.000Z,Penn State,Big Ten,fbs,24.0,Notre Dame,FBS Independents,fbs,27.0,ESPN Bet,-1.5,Penn State -1.5,2.0,45.5,46.5,-120.0,-105.0,
1072,401636904,2024,regular,8,2024-10-19T23:30:00.000Z,West Virginia,Big 12,fbs,18.0,Kansas State,Big 12,fbs,45.0,DraftKings,2.5,Kansas State -2.5,2.5,56.5,,120.0,-142.0,
1073,401636904,2024,regular,8,2024-10-19T23:30:00.000Z,West Virginia,Big 12,fbs,18.0,Kansas State,Big 12,fbs,45.0,Bovada,2.5,Kansas State -2.5,3.0,56.0,54.5,135.0,-160.0,
1074,401636904,2024,regular,8,2024-10-19T23:30:00.000Z,West Virginia,Big 12,fbs,18.0,Kansas State,Big 12,fbs,45.0,ESPN Bet,2.5,Kansas State -2.5,3.0,55.5,54.5,115.0,-135.0,
1075,401673463,2024,regular,15,2024-12-08T01:00:00.000Z,SMU,ACC,fbs,31.0,Clemson,ACC,fbs,34.0,DraftKings,-2.5,SMU -2.5,,56.5,,-135.0,114.0,
1076,401673463,2024,regular,15,2024-12-08T01:00:00.000Z,SMU,ACC,fbs,31.0,Clemson,ACC,fbs,34.0,Bovada,-3.0,SMU -3.0,-2.5,56.0,55.0,-135.0,115.0,
1077,401673463,2024,regular,15,2024-12-08T01:00:00.000Z,SMU,ACC,fbs,31.0,Clemson,ACC,fbs,34.0,ESPN Bet,-2.5,SMU -2.5,-2.5,56.5,55.5,-135.0,115.0,
1078,401729785,2024,regular,16,2024-12-14T20:30:00.000Z,North Dakota State,MVFC,fcs,31.0,Mercer,Southern,fcs,7.0,ESPN Bet,-23.5,North Dakota State -23.5,,52.5,,,,
1079,401729786,2024,postseason,1,2024-12-21T17:00:00.000Z,North Dakota State,MVFC,fcs,28.0,South Dakota State,MVFC,fcs,21.0,ESPN Bet,3.5,South Dakota State -3.5,,49.5,,,,
1080,401643700,2024,regular,1,2024-08-31T20:00:00.000Z,Georgia Southern,Sun Belt,fbs,45.0,Boise State,Mountain West,fbs,56.0,Bovada,13.0,Boise State -13.0,12.0,57.5,57.0,320.0,-430.0,
1081,401643700,2024,regular,1,2024-08-31T20:00:00.000Z,Georgia Southern,Sun Belt,fbs,45.0,Boise State,Mountain West,fbs,56.0,DraftKings,12.0,Boise State -12,11.5,57.0,57.0,390.0,-520.0,
1082,401643700,2024,regular,1,2024-08-31T20:00:00.000Z,Georgia Southern,Sun Belt,fbs,45.0,Boise State,Mountain West,fbs,56.0,ESPN Bet,12.5,Boise State -12.5,,57.5,,,,
1083,401628329,2024,regular,1,2024-08-31T20:15:00.000Z,South Carolina,SEC,fbs,23.0,Old Dominion,Sun Belt,fbs,19.0,Bovada,-20.5,South Carolina -20.5,-20.5,49.5,54.0,-1600.0,800.0,
1084,401628329,2024,regular,1,2024-08-31T20:15:00.000Z,South Carolina,SEC,fbs,23.0,Old Dominion,Sun Belt,fbs,19.0,DraftKings,-20.0,South Carolina -20,-20.0,54.5,55.5,-2100.0,1100.0,
1085,401628329,2024,regular,1,2024-08-31T20:15:00.000Z,South Carolina,SEC,fbs,23.0,Old Dominion,Sun Belt,fbs,19.0,ESPN Bet,-20.5,South Carolina -20.5,,48.5,,,,
1086,401643775,2024,regular,1,2024-08-31T21:00:00.000Z,South Alabama,Sun Belt,fbs,38.0,North Texas,American Athletic,fbs,52.0,Bovada,-6.0,South Alabama -6.0,-6.0,61.5,64.5,-210.0,175.0,
1087,401643775,2024,regular,1,2024-08-31T21:00:00.000Z,South Alabama,Sun Belt,fbs,38.0,North Texas,American Athletic,fbs,52.0,DraftKings,-6.0,South Alabama -6,-7.0,65.0,64.5,-218.0,180.0,
1088,401643775,2024,regular,1,2024-08-31T21:00:00.000Z,South Alabama,Sun Belt,fbs,38.0,North Texas,American Athletic,fbs,52.0,ESPN Bet,-5.5,South Alabama -5.5,,60.5,,,,
1089,401636611,2024,regular,1,2024-08-31T23:00:00.000Z,Houston,Big 12,fbs,7.0,UNLV,Mountain West,fbs,27.0,Bovada,-3.0,Houston -3.0,-2.0,56.0,54.0,-130.0,110.0,
1090,401636611,2024,regular,1,2024-08-31T23:00:00.000Z,Houston,Big 12,fbs,7.0,UNLV,Mountain West,fbs,27.0,DraftKings,-1.5,Houston -1.5,-3.0,55.0,56.5,-170.0,142.0,
1091,401641011,2024,regular,9,2024-10-23T00:00:00.000Z,Louisiana Tech,Conference USA,fbs,14.0,UTEP,Conference USA,fbs,10.0,Bovada,-6.5,Louisiana Tech -6.5,-7.5,49.0,49.5,-280.0,230.0,
1092,401641011,2024,regular,9,2024-10-23T00:00:00.000Z,Louisiana Tech,Conference USA,fbs,14.0,UTEP,Conference USA,fbs,10.0,ESPN Bet,-6.5,Louisiana Tech -6.5,-7.0,48.5,50.5,-250.0,210.0,
1093,401641011,2024,regular,9,2024-10-23T00:00:00.000Z,Louisiana Tech,Conference USA,fbs,14.0,UTEP,Conference USA,fbs,10.0,DraftKings,-6.5,Louisiana Tech -6.5,-7.5,49.0,,-238.0,195.0,
1094,401634129,2024,regular,13,2024-11-23T23:00:00.000Z,Idaho State,Big Sky,fcs,17.0,Idaho,Big Sky,fcs,40.0,ESPN Bet,10.5,Idaho -10.5,,57.5,,,,
1095,401677090,2024,postseason,1,2024-12-27T17:00:00.000Z,Navy,American Athletic,fbs,21.0,Oklahoma,SEC,fbs,20.0,Bovada,2.5,Oklahoma -2.5,7.0,42.5,43.5,235.0,-285.0,
1096,401677090,2024,postseason,1,2024-12-27T17:00:00.000Z,Navy,American Athletic,fbs,21.0,Oklahoma,SEC,fbs,20.0,DraftKings,-1.0,Navy -1,,44.0,46.5,-112.0,-108.0,
1097,401677090,2024,postseason,1,2024-12-27T17:00:00.000Z,Navy,American Athletic,fbs,21.0,Oklahoma,SEC,fbs,20.0,ESPN Bet,2.5,Oklahoma -2.5,8.5,44.5,44.5,-115.0,-105.0,
1098,401628982,2024,regular,8,2024-10-19T19:30:00.000Z,Georgia Tech,ACC,fbs,13.0,Notre Dame,FBS Independents,fbs,31.0,DraftKings,14.0,Notre Dame -14,8.5,49.5,,440.0,-600.0,
1099,401628982,2024,regular,8,2024-10-19T19:30:00.000Z,Georgia Tech,ACC,fbs,13.0,Notre Dame,FBS Independents,fbs,31.0,Bovada,14.0,Notre Dame -14.0,8.5,50.0,50.0,270.0,-340.0,
1100,401628982,2024,regular,8,2024-10-19T19:30:00.000Z,Georgia Tech,ACC,fbs,13.0,Notre Dame,FBS Independents,fbs,31.0,ESPN Bet,14.5,Notre Dame -14.5,7.5,49.5,50.5,425.0,-550.0,
1101,401677181,2024,postseason,1,2025-01-01T00:30:00.000Z,Boise State,Mountain West,fbs,14.0,Penn State,Big Ten,fbs,31.0,ESPN Bet,11.5,Penn State -11.5,10.5,54.5,53.5,360.0,-500.0,
1102,401677181,2024,postseason,1,2025-01-01T00:30:00.000Z,Boise State,Mountain West,fbs,14.0,Penn State,Big Ten,fbs,31.0,DraftKings,12.0,Penn State -12,,55.0,,350.0,-455.0,
1103,401677181,2024,postseason,1,2025-01-01T00:30:00.000Z,Boise State,Mountain West,fbs,14.0,Penn State,Big Ten,fbs,31.0,Bovada,12.5,Penn State -12.5,9.5,54.5,52.0,300.0,-400.0,
1104,401673465,2024,regular,15,2024-12-07T17:00:00.000Z,Arizona State,Big 12,fbs,45.0,Iowa State,Big 12,fbs,19.0,DraftKings,1.5,Iowa State -1.5,,51.0,,100.0,-120.0,
1105,401673465,2024,regular,15,2024-12-07T17:00:00.000Z,Arizona State,Big 12,fbs,45.0,Iowa State,Big 12,fbs,19.0,Bovada,-1.5,Arizona State -1.5,-2.5,50.5,50.5,-140.0,120.0,
1106,401673465,2024,regular,15,2024-12-07T17:00:00.000Z,Arizona State,Big 12,fbs,45.0,Iowa State,Big 12,fbs,19.0,ESPN Bet,1.5,Iowa State -1.5,-2.5,51.5,50.5,-110.0,-110.0,
1107,401628393,2024,regular,8,2024-10-19T23:45:00.000Z,Florida,SEC,fbs,48.0,Kentucky,SEC,fbs,20.0,DraftKings,2.5,Kentucky -2.5,1.0,42.5,,110.0,-130.0,
1108,401628393,2024,regular,8,2024-10-19T23:45:00.000Z,Florida,SEC,fbs,48.0,Kentucky,SEC,fbs,20.0,Bovada,2.5,Kentucky -2.5,-2.0,42.5,42.5,-125.0,105.0,
1109,401628393,2024,regular,8,2024-10-19T23:45:00.000Z,Florida,SEC,fbs,48.0,Kentucky,SEC,fbs,20.0,ESPN Bet,2.5,Kentucky -2.5,-2.0,41.5,42.5,115.0,-135.0,
1110,401677100,2024,postseason,1,2024-12-29T02:15:00.000Z,Army,American Athletic,fbs,27.0,Louisiana Tech,Conference USA,fbs,6.0,Bovada,-14.0,Army -14.0,-17.0,44.0,44.0,-900.0,575.0,
1111,401677100,2024,postseason,1,2024-12-29T02:15:00.000Z,Army,American Athletic,fbs,27.0,Louisiana Tech,Conference USA,fbs,6.0,DraftKings,-15.0,Army -15,,44.5,,-675.0,490.0,
1112,401677100,2024,postseason,1,2024-12-29T02:15:00.000Z,Army,American Athletic,fbs,27.0,Louisiana Tech,Conference USA,fbs,6.0,ESPN Bet,-14.5,Army -14.5,-9.0,44.5,48.5,-800.0,500.0,
1113,401636897,2024,regular,8,2024-10-19T20:00:00.000Z,Arizona,Big 12,fbs,7.0,Colorado,Big 12,fbs,34.0,DraftKings,-2.5,Arizona -2.5,-4.0,57.5,,-135.0,114.0,
1114,401636897,2024,regular,8,2024-10-19T20:00:00.000Z,Arizona,Big 12,fbs,7.0,Colorado,Big 12,fbs,34.0,Bovada,-2.5,Arizona -2.5,-4.0,57.5,56.0,-185.0,160.0,
1115,401636897,2024,regular,8,2024-10-19T20:00:00.000Z,Arizona,Big 12,fbs,7.0,Colorado,Big 12,fbs,34.0,ESPN Bet,-2.5,Arizona -2.5,-3.5,56.5,55.5,-130.0,110.0,
1116,401634042,2024,regular,13,2024-11-24T01:00:00.000Z,McNeese,Southland,fcs,24.0,Lamar,Southland,fcs,26.0,ESPN Bet,-3.0,McNeese -3,,45.5,,,,
1117,401628518,2024,regular,8,2024-10-19T19:30:00.000Z,Illinois,Big Ten,fbs,21.0,Michigan,Big Ten,fbs,7.0,DraftKings,6.0,Michigan -6,2.0,44.0,,180.0,-218.0,
1118,401628518,2024,regular,8,2024-10-19T19:30:00.000Z,Illinois,Big Ten,fbs,21.0,Michigan,Big Ten,fbs,7.0,Bovada,6.0,Michigan -6.0,1.5,44.0,44.0,100.0,-120.0,
1119,401628518,2024,regular,8,2024-10-19T19:30:00.000Z,Illinois,Big Ten,fbs,21.0,Michigan,Big Ten,fbs,7.0,ESPN Bet,5.5,Michigan -5.5,1.0,44.5,43.5,190.0,-225.0,
1120,401673466,2024,regular,15,2024-12-07T00:00:00.000Z,Jacksonville State,Conference USA,fbs,52.0,Western Kentucky,Conference USA,fbs,12.0,DraftKings,-4.5,Jacksonville State -4.5,,58.5,,-185.0,154.0,
1121,401673466,2024,regular,15,2024-12-07T00:00:00.000Z,Jacksonville State,Conference USA,fbs,52.0,Western Kentucky,Conference USA,fbs,12.0,Bovada,-4.0,Jacksonville State -4.0,-3.0,58.0,59.0,-160.0,135.0,
1122,401673466,2024,regular,15,2024-12-07T00:00:00.000Z,Jacksonville State,Conference USA,fbs,52.0,Western Kentucky,Conference USA,fbs,12.0,ESPN Bet,-4.5,Jacksonville State -4.5,-4.0,58.5,58.5,-185.0,155.0,
1123,401640993,2024,regular,9,2024-10-23T23:00:00.000Z,Kennesaw State,Conference USA,fbs,27.0,Liberty,Conference USA,fbs,24.0,Bovada,27.0,Liberty -27.0,23.5,48.0,45.5,1000.0,-2500.0,
1124,401640993,2024,regular,9,2024-10-23T23:00:00.000Z,Kennesaw State,Conference USA,fbs,27.0,Liberty,Conference USA,fbs,24.0,ESPN Bet,27.5,Liberty -27.5,23.5,47.5,45.5,1300.0,-4000.0,
1125,401640993,2024,regular,9,2024-10-23T23:00:00.000Z,Kennesaw State,Conference USA,fbs,27.0,Liberty,Conference USA,fbs,24.0,DraftKings,27.0,Liberty -27,22.5,48.0,,1600.0,-4000.0,
1126,401641003,2024,regular,9,2024-10-23T23:30:00.000Z,Jacksonville State,Conference USA,fbs,42.0,Middle Tennessee,Conference USA,fbs,20.0,Bovada,-20.5,Jacksonville State -20.5,-21.0,64.5,63.5,-1600.0,800.0,
1127,401641003,2024,regular,9,2024-10-23T23:30:00.000Z,Jacksonville State,Conference USA,fbs,42.0,Middle Tennessee,Conference USA,fbs,20.0,ESPN Bet,-20.5,Jacksonville State -20.5,-21.5,64.5,63.5,-1400.0,750.0,
1128,401641003,2024,regular,9,2024-10-23T23:30:00.000Z,Jacksonville State,Conference USA,fbs,42.0,Middle Tennessee,Conference USA,fbs,20.0,DraftKings,-20.5,Jacksonville State -20.5,-21.5,64.0,,-1100.0,700.0,
1129,401628396,2024,regular,8,2024-10-19T16:45:00.000Z,Oklahoma,SEC,fbs,9.0,South Carolina,SEC,fbs,35.0,DraftKings,1.0,South Carolina -1,-7.5,40.5,,-105.0,-115.0,
1130,401628396,2024,regular,8,2024-10-19T16:45:00.000Z,Oklahoma,SEC,fbs,9.0,South Carolina,SEC,fbs,35.0,Bovada,1.0,South Carolina -1.0,-3.0,40.0,40.5,-140.0,120.0,
1131,401628396,2024,regular,8,2024-10-19T16:45:00.000Z,Oklahoma,SEC,fbs,9.0,South Carolina,SEC,fbs,35.0,ESPN Bet,2.5,South Carolina -2.5,-3.0,40.5,41.5,-105.0,-120.0,
1132,401643815,2024,regular,9,2024-10-24T23:00:00.000Z,Old Dominion,Sun Belt,fbs,47.0,Georgia Southern,Sun Belt,fbs,19.0,Bovada,1.0,Georgia Southern -1.0,-2.0,52.0,54.0,-125.0,105.0,
1133,401643815,2024,regular,9,2024-10-24T23:00:00.000Z,Old Dominion,Sun Belt,fbs,47.0,Georgia Southern,Sun Belt,fbs,19.0,ESPN Bet,0.5,Georgia Southern -0.5,-2.0,51.5,54.5,-105.0,-120.0,
1134,401643815,2024,regular,9,2024-10-24T23:00:00.000Z,Old Dominion,Sun Belt,fbs,47.0,Georgia Southern,Sun Belt,fbs,19.0,DraftKings,1.0,Georgia Southern -1,0.0,51.5,,-108.0,-112.0,
1135,401634770,2024,regular,9,2024-10-24T23:30:00.000Z,Pittsburgh,ACC,fbs,41.0,Syracuse,ACC,fbs,13.0,Bovada,-5.0,Pittsburgh -5.0,-5.0,62.5,61.0,-220.0,180.0,
1136,401634770,2024,regular,9,2024-10-24T23:30:00.000Z,Pittsburgh,ACC,fbs,41.0,Syracuse,ACC,fbs,13.0,ESPN Bet,-4.5,Pittsburgh -4.5,-5.5,62.5,60.5,-200.0,170.0,
1137,401634770,2024,regular,9,2024-10-24T23:30:00.000Z,Pittsburgh,ACC,fbs,41.0,Syracuse,ACC,fbs,13.0,DraftKings,-5.0,Pittsburgh -5,-3.5,62.5,,-198.0,164.0,
1138,401634771,2024,regular,9,2024-10-25T23:30:00.000Z,Boston College,ACC,fbs,27.0,Louisville,ACC,fbs,31.0,Bovada,7.0,Louisville -7.0,7.5,54.0,54.0,220.0,-270.0,
1139,401634771,2024,regular,9,2024-10-25T23:30:00.000Z,Boston College,ACC,fbs,27.0,Louisville,ACC,fbs,31.0,ESPN Bet,7.5,Louisville -7.5,7.0,52.5,53.5,210.0,-250.0,
1140,401634771,2024,regular,9,2024-10-25T23:30:00.000Z,Boston College,ACC,fbs,27.0,Louisville,ACC,fbs,31.0,DraftKings,7.0,Louisville -7,6.5,54.0,,200.0,-245.0,
1141,401673469,2024,regular,15,2024-12-07T21:00:00.000Z,Texas,SEC,fbs,19.0,Georgia,SEC,fbs,22.0,DraftKings,-3.0,Texas -3,,51.0,,-155.0,130.0,
1142,401673469,2024,regular,15,2024-12-07T21:00:00.000Z,Texas,SEC,fbs,19.0,Georgia,SEC,fbs,22.0,Bovada,-3.0,Texas -3.0,-2.5,51.0,49.0,-135.0,115.0,
1143,401673469,2024,regular,15,2024-12-07T21:00:00.000Z,Texas,SEC,fbs,19.0,Georgia,SEC,fbs,22.0,ESPN Bet,-2.5,Texas -2.5,-2.5,50.5,48.5,-150.0,130.0,
1144,401729787,2024,postseason,1,2024-12-21T20:30:00.000Z,Montana State,Big Sky,fcs,31.0,South Dakota,MVFC,fcs,17.0,ESPN Bet,-9.5,Montana State -9.5,,56.5,,,,
1145,401628521,2024,regular,8,2024-10-19T20:00:00.000Z,Maryland,Big Ten,fbs,29.0,USC,Big Ten,fbs,28.0,DraftKings,6.5,USC -6.5,6.5,56.5,,195.0,-238.0,
1146,401628521,2024,regular,8,2024-10-19T20:00:00.000Z,Maryland,Big Ten,fbs,29.0,USC,Big Ten,fbs,28.0,Bovada,7.0,USC -7.0,7.0,56.0,57.0,230.0,-280.0,
1147,401628521,2024,regular,8,2024-10-19T20:00:00.000Z,Maryland,Big Ten,fbs,29.0,USC,Big Ten,fbs,28.0,ESPN Bet,6.5,USC -6.5,7.0,55.5,56.5,220.0,-270.0,
1148,401628519,2024,regular,8,2024-10-19T16:00:00.000Z,Indiana,Big Ten,fbs,56.0,Nebraska,Big Ten,fbs,7.0,DraftKings,-6.5,Indiana -6.5,-3.5,48.0,,-230.0,190.0,
1149,401628519,2024,regular,8,2024-10-19T16:00:00.000Z,Indiana,Big Ten,fbs,56.0,Nebraska,Big Ten,fbs,7.0,Bovada,-6.5,Indiana -6.5,-6.0,48.5,51.5,-235.0,195.0,
1150,401628519,2024,regular,8,2024-10-19T16:00:00.000Z,Indiana,Big Ten,fbs,56.0,Nebraska,Big Ten,fbs,7.0,ESPN Bet,-6.5,Indiana -6.5,-6.5,47.5,51.5,-250.0,210.0,
1151,401628453,2024,regular,1,2024-08-30T23:00:00.000Z,Michigan State,Big Ten,fbs,16.0,Florida Atlantic,American Athletic,fbs,10.0,Bovada,-12.0,Michigan State -12.0,-11.5,45.0,46.5,-480.0,350.0,
1152,401628453,2024,regular,1,2024-08-30T23:00:00.000Z,Michigan State,Big Ten,fbs,16.0,Florida Atlantic,American Athletic,fbs,10.0,DraftKings,-11.5,Michigan State -11.5,-11.5,47.0,47.0,-535.0,400.0,
1153,401628453,2024,regular,1,2024-08-30T23:00:00.000Z,Michigan State,Big Ten,fbs,16.0,Florida Atlantic,American Athletic,fbs,10.0,ESPN Bet,-12.5,Michigan State -12.5,,44.5,,,,
1154,401628461,2024,regular,1,2024-08-31T01:00:00.000Z,Wisconsin,Big Ten,fbs,28.0,Western Michigan,Mid-American,fbs,14.0,Bovada,-24.0,Wisconsin -24.0,-24.0,57.0,56.5,-3300.0,1100.0,
1155,401628461,2024,regular,1,2024-08-31T01:00:00.000Z,Wisconsin,Big Ten,fbs,28.0,Western Michigan,Mid-American,fbs,14.0,DraftKings,-24.0,Wisconsin -24,-24.0,56.5,56.5,-3200.0,1400.0,
1156,401628461,2024,regular,1,2024-08-31T01:00:00.000Z,Wisconsin,Big Ten,fbs,28.0,Western Michigan,Mid-American,fbs,14.0,ESPN Bet,-24.5,Wisconsin -24.5,,56.5,,,,
1157,401673462,2024,regular,15,2024-12-07T01:00:00.000Z,Army,American Athletic,fbs,35.0,Tulane,American Athletic,fbs,14.0,DraftKings,5.0,Tulane -5,,46.5,,185.0,-225.0,
1158,401673462,2024,regular,15,2024-12-07T01:00:00.000Z,Army,American Athletic,fbs,35.0,Tulane,American Athletic,fbs,14.0,Bovada,5.0,Tulane -5.0,4.0,46.0,47.5,165.0,-195.0,
1159,401673462,2024,regular,15,2024-12-07T01:00:00.000Z,Army,American Athletic,fbs,35.0,Tulane,American Athletic,fbs,14.0,ESPN Bet,4.5,Tulane -4.5,4.0,46.5,47.5,175.0,-210.0,
1160,401643740,2024,regular,9,2024-10-26T02:30:00.000Z,UNLV,Mountain West,fbs,24.0,Boise State,Mountain West,fbs,29.0,Bovada,4.0,Boise State -4.0,3.0,64.0,65.5,125.0,-145.0,
1161,401643740,2024,regular,9,2024-10-26T02:30:00.000Z,UNLV,Mountain West,fbs,24.0,Boise State,Mountain West,fbs,29.0,ESPN Bet,3.5,Boise State -3.5,2.5,62.5,65.5,175.0,-210.0,
1162,401643740,2024,regular,9,2024-10-26T02:30:00.000Z,UNLV,Mountain West,fbs,24.0,Boise State,Mountain West,fbs,29.0,DraftKings,4.0,Boise State -4,2.5,64.0,,164.0,-198.0,
1163,401644599,2024,regular,7,2024-10-11T22:00:00.000Z,Cornell,Ivy,fcs,20.0,Harvard,Ivy,fcs,38.0,ESPN Bet,8.5,Harvard -8.5,,51.5,,,,
1164,401673468,2024,regular,15,2024-12-07T01:00:00.000Z,Boise State,Mountain West,fbs,21.0,UNLV,Mountain West,fbs,7.0,DraftKings,-4.0,Boise State -4,,57.5,,-192.0,160.0,
1165,401673468,2024,regular,15,2024-12-07T01:00:00.000Z,Boise State,Mountain West,fbs,21.0,UNLV,Mountain West,fbs,7.0,Bovada,-4.0,Boise State -4.0,-4.0,57.5,58.5,-180.0,155.0,
1166,401673468,2024,regular,15,2024-12-07T01:00:00.000Z,Boise State,Mountain West,fbs,21.0,UNLV,Mountain West,fbs,7.0,ESPN Bet,-3.5,Boise State -3.5,-3.5,57.5,58.5,-200.0,170.0,
1167,401628532,2024,regular,9,2024-10-26T03:00:00.000Z,USC,Big Ten,fbs,42.0,Rutgers,Big Ten,fbs,20.0,Bovada,-14.0,USC -14.0,-14.5,57.0,56.0,-650.0,450.0,
1168,401628532,2024,regular,9,2024-10-26T03:00:00.000Z,USC,Big Ten,fbs,42.0,Rutgers,Big Ten,fbs,20.0,ESPN Bet,-13.5,USC -13.5,-14.0,55.5,54.5,-650.0,425.0,
1169,401673464,2024,regular,15,2024-12-08T01:00:00.000Z,Oregon,Big Ten,fbs,45.0,Penn State,Big Ten,fbs,37.0,DraftKings,-3.5,Oregon -3.5,,52.0,,-180.0,150.0,
1170,401673464,2024,regular,15,2024-12-08T01:00:00.000Z,Oregon,Big Ten,fbs,45.0,Penn State,Big Ten,fbs,37.0,Bovada,-3.0,Oregon -3.0,-3.5,51.0,49.5,-170.0,145.0,
1171,401673464,2024,regular,15,2024-12-08T01:00:00.000Z,Oregon,Big Ten,fbs,45.0,Penn State,Big Ten,fbs,37.0,ESPN Bet,-3.5,Oregon -3.5,-3.5,51.5,49.5,-170.0,145.0,
1172,401636357,2024,regular,7,2024-10-12T01:15:00.000Z,Arkansas-Pine Bluff,SWAC,fcs,21.0,Prairie View A&M,SWAC,fcs,17.0,ESPN Bet,8.5,Prairie View A&M -8.5,,58.5,,,,
1173,401629039,2024,regular,1,2024-08-31T19:30:00.000Z,Massachusetts,FBS Independents,fbs,14.0,Eastern Michigan,Mid-American,fbs,28.0,DraftKings,-2.5,Massachusetts -2.5,1.0,49.0,49.0,-130.0,110.0,
1174,401629039,2024,regular,1,2024-08-31T19:30:00.000Z,Massachusetts,FBS Independents,fbs,14.0,Eastern Michigan,Mid-American,fbs,28.0,Bovada,-2.5,Massachusetts -2.5,-1.0,51.0,49.0,-160.0,135.0,
1175,401629039,2024,regular,1,2024-08-31T19:30:00.000Z,Massachusetts,FBS Independents,fbs,14.0,Eastern Michigan,Mid-American,fbs,28.0,ESPN Bet,-2.5,Massachusetts -2.5,,50.5,,,,
1176,401641015,2024,regular,1,2024-08-31T19:30:00.000Z,UTSA,American Athletic,fbs,28.0,Kennesaw State,Conference USA,fbs,16.0,DraftKings,-24.0,UTSA -24,-24.0,49.5,50.0,-3600.0,1500.0,
1177,401641015,2024,regular,1,2024-08-31T19:30:00.000Z,UTSA,American Athletic,fbs,28.0,Kennesaw State,Conference USA,fbs,16.0,Bovada,-24.0,UTSA -24.0,-24.5,48.5,50.0,-3300.0,1100.0,
1178,401628319,2024,regular,1,2024-08-31T23:00:00.000Z,Alabama,SEC,fbs,63.0,Western Kentucky,Conference USA,fbs,0.0,DraftKings,-31.0,Alabama -31,-31.0,60.0,60.5,-20000.0,3500.0,
1179,401628319,2024,regular,1,2024-08-31T23:00:00.000Z,Alabama,SEC,fbs,63.0,Western Kentucky,Conference USA,fbs,0.0,Bovada,-34.0,Alabama -34.0,-31.5,59.5,60.0,,,
1180,401628319,2024,regular,1,2024-08-31T23:00:00.000Z,Alabama,SEC,fbs,63.0,Western Kentucky,Conference USA,fbs,0.0,ESPN Bet,-37.5,Alabama -37.5,,60.5,,,,
1181,401645383,2024,regular,16,2024-12-14T20:00:00.000Z,Army,American Athletic,fbs,13.0,Navy,American Athletic,fbs,31.0,DraftKings,-6.5,Army -6.5,0.0,39.0,,-270.0,220.0,
1182,401645383,2024,regular,16,2024-12-14T20:00:00.000Z,Army,American Athletic,fbs,13.0,Navy,American Athletic,fbs,31.0,Bovada,-6.0,Army -6.0,-5.5,39.0,40.5,-220.0,180.0,
1183,401645383,2024,regular,16,2024-12-14T20:00:00.000Z,Army,American Athletic,fbs,13.0,Navy,American Athletic,fbs,31.0,ESPN Bet,-6.5,Army -6.5,-5.5,39.5,40.5,-250.0,210.0,
1184,401677182,2024,postseason,1,2025-01-01T18:00:00.000Z,Arizona State,Big 12,fbs,31.0,Texas,SEC,fbs,39.0,DraftKings,13.5,Texas -13.5,,52.5,52.0,440.0,-600.0,
1185,401677182,2024,postseason,1,2025-01-01T18:00:00.000Z,Arizona State,Big 12,fbs,31.0,Texas,SEC,fbs,39.0,ESPN Bet,13.5,Texas -13.5,13.5,52.5,51.5,425.0,-650.0,
1186,401677182,2024,postseason,1,2025-01-01T18:00:00.000Z,Arizona State,Big 12,fbs,31.0,Texas,SEC,fbs,39.0,Bovada,13.0,Texas -13.0,13.5,51.5,52.0,410.0,-585.0,
1187,401628980,2024,regular,5,2024-09-28T19:30:00.000Z,Notre Dame,FBS Independents,fbs,31.0,Louisville,ACC,fbs,24.0,DraftKings,-6.5,Notre Dame -6.5,-9.5,45.0,,-245.0,200.0,
1188,401628980,2024,regular,5,2024-09-28T19:30:00.000Z,Notre Dame,FBS Independents,fbs,31.0,Louisville,ACC,fbs,24.0,Bovada,-6.5,Notre Dame -6.5,-6.5,45.0,47.5,-240.0,200.0,
1189,401628980,2024,regular,5,2024-09-28T19:30:00.000Z,Notre Dame,FBS Independents,fbs,31.0,Louisville,ACC,fbs,24.0,ESPN Bet,-6.5,Notre Dame -6.5,-5.0,45.5,48.5,-240.0,200.0,
1190,401635552,2024,regular,4,2024-09-21T16:00:00.000Z,Clemson,ACC,fbs,59.0,NC State,ACC,fbs,35.0,DraftKings,-17.0,Clemson -17,-7.5,44.0,,-800.0,550.0,
1191,401635552,2024,regular,4,2024-09-21T16:00:00.000Z,Clemson,ACC,fbs,59.0,NC State,ACC,fbs,35.0,Bovada,-19.0,Clemson -19.0,-17.0,44.0,48.0,-1100.0,650.0,
1192,401635552,2024,regular,4,2024-09-21T16:00:00.000Z,Clemson,ACC,fbs,59.0,NC State,ACC,fbs,35.0,ESPN Bet,-17.5,Clemson -17.5,-15.5,44.5,48.5,-1000.0,700.0,
1193,401636911,2024,regular,9,2024-10-26T19:30:00.000Z,UCF,Big 12,fbs,24.0,BYU,Big 12,fbs,37.0,Bovada,-2.5,UCF -2.5,-1.0,53.5,54.5,105.0,-125.0,
1194,401636911,2024,regular,9,2024-10-26T19:30:00.000Z,UCF,Big 12,fbs,24.0,BYU,Big 12,fbs,37.0,ESPN Bet,-2.5,UCF -2.5,1.5,53.5,54.5,-145.0,125.0,
1195,401636911,2024,regular,9,2024-10-26T19:30:00.000Z,UCF,Big 12,fbs,24.0,BYU,Big 12,fbs,37.0,DraftKings,-2.5,UCF -2.5,1.0,53.5,,-130.0,110.0,
1196,401635569,2024,regular,6,2024-10-05T23:00:00.000Z,Florida State,ACC,fbs,13.0,Clemson,ACC,fbs,29.0,DraftKings,16.5,Clemson -16.5,-4.0,47.0,,525.0,-750.0,
1197,401635569,2024,regular,6,2024-10-05T23:00:00.000Z,Florida State,ACC,fbs,13.0,Clemson,ACC,fbs,29.0,Bovada,16.5,Clemson -16.5,15.0,47.0,47.0,430.0,-625.0,
1198,401635569,2024,regular,6,2024-10-05T23:00:00.000Z,Florida State,ACC,fbs,13.0,Clemson,ACC,fbs,29.0,ESPN Bet,16.5,Clemson -16.5,15.5,46.5,47.5,550.0,-800.0,
1199,401654596,2024,regular,7,2024-10-12T16:00:00.000Z,Long Island University,NEC,fcs,31.0,Stonehill,NEC,fcs,7.0,ESPN Bet,-9.5,Long Island University -9.5,,47.5,,,,
1200,401628408,2024,regular,10,2024-11-02T19:30:00.000Z,Georgia,SEC,fbs,34.0,Florida,SEC,fbs,20.0,DraftKings,-14.5,Georgia -14.5,-21.0,52.5,,-700.0,500.0,
1201,401628408,2024,regular,10,2024-11-02T19:30:00.000Z,Georgia,SEC,fbs,34.0,Florida,SEC,fbs,20.0,Bovada,-15.0,Georgia -15.0,-16.0,52.5,52.0,-800.0,525.0,
1202,401628408,2024,regular,10,2024-11-02T19:30:00.000Z,Georgia,SEC,fbs,34.0,Florida,SEC,fbs,20.0,ESPN Bet,-14.5,Georgia -14.5,-16.5,52.5,52.5,-750.0,475.0,
1203,401628429,2024,regular,13,2024-11-23T17:00:00.000Z,Florida,SEC,fbs,24.0,Ole Miss,SEC,fbs,17.0,DraftKings,13.0,Ole Miss -13,6.5,57.5,,380.0,-470.0,
1204,401628429,2024,regular,13,2024-11-23T17:00:00.000Z,Florida,SEC,fbs,24.0,Ole Miss,SEC,fbs,17.0,Bovada,12.5,Ole Miss -12.5,9.5,55.5,55.0,310.0,-415.0,
1205,401628429,2024,regular,13,2024-11-23T17:00:00.000Z,Florida,SEC,fbs,24.0,Ole Miss,SEC,fbs,17.0,ESPN Bet,13.5,Ole Miss -13.5,9.5,57.5,55.5,380.0,-550.0,
1206,401628531,2024,regular,9,2024-10-26T23:30:00.000Z,Wisconsin,Big Ten,fbs,13.0,Penn State,Big Ten,fbs,28.0,DraftKings,6.5,Penn State -6.5,6.5,47.0,,195.0,-238.0,
1207,401628531,2024,regular,9,2024-10-26T23:30:00.000Z,Wisconsin,Big Ten,fbs,13.0,Penn State,Big Ten,fbs,28.0,Bovada,6.0,Penn State -6.0,6.0,47.5,47.5,205.0,-245.0,
1208,401628531,2024,regular,9,2024-10-26T23:30:00.000Z,Wisconsin,Big Ten,fbs,13.0,Penn State,Big Ten,fbs,28.0,ESPN Bet,6.5,Penn State -6.5,6.5,45.5,47.5,195.0,-230.0,
1209,401628322,2024,regular,1,2024-08-31T19:30:00.000Z,Florida,SEC,fbs,17.0,Miami,ACC,fbs,41.0,DraftKings,2.5,Miami -2.5,2.5,54.5,54.5,120.0,-142.0,
1210,401628322,2024,regular,1,2024-08-31T19:30:00.000Z,Florida,SEC,fbs,17.0,Miami,ACC,fbs,41.0,Bovada,2.5,Miami -2.5,2.5,54.5,54.5,115.0,-135.0,
1211,401628322,2024,regular,1,2024-08-31T19:30:00.000Z,Florida,SEC,fbs,17.0,Miami,ACC,fbs,41.0,ESPN Bet,2.5,Miami -2.5,,54.5,,,,
1212,401628353,2024,regular,3,2024-09-14T19:30:00.000Z,Florida,SEC,fbs,20.0,Texas A&M,SEC,fbs,33.0,DraftKings,4.5,Texas A&M -4.5,4.0,47.0,,124.0,-148.0,
1213,401628353,2024,regular,3,2024-09-14T19:30:00.000Z,Florida,SEC,fbs,20.0,Texas A&M,SEC,fbs,33.0,Bovada,3.0,Texas A&M -3.0,4.0,45.5,46.5,170.0,-200.0,
1214,401628353,2024,regular,3,2024-09-14T19:30:00.000Z,Florida,SEC,fbs,20.0,Texas A&M,SEC,fbs,33.0,ESPN Bet,3.5,Texas A&M -3.5,4.5,45.5,,130.0,-150.0,
1215,401628373,2024,regular,5,2024-09-28T19:30:00.000Z,Texas A&M,SEC,fbs,21.0,Arkansas,SEC,fbs,17.0,DraftKings,-6.5,Texas A&M -6.5,-10.5,50.5,,-230.0,190.0,
1216,401628373,2024,regular,5,2024-09-28T19:30:00.000Z,Texas A&M,SEC,fbs,21.0,Arkansas,SEC,fbs,17.0,Bovada,-6.5,Texas A&M -6.5,-4.0,50.5,52.5,-200.0,170.0,
1217,401628373,2024,regular,5,2024-09-28T19:30:00.000Z,Texas A&M,SEC,fbs,21.0,Arkansas,SEC,fbs,17.0,ESPN Bet,-7.5,Texas A&M -7.5,-4.5,50.5,52.5,-230.0,195.0,
1218,401643697,2024,regular,1,2024-08-24T20:00:00.000Z,New Mexico,Mountain West,fbs,31.0,Montana State,Big Sky,fcs,35.0,DraftKings,10.5,Montana State -10.5,9.0,54.0,53.5,360.0,-470.0,
1219,401643697,2024,regular,1,2024-08-24T20:00:00.000Z,New Mexico,Mountain West,fbs,31.0,Montana State,Big Sky,fcs,35.0,Bovada,10.5,Montana State -10.5,10.0,53.5,53.0,280.0,-360.0,
1220,401643697,2024,regular,1,2024-08-24T20:00:00.000Z,New Mexico,Mountain West,fbs,31.0,Montana State,Big Sky,fcs,35.0,ESPN Bet,13.5,Montana State -13.5,,54.5,,,,
1221,401628459,2024,regular,1,2024-08-31T23:30:00.000Z,Hawai'i,Mountain West,fbs,13.0,UCLA,Big Ten,fbs,16.0,DraftKings,13.5,UCLA -13.5,13.5,55.5,55.5,410.0,-550.0,
1222,401628459,2024,regular,1,2024-08-31T23:30:00.000Z,Hawai'i,Mountain West,fbs,13.0,UCLA,Big Ten,fbs,16.0,Bovada,13.5,UCLA -13.5,13.0,52.0,55.0,425.0,-600.0,
1223,401628459,2024,regular,1,2024-08-31T23:30:00.000Z,Hawai'i,Mountain West,fbs,13.0,UCLA,Big Ten,fbs,16.0,ESPN Bet,13.5,UCLA -13.5,,51.5,,,,
1224,401628489,2024,regular,4,2024-09-21T19:30:00.000Z,Michigan,Big Ten,fbs,27.0,USC,Big Ten,fbs,24.0,DraftKings,4.0,USC -4,-9.0,44.0,,154.0,-185.0,
1225,401628489,2024,regular,4,2024-09-21T19:30:00.000Z,Michigan,Big Ten,fbs,27.0,USC,Big Ten,fbs,24.0,Bovada,4.0,USC -4.0,5.5,44.5,46.5,160.0,-185.0,
1226,401628489,2024,regular,4,2024-09-21T19:30:00.000Z,Michigan,Big Ten,fbs,27.0,USC,Big Ten,fbs,24.0,ESPN Bet,4.5,USC -4.5,5.5,43.5,46.5,160.0,-190.0,
1227,401638669,2024,regular,7,2024-10-12T16:00:00.000Z,Dayton,Pioneer,fcs,16.0,Davidson,Pioneer,fcs,14.0,ESPN Bet,-1.5,Dayton -1.5,,57.5,,,,
1228,401634767,2024,regular,5,2024-09-27T23:30:00.000Z,Miami,ACC,fbs,38.0,Virginia Tech,ACC,fbs,34.0,DraftKings,-17.5,Miami -17.5,-7.5,55.5,,-900.0,600.0,
1229,401634767,2024,regular,5,2024-09-27T23:30:00.000Z,Miami,ACC,fbs,38.0,Virginia Tech,ACC,fbs,34.0,Bovada,-18.0,Miami -18.0,-20.0,55.5,54.5,-1100.0,650.0,
1230,401634767,2024,regular,5,2024-09-27T23:30:00.000Z,Miami,ACC,fbs,38.0,Virginia Tech,ACC,fbs,34.0,ESPN Bet,-17.5,Miami -17.5,-17.0,55.5,56.5,-900.0,600.0,
1231,401636864,2024,regular,3,2024-09-14T00:00:00.000Z,Kansas State,Big 12,fbs,31.0,Arizona,Big 12,fbs,7.0,DraftKings,-7.0,Kansas State -7,-7.5,58.0,,-258.0,210.0,
1232,401636864,2024,regular,3,2024-09-14T00:00:00.000Z,Kansas State,Big 12,fbs,31.0,Arizona,Big 12,fbs,7.0,Bovada,-7.0,Kansas State -7.0,-8.0,61.0,58.5,-270.0,220.0,
1233,401636864,2024,regular,3,2024-09-14T00:00:00.000Z,Kansas State,Big 12,fbs,31.0,Arizona,Big 12,fbs,7.0,ESPN Bet,-9.5,Kansas State -9.5,-8.5,61.5,,-240.0,200.0,
1234,401635547,2024,regular,3,2024-09-14T19:30:00.000Z,Pittsburgh,ACC,fbs,38.0,West Virginia,Big 12,fbs,34.0,DraftKings,2.5,West Virginia -2.5,4.5,60.5,,102.0,-122.0,
1235,401635547,2024,regular,3,2024-09-14T19:30:00.000Z,Pittsburgh,ACC,fbs,38.0,West Virginia,Big 12,fbs,34.0,Bovada,2.0,West Virginia -2.0,3.0,61.5,60.5,120.0,-140.0,
1236,401635547,2024,regular,3,2024-09-14T19:30:00.000Z,Pittsburgh,ACC,fbs,38.0,West Virginia,Big 12,fbs,34.0,ESPN Bet,1.5,West Virginia -1.5,5.5,61.5,,105.0,-125.0,
1237,401635589,2024,regular,8,2024-10-19T16:00:00.000Z,Louisville,ACC,fbs,45.0,Miami,ACC,fbs,52.0,DraftKings,4.5,Miami -4.5,-1.0,61.5,,154.0,-185.0,
1238,401635589,2024,regular,8,2024-10-19T16:00:00.000Z,Louisville,ACC,fbs,45.0,Miami,ACC,fbs,52.0,Bovada,4.0,Miami -4.0,3.5,61.0,61.0,160.0,-185.0,
1239,401635589,2024,regular,8,2024-10-19T16:00:00.000Z,Louisville,ACC,fbs,45.0,Miami,ACC,fbs,52.0,ESPN Bet,4.5,Miami -4.5,4.0,60.5,60.5,165.0,-195.0,
1240,401677183,2024,postseason,1,2025-01-01T22:00:00.000Z,Oregon,Big Ten,fbs,21.0,Ohio State,Big Ten,fbs,41.0,Bovada,2.5,Ohio State -2.5,2.0,55.5,54.5,,,
1241,401677183,2024,postseason,1,2025-01-01T22:00:00.000Z,Oregon,Big Ten,fbs,21.0,Ohio State,Big Ten,fbs,41.0,DraftKings,2.5,Ohio State -2.5,2.5,55.5,,120.0,-142.0,
1242,401677183,2024,postseason,1,2025-01-01T22:00:00.000Z,Oregon,Big Ten,fbs,21.0,Ohio State,Big Ten,fbs,41.0,ESPN Bet,2.5,Ohio State -2.5,2.0,54.5,53.5,120.0,-140.0,
1243,401654490,2024,regular,7,2024-10-12T16:00:00.000Z,Wagner,NEC,fcs,6.0,Columbia,Ivy,fcs,24.0,ESPN Bet,14.5,Columbia -14.5,,45.5,,,,
1244,401643858,2024,regular,1,2024-08-25T03:59:00.000Z,Hawai'i,Mountain West,fbs,35.0,Delaware State,MEAC,fcs,14.0,Bovada,-38.5,Hawai'i -38.5,-38.0,57.5,57.0,,,
1245,401643858,2024,regular,1,2024-08-25T03:59:00.000Z,Hawai'i,Mountain West,fbs,35.0,Delaware State,MEAC,fcs,14.0,DraftKings,-38.0,Hawai'i -38,-38.0,57.5,55.5,,,
1246,401643858,2024,regular,1,2024-08-25T03:59:00.000Z,Hawai'i,Mountain West,fbs,35.0,Delaware State,MEAC,fcs,14.0,ESPN Bet,-39.5,Hawai'i -39.5,,53.5,,,,
1247,401644752,2024,regular,9,2024-10-26T19:30:00.000Z,Akron,Mid-American,fbs,25.0,Eastern Michigan,Mid-American,fbs,21.0,Bovada,2.5,Eastern Michigan -2.5,3.0,50.5,52.0,145.0,-170.0,
1248,401644752,2024,regular,9,2024-10-26T19:30:00.000Z,Akron,Mid-American,fbs,25.0,Eastern Michigan,Mid-American,fbs,21.0,ESPN Bet,2.5,Eastern Michigan -2.5,3.0,50.5,51.5,120.0,-140.0,
1249,401644752,2024,regular,9,2024-10-26T19:30:00.000Z,Akron,Mid-American,fbs,25.0,Eastern Michigan,Mid-American,fbs,21.0,DraftKings,2.5,Eastern Michigan -2.5,6.0,50.5,,120.0,-142.0,
1250,401628333,2024,regular,1,2024-08-31T16:00:00.000Z,Vanderbilt,SEC,fbs,34.0,Virginia Tech,ACC,fbs,27.0,DraftKings,13.5,Virginia Tech -13.5,13.0,53.5,54.0,390.0,-520.0,
1251,401628333,2024,regular,1,2024-08-31T16:00:00.000Z,Vanderbilt,SEC,fbs,34.0,Virginia Tech,ACC,fbs,27.0,Bovada,13.0,Virginia Tech -13.0,13.0,49.0,53.5,390.0,-550.0,
1252,401628333,2024,regular,1,2024-08-31T16:00:00.000Z,Vanderbilt,SEC,fbs,34.0,Virginia Tech,ACC,fbs,27.0,ESPN Bet,13.5,Virginia Tech -13.5,,48.5,,,,
1253,401635600,2024,regular,10,2024-11-02T23:30:00.000Z,Clemson,ACC,fbs,21.0,Louisville,ACC,fbs,33.0,DraftKings,-11.0,Clemson -11,-8.0,62.5,,-410.0,320.0,
1254,401635600,2024,regular,10,2024-11-02T23:30:00.000Z,Clemson,ACC,fbs,21.0,Louisville,ACC,fbs,33.0,Bovada,-11.0,Clemson -11.0,-10.5,62.5,61.5,-430.0,320.0,
1255,401635600,2024,regular,10,2024-11-02T23:30:00.000Z,Clemson,ACC,fbs,21.0,Louisville,ACC,fbs,33.0,ESPN Bet,-11.5,Clemson -11.5,-11.5,62.5,61.5,-425.0,320.0,
1256,401628483,2024,regular,3,2024-09-14T19:30:00.000Z,Oregon State,Pac-12,fbs,14.0,Oregon,Big Ten,fbs,49.0,DraftKings,16.0,Oregon -16,20.5,50.0,,750.0,-1200.0,
1257,401628483,2024,regular,3,2024-09-14T19:30:00.000Z,Oregon State,Pac-12,fbs,14.0,Oregon,Big Ten,fbs,49.0,Bovada,19.0,Oregon -19.0,16.0,50.0,50.5,525.0,-800.0,
1258,401628483,2024,regular,3,2024-09-14T19:30:00.000Z,Oregon State,Pac-12,fbs,14.0,Oregon,Big Ten,fbs,49.0,ESPN Bet,18.0,Oregon -18,20.5,49.5,,600.0,-900.0,
1259,401628484,2024,regular,3,2024-09-14T19:30:00.000Z,Washington,Big Ten,fbs,19.0,Washington State,Pac-12,fbs,24.0,DraftKings,-4.0,Washington -4,-8.0,56.0,,-225.0,185.0,
1260,401628484,2024,regular,3,2024-09-14T19:30:00.000Z,Washington,Big Ten,fbs,19.0,Washington State,Pac-12,fbs,24.0,Bovada,-6.0,Washington -6.0,-5.5,54.0,56.5,-200.0,170.0,
1261,401628484,2024,regular,3,2024-09-14T19:30:00.000Z,Washington,Big Ten,fbs,19.0,Washington State,Pac-12,fbs,24.0,ESPN Bet,-5.5,Washington -5.5,-7.5,54.5,,-215.0,180.0,
1262,401654576,2024,regular,7,2024-10-12T16:00:00.000Z,Central Connecticut,NEC,fcs,38.0,Mercyhurst,NEC,fcs,20.0,ESPN Bet,-16.5,Central Connecticut -16.5,,57.5,,,,
1263,401644755,2024,regular,9,2024-10-26T16:00:00.000Z,Ohio,Mid-American,fbs,47.0,Buffalo,Mid-American,fbs,16.0,Bovada,-4.0,Ohio -4.0,-6.0,46.5,46.0,-235.0,195.0,
1264,401644755,2024,regular,9,2024-10-26T16:00:00.000Z,Ohio,Mid-American,fbs,47.0,Buffalo,Mid-American,fbs,16.0,ESPN Bet,-4.5,Ohio -4.5,-6.5,45.5,46.5,-175.0,150.0,
1265,401644755,2024,regular,9,2024-10-26T16:00:00.000Z,Ohio,Mid-American,fbs,47.0,Buffalo,Mid-American,fbs,16.0,DraftKings,-4.0,Ohio -4,-6.5,46.5,,-192.0,160.0,
1266,401628350,2024,regular,3,2024-09-14T16:00:00.000Z,Wisconsin,Big Ten,fbs,10.0,Alabama,SEC,fbs,42.0,DraftKings,15.5,Alabama -15.5,9.0,51.0,,470.0,-650.0,
1267,401628350,2024,regular,3,2024-09-14T16:00:00.000Z,Wisconsin,Big Ten,fbs,10.0,Alabama,SEC,fbs,42.0,Bovada,14.5,Alabama -14.5,9.5,47.0,50.0,500.0,-750.0,
1268,401628350,2024,regular,3,2024-09-14T16:00:00.000Z,Wisconsin,Big Ten,fbs,10.0,Alabama,SEC,fbs,42.0,ESPN Bet,15.5,Alabama -15.5,9.5,47.5,,550.0,-800.0,
1269,401634304,2024,regular,1,2024-08-31T19:30:00.000Z,Syracuse,ACC,fbs,38.0,Ohio,Mid-American,fbs,22.0,DraftKings,-17.5,Syracuse -17.5,-17.0,47.5,47.5,-850.0,575.0,
1270,401634304,2024,regular,1,2024-08-31T19:30:00.000Z,Syracuse,ACC,fbs,38.0,Ohio,Mid-American,fbs,22.0,Bovada,-17.0,Syracuse -17.0,-17.5,45.0,47.0,-1000.0,625.0,
1271,401634304,2024,regular,1,2024-08-31T19:30:00.000Z,Syracuse,ACC,fbs,38.0,Ohio,Mid-American,fbs,22.0,ESPN Bet,-17.5,Syracuse -17.5,,45.5,,,,
1272,401628402,2024,regular,9,2024-10-26T16:00:00.000Z,Ole Miss,SEC,fbs,26.0,Oklahoma,SEC,fbs,14.0,DraftKings,-19.0,Ole Miss -19,-6.0,50.0,,-1200.0,750.0,
1273,401628402,2024,regular,9,2024-10-26T16:00:00.000Z,Ole Miss,SEC,fbs,26.0,Oklahoma,SEC,fbs,14.0,Bovada,-19.5,Ole Miss -19.5,-20.5,50.0,48.0,-1500.0,775.0,
1274,401628402,2024,regular,9,2024-10-26T16:00:00.000Z,Ole Miss,SEC,fbs,26.0,Oklahoma,SEC,fbs,14.0,ESPN Bet,-19.5,Ole Miss -19.5,-20.5,50.5,48.5,-1400.0,750.0,
1275,401628455,2024,regular,1,2024-08-31T19:30:00.000Z,Ohio State,Big Ten,fbs,52.0,Akron,Mid-American,fbs,6.0,DraftKings,-50.5,Ohio State -50.5,-50.5,58.5,58.5,,,
1276,401628455,2024,regular,1,2024-08-31T19:30:00.000Z,Ohio State,Big Ten,fbs,52.0,Akron,Mid-American,fbs,6.0,Bovada,-49.5,Ohio State -49.5,-50.5,56.0,58.0,,,
1277,401628455,2024,regular,1,2024-08-31T19:30:00.000Z,Ohio State,Big Ten,fbs,52.0,Akron,Mid-American,fbs,6.0,ESPN Bet,-48.5,Ohio State -48.5,,55.5,,,,
1278,401636861,2024,regular,3,2024-09-14T23:30:00.000Z,Colorado State,Mountain West,fbs,9.0,Colorado,Big 12,fbs,28.0,DraftKings,7.5,Colorado -7.5,7.5,58.5,,245.0,-305.0,
1279,401636861,2024,regular,3,2024-09-14T23:30:00.000Z,Colorado State,Mountain West,fbs,9.0,Colorado,Big 12,fbs,28.0,Bovada,7.5,Colorado -7.5,8.0,59.5,58.0,250.0,-300.0,
1280,401636861,2024,regular,3,2024-09-14T23:30:00.000Z,Colorado State,Mountain West,fbs,9.0,Colorado,Big 12,fbs,28.0,ESPN Bet,7.5,Colorado -7.5,7.5,58.5,,240.0,-290.0,
1281,401628324,2024,regular,1,2024-08-31T23:45:00.000Z,Kentucky,SEC,fbs,31.0,Southern Miss,Sun Belt,fbs,0.0,DraftKings,-25.5,Kentucky -25.5,-25.5,50.5,50.5,-5000.0,1800.0,
1282,401628324,2024,regular,1,2024-08-31T23:45:00.000Z,Kentucky,SEC,fbs,31.0,Southern Miss,Sun Belt,fbs,0.0,Bovada,-25.5,Kentucky -25.5,-27.0,50.0,51.5,-6500.0,1300.0,
1283,401628324,2024,regular,1,2024-08-31T23:45:00.000Z,Kentucky,SEC,fbs,31.0,Southern Miss,Sun Belt,fbs,0.0,ESPN Bet,-25.5,Kentucky -25.5,,49.5,,,,
1284,401628383,2024,regular,6,2024-10-05T16:00:00.000Z,Texas A&M,SEC,fbs,41.0,Missouri,SEC,fbs,10.0,DraftKings,-3.0,Texas A&M -3,-4.0,47.5,,-142.0,120.0,
1285,401628383,2024,regular,6,2024-10-05T16:00:00.000Z,Texas A&M,SEC,fbs,41.0,Missouri,SEC,fbs,10.0,Bovada,-2.5,Texas A&M -2.5,-1.5,47.5,49.5,-140.0,120.0,
1286,401628383,2024,regular,6,2024-10-05T16:00:00.000Z,Texas A&M,SEC,fbs,41.0,Missouri,SEC,fbs,10.0,ESPN Bet,-2.5,Texas A&M -2.5,-1.0,46.5,49.5,-145.0,125.0,
1287,401628504,2024,regular,6,2024-10-05T19:30:00.000Z,Ohio State,Big Ten,fbs,35.0,Iowa,Big Ten,fbs,7.0,DraftKings,-17.0,Ohio State -17,-24.0,46.0,,-1200.0,750.0,
1288,401628504,2024,regular,6,2024-10-05T19:30:00.000Z,Ohio State,Big Ten,fbs,35.0,Iowa,Big Ten,fbs,7.0,Bovada,-17.0,Ohio State -17.0,-20.5,46.0,44.5,-1400.0,750.0,
1289,401628504,2024,regular,6,2024-10-05T19:30:00.000Z,Ohio State,Big Ten,fbs,35.0,Iowa,Big Ten,fbs,7.0,ESPN Bet,-17.5,Ohio State -17.5,-20.5,45.5,44.5,-1600.0,900.0,
1290,401634302,2024,regular,1,2024-09-01T00:00:00.000Z,Georgia Tech,ACC,fbs,35.0,Georgia State,Sun Belt,fbs,12.0,DraftKings,-20.5,Georgia Tech -20.5,-20.5,57.0,57.5,-2100.0,1100.0,
1291,401634302,2024,regular,1,2024-09-01T00:00:00.000Z,Georgia Tech,ACC,fbs,35.0,Georgia State,Sun Belt,fbs,12.0,Bovada,-20.5,Georgia Tech -20.5,-21.0,55.5,57.0,-1900.0,900.0,
1292,401628331,2024,regular,1,2024-08-31T19:30:00.000Z,Texas,SEC,fbs,52.0,Colorado State,Mountain West,fbs,0.0,DraftKings,-35.5,Texas -35.5,-35.5,59.0,59.0,-20000.0,3500.0,
1293,401628331,2024,regular,1,2024-08-31T19:30:00.000Z,Texas,SEC,fbs,52.0,Colorado State,Mountain West,fbs,0.0,Bovada,-35.0,Texas -35.0,-33.5,62.5,60.0,,,
1294,401628331,2024,regular,1,2024-08-31T19:30:00.000Z,Texas,SEC,fbs,52.0,Colorado State,Mountain West,fbs,0.0,ESPN Bet,-34.5,Texas -34.5,,62.5,,,,
1295,401636886,2024,regular,5,2024-09-29T02:15:00.000Z,Utah,Big 12,fbs,10.0,Arizona,Big 12,fbs,23.0,DraftKings,-7.5,Utah -7.5,-9.5,47.0,,-285.0,230.0,
1296,401636886,2024,regular,5,2024-09-29T02:15:00.000Z,Utah,Big 12,fbs,10.0,Arizona,Big 12,fbs,23.0,Bovada,-7.5,Utah -7.5,-11.0,47.5,50.0,-480.0,350.0,
1297,401636886,2024,regular,5,2024-09-29T02:15:00.000Z,Utah,Big 12,fbs,10.0,Arizona,Big 12,fbs,23.0,ESPN Bet,-7.5,Utah -7.5,-11.5,46.5,51.5,-300.0,250.0,
1298,401634212,2024,regular,1,2024-08-31T18:00:00.000Z,Oklahoma State,Big 12,fbs,44.0,South Dakota State,MVFC,fcs,20.0,DraftKings,-9.5,Oklahoma State -9.5,-9.0,54.0,54.0,-500.0,380.0,
1299,401634212,2024,regular,1,2024-08-31T18:00:00.000Z,Oklahoma State,Big 12,fbs,44.0,South Dakota State,MVFC,fcs,20.0,Bovada,-9.5,Oklahoma State -9.5,-9.5,54.5,54.5,,,
1300,401634212,2024,regular,1,2024-08-31T18:00:00.000Z,Oklahoma State,Big 12,fbs,44.0,South Dakota State,MVFC,fcs,20.0,ESPN Bet,-12.5,Oklahoma State -12.5,,55.5,,,,
1301,401628428,2024,regular,13,2024-11-24T00:30:00.000Z,Auburn,SEC,fbs,43.0,Texas A&M,SEC,fbs,41.0,DraftKings,2.5,Texas A&M -2.5,2.0,47.0,,114.0,-135.0,
1302,401628428,2024,regular,13,2024-11-24T00:30:00.000Z,Auburn,SEC,fbs,43.0,Texas A&M,SEC,fbs,41.0,ESPN Bet,2.5,Texas A&M -2.5,2.5,47.5,46.5,115.0,-135.0,
1303,401628428,2024,regular,13,2024-11-24T00:30:00.000Z,Auburn,SEC,fbs,43.0,Texas A&M,SEC,fbs,41.0,Bovada,2.5,Texas A&M -2.5,2.0,47.0,46.5,,-130.0,
1304,401628502,2024,regular,5,2024-09-28T19:30:00.000Z,USC,Big Ten,fbs,38.0,Wisconsin,Big Ten,fbs,21.0,DraftKings,-14.0,USC -14,-5.5,50.5,,-575.0,425.0,
1305,401628502,2024,regular,5,2024-09-28T19:30:00.000Z,USC,Big Ten,fbs,38.0,Wisconsin,Big Ten,fbs,21.0,ESPN Bet,-13.5,USC -13.5,-14.5,49.5,51.5,-650.0,475.0,
1306,401628502,2024,regular,5,2024-09-28T19:30:00.000Z,USC,Big Ten,fbs,38.0,Wisconsin,Big Ten,fbs,21.0,Bovada,-13.5,USC -13.5,-16.0,50.0,51.0,-750.0,500.0,
1307,401628400,2024,regular,9,2024-10-26T19:30:00.000Z,Alabama,SEC,fbs,34.0,Missouri,SEC,fbs,0.0,DraftKings,-16.0,Alabama -16,-8.5,51.5,,-700.0,490.0,
1308,401628400,2024,regular,9,2024-10-26T19:30:00.000Z,Alabama,SEC,fbs,34.0,Missouri,SEC,fbs,0.0,Bovada,-15.5,Alabama -15.5,-13.5,51.5,56.0,-600.0,425.0,
1309,401628400,2024,regular,9,2024-10-26T19:30:00.000Z,Alabama,SEC,fbs,34.0,Missouri,SEC,fbs,0.0,ESPN Bet,-16.5,Alabama -16.5,-14.0,51.5,56.5,-900.0,550.0,
1310,401628392,2024,regular,8,2024-10-19T23:00:00.000Z,Arkansas,SEC,fbs,10.0,LSU,SEC,fbs,34.0,DraftKings,3.0,LSU -3,9.5,57.0,,124.0,-148.0,
1311,401628392,2024,regular,8,2024-10-19T23:00:00.000Z,Arkansas,SEC,fbs,10.0,LSU,SEC,fbs,34.0,Bovada,3.0,LSU -3.0,3.0,57.0,57.0,120.0,-140.0,
1312,401628392,2024,regular,8,2024-10-19T23:00:00.000Z,Arkansas,SEC,fbs,10.0,LSU,SEC,fbs,34.0,ESPN Bet,2.5,LSU -2.5,2.5,55.5,57.5,125.0,-145.0,
1313,401636936,2024,regular,13,2024-11-24T00:30:00.000Z,Utah,Big 12,fbs,28.0,Iowa State,Big 12,fbs,31.0,DraftKings,6.5,Iowa State -6.5,-9.0,42.5,,210.0,-258.0,
1314,401636936,2024,regular,13,2024-11-24T00:30:00.000Z,Utah,Big 12,fbs,28.0,Iowa State,Big 12,fbs,31.0,Bovada,6.5,Iowa State -6.5,6.5,42.5,42.5,235.0,-285.0,
1315,401636936,2024,regular,13,2024-11-24T00:30:00.000Z,Utah,Big 12,fbs,28.0,Iowa State,Big 12,fbs,31.0,ESPN Bet,3.5,Iowa State -3.5,6.5,42.5,42.5,210.0,-250.0,
1316,401628398,2024,regular,8,2024-10-19T23:30:00.000Z,Texas,SEC,fbs,15.0,Georgia,SEC,fbs,30.0,DraftKings,-4.0,Texas -4,2.0,57.0,,-180.0,150.0,
1317,401628398,2024,regular,8,2024-10-19T23:30:00.000Z,Texas,SEC,fbs,15.0,Georgia,SEC,fbs,30.0,Bovada,-4.0,Texas -4.0,-3.5,57.0,56.5,-180.0,155.0,
1318,401628398,2024,regular,8,2024-10-19T23:30:00.000Z,Texas,SEC,fbs,15.0,Georgia,SEC,fbs,30.0,ESPN Bet,-4.5,Texas -4.5,-3.5,56.5,56.5,-190.0,160.0,
1319,401654590,2024,regular,7,2024-10-12T16:00:00.000Z,St. Francis (PA),NEC,fcs,7.0,Duquesne,NEC,fcs,38.0,ESPN Bet,3.0,Duquesne -3,,49.5,,,,
1320,401638671,2024,regular,7,2024-10-12T16:00:00.000Z,Marist,Pioneer,fcs,32.0,St. Thomas (MN),Pioneer,fcs,39.0,ESPN Bet,7.0,St. Thomas (MN) -7,,48.5,,,,
1321,401635597,2024,regular,9,2024-10-26T16:00:00.000Z,Virginia Tech,ACC,fbs,21.0,Georgia Tech,ACC,fbs,6.0,Bovada,-11.0,Virginia Tech -11.0,-9.5,52.0,52.0,-370.0,285.0,
1322,401635597,2024,regular,9,2024-10-26T16:00:00.000Z,Virginia Tech,ACC,fbs,21.0,Georgia Tech,ACC,fbs,6.0,ESPN Bet,-11.5,Virginia Tech -11.5,-9.0,52.5,52.5,-425.0,320.0,
1323,401635597,2024,regular,9,2024-10-26T16:00:00.000Z,Virginia Tech,ACC,fbs,21.0,Georgia Tech,ACC,fbs,6.0,DraftKings,-11.0,Virginia Tech -11,-7.5,52.0,,-410.0,320.0,
1324,401673470,2024,regular,15,2024-12-08T00:30:00.000Z,Louisiana,Sun Belt,fbs,3.0,Marshall,Sun Belt,fbs,31.0,Bovada,-5.0,Louisiana -5.0,-4.5,57.0,56.5,,,
1325,401673470,2024,regular,15,2024-12-08T00:30:00.000Z,Louisiana,Sun Belt,fbs,3.0,Marshall,Sun Belt,fbs,31.0,ESPN Bet,-4.5,Louisiana -4.5,-4.5,57.5,56.5,-200.0,170.0,
1326,401673470,2024,regular,15,2024-12-08T00:30:00.000Z,Louisiana,Sun Belt,fbs,3.0,Marshall,Sun Belt,fbs,31.0,DraftKings,-5.0,Louisiana -5,,58.0,56.5,-205.0,170.0,
1327,401628649,2024,regular,7,2024-10-12T17:00:00.000Z,Bryant,CAA,fcs,17.0,UAlbany,CAA,fcs,24.0,ESPN Bet,7.0,UAlbany -7,,54.5,,,,
1328,401636616,2024,regular,2,2024-09-07T16:00:00.000Z,Tulane,American Athletic,fbs,27.0,Kansas State,Big 12,fbs,34.0,ESPN Bet,8.5,Kansas State -8.5,10.0,47.5,48.5,280.0,-350.0,
1329,401636616,2024,regular,2,2024-09-07T16:00:00.000Z,Tulane,American Athletic,fbs,27.0,Kansas State,Big 12,fbs,34.0,Bovada,9.0,Kansas State -9.0,10.5,47.5,49.5,290.0,-380.0,
1330,401636616,2024,regular,2,2024-09-07T16:00:00.000Z,Tulane,American Athletic,fbs,27.0,Kansas State,Big 12,fbs,34.0,DraftKings,9.0,Kansas State -9,10.0,47.0,48.5,285.0,-360.0,
1331,401643784,2024,regular,2,2024-09-07T16:00:00.000Z,Memphis,American Athletic,fbs,38.0,Troy,Sun Belt,fbs,17.0,ESPN Bet,-18.5,Memphis -18.5,-18.5,57.5,57.5,-1200.0,750.0,
1332,401643784,2024,regular,2,2024-09-07T16:00:00.000Z,Memphis,American Athletic,fbs,38.0,Troy,Sun Belt,fbs,17.0,DraftKings,-19.0,Memphis -19,-16.5,56.5,56.0,-1000.0,650.0,
1333,401643784,2024,regular,2,2024-09-07T16:00:00.000Z,Memphis,American Athletic,fbs,38.0,Troy,Sun Belt,fbs,17.0,Bovada,-18.5,Memphis -18.5,-17.0,56.0,55.5,-1000.0,625.0,
1334,401635534,2024,regular,2,2024-09-07T16:00:00.000Z,Syracuse,ACC,fbs,31.0,Georgia Tech,ACC,fbs,28.0,ESPN Bet,2.5,Georgia Tech -2.5,3.0,60.5,62.5,125.0,-145.0,
1335,401635534,2024,regular,2,2024-09-07T16:00:00.000Z,Syracuse,ACC,fbs,31.0,Georgia Tech,ACC,fbs,28.0,Bovada,3.0,Georgia Tech -3.0,2.0,60.5,58.5,130.0,-150.0,
1336,401635534,2024,regular,2,2024-09-07T16:00:00.000Z,Syracuse,ACC,fbs,31.0,Georgia Tech,ACC,fbs,28.0,DraftKings,3.0,Georgia Tech -3,2.5,61.0,57.5,124.0,-148.0,
1337,401628470,2024,regular,2,2024-09-07T16:00:00.000Z,Penn State,Big Ten,fbs,34.0,Bowling Green,Mid-American,fbs,27.0,ESPN Bet,-35.5,Penn State -35.5,-34.5,51.5,48.5,-20000.0,4000.0,
1338,401628470,2024,regular,2,2024-09-07T16:00:00.000Z,Penn State,Big Ten,fbs,34.0,Bowling Green,Mid-American,fbs,27.0,Bovada,-34.0,Penn State -34.0,-32.0,51.5,49.0,-20000.0,3000.0,
1339,401628470,2024,regular,2,2024-09-07T16:00:00.000Z,Penn State,Big Ten,fbs,34.0,Bowling Green,Mid-American,fbs,27.0,DraftKings,-35.0,Penn State -35,-32.0,50.5,49.5,,,
1340,401628471,2024,regular,2,2024-09-07T16:00:00.000Z,Rutgers,Big Ten,fbs,49.0,Akron,Mid-American,fbs,17.0,ESPN Bet,-24.5,Rutgers -24.5,-22.5,41.5,39.5,-3500.0,1500.0,
1341,401628471,2024,regular,2,2024-09-07T16:00:00.000Z,Rutgers,Big Ten,fbs,49.0,Akron,Mid-American,fbs,17.0,Bovada,-24.5,Rutgers -24.5,-23.0,42.0,41.0,-2200.0,1000.0,
1342,401628336,2024,regular,2,2024-09-07T16:00:00.000Z,Oklahoma State,Big 12,fbs,39.0,Arkansas,SEC,fbs,31.0,ESPN Bet,-10.5,Oklahoma State -10.5,-7.5,60.5,62.5,-360.0,290.0,
1343,401628336,2024,regular,2,2024-09-07T16:00:00.000Z,Oklahoma State,Big 12,fbs,39.0,Arkansas,SEC,fbs,31.0,DraftKings,-7.5,Oklahoma State -7.5,-9.0,63.0,59.5,-395.0,310.0,
1344,401628336,2024,regular,2,2024-09-07T16:00:00.000Z,Oklahoma State,Big 12,fbs,39.0,Arkansas,SEC,fbs,31.0,Bovada,-10.0,Oklahoma State -10.0,-9.5,61.0,60.5,-290.0,240.0,
1345,401645323,2024,regular,2,2024-09-07T16:00:00.000Z,Florida Atlantic,American Athletic,fbs,7.0,Army,American Athletic,fbs,24.0,ESPN Bet,-1.5,Florida Atlantic -1.5,-4.0,42.5,42.5,-115.0,-105.0,
1346,401645323,2024,regular,2,2024-09-07T16:00:00.000Z,Florida Atlantic,American Athletic,fbs,7.0,Army,American Athletic,fbs,24.0,Bovada,-1.0,Florida Atlantic -1.0,-2.5,41.5,44.5,-165.0,140.0,
1347,401645323,2024,regular,2,2024-09-07T16:00:00.000Z,Florida Atlantic,American Athletic,fbs,7.0,Army,American Athletic,fbs,24.0,DraftKings,-3.5,Florida Atlantic -3.5,-3.0,42.5,44.5,-112.0,-108.0,
1348,401635533,2024,regular,2,2024-09-07T01:00:00.000Z,Northwestern,Big Ten,fbs,20.0,Duke,ACC,fbs,26.0,ESPN Bet,-2.5,Northwestern -2.5,-2.5,37.5,36.5,-130.0,110.0,
1349,401635533,2024,regular,2,2024-09-07T01:00:00.000Z,Northwestern,Big Ten,fbs,20.0,Duke,ACC,fbs,26.0,Bovada,-2.5,Northwestern -2.5,-2.5,37.5,41.0,-120.0,100.0,
1350,401635533,2024,regular,2,2024-09-07T01:00:00.000Z,Northwestern,Big Ten,fbs,20.0,Duke,ACC,fbs,26.0,DraftKings,-1.5,Northwestern -1.5,-2.5,37.5,,-135.0,114.0,
1351,401634765,2024,regular,2,2024-09-06T23:00:00.000Z,SMU,ACC,fbs,15.0,BYU,Big 12,fbs,18.0,ESPN Bet,-12.5,SMU -12.5,-10.5,55.5,55.5,-500.0,380.0,
1352,401634765,2024,regular,2,2024-09-06T23:00:00.000Z,SMU,ACC,fbs,15.0,BYU,Big 12,fbs,18.0,DraftKings,-11.5,SMU -11.5,-11.0,56.0,54.5,-500.0,380.0,
1353,401634765,2024,regular,2,2024-09-06T23:00:00.000Z,SMU,ACC,fbs,15.0,BYU,Big 12,fbs,18.0,Bovada,-13.0,SMU -13.0,-11.5,56.0,52.0,-490.0,355.0,
1354,401635538,2024,regular,2,2024-09-07T16:00:00.000Z,Cincinnati,Big 12,fbs,27.0,Pittsburgh,ACC,fbs,28.0,ESPN Bet,2.5,Pittsburgh -2.5,-2.0,62.5,63.5,-125.0,105.0,
1355,401635538,2024,regular,2,2024-09-07T16:00:00.000Z,Cincinnati,Big 12,fbs,27.0,Pittsburgh,ACC,fbs,28.0,Bovada,-2.0,Cincinnati -2.0,-2.0,62.0,59.5,-125.0,105.0,
1356,401635538,2024,regular,2,2024-09-07T16:00:00.000Z,Cincinnati,Big 12,fbs,27.0,Pittsburgh,ACC,fbs,28.0,DraftKings,-2.0,Cincinnati -2,-2.5,62.5,59.0,-122.0,102.0,
1357,401628548,2024,regular,12,2024-11-16T23:00:00.000Z,Maryland,Big Ten,fbs,17.0,Rutgers,Big Ten,fbs,31.0,Bovada,-4.5,Maryland -4.5,-4.0,54.5,51.0,-185.0,160.0,
1358,401628548,2024,regular,12,2024-11-16T23:00:00.000Z,Maryland,Big Ten,fbs,17.0,Rutgers,Big Ten,fbs,31.0,ESPN Bet,-4.5,Maryland -4.5,-3.5,54.5,50.5,-170.0,145.0,
1359,401628580,2024,regular,1,2024-08-29T22:00:00.000Z,Villanova,CAA,fcs,24.0,Youngstown State,MVFC,fcs,17.0,ESPN Bet,-11.5,Villanova -11.5,,54.5,,,,
1360,401656600,2024,regular,1,2024-08-30T23:00:00.000Z,Maine,CAA,fcs,17.0,Colgate,Patriot,fcs,14.0,ESPN Bet,-3.5,Maine -3.5,,58.5,,,,
1361,401628650,2024,regular,7,2024-10-12T17:00:00.000Z,Delaware,CAA,fcs,44.0,Maine,CAA,fcs,21.0,ESPN Bet,-19.5,Delaware -19.5,,55.5,,,,
1362,401635535,2024,regular,2,2024-09-07T19:30:00.000Z,Louisville,ACC,fbs,49.0,Jacksonville State,Conference USA,fbs,14.0,ESPN Bet,-27.5,Louisville -27.5,-28.0,56.5,57.5,-5000.0,2000.0,
1363,401635535,2024,regular,2,2024-09-07T19:30:00.000Z,Louisville,ACC,fbs,49.0,Jacksonville State,Conference USA,fbs,14.0,Bovada,-29.0,Louisville -29.0,-26.0,56.0,58.0,-8000.0,1400.0,
1364,401635535,2024,regular,2,2024-09-07T19:30:00.000Z,Louisville,ACC,fbs,49.0,Jacksonville State,Conference USA,fbs,14.0,DraftKings,-29.0,Louisville -29,-27.0,56.5,58.5,-6500.0,2000.0,
1365,401628458,2024,regular,1,2024-08-29T22:00:00.000Z,Rutgers,Big Ten,fbs,44.0,Howard,MEAC,fcs,7.0,ESPN Bet,-38.5,Rutgers -38.5,,51.5,,,,
1366,401636618,2024,regular,2,2024-09-07T19:30:00.000Z,Utah,Big 12,fbs,23.0,Baylor,Big 12,fbs,12.0,ESPN Bet,-14.5,Utah -14.5,-14.0,52.5,54.5,-800.0,550.0,
1367,401636618,2024,regular,2,2024-09-07T19:30:00.000Z,Utah,Big 12,fbs,23.0,Baylor,Big 12,fbs,12.0,Bovada,-15.0,Utah -15.0,-17.5,54.0,53.5,-800.0,525.0,
1368,401636618,2024,regular,2,2024-09-07T19:30:00.000Z,Utah,Big 12,fbs,23.0,Baylor,Big 12,fbs,12.0,DraftKings,-14.5,Utah -14.5,-17.0,55.5,53.5,-750.0,525.0,
1369,401636617,2024,regular,2,2024-09-07T22:30:00.000Z,UCF,Big 12,fbs,45.0,Sam Houston,Conference USA,fbs,14.0,ESPN Bet,-21.5,UCF -21.5,-22.0,53.5,57.5,-1600.0,800.0,
1370,401636617,2024,regular,2,2024-09-07T22:30:00.000Z,UCF,Big 12,fbs,45.0,Sam Houston,Conference USA,fbs,14.0,DraftKings,-21.5,UCF -21.5,-24.0,55.5,58.5,-1600.0,900.0,
1371,401636617,2024,regular,2,2024-09-07T22:30:00.000Z,UCF,Big 12,fbs,45.0,Sam Houston,Conference USA,fbs,14.0,Bovada,-21.5,UCF -21.5,-23.5,54.0,58.0,-1800.0,850.0,
1372,401635540,2024,regular,2,2024-09-07T20:30:00.000Z,Virginia Tech,ACC,fbs,31.0,Marshall,Sun Belt,fbs,14.0,ESPN Bet,-20.5,Virginia Tech -20.5,-20.5,52.5,51.5,-1600.0,900.0,
1373,401635540,2024,regular,2,2024-09-07T20:30:00.000Z,Virginia Tech,ACC,fbs,31.0,Marshall,Sun Belt,fbs,14.0,Bovada,-21.0,Virginia Tech -21.0,-17.0,53.5,47.5,-1500.0,775.0,
1374,401635540,2024,regular,2,2024-09-07T20:30:00.000Z,Virginia Tech,ACC,fbs,31.0,Marshall,Sun Belt,fbs,14.0,DraftKings,-20.5,Virginia Tech -20.5,-16.5,52.0,47.5,-1600.0,900.0,
1375,401643705,2024,regular,2,2024-09-07T23:00:00.000Z,Air Force,Mountain West,fbs,7.0,San José State,Mountain West,fbs,17.0,ESPN Bet,-1.5,Air Force -1.5,-6.5,43.5,45.5,-135.0,115.0,
1376,401643705,2024,regular,2,2024-09-07T23:00:00.000Z,Air Force,Mountain West,fbs,7.0,San José State,Mountain West,fbs,17.0,DraftKings,-5.0,Air Force -5,-6.0,44.5,46.5,-135.0,114.0,
1377,401643705,2024,regular,2,2024-09-07T23:00:00.000Z,Air Force,Mountain West,fbs,7.0,San José State,Mountain West,fbs,17.0,Bovada,-3.0,Air Force -3.0,-6.0,44.5,46.5,-195.0,165.0,
1378,401635639,2024,regular,2,2024-09-07T23:00:00.000Z,Wake Forest,ACC,fbs,30.0,Virginia,ACC,fbs,31.0,ESPN Bet,1.5,Virginia -1.5,-1.5,55.5,56.5,-110.0,-110.0,
1379,401635639,2024,regular,2,2024-09-07T23:00:00.000Z,Wake Forest,ACC,fbs,30.0,Virginia,ACC,fbs,31.0,Bovada,1.0,Virginia -1.0,-2.0,55.5,54.5,-115.0,-105.0,
1380,401635639,2024,regular,2,2024-09-07T23:00:00.000Z,Wake Forest,ACC,fbs,30.0,Virginia,ACC,fbs,31.0,DraftKings,-1.0,Wake Forest -1,-2.5,56.0,54.5,-102.0,-118.0,
1381,401643778,2024,regular,2,2024-09-07T22:00:00.000Z,Old Dominion,Sun Belt,fbs,14.0,East Carolina,American Athletic,fbs,20.0,ESPN Bet,-1.5,Old Dominion -1.5,2.5,53.5,55.5,-125.0,105.0,
1382,401643778,2024,regular,2,2024-09-07T22:00:00.000Z,Old Dominion,Sun Belt,fbs,14.0,East Carolina,American Athletic,fbs,20.0,Bovada,-2.0,Old Dominion -2.0,-2.0,54.0,51.0,-115.0,-105.0,
1383,401643778,2024,regular,2,2024-09-07T22:00:00.000Z,Old Dominion,Sun Belt,fbs,14.0,East Carolina,American Athletic,fbs,20.0,DraftKings,-1.5,Old Dominion -1.5,-2.5,54.0,49.0,-125.0,105.0,
1384,401641016,2024,regular,2,2024-09-07T23:00:00.000Z,Kennesaw State,Conference USA,fbs,10.0,Louisiana,Sun Belt,fbs,34.0,ESPN Bet,14.5,Louisiana -14.5,15.5,46.5,47.5,475.0,-650.0,
1385,401641016,2024,regular,2,2024-09-07T23:00:00.000Z,Kennesaw State,Conference USA,fbs,10.0,Louisiana,Sun Belt,fbs,34.0,Bovada,14.5,Louisiana -14.5,15.0,46.5,46.5,430.0,-625.0,
1386,401641016,2024,regular,2,2024-09-07T23:00:00.000Z,Kennesaw State,Conference USA,fbs,10.0,Louisiana,Sun Belt,fbs,34.0,DraftKings,14.0,Louisiana -14,16.0,47.5,46.5,455.0,-625.0,
1387,401643816,2024,regular,9,2024-10-26T17:00:00.000Z,App State,Sun Belt,fbs,33.0,Georgia State,Sun Belt,fbs,26.0,Bovada,-7.5,App State -7.5,-8.0,59.0,63.0,-310.0,255.0,
1388,401643816,2024,regular,9,2024-10-26T17:00:00.000Z,App State,Sun Belt,fbs,33.0,Georgia State,Sun Belt,fbs,26.0,ESPN Bet,-7.5,App State -7.5,-8.0,59.5,62.5,-280.0,230.0,
1389,401643816,2024,regular,9,2024-10-26T17:00:00.000Z,App State,Sun Belt,fbs,33.0,Georgia State,Sun Belt,fbs,26.0,DraftKings,-7.5,App State -7.5,-5.5,59.0,,-285.0,230.0,
1390,401635537,2024,regular,2,2024-09-07T19:30:00.000Z,North Carolina,ACC,fbs,38.0,Charlotte,American Athletic,fbs,20.0,ESPN Bet,-21.5,North Carolina -21.5,-22.5,47.5,46.5,-2000.0,1100.0,
1391,401635537,2024,regular,2,2024-09-07T19:30:00.000Z,North Carolina,ACC,fbs,38.0,Charlotte,American Athletic,fbs,20.0,Bovada,-21.0,North Carolina -21.0,-22.0,47.5,48.0,-1900.0,900.0,
1392,401635537,2024,regular,2,2024-09-07T19:30:00.000Z,North Carolina,ACC,fbs,38.0,Charlotte,American Athletic,fbs,20.0,DraftKings,-22.0,North Carolina -22,-22.5,48.0,48.5,-1650.0,950.0,
1393,401643781,2024,regular,2,2024-09-07T22:00:00.000Z,Ohio,Mid-American,fbs,27.0,South Alabama,Sun Belt,fbs,20.0,ESPN Bet,1.5,South Alabama -1.5,1.5,55.5,56.5,,-120.0,
1394,401643781,2024,regular,2,2024-09-07T22:00:00.000Z,Ohio,Mid-American,fbs,27.0,South Alabama,Sun Belt,fbs,20.0,Bovada,-1.0,Ohio -1.0,0.0,55.0,54.5,105.0,-125.0,
1395,401643781,2024,regular,2,2024-09-07T22:00:00.000Z,Ohio,Mid-American,fbs,27.0,South Alabama,Sun Belt,fbs,20.0,DraftKings,2.0,South Alabama -2,1.0,57.0,54.5,-108.0,-112.0,
1396,401643783,2024,regular,2,2024-09-07T20:00:00.000Z,Texas State,Sun Belt,fbs,49.0,UTSA,American Athletic,fbs,10.0,ESPN Bet,-2.5,Texas State -2.5,-1.0,58.5,63.5,-130.0,110.0,
1397,401643783,2024,regular,2,2024-09-07T20:00:00.000Z,Texas State,Sun Belt,fbs,49.0,UTSA,American Athletic,fbs,10.0,DraftKings,-1.0,Texas State -1,-2.0,62.5,60.5,-130.0,110.0,
1398,401643783,2024,regular,2,2024-09-07T20:00:00.000Z,Texas State,Sun Belt,fbs,49.0,UTSA,American Athletic,fbs,10.0,Bovada,-2.5,Texas State -2.5,-2.0,59.0,60.5,-110.0,-110.0,
1399,401640979,2024,regular,2,2024-09-07T22:00:00.000Z,Florida International,Conference USA,fbs,52.0,Central Michigan,Mid-American,fbs,16.0,ESPN Bet,3.5,Central Michigan -3.5,6.5,51.5,51.5,145.0,-170.0,
1400,401640979,2024,regular,2,2024-09-07T22:00:00.000Z,Florida International,Conference USA,fbs,52.0,Central Michigan,Mid-American,fbs,16.0,Bovada,3.5,Central Michigan -3.5,5.0,52.0,51.5,185.0,-225.0,
1401,401640979,2024,regular,2,2024-09-07T22:00:00.000Z,Florida International,Conference USA,fbs,52.0,Central Michigan,Mid-American,fbs,16.0,DraftKings,5.5,Central Michigan -5.5,5.0,51.5,51.5,136.0,-162.0,
1402,401643708,2024,regular,2,2024-09-07T23:00:00.000Z,Nevada,Mountain West,fbs,17.0,Georgia Southern,Sun Belt,fbs,20.0,ESPN Bet,-1.5,Nevada -1.5,1.0,56.5,57.5,-110.0,-110.0,
1403,401643708,2024,regular,2,2024-09-07T23:00:00.000Z,Nevada,Mountain West,fbs,17.0,Georgia Southern,Sun Belt,fbs,20.0,Bovada,1.0,Georgia Southern -1.0,3.0,56.0,55.0,-115.0,-105.0,
1404,401643708,2024,regular,2,2024-09-07T23:00:00.000Z,Nevada,Mountain West,fbs,17.0,Georgia Southern,Sun Belt,fbs,20.0,DraftKings,-1.0,Nevada -1,3.0,58.5,55.0,100.0,-120.0,
1405,401643780,2024,regular,2,2024-09-07T23:00:00.000Z,UL Monroe,Sun Belt,fbs,32.0,UAB,American Athletic,fbs,6.0,ESPN Bet,10.5,UAB -10.5,13.0,55.5,52.5,320.0,-400.0,
1406,401643780,2024,regular,2,2024-09-07T23:00:00.000Z,UL Monroe,Sun Belt,fbs,32.0,UAB,American Athletic,fbs,6.0,DraftKings,13.0,UAB -13,11.0,54.0,54.5,320.0,-410.0,
1407,401643780,2024,regular,2,2024-09-07T23:00:00.000Z,UL Monroe,Sun Belt,fbs,32.0,UAB,American Athletic,fbs,6.0,Bovada,11.0,UAB -11.0,11.5,55.0,54.5,390.0,-550.0,
1408,401628340,2024,regular,2,2024-09-07T19:30:00.000Z,Kentucky,SEC,fbs,6.0,South Carolina,SEC,fbs,31.0,ESPN Bet,-9.5,Kentucky -9.5,-10.0,41.5,42.5,-340.0,270.0,
1409,401628340,2024,regular,2,2024-09-07T19:30:00.000Z,Kentucky,SEC,fbs,6.0,South Carolina,SEC,fbs,31.0,DraftKings,-9.0,Kentucky -9,-9.0,42.5,45.5,-380.0,300.0,
1410,401628340,2024,regular,2,2024-09-07T19:30:00.000Z,Kentucky,SEC,fbs,6.0,South Carolina,SEC,fbs,31.0,Bovada,-9.5,Kentucky -9.5,-8.5,41.5,46.0,-350.0,275.0,
1411,401628342,2024,regular,2,2024-09-07T20:15:00.000Z,Ole Miss,SEC,fbs,52.0,Middle Tennessee,Conference USA,fbs,3.0,ESPN Bet,-42.5,Ole Miss -42.5,-41.0,60.5,63.5,,,
1412,401628342,2024,regular,2,2024-09-07T20:15:00.000Z,Ole Miss,SEC,fbs,52.0,Middle Tennessee,Conference USA,fbs,3.0,Bovada,-42.0,Ole Miss -42.0,-40.5,61.5,62.5,,,
1413,401628342,2024,regular,2,2024-09-07T20:15:00.000Z,Ole Miss,SEC,fbs,52.0,Middle Tennessee,Conference USA,fbs,3.0,DraftKings,-43.0,Ole Miss -43,-40.5,63.0,62.5,,,
1414,401643779,2024,regular,2,2024-09-07T23:00:00.000Z,Arkansas State,Sun Belt,fbs,28.0,Tulsa,American Athletic,fbs,24.0,ESPN Bet,-9.5,Arkansas State -9.5,-7.0,65.5,65.5,-300.0,250.0,
1415,401643779,2024,regular,2,2024-09-07T23:00:00.000Z,Arkansas State,Sun Belt,fbs,28.0,Tulsa,American Athletic,fbs,24.0,Bovada,-9.0,Arkansas State -9.0,-6.5,66.0,64.5,-300.0,250.0,
1416,401643779,2024,regular,2,2024-09-07T23:00:00.000Z,Arkansas State,Sun Belt,fbs,28.0,Tulsa,American Athletic,fbs,24.0,DraftKings,-7.5,Arkansas State -7.5,-6.0,65.5,64.5,-325.0,260.0,
1417,401628344,2024,regular,2,2024-09-07T23:00:00.000Z,Missouri,SEC,fbs,38.0,Buffalo,Mid-American,fbs,0.0,ESPN Bet,-34.5,Missouri -34.5,-34.5,53.5,51.5,-20000.0,4000.0,
1418,401628344,2024,regular,2,2024-09-07T23:00:00.000Z,Missouri,SEC,fbs,38.0,Buffalo,Mid-American,fbs,0.0,DraftKings,-34.5,Missouri -34.5,-35.0,52.0,52.5,,,
1419,401628344,2024,regular,2,2024-09-07T23:00:00.000Z,Missouri,SEC,fbs,38.0,Buffalo,Mid-American,fbs,0.0,Bovada,-32.0,Missouri -32.0,-34.0,51.5,51.0,,,
1420,401628335,2024,regular,2,2024-09-07T23:00:00.000Z,Alabama,SEC,fbs,42.0,South Florida,American Athletic,fbs,16.0,ESPN Bet,-33.5,Alabama -33.5,-31.0,65.5,63.5,-10000.0,3000.0,
1421,401628335,2024,regular,2,2024-09-07T23:00:00.000Z,Alabama,SEC,fbs,42.0,South Florida,American Athletic,fbs,16.0,DraftKings,-31.0,Alabama -31,-31.0,64.0,63.5,-8000.0,2200.0,
1422,401628335,2024,regular,2,2024-09-07T23:00:00.000Z,Alabama,SEC,fbs,42.0,South Florida,American Athletic,fbs,16.0,Bovada,-30.5,Alabama -30.5,-31.0,64.5,64.5,-20000.0,2500.0,
1423,401628473,2024,regular,2,2024-09-07T19:30:00.000Z,Washington,Big Ten,fbs,30.0,Eastern Michigan,Mid-American,fbs,9.0,ESPN Bet,-25.0,Washington -25,-25.0,48.5,47.5,-3000.0,1300.0,
1424,401628473,2024,regular,2,2024-09-07T19:30:00.000Z,Washington,Big Ten,fbs,30.0,Eastern Michigan,Mid-American,fbs,9.0,DraftKings,-25.0,Washington -25,-24.5,47.5,47.5,-2400.0,1200.0,
1425,401628473,2024,regular,2,2024-09-07T19:30:00.000Z,Washington,Big Ten,fbs,30.0,Eastern Michigan,Mid-American,fbs,9.0,Bovada,-24.5,Washington -24.5,-24.0,49.0,47.0,-2500.0,1000.0,
1426,401628465,2024,regular,2,2024-09-07T19:30:00.000Z,Maryland,Big Ten,fbs,24.0,Michigan State,Big Ten,fbs,27.0,ESPN Bet,-7.5,Maryland -7.5,-8.0,44.5,43.5,-340.0,270.0,
1427,401628465,2024,regular,2,2024-09-07T19:30:00.000Z,Maryland,Big Ten,fbs,24.0,Michigan State,Big Ten,fbs,27.0,Bovada,-8.0,Maryland -8.0,-9.0,44.5,43.5,-390.0,295.0,
1428,401628465,2024,regular,2,2024-09-07T19:30:00.000Z,Maryland,Big Ten,fbs,24.0,Michigan State,Big Ten,fbs,27.0,DraftKings,-9.5,Maryland -9.5,-8.5,44.5,,-325.0,260.0,
1429,401628337,2024,regular,2,2024-09-07T19:30:00.000Z,Auburn,SEC,fbs,14.0,California,ACC,fbs,21.0,ESPN Bet,-11.5,Auburn -11.5,-13.0,52.5,53.5,-525.0,400.0,
1430,401628337,2024,regular,2,2024-09-07T19:30:00.000Z,Auburn,SEC,fbs,14.0,California,ACC,fbs,21.0,Bovada,-12.5,Auburn -12.5,-12.5,52.5,53.5,-575.0,400.0,
1431,401628337,2024,regular,2,2024-09-07T19:30:00.000Z,Auburn,SEC,fbs,14.0,California,ACC,fbs,21.0,DraftKings,-13.0,Auburn -13,-12.5,53.0,53.0,-485.0,370.0,
1432,401645324,2024,regular,2,2024-09-07T19:30:00.000Z,Navy,American Athletic,fbs,38.0,Temple,American Athletic,fbs,11.0,ESPN Bet,-11.5,Navy -11.5,-12.5,43.5,42.5,-525.0,400.0,
1433,401645324,2024,regular,2,2024-09-07T19:30:00.000Z,Navy,American Athletic,fbs,38.0,Temple,American Athletic,fbs,11.0,Bovada,-11.5,Navy -11.5,-12.5,42.0,44.0,-585.0,410.0,
1434,401645324,2024,regular,2,2024-09-07T19:30:00.000Z,Navy,American Athletic,fbs,38.0,Temple,American Athletic,fbs,11.0,DraftKings,-13.5,Navy -13.5,-13.0,44.5,44.0,-470.0,360.0,
1435,401628977,2024,regular,2,2024-09-07T19:30:00.000Z,Notre Dame,FBS Independents,fbs,14.0,Northern Illinois,Mid-American,fbs,16.0,ESPN Bet,-28.5,Notre Dame -28.5,-28.5,46.5,44.5,-7500.0,2500.0,
1436,401628977,2024,regular,2,2024-09-07T19:30:00.000Z,Notre Dame,FBS Independents,fbs,14.0,Northern Illinois,Mid-American,fbs,16.0,Bovada,-28.0,Notre Dame -28.0,-30.0,47.5,46.0,-10000.0,1600.0,
1437,401628977,2024,regular,2,2024-09-07T19:30:00.000Z,Notre Dame,FBS Independents,fbs,14.0,Northern Illinois,Mid-American,fbs,16.0,DraftKings,-27.5,Notre Dame -27.5,-30.5,44.5,46.0,-6500.0,2000.0,
1438,401629040,2024,regular,2,2024-09-07T19:30:00.000Z,Toledo,Mid-American,fbs,38.0,Massachusetts,FBS Independents,fbs,23.0,ESPN Bet,-17.5,Toledo -17.5,-20.0,50.5,51.5,-1000.0,700.0,
1439,401629040,2024,regular,2,2024-09-07T19:30:00.000Z,Toledo,Mid-American,fbs,38.0,Massachusetts,FBS Independents,fbs,23.0,DraftKings,-17.5,Toledo -17.5,-19.5,51.0,50.5,-1100.0,700.0,
1440,401629040,2024,regular,2,2024-09-07T19:30:00.000Z,Toledo,Mid-American,fbs,38.0,Massachusetts,FBS Independents,fbs,23.0,Bovada,-17.5,Toledo -17.5,-19.5,51.0,50.5,-1200.0,700.0,
1441,401628462,2024,regular,2,2024-09-07T23:00:00.000Z,Illinois,Big Ten,fbs,23.0,Kansas,Big 12,fbs,17.0,ESPN Bet,4.5,Kansas -4.5,5.0,58.5,55.5,170.0,-200.0,
1442,401628462,2024,regular,2,2024-09-07T23:00:00.000Z,Illinois,Big Ten,fbs,23.0,Kansas,Big 12,fbs,17.0,Bovada,5.5,Kansas -5.5,5.5,58.5,55.0,170.0,-200.0,
1443,401628462,2024,regular,2,2024-09-07T23:00:00.000Z,Illinois,Big Ten,fbs,23.0,Kansas,Big 12,fbs,17.0,DraftKings,4.5,Kansas -4.5,6.0,57.5,55.5,170.0,-205.0,
1444,401628468,2024,regular,2,2024-09-07T23:30:00.000Z,Ohio State,Big Ten,fbs,56.0,Western Michigan,Mid-American,fbs,0.0,ESPN Bet,-37.5,Ohio State -37.5,-38.5,54.5,54.5,,,
1445,401628468,2024,regular,2,2024-09-07T23:30:00.000Z,Ohio State,Big Ten,fbs,56.0,Western Michigan,Mid-American,fbs,0.0,DraftKings,-37.5,Ohio State -37.5,-39.5,54.0,54.0,,,
1446,401628468,2024,regular,2,2024-09-07T23:30:00.000Z,Ohio State,Big Ten,fbs,56.0,Western Michigan,Mid-American,fbs,0.0,Bovada,-37.0,Ohio State -37.0,-39.0,54.5,54.0,,,
1447,401654651,2024,regular,7,2024-10-12T17:00:00.000Z,Pennsylvania,Ivy,fcs,31.0,Bucknell,Patriot,fcs,21.0,ESPN Bet,-19.0,Pennsylvania -19,,53.5,,,,
1448,401628592,2024,regular,1,2024-08-29T23:00:00.000Z,William & Mary,CAA,fcs,41.0,VMI,Southern,fcs,7.0,ESPN Bet,-17.5,William & Mary -17.5,,44.5,,,,
1449,401628584,2024,regular,1,2024-08-30T23:30:00.000Z,Duke,ACC,fbs,26.0,Elon,CAA,fcs,3.0,ESPN Bet,-24.5,Duke -24.5,,47.5,,,,
1450,401643817,2024,regular,9,2024-10-26T19:30:00.000Z,James Madison,Sun Belt,fbs,32.0,Southern Miss,Sun Belt,fbs,15.0,Bovada,-24.0,James Madison -24.0,-24.0,54.0,54.5,-3300.0,1100.0,
1451,401643817,2024,regular,9,2024-10-26T19:30:00.000Z,James Madison,Sun Belt,fbs,32.0,Southern Miss,Sun Belt,fbs,15.0,ESPN Bet,-27.5,James Madison -27.5,-24.5,54.5,54.5,-2500.0,1100.0,
1452,401643817,2024,regular,9,2024-10-26T19:30:00.000Z,James Madison,Sun Belt,fbs,32.0,Southern Miss,Sun Belt,fbs,15.0,DraftKings,-24.0,James Madison -24,-23.0,54.0,,-2400.0,1200.0,
1453,401644753,2024,regular,9,2024-10-26T19:30:00.000Z,Ball State,Mid-American,fbs,25.0,Northern Illinois,Mid-American,fbs,23.0,Bovada,13.5,Northern Illinois -13.5,12.0,47.5,48.5,360.0,-500.0,
1454,401644753,2024,regular,9,2024-10-26T19:30:00.000Z,Ball State,Mid-American,fbs,25.0,Northern Illinois,Mid-American,fbs,23.0,ESPN Bet,13.5,Northern Illinois -13.5,12.0,47.5,48.5,360.0,-500.0,
1455,401644753,2024,regular,9,2024-10-26T19:30:00.000Z,Ball State,Mid-American,fbs,25.0,Northern Illinois,Mid-American,fbs,23.0,DraftKings,13.5,Northern Illinois -13.5,10.0,47.5,,400.0,-535.0,
1456,401729750,2024,regular,15,2024-12-07T19:00:00.000Z,South Dakota State,MVFC,fcs,35.0,Montana,Big Sky,fcs,18.0,ESPN Bet,-22.5,South Dakota State -22.5,,44.5,,,,
1457,401654626,2024,regular,7,2024-10-12T16:30:00.000Z,Lafayette,Patriot,fcs,0.0,Georgetown,Patriot,fcs,17.0,ESPN Bet,-13.5,Lafayette -13.5,,50.5,,,,
1458,401654665,2024,regular,1,2024-08-24T19:30:00.000Z,Tarleton State,UAC,fcs,26.0,McNeese,Southland,fcs,23.0,ESPN Bet,-15.5,Tarleton State -15.5,,63.5,,,,
1459,401644727,2024,regular,1,2024-08-29T23:00:00.000Z,Buffalo,Mid-American,fbs,30.0,Lafayette,Patriot,fcs,13.0,ESPN Bet,-3.5,Buffalo -3.5,,45.5,,,,
1460,401729756,2024,regular,15,2024-12-07T19:00:00.000Z,Mercer,Southern,fcs,17.0,Rhode Island,CAA,fcs,10.0,ESPN Bet,-7.5,Mercer -7.5,,48.5,,,,
1461,401644756,2024,regular,9,2024-10-26T19:30:00.000Z,Western Michigan,Mid-American,fbs,52.0,Kent State,Mid-American,fbs,21.0,Bovada,-19.0,Western Michigan -19.0,-17.0,61.0,59.0,-900.0,575.0,
1462,401644756,2024,regular,9,2024-10-26T19:30:00.000Z,Western Michigan,Mid-American,fbs,52.0,Kent State,Mid-American,fbs,21.0,ESPN Bet,-19.5,Western Michigan -19.5,-17.0,61.5,59.5,-1200.0,700.0,
1463,401644756,2024,regular,9,2024-10-26T19:30:00.000Z,Western Michigan,Mid-American,fbs,52.0,Kent State,Mid-American,fbs,21.0,DraftKings,-19.0,Western Michigan -19,-18.5,61.0,,-1050.0,675.0,
1464,401635595,2024,regular,9,2024-10-27T00:00:00.000Z,Duke,ACC,fbs,27.0,SMU,ACC,fbs,28.0,Bovada,11.5,SMU -11.5,12.5,49.5,49.0,340.0,-460.0,
1465,401635595,2024,regular,9,2024-10-27T00:00:00.000Z,Duke,ACC,fbs,27.0,SMU,ACC,fbs,28.0,ESPN Bet,11.5,SMU -11.5,11.5,50.5,48.5,340.0,-450.0,
1466,401635595,2024,regular,9,2024-10-27T00:00:00.000Z,Duke,ACC,fbs,27.0,SMU,ACC,fbs,28.0,DraftKings,11.5,SMU -11.5,10.0,49.5,,370.0,-485.0,
1467,401628472,2024,regular,2,2024-09-08T03:00:00.000Z,USC,Big Ten,fbs,48.0,Utah State,Mountain West,fbs,0.0,ESPN Bet,-30.5,USC -30.5,-28.5,62.5,63.5,-7500.0,2500.0,
1468,401628472,2024,regular,2,2024-09-08T03:00:00.000Z,USC,Big Ten,fbs,48.0,Utah State,Mountain West,fbs,0.0,Bovada,-29.5,USC -29.5,-27.0,64.0,61.5,-10000.0,1600.0,
1469,401628472,2024,regular,2,2024-09-08T03:00:00.000Z,USC,Big Ten,fbs,48.0,Utah State,Mountain West,fbs,0.0,DraftKings,-28.5,USC -28.5,-27.0,63.0,61.5,-9000.0,2500.0,
1470,401640989,2024,regular,2,2024-09-08T02:15:00.000Z,New Mexico State,Conference USA,fbs,24.0,Liberty,Conference USA,fbs,30.0,ESPN Bet,22.5,Liberty -22.5,22.5,54.5,56.5,1100.0,-2000.0,
1471,401640989,2024,regular,2,2024-09-08T02:15:00.000Z,New Mexico State,Conference USA,fbs,24.0,Liberty,Conference USA,fbs,30.0,Bovada,22.0,Liberty -22.0,21.0,54.0,57.0,850.0,-1800.0,
1472,401640989,2024,regular,2,2024-09-08T02:15:00.000Z,New Mexico State,Conference USA,fbs,24.0,Liberty,Conference USA,fbs,30.0,DraftKings,22.0,Liberty -22,20.5,54.0,57.0,1100.0,-2100.0,
1473,401628345,2024,regular,2,2024-09-07T23:45:00.000Z,Oklahoma,SEC,fbs,16.0,Houston,Big 12,fbs,12.0,ESPN Bet,-27.5,Oklahoma -27.5,-30.0,48.5,49.5,-4000.0,1800.0,
1474,401628345,2024,regular,2,2024-09-07T23:45:00.000Z,Oklahoma,SEC,fbs,16.0,Houston,Big 12,fbs,12.0,Bovada,-27.5,Oklahoma -27.5,-28.0,49.5,52.5,-10000.0,1600.0,
1475,401628345,2024,regular,2,2024-09-07T23:45:00.000Z,Oklahoma,SEC,fbs,16.0,Houston,Big 12,fbs,12.0,DraftKings,-28.0,Oklahoma -28,-27.0,50.0,53.0,-4000.0,1600.0,
1476,401628469,2024,regular,2,2024-09-08T02:00:00.000Z,Oregon,Big Ten,fbs,37.0,Boise State,Mountain West,fbs,34.0,ESPN Bet,-17.5,Oregon -17.5,-19.5,60.5,61.5,-1200.0,750.0,
1477,401628469,2024,regular,2,2024-09-08T02:00:00.000Z,Oregon,Big Ten,fbs,37.0,Boise State,Mountain West,fbs,34.0,DraftKings,-21.0,Oregon -21,-19.5,60.5,61.5,-950.0,625.0,
1478,401628469,2024,regular,2,2024-09-08T02:00:00.000Z,Oregon,Big Ten,fbs,37.0,Boise State,Mountain West,fbs,34.0,Bovada,-18.0,Oregon -18.0,-18.0,61.5,62.5,-1400.0,750.0,
1479,401628343,2024,regular,2,2024-09-08T02:30:00.000Z,Arizona State,Big 12,fbs,30.0,Mississippi State,SEC,fbs,23.0,ESPN Bet,-6.5,Arizona State -6.5,-6.5,57.5,59.5,-225.0,190.0,
1480,401628343,2024,regular,2,2024-09-08T02:30:00.000Z,Arizona State,Big 12,fbs,30.0,Mississippi State,SEC,fbs,23.0,DraftKings,-5.5,Arizona State -5.5,-4.5,59.0,58.5,-245.0,200.0,
1481,401628343,2024,regular,2,2024-09-08T02:30:00.000Z,Arizona State,Big 12,fbs,30.0,Mississippi State,SEC,fbs,23.0,Bovada,-6.5,Arizona State -6.5,-4.5,58.5,58.5,-225.0,185.0,
1482,401643709,2024,regular,2,2024-09-08T02:30:00.000Z,San Diego State,Mountain West,fbs,0.0,Oregon State,Pac-12,fbs,21.0,ESPN Bet,5.5,Oregon State -5.5,6.0,54.5,54.5,175.0,-210.0,
1483,401643709,2024,regular,2,2024-09-08T02:30:00.000Z,San Diego State,Mountain West,fbs,0.0,Oregon State,Pac-12,fbs,21.0,Bovada,5.5,Oregon State -5.5,3.5,53.5,56.0,180.0,-220.0,
1484,401643709,2024,regular,2,2024-09-08T02:30:00.000Z,San Diego State,Mountain West,fbs,0.0,Oregon State,Pac-12,fbs,21.0,DraftKings,6.0,Oregon State -6,5.5,54.0,56.0,164.0,-198.0,
1485,401636859,2024,regular,2,2024-09-08T02:00:00.000Z,Washington State,Pac-12,fbs,37.0,Texas Tech,Big 12,fbs,16.0,ESPN Bet,2.5,Texas Tech -2.5,-2.0,64.5,65.5,110.0,-130.0,
1486,401636859,2024,regular,2,2024-09-08T02:00:00.000Z,Washington State,Pac-12,fbs,37.0,Texas Tech,Big 12,fbs,16.0,Bovada,2.5,Texas Tech -2.5,1.0,66.0,66.0,-135.0,115.0,
1487,401636859,2024,regular,2,2024-09-08T02:00:00.000Z,Washington State,Pac-12,fbs,37.0,Texas Tech,Big 12,fbs,16.0,DraftKings,-2.5,Washington State -2.5,-1.5,65.5,65.5,114.0,-135.0,
1488,401635532,2024,regular,2,2024-09-08T00:00:00.000Z,Clemson,ACC,fbs,66.0,App State,Sun Belt,fbs,20.0,ESPN Bet,-13.5,Clemson -13.5,-17.5,53.5,53.5,-800.0,550.0,
1489,401635532,2024,regular,2,2024-09-08T00:00:00.000Z,Clemson,ACC,fbs,66.0,App State,Sun Belt,fbs,20.0,Bovada,-17.0,Clemson -17.0,-17.0,52.0,51.5,-900.0,575.0,
1490,401635532,2024,regular,2,2024-09-08T00:00:00.000Z,Clemson,ACC,fbs,66.0,App State,Sun Belt,fbs,20.0,DraftKings,-16.5,Clemson -16.5,-17.0,53.0,51.5,-900.0,600.0,
1491,401628653,2024,regular,7,2024-10-12T17:00:00.000Z,Rhode Island,CAA,fcs,31.0,Brown,Ivy,fcs,21.0,ESPN Bet,-3.5,Rhode Island -3.5,,57.5,,,,
1492,401644729,2024,regular,1,2024-08-29T23:00:00.000Z,Bowling Green,Mid-American,fbs,41.0,Fordham,Patriot,fcs,17.0,ESPN Bet,-15.5,Bowling Green -15.5,,60.5,,,,
1493,401636614,2024,regular,2,2024-09-08T02:00:00.000Z,Arizona,Big 12,fbs,22.0,Northern Arizona,Big Sky,fcs,10.0,DraftKings,-43.0,Arizona -43,-43.0,65.0,65.0,,,
1494,401636614,2024,regular,2,2024-09-08T02:00:00.000Z,Arizona,Big 12,fbs,22.0,Northern Arizona,Big Sky,fcs,10.0,ESPN Bet,-36.5,Arizona -36.5,-42.0,63.5,64.5,-7500.0,2500.0,
1495,401628339,2024,regular,2,2024-09-07T18:00:00.000Z,Georgia,SEC,fbs,48.0,Tennessee Tech,Big South-OVC,fcs,3.0,DraftKings,-54.5,Georgia -54.5,-54.5,62.5,62.5,,,
1496,401628339,2024,regular,2,2024-09-07T18:00:00.000Z,Georgia,SEC,fbs,48.0,Tennessee Tech,Big South-OVC,fcs,3.0,ESPN Bet,-54.5,Georgia -54.5,-54.5,68.5,62.5,,,
1497,401628341,2024,regular,2,2024-09-07T23:30:00.000Z,LSU,SEC,fbs,44.0,Nicholls,Southland,fcs,21.0,DraftKings,-50.5,LSU -50.5,-50.5,62.0,62.0,,,
1498,401628341,2024,regular,2,2024-09-07T23:30:00.000Z,LSU,SEC,fbs,44.0,Nicholls,Southland,fcs,21.0,ESPN Bet,-46.5,LSU -46.5,-50.5,57.5,61.5,,,
1499,401636863,2024,regular,3,2024-09-13T23:00:00.000Z,Kansas,Big 12,fbs,20.0,UNLV,Mountain West,fbs,23.0,DraftKings,-7.0,Kansas -7,-10.5,57.0,,-345.0,275.0,
1500,401636863,2024,regular,3,2024-09-13T23:00:00.000Z,Kansas,Big 12,fbs,20.0,UNLV,Mountain West,fbs,23.0,ESPN Bet,-10.5,Kansas -10.5,-7.0,57.5,56.5,-340.0,270.0,
1501,401636863,2024,regular,3,2024-09-13T23:00:00.000Z,Kansas,Big 12,fbs,20.0,UNLV,Mountain West,fbs,23.0,Bovada,-9.5,Kansas -9.5,-7.5,57.5,57.5,-280.0,230.0,
1502,401628978,2024,regular,3,2024-09-14T19:30:00.000Z,Purdue,Big Ten,fbs,7.0,Notre Dame,FBS Independents,fbs,66.0,DraftKings,11.5,Notre Dame -11.5,16.0,45.5,,220.0,-270.0,
1503,401628978,2024,regular,3,2024-09-14T19:30:00.000Z,Purdue,Big Ten,fbs,7.0,Notre Dame,FBS Independents,fbs,66.0,ESPN Bet,7.5,Notre Dame -7.5,10.5,47.5,45.5,250.0,-300.0,
1504,401628978,2024,regular,3,2024-09-14T19:30:00.000Z,Purdue,Big Ten,fbs,7.0,Notre Dame,FBS Independents,fbs,66.0,Bovada,7.0,Notre Dame -7.0,10.5,47.0,45.0,325.0,-435.0,
1505,401636866,2024,regular,3,2024-09-14T23:30:00.000Z,TCU,Big 12,fbs,34.0,UCF,Big 12,fbs,35.0,DraftKings,-1.5,TCU -1.5,-3.0,61.5,,-148.0,124.0,
1506,401636866,2024,regular,3,2024-09-14T23:30:00.000Z,TCU,Big 12,fbs,34.0,UCF,Big 12,fbs,35.0,ESPN Bet,-2.5,TCU -2.5,-2.0,59.5,62.5,-135.0,115.0,
1507,401636866,2024,regular,3,2024-09-14T23:30:00.000Z,TCU,Big 12,fbs,34.0,UCF,Big 12,fbs,35.0,Bovada,-2.5,TCU -2.5,2.0,61.5,62.5,-110.0,-110.0,
1508,401628354,2024,regular,3,2024-09-14T23:30:00.000Z,Kentucky,SEC,fbs,12.0,Georgia,SEC,fbs,13.0,DraftKings,24.0,Georgia -24,18.0,45.0,,1300.0,-2800.0,
1509,401628354,2024,regular,3,2024-09-14T23:30:00.000Z,Kentucky,SEC,fbs,12.0,Georgia,SEC,fbs,13.0,ESPN Bet,21.5,Georgia -21.5,23.5,44.5,46.5,1200.0,-2500.0,
1510,401628354,2024,regular,3,2024-09-14T23:30:00.000Z,Kentucky,SEC,fbs,12.0,Georgia,SEC,fbs,13.0,Bovada,22.0,Georgia -22.0,23.5,45.5,44.5,1000.0,-2500.0,
1511,401654538,2024,regular,2,2024-09-07T16:00:00.000Z,The Citadel,Southern,fcs,20.0,South Carolina State,MEAC,fcs,23.0,ESPN Bet,3.5,South Carolina State -3.5,,42.5,,,,
1512,401635542,2024,regular,3,2024-09-14T16:00:00.000Z,Florida State,ACC,fbs,12.0,Memphis,American Athletic,fbs,20.0,DraftKings,-7.0,Florida State -7,-5.0,52.0,,-258.0,210.0,
1513,401635542,2024,regular,3,2024-09-14T16:00:00.000Z,Florida State,ACC,fbs,12.0,Memphis,American Athletic,fbs,20.0,ESPN Bet,-6.5,Florida State -6.5,-5.5,54.5,52.5,-250.0,210.0,
1514,401635542,2024,regular,3,2024-09-14T16:00:00.000Z,Florida State,ACC,fbs,12.0,Memphis,American Athletic,fbs,20.0,Bovada,-7.0,Florida State -7.0,-7.0,54.5,52.5,-280.0,230.0,
1515,401628359,2024,regular,3,2024-09-14T16:00:00.000Z,South Carolina,SEC,fbs,33.0,LSU,SEC,fbs,36.0,DraftKings,7.0,LSU -7,9.5,50.0,,205.0,-250.0,
1516,401628359,2024,regular,3,2024-09-14T16:00:00.000Z,South Carolina,SEC,fbs,33.0,LSU,SEC,fbs,36.0,ESPN Bet,6.5,LSU -6.5,7.5,48.5,52.5,220.0,-270.0,
1517,401628359,2024,regular,3,2024-09-14T16:00:00.000Z,South Carolina,SEC,fbs,33.0,LSU,SEC,fbs,36.0,Bovada,6.5,LSU -6.5,7.0,48.5,49.5,220.0,-270.0,
1518,401729754,2024,regular,15,2024-12-07T19:00:00.000Z,Incarnate Word,Southland,fcs,13.0,Villanova,CAA,fcs,6.0,ESPN Bet,-11.5,Incarnate Word -11.5,,54.5,,,,
1519,401654662,2024,regular,1,2024-08-24T23:00:00.000Z,Southeast Missouri State,Big South-OVC,fcs,37.0,North Alabama,UAC,fcs,15.0,ESPN Bet,-7.5,Southeast Missouri State -7.5,,58.5,,,,
1520,401634152,2024,regular,1,2024-08-29T23:00:00.000Z,Gardner-Webb,Big South-OVC,fcs,20.0,Wofford,Southern,fcs,21.0,ESPN Bet,-3.5,Gardner-Webb -3.5,,49.5,,,,
1521,401654473,2024,regular,7,2024-10-12T16:00:00.000Z,Yale,Ivy,fcs,43.0,Dartmouth,Ivy,fcs,44.0,ESPN Bet,3.0,Dartmouth -3,,47.5,,,,
1522,401654642,2024,regular,2,2024-09-07T16:00:00.000Z,Marist,Pioneer,fcs,10.0,Georgetown,Patriot,fcs,31.0,ESPN Bet,17.5,Georgetown -17.5,,50.5,,,,
1523,401628463,2024,regular,2,2024-09-06T23:00:00.000Z,Indiana,Big Ten,fbs,77.0,Western Illinois,Big South-OVC,fcs,3.0,ESPN Bet,-44.5,Indiana -44.5,-42.5,52.5,52.5,,,
1524,401645353,2024,regular,9,2024-10-26T16:00:00.000Z,Memphis,American Athletic,fbs,33.0,Charlotte,American Athletic,fbs,28.0,Bovada,-17.0,Memphis -17.0,-18.0,56.5,57.0,-1200.0,700.0,
1525,401645353,2024,regular,9,2024-10-26T16:00:00.000Z,Memphis,American Athletic,fbs,33.0,Charlotte,American Athletic,fbs,28.0,ESPN Bet,-16.5,Memphis -16.5,-19.0,55.5,57.5,-900.0,550.0,
1526,401645353,2024,regular,9,2024-10-26T16:00:00.000Z,Memphis,American Athletic,fbs,33.0,Charlotte,American Athletic,fbs,28.0,DraftKings,-17.0,Memphis -17,-19.5,56.0,,-950.0,625.0,
1527,401673471,2024,regular,15,2024-12-07T19:00:00.000Z,Jackson State,SWAC,fcs,41.0,Southern,SWAC,fcs,13.0,ESPN Bet,-13.5,Jackson State -13.5,,47.5,,,,
1528,401636372,2024,regular,1,2024-08-24T23:30:00.000Z,Norfolk State,MEAC,fcs,23.0,Florida A&M,SWAC,fcs,24.0,ESPN Bet,13.5,Florida A&M -13.5,,50.5,,,,
1529,401644730,2024,regular,1,2024-08-29T23:00:00.000Z,Central Michigan,Mid-American,fbs,66.0,Central Connecticut,NEC,fcs,10.0,ESPN Bet,-33.5,Central Michigan -33.5,,54.5,,,,
1530,401654646,2024,regular,1,2024-08-31T16:00:00.000Z,Dayton,Pioneer,fcs,18.0,St. Francis (PA),NEC,fcs,10.0,ESPN Bet,6.5,St. Francis (PA) -6.5,,51.5,,,,
1531,401634163,2024,regular,7,2024-10-12T17:00:00.000Z,Illinois State,MVFC,fcs,7.0,Missouri State,MVFC,fcs,41.0,ESPN Bet,-2.5,Illinois State -2.5,,53.5,,,,
1532,401654649,2024,regular,2,2024-09-07T17:30:00.000Z,VMI,Southern,fcs,28.0,Bucknell,Patriot,fcs,35.0,ESPN Bet,1.5,Bucknell -1.5,,52.5,,,,
1533,401729752,2024,regular,15,2024-12-07T20:00:00.000Z,South Dakota,MVFC,fcs,42.0,Tarleton State,UAC,fcs,31.0,ESPN Bet,-18.5,South Dakota -18.5,,56.5,,,,
1534,401628582,2024,regular,1,2024-08-29T23:00:00.000Z,UCF,Big 12,fbs,57.0,New Hampshire,CAA,fcs,3.0,ESPN Bet,-38.5,UCF -38.5,,58.5,,,,
1535,401634169,2024,regular,1,2024-08-31T16:00:00.000Z,Purdue,Big Ten,fbs,49.0,Indiana State,MVFC,fcs,0.0,ESPN Bet,-35.5,Purdue -35.5,,52.5,,,,
1536,401673031,2024,regular,7,2024-10-12T17:00:00.000Z,Howard,MEAC,fcs,21.0,Sacred Heart,FCS Independents,fcs,14.0,ESPN Bet,-7.5,Howard -7.5,,45.5,,,,
1537,401628594,2024,regular,2,2024-09-07T17:00:00.000Z,Western Carolina,Southern,fcs,16.0,Campbell,CAA,fcs,24.0,ESPN Bet,-14.0,Western Carolina -14,,62.5,,,,
1538,401635598,2024,regular,9,2024-10-26T16:00:00.000Z,Virginia,ACC,fbs,14.0,North Carolina,ACC,fbs,41.0,Bovada,-3.5,Virginia -3.5,-5.5,58.5,59.5,-210.0,175.0,
1539,401635598,2024,regular,9,2024-10-26T16:00:00.000Z,Virginia,ACC,fbs,14.0,North Carolina,ACC,fbs,41.0,ESPN Bet,-3.5,Virginia -3.5,-5.0,57.5,60.5,-165.0,140.0,
1540,401635598,2024,regular,9,2024-10-26T16:00:00.000Z,Virginia,ACC,fbs,14.0,North Carolina,ACC,fbs,41.0,DraftKings,-3.5,Virginia -3.5,-5.0,58.5,,-175.0,145.0,
1541,401729745,2024,regular,15,2024-12-07T20:00:00.000Z,North Dakota State,MVFC,fcs,51.0,Abilene Christian,UAC,fcs,31.0,ESPN Bet,-21.5,North Dakota State -21.5,,58.5,,,,
1542,401628320,2024,regular,1,2024-08-29T23:30:00.000Z,Arkansas,SEC,fbs,70.0,Arkansas-Pine Bluff,SWAC,fcs,0.0,ESPN Bet,-50.5,Arkansas -50.5,,60.5,,,,
1543,401632062,2024,regular,1,2024-08-31T16:00:00.000Z,Louisville,ACC,fbs,62.0,Austin Peay,UAC,fcs,0.0,ESPN Bet,-38.5,Louisville -38.5,,54.5,,,,
1544,401634174,2024,regular,7,2024-10-12T17:00:00.000Z,Indiana State,MVFC,fcs,31.0,Murray State,MVFC,fcs,27.0,ESPN Bet,-6.5,Indiana State -6.5,,46.5,,,,
1545,401628598,2024,regular,2,2024-09-07T18:00:00.000Z,Holy Cross,Patriot,fcs,20.0,New Hampshire,CAA,fcs,21.0,ESPN Bet,-3.0,Holy Cross -3,,54.5,,,,
1546,401634772,2024,regular,13,2024-11-22T00:30:00.000Z,Georgia Tech,ACC,fbs,30.0,NC State,ACC,fbs,29.0,DraftKings,-7.5,Georgia Tech -7.5,-9.5,51.5,,-298.0,240.0,
1547,401634772,2024,regular,13,2024-11-22T00:30:00.000Z,Georgia Tech,ACC,fbs,30.0,NC State,ACC,fbs,29.0,Bovada,-8.5,Georgia Tech -8.5,-9.0,51.0,52.5,-350.0,275.0,
1548,401634772,2024,regular,13,2024-11-22T00:30:00.000Z,Georgia Tech,ACC,fbs,30.0,NC State,ACC,fbs,29.0,ESPN Bet,-7.5,Georgia Tech -7.5,-9.0,50.5,52.5,-300.0,250.0,
1549,401729743,2024,regular,15,2024-12-07T20:00:00.000Z,Montana State,Big Sky,fcs,49.0,UT Martin,Big South-OVC,fcs,17.0,ESPN Bet,-19.0,Montana State -19,,54.5,,,,
1550,401634299,2024,regular,1,2024-08-29T23:00:00.000Z,NC State,ACC,fbs,38.0,Western Carolina,Southern,fcs,21.0,ESPN Bet,-32.5,NC State -32.5,,60.5,,,,
1551,401632071,2024,regular,2,2024-09-07T19:00:00.000Z,UNLV,Mountain West,fbs,72.0,Utah Tech,UAC,fcs,14.0,ESPN Bet,-41.5,UNLV -41.5,,55.5,54.5,,,
1552,401628474,2024,regular,2,2024-09-07T19:30:00.000Z,Wisconsin,Big Ten,fbs,27.0,South Dakota,MVFC,fcs,13.0,ESPN Bet,-17.5,Wisconsin -17.5,-19.5,44.5,47.5,-1600.0,900.0,
1553,401628466,2024,regular,2,2024-09-07T16:00:00.000Z,Minnesota,Big Ten,fbs,48.0,Rhode Island,CAA,fcs,0.0,ESPN Bet,-27.5,Minnesota -27.5,-24.5,47.5,47.5,-5000.0,2000.0,
1554,401644732,2024,regular,2,2024-09-07T18:30:00.000Z,Kent State,Mid-American,fbs,17.0,St. Francis (PA),NEC,fcs,23.0,ESPN Bet,-17.5,Kent State -17.5,-17.0,49.5,52.5,-1000.0,700.0,
1555,401636999,2024,regular,2,2024-09-07T16:00:00.000Z,UConn,FBS Independents,fbs,63.0,Merrimack,FCS Independents,fcs,17.0,ESPN Bet,-14.5,UConn -14.5,-15.5,44.5,45.5,-800.0,550.0,
1556,401654638,2024,regular,7,2024-10-12T17:00:00.000Z,Holy Cross,Patriot,fcs,19.0,Fordham,Patriot,fcs,16.0,ESPN Bet,-16.5,Holy Cross -16.5,,56.5,,,,
1557,401628555,2024,regular,13,2024-11-23T17:00:00.000Z,Ohio State,Big Ten,fbs,38.0,Indiana,Big Ten,fbs,15.0,DraftKings,-10.5,Ohio State -10.5,-11.5,52.5,,-410.0,320.0,
1558,401628555,2024,regular,13,2024-11-23T17:00:00.000Z,Ohio State,Big Ten,fbs,38.0,Indiana,Big Ten,fbs,15.0,Bovada,-10.5,Ohio State -10.5,-11.0,52.5,52.5,-510.0,370.0,
1559,401628555,2024,regular,13,2024-11-23T17:00:00.000Z,Ohio State,Big Ten,fbs,38.0,Indiana,Big Ten,fbs,15.0,ESPN Bet,-10.5,Ohio State -10.5,-12.5,51.5,52.5,-425.0,320.0,
1560,401628559,2024,regular,13,2024-11-23T20:30:00.000Z,Minnesota,Big Ten,fbs,25.0,Penn State,Big Ten,fbs,26.0,DraftKings,11.0,Penn State -11,10.0,45.0,,330.0,-425.0,
1561,401628559,2024,regular,13,2024-11-23T20:30:00.000Z,Minnesota,Big Ten,fbs,25.0,Penn State,Big Ten,fbs,26.0,Bovada,11.0,Penn State -11.0,11.0,45.0,45.0,340.0,-460.0,
1562,401628559,2024,regular,13,2024-11-23T20:30:00.000Z,Minnesota,Big Ten,fbs,25.0,Penn State,Big Ten,fbs,26.0,ESPN Bet,11.5,Penn State -11.5,12.5,45.5,45.5,340.0,-450.0,
1563,401729753,2024,regular,15,2024-12-07T21:00:00.000Z,UC Davis,Big Sky,fcs,42.0,Illinois State,MVFC,fcs,10.0,ESPN Bet,-10.5,UC Davis -10.5,,55.5,,,,
1564,401628983,2024,regular,9,2024-10-26T16:00:00.000Z,Navy,American Athletic,fbs,14.0,Notre Dame,FBS Independents,fbs,51.0,Bovada,14.0,Notre Dame -14.0,12.5,50.5,51.5,355.0,-490.0,
1565,401628983,2024,regular,9,2024-10-26T16:00:00.000Z,Navy,American Athletic,fbs,14.0,Notre Dame,FBS Independents,fbs,51.0,ESPN Bet,14.5,Notre Dame -14.5,12.5,50.5,52.5,425.0,-650.0,
1566,401628983,2024,regular,9,2024-10-26T16:00:00.000Z,Navy,American Athletic,fbs,14.0,Notre Dame,FBS Independents,fbs,51.0,DraftKings,11.5,Notre Dame -11.5,17.0,52.0,,370.0,-485.0,
1567,401643710,2024,regular,2,2024-09-07T19:30:00.000Z,Wyoming,Mountain West,fbs,13.0,Idaho,Big Sky,fcs,17.0,ESPN Bet,-6.5,Wyoming -6.5,-7.5,39.5,41.5,-300.0,250.0,
1568,401645325,2024,regular,2,2024-09-07T23:30:00.000Z,North Texas,American Athletic,fbs,35.0,Stephen F. Austin,Southland,fcs,20.0,ESPN Bet,-21.5,North Texas -21.5,-23.5,72.5,67.5,-1600.0,900.0,
1569,401632072,2024,regular,2,2024-09-08T01:00:00.000Z,UTEP,Conference USA,fbs,24.0,Southern Utah,UAC,fcs,27.0,ESPN Bet,-6.5,UTEP -6.5,-6.5,54.5,51.5,-230.0,195.0,
1570,401634245,2024,regular,2,2024-09-07T18:00:00.000Z,Youngstown State,MVFC,fcs,59.0,Valparaiso,Pioneer,fcs,25.0,ESPN Bet,-35.5,Youngstown State -35.5,,50.5,,,,
1571,401644728,2024,regular,1,2024-08-29T23:30:00.000Z,Toledo,Mid-American,fbs,49.0,Duquesne,NEC,fcs,10.0,ESPN Bet,-27.5,Toledo -27.5,,53.5,,,,
1572,401632463,2024,regular,7,2024-10-12T18:00:00.000Z,Furman,Southern,fcs,10.0,Chattanooga,Southern,fcs,41.0,ESPN Bet,6.5,Chattanooga -6.5,,47.5,,,,
1573,401634144,2024,regular,2,2024-09-07T19:00:00.000Z,Bethune-Cookman,SWAC,fcs,2.0,Mercer,Southern,fcs,31.0,ESPN Bet,21.5,Mercer -21.5,,48.5,,,,
1574,401635536,2024,regular,2,2024-09-07T22:00:00.000Z,Miami,ACC,fbs,56.0,Florida A&M,SWAC,fcs,9.0,ESPN Bet,-46.5,Miami -46.5,-44.5,55.5,53.5,,,
1575,401643777,2024,regular,2,2024-09-07T22:00:00.000Z,James Madison,Sun Belt,fbs,13.0,Gardner-Webb,Big South-OVC,fcs,6.0,ESPN Bet,-35.5,James Madison -35.5,-33.0,50.5,54.5,,,
1576,401636930,2024,regular,13,2024-11-23T20:30:00.000Z,Arizona State,Big 12,fbs,28.0,BYU,Big 12,fbs,23.0,DraftKings,-3.5,Arizona State -3.5,-1.0,49.0,,-170.0,142.0,
1577,401636930,2024,regular,13,2024-11-23T20:30:00.000Z,Arizona State,Big 12,fbs,28.0,BYU,Big 12,fbs,23.0,Bovada,-3.5,Arizona State -3.5,-3.5,48.5,48.0,-170.0,145.0,
1578,401636930,2024,regular,13,2024-11-23T20:30:00.000Z,Arizona State,Big 12,fbs,28.0,BYU,Big 12,fbs,23.0,ESPN Bet,-3.5,Arizona State -3.5,-3.5,48.5,48.5,-170.0,145.0,
1579,401677079,2024,postseason,1,2024-12-18T22:30:00.000Z,James Madison,Sun Belt,fbs,27.0,Western Kentucky,Conference USA,fbs,17.0,DraftKings,-7.5,James Madison -7.5,,50.5,,-285.0,230.0,
1580,401677079,2024,postseason,1,2024-12-18T22:30:00.000Z,James Madison,Sun Belt,fbs,27.0,Western Kentucky,Conference USA,fbs,17.0,ESPN Bet,-7.5,James Madison -7.5,-7.0,50.5,53.5,-300.0,250.0,
1581,401677079,2024,postseason,1,2024-12-18T22:30:00.000Z,James Madison,Sun Belt,fbs,27.0,Western Kentucky,Conference USA,fbs,17.0,Bovada,-7.0,James Madison -7.0,-8.0,50.5,52.5,-310.0,255.0,
1582,401636606,2024,regular,1,2024-08-30T00:00:00.000Z,Kansas,Big 12,fbs,48.0,Lindenwood,Big South-OVC,fcs,3.0,ESPN Bet,-48.5,Kansas -48.5,,62.5,,,,
1583,401645322,2024,regular,1,2024-08-31T16:00:00.000Z,Navy,American Athletic,fbs,49.0,Bucknell,Patriot,fcs,21.0,ESPN Bet,-31.5,Navy -31.5,,48.5,,,,
1584,401634154,2024,regular,7,2024-10-12T17:30:00.000Z,Wofford,Southern,fcs,31.0,VMI,Southern,fcs,16.0,ESPN Bet,-17.5,Wofford -17.5,,43.5,,,,
1585,401628348,2024,regular,2,2024-09-07T16:45:00.000Z,Texas A&M,SEC,fbs,52.0,McNeese,Southland,fcs,10.0,ESPN Bet,-48.5,Texas A&M -48.5,-48.0,56.5,55.5,,,
1586,401677082,2024,postseason,1,2024-12-20T00:00:00.000Z,Sam Houston,Conference USA,fbs,31.0,Georgia Southern,Sun Belt,fbs,26.0,DraftKings,3.5,Georgia Southern -3.5,,48.0,,140.0,-166.0,
1587,401677082,2024,postseason,1,2024-12-20T00:00:00.000Z,Sam Houston,Conference USA,fbs,31.0,Georgia Southern,Sun Belt,fbs,26.0,ESPN Bet,3.5,Georgia Southern -3.5,5.5,48.5,46.5,145.0,-170.0,
1588,401677082,2024,postseason,1,2024-12-20T00:00:00.000Z,Sam Houston,Conference USA,fbs,31.0,Georgia Southern,Sun Belt,fbs,26.0,Bovada,4.5,Georgia Southern -4.5,6.0,48.5,47.0,185.0,-225.0,
1589,401628593,2024,regular,2,2024-09-07T22:00:00.000Z,West Virginia,Big 12,fbs,49.0,UAlbany,CAA,fcs,14.0,ESPN Bet,-38.5,West Virginia -38.5,-33.5,53.5,52.5,,,
1590,401645326,2024,regular,2,2024-09-07T23:00:00.000Z,Rice,American Athletic,fbs,69.0,Texas Southern,SWAC,fcs,7.0,ESPN Bet,-30.0,Rice -30,-29.5,52.5,54.5,-5000.0,2000.0,
1591,401628599,2024,regular,2,2024-09-07T19:30:00.000Z,Richmond,CAA,fcs,19.0,Wofford,Southern,fcs,26.0,ESPN Bet,-17.5,Richmond -17.5,,48.5,,,,
1592,401628603,2024,regular,2,2024-09-07T23:00:00.000Z,Coastal Carolina,Sun Belt,fbs,40.0,William & Mary,CAA,fcs,21.0,ESPN Bet,-17.5,Coastal Carolina -17.5,-14.5,,55.5,-800.0,550.0,
1593,401640996,2024,regular,13,2024-11-23T18:00:00.000Z,Liberty,Conference USA,fbs,38.0,Western Kentucky,Conference USA,fbs,21.0,DraftKings,-1.0,Liberty -1,1.0,56.5,,-112.0,-108.0,
1594,401640996,2024,regular,13,2024-11-23T18:00:00.000Z,Liberty,Conference USA,fbs,38.0,Western Kentucky,Conference USA,fbs,21.0,Bovada,-1.0,Liberty -1.0,-1.0,55.5,57.5,-120.0,100.0,
1595,401640996,2024,regular,13,2024-11-23T18:00:00.000Z,Liberty,Conference USA,fbs,38.0,Western Kentucky,Conference USA,fbs,21.0,ESPN Bet,-1.5,Liberty -1.5,1.5,55.5,56.5,-120.0,-105.0,
1596,401645317,2024,regular,1,2024-08-30T00:00:00.000Z,Tulane,American Athletic,fbs,52.0,SE Louisiana,Southland,fcs,0.0,ESPN Bet,-28.5,Tulane -28.5,,55.5,,,,
1597,401638668,2024,regular,7,2024-10-12T18:00:00.000Z,Drake,Pioneer,fcs,27.0,Butler,Pioneer,fcs,17.0,ESPN Bet,-2.5,Drake -2.5,,44.5,,,,
1598,401677077,2024,postseason,1,2024-12-15T02:00:00.000Z,Western Michigan,Mid-American,fbs,23.0,South Alabama,Sun Belt,fbs,30.0,DraftKings,6.0,South Alabama -6,10.0,53.5,,185.0,-225.0,
1599,401677077,2024,postseason,1,2024-12-15T02:00:00.000Z,Western Michigan,Mid-American,fbs,23.0,South Alabama,Sun Belt,fbs,30.0,ESPN Bet,5.5,South Alabama -5.5,8.5,54.5,59.5,180.0,-215.0,
1600,401677077,2024,postseason,1,2024-12-15T02:00:00.000Z,Western Michigan,Mid-American,fbs,23.0,South Alabama,Sun Belt,fbs,30.0,Bovada,9.0,South Alabama -9.0,7.0,57.5,57.0,255.0,-310.0,
1601,401643782,2024,regular,2,2024-09-07T23:00:00.000Z,Southern Miss,Sun Belt,fbs,35.0,SE Louisiana,Southland,fcs,10.0,ESPN Bet,-17.5,Southern Miss -17.5,-14.5,53.5,54.5,-800.0,550.0,
1602,401634181,2024,regular,2,2024-09-07T18:00:00.000Z,Ball State,Mid-American,fbs,42.0,Missouri State,MVFC,fcs,34.0,ESPN Bet,-2.5,Ball State -2.5,-2.5,50.5,52.5,-140.0,120.0,
1603,401634207,2024,regular,2,2024-09-07T19:30:00.000Z,North Dakota State,MVFC,fcs,52.0,Tennessee State,Big South-OVC,fcs,3.0,ESPN Bet,-35.5,North Dakota State -35.5,,52.5,,,,
1604,401645354,2024,regular,9,2024-10-26T16:00:00.000Z,North Texas,American Athletic,fbs,37.0,Tulane,American Athletic,fbs,45.0,Bovada,7.5,Tulane -7.5,7.5,70.5,65.5,250.0,-300.0,
1605,401645354,2024,regular,9,2024-10-26T16:00:00.000Z,North Texas,American Athletic,fbs,37.0,Tulane,American Athletic,fbs,45.0,ESPN Bet,7.5,Tulane -7.5,8.0,69.5,65.5,240.0,-290.0,
1606,401645354,2024,regular,9,2024-10-26T16:00:00.000Z,North Texas,American Athletic,fbs,37.0,Tulane,American Athletic,fbs,45.0,DraftKings,7.0,Tulane -7,8.0,70.5,,235.0,-290.0,
1607,401628436,2024,regular,13,2024-11-23T20:30:00.000Z,Texas,SEC,fbs,31.0,Kentucky,SEC,fbs,14.0,DraftKings,-18.5,Texas -18.5,-21.0,47.0,,-1200.0,750.0,
1608,401628436,2024,regular,13,2024-11-23T20:30:00.000Z,Texas,SEC,fbs,31.0,Kentucky,SEC,fbs,14.0,Bovada,-19.0,Texas -19.0,-20.5,47.0,47.0,-1600.0,800.0,
1609,401628436,2024,regular,13,2024-11-23T20:30:00.000Z,Texas,SEC,fbs,31.0,Kentucky,SEC,fbs,14.0,ESPN Bet,-18.5,Texas -18.5,-20.5,46.5,47.5,-1000.0,600.0,
1610,401628579,2024,regular,1,2024-08-29T23:00:00.000Z,Delaware,CAA,fcs,48.0,Bryant,CAA,fcs,17.0,ESPN Bet,-18.5,Delaware -18.5,,55.5,,,,
1611,401628651,2024,regular,7,2024-10-12T18:00:00.000Z,Elon,CAA,fcs,10.0,New Hampshire,CAA,fcs,17.0,ESPN Bet,-1.0,Elon -1,,51.5,,,,
1612,401628600,2024,regular,2,2024-09-07T19:30:00.000Z,Stony Brook,CAA,fcs,37.0,Stonehill,NEC,fcs,10.0,ESPN Bet,-10.5,Stony Brook -10.5,,50.5,,,,
1613,401635531,2024,regular,2,2024-09-07T19:30:00.000Z,Boston College,ACC,fbs,56.0,Duquesne,NEC,fcs,0.0,ESPN Bet,-33.5,Boston College -33.5,-34.5,52.5,52.5,-20000.0,4000.0,
1614,401640959,2024,regular,13,2024-11-24T00:00:00.000Z,Notre Dame,FBS Independents,fbs,49.0,Army,American Athletic,fbs,14.0,DraftKings,-14.5,Notre Dame -14.5,-15.5,44.5,,-675.0,490.0,
1615,401640959,2024,regular,13,2024-11-24T00:00:00.000Z,Notre Dame,FBS Independents,fbs,49.0,Army,American Athletic,fbs,14.0,Bovada,-14.5,Notre Dame -14.5,-15.5,44.5,44.5,-750.0,500.0,
1616,401640959,2024,regular,13,2024-11-24T00:00:00.000Z,Notre Dame,FBS Independents,fbs,49.0,Army,American Athletic,fbs,14.0,ESPN Bet,-14.5,Notre Dame -14.5,-16.5,44.5,44.5,-650.0,425.0,
1617,401628431,2024,regular,13,2024-11-24T00:45:00.000Z,LSU,SEC,fbs,24.0,Vanderbilt,SEC,fbs,17.0,DraftKings,-10.0,LSU -10,-11.0,53.0,,-375.0,295.0,
1618,401628431,2024,regular,13,2024-11-24T00:45:00.000Z,LSU,SEC,fbs,24.0,Vanderbilt,SEC,fbs,17.0,Bovada,-9.5,LSU -9.5,-8.5,52.5,54.5,-320.0,260.0,
1619,401628431,2024,regular,13,2024-11-24T00:45:00.000Z,LSU,SEC,fbs,24.0,Vanderbilt,SEC,fbs,17.0,ESPN Bet,-9.5,LSU -9.5,-9.0,52.5,54.5,-340.0,270.0,
1620,401677176,2024,postseason,1,2024-12-21T21:00:00.000Z,Texas,SEC,fbs,38.0,Clemson,ACC,fbs,24.0,DraftKings,-13.5,Texas -13.5,,49.5,52.5,-650.0,470.0,
1621,401677176,2024,postseason,1,2024-12-21T21:00:00.000Z,Texas,SEC,fbs,38.0,Clemson,ACC,fbs,24.0,Bovada,-13.5,Texas -13.5,-10.5,49.5,52.0,-435.0,325.0,
1622,401677176,2024,postseason,1,2024-12-21T21:00:00.000Z,Texas,SEC,fbs,38.0,Clemson,ACC,fbs,24.0,ESPN Bet,-13.5,Texas -13.5,-11.0,49.5,51.5,-650.0,425.0,
1623,401628327,2024,regular,1,2024-08-30T00:00:00.000Z,Missouri,SEC,fbs,51.0,Murray State,MVFC,fcs,0.0,ESPN Bet,-50.5,Missouri -50.5,,62.5,,,,
1624,401654641,2024,regular,1,2024-08-31T16:30:00.000Z,Georgetown,Patriot,fcs,46.0,Davidson,Pioneer,fcs,24.0,ESPN Bet,-5.5,Georgetown -5.5,,57.5,,,,
1625,401638670,2024,regular,7,2024-10-12T18:00:00.000Z,Morehead State,Pioneer,fcs,14.0,Presbyterian,Pioneer,fcs,7.0,ESPN Bet,2.5,Presbyterian -2.5,,51.5,,,,
1626,401643706,2024,regular,2,2024-09-07T23:00:00.000Z,Colorado State,Mountain West,fbs,38.0,Northern Colorado,Big Sky,fcs,17.0,ESPN Bet,-31.0,Colorado State -31,-28.5,52.5,53.5,-7500.0,2500.0,
1627,401628601,2024,regular,2,2024-09-07T22:00:00.000Z,Towson,CAA,fcs,14.0,Morgan State,MEAC,fcs,9.0,ESPN Bet,-11.0,Towson -11,,48.5,,,,
1628,401628425,2024,regular,12,2024-11-16T19:00:00.000Z,Alabama,SEC,fbs,52.0,Mercer,Southern,fcs,7.0,DraftKings,-42.0,Alabama -42,,58.5,58.0,,,
1629,401628425,2024,regular,12,2024-11-16T19:00:00.000Z,Alabama,SEC,fbs,52.0,Mercer,Southern,fcs,7.0,ESPN Bet,-42.5,Alabama -42.5,-43.5,58.5,57.5,,,
1630,401677178,2024,postseason,1,2024-12-21T17:00:00.000Z,Penn State,Big Ten,fbs,38.0,SMU,ACC,fbs,10.0,DraftKings,-9.0,Penn State -9,,52.5,53.0,-325.0,260.0,
1631,401677178,2024,postseason,1,2024-12-21T17:00:00.000Z,Penn State,Big Ten,fbs,38.0,SMU,ACC,fbs,10.0,Bovada,-7.5,Penn State -7.5,-9.0,53.0,53.0,-370.0,285.0,
1632,401677178,2024,postseason,1,2024-12-21T17:00:00.000Z,Penn State,Big Ten,fbs,38.0,SMU,ACC,fbs,10.0,ESPN Bet,-7.5,Penn State -7.5,-9.0,50.5,53.5,-360.0,280.0,
1633,401632068,2024,regular,2,2024-09-07T23:00:00.000Z,Western Kentucky,Conference USA,fbs,31.0,Eastern Kentucky,UAC,fcs,0.0,ESPN Bet,-18.5,Western Kentucky -18.5,-20.5,59.5,59.5,-1400.0,800.0,
1634,401633988,2024,regular,7,2024-10-12T18:00:00.000Z,Lindenwood,Big South-OVC,fcs,29.0,Charleston Southern,Big South-OVC,fcs,14.0,ESPN Bet,-8.5,Lindenwood -8.5,,47.5,,,,
1635,401628526,2024,regular,9,2024-10-26T16:00:00.000Z,Indiana,Big Ten,fbs,31.0,Washington,Big Ten,fbs,17.0,Bovada,-5.5,Indiana -5.5,-7.0,54.0,53.0,-250.0,210.0,
1636,401628526,2024,regular,9,2024-10-26T16:00:00.000Z,Indiana,Big Ten,fbs,31.0,Washington,Big Ten,fbs,17.0,ESPN Bet,-5.5,Indiana -5.5,-7.0,53.5,52.5,-200.0,170.0,
1637,401628526,2024,regular,9,2024-10-26T16:00:00.000Z,Indiana,Big Ten,fbs,31.0,Washington,Big Ten,fbs,17.0,DraftKings,-5.5,Indiana -5.5,-7.0,54.0,,-218.0,180.0,
1638,401645318,2024,regular,1,2024-08-30T00:00:00.000Z,Tulsa,American Athletic,fbs,62.0,Northwestern State,Southland,fcs,28.0,ESPN Bet,-37.5,Tulsa -37.5,,55.5,,,,
1639,401628330,2024,regular,1,2024-08-31T16:45:00.000Z,Tennessee,SEC,fbs,69.0,Chattanooga,Southern,fcs,3.0,ESPN Bet,-38.5,Tennessee -38.5,,56.5,,,,
1640,401644772,2024,regular,13,2024-11-21T00:00:00.000Z,Eastern Michigan,Mid-American,fbs,20.0,Buffalo,Mid-American,fbs,37.0,DraftKings,-1.0,Eastern Michigan -1,-1.5,53.5,,-112.0,-108.0,
1641,401644772,2024,regular,13,2024-11-21T00:00:00.000Z,Eastern Michigan,Mid-American,fbs,20.0,Buffalo,Mid-American,fbs,37.0,Bovada,-1.0,Eastern Michigan -1.0,-3.0,51.0,54.0,-140.0,120.0,
1642,401644772,2024,regular,13,2024-11-21T00:00:00.000Z,Eastern Michigan,Mid-American,fbs,20.0,Buffalo,Mid-American,fbs,37.0,ESPN Bet,-1.5,Eastern Michigan -1.5,-2.5,53.5,53.5,-115.0,-105.0,
1643,401654573,2024,regular,2,2024-09-07T22:00:00.000Z,Central Connecticut,NEC,fcs,33.0,Fordham,Patriot,fcs,3.0,ESPN Bet,23.5,Fordham -23.5,,59.5,,,,
1644,401628602,2024,regular,2,2024-09-07T22:00:00.000Z,Colgate,Patriot,fcs,3.0,Villanova,CAA,fcs,28.0,ESPN Bet,19.0,Villanova -19,,49.5,,,,
1645,401643707,2024,regular,2,2024-09-08T02:00:00.000Z,Fresno State,Mountain West,fbs,46.0,Sacramento State,Big Sky,fcs,30.0,ESPN Bet,-18.5,Fresno State -18.5,-15.5,55.5,56.5,-1200.0,750.0,
1646,401628652,2024,regular,7,2024-10-12T18:00:00.000Z,Norfolk State,MEAC,fcs,23.0,Towson,CAA,fcs,28.0,ESPN Bet,18.0,Towson -18,,48.5,,,,
1647,401644773,2024,regular,13,2024-11-21T00:00:00.000Z,Toledo,Mid-American,fbs,7.0,Ohio,Mid-American,fbs,24.0,DraftKings,-1.5,Toledo -1.5,-3.0,47.0,,-115.0,-105.0,
1648,401644773,2024,regular,13,2024-11-21T00:00:00.000Z,Toledo,Mid-American,fbs,7.0,Ohio,Mid-American,fbs,24.0,Bovada,-1.5,Toledo -1.5,-2.5,45.0,46.0,-130.0,110.0,
1649,401644773,2024,regular,13,2024-11-21T00:00:00.000Z,Toledo,Mid-American,fbs,7.0,Ohio,Mid-American,fbs,24.0,ESPN Bet,0.5,Ohio -0.5,-2.5,45.5,46.5,-115.0,-105.0,
1650,401645352,2024,regular,9,2024-10-26T18:00:00.000Z,East Carolina,American Athletic,fbs,56.0,Temple,American Athletic,fbs,34.0,Bovada,-8.5,East Carolina -8.5,-7.0,48.5,49.0,-300.0,250.0,
1651,401645352,2024,regular,9,2024-10-26T18:00:00.000Z,East Carolina,American Athletic,fbs,56.0,Temple,American Athletic,fbs,34.0,ESPN Bet,-7.5,East Carolina -7.5,-7.0,48.5,48.5,-340.0,270.0,
1652,401645352,2024,regular,9,2024-10-26T18:00:00.000Z,East Carolina,American Athletic,fbs,56.0,Temple,American Athletic,fbs,34.0,DraftKings,-8.5,East Carolina -8.5,-10.0,48.5,,-340.0,270.0,
1653,401628403,2024,regular,9,2024-10-26T16:45:00.000Z,Mississippi State,SEC,fbs,25.0,Arkansas,SEC,fbs,58.0,Bovada,7.5,Arkansas -7.5,7.0,55.0,58.0,230.0,-280.0,
1654,401628403,2024,regular,9,2024-10-26T16:45:00.000Z,Mississippi State,SEC,fbs,25.0,Arkansas,SEC,fbs,58.0,ESPN Bet,7.5,Arkansas -7.5,7.5,54.5,57.5,225.0,-275.0,
1655,401628403,2024,regular,9,2024-10-26T16:45:00.000Z,Mississippi State,SEC,fbs,25.0,Arkansas,SEC,fbs,58.0,DraftKings,7.5,Arkansas -7.5,8.5,55.0,,230.0,-285.0,
1656,401677179,2024,postseason,1,2024-12-21T01:00:00.000Z,Notre Dame,FBS Independents,fbs,27.0,Indiana,Big Ten,fbs,17.0,Bovada,-7.0,Notre Dame -7.0,-7.5,50.0,50.5,-320.0,260.0,
1657,401677179,2024,postseason,1,2024-12-21T01:00:00.000Z,Notre Dame,FBS Independents,fbs,27.0,Indiana,Big Ten,fbs,17.0,DraftKings,-7.0,Notre Dame -7,,50.5,,-265.0,215.0,
1658,401677179,2024,postseason,1,2024-12-21T01:00:00.000Z,Notre Dame,FBS Independents,fbs,27.0,Indiana,Big Ten,fbs,17.0,ESPN Bet,-6.5,Notre Dame -6.5,-7.5,50.5,50.5,-275.0,225.0,
1659,401644687,2024,regular,9,2024-10-26T18:00:00.000Z,Miami (OH),Mid-American,fbs,46.0,Central Michigan,Mid-American,fbs,7.0,Bovada,-10.5,Miami (OH) -10.5,-12.0,48.5,47.0,-500.0,360.0,
1660,401644687,2024,regular,9,2024-10-26T18:00:00.000Z,Miami (OH),Mid-American,fbs,46.0,Central Michigan,Mid-American,fbs,7.0,ESPN Bet,-9.5,Miami (OH) -9.5,-12.0,48.5,46.5,-425.0,320.0,
1661,401644687,2024,regular,9,2024-10-26T18:00:00.000Z,Miami (OH),Mid-American,fbs,46.0,Central Michigan,Mid-American,fbs,7.0,DraftKings,-10.5,Miami (OH) -10.5,-10.5,48.5,,-395.0,310.0,
1662,401638344,2024,regular,7,2024-10-12T18:30:00.000Z,Western Carolina,Southern,fcs,30.0,The Citadel,Southern,fcs,16.0,ESPN Bet,-17.5,Western Carolina -17.5,,56.5,,,,
1663,401654677,2024,regular,2,2024-09-07T22:00:00.000Z,Furman,Southern,fcs,20.0,Charleston Southern,Big South-OVC,fcs,24.0,ESPN Bet,-20.0,Furman -20,,47.5,,,,
1664,401636615,2024,regular,2,2024-09-08T00:00:00.000Z,TCU,Big 12,fbs,45.0,Long Island University,NEC,fcs,0.0,ESPN Bet,-45.5,TCU -45.5,-45.5,56.5,54.5,,,
1665,401632459,2024,regular,2,2024-09-07T23:00:00.000Z,Georgia State,Sun Belt,fbs,24.0,Chattanooga,Southern,fcs,21.0,ESPN Bet,-9.5,Georgia State -9.5,-10.0,51.5,54.5,-360.0,290.0,
1666,401628338,2024,regular,2,2024-09-07T23:00:00.000Z,Florida,SEC,fbs,45.0,Samford,Southern,fcs,7.0,ESPN Bet,-38.5,Florida -38.5,-37.0,55.5,53.5,,,
1667,401677085,2024,postseason,1,2024-12-23T16:00:00.000Z,UTSA,American Athletic,fbs,44.0,Coastal Carolina,Sun Belt,fbs,15.0,DraftKings,-12.5,UTSA -12.5,,56.5,57.5,-440.0,340.0,
1668,401677085,2024,postseason,1,2024-12-23T16:00:00.000Z,UTSA,American Athletic,fbs,44.0,Coastal Carolina,Sun Belt,fbs,15.0,ESPN Bet,13.5,Coastal Carolina -13.5,-6.5,56.5,56.5,-550.0,380.0,
1669,401677085,2024,postseason,1,2024-12-23T16:00:00.000Z,UTSA,American Athletic,fbs,44.0,Coastal Carolina,Sun Belt,fbs,15.0,Bovada,-12.5,UTSA -12.5,-8.0,57.0,57.0,-320.0,260.0,
1670,401644690,2024,regular,13,2024-11-20T01:00:00.000Z,Miami (OH),Mid-American,fbs,20.0,Northern Illinois,Mid-American,fbs,9.0,DraftKings,-1.5,Miami (OH) -1.5,-3.5,43.0,,-122.0,102.0,
1671,401644690,2024,regular,13,2024-11-20T01:00:00.000Z,Miami (OH),Mid-American,fbs,20.0,Northern Illinois,Mid-American,fbs,9.0,Bovada,-1.5,Miami (OH) -1.5,-3.0,43.0,41.5,-145.0,125.0,
1672,401644690,2024,regular,13,2024-11-20T01:00:00.000Z,Miami (OH),Mid-American,fbs,20.0,Northern Illinois,Mid-American,fbs,9.0,ESPN Bet,-2.5,Miami (OH) -2.5,-3.0,42.5,41.5,-120.0,105.0,
1673,401634143,2024,regular,1,2024-08-29T23:00:00.000Z,Mercer,Southern,fcs,63.0,Presbyterian,Pioneer,fcs,10.0,ESPN Bet,-27.5,Mercer -27.5,,46.5,,,,
1674,401628591,2024,regular,1,2024-08-31T18:30:00.000Z,Cincinnati,Big 12,fbs,38.0,Towson,CAA,fcs,20.0,ESPN Bet,-33.5,Cincinnati -33.5,,56.5,,,,
1675,401634208,2024,regular,7,2024-10-12T19:00:00.000Z,Southern Illinois,MVFC,fcs,3.0,North Dakota State,MVFC,fcs,24.0,ESPN Bet,22.5,North Dakota State -22.5,,55.5,,,,
1676,401635539,2024,regular,2,2024-09-07T23:00:00.000Z,Stanford,ACC,fbs,41.0,Cal Poly,Big Sky,fcs,7.0,ESPN Bet,-33.5,Stanford -33.5,-35.5,59.5,58.5,,,
1677,401634190,2024,regular,2,2024-09-07T23:00:00.000Z,Murray State,MVFC,fcs,17.0,Butler,Pioneer,fcs,19.0,ESPN Bet,-7.5,Murray State -7.5,,48.5,,,,
1678,401628525,2024,regular,9,2024-10-26T19:30:00.000Z,Oregon,Big Ten,fbs,38.0,Illinois,Big Ten,fbs,9.0,Bovada,-22.5,Oregon -22.5,-21.0,54.0,53.5,-1800.0,850.0,
1679,401628525,2024,regular,9,2024-10-26T19:30:00.000Z,Oregon,Big Ten,fbs,38.0,Illinois,Big Ten,fbs,9.0,ESPN Bet,-22.5,Oregon -22.5,-21.5,54.5,54.5,-2000.0,1000.0,
1680,401628525,2024,regular,9,2024-10-26T19:30:00.000Z,Oregon,Big Ten,fbs,38.0,Illinois,Big Ten,fbs,9.0,DraftKings,-22.0,Oregon -22,-21.5,54.0,,-1800.0,1000.0,
1681,401677086,2024,postseason,1,2024-12-23T19:30:00.000Z,Fresno State,Mountain West,fbs,20.0,Northern Illinois,Mid-American,fbs,28.0,DraftKings,2.0,Northern Illinois -2,,41.0,,105.0,-125.0,
1682,401677086,2024,postseason,1,2024-12-23T19:30:00.000Z,Fresno State,Mountain West,fbs,20.0,Northern Illinois,Mid-American,fbs,28.0,ESPN Bet,2.5,Northern Illinois -2.5,2.5,40.5,42.5,110.0,-130.0,
1683,401677086,2024,postseason,1,2024-12-23T19:30:00.000Z,Fresno State,Mountain West,fbs,20.0,Northern Illinois,Mid-American,fbs,28.0,Bovada,3.0,Northern Illinois -3.0,3.0,40.5,40.5,125.0,-145.0,
1684,401644769,2024,regular,13,2024-11-20T00:00:00.000Z,Kent State,Mid-American,fbs,17.0,Akron,Mid-American,fbs,38.0,DraftKings,10.5,Akron -10.5,9.5,49.0,,310.0,-395.0,
1685,401644769,2024,regular,13,2024-11-20T00:00:00.000Z,Kent State,Mid-American,fbs,17.0,Akron,Mid-American,fbs,38.0,Bovada,10.5,Akron -10.5,9.5,49.0,49.0,290.0,-380.0,
1686,401644769,2024,regular,13,2024-11-20T00:00:00.000Z,Kent State,Mid-American,fbs,17.0,Akron,Mid-American,fbs,38.0,ESPN Bet,10.5,Akron -10.5,10.0,48.5,49.5,340.0,-450.0,
1687,401636387,2024,regular,1,2024-08-29T23:00:00.000Z,UL Monroe,Sun Belt,fbs,30.0,Jackson State,SWAC,fcs,14.0,ESPN Bet,-4.5,UL Monroe -4.5,,45.5,,,,
1688,401634133,2024,regular,1,2024-08-31T19:30:00.000Z,App State,Sun Belt,fbs,38.0,East Tennessee State,Southern,fcs,10.0,ESPN Bet,-35.5,App State -35.5,,58.5,,,,
1689,401634217,2024,regular,7,2024-10-12T19:00:00.000Z,South Dakota State,MVFC,fcs,63.0,Youngstown State,MVFC,fcs,13.0,ESPN Bet,-33.0,South Dakota State -33,,55.5,,,,
1690,401644770,2024,regular,13,2024-11-20T00:30:00.000Z,Central Michigan,Mid-American,fbs,16.0,Western Michigan,Mid-American,fbs,14.0,DraftKings,6.0,Western Michigan -6,7.5,56.0,,180.0,-218.0,
1691,401644770,2024,regular,13,2024-11-20T00:30:00.000Z,Central Michigan,Mid-American,fbs,16.0,Western Michigan,Mid-American,fbs,14.0,Bovada,6.0,Western Michigan -6.0,6.5,56.0,56.0,210.0,-250.0,
1692,401644770,2024,regular,13,2024-11-20T00:30:00.000Z,Central Michigan,Mid-American,fbs,16.0,Western Michigan,Mid-American,fbs,14.0,ESPN Bet,5.5,Western Michigan -5.5,6.5,54.5,56.5,190.0,-225.0,
1693,401634198,2024,regular,2,2024-09-07T23:00:00.000Z,North Dakota,MVFC,fcs,27.0,Montana,Big Sky,fcs,24.0,ESPN Bet,7.0,Montana -7,,50.5,,,,
1694,401628349,2024,regular,2,2024-09-07T23:30:00.000Z,Vanderbilt,SEC,fbs,55.0,Alcorn State,SWAC,fcs,0.0,ESPN Bet,-32.5,Vanderbilt -32.5,-31.0,47.5,49.5,-20000.0,4000.0,
1695,401677089,2024,postseason,1,2024-12-27T02:00:00.000Z,Bowling Green,Mid-American,fbs,31.0,Arkansas State,Sun Belt,fbs,38.0,DraftKings,-10.5,Bowling Green -10.5,-6.5,54.5,,-380.0,300.0,
1696,401677089,2024,postseason,1,2024-12-27T02:00:00.000Z,Bowling Green,Mid-American,fbs,31.0,Arkansas State,Sun Belt,fbs,38.0,ESPN Bet,-10.5,Bowling Green -10.5,-6.5,54.5,49.5,-380.0,290.0,
1697,401677089,2024,postseason,1,2024-12-27T02:00:00.000Z,Bowling Green,Mid-American,fbs,31.0,Arkansas State,Sun Belt,fbs,38.0,Bovada,-10.0,Bowling Green -10.0,-7.0,53.5,50.5,-260.0,215.0,
1698,401628583,2024,regular,1,2024-08-30T01:00:00.000Z,Eastern Washington,Big Sky,fcs,42.0,Monmouth,CAA,fcs,27.0,ESPN Bet,-14.5,Eastern Washington -14.5,,63.5,,,,
1699,401654513,2024,regular,7,2024-10-12T19:00:00.000Z,Morgan State,MEAC,fcs,24.0,Merrimack,FCS Independents,fcs,32.0,ESPN Bet,-2.5,Morgan State -2.5,,41.5,,,,
1700,401632069,2024,regular,2,2024-09-07T23:00:00.000Z,Lindenwood,Big South-OVC,fcs,13.0,Central Arkansas,UAC,fcs,34.0,ESPN Bet,20.5,Central Arkansas -20.5,,54.5,,,,
1701,401654616,2024,regular,2,2024-09-07T16:00:00.000Z,Lehigh,Patriot,fcs,49.0,Wagner,NEC,fcs,13.0,ESPN Bet,-13.5,Lehigh -13.5,,43.5,,,,
1702,401634258,2024,regular,12,2024-11-15T01:00:00.000Z,Alabama A&M,SWAC,fcs,22.0,Grambling,SWAC,fcs,17.0,ESPN Bet,-6.0,Alabama A&M -6,,58.5,,,,
1703,401677080,2024,postseason,1,2024-12-18T02:00:00.000Z,West Virginia,Big 12,fbs,37.0,Memphis,American Athletic,fbs,42.0,DraftKings,5.0,Memphis -5,2.0,60.0,,170.0,-205.0,
1704,401677080,2024,postseason,1,2024-12-18T02:00:00.000Z,West Virginia,Big 12,fbs,37.0,Memphis,American Athletic,fbs,42.0,ESPN Bet,5.5,Memphis -5.5,1.5,60.5,56.5,175.0,-210.0,
1705,401677080,2024,postseason,1,2024-12-18T02:00:00.000Z,West Virginia,Big 12,fbs,37.0,Memphis,American Athletic,fbs,42.0,Bovada,5.0,Memphis -5.0,3.0,60.5,56.5,130.0,-150.0,
1706,401628528,2024,regular,9,2024-10-26T19:30:00.000Z,Minnesota,Big Ten,fbs,48.0,Maryland,Big Ten,fbs,23.0,Bovada,-6.0,Minnesota -6.0,-4.5,45.0,45.5,-185.0,160.0,
1707,401628528,2024,regular,9,2024-10-26T19:30:00.000Z,Minnesota,Big Ten,fbs,48.0,Maryland,Big Ten,fbs,23.0,ESPN Bet,-5.5,Minnesota -5.5,-4.5,44.5,46.5,-225.0,190.0,
1708,401628528,2024,regular,9,2024-10-26T19:30:00.000Z,Minnesota,Big Ten,fbs,48.0,Maryland,Big Ten,fbs,23.0,DraftKings,-6.0,Minnesota -6,-3.0,45.0,,-225.0,185.0,
1709,401636607,2024,regular,1,2024-08-30T01:00:00.000Z,Utah,Big 12,fbs,49.0,Southern Utah,UAC,fcs,0.0,ESPN Bet,-37.5,Utah -37.5,,55.5,,,,
1710,401634197,2024,regular,1,2024-08-31T19:30:00.000Z,Iowa State,Big 12,fbs,21.0,North Dakota,MVFC,fcs,3.0,ESPN Bet,-30.5,Iowa State -30.5,,51.5,,,,
1711,401634170,2024,regular,2,2024-09-07T23:00:00.000Z,Eastern Illinois,Big South-OVC,fcs,27.0,Indiana State,MVFC,fcs,20.0,ESPN Bet,-8.5,Eastern Illinois -8.5,,44.5,,,,
1712,401654499,2024,regular,7,2024-10-12T19:00:00.000Z,Robert Morris,NEC,fcs,23.0,Delaware State,MEAC,fcs,0.0,ESPN Bet,-7.5,Robert Morris -7.5,,49.5,,,,
1713,401677084,2024,postseason,1,2024-12-20T20:30:00.000Z,Florida,SEC,fbs,33.0,Tulane,American Athletic,fbs,8.0,DraftKings,-10.0,Florida -10,,50.5,49.5,-395.0,310.0,
1714,401677084,2024,postseason,1,2024-12-20T20:30:00.000Z,Florida,SEC,fbs,33.0,Tulane,American Athletic,fbs,8.0,ESPN Bet,-9.5,Florida -9.5,-12.0,49.5,51.5,-400.0,300.0,
1715,401677084,2024,postseason,1,2024-12-20T20:30:00.000Z,Florida,SEC,fbs,33.0,Tulane,American Athletic,fbs,8.0,Bovada,-10.0,Florida -10.0,-13.0,49.5,50.5,-480.0,350.0,
1716,401654664,2024,regular,2,2024-09-07T23:00:00.000Z,Houston Christian,Southland,fcs,18.0,Tarleton State,UAC,fcs,35.0,ESPN Bet,14.0,Tarleton State -14,,51.5,,,,
1717,401634030,2024,regular,7,2024-10-12T19:00:00.000Z,Northwestern State,Southland,fcs,21.0,East Texas A&M,Southland,fcs,42.0,ESPN Bet,11.5,East Texas A&M -11.5,,51.5,,,,
1718,401628422,2024,regular,12,2024-11-16T18:30:00.000Z,Kentucky,SEC,fbs,48.0,Murray State,MVFC,fcs,6.0,DraftKings,-41.5,Kentucky -41.5,,54.5,49.5,,,
1719,401628422,2024,regular,12,2024-11-16T18:30:00.000Z,Kentucky,SEC,fbs,48.0,Murray State,MVFC,fcs,6.0,ESPN Bet,-41.5,Kentucky -41.5,-38.5,54.5,49.5,,,
1720,401654845,2024,regular,1,2024-08-30T01:00:00.000Z,Illinois,Big Ten,fbs,45.0,Eastern Illinois,Big South-OVC,fcs,0.0,ESPN Bet,-28.5,Illinois -28.5,,50.5,,,,
1721,401634158,2024,regular,2,2024-09-07T23:00:00.000Z,North Alabama,UAC,fcs,17.0,Illinois State,MVFC,fcs,24.0,ESPN Bet,13.5,Illinois State -13.5,,50.5,,,,
1722,401634147,2024,regular,7,2024-10-12T19:30:00.000Z,Mercer,Southern,fcs,34.0,Princeton,Ivy,fcs,7.0,ESPN Bet,-13.0,Mercer -13,,45.5,,,,
1723,401654556,2024,regular,12,2024-11-16T01:00:00.000Z,North Carolina Central,MEAC,fcs,26.0,Howard,MEAC,fcs,3.0,ESPN Bet,-15.5,North Carolina Central -15.5,,51.5,,,,
1724,401677177,2024,postseason,1,2024-12-22T01:00:00.000Z,Ohio State,Big Ten,fbs,42.0,Tennessee,SEC,fbs,17.0,DraftKings,-7.5,Ohio State -7.5,,47.0,,-290.0,235.0,
1725,401677177,2024,postseason,1,2024-12-22T01:00:00.000Z,Ohio State,Big Ten,fbs,42.0,Tennessee,SEC,fbs,17.0,Bovada,-8.0,Ohio State -8.0,-7.0,47.0,48.0,,,
1726,401677177,2024,postseason,1,2024-12-22T01:00:00.000Z,Ohio State,Big Ten,fbs,42.0,Tennessee,SEC,fbs,17.0,ESPN Bet,-7.5,Ohio State -7.5,-7.5,46.5,47.5,-300.0,250.0,
1727,401645316,2024,regular,1,2024-08-30T00:00:00.000Z,UAB,American Athletic,fbs,41.0,Alcorn State,SWAC,fcs,3.0,ESPN Bet,-29.5,UAB -29.5,,55.5,,,,
1728,401654585,2024,regular,2,2024-09-07T23:00:00.000Z,Lamar,Southland,fcs,28.0,Mississippi Valley State,SWAC,fcs,14.0,ESPN Bet,-27.0,Lamar -27,,48.5,,,,
1729,401636384,2024,regular,7,2024-10-12T19:00:00.000Z,Grambling,SWAC,fcs,15.0,Alcorn State,SWAC,fcs,17.0,ESPN Bet,-4.5,Grambling -4.5,,53.5,,,,
1730,401677091,2024,postseason,1,2024-12-27T20:30:00.000Z,Vanderbilt,SEC,fbs,35.0,Georgia Tech,ACC,fbs,27.0,DraftKings,3.0,Georgia Tech -3,,49.0,,120.0,-142.0,
1731,401677091,2024,postseason,1,2024-12-27T20:30:00.000Z,Vanderbilt,SEC,fbs,35.0,Georgia Tech,ACC,fbs,27.0,ESPN Bet,2.5,Georgia Tech -2.5,2.5,48.5,53.5,120.0,-140.0,
1732,401677091,2024,postseason,1,2024-12-27T20:30:00.000Z,Vanderbilt,SEC,fbs,35.0,Georgia Tech,ACC,fbs,27.0,Bovada,3.0,Georgia Tech -3.0,2.5,50.0,51.5,115.0,-135.0,
1733,401643698,2024,regular,1,2024-08-30T02:00:00.000Z,San José State,Mountain West,fbs,42.0,Sacramento State,Big Sky,fcs,24.0,ESPN Bet,-2.5,San José State -2.5,,62.5,,,,
1734,401637159,2024,regular,1,2024-08-31T19:00:00.000Z,Washington State,Pac-12,fbs,70.0,Portland State,Big Sky,fcs,30.0,ESPN Bet,-26.5,Washington State -26.5,,57.5,,,,
1735,401632070,2024,regular,2,2024-09-07T23:00:00.000Z,Austin Peay,UAC,fcs,17.0,Southern Illinois,MVFC,fcs,31.0,ESPN Bet,9.5,Southern Illinois -9.5,,51.5,,,,
1736,401634137,2024,regular,7,2024-10-12T19:30:00.000Z,East Tennessee State,Southern,fcs,31.0,Samford,Southern,fcs,28.0,ESPN Bet,-9.5,East Tennessee State -9.5,,52.5,,,,
1737,401629035,2024,regular,9,2024-10-26T19:30:00.000Z,UConn,FBS Independents,fbs,17.0,Rice,American Athletic,fbs,10.0,Bovada,-6.5,UConn -6.5,-6.0,47.0,47.0,-240.0,200.0,
1738,401629035,2024,regular,9,2024-10-26T19:30:00.000Z,UConn,FBS Independents,fbs,17.0,Rice,American Athletic,fbs,10.0,ESPN Bet,-6.5,UConn -6.5,-6.5,45.5,46.5,-250.0,210.0,
1739,401629035,2024,regular,9,2024-10-26T19:30:00.000Z,UConn,FBS Independents,fbs,17.0,Rice,American Athletic,fbs,10.0,DraftKings,-6.5,UConn -6.5,-5.0,47.0,,-238.0,195.0,
1740,401643699,2024,regular,1,2024-08-31T19:30:00.000Z,Air Force,Mountain West,fbs,21.0,Merrimack,FCS Independents,fcs,6.0,ESPN Bet,-30.5,Air Force -30.5,,47.5,,,,
1741,401634213,2024,regular,2,2024-09-07T23:00:00.000Z,South Dakota State,MVFC,fcs,45.0,Incarnate Word,Southland,fcs,24.0,ESPN Bet,-25.0,South Dakota State -25,,52.5,,,,
1742,401634254,2024,regular,7,2024-10-12T19:00:00.000Z,Alabama A&M,SWAC,fcs,56.0,Bethune-Cookman,SWAC,fcs,12.0,ESPN Bet,-3.5,Alabama A&M -3.5,,56.5,,,,
1743,401638697,2024,regular,12,2024-11-16T17:00:00.000Z,Dayton,Pioneer,fcs,26.0,Valparaiso,Pioneer,fcs,14.0,ESPN Bet,-13.0,Dayton -13,,39.5,,,,
1744,401643818,2024,regular,9,2024-10-26T23:00:00.000Z,Arkansas State,Sun Belt,fbs,34.0,Troy,Sun Belt,fbs,31.0,Bovada,-8.5,Arkansas State -8.5,-7.5,50.0,51.5,-275.0,225.0,
1745,401643818,2024,regular,9,2024-10-26T23:00:00.000Z,Arkansas State,Sun Belt,fbs,34.0,Troy,Sun Belt,fbs,31.0,ESPN Bet,-7.5,Arkansas State -7.5,-7.0,50.5,52.5,-340.0,270.0,
1746,401643818,2024,regular,9,2024-10-26T23:00:00.000Z,Arkansas State,Sun Belt,fbs,34.0,Troy,Sun Belt,fbs,31.0,DraftKings,-8.5,Arkansas State -8.5,-8.5,50.0,,-355.0,280.0,
1747,401729867,2024,postseason,1,2024-12-28T01:00:00.000Z,Washington State,Pac-12,fbs,35.0,Syracuse,ACC,fbs,52.0,DraftKings,19.0,Syracuse -19,,58.5,60.5,675.0,-1050.0,
1748,401729867,2024,postseason,1,2024-12-28T01:00:00.000Z,Washington State,Pac-12,fbs,35.0,Syracuse,ACC,fbs,52.0,ESPN Bet,18.5,Syracuse -18.5,6.5,57.5,60.5,600.0,-1000.0,
1749,401729867,2024,postseason,1,2024-12-28T01:00:00.000Z,Washington State,Pac-12,fbs,35.0,Syracuse,ACC,fbs,52.0,Bovada,19.0,Syracuse -19.0,6.5,58.5,61.5,210.0,-250.0,
1750,401644731,2024,regular,1,2024-08-31T19:30:00.000Z,Northern Illinois,Mid-American,fbs,54.0,Western Illinois,Big South-OVC,fcs,15.0,ESPN Bet,-36.5,Northern Illinois -36.5,,55.5,,,,
1751,401628595,2024,regular,2,2024-09-07T22:00:00.000Z,North Carolina Central,MEAC,fcs,19.0,Elon,CAA,fcs,41.0,ESPN Bet,7.0,Elon -7,,52.5,,,,
1752,401633990,2024,regular,7,2024-10-12T20:00:00.000Z,Southeast Missouri State,Big South-OVC,fcs,34.0,Tennessee Tech,Big South-OVC,fcs,3.0,ESPN Bet,-13.0,Southeast Missouri State -13,,56.5,,,,
1753,401628685,2024,regular,12,2024-11-16T17:00:00.000Z,Hampton,CAA,fcs,21.0,Richmond,CAA,fcs,24.0,ESPN Bet,7.0,Richmond -7,,49.5,,,,
1754,401677092,2024,postseason,1,2024-12-28T00:00:00.000Z,Arkansas,SEC,fbs,39.0,Texas Tech,Big 12,fbs,26.0,DraftKings,3.5,Texas Tech -3.5,-2.5,52.5,,136.0,-162.0,
1755,401677092,2024,postseason,1,2024-12-28T00:00:00.000Z,Arkansas,SEC,fbs,39.0,Texas Tech,Big 12,fbs,26.0,ESPN Bet,3.5,Texas Tech -3.5,-2.5,52.5,59.5,135.0,-155.0,
1756,401677092,2024,postseason,1,2024-12-28T00:00:00.000Z,Arkansas,SEC,fbs,39.0,Texas Tech,Big 12,fbs,26.0,Bovada,3.0,Texas Tech -3.0,-3.0,52.5,60.5,-145.0,125.0,
1757,401654569,2024,regular,2,2024-09-07T23:00:00.000Z,Northwestern State,Southland,fcs,31.0,Prairie View A&M,SWAC,fcs,37.0,ESPN Bet,2.0,Prairie View A&M -2,,53.5,,,,
1758,401633991,2024,regular,7,2024-10-12T20:00:00.000Z,Western Illinois,Big South-OVC,fcs,17.0,UT Martin,Big South-OVC,fcs,45.0,ESPN Bet,21.5,UT Martin -21.5,,60.5,,,,
1759,401654622,2024,regular,12,2024-11-16T17:00:00.000Z,Lehigh,Patriot,fcs,45.0,Colgate,Patriot,fcs,17.0,ESPN Bet,-10.5,Lehigh -10.5,,47.5,,,,
1760,401677093,2024,postseason,1,2024-12-28T03:30:00.000Z,USC,Big Ten,fbs,35.0,Texas A&M,SEC,fbs,31.0,DraftKings,3.5,Texas A&M -3.5,,56.5,50.5,150.0,-180.0,
1761,401677093,2024,postseason,1,2024-12-28T03:30:00.000Z,USC,Big Ten,fbs,35.0,Texas A&M,SEC,fbs,31.0,ESPN Bet,-3.5,USC -3.5,2.5,56.5,50.5,-185.0,155.0,
1762,401677093,2024,postseason,1,2024-12-28T03:30:00.000Z,USC,Big Ten,fbs,35.0,Texas A&M,SEC,fbs,31.0,Bovada,3.5,Texas A&M -3.5,3.0,55.5,52.0,130.0,-150.0,
1763,401633979,2024,regular,2,2024-09-07T23:00:00.000Z,Southeast Missouri State,Big South-OVC,fcs,45.0,UT Martin,Big South-OVC,fcs,42.0,ESPN Bet,-3.0,Southeast Missouri State -3,,54.5,,,,
1764,401675118,2024,regular,7,2024-10-12T20:00:00.000Z,Lamar,Southland,fcs,20.0,Stephen F. Austin,Southland,fcs,27.0,ESPN Bet,7.5,Stephen F. Austin -7.5,,50.5,,,,
1765,401628686,2024,regular,12,2024-11-16T17:00:00.000Z,Monmouth,CAA,fcs,40.0,Villanova,CAA,fcs,33.0,ESPN Bet,3.0,Villanova -3,,52.5,,,,
1766,401677094,2024,postseason,1,2024-12-28T16:00:00.000Z,North Carolina,ACC,fbs,14.0,UConn,FBS Independents,fbs,27.0,DraftKings,-2.0,North Carolina -2,-5.5,53.5,,-125.0,105.0,
1767,401677094,2024,postseason,1,2024-12-28T16:00:00.000Z,North Carolina,ACC,fbs,14.0,UConn,FBS Independents,fbs,27.0,ESPN Bet,-1.5,North Carolina -1.5,-4.0,52.5,55.5,-130.0,110.0,
1768,401677094,2024,postseason,1,2024-12-28T16:00:00.000Z,North Carolina,ACC,fbs,14.0,UConn,FBS Independents,fbs,27.0,Bovada,-2.5,North Carolina -2.5,-5.0,53.5,54.5,-210.0,175.0,
1769,401655623,2024,regular,2,2024-09-07T23:00:00.000Z,Eastern Washington,Big Sky,fcs,32.0,Drake,Pioneer,fcs,35.0,ESPN Bet,-35.0,Eastern Washington -35,,60.5,,,,
1770,401678917,2024,regular,7,2024-10-12T20:00:00.000Z,Southern Utah,UAC,fcs,42.0,Eastern Kentucky,UAC,fcs,21.0,ESPN Bet,-3.5,Southern Utah -3.5,,55.5,,,,
1771,401634141,2024,regular,12,2024-11-16T17:00:00.000Z,East Tennessee State,Southern,fcs,21.0,Furman,Southern,fcs,24.0,ESPN Bet,-15.0,East Tennessee State -15,,51.5,,,,
1772,401628401,2024,regular,9,2024-10-26T23:45:00.000Z,Kentucky,SEC,fbs,10.0,Auburn,SEC,fbs,24.0,Bovada,-2.0,Kentucky -2.0,-2.0,43.5,43.5,-135.0,115.0,
1773,401628401,2024,regular,9,2024-10-26T23:45:00.000Z,Kentucky,SEC,fbs,10.0,Auburn,SEC,fbs,24.0,ESPN Bet,-1.5,Kentucky -1.5,-2.5,42.5,42.5,-130.0,110.0,
1774,401628401,2024,regular,9,2024-10-26T23:45:00.000Z,Kentucky,SEC,fbs,10.0,Auburn,SEC,fbs,24.0,DraftKings,-2.0,Kentucky -2,-3.5,44.0,,-122.0,102.0,
1775,401677095,2024,postseason,1,2024-12-28T17:00:00.000Z,Nebraska,Big Ten,fbs,20.0,Boston College,ACC,fbs,15.0,DraftKings,-3.0,Nebraska -3,,47.5,45.5,-162.0,136.0,
1776,401677095,2024,postseason,1,2024-12-28T17:00:00.000Z,Nebraska,Big Ten,fbs,20.0,Boston College,ACC,fbs,15.0,ESPN Bet,-3.5,Nebraska -3.5,-3.0,47.5,45.5,-165.0,140.0,
1777,401677095,2024,postseason,1,2024-12-28T17:00:00.000Z,Nebraska,Big Ten,fbs,20.0,Boston College,ACC,fbs,15.0,Bovada,-3.5,Nebraska -3.5,-3.0,46.5,45.5,-145.0,125.0,
1778,401628597,2024,regular,2,2024-09-08T00:00:00.000Z,Montana State,Big Sky,fcs,41.0,Maine,CAA,fcs,24.0,ESPN Bet,-30.5,Montana State -30.5,,52.5,,,,
1779,401632136,2024,regular,7,2024-10-12T21:00:00.000Z,Central Arkansas,UAC,fcs,34.0,West Georgia,UAC,fcs,33.0,ESPN Bet,-23.5,Central Arkansas -23.5,,57.5,,,,
1780,401654614,2024,regular,12,2024-11-16T17:00:00.000Z,Merrimack,FCS Independents,fcs,20.0,Sacred Heart,FCS Independents,fcs,31.0,ESPN Bet,-15.5,Merrimack -15.5,,41.5,,,,
1781,401677097,2024,postseason,1,2024-12-28T20:30:00.000Z,Miami,ACC,fbs,41.0,Iowa State,Big 12,fbs,42.0,DraftKings,-5.0,Miami -5,1.0,62.0,,-218.0,180.0,
1782,401677097,2024,postseason,1,2024-12-28T20:30:00.000Z,Miami,ACC,fbs,41.0,Iowa State,Big 12,fbs,42.0,ESPN Bet,-5.5,Miami -5.5,-1.0,61.5,55.5,-215.0,180.0,
1783,401677097,2024,postseason,1,2024-12-28T20:30:00.000Z,Miami,ACC,fbs,41.0,Iowa State,Big 12,fbs,42.0,Bovada,-4.5,Miami -4.5,-4.0,58.5,55.0,-180.0,155.0,
1784,401637160,2024,regular,2,2024-09-08T00:00:00.000Z,Weber State,Big Sky,fcs,43.0,Portland State,Big Sky,fcs,16.0,ESPN Bet,-9.0,Weber State -9,,62.5,,,,
1785,401633989,2024,regular,7,2024-10-12T22:00:00.000Z,Tennessee State,Big South-OVC,fcs,41.0,Eastern Illinois,Big South-OVC,fcs,17.0,ESPN Bet,2.5,Eastern Illinois -2.5,,48.5,,,,
1786,401654468,2024,regular,12,2024-11-16T17:00:00.000Z,Yale,Ivy,fcs,42.0,Princeton,Ivy,fcs,28.0,ESPN Bet,-12.5,Yale -12.5,,54.5,,,,
1787,401636910,2024,regular,9,2024-10-26T19:30:00.000Z,TCU,Big 12,fbs,35.0,Texas Tech,Big 12,fbs,34.0,Bovada,-5.0,TCU -5.0,-6.0,66.0,67.5,-230.0,190.0,
1788,401636910,2024,regular,9,2024-10-26T19:30:00.000Z,TCU,Big 12,fbs,35.0,Texas Tech,Big 12,fbs,34.0,ESPN Bet,-4.5,TCU -4.5,-6.0,65.5,67.5,-200.0,170.0,
1789,401636910,2024,regular,9,2024-10-26T19:30:00.000Z,TCU,Big 12,fbs,35.0,Texas Tech,Big 12,fbs,34.0,DraftKings,-5.0,TCU -5,-4.0,66.5,,-198.0,164.0,
1790,401677096,2024,postseason,1,2024-12-28T19:15:00.000Z,TCU,Big 12,fbs,34.0,Louisiana,Sun Belt,fbs,3.0,DraftKings,-9.5,TCU -9.5,,61.0,,-325.0,260.0,
1791,401677096,2024,postseason,1,2024-12-28T19:15:00.000Z,TCU,Big 12,fbs,34.0,Louisiana,Sun Belt,fbs,3.0,ESPN Bet,-9.5,TCU -9.5,-10.0,59.5,60.5,-360.0,280.0,
1792,401677096,2024,postseason,1,2024-12-28T19:15:00.000Z,TCU,Big 12,fbs,34.0,Louisiana,Sun Belt,fbs,3.0,Bovada,-10.0,TCU -10.0,-12.0,59.0,60.0,-440.0,330.0,
1793,401634301,2024,regular,1,2024-08-31T21:00:00.000Z,California,ACC,fbs,31.0,UC Davis,Big Sky,fcs,13.0,ESPN Bet,-20.5,California -20.5,,56.5,,,,
1794,401654850,2024,regular,2,2024-09-08T02:00:00.000Z,UC Davis,Big Sky,fcs,36.0,East Texas A&M,Southland,fcs,22.0,ESPN Bet,-28.0,UC Davis -28,,48.5,,,,
1795,401634058,2024,regular,7,2024-10-12T22:00:00.000Z,Idaho State,Big Sky,fcs,38.0,Portland State,Big Sky,fcs,42.0,ESPN Bet,-7.0,Idaho State -7,,65.5,,,,
1796,401654495,2024,regular,12,2024-11-16T17:00:00.000Z,Brown,Ivy,fcs,12.0,Columbia,Ivy,fcs,21.0,ESPN Bet,5.0,Columbia -5,,49.5,,,,
1797,401643819,2024,regular,9,2024-10-26T21:00:00.000Z,South Alabama,Sun Belt,fbs,46.0,UL Monroe,Sun Belt,fbs,17.0,Bovada,-7.0,South Alabama -7.0,-7.5,45.0,46.5,-310.0,255.0,
1798,401643819,2024,regular,9,2024-10-26T21:00:00.000Z,South Alabama,Sun Belt,fbs,46.0,UL Monroe,Sun Belt,fbs,17.0,ESPN Bet,-7.5,South Alabama -7.5,-8.5,45.5,47.5,-275.0,225.0,
1799,401643819,2024,regular,9,2024-10-26T21:00:00.000Z,South Alabama,Sun Belt,fbs,46.0,UL Monroe,Sun Belt,fbs,17.0,DraftKings,-7.0,South Alabama -7,-8.5,45.0,,-265.0,215.0,
1800,401677188,2024,postseason,1,2024-12-28T21:30:00.000Z,Colorado State,Mountain West,fbs,17.0,Miami (OH),Mid-American,fbs,43.0,DraftKings,1.0,Miami (OH) -1,,42.5,43.5,100.0,-120.0,
1801,401677188,2024,postseason,1,2024-12-28T21:30:00.000Z,Colorado State,Mountain West,fbs,17.0,Miami (OH),Mid-American,fbs,43.0,ESPN Bet,1.5,Miami (OH) -1.5,1.5,42.5,43.5,105.0,-120.0,
1802,401677188,2024,postseason,1,2024-12-28T21:30:00.000Z,Colorado State,Mountain West,fbs,17.0,Miami (OH),Mid-American,fbs,43.0,Bovada,2.5,Miami (OH) -2.5,2.5,40.5,43.5,115.0,-135.0,
1803,401634019,2024,regular,7,2024-10-12T23:00:00.000Z,Incarnate Word,Southland,fcs,55.0,Nicholls,Southland,fcs,10.0,ESPN Bet,-3.5,Incarnate Word -3.5,,58.5,,,,
1804,401628688,2024,regular,12,2024-11-16T17:00:00.000Z,Towson,CAA,fcs,31.0,North Carolina A&T,CAA,fcs,13.0,ESPN Bet,-22.0,Towson -22,,48.5,,,,
1805,401677098,2024,postseason,1,2024-12-28T22:45:00.000Z,NC State,ACC,fbs,21.0,East Carolina,American Athletic,fbs,26.0,DraftKings,-7.5,NC State -7.5,,61.5,,-298.0,240.0,
1806,401677098,2024,postseason,1,2024-12-28T22:45:00.000Z,NC State,ACC,fbs,21.0,East Carolina,American Athletic,fbs,26.0,ESPN Bet,-7.5,NC State -7.5,-5.0,60.5,59.5,-275.0,225.0,
1807,401677098,2024,postseason,1,2024-12-28T22:45:00.000Z,NC State,ACC,fbs,21.0,East Carolina,American Athletic,fbs,26.0,Bovada,-7.0,NC State -7.0,-5.0,60.0,58.0,-210.0,175.0,
1808,401634056,2024,regular,7,2024-10-12T23:00:00.000Z,UC Davis,Big Sky,fcs,56.0,Cal Poly,Big Sky,fcs,10.0,ESPN Bet,-17.0,UC Davis -17,,50.5,,,,
1809,401654594,2024,regular,12,2024-11-16T17:00:00.000Z,Duquesne,NEC,fcs,42.0,Wagner,NEC,fcs,21.0,ESPN Bet,-14.5,Duquesne -14.5,,47.5,,,,
1810,401677099,2024,postseason,1,2024-12-29T00:30:00.000Z,Colorado,Big 12,fbs,14.0,BYU,Big 12,fbs,36.0,DraftKings,-3.0,Colorado -3,,55.5,,-148.0,124.0,
1811,401677099,2024,postseason,1,2024-12-29T00:30:00.000Z,Colorado,Big 12,fbs,14.0,BYU,Big 12,fbs,36.0,ESPN Bet,-2.5,Colorado -2.5,-2.0,53.5,53.5,-155.0,135.0,
1812,401677099,2024,postseason,1,2024-12-29T00:30:00.000Z,Colorado,Big 12,fbs,14.0,BYU,Big 12,fbs,36.0,Bovada,-3.0,Colorado -3.0,-3.0,55.5,54.0,-145.0,125.0,
1813,401654497,2024,regular,1,2024-08-31T22:00:00.000Z,Sacred Heart,FCS Independents,fcs,15.0,Delaware State,MEAC,fcs,17.0,ESPN Bet,-5.5,Sacred Heart -5.5,,45.5,,,,
1814,401654510,2024,regular,1,2024-08-31T22:00:00.000Z,Hampton,CAA,fcs,28.0,Morgan State,MEAC,fcs,30.0,ESPN Bet,-2.5,Hampton -2.5,,46.5,,,,
1815,401641033,2024,regular,3,2024-09-15T02:30:00.000Z,Fresno State,Mountain West,fbs,48.0,New Mexico State,Conference USA,fbs,0.0,ESPN Bet,-19.5,Fresno State -19.5,-20.0,48.5,48.5,-1600.0,900.0,
1816,401641033,2024,regular,3,2024-09-15T02:30:00.000Z,Fresno State,Mountain West,fbs,48.0,New Mexico State,Conference USA,fbs,0.0,Bovada,-20.0,Fresno State -20.0,-19.5,48.0,47.5,-1400.0,750.0,
1817,401641033,2024,regular,3,2024-09-15T02:30:00.000Z,Fresno State,Mountain West,fbs,48.0,New Mexico State,Conference USA,fbs,0.0,DraftKings,-20.0,Fresno State -20,-19.5,48.5,48.5,-1600.0,900.0,
1818,401629041,2024,regular,3,2024-09-14T17:00:00.000Z,Buffalo,Mid-American,fbs,34.0,Massachusetts,FBS Independents,fbs,3.0,ESPN Bet,-3.5,Buffalo -3.5,-5.5,45.5,45.5,-165.0,140.0,
1819,401629041,2024,regular,3,2024-09-14T17:00:00.000Z,Buffalo,Mid-American,fbs,34.0,Massachusetts,FBS Independents,fbs,3.0,DraftKings,-4.5,Buffalo -4.5,-4.5,45.0,45.0,-170.0,142.0,
1820,401629041,2024,regular,3,2024-09-14T17:00:00.000Z,Buffalo,Mid-American,fbs,34.0,Massachusetts,FBS Independents,fbs,3.0,Bovada,-3.5,Buffalo -3.5,-4.0,46.0,44.5,-195.0,165.0,
1821,401632114,2024,regular,7,2024-10-12T23:00:00.000Z,Tarleton State,UAC,fcs,42.0,Utah Tech,UAC,fcs,0.0,ESPN Bet,-24.0,Tarleton State -24,,58.5,,,,
1822,401628479,2024,regular,3,2024-09-14T16:00:00.000Z,Michigan,Big Ten,fbs,28.0,Arkansas State,Sun Belt,fbs,18.0,ESPN Bet,-22.0,Michigan -22,-24.0,47.5,45.5,-1800.0,1000.0,
1823,401628479,2024,regular,3,2024-09-14T16:00:00.000Z,Michigan,Big Ten,fbs,28.0,Arkansas State,Sun Belt,fbs,18.0,Bovada,-21.5,Michigan -21.5,-23.5,47.5,47.5,-2200.0,1000.0,
1824,401628479,2024,regular,3,2024-09-14T16:00:00.000Z,Michigan,Big Ten,fbs,28.0,Arkansas State,Sun Belt,fbs,18.0,DraftKings,-22.5,Michigan -22.5,-22.5,45.5,45.5,-1600.0,900.0,
1825,401654599,2024,regular,12,2024-11-16T17:00:00.000Z,Long Island University,NEC,fcs,27.0,St. Francis (PA),NEC,fcs,34.0,ESPN Bet,-3.5,Long Island University -3.5,,42.5,,,,
1826,401636908,2024,regular,9,2024-10-26T23:00:00.000Z,Houston,Big 12,fbs,17.0,Utah,Big 12,fbs,14.0,Bovada,4.5,Utah -4.5,3.5,36.0,38.0,145.0,-170.0,
1827,401636908,2024,regular,9,2024-10-26T23:00:00.000Z,Houston,Big 12,fbs,17.0,Utah,Big 12,fbs,14.0,ESPN Bet,4.5,Utah -4.5,3.0,35.5,37.5,170.0,-200.0,
1828,401636908,2024,regular,9,2024-10-26T23:00:00.000Z,Houston,Big 12,fbs,17.0,Utah,Big 12,fbs,14.0,DraftKings,5.0,Utah -5,6.0,36.5,,164.0,-198.0,
1829,401636867,2024,regular,3,2024-09-12T23:30:00.000Z,Texas State,Sun Belt,fbs,28.0,Arizona State,Big 12,fbs,31.0,ESPN Bet,-2.5,Texas State -2.5,1.5,58.5,58.5,-145.0,125.0,
1830,401636867,2024,regular,3,2024-09-12T23:30:00.000Z,Texas State,Sun Belt,fbs,28.0,Arizona State,Big 12,fbs,31.0,Bovada,-3.0,Texas State -3.0,1.5,58.5,59.5,100.0,-120.0,
1831,401636867,2024,regular,3,2024-09-12T23:30:00.000Z,Texas State,Sun Belt,fbs,28.0,Arizona State,Big 12,fbs,31.0,DraftKings,2.0,Arizona State -2,2.0,58.5,58.5,-148.0,124.0,
1832,401635541,2024,regular,3,2024-09-15T02:30:00.000Z,California,ACC,fbs,31.0,San Diego State,Mountain West,fbs,10.0,ESPN Bet,-18.5,California -18.5,-17.5,48.5,50.5,-900.0,600.0,
1833,401635541,2024,regular,3,2024-09-15T02:30:00.000Z,California,ACC,fbs,31.0,San Diego State,Mountain West,fbs,10.0,Bovada,-19.5,California -19.5,-19.0,48.5,48.0,-1100.0,650.0,
1834,401635541,2024,regular,3,2024-09-15T02:30:00.000Z,California,ACC,fbs,31.0,San Diego State,Mountain West,fbs,10.0,DraftKings,-18.0,California -18,-18.0,49.5,50.0,-1100.0,700.0,
1835,401628475,2024,regular,3,2024-09-14T16:00:00.000Z,Illinois,Big Ten,fbs,30.0,Central Michigan,Mid-American,fbs,9.0,ESPN Bet,-21.5,Illinois -21.5,-18.0,49.5,52.5,-1600.0,900.0,
1836,401628475,2024,regular,3,2024-09-14T16:00:00.000Z,Illinois,Big Ten,fbs,30.0,Central Michigan,Mid-American,fbs,9.0,Bovada,-21.0,Illinois -21.0,-19.5,50.0,50.0,-1300.0,725.0,
1837,401628475,2024,regular,3,2024-09-14T16:00:00.000Z,Illinois,Big Ten,fbs,30.0,Central Michigan,Mid-American,fbs,9.0,DraftKings,-20.0,Illinois -20,-20.0,51.5,52.0,-1800.0,1000.0,
1838,401628357,2024,regular,3,2024-09-14T16:45:00.000Z,Missouri,SEC,fbs,27.0,Boston College,ACC,fbs,21.0,ESPN Bet,-14.5,Missouri -14.5,-16.0,51.5,54.5,-600.0,450.0,
1839,401628357,2024,regular,3,2024-09-14T16:45:00.000Z,Missouri,SEC,fbs,27.0,Boston College,ACC,fbs,21.0,DraftKings,-16.5,Missouri -16.5,-16.5,54.0,54.0,-625.0,455.0,
1840,401628357,2024,regular,3,2024-09-14T16:45:00.000Z,Missouri,SEC,fbs,27.0,Boston College,ACC,fbs,21.0,Bovada,-14.5,Missouri -14.5,-17.0,52.0,53.5,-800.0,525.0,
1841,401635546,2024,regular,3,2024-09-14T16:00:00.000Z,NC State,ACC,fbs,30.0,Louisiana Tech,Conference USA,fbs,20.0,ESPN Bet,-20.5,NC State -20.5,-22.0,47.5,51.5,-1200.0,750.0,
1842,401635546,2024,regular,3,2024-09-14T16:00:00.000Z,NC State,ACC,fbs,30.0,Louisiana Tech,Conference USA,fbs,20.0,Bovada,-20.5,NC State -20.5,-21.5,48.0,49.5,-1800.0,850.0,
1843,401635546,2024,regular,3,2024-09-14T16:00:00.000Z,NC State,ACC,fbs,30.0,Louisiana Tech,Conference USA,fbs,20.0,DraftKings,-21.5,NC State -21.5,-21.5,51.0,51.5,-1350.0,800.0,
1844,401636868,2024,regular,3,2024-09-14T16:00:00.000Z,Texas Tech,Big 12,fbs,66.0,North Texas,American Athletic,fbs,21.0,ESPN Bet,-10.5,Texas Tech -10.5,-11.5,70.5,68.5,-360.0,290.0,
1845,401636868,2024,regular,3,2024-09-14T16:00:00.000Z,Texas Tech,Big 12,fbs,66.0,North Texas,American Athletic,fbs,21.0,Bovada,-11.0,Texas Tech -11.0,-10.0,70.5,68.5,-390.0,295.0,
1846,401636868,2024,regular,3,2024-09-14T16:00:00.000Z,Texas Tech,Big 12,fbs,66.0,North Texas,American Athletic,fbs,21.0,DraftKings,-9.5,Texas Tech -9.5,-9.5,68.5,68.5,-425.0,330.0,
1847,401654844,2024,regular,1,2024-08-31T22:00:00.000Z,Charleston Southern,Big South-OVC,fcs,21.0,The Citadel,Southern,fcs,22.0,ESPN Bet,-6.5,Charleston Southern -6.5,,46.5,,,,
1848,401632113,2024,regular,7,2024-10-12T23:00:00.000Z,North Alabama,UAC,fcs,47.0,Abilene Christian,UAC,fcs,34.0,ESPN Bet,7.5,Abilene Christian -7.5,,58.5,,,,
1849,401636860,2024,regular,3,2024-09-14T23:30:00.000Z,Baylor,Big 12,fbs,31.0,Air Force,Mountain West,fbs,3.0,ESPN Bet,-17.5,Baylor -17.5,-15.5,40.5,43.5,-900.0,600.0,
1850,401636860,2024,regular,3,2024-09-14T23:30:00.000Z,Baylor,Big 12,fbs,31.0,Air Force,Mountain West,fbs,3.0,Bovada,-17.0,Baylor -17.0,-15.5,41.0,41.5,-700.0,475.0,
1851,401636860,2024,regular,3,2024-09-14T23:30:00.000Z,Baylor,Big 12,fbs,31.0,Air Force,Mountain West,fbs,3.0,DraftKings,-15.5,Baylor -15.5,-15.5,43.5,43.5,-800.0,550.0,
1852,401628476,2024,regular,3,2024-09-14T23:30:00.000Z,UCLA,Big Ten,fbs,13.0,Indiana,Big Ten,fbs,42.0,ESPN Bet,3.5,Indiana -3.5,2.5,46.5,47.5,160.0,-190.0,
1853,401628476,2024,regular,3,2024-09-14T23:30:00.000Z,UCLA,Big Ten,fbs,13.0,Indiana,Big Ten,fbs,42.0,DraftKings,2.5,Indiana -2.5,2.5,46.5,47.5,154.0,-185.0,
1854,401628476,2024,regular,3,2024-09-14T23:30:00.000Z,UCLA,Big Ten,fbs,13.0,Indiana,Big Ten,fbs,42.0,Bovada,3.5,Indiana -3.5,3.5,46.5,46.0,130.0,-150.0,
1855,401643785,2024,regular,3,2024-09-14T20:00:00.000Z,East Carolina,American Athletic,fbs,19.0,App State,Sun Belt,fbs,21.0,ESPN Bet,-0.5,East Carolina -0.5,2.5,56.5,57.5,-105.0,-115.0,
1856,401643785,2024,regular,3,2024-09-14T20:00:00.000Z,East Carolina,American Athletic,fbs,19.0,App State,Sun Belt,fbs,21.0,Bovada,1.5,App State -1.5,3.0,59.5,61.0,110.0,-130.0,
1857,401643785,2024,regular,3,2024-09-14T20:00:00.000Z,East Carolina,American Athletic,fbs,19.0,App State,Sun Belt,fbs,21.0,DraftKings,2.5,App State -2.5,2.5,58.5,58.5,100.0,-120.0,
1858,401654580,2024,regular,12,2024-11-16T17:00:00.000Z,Central Connecticut,NEC,fcs,35.0,Robert Morris,NEC,fcs,33.0,ESPN Bet,-1.0,Central Connecticut -1,,44.5,,,,
1859,401628360,2024,regular,3,2024-09-14T23:45:00.000Z,Tennessee,SEC,fbs,71.0,Kent State,Mid-American,fbs,0.0,ESPN Bet,-49.5,Tennessee -49.5,-48.0,61.5,62.5,,,
1860,401628360,2024,regular,3,2024-09-14T23:45:00.000Z,Tennessee,SEC,fbs,71.0,Kent State,Mid-American,fbs,0.0,Bovada,-49.5,Tennessee -49.5,-49.5,62.5,62.5,,,
1861,401628360,2024,regular,3,2024-09-14T23:45:00.000Z,Tennessee,SEC,fbs,71.0,Kent State,Mid-American,fbs,0.0,DraftKings,-47.5,Tennessee -47.5,-48.0,62.5,62.5,,,
1862,401636869,2024,regular,3,2024-09-14T16:00:00.000Z,Tulsa,American Athletic,fbs,10.0,Oklahoma State,Big 12,fbs,45.0,ESPN Bet,17.5,Oklahoma State -17.5,20.0,62.5,62.5,600.0,-900.0,
1863,401636869,2024,regular,3,2024-09-14T16:00:00.000Z,Tulsa,American Athletic,fbs,10.0,Oklahoma State,Big 12,fbs,45.0,Bovada,17.5,Oklahoma State -17.5,20.5,63.5,62.5,750.0,-1400.0,
1864,401636869,2024,regular,3,2024-09-14T16:00:00.000Z,Tulsa,American Athletic,fbs,10.0,Oklahoma State,Big 12,fbs,45.0,DraftKings,20.0,Oklahoma State -20,20.0,62.5,62.5,625.0,-950.0,
1865,401636870,2024,regular,3,2024-09-14T20:30:00.000Z,Utah State,Mountain West,fbs,21.0,Utah,Big 12,fbs,38.0,ESPN Bet,20.5,Utah -20.5,22.0,43.5,46.5,900.0,-1600.0,
1866,401636870,2024,regular,3,2024-09-14T20:30:00.000Z,Utah State,Mountain West,fbs,21.0,Utah,Big 12,fbs,38.0,Bovada,20.0,Utah -20.0,21.0,43.0,46.0,850.0,-1800.0,
1867,401636870,2024,regular,3,2024-09-14T20:30:00.000Z,Utah State,Mountain West,fbs,21.0,Utah,Big 12,fbs,38.0,DraftKings,21.5,Utah -21.5,21.5,46.5,46.5,900.0,-1600.0,
1868,401636862,2024,regular,3,2024-09-15T00:00:00.000Z,Houston,Big 12,fbs,33.0,Rice,American Athletic,fbs,7.0,ESPN Bet,-3.5,Houston -3.5,-5.0,43.5,42.5,-190.0,160.0,
1869,401636862,2024,regular,3,2024-09-15T00:00:00.000Z,Houston,Big 12,fbs,33.0,Rice,American Athletic,fbs,7.0,Bovada,-4.5,Houston -4.5,-4.5,45.0,44.5,-210.0,175.0,
1870,401636862,2024,regular,3,2024-09-15T00:00:00.000Z,Houston,Big 12,fbs,33.0,Rice,American Athletic,fbs,7.0,DraftKings,-5.0,Houston -5,-5.0,44.0,44.0,-205.0,170.0,
1871,401636906,2024,regular,9,2024-10-26T19:30:00.000Z,Baylor,Big 12,fbs,38.0,Oklahoma State,Big 12,fbs,28.0,Bovada,-7.0,Baylor -7.0,-4.5,64.5,65.0,-200.0,170.0,
1872,401636906,2024,regular,9,2024-10-26T19:30:00.000Z,Baylor,Big 12,fbs,38.0,Oklahoma State,Big 12,fbs,28.0,ESPN Bet,-6.5,Baylor -6.5,-4.0,63.5,64.5,-250.0,210.0,
1873,401636906,2024,regular,9,2024-10-26T19:30:00.000Z,Baylor,Big 12,fbs,38.0,Oklahoma State,Big 12,fbs,28.0,DraftKings,-7.0,Baylor -7,-3.0,64.5,,-265.0,215.0,
1874,401628478,2024,regular,3,2024-09-15T00:00:00.000Z,Virginia,ACC,fbs,13.0,Maryland,Big Ten,fbs,27.0,ESPN Bet,-2.5,Virginia -2.5,2.5,55.5,54.5,-145.0,125.0,
1875,401628478,2024,regular,3,2024-09-15T00:00:00.000Z,Virginia,ACC,fbs,13.0,Maryland,Big Ten,fbs,27.0,Bovada,-3.0,Virginia -3.0,2.5,55.5,57.0,120.0,-140.0,
1876,401628478,2024,regular,3,2024-09-15T00:00:00.000Z,Virginia,ACC,fbs,13.0,Maryland,Big Ten,fbs,27.0,DraftKings,2.0,Maryland -2,2.0,55.0,55.0,-148.0,124.0,
1877,401645320,2024,regular,1,2024-08-31T22:00:00.000Z,East Carolina,American Athletic,fbs,42.0,Norfolk State,MEAC,fcs,3.0,ESPN Bet,-31.5,East Carolina -31.5,,51.5,,,,
1878,401654547,2024,regular,7,2024-10-12T23:00:00.000Z,Texas Southern,SWAC,fcs,19.0,Southern,SWAC,fcs,22.0,ESPN Bet,1.5,Southern -1.5,,45.5,,,,
1879,401638694,2024,regular,12,2024-11-16T17:00:00.000Z,Marist,Pioneer,fcs,23.0,Presbyterian,Pioneer,fcs,42.0,ESPN Bet,10.0,Presbyterian -10,,52.5,,,,
1880,401641017,2024,regular,3,2024-09-14T23:00:00.000Z,San José State,Mountain West,fbs,31.0,Kennesaw State,Conference USA,fbs,10.0,ESPN Bet,-16.5,San José State -16.5,-20.0,41.5,43.5,-1200.0,750.0,
1881,401641017,2024,regular,3,2024-09-14T23:00:00.000Z,San José State,Mountain West,fbs,31.0,Kennesaw State,Conference USA,fbs,10.0,Bovada,-17.0,San José State -17.0,-18.0,42.0,45.0,-1300.0,725.0,
1882,401641017,2024,regular,3,2024-09-14T23:00:00.000Z,San José State,Mountain West,fbs,31.0,Kennesaw State,Conference USA,fbs,10.0,DraftKings,-19.0,San José State -19,-20.0,44.0,44.0,-850.0,575.0,
1883,401628361,2024,regular,3,2024-09-14T23:00:00.000Z,Texas,SEC,fbs,56.0,UTSA,American Athletic,fbs,7.0,ESPN Bet,-36.5,Texas -36.5,-33.5,56.5,53.5,-20000.0,4000.0,
1884,401628361,2024,regular,3,2024-09-14T23:00:00.000Z,Texas,SEC,fbs,56.0,UTSA,American Athletic,fbs,7.0,Bovada,-35.5,Texas -35.5,-35.0,56.5,54.5,,,
1885,401628361,2024,regular,3,2024-09-14T23:00:00.000Z,Texas,SEC,fbs,56.0,UTSA,American Athletic,fbs,7.0,DraftKings,-34.5,Texas -34.5,-34.5,53.5,53.5,,,
1886,401643789,2024,regular,3,2024-09-14T23:00:00.000Z,Southern Miss,Sun Belt,fbs,24.0,South Florida,American Athletic,fbs,49.0,ESPN Bet,13.0,South Florida -13,12.0,58.5,57.5,360.0,-450.0,
1887,401643789,2024,regular,3,2024-09-14T23:00:00.000Z,Southern Miss,Sun Belt,fbs,24.0,South Florida,American Athletic,fbs,49.0,Bovada,10.5,South Florida -10.5,10.5,58.5,57.5,345.0,-470.0,
1888,401643789,2024,regular,3,2024-09-14T23:00:00.000Z,Southern Miss,Sun Belt,fbs,24.0,South Florida,American Athletic,fbs,49.0,DraftKings,11.5,South Florida -11.5,11.5,58.5,58.5,360.0,-470.0,
1889,401641040,2024,regular,3,2024-09-14T23:00:00.000Z,Sam Houston,Conference USA,fbs,31.0,Hawai'i,Mountain West,fbs,13.0,ESPN Bet,-3.5,Sam Houston -3.5,-3.0,48.5,52.5,-170.0,145.0,
1890,401641040,2024,regular,3,2024-09-14T23:00:00.000Z,Sam Houston,Conference USA,fbs,31.0,Hawai'i,Mountain West,fbs,13.0,Bovada,-4.0,Sam Houston -4.0,-4.0,48.5,50.0,-195.0,165.0,
1891,401641040,2024,regular,3,2024-09-14T23:00:00.000Z,Sam Houston,Conference USA,fbs,31.0,Hawai'i,Mountain West,fbs,13.0,DraftKings,-4.5,Sam Houston -4.5,-4.5,50.5,50.5,-170.0,142.0,
1892,401641024,2024,regular,3,2024-09-14T23:00:00.000Z,Middle Tennessee,Conference USA,fbs,21.0,Western Kentucky,Conference USA,fbs,49.0,ESPN Bet,10.5,Western Kentucky -10.5,7.5,53.5,54.5,225.0,-275.0,
1893,401641024,2024,regular,3,2024-09-14T23:00:00.000Z,Middle Tennessee,Conference USA,fbs,21.0,Western Kentucky,Conference USA,fbs,49.0,Bovada,7.5,Western Kentucky -7.5,7.5,54.0,54.5,230.0,-280.0,
1894,401641024,2024,regular,3,2024-09-14T23:00:00.000Z,Middle Tennessee,Conference USA,fbs,21.0,Western Kentucky,Conference USA,fbs,49.0,DraftKings,7.5,Western Kentucky -7.5,7.5,54.0,54.0,230.0,-285.0,
1895,401628355,2024,regular,3,2024-09-14T22:30:00.000Z,Wake Forest,ACC,fbs,6.0,Ole Miss,SEC,fbs,40.0,ESPN Bet,20.5,Ole Miss -20.5,23.0,65.5,63.5,900.0,-1600.0,
1896,401628355,2024,regular,3,2024-09-14T22:30:00.000Z,Wake Forest,ACC,fbs,6.0,Ole Miss,SEC,fbs,40.0,Bovada,20.5,Ole Miss -20.5,23.0,66.0,63.5,1000.0,-2200.0,
1897,401628355,2024,regular,3,2024-09-14T22:30:00.000Z,Wake Forest,ACC,fbs,6.0,Ole Miss,SEC,fbs,40.0,DraftKings,23.5,Ole Miss -23.5,23.0,63.5,64.0,1000.0,-1800.0,
1898,401629030,2024,regular,3,2024-09-14T22:00:00.000Z,Duke,ACC,fbs,26.0,UConn,FBS Independents,fbs,21.0,ESPN Bet,-17.5,Duke -17.5,-16.5,46.5,47.5,-800.0,550.0,
1899,401629030,2024,regular,3,2024-09-14T22:00:00.000Z,Duke,ACC,fbs,26.0,UConn,FBS Independents,fbs,21.0,Bovada,-16.0,Duke -16.0,-17.5,46.5,47.0,-850.0,550.0,
1900,401629030,2024,regular,3,2024-09-14T22:00:00.000Z,Duke,ACC,fbs,26.0,UConn,FBS Independents,fbs,21.0,DraftKings,-17.0,Duke -17,-17.0,47.5,47.5,-900.0,600.0,
1901,401628358,2024,regular,3,2024-09-14T19:30:00.000Z,Oklahoma,SEC,fbs,34.0,Tulane,American Athletic,fbs,19.0,ESPN Bet,-13.5,Oklahoma -13.5,-14.0,48.5,49.5,-525.0,400.0,
1902,401628358,2024,regular,3,2024-09-14T19:30:00.000Z,Oklahoma,SEC,fbs,34.0,Tulane,American Athletic,fbs,19.0,Bovada,-13.0,Oklahoma -13.0,-14.0,49.0,47.5,-600.0,425.0,
1903,401628358,2024,regular,3,2024-09-14T19:30:00.000Z,Oklahoma,SEC,fbs,34.0,Tulane,American Athletic,fbs,19.0,DraftKings,-13.5,Oklahoma -13.5,-13.5,50.0,50.5,-550.0,410.0,
1904,401640999,2024,regular,3,2024-09-14T23:00:00.000Z,Eastern Michigan,Mid-American,fbs,37.0,Jacksonville State,Conference USA,fbs,34.0,ESPN Bet,2.5,Jacksonville State -2.5,-1.5,53.5,48.5,105.0,-125.0,
1905,401640999,2024,regular,3,2024-09-14T23:00:00.000Z,Eastern Michigan,Mid-American,fbs,37.0,Jacksonville State,Conference USA,fbs,34.0,Bovada,2.5,Jacksonville State -2.5,-1.5,53.5,50.0,-130.0,110.0,
1906,401640999,2024,regular,3,2024-09-14T23:00:00.000Z,Eastern Michigan,Mid-American,fbs,37.0,Jacksonville State,Conference USA,fbs,34.0,DraftKings,-2.0,Eastern Michigan -2,-2.0,49.5,49.0,120.0,-142.0,
1907,401640990,2024,regular,3,2024-09-14T22:00:00.000Z,Liberty,Conference USA,fbs,28.0,UTEP,Conference USA,fbs,10.0,ESPN Bet,-23.5,Liberty -23.5,-22.0,57.5,57.5,-2500.0,1200.0,
1908,401640990,2024,regular,3,2024-09-14T22:00:00.000Z,Liberty,Conference USA,fbs,28.0,UTEP,Conference USA,fbs,10.0,Bovada,-24.0,Liberty -24.0,-24.0,57.5,,-2200.0,1000.0,
1909,401640990,2024,regular,3,2024-09-14T22:00:00.000Z,Liberty,Conference USA,fbs,28.0,UTEP,Conference USA,fbs,10.0,DraftKings,-23.5,Liberty -23.5,-23.5,57.5,57.5,-2800.0,1300.0,
1910,401628477,2024,regular,3,2024-09-14T20:00:00.000Z,Iowa,Big Ten,fbs,38.0,Troy,Sun Belt,fbs,21.0,ESPN Bet,-23.5,Iowa -23.5,-22.5,39.5,38.5,-3000.0,1300.0,
1911,401628477,2024,regular,3,2024-09-14T20:00:00.000Z,Iowa,Big Ten,fbs,38.0,Troy,Sun Belt,fbs,21.0,Bovada,-24.0,Iowa -24.0,-22.5,39.0,39.5,-2000.0,950.0,
1912,401628477,2024,regular,3,2024-09-14T20:00:00.000Z,Iowa,Big Ten,fbs,38.0,Troy,Sun Belt,fbs,21.0,DraftKings,-22.5,Iowa -22.5,-22.5,39.0,39.0,-2800.0,1300.0,
1913,401636865,2024,regular,3,2024-09-14T16:00:00.000Z,Miami (OH),Mid-American,fbs,16.0,Cincinnati,Big 12,fbs,27.0,ESPN Bet,3.5,Cincinnati -3.5,2.0,47.5,45.5,130.0,-150.0,
1914,401636865,2024,regular,3,2024-09-14T16:00:00.000Z,Miami (OH),Mid-American,fbs,16.0,Cincinnati,Big 12,fbs,27.0,Bovada,3.0,Cincinnati -3.0,3.5,47.5,46.5,120.0,-140.0,
1915,401636865,2024,regular,3,2024-09-14T16:00:00.000Z,Miami (OH),Mid-American,fbs,16.0,Cincinnati,Big 12,fbs,27.0,DraftKings,2.5,Cincinnati -2.5,2.5,45.5,45.0,130.0,-155.0,
1916,401640980,2024,regular,3,2024-09-14T22:00:00.000Z,Florida Atlantic,American Athletic,fbs,38.0,Florida International,Conference USA,fbs,20.0,ESPN Bet,-3.5,Florida Atlantic -3.5,-6.0,44.5,43.5,-165.0,140.0,
1917,401640980,2024,regular,3,2024-09-14T22:00:00.000Z,Florida Atlantic,American Athletic,fbs,38.0,Florida International,Conference USA,fbs,20.0,Bovada,-3.5,Florida Atlantic -3.5,-5.0,45.0,43.5,-210.0,175.0,
1918,401640980,2024,regular,3,2024-09-14T22:00:00.000Z,Florida Atlantic,American Athletic,fbs,38.0,Florida International,Conference USA,fbs,20.0,DraftKings,-6.0,Florida Atlantic -6,-6.0,44.0,44.0,-155.0,130.0,
1919,401643786,2024,regular,3,2024-09-14T18:00:00.000Z,Temple,American Athletic,fbs,20.0,Coastal Carolina,Sun Belt,fbs,28.0,ESPN Bet,17.5,Coastal Carolina -17.5,17.5,51.5,51.5,550.0,-800.0,
1920,401643786,2024,regular,3,2024-09-14T18:00:00.000Z,Temple,American Athletic,fbs,20.0,Coastal Carolina,Sun Belt,fbs,28.0,DraftKings,17.5,Coastal Carolina -17.5,17.5,52.0,52.0,550.0,-800.0,
1921,401643786,2024,regular,3,2024-09-14T18:00:00.000Z,Temple,American Athletic,fbs,20.0,Coastal Carolina,Sun Belt,fbs,28.0,Bovada,17.0,Coastal Carolina -17.0,18.5,52.0,51.5,600.0,-950.0,
1922,401635548,2024,regular,3,2024-09-14T22:00:00.000Z,Old Dominion,Sun Belt,fbs,17.0,Virginia Tech,ACC,fbs,37.0,ESPN Bet,15.5,Virginia Tech -15.5,14.0,47.5,49.5,500.0,-700.0,
1923,401635548,2024,regular,3,2024-09-14T22:00:00.000Z,Old Dominion,Sun Belt,fbs,17.0,Virginia Tech,ACC,fbs,37.0,Bovada,16.5,Virginia Tech -16.5,14.5,47.5,49.5,450.0,-650.0,
1924,401635548,2024,regular,3,2024-09-14T22:00:00.000Z,Old Dominion,Sun Belt,fbs,17.0,Virginia Tech,ACC,fbs,37.0,DraftKings,14.0,Virginia Tech -14,14.0,50.0,50.0,550.0,-800.0,
1925,401628356,2024,regular,3,2024-09-14T23:30:00.000Z,Mississippi State,SEC,fbs,17.0,Toledo,Mid-American,fbs,41.0,ESPN Bet,-10.5,Mississippi State -10.5,-9.5,56.5,57.5,-380.0,300.0,
1926,401628356,2024,regular,3,2024-09-14T23:30:00.000Z,Mississippi State,SEC,fbs,17.0,Toledo,Mid-American,fbs,41.0,DraftKings,-13.0,Mississippi State -13,-12.5,59.5,58.0,-410.0,320.0,
1927,401628356,2024,regular,3,2024-09-14T23:30:00.000Z,Mississippi State,SEC,fbs,17.0,Toledo,Mid-American,fbs,41.0,Bovada,-10.5,Mississippi State -10.5,-11.5,57.5,60.0,-500.0,360.0,
1928,401628352,2024,regular,3,2024-09-14T23:30:00.000Z,Auburn,SEC,fbs,45.0,New Mexico,Mountain West,fbs,19.0,ESPN Bet,-25.5,Auburn -25.5,-28.0,58.5,59.5,-2500.0,1200.0,
1929,401628352,2024,regular,3,2024-09-14T23:30:00.000Z,Auburn,SEC,fbs,45.0,New Mexico,Mountain West,fbs,19.0,DraftKings,-28.0,Auburn -28,-28.0,61.5,62.0,-2400.0,1200.0,
1930,401628352,2024,regular,3,2024-09-14T23:30:00.000Z,Auburn,SEC,fbs,45.0,New Mexico,Mountain West,fbs,19.0,Bovada,-24.0,Auburn -24.0,-28.0,58.0,60.0,,,
1931,401628481,2024,regular,3,2024-09-14T19:30:00.000Z,Minnesota,Big Ten,fbs,27.0,Nevada,Mountain West,fbs,0.0,ESPN Bet,-17.5,Minnesota -17.5,-14.5,44.5,43.5,-800.0,550.0,
1932,401628481,2024,regular,3,2024-09-14T19:30:00.000Z,Minnesota,Big Ten,fbs,27.0,Nevada,Mountain West,fbs,0.0,DraftKings,-16.0,Minnesota -16,-16.0,43.5,43.5,-800.0,550.0,
1933,401628481,2024,regular,3,2024-09-14T19:30:00.000Z,Minnesota,Big Ten,fbs,27.0,Nevada,Mountain West,fbs,0.0,Bovada,-17.0,Minnesota -17.0,-17.5,44.0,43.5,-800.0,525.0,
1934,401628362,2024,regular,3,2024-09-14T23:00:00.000Z,Georgia State,Sun Belt,fbs,36.0,Vanderbilt,SEC,fbs,32.0,ESPN Bet,8.5,Vanderbilt -8.5,10.0,45.5,46.5,280.0,-350.0,
1935,401628362,2024,regular,3,2024-09-14T23:00:00.000Z,Georgia State,Sun Belt,fbs,36.0,Vanderbilt,SEC,fbs,32.0,Bovada,9.0,Vanderbilt -9.0,10.0,45.0,44.0,310.0,-415.0,
1936,401628362,2024,regular,3,2024-09-14T23:00:00.000Z,Georgia State,Sun Belt,fbs,36.0,Vanderbilt,SEC,fbs,32.0,DraftKings,10.0,Vanderbilt -10,10.0,46.0,46.0,270.0,-340.0,
1937,401635544,2024,regular,3,2024-09-14T19:30:00.000Z,Miami,ACC,fbs,62.0,Ball State,Mid-American,fbs,0.0,ESPN Bet,-36.5,Miami -36.5,-36.5,55.5,54.5,-7500.0,3000.0,
1938,401635544,2024,regular,3,2024-09-14T19:30:00.000Z,Miami,ACC,fbs,62.0,Ball State,Mid-American,fbs,0.0,DraftKings,-36.5,Miami -36.5,-36.5,54.5,54.5,,,
1939,401635544,2024,regular,3,2024-09-14T19:30:00.000Z,Miami,ACC,fbs,62.0,Ball State,Mid-American,fbs,0.0,Bovada,-36.5,Miami -36.5,-37.0,56.0,54.0,,,
1940,401628351,2024,regular,3,2024-09-14T20:15:00.000Z,Arkansas,SEC,fbs,37.0,UAB,American Athletic,fbs,27.0,ESPN Bet,-23.5,Arkansas -23.5,-21.0,60.5,58.5,-2000.0,1100.0,
1941,401628351,2024,regular,3,2024-09-14T20:15:00.000Z,Arkansas,SEC,fbs,37.0,UAB,American Athletic,fbs,27.0,Bovada,-23.5,Arkansas -23.5,-24.0,61.0,60.5,-2200.0,1000.0,
1942,401628351,2024,regular,3,2024-09-14T20:15:00.000Z,Arkansas,SEC,fbs,37.0,UAB,American Athletic,fbs,27.0,DraftKings,-24.0,Arkansas -24,-24.0,59.5,58.5,-1800.0,1000.0,
1943,401636871,2024,regular,3,2024-09-15T01:00:00.000Z,Wyoming,Mountain West,fbs,14.0,BYU,Big 12,fbs,34.0,ESPN Bet,9.5,BYU -9.5,8.5,40.5,39.5,290.0,-360.0,
1944,401636871,2024,regular,3,2024-09-15T01:00:00.000Z,Wyoming,Mountain West,fbs,14.0,BYU,Big 12,fbs,34.0,Bovada,9.5,BYU -9.5,11.0,39.5,40.5,305.0,-410.0,
1945,401636871,2024,regular,3,2024-09-15T01:00:00.000Z,Wyoming,Mountain West,fbs,14.0,BYU,Big 12,fbs,34.0,DraftKings,10.0,BYU -10,10.0,39.5,39.5,275.0,-345.0,
1946,401677081,2024,postseason,1,2024-12-19T02:00:00.000Z,UNLV,Mountain West,fbs,24.0,California,ACC,fbs,13.0,DraftKings,-3.0,UNLV -3,,45.0,,-148.0,124.0,
1947,401677081,2024,postseason,1,2024-12-19T02:00:00.000Z,UNLV,Mountain West,fbs,24.0,California,ACC,fbs,13.0,ESPN Bet,-3.5,UNLV -3.5,3.0,44.5,51.5,-165.0,140.0,
1948,401677081,2024,postseason,1,2024-12-19T02:00:00.000Z,UNLV,Mountain West,fbs,24.0,California,ACC,fbs,13.0,Bovada,-3.0,UNLV -3.0,3.5,45.5,51.5,150.0,-175.0,
1949,401628326,2024,regular,1,2024-08-31T22:00:00.000Z,Mississippi State,SEC,fbs,56.0,Eastern Kentucky,UAC,fcs,7.0,ESPN Bet,-26.5,Mississippi State -26.5,,61.5,,,,
1950,401634101,2024,regular,7,2024-10-13T00:00:00.000Z,Weber State,Big Sky,fcs,17.0,Northern Colorado,Big Sky,fcs,21.0,ESPN Bet,-27.0,Weber State -27,,51.5,,,,
1951,401634249,2024,regular,12,2024-11-16T17:00:00.000Z,Youngstown State,MVFC,fcs,39.0,Northern Iowa,MVFC,fcs,38.0,ESPN Bet,-4.5,Youngstown State -4.5,,58.5,,,,
1952,401654584,2024,regular,1,2024-08-31T22:00:00.000Z,Tennessee State,Big South-OVC,fcs,41.0,Mississippi Valley State,SWAC,fcs,21.0,ESPN Bet,-20.0,Tennessee State -20,,44.5,,,,
1953,401634057,2024,regular,7,2024-10-13T01:00:00.000Z,Sacramento State,Big Sky,fcs,28.0,Eastern Washington,Big Sky,fcs,35.0,ESPN Bet,-11.5,Sacramento State -11.5,,65.5,,,,
1954,401654639,2024,regular,12,2024-11-16T17:00:00.000Z,Holy Cross,Patriot,fcs,40.0,Bucknell,Patriot,fcs,38.0,ESPN Bet,-14.0,Holy Cross -14,,54.5,,,,
1955,401677101,2024,postseason,1,2024-12-30T19:30:00.000Z,Missouri,SEC,fbs,27.0,Iowa,Big Ten,fbs,24.0,DraftKings,-1.0,Missouri -1,,41.0,43.5,-112.0,-108.0,
1956,401677101,2024,postseason,1,2024-12-30T19:30:00.000Z,Missouri,SEC,fbs,27.0,Iowa,Big Ten,fbs,24.0,ESPN Bet,-1.5,Missouri -1.5,-3.0,41.5,40.5,-115.0,-105.0,
1957,401677101,2024,postseason,1,2024-12-30T19:30:00.000Z,Missouri,SEC,fbs,27.0,Iowa,Big Ten,fbs,24.0,Bovada,-2.5,Missouri -2.5,-3.5,40.0,40.0,-170.0,145.0,
1958,401628405,2024,regular,9,2024-10-26T20:15:00.000Z,Vanderbilt,SEC,fbs,24.0,Texas,SEC,fbs,27.0,Bovada,17.0,Texas -17.0,17.5,50.5,53.0,600.0,-950.0,
1959,401628405,2024,regular,9,2024-10-26T20:15:00.000Z,Vanderbilt,SEC,fbs,24.0,Texas,SEC,fbs,27.0,ESPN Bet,16.5,Texas -16.5,17.5,51.5,53.5,500.0,-800.0,
1960,401628405,2024,regular,9,2024-10-26T20:15:00.000Z,Vanderbilt,SEC,fbs,24.0,Texas,SEC,fbs,27.0,DraftKings,17.0,Texas -17,21.0,51.0,,525.0,-750.0,
1961,401636373,2024,regular,1,2024-08-31T22:00:00.000Z,Florida A&M,SWAC,fcs,22.0,South Carolina State,MEAC,fcs,18.0,ESPN Bet,-11.5,Florida A&M -11.5,,47.5,,,,
1962,401654503,2024,regular,12,2024-11-16T17:00:00.000Z,Norfolk State,MEAC,fcs,38.0,Delaware State,MEAC,fcs,19.0,ESPN Bet,-13.5,Norfolk State -13.5,,51.5,,,,
1963,401677102,2024,postseason,1,2024-12-31T17:00:00.000Z,Michigan,Big Ten,fbs,19.0,Alabama,SEC,fbs,13.0,DraftKings,16.5,Alabama -16.5,,45.5,43.5,575.0,-850.0,
1964,401677102,2024,postseason,1,2024-12-31T17:00:00.000Z,Michigan,Big Ten,fbs,19.0,Alabama,SEC,fbs,13.0,ESPN Bet,16.5,Alabama -16.5,11.5,45.5,43.5,550.0,-900.0,
1965,401677102,2024,postseason,1,2024-12-31T17:00:00.000Z,Michigan,Big Ten,fbs,19.0,Alabama,SEC,fbs,13.0,Bovada,16.5,Alabama -16.5,10.0,45.0,43.0,295.0,-390.0,
1966,401641019,2024,regular,8,2024-10-16T00:00:00.000Z,Middle Tennessee,Conference USA,fbs,14.0,Kennesaw State,Conference USA,fbs,5.0,DraftKings,-8.5,Middle Tennessee -8.5,-10.0,50.0,,-325.0,260.0,
1967,401641019,2024,regular,8,2024-10-16T00:00:00.000Z,Middle Tennessee,Conference USA,fbs,14.0,Kennesaw State,Conference USA,fbs,5.0,ESPN Bet,-10.5,Middle Tennessee -10.5,-10.0,50.5,50.5,-340.0,270.0,
1968,401641019,2024,regular,8,2024-10-16T00:00:00.000Z,Middle Tennessee,Conference USA,fbs,14.0,Kennesaw State,Conference USA,fbs,5.0,Bovada,-8.0,Middle Tennessee -8.0,-10.0,50.0,51.0,,,
1969,401655632,2024,regular,3,2024-09-14T23:30:00.000Z,Northwestern,Big Ten,fbs,31.0,Eastern Illinois,Big South-OVC,fcs,7.0,ESPN Bet,-26.5,Northwestern -26.5,-24.5,38.5,,,,
1970,401655632,2024,regular,3,2024-09-14T23:30:00.000Z,Northwestern,Big Ten,fbs,31.0,Eastern Illinois,Big South-OVC,fcs,7.0,DraftKings,,,,,,-10000.0,3000.0,
1971,401654574,2024,regular,3,2024-09-14T16:00:00.000Z,St. Francis (PA),NEC,fcs,20.0,Central Connecticut,NEC,fcs,27.0,ESPN Bet,-7.0,St. Francis (PA) -7,,48.5,,,,
1972,401628366,2024,regular,4,2024-09-21T23:45:00.000Z,Ole Miss,SEC,fbs,52.0,Georgia Southern,Sun Belt,fbs,13.0,DraftKings,-35.0,Ole Miss -35,-36.0,68.5,66.0,,,
1973,401628366,2024,regular,4,2024-09-21T23:45:00.000Z,Ole Miss,SEC,fbs,52.0,Georgia Southern,Sun Belt,fbs,13.0,Bovada,-35.0,Ole Miss -35.0,-35.5,68.5,64.5,,,
1974,401628366,2024,regular,4,2024-09-21T23:45:00.000Z,Ole Miss,SEC,fbs,52.0,Georgia Southern,Sun Belt,fbs,13.0,ESPN Bet,-35.5,Ole Miss -35.5,-36.0,68.5,65.5,-7500.0,2500.0,
1975,401628371,2024,regular,4,2024-09-22T00:00:00.000Z,Texas,SEC,fbs,51.0,UL Monroe,Sun Belt,fbs,3.0,DraftKings,-43.5,Texas -43.5,-44.5,54.5,52.5,,,
1976,401628371,2024,regular,4,2024-09-22T00:00:00.000Z,Texas,SEC,fbs,51.0,UL Monroe,Sun Belt,fbs,3.0,Bovada,-44.0,Texas -44.0,-45.0,53.5,53.0,,,
1977,401628371,2024,regular,4,2024-09-22T00:00:00.000Z,Texas,SEC,fbs,51.0,UL Monroe,Sun Belt,fbs,3.0,ESPN Bet,-41.5,Texas -41.5,-45.0,53.5,52.5,,,
1978,401628493,2024,regular,4,2024-09-21T19:30:00.000Z,Penn State,Big Ten,fbs,56.0,Kent State,Mid-American,fbs,0.0,DraftKings,-49.0,Penn State -49,-49.0,58.0,55.0,,,
1979,401628493,2024,regular,4,2024-09-21T19:30:00.000Z,Penn State,Big Ten,fbs,56.0,Kent State,Mid-American,fbs,0.0,ESPN Bet,-49.0,Penn State -49,-49.5,57.5,54.5,,,
1980,401628493,2024,regular,4,2024-09-21T19:30:00.000Z,Penn State,Big Ten,fbs,56.0,Kent State,Mid-American,fbs,0.0,Bovada,-48.5,Penn State -48.5,-48.5,57.5,54.5,,,
1981,401628370,2024,regular,4,2024-09-21T23:30:00.000Z,South Carolina,SEC,fbs,50.0,Akron,Mid-American,fbs,7.0,DraftKings,-25.0,South Carolina -25,-27.5,42.0,46.5,-2400.0,1200.0,
1982,401628370,2024,regular,4,2024-09-21T23:30:00.000Z,South Carolina,SEC,fbs,50.0,Akron,Mid-American,fbs,7.0,Bovada,-26.0,South Carolina -26.0,-27.0,41.5,47.0,-5000.0,1200.0,
1983,401628370,2024,regular,4,2024-09-21T23:30:00.000Z,South Carolina,SEC,fbs,50.0,Akron,Mid-American,fbs,7.0,ESPN Bet,-22.5,South Carolina -22.5,-27.0,40.5,46.5,-4000.0,1800.0,
1984,401628492,2024,regular,4,2024-09-21T16:00:00.000Z,Ohio State,Big Ten,fbs,49.0,Marshall,Sun Belt,fbs,14.0,DraftKings,-40.0,Ohio State -40,-40.0,57.0,51.0,,,
1985,401628492,2024,regular,4,2024-09-21T16:00:00.000Z,Ohio State,Big Ten,fbs,49.0,Marshall,Sun Belt,fbs,14.0,Bovada,-39.0,Ohio State -39.0,-40.0,51.5,51.0,,,
1986,401628492,2024,regular,4,2024-09-21T16:00:00.000Z,Ohio State,Big Ten,fbs,49.0,Marshall,Sun Belt,fbs,14.0,ESPN Bet,-38.5,Ohio State -38.5,-39.5,55.5,51.5,,,
1987,401635558,2024,regular,4,2024-09-21T18:00:00.000Z,Coastal Carolina,Sun Belt,fbs,24.0,Virginia,ACC,fbs,43.0,DraftKings,3.5,Virginia -3.5,,52.0,,145.0,-175.0,
1988,401635558,2024,regular,4,2024-09-21T18:00:00.000Z,Coastal Carolina,Sun Belt,fbs,24.0,Virginia,ACC,fbs,43.0,ESPN Bet,3.5,Virginia -3.5,3.0,52.5,54.5,140.0,-165.0,
1989,401635558,2024,regular,4,2024-09-21T18:00:00.000Z,Coastal Carolina,Sun Belt,fbs,24.0,Virginia,ACC,fbs,43.0,Bovada,3.5,Virginia -3.5,3.0,52.0,55.0,145.0,-170.0,
1990,401628498,2024,regular,5,2024-09-28T23:30:00.000Z,Michigan State,Big Ten,fbs,7.0,Ohio State,Big Ten,fbs,38.0,DraftKings,23.5,Ohio State -23.5,25.0,48.5,,1200.0,-2400.0,
1991,401628498,2024,regular,5,2024-09-28T23:30:00.000Z,Michigan State,Big Ten,fbs,7.0,Ohio State,Big Ten,fbs,38.0,ESPN Bet,23.5,Ohio State -23.5,25.0,47.5,49.5,1500.0,-3500.0,
1992,401628498,2024,regular,5,2024-09-28T23:30:00.000Z,Michigan State,Big Ten,fbs,7.0,Ohio State,Big Ten,fbs,38.0,Bovada,23.5,Ohio State -23.5,24.0,48.5,48.5,1100.0,-3300.0,
1993,401643790,2024,regular,4,2024-09-19T23:30:00.000Z,App State,Sun Belt,fbs,14.0,South Alabama,Sun Belt,fbs,48.0,DraftKings,-8.0,App State -8,-8.0,62.5,63.5,-310.0,250.0,
1994,401643790,2024,regular,4,2024-09-19T23:30:00.000Z,App State,Sun Belt,fbs,14.0,South Alabama,Sun Belt,fbs,48.0,Bovada,-7.5,App State -7.5,-8.0,62.5,,-285.0,235.0,
1995,401643790,2024,regular,4,2024-09-19T23:30:00.000Z,App State,Sun Belt,fbs,14.0,South Alabama,Sun Belt,fbs,48.0,ESPN Bet,-7.5,App State -7.5,-7.0,62.5,64.5,-320.0,260.0,
1996,401628586,2024,regular,1,2024-08-31T22:00:00.000Z,Liberty,Conference USA,fbs,41.0,Campbell,CAA,fcs,24.0,ESPN Bet,-41.5,Liberty -41.5,,58.5,,,,
1997,401654631,2024,regular,12,2024-11-16T17:30:00.000Z,Lafayette,Patriot,fcs,42.0,Stonehill,NEC,fcs,10.0,ESPN Bet,-22.0,Lafayette -22,,49.5,,,,
1998,401677103,2024,postseason,1,2024-12-31T20:00:00.000Z,Illinois,Big Ten,fbs,21.0,South Carolina,SEC,fbs,17.0,DraftKings,9.5,South Carolina -9.5,,50.0,,280.0,-355.0,
1999,401677103,2024,postseason,1,2024-12-31T20:00:00.000Z,Illinois,Big Ten,fbs,21.0,South Carolina,SEC,fbs,17.0,ESPN Bet,9.5,South Carolina -9.5,10.0,49.5,47.5,280.0,-360.0,
2000,401677103,2024,postseason,1,2024-12-31T20:00:00.000Z,Illinois,Big Ten,fbs,21.0,South Carolina,SEC,fbs,17.0,Bovada,9.5,South Carolina -9.5,11.0,50.0,48.0,320.0,-430.0,
2001,401640983,2024,regular,8,2024-10-17T01:00:00.000Z,UTEP,Conference USA,fbs,30.0,Florida International,Conference USA,fbs,21.0,DraftKings,7.0,Florida International -7,3.5,47.0,,200.0,-245.0,
2002,401640983,2024,regular,8,2024-10-17T01:00:00.000Z,UTEP,Conference USA,fbs,30.0,Florida International,Conference USA,fbs,21.0,Bovada,7.0,Florida International -7.0,5.0,47.0,49.5,175.0,-210.0,
2003,401640983,2024,regular,8,2024-10-17T01:00:00.000Z,UTEP,Conference USA,fbs,30.0,Florida International,Conference USA,fbs,21.0,ESPN Bet,6.5,Florida International -6.5,5.0,47.5,49.5,220.0,-270.0,
2004,401644736,2024,regular,4,2024-09-21T19:30:00.000Z,Northern Illinois,Mid-American,fbs,20.0,Buffalo,Mid-American,fbs,23.0,Bovada,-13.0,Northern Illinois -13.0,-15.5,42.5,45.0,-550.0,390.0,
2005,401644736,2024,regular,4,2024-09-21T19:30:00.000Z,Northern Illinois,Mid-American,fbs,20.0,Buffalo,Mid-American,fbs,23.0,DraftKings,-13.0,Northern Illinois -13,,43.0,,-535.0,400.0,
2006,401644736,2024,regular,4,2024-09-21T19:30:00.000Z,Northern Illinois,Mid-American,fbs,20.0,Buffalo,Mid-American,fbs,23.0,ESPN Bet,-12.5,Northern Illinois -12.5,-14.0,42.5,44.5,-550.0,425.0,
2007,401641010,2024,regular,8,2024-10-16T01:00:00.000Z,New Mexico State,Conference USA,fbs,33.0,Louisiana Tech,Conference USA,fbs,30.0,DraftKings,12.5,Louisiana Tech -12.5,11.5,49.0,,360.0,-470.0,
2008,401641010,2024,regular,8,2024-10-16T01:00:00.000Z,New Mexico State,Conference USA,fbs,33.0,Louisiana Tech,Conference USA,fbs,30.0,Bovada,12.5,Louisiana Tech -12.5,10.5,48.5,48.0,320.0,-430.0,
2009,401641010,2024,regular,8,2024-10-16T01:00:00.000Z,New Mexico State,Conference USA,fbs,33.0,Louisiana Tech,Conference USA,fbs,30.0,ESPN Bet,12.5,Louisiana Tech -12.5,10.5,48.5,48.5,360.0,-450.0,
2010,401628490,2024,regular,4,2024-09-22T00:00:00.000Z,Boston College,ACC,fbs,23.0,Michigan State,Big Ten,fbs,19.0,Bovada,-4.5,Boston College -4.5,-6.0,45.5,46.0,-200.0,170.0,
2011,401628490,2024,regular,4,2024-09-22T00:00:00.000Z,Boston College,ACC,fbs,23.0,Michigan State,Big Ten,fbs,19.0,DraftKings,-4.5,Boston College -4.5,,45.5,,-205.0,170.0,
2012,401628490,2024,regular,4,2024-09-22T00:00:00.000Z,Boston College,ACC,fbs,23.0,Michigan State,Big Ten,fbs,19.0,ESPN Bet,-4.5,Boston College -4.5,-6.5,45.5,45.5,-200.0,170.0,
2013,401636374,2024,regular,4,2024-09-21T23:00:00.000Z,Troy,Sun Belt,fbs,34.0,Florida A&M,SWAC,fcs,12.0,ESPN Bet,-21.5,Troy -21.5,-22.5,48.5,49.5,-1800.0,1000.0,
2014,401636374,2024,regular,4,2024-09-21T23:00:00.000Z,Troy,Sun Belt,fbs,34.0,Florida A&M,SWAC,fcs,12.0,DraftKings,-21.5,Troy -21.5,,49.5,,-1800.0,1000.0,
2015,401654595,2024,regular,3,2024-09-14T16:00:00.000Z,Long Island University,NEC,fcs,17.0,Lehigh,Patriot,fcs,20.0,ESPN Bet,-2.5,Long Island University -2.5,,49.5,,,,
2016,401628590,2024,regular,1,2024-08-31T21:00:00.000Z,Marshall,Sun Belt,fbs,45.0,Stony Brook,CAA,fcs,3.0,ESPN Bet,-32.5,Marshall -32.5,,56.5,,,,
2017,401628627,2024,regular,4,2024-09-21T16:00:00.000Z,Long Island University,NEC,fcs,21.0,Rhode Island,CAA,fcs,28.0,ESPN Bet,10.5,Rhode Island -10.5,,47.5,,,,
2018,401638696,2024,regular,12,2024-11-16T18:00:00.000Z,Butler,Pioneer,fcs,36.0,St. Thomas (MN),Pioneer,fcs,20.0,ESPN Bet,-6.5,Butler -6.5,,44.5,,,,
2019,401643810,2024,regular,8,2024-10-17T23:00:00.000Z,Marshall,Sun Belt,fbs,35.0,Georgia State,Sun Belt,fbs,20.0,DraftKings,-9.5,Marshall -9.5,-7.0,51.5,,-325.0,260.0,
2020,401643810,2024,regular,8,2024-10-17T23:00:00.000Z,Marshall,Sun Belt,fbs,35.0,Georgia State,Sun Belt,fbs,20.0,Bovada,-9.5,Marshall -9.5,-9.0,51.5,53.5,-350.0,275.0,
2021,401643810,2024,regular,8,2024-10-17T23:00:00.000Z,Marshall,Sun Belt,fbs,35.0,Georgia State,Sun Belt,fbs,20.0,ESPN Bet,-8.5,Marshall -8.5,-9.5,50.5,53.5,-360.0,290.0,
2022,401643809,2024,regular,8,2024-10-15T23:30:00.000Z,South Alabama,Sun Belt,fbs,25.0,Troy,Sun Belt,fbs,9.0,DraftKings,-10.0,South Alabama -10,-13.5,53.0,,-395.0,310.0,
2023,401643809,2024,regular,8,2024-10-15T23:30:00.000Z,South Alabama,Sun Belt,fbs,25.0,Troy,Sun Belt,fbs,9.0,Bovada,-10.0,South Alabama -10.0,-11.5,53.5,56.5,,340.0,
2024,401643809,2024,regular,8,2024-10-15T23:30:00.000Z,South Alabama,Sun Belt,fbs,25.0,Troy,Sun Belt,fbs,9.0,ESPN Bet,-8.5,South Alabama -8.5,-11.5,51.5,56.5,-400.0,320.0,
2025,401654624,2024,regular,3,2024-09-14T16:30:00.000Z,Lafayette,Patriot,fcs,56.0,Marist,Pioneer,fcs,14.0,ESPN Bet,-33.0,Lafayette -33,,50.5,,,,
2026,401643715,2024,regular,4,2024-09-21T18:00:00.000Z,Temple,American Athletic,fbs,45.0,Utah State,Mountain West,fbs,29.0,DraftKings,6.5,Utah State -6.5,,53.5,,195.0,-238.0,
2027,401643715,2024,regular,4,2024-09-21T18:00:00.000Z,Temple,American Athletic,fbs,45.0,Utah State,Mountain West,fbs,29.0,Bovada,6.5,Utah State -6.5,6.0,53.5,52.0,205.0,-245.0,
2028,401643715,2024,regular,4,2024-09-21T18:00:00.000Z,Temple,American Athletic,fbs,45.0,Utah State,Mountain West,fbs,29.0,ESPN Bet,6.5,Utah State -6.5,6.5,53.5,52.5,210.0,-250.0,
2029,401677190,2024,postseason,1,2024-12-31T19:00:00.000Z,Washington,Big Ten,fbs,34.0,Louisville,ACC,fbs,35.0,DraftKings,-1.0,Washington -1,,50.5,,-118.0,-102.0,
2030,401677190,2024,postseason,1,2024-12-31T19:00:00.000Z,Washington,Big Ten,fbs,34.0,Louisville,ACC,fbs,35.0,ESPN Bet,-1.5,Washington -1.5,4.5,50.5,51.5,-120.0,105.0,
2031,401677190,2024,postseason,1,2024-12-31T19:00:00.000Z,Washington,Big Ten,fbs,34.0,Louisville,ACC,fbs,35.0,Bovada,-1.0,Washington -1.0,5.5,49.5,52.0,180.0,-220.0,
2032,401641000,2024,regular,4,2024-09-21T19:00:00.000Z,Jacksonville State,Conference USA,fbs,44.0,Southern Miss,Sun Belt,fbs,7.0,Bovada,-6.0,Jacksonville State -6.0,,59.5,,-230.0,190.0,
2033,401641000,2024,regular,4,2024-09-21T19:00:00.000Z,Jacksonville State,Conference USA,fbs,44.0,Southern Miss,Sun Belt,fbs,7.0,DraftKings,-6.0,Jacksonville State -6,,59.0,,-238.0,195.0,
2034,401641000,2024,regular,4,2024-09-21T19:00:00.000Z,Jacksonville State,Conference USA,fbs,44.0,Southern Miss,Sun Belt,fbs,7.0,ESPN Bet,-6.5,Jacksonville State -6.5,-6.5,60.5,61.5,-225.0,190.0,
2035,401643704,2024,regular,1,2024-08-31T22:30:00.000Z,Oregon State,Pac-12,fbs,38.0,Idaho State,Big Sky,fcs,15.0,ESPN Bet,-29.5,Oregon State -29.5,,57.5,,,,
2036,401644596,2024,regular,4,2024-09-21T16:00:00.000Z,Harvard,Ivy,fcs,35.0,Stetson,Pioneer,fcs,0.0,ESPN Bet,-34.5,Harvard -34.5,,52.5,,,,
2037,401628691,2024,regular,12,2024-11-16T18:00:00.000Z,Delaware,CAA,fcs,41.0,Campbell,CAA,fcs,22.0,ESPN Bet,-16.5,Delaware -16.5,,49.5,,,,
2038,401628609,2024,regular,3,2024-09-14T17:00:00.000Z,North Carolina A&T,CAA,fcs,13.0,Delaware,CAA,fcs,42.0,ESPN Bet,14.0,Delaware -14,,49.5,,,,
2039,401677104,2024,postseason,1,2024-12-31T20:30:00.000Z,LSU,SEC,fbs,44.0,Baylor,Big 12,fbs,31.0,DraftKings,3.0,Baylor -3,,62.5,,130.0,-155.0,
2040,401677104,2024,postseason,1,2024-12-31T20:30:00.000Z,LSU,SEC,fbs,44.0,Baylor,Big 12,fbs,31.0,ESPN Bet,2.5,Baylor -2.5,-2.0,62.5,60.5,140.0,-165.0,
2041,401677104,2024,postseason,1,2024-12-31T20:30:00.000Z,LSU,SEC,fbs,44.0,Baylor,Big 12,fbs,31.0,Bovada,3.5,Baylor -3.5,-1.5,62.5,59.5,-120.0,100.0,
2042,401643741,2024,regular,9,2024-10-26T21:00:00.000Z,Colorado State,Mountain West,fbs,17.0,New Mexico,Mountain West,fbs,6.0,Bovada,-3.5,Colorado State -3.5,-6.0,62.0,65.0,-230.0,190.0,
2043,401643741,2024,regular,9,2024-10-26T21:00:00.000Z,Colorado State,Mountain West,fbs,17.0,New Mexico,Mountain West,fbs,6.0,ESPN Bet,-3.5,Colorado State -3.5,-6.0,61.5,65.5,-170.0,145.0,
2044,401643741,2024,regular,9,2024-10-26T21:00:00.000Z,Colorado State,Mountain West,fbs,17.0,New Mexico,Mountain West,fbs,6.0,DraftKings,-4.0,Colorado State -4,-7.0,61.5,,-185.0,154.0,
2045,401634769,2024,regular,8,2024-10-18T23:00:00.000Z,Duke,ACC,fbs,23.0,Florida State,ACC,fbs,16.0,DraftKings,-2.5,Duke -2.5,-3.0,43.0,,-142.0,120.0,
2046,401634769,2024,regular,8,2024-10-18T23:00:00.000Z,Duke,ACC,fbs,23.0,Florida State,ACC,fbs,16.0,Bovada,-3.0,Duke -3.0,-3.0,43.0,42.5,-165.0,140.0,
2047,401634769,2024,regular,8,2024-10-18T23:00:00.000Z,Duke,ACC,fbs,23.0,Florida State,ACC,fbs,16.0,ESPN Bet,-2.5,Duke -2.5,-3.0,41.5,42.5,-140.0,120.0,
2048,401636907,2024,regular,9,2024-10-27T02:15:00.000Z,Colorado,Big 12,fbs,34.0,Cincinnati,Big 12,fbs,23.0,Bovada,-6.0,Colorado -6.0,-5.0,57.0,56.5,-200.0,170.0,
2049,401636907,2024,regular,9,2024-10-27T02:15:00.000Z,Colorado,Big 12,fbs,34.0,Cincinnati,Big 12,fbs,23.0,ESPN Bet,-6.5,Colorado -6.5,-4.0,56.5,57.5,-230.0,195.0,
2050,401636907,2024,regular,9,2024-10-27T02:15:00.000Z,Colorado,Big 12,fbs,34.0,Cincinnati,Big 12,fbs,23.0,DraftKings,-6.0,Colorado -6,-3.0,57.0,,-230.0,190.0,
2051,401629031,2024,regular,4,2024-09-21T23:00:00.000Z,UConn,FBS Independents,fbs,48.0,Florida Atlantic,American Athletic,fbs,14.0,Bovada,-1.0,UConn -1.0,,46.0,,-115.0,-105.0,
2052,401629031,2024,regular,4,2024-09-21T23:00:00.000Z,UConn,FBS Independents,fbs,48.0,Florida Atlantic,American Athletic,fbs,14.0,DraftKings,-1.0,UConn -1,,45.5,,-112.0,-108.0,
2053,401629031,2024,regular,4,2024-09-21T23:00:00.000Z,UConn,FBS Independents,fbs,48.0,Florida Atlantic,American Athletic,fbs,14.0,ESPN Bet,0.5,Florida Atlantic -0.5,-2.5,45.5,46.5,-120.0,-105.0,
2054,401636875,2024,regular,4,2024-09-21T18:00:00.000Z,Iowa State,Big 12,fbs,52.0,Arkansas State,Sun Belt,fbs,7.0,DraftKings,-20.5,Iowa State -20.5,,52.0,,-1600.0,900.0,
2055,401636875,2024,regular,4,2024-09-21T18:00:00.000Z,Iowa State,Big 12,fbs,52.0,Arkansas State,Sun Belt,fbs,7.0,Bovada,-20.5,Iowa State -20.5,-21.0,52.0,51.5,-1600.0,800.0,
2056,401636875,2024,regular,4,2024-09-21T18:00:00.000Z,Iowa State,Big 12,fbs,52.0,Arkansas State,Sun Belt,fbs,7.0,ESPN Bet,-18.5,Iowa State -18.5,-21.0,52.5,51.5,-1600.0,900.0,
2057,401628588,2024,regular,1,2024-08-31T23:00:00.000Z,Rhode Island,CAA,fcs,20.0,Holy Cross,Patriot,fcs,17.0,ESPN Bet,-2.5,Rhode Island -2.5,,54.5,,,,
2058,401677105,2024,postseason,1,2025-01-03T01:00:00.000Z,Ole Miss,SEC,fbs,52.0,Duke,ACC,fbs,20.0,DraftKings,-17.5,Ole Miss -17.5,,50.5,,-900.0,600.0,
2059,401677105,2024,postseason,1,2025-01-03T01:00:00.000Z,Ole Miss,SEC,fbs,52.0,Duke,ACC,fbs,20.0,ESPN Bet,-14.5,Ole Miss -14.5,-11.5,50.5,54.5,-900.0,550.0,
2060,401677105,2024,postseason,1,2025-01-03T01:00:00.000Z,Ole Miss,SEC,fbs,52.0,Duke,ACC,fbs,20.0,Bovada,-17.0,Ole Miss -17.0,-14.5,50.5,52.5,-625.0,430.0,
2061,401628690,2024,regular,12,2024-11-16T18:00:00.000Z,William & Mary,CAA,fcs,22.0,Bryant,CAA,fcs,12.0,ESPN Bet,-21.0,William & Mary -21,,57.5,,,,
2062,401641034,2024,regular,4,2024-09-21T23:00:00.000Z,Sam Houston,Conference USA,fbs,31.0,New Mexico State,Conference USA,fbs,11.0,Bovada,-15.5,Sam Houston -15.5,,44.5,,-750.0,500.0,
2063,401641034,2024,regular,4,2024-09-21T23:00:00.000Z,Sam Houston,Conference USA,fbs,31.0,New Mexico State,Conference USA,fbs,11.0,DraftKings,-15.0,Sam Houston -15,,44.5,,-700.0,500.0,
2064,401641034,2024,regular,4,2024-09-21T23:00:00.000Z,Sam Houston,Conference USA,fbs,31.0,New Mexico State,Conference USA,fbs,11.0,ESPN Bet,-14.5,Sam Houston -14.5,-14.0,43.5,43.5,-700.0,500.0,
2065,401628616,2024,regular,3,2024-09-14T17:00:00.000Z,Fordham,Patriot,fcs,21.0,Stony Brook,CAA,fcs,27.0,ESPN Bet,-9.5,Fordham -9.5,,52.5,,,,
2066,401654463,2024,regular,4,2024-09-21T16:00:00.000Z,Lehigh,Patriot,fcs,35.0,Princeton,Ivy,fcs,20.0,ESPN Bet,12.5,Princeton -12.5,,46.5,,,,
2067,401636899,2024,regular,8,2024-10-19T16:00:00.000Z,Cincinnati,Big 12,fbs,24.0,Arizona State,Big 12,fbs,14.0,DraftKings,-5.5,Cincinnati -5.5,-3.0,51.0,,-205.0,170.0,
2068,401636899,2024,regular,8,2024-10-19T16:00:00.000Z,Cincinnati,Big 12,fbs,24.0,Arizona State,Big 12,fbs,14.0,Bovada,-5.0,Cincinnati -5.0,-3.0,51.5,53.5,-145.0,125.0,
2069,401636899,2024,regular,8,2024-10-19T16:00:00.000Z,Cincinnati,Big 12,fbs,24.0,Arizona State,Big 12,fbs,14.0,ESPN Bet,-4.5,Cincinnati -4.5,-3.0,50.5,53.5,-225.0,190.0,
2070,401636612,2024,regular,1,2024-08-31T23:00:00.000Z,Kansas State,Big 12,fbs,41.0,UT Martin,Big South-OVC,fcs,6.0,ESPN Bet,-36.5,Kansas State -36.5,,56.5,,,,
2071,401634100,2024,regular,7,2024-10-13T02:15:00.000Z,Montana State,Big Sky,fcs,38.0,Idaho,Big Sky,fcs,7.0,ESPN Bet,-9.5,Montana State -9.5,,54.5,,,,
2072,401654645,2024,regular,12,2024-11-16T18:00:00.000Z,Fordham,Patriot,fcs,31.0,Georgetown,Patriot,fcs,3.0,ESPN Bet,-3.5,Fordham -3.5,,49.5,,,,
2073,401628488,2024,regular,4,2024-09-21T16:00:00.000Z,Maryland,Big Ten,fbs,38.0,Villanova,CAA,fcs,20.0,ESPN Bet,-22.5,Maryland -22.5,-17.5,46.5,43.5,-1800.0,1000.0,
2074,401628488,2024,regular,4,2024-09-21T16:00:00.000Z,Maryland,Big Ten,fbs,38.0,Villanova,CAA,fcs,20.0,DraftKings,-22.0,Maryland -22,,47.5,43.5,-2400.0,1200.0,
2075,401654487,2024,regular,4,2024-09-21T16:00:00.000Z,Columbia,Ivy,fcs,31.0,Lafayette,Patriot,fcs,20.0,ESPN Bet,8.0,Lafayette -8,,41.5,,,,
2076,401654633,2024,regular,3,2024-09-14T17:00:00.000Z,Sacred Heart,FCS Independents,fcs,40.0,Georgetown,Patriot,fcs,14.0,ESPN Bet,10.5,Georgetown -10.5,,44.5,,,,
2077,401635599,2024,regular,9,2024-10-26T19:30:00.000Z,Stanford,ACC,fbs,24.0,Wake Forest,ACC,fbs,27.0,Bovada,3.0,Wake Forest -3.0,3.0,53.0,55.5,125.0,-145.0,
2078,401635599,2024,regular,9,2024-10-26T19:30:00.000Z,Stanford,ACC,fbs,24.0,Wake Forest,ACC,fbs,27.0,ESPN Bet,2.5,Wake Forest -2.5,2.5,51.5,55.5,130.0,-150.0,
2079,401635599,2024,regular,9,2024-10-26T19:30:00.000Z,Stanford,ACC,fbs,24.0,Wake Forest,ACC,fbs,27.0,DraftKings,3.0,Wake Forest -3,-1.5,53.0,,124.0,-148.0,
2080,401635594,2024,regular,9,2024-10-26T20:00:00.000Z,California,ACC,fbs,44.0,Oregon State,Pac-12,fbs,7.0,Bovada,-13.0,California -13.0,-10.5,51.0,49.0,-400.0,300.0,
2081,401635594,2024,regular,9,2024-10-26T20:00:00.000Z,California,ACC,fbs,44.0,Oregon State,Pac-12,fbs,7.0,ESPN Bet,-11.5,California -11.5,-10.0,49.5,48.5,-550.0,380.0,
2082,401635594,2024,regular,9,2024-10-26T20:00:00.000Z,California,ACC,fbs,44.0,Oregon State,Pac-12,fbs,7.0,DraftKings,-13.0,California -13,-9.0,51.0,,-535.0,400.0,
2083,401677106,2024,postseason,1,2025-01-03T21:00:00.000Z,Texas State,Sun Belt,fbs,30.0,North Texas,American Athletic,fbs,28.0,DraftKings,-15.5,Texas State -15.5,,67.5,,-650.0,470.0,
2084,401677106,2024,postseason,1,2025-01-03T21:00:00.000Z,Texas State,Sun Belt,fbs,30.0,North Texas,American Athletic,fbs,28.0,ESPN Bet,-15.5,Texas State -15.5,-7.5,66.5,68.5,-700.0,450.0,
2085,401677106,2024,postseason,1,2025-01-03T21:00:00.000Z,Texas State,Sun Belt,fbs,30.0,North Texas,American Athletic,fbs,28.0,Bovada,-14.0,Texas State -14.0,-10.0,63.5,68.0,-370.0,285.0,
2086,401645321,2024,regular,1,2024-08-31T23:00:00.000Z,Memphis,American Athletic,fbs,40.0,North Alabama,UAC,fcs,0.0,ESPN Bet,-38.5,Memphis -38.5,,62.5,,,,
2087,401643713,2024,regular,4,2024-09-21T19:00:00.000Z,Nevada,Mountain West,fbs,49.0,Eastern Washington,Big Sky,fcs,16.0,ESPN Bet,-13.5,Nevada -13.5,-9.0,54.5,55.5,-525.0,400.0,
2088,401643713,2024,regular,4,2024-09-21T19:00:00.000Z,Nevada,Mountain West,fbs,49.0,Eastern Washington,Big Sky,fcs,16.0,DraftKings,-13.5,Nevada -13.5,-9.5,55.5,,-520.0,390.0,
2089,401634159,2024,regular,3,2024-09-14T17:00:00.000Z,Illinois State,MVFC,fcs,51.0,Western Illinois,Big South-OVC,fcs,34.0,ESPN Bet,-36.0,Illinois State -36,,50.5,,,,
2090,401654634,2024,regular,4,2024-09-21T17:00:00.000Z,Stonehill,NEC,fcs,35.0,Sacred Heart,FCS Independents,fcs,21.0,ESPN Bet,6.5,Sacred Heart -6.5,,43.5,,,,
2091,401628692,2024,regular,12,2024-11-16T18:00:00.000Z,New Hampshire,CAA,fcs,31.0,Stony Brook,CAA,fcs,30.0,ESPN Bet,-5.5,New Hampshire -5.5,,46.5,,,,
2092,401643745,2024,regular,9,2024-10-26T23:00:00.000Z,Wyoming,Mountain West,fbs,25.0,Utah State,Mountain West,fbs,27.0,Bovada,2.5,Utah State -2.5,-2.5,57.0,57.0,-130.0,110.0,
2093,401643745,2024,regular,9,2024-10-26T23:00:00.000Z,Wyoming,Mountain West,fbs,25.0,Utah State,Mountain West,fbs,27.0,ESPN Bet,1.5,Utah State -1.5,-2.0,56.5,55.5,110.0,-130.0,
2094,401643745,2024,regular,9,2024-10-26T23:00:00.000Z,Wyoming,Mountain West,fbs,25.0,Utah State,Mountain West,fbs,27.0,DraftKings,2.0,Utah State -2,-3.0,56.5,,105.0,-125.0,
2095,401677107,2024,postseason,1,2025-01-04T00:30:00.000Z,Virginia Tech,ACC,fbs,10.0,Minnesota,Big Ten,fbs,24.0,DraftKings,10.0,Minnesota -10,,43.5,,320.0,-410.0,
2096,401677107,2024,postseason,1,2025-01-04T00:30:00.000Z,Virginia Tech,ACC,fbs,10.0,Minnesota,Big Ten,fbs,24.0,ESPN Bet,10.5,Minnesota -10.5,4.5,43.5,42.5,300.0,-400.0,
2097,401677107,2024,postseason,1,2025-01-04T00:30:00.000Z,Virginia Tech,ACC,fbs,10.0,Minnesota,Big Ten,fbs,24.0,Bovada,10.0,Minnesota -10.0,5.5,43.0,42.5,180.0,-220.0,
2098,401628394,2024,regular,8,2024-10-19T20:15:00.000Z,Mississippi State,SEC,fbs,24.0,Texas A&M,SEC,fbs,34.0,DraftKings,21.0,Texas A&M -21,15.0,55.5,,750.0,-1200.0,
2099,401628394,2024,regular,8,2024-10-19T20:15:00.000Z,Mississippi State,SEC,fbs,24.0,Texas A&M,SEC,fbs,34.0,Bovada,21.0,Texas A&M -21.0,15.0,55.5,55.5,,-675.0,
2100,401628394,2024,regular,8,2024-10-19T20:15:00.000Z,Mississippi State,SEC,fbs,24.0,Texas A&M,SEC,fbs,34.0,ESPN Bet,21.5,Texas A&M -21.5,15.0,55.5,55.5,800.0,-1400.0,
2101,401628979,2024,regular,4,2024-09-21T19:30:00.000Z,Notre Dame,FBS Independents,fbs,28.0,Miami (OH),Mid-American,fbs,3.0,DraftKings,-27.5,Notre Dame -27.5,,44.0,,-4500.0,1700.0,
2102,401628979,2024,regular,4,2024-09-21T19:30:00.000Z,Notre Dame,FBS Independents,fbs,28.0,Miami (OH),Mid-American,fbs,3.0,Bovada,-27.0,Notre Dame -27.0,-27.0,44.0,44.0,-7000.0,1300.0,
2103,401628979,2024,regular,4,2024-09-21T19:30:00.000Z,Notre Dame,FBS Independents,fbs,28.0,Miami (OH),Mid-American,fbs,3.0,ESPN Bet,-27.5,Notre Dame -27.5,-26.5,43.5,43.5,-5000.0,2000.0,
2104,401638359,2024,regular,1,2024-08-31T23:00:00.000Z,Incarnate Word,Southland,fcs,28.0,Northern Colorado,Big Sky,fcs,7.0,ESPN Bet,-22.5,Incarnate Word -22.5,,54.5,,,,
2105,401644604,2024,regular,12,2024-11-16T18:00:00.000Z,Pennsylvania,Ivy,fcs,28.0,Harvard,Ivy,fcs,31.0,ESPN Bet,8.5,Harvard -8.5,,52.5,,,,
2106,401677083,2024,postseason,1,2024-12-20T17:00:00.000Z,Jacksonville State,Conference USA,fbs,27.0,Ohio,Mid-American,fbs,30.0,DraftKings,6.5,Ohio -6.5,2.5,57.5,52.0,185.0,-225.0,
2107,401677083,2024,postseason,1,2024-12-20T17:00:00.000Z,Jacksonville State,Conference USA,fbs,27.0,Ohio,Mid-American,fbs,30.0,ESPN Bet,5.5,Ohio -5.5,2.0,56.5,53.5,210.0,-250.0,
2108,401677083,2024,postseason,1,2024-12-20T17:00:00.000Z,Jacksonville State,Conference USA,fbs,27.0,Ohio,Mid-American,fbs,30.0,Bovada,6.5,Ohio -6.5,2.0,58.0,54.0,110.0,-130.0,
2109,401645329,2024,regular,4,2024-09-21T19:30:00.000Z,Navy,American Athletic,fbs,56.0,Memphis,American Athletic,fbs,44.0,DraftKings,9.5,Memphis -9.5,,47.0,,250.0,-310.0,
2110,401645329,2024,regular,4,2024-09-21T19:30:00.000Z,Navy,American Athletic,fbs,56.0,Memphis,American Athletic,fbs,44.0,Bovada,8.5,Memphis -8.5,10.5,47.5,50.5,275.0,-350.0,
2111,401645329,2024,regular,4,2024-09-21T19:30:00.000Z,Navy,American Athletic,fbs,56.0,Memphis,American Athletic,fbs,44.0,ESPN Bet,8.5,Memphis -8.5,10.5,46.5,50.5,290.0,-360.0,
2112,401636905,2024,regular,9,2024-10-26T23:00:00.000Z,Arizona,Big 12,fbs,26.0,West Virginia,Big 12,fbs,31.0,Bovada,-5.5,Arizona -5.5,-3.0,51.5,55.0,-145.0,125.0,
2113,401636905,2024,regular,9,2024-10-26T23:00:00.000Z,Arizona,Big 12,fbs,26.0,West Virginia,Big 12,fbs,31.0,ESPN Bet,-5.5,Arizona -5.5,-3.0,51.5,54.5,-195.0,165.0,
2114,401636905,2024,regular,9,2024-10-26T23:00:00.000Z,Arizona,Big 12,fbs,26.0,West Virginia,Big 12,fbs,31.0,DraftKings,-5.5,Arizona -5.5,-1.0,51.5,,-218.0,180.0,
2115,401628625,2024,regular,4,2024-09-21T22:00:00.000Z,Florida International,Conference USA,fbs,42.0,Monmouth,CAA,fcs,45.0,ESPN Bet,-12.5,Florida International -12.5,-13.5,59.5,58.5,-450.0,360.0,
2116,401654505,2024,regular,4,2024-09-21T17:00:00.000Z,Colgate,Patriot,fcs,41.0,Cornell,Ivy,fcs,24.0,ESPN Bet,-2.5,Colgate -2.5,,47.5,,,,
2117,401628615,2024,regular,3,2024-09-14T18:00:00.000Z,Richmond,CAA,fcs,38.0,Charleston Southern,Big South-OVC,fcs,0.0,ESPN Bet,-13.5,Richmond -13.5,,46.5,,,,
2118,401644737,2024,regular,4,2024-09-21T18:00:00.000Z,Eastern Michigan,Mid-American,fbs,36.0,St. Francis (PA),NEC,fcs,0.0,ESPN Bet,-25.5,Eastern Michigan -25.5,-24.0,45.5,42.5,-4000.0,1800.0,
2119,401677108,2024,postseason,1,2025-01-04T16:00:00.000Z,Liberty,Conference USA,fbs,7.0,Buffalo,Mid-American,fbs,26.0,DraftKings,4.5,Buffalo -4.5,-2.5,50.5,51.5,160.0,-192.0,
2120,401677108,2024,postseason,1,2025-01-04T16:00:00.000Z,Liberty,Conference USA,fbs,7.0,Buffalo,Mid-American,fbs,26.0,ESPN Bet,3.5,Buffalo -3.5,-2.0,50.5,51.5,160.0,-190.0,
2121,401677108,2024,postseason,1,2025-01-04T16:00:00.000Z,Liberty,Conference USA,fbs,7.0,Buffalo,Mid-American,fbs,26.0,Bovada,4.0,Buffalo -4.0,-2.5,50.5,52.5,-130.0,110.0,
2122,401635588,2024,regular,8,2024-10-19T16:00:00.000Z,Clemson,ACC,fbs,48.0,Virginia,ACC,fbs,31.0,DraftKings,-20.0,Clemson -20,-21.0,57.5,,-1350.0,800.0,
2123,401635588,2024,regular,8,2024-10-19T16:00:00.000Z,Clemson,ACC,fbs,48.0,Virginia,ACC,fbs,31.0,Bovada,-20.0,Clemson -20.0,-21.5,57.5,57.5,-1800.0,850.0,
2124,401635588,2024,regular,8,2024-10-19T16:00:00.000Z,Clemson,ACC,fbs,48.0,Virginia,ACC,fbs,31.0,ESPN Bet,-20.5,Clemson -20.5,-21.5,56.5,57.5,-1600.0,900.0,
2125,401677087,2024,postseason,1,2024-12-25T01:00:00.000Z,San José State,Mountain West,fbs,39.0,South Florida,American Athletic,fbs,41.0,DraftKings,1.5,South Florida -1.5,-2.5,66.5,62.5,-102.0,-118.0,
2126,401677087,2024,postseason,1,2024-12-25T01:00:00.000Z,San José State,Mountain West,fbs,39.0,South Florida,American Athletic,fbs,41.0,ESPN Bet,0.5,South Florida -0.5,-2.5,64.5,62.5,-105.0,-120.0,
2127,401677087,2024,postseason,1,2024-12-25T01:00:00.000Z,San José State,Mountain West,fbs,39.0,South Florida,American Athletic,fbs,41.0,Bovada,2.0,South Florida -2.0,-3.0,66.5,61.5,-145.0,125.0,
2128,401677180,2024,postseason,1,2024-12-26T19:00:00.000Z,Toledo,Mid-American,fbs,48.0,Pittsburgh,ACC,fbs,46.0,DraftKings,6.5,Pittsburgh -6.5,9.5,48.5,51.5,190.0,-230.0,
2129,401677180,2024,postseason,1,2024-12-26T19:00:00.000Z,Toledo,Mid-American,fbs,48.0,Pittsburgh,ACC,fbs,46.0,ESPN Bet,6.5,Pittsburgh -6.5,9.0,48.5,51.5,220.0,-270.0,
2130,401677180,2024,postseason,1,2024-12-26T19:00:00.000Z,Toledo,Mid-American,fbs,48.0,Pittsburgh,ACC,fbs,46.0,Bovada,7.0,Pittsburgh -7.0,9.0,50.0,51.5,270.0,-340.0,
2131,401628585,2024,regular,1,2024-08-31T23:00:00.000Z,UAlbany,CAA,fcs,27.0,Long Island University,NEC,fcs,21.0,ESPN Bet,-23.5,UAlbany -23.5,,48.5,,,,
2132,401634099,2024,regular,7,2024-10-12T20:00:00.000Z,Montana,Big Sky,fcs,31.0,Northern Arizona,Big Sky,fcs,20.0,ESPN Bet,-12.5,Montana -12.5,,57.5,,,,
2133,401638693,2024,regular,12,2024-11-16T18:00:00.000Z,Drake,Pioneer,fcs,20.0,Morehead State,Pioneer,fcs,29.0,ESPN Bet,-14.5,Drake -14.5,,37.5,,,,
2134,401643742,2024,regular,9,2024-10-27T00:00:00.000Z,Fresno State,Mountain West,fbs,33.0,San José State,Mountain West,fbs,10.0,Bovada,-6.5,Fresno State -6.5,-6.0,55.0,54.5,-200.0,170.0,
2135,401643742,2024,regular,9,2024-10-27T00:00:00.000Z,Fresno State,Mountain West,fbs,33.0,San José State,Mountain West,fbs,10.0,ESPN Bet,-6.5,Fresno State -6.5,-6.5,55.5,54.5,-225.0,190.0,
2136,401643742,2024,regular,9,2024-10-27T00:00:00.000Z,Fresno State,Mountain West,fbs,33.0,San José State,Mountain West,fbs,10.0,DraftKings,-6.5,Fresno State -6.5,-7.0,55.0,,-225.0,185.0,
2137,401628618,2024,regular,3,2024-09-14T18:00:00.000Z,Bryant,CAA,fcs,22.0,Holy Cross,Patriot,fcs,43.0,ESPN Bet,11.5,Holy Cross -11.5,,54.5,,,,
2138,401634247,2024,regular,4,2024-09-21T19:30:00.000Z,Pittsburgh,ACC,fbs,73.0,Youngstown State,MVFC,fcs,17.0,ESPN Bet,-29.5,Pittsburgh -29.5,-25.5,59.5,62.5,-3500.0,1500.0,
2139,401634247,2024,regular,4,2024-09-21T19:30:00.000Z,Pittsburgh,ACC,fbs,73.0,Youngstown State,MVFC,fcs,17.0,DraftKings,-27.0,Pittsburgh -27,,60.5,62.5,-3600.0,1500.0,
2140,401654470,2024,regular,4,2024-09-21T17:00:00.000Z,Dartmouth,Ivy,fcs,45.0,Fordham,Patriot,fcs,13.0,ESPN Bet,-8.0,Dartmouth -8,,50.5,,,,
2141,401636610,2024,regular,1,2024-08-31T23:00:00.000Z,Baylor,Big 12,fbs,45.0,Tarleton State,UAC,fcs,3.0,ESPN Bet,-33.5,Baylor -33.5,,53.5,,,,
2142,401654564,2024,regular,7,2024-10-12T19:00:00.000Z,South Dakota,MVFC,fcs,42.0,Northern Iowa,MVFC,fcs,17.0,ESPN Bet,-21.5,South Dakota -21.5,,49.5,,,,
2143,401634167,2024,regular,12,2024-11-16T18:00:00.000Z,Indiana State,MVFC,fcs,19.0,Illinois State,MVFC,fcs,31.0,ESPN Bet,14.5,Illinois State -14.5,,45.5,,,,
2144,401643744,2024,regular,9,2024-10-27T02:30:00.000Z,San Diego State,Mountain West,fbs,26.0,Washington State,Pac-12,fbs,29.0,Bovada,17.0,Washington State -17.0,14.5,56.5,57.0,430.0,-625.0,
2145,401643744,2024,regular,9,2024-10-27T02:30:00.000Z,San Diego State,Mountain West,fbs,26.0,Washington State,Pac-12,fbs,29.0,ESPN Bet,17.5,Washington State -17.5,14.5,56.5,55.5,550.0,-900.0,
2146,401643744,2024,regular,9,2024-10-27T02:30:00.000Z,San Diego State,Mountain West,fbs,26.0,Washington State,Pac-12,fbs,29.0,DraftKings,17.0,Washington State -17,14.5,57.0,,525.0,-750.0,
2147,401628624,2024,regular,4,2024-09-21T17:00:00.000Z,Merrimack,FCS Independents,fcs,15.0,Maine,CAA,fcs,26.0,ESPN Bet,-0.5,Merrimack -0.5,,48.5,,,,
2148,401654678,2024,regular,3,2024-09-14T18:00:00.000Z,Furman,Southern,fcs,48.0,Stetson,Pioneer,fcs,7.0,ESPN Bet,-30.5,Furman -30.5,,47.5,,,,
2149,401643720,2024,regular,5,2024-09-28T19:30:00.000Z,UNLV,Mountain West,fbs,59.0,Fresno State,Mountain West,fbs,14.0,DraftKings,-2.5,UNLV -2.5,-3.0,51.0,,-135.0,114.0,
2150,401643720,2024,regular,5,2024-09-28T19:30:00.000Z,UNLV,Mountain West,fbs,59.0,Fresno State,Mountain West,fbs,14.0,ESPN Bet,-2.5,UNLV -2.5,-3.5,49.5,51.5,-140.0,120.0,
2151,401643720,2024,regular,5,2024-09-28T19:30:00.000Z,UNLV,Mountain West,fbs,59.0,Fresno State,Mountain West,fbs,14.0,Bovada,-2.5,UNLV -2.5,-4.0,50.5,50.5,-135.0,115.0,
2152,401636885,2024,regular,5,2024-09-28T19:30:00.000Z,UCF,Big 12,fbs,21.0,Colorado,Big 12,fbs,48.0,DraftKings,-12.5,UCF -12.5,-11.0,60.5,,-455.0,350.0,
2153,401636885,2024,regular,5,2024-09-28T19:30:00.000Z,UCF,Big 12,fbs,21.0,Colorado,Big 12,fbs,48.0,ESPN Bet,-12.5,UCF -12.5,-14.0,59.5,63.5,-525.0,400.0,
2154,401636885,2024,regular,5,2024-09-28T19:30:00.000Z,UCF,Big 12,fbs,21.0,Colorado,Big 12,fbs,48.0,Bovada,-12.5,UCF -12.5,-15.0,60.5,63.5,-650.0,450.0,
2155,401643719,2024,regular,5,2024-09-29T02:00:00.000Z,Boise State,Mountain West,fbs,45.0,Washington State,Pac-12,fbs,24.0,DraftKings,-6.5,Boise State -6.5,-6.0,66.0,,-238.0,195.0,
2156,401643719,2024,regular,5,2024-09-29T02:00:00.000Z,Boise State,Mountain West,fbs,45.0,Washington State,Pac-12,fbs,24.0,ESPN Bet,-6.5,Boise State -6.5,-7.0,65.5,64.5,-230.0,195.0,
2157,401643719,2024,regular,5,2024-09-29T02:00:00.000Z,Boise State,Mountain West,fbs,45.0,Washington State,Pac-12,fbs,24.0,Bovada,-6.5,Boise State -6.5,-7.0,66.0,65.5,-285.0,235.0,
2158,401628689,2024,regular,12,2024-11-16T18:00:00.000Z,Rhode Island,CAA,fcs,20.0,UAlbany,CAA,fcs,17.0,ESPN Bet,-13.0,Rhode Island -13,,46.5,,,,
2159,401636877,2024,regular,4,2024-09-21T19:30:00.000Z,Texas Tech,Big 12,fbs,30.0,Arizona State,Big 12,fbs,22.0,DraftKings,-4.5,Texas Tech -4.5,,58.5,,-198.0,164.0,
2160,401636877,2024,regular,4,2024-09-21T19:30:00.000Z,Texas Tech,Big 12,fbs,30.0,Arizona State,Big 12,fbs,22.0,Bovada,-4.5,Texas Tech -4.5,-3.5,58.5,60.5,-200.0,170.0,
2161,401636877,2024,regular,4,2024-09-21T19:30:00.000Z,Texas Tech,Big 12,fbs,30.0,Arizona State,Big 12,fbs,22.0,ESPN Bet,-4.5,Texas Tech -4.5,-3.0,57.5,60.5,-200.0,170.0,
2162,401634246,2024,regular,3,2024-09-14T18:00:00.000Z,Youngstown State,MVFC,fcs,25.0,Duquesne,NEC,fcs,28.0,ESPN Bet,-17.5,Youngstown State -17.5,,55.5,,,,
2163,401654456,2024,regular,4,2024-09-21T17:00:00.000Z,Georgetown,Patriot,fcs,14.0,Brown,Ivy,fcs,26.0,ESPN Bet,3.0,Brown -3,,56.5,,,,
2164,401628523,2024,regular,8,2024-10-19T00:00:00.000Z,Purdue,Big Ten,fbs,0.0,Oregon,Big Ten,fbs,35.0,DraftKings,30.0,Oregon -30,29.5,61.0,,1800.0,-5000.0,
2165,401628523,2024,regular,8,2024-10-19T00:00:00.000Z,Purdue,Big Ten,fbs,0.0,Oregon,Big Ten,fbs,35.0,Bovada,29.5,Oregon -29.5,28.0,61.0,57.5,1600.0,-10000.0,
2166,401628523,2024,regular,8,2024-10-19T00:00:00.000Z,Purdue,Big Ten,fbs,0.0,Oregon,Big Ten,fbs,35.0,ESPN Bet,29.5,Oregon -29.5,28.0,60.5,58.5,1800.0,-4000.0,
2167,401677088,2024,postseason,1,2024-12-26T22:30:00.000Z,Kansas State,Big 12,fbs,44.0,Rutgers,Big Ten,fbs,41.0,ESPN Bet,-7.5,Kansas State -7.5,-7.0,51.5,51.5,-290.0,240.0,
2168,401677088,2024,postseason,1,2024-12-26T22:30:00.000Z,Kansas State,Big 12,fbs,44.0,Rutgers,Big Ten,fbs,41.0,Bovada,-7.0,Kansas State -7.0,-7.0,52.5,51.0,-260.0,215.0,
2169,401628629,2024,regular,4,2024-09-21T18:00:00.000Z,North Dakota State,MVFC,fcs,41.0,Towson,CAA,fcs,24.0,ESPN Bet,-25.0,North Dakota State -25,,53.5,,,,
2170,401634205,2024,regular,12,2024-11-16T18:00:00.000Z,North Dakota,MVFC,fcs,36.0,South Dakota,MVFC,fcs,42.0,ESPN Bet,14.0,South Dakota -14,,54.5,,,,
2171,401634199,2024,regular,3,2024-09-14T18:00:00.000Z,North Dakota,MVFC,fcs,52.0,Idaho State,Big Sky,fcs,28.0,ESPN Bet,-10.0,North Dakota -10,,57.5,,,,
2172,401643735,2024,regular,8,2024-10-19T02:30:00.000Z,Nevada,Mountain West,fbs,21.0,Fresno State,Mountain West,fbs,24.0,DraftKings,3.0,Fresno State -3,4.0,50.0,,120.0,-142.0,
2173,401643735,2024,regular,8,2024-10-19T02:30:00.000Z,Nevada,Mountain West,fbs,21.0,Fresno State,Mountain West,fbs,24.0,Bovada,3.0,Fresno State -3.0,3.0,50.0,51.0,125.0,-145.0,
2174,401643735,2024,regular,8,2024-10-19T02:30:00.000Z,Nevada,Mountain West,fbs,21.0,Fresno State,Mountain West,fbs,24.0,ESPN Bet,2.5,Fresno State -2.5,3.0,49.5,51.5,125.0,-145.0,
2175,401636898,2024,regular,8,2024-10-19T02:15:00.000Z,BYU,Big 12,fbs,38.0,Oklahoma State,Big 12,fbs,35.0,DraftKings,-8.5,BYU -8.5,-7.5,53.0,,-325.0,260.0,
2176,401636898,2024,regular,8,2024-10-19T02:15:00.000Z,BYU,Big 12,fbs,38.0,Oklahoma State,Big 12,fbs,35.0,Bovada,-8.5,BYU -8.5,-8.0,53.0,55.5,-350.0,275.0,
2177,401636898,2024,regular,8,2024-10-19T02:15:00.000Z,BYU,Big 12,fbs,38.0,Oklahoma State,Big 12,fbs,35.0,ESPN Bet,-7.5,BYU -7.5,-9.0,52.5,55.5,-320.0,260.0,
2178,401628527,2024,regular,9,2024-10-26T19:30:00.000Z,Iowa,Big Ten,fbs,40.0,Northwestern,Big Ten,fbs,14.0,Bovada,-16.5,Iowa -16.5,-14.0,38.5,38.0,-585.0,410.0,
2179,401628527,2024,regular,9,2024-10-26T19:30:00.000Z,Iowa,Big Ten,fbs,40.0,Northwestern,Big Ten,fbs,14.0,ESPN Bet,-16.5,Iowa -16.5,-13.5,37.5,37.5,-900.0,550.0,
2180,401628527,2024,regular,9,2024-10-26T19:30:00.000Z,Iowa,Big Ten,fbs,40.0,Northwestern,Big Ten,fbs,14.0,DraftKings,-16.5,Iowa -16.5,-14.0,38.0,,-850.0,575.0,
2181,401628363,2024,regular,4,2024-09-21T19:30:00.000Z,Auburn,SEC,fbs,14.0,Arkansas,SEC,fbs,24.0,DraftKings,-2.5,Auburn -2.5,,53.5,,-142.0,120.0,
2182,401628363,2024,regular,4,2024-09-21T19:30:00.000Z,Auburn,SEC,fbs,14.0,Arkansas,SEC,fbs,24.0,Bovada,-2.5,Auburn -2.5,-3.5,54.0,58.0,-135.0,115.0,
2183,401628363,2024,regular,4,2024-09-21T19:30:00.000Z,Auburn,SEC,fbs,14.0,Arkansas,SEC,fbs,24.0,ESPN Bet,-2.5,Auburn -2.5,-3.5,53.5,58.5,-140.0,120.0,
2184,401629034,2024,regular,8,2024-10-19T16:00:00.000Z,UConn,FBS Independents,fbs,20.0,Wake Forest,ACC,fbs,23.0,DraftKings,2.5,Wake Forest -2.5,3.5,55.5,,110.0,-130.0,
2185,401629034,2024,regular,8,2024-10-19T16:00:00.000Z,UConn,FBS Independents,fbs,20.0,Wake Forest,ACC,fbs,23.0,Bovada,2.5,Wake Forest -2.5,-2.0,55.5,58.0,-125.0,105.0,
2186,401629034,2024,regular,8,2024-10-19T16:00:00.000Z,UConn,FBS Independents,fbs,20.0,Wake Forest,ACC,fbs,23.0,ESPN Bet,2.5,Wake Forest -2.5,-2.0,56.5,57.5,115.0,-135.0,
2187,401645346,2024,regular,8,2024-10-19T16:00:00.000Z,Army,American Athletic,fbs,45.0,East Carolina,American Athletic,fbs,28.0,DraftKings,-17.5,Army -17.5,-13.5,54.0,,-900.0,600.0,
2188,401645346,2024,regular,8,2024-10-19T16:00:00.000Z,Army,American Athletic,fbs,45.0,East Carolina,American Athletic,fbs,28.0,Bovada,-17.5,Army -17.5,-17.0,54.5,51.5,-900.0,575.0,
2189,401645346,2024,regular,8,2024-10-19T16:00:00.000Z,Army,American Athletic,fbs,45.0,East Carolina,American Athletic,fbs,28.0,ESPN Bet,-18.5,Army -18.5,-17.0,54.5,51.5,-900.0,600.0,
2190,401654476,2024,regular,12,2024-11-16T18:00:00.000Z,Cornell,Ivy,fcs,39.0,Dartmouth,Ivy,fcs,22.0,ESPN Bet,9.5,Dartmouth -9.5,,54.5,,,,
2191,401629042,2024,regular,4,2024-09-21T19:30:00.000Z,Massachusetts,FBS Independents,fbs,35.0,Central Connecticut,NEC,fcs,31.0,DraftKings,-19.5,Massachusetts -19.5,,52.0,52.5,-1200.0,750.0,
2192,401629042,2024,regular,4,2024-09-21T19:30:00.000Z,Massachusetts,FBS Independents,fbs,35.0,Central Connecticut,NEC,fcs,31.0,ESPN Bet,-19.5,Massachusetts -19.5,-20.0,51.5,52.5,-1200.0,750.0,
2193,401655625,2024,regular,3,2024-09-14T19:00:00.000Z,Montana,Big Sky,fcs,59.0,Morehead State,Pioneer,fcs,2.0,ESPN Bet,-37.0,Montana -37,,50.5,,,,
2194,401643788,2024,regular,3,2024-09-12T23:30:00.000Z,South Alabama,Sun Belt,fbs,87.0,Northwestern State,Southland,fcs,10.0,ESPN Bet,-36.5,South Alabama -36.5,-38.0,60.5,60.5,-7500.0,2500.0,
2195,401636872,2024,regular,4,2024-09-22T02:30:00.000Z,BYU,Big 12,fbs,38.0,Kansas State,Big 12,fbs,9.0,DraftKings,7.5,Kansas State -7.5,,49.5,,220.0,-270.0,
2196,401636872,2024,regular,4,2024-09-22T02:30:00.000Z,BYU,Big 12,fbs,38.0,Kansas State,Big 12,fbs,9.0,Bovada,7.0,Kansas State -7.0,7.5,49.5,47.5,215.0,-260.0,
2197,401636872,2024,regular,4,2024-09-22T02:30:00.000Z,BYU,Big 12,fbs,38.0,Kansas State,Big 12,fbs,9.0,ESPN Bet,7.5,Kansas State -7.5,7.0,48.5,47.5,240.0,-290.0,
2198,401654563,2024,regular,4,2024-09-21T18:00:00.000Z,South Dakota,MVFC,fcs,42.0,Drake,Pioneer,fcs,3.0,ESPN Bet,-28.0,South Dakota -28,,50.5,,,,
2199,401628325,2024,regular,1,2024-08-31T23:00:00.000Z,Ole Miss,SEC,fbs,76.0,Furman,Southern,fcs,0.0,ESPN Bet,-45.5,Ole Miss -45.5,,58.5,,,,
2200,401636379,2024,regular,12,2024-11-16T18:00:00.000Z,Florida A&M,SWAC,fcs,21.0,Mississippi Valley State,SWAC,fcs,24.0,ESPN Bet,-31.0,Florida A&M -31,,48.5,,,,
2201,401644734,2024,regular,3,2024-09-14T19:30:00.000Z,Ohio,Mid-American,fbs,21.0,Morgan State,MEAC,fcs,6.0,DraftKings,,,,,,-8000.0,2200.0,
2202,401644734,2024,regular,3,2024-09-14T19:30:00.000Z,Ohio,Mid-American,fbs,21.0,Morgan State,MEAC,fcs,6.0,ESPN Bet,-24.5,Ohio -24.5,-24.5,45.5,46.5,-3500.0,1500.0,
2203,401654498,2024,regular,3,2024-09-14T19:00:00.000Z,Delaware State,MEAC,fcs,7.0,Wagner,NEC,fcs,30.0,ESPN Bet,-9.5,Delaware State -9.5,,49.5,,,,
2204,401643711,2024,regular,4,2024-09-22T00:30:00.000Z,New Mexico,Mountain West,fbs,21.0,Fresno State,Mountain West,fbs,38.0,DraftKings,12.0,Fresno State -12,,61.0,,370.0,-485.0,
2205,401643711,2024,regular,4,2024-09-22T00:30:00.000Z,New Mexico,Mountain West,fbs,21.0,Fresno State,Mountain West,fbs,38.0,Bovada,13.5,Fresno State -13.5,15.0,60.0,61.5,425.0,-600.0,
2206,401643711,2024,regular,4,2024-09-22T00:30:00.000Z,New Mexico,Mountain West,fbs,21.0,Fresno State,Mountain West,fbs,38.0,ESPN Bet,11.5,Fresno State -11.5,15.5,62.5,61.5,380.0,-500.0,
2207,401655634,2024,regular,4,2024-09-21T18:00:00.000Z,Lindenwood,Big South-OVC,fcs,64.0,St. Thomas (MN),Pioneer,fcs,0.0,ESPN Bet,-4.5,Lindenwood -4.5,,47.5,,,,
2208,401644686,2024,regular,8,2024-10-19T19:30:00.000Z,Miami (OH),Mid-American,fbs,30.0,Ohio,Mid-American,fbs,20.0,DraftKings,-3.5,Miami (OH) -3.5,-4.0,43.5,,-166.0,140.0,
2209,401644686,2024,regular,8,2024-10-19T19:30:00.000Z,Miami (OH),Mid-American,fbs,30.0,Ohio,Mid-American,fbs,20.0,Bovada,-3.5,Miami (OH) -3.5,-4.0,43.5,44.0,-185.0,160.0,
2210,401644686,2024,regular,8,2024-10-19T19:30:00.000Z,Miami (OH),Mid-American,fbs,30.0,Ohio,Mid-American,fbs,20.0,ESPN Bet,-3.5,Miami (OH) -3.5,-3.5,42.5,43.5,-175.0,150.0,
2211,401643812,2024,regular,8,2024-10-19T20:00:00.000Z,Georgia Southern,Sun Belt,fbs,28.0,James Madison,Sun Belt,fbs,14.0,DraftKings,9.5,James Madison -9.5,6.5,58.5,,275.0,-345.0,
2212,401643812,2024,regular,8,2024-10-19T20:00:00.000Z,Georgia Southern,Sun Belt,fbs,28.0,James Madison,Sun Belt,fbs,14.0,Bovada,10.0,James Madison -10.0,10.0,58.5,59.5,305.0,-410.0,
2213,401643812,2024,regular,8,2024-10-19T20:00:00.000Z,Georgia Southern,Sun Belt,fbs,28.0,James Madison,Sun Belt,fbs,14.0,ESPN Bet,8.5,James Madison -8.5,10.0,57.5,59.5,290.0,-360.0,
2214,401645330,2024,regular,4,2024-09-21T19:30:00.000Z,UTSA,American Athletic,fbs,45.0,Houston Christian,Southland,fcs,7.0,DraftKings,-35.5,UTSA -35.5,-35.5,54.5,,,,
2215,401645330,2024,regular,4,2024-09-21T19:30:00.000Z,UTSA,American Athletic,fbs,45.0,Houston Christian,Southland,fcs,7.0,ESPN Bet,-36.5,UTSA -36.5,-35.5,55.5,55.5,-20000.0,4000.0,
2216,401654565,2024,regular,1,2024-08-31T23:00:00.000Z,Prairie View A&M,SWAC,fcs,9.0,Texas Southern,SWAC,fcs,27.0,ESPN Bet,-1.5,Prairie View A&M -1.5,,55.5,,,,
2217,401634157,2024,regular,12,2024-11-16T18:30:00.000Z,Wofford,Southern,fcs,17.0,The Citadel,Southern,fcs,30.0,ESPN Bet,-6.5,Wofford -6.5,,38.5,,,,
2218,401628365,2024,regular,4,2024-09-21T19:30:00.000Z,LSU,SEC,fbs,34.0,UCLA,Big Ten,fbs,17.0,DraftKings,-21.5,LSU -21.5,,56.5,,-1800.0,1000.0,
2219,401628365,2024,regular,4,2024-09-21T19:30:00.000Z,LSU,SEC,fbs,34.0,UCLA,Big Ten,fbs,17.0,ESPN Bet,-21.5,LSU -21.5,-22.5,56.5,56.5,-2500.0,1200.0,
2220,401628365,2024,regular,4,2024-09-21T19:30:00.000Z,LSU,SEC,fbs,34.0,UCLA,Big Ten,fbs,17.0,Bovada,-21.5,LSU -21.5,-23.0,56.5,56.5,-2200.0,1000.0,
2221,401677076,2024,postseason,1,2024-12-14T17:00:00.000Z,South Carolina State,MEAC,fcs,7.0,Jackson State,SWAC,fcs,28.0,ESPN Bet,-3.5,South Carolina State -3.5,1.5,54.5,54.5,,,
2222,401636874,2024,regular,4,2024-09-22T00:00:00.000Z,Colorado,Big 12,fbs,38.0,Baylor,Big 12,fbs,31.0,DraftKings,-2.5,Colorado -2.5,,52.5,,-135.0,114.0,
2223,401636874,2024,regular,4,2024-09-22T00:00:00.000Z,Colorado,Big 12,fbs,38.0,Baylor,Big 12,fbs,31.0,Bovada,-2.0,Colorado -2.0,-1.0,51.5,54.0,-125.0,105.0,
2224,401636874,2024,regular,4,2024-09-22T00:00:00.000Z,Colorado,Big 12,fbs,38.0,Baylor,Big 12,fbs,31.0,ESPN Bet,-2.5,Colorado -2.5,-1.5,54.5,54.5,-130.0,110.0,
2225,401634200,2024,regular,4,2024-09-21T18:00:00.000Z,North Dakota,MVFC,fcs,41.0,San Diego,Pioneer,fcs,24.0,ESPN Bet,-27.5,North Dakota -27.5,,50.5,,,,
2226,401644733,2024,regular,3,2024-09-14T22:00:00.000Z,Akron,Mid-American,fbs,31.0,Colgate,Patriot,fcs,20.0,DraftKings,,,,,,-535.0,400.0,
2227,401644733,2024,regular,3,2024-09-14T22:00:00.000Z,Akron,Mid-American,fbs,31.0,Colgate,Patriot,fcs,20.0,ESPN Bet,-13.5,Akron -13.5,-14.5,48.5,45.5,-600.0,450.0,
2228,401628607,2024,regular,3,2024-09-14T19:30:00.000Z,Maine,CAA,fcs,22.0,Monmouth,CAA,fcs,51.0,ESPN Bet,-2.5,Maine -2.5,,55.5,,,,
2229,401645351,2024,regular,8,2024-10-19T18:00:00.000Z,Temple,American Athletic,fbs,20.0,Tulsa,American Athletic,fbs,10.0,DraftKings,-3.5,Temple -3.5,0.0,51.5,,-155.0,130.0,
2230,401645351,2024,regular,8,2024-10-19T18:00:00.000Z,Temple,American Athletic,fbs,20.0,Tulsa,American Athletic,fbs,10.0,Bovada,-3.0,Temple -3.0,-3.0,51.0,52.0,-140.0,120.0,
2231,401645351,2024,regular,8,2024-10-19T18:00:00.000Z,Temple,American Athletic,fbs,20.0,Tulsa,American Athletic,fbs,10.0,ESPN Bet,-2.5,Temple -2.5,-2.5,51.5,52.5,-155.0,135.0,
2232,401628321,2024,regular,1,2024-08-31T23:30:00.000Z,Auburn,SEC,fbs,73.0,Alabama A&M,SWAC,fcs,3.0,ESPN Bet,-48.5,Auburn -48.5,,58.5,,,,
2233,401634007,2024,regular,12,2024-11-16T18:00:00.000Z,Eastern Illinois,Big South-OVC,fcs,16.0,Charleston Southern,Big South-OVC,fcs,13.0,ESPN Bet,-5.0,Eastern Illinois -5,,47.5,,,,
2234,401645327,2024,regular,3,2024-09-14T22:00:00.000Z,Charlotte,American Athletic,fbs,27.0,Gardner-Webb,Big South-OVC,fcs,26.0,DraftKings,,,,,,-650.0,470.0,
2235,401645327,2024,regular,3,2024-09-14T22:00:00.000Z,Charlotte,American Athletic,fbs,27.0,Gardner-Webb,Big South-OVC,fcs,26.0,ESPN Bet,-14.0,Charlotte -14,-11.5,46.5,48.5,-700.0,500.0,
2236,401628610,2024,regular,3,2024-09-14T19:30:00.000Z,Villanova,CAA,fcs,14.0,Towson,CAA,fcs,13.0,ESPN Bet,-19.5,Villanova -19.5,,50.5,,,,
2237,401637162,2024,regular,4,2024-09-22T01:45:00.000Z,Boise State,Mountain West,fbs,56.0,Portland State,Big Sky,fcs,14.0,DraftKings,-43.0,Boise State -43,-41.5,69.5,,,,
2238,401637162,2024,regular,4,2024-09-22T01:45:00.000Z,Boise State,Mountain West,fbs,56.0,Portland State,Big Sky,fcs,14.0,ESPN Bet,-42.5,Boise State -42.5,-41.5,69.5,69.5,,,
2239,401654636,2024,regular,4,2024-09-21T18:00:00.000Z,Holy Cross,Patriot,fcs,31.0,Yale,Ivy,fcs,38.0,ESPN Bet,-2.5,Holy Cross -2.5,,50.5,,,,
2240,401644749,2024,regular,8,2024-10-19T19:30:00.000Z,Buffalo,Mid-American,fbs,41.0,Western Michigan,Mid-American,fbs,48.0,DraftKings,1.0,Western Michigan -1,1.0,49.5,,-105.0,-115.0,
2241,401644749,2024,regular,8,2024-10-19T19:30:00.000Z,Buffalo,Mid-American,fbs,41.0,Western Michigan,Mid-American,fbs,48.0,Bovada,1.5,Western Michigan -1.5,-1.5,49.5,49.5,-120.0,100.0,
2242,401644749,2024,regular,8,2024-10-19T19:30:00.000Z,Buffalo,Mid-American,fbs,41.0,Western Michigan,Mid-American,fbs,48.0,ESPN Bet,1.5,Western Michigan -1.5,-1.5,48.5,49.5,-105.0,-120.0,
2243,401638349,2024,regular,12,2024-11-16T18:00:00.000Z,Western Carolina,Southern,fcs,58.0,VMI,Southern,fcs,28.0,ESPN Bet,-24.5,Western Carolina -24.5,,54.5,,,,
2244,401643712,2024,regular,4,2024-09-22T03:59:00.000Z,Hawai'i,Mountain West,fbs,36.0,Northern Iowa,MVFC,fcs,7.0,DraftKings,-10.0,Hawai'i -10,-8.5,46.0,,-380.0,300.0,
2245,401643712,2024,regular,4,2024-09-22T03:59:00.000Z,Hawai'i,Mountain West,fbs,36.0,Northern Iowa,MVFC,fcs,7.0,ESPN Bet,-10.5,Hawai'i -10.5,-7.5,46.5,48.5,-380.0,300.0,
2246,401633980,2024,regular,4,2024-09-21T18:30:00.000Z,Tennessee Tech,Big South-OVC,fcs,24.0,Tennessee State,Big South-OVC,fcs,14.0,ESPN Bet,-6.5,Tennessee Tech -6.5,,54.5,,,,
2247,401643787,2024,regular,3,2024-09-14T22:00:00.000Z,Georgia Southern,Sun Belt,fbs,42.0,South Carolina State,MEAC,fcs,14.0,DraftKings,,,,,,-5000.0,1800.0,
2248,401643787,2024,regular,3,2024-09-14T22:00:00.000Z,Georgia Southern,Sun Belt,fbs,42.0,South Carolina State,MEAC,fcs,14.0,ESPN Bet,-27.5,Georgia Southern -27.5,-27.5,52.5,55.5,-3500.0,1500.0,
2249,401628613,2024,regular,3,2024-09-14T20:00:00.000Z,Norfolk State,MEAC,fcs,7.0,Hampton,CAA,fcs,37.0,ESPN Bet,-2.5,Norfolk State -2.5,,50.5,,,,
2250,401643743,2024,regular,9,2024-10-27T03:59:00.000Z,Hawai'i,Mountain West,fbs,34.0,Nevada,Mountain West,fbs,13.0,Bovada,-2.5,Hawai'i -2.5,2.5,42.0,47.5,110.0,-130.0,
2251,401643743,2024,regular,9,2024-10-27T03:59:00.000Z,Hawai'i,Mountain West,fbs,34.0,Nevada,Mountain West,fbs,13.0,ESPN Bet,-1.5,Hawai'i -1.5,2.5,41.5,47.5,-135.0,115.0,
2252,401643743,2024,regular,9,2024-10-27T03:59:00.000Z,Hawai'i,Mountain West,fbs,34.0,Nevada,Mountain West,fbs,13.0,DraftKings,-2.5,Hawai'i -2.5,2.5,42.0,,-130.0,110.0,
2253,401643813,2024,regular,8,2024-10-19T19:30:00.000Z,Old Dominion,Sun Belt,fbs,24.0,Texas State,Sun Belt,fbs,14.0,DraftKings,10.5,Texas State -10.5,7.5,60.0,,300.0,-380.0,
2254,401643813,2024,regular,8,2024-10-19T19:30:00.000Z,Old Dominion,Sun Belt,fbs,24.0,Texas State,Sun Belt,fbs,14.0,Bovada,10.5,Texas State -10.5,10.0,60.5,62.5,305.0,-410.0,
2255,401643813,2024,regular,8,2024-10-19T19:30:00.000Z,Old Dominion,Sun Belt,fbs,24.0,Texas State,Sun Belt,fbs,14.0,ESPN Bet,10.5,Texas State -10.5,10.0,59.5,62.5,300.0,-380.0,
2256,401645347,2024,regular,8,2024-10-19T19:30:00.000Z,Navy,American Athletic,fbs,51.0,Charlotte,American Athletic,fbs,17.0,DraftKings,-16.5,Navy -16.5,-16.5,57.5,,-700.0,500.0,
2257,401645347,2024,regular,8,2024-10-19T19:30:00.000Z,Navy,American Athletic,fbs,51.0,Charlotte,American Athletic,fbs,17.0,Bovada,-16.5,Navy -16.5,-17.0,57.5,56.0,-900.0,575.0,
2258,401645347,2024,regular,8,2024-10-19T19:30:00.000Z,Navy,American Athletic,fbs,51.0,Charlotte,American Athletic,fbs,17.0,ESPN Bet,-16.5,Navy -16.5,-17.0,57.5,56.5,-900.0,600.0,
2259,401643717,2024,regular,4,2024-09-22T00:30:00.000Z,Oregon State,Pac-12,fbs,38.0,Purdue,Big Ten,fbs,21.0,DraftKings,-1.5,Oregon State -1.5,,51.0,,-118.0,-102.0,
2260,401643717,2024,regular,4,2024-09-22T00:30:00.000Z,Oregon State,Pac-12,fbs,38.0,Purdue,Big Ten,fbs,21.0,Bovada,-2.5,Oregon State -2.5,-6.0,50.5,50.5,-130.0,110.0,
2261,401643717,2024,regular,4,2024-09-22T00:30:00.000Z,Oregon State,Pac-12,fbs,38.0,Purdue,Big Ten,fbs,21.0,ESPN Bet,-1.5,Oregon State -1.5,-5.5,49.5,50.5,-125.0,105.0,
2262,401636613,2024,regular,1,2024-08-31T23:30:00.000Z,Texas Tech,Big 12,fbs,52.0,Abilene Christian,UAC,fcs,51.0,ESPN Bet,-34.5,Texas Tech -34.5,,58.5,,,,
2263,401632468,2024,regular,12,2024-11-16T18:30:00.000Z,Chattanooga,Southern,fcs,13.0,Samford,Southern,fcs,36.0,ESPN Bet,-16.5,Chattanooga -16.5,,49.5,,,,
2264,401628372,2024,regular,4,2024-09-21T23:30:00.000Z,Texas A&M,SEC,fbs,26.0,Bowling Green,Mid-American,fbs,20.0,DraftKings,-21.0,Texas A&M -21,,50.5,,-1450.0,850.0,
2265,401628372,2024,regular,4,2024-09-21T23:30:00.000Z,Texas A&M,SEC,fbs,26.0,Bowling Green,Mid-American,fbs,20.0,Bovada,-21.5,Texas A&M -21.5,-23.0,50.5,52.5,-2200.0,1000.0,
2266,401628372,2024,regular,4,2024-09-21T23:30:00.000Z,Texas A&M,SEC,fbs,26.0,Bowling Green,Mid-American,fbs,20.0,ESPN Bet,-21.0,Texas A&M -21,-23.0,50.5,52.5,-1400.0,800.0,
2267,401654603,2024,regular,3,2024-09-14T20:00:00.000Z,Northern Colorado,Big Sky,fcs,22.0,Abilene Christian,UAC,fcs,24.0,ESPN Bet,14.5,Abilene Christian -14.5,,54.5,,,,
2268,401645355,2024,regular,9,2024-10-26T19:30:00.000Z,Tulsa,American Athletic,fbs,46.0,UTSA,American Athletic,fbs,45.0,ESPN Bet,9.5,UTSA -9.5,8.0,52.5,55.5,280.0,-360.0,
2269,401645355,2024,regular,9,2024-10-26T19:30:00.000Z,Tulsa,American Athletic,fbs,46.0,UTSA,American Athletic,fbs,45.0,Bovada,9.5,UTSA -9.5,8.0,52.5,55.5,260.0,-320.0,
2270,401645355,2024,regular,9,2024-10-26T19:30:00.000Z,Tulsa,American Athletic,fbs,46.0,UTSA,American Athletic,fbs,45.0,DraftKings,9.5,UTSA -9.5,7.0,53.0,,280.0,-355.0,
2271,401677764,2024,regular,4,2024-09-21T19:05:00.000Z,Montana State,Big Sky,fcs,52.0,Mercyhurst,NEC,fcs,13.0,ESPN Bet,-49.5,Montana State -49.5,,59.5,,,,
2272,401643811,2024,regular,8,2024-10-19T16:00:00.000Z,Coastal Carolina,Sun Belt,fbs,24.0,Louisiana,Sun Belt,fbs,34.0,DraftKings,6.0,Louisiana -6,3.0,57.0,,190.0,-230.0,
2273,401643811,2024,regular,8,2024-10-19T16:00:00.000Z,Coastal Carolina,Sun Belt,fbs,24.0,Louisiana,Sun Belt,fbs,34.0,Bovada,6.5,Louisiana -6.5,3.5,57.0,56.5,,,
2274,401643811,2024,regular,8,2024-10-19T16:00:00.000Z,Coastal Carolina,Sun Belt,fbs,24.0,Louisiana,Sun Belt,fbs,34.0,ESPN Bet,6.5,Louisiana -6.5,4.0,56.5,55.5,195.0,-230.0,
2275,401644750,2024,regular,8,2024-10-19T18:00:00.000Z,Eastern Michigan,Mid-American,fbs,38.0,Central Michigan,Mid-American,fbs,34.0,DraftKings,-3.5,Eastern Michigan -3.5,-1.5,52.5,,-148.0,124.0,
2276,401644750,2024,regular,8,2024-10-19T18:00:00.000Z,Eastern Michigan,Mid-American,fbs,38.0,Central Michigan,Mid-American,fbs,34.0,Bovada,-3.5,Eastern Michigan -3.5,-2.0,52.0,54.5,-125.0,105.0,
2277,401644750,2024,regular,8,2024-10-19T18:00:00.000Z,Eastern Michigan,Mid-American,fbs,38.0,Central Michigan,Mid-American,fbs,34.0,ESPN Bet,-3.5,Eastern Michigan -3.5,-1.5,52.5,54.5,-165.0,140.0,
2278,401634008,2024,regular,12,2024-11-16T18:30:00.000Z,Gardner-Webb,Big South-OVC,fcs,20.0,Tennessee State,Big South-OVC,fcs,23.0,ESPN Bet,-2.0,Gardner-Webb -2,,51.5,,,,
2279,401641037,2024,regular,4,2024-09-21T23:00:00.000Z,Western Kentucky,Conference USA,fbs,26.0,Toledo,Mid-American,fbs,21.0,DraftKings,2.0,Toledo -2,,60.5,,102.0,-122.0,
2280,401641037,2024,regular,4,2024-09-21T23:00:00.000Z,Western Kentucky,Conference USA,fbs,26.0,Toledo,Mid-American,fbs,21.0,Bovada,2.5,Toledo -2.5,1.0,61.0,59.0,110.0,-130.0,
2281,401641037,2024,regular,4,2024-09-21T23:00:00.000Z,Western Kentucky,Conference USA,fbs,26.0,Toledo,Mid-American,fbs,21.0,ESPN Bet,2.5,Toledo -2.5,-1.0,60.5,58.5,115.0,-135.0,
2282,401628617,2024,regular,3,2024-09-14T20:00:00.000Z,Idaho,Big Sky,fcs,41.0,UAlbany,CAA,fcs,13.0,ESPN Bet,-15.0,Idaho -15,,43.5,,,,
2283,401635543,2024,regular,3,2024-09-14T19:30:00.000Z,Georgia Tech,ACC,fbs,59.0,VMI,Southern,fcs,7.0,ESPN Bet,-42.5,Georgia Tech -42.5,-43.0,53.5,56.5,,,
2284,401654606,2024,regular,4,2024-09-21T20:00:00.000Z,Wagner,NEC,fcs,14.0,Robert Morris,NEC,fcs,21.0,ESPN Bet,6.5,Robert Morris -6.5,,51.5,,,,
2285,401636902,2024,regular,8,2024-10-19T20:00:00.000Z,Texas Tech,Big 12,fbs,35.0,Baylor,Big 12,fbs,59.0,DraftKings,-4.5,Texas Tech -4.5,-7.5,56.0,,-185.0,154.0,
2286,401636902,2024,regular,8,2024-10-19T20:00:00.000Z,Texas Tech,Big 12,fbs,35.0,Baylor,Big 12,fbs,59.0,Bovada,-4.5,Texas Tech -4.5,-6.5,56.0,57.5,-240.0,200.0,
2287,401636902,2024,regular,8,2024-10-19T20:00:00.000Z,Texas Tech,Big 12,fbs,35.0,Baylor,Big 12,fbs,59.0,ESPN Bet,-4.5,Texas Tech -4.5,-6.5,55.5,57.5,-185.0,155.0,
2288,401645349,2024,regular,8,2024-10-19T23:30:00.000Z,Memphis,American Athletic,fbs,52.0,North Texas,American Athletic,fbs,44.0,DraftKings,-10.5,Memphis -10.5,-12.5,67.5,,-395.0,310.0,
2289,401645349,2024,regular,8,2024-10-19T23:30:00.000Z,Memphis,American Athletic,fbs,52.0,North Texas,American Athletic,fbs,44.0,Bovada,-10.5,Memphis -10.5,-10.5,67.5,66.5,,310.0,
2290,401645349,2024,regular,8,2024-10-19T23:30:00.000Z,Memphis,American Athletic,fbs,52.0,North Texas,American Athletic,fbs,44.0,ESPN Bet,-10.5,Memphis -10.5,-10.5,67.5,66.5,-400.0,320.0,
2291,401654557,2024,regular,1,2024-09-01T00:00:00.000Z,McNeese,Southland,fcs,21.0,Southern,SWAC,fcs,7.0,ESPN Bet,-8.0,McNeese -8,,49.5,,,,
2292,401655626,2024,regular,4,2024-09-21T19:00:00.000Z,Montana,Big Sky,fcs,46.0,Western Carolina,Southern,fcs,35.0,ESPN Bet,-18.5,Montana -18.5,,57.5,,,,
2293,401628687,2024,regular,12,2024-11-16T19:00:00.000Z,Elon,CAA,fcs,31.0,Maine,CAA,fcs,25.0,ESPN Bet,-4.0,Elon -4,,51.5,,,,
2294,401636364,2024,regular,3,2024-09-14T22:30:00.000Z,Western Michigan,Mid-American,fbs,59.0,Bethune-Cookman,SWAC,fcs,31.0,ESPN Bet,-33.5,Western Michigan -33.5,-33.0,54.5,51.5,-15000.0,3500.0,
2295,401634135,2024,regular,3,2024-09-14T21:30:00.000Z,East Tennessee State,Southern,fcs,35.0,North Dakota State,MVFC,fcs,38.0,ESPN Bet,27.0,North Dakota State -27,,53.5,,,,
2296,401635545,2024,regular,3,2024-09-14T22:00:00.000Z,North Carolina,ACC,fbs,45.0,North Carolina Central,MEAC,fcs,10.0,ESPN Bet,-37.5,North Carolina -37.5,-37.5,57.5,55.5,,,
2297,401628480,2024,regular,3,2024-09-14T19:30:00.000Z,Michigan State,Big Ten,fbs,40.0,Prairie View A&M,SWAC,fcs,0.0,ESPN Bet,-42.5,Michigan State -42.5,-40.5,53.5,50.5,,,
2298,401628482,2024,regular,3,2024-09-14T23:30:00.000Z,Nebraska,Big Ten,fbs,34.0,Northern Iowa,MVFC,fcs,3.0,ESPN Bet,-30.5,Nebraska -30.5,-32.5,49.5,47.5,-7500.0,2500.0,
2299,401628482,2024,regular,3,2024-09-14T23:30:00.000Z,Nebraska,Big Ten,fbs,34.0,Northern Iowa,MVFC,fcs,3.0,DraftKings,,,,,,-100000.0,5000.0,
2300,401644748,2024,regular,8,2024-10-19T19:30:00.000Z,Bowling Green,Mid-American,fbs,27.0,Kent State,Mid-American,fbs,6.0,DraftKings,-24.0,Bowling Green -24,-24.5,54.5,,-2400.0,1200.0,
2301,401644748,2024,regular,8,2024-10-19T19:30:00.000Z,Bowling Green,Mid-American,fbs,27.0,Kent State,Mid-American,fbs,6.0,Bovada,-24.0,Bowling Green -24.0,-21.0,54.5,56.0,-1600.0,800.0,
2302,401644748,2024,regular,8,2024-10-19T19:30:00.000Z,Bowling Green,Mid-American,fbs,27.0,Kent State,Mid-American,fbs,6.0,ESPN Bet,-23.5,Bowling Green -23.5,-20.5,54.5,56.5,-1600.0,900.0,
2303,401645345,2024,regular,8,2024-10-19T19:30:00.000Z,South Florida,American Athletic,fbs,35.0,UAB,American Athletic,fbs,25.0,DraftKings,-14.0,South Florida -14,-16.0,55.5,,-550.0,410.0,
2304,401645345,2024,regular,8,2024-10-19T19:30:00.000Z,South Florida,American Athletic,fbs,35.0,UAB,American Athletic,fbs,25.0,ESPN Bet,-14.5,South Florida -14.5,-14.0,56.5,57.5,-550.0,425.0,
2305,401645345,2024,regular,8,2024-10-19T19:30:00.000Z,South Florida,American Athletic,fbs,35.0,UAB,American Athletic,fbs,25.0,Bovada,-14.0,South Florida -14.0,-13.5,55.5,58.0,-585.0,410.0,
2306,401644751,2024,regular,8,2024-10-19T19:30:00.000Z,Northern Illinois,Mid-American,fbs,6.0,Toledo,Mid-American,fbs,13.0,DraftKings,-3.0,Northern Illinois -3,-1.0,42.5,,-155.0,130.0,
2307,401644751,2024,regular,8,2024-10-19T19:30:00.000Z,Northern Illinois,Mid-American,fbs,6.0,Toledo,Mid-American,fbs,13.0,Bovada,-3.0,Northern Illinois -3.0,-2.5,43.0,45.5,-140.0,120.0,
2308,401644751,2024,regular,8,2024-10-19T19:30:00.000Z,Northern Illinois,Mid-American,fbs,6.0,Toledo,Mid-American,fbs,13.0,ESPN Bet,-3.5,Northern Illinois -3.5,-2.5,42.5,45.5,-150.0,130.0,
2309,401644754,2024,regular,9,2024-10-26T19:30:00.000Z,Toledo,Mid-American,fbs,26.0,Bowling Green,Mid-American,fbs,41.0,ESPN Bet,-1.5,Toledo -1.5,-3.0,47.5,47.5,-130.0,110.0,
2310,401644754,2024,regular,9,2024-10-26T19:30:00.000Z,Toledo,Mid-American,fbs,26.0,Bowling Green,Mid-American,fbs,41.0,Bovada,-2.5,Toledo -2.5,-2.5,48.0,49.0,-145.0,125.0,
2311,401644754,2024,regular,9,2024-10-26T19:30:00.000Z,Toledo,Mid-American,fbs,26.0,Bowling Green,Mid-American,fbs,41.0,DraftKings,-2.0,Toledo -2,-3.5,48.0,,-125.0,105.0,
2312,401635555,2024,regular,4,2024-09-21T23:00:00.000Z,South Florida,American Athletic,fbs,15.0,Miami,ACC,fbs,50.0,DraftKings,17.0,Miami -17,,64.5,,600.0,-900.0,
2313,401635555,2024,regular,4,2024-09-21T23:00:00.000Z,South Florida,American Athletic,fbs,15.0,Miami,ACC,fbs,50.0,Bovada,16.5,Miami -16.5,17.5,64.5,65.0,575.0,-900.0,
2314,401635555,2024,regular,4,2024-09-21T23:00:00.000Z,South Florida,American Athletic,fbs,15.0,Miami,ACC,fbs,50.0,ESPN Bet,15.5,Miami -15.5,17.5,63.5,65.5,600.0,-900.0,
2315,401641032,2024,regular,1,2024-09-01T01:00:00.000Z,New Mexico State,Conference USA,fbs,23.0,Southeast Missouri State,Big South-OVC,fcs,16.0,ESPN Bet,-9.5,New Mexico State -9.5,,52.5,,,,
2316,401643737,2024,regular,8,2024-10-19T20:00:00.000Z,Utah State,Mountain West,fbs,45.0,New Mexico,Mountain West,fbs,50.0,DraftKings,1.0,New Mexico -1,2.5,78.5,,-108.0,-112.0,
2317,401643737,2024,regular,8,2024-10-19T20:00:00.000Z,Utah State,Mountain West,fbs,45.0,New Mexico,Mountain West,fbs,50.0,ESPN Bet,0.5,New Mexico -0.5,2.5,77.5,78.5,-110.0,-110.0,
2318,401643737,2024,regular,8,2024-10-19T20:00:00.000Z,Utah State,Mountain West,fbs,45.0,New Mexico,Mountain West,fbs,50.0,Bovada,1.0,New Mexico -1.0,2.5,78.5,78.0,,-125.0,
2319,401634036,2024,regular,12,2024-11-16T19:00:00.000Z,Northwestern State,Southland,fcs,3.0,McNeese,Southland,fcs,35.0,ESPN Bet,25.5,McNeese -25.5,,51.5,,,,
2320,401628611,2024,regular,3,2024-09-14T22:00:00.000Z,Wofford,Southern,fcs,21.0,William & Mary,CAA,fcs,28.0,ESPN Bet,9.5,William & Mary -9.5,,45.5,,,,
2321,401643716,2024,regular,4,2024-09-21T23:00:00.000Z,North Texas,American Athletic,fbs,44.0,Wyoming,Mountain West,fbs,17.0,DraftKings,-7.0,North Texas -7,,55.0,,-250.0,205.0,
2322,401643716,2024,regular,4,2024-09-21T23:00:00.000Z,North Texas,American Athletic,fbs,44.0,Wyoming,Mountain West,fbs,17.0,Bovada,-6.5,North Texas -6.5,-9.0,55.0,55.5,-270.0,220.0,
2323,401643716,2024,regular,4,2024-09-21T23:00:00.000Z,North Texas,American Athletic,fbs,44.0,Wyoming,Mountain West,fbs,17.0,ESPN Bet,-7.5,North Texas -7.5,-9.5,55.5,56.5,-250.0,210.0,
2324,401654586,2024,regular,4,2024-09-21T20:00:00.000Z,Nicholls,Southland,fcs,66.0,Mississippi Valley State,SWAC,fcs,0.0,ESPN Bet,-30.0,Nicholls -30,,48.5,,,,
2325,401634180,2024,regular,1,2024-09-01T01:00:00.000Z,Montana,Big Sky,fcs,29.0,Missouri State,MVFC,fcs,24.0,ESPN Bet,-13.5,Montana -13.5,,54.5,,,,
2326,401634126,2024,regular,12,2024-11-16T19:00:00.000Z,Northern Colorado,Big Sky,fcs,3.0,Northern Arizona,Big Sky,fcs,44.0,ESPN Bet,19.5,Northern Arizona -19.5,,42.5,,,,
2327,401636903,2024,regular,8,2024-10-20T02:30:00.000Z,Utah,Big 12,fbs,7.0,TCU,Big 12,fbs,13.0,DraftKings,-3.0,Utah -3,-7.5,52.0,,-155.0,130.0,
2328,401636903,2024,regular,8,2024-10-20T02:30:00.000Z,Utah,Big 12,fbs,7.0,TCU,Big 12,fbs,13.0,Bovada,-3.0,Utah -3.0,-6.5,51.5,52.0,-185.0,160.0,
2329,401636903,2024,regular,8,2024-10-20T02:30:00.000Z,Utah,Big 12,fbs,7.0,TCU,Big 12,fbs,13.0,ESPN Bet,-5.5,Utah -5.5,-7.0,51.5,51.5,-155.0,135.0,
2330,401635551,2024,regular,4,2024-09-21T23:00:00.000Z,Florida State,ACC,fbs,14.0,California,ACC,fbs,9.0,DraftKings,-3.0,Florida State -3,,44.0,,-142.0,120.0,
2331,401635551,2024,regular,4,2024-09-21T23:00:00.000Z,Florida State,ACC,fbs,14.0,California,ACC,fbs,9.0,Bovada,-3.0,Florida State -3.0,-2.5,44.5,45.0,-145.0,125.0,
2332,401635551,2024,regular,4,2024-09-21T23:00:00.000Z,Florida State,ACC,fbs,14.0,California,ACC,fbs,9.0,ESPN Bet,-2.5,Florida State -2.5,-2.0,44.5,44.5,-145.0,125.0,
2333,401628623,2024,regular,4,2024-09-21T20:00:00.000Z,Hampton,CAA,fcs,27.0,Howard,MEAC,fcs,20.0,ESPN Bet,-4.0,Hampton -4,,55.5,,,,
2334,401628614,2024,regular,3,2024-09-14T22:00:00.000Z,New Hampshire,CAA,fcs,45.0,Stonehill,NEC,fcs,6.0,ESPN Bet,-27.5,New Hampshire -27.5,,52.5,,,,
2335,401632460,2024,regular,3,2024-09-14T22:00:00.000Z,Chattanooga,Southern,fcs,3.0,Mercer,Southern,fcs,10.0,ESPN Bet,-5.5,Chattanooga -5.5,,48.5,,,,
2336,401628522,2024,regular,8,2024-10-19T16:00:00.000Z,Northwestern,Big Ten,fbs,3.0,Wisconsin,Big Ten,fbs,23.0,DraftKings,9.5,Wisconsin -9.5,7.0,42.5,,295.0,-375.0,
2337,401628522,2024,regular,8,2024-10-19T16:00:00.000Z,Northwestern,Big Ten,fbs,3.0,Wisconsin,Big Ten,fbs,23.0,Bovada,9.5,Wisconsin -9.5,7.0,42.5,41.5,220.0,-270.0,
2338,401628522,2024,regular,8,2024-10-19T16:00:00.000Z,Northwestern,Big Ten,fbs,3.0,Wisconsin,Big Ten,fbs,23.0,ESPN Bet,9.5,Wisconsin -9.5,6.5,42.5,41.5,300.0,-380.0,
2339,401634010,2024,regular,12,2024-11-16T19:00:00.000Z,UT Martin,Big South-OVC,fcs,9.0,Tennessee Tech,Big South-OVC,fcs,10.0,ESPN Bet,-13.0,UT Martin -13,,51.5,,,,
2340,401640991,2024,regular,4,2024-09-21T22:00:00.000Z,Liberty,Conference USA,fbs,35.0,East Carolina,American Athletic,fbs,24.0,DraftKings,-7.5,Liberty -7.5,,55.0,,-285.0,230.0,
2341,401640991,2024,regular,4,2024-09-21T22:00:00.000Z,Liberty,Conference USA,fbs,35.0,East Carolina,American Athletic,fbs,24.0,Bovada,-7.5,Liberty -7.5,-7.0,54.5,52.5,-290.0,240.0,
2342,401640991,2024,regular,4,2024-09-21T22:00:00.000Z,Liberty,Conference USA,fbs,35.0,East Carolina,American Athletic,fbs,24.0,ESPN Bet,-7.5,Liberty -7.5,-7.5,54.5,52.5,-290.0,240.0,
2343,401628620,2024,regular,4,2024-09-21T21:00:00.000Z,Campbell,CAA,fcs,17.0,Stony Brook,CAA,fcs,24.0,ESPN Bet,-7.5,Campbell -7.5,,50.5,,,,
2344,401632066,2024,regular,1,2024-09-01T02:00:00.000Z,Utah Tech,UAC,fcs,7.0,Montana State,Big Sky,fcs,31.0,ESPN Bet,30.5,Montana State -30.5,,62.5,,,,
2345,401628612,2024,regular,3,2024-09-14T22:00:00.000Z,Elon,CAA,fcs,17.0,Western Carolina,Southern,fcs,24.0,ESPN Bet,-6.0,Elon -6,,54.5,,,,
2346,401632119,2024,regular,12,2024-11-16T19:00:00.000Z,Austin Peay,UAC,fcs,27.0,Eastern Kentucky,UAC,fcs,30.0,ESPN Bet,-1.0,Austin Peay -1,,50.5,,,,
2347,401643734,2024,regular,8,2024-10-20T00:00:00.000Z,Air Force,Mountain West,fbs,13.0,Colorado State,Mountain West,fbs,21.0,DraftKings,6.0,Colorado State -6,8.0,43.5,,195.0,-238.0,
2348,401643734,2024,regular,8,2024-10-20T00:00:00.000Z,Air Force,Mountain West,fbs,13.0,Colorado State,Mountain West,fbs,21.0,Bovada,6.0,Colorado State -6.0,7.5,44.0,47.0,240.0,-290.0,
2349,401643734,2024,regular,8,2024-10-20T00:00:00.000Z,Air Force,Mountain West,fbs,13.0,Colorado State,Mountain West,fbs,21.0,ESPN Bet,5.5,Colorado State -5.5,7.5,44.5,46.5,190.0,-225.0,
2350,401641008,2024,regular,4,2024-09-21T23:00:00.000Z,Louisiana Tech,Conference USA,fbs,20.0,Tulsa,American Athletic,fbs,23.0,DraftKings,-3.0,Louisiana Tech -3,,56.5,,-135.0,114.0,
2351,401641008,2024,regular,4,2024-09-21T23:00:00.000Z,Louisiana Tech,Conference USA,fbs,20.0,Tulsa,American Athletic,fbs,23.0,Bovada,-2.5,Louisiana Tech -2.5,-2.0,56.5,57.5,-135.0,115.0,
2352,401641008,2024,regular,4,2024-09-21T23:00:00.000Z,Louisiana Tech,Conference USA,fbs,20.0,Tulsa,American Athletic,fbs,23.0,ESPN Bet,-1.5,Louisiana Tech -1.5,-2.5,55.5,57.5,-135.0,115.0,
2353,401654550,2024,regular,4,2024-09-21T17:30:00.000Z,VMI,Southern,fcs,10.0,Norfolk State,MEAC,fcs,32.0,ESPN Bet,-6.5,VMI -6.5,,47.5,,,,
2354,401634171,2024,regular,3,2024-09-14T22:00:00.000Z,Indiana State,MVFC,fcs,24.0,Dayton,Pioneer,fcs,13.0,ESPN Bet,-10.5,Indiana State -10.5,,44.5,,,,
2355,401643738,2024,regular,8,2024-10-19T20:00:00.000Z,San José State,Mountain West,fbs,24.0,Wyoming,Mountain West,fbs,14.0,DraftKings,-13.0,San José State -13,-11.0,53.0,,-455.0,350.0,
2356,401643738,2024,regular,8,2024-10-19T20:00:00.000Z,San José State,Mountain West,fbs,24.0,Wyoming,Mountain West,fbs,14.0,Bovada,-13.0,San José State -13.0,-11.0,53.5,50.0,-450.0,335.0,
2357,401643738,2024,regular,8,2024-10-19T20:00:00.000Z,San José State,Mountain West,fbs,24.0,Wyoming,Mountain West,fbs,14.0,ESPN Bet,-11.5,San José State -11.5,-11.5,52.5,49.5,-425.0,340.0,
2358,401641028,2024,regular,4,2024-09-21T21:00:00.000Z,Colorado State,Mountain West,fbs,27.0,UTEP,Conference USA,fbs,17.0,DraftKings,-8.5,Colorado State -8.5,,49.0,,-305.0,245.0,
2359,401641028,2024,regular,4,2024-09-21T21:00:00.000Z,Colorado State,Mountain West,fbs,27.0,UTEP,Conference USA,fbs,17.0,Bovada,-8.5,Colorado State -8.5,-10.0,49.0,50.5,-330.0,265.0,
2360,401641028,2024,regular,4,2024-09-21T21:00:00.000Z,Colorado State,Mountain West,fbs,27.0,UTEP,Conference USA,fbs,17.0,ESPN Bet,-8.5,Colorado State -8.5,-10.0,48.5,50.5,-320.0,260.0,
2361,401628621,2024,regular,4,2024-09-21T22:00:00.000Z,Delaware,CAA,fcs,29.0,Pennsylvania,Ivy,fcs,22.0,ESPN Bet,-13.0,Delaware -13,,51.5,,,,
2362,401635587,2024,regular,8,2024-10-19T19:30:00.000Z,California,ACC,fbs,23.0,NC State,ACC,fbs,24.0,DraftKings,-9.5,California -9.5,-9.5,46.0,,-355.0,280.0,
2363,401635587,2024,regular,8,2024-10-19T19:30:00.000Z,California,ACC,fbs,23.0,NC State,ACC,fbs,24.0,Bovada,-9.5,California -9.5,-10.0,46.0,46.5,-400.0,300.0,
2364,401635587,2024,regular,8,2024-10-19T19:30:00.000Z,California,ACC,fbs,23.0,NC State,ACC,fbs,24.0,ESPN Bet,-9.5,California -9.5,-10.5,45.5,46.5,-380.0,300.0,
2365,401634021,2024,regular,12,2024-11-16T19:00:00.000Z,East Texas A&M,Southland,fcs,41.0,Houston Christian,Southland,fcs,40.0,ESPN Bet,-3.0,East Texas A&M -3,,47.5,,,,
2366,401628460,2024,regular,1,2024-09-01T03:00:00.000Z,Washington,Big Ten,fbs,35.0,Weber State,Big Sky,fcs,3.0,ESPN Bet,-29.0,Washington -29,,51.5,,,,
2367,401632074,2024,regular,3,2024-09-14T22:00:00.000Z,Eastern Kentucky,UAC,fcs,26.0,West Georgia,UAC,fcs,7.0,ESPN Bet,-12.5,Eastern Kentucky -12.5,,57.5,,,,
2368,401636361,2024,regular,12,2024-11-16T20:00:00.000Z,Southern,SWAC,fcs,31.0,Arkansas-Pine Bluff,SWAC,fcs,9.0,ESPN Bet,-14.0,Southern -14,,51.5,,,,
2369,401635604,2024,regular,10,2024-11-02T16:00:00.000Z,Syracuse,ACC,fbs,38.0,Virginia Tech,ACC,fbs,31.0,DraftKings,3.5,Virginia Tech -3.5,1.0,54.0,,150.0,-180.0,
2370,401635604,2024,regular,10,2024-11-02T16:00:00.000Z,Syracuse,ACC,fbs,38.0,Virginia Tech,ACC,fbs,31.0,Bovada,3.5,Virginia Tech -3.5,4.0,53.5,54.0,160.0,-185.0,
2371,401635604,2024,regular,10,2024-11-02T16:00:00.000Z,Syracuse,ACC,fbs,38.0,Virginia Tech,ACC,fbs,31.0,ESPN Bet,3.5,Virginia Tech -3.5,4.0,50.5,53.5,155.0,-185.0,
2372,401636901,2024,regular,8,2024-10-19T19:30:00.000Z,Kansas,Big 12,fbs,42.0,Houston,Big 12,fbs,14.0,DraftKings,-4.5,Kansas -4.5,-8.5,45.5,,-192.0,160.0,
2373,401636901,2024,regular,8,2024-10-19T19:30:00.000Z,Kansas,Big 12,fbs,42.0,Houston,Big 12,fbs,14.0,Bovada,-4.5,Kansas -4.5,-6.5,45.5,47.0,-240.0,200.0,
2374,401636901,2024,regular,8,2024-10-19T19:30:00.000Z,Kansas,Big 12,fbs,42.0,Houston,Big 12,fbs,14.0,ESPN Bet,-5.5,Kansas -5.5,-6.5,45.5,46.5,-215.0,180.0,
2375,401635557,2024,regular,4,2024-09-21T21:00:00.000Z,SMU,ACC,fbs,66.0,TCU,Big 12,fbs,42.0,DraftKings,1.0,TCU -1,,58.5,,-105.0,-115.0,
2376,401635557,2024,regular,4,2024-09-21T21:00:00.000Z,SMU,ACC,fbs,66.0,TCU,Big 12,fbs,42.0,Bovada,2.5,TCU -2.5,2.5,59.0,57.5,115.0,-135.0,
2377,401635557,2024,regular,4,2024-09-21T21:00:00.000Z,SMU,ACC,fbs,66.0,TCU,Big 12,fbs,42.0,ESPN Bet,1.5,TCU -1.5,2.5,58.5,57.5,105.0,-120.0,
2378,401628622,2024,regular,4,2024-09-21T22:00:00.000Z,Elon,CAA,fcs,14.0,East Tennessee State,Southern,fcs,34.0,ESPN Bet,-7.5,Elon -7.5,,48.5,,,,
2379,401655620,2024,regular,3,2024-09-14T23:00:00.000Z,SE Louisiana,Southland,fcs,28.0,Eastern Washington,Big Sky,fcs,24.0,ESPN Bet,7.5,Eastern Washington -7.5,,61.5,,,,
2380,401634009,2024,regular,12,2024-11-16T19:00:00.000Z,Southeast Missouri State,Big South-OVC,fcs,54.0,Western Illinois,Big South-OVC,fcs,45.0,ESPN Bet,-24.0,Southeast Missouri State -24,,63.5,,,,
2381,401635627,2024,regular,10,2024-11-03T00:00:00.000Z,SMU,ACC,fbs,48.0,Pittsburgh,ACC,fbs,25.0,DraftKings,-7.0,SMU -7,-6.5,55.5,,-278.0,225.0,
2382,401635627,2024,regular,10,2024-11-03T00:00:00.000Z,SMU,ACC,fbs,48.0,Pittsburgh,ACC,fbs,25.0,Bovada,-7.0,SMU -7.0,-7.5,55.5,59.0,-300.0,250.0,
2383,401635627,2024,regular,10,2024-11-03T00:00:00.000Z,SMU,ACC,fbs,48.0,Pittsburgh,ACC,fbs,25.0,ESPN Bet,-7.5,SMU -7.5,-7.5,54.5,59.5,-280.0,230.0,
2384,401645348,2024,regular,8,2024-10-19T19:30:00.000Z,UTSA,American Athletic,fbs,38.0,Florida Atlantic,American Athletic,fbs,24.0,DraftKings,-4.0,UTSA -4,-6.0,52.5,,-180.0,150.0,
2385,401645348,2024,regular,8,2024-10-19T19:30:00.000Z,UTSA,American Athletic,fbs,38.0,Florida Atlantic,American Athletic,fbs,24.0,Bovada,-4.0,UTSA -4.0,-4.5,52.5,55.5,-195.0,165.0,
2386,401645348,2024,regular,8,2024-10-19T19:30:00.000Z,UTSA,American Athletic,fbs,38.0,Florida Atlantic,American Athletic,fbs,24.0,ESPN Bet,-4.5,UTSA -4.5,-4.5,51.5,55.5,-200.0,170.0,
2387,401628406,2024,regular,10,2024-11-02T16:00:00.000Z,Arkansas,SEC,fbs,31.0,Ole Miss,SEC,fbs,63.0,DraftKings,8.0,Ole Miss -8,9.5,54.0,,260.0,-325.0,
2388,401628406,2024,regular,10,2024-11-02T16:00:00.000Z,Arkansas,SEC,fbs,31.0,Ole Miss,SEC,fbs,63.0,Bovada,8.5,Ole Miss -8.5,6.5,54.0,55.0,205.0,-245.0,
2389,401628406,2024,regular,10,2024-11-02T16:00:00.000Z,Arkansas,SEC,fbs,31.0,Ole Miss,SEC,fbs,63.0,ESPN Bet,7.5,Ole Miss -7.5,6.5,54.5,55.5,240.0,-290.0,
2390,401628399,2024,regular,8,2024-10-19T23:00:00.000Z,Vanderbilt,SEC,fbs,24.0,Ball State,Mid-American,fbs,14.0,DraftKings,-27.5,Vanderbilt -27.5,-24.5,57.5,,-4500.0,1700.0,
2391,401628399,2024,regular,8,2024-10-19T23:00:00.000Z,Vanderbilt,SEC,fbs,24.0,Ball State,Mid-American,fbs,14.0,Bovada,-27.5,Vanderbilt -27.5,-24.5,57.5,58.5,-4000.0,1200.0,
2392,401628399,2024,regular,8,2024-10-19T23:00:00.000Z,Vanderbilt,SEC,fbs,24.0,Ball State,Mid-American,fbs,14.0,ESPN Bet,-27.5,Vanderbilt -27.5,-26.5,56.5,58.5,-3000.0,1300.0,
2393,401635590,2024,regular,8,2024-10-20T00:00:00.000Z,Stanford,ACC,fbs,10.0,SMU,ACC,fbs,40.0,DraftKings,16.5,SMU -16.5,14.0,52.5,,525.0,-750.0,
2394,401635590,2024,regular,8,2024-10-20T00:00:00.000Z,Stanford,ACC,fbs,10.0,SMU,ACC,fbs,40.0,Bovada,16.5,SMU -16.5,14.5,52.5,55.5,460.0,-675.0,
2395,401635590,2024,regular,8,2024-10-20T00:00:00.000Z,Stanford,ACC,fbs,10.0,SMU,ACC,fbs,40.0,ESPN Bet,16.5,SMU -16.5,15.5,52.5,55.5,550.0,-800.0,
2396,401635553,2024,regular,4,2024-09-21T20:00:00.000Z,Middle Tennessee,Conference USA,fbs,17.0,Duke,ACC,fbs,45.0,DraftKings,14.5,Duke -14.5,,51.0,,455.0,-625.0,
2397,401635553,2024,regular,4,2024-09-21T20:00:00.000Z,Middle Tennessee,Conference USA,fbs,17.0,Duke,ACC,fbs,45.0,Bovada,15.0,Duke -15.0,14.0,51.0,54.5,475.0,-700.0,
2398,401635553,2024,regular,4,2024-09-21T20:00:00.000Z,Middle Tennessee,Conference USA,fbs,17.0,Duke,ACC,fbs,45.0,ESPN Bet,14.5,Duke -14.5,14.0,50.5,53.5,500.0,-700.0,
2399,401628628,2024,regular,4,2024-09-21T22:00:00.000Z,Delaware State,MEAC,fcs,24.0,Richmond,CAA,fcs,38.0,ESPN Bet,23.5,Richmond -23.5,,47.5,,,,
2400,401634239,2024,regular,12,2024-11-16T20:00:00.000Z,South Dakota State,MVFC,fcs,41.0,Southern Illinois,MVFC,fcs,10.0,ESPN Bet,-30.5,South Dakota State -30.5,,49.5,,,,
2401,401643739,2024,regular,8,2024-10-20T02:00:00.000Z,Oregon State,Pac-12,fbs,25.0,UNLV,Mountain West,fbs,33.0,DraftKings,6.5,UNLV -6.5,4.0,61.0,,195.0,-238.0,
2402,401643739,2024,regular,8,2024-10-20T02:00:00.000Z,Oregon State,Pac-12,fbs,25.0,UNLV,Mountain West,fbs,33.0,Bovada,6.5,UNLV -6.5,6.5,61.5,61.0,,-235.0,
2403,401643739,2024,regular,8,2024-10-20T02:00:00.000Z,Oregon State,Pac-12,fbs,25.0,UNLV,Mountain West,fbs,33.0,ESPN Bet,6.5,UNLV -6.5,6.0,61.5,60.5,190.0,-225.0,
2404,401636345,2024,regular,3,2024-09-14T23:00:00.000Z,Samford,Southern,fcs,12.0,Alabama State,SWAC,fcs,7.0,ESPN Bet,-12.5,Samford -12.5,,46.5,,,,
2405,401643736,2024,regular,8,2024-10-19T19:30:00.000Z,Washington State,Pac-12,fbs,42.0,Hawai'i,Mountain West,fbs,10.0,DraftKings,-18.5,Washington State -18.5,-19.5,55.5,,-1100.0,700.0,
2406,401643736,2024,regular,8,2024-10-19T19:30:00.000Z,Washington State,Pac-12,fbs,42.0,Hawai'i,Mountain West,fbs,10.0,Bovada,-19.0,Washington State -19.0,-19.5,55.5,55.5,-1300.0,725.0,
2407,401643736,2024,regular,8,2024-10-19T19:30:00.000Z,Washington State,Pac-12,fbs,42.0,Hawai'i,Mountain West,fbs,10.0,ESPN Bet,-18.5,Washington State -18.5,-19.5,54.5,55.5,-1200.0,750.0,
2408,401645350,2024,regular,8,2024-10-19T19:30:00.000Z,Tulane,American Athletic,fbs,24.0,Rice,American Athletic,fbs,10.0,DraftKings,-21.5,Tulane -21.5,-23.5,53.5,,-1800.0,1000.0,
2409,401645350,2024,regular,8,2024-10-19T19:30:00.000Z,Tulane,American Athletic,fbs,24.0,Rice,American Athletic,fbs,10.0,Bovada,-21.5,Tulane -21.5,-22.5,53.0,53.5,-1900.0,900.0,
2410,401645350,2024,regular,8,2024-10-19T19:30:00.000Z,Tulane,American Athletic,fbs,24.0,Rice,American Athletic,fbs,10.0,ESPN Bet,-22.5,Tulane -22.5,-23.0,52.5,53.5,-1800.0,1000.0,
2411,401635554,2024,regular,4,2024-09-21T19:30:00.000Z,Louisville,ACC,fbs,31.0,Georgia Tech,ACC,fbs,19.0,DraftKings,-9.5,Louisville -9.5,,56.0,,-325.0,260.0,
2412,401635554,2024,regular,4,2024-09-21T19:30:00.000Z,Louisville,ACC,fbs,31.0,Georgia Tech,ACC,fbs,19.0,ESPN Bet,-8.5,Louisville -8.5,-10.0,55.5,57.5,-320.0,260.0,
2413,401635554,2024,regular,4,2024-09-21T19:30:00.000Z,Louisville,ACC,fbs,31.0,Georgia Tech,ACC,fbs,19.0,Bovada,-8.5,Louisville -8.5,-10.0,56.0,57.5,-330.0,265.0,
2414,401632102,2024,regular,4,2024-09-21T22:00:00.000Z,Idaho State,Big Sky,fcs,38.0,Southern Utah,UAC,fcs,28.0,ESPN Bet,2.5,Southern Utah -2.5,,58.5,,,,
2415,401643814,2024,regular,8,2024-10-19T23:00:00.000Z,Southern Miss,Sun Belt,fbs,28.0,Arkansas State,Sun Belt,fbs,44.0,DraftKings,7.0,Arkansas State -7,7.0,57.0,,205.0,-250.0,
2416,401643814,2024,regular,8,2024-10-19T23:00:00.000Z,Southern Miss,Sun Belt,fbs,28.0,Arkansas State,Sun Belt,fbs,44.0,Bovada,7.0,Arkansas State -7.0,6.5,56.5,53.5,200.0,-240.0,
2417,401643814,2024,regular,8,2024-10-19T23:00:00.000Z,Southern Miss,Sun Belt,fbs,28.0,Arkansas State,Sun Belt,fbs,44.0,ESPN Bet,7.0,Arkansas State -7,6.5,56.5,53.5,210.0,-250.0,
2418,401643820,2024,regular,10,2024-10-29T23:30:00.000Z,Texas State,Sun Belt,fbs,17.0,Louisiana,Sun Belt,fbs,23.0,DraftKings,-4.0,Texas State -4,-4.0,60.5,,-185.0,154.0,
2419,401643820,2024,regular,10,2024-10-29T23:30:00.000Z,Texas State,Sun Belt,fbs,17.0,Louisiana,Sun Belt,fbs,23.0,Bovada,-4.0,Texas State -4.0,-3.0,60.5,59.0,-160.0,135.0,
2420,401643820,2024,regular,10,2024-10-29T23:30:00.000Z,Texas State,Sun Belt,fbs,17.0,Louisiana,Sun Belt,fbs,23.0,ESPN Bet,-3.5,Texas State -3.5,-3.0,61.5,59.5,-185.0,155.0,
2421,401636351,2024,regular,12,2024-11-16T20:00:00.000Z,Alabama State,SWAC,fcs,10.0,Jackson State,SWAC,fcs,16.0,ESPN Bet,7.5,Jackson State -7.5,,48.5,,,,
2422,401634182,2024,regular,3,2024-09-14T23:00:00.000Z,Missouri State,MVFC,fcs,28.0,Lindenwood,Big South-OVC,fcs,14.0,ESPN Bet,-26.5,Missouri State -26.5,,54.5,,,,
2423,401634145,2024,regular,4,2024-09-21T22:00:00.000Z,Mercer,Southern,fcs,38.0,The Citadel,Southern,fcs,21.0,ESPN Bet,-20.5,Mercer -20.5,,46.5,,,,
2424,401628535,2024,regular,10,2024-11-02T23:30:00.000Z,Iowa,Big Ten,fbs,42.0,Wisconsin,Big Ten,fbs,10.0,DraftKings,-2.5,Iowa -2.5,-3.0,40.0,,-135.0,114.0,
2425,401628535,2024,regular,10,2024-11-02T23:30:00.000Z,Iowa,Big Ten,fbs,42.0,Wisconsin,Big Ten,fbs,10.0,Bovada,-2.5,Iowa -2.5,-4.0,40.5,42.5,-185.0,160.0,
2426,401628535,2024,regular,10,2024-11-02T23:30:00.000Z,Iowa,Big Ten,fbs,42.0,Wisconsin,Big Ten,fbs,10.0,ESPN Bet,-2.5,Iowa -2.5,-3.5,40.5,42.5,-140.0,120.0,
2427,401628520,2024,regular,8,2024-10-19T23:30:00.000Z,Michigan State,Big Ten,fbs,32.0,Iowa,Big Ten,fbs,20.0,DraftKings,7.0,Iowa -7,6.0,39.5,,225.0,-278.0,
2428,401628520,2024,regular,8,2024-10-19T23:30:00.000Z,Michigan State,Big Ten,fbs,32.0,Iowa,Big Ten,fbs,20.0,Bovada,6.5,Iowa -6.5,6.0,39.5,41.5,195.0,-235.0,
2429,401628520,2024,regular,8,2024-10-19T23:30:00.000Z,Michigan State,Big Ten,fbs,32.0,Iowa,Big Ten,fbs,20.0,ESPN Bet,6.5,Iowa -6.5,6.5,39.5,41.5,220.0,-270.0,
2430,401675123,2024,regular,12,2024-11-16T20:00:00.000Z,Stephen F. Austin,Southland,fcs,20.0,Incarnate Word,Southland,fcs,27.0,ESPN Bet,8.0,Incarnate Word -8,,60.5,,,,
2431,401655616,2024,regular,3,2024-09-14T23:00:00.000Z,Lamar,Southland,fcs,17.0,Weber State,Big Sky,fcs,16.0,ESPN Bet,10.5,Weber State -10.5,,49.5,,,,
2432,401628491,2024,regular,4,2024-09-21T23:00:00.000Z,Washington,Big Ten,fbs,24.0,Northwestern,Big Ten,fbs,5.0,DraftKings,-11.5,Washington -11.5,,42.5,,-455.0,350.0,
2433,401628491,2024,regular,4,2024-09-21T23:00:00.000Z,Washington,Big Ten,fbs,24.0,Northwestern,Big Ten,fbs,5.0,Bovada,-12.0,Washington -12.0,-10.0,43.0,43.0,-500.0,360.0,
2434,401628491,2024,regular,4,2024-09-21T23:00:00.000Z,Washington,Big Ten,fbs,24.0,Northwestern,Big Ten,fbs,5.0,ESPN Bet,-12.0,Washington -12,-10.5,42.5,42.5,-500.0,380.0,
2435,401654650,2024,regular,4,2024-09-21T22:00:00.000Z,Bucknell,Patriot,fcs,34.0,Marist,Pioneer,fcs,18.0,ESPN Bet,-17.0,Bucknell -17,,55.5,,,,
2436,401628411,2024,regular,10,2024-11-02T23:30:00.000Z,South Carolina,SEC,fbs,44.0,Texas A&M,SEC,fbs,20.0,DraftKings,3.0,Texas A&M -3,4.0,43.5,,130.0,-155.0,
2437,401628411,2024,regular,10,2024-11-02T23:30:00.000Z,South Carolina,SEC,fbs,44.0,Texas A&M,SEC,fbs,20.0,Bovada,3.0,Texas A&M -3.0,3.5,43.5,46.0,145.0,-170.0,
2438,401628411,2024,regular,10,2024-11-02T23:30:00.000Z,South Carolina,SEC,fbs,44.0,Texas A&M,SEC,fbs,20.0,ESPN Bet,3.5,Texas A&M -3.5,3.5,43.5,46.5,130.0,-150.0,
2439,401632073,2024,regular,3,2024-09-14T23:00:00.000Z,Central Arkansas,UAC,fcs,45.0,Austin Peay,UAC,fcs,17.0,ESPN Bet,-15.5,Central Arkansas -15.5,,55.5,,,,
2440,401673036,2024,regular,9,2024-10-25T23:00:00.000Z,Pennsylvania,Ivy,fcs,10.0,Yale,Ivy,fcs,31.0,ESPN Bet,-3.0,Pennsylvania -3,,51.5,,,,
2441,401634124,2024,regular,12,2024-11-16T20:00:00.000Z,Montana,Big Sky,fcs,28.0,Portland State,Big Sky,fcs,17.0,ESPN Bet,-15.5,Montana -15.5,,63.5,,,,
2442,401628368,2024,regular,4,2024-09-21T20:15:00.000Z,Missouri,SEC,fbs,30.0,Vanderbilt,SEC,fbs,27.0,DraftKings,-17.5,Missouri -17.5,,52.0,,-950.0,625.0,
2443,401628368,2024,regular,4,2024-09-21T20:15:00.000Z,Missouri,SEC,fbs,30.0,Vanderbilt,SEC,fbs,27.0,Bovada,-18.0,Missouri -18.0,-21.0,52.0,53.5,-950.0,600.0,
2444,401628368,2024,regular,4,2024-09-21T20:15:00.000Z,Missouri,SEC,fbs,30.0,Vanderbilt,SEC,fbs,27.0,ESPN Bet,-18.5,Missouri -18.5,-21.0,52.5,52.5,-1000.0,700.0,
2445,401628487,2024,regular,4,2024-09-21T23:30:00.000Z,Minnesota,Big Ten,fbs,14.0,Iowa,Big Ten,fbs,31.0,DraftKings,3.0,Iowa -3,,34.5,,120.0,-142.0,
2446,401628487,2024,regular,4,2024-09-21T23:30:00.000Z,Minnesota,Big Ten,fbs,14.0,Iowa,Big Ten,fbs,31.0,Bovada,3.0,Iowa -3.0,2.5,35.0,36.0,125.0,-145.0,
2447,401628487,2024,regular,4,2024-09-21T23:30:00.000Z,Minnesota,Big Ten,fbs,14.0,Iowa,Big Ten,fbs,31.0,ESPN Bet,2.5,Iowa -2.5,2.5,34.5,36.5,125.0,-145.0,
2448,401628630,2024,regular,4,2024-09-21T22:00:00.000Z,William & Mary,CAA,fcs,34.0,Furman,Southern,fcs,24.0,ESPN Bet,-10.0,William & Mary -10,,47.5,,,,
2449,401636879,2024,regular,4,2024-09-21T16:00:00.000Z,West Virginia,Big 12,fbs,32.0,Kansas,Big 12,fbs,28.0,Bovada,-1.5,West Virginia -1.5,-2.5,56.0,57.5,-120.0,100.0,
2450,401636879,2024,regular,4,2024-09-21T16:00:00.000Z,West Virginia,Big 12,fbs,32.0,Kansas,Big 12,fbs,28.0,ESPN Bet,-1.5,West Virginia -1.5,-2.5,56.5,57.5,-120.0,-105.0,
2451,401636879,2024,regular,4,2024-09-21T16:00:00.000Z,West Virginia,Big 12,fbs,32.0,Kansas,Big 12,fbs,28.0,DraftKings,-1.0,West Virginia -1,,55.0,,-115.0,-105.0,
2452,401654851,2024,regular,4,2024-09-21T23:00:00.000Z,East Texas A&M,Southland,fcs,0.0,Sacramento State,Big Sky,fcs,34.0,ESPN Bet,19.5,Sacramento State -19.5,,58.5,,,,
2453,401654572,2024,regular,12,2024-11-16T20:00:00.000Z,Prairie View A&M,SWAC,fcs,13.0,Alcorn State,SWAC,fcs,26.0,ESPN Bet,2.5,Alcorn State -2.5,,49.5,,,,
2454,401634191,2024,regular,3,2024-09-14T23:00:00.000Z,Murray State,MVFC,fcs,59.0,Mississippi Valley State,SWAC,fcs,8.0,ESPN Bet,-14.5,Murray State -14.5,,48.5,,,,
2455,401645308,2024,regular,9,2024-10-26T19:30:00.000Z,Massachusetts,FBS Independents,fbs,35.0,Wagner,NEC,fcs,7.0,DraftKings,-23.0,Massachusetts -23,-23.0,48.0,,-1650.0,950.0,
2456,401645308,2024,regular,9,2024-10-26T19:30:00.000Z,Massachusetts,FBS Independents,fbs,35.0,Wagner,NEC,fcs,7.0,ESPN Bet,-23.5,Massachusetts -23.5,-22.5,49.5,48.5,,,
2457,401628486,2024,regular,4,2024-09-21T16:00:00.000Z,Indiana,Big Ten,fbs,52.0,Charlotte,American Athletic,fbs,14.0,Bovada,-28.5,Indiana -28.5,-28.0,50.0,48.5,-8000.0,1400.0,
2458,401628486,2024,regular,4,2024-09-21T16:00:00.000Z,Indiana,Big Ten,fbs,52.0,Charlotte,American Athletic,fbs,14.0,ESPN Bet,-28.5,Indiana -28.5,-28.0,50.5,50.5,-5000.0,2000.0,
2459,401628486,2024,regular,4,2024-09-21T16:00:00.000Z,Indiana,Big Ten,fbs,52.0,Charlotte,American Athletic,fbs,14.0,DraftKings,-28.5,Indiana -28.5,,51.0,,-6500.0,2000.0,
2460,401628367,2024,regular,4,2024-09-21T16:00:00.000Z,Mississippi State,SEC,fbs,28.0,Florida,SEC,fbs,45.0,Bovada,6.5,Florida -6.5,4.5,58.0,57.0,215.0,-260.0,
2461,401628367,2024,regular,4,2024-09-21T16:00:00.000Z,Mississippi State,SEC,fbs,28.0,Florida,SEC,fbs,45.0,ESPN Bet,7.0,Florida -7,4.5,58.5,57.5,210.0,-250.0,
2462,401628367,2024,regular,4,2024-09-21T16:00:00.000Z,Mississippi State,SEC,fbs,28.0,Florida,SEC,fbs,45.0,DraftKings,6.5,Florida -6.5,,57.5,,190.0,-230.0,
2463,401635556,2024,regular,4,2024-09-21T16:00:00.000Z,North Carolina,ACC,fbs,50.0,James Madison,Sun Belt,fbs,70.0,Bovada,-10.0,North Carolina -10.0,-10.5,48.0,47.5,-415.0,310.0,
2464,401635556,2024,regular,4,2024-09-21T16:00:00.000Z,North Carolina,ACC,fbs,50.0,James Madison,Sun Belt,fbs,70.0,ESPN Bet,-11.5,North Carolina -11.5,-10.5,48.5,47.5,-450.0,360.0,
2465,401635556,2024,regular,4,2024-09-21T16:00:00.000Z,North Carolina,ACC,fbs,50.0,James Madison,Sun Belt,fbs,70.0,DraftKings,-11.0,North Carolina -11,,48.5,,-455.0,350.0,
2466,401634037,2024,regular,12,2024-11-16T21:00:00.000Z,Lamar,Southland,fcs,24.0,Nicholls,Southland,fcs,7.0,ESPN Bet,1.5,Nicholls -1.5,,45.5,,,,
2467,401628494,2024,regular,4,2024-09-21T19:30:00.000Z,Virginia Tech,ACC,fbs,23.0,Rutgers,Big Ten,fbs,26.0,Bovada,-3.0,Virginia Tech -3.0,-4.5,45.0,46.0,-150.0,130.0,
2468,401628494,2024,regular,4,2024-09-21T19:30:00.000Z,Virginia Tech,ACC,fbs,23.0,Rutgers,Big Ten,fbs,26.0,ESPN Bet,-3.5,Virginia Tech -3.5,-3.5,44.5,45.5,-150.0,130.0,
2469,401654566,2024,regular,4,2024-09-21T23:00:00.000Z,Lamar,Southland,fcs,20.0,Texas Southern,SWAC,fcs,17.0,ESPN Bet,-12.0,Lamar -12,,48.5,,,,
2470,401636389,2024,regular,3,2024-09-14T23:00:00.000Z,Jackson State,SWAC,fcs,33.0,Southern,SWAC,fcs,15.0,ESPN Bet,-10.0,Jackson State -10,,43.5,,,,
2471,401645328,2024,regular,4,2024-09-21T16:00:00.000Z,Army,American Athletic,fbs,37.0,Rice,American Athletic,fbs,14.0,Bovada,-7.0,Army -7.0,-6.0,44.0,42.5,-285.0,235.0,
2472,401645328,2024,regular,4,2024-09-21T16:00:00.000Z,Army,American Athletic,fbs,37.0,Rice,American Athletic,fbs,14.0,ESPN Bet,-7.5,Army -7.5,-6.5,42.5,42.5,-300.0,250.0,
2473,401645328,2024,regular,4,2024-09-21T16:00:00.000Z,Army,American Athletic,fbs,37.0,Rice,American Athletic,fbs,14.0,DraftKings,-7.5,Army -7.5,,43.5,,-290.0,235.0,
2474,401643791,2024,regular,4,2024-09-21T16:00:00.000Z,Louisiana,Sun Belt,fbs,33.0,Tulane,American Athletic,fbs,41.0,Bovada,1.5,Tulane -1.5,3.5,53.5,55.0,100.0,-120.0,
2475,401643791,2024,regular,4,2024-09-21T16:00:00.000Z,Louisiana,Sun Belt,fbs,33.0,Tulane,American Athletic,fbs,41.0,ESPN Bet,1.5,Tulane -1.5,3.5,53.5,54.5,105.0,-125.0,
2476,401643791,2024,regular,4,2024-09-21T16:00:00.000Z,Louisiana,Sun Belt,fbs,33.0,Tulane,American Athletic,fbs,41.0,DraftKings,1.5,Tulane -1.5,,53.0,,-102.0,-118.0,
2477,401628364,2024,regular,4,2024-09-21T16:45:00.000Z,Kentucky,SEC,fbs,41.0,Ohio,Mid-American,fbs,6.0,Bovada,-19.0,Kentucky -19.0,-18.5,42.0,42.5,-1200.0,700.0,
2478,401628364,2024,regular,4,2024-09-21T16:45:00.000Z,Kentucky,SEC,fbs,41.0,Ohio,Mid-American,fbs,6.0,ESPN Bet,-21.5,Kentucky -21.5,-18.0,41.5,41.5,-1800.0,1000.0,
2479,401628364,2024,regular,4,2024-09-21T16:45:00.000Z,Kentucky,SEC,fbs,41.0,Ohio,Mid-American,fbs,6.0,DraftKings,-21.5,Kentucky -21.5,,42.0,,-2100.0,1100.0,
2480,401644735,2024,regular,4,2024-09-21T17:00:00.000Z,Central Michigan,Mid-American,fbs,37.0,Ball State,Mid-American,fbs,34.0,Bovada,-6.5,Central Michigan -6.5,-6.5,51.0,53.0,-245.0,205.0,
2481,401644735,2024,regular,4,2024-09-21T17:00:00.000Z,Central Michigan,Mid-American,fbs,37.0,Ball State,Mid-American,fbs,34.0,ESPN Bet,-5.5,Central Michigan -5.5,-6.5,49.5,52.5,-230.0,195.0,
2482,401644735,2024,regular,4,2024-09-21T17:00:00.000Z,Central Michigan,Mid-American,fbs,37.0,Ball State,Mid-American,fbs,34.0,DraftKings,-6.5,Central Michigan -6.5,,50.5,,-218.0,180.0,
2483,401638695,2024,regular,12,2024-11-16T21:00:00.000Z,San Diego,Pioneer,fcs,45.0,Stetson,Pioneer,fcs,6.0,ESPN Bet,-27.5,San Diego -27.5,,54.5,,,,
2484,401655619,2024,regular,4,2024-09-21T23:00:00.000Z,Northwestern State,Southland,fcs,0.0,Weber State,Big Sky,fcs,39.0,ESPN Bet,31.5,Weber State -31.5,,55.5,,,,
2485,401634241,2024,regular,3,2024-09-14T23:00:00.000Z,Southern Illinois,MVFC,fcs,35.0,Incarnate Word,Southland,fcs,28.0,ESPN Bet,-3.5,Southern Illinois -3.5,,56.5,,,,
2486,401638679,2024,regular,9,2024-10-26T16:00:00.000Z,Dayton,Pioneer,fcs,6.0,Morehead State,Pioneer,fcs,14.0,ESPN Bet,-14.5,Dayton -14.5,,44.5,,,,
2487,401634188,2024,regular,12,2024-11-16T20:30:00.000Z,North Dakota State,MVFC,fcs,59.0,Missouri State,MVFC,fcs,21.0,ESPN Bet,-13.5,North Dakota State -13.5,,57.5,,,,
2488,401634242,2024,regular,4,2024-09-21T23:00:00.000Z,Southern Illinois,MVFC,fcs,21.0,Southeast Missouri State,Big South-OVC,fcs,38.0,ESPN Bet,-6.5,Southern Illinois -6.5,,54.5,,,,
2489,401654674,2024,regular,3,2024-09-14T23:00:00.000Z,East Texas A&M,Southland,fcs,28.0,Grambling,SWAC,fcs,35.0,ESPN Bet,-3.5,East Texas A&M -3.5,,51.5,,,,
2490,401628663,2024,regular,9,2024-10-26T16:00:00.000Z,Bryant,CAA,fcs,14.0,Richmond,CAA,fcs,41.0,ESPN Bet,16.0,Richmond -16,,52.5,,,,
2491,401654663,2024,regular,3,2024-09-14T23:00:00.000Z,UT Martin,Big South-OVC,fcs,43.0,North Alabama,UAC,fcs,28.0,ESPN Bet,-13.5,UT Martin -13.5,,56.5,,,,
2492,401634122,2024,regular,12,2024-11-16T21:00:00.000Z,Eastern Washington,Big Sky,fcs,77.0,Idaho State,Big Sky,fcs,42.0,ESPN Bet,-5.0,Eastern Washington -5,,69.5,,,,
2493,401628485,2024,regular,4,2024-09-21T00:00:00.000Z,Nebraska,Big Ten,fbs,24.0,Illinois,Big Ten,fbs,31.0,ESPN Bet,-9.5,Nebraska -9.5,-8.5,41.5,43.5,-350.0,280.0,
2494,401628485,2024,regular,4,2024-09-21T00:00:00.000Z,Nebraska,Big Ten,fbs,24.0,Illinois,Big Ten,fbs,31.0,DraftKings,-9.0,Nebraska -9,,42.5,,-375.0,295.0,
2495,401628485,2024,regular,4,2024-09-21T00:00:00.000Z,Nebraska,Big Ten,fbs,24.0,Illinois,Big Ten,fbs,31.0,Bovada,-8.0,Nebraska -8.0,-9.0,42.0,43.0,-350.0,275.0,
2496,401634766,2024,regular,4,2024-09-20T23:30:00.000Z,Syracuse,ACC,fbs,24.0,Stanford,ACC,fbs,26.0,ESPN Bet,-9.5,Syracuse -9.5,-9.5,56.5,58.5,-350.0,280.0,
2497,401634766,2024,regular,4,2024-09-20T23:30:00.000Z,Syracuse,ACC,fbs,24.0,Stanford,ACC,fbs,26.0,DraftKings,-9.5,Syracuse -9.5,,56.5,,-345.0,275.0,
2498,401634766,2024,regular,4,2024-09-20T23:30:00.000Z,Syracuse,ACC,fbs,24.0,Stanford,ACC,fbs,26.0,Bovada,-7.5,Syracuse -7.5,-9.5,57.0,58.5,-330.0,265.0,
2499,401632078,2024,regular,4,2024-09-21T22:00:00.000Z,Eastern Kentucky,UAC,fcs,42.0,Morehead State,Pioneer,fcs,13.0,ESPN Bet,-28.0,Eastern Kentucky -28,,52.5,,,,
2500,401654613,2024,regular,9,2024-10-26T16:00:00.000Z,Merrimack,FCS Independents,fcs,51.0,Colgate,Patriot,fcs,17.0,ESPN Bet,-2.5,Merrimack -2.5,,48.5,,,,
2501,401643714,2024,regular,4,2024-09-21T02:00:00.000Z,Washington State,Pac-12,fbs,54.0,San José State,Mountain West,fbs,52.0,ESPN Bet,-13.0,Washington State -13,-14.0,55.5,55.5,-525.0,400.0,
2502,401643714,2024,regular,4,2024-09-21T02:00:00.000Z,Washington State,Pac-12,fbs,54.0,San José State,Mountain West,fbs,52.0,DraftKings,-13.0,Washington State -13,,55.5,,-535.0,400.0,
2503,401643714,2024,regular,4,2024-09-21T02:00:00.000Z,Washington State,Pac-12,fbs,54.0,San José State,Mountain West,fbs,52.0,Bovada,-13.0,Washington State -13.0,-14.5,55.5,55.5,-550.0,390.0,
2504,401632100,2024,regular,4,2024-09-21T23:00:00.000Z,Austin Peay,UAC,fcs,59.0,Alabama A&M,SWAC,fcs,16.0,ESPN Bet,-13.5,Austin Peay -13.5,,56.5,,,,
2505,401632129,2024,regular,12,2024-11-16T21:00:00.000Z,Utah Tech,UAC,fcs,31.0,West Georgia,UAC,fcs,34.0,ESPN Bet,4.5,West Georgia -4.5,,54.5,,,,
2506,401636355,2024,regular,3,2024-09-14T23:00:00.000Z,Tennessee State,Big South-OVC,fcs,41.0,Arkansas-Pine Bluff,SWAC,fcs,28.0,ESPN Bet,-20.0,Tennessee State -20,,56.5,,,,
2507,401636873,2024,regular,4,2024-09-21T16:00:00.000Z,Cincinnati,Big 12,fbs,34.0,Houston,Big 12,fbs,0.0,ESPN Bet,-4.0,Cincinnati -4,-5.5,47.5,48.5,-175.0,150.0,
2508,401636873,2024,regular,4,2024-09-21T16:00:00.000Z,Cincinnati,Big 12,fbs,34.0,Houston,Big 12,fbs,0.0,DraftKings,-4.0,Cincinnati -4,,47.5,,-170.0,142.0,
2509,401636873,2024,regular,4,2024-09-21T16:00:00.000Z,Cincinnati,Big 12,fbs,34.0,Houston,Big 12,fbs,0.0,Bovada,-3.5,Cincinnati -3.5,-5.5,48.0,48.5,-170.0,145.0,
2510,401628524,2024,regular,8,2024-10-19T16:00:00.000Z,Rutgers,Big Ten,fbs,32.0,UCLA,Big Ten,fbs,35.0,Bovada,-4.0,Rutgers -4.0,-6.5,42.5,41.0,-240.0,200.0,
2511,401628524,2024,regular,8,2024-10-19T16:00:00.000Z,Rutgers,Big Ten,fbs,32.0,UCLA,Big Ten,fbs,35.0,ESPN Bet,-4.5,Rutgers -4.5,-6.0,42.5,40.5,-190.0,160.0,
2512,401654619,2024,regular,9,2024-10-26T16:00:00.000Z,Lehigh,Patriot,fcs,33.0,Fordham,Patriot,fcs,19.0,ESPN Bet,-8.5,Lehigh -8.5,,51.5,,,,
2513,401632075,2024,regular,3,2024-09-15T00:00:00.000Z,Southern Utah,UAC,fcs,21.0,UC Davis,Big Sky,fcs,24.0,ESPN Bet,6.5,UC Davis -6.5,,52.5,,,,
2514,401654577,2024,regular,9,2024-10-26T16:00:00.000Z,Long Island University,NEC,fcs,24.0,Central Connecticut,NEC,fcs,21.0,ESPN Bet,2.5,Central Connecticut -2.5,,49.5,,,,
2515,401654536,2024,regular,12,2024-11-16T21:00:00.000Z,Morgan State,MEAC,fcs,7.0,South Carolina State,MEAC,fcs,54.0,ESPN Bet,8.0,South Carolina State -8,,47.5,,,,
2516,401632099,2024,regular,4,2024-09-21T23:00:00.000Z,Arkansas-Pine Bluff,SWAC,fcs,17.0,Central Arkansas,UAC,fcs,56.0,ESPN Bet,33.0,Central Arkansas -33,,57.5,,,,
2517,401634121,2024,regular,12,2024-11-16T22:00:00.000Z,Cal Poly,Big Sky,fcs,26.0,Sacramento State,Big Sky,fcs,23.0,ESPN Bet,7.5,Sacramento State -7.5,,58.5,,,,
2518,401675115,2024,regular,3,2024-09-15T00:00:00.000Z,McNeese,Southland,fcs,28.0,Stephen F. Austin,Southland,fcs,24.0,ESPN Bet,4.5,Stephen F. Austin -4.5,,56.5,,,,
2519,401654559,2024,regular,4,2024-09-21T23:00:00.000Z,Prairie View A&M,SWAC,fcs,24.0,Southern,SWAC,fcs,31.0,ESPN Bet,3.0,Southern -3,,46.5,,,,
2520,401638682,2024,regular,9,2024-10-26T16:00:00.000Z,Marist,Pioneer,fcs,14.0,Valparaiso,Pioneer,fcs,17.0,ESPN Bet,1.0,Valparaiso -1,,47.5,,,,
2521,401655618,2024,regular,3,2024-09-15T01:00:00.000Z,Sacramento State,Big Sky,fcs,34.0,Nicholls,Southland,fcs,7.0,ESPN Bet,-8.5,Sacramento State -8.5,,61.5,,,,
2522,401632139,2024,regular,12,2024-11-17T00:00:00.000Z,Tarleton State,UAC,fcs,31.0,Abilene Christian,UAC,fcs,35.0,ESPN Bet,-3.0,Tarleton State -3,,57.5,,,,
2523,401628500,2024,regular,5,2024-09-29T03:00:00.000Z,UCLA,Big Ten,fbs,13.0,Oregon,Big Ten,fbs,34.0,DraftKings,23.5,Oregon -23.5,24.0,54.5,,1100.0,-2100.0,
2524,401628500,2024,regular,5,2024-09-29T03:00:00.000Z,UCLA,Big Ten,fbs,13.0,Oregon,Big Ten,fbs,34.0,ESPN Bet,23.5,Oregon -23.5,24.5,52.5,55.5,1200.0,-2500.0,
2525,401628500,2024,regular,5,2024-09-29T03:00:00.000Z,UCLA,Big Ten,fbs,13.0,Oregon,Big Ten,fbs,34.0,Bovada,23.5,Oregon -23.5,24.5,54.0,55.5,1100.0,-3500.0,
2526,401656951,2024,regular,9,2024-10-26T16:00:00.000Z,Sacred Heart,FCS Independents,fcs,31.0,Mercyhurst,NEC,fcs,14.0,ESPN Bet,-7.5,Sacred Heart -7.5,,48.5,,,,
2527,401654458,2024,regular,9,2024-10-26T16:00:00.000Z,Brown,Ivy,fcs,23.0,Cornell,Ivy,fcs,21.0,ESPN Bet,-3.5,Brown -3.5,,56.5,,,,
2528,401634123,2024,regular,12,2024-11-17T01:00:00.000Z,Idaho,Big Sky,fcs,31.0,Weber State,Big Sky,fcs,24.0,ESPN Bet,-10.5,Idaho -10.5,,55.5,,,,
2529,401628495,2024,regular,5,2024-09-28T23:30:00.000Z,Penn State,Big Ten,fbs,21.0,Illinois,Big Ten,fbs,7.0,DraftKings,-19.5,Penn State -19.5,-18.0,48.0,,-1100.0,700.0,
2530,401628495,2024,regular,5,2024-09-28T23:30:00.000Z,Penn State,Big Ten,fbs,21.0,Illinois,Big Ten,fbs,7.0,ESPN Bet,-19.5,Penn State -19.5,-17.5,48.5,47.5,-1000.0,700.0,
2531,401628495,2024,regular,5,2024-09-28T23:30:00.000Z,Penn State,Big Ten,fbs,21.0,Illinois,Big Ten,fbs,7.0,Bovada,-19.0,Penn State -19.0,-18.5,48.5,47.5,-1100.0,650.0,
2532,401632076,2024,regular,3,2024-09-15T01:00:00.000Z,Utah Tech,UAC,fcs,17.0,Northern Arizona,Big Sky,fcs,45.0,ESPN Bet,20.0,Northern Arizona -20,,54.5,,,,
2533,401634125,2024,regular,12,2024-11-17T01:00:00.000Z,UC Davis,Big Sky,fcs,28.0,Montana State,Big Sky,fcs,30.0,ESPN Bet,7.0,Montana State -7,,55.5,,,,
2534,401628377,2024,regular,5,2024-09-28T16:00:00.000Z,Ole Miss,SEC,fbs,17.0,Kentucky,SEC,fbs,20.0,DraftKings,-15.0,Ole Miss -15,-16.5,51.5,,-700.0,500.0,
2535,401628377,2024,regular,5,2024-09-28T16:00:00.000Z,Ole Miss,SEC,fbs,17.0,Kentucky,SEC,fbs,20.0,ESPN Bet,-15.5,Ole Miss -15.5,-17.0,51.5,51.5,-700.0,500.0,
2536,401628377,2024,regular,5,2024-09-28T16:00:00.000Z,Ole Miss,SEC,fbs,17.0,Kentucky,SEC,fbs,20.0,Bovada,-14.5,Ole Miss -14.5,-17.0,51.5,54.5,-1000.0,625.0,
2537,401628666,2024,regular,9,2024-10-26T17:00:00.000Z,Rhode Island,CAA,fcs,24.0,Maine,CAA,fcs,14.0,ESPN Bet,-4.5,Rhode Island -4.5,,49.5,,,,
2538,401635563,2024,regular,5,2024-09-29T00:00:00.000Z,SMU,ACC,fbs,42.0,Florida State,ACC,fbs,16.0,DraftKings,-6.0,SMU -6,-4.5,46.0,,-205.0,170.0,
2539,401635563,2024,regular,5,2024-09-29T00:00:00.000Z,SMU,ACC,fbs,42.0,Florida State,ACC,fbs,16.0,ESPN Bet,-5.5,SMU -5.5,-5.5,46.5,47.5,-230.0,195.0,
2540,401635563,2024,regular,5,2024-09-29T00:00:00.000Z,SMU,ACC,fbs,42.0,Florida State,ACC,fbs,16.0,Bovada,-6.0,SMU -6.0,-6.5,46.5,47.5,-240.0,200.0,
2541,401654591,2024,regular,9,2024-10-26T17:00:00.000Z,Stonehill,NEC,fcs,34.0,Duquesne,NEC,fcs,48.0,ESPN Bet,21.0,Duquesne -21,,51.5,,,,
2542,401645374,2024,regular,13,2024-11-23T00:00:00.000Z,UTSA,American Athletic,fbs,51.0,Temple,American Athletic,fbs,27.0,DraftKings,-16.5,UTSA -16.5,-15.5,56.0,,-700.0,500.0,
2543,401645374,2024,regular,13,2024-11-23T00:00:00.000Z,UTSA,American Athletic,fbs,51.0,Temple,American Athletic,fbs,27.0,Bovada,-16.5,UTSA -16.5,-16.5,56.0,56.0,-850.0,550.0,
2544,401645374,2024,regular,13,2024-11-23T00:00:00.000Z,UTSA,American Athletic,fbs,51.0,Temple,American Athletic,fbs,27.0,ESPN Bet,-17.5,UTSA -17.5,-16.5,55.5,55.5,-800.0,500.0,
2545,401645331,2024,regular,5,2024-09-26T23:30:00.000Z,Temple,American Athletic,fbs,14.0,Army,American Athletic,fbs,42.0,DraftKings,11.0,Army -11,10.0,46.5,,350.0,-455.0,
2546,401645331,2024,regular,5,2024-09-26T23:30:00.000Z,Temple,American Athletic,fbs,14.0,Army,American Athletic,fbs,42.0,ESPN Bet,21.5,Army -21.5,13.5,52.5,45.5,360.0,-450.0,
2547,401645331,2024,regular,5,2024-09-26T23:30:00.000Z,Temple,American Athletic,fbs,14.0,Army,American Athletic,fbs,42.0,Bovada,11.0,Army -11.0,13.0,47.0,46.5,375.0,-525.0,
2548,401628558,2024,regular,13,2024-11-23T01:00:00.000Z,Michigan State,Big Ten,fbs,24.0,Purdue,Big Ten,fbs,17.0,DraftKings,-14.0,Michigan State -14,-14.5,49.0,,-600.0,440.0,
2549,401628558,2024,regular,13,2024-11-23T01:00:00.000Z,Michigan State,Big Ten,fbs,24.0,Purdue,Big Ten,fbs,17.0,Bovada,-14.0,Michigan State -14.0,-13.0,48.0,48.5,-585.0,410.0,
2550,401628558,2024,regular,13,2024-11-23T01:00:00.000Z,Michigan State,Big Ten,fbs,24.0,Purdue,Big Ten,fbs,17.0,ESPN Bet,-14.5,Michigan State -14.5,-13.0,50.5,48.5,-650.0,425.0,
2551,401634176,2024,regular,9,2024-10-26T17:00:00.000Z,Indiana State,MVFC,fcs,20.0,Southern Illinois,MVFC,fcs,17.0,ESPN Bet,9.5,Southern Illinois -9.5,,47.5,,,,
2552,401643792,2024,regular,5,2024-09-28T19:30:00.000Z,Georgia State,Sun Belt,fbs,21.0,Georgia Southern,Sun Belt,fbs,38.0,DraftKings,-3.5,Georgia State -3.5,1.0,57.5,,-155.0,130.0,
2553,401643792,2024,regular,5,2024-09-28T19:30:00.000Z,Georgia State,Sun Belt,fbs,21.0,Georgia Southern,Sun Belt,fbs,38.0,ESPN Bet,-3.5,Georgia State -3.5,,56.5,57.5,-155.0,135.0,
2554,401643792,2024,regular,5,2024-09-28T19:30:00.000Z,Georgia State,Sun Belt,fbs,21.0,Georgia Southern,Sun Belt,fbs,38.0,Bovada,-3.5,Georgia State -3.5,-3.0,57.0,58.0,-165.0,140.0,
2555,401644739,2024,regular,5,2024-09-28T19:30:00.000Z,Kent State,Mid-American,fbs,33.0,Eastern Michigan,Mid-American,fbs,52.0,DraftKings,14.0,Eastern Michigan -14,12.5,46.0,,425.0,-575.0,
2556,401644739,2024,regular,5,2024-09-28T19:30:00.000Z,Kent State,Mid-American,fbs,33.0,Eastern Michigan,Mid-American,fbs,52.0,ESPN Bet,13.5,Eastern Michigan -13.5,14.0,44.5,48.5,425.0,-550.0,
2557,401644739,2024,regular,5,2024-09-28T19:30:00.000Z,Kent State,Mid-American,fbs,33.0,Eastern Michigan,Mid-American,fbs,52.0,Bovada,14.0,Eastern Michigan -14.0,14.5,46.0,48.0,475.0,-700.0,
2558,401645334,2024,regular,5,2024-09-28T20:00:00.000Z,East Carolina,American Athletic,fbs,30.0,UTSA,American Athletic,fbs,20.0,DraftKings,-2.0,East Carolina -2,-3.0,53.5,,-130.0,110.0,
2559,401645334,2024,regular,5,2024-09-28T20:00:00.000Z,East Carolina,American Athletic,fbs,30.0,UTSA,American Athletic,fbs,20.0,ESPN Bet,-1.5,East Carolina -1.5,-4.0,52.5,53.5,-130.0,110.0,
2560,401645334,2024,regular,5,2024-09-28T20:00:00.000Z,East Carolina,American Athletic,fbs,30.0,UTSA,American Athletic,fbs,20.0,Bovada,-2.5,East Carolina -2.5,-4.0,53.5,54.5,-185.0,160.0,
2561,401635561,2024,regular,5,2024-09-28T23:00:00.000Z,Clemson,ACC,fbs,40.0,Stanford,ACC,fbs,14.0,DraftKings,-24.0,Clemson -24,-22.5,58.0,,-2800.0,1300.0,
2562,401635561,2024,regular,5,2024-09-28T23:00:00.000Z,Clemson,ACC,fbs,40.0,Stanford,ACC,fbs,14.0,ESPN Bet,-23.5,Clemson -23.5,-22.0,57.5,57.5,-2500.0,1200.0,
2563,401635561,2024,regular,5,2024-09-28T23:00:00.000Z,Clemson,ACC,fbs,40.0,Stanford,ACC,fbs,14.0,Bovada,-24.0,Clemson -24.0,-21.5,58.0,58.0,-1900.0,900.0,
2564,401644738,2024,regular,5,2024-09-28T19:30:00.000Z,Ohio,Mid-American,fbs,30.0,Akron,Mid-American,fbs,10.0,DraftKings,-8.5,Ohio -8.5,-14.5,46.0,,-325.0,260.0,
2565,401644738,2024,regular,5,2024-09-28T19:30:00.000Z,Ohio,Mid-American,fbs,30.0,Akron,Mid-American,fbs,10.0,ESPN Bet,-7.5,Ohio -7.5,-11.5,45.5,46.5,-360.0,290.0,
2566,401644738,2024,regular,5,2024-09-28T19:30:00.000Z,Ohio,Mid-American,fbs,30.0,Akron,Mid-American,fbs,10.0,Bovada,-8.0,Ohio -8.0,-12.5,46.5,47.0,-510.0,370.0,
2567,401635564,2024,regular,5,2024-09-28T16:00:00.000Z,NC State,ACC,fbs,24.0,Northern Illinois,Mid-American,fbs,17.0,DraftKings,-7.0,NC State -7,-10.0,46.0,,-265.0,215.0,
2568,401635564,2024,regular,5,2024-09-28T16:00:00.000Z,NC State,ACC,fbs,24.0,Northern Illinois,Mid-American,fbs,17.0,ESPN Bet,-7.5,NC State -7.5,-7.5,46.5,47.5,-290.0,240.0,
2569,401635564,2024,regular,5,2024-09-28T16:00:00.000Z,NC State,ACC,fbs,24.0,Northern Illinois,Mid-American,fbs,17.0,Bovada,-7.0,NC State -7.0,-5.5,46.5,46.5,-270.0,220.0,
2570,401635659,2024,regular,5,2024-09-28T19:30:00.000Z,Wake Forest,ACC,fbs,38.0,Louisiana,Sun Belt,fbs,41.0,DraftKings,-3.0,Wake Forest -3,-3.0,59.5,,-155.0,130.0,
2571,401635659,2024,regular,5,2024-09-28T19:30:00.000Z,Wake Forest,ACC,fbs,38.0,Louisiana,Sun Belt,fbs,41.0,ESPN Bet,-2.5,Wake Forest -2.5,-2.5,58.5,60.5,-165.0,140.0,
2572,401635659,2024,regular,5,2024-09-28T19:30:00.000Z,Wake Forest,ACC,fbs,38.0,Louisiana,Sun Belt,fbs,41.0,Bovada,-3.0,Wake Forest -3.0,-3.5,60.0,60.5,-170.0,145.0,
2573,401643721,2024,regular,5,2024-09-28T19:30:00.000Z,Central Michigan,Mid-American,fbs,22.0,San Diego State,Mountain West,fbs,21.0,DraftKings,-2.5,Central Michigan -2.5,-1.0,47.5,,-130.0,110.0,
2574,401643721,2024,regular,5,2024-09-28T19:30:00.000Z,Central Michigan,Mid-American,fbs,22.0,San Diego State,Mountain West,fbs,21.0,ESPN Bet,-2.5,Central Michigan -2.5,,48.5,54.5,-130.0,110.0,
2575,401643721,2024,regular,5,2024-09-28T19:30:00.000Z,Central Michigan,Mid-American,fbs,22.0,San Diego State,Mountain West,fbs,21.0,Bovada,-2.5,Central Michigan -2.5,-2.5,47.0,53.0,-135.0,115.0,
2576,401628496,2024,regular,5,2024-09-28T16:00:00.000Z,Indiana,Big Ten,fbs,42.0,Maryland,Big Ten,fbs,28.0,DraftKings,-7.5,Indiana -7.5,-6.5,50.0,,-290.0,235.0,
2577,401628496,2024,regular,5,2024-09-28T16:00:00.000Z,Indiana,Big Ten,fbs,42.0,Maryland,Big Ten,fbs,28.0,ESPN Bet,-7.5,Indiana -7.5,-7.0,48.5,55.5,-300.0,250.0,
2578,401628496,2024,regular,5,2024-09-28T16:00:00.000Z,Indiana,Big Ten,fbs,42.0,Maryland,Big Ten,fbs,28.0,Bovada,-7.5,Indiana -7.5,-6.5,49.5,55.0,-275.0,225.0,
2579,401635619,2024,regular,13,2024-11-23T17:00:00.000Z,Virginia,ACC,fbs,7.0,SMU,ACC,fbs,33.0,DraftKings,11.5,SMU -11.5,9.5,54.5,,295.0,-375.0,
2580,401635619,2024,regular,13,2024-11-23T17:00:00.000Z,Virginia,ACC,fbs,7.0,SMU,ACC,fbs,33.0,Bovada,10.5,SMU -10.5,9.5,54.5,58.0,275.0,-350.0,
2581,401635619,2024,regular,13,2024-11-23T17:00:00.000Z,Virginia,ACC,fbs,7.0,SMU,ACC,fbs,33.0,ESPN Bet,10.5,SMU -10.5,9.5,53.5,58.5,340.0,-450.0,
2582,401628667,2024,regular,9,2024-10-26T17:00:00.000Z,Monmouth,CAA,fcs,14.0,Towson,CAA,fcs,26.0,ESPN Bet,-9.5,Monmouth -9.5,,62.5,,,,
2583,401643793,2024,regular,5,2024-09-28T17:30:00.000Z,James Madison,Sun Belt,fbs,63.0,Ball State,Mid-American,fbs,7.0,DraftKings,-22.0,James Madison -22,-17.0,56.5,,-1600.0,900.0,
2584,401643793,2024,regular,5,2024-09-28T17:30:00.000Z,James Madison,Sun Belt,fbs,63.0,Ball State,Mid-American,fbs,7.0,ESPN Bet,-20.5,James Madison -20.5,-20.0,54.5,56.5,-1600.0,900.0,
2585,401643793,2024,regular,5,2024-09-28T17:30:00.000Z,James Madison,Sun Belt,fbs,63.0,Ball State,Mid-American,fbs,7.0,Bovada,-22.0,James Madison -22.0,-21.0,56.5,57.0,-1400.0,750.0,
2586,401643795,2024,regular,5,2024-09-28T21:00:00.000Z,Bowling Green,Mid-American,fbs,27.0,Old Dominion,Sun Belt,fbs,30.0,DraftKings,-11.0,Bowling Green -11,-8.0,51.5,,-395.0,310.0,
2587,401643795,2024,regular,5,2024-09-28T21:00:00.000Z,Bowling Green,Mid-American,fbs,27.0,Old Dominion,Sun Belt,fbs,30.0,ESPN Bet,-11.5,Bowling Green -11.5,-9.5,51.5,49.5,-400.0,320.0,
2588,401643795,2024,regular,5,2024-09-28T21:00:00.000Z,Bowling Green,Mid-American,fbs,27.0,Old Dominion,Sun Belt,fbs,30.0,Bovada,-11.0,Bowling Green -11.0,-10.0,51.5,51.0,-380.0,290.0,
2589,401638678,2024,regular,9,2024-10-26T17:00:00.000Z,Davidson,Pioneer,fcs,38.0,Butler,Pioneer,fcs,48.0,ESPN Bet,1.0,Butler -1,,58.5,,,,
2590,401629032,2024,regular,5,2024-09-28T16:00:00.000Z,UConn,FBS Independents,fbs,47.0,Buffalo,Mid-American,fbs,3.0,DraftKings,-6.0,UConn -6,-3.0,44.5,,-218.0,180.0,
2591,401629032,2024,regular,5,2024-09-28T16:00:00.000Z,UConn,FBS Independents,fbs,47.0,Buffalo,Mid-American,fbs,3.0,ESPN Bet,-5.5,UConn -5.5,-4.0,44.5,46.5,-225.0,190.0,
2592,401629032,2024,regular,5,2024-09-28T16:00:00.000Z,UConn,FBS Independents,fbs,47.0,Buffalo,Mid-American,fbs,3.0,Bovada,-6.0,UConn -6.0,-5.0,44.5,44.5,-270.0,220.0,
2593,401635560,2024,regular,5,2024-09-28T16:00:00.000Z,Boston College,ACC,fbs,21.0,Western Kentucky,Conference USA,fbs,20.0,DraftKings,-7.5,Boston College -7.5,-11.0,48.0,,-285.0,230.0,
2594,401635560,2024,regular,5,2024-09-28T16:00:00.000Z,Boston College,ACC,fbs,21.0,Western Kentucky,Conference USA,fbs,20.0,ESPN Bet,-7.5,Boston College -7.5,-12.5,48.5,55.5,-300.0,250.0,
2595,401635560,2024,regular,5,2024-09-28T16:00:00.000Z,Boston College,ACC,fbs,21.0,Western Kentucky,Conference USA,fbs,20.0,Bovada,-7.5,Boston College -7.5,-13.0,48.0,54.5,-550.0,390.0,
2596,401629043,2024,regular,5,2024-09-28T19:30:00.000Z,Miami (OH),Mid-American,fbs,23.0,Massachusetts,FBS Independents,fbs,20.0,DraftKings,-15.5,Miami (OH) -15.5,-17.5,44.5,,-750.0,525.0,
2597,401629043,2024,regular,5,2024-09-28T19:30:00.000Z,Miami (OH),Mid-American,fbs,23.0,Massachusetts,FBS Independents,fbs,20.0,ESPN Bet,-15.5,Miami (OH) -15.5,-17.5,43.5,47.5,-700.0,500.0,
2598,401629043,2024,regular,5,2024-09-28T19:30:00.000Z,Miami (OH),Mid-American,fbs,23.0,Massachusetts,FBS Independents,fbs,20.0,Bovada,-14.5,Miami (OH) -14.5,-17.5,44.5,46.0,-950.0,600.0,
2599,401636937,2024,regular,13,2024-11-23T20:30:00.000Z,West Virginia,Big 12,fbs,31.0,UCF,Big 12,fbs,21.0,DraftKings,3.0,UCF -3,2.5,60.0,,124.0,-148.0,
2600,401636937,2024,regular,13,2024-11-23T20:30:00.000Z,West Virginia,Big 12,fbs,31.0,UCF,Big 12,fbs,21.0,Bovada,3.0,UCF -3.0,3.0,60.5,64.0,130.0,-150.0,
2601,401636937,2024,regular,13,2024-11-23T20:30:00.000Z,West Virginia,Big 12,fbs,31.0,UCF,Big 12,fbs,21.0,ESPN Bet,3.5,UCF -3.5,3.0,60.5,64.5,130.0,-150.0,
2602,401635617,2024,regular,13,2024-11-23T21:00:00.000Z,Louisville,ACC,fbs,37.0,Pittsburgh,ACC,fbs,9.0,DraftKings,-7.0,Louisville -7,-7.5,57.0,,-278.0,225.0,
2603,401635617,2024,regular,13,2024-11-23T21:00:00.000Z,Louisville,ACC,fbs,37.0,Pittsburgh,ACC,fbs,9.0,Bovada,-7.5,Louisville -7.5,-8.0,57.5,57.5,-330.0,265.0,
2604,401635617,2024,regular,13,2024-11-23T21:00:00.000Z,Louisville,ACC,fbs,37.0,Pittsburgh,ACC,fbs,9.0,ESPN Bet,-7.5,Louisville -7.5,-8.5,57.5,57.5,-275.0,225.0,
2605,401643794,2024,regular,5,2024-09-28T19:30:00.000Z,Marshall,Sun Belt,fbs,27.0,Western Michigan,Mid-American,fbs,20.0,DraftKings,-3.5,Marshall -3.5,-6.0,53.5,,-166.0,140.0,
2606,401643794,2024,regular,5,2024-09-28T19:30:00.000Z,Marshall,Sun Belt,fbs,27.0,Western Michigan,Mid-American,fbs,20.0,ESPN Bet,-3.5,Marshall -3.5,-5.5,52.5,53.5,-170.0,145.0,
2607,401643794,2024,regular,5,2024-09-28T19:30:00.000Z,Marshall,Sun Belt,fbs,27.0,Western Michigan,Mid-American,fbs,20.0,Bovada,-3.5,Marshall -3.5,-3.5,53.5,54.5,-150.0,130.0,
2608,401638680,2024,regular,9,2024-10-26T17:00:00.000Z,Stetson,Pioneer,fcs,14.0,Presbyterian,Pioneer,fcs,42.0,ESPN Bet,4.5,Presbyterian -4.5,,55.5,,,,
2609,401636935,2024,regular,13,2024-11-23T20:00:00.000Z,TCU,Big 12,fbs,49.0,Arizona,Big 12,fbs,28.0,DraftKings,-10.5,TCU -10.5,-9.5,60.0,,-425.0,330.0,
2610,401636935,2024,regular,13,2024-11-23T20:00:00.000Z,TCU,Big 12,fbs,49.0,Arizona,Big 12,fbs,28.0,Bovada,-11.0,TCU -11.0,-11.0,60.0,59.5,-470.0,345.0,
2611,401636935,2024,regular,13,2024-11-23T20:00:00.000Z,TCU,Big 12,fbs,49.0,Arizona,Big 12,fbs,28.0,ESPN Bet,-10.5,TCU -10.5,-12.0,60.5,58.5,-380.0,290.0,
2612,401636882,2024,regular,5,2024-09-28T19:30:00.000Z,Kansas,Big 12,fbs,27.0,TCU,Big 12,fbs,38.0,DraftKings,-1.5,Kansas -1.5,-1.0,58.5,,-118.0,-102.0,
2613,401636882,2024,regular,5,2024-09-28T19:30:00.000Z,Kansas,Big 12,fbs,27.0,TCU,Big 12,fbs,38.0,ESPN Bet,-1.5,Kansas -1.5,-2.0,59.5,59.5,-120.0,105.0,
2614,401636882,2024,regular,5,2024-09-28T19:30:00.000Z,Kansas,Big 12,fbs,27.0,TCU,Big 12,fbs,38.0,Bovada,-1.5,Kansas -1.5,-1.5,58.5,59.5,-125.0,105.0,
2615,401654628,2024,regular,9,2024-10-26T17:30:00.000Z,Lafayette,Patriot,fcs,28.0,Holy Cross,Patriot,fcs,34.0,ESPN Bet,2.5,Holy Cross -2.5,,52.5,,,,
2616,401636884,2024,regular,5,2024-09-29T00:00:00.000Z,Texas Tech,Big 12,fbs,44.0,Cincinnati,Big 12,fbs,41.0,DraftKings,-3.0,Texas Tech -3,-5.0,60.0,,-155.0,130.0,
2617,401636884,2024,regular,5,2024-09-29T00:00:00.000Z,Texas Tech,Big 12,fbs,44.0,Cincinnati,Big 12,fbs,41.0,ESPN Bet,-3.5,Texas Tech -3.5,-3.5,59.5,58.5,-165.0,140.0,
2618,401636884,2024,regular,5,2024-09-29T00:00:00.000Z,Texas Tech,Big 12,fbs,44.0,Cincinnati,Big 12,fbs,41.0,Bovada,-3.0,Texas Tech -3.0,-2.5,60.0,57.5,-145.0,125.0,
2619,401628560,2024,regular,13,2024-11-23T20:30:00.000Z,Nebraska,Big Ten,fbs,44.0,Wisconsin,Big Ten,fbs,25.0,DraftKings,-1.5,Nebraska -1.5,-1.5,40.5,,-118.0,-102.0,
2620,401628560,2024,regular,13,2024-11-23T20:30:00.000Z,Nebraska,Big Ten,fbs,44.0,Wisconsin,Big Ten,fbs,25.0,Bovada,-1.0,Nebraska -1.0,-2.5,40.5,42.5,-135.0,115.0,
2621,401628560,2024,regular,13,2024-11-23T20:30:00.000Z,Nebraska,Big Ten,fbs,44.0,Wisconsin,Big Ten,fbs,25.0,ESPN Bet,-1.5,Nebraska -1.5,-2.5,40.5,42.5,-115.0,-105.0,
2622,401645337,2024,regular,5,2024-09-28T16:00:00.000Z,Tulane,American Athletic,fbs,45.0,South Florida,American Athletic,fbs,10.0,DraftKings,-4.0,Tulane -4,-7.5,60.5,,-180.0,150.0,
2623,401645337,2024,regular,5,2024-09-28T16:00:00.000Z,Tulane,American Athletic,fbs,45.0,South Florida,American Athletic,fbs,10.0,ESPN Bet,-5.5,Tulane -5.5,-6.5,60.5,63.5,-175.0,150.0,
2624,401645337,2024,regular,5,2024-09-28T16:00:00.000Z,Tulane,American Athletic,fbs,45.0,South Florida,American Athletic,fbs,10.0,Bovada,-4.0,Tulane -4.0,-6.0,60.5,64.0,-210.0,175.0,
2625,401641041,2024,regular,5,2024-09-28T19:00:00.000Z,Sam Houston,Conference USA,fbs,40.0,Texas State,Sun Belt,fbs,39.0,DraftKings,11.0,Texas State -11,7.5,55.0,,320.0,-410.0,
2626,401641041,2024,regular,5,2024-09-28T19:00:00.000Z,Sam Houston,Conference USA,fbs,40.0,Texas State,Sun Belt,fbs,39.0,ESPN Bet,10.5,Texas State -10.5,8.5,54.5,55.5,340.0,-425.0,
2627,401641041,2024,regular,5,2024-09-28T19:00:00.000Z,Sam Houston,Conference USA,fbs,40.0,Texas State,Sun Belt,fbs,39.0,Bovada,11.0,Texas State -11.0,8.0,55.5,55.5,260.0,-320.0,
2628,401634138,2024,regular,9,2024-10-26T18:00:00.000Z,Wofford,Southern,fcs,7.0,East Tennessee State,Southern,fcs,24.0,ESPN Bet,9.5,East Tennessee State -9.5,,49.5,,,,
2629,401628432,2024,regular,13,2024-11-23T21:15:00.000Z,Mississippi State,SEC,fbs,20.0,Missouri,SEC,fbs,39.0,DraftKings,9.5,Missouri -9.5,6.5,58.0,,280.0,-355.0,
2630,401628432,2024,regular,13,2024-11-23T21:15:00.000Z,Mississippi State,SEC,fbs,20.0,Missouri,SEC,fbs,39.0,Bovada,9.5,Missouri -9.5,7.5,57.5,57.5,250.0,-300.0,
2631,401628432,2024,regular,13,2024-11-23T21:15:00.000Z,Mississippi State,SEC,fbs,20.0,Missouri,SEC,fbs,39.0,ESPN Bet,9.5,Missouri -9.5,8.0,57.5,56.5,280.0,-360.0,
2632,401645332,2024,regular,5,2024-09-28T16:00:00.000Z,UAB,American Athletic,fbs,18.0,Navy,American Athletic,fbs,41.0,DraftKings,4.5,Navy -4.5,0.0,56.5,,150.0,-180.0,
2633,401645332,2024,regular,5,2024-09-28T16:00:00.000Z,UAB,American Athletic,fbs,18.0,Navy,American Athletic,fbs,41.0,ESPN Bet,5.5,Navy -5.5,2.5,56.5,55.5,165.0,-195.0,
2634,401645332,2024,regular,5,2024-09-28T16:00:00.000Z,UAB,American Athletic,fbs,18.0,Navy,American Athletic,fbs,41.0,Bovada,4.5,Navy -4.5,4.0,56.5,57.5,150.0,-175.0,
2635,401628557,2024,regular,13,2024-11-23T20:30:00.000Z,Michigan,Big Ten,fbs,50.0,Northwestern,Big Ten,fbs,6.0,DraftKings,-10.5,Michigan -10.5,-13.5,35.5,,-425.0,330.0,
2636,401628557,2024,regular,13,2024-11-23T20:30:00.000Z,Michigan,Big Ten,fbs,50.0,Northwestern,Big Ten,fbs,6.0,Bovada,-10.5,Michigan -10.5,-12.0,35.0,38.0,-450.0,335.0,
2637,401628557,2024,regular,13,2024-11-23T20:30:00.000Z,Michigan,Big Ten,fbs,50.0,Northwestern,Big Ten,fbs,6.0,ESPN Bet,-10.5,Michigan -10.5,-12.5,34.5,37.5,-425.0,320.0,
2638,401628499,2024,regular,5,2024-09-28T16:00:00.000Z,Purdue,Big Ten,fbs,10.0,Nebraska,Big Ten,fbs,28.0,DraftKings,10.0,Nebraska -10,10.0,47.5,,300.0,-380.0,
2639,401628499,2024,regular,5,2024-09-28T16:00:00.000Z,Purdue,Big Ten,fbs,10.0,Nebraska,Big Ten,fbs,28.0,ESPN Bet,10.5,Nebraska -10.5,10.0,46.5,49.5,320.0,-400.0,
2640,401628499,2024,regular,5,2024-09-28T16:00:00.000Z,Purdue,Big Ten,fbs,10.0,Nebraska,Big Ten,fbs,28.0,Bovada,10.0,Nebraska -10.0,9.5,47.0,48.5,295.0,-390.0,
2641,401636934,2024,regular,13,2024-11-23T20:30:00.000Z,Oklahoma State,Big 12,fbs,48.0,Texas Tech,Big 12,fbs,56.0,DraftKings,5.0,Texas Tech -5,4.0,63.5,,150.0,-180.0,
2642,401636934,2024,regular,13,2024-11-23T20:30:00.000Z,Oklahoma State,Big 12,fbs,48.0,Texas Tech,Big 12,fbs,56.0,Bovada,5.0,Texas Tech -5.0,3.5,64.5,68.0,140.0,-165.0,
2643,401636934,2024,regular,13,2024-11-23T20:30:00.000Z,Oklahoma State,Big 12,fbs,48.0,Texas Tech,Big 12,fbs,56.0,ESPN Bet,4.5,Texas Tech -4.5,3.5,62.5,68.5,165.0,-195.0,
2644,401636931,2024,regular,13,2024-11-24T00:00:00.000Z,Houston,Big 12,fbs,10.0,Baylor,Big 12,fbs,20.0,DraftKings,7.0,Baylor -7,6.5,51.0,,215.0,-265.0,
2645,401636931,2024,regular,13,2024-11-24T00:00:00.000Z,Houston,Big 12,fbs,10.0,Baylor,Big 12,fbs,20.0,Bovada,7.0,Baylor -7.0,7.5,51.0,50.5,260.0,-320.0,
2646,401636931,2024,regular,13,2024-11-24T00:00:00.000Z,Houston,Big 12,fbs,10.0,Baylor,Big 12,fbs,20.0,ESPN Bet,6.5,Baylor -6.5,8.0,50.5,50.5,240.0,-290.0,
2647,401641025,2024,regular,5,2024-09-28T23:30:00.000Z,Memphis,American Athletic,fbs,24.0,Middle Tennessee,Conference USA,fbs,7.0,DraftKings,-27.0,Memphis -27,-23.0,62.0,,-4000.0,1600.0,
2648,401641025,2024,regular,5,2024-09-28T23:30:00.000Z,Memphis,American Athletic,fbs,24.0,Middle Tennessee,Conference USA,fbs,7.0,ESPN Bet,-27.5,Memphis -27.5,-24.5,60.5,61.5,-3500.0,1500.0,
2649,401641025,2024,regular,5,2024-09-28T23:30:00.000Z,Memphis,American Athletic,fbs,24.0,Middle Tennessee,Conference USA,fbs,7.0,Bovada,-27.0,Memphis -27.0,-26.0,61.5,61.5,-4000.0,1200.0,
2650,401628376,2024,regular,5,2024-09-28T23:45:00.000Z,LSU,SEC,fbs,42.0,South Alabama,Sun Belt,fbs,10.0,DraftKings,-21.0,LSU -21,-22.0,64.5,,-1450.0,850.0,
2651,401628376,2024,regular,5,2024-09-28T23:45:00.000Z,LSU,SEC,fbs,42.0,South Alabama,Sun Belt,fbs,10.0,ESPN Bet,-20.5,LSU -20.5,-20.5,64.5,65.5,-1600.0,900.0,
2652,401628376,2024,regular,5,2024-09-28T23:45:00.000Z,LSU,SEC,fbs,42.0,South Alabama,Sun Belt,fbs,10.0,Bovada,-21.0,LSU -21.0,-21.0,64.5,67.0,-1800.0,850.0,
2653,401628556,2024,regular,13,2024-11-23T17:00:00.000Z,Maryland,Big Ten,fbs,13.0,Iowa,Big Ten,fbs,29.0,DraftKings,4.0,Iowa -4,7.0,40.5,,154.0,-185.0,
2654,401628556,2024,regular,13,2024-11-23T17:00:00.000Z,Maryland,Big Ten,fbs,13.0,Iowa,Big Ten,fbs,29.0,Bovada,4.0,Iowa -4.0,6.5,42.0,46.5,200.0,-240.0,
2655,401628556,2024,regular,13,2024-11-23T17:00:00.000Z,Maryland,Big Ten,fbs,13.0,Iowa,Big Ten,fbs,29.0,ESPN Bet,4.5,Iowa -4.5,6.0,39.5,46.5,170.0,-200.0,
2656,401654492,2024,regular,9,2024-10-26T17:30:00.000Z,Columbia,Ivy,fcs,21.0,Dartmouth,Ivy,fcs,24.0,ESPN Bet,-3.5,Columbia -3.5,,,,,,
2657,401636880,2024,regular,5,2024-09-28T16:00:00.000Z,Baylor,Big 12,fbs,28.0,BYU,Big 12,fbs,34.0,DraftKings,-3.0,Baylor -3,-1.0,47.0,,-155.0,130.0,
2658,401636880,2024,regular,5,2024-09-28T16:00:00.000Z,Baylor,Big 12,fbs,28.0,BYU,Big 12,fbs,34.0,ESPN Bet,-3.5,Baylor -3.5,-3.0,46.5,45.5,-150.0,130.0,
2659,401636880,2024,regular,5,2024-09-28T16:00:00.000Z,Baylor,Big 12,fbs,28.0,BYU,Big 12,fbs,34.0,Bovada,-3.0,Baylor -3.0,-3.5,46.5,45.0,-160.0,135.0,
2660,401628378,2024,regular,5,2024-09-28T20:15:00.000Z,Texas,SEC,fbs,35.0,Mississippi State,SEC,fbs,13.0,DraftKings,-37.0,Texas -37,-35.5,58.5,,,,
2661,401628378,2024,regular,5,2024-09-28T20:15:00.000Z,Texas,SEC,fbs,35.0,Mississippi State,SEC,fbs,13.0,ESPN Bet,-38.5,Texas -38.5,-38.5,58.5,61.5,-20000.0,4000.0,
2662,401628378,2024,regular,5,2024-09-28T20:15:00.000Z,Texas,SEC,fbs,35.0,Mississippi State,SEC,fbs,13.0,Bovada,-37.0,Texas -37.0,-38.0,59.0,62.0,,,
2663,401636881,2024,regular,5,2024-09-28T23:00:00.000Z,Houston,Big 12,fbs,0.0,Iowa State,Big 12,fbs,20.0,DraftKings,16.0,Iowa State -16,11.0,43.0,,525.0,-750.0,
2664,401636881,2024,regular,5,2024-09-28T23:00:00.000Z,Houston,Big 12,fbs,0.0,Iowa State,Big 12,fbs,20.0,ESPN Bet,16.5,Iowa State -16.5,12.5,42.5,43.5,550.0,-800.0,
2665,401636881,2024,regular,5,2024-09-28T23:00:00.000Z,Houston,Big 12,fbs,0.0,Iowa State,Big 12,fbs,20.0,Bovada,16.5,Iowa State -16.5,14.0,43.0,43.0,450.0,-650.0,
2666,401643796,2024,regular,5,2024-09-28T23:00:00.000Z,Troy,Sun Belt,fbs,9.0,UL Monroe,Sun Belt,fbs,13.0,DraftKings,-6.0,Troy -6,-10.5,46.0,,-218.0,180.0,
2667,401643796,2024,regular,5,2024-09-28T23:00:00.000Z,Troy,Sun Belt,fbs,9.0,UL Monroe,Sun Belt,fbs,13.0,ESPN Bet,-6.5,Troy -6.5,-8.5,44.5,45.5,-240.0,200.0,
2668,401643796,2024,regular,5,2024-09-28T23:00:00.000Z,Troy,Sun Belt,fbs,9.0,UL Monroe,Sun Belt,fbs,13.0,Bovada,-6.0,Troy -6.0,-7.0,46.0,45.5,-280.0,230.0,
2669,401635615,2024,regular,13,2024-11-24T01:00:00.000Z,Duke,ACC,fbs,31.0,Virginia Tech,ACC,fbs,28.0,DraftKings,2.5,Virginia Tech -2.5,2.5,45.5,,114.0,-135.0,
2670,401635615,2024,regular,13,2024-11-24T01:00:00.000Z,Duke,ACC,fbs,31.0,Virginia Tech,ACC,fbs,28.0,Bovada,2.5,Virginia Tech -2.5,2.5,46.0,47.0,135.0,-160.0,
2671,401635615,2024,regular,13,2024-11-24T01:00:00.000Z,Duke,ACC,fbs,31.0,Virginia Tech,ACC,fbs,28.0,ESPN Bet,2.5,Virginia Tech -2.5,2.5,45.5,47.5,120.0,-140.0,
2672,401645336,2024,regular,5,2024-09-28T23:00:00.000Z,North Texas,American Athletic,fbs,52.0,Tulsa,American Athletic,fbs,20.0,DraftKings,-7.0,North Texas -7,-7.0,65.5,,-258.0,210.0,
2673,401645336,2024,regular,5,2024-09-28T23:00:00.000Z,North Texas,American Athletic,fbs,52.0,Tulsa,American Athletic,fbs,20.0,ESPN Bet,-7.5,North Texas -7.5,-7.0,65.5,68.5,-250.0,210.0,
2674,401645336,2024,regular,5,2024-09-28T23:00:00.000Z,North Texas,American Athletic,fbs,52.0,Tulsa,American Athletic,fbs,20.0,Bovada,-7.0,North Texas -7.0,-7.0,65.5,68.0,-245.0,205.0,
2675,401645333,2024,regular,5,2024-09-28T23:00:00.000Z,Rice,American Athletic,fbs,20.0,Charlotte,American Athletic,fbs,21.0,DraftKings,-4.0,Rice -4,-10.5,48.0,,-185.0,154.0,
2676,401645333,2024,regular,5,2024-09-28T23:00:00.000Z,Rice,American Athletic,fbs,20.0,Charlotte,American Athletic,fbs,21.0,ESPN Bet,-4.5,Rice -4.5,-6.5,47.5,46.5,-185.0,155.0,
2677,401645333,2024,regular,5,2024-09-28T23:00:00.000Z,Rice,American Athletic,fbs,20.0,Charlotte,American Athletic,fbs,21.0,Bovada,-4.0,Rice -4.0,-6.5,48.0,47.5,-250.0,210.0,
2678,401654552,2024,regular,9,2024-10-26T18:00:00.000Z,Norfolk State,MEAC,fcs,21.0,Howard,MEAC,fcs,20.0,ESPN Bet,-1.0,Norfolk State -1,,47.5,,,,
2679,401654608,2024,regular,9,2024-10-26T18:00:00.000Z,Robert Morris,NEC,fcs,17.0,St. Francis (PA),NEC,fcs,0.0,ESPN Bet,-6.5,Robert Morris -6.5,,46.5,,,,
2680,401635618,2024,regular,13,2024-11-23T17:00:00.000Z,Miami,ACC,fbs,42.0,Wake Forest,ACC,fbs,14.0,DraftKings,-23.5,Miami -23.5,-24.0,67.0,,-2400.0,1200.0,
2681,401635618,2024,regular,13,2024-11-23T17:00:00.000Z,Miami,ACC,fbs,42.0,Wake Forest,ACC,fbs,14.0,Bovada,-23.5,Miami -23.5,-24.0,67.5,64.5,-3500.0,1100.0,
2682,401635618,2024,regular,13,2024-11-23T17:00:00.000Z,Miami,ACC,fbs,42.0,Wake Forest,ACC,fbs,14.0,ESPN Bet,-23.5,Miami -23.5,-24.0,65.5,64.5,-2500.0,1100.0,
2683,401628497,2024,regular,5,2024-09-28T16:00:00.000Z,Michigan,Big Ten,fbs,27.0,Minnesota,Big Ten,fbs,24.0,DraftKings,-10.5,Michigan -10.5,-11.0,34.5,,-410.0,320.0,
2684,401628497,2024,regular,5,2024-09-28T16:00:00.000Z,Michigan,Big Ten,fbs,27.0,Minnesota,Big Ten,fbs,24.0,ESPN Bet,-10.5,Michigan -10.5,-10.0,34.5,39.5,-425.0,340.0,
2685,401628497,2024,regular,5,2024-09-28T16:00:00.000Z,Michigan,Big Ten,fbs,27.0,Minnesota,Big Ten,fbs,24.0,Bovada,-10.5,Michigan -10.5,-9.0,34.5,38.0,-380.0,290.0,
2686,401640981,2024,regular,5,2024-09-28T22:00:00.000Z,Florida International,Conference USA,fbs,17.0,Louisiana Tech,Conference USA,fbs,10.0,DraftKings,2.0,Louisiana Tech -2,1.0,49.0,,105.0,-125.0,
2687,401640981,2024,regular,5,2024-09-28T22:00:00.000Z,Florida International,Conference USA,fbs,17.0,Louisiana Tech,Conference USA,fbs,10.0,ESPN Bet,2.0,Louisiana Tech -2,2.5,49.5,51.5,110.0,-130.0,
2688,401640981,2024,regular,5,2024-09-28T22:00:00.000Z,Florida International,Conference USA,fbs,17.0,Louisiana Tech,Conference USA,fbs,10.0,Bovada,2.0,Louisiana Tech -2.0,3.0,48.5,52.0,130.0,-150.0,
2689,401641035,2024,regular,5,2024-09-29T00:00:00.000Z,New Mexico State,Conference USA,fbs,40.0,New Mexico,Mountain West,fbs,50.0,DraftKings,9.5,New Mexico -9.5,3.0,54.0,,280.0,-355.0,
2690,401641035,2024,regular,5,2024-09-29T00:00:00.000Z,New Mexico State,Conference USA,fbs,40.0,New Mexico,Mountain West,fbs,50.0,ESPN Bet,8.5,New Mexico -8.5,7.0,53.5,58.5,260.0,-320.0,
2691,401641035,2024,regular,5,2024-09-29T00:00:00.000Z,New Mexico State,Conference USA,fbs,40.0,New Mexico,Mountain West,fbs,50.0,Bovada,9.5,New Mexico -9.5,9.5,54.5,56.5,275.0,-350.0,
2692,401643718,2024,regular,5,2024-09-29T00:00:00.000Z,Wyoming,Mountain West,fbs,31.0,Air Force,Mountain West,fbs,19.0,DraftKings,4.0,Air Force -4,1.5,33.5,,145.0,-175.0,
2693,401643718,2024,regular,5,2024-09-29T00:00:00.000Z,Wyoming,Mountain West,fbs,31.0,Air Force,Mountain West,fbs,19.0,ESPN Bet,4.5,Air Force -4.5,2.5,33.5,36.5,150.0,-175.0,
2694,401643718,2024,regular,5,2024-09-29T00:00:00.000Z,Wyoming,Mountain West,fbs,31.0,Air Force,Mountain West,fbs,19.0,Bovada,4.0,Air Force -4.0,3.5,33.0,34.5,160.0,-185.0,
2695,401632116,2024,regular,9,2024-10-26T18:00:00.000Z,Southern Utah,UAC,fcs,28.0,West Georgia,UAC,fcs,17.0,ESPN Bet,10.5,West Georgia -10.5,,55.5,,,,
2696,401635613,2024,regular,13,2024-11-23T20:30:00.000Z,California,ACC,fbs,24.0,Stanford,ACC,fbs,21.0,DraftKings,-15.0,California -15,-13.0,53.5,,-600.0,440.0,
2697,401635613,2024,regular,13,2024-11-23T20:30:00.000Z,California,ACC,fbs,24.0,Stanford,ACC,fbs,21.0,Bovada,-14.5,California -14.5,-14.0,53.5,55.5,-675.0,460.0,
2698,401635613,2024,regular,13,2024-11-23T20:30:00.000Z,California,ACC,fbs,24.0,Stanford,ACC,fbs,21.0,ESPN Bet,-15.5,California -15.5,-14.0,52.5,55.5,-700.0,450.0,
2699,401628501,2024,regular,5,2024-09-28T00:00:00.000Z,Rutgers,Big Ten,fbs,21.0,Washington,Big Ten,fbs,18.0,ESPN Bet,-1.5,Rutgers -1.5,-2.5,44.5,45.5,-120.0,105.0,
2700,401628501,2024,regular,5,2024-09-28T00:00:00.000Z,Rutgers,Big Ten,fbs,21.0,Washington,Big Ten,fbs,18.0,Bovada,-1.0,Rutgers -1.0,-3.0,45.5,45.5,-130.0,110.0,
2701,401638347,2024,regular,9,2024-10-26T18:00:00.000Z,The Citadel,Southern,fcs,28.0,Samford,Southern,fcs,11.0,ESPN Bet,8.5,Samford -8.5,,49.5,,,,
2702,401635518,2024,regular,13,2024-11-23T17:00:00.000Z,Syracuse,ACC,fbs,31.0,UConn,FBS Independents,fbs,24.0,DraftKings,-10.0,Syracuse -10,-11.5,53.0,,-345.0,275.0,
2703,401635518,2024,regular,13,2024-11-23T17:00:00.000Z,Syracuse,ACC,fbs,31.0,UConn,FBS Independents,fbs,24.0,Bovada,-10.0,Syracuse -10.0,-11.0,54.5,54.5,-430.0,320.0,
2704,401635518,2024,regular,13,2024-11-23T17:00:00.000Z,Syracuse,ACC,fbs,31.0,UConn,FBS Independents,fbs,24.0,ESPN Bet,-9.5,Syracuse -9.5,-10.5,53.5,54.5,-380.0,290.0,
2705,401636343,2024,regular,1,2024-09-01T19:00:00.000Z,Alabama State,SWAC,fcs,24.0,North Carolina Central,MEAC,fcs,31.0,ESPN Bet,4.5,North Carolina Central -4.5,,44.5,,,,
2706,401634194,2024,regular,9,2024-10-26T18:00:00.000Z,Murray State,MVFC,fcs,6.0,North Dakota State,MVFC,fcs,59.0,ESPN Bet,35.0,North Dakota State -35,,56.5,,,,
2707,401635612,2024,regular,13,2024-11-23T17:00:00.000Z,Boston College,ACC,fbs,41.0,North Carolina,ACC,fbs,21.0,DraftKings,2.0,North Carolina -2,3.5,50.5,,105.0,-125.0,
2708,401635612,2024,regular,13,2024-11-23T17:00:00.000Z,Boston College,ACC,fbs,41.0,North Carolina,ACC,fbs,21.0,Bovada,3.0,North Carolina -3.0,2.5,51.0,56.5,130.0,-150.0,
2709,401635612,2024,regular,13,2024-11-23T17:00:00.000Z,Boston College,ACC,fbs,41.0,North Carolina,ACC,fbs,21.0,ESPN Bet,1.5,North Carolina -1.5,2.5,50.5,56.5,110.0,-130.0,
2710,401654644,2024,regular,9,2024-10-26T18:00:00.000Z,Georgetown,Patriot,fcs,21.0,Bucknell,Patriot,fcs,20.0,ESPN Bet,-5.5,Georgetown -5.5,,52.5,,,,
2711,401636933,2024,regular,13,2024-11-24T01:00:00.000Z,Kansas State,Big 12,fbs,41.0,Cincinnati,Big 12,fbs,15.0,DraftKings,-7.5,Kansas State -7.5,-8.5,54.5,,-270.0,220.0,
2712,401636933,2024,regular,13,2024-11-24T01:00:00.000Z,Kansas State,Big 12,fbs,41.0,Cincinnati,Big 12,fbs,15.0,Bovada,-7.5,Kansas State -7.5,-8.5,54.5,53.0,-330.0,265.0,
2713,401636933,2024,regular,13,2024-11-24T01:00:00.000Z,Kansas State,Big 12,fbs,41.0,Cincinnati,Big 12,fbs,15.0,ESPN Bet,-7.5,Kansas State -7.5,-9.0,54.5,52.5,-300.0,250.0,
2714,401636370,2024,regular,12,2024-11-16T20:00:00.000Z,Texas Southern,SWAC,fcs,17.0,Bethune-Cookman,SWAC,fcs,14.0,ESPN Bet,-2.5,Texas Southern -2.5,,50.5,,,,
2715,401628665,2024,regular,9,2024-10-26T18:00:00.000Z,Hampton,CAA,fcs,41.0,Elon,CAA,fcs,21.0,ESPN Bet,7.0,Elon -7,,51.5,,,,
2716,401633995,2024,regular,9,2024-10-26T18:30:00.000Z,Tennessee Tech,Big South-OVC,fcs,28.0,Charleston Southern,Big South-OVC,fcs,23.0,ESPN Bet,-7.0,Tennessee Tech -7,,44.5,,,,
2717,401628506,2024,regular,6,2024-10-05T01:00:00.000Z,Oregon,Big Ten,fbs,31.0,Michigan State,Big Ten,fbs,10.0,DraftKings,-22.5,Oregon -22.5,-26.5,53.0,,-2100.0,1100.0,
2718,401628506,2024,regular,6,2024-10-05T01:00:00.000Z,Oregon,Big Ten,fbs,31.0,Michigan State,Big Ten,fbs,10.0,Bovada,-22.5,Oregon -22.5,-24.0,53.0,52.5,-2500.0,1000.0,
2719,401628506,2024,regular,6,2024-10-05T01:00:00.000Z,Oregon,Big Ten,fbs,31.0,Michigan State,Big Ten,fbs,10.0,ESPN Bet,-21.5,Oregon -21.5,-24.0,52.5,52.5,-2000.0,1100.0,
2720,401643767,2024,regular,13,2024-11-23T03:00:00.000Z,San José State,Mountain West,fbs,16.0,UNLV,Mountain West,fbs,27.0,DraftKings,7.5,UNLV -7.5,7.5,59.5,,245.0,-305.0,
2721,401643767,2024,regular,13,2024-11-23T03:00:00.000Z,San José State,Mountain West,fbs,16.0,UNLV,Mountain West,fbs,27.0,Bovada,7.5,UNLV -7.5,7.0,60.0,62.5,255.0,-310.0,
2722,401643767,2024,regular,13,2024-11-23T03:00:00.000Z,San José State,Mountain West,fbs,16.0,UNLV,Mountain West,fbs,27.0,ESPN Bet,7.5,UNLV -7.5,8.0,59.5,62.5,240.0,-290.0,
2723,401641005,2024,regular,13,2024-11-23T17:00:00.000Z,Jacksonville State,Conference USA,fbs,21.0,Sam Houston,Conference USA,fbs,11.0,DraftKings,-5.5,Jacksonville State -5.5,-6.5,57.5,,-198.0,164.0,
2724,401641005,2024,regular,13,2024-11-23T17:00:00.000Z,Jacksonville State,Conference USA,fbs,21.0,Sam Houston,Conference USA,fbs,11.0,Bovada,-5.0,Jacksonville State -5.0,-5.5,57.0,56.0,-225.0,185.0,
2725,401641005,2024,regular,13,2024-11-23T17:00:00.000Z,Jacksonville State,Conference USA,fbs,21.0,Sam Houston,Conference USA,fbs,11.0,ESPN Bet,-5.5,Jacksonville State -5.5,-6.0,57.5,55.5,-210.0,175.0,
2726,401643837,2024,regular,13,2024-11-23T20:30:00.000Z,Coastal Carolina,Sun Belt,fbs,6.0,Georgia Southern,Sun Belt,fbs,26.0,DraftKings,-2.0,Coastal Carolina -2,-1.5,59.5,,-125.0,105.0,
2727,401643837,2024,regular,13,2024-11-23T20:30:00.000Z,Coastal Carolina,Sun Belt,fbs,6.0,Georgia Southern,Sun Belt,fbs,26.0,Bovada,-2.0,Coastal Carolina -2.0,-2.5,59.0,57.0,-130.0,110.0,
2728,401643837,2024,regular,13,2024-11-23T20:30:00.000Z,Coastal Carolina,Sun Belt,fbs,6.0,Georgia Southern,Sun Belt,fbs,26.0,ESPN Bet,-1.5,Coastal Carolina -1.5,-2.0,59.5,56.5,-130.0,110.0,
2729,401635571,2024,regular,6,2024-10-05T16:00:00.000Z,Louisville,ACC,fbs,27.0,SMU,ACC,fbs,34.0,DraftKings,-6.5,Louisville -6.5,-11.0,55.0,,-265.0,215.0,
2730,401635571,2024,regular,6,2024-10-05T16:00:00.000Z,Louisville,ACC,fbs,27.0,SMU,ACC,fbs,34.0,Bovada,-7.0,Louisville -7.0,-7.0,55.0,57.5,-270.0,220.0,
2731,401635571,2024,regular,6,2024-10-05T16:00:00.000Z,Louisville,ACC,fbs,27.0,SMU,ACC,fbs,34.0,ESPN Bet,-6.5,Louisville -6.5,-7.0,55.5,57.5,-250.0,210.0,
2732,401628662,2024,regular,9,2024-10-26T19:00:00.000Z,Delaware,CAA,fcs,28.0,UAlbany,CAA,fcs,14.0,ESPN Bet,-14.0,Delaware -14,,54.5,,,,
2733,401628380,2024,regular,6,2024-10-05T23:45:00.000Z,Florida,SEC,fbs,24.0,UCF,Big 12,fbs,13.0,DraftKings,1.0,UCF -1,1.0,62.0,,-108.0,-112.0,
2734,401628380,2024,regular,6,2024-10-05T23:45:00.000Z,Florida,SEC,fbs,24.0,UCF,Big 12,fbs,13.0,Bovada,1.0,UCF -1.0,-1.0,62.0,60.0,120.0,-140.0,
2735,401628380,2024,regular,6,2024-10-05T23:45:00.000Z,Florida,SEC,fbs,24.0,UCF,Big 12,fbs,13.0,ESPN Bet,1.5,UCF -1.5,-1.0,60.5,59.5,-115.0,-105.0,
2736,401643838,2024,regular,13,2024-11-24T00:30:00.000Z,Old Dominion,Sun Belt,fbs,35.0,Marshall,Sun Belt,fbs,42.0,DraftKings,-3.0,Old Dominion -3,2.0,51.0,,-135.0,114.0,
2737,401643838,2024,regular,13,2024-11-24T00:30:00.000Z,Old Dominion,Sun Belt,fbs,35.0,Marshall,Sun Belt,fbs,42.0,Bovada,-3.0,Old Dominion -3.0,-2.0,51.5,51.5,-125.0,105.0,
2738,401643838,2024,regular,13,2024-11-24T00:30:00.000Z,Old Dominion,Sun Belt,fbs,35.0,Marshall,Sun Belt,fbs,42.0,ESPN Bet,-2.5,Old Dominion -2.5,-2.0,51.5,51.5,-135.0,115.0,
2739,401634109,2024,regular,9,2024-10-26T19:00:00.000Z,Northern Colorado,Big Sky,fcs,0.0,Montana,Big Sky,fcs,24.0,ESPN Bet,24.0,Montana -24,,53.5,,,,
2740,401628382,2024,regular,6,2024-10-05T19:30:00.000Z,South Carolina,SEC,fbs,3.0,Ole Miss,SEC,fbs,27.0,DraftKings,10.0,Ole Miss -10,11.5,53.0,,285.0,-360.0,
2741,401628382,2024,regular,6,2024-10-05T19:30:00.000Z,South Carolina,SEC,fbs,3.0,Ole Miss,SEC,fbs,27.0,Bovada,10.0,Ole Miss -10.0,9.5,53.5,51.5,285.0,-370.0,
2742,401628382,2024,regular,6,2024-10-05T19:30:00.000Z,South Carolina,SEC,fbs,3.0,Ole Miss,SEC,fbs,27.0,ESPN Bet,10.5,Ole Miss -10.5,9.0,51.5,51.5,290.0,-360.0,
2743,401644774,2024,regular,13,2024-11-23T19:00:00.000Z,Ball State,Mid-American,fbs,13.0,Bowling Green,Mid-American,fbs,38.0,DraftKings,12.5,Bowling Green -12.5,10.0,54.5,,350.0,-455.0,
2744,401644774,2024,regular,13,2024-11-23T19:00:00.000Z,Ball State,Mid-American,fbs,13.0,Bowling Green,Mid-American,fbs,38.0,Bovada,12.5,Bowling Green -12.5,11.0,54.5,56.5,355.0,-490.0,
2745,401644774,2024,regular,13,2024-11-23T19:00:00.000Z,Ball State,Mid-American,fbs,13.0,Bowling Green,Mid-American,fbs,38.0,ESPN Bet,12.5,Bowling Green -12.5,11.0,54.5,57.5,340.0,-450.0,
2746,401635568,2024,regular,6,2024-10-06T02:30:00.000Z,California,ACC,fbs,38.0,Miami,ACC,fbs,39.0,DraftKings,10.0,Miami -10,14.0,54.0,,300.0,-380.0,
2747,401635568,2024,regular,6,2024-10-06T02:30:00.000Z,California,ACC,fbs,38.0,Miami,ACC,fbs,39.0,Bovada,10.0,Miami -10.0,12.5,54.0,55.0,345.0,-470.0,
2748,401635568,2024,regular,6,2024-10-06T02:30:00.000Z,California,ACC,fbs,38.0,Miami,ACC,fbs,39.0,ESPN Bet,8.5,Miami -8.5,12.5,53.5,55.5,300.0,-380.0,
2749,401644601,2024,regular,9,2024-10-26T19:00:00.000Z,Harvard,Ivy,fcs,45.0,Princeton,Ivy,fcs,13.0,ESPN Bet,-9.5,Harvard -9.5,,47.5,,,,
2750,401636890,2024,regular,6,2024-10-05T20:00:00.000Z,Oklahoma State,Big 12,fbs,14.0,West Virginia,Big 12,fbs,38.0,DraftKings,-2.5,Oklahoma State -2.5,-8.0,65.0,,-135.0,114.0,
2751,401636890,2024,regular,6,2024-10-05T20:00:00.000Z,Oklahoma State,Big 12,fbs,14.0,West Virginia,Big 12,fbs,38.0,Bovada,-2.5,Oklahoma State -2.5,-4.0,64.5,65.5,-185.0,160.0,
2752,401636890,2024,regular,6,2024-10-05T20:00:00.000Z,Oklahoma State,Big 12,fbs,14.0,West Virginia,Big 12,fbs,38.0,ESPN Bet,-2.5,Oklahoma State -2.5,-4.5,64.5,65.5,-140.0,120.0,
2753,401643836,2024,regular,13,2024-11-23T19:30:00.000Z,App State,Sun Belt,fbs,34.0,James Madison,Sun Belt,fbs,20.0,DraftKings,7.5,James Madison -7.5,7.0,57.5,,215.0,-265.0,
2754,401643836,2024,regular,13,2024-11-23T19:30:00.000Z,App State,Sun Belt,fbs,34.0,James Madison,Sun Belt,fbs,20.0,Bovada,7.0,James Madison -7.0,7.0,57.5,60.5,225.0,-275.0,
2755,401643836,2024,regular,13,2024-11-23T19:30:00.000Z,App State,Sun Belt,fbs,34.0,James Madison,Sun Belt,fbs,20.0,ESPN Bet,6.5,James Madison -6.5,7.0,56.5,60.5,230.0,-280.0,
2756,401645371,2024,regular,13,2024-11-23T20:00:00.000Z,Florida Atlantic,American Athletic,fbs,27.0,Charlotte,American Athletic,fbs,39.0,DraftKings,3.0,Charlotte -3,0.0,49.5,,130.0,-155.0,
2757,401645371,2024,regular,13,2024-11-23T20:00:00.000Z,Florida Atlantic,American Athletic,fbs,27.0,Charlotte,American Athletic,fbs,39.0,Bovada,3.0,Charlotte -3.0,2.5,49.5,48.0,120.0,-140.0,
2758,401645371,2024,regular,13,2024-11-23T20:00:00.000Z,Florida Atlantic,American Athletic,fbs,27.0,Charlotte,American Athletic,fbs,39.0,ESPN Bet,3.5,Charlotte -3.5,2.0,49.5,48.5,130.0,-150.0,
2759,401634017,2024,regular,9,2024-10-26T19:00:00.000Z,Northwestern State,Southland,fcs,10.0,Lamar,Southland,fcs,42.0,ESPN Bet,17.5,Lamar -17.5,,48.5,,,,
2760,401628379,2024,regular,6,2024-10-05T23:30:00.000Z,Arkansas,SEC,fbs,19.0,Tennessee,SEC,fbs,14.0,DraftKings,14.0,Tennessee -14,10.5,57.5,,410.0,-550.0,
2761,401628379,2024,regular,6,2024-10-05T23:30:00.000Z,Arkansas,SEC,fbs,19.0,Tennessee,SEC,fbs,14.0,ESPN Bet,14.5,Tennessee -14.5,13.5,57.5,59.5,425.0,-550.0,
2762,401628379,2024,regular,6,2024-10-05T23:30:00.000Z,Arkansas,SEC,fbs,19.0,Tennessee,SEC,fbs,14.0,Bovada,14.0,Tennessee -14.0,13.5,57.0,60.0,400.0,-575.0,
2763,401645375,2024,regular,13,2024-11-23T20:30:00.000Z,South Florida,American Athletic,fbs,63.0,Tulsa,American Athletic,fbs,30.0,DraftKings,-17.5,South Florida -17.5,-14.0,60.0,,-850.0,575.0,
2764,401645375,2024,regular,13,2024-11-23T20:30:00.000Z,South Florida,American Athletic,fbs,63.0,Tulsa,American Athletic,fbs,30.0,Bovada,-17.0,South Florida -17.0,-16.0,60.0,60.0,-950.0,600.0,
2765,401645375,2024,regular,13,2024-11-23T20:30:00.000Z,South Florida,American Athletic,fbs,63.0,Tulsa,American Athletic,fbs,30.0,ESPN Bet,-13.5,South Florida -13.5,-16.5,60.5,60.5,-1000.0,600.0,
2766,401645335,2024,regular,5,2024-09-28T22:00:00.000Z,Florida Atlantic,American Athletic,fbs,41.0,Wagner,NEC,fcs,10.0,ESPN Bet,-34.5,Florida Atlantic -34.5,-28.0,52.5,48.5,-10000.0,3500.0,
2767,401645335,2024,regular,5,2024-09-28T22:00:00.000Z,Florida Atlantic,American Athletic,fbs,41.0,Wagner,NEC,fcs,10.0,DraftKings,-35.0,Florida Atlantic -35,-31.5,52.0,,,,
2768,401632120,2024,regular,9,2024-10-26T19:00:00.000Z,Eastern Kentucky,UAC,fcs,28.0,Utah Tech,UAC,fcs,17.0,ESPN Bet,-20.0,Eastern Kentucky -20,,55.5,,,,
2769,401628430,2024,regular,13,2024-11-23T17:45:00.000Z,Georgia,SEC,fbs,59.0,Massachusetts,FBS Independents,fbs,21.0,DraftKings,-42.5,Georgia -42.5,-45.5,55.5,,,,
2770,401628430,2024,regular,13,2024-11-23T17:45:00.000Z,Georgia,SEC,fbs,59.0,Massachusetts,FBS Independents,fbs,21.0,Bovada,-42.0,Georgia -42.0,-43.5,55.5,56.0,,,
2771,401628430,2024,regular,13,2024-11-23T17:45:00.000Z,Georgia,SEC,fbs,59.0,Massachusetts,FBS Independents,fbs,21.0,ESPN Bet,-42.5,Georgia -42.5,-43.5,55.5,56.5,,,
2772,401654457,2024,regular,8,2024-10-18T23:00:00.000Z,Princeton,Ivy,fcs,29.0,Brown,Ivy,fcs,17.0,ESPN Bet,-2.5,Princeton -2.5,,49.5,,,,
2773,401636367,2024,regular,9,2024-10-26T19:00:00.000Z,Bethune-Cookman,SWAC,fcs,17.0,Jackson State,SWAC,fcs,37.0,ESPN Bet,17.5,Jackson State -17.5,,53.5,,,,
2774,401635565,2024,regular,5,2024-09-28T16:00:00.000Z,Syracuse,ACC,fbs,42.0,Holy Cross,Patriot,fcs,14.0,ESPN Bet,-31.5,Syracuse -31.5,-28.5,59.5,56.5,-4000.0,1800.0,
2775,401635565,2024,regular,5,2024-09-28T16:00:00.000Z,Syracuse,ACC,fbs,42.0,Holy Cross,Patriot,fcs,14.0,DraftKings,-30.0,Syracuse -30,,59.5,58.5,,,
2776,401641018,2024,regular,5,2024-09-28T22:00:00.000Z,Kennesaw State,Conference USA,fbs,13.0,UT Martin,Big South-OVC,fcs,24.0,ESPN Bet,1.5,UT Martin -1.5,-1.5,45.5,45.5,,,
2777,401641018,2024,regular,5,2024-09-28T22:00:00.000Z,Kennesaw State,Conference USA,fbs,13.0,UT Martin,Big South-OVC,fcs,24.0,DraftKings,2.0,UT Martin -2,,45.5,45.5,100.0,-120.0,
2778,401628435,2024,regular,13,2024-11-23T18:00:00.000Z,Tennessee,SEC,fbs,56.0,UTEP,Conference USA,fbs,0.0,DraftKings,-41.5,Tennessee -41.5,-41.5,54.0,,,,
2779,401628435,2024,regular,13,2024-11-23T18:00:00.000Z,Tennessee,SEC,fbs,56.0,UTEP,Conference USA,fbs,0.0,Bovada,-41.5,Tennessee -41.5,-41.0,53.0,53.0,,,
2780,401628435,2024,regular,13,2024-11-23T18:00:00.000Z,Tennessee,SEC,fbs,56.0,UTEP,Conference USA,fbs,0.0,ESPN Bet,-41.5,Tennessee -41.5,-41.5,54.5,53.5,,,
2781,401654647,2024,regular,8,2024-10-19T16:00:00.000Z,Wagner,NEC,fcs,14.0,St. Francis (PA),NEC,fcs,0.0,ESPN Bet,3.5,St. Francis (PA) -3.5,,44.5,,,,
2782,401628668,2024,regular,9,2024-10-26T19:30:00.000Z,Villanova,CAA,fcs,14.0,New Hampshire,CAA,fcs,6.0,ESPN Bet,-8.5,Villanova -8.5,,46.5,,,,
2783,401640987,2024,regular,13,2024-11-23T20:00:00.000Z,Kennesaw State,Conference USA,fbs,27.0,Florida International,Conference USA,fbs,26.0,DraftKings,9.0,Florida International -9,9.5,42.5,,260.0,-325.0,
2784,401640987,2024,regular,13,2024-11-23T20:00:00.000Z,Kennesaw State,Conference USA,fbs,27.0,Florida International,Conference USA,fbs,26.0,Bovada,9.0,Florida International -9.0,9.0,42.0,44.0,275.0,-350.0,
2785,401640987,2024,regular,13,2024-11-23T20:00:00.000Z,Kennesaw State,Conference USA,fbs,27.0,Florida International,Conference USA,fbs,26.0,ESPN Bet,8.5,Florida International -8.5,9.0,41.5,43.5,300.0,-400.0,
2786,401641027,2024,regular,13,2024-11-23T19:30:00.000Z,Middle Tennessee,Conference USA,fbs,21.0,New Mexico State,Conference USA,fbs,36.0,DraftKings,-3.5,Middle Tennessee -3.5,-4.5,54.0,,-162.0,136.0,
2787,401641027,2024,regular,13,2024-11-23T19:30:00.000Z,Middle Tennessee,Conference USA,fbs,21.0,New Mexico State,Conference USA,fbs,36.0,Bovada,-3.0,Middle Tennessee -3.0,-4.0,53.0,51.5,-170.0,145.0,
2788,401641027,2024,regular,13,2024-11-23T19:30:00.000Z,Middle Tennessee,Conference USA,fbs,21.0,New Mexico State,Conference USA,fbs,36.0,ESPN Bet,-3.5,Middle Tennessee -3.5,-3.5,53.5,50.5,-165.0,140.0,
2789,401643766,2024,regular,13,2024-11-23T20:30:00.000Z,Utah State,Mountain West,fbs,41.0,San Diego State,Mountain West,fbs,20.0,DraftKings,-5.0,Utah State -5,-4.5,60.0,,-198.0,164.0,
2790,401643766,2024,regular,13,2024-11-23T20:30:00.000Z,Utah State,Mountain West,fbs,41.0,San Diego State,Mountain West,fbs,20.0,Bovada,-5.0,Utah State -5.0,-4.0,60.0,62.0,-195.0,165.0,
2791,401643766,2024,regular,13,2024-11-23T20:30:00.000Z,Utah State,Mountain West,fbs,41.0,San Diego State,Mountain West,fbs,20.0,ESPN Bet,-4.5,Utah State -4.5,-4.0,59.5,62.5,-200.0,170.0,
2792,401634034,2024,regular,8,2024-10-19T16:00:00.000Z,Nicholls,Southland,fcs,20.0,Northwestern State,Southland,fcs,0.0,ESPN Bet,-30.0,Nicholls -30,,54.5,,,,
2793,401633996,2024,regular,9,2024-10-26T19:00:00.000Z,UT Martin,Big South-OVC,fcs,52.0,Eastern Illinois,Big South-OVC,fcs,17.0,ESPN Bet,-17.0,UT Martin -17,,54.5,,,,
2794,401643840,2024,regular,13,2024-11-23T22:00:00.000Z,Louisiana,Sun Belt,fbs,51.0,Troy,Sun Belt,fbs,30.0,DraftKings,-7.5,Louisiana -7.5,-10.5,51.5,,-285.0,230.0,
2795,401643840,2024,regular,13,2024-11-23T22:00:00.000Z,Louisiana,Sun Belt,fbs,51.0,Troy,Sun Belt,fbs,30.0,Bovada,-7.5,Louisiana -7.5,-11.5,51.5,53.0,-400.0,300.0,
2796,401643840,2024,regular,13,2024-11-23T22:00:00.000Z,Louisiana,Sun Belt,fbs,51.0,Troy,Sun Belt,fbs,30.0,ESPN Bet,-7.5,Louisiana -7.5,-12.0,51.5,53.5,-290.0,240.0,
2797,401643763,2024,regular,13,2024-11-24T03:30:00.000Z,Nevada,Mountain West,fbs,19.0,Air Force,Mountain West,fbs,22.0,DraftKings,-3.0,Nevada -3,-3.5,44.5,,-148.0,124.0,
2798,401643763,2024,regular,13,2024-11-24T03:30:00.000Z,Nevada,Mountain West,fbs,19.0,Air Force,Mountain West,fbs,22.0,Bovada,-2.5,Nevada -2.5,-4.0,45.0,44.5,-175.0,150.0,
2799,401643763,2024,regular,13,2024-11-24T03:30:00.000Z,Nevada,Mountain West,fbs,19.0,Air Force,Mountain West,fbs,22.0,ESPN Bet,-2.5,Nevada -2.5,-4.0,44.5,44.5,-140.0,120.0,
2800,401654618,2024,regular,8,2024-10-19T16:00:00.000Z,Yale,Ivy,fcs,38.0,Lehigh,Patriot,fcs,23.0,ESPN Bet,-7.0,Yale -7,,54.5,,,,
2801,401633997,2024,regular,9,2024-10-26T19:00:00.000Z,Southeast Missouri State,Big South-OVC,fcs,30.0,Gardner-Webb,Big South-OVC,fcs,24.0,ESPN Bet,-18.0,Southeast Missouri State -18,,53.5,,,,
2802,401645373,2024,regular,13,2024-11-23T19:00:00.000Z,UAB,American Athletic,fbs,40.0,Rice,American Athletic,fbs,14.0,DraftKings,7.0,Rice -7,6.5,,,205.0,-250.0,
2803,401645373,2024,regular,13,2024-11-23T19:00:00.000Z,UAB,American Athletic,fbs,40.0,Rice,American Athletic,fbs,14.0,Bovada,7.0,Rice -7.0,6.5,52.0,51.0,205.0,-245.0,
2804,401645373,2024,regular,13,2024-11-23T19:00:00.000Z,UAB,American Athletic,fbs,40.0,Rice,American Athletic,fbs,14.0,ESPN Bet,6.5,Rice -6.5,7.0,52.5,51.5,220.0,-270.0,
2805,401643842,2024,regular,13,2024-11-24T00:00:00.000Z,Texas State,Sun Belt,fbs,44.0,Georgia State,Sun Belt,fbs,52.0,DraftKings,-23.0,Texas State -23,-18.0,59.5,,-2100.0,1100.0,
2806,401643842,2024,regular,13,2024-11-24T00:00:00.000Z,Texas State,Sun Belt,fbs,44.0,Georgia State,Sun Belt,fbs,52.0,Bovada,-23.0,Texas State -23.0,-20.5,59.5,58.0,-1400.0,750.0,
2807,401643842,2024,regular,13,2024-11-24T00:00:00.000Z,Texas State,Sun Belt,fbs,44.0,Georgia State,Sun Belt,fbs,52.0,ESPN Bet,-22.5,Texas State -22.5,-20.0,59.5,57.5,-1800.0,900.0,
2808,401644600,2024,regular,8,2024-10-19T16:00:00.000Z,Harvard,Ivy,fcs,35.0,Holy Cross,Patriot,fcs,34.0,ESPN Bet,-6.5,Harvard -6.5,,53.5,,,,
2809,401628669,2024,regular,9,2024-10-26T19:30:00.000Z,Stony Brook,CAA,fcs,35.0,William & Mary,CAA,fcs,13.0,ESPN Bet,7.5,William & Mary -7.5,,52.5,,,,
2810,401628572,2024,regular,13,2024-11-24T00:00:00.000Z,Oregon State,Pac-12,fbs,41.0,Washington State,Pac-12,fbs,38.0,DraftKings,11.0,Washington State -11,12.5,57.0,,340.0,-440.0,
2811,401628572,2024,regular,13,2024-11-24T00:00:00.000Z,Oregon State,Pac-12,fbs,41.0,Washington State,Pac-12,fbs,38.0,Bovada,11.0,Washington State -11.0,12.5,56.5,56.5,360.0,-500.0,
2812,401628572,2024,regular,13,2024-11-24T00:00:00.000Z,Oregon State,Pac-12,fbs,41.0,Washington State,Pac-12,fbs,38.0,ESPN Bet,10.5,Washington State -10.5,12.5,55.5,56.5,340.0,-450.0,
2813,401643839,2024,regular,13,2024-11-23T20:00:00.000Z,Arkansas State,Sun Belt,fbs,28.0,UL Monroe,Sun Belt,fbs,21.0,DraftKings,-3.0,Arkansas State -3,-4.0,51.5,,-148.0,124.0,
2814,401643839,2024,regular,13,2024-11-23T20:00:00.000Z,Arkansas State,Sun Belt,fbs,28.0,UL Monroe,Sun Belt,fbs,21.0,Bovada,-3.0,Arkansas State -3.0,-3.0,51.5,52.5,-125.0,105.0,
2815,401643839,2024,regular,13,2024-11-23T20:00:00.000Z,Arkansas State,Sun Belt,fbs,28.0,UL Monroe,Sun Belt,fbs,21.0,ESPN Bet,-2.5,Arkansas State -2.5,-3.0,51.5,52.5,-145.0,125.0,
2816,401654597,2024,regular,8,2024-10-19T16:00:00.000Z,Robert Morris,NEC,fcs,45.0,Long Island University,NEC,fcs,31.0,ESPN Bet,-2.5,Robert Morris -2.5,,46.5,,,,
2817,401654514,2024,regular,9,2024-10-26T19:30:00.000Z,North Carolina Central,MEAC,fcs,16.0,Morgan State,MEAC,fcs,7.0,ESPN Bet,-11.0,North Carolina Central -11,,49.5,,,,
2818,401628427,2024,regular,13,2024-11-23T21:00:00.000Z,Arkansas,SEC,fbs,35.0,Louisiana Tech,Conference USA,fbs,14.0,DraftKings,-23.5,Arkansas -23.5,-23.5,48.5,,-1800.0,1000.0,
2819,401628427,2024,regular,13,2024-11-23T21:00:00.000Z,Arkansas,SEC,fbs,35.0,Louisiana Tech,Conference USA,fbs,14.0,Bovada,-23.5,Arkansas -23.5,-21.5,48.5,50.0,-1900.0,900.0,
2820,401628427,2024,regular,13,2024-11-23T21:00:00.000Z,Arkansas,SEC,fbs,35.0,Louisiana Tech,Conference USA,fbs,14.0,ESPN Bet,-23.5,Arkansas -23.5,-23.0,48.5,50.5,-2500.0,1100.0,
2821,401638673,2024,regular,8,2024-10-19T17:00:00.000Z,Butler,Pioneer,fcs,14.0,Dayton,Pioneer,fcs,21.0,ESPN Bet,-5.5,Butler -5.5,,44.5,,,,
2822,401628637,2024,regular,5,2024-09-28T22:00:00.000Z,South Carolina State,MEAC,fcs,45.0,North Carolina A&T,CAA,fcs,25.0,ESPN Bet,-3.5,South Carolina State -3.5,,46.5,,,,
2823,401633998,2024,regular,9,2024-10-26T19:00:00.000Z,Lindenwood,Big South-OVC,fcs,49.0,Western Illinois,Big South-OVC,fcs,38.0,ESPN Bet,-8.5,Lindenwood -8.5,,,,,,
2824,401643764,2024,regular,13,2024-11-24T00:00:00.000Z,Wyoming,Mountain West,fbs,13.0,Boise State,Mountain West,fbs,17.0,DraftKings,22.0,Boise State -22,22.5,54.0,,1100.0,-2100.0,
2825,401643764,2024,regular,13,2024-11-24T00:00:00.000Z,Wyoming,Mountain West,fbs,13.0,Boise State,Mountain West,fbs,17.0,Bovada,22.0,Boise State -22.0,22.5,54.0,57.5,950.0,-2000.0,
2826,401643764,2024,regular,13,2024-11-24T00:00:00.000Z,Wyoming,Mountain West,fbs,13.0,Boise State,Mountain West,fbs,17.0,ESPN Bet,25.5,Boise State -25.5,23.0,54.5,57.5,1100.0,-2500.0,
2827,401654627,2024,regular,8,2024-10-19T16:30:00.000Z,Lafayette,Patriot,fcs,31.0,Sacred Heart,FCS Independents,fcs,17.0,ESPN Bet,-17.0,Lafayette -17,,44.5,,,,
2828,401632461,2024,regular,5,2024-09-28T23:00:00.000Z,Chattanooga,Southern,fcs,45.0,Portland State,Big Sky,fcs,30.0,ESPN Bet,-11.5,Chattanooga -11.5,,56.5,,,,
2829,401654570,2024,regular,9,2024-10-26T19:00:00.000Z,Prairie View A&M,SWAC,fcs,34.0,East Texas A&M,Southland,fcs,27.0,ESPN Bet,3.0,East Texas A&M -3,,50.5,,,,
2830,401643841,2024,regular,13,2024-11-23T20:00:00.000Z,Southern Miss,Sun Belt,fbs,14.0,South Alabama,Sun Belt,fbs,35.0,DraftKings,24.0,South Alabama -24,21.5,54.0,,1200.0,-2400.0,
2831,401643841,2024,regular,13,2024-11-23T20:00:00.000Z,Southern Miss,Sun Belt,fbs,14.0,South Alabama,Sun Belt,fbs,35.0,Bovada,24.0,South Alabama -24.0,21.5,54.0,55.0,950.0,-2000.0,
2832,401643841,2024,regular,13,2024-11-23T20:00:00.000Z,Southern Miss,Sun Belt,fbs,14.0,South Alabama,Sun Belt,fbs,35.0,ESPN Bet,24.5,South Alabama -24.5,23.0,54.5,55.5,1100.0,-2500.0,
2833,401643765,2024,regular,13,2024-11-24T03:30:00.000Z,Fresno State,Mountain West,fbs,28.0,Colorado State,Mountain West,fbs,22.0,DraftKings,-3.5,Fresno State -3.5,-1.0,43.5,,-155.0,130.0,
2834,401643765,2024,regular,13,2024-11-24T03:30:00.000Z,Fresno State,Mountain West,fbs,28.0,Colorado State,Mountain West,fbs,22.0,Bovada,-3.0,Fresno State -3.0,-3.0,43.5,46.5,-170.0,145.0,
2835,401643765,2024,regular,13,2024-11-24T03:30:00.000Z,Fresno State,Mountain West,fbs,28.0,Colorado State,Mountain West,fbs,22.0,ESPN Bet,-3.5,Fresno State -3.5,-3.0,42.5,46.5,-155.0,135.0,
2836,401635572,2024,regular,6,2024-10-05T16:00:00.000Z,North Carolina,ACC,fbs,24.0,Pittsburgh,ACC,fbs,34.0,DraftKings,2.5,Pittsburgh -2.5,0.0,63.0,,114.0,-135.0,
2837,401635572,2024,regular,6,2024-10-05T16:00:00.000Z,North Carolina,ACC,fbs,24.0,Pittsburgh,ACC,fbs,34.0,Bovada,2.5,Pittsburgh -2.5,3.0,62.5,64.5,120.0,-140.0,
2838,401635572,2024,regular,6,2024-10-05T16:00:00.000Z,North Carolina,ACC,fbs,24.0,Pittsburgh,ACC,fbs,34.0,ESPN Bet,2.5,Pittsburgh -2.5,2.5,61.5,64.5,115.0,-135.0,
2839,401628655,2024,regular,8,2024-10-19T17:00:00.000Z,Maine,CAA,fcs,35.0,Villanova,CAA,fcs,7.0,ESPN Bet,13.5,Villanova -13.5,,50.5,,,,
2840,401628664,2024,regular,9,2024-10-26T20:00:00.000Z,Campbell,CAA,fcs,21.0,North Carolina A&T,CAA,fcs,7.0,ESPN Bet,-10.0,Campbell -10,,57.5,,,,
2841,401634779,2024,regular,6,2024-10-05T01:00:00.000Z,UNLV,Mountain West,fbs,41.0,Syracuse,ACC,fbs,44.0,DraftKings,-5.5,UNLV -5.5,-4.0,55.5,,-218.0,180.0,
2842,401634779,2024,regular,6,2024-10-05T01:00:00.000Z,UNLV,Mountain West,fbs,41.0,Syracuse,ACC,fbs,44.0,Bovada,-5.5,UNLV -5.5,-5.5,55.5,58.0,-250.0,210.0,
2843,401634779,2024,regular,6,2024-10-05T01:00:00.000Z,UNLV,Mountain West,fbs,41.0,Syracuse,ACC,fbs,44.0,ESPN Bet,-5.5,UNLV -5.5,-4.5,54.5,57.5,-210.0,175.0,
2844,401628659,2024,regular,8,2024-10-19T17:00:00.000Z,New Hampshire,CAA,fcs,9.0,Rhode Island,CAA,fcs,26.0,ESPN Bet,-5.0,New Hampshire -5,,51.5,,,,
2845,401632465,2024,regular,9,2024-10-26T20:00:00.000Z,Chattanooga,Southern,fcs,31.0,VMI,Southern,fcs,10.0,ESPN Bet,-30.5,Chattanooga -30.5,,46.5,,,,
2846,401628507,2024,regular,6,2024-10-05T23:30:00.000Z,Minnesota,Big Ten,fbs,24.0,USC,Big Ten,fbs,17.0,DraftKings,8.5,USC -8.5,9.5,45.5,,240.0,-298.0,
2847,401628507,2024,regular,6,2024-10-05T23:30:00.000Z,Minnesota,Big Ten,fbs,24.0,USC,Big Ten,fbs,17.0,Bovada,8.5,USC -8.5,8.5,45.5,52.0,260.0,-320.0,
2848,401628507,2024,regular,6,2024-10-05T23:30:00.000Z,Minnesota,Big Ten,fbs,24.0,USC,Big Ten,fbs,17.0,ESPN Bet,9.5,USC -9.5,9.5,44.5,52.5,270.0,-340.0,
2849,401628657,2024,regular,8,2024-10-19T17:00:00.000Z,Towson,CAA,fcs,24.0,Stony Brook,CAA,fcs,52.0,ESPN Bet,-10.0,Towson -10,,52.5,,,,
2850,401634149,2024,regular,9,2024-10-26T19:30:00.000Z,Mercer,Southern,fcs,44.0,Western Carolina,Southern,fcs,34.0,ESPN Bet,-3.5,Mercer -3.5,,55.5,,,,
2851,401654474,2024,regular,8,2024-10-19T17:00:00.000Z,Dartmouth,Ivy,fcs,20.0,Central Connecticut,NEC,fcs,16.0,ESPN Bet,-12.5,Dartmouth -12.5,,50.5,,,,
2852,401636359,2024,regular,9,2024-10-26T19:00:00.000Z,Arkansas-Pine Bluff,SWAC,fcs,35.0,Mississippi Valley State,SWAC,fcs,21.0,ESPN Bet,-11.0,Arkansas-Pine Bluff -11,,54.5,,,,
2853,401634049,2024,regular,5,2024-09-29T00:00:00.000Z,Eastern Washington,Big Sky,fcs,49.0,Montana,Big Sky,fcs,52.0,ESPN Bet,16.5,Montana -16.5,,58.5,,,,
2854,401634243,2024,regular,5,2024-09-28T18:00:00.000Z,South Dakota,MVFC,fcs,42.0,Southern Illinois,MVFC,fcs,13.0,ESPN Bet,-13.5,South Dakota -13.5,,47.5,,,,
2855,401634050,2024,regular,5,2024-09-28T20:00:00.000Z,Northern Arizona,Big Sky,fcs,34.0,Sacramento State,Big Sky,fcs,16.0,ESPN Bet,7.5,Sacramento State -7.5,,56.5,,,,
2856,401636346,2024,regular,5,2024-09-28T19:00:00.000Z,Bethune-Cookman,SWAC,fcs,21.0,Alabama State,SWAC,fcs,26.0,ESPN Bet,6.5,Alabama State -6.5,,41.5,,,,
2857,401633981,2024,regular,5,2024-09-28T22:00:00.000Z,Tennessee State,Big South-OVC,fcs,13.0,Charleston Southern,Big South-OVC,fcs,9.0,ESPN Bet,-4.0,Tennessee State -4,,47.5,,,,
2858,401628634,2024,regular,5,2024-09-28T18:00:00.000Z,Campbell,CAA,fcs,44.0,Delaware State,MEAC,fcs,41.0,ESPN Bet,-18.0,Campbell -18,,51.5,,,,
2859,401628636,2024,regular,5,2024-09-28T17:00:00.000Z,Monmouth,CAA,fcs,63.0,Fordham,Patriot,fcs,21.0,ESPN Bet,-16.0,Monmouth -16,,54.5,,,,
2860,401628632,2024,regular,5,2024-09-28T18:00:00.000Z,Elon,CAA,fcs,17.0,Richmond,CAA,fcs,27.0,ESPN Bet,0.0,Richmond -0,,46.5,,,,
2861,401636383,2024,regular,5,2024-09-28T23:00:00.000Z,Prairie View A&M,SWAC,fcs,36.0,Grambling,SWAC,fcs,34.0,ESPN Bet,-7.0,Prairie View A&M -7,,53.5,,,,
2862,401634146,2024,regular,5,2024-09-28T19:00:00.000Z,Wofford,Southern,fcs,3.0,Mercer,Southern,fcs,22.0,ESPN Bet,6.5,Mercer -6.5,,46.5,,,,
2863,401632106,2024,regular,5,2024-09-28T18:00:00.000Z,Austin Peay,UAC,fcs,17.0,Southern Utah,UAC,fcs,28.0,ESPN Bet,-1.0,Austin Peay -1,,51.5,,,,
2864,401634172,2024,regular,5,2024-09-28T17:00:00.000Z,Indiana State,MVFC,fcs,24.0,Houston Christian,Southland,fcs,27.0,ESPN Bet,-9.5,Indiana State -9.5,,47.5,,,,
2865,401632105,2024,regular,5,2024-09-28T18:00:00.000Z,West Georgia,UAC,fcs,16.0,North Alabama,UAC,fcs,25.0,ESPN Bet,3.0,North Alabama -3,,55.5,,,,
2866,401632110,2024,regular,5,2024-09-28T18:00:00.000Z,Eastern Kentucky,UAC,fcs,31.0,Robert Morris,NEC,fcs,7.0,ESPN Bet,-14.0,Eastern Kentucky -14,,50.5,,,,
2867,401634192,2024,regular,5,2024-09-28T18:00:00.000Z,North Dakota,MVFC,fcs,72.0,Murray State,MVFC,fcs,35.0,ESPN Bet,-21.0,North Dakota -21,,52.5,,,,
2868,401634184,2024,regular,5,2024-09-28T19:00:00.000Z,Missouri State,MVFC,fcs,38.0,Youngstown State,MVFC,fcs,31.0,ESPN Bet,-10.0,Missouri State -10,,54.5,,,,
2869,401628635,2024,regular,5,2024-09-28T19:30:00.000Z,Delaware,CAA,fcs,49.0,Sacred Heart,FCS Independents,fcs,0.0,ESPN Bet,-31.0,Delaware -31,,47.5,,,,
2870,401634136,2024,regular,5,2024-09-28T21:00:00.000Z,The Citadel,Southern,fcs,17.0,East Tennessee State,Southern,fcs,34.0,ESPN Bet,13.0,East Tennessee State -13,,51.5,,,,
2871,401628639,2024,regular,5,2024-09-28T22:00:00.000Z,Villanova,CAA,fcs,24.0,Long Island University,NEC,fcs,10.0,ESPN Bet,-24.0,Villanova -24,,48.5,,,,
2872,401634161,2024,regular,5,2024-09-28T19:00:00.000Z,Illinois State,MVFC,fcs,10.0,North Dakota State,MVFC,fcs,42.0,ESPN Bet,10.0,North Dakota State -10,,50.5,,,,
2873,401634048,2024,regular,5,2024-09-28T22:00:00.000Z,Idaho State,Big Sky,fcs,17.0,Montana State,Big Sky,fcs,37.0,ESPN Bet,17.5,Montana State -17.5,,59.5,,,,
2874,401633983,2024,regular,5,2024-09-28T20:00:00.000Z,Gardner-Webb,Big South-OVC,fcs,21.0,Tennessee Tech,Big South-OVC,fcs,52.0,ESPN Bet,-4.0,Gardner-Webb -4,,55.5,,,,
2875,401656601,2024,regular,5,2024-09-28T17:00:00.000Z,Pennsylvania,Ivy,fcs,27.0,Colgate,Patriot,fcs,17.0,ESPN Bet,-10.5,Pennsylvania -10.5,,49.5,,,,
2876,401654617,2024,regular,5,2024-09-28T16:00:00.000Z,Lehigh,Patriot,fcs,35.0,Bucknell,Patriot,fcs,38.0,ESPN Bet,-6.0,Lehigh -6,,53.5,,,,
2877,401654587,2024,regular,5,2024-09-28T23:00:00.000Z,Mississippi Valley State,SWAC,fcs,21.0,Alcorn State,SWAC,fcs,42.0,ESPN Bet,14.5,Alcorn State -14.5,,46.5,,,,
2878,401654553,2024,regular,5,2024-09-28T19:00:00.000Z,Norfolk State,MEAC,fcs,10.0,North Carolina Central,MEAC,fcs,37.0,ESPN Bet,10.0,North Carolina Central -10,,53.5,,,,
2879,401644597,2024,regular,5,2024-09-28T16:00:00.000Z,Brown,Ivy,fcs,31.0,Harvard,Ivy,fcs,28.0,ESPN Bet,7.0,Harvard -7,,53.5,,,,
2880,401654846,2024,regular,5,2024-09-28T20:00:00.000Z,Southeast Missouri State,Big South-OVC,fcs,19.0,Northwestern State,Southland,fcs,0.0,ESPN Bet,-33.5,Southeast Missouri State -33.5,,54.5,,,,
2881,401654506,2024,regular,5,2024-09-28T18:00:00.000Z,Cornell,Ivy,fcs,47.0,Yale,Ivy,fcs,23.0,ESPN Bet,12.0,Yale -12,,49.5,,,,
2882,401633982,2024,regular,5,2024-09-28T19:00:00.000Z,Eastern Illinois,Big South-OVC,fcs,25.0,Lindenwood,Big South-OVC,fcs,28.0,ESPN Bet,-3.0,Eastern Illinois -3,,46.5,,,,
2883,401634047,2024,regular,5,2024-09-29T02:00:00.000Z,UC Davis,Big Sky,fcs,28.0,Idaho,Big Sky,fcs,26.0,ESPN Bet,4.0,Idaho -4,,48.5,,,,
2884,401654464,2024,regular,5,2024-09-28T19:00:00.000Z,Princeton,Ivy,fcs,30.0,Howard,MEAC,fcs,13.0,ESPN Bet,-13.5,Princeton -13.5,,48.5,,,,
2885,401655617,2024,regular,5,2024-09-29T00:00:00.000Z,Weber State,Big Sky,fcs,26.0,McNeese,Southland,fcs,28.0,ESPN Bet,-13.5,Weber State -13.5,,49.5,,,,
2886,401628638,2024,regular,5,2024-09-28T19:30:00.000Z,Stony Brook,CAA,fcs,22.0,Morgan State,MEAC,fcs,3.0,ESPN Bet,-2.5,Stony Brook -2.5,,41.5,,,,
2887,401638660,2024,regular,5,2024-09-28T16:00:00.000Z,Marist,Pioneer,fcs,14.0,Dayton,Pioneer,fcs,47.0,ESPN Bet,9.5,Dayton -9.5,,46.5,,,,
2888,401654666,2024,regular,5,2024-09-28T23:00:00.000Z,Tarleton State,UAC,fcs,36.0,SE Louisiana,Southland,fcs,33.0,ESPN Bet,-8.5,Tarleton State -8.5,,55.5,,,,
2889,401628633,2024,regular,5,2024-09-28T22:00:00.000Z,William & Mary,CAA,fcs,49.0,Hampton,CAA,fcs,7.0,ESPN Bet,-14.0,William & Mary -14,,52.5,,,,
2890,401638661,2024,regular,5,2024-09-28T17:00:00.000Z,Drake,Pioneer,fcs,30.0,San Diego,Pioneer,fcs,28.0,ESPN Bet,-3.5,Drake -3.5,,44.5,,,,
2891,401634046,2024,regular,5,2024-09-28T19:00:00.000Z,Northern Colorado,Big Sky,fcs,7.0,Cal Poly,Big Sky,fcs,28.0,ESPN Bet,2.5,Cal Poly -2.5,,47.5,,,,
2892,401654471,2024,regular,5,2024-09-28T17:00:00.000Z,Merrimack,FCS Independents,fcs,14.0,Dartmouth,Ivy,fcs,16.0,ESPN Bet,11.5,Dartmouth -11.5,,43.5,,,,
2893,401636390,2024,regular,5,2024-09-28T23:00:00.000Z,Texas Southern,SWAC,fcs,14.0,Jackson State,SWAC,fcs,43.0,ESPN Bet,6.5,Jackson State -6.5,,49.5,,,,
2894,401632107,2024,regular,5,2024-09-28T23:00:00.000Z,Central Arkansas,UAC,fcs,34.0,Lamar,Southland,fcs,14.0,ESPN Bet,-17.5,Central Arkansas -17.5,,51.5,,,,
2895,401654612,2024,regular,8,2024-10-19T17:00:00.000Z,Merrimack,FCS Independents,fcs,48.0,Stonehill,NEC,fcs,28.0,ESPN Bet,-17.5,Merrimack -17.5,,49.5,,,,
2896,401634255,2024,regular,9,2024-10-26T19:30:00.000Z,Alabama A&M,SWAC,fcs,19.0,Alabama State,SWAC,fcs,27.0,ESPN Bet,2.0,Alabama State -2,,51.5,,,,
2897,401628554,2024,regular,13,2024-11-23T17:00:00.000Z,Rutgers,Big Ten,fbs,31.0,Illinois,Big Ten,fbs,38.0,Bovada,-2.0,Rutgers -2.0,-2.0,48.0,48.0,100.0,-120.0,
2898,401628554,2024,regular,13,2024-11-23T17:00:00.000Z,Rutgers,Big Ten,fbs,31.0,Illinois,Big Ten,fbs,38.0,ESPN Bet,-2.5,Rutgers -2.5,-1.5,47.5,48.5,-135.0,115.0,
2899,401643797,2024,regular,6,2024-10-03T23:00:00.000Z,Troy,Sun Belt,fbs,17.0,Texas State,Sun Belt,fbs,38.0,DraftKings,14.5,Texas State -14.5,13.5,56.0,,455.0,-625.0,
2900,401643797,2024,regular,6,2024-10-03T23:00:00.000Z,Troy,Sun Belt,fbs,17.0,Texas State,Sun Belt,fbs,38.0,Bovada,14.5,Texas State -14.5,14.5,56.0,58.0,450.0,-650.0,
2901,401643797,2024,regular,6,2024-10-03T23:00:00.000Z,Troy,Sun Belt,fbs,17.0,Texas State,Sun Belt,fbs,38.0,ESPN Bet,14.5,Texas State -14.5,14.5,55.5,57.5,475.0,-650.0,
2902,401654643,2024,regular,8,2024-10-19T17:00:00.000Z,Colgate,Patriot,fcs,38.0,Georgetown,Patriot,fcs,28.0,ESPN Bet,1.5,Georgetown -1.5,,48.5,,,,
2903,401654500,2024,regular,9,2024-10-26T19:30:00.000Z,South Carolina State,MEAC,fcs,69.0,Delaware State,MEAC,fcs,35.0,ESPN Bet,-14.5,South Carolina State -14.5,,47.5,,,,
2904,401638674,2024,regular,8,2024-10-19T17:00:00.000Z,Presbyterian,Pioneer,fcs,16.0,Drake,Pioneer,fcs,19.0,ESPN Bet,11.5,Drake -11.5,,48.5,,,,
2905,401634026,2024,regular,9,2024-10-26T20:00:00.000Z,Nicholls,Southland,fcs,24.0,McNeese,Southland,fcs,19.0,ESPN Bet,-6.5,Nicholls -6.5,,48.5,,,,
2906,401641029,2024,regular,6,2024-10-04T01:00:00.000Z,UTEP,Conference USA,fbs,21.0,Sam Houston,Conference USA,fbs,41.0,DraftKings,10.0,Sam Houston -10,10.5,49.5,,280.0,-355.0,
2907,401641029,2024,regular,6,2024-10-04T01:00:00.000Z,UTEP,Conference USA,fbs,21.0,Sam Houston,Conference USA,fbs,41.0,Bovada,10.0,Sam Houston -10.0,10.5,49.5,50.0,320.0,-430.0,
2908,401641029,2024,regular,6,2024-10-04T01:00:00.000Z,UTEP,Conference USA,fbs,21.0,Sam Houston,Conference USA,fbs,41.0,ESPN Bet,9.5,Sam Houston -9.5,10.5,49.5,49.5,290.0,-360.0,
2909,401636891,2024,regular,6,2024-10-04T23:30:00.000Z,TCU,Big 12,fbs,19.0,Houston,Big 12,fbs,30.0,DraftKings,-16.5,TCU -16.5,-17.0,52.0,,-800.0,550.0,
2910,401636891,2024,regular,6,2024-10-04T23:30:00.000Z,TCU,Big 12,fbs,19.0,Houston,Big 12,fbs,30.0,Bovada,-16.5,TCU -16.5,-16.0,52.0,50.0,-850.0,550.0,
2911,401636891,2024,regular,6,2024-10-04T23:30:00.000Z,TCU,Big 12,fbs,19.0,Houston,Big 12,fbs,30.0,ESPN Bet,-16.5,TCU -16.5,-17.0,51.5,49.5,-800.0,550.0,
2912,401641001,2024,regular,6,2024-10-04T23:00:00.000Z,Kennesaw State,Conference USA,fbs,24.0,Jacksonville State,Conference USA,fbs,63.0,DraftKings,17.5,Jacksonville State -17.5,15.5,49.5,,575.0,-850.0,
2913,401641001,2024,regular,6,2024-10-04T23:00:00.000Z,Kennesaw State,Conference USA,fbs,24.0,Jacksonville State,Conference USA,fbs,63.0,Bovada,17.0,Jacksonville State -17.0,14.0,49.5,48.5,475.0,-700.0,
2914,401641001,2024,regular,6,2024-10-04T23:00:00.000Z,Kennesaw State,Conference USA,fbs,24.0,Jacksonville State,Conference USA,fbs,63.0,ESPN Bet,17.5,Jacksonville State -17.5,14.5,49.5,48.5,550.0,-800.0,
2915,401654491,2024,regular,8,2024-10-19T17:00:00.000Z,Pennsylvania,Ivy,fcs,17.0,Columbia,Ivy,fcs,23.0,ESPN Bet,-3.5,Pennsylvania -3.5,,45.5,,,,
2916,401632122,2024,regular,9,2024-10-26T20:00:00.000Z,Austin Peay,UAC,fcs,17.0,Tarleton State,UAC,fcs,27.0,ESPN Bet,7.5,Tarleton State -7.5,,52.5,,,,
2917,401645340,2024,regular,6,2024-10-05T19:30:00.000Z,Charlotte,American Athletic,fbs,55.0,East Carolina,American Athletic,fbs,24.0,DraftKings,9.5,East Carolina -9.5,8.5,47.5,,270.0,-340.0,
2918,401645340,2024,regular,6,2024-10-05T19:30:00.000Z,Charlotte,American Athletic,fbs,55.0,East Carolina,American Athletic,fbs,24.0,Bovada,9.5,East Carolina -9.5,7.5,47.5,47.0,270.0,-340.0,
2919,401645340,2024,regular,6,2024-10-05T19:30:00.000Z,Charlotte,American Athletic,fbs,55.0,East Carolina,American Athletic,fbs,24.0,ESPN Bet,8.5,East Carolina -8.5,8.0,47.5,46.5,270.0,-340.0,
2920,401643798,2024,regular,6,2024-10-05T23:00:00.000Z,Coastal Carolina,Sun Belt,fbs,45.0,Old Dominion,Sun Belt,fbs,37.0,DraftKings,-4.0,Coastal Carolina -4,-4.0,51.5,,-180.0,150.0,
2921,401643798,2024,regular,6,2024-10-05T23:00:00.000Z,Coastal Carolina,Sun Belt,fbs,45.0,Old Dominion,Sun Belt,fbs,37.0,Bovada,-4.0,Coastal Carolina -4.0,-5.0,51.5,55.0,-200.0,170.0,
2922,401643798,2024,regular,6,2024-10-05T23:00:00.000Z,Coastal Carolina,Sun Belt,fbs,45.0,Old Dominion,Sun Belt,fbs,37.0,ESPN Bet,-4.5,Coastal Carolina -4.5,-5.0,51.5,55.5,-185.0,155.0,
2923,401654507,2024,regular,8,2024-10-19T17:00:00.000Z,Bucknell,Patriot,fcs,21.0,Cornell,Ivy,fcs,34.0,ESPN Bet,1.5,Cornell -1.5,,58.5,,,,
2924,401632123,2024,regular,9,2024-10-26T21:00:00.000Z,Central Arkansas,UAC,fcs,24.0,North Alabama,UAC,fcs,19.0,ESPN Bet,-10.0,Central Arkansas -10,,59.5,,,,
2925,401645338,2024,regular,6,2024-10-05T17:00:00.000Z,UAB,American Athletic,fbs,20.0,Tulane,American Athletic,fbs,71.0,DraftKings,19.5,Tulane -19.5,13.5,52.0,,750.0,-1200.0,
2926,401645338,2024,regular,6,2024-10-05T17:00:00.000Z,UAB,American Athletic,fbs,20.0,Tulane,American Athletic,fbs,71.0,Bovada,20.0,Tulane -20.0,14.5,52.0,55.0,475.0,-700.0,
2927,401645338,2024,regular,6,2024-10-05T17:00:00.000Z,UAB,American Athletic,fbs,20.0,Tulane,American Athletic,fbs,71.0,ESPN Bet,18.5,Tulane -18.5,15.0,51.5,55.5,750.0,-1200.0,
2928,401635638,2024,regular,6,2024-10-05T16:00:00.000Z,NC State,ACC,fbs,30.0,Wake Forest,ACC,fbs,34.0,DraftKings,-4.0,NC State -4,-6.0,52.5,,-185.0,154.0,
2929,401635638,2024,regular,6,2024-10-05T16:00:00.000Z,NC State,ACC,fbs,30.0,Wake Forest,ACC,fbs,34.0,ESPN Bet,-4.5,NC State -4.5,-4.5,52.5,55.5,-185.0,155.0,
2930,401635638,2024,regular,6,2024-10-05T16:00:00.000Z,NC State,ACC,fbs,30.0,Wake Forest,ACC,fbs,34.0,Bovada,-4.0,NC State -4.0,-5.5,52.5,54.5,-195.0,165.0,
2931,401634185,2024,regular,9,2024-10-26T21:00:00.000Z,Northern Iowa,MVFC,fcs,42.0,Missouri State,MVFC,fcs,49.0,ESPN Bet,10.5,Missouri State -10.5,,53.5,,,,
2932,401644741,2024,regular,6,2024-10-05T18:00:00.000Z,Ball State,Mid-American,fbs,42.0,Western Michigan,Mid-American,fbs,45.0,DraftKings,10.0,Western Michigan -10,7.5,57.5,,285.0,-360.0,
2933,401644741,2024,regular,6,2024-10-05T18:00:00.000Z,Ball State,Mid-American,fbs,42.0,Western Michigan,Mid-American,fbs,45.0,Bovada,10.0,Western Michigan -10.0,7.5,58.0,56.5,280.0,-360.0,
2934,401644741,2024,regular,6,2024-10-05T18:00:00.000Z,Ball State,Mid-American,fbs,42.0,Western Michigan,Mid-American,fbs,45.0,ESPN Bet,10.5,Western Michigan -10.5,7.5,57.5,56.5,290.0,-360.0,
2935,401643799,2024,regular,6,2024-10-05T19:30:00.000Z,Marshall,Sun Belt,fbs,52.0,App State,Sun Belt,fbs,37.0,DraftKings,-3.0,Marshall -3,-1.0,56.5,,-155.0,130.0,
2936,401643799,2024,regular,6,2024-10-05T19:30:00.000Z,Marshall,Sun Belt,fbs,52.0,App State,Sun Belt,fbs,37.0,Bovada,-3.0,Marshall -3.0,-2.0,56.5,58.0,-145.0,125.0,
2937,401643799,2024,regular,6,2024-10-05T19:30:00.000Z,Marshall,Sun Belt,fbs,52.0,App State,Sun Belt,fbs,37.0,ESPN Bet,-3.5,Marshall -3.5,-1.5,56.5,58.5,-155.0,135.0,
2938,401635570,2024,regular,6,2024-10-06T00:00:00.000Z,Georgia Tech,ACC,fbs,24.0,Duke,ACC,fbs,14.0,DraftKings,-10.0,Georgia Tech -10,-8.0,52.5,,-375.0,295.0,
2939,401635570,2024,regular,6,2024-10-06T00:00:00.000Z,Georgia Tech,ACC,fbs,24.0,Duke,ACC,fbs,14.0,Bovada,-10.0,Georgia Tech -10.0,-7.5,52.5,53.5,-300.0,250.0,
2940,401635570,2024,regular,6,2024-10-06T00:00:00.000Z,Georgia Tech,ACC,fbs,24.0,Duke,ACC,fbs,14.0,ESPN Bet,,,-8.0,51.5,54.5,-360.0,290.0,
2941,401632464,2024,regular,8,2024-10-19T17:30:00.000Z,Chattanooga,Southern,fcs,37.0,Wofford,Southern,fcs,5.0,ESPN Bet,-15.5,Chattanooga -15.5,,44.5,,,,
2942,401643722,2024,regular,6,2024-10-05T16:00:00.000Z,Air Force,Mountain West,fbs,7.0,Navy,American Athletic,fbs,34.0,DraftKings,10.0,Navy -10,7.0,37.0,,320.0,-410.0,
2943,401643722,2024,regular,6,2024-10-05T16:00:00.000Z,Air Force,Mountain West,fbs,7.0,Navy,American Athletic,fbs,34.0,Bovada,10.0,Navy -10.0,8.5,37.0,36.0,275.0,-350.0,
2944,401643722,2024,regular,6,2024-10-05T16:00:00.000Z,Air Force,Mountain West,fbs,7.0,Navy,American Athletic,fbs,34.0,ESPN Bet,9.5,Navy -9.5,8.5,37.5,36.5,300.0,-380.0,
2945,401635567,2024,regular,6,2024-10-05T16:00:00.000Z,Virginia,ACC,fbs,24.0,Boston College,ACC,fbs,14.0,DraftKings,-2.0,Virginia -2,-2.5,52.5,,-122.0,102.0,
2946,401635567,2024,regular,6,2024-10-05T16:00:00.000Z,Virginia,ACC,fbs,24.0,Boston College,ACC,fbs,14.0,ESPN Bet,-1.5,Virginia -1.5,-3.0,53.5,50.5,-125.0,105.0,
2947,401635567,2024,regular,6,2024-10-05T16:00:00.000Z,Virginia,ACC,fbs,24.0,Boston College,ACC,fbs,14.0,Bovada,-2.0,Virginia -2.0,-3.5,52.5,50.0,-145.0,125.0,
2948,401629044,2024,regular,6,2024-10-05T16:00:00.000Z,Northern Illinois,Mid-American,fbs,34.0,Massachusetts,FBS Independents,fbs,20.0,DraftKings,-14.0,Northern Illinois -14,-16.5,41.0,,-575.0,425.0,
2949,401629044,2024,regular,6,2024-10-05T16:00:00.000Z,Northern Illinois,Mid-American,fbs,34.0,Massachusetts,FBS Independents,fbs,20.0,Bovada,-14.0,Northern Illinois -14.0,-17.0,41.0,45.0,-950.0,600.0,
2950,401629044,2024,regular,6,2024-10-05T16:00:00.000Z,Northern Illinois,Mid-American,fbs,34.0,Massachusetts,FBS Independents,fbs,20.0,ESPN Bet,-13.5,Northern Illinois -13.5,-17.5,40.5,46.5,-650.0,475.0,
2951,401644740,2024,regular,6,2024-10-05T19:30:00.000Z,Akron,Mid-American,fbs,20.0,Bowling Green,Mid-American,fbs,27.0,DraftKings,17.0,Bowling Green -17,14.5,48.5,,525.0,-750.0,
2952,401644740,2024,regular,6,2024-10-05T19:30:00.000Z,Akron,Mid-American,fbs,20.0,Bowling Green,Mid-American,fbs,27.0,Bovada,16.5,Bowling Green -16.5,15.5,48.5,51.0,475.0,-700.0,
2953,401644740,2024,regular,6,2024-10-05T19:30:00.000Z,Akron,Mid-American,fbs,20.0,Bowling Green,Mid-American,fbs,27.0,ESPN Bet,16.5,Bowling Green -16.5,14.5,48.5,51.5,500.0,-700.0,
2954,401644684,2024,regular,6,2024-10-05T19:30:00.000Z,Toledo,Mid-American,fbs,30.0,Miami (OH),Mid-American,fbs,20.0,DraftKings,-4.5,Toledo -4.5,-8.0,44.0,,-192.0,160.0,
2955,401644684,2024,regular,6,2024-10-05T19:30:00.000Z,Toledo,Mid-American,fbs,30.0,Miami (OH),Mid-American,fbs,20.0,Bovada,-4.5,Toledo -4.5,-7.0,43.5,44.0,-250.0,210.0,
2956,401644684,2024,regular,6,2024-10-05T19:30:00.000Z,Toledo,Mid-American,fbs,30.0,Miami (OH),Mid-American,fbs,20.0,ESPN Bet,-5.5,Toledo -5.5,-7.0,43.5,43.5,-195.0,165.0,
2957,401628656,2024,regular,8,2024-10-19T17:00:00.000Z,North Carolina A&T,CAA,fcs,17.0,Hampton,CAA,fcs,59.0,ESPN Bet,1.5,Hampton -1.5,,58.5,,,,
2958,401634203,2024,regular,9,2024-10-26T22:00:00.000Z,Youngstown State,MVFC,fcs,41.0,North Dakota,MVFC,fcs,40.0,ESPN Bet,9.5,North Dakota -9.5,,60.5,,,,
2959,401628384,2024,regular,6,2024-10-05T20:15:00.000Z,Vanderbilt,SEC,fbs,40.0,Alabama,SEC,fbs,35.0,DraftKings,23.5,Alabama -23.5,24.0,53.5,,1200.0,-2400.0,
2960,401628384,2024,regular,6,2024-10-05T20:15:00.000Z,Vanderbilt,SEC,fbs,40.0,Alabama,SEC,fbs,35.0,Bovada,23.0,Alabama -23.0,24.0,53.5,55.0,1000.0,-2200.0,
2961,401628384,2024,regular,6,2024-10-05T20:15:00.000Z,Vanderbilt,SEC,fbs,40.0,Alabama,SEC,fbs,35.0,ESPN Bet,22.5,Alabama -22.5,24.0,53.5,54.5,1100.0,-2000.0,
2962,401643723,2024,regular,6,2024-10-05T23:00:00.000Z,Boise State,Mountain West,fbs,62.0,Utah State,Mountain West,fbs,30.0,DraftKings,-28.0,Boise State -28,-25.0,66.5,,-6500.0,2000.0,
2963,401643723,2024,regular,6,2024-10-05T23:00:00.000Z,Boise State,Mountain West,fbs,62.0,Utah State,Mountain West,fbs,30.0,Bovada,-28.0,Boise State -28.0,-26.5,66.5,65.5,-5000.0,1200.0,
2964,401643723,2024,regular,6,2024-10-05T23:00:00.000Z,Boise State,Mountain West,fbs,62.0,Utah State,Mountain West,fbs,30.0,ESPN Bet,-27.5,Boise State -27.5,-26.0,66.5,65.5,-3500.0,1500.0,
2965,401636888,2024,regular,6,2024-10-06T00:00:00.000Z,Arizona State,Big 12,fbs,35.0,Kansas,Big 12,fbs,31.0,DraftKings,-2.5,Arizona State -2.5,-1.5,50.0,,-130.0,110.0,
2966,401636888,2024,regular,6,2024-10-06T00:00:00.000Z,Arizona State,Big 12,fbs,35.0,Kansas,Big 12,fbs,31.0,Bovada,-2.5,Arizona State -2.5,-2.5,50.0,50.5,-150.0,130.0,
2967,401636888,2024,regular,6,2024-10-06T00:00:00.000Z,Arizona State,Big 12,fbs,35.0,Kansas,Big 12,fbs,31.0,ESPN Bet,-2.5,Arizona State -2.5,-3.0,48.5,50.5,-130.0,110.0,
2968,401638676,2024,regular,8,2024-10-19T17:00:00.000Z,Davidson,Pioneer,fcs,70.0,Stetson,Pioneer,fcs,48.0,ESPN Bet,-18.5,Davidson -18.5,,58.5,,,,
2969,401634108,2024,regular,9,2024-10-26T22:00:00.000Z,Idaho State,Big Sky,fcs,30.0,Sacramento State,Big Sky,fcs,27.0,ESPN Bet,7.5,Sacramento State -7.5,,61.5,,,,
2970,401628503,2024,regular,6,2024-10-05T19:30:00.000Z,Northwestern,Big Ten,fbs,24.0,Indiana,Big Ten,fbs,41.0,DraftKings,12.5,Indiana -12.5,10.5,40.5,,400.0,-535.0,
2971,401628503,2024,regular,6,2024-10-05T19:30:00.000Z,Northwestern,Big Ten,fbs,24.0,Indiana,Big Ten,fbs,41.0,Bovada,12.5,Indiana -12.5,13.5,40.5,42.5,410.0,-585.0,
2972,401628503,2024,regular,6,2024-10-05T19:30:00.000Z,Northwestern,Big Ten,fbs,24.0,Indiana,Big Ten,fbs,41.0,ESPN Bet,12.5,Indiana -12.5,13.5,38.5,42.5,425.0,-550.0,
2973,401636887,2024,regular,6,2024-10-06T03:00:00.000Z,Arizona,Big 12,fbs,22.0,Texas Tech,Big 12,fbs,28.0,DraftKings,-6.0,Arizona -6,-5.0,64.0,,-218.0,180.0,
2974,401636887,2024,regular,6,2024-10-06T03:00:00.000Z,Arizona,Big 12,fbs,22.0,Texas Tech,Big 12,fbs,28.0,Bovada,-6.0,Arizona -6.0,-6.0,63.5,62.5,-225.0,185.0,
2975,401636887,2024,regular,6,2024-10-06T03:00:00.000Z,Arizona,Big 12,fbs,22.0,Texas Tech,Big 12,fbs,28.0,ESPN Bet,-5.5,Arizona -5.5,-5.0,62.5,62.5,-210.0,175.0,
2976,401638346,2024,regular,8,2024-10-19T17:30:00.000Z,VMI,Southern,fcs,10.0,The Citadel,Southern,fcs,13.0,ESPN Bet,4.0,The Citadel -4,,47.5,,,,
2977,401636385,2024,regular,9,2024-10-26T23:00:00.000Z,Texas Southern,SWAC,fcs,24.0,Grambling,SWAC,fcs,17.0,ESPN Bet,-1.0,Texas Southern -1,,49.5,,,,
2978,401645339,2024,regular,6,2024-10-05T16:00:00.000Z,Tulsa,American Athletic,fbs,7.0,Army,American Athletic,fbs,49.0,DraftKings,13.5,Army -13.5,8.5,50.5,,410.0,-550.0,
2979,401645339,2024,regular,6,2024-10-05T16:00:00.000Z,Tulsa,American Athletic,fbs,7.0,Army,American Athletic,fbs,49.0,Bovada,14.0,Army -14.0,10.5,50.5,,330.0,-440.0,
2980,401645339,2024,regular,6,2024-10-05T16:00:00.000Z,Tulsa,American Athletic,fbs,7.0,Army,American Athletic,fbs,49.0,ESPN Bet,13.5,Army -13.5,11.0,50.5,50.5,450.0,-600.0,
2981,401635573,2024,regular,6,2024-10-05T19:30:00.000Z,Stanford,ACC,fbs,7.0,Virginia Tech,ACC,fbs,31.0,DraftKings,9.5,Virginia Tech -9.5,6.5,50.0,,275.0,-345.0,
2982,401635573,2024,regular,6,2024-10-05T19:30:00.000Z,Stanford,ACC,fbs,7.0,Virginia Tech,ACC,fbs,31.0,Bovada,8.5,Virginia Tech -8.5,6.5,49.5,53.5,255.0,-310.0,
2983,401635573,2024,regular,6,2024-10-05T19:30:00.000Z,Stanford,ACC,fbs,7.0,Virginia Tech,ACC,fbs,31.0,ESPN Bet,9.5,Virginia Tech -9.5,6.0,49.5,53.5,280.0,-350.0,
2984,401643726,2024,regular,6,2024-10-05T23:30:00.000Z,San José State,Mountain West,fbs,35.0,Nevada,Mountain West,fbs,31.0,DraftKings,-7.0,San José State -7,-10.0,51.5,,-285.0,230.0,
2985,401643726,2024,regular,6,2024-10-05T23:30:00.000Z,San José State,Mountain West,fbs,35.0,Nevada,Mountain West,fbs,31.0,ESPN Bet,-7.5,San José State -7.5,-7.0,51.5,48.5,-250.0,210.0,
2986,401643726,2024,regular,6,2024-10-05T23:30:00.000Z,San José State,Mountain West,fbs,35.0,Nevada,Mountain West,fbs,31.0,Bovada,-7.0,San José State -7.0,-7.0,51.0,48.0,-280.0,230.0,
2987,401634202,2024,regular,8,2024-10-19T18:00:00.000Z,North Dakota,MVFC,fcs,31.0,Northern Iowa,MVFC,fcs,7.0,ESPN Bet,-16.0,North Dakota -16,,55.5,,,,
2988,401636376,2024,regular,9,2024-10-26T23:00:00.000Z,Florida A&M,SWAC,fcs,24.0,Southern,SWAC,fcs,6.0,ESPN Bet,-10.5,Florida A&M -10.5,,47.5,,,,
2989,401629033,2024,regular,6,2024-10-05T19:30:00.000Z,UConn,FBS Independents,fbs,29.0,Temple,American Athletic,fbs,20.0,DraftKings,-17.5,UConn -17.5,-11.0,49.0,,-800.0,550.0,
2990,401629033,2024,regular,6,2024-10-05T19:30:00.000Z,UConn,FBS Independents,fbs,29.0,Temple,American Athletic,fbs,20.0,Bovada,-17.5,UConn -17.5,-14.0,49.5,50.0,-800.0,525.0,
2991,401629033,2024,regular,6,2024-10-05T19:30:00.000Z,UConn,FBS Independents,fbs,29.0,Temple,American Athletic,fbs,20.0,ESPN Bet,-17.5,UConn -17.5,-14.0,48.5,50.5,-900.0,600.0,
2992,401636889,2024,regular,6,2024-10-05T23:30:00.000Z,Iowa State,Big 12,fbs,43.0,Baylor,Big 12,fbs,21.0,DraftKings,-13.0,Iowa State -13,-13.0,45.0,,-500.0,380.0,
2993,401636889,2024,regular,6,2024-10-05T23:30:00.000Z,Iowa State,Big 12,fbs,43.0,Baylor,Big 12,fbs,21.0,Bovada,-13.0,Iowa State -13.0,-13.0,45.0,46.5,-585.0,410.0,
2994,401636889,2024,regular,6,2024-10-05T23:30:00.000Z,Iowa State,Big 12,fbs,43.0,Baylor,Big 12,fbs,21.0,ESPN Bet,-12.5,Iowa State -12.5,-13.0,45.5,46.5,-450.0,360.0,
2995,401633993,2024,regular,8,2024-10-19T17:30:00.000Z,Gardner-Webb,Big South-OVC,fcs,42.0,Lindenwood,Big South-OVC,fcs,35.0,ESPN Bet,-2.5,Gardner-Webb -2.5,,50.5,,,,
2996,401675120,2024,regular,9,2024-10-26T23:00:00.000Z,Stephen F. Austin,Southland,fcs,55.0,Houston Christian,Southland,fcs,6.0,ESPN Bet,-14.5,Stephen F. Austin -14.5,,55.5,,,,
2997,401643802,2024,regular,6,2024-10-05T23:00:00.000Z,Southern Miss,Sun Belt,fbs,13.0,Louisiana,Sun Belt,fbs,23.0,DraftKings,17.5,Louisiana -17.5,11.5,57.5,,575.0,-850.0,
2998,401643802,2024,regular,6,2024-10-05T23:00:00.000Z,Southern Miss,Sun Belt,fbs,13.0,Louisiana,Sun Belt,fbs,23.0,ESPN Bet,16.5,Louisiana -16.5,14.5,56.5,57.5,550.0,-800.0,
2999,401643802,2024,regular,6,2024-10-05T23:00:00.000Z,Southern Miss,Sun Belt,fbs,13.0,Louisiana,Sun Belt,fbs,23.0,Bovada,17.5,Louisiana -17.5,15.0,57.5,57.5,460.0,-675.0,
3000,401643800,2024,regular,6,2024-10-05T23:00:00.000Z,Arkansas State,Sun Belt,fbs,18.0,South Alabama,Sun Belt,fbs,16.0,DraftKings,2.5,South Alabama -2.5,4.5,62.5,,120.0,-142.0,
3001,401643800,2024,regular,6,2024-10-05T23:00:00.000Z,Arkansas State,Sun Belt,fbs,18.0,South Alabama,Sun Belt,fbs,16.0,ESPN Bet,2.5,South Alabama -2.5,3.5,62.5,62.5,115.0,-135.0,
3002,401643800,2024,regular,6,2024-10-05T23:00:00.000Z,Arkansas State,Sun Belt,fbs,18.0,South Alabama,Sun Belt,fbs,16.0,Bovada,2.5,South Alabama -2.5,2.5,62.5,62.0,130.0,-150.0,
3003,401643801,2024,regular,6,2024-10-05T23:00:00.000Z,UL Monroe,Sun Belt,fbs,21.0,James Madison,Sun Belt,fbs,19.0,DraftKings,16.5,James Madison -16.5,13.5,48.5,,525.0,-750.0,
3004,401643801,2024,regular,6,2024-10-05T23:00:00.000Z,UL Monroe,Sun Belt,fbs,21.0,James Madison,Sun Belt,fbs,19.0,Bovada,16.5,James Madison -16.5,16.0,48.0,49.0,550.0,-850.0,
3005,401643801,2024,regular,6,2024-10-05T23:00:00.000Z,UL Monroe,Sun Belt,fbs,21.0,James Madison,Sun Belt,fbs,19.0,ESPN Bet,16.5,James Madison -16.5,15.5,47.5,48.5,550.0,-800.0,
3006,401638345,2024,regular,8,2024-10-19T18:00:00.000Z,Furman,Southern,fcs,20.0,Western Carolina,Southern,fcs,52.0,ESPN Bet,6.5,Western Carolina -6.5,,55.5,,,,
3007,401634032,2024,regular,9,2024-10-26T23:00:00.000Z,SE Louisiana,Southland,fcs,31.0,Incarnate Word,Southland,fcs,34.0,ESPN Bet,6.5,Incarnate Word -6.5,,56.5,,,,
3008,401643724,2024,regular,6,2024-10-05T22:30:00.000Z,Oregon State,Pac-12,fbs,39.0,Colorado State,Mountain West,fbs,31.0,DraftKings,-10.0,Oregon State -10,-14.0,47.0,,-380.0,300.0,
3009,401643724,2024,regular,6,2024-10-05T22:30:00.000Z,Oregon State,Pac-12,fbs,39.0,Colorado State,Mountain West,fbs,31.0,Bovada,-10.5,Oregon State -10.5,-14.0,47.0,47.5,-585.0,410.0,
3010,401643724,2024,regular,6,2024-10-05T22:30:00.000Z,Oregon State,Pac-12,fbs,39.0,Colorado State,Mountain West,fbs,31.0,ESPN Bet,-10.5,Oregon State -10.5,-14.0,47.5,47.5,-425.0,340.0,
3011,401643725,2024,regular,6,2024-10-06T00:00:00.000Z,San Diego State,Mountain West,fbs,27.0,Hawai'i,Mountain West,fbs,24.0,DraftKings,-1.5,San Diego State -1.5,-4.0,47.5,,-115.0,-105.0,
3012,401643725,2024,regular,6,2024-10-06T00:00:00.000Z,San Diego State,Mountain West,fbs,27.0,Hawai'i,Mountain West,fbs,24.0,ESPN Bet,-1.5,San Diego State -1.5,-3.0,48.5,47.5,-125.0,105.0,
3013,401643725,2024,regular,6,2024-10-06T00:00:00.000Z,San Diego State,Mountain West,fbs,27.0,Hawai'i,Mountain West,fbs,24.0,Bovada,-1.5,San Diego State -1.5,-3.0,47.5,47.0,-130.0,110.0,
3014,401634175,2024,regular,8,2024-10-19T19:00:00.000Z,Missouri State,MVFC,fcs,46.0,Indiana State,MVFC,fcs,21.0,ESPN Bet,-27.0,Missouri State -27,,50.5,,,,
3015,401634218,2024,regular,9,2024-10-26T23:30:00.000Z,South Dakota State,MVFC,fcs,20.0,South Dakota,MVFC,fcs,17.0,ESPN Bet,-8.5,South Dakota State -8.5,,49.5,,,,
3016,401628509,2024,regular,6,2024-10-05T16:00:00.000Z,Wisconsin,Big Ten,fbs,52.0,Purdue,Big Ten,fbs,6.0,DraftKings,-12.0,Wisconsin -12,-10.0,44.5,,-485.0,370.0,
3017,401628509,2024,regular,6,2024-10-05T16:00:00.000Z,Wisconsin,Big Ten,fbs,52.0,Purdue,Big Ten,fbs,6.0,Bovada,-12.0,Wisconsin -12.0,-14.0,44.5,47.0,-550.0,390.0,
3018,401628509,2024,regular,6,2024-10-05T16:00:00.000Z,Wisconsin,Big Ten,fbs,52.0,Purdue,Big Ten,fbs,6.0,ESPN Bet,-11.5,Wisconsin -11.5,-12.0,45.5,46.5,-450.0,360.0,
3019,401628510,2024,regular,6,2024-10-05T16:00:00.000Z,Penn State,Big Ten,fbs,27.0,UCLA,Big Ten,fbs,11.0,DraftKings,-30.0,Penn State -30,-27.5,48.0,,-9000.0,2500.0,
3020,401628510,2024,regular,6,2024-10-05T16:00:00.000Z,Penn State,Big Ten,fbs,27.0,UCLA,Big Ten,fbs,11.0,Bovada,-29.5,Penn State -29.5,-28.5,47.5,45.0,-10000.0,1600.0,
3021,401628510,2024,regular,6,2024-10-05T16:00:00.000Z,Penn State,Big Ten,fbs,27.0,UCLA,Big Ten,fbs,11.0,ESPN Bet,-29.5,Penn State -29.5,-28.0,47.5,45.5,-5000.0,2000.0,
3022,401638659,2024,regular,5,2024-09-29T21:00:00.000Z,Presbyterian,Pioneer,fcs,37.0,Davidson,Pioneer,fcs,48.0,ESPN Bet,-12.5,Presbyterian -12.5,,55.5,,,,
3023,401636366,2024,regular,8,2024-10-19T19:00:00.000Z,Mississippi Valley State,SWAC,fcs,10.0,Bethune-Cookman,SWAC,fcs,20.0,ESPN Bet,8.5,Bethune-Cookman -8.5,,52.5,,,,
3024,401634107,2024,regular,9,2024-10-27T01:00:00.000Z,Idaho,Big Sky,fcs,38.0,Eastern Washington,Big Sky,fcs,28.0,ESPN Bet,-9.0,Idaho -9,,61.5,,,,
3025,401628631,2024,regular,5,2024-09-28T19:30:00.000Z,UAlbany,CAA,fcs,20.0,Maine,CAA,fcs,34.0,ESPN Bet,-10.0,UAlbany -10,,51.5,,,,
3026,401654488,2024,regular,5,2024-09-28T16:30:00.000Z,Georgetown,Patriot,fcs,20.0,Columbia,Ivy,fcs,17.0,ESPN Bet,7.5,Columbia -7.5,,45.5,,,,
3027,401638662,2024,regular,5,2024-09-28T17:00:00.000Z,Morehead State,Pioneer,fcs,17.0,Valparaiso,Pioneer,fcs,5.0,ESPN Bet,-1.0,Morehead State -1,,49.5,,,,
3028,401634148,2024,regular,8,2024-10-19T19:00:00.000Z,Samford,Southern,fcs,55.0,Mercer,Southern,fcs,35.0,ESPN Bet,9.0,Mercer -9,,49.5,,,,
3029,401640985,2024,regular,10,2024-10-29T23:00:00.000Z,Florida International,Conference USA,fbs,34.0,New Mexico State,Conference USA,fbs,13.0,DraftKings,-7.0,Florida International -7,-10.0,43.5,,-278.0,230.0,
3030,401640985,2024,regular,10,2024-10-29T23:00:00.000Z,Florida International,Conference USA,fbs,34.0,New Mexico State,Conference USA,fbs,13.0,Bovada,-7.0,Florida International -7.0,-7.5,43.5,45.0,-360.0,280.0,
3031,401640985,2024,regular,10,2024-10-29T23:00:00.000Z,Florida International,Conference USA,fbs,34.0,New Mexico State,Conference USA,fbs,13.0,ESPN Bet,-7.5,Florida International -7.5,-7.5,43.5,45.5,-275.0,225.0,
3032,401634164,2024,regular,8,2024-10-19T19:00:00.000Z,Murray State,MVFC,fcs,32.0,Illinois State,MVFC,fcs,40.0,ESPN Bet,19.5,Illinois State -19.5,,54.5,,,,
3033,401641012,2024,regular,10,2024-10-30T00:00:00.000Z,Sam Houston,Conference USA,fbs,9.0,Louisiana Tech,Conference USA,fbs,3.0,DraftKings,-10.5,Sam Houston -10.5,-9.5,45.5,,-425.0,330.0,
3034,401641012,2024,regular,10,2024-10-30T00:00:00.000Z,Sam Houston,Conference USA,fbs,9.0,Louisiana Tech,Conference USA,fbs,3.0,Bovada,-10.5,Sam Houston -10.5,-10.5,45.5,45.5,-430.0,320.0,
3035,401641012,2024,regular,10,2024-10-30T00:00:00.000Z,Sam Houston,Conference USA,fbs,9.0,Louisiana Tech,Conference USA,fbs,3.0,ESPN Bet,-10.5,Sam Houston -10.5,-10.5,45.5,45.5,-425.0,320.0,
3036,401640994,2024,regular,10,2024-10-30T23:00:00.000Z,Liberty,Conference USA,fbs,21.0,Jacksonville State,Conference USA,fbs,31.0,DraftKings,-2.5,Liberty -2.5,1.0,64.0,,-135.0,114.0,
3037,401640994,2024,regular,10,2024-10-30T23:00:00.000Z,Liberty,Conference USA,fbs,21.0,Jacksonville State,Conference USA,fbs,31.0,Bovada,-2.5,Liberty -2.5,-1.5,64.5,63.5,-120.0,100.0,
3038,401640994,2024,regular,10,2024-10-30T23:00:00.000Z,Liberty,Conference USA,fbs,21.0,Jacksonville State,Conference USA,fbs,31.0,ESPN Bet,-2.5,Liberty -2.5,-1.0,63.5,63.5,-135.0,115.0,
3039,401628658,2024,regular,8,2024-10-19T19:30:00.000Z,Richmond,CAA,fcs,28.0,Delaware,CAA,fcs,9.0,ESPN Bet,10.5,Delaware -10.5,,54.5,,,,
3040,401645356,2024,regular,10,2024-10-31T23:30:00.000Z,Charlotte,American Athletic,fbs,3.0,Tulane,American Athletic,fbs,34.0,DraftKings,14.5,Tulane -14.5,15.5,55.5,,470.0,-650.0,
3041,401645356,2024,regular,10,2024-10-31T23:30:00.000Z,Charlotte,American Athletic,fbs,3.0,Tulane,American Athletic,fbs,34.0,Bovada,14.5,Tulane -14.5,16.0,55.0,55.5,525.0,-800.0,
3042,401645356,2024,regular,10,2024-10-31T23:30:00.000Z,Charlotte,American Athletic,fbs,3.0,Tulane,American Athletic,fbs,34.0,ESPN Bet,14.5,Tulane -14.5,16.5,54.5,55.5,475.0,-750.0,
3043,401641020,2024,regular,10,2024-10-30T23:30:00.000Z,Western Kentucky,Conference USA,fbs,31.0,Kennesaw State,Conference USA,fbs,14.0,DraftKings,-24.0,Western Kentucky -24,-24.5,49.0,,-2100.0,1100.0,
3044,401641020,2024,regular,10,2024-10-30T23:30:00.000Z,Western Kentucky,Conference USA,fbs,31.0,Kennesaw State,Conference USA,fbs,14.0,Bovada,-23.5,Western Kentucky -23.5,-24.0,49.0,50.5,-2800.0,1100.0,
3045,401641020,2024,regular,10,2024-10-30T23:30:00.000Z,Western Kentucky,Conference USA,fbs,31.0,Kennesaw State,Conference USA,fbs,14.0,ESPN Bet,-23.5,Western Kentucky -23.5,-24.0,49.5,50.5,-3000.0,1200.0,
3046,401655635,2024,regular,8,2024-10-19T19:30:00.000Z,Howard,MEAC,fcs,14.0,Tennessee State,Big South-OVC,fcs,27.0,ESPN Bet,2.5,Tennessee State -2.5,,51.5,,,,
3047,401628540,2024,regular,10,2024-11-02T23:30:00.000Z,Washington,Big Ten,fbs,26.0,USC,Big Ten,fbs,21.0,DraftKings,2.0,USC -2,3.0,55.0,,105.0,-125.0,
3048,401628540,2024,regular,10,2024-11-02T23:30:00.000Z,Washington,Big Ten,fbs,26.0,USC,Big Ten,fbs,21.0,Bovada,2.0,USC -2.0,2.5,55.0,55.5,115.0,-135.0,
3049,401628540,2024,regular,10,2024-11-02T23:30:00.000Z,Washington,Big Ten,fbs,26.0,USC,Big Ten,fbs,21.0,ESPN Bet,2.5,USC -2.5,2.5,55.5,55.5,110.0,-130.0,
3050,401628654,2024,regular,8,2024-10-19T19:30:00.000Z,William & Mary,CAA,fcs,35.0,Campbell,CAA,fcs,28.0,ESPN Bet,-17.0,William & Mary -17,,57.5,,,,
3051,401628533,2024,regular,10,2024-11-02T16:00:00.000Z,Illinois,Big Ten,fbs,17.0,Minnesota,Big Ten,fbs,25.0,DraftKings,2.5,Minnesota -2.5,-2.5,47.0,,120.0,-142.0,
3052,401628533,2024,regular,10,2024-11-02T16:00:00.000Z,Illinois,Big Ten,fbs,17.0,Minnesota,Big Ten,fbs,25.0,Bovada,3.0,Minnesota -3.0,2.5,47.0,45.5,110.0,-130.0,
3053,401628533,2024,regular,10,2024-11-02T16:00:00.000Z,Illinois,Big Ten,fbs,17.0,Minnesota,Big Ten,fbs,25.0,ESPN Bet,2.5,Minnesota -2.5,2.0,47.5,45.5,120.0,-140.0,
3054,401635601,2024,regular,10,2024-11-02T16:00:00.000Z,Miami,ACC,fbs,53.0,Duke,ACC,fbs,31.0,DraftKings,-21.0,Miami -21,-19.5,55.5,,-1650.0,950.0,
3055,401635601,2024,regular,10,2024-11-02T16:00:00.000Z,Miami,ACC,fbs,53.0,Duke,ACC,fbs,31.0,Bovada,-21.0,Miami -21.0,-20.0,56.0,54.5,-1400.0,750.0,
3056,401635601,2024,regular,10,2024-11-02T16:00:00.000Z,Miami,ACC,fbs,53.0,Duke,ACC,fbs,31.0,ESPN Bet,-19.5,Miami -19.5,-20.0,53.5,54.5,-1800.0,900.0,
3057,401628534,2024,regular,10,2024-11-02T19:30:00.000Z,Michigan State,Big Ten,fbs,10.0,Indiana,Big Ten,fbs,47.0,DraftKings,7.5,Indiana -7.5,7.0,53.5,,245.0,-305.0,
3058,401628534,2024,regular,10,2024-11-02T19:30:00.000Z,Michigan State,Big Ten,fbs,10.0,Indiana,Big Ten,fbs,47.0,Bovada,7.5,Indiana -7.5,6.5,53.5,51.0,215.0,-260.0,
3059,401628534,2024,regular,10,2024-11-02T19:30:00.000Z,Michigan State,Big Ten,fbs,10.0,Indiana,Big Ten,fbs,47.0,ESPN Bet,7.5,Indiana -7.5,7.0,53.5,50.5,250.0,-300.0,
3060,401628661,2024,regular,8,2024-10-19T19:30:00.000Z,UAlbany,CAA,fcs,14.0,Elon,CAA,fcs,30.0,ESPN Bet,-2.5,UAlbany -2.5,,45.5,,,,
3061,401636914,2024,regular,10,2024-11-02T19:30:00.000Z,Iowa State,Big 12,fbs,22.0,Texas Tech,Big 12,fbs,23.0,DraftKings,-13.5,Iowa State -13.5,-11.0,55.0,,-520.0,390.0,
3062,401636914,2024,regular,10,2024-11-02T19:30:00.000Z,Iowa State,Big 12,fbs,22.0,Texas Tech,Big 12,fbs,23.0,Bovada,-13.5,Iowa State -13.5,-14.0,56.0,57.5,-650.0,450.0,
3063,401636914,2024,regular,10,2024-11-02T19:30:00.000Z,Iowa State,Big 12,fbs,22.0,Texas Tech,Big 12,fbs,23.0,ESPN Bet,-14.5,Iowa State -14.5,-14.5,55.5,57.5,-600.0,400.0,
3064,401636358,2024,regular,8,2024-10-19T19:00:00.000Z,Grambling,SWAC,fcs,31.0,Arkansas-Pine Bluff,SWAC,fcs,21.0,ESPN Bet,-13.0,Grambling -13,,58.5,,,,
3065,401628412,2024,regular,10,2024-11-02T23:45:00.000Z,Tennessee,SEC,fbs,28.0,Kentucky,SEC,fbs,18.0,DraftKings,-17.5,Tennessee -17.5,-13.0,45.5,,-950.0,625.0,
3066,401628412,2024,regular,10,2024-11-02T23:45:00.000Z,Tennessee,SEC,fbs,28.0,Kentucky,SEC,fbs,18.0,Bovada,-17.5,Tennessee -17.5,-16.0,45.5,45.5,-800.0,525.0,
3067,401628412,2024,regular,10,2024-11-02T23:45:00.000Z,Tennessee,SEC,fbs,28.0,Kentucky,SEC,fbs,18.0,ESPN Bet,-17.5,Tennessee -17.5,-16.0,45.5,45.5,-1000.0,600.0,
3068,401632134,2024,regular,8,2024-10-19T20:00:00.000Z,Utah Tech,UAC,fcs,7.0,Austin Peay,UAC,fcs,13.0,ESPN Bet,15.5,Austin Peay -15.5,,56.5,,,,
3069,401628407,2024,regular,10,2024-11-02T16:45:00.000Z,Auburn,SEC,fbs,7.0,Vanderbilt,SEC,fbs,17.0,DraftKings,-7.5,Auburn -7.5,-5.0,48.0,,-278.0,225.0,
3070,401628407,2024,regular,10,2024-11-02T16:45:00.000Z,Auburn,SEC,fbs,7.0,Vanderbilt,SEC,fbs,17.0,Bovada,-8.5,Auburn -8.5,-6.0,48.0,48.0,-235.0,195.0,
3071,401628407,2024,regular,10,2024-11-02T16:45:00.000Z,Auburn,SEC,fbs,7.0,Vanderbilt,SEC,fbs,17.0,ESPN Bet,-7.5,Auburn -7.5,-6.5,47.5,48.5,-280.0,230.0,
3072,401645357,2024,regular,10,2024-11-01T23:30:00.000Z,Florida Atlantic,American Athletic,fbs,21.0,South Florida,American Athletic,fbs,44.0,DraftKings,1.5,South Florida -1.5,2.5,48.0,,100.0,-120.0,
3073,401645357,2024,regular,10,2024-11-01T23:30:00.000Z,Florida Atlantic,American Athletic,fbs,21.0,South Florida,American Athletic,fbs,44.0,Bovada,1.5,South Florida -1.5,2.0,48.0,53.5,105.0,-125.0,
3074,401645357,2024,regular,10,2024-11-01T23:30:00.000Z,Florida Atlantic,American Athletic,fbs,21.0,South Florida,American Athletic,fbs,44.0,ESPN Bet,1.5,South Florida -1.5,2.0,47.5,53.5,110.0,-135.0,
3075,401633994,2024,regular,8,2024-10-19T20:00:00.000Z,Western Illinois,Big South-OVC,fcs,37.0,Tennessee Tech,Big South-OVC,fcs,21.0,ESPN Bet,10.0,Tennessee Tech -10,,60.5,,,,
3076,401636375,2024,regular,8,2024-10-19T19:30:00.000Z,Jackson State,SWAC,fcs,35.0,Florida A&M,SWAC,fcs,21.0,ESPN Bet,-4.0,Jackson State -4,,51.5,,,,
3077,401629036,2024,regular,10,2024-11-01T23:00:00.000Z,UConn,FBS Independents,fbs,34.0,Georgia State,Sun Belt,fbs,27.0,DraftKings,-7.0,UConn -7,-5.5,48.0,,-270.0,220.0,
3078,401629036,2024,regular,10,2024-11-01T23:00:00.000Z,UConn,FBS Independents,fbs,34.0,Georgia State,Sun Belt,fbs,27.0,Bovada,-7.0,UConn -7.0,-7.0,48.0,48.5,-290.0,240.0,
3079,401629036,2024,regular,10,2024-11-01T23:00:00.000Z,UConn,FBS Independents,fbs,34.0,Georgia State,Sun Belt,fbs,27.0,ESPN Bet,-7.5,UConn -7.5,-7.5,48.5,48.5,-275.0,225.0,
3080,401643747,2024,regular,10,2024-11-02T00:00:00.000Z,Boise State,Mountain West,fbs,56.0,San Diego State,Mountain West,fbs,24.0,DraftKings,-24.5,Boise State -24.5,-22.5,55.5,,-3200.0,1400.0,
3081,401643747,2024,regular,10,2024-11-02T00:00:00.000Z,Boise State,Mountain West,fbs,56.0,San Diego State,Mountain West,fbs,24.0,Bovada,-24.5,Boise State -24.5,-24.0,55.5,57.0,-2800.0,1100.0,
3082,401643747,2024,regular,10,2024-11-02T00:00:00.000Z,Boise State,Mountain West,fbs,56.0,San Diego State,Mountain West,fbs,24.0,ESPN Bet,-24.5,Boise State -24.5,-23.5,57.5,57.5,-3000.0,1200.0,
3083,401634105,2024,regular,8,2024-10-19T20:00:00.000Z,Portland State,Big Sky,fcs,14.0,Montana State,Big Sky,fcs,44.0,ESPN Bet,21.5,Montana State -21.5,,63.5,,,,
3084,401643746,2024,regular,10,2024-11-02T16:00:00.000Z,Army,American Athletic,fbs,20.0,Air Force,Mountain West,fbs,3.0,DraftKings,-18.0,Army -18,-23.0,38.5,,-1100.0,700.0,
3085,401643746,2024,regular,10,2024-11-02T16:00:00.000Z,Army,American Athletic,fbs,20.0,Air Force,Mountain West,fbs,3.0,Bovada,-18.0,Army -18.0,-24.0,38.0,41.5,-1200.0,700.0,
3086,401643746,2024,regular,10,2024-11-02T16:00:00.000Z,Army,American Athletic,fbs,20.0,Air Force,Mountain West,fbs,3.0,ESPN Bet,-18.5,Army -18.5,-23.5,38.5,40.5,-1200.0,700.0,
3087,401643822,2024,regular,10,2024-11-02T19:30:00.000Z,Marshall,Sun Belt,fbs,28.0,UL Monroe,Sun Belt,fbs,23.0,DraftKings,-10.5,Marshall -10.5,-10.5,48.0,,-395.0,310.0,
3088,401643822,2024,regular,10,2024-11-02T19:30:00.000Z,Marshall,Sun Belt,fbs,28.0,UL Monroe,Sun Belt,fbs,23.0,Bovada,-10.5,Marshall -10.5,-10.0,48.0,47.0,-415.0,310.0,
3089,401643822,2024,regular,10,2024-11-02T19:30:00.000Z,Marshall,Sun Belt,fbs,28.0,UL Monroe,Sun Belt,fbs,23.0,ESPN Bet,,,-10.5,47.5,47.5,-400.0,300.0,
3090,401636916,2024,regular,10,2024-11-02T19:30:00.000Z,UCF,Big 12,fbs,56.0,Arizona,Big 12,fbs,12.0,DraftKings,-6.5,UCF -6.5,-4.0,55.0,,-225.0,185.0,
3091,401636916,2024,regular,10,2024-11-02T19:30:00.000Z,UCF,Big 12,fbs,56.0,Arizona,Big 12,fbs,12.0,Bovada,-6.5,UCF -6.5,-6.0,55.0,55.0,-235.0,195.0,
3092,401636916,2024,regular,10,2024-11-02T19:30:00.000Z,UCF,Big 12,fbs,56.0,Arizona,Big 12,fbs,12.0,ESPN Bet,-5.5,UCF -5.5,-6.5,54.5,54.5,-240.0,200.0,
3093,401632137,2024,regular,8,2024-10-19T20:00:00.000Z,Abilene Christian,UAC,fcs,34.0,Eastern Kentucky,UAC,fcs,20.0,ESPN Bet,-7.5,Abilene Christian -7.5,,58.5,,,,
3094,401644757,2024,regular,10,2024-11-02T16:00:00.000Z,Akron,Mid-American,fbs,30.0,Buffalo,Mid-American,fbs,41.0,DraftKings,-1.0,Akron -1,2.5,49.0,,-110.0,-110.0,
3095,401644757,2024,regular,10,2024-11-02T16:00:00.000Z,Akron,Mid-American,fbs,30.0,Buffalo,Mid-American,fbs,41.0,Bovada,1.0,Buffalo -1.0,-1.0,48.0,48.0,-110.0,-110.0,
3096,401644757,2024,regular,10,2024-11-02T16:00:00.000Z,Akron,Mid-American,fbs,30.0,Buffalo,Mid-American,fbs,41.0,ESPN Bet,2.5,Buffalo -2.5,1.0,47.5,47.5,-110.0,-110.0,
3097,401643821,2024,regular,10,2024-11-02T18:30:00.000Z,App State,Sun Belt,fbs,28.0,Old Dominion,Sun Belt,fbs,20.0,DraftKings,2.5,Old Dominion -2.5,-2.5,58.0,,120.0,-142.0,
3098,401643821,2024,regular,10,2024-11-02T18:30:00.000Z,App State,Sun Belt,fbs,28.0,Old Dominion,Sun Belt,fbs,20.0,Bovada,3.0,Old Dominion -3.0,2.0,58.0,60.5,105.0,-125.0,
3099,401643821,2024,regular,10,2024-11-02T18:30:00.000Z,App State,Sun Belt,fbs,28.0,Old Dominion,Sun Belt,fbs,20.0,ESPN Bet,2.5,Old Dominion -2.5,2.5,58.5,60.5,125.0,-145.0,
3100,401634102,2024,regular,8,2024-10-19T20:00:00.000Z,Idaho,Big Sky,fcs,34.0,Cal Poly,Big Sky,fcs,29.0,ESPN Bet,-22.0,Idaho -22,,53.5,,,,
3101,401635516,2024,regular,10,2024-11-02T16:00:00.000Z,NC State,ACC,fbs,59.0,Stanford,ACC,fbs,28.0,DraftKings,-10.0,NC State -10,-10.5,46.5,,-375.0,295.0,
3102,401635516,2024,regular,10,2024-11-02T16:00:00.000Z,NC State,ACC,fbs,59.0,Stanford,ACC,fbs,28.0,Bovada,-9.5,NC State -9.5,-10.0,46.5,47.5,-410.0,305.0,
3103,401635516,2024,regular,10,2024-11-02T16:00:00.000Z,NC State,ACC,fbs,59.0,Stanford,ACC,fbs,28.0,ESPN Bet,-9.5,NC State -9.5,-10.0,46.5,47.5,-400.0,300.0,
3104,401635602,2024,regular,10,2024-11-02T19:30:00.000Z,Florida State,ACC,fbs,11.0,North Carolina,ACC,fbs,35.0,DraftKings,2.5,North Carolina -2.5,2.5,50.5,,120.0,-142.0,
3105,401635602,2024,regular,10,2024-11-02T19:30:00.000Z,Florida State,ACC,fbs,11.0,North Carolina,ACC,fbs,35.0,Bovada,2.5,North Carolina -2.5,2.5,50.5,50.0,110.0,-130.0,
3106,401635602,2024,regular,10,2024-11-02T19:30:00.000Z,Florida State,ACC,fbs,11.0,North Carolina,ACC,fbs,35.0,ESPN Bet,2.5,North Carolina -2.5,2.0,50.5,49.5,120.0,-140.0,
3107,401636912,2024,regular,10,2024-11-03T00:00:00.000Z,Baylor,Big 12,fbs,37.0,TCU,Big 12,fbs,34.0,DraftKings,-2.5,Baylor -2.5,-2.5,64.0,,-135.0,114.0,
3108,401636912,2024,regular,10,2024-11-03T00:00:00.000Z,Baylor,Big 12,fbs,37.0,TCU,Big 12,fbs,34.0,Bovada,-2.5,Baylor -2.5,-3.0,64.5,65.0,-150.0,130.0,
3109,401636912,2024,regular,10,2024-11-03T00:00:00.000Z,Baylor,Big 12,fbs,37.0,TCU,Big 12,fbs,34.0,ESPN Bet,-2.5,Baylor -2.5,-3.0,62.5,64.5,-140.0,120.0,
3110,401633992,2024,regular,8,2024-10-19T20:00:00.000Z,Charleston Southern,Big South-OVC,fcs,13.0,Southeast Missouri State,Big South-OVC,fcs,26.0,ESPN Bet,19.0,Southeast Missouri State -19,,45.5,,,,
3111,401644758,2024,regular,10,2024-11-02T16:00:00.000Z,Eastern Michigan,Mid-American,fbs,28.0,Toledo,Mid-American,fbs,29.0,DraftKings,10.0,Toledo -10,6.0,54.5,,285.0,-360.0,
3112,401644758,2024,regular,10,2024-11-02T16:00:00.000Z,Eastern Michigan,Mid-American,fbs,28.0,Toledo,Mid-American,fbs,29.0,Bovada,10.0,Toledo -10.0,7.5,54.5,52.5,250.0,-300.0,
3113,401644758,2024,regular,10,2024-11-02T16:00:00.000Z,Eastern Michigan,Mid-American,fbs,28.0,Toledo,Mid-American,fbs,29.0,ESPN Bet,10.5,Toledo -10.5,8.0,54.5,52.5,290.0,-380.0,
3114,401628538,2024,regular,10,2024-11-02T16:00:00.000Z,Purdue,Big Ten,fbs,20.0,Northwestern,Big Ten,fbs,26.0,DraftKings,-3.0,Purdue -3,1.5,44.5,,-142.0,120.0,
3115,401628538,2024,regular,10,2024-11-02T16:00:00.000Z,Purdue,Big Ten,fbs,20.0,Northwestern,Big Ten,fbs,26.0,Bovada,-2.5,Purdue -2.5,1.5,44.0,47.0,100.0,-120.0,
3116,401628538,2024,regular,10,2024-11-02T16:00:00.000Z,Purdue,Big Ten,fbs,20.0,Northwestern,Big Ten,fbs,26.0,ESPN Bet,-3.5,Purdue -3.5,1.5,44.5,46.5,-145.0,125.0,
3117,401634104,2024,regular,8,2024-10-19T20:00:00.000Z,Northern Arizona,Big Sky,fcs,30.0,Idaho State,Big Sky,fcs,26.0,ESPN Bet,-7.5,Northern Arizona -7.5,,59.5,,,,
3118,401645359,2024,regular,10,2024-11-02T16:00:00.000Z,UTSA,American Athletic,fbs,44.0,Memphis,American Athletic,fbs,36.0,DraftKings,7.0,Memphis -7,10.0,62.0,,210.0,-258.0,
3119,401645359,2024,regular,10,2024-11-02T16:00:00.000Z,UTSA,American Athletic,fbs,44.0,Memphis,American Athletic,fbs,36.0,Bovada,7.0,Memphis -7.0,7.5,61.5,60.5,250.0,-300.0,
3120,401645359,2024,regular,10,2024-11-02T16:00:00.000Z,UTSA,American Athletic,fbs,44.0,Memphis,American Athletic,fbs,36.0,ESPN Bet,7.5,Memphis -7.5,8.0,61.5,60.5,225.0,-275.0,
3121,401634033,2024,regular,8,2024-10-19T20:30:00.000Z,East Texas A&M,Southland,fcs,20.0,Lamar,Southland,fcs,29.0,ESPN Bet,6.5,Lamar -6.5,,46.5,,,,
3122,401636915,2024,regular,10,2024-11-02T19:30:00.000Z,Oklahoma State,Big 12,fbs,21.0,Arizona State,Big 12,fbs,42.0,DraftKings,5.0,Arizona State -5,-1.5,57.0,,164.0,-198.0,
3123,401636915,2024,regular,10,2024-11-02T19:30:00.000Z,Oklahoma State,Big 12,fbs,21.0,Arizona State,Big 12,fbs,42.0,Bovada,5.0,Arizona State -5.0,-1.0,57.5,57.0,-115.0,-105.0,
3124,401636915,2024,regular,10,2024-11-02T19:30:00.000Z,Oklahoma State,Big 12,fbs,21.0,Arizona State,Big 12,fbs,42.0,ESPN Bet,4.5,Arizona State -4.5,1.0,56.5,56.5,160.0,-190.0,
3125,401645360,2024,regular,10,2024-11-02T20:00:00.000Z,Rice,American Athletic,fbs,24.0,Navy,American Athletic,fbs,10.0,DraftKings,12.5,Navy -12.5,14.5,49.0,,350.0,-455.0,
3126,401645360,2024,regular,10,2024-11-02T20:00:00.000Z,Rice,American Athletic,fbs,24.0,Navy,American Athletic,fbs,10.0,Bovada,12.5,Navy -12.5,12.5,48.5,51.5,360.0,-500.0,
3127,401645360,2024,regular,10,2024-11-02T20:00:00.000Z,Rice,American Athletic,fbs,24.0,Navy,American Athletic,fbs,10.0,ESPN Bet,13.5,Navy -13.5,13.0,49.5,51.5,380.0,-550.0,
3128,401675119,2024,regular,8,2024-10-19T21:00:00.000Z,SE Louisiana,Southland,fcs,24.0,Stephen F. Austin,Southland,fcs,23.0,ESPN Bet,3.0,Stephen F. Austin -3,,55.5,,,,
3129,401641026,2024,regular,10,2024-11-02T19:30:00.000Z,UTEP,Conference USA,fbs,13.0,Middle Tennessee,Conference USA,fbs,20.0,DraftKings,-2.0,UTEP -2,-2.5,48.0,,-122.0,102.0,
3130,401641026,2024,regular,10,2024-11-02T19:30:00.000Z,UTEP,Conference USA,fbs,13.0,Middle Tennessee,Conference USA,fbs,20.0,Bovada,-2.0,UTEP -2.0,-3.0,48.5,51.5,-150.0,130.0,
3131,401641026,2024,regular,10,2024-11-02T19:30:00.000Z,UTEP,Conference USA,fbs,13.0,Middle Tennessee,Conference USA,fbs,20.0,ESPN Bet,-1.5,UTEP -1.5,-3.0,48.5,51.5,-125.0,105.0,
3132,401628537,2024,regular,10,2024-11-02T19:30:00.000Z,Nebraska,Big Ten,fbs,20.0,UCLA,Big Ten,fbs,27.0,DraftKings,-7.5,Nebraska -7.5,-8.5,38.5,,-305.0,245.0,
3133,401628537,2024,regular,10,2024-11-02T19:30:00.000Z,Nebraska,Big Ten,fbs,20.0,UCLA,Big Ten,fbs,27.0,Bovada,-7.5,Nebraska -7.5,-7.0,38.5,41.0,-285.0,235.0,
3134,401628537,2024,regular,10,2024-11-02T19:30:00.000Z,Nebraska,Big Ten,fbs,20.0,UCLA,Big Ten,fbs,27.0,ESPN Bet,-8.5,Nebraska -8.5,-7.5,39.5,40.5,-300.0,250.0,
3135,401645358,2024,regular,10,2024-11-02T18:30:00.000Z,UAB,American Athletic,fbs,59.0,Tulsa,American Athletic,fbs,21.0,DraftKings,-2.5,UAB -2.5,-1.0,57.5,,-142.0,120.0,
3136,401645358,2024,regular,10,2024-11-02T18:30:00.000Z,UAB,American Athletic,fbs,59.0,Tulsa,American Athletic,fbs,21.0,Bovada,-2.5,UAB -2.5,-3.0,58.0,58.0,-160.0,135.0,
3137,401645358,2024,regular,10,2024-11-02T18:30:00.000Z,UAB,American Athletic,fbs,59.0,Tulsa,American Athletic,fbs,21.0,ESPN Bet,-2.5,UAB -2.5,-3.5,57.5,58.5,-140.0,120.0,
3138,401638675,2024,regular,8,2024-10-19T21:00:00.000Z,San Diego,Pioneer,fcs,34.0,Marist,Pioneer,fcs,6.0,ESPN Bet,-16.5,San Diego -16.5,,50.5,,,,
3139,401636913,2024,regular,10,2024-11-02T19:30:00.000Z,Houston,Big 12,fbs,24.0,Kansas State,Big 12,fbs,19.0,DraftKings,12.5,Kansas State -12.5,13.5,46.5,,370.0,-560.0,
3140,401636913,2024,regular,10,2024-11-02T19:30:00.000Z,Houston,Big 12,fbs,24.0,Kansas State,Big 12,fbs,19.0,Bovada,13.0,Kansas State -13.0,13.0,45.5,46.0,375.0,-525.0,
3141,401636913,2024,regular,10,2024-11-02T19:30:00.000Z,Houston,Big 12,fbs,24.0,Kansas State,Big 12,fbs,19.0,ESPN Bet,9.5,Kansas State -9.5,13.0,44.5,46.5,380.0,-550.0,
3142,401643824,2024,regular,10,2024-11-02T20:00:00.000Z,Troy,Sun Belt,fbs,38.0,Coastal Carolina,Sun Belt,fbs,24.0,DraftKings,4.0,Coastal Carolina -4,5.0,52.0,,150.0,-180.0,
3143,401643824,2024,regular,10,2024-11-02T20:00:00.000Z,Troy,Sun Belt,fbs,38.0,Coastal Carolina,Sun Belt,fbs,24.0,Bovada,4.5,Coastal Carolina -4.5,4.0,51.5,52.5,165.0,-195.0,
3144,401643824,2024,regular,10,2024-11-02T20:00:00.000Z,Troy,Sun Belt,fbs,38.0,Coastal Carolina,Sun Belt,fbs,24.0,ESPN Bet,3.5,Coastal Carolina -3.5,4.5,51.5,52.5,155.0,-185.0,
3145,401634022,2024,regular,8,2024-10-19T21:00:00.000Z,Incarnate Word,Southland,fcs,30.0,McNeese,Southland,fcs,17.0,ESPN Bet,-14.5,Incarnate Word -14.5,,59.5,,,,
3146,401643750,2024,regular,10,2024-11-02T20:00:00.000Z,New Mexico,Mountain West,fbs,45.0,Wyoming,Mountain West,fbs,49.0,DraftKings,-7.5,New Mexico -7.5,-6.5,60.5,,-285.0,230.0,
3147,401643750,2024,regular,10,2024-11-02T20:00:00.000Z,New Mexico,Mountain West,fbs,45.0,Wyoming,Mountain West,fbs,49.0,Bovada,-8.0,New Mexico -8.0,-7.0,60.5,59.5,-270.0,220.0,
3148,401643750,2024,regular,10,2024-11-02T20:00:00.000Z,New Mexico,Mountain West,fbs,45.0,Wyoming,Mountain West,fbs,49.0,ESPN Bet,-7.5,New Mexico -7.5,-7.0,60.5,60.5,-290.0,240.0,
3149,401643823,2024,regular,10,2024-11-02T23:30:00.000Z,South Alabama,Sun Belt,fbs,30.0,Georgia Southern,Sun Belt,fbs,34.0,DraftKings,-5.5,South Alabama -5.5,-5.5,60.0,,-192.0,160.0,
3150,401643823,2024,regular,10,2024-11-02T23:30:00.000Z,South Alabama,Sun Belt,fbs,30.0,Georgia Southern,Sun Belt,fbs,34.0,Bovada,-5.5,South Alabama -5.5,-6.0,60.0,61.0,-230.0,190.0,
3151,401643823,2024,regular,10,2024-11-02T23:30:00.000Z,South Alabama,Sun Belt,fbs,30.0,Georgia Southern,Sun Belt,fbs,34.0,ESPN Bet,-5.5,South Alabama -5.5,-6.0,59.5,61.5,-195.0,165.0,
3152,401634248,2024,regular,8,2024-10-19T22:00:00.000Z,Youngstown State,MVFC,fcs,17.0,South Dakota,MVFC,fcs,27.0,ESPN Bet,23.5,South Dakota -23.5,,57.5,,,,
3153,401628409,2024,regular,10,2024-11-02T20:15:00.000Z,Mississippi State,SEC,fbs,45.0,Massachusetts,FBS Independents,fbs,20.0,DraftKings,-19.5,Mississippi State -19.5,-22.5,59.5,,-1200.0,750.0,
3154,401628409,2024,regular,10,2024-11-02T20:15:00.000Z,Mississippi State,SEC,fbs,45.0,Massachusetts,FBS Independents,fbs,20.0,Bovada,-19.5,Mississippi State -19.5,-17.5,59.0,58.5,-1000.0,625.0,
3155,401628409,2024,regular,10,2024-11-02T20:15:00.000Z,Mississippi State,SEC,fbs,45.0,Massachusetts,FBS Independents,fbs,20.0,ESPN Bet,-18.5,Mississippi State -18.5,-18.0,58.5,58.5,-1000.0,600.0,
3156,401654561,2024,regular,8,2024-10-19T23:00:00.000Z,Southern,SWAC,fcs,24.0,Alcorn State,SWAC,fcs,14.0,ESPN Bet,-2.5,Southern -2.5,,44.5,,,,
3157,401643749,2024,regular,10,2024-11-02T23:00:00.000Z,Fresno State,Mountain West,fbs,20.0,Hawai'i,Mountain West,fbs,21.0,DraftKings,-12.0,Fresno State -12,-13.0,45.5,,-455.0,350.0,
3158,401643749,2024,regular,10,2024-11-02T23:00:00.000Z,Fresno State,Mountain West,fbs,20.0,Hawai'i,Mountain West,fbs,21.0,Bovada,-12.5,Fresno State -12.5,-13.0,46.0,48.5,-550.0,390.0,
3159,401643749,2024,regular,10,2024-11-02T23:00:00.000Z,Fresno State,Mountain West,fbs,20.0,Hawai'i,Mountain West,fbs,21.0,ESPN Bet,-12.5,Fresno State -12.5,-13.0,44.5,48.5,-550.0,380.0,
3160,401634103,2024,regular,8,2024-10-19T23:00:00.000Z,Eastern Washington,Big Sky,fcs,38.0,UC Davis,Big Sky,fcs,48.0,ESPN Bet,4.0,UC Davis -4,,61.5,,,,
3161,401643748,2024,regular,10,2024-11-03T00:00:00.000Z,Nevada,Mountain West,fbs,21.0,Colorado State,Mountain West,fbs,38.0,DraftKings,2.0,Colorado State -2,1.0,45.5,,110.0,-130.0,
3162,401643748,2024,regular,10,2024-11-03T00:00:00.000Z,Nevada,Mountain West,fbs,21.0,Colorado State,Mountain West,fbs,38.0,Bovada,2.0,Colorado State -2.0,1.0,45.0,45.0,-105.0,-115.0,
3163,401643748,2024,regular,10,2024-11-03T00:00:00.000Z,Nevada,Mountain West,fbs,21.0,Colorado State,Mountain West,fbs,38.0,ESPN Bet,2.5,Colorado State -2.5,1.0,45.5,44.5,110.0,-120.0,
3164,401634209,2024,regular,8,2024-10-20T00:00:00.000Z,North Dakota State,MVFC,fcs,13.0,South Dakota State,MVFC,fcs,9.0,ESPN Bet,1.5,South Dakota State -1.5,,52.5,,,,
3165,401634106,2024,regular,8,2024-10-20T01:00:00.000Z,Sacramento State,Big Sky,fcs,51.0,Weber State,Big Sky,fcs,48.0,ESPN Bet,-5.0,Sacramento State -5,,56.5,,,,
3166,401628508,2024,regular,6,2024-10-05T20:00:00.000Z,Nebraska,Big Ten,fbs,14.0,Rutgers,Big Ten,fbs,7.0,Bovada,-7.0,Nebraska -7.0,-7.0,39.5,44.0,-285.0,235.0,
3167,401628508,2024,regular,6,2024-10-05T20:00:00.000Z,Nebraska,Big Ten,fbs,14.0,Rutgers,Big Ten,fbs,7.0,ESPN Bet,-5.5,Nebraska -5.5,-7.0,40.5,43.5,-270.0,220.0,
3168,401628410,2024,regular,10,2024-11-02T16:00:00.000Z,Oklahoma,SEC,fbs,59.0,Maine,CAA,fcs,14.0,DraftKings,-37.5,Oklahoma -37.5,,48.5,44.0,,,
3169,401628410,2024,regular,10,2024-11-02T16:00:00.000Z,Oklahoma,SEC,fbs,59.0,Maine,CAA,fcs,14.0,ESPN Bet,-37.5,Oklahoma -37.5,-35.0,47.5,46.5,,,
3170,401654493,2024,regular,10,2024-11-01T23:00:00.000Z,Columbia,Ivy,fcs,13.0,Yale,Ivy,fcs,10.0,ESPN Bet,-1.5,Columbia -1.5,,51.5,,,,
3171,401654592,2024,regular,10,2024-11-02T16:00:00.000Z,Duquesne,NEC,fcs,31.0,Mercyhurst,NEC,fcs,24.0,ESPN Bet,-26.5,Duquesne -26.5,,58.5,,,,
3172,401640992,2024,regular,5,2024-09-28T19:30:00.000Z,App State,Sun Belt,fbs,,Liberty,Conference USA,fbs,,,,,,,,,,
3173,401636380,2024,regular,1,2024-09-01T00:00:00.000Z,Louisiana,Sun Belt,fbs,40.0,Grambling,SWAC,fcs,10.0,,,,,,,,,
3174,401643703,2024,regular,1,2024-08-31T04:00:00.000Z,Utah State,Mountain West,fbs,36.0,Robert Morris,NEC,fcs,14.0,,,,,,,,,
3175,401628589,2024,regular,1,2024-08-31T22:00:00.000Z,Virginia,ACC,fbs,34.0,Richmond,CAA,fcs,13.0,,,,,,,,,
3176,401641023,2024,regular,1,2024-08-31T23:00:00.000Z,Middle Tennessee,Conference USA,fbs,32.0,Tennessee Tech,Big South-OVC,fcs,25.0,,,,,,,,,
3177,401628450,2024,regular,1,2024-08-31T16:00:00.000Z,Iowa,Big Ten,fbs,40.0,Illinois State,MVFC,fcs,0.0,,,,,,,,,
3178,401628581,2024,regular,1,2024-08-29T23:00:00.000Z,Wake Forest,ACC,fbs,45.0,North Carolina A&T,CAA,fcs,13.0,,,,,,,,,
3179,401645319,2024,regular,1,2024-08-30T22:00:00.000Z,Army,American Athletic,fbs,42.0,Lehigh,Patriot,fcs,7.0,,,,,,,,,
3180,401643702,2024,regular,1,2024-09-01T00:00:00.000Z,San Diego State,Mountain West,fbs,45.0,East Texas A&M,Southland,fcs,14.0,,,,,,,,,
3181,401634303,2024,regular,1,2024-09-01T00:00:00.000Z,SMU,ACC,fbs,59.0,Houston Christian,Southland,fcs,7.0,,,,,,,,,
3182,401632064,2024,regular,1,2024-08-31T23:00:00.000Z,Arkansas State,Sun Belt,fbs,34.0,Central Arkansas,UAC,fcs,31.0,,,,,,,,,
3183,401628456,2024,regular,1,2024-08-31T23:30:00.000Z,Oregon,Big Ten,fbs,24.0,Idaho,Big Sky,fcs,14.0,,,,,,,,,
3184,401641007,2024,regular,1,2024-09-01T00:00:00.000Z,Louisiana Tech,Conference USA,fbs,25.0,Nicholls,Southland,fcs,17.0,,,,,,,,,
3185,401634240,2024,regular,1,2024-09-01T00:00:00.000Z,BYU,Big 12,fbs,41.0,Southern Illinois,MVFC,fcs,13.0,,,,,,,,,
3186,401636363,2024,regular,1,2024-08-31T23:00:00.000Z,South Florida,American Athletic,fbs,48.0,Bethune-Cookman,SWAC,fcs,3.0,,,,,,,,,
3187,401643776,2024,regular,1,2024-09-01T00:00:00.000Z,Texas State,Sun Belt,fbs,34.0,Lamar,Southland,fcs,27.0,,,,,,,,,
