,id,season,seasonType,week,startDate,homeTeamId,homeTeam,homeConference,homeClassification,homeScore,awayTeamId,awayTeam,awayConference,awayClassification,awayScore,provider,spread,formattedSpread,spreadOpen,overUnder,overUnderOpen,homeMoneyline,awayMoneyline,0
0,401752852,2025,regular,5,2025-09-27T19:30:00.000Z,264,Washington,Big Ten,fbs,,194,Ohio State,Big Ten,fbs,,DraftKings,8.5,Ohio State -8.5,13.5,52.5,,260.0,-325.0,
1,401752852,2025,regular,5,2025-09-27T19:30:00.000Z,264,Washington,Big Ten,fbs,,194,Ohio State,Big Ten,fbs,,ESPN Bet,7.5,Ohio State -7.5,11.5,51.5,48.5,260.0,-320.0,
2,401752852,2025,regular,5,2025-09-27T19:30:00.000Z,264,Washington,Big Ten,fbs,,194,Ohio State,Big Ten,fbs,,Bovada,7.5,Ohio State -7.5,9.5,51.5,52.5,260.0,-320.0,
3,401752719,2025,regular,5,2025-09-27T19:30:00.000Z,145,Ole Miss,SEC,fbs,,99,LSU,SEC,fbs,,DraftKings,-1.5,Ole Miss -1.5,2.5,55.5,,-120.0,100.0,
4,401752719,2025,regular,5,2025-09-27T19:30:00.000Z,145,Ole Miss,SEC,fbs,,99,LSU,SEC,fbs,,ESPN Bet,-1.5,Ole Miss -1.5,2.0,55.5,56.5,-120.0,105.0,
5,401752719,2025,regular,5,2025-09-27T19:30:00.000Z,145,Ole Miss,SEC,fbs,,99,LSU,SEC,fbs,,Bovada,-1.5,Ole Miss -1.5,-1.5,55.0,55.5,-125.0,105.0,
6,401752846,2025,regular,4,2025-09-20T19:30:00.000Z,158,Nebraska,Big Ten,fbs,27.0,130,Michigan,Big Ten,fbs,30.0,DraftKings,1.5,Michigan -1.5,3.5,47.5,,-102.0,-118.0,
7,401752846,2025,regular,4,2025-09-20T19:30:00.000Z,158,Nebraska,Big Ten,fbs,27.0,130,Michigan,Big Ten,fbs,30.0,ESPN Bet,1.5,Michigan -1.5,3.0,48.5,44.5,-105.0,-115.0,
8,401752846,2025,regular,4,2025-09-20T19:30:00.000Z,158,Nebraska,Big Ten,fbs,27.0,130,Michigan,Big Ten,fbs,30.0,Bovada,-1.0,Nebraska -1.0,1.5,47.5,44.5,105.0,-125.0,
9,401752842,2025,regular,4,2025-09-20T23:30:00.000Z,265,Washington State,Pac-12,fbs,24.0,264,Washington,Big Ten,fbs,59.0,DraftKings,21.0,Washington -21,12.5,51.5,,900.0,-1600.0,
10,401752842,2025,regular,4,2025-09-20T23:30:00.000Z,265,Washington State,Pac-12,fbs,24.0,264,Washington,Big Ten,fbs,59.0,Bovada,21.0,Washington -21.0,20.5,52.0,53.5,750.0,-1400.0,
11,401752842,2025,regular,4,2025-09-20T23:30:00.000Z,265,Washington State,Pac-12,fbs,24.0,264,Washington,Big Ten,fbs,59.0,ESPN Bet,20.5,Washington -20.5,20.5,52.5,53.5,900.0,-1800.0,
12,401752717,2025,regular,5,2025-09-27T16:00:00.000Z,8,Arkansas,SEC,fbs,,87,Notre Dame,FBS Independents,fbs,,DraftKings,4.5,Notre Dame -4.5,10.5,64.5,,164.0,-198.0,
13,401752717,2025,regular,5,2025-09-27T16:00:00.000Z,8,Arkansas,SEC,fbs,,87,Notre Dame,FBS Independents,fbs,,ESPN Bet,4.5,Notre Dame -4.5,6.5,64.5,58.5,160.0,-190.0,
14,401752717,2025,regular,5,2025-09-27T16:00:00.000Z,8,Arkansas,SEC,fbs,,87,Notre Dame,FBS Independents,fbs,,Bovada,4.5,Notre Dame -4.5,6.0,64.5,64.5,185.0,-225.0,
15,401756847,2025,regular,1,2025-08-23T22:30:00.000Z,2305,Kansas,Big 12,fbs,31.0,278,Fresno State,Mountain West,fbs,7.0,DraftKings,-14.0,Kansas -14,-14.0,51.5,51.5,-550.0,410.0,
16,401756847,2025,regular,1,2025-08-23T22:30:00.000Z,2305,Kansas,Big 12,fbs,31.0,278,Fresno State,Mountain West,fbs,7.0,ESPN Bet,-14.5,Kansas -14.5,-13.5,50.5,51.5,-650.0,425.0,
17,401756847,2025,regular,1,2025-08-23T22:30:00.000Z,2305,Kansas,Big 12,fbs,31.0,278,Fresno State,Mountain West,fbs,7.0,Bovada,-14.0,Kansas -14.0,-14.5,50.0,51.5,-575.0,400.0,
18,401757218,2025,regular,1,2025-08-23T23:00:00.000Z,98,Western Kentucky,Conference USA,fbs,41.0,2534,Sam Houston,Conference USA,fbs,24.0,DraftKings,-9.5,Western Kentucky -9.5,-9.5,60.5,60.5,-360.0,285.0,
19,401757218,2025,regular,1,2025-08-23T23:00:00.000Z,98,Western Kentucky,Conference USA,fbs,41.0,2534,Sam Houston,Conference USA,fbs,24.0,ESPN Bet,-10.5,Western Kentucky -10.5,-9.5,60.5,61.5,-400.0,300.0,
20,401757218,2025,regular,1,2025-08-23T23:00:00.000Z,98,Western Kentucky,Conference USA,fbs,41.0,2534,Sam Houston,Conference USA,fbs,24.0,Bovada,-9.5,Western Kentucky -9.5,-7.0,60.0,61.5,-390.0,295.0,
21,401754516,2025,regular,1,2025-08-23T23:30:00.000Z,62,Hawai'i,Mountain West,fbs,23.0,24,Stanford,ACC,fbs,20.0,DraftKings,-1.5,Hawai'i -1.5,-1.5,53.5,53.5,-118.0,-102.0,
22,401754516,2025,regular,1,2025-08-23T23:30:00.000Z,62,Hawai'i,Mountain West,fbs,23.0,24,Stanford,ACC,fbs,20.0,ESPN Bet,-1.5,Hawai'i -1.5,-1.5,50.5,53.5,-120.0,110.0,
23,401754516,2025,regular,1,2025-08-23T23:30:00.000Z,62,Hawai'i,Mountain West,fbs,23.0,24,Stanford,ACC,fbs,20.0,Bovada,-2.0,Hawai'i -2.0,2.5,50.0,55.5,115.0,-135.0,
24,401762522,2025,regular,1,2025-08-28T21:30:00.000Z,58,South Florida,American Athletic,fbs,34.0,68,Boise State,Mountain West,fbs,7.0,DraftKings,8.5,Boise State -8.5,8.5,63.5,63.5,250.0,-310.0,
25,401762522,2025,regular,1,2025-08-28T21:30:00.000Z,58,South Florida,American Athletic,fbs,34.0,68,Boise State,Mountain West,fbs,7.0,ESPN Bet,5.5,Boise State -5.5,8.5,60.5,63.5,175.0,-210.0,
26,401762522,2025,regular,1,2025-08-28T21:30:00.000Z,58,South Florida,American Athletic,fbs,34.0,68,Boise State,Mountain West,fbs,7.0,Bovada,4.5,Boise State -4.5,9.5,62.0,63.5,240.0,-290.0,
27,401752794,2025,regular,1,2025-08-28T22:00:00.000Z,164,Rutgers,Big Ten,fbs,34.0,195,Ohio,Mid-American,fbs,31.0,DraftKings,-11.5,Rutgers -11.5,-11.5,46.5,46.5,-455.0,350.0,
28,401752794,2025,regular,1,2025-08-28T22:00:00.000Z,164,Rutgers,Big Ten,fbs,34.0,195,Ohio,Mid-American,fbs,31.0,ESPN Bet,-15.5,Rutgers -15.5,-11.5,53.5,46.5,-750.0,475.0,
29,401752794,2025,regular,1,2025-08-28T22:00:00.000Z,164,Rutgers,Big Ten,fbs,34.0,195,Ohio,Mid-American,fbs,31.0,Bovada,-15.5,Rutgers -15.5,-10.5,52.0,47.5,-510.0,370.0,
30,401756848,2025,regular,1,2025-08-28T23:00:00.000Z,2116,UCF,Big 12,fbs,17.0,55,Jacksonville State,Conference USA,fbs,10.0,DraftKings,-16.5,UCF -16.5,-16.5,53.5,53.5,-750.0,525.0,
31,401756848,2025,regular,1,2025-08-28T23:00:00.000Z,2116,UCF,Big 12,fbs,17.0,55,Jacksonville State,Conference USA,fbs,10.0,ESPN Bet,-20.5,UCF -20.5,-16.5,52.5,53.5,-1800.0,900.0,
32,401756848,2025,regular,1,2025-08-28T23:00:00.000Z,2116,UCF,Big 12,fbs,17.0,55,Jacksonville State,Conference USA,fbs,10.0,Bovada,-20.5,UCF -20.5,-16.5,52.5,56.5,-800.0,525.0,
33,401754373,2025,regular,1,2025-08-28T23:00:00.000Z,152,NC State,ACC,fbs,24.0,151,East Carolina,American Athletic,fbs,17.0,DraftKings,-12.5,NC State -12.5,-12.5,58.5,58.5,-440.0,340.0,
34,401754373,2025,regular,1,2025-08-28T23:00:00.000Z,152,NC State,ACC,fbs,24.0,151,East Carolina,American Athletic,fbs,17.0,ESPN Bet,-13.5,NC State -13.5,-12.5,61.5,58.5,-650.0,425.0,
35,401754373,2025,regular,1,2025-08-28T23:00:00.000Z,152,NC State,ACC,fbs,24.0,151,East Carolina,American Athletic,fbs,17.0,Bovada,-14.0,NC State -14.0,-14.0,61.0,56.5,-435.0,325.0,
36,401762789,2025,regular,1,2025-08-28T23:00:00.000Z,2006,Akron,Mid-American,fbs,0.0,2751,Wyoming,Mountain West,fbs,10.0,DraftKings,8.5,Wyoming -8.5,8.5,49.5,49.5,260.0,-325.0,
37,401762789,2025,regular,1,2025-08-28T23:00:00.000Z,2006,Akron,Mid-American,fbs,0.0,2751,Wyoming,Mountain West,fbs,10.0,ESPN Bet,4.5,Wyoming -4.5,7.5,47.5,49.5,170.0,-200.0,
38,401762789,2025,regular,1,2025-08-28T23:00:00.000Z,2006,Akron,Mid-American,fbs,0.0,2751,Wyoming,Mountain West,fbs,10.0,Bovada,5.0,Wyoming -5.0,9.5,48.0,49.5,250.0,-300.0,
39,401752793,2025,regular,1,2025-08-29T00:00:00.000Z,135,Minnesota,Big Ten,fbs,23.0,2084,Buffalo,Mid-American,fbs,10.0,DraftKings,-16.5,Minnesota -16.5,-16.5,45.5,45.5,-900.0,600.0,
40,401752793,2025,regular,1,2025-08-29T00:00:00.000Z,135,Minnesota,Big Ten,fbs,23.0,2084,Buffalo,Mid-American,fbs,10.0,ESPN Bet,-16.5,Minnesota -16.5,-17.0,41.5,45.5,-900.0,550.0,
41,401752793,2025,regular,1,2025-08-29T00:00:00.000Z,135,Minnesota,Big Ten,fbs,23.0,2084,Buffalo,Mid-American,fbs,10.0,Bovada,-18.5,Minnesota -18.5,-18.5,43.0,45.5,-900.0,575.0,
42,401762791,2025,regular,1,2025-08-29T01:00:00.000Z,275,Wisconsin,Big Ten,fbs,17.0,193,Miami (OH),Mid-American,fbs,0.0,DraftKings,-17.5,Wisconsin -17.5,-17.5,40.5,40.5,-1100.0,700.0,
43,401762791,2025,regular,1,2025-08-29T01:00:00.000Z,275,Wisconsin,Big Ten,fbs,17.0,193,Miami (OH),Mid-American,fbs,0.0,ESPN Bet,-18.5,Wisconsin -18.5,-17.5,41.5,40.5,-1400.0,750.0,
44,401762791,2025,regular,1,2025-08-29T01:00:00.000Z,275,Wisconsin,Big Ten,fbs,17.0,193,Miami (OH),Mid-American,fbs,0.0,Bovada,-18.0,Wisconsin -18.0,-17.5,41.0,41.5,-1200.0,700.0,
45,401752796,2025,regular,1,2025-08-29T01:00:00.000Z,2132,Cincinnati,Big 12,fbs,17.0,158,Nebraska,Big Ten,fbs,20.0,DraftKings,6.5,Nebraska -6.5,6.5,52.5,52.5,220.0,-270.0,
46,401752796,2025,regular,1,2025-08-29T01:00:00.000Z,2132,Cincinnati,Big 12,fbs,17.0,158,Nebraska,Big Ten,fbs,20.0,ESPN Bet,5.5,Nebraska -5.5,7.0,50.5,52.5,195.0,-230.0,
47,401752796,2025,regular,1,2025-08-29T01:00:00.000Z,2132,Cincinnati,Big 12,fbs,17.0,158,Nebraska,Big Ten,fbs,20.0,Bovada,6.0,Nebraska -6.0,6.5,50.5,50.5,210.0,-250.0,
48,401752802,2025,regular,1,2025-08-29T23:00:00.000Z,127,Michigan State,Big Ten,fbs,23.0,2711,Western Michigan,Mid-American,fbs,6.0,DraftKings,-18.5,Michigan State -18.5,-18.5,49.5,49.5,-950.0,625.0,
49,401752802,2025,regular,1,2025-08-29T23:00:00.000Z,127,Michigan State,Big Ten,fbs,23.0,2711,Western Michigan,Mid-American,fbs,6.0,ESPN Bet,-22.5,Michigan State -22.5,-18.5,50.5,49.5,-2000.0,1000.0,
50,401752802,2025,regular,1,2025-08-29T23:00:00.000Z,127,Michigan State,Big Ten,fbs,23.0,2711,Western Michigan,Mid-American,fbs,6.0,Bovada,-21.5,Michigan State -21.5,-17.5,50.0,49.5,-1600.0,800.0,
51,401754374,2025,regular,1,2025-08-29T23:00:00.000Z,154,Wake Forest,ACC,fbs,10.0,338,Kennesaw State,Conference USA,fbs,9.0,DraftKings,-17.5,Wake Forest -17.5,-17.5,51.5,51.5,-1000.0,650.0,
52,401754374,2025,regular,1,2025-08-29T23:00:00.000Z,154,Wake Forest,ACC,fbs,10.0,338,Kennesaw State,Conference USA,fbs,9.0,ESPN Bet,-18.5,Wake Forest -18.5,-18.0,51.5,51.5,-1200.0,700.0,
53,401754374,2025,regular,1,2025-08-29T23:00:00.000Z,154,Wake Forest,ACC,fbs,10.0,338,Kennesaw State,Conference USA,fbs,9.0,Bovada,-18.5,Wake Forest -18.5,-17.5,51.0,53.5,-1200.0,700.0,
54,401761589,2025,regular,1,2025-08-29T23:00:00.000Z,2429,Charlotte,American Athletic,fbs,11.0,2026,App State,Sun Belt,fbs,34.0,DraftKings,8.5,App State -8.5,8.5,53.5,53.5,260.0,-325.0,
55,401761589,2025,regular,1,2025-08-29T23:00:00.000Z,2429,Charlotte,American Athletic,fbs,11.0,2026,App State,Sun Belt,fbs,34.0,ESPN Bet,19.5,App State -19.5,8.0,,53.5,135.0,-155.0,
56,401761589,2025,regular,1,2025-08-29T23:00:00.000Z,2429,Charlotte,American Athletic,fbs,11.0,2026,App State,Sun Belt,fbs,34.0,Bovada,3.0,App State -3.0,8.5,49.0,53.5,250.0,-300.0,
57,401754375,2025,regular,1,2025-08-30T00:00:00.000Z,38,Colorado,Big 12,fbs,20.0,59,Georgia Tech,ACC,fbs,27.0,DraftKings,4.0,Georgia Tech -4,4.0,55.5,55.5,160.0,-192.0,
58,401754375,2025,regular,1,2025-08-30T00:00:00.000Z,38,Colorado,Big 12,fbs,20.0,59,Georgia Tech,ACC,fbs,27.0,ESPN Bet,3.5,Georgia Tech -3.5,4.0,50.5,55.5,145.0,-170.0,
59,401754375,2025,regular,1,2025-08-30T00:00:00.000Z,38,Colorado,Big 12,fbs,20.0,59,Georgia Tech,ACC,fbs,27.0,Bovada,3.5,Georgia Tech -3.5,3.5,50.0,57.5,150.0,-175.0,
60,401752667,2025,regular,1,2025-08-30T00:00:00.000Z,239,Baylor,Big 12,fbs,24.0,2,Auburn,SEC,fbs,38.0,DraftKings,1.5,Auburn -1.5,1.5,57.5,57.5,-105.0,-115.0,
61,401752667,2025,regular,1,2025-08-30T00:00:00.000Z,239,Baylor,Big 12,fbs,24.0,2,Auburn,SEC,fbs,38.0,ESPN Bet,-1.5,Baylor -1.5,1.0,56.5,57.5,-105.0,-115.0,
62,401752667,2025,regular,1,2025-08-30T00:00:00.000Z,239,Baylor,Big 12,fbs,24.0,2,Auburn,SEC,fbs,38.0,Bovada,1.0,Auburn -1.0,1.5,56.5,56.5,-110.0,-110.0,
63,401757224,2025,regular,1,2025-08-30T01:30:00.000Z,2534,Sam Houston,Conference USA,fbs,21.0,2439,UNLV,Mountain West,fbs,38.0,DraftKings,13.5,UNLV -13.5,13.5,58.5,58.5,380.0,-500.0,
64,401757224,2025,regular,1,2025-08-30T01:30:00.000Z,2534,Sam Houston,Conference USA,fbs,21.0,2439,UNLV,Mountain West,fbs,38.0,ESPN Bet,8.5,UNLV -8.5,13.0,60.5,58.5,250.0,-300.0,
65,401757224,2025,regular,1,2025-08-30T01:30:00.000Z,2534,Sam Houston,Conference USA,fbs,21.0,2439,UNLV,Mountain West,fbs,38.0,Bovada,9.0,UNLV -9.0,13.5,60.5,58.5,370.0,-510.0,
66,401760358,2025,regular,1,2025-08-30T02:30:00.000Z,23,San José State,Mountain West,fbs,14.0,2117,Central Michigan,Mid-American,fbs,16.0,DraftKings,-11.5,San José State -11.5,-11.5,50.5,50.5,-425.0,330.0,
67,401760358,2025,regular,1,2025-08-30T02:30:00.000Z,23,San José State,Mountain West,fbs,14.0,2117,Central Michigan,Mid-American,fbs,16.0,ESPN Bet,-14.5,San José State -14.5,-11.5,51.5,50.5,-650.0,425.0,
68,401760358,2025,regular,1,2025-08-30T02:30:00.000Z,23,San José State,Mountain West,fbs,14.0,2117,Central Michigan,Mid-American,fbs,16.0,Bovada,-14.5,San José State -14.5,-10.5,51.5,51.0,-460.0,340.0,
69,401752801,2025,regular,1,2025-08-30T16:00:00.000Z,2509,Purdue,Big Ten,fbs,31.0,2050,Ball State,Mid-American,fbs,0.0,DraftKings,-16.5,Purdue -16.5,-16.5,50.5,50.5,-850.0,575.0,
70,401752801,2025,regular,1,2025-08-30T16:00:00.000Z,2509,Purdue,Big Ten,fbs,31.0,2050,Ball State,Mid-American,fbs,0.0,ESPN Bet,-16.5,Purdue -16.5,-17.0,48.5,50.5,-800.0,500.0,
71,401752801,2025,regular,1,2025-08-30T16:00:00.000Z,2509,Purdue,Big Ten,fbs,31.0,2050,Ball State,Mid-American,fbs,0.0,Bovada,-16.5,Purdue -16.5,-16.5,48.5,50.5,-900.0,575.0,
72,401752797,2025,regular,1,2025-08-30T16:00:00.000Z,120,Maryland,Big Ten,fbs,39.0,2226,Florida Atlantic,American Athletic,fbs,7.0,DraftKings,-16.5,Maryland -16.5,-16.5,57.5,57.5,-700.0,500.0,
73,401752797,2025,regular,1,2025-08-30T16:00:00.000Z,120,Maryland,Big Ten,fbs,39.0,2226,Florida Atlantic,American Athletic,fbs,7.0,ESPN Bet,-13.5,Maryland -13.5,-16.5,59.5,57.5,-450.0,340.0,
74,401752797,2025,regular,1,2025-08-30T16:00:00.000Z,120,Maryland,Big Ten,fbs,39.0,2226,Florida Atlantic,American Athletic,fbs,7.0,Bovada,-12.5,Maryland -12.5,-17.5,60.0,57.5,-850.0,550.0,
75,401752673,2025,regular,1,2025-08-30T16:00:00.000Z,2572,Southern Miss,Sun Belt,fbs,17.0,344,Mississippi State,SEC,fbs,34.0,DraftKings,11.5,Mississippi State -11.5,11.5,59.5,59.5,340.0,-440.0,
76,401752673,2025,regular,1,2025-08-30T16:00:00.000Z,2572,Southern Miss,Sun Belt,fbs,17.0,344,Mississippi State,SEC,fbs,34.0,ESPN Bet,15.5,Mississippi State -15.5,12.5,59.5,59.5,450.0,-700.0,
77,401752673,2025,regular,1,2025-08-30T16:00:00.000Z,2572,Southern Miss,Sun Belt,fbs,17.0,344,Mississippi State,SEC,fbs,34.0,Bovada,14.5,Mississippi State -14.5,15.5,60.0,57.5,305.0,-410.0,
78,401752803,2025,regular,1,2025-08-30T16:00:00.000Z,2655,Tulane,American Athletic,fbs,23.0,77,Northwestern,Big Ten,fbs,3.0,DraftKings,-6.5,Tulane -6.5,-6.5,47.5,47.5,-245.0,200.0,
79,401752803,2025,regular,1,2025-08-30T16:00:00.000Z,2655,Tulane,American Athletic,fbs,23.0,77,Northwestern,Big Ten,fbs,3.0,ESPN Bet,-6.5,Tulane -6.5,-6.5,45.5,46.5,-200.0,170.0,
80,401752803,2025,regular,1,2025-08-30T16:00:00.000Z,2655,Tulane,American Athletic,fbs,23.0,77,Northwestern,Big Ten,fbs,3.0,Bovada,-5.0,Tulane -5.0,-7.5,46.0,47.5,-230.0,190.0,
81,401752670,2025,regular,1,2025-08-30T16:45:00.000Z,96,Kentucky,SEC,fbs,24.0,2649,Toledo,Mid-American,fbs,16.0,DraftKings,-10.0,Kentucky -10,-10.0,48.5,48.5,-345.0,275.0,
82,401752670,2025,regular,1,2025-08-30T16:45:00.000Z,96,Kentucky,SEC,fbs,24.0,2649,Toledo,Mid-American,fbs,16.0,ESPN Bet,-9.5,Kentucky -9.5,-9.5,48.5,48.5,-360.0,280.0,
83,401752670,2025,regular,1,2025-08-30T16:45:00.000Z,96,Kentucky,SEC,fbs,24.0,2649,Toledo,Mid-American,fbs,16.0,Bovada,-10.0,Kentucky -10.0,-12.5,49.0,48.5,-350.0,275.0,
84,401752806,2025,regular,1,2025-08-30T18:30:00.000Z,84,Indiana,Big Ten,fbs,27.0,295,Old Dominion,Sun Belt,fbs,14.0,DraftKings,-23.5,Indiana -23.5,-23.5,54.5,54.5,-2400.0,1200.0,
85,401752806,2025,regular,1,2025-08-30T18:30:00.000Z,84,Indiana,Big Ten,fbs,27.0,295,Old Dominion,Sun Belt,fbs,14.0,ESPN Bet,-23.5,Indiana -23.5,-23.5,53.5,54.5,-3000.0,1200.0,
86,401752806,2025,regular,1,2025-08-30T18:30:00.000Z,84,Indiana,Big Ten,fbs,27.0,295,Old Dominion,Sun Belt,fbs,14.0,Bovada,-23.0,Indiana -23.0,-23.5,53.0,54.5,-3300.0,1100.0,
87,401752665,2025,regular,1,2025-08-30T19:30:00.000Z,52,Florida State,ACC,fbs,31.0,333,Alabama,SEC,fbs,17.0,DraftKings,13.5,Alabama -13.5,13.5,50.5,50.5,380.0,-500.0,
88,401752665,2025,regular,1,2025-08-30T19:30:00.000Z,52,Florida State,ACC,fbs,31.0,333,Alabama,SEC,fbs,17.0,ESPN Bet,13.5,Alabama -13.5,13.5,46.5,50.5,450.0,-700.0,
89,401752665,2025,regular,1,2025-08-30T19:30:00.000Z,52,Florida State,ACC,fbs,31.0,333,Alabama,SEC,fbs,17.0,Bovada,13.5,Alabama -13.5,9.5,47.0,50.5,400.0,-575.0,
90,401752669,2025,regular,1,2025-08-30T19:30:00.000Z,61,Georgia,SEC,fbs,45.0,276,Marshall,Sun Belt,fbs,7.0,DraftKings,-39.5,Georgia -39.5,-39.5,55.5,55.5,,,
91,401752669,2025,regular,1,2025-08-30T19:30:00.000Z,61,Georgia,SEC,fbs,45.0,276,Marshall,Sun Belt,fbs,7.0,ESPN Bet,-38.5,Georgia -38.5,-39.5,51.5,55.5,,,
92,401752669,2025,regular,1,2025-08-30T19:30:00.000Z,61,Georgia,SEC,fbs,45.0,276,Marshall,Sun Belt,fbs,7.0,Bovada,-38.5,Georgia -38.5,-38.5,51.5,55.5,,,
93,401752807,2025,regular,1,2025-08-30T19:30:00.000Z,213,Penn State,Big Ten,fbs,46.0,2440,Nevada,Mountain West,fbs,11.0,DraftKings,-45.5,Penn State -45.5,-45.5,58.5,58.5,,,
94,401752807,2025,regular,1,2025-08-30T19:30:00.000Z,213,Penn State,Big Ten,fbs,46.0,2440,Nevada,Mountain West,fbs,11.0,ESPN Bet,-43.5,Penn State -43.5,-45.5,54.5,58.5,,,
95,401752807,2025,regular,1,2025-08-30T19:30:00.000Z,213,Penn State,Big Ten,fbs,46.0,2440,Nevada,Mountain West,fbs,11.0,Bovada,-43.5,Penn State -43.5,-43.5,54.5,60.5,,,
96,401762456,2025,regular,1,2025-08-30T19:30:00.000Z,113,Massachusetts,Mid-American,fbs,10.0,218,Temple,American Athletic,fbs,42.0,DraftKings,3.0,Temple -3,3.0,51.5,51.5,124.0,-148.0,
97,401762456,2025,regular,1,2025-08-30T19:30:00.000Z,113,Massachusetts,Mid-American,fbs,10.0,218,Temple,American Athletic,fbs,42.0,ESPN Bet,2.5,Temple -2.5,3.0,48.5,51.5,110.0,-130.0,
98,401762456,2025,regular,1,2025-08-30T19:30:00.000Z,113,Massachusetts,Mid-American,fbs,10.0,218,Temple,American Athletic,fbs,42.0,Bovada,1.5,Temple -1.5,-1.5,48.5,52.5,140.0,-165.0,
99,401754616,2025,regular,1,2025-08-30T22:00:00.000Z,258,Virginia,ACC,fbs,48.0,324,Coastal Carolina,Sun Belt,fbs,7.0,DraftKings,-12.5,Virginia -12.5,-12.5,57.5,57.5,-470.0,360.0,
100,401754616,2025,regular,1,2025-08-30T22:00:00.000Z,258,Virginia,ACC,fbs,48.0,324,Coastal Carolina,Sun Belt,fbs,7.0,ESPN Bet,-13.5,Virginia -13.5,-12.5,54.5,57.5,-550.0,380.0,
101,401754616,2025,regular,1,2025-08-30T22:00:00.000Z,258,Virginia,ACC,fbs,48.0,324,Coastal Carolina,Sun Belt,fbs,7.0,Bovada,-13.5,Virginia -13.5,-12.5,55.0,57.5,-470.0,345.0,
102,401752678,2025,regular,1,2025-08-30T23:00:00.000Z,245,Texas A&M,SEC,fbs,42.0,2636,UTSA,American Athletic,fbs,24.0,DraftKings,-21.5,Texas A&M -21.5,-21.5,56.5,56.5,-1650.0,950.0,
103,401752678,2025,regular,1,2025-08-30T23:00:00.000Z,245,Texas A&M,SEC,fbs,42.0,2636,UTSA,American Athletic,fbs,24.0,ESPN Bet,-23.5,Texas A&M -23.5,-21.5,59.5,,-2500.0,1100.0,
104,401752678,2025,regular,1,2025-08-30T23:00:00.000Z,245,Texas A&M,SEC,fbs,42.0,2636,UTSA,American Athletic,fbs,24.0,Bovada,-24.0,Texas A&M -24.0,-21.0,58.5,56.5,-2800.0,1100.0,
105,401752671,2025,regular,1,2025-08-30T23:30:00.000Z,228,Clemson,ACC,fbs,10.0,99,LSU,SEC,fbs,17.0,DraftKings,-3.5,Clemson -3.5,-3.5,57.5,57.5,-170.0,142.0,
106,401752671,2025,regular,1,2025-08-30T23:30:00.000Z,228,Clemson,ACC,fbs,10.0,99,LSU,SEC,fbs,17.0,ESPN Bet,-5.5,Clemson -5.5,-3.5,55.5,57.5,-200.0,170.0,
107,401752671,2025,regular,1,2025-08-30T23:30:00.000Z,228,Clemson,ACC,fbs,10.0,99,LSU,SEC,fbs,17.0,Bovada,-5.5,Clemson -5.5,-2.5,55.5,56.5,-150.0,130.0,
108,401752808,2025,regular,1,2025-08-30T23:30:00.000Z,130,Michigan,Big Ten,fbs,34.0,167,New Mexico,Mountain West,fbs,17.0,DraftKings,-36.5,Michigan -36.5,-36.5,52.5,52.5,,,
109,401752808,2025,regular,1,2025-08-30T23:30:00.000Z,130,Michigan,Big Ten,fbs,34.0,167,New Mexico,Mountain West,fbs,17.0,ESPN Bet,-34.5,Michigan -34.5,-36.0,49.5,52.5,-50000.0,3500.0,
110,401752808,2025,regular,1,2025-08-30T23:30:00.000Z,130,Michigan,Big Ten,fbs,34.0,167,New Mexico,Mountain West,fbs,17.0,Bovada,-34.5,Michigan -34.5,-34.5,49.5,52.5,,,
111,401752798,2025,regular,1,2025-08-30T23:30:00.000Z,30,USC,Big Ten,fbs,73.0,2623,Missouri State,Conference USA,fbs,13.0,DraftKings,-34.5,USC -34.5,-34.5,59.5,59.5,,,
112,401752798,2025,regular,1,2025-08-30T23:30:00.000Z,30,USC,Big Ten,fbs,73.0,2623,Missouri State,Conference USA,fbs,13.0,ESPN Bet,-36.5,USC -36.5,-35.5,60.5,58.5,,,
113,401752798,2025,regular,1,2025-08-30T23:30:00.000Z,30,USC,Big Ten,fbs,73.0,2623,Missouri State,Conference USA,fbs,13.0,Bovada,-36.5,USC -36.5,-31.5,60.0,59.5,,,
114,401757225,2025,regular,1,2025-08-30T23:30:00.000Z,328,Utah State,Mountain West,fbs,28.0,2638,UTEP,Conference USA,fbs,16.0,DraftKings,-3.5,Utah State -3.5,-3.5,59.5,59.5,-180.0,150.0,
115,401757225,2025,regular,1,2025-08-30T23:30:00.000Z,328,Utah State,Mountain West,fbs,28.0,2638,UTEP,Conference USA,fbs,16.0,ESPN Bet,-4.5,Utah State -4.5,-3.5,58.5,58.5,-200.0,170.0,
116,401757225,2025,regular,1,2025-08-30T23:30:00.000Z,328,Utah State,Mountain West,fbs,28.0,2638,UTEP,Conference USA,fbs,16.0,Bovada,-5.5,Utah State -5.5,-3.5,58.5,59.5,-165.0,140.0,
117,401752672,2025,regular,1,2025-08-30T23:45:00.000Z,145,Ole Miss,SEC,fbs,63.0,2247,Georgia State,Sun Belt,fbs,7.0,DraftKings,-38.5,Ole Miss -38.5,-38.5,62.5,62.5,,,
118,401752672,2025,regular,1,2025-08-30T23:45:00.000Z,145,Ole Miss,SEC,fbs,63.0,2247,Georgia State,Sun Belt,fbs,7.0,ESPN Bet,-33.5,Ole Miss -33.5,-38.5,61.5,62.5,-50000.0,3500.0,
119,401752672,2025,regular,1,2025-08-30T23:45:00.000Z,145,Ole Miss,SEC,fbs,63.0,2247,Georgia State,Sun Belt,fbs,7.0,Bovada,-33.5,Ole Miss -33.5,-35.5,61.0,62.5,,,
120,401761592,2025,regular,1,2025-08-31T00:00:00.000Z,309,Louisiana,Sun Belt,fbs,12.0,242,Rice,American Athletic,fbs,14.0,DraftKings,-14.5,Louisiana -14.5,-14.5,49.5,49.5,-625.0,455.0,
121,401761592,2025,regular,1,2025-08-31T00:00:00.000Z,309,Louisiana,Sun Belt,fbs,12.0,242,Rice,American Athletic,fbs,14.0,ESPN Bet,-9.5,Louisiana -9.5,-14.0,48.5,49.5,-400.0,300.0,
122,401761592,2025,regular,1,2025-08-31T00:00:00.000Z,309,Louisiana,Sun Belt,fbs,12.0,242,Rice,American Athletic,fbs,14.0,Bovada,-9.5,Louisiana -9.5,-14.5,48.0,51.5,-600.0,425.0,
123,401761594,2025,regular,1,2025-08-31T00:00:00.000Z,326,Texas State,Sun Belt,fbs,52.0,2199,Eastern Michigan,Mid-American,fbs,27.0,DraftKings,-14.0,Texas State -14,-14.0,58.5,58.5,-600.0,440.0,
124,401761594,2025,regular,1,2025-08-31T00:00:00.000Z,326,Texas State,Sun Belt,fbs,52.0,2199,Eastern Michigan,Mid-American,fbs,27.0,ESPN Bet,-13.5,Texas State -13.5,-14.0,56.5,58.5,-600.0,400.0,
125,401761594,2025,regular,1,2025-08-31T00:00:00.000Z,326,Texas State,Sun Belt,fbs,52.0,2199,Eastern Michigan,Mid-American,fbs,27.0,Bovada,-14.0,Texas State -14.0,-14.5,56.0,58.5,-525.0,375.0,
126,401760361,2025,regular,1,2025-08-31T01:30:00.000Z,278,Fresno State,Mountain West,fbs,42.0,290,Georgia Southern,Sun Belt,fbs,14.0,DraftKings,-2.5,Fresno State -2.5,-2.5,54.5,54.5,-135.0,114.0,
127,401760361,2025,regular,1,2025-08-31T01:30:00.000Z,278,Fresno State,Mountain West,fbs,42.0,290,Georgia Southern,Sun Belt,fbs,14.0,ESPN Bet,1.5,Georgia Southern -1.5,-2.0,51.5,53.5,105.0,-125.0,
128,401760361,2025,regular,1,2025-08-31T01:30:00.000Z,278,Fresno State,Mountain West,fbs,42.0,290,Georgia Southern,Sun Belt,fbs,14.0,Bovada,-2.0,Fresno State -2.0,-1.5,49.5,55.5,-130.0,110.0,
129,401756849,2025,regular,1,2025-08-31T02:30:00.000Z,12,Arizona,Big 12,fbs,40.0,62,Hawai'i,Mountain West,fbs,6.0,DraftKings,-13.5,Arizona -13.5,-13.5,55.5,55.5,-550.0,410.0,
130,401756849,2025,regular,1,2025-08-31T02:30:00.000Z,12,Arizona,Big 12,fbs,40.0,62,Hawai'i,Mountain West,fbs,6.0,ESPN Bet,-15.5,Arizona -15.5,-13.5,55.5,56.5,-700.0,450.0,
131,401756849,2025,regular,1,2025-08-31T02:30:00.000Z,12,Arizona,Big 12,fbs,40.0,62,Hawai'i,Mountain West,fbs,6.0,Bovada,-15.5,Arizona -15.5,-10.5,55.0,53.5,-575.0,400.0,
132,401752936,2025,regular,1,2025-08-31T02:30:00.000Z,204,Oregon State,Pac-12,fbs,15.0,25,California,ACC,fbs,34.0,DraftKings,-3.0,Oregon State -3,-3.0,51.5,51.5,-148.0,124.0,
133,401752936,2025,regular,1,2025-08-31T02:30:00.000Z,204,Oregon State,Pac-12,fbs,15.0,25,California,ACC,fbs,34.0,ESPN Bet,2.5,California -2.5,-2.5,48.5,51.5,120.0,-140.0,
134,401752936,2025,regular,1,2025-08-31T02:30:00.000Z,204,Oregon State,Pac-12,fbs,15.0,25,California,ACC,fbs,34.0,Bovada,3.0,California -3.0,-1.5,48.0,52.5,-150.0,130.0,
135,401752805,2025,regular,1,2025-08-31T03:00:00.000Z,264,Washington,Big Ten,fbs,38.0,36,Colorado State,Mountain West,fbs,21.0,DraftKings,-20.5,Washington -20.5,-20.5,52.5,52.5,-1450.0,850.0,
136,401752805,2025,regular,1,2025-08-31T03:00:00.000Z,264,Washington,Big Ten,fbs,38.0,36,Colorado State,Mountain West,fbs,21.0,ESPN Bet,-22.5,Washington -22.5,-19.5,51.5,52.5,-2500.0,1100.0,
137,401752805,2025,regular,1,2025-08-31T03:00:00.000Z,264,Washington,Big Ten,fbs,38.0,36,Colorado State,Mountain West,fbs,21.0,Bovada,-22.5,Washington -22.5,-18.5,52.0,52.5,-1600.0,800.0,
138,401752800,2025,regular,1,2025-08-31T03:00:00.000Z,26,UCLA,Big Ten,fbs,10.0,254,Utah,Big 12,fbs,43.0,DraftKings,6.5,Utah -6.5,6.5,50.5,50.5,195.0,-238.0,
139,401752800,2025,regular,1,2025-08-31T03:00:00.000Z,26,UCLA,Big Ten,fbs,10.0,254,Utah,Big 12,fbs,43.0,ESPN Bet,6.5,Utah -6.5,6.5,48.5,50.5,210.0,-250.0,
140,401752800,2025,regular,1,2025-08-31T03:00:00.000Z,26,UCLA,Big Ten,fbs,10.0,254,Utah,Big 12,fbs,43.0,Bovada,6.5,Utah -6.5,3.0,49.0,48.5,100.0,-120.0,
141,401754522,2025,regular,1,2025-08-31T23:30:00.000Z,2390,Miami,ACC,fbs,27.0,87,Notre Dame,FBS Independents,fbs,24.0,DraftKings,2.5,Notre Dame -2.5,2.5,53.5,53.5,114.0,-135.0,
142,401754522,2025,regular,1,2025-08-31T23:30:00.000Z,2390,Miami,ACC,fbs,27.0,87,Notre Dame,FBS Independents,fbs,24.0,ESPN Bet,2.5,Notre Dame -2.5,2.5,50.5,52.5,120.0,-140.0,
143,401754522,2025,regular,1,2025-08-31T23:30:00.000Z,2390,Miami,ACC,fbs,27.0,87,Notre Dame,FBS Independents,fbs,24.0,Bovada,3.0,Notre Dame -3.0,2.5,50.5,54.5,115.0,-135.0,
144,401754523,2025,regular,1,2025-09-02T00:00:00.000Z,153,North Carolina,ACC,fbs,14.0,2628,TCU,Big 12,fbs,48.0,DraftKings,3.0,TCU -3,3.0,59.5,59.5,130.0,-155.0,
145,401754523,2025,regular,1,2025-09-02T00:00:00.000Z,153,North Carolina,ACC,fbs,14.0,2628,TCU,Big 12,fbs,48.0,ESPN Bet,3.5,TCU -3.5,3.0,54.5,59.5,150.0,-175.0,
146,401754523,2025,regular,1,2025-09-02T00:00:00.000Z,153,North Carolina,ACC,fbs,14.0,2628,TCU,Big 12,fbs,48.0,Bovada,3.5,TCU -3.5,-2.5,55.0,58.5,140.0,-165.0,
147,401752822,2025,regular,2,2025-09-06T16:00:00.000Z,66,Iowa State,Big 12,fbs,16.0,2294,Iowa,Big Ten,fbs,13.0,DraftKings,-1.5,Iowa State -1.5,-1.5,,,,,
148,401752822,2025,regular,2,2025-09-06T16:00:00.000Z,66,Iowa State,Big 12,fbs,16.0,2294,Iowa,Big Ten,fbs,13.0,Bovada,-3.0,Iowa State -3.0,-3.0,43.0,43.0,-150.0,130.0,
149,401752822,2025,regular,2,2025-09-06T16:00:00.000Z,66,Iowa State,Big 12,fbs,16.0,2294,Iowa,Big Ten,fbs,13.0,ESPN Bet,-3.5,Iowa State -3.5,-2.5,43.5,44.5,-155.0,135.0,
150,401752689,2025,regular,2,2025-09-06T19:30:00.000Z,142,Missouri,SEC,fbs,42.0,2305,Kansas,Big 12,fbs,31.0,DraftKings,-7.0,Missouri -7,-7.0,,,,,
151,401752689,2025,regular,2,2025-09-06T19:30:00.000Z,142,Missouri,SEC,fbs,42.0,2305,Kansas,Big 12,fbs,31.0,Bovada,-5.5,Missouri -5.5,-6.5,51.0,54.5,-240.0,200.0,
152,401752689,2025,regular,2,2025-09-06T19:30:00.000Z,142,Missouri,SEC,fbs,42.0,2305,Kansas,Big 12,fbs,31.0,ESPN Bet,-6.5,Missouri -6.5,-6.5,49.5,51.5,-200.0,170.0,
153,401752690,2025,regular,2,2025-09-06T23:30:00.000Z,201,Oklahoma,SEC,fbs,24.0,130,Michigan,Big Ten,fbs,13.0,DraftKings,-3.0,Oklahoma -3,-3.0,47.5,47.5,-148.0,124.0,
154,401752690,2025,regular,2,2025-09-06T23:30:00.000Z,201,Oklahoma,SEC,fbs,24.0,130,Michigan,Big Ten,fbs,13.0,Bovada,-4.0,Oklahoma -4.0,-5.5,44.0,48.0,-220.0,180.0,
155,401752690,2025,regular,2,2025-09-06T23:30:00.000Z,201,Oklahoma,SEC,fbs,24.0,130,Michigan,Big Ten,fbs,13.0,ESPN Bet,-3.5,Oklahoma -3.5,-2.5,44.5,46.5,-175.0,150.0,
156,401752868,2025,regular,7,2025-10-11T04:00:00.000Z,30,USC,Big Ten,fbs,,130,Michigan,Big Ten,fbs,,DraftKings,1.5,Michigan -1.5,1.5,,,,,
157,401752870,2025,regular,7,2025-10-11T04:00:00.000Z,2483,Oregon,Big Ten,fbs,,84,Indiana,Big Ten,fbs,,DraftKings,-14.5,Oregon -14.5,-14.5,,,,,
158,401752870,2025,regular,7,2025-10-11T04:00:00.000Z,2483,Oregon,Big Ten,fbs,,84,Indiana,Big Ten,fbs,,ESPN Bet,-13.5,Oregon -13.5,-14.0,55.5,55.5,-550.0,380.0,
159,401752731,2025,regular,7,2025-10-11T04:00:00.000Z,2,Auburn,SEC,fbs,,61,Georgia,SEC,fbs,,DraftKings,7.0,Georgia -7,7.0,,,,,
160,401752731,2025,regular,7,2025-10-11T04:00:00.000Z,2,Auburn,SEC,fbs,,61,Georgia,SEC,fbs,,ESPN Bet,6.0,Georgia -6,7.0,50.5,50.5,180.0,-215.0,
161,401756922,2025,regular,7,2025-10-11T04:00:00.000Z,254,Utah,Big 12,fbs,,9,Arizona State,Big 12,fbs,,DraftKings,-2.5,Utah -2.5,-2.5,,,,,
162,401752736,2025,regular,7,2025-10-11T19:30:00.000Z,251,Texas,SEC,fbs,,201,Oklahoma,SEC,fbs,,DraftKings,-9.5,Texas -9.5,-9.5,,,,,
163,401752736,2025,regular,7,2025-10-11T19:30:00.000Z,251,Texas,SEC,fbs,,201,Oklahoma,SEC,fbs,,ESPN Bet,-9.5,Texas -9.5,-9.5,56.5,56.5,-280.0,230.0,
164,401754564,2025,regular,8,2025-10-17T23:00:00.000Z,2390,Miami,ACC,fbs,,97,Louisville,ACC,fbs,,DraftKings,-6.5,Miami -6.5,-6.5,,,,,
165,401756923,2025,regular,8,2025-10-18T04:00:00.000Z,9,Arizona State,Big 12,fbs,,2641,Texas Tech,Big 12,fbs,,DraftKings,-4.0,Arizona State -4,-4.0,,,,,
166,401752873,2025,regular,8,2025-10-18T04:00:00.000Z,130,Michigan,Big Ten,fbs,,264,Washington,Big Ten,fbs,,DraftKings,-10.5,Michigan -10.5,-10.5,,,,,
167,401752873,2025,regular,8,2025-10-18T04:00:00.000Z,130,Michigan,Big Ten,fbs,,264,Washington,Big Ten,fbs,,ESPN Bet,-10.5,Michigan -10.5,-10.5,47.5,47.5,-320.0,260.0,
168,401754565,2025,regular,8,2025-10-18T04:00:00.000Z,228,Clemson,ACC,fbs,,2567,SMU,ACC,fbs,,DraftKings,-11.5,Clemson -11.5,-11.5,,,,,
169,401752738,2025,regular,8,2025-10-18T04:00:00.000Z,333,Alabama,SEC,fbs,,2633,Tennessee,SEC,fbs,,DraftKings,-12.5,Alabama -12.5,-12.5,,,,,
170,401752738,2025,regular,8,2025-10-18T04:00:00.000Z,333,Alabama,SEC,fbs,,2633,Tennessee,SEC,fbs,,ESPN Bet,-11.5,Alabama -11.5,-11.5,52.5,53.5,-400.0,300.0,
171,401752742,2025,regular,8,2025-10-18T04:00:00.000Z,61,Georgia,SEC,fbs,,145,Ole Miss,SEC,fbs,,DraftKings,-10.5,Georgia -10.5,-10.5,,,,,
172,401752742,2025,regular,8,2025-10-18T04:00:00.000Z,61,Georgia,SEC,fbs,,145,Ole Miss,SEC,fbs,,ESPN Bet,-10.5,Georgia -10.5,-10.5,53.5,53.5,-380.0,290.0,
173,401752871,2025,regular,8,2025-10-18T23:30:00.000Z,87,Notre Dame,FBS Independents,fbs,,30,USC,Big Ten,fbs,,DraftKings,-10.5,Notre Dame -10.5,-10.5,,,,,
174,401752871,2025,regular,8,2025-10-18T23:30:00.000Z,87,Notre Dame,FBS Independents,fbs,,30,USC,Big Ten,fbs,,ESPN Bet,-10.5,Notre Dame -10.5,-10.0,53.5,53.5,-320.0,260.0,
175,401752751,2025,regular,9,2025-10-25T04:00:00.000Z,2579,South Carolina,SEC,fbs,,333,Alabama,SEC,fbs,,DraftKings,7.5,Alabama -7.5,7.5,,,,,
176,401752881,2025,regular,9,2025-10-25T04:00:00.000Z,127,Michigan State,Big Ten,fbs,,130,Michigan,Big Ten,fbs,,DraftKings,8.5,Michigan -8.5,8.5,,,,,
177,401752881,2025,regular,9,2025-10-25T04:00:00.000Z,127,Michigan State,Big Ten,fbs,,130,Michigan,Big Ten,fbs,,ESPN Bet,8.0,Michigan -8,8.0,46.5,46.5,240.0,-290.0,
178,401752748,2025,regular,9,2025-10-25T04:00:00.000Z,99,LSU,SEC,fbs,,245,Texas A&M,SEC,fbs,,DraftKings,-5.5,LSU -5.5,-5.5,,,,,
179,401752748,2025,regular,9,2025-10-25T04:00:00.000Z,99,LSU,SEC,fbs,,245,Texas A&M,SEC,fbs,,ESPN Bet,-5.5,LSU -5.5,-5.5,53.5,53.5,-190.0,160.0,
180,401756932,2025,regular,9,2025-10-25T04:00:00.000Z,2305,Kansas,Big 12,fbs,,2306,Kansas State,Big 12,fbs,,DraftKings,4.0,Kansas State -4,4.0,,,,,
181,401756932,2025,regular,9,2025-10-25T04:00:00.000Z,2305,Kansas,Big 12,fbs,,2306,Kansas State,Big 12,fbs,,ESPN Bet,4.0,Kansas State -4,3.5,53.5,53.5,160.0,-190.0,
182,401752889,2025,regular,10,2025-11-01T04:00:00.000Z,194,Ohio State,Big Ten,fbs,,213,Penn State,Big Ten,fbs,,DraftKings,-4.0,Ohio State -4,-4.0,,,,,
183,401752889,2025,regular,10,2025-11-01T04:00:00.000Z,194,Ohio State,Big Ten,fbs,,213,Penn State,Big Ten,fbs,,ESPN Bet,-4.0,Ohio State -4,-4.0,50.5,50.5,-165.0,140.0,
184,401754581,2025,regular,10,2025-11-01T04:00:00.000Z,2567,SMU,ACC,fbs,,2390,Miami,ACC,fbs,,DraftKings,1.5,Miami -1.5,1.5,,,,,
185,401756941,2025,regular,10,2025-11-01T04:00:00.000Z,2306,Kansas State,Big 12,fbs,,2641,Texas Tech,Big 12,fbs,,DraftKings,-4.5,Kansas State -4.5,-4.5,,,,,
186,401756941,2025,regular,10,2025-11-01T04:00:00.000Z,2306,Kansas State,Big 12,fbs,,2641,Texas Tech,Big 12,fbs,,ESPN Bet,-4.0,Kansas State -4,-4.5,60.5,60.5,-185.0,155.0,
187,401752755,2025,regular,10,2025-11-01T19:30:00.000Z,57,Florida,SEC,fbs,,61,Georgia,SEC,fbs,,DraftKings,7.5,Georgia -7.5,7.5,,,,,
188,401752755,2025,regular,10,2025-11-01T19:30:00.000Z,57,Florida,SEC,fbs,,61,Georgia,SEC,fbs,,ESPN Bet,7.0,Georgia -7,8.0,51.5,51.5,200.0,-240.0,
189,401754586,2025,regular,11,2025-11-08T05:00:00.000Z,228,Clemson,ACC,fbs,,52,Florida State,ACC,fbs,,DraftKings,-16.5,Clemson -16.5,-16.5,55.5,55.5,-800.0,550.0,
190,401754586,2025,regular,11,2025-11-08T05:00:00.000Z,228,Clemson,ACC,fbs,,52,Florida State,ACC,fbs,,ESPN Bet,-17.0,Clemson -17,-16.5,55.5,55.5,-900.0,550.0,
191,401752759,2025,regular,11,2025-11-08T05:00:00.000Z,333,Alabama,SEC,fbs,,99,LSU,SEC,fbs,,DraftKings,-5.5,Alabama -5.5,-5.5,,,,,
192,401752759,2025,regular,11,2025-11-08T05:00:00.000Z,333,Alabama,SEC,fbs,,99,LSU,SEC,fbs,,ESPN Bet,-6.0,Alabama -6,-4.5,54.5,54.5,-210.0,175.0,
193,401754591,2025,regular,12,2025-11-15T00:30:00.000Z,97,Louisville,ACC,fbs,,228,Clemson,ACC,fbs,,DraftKings,6.5,Clemson -6.5,6.5,60.5,60.5,180.0,-218.0,
194,401754591,2025,regular,12,2025-11-15T00:30:00.000Z,97,Louisville,ACC,fbs,,228,Clemson,ACC,fbs,,ESPN Bet,6.0,Clemson -6,5.5,60.5,60.5,180.0,-215.0,
195,401752765,2025,regular,12,2025-11-15T05:00:00.000Z,333,Alabama,SEC,fbs,,201,Oklahoma,SEC,fbs,,DraftKings,-12.5,Alabama -12.5,-12.5,56.5,56.5,-440.0,340.0,
196,401752765,2025,regular,12,2025-11-15T05:00:00.000Z,333,Alabama,SEC,fbs,,201,Oklahoma,SEC,fbs,,ESPN Bet,-12.5,Alabama -12.5,-12.5,56.5,56.5,-425.0,320.0,
197,401752766,2025,regular,12,2025-11-15T05:00:00.000Z,61,Georgia,SEC,fbs,,251,Texas,SEC,fbs,,DraftKings,-2.5,Georgia -2.5,-2.5,,,,,
198,401752766,2025,regular,12,2025-11-15T05:00:00.000Z,61,Georgia,SEC,fbs,,251,Texas,SEC,fbs,,ESPN Bet,-2.5,Georgia -2.5,-2.0,51.5,51.5,-130.0,110.0,
199,401754600,2025,regular,13,2025-11-22T05:00:00.000Z,153,North Carolina,ACC,fbs,,150,Duke,ACC,fbs,,DraftKings,-1.5,North Carolina -1.5,-1.5,,,,,
200,401754600,2025,regular,13,2025-11-22T05:00:00.000Z,153,North Carolina,ACC,fbs,,150,Duke,ACC,fbs,,ESPN Bet,1.5,Duke -1.5,1.5,51.5,51.5,,-120.0,
201,401752680,2025,regular,1,2025-08-31T19:00:00.000Z,2579,South Carolina,SEC,fbs,24.0,259,Virginia Tech,ACC,fbs,11.0,DraftKings,-8.5,South Carolina -8.5,-8.5,48.5,48.5,-340.0,270.0,
202,401752680,2025,regular,1,2025-08-31T19:00:00.000Z,2579,South Carolina,SEC,fbs,24.0,259,Virginia Tech,ACC,fbs,11.0,ESPN Bet,-7.5,South Carolina -7.5,-8.0,51.5,47.5,-260.0,215.0,
203,401752680,2025,regular,1,2025-08-31T19:00:00.000Z,2579,South Carolina,SEC,fbs,24.0,259,Virginia Tech,ACC,fbs,11.0,Bovada,-7.0,South Carolina -7.0,-10.5,52.0,45.5,-350.0,275.0,
204,401752676,2025,regular,1,2025-08-30T16:00:00.000Z,2633,Tennessee,SEC,fbs,45.0,183,Syracuse,ACC,fbs,26.0,DraftKings,-13.5,Tennessee -13.5,-13.5,53.5,53.5,-550.0,410.0,
205,401752676,2025,regular,1,2025-08-30T16:00:00.000Z,2633,Tennessee,SEC,fbs,45.0,183,Syracuse,ACC,fbs,26.0,ESPN Bet,-13.5,Tennessee -13.5,-14.0,51.5,53.5,-600.0,400.0,
206,401752676,2025,regular,1,2025-08-30T16:00:00.000Z,2633,Tennessee,SEC,fbs,45.0,183,Syracuse,ACC,fbs,26.0,Bovada,-13.5,Tennessee -13.5,-14.5,51.5,56.5,-550.0,390.0,
207,401752841,2025,regular,4,2025-09-20T19:00:00.000Z,2483,Oregon,Big Ten,fbs,41.0,204,Oregon State,Pac-12,fbs,7.0,DraftKings,-33.5,Oregon -33.5,-26.5,58.5,,,,
208,401752841,2025,regular,4,2025-09-20T19:00:00.000Z,2483,Oregon,Big Ten,fbs,41.0,204,Oregon State,Pac-12,fbs,7.0,Bovada,-34.0,Oregon -34.0,-35.0,58.0,56.5,,,
209,401752841,2025,regular,4,2025-09-20T19:00:00.000Z,2483,Oregon,Big Ten,fbs,41.0,204,Oregon State,Pac-12,fbs,7.0,ESPN Bet,-34.5,Oregon -34.5,-34.5,58.5,56.5,,,
210,401754552,2025,regular,6,2025-10-04T16:00:00.000Z,153,North Carolina,ACC,fbs,,228,Clemson,ACC,fbs,,DraftKings,13.5,Clemson -13.5,13.5,,,,,
211,401756901,2025,regular,4,2025-09-20T16:00:00.000Z,254,Utah,Big 12,fbs,10.0,2641,Texas Tech,Big 12,fbs,34.0,DraftKings,-3.5,Utah -3.5,-3.5,58.5,,-175.0,145.0,
212,401756901,2025,regular,4,2025-09-20T16:00:00.000Z,254,Utah,Big 12,fbs,10.0,2641,Texas Tech,Big 12,fbs,34.0,Bovada,-3.5,Utah -3.5,-4.0,58.0,55.5,-175.0,150.0,
213,401756901,2025,regular,4,2025-09-20T16:00:00.000Z,254,Utah,Big 12,fbs,10.0,2641,Texas Tech,Big 12,fbs,34.0,ESPN Bet,-3.5,Utah -3.5,-4.5,58.5,55.5,-175.0,150.0,
214,401752843,2025,regular,4,2025-09-20T23:30:00.000Z,84,Indiana,Big Ten,fbs,63.0,356,Illinois,Big Ten,fbs,10.0,DraftKings,-7.0,Indiana -7,-2.5,51.5,,-265.0,215.0,
215,401752843,2025,regular,4,2025-09-20T23:30:00.000Z,84,Indiana,Big Ten,fbs,63.0,356,Illinois,Big Ten,fbs,10.0,Bovada,-6.5,Indiana -6.5,-4.5,51.0,52.5,-210.0,175.0,
216,401752843,2025,regular,4,2025-09-20T23:30:00.000Z,84,Indiana,Big Ten,fbs,63.0,356,Illinois,Big Ten,fbs,10.0,ESPN Bet,-7.5,Indiana -7.5,-4.5,50.5,52.5,-270.0,220.0,
217,401754553,2025,regular,6,2025-10-04T23:30:00.000Z,52,Florida State,ACC,fbs,,2390,Miami,ACC,fbs,,DraftKings,4.0,Miami -4,7.0,,,,,
218,401754553,2025,regular,6,2025-10-04T23:30:00.000Z,52,Florida State,ACC,fbs,,2390,Miami,ACC,fbs,,ESPN Bet,4.5,Miami -4.5,6.5,53.5,53.5,160.0,-190.0,
219,401752727,2025,regular,6,2025-10-04T19:30:00.000Z,57,Florida,SEC,fbs,,251,Texas,SEC,fbs,,DraftKings,7.5,Texas -7.5,6.5,,,,,
220,401752727,2025,regular,6,2025-10-04T19:30:00.000Z,57,Florida,SEC,fbs,,251,Texas,SEC,fbs,,ESPN Bet,6.5,Texas -6.5,6.5,51.5,53.5,175.0,-210.0,
221,401752718,2025,regular,5,2025-09-27T23:30:00.000Z,61,Georgia,SEC,fbs,,333,Alabama,SEC,fbs,,DraftKings,-3.0,Georgia -3,-4.0,52.5,,-155.0,130.0,
222,401752718,2025,regular,5,2025-09-27T23:30:00.000Z,61,Georgia,SEC,fbs,,333,Alabama,SEC,fbs,,ESPN Bet,-3.5,Georgia -3.5,-4.0,52.5,52.5,-150.0,130.0,
223,401752718,2025,regular,5,2025-09-27T23:30:00.000Z,61,Georgia,SEC,fbs,,333,Alabama,SEC,fbs,,Bovada,-3.0,Georgia -3.0,-3.0,52.5,53.5,-160.0,135.0,
224,401757165,2025,regular,6,2025-10-04T19:30:00.000Z,87,Notre Dame,FBS Independents,fbs,,68,Boise State,Mountain West,fbs,,DraftKings,-16.5,Notre Dame -16.5,-16.5,,,,,
225,401757165,2025,regular,6,2025-10-04T19:30:00.000Z,87,Notre Dame,FBS Independents,fbs,,68,Boise State,Mountain West,fbs,,ESPN Bet,-16.0,Notre Dame -16,-16.5,53.5,53.5,-750.0,475.0,
226,401752911,2025,regular,13,2025-11-22T05:00:00.000Z,2483,Oregon,Big Ten,fbs,,30,USC,Big Ten,fbs,,DraftKings,-13.5,Oregon -13.5,-13.5,,,,,
227,401752911,2025,regular,13,2025-11-22T05:00:00.000Z,2483,Oregon,Big Ten,fbs,,30,USC,Big Ten,fbs,,ESPN Bet,-12.0,Oregon -12,-12.0,55.5,55.5,-450.0,340.0,
228,401752775,2025,regular,13,2025-11-22T05:00:00.000Z,57,Florida,SEC,fbs,,2633,Tennessee,SEC,fbs,,DraftKings,-4.0,Florida -4,-4.0,,,,,
229,401756956,2025,regular,13,2025-11-22T05:00:00.000Z,38,Colorado,Big 12,fbs,,9,Arizona State,Big 12,fbs,,DraftKings,4.5,Arizona State -4.5,4.5,,,,,
230,401752823,2025,regular,2,2025-09-07T00:00:00.000Z,2439,UNLV,Mountain West,fbs,30.0,26,UCLA,Big Ten,fbs,23.0,Bovada,2.5,UCLA -2.5,2.0,54.5,56.5,105.0,-125.0,
231,401752823,2025,regular,2,2025-09-07T00:00:00.000Z,2439,UNLV,Mountain West,fbs,30.0,26,UCLA,Big Ten,fbs,23.0,ESPN Bet,2.5,UCLA -2.5,2.5,54.5,55.5,115.0,-135.0,
232,401760371,2025,regular,1,2025-08-23T20:00:00.000Z,2439,UNLV,Mountain West,fbs,38.0,304,Idaho State,Big Sky,fcs,31.0,Bovada,-30.5,UNLV -30.5,-24.5,67.0,64.5,-3500.0,1100.0,
233,401760371,2025,regular,1,2025-08-23T20:00:00.000Z,2439,UNLV,Mountain West,fbs,38.0,304,Idaho State,Big Sky,fcs,31.0,ESPN Bet,-30.5,UNLV -30.5,-24.5,67.5,64.5,-10000.0,2500.0,
234,401752688,2025,regular,2,2025-09-06T23:30:00.000Z,344,Mississippi State,SEC,fbs,24.0,9,Arizona State,Big 12,fbs,20.0,Bovada,6.0,Arizona State -6.0,7.0,58.5,59.0,225.0,-275.0,
235,401752688,2025,regular,2,2025-09-06T23:30:00.000Z,344,Mississippi State,SEC,fbs,24.0,9,Arizona State,Big 12,fbs,20.0,ESPN Bet,5.5,Arizona State -5.5,6.5,58.5,59.5,170.0,-200.0,
236,401752948,2025,regular,2,2025-09-07T02:15:00.000Z,265,Washington State,Pac-12,fbs,36.0,21,San Diego State,Mountain West,fbs,13.0,Bovada,-2.0,Washington State -2.0,-3.0,46.5,45.0,-150.0,130.0,
237,401752948,2025,regular,2,2025-09-07T02:15:00.000Z,265,Washington State,Pac-12,fbs,36.0,21,San Diego State,Mountain West,fbs,13.0,ESPN Bet,-2.5,Washington State -2.5,-1.5,46.5,45.5,-125.0,105.0,
238,401754528,2025,regular,2,2025-09-05T23:00:00.000Z,97,Louisville,ACC,fbs,28.0,256,James Madison,Sun Belt,fbs,14.0,Bovada,-15.0,Louisville -15.0,-15.0,57.0,57.5,-700.0,475.0,
239,401754528,2025,regular,2,2025-09-05T23:00:00.000Z,97,Louisville,ACC,fbs,28.0,256,James Madison,Sun Belt,fbs,14.0,ESPN Bet,-15.5,Louisville -15.5,-14.5,56.5,57.5,-750.0,475.0,
240,401767476,2025,regular,1,2025-08-23T17:00:00.000Z,2447,Nicholls,Southland,fcs,20.0,2916,Incarnate Word,Southland,fcs,6.0,Bovada,13.5,Incarnate Word -13.5,13.5,51.5,51.5,-480.0,350.0,
241,401767476,2025,regular,1,2025-08-23T17:00:00.000Z,2447,Nicholls,Southland,fcs,20.0,2916,Incarnate Word,Southland,fcs,6.0,ESPN Bet,13.5,Incarnate Word -13.5,,50.5,,,,
242,401752826,2025,regular,2,2025-09-05T23:30:00.000Z,120,Maryland,Big Ten,fbs,20.0,2459,Northern Illinois,Mid-American,fbs,9.0,Bovada,-17.0,Maryland -17.0,-15.5,44.5,48.5,-750.0,500.0,
243,401752826,2025,regular,2,2025-09-05T23:30:00.000Z,120,Maryland,Big Ten,fbs,20.0,2459,Northern Illinois,Mid-American,fbs,9.0,ESPN Bet,-16.5,Maryland -16.5,-16.5,44.5,48.5,-900.0,550.0,
244,401752790,2025,regular,14,2025-11-29T17:00:00.000Z,2579,South Carolina,SEC,fbs,,228,Clemson,ACC,fbs,,ESPN Bet,4.5,Clemson -4.5,4.5,53.5,53.5,170.0,-200.0,
245,401762790,2025,regular,1,2025-08-28T22:00:00.000Z,189,Bowling Green,Mid-American,fbs,26.0,322,Lafayette,Patriot,fcs,7.0,Bovada,-21.0,Bowling Green -21.0,-14.5,53.0,52.5,-1300.0,725.0,
246,401762790,2025,regular,1,2025-08-28T22:00:00.000Z,189,Bowling Green,Mid-American,fbs,26.0,322,Lafayette,Patriot,fcs,7.0,ESPN Bet,-21.5,Bowling Green -21.5,-21.5,53.5,52.5,-1600.0,800.0,
247,401752709,2025,regular,4,2025-09-20T23:30:00.000Z,2390,Miami,ACC,fbs,26.0,57,Florida,SEC,fbs,7.0,ESPN Bet,-8.5,Miami -8.5,-3.0,51.5,55.5,-320.0,260.0,
248,401752709,2025,regular,4,2025-09-20T23:30:00.000Z,2390,Miami,ACC,fbs,26.0,57,Florida,SEC,fbs,7.0,DraftKings,-8.5,Miami -8.5,-3.5,51.5,,-340.0,270.0,
249,401752709,2025,regular,4,2025-09-20T23:30:00.000Z,2390,Miami,ACC,fbs,26.0,57,Florida,SEC,fbs,7.0,Bovada,-8.5,Miami -8.5,-9.5,51.0,52.5,-290.0,240.0,
250,401752804,2025,regular,1,2025-08-30T20:00:00.000Z,2483,Oregon,Big Ten,fbs,59.0,147,Montana State,Big Sky,fcs,13.0,Bovada,-28.0,Oregon -28.0,-26.5,56.5,55.5,,,
251,401752804,2025,regular,1,2025-08-30T20:00:00.000Z,2483,Oregon,Big Ten,fbs,59.0,147,Montana State,Big Sky,fcs,13.0,ESPN Bet,-28.5,Oregon -28.5,-27.5,55.5,56.5,-10000.0,2500.0,
252,401754618,2025,regular,2,2025-09-06T16:00:00.000Z,183,Syracuse,ACC,fbs,27.0,41,UConn,FBS Independents,fbs,20.0,Bovada,-7.0,Syracuse -7.0,-9.0,57.5,59.0,-350.0,275.0,
253,401754618,2025,regular,2,2025-09-06T16:00:00.000Z,183,Syracuse,ACC,fbs,27.0,41,UConn,FBS Independents,fbs,20.0,ESPN Bet,-7.5,Syracuse -7.5,-7.5,57.5,59.5,-275.0,225.0,
254,401754525,2025,regular,2,2025-09-06T16:00:00.000Z,2567,SMU,ACC,fbs,45.0,239,Baylor,Big 12,fbs,48.0,Bovada,-3.0,SMU -3.0,-4.0,65.5,65.0,-185.0,160.0,
255,401754525,2025,regular,2,2025-09-06T16:00:00.000Z,2567,SMU,ACC,fbs,45.0,239,Baylor,Big 12,fbs,48.0,ESPN Bet,-2.5,SMU -2.5,-4.5,65.5,60.5,-150.0,130.0,
256,401752825,2025,regular,2,2025-09-06T16:00:00.000Z,150,Duke,ACC,fbs,19.0,356,Illinois,Big Ten,fbs,45.0,Bovada,2.5,Illinois -2.5,2.5,49.0,50.0,110.0,-130.0,
257,401752825,2025,regular,2,2025-09-06T16:00:00.000Z,150,Duke,ACC,fbs,19.0,356,Illinois,Big Ten,fbs,45.0,ESPN Bet,2.5,Illinois -2.5,2.5,49.5,49.5,115.0,-135.0,
258,401752811,2025,regular,2,2025-09-06T16:00:00.000Z,213,Penn State,Big Ten,fbs,34.0,2229,Florida International,Conference USA,fbs,0.0,Bovada,-42.0,Penn State -42.0,-42.0,53.5,54.5,,,
259,401752811,2025,regular,2,2025-09-06T16:00:00.000Z,213,Penn State,Big Ten,fbs,34.0,2229,Florida International,Conference USA,fbs,0.0,ESPN Bet,-41.5,Penn State -41.5,-41.5,53.5,54.5,,,
260,401752699,2025,regular,3,2025-09-13T23:30:00.000Z,99,LSU,SEC,fbs,20.0,57,Florida,SEC,fbs,10.0,ESPN Bet,-5.5,LSU -5.5,-5.5,47.5,54.5,-210.0,175.0,
261,401752699,2025,regular,3,2025-09-13T23:30:00.000Z,99,LSU,SEC,fbs,20.0,57,Florida,SEC,fbs,10.0,Bovada,-5.0,LSU -5.0,-9.5,47.0,50.5,-360.0,280.0,
262,401752699,2025,regular,3,2025-09-13T23:30:00.000Z,99,LSU,SEC,fbs,20.0,57,Florida,SEC,fbs,10.0,DraftKings,-4.5,LSU -4.5,-5.5,47.5,54.5,-218.0,180.0,
263,401752684,2025,regular,2,2025-09-06T20:15:00.000Z,57,Florida,SEC,fbs,16.0,58,South Florida,American Athletic,fbs,18.0,Bovada,-18.5,Florida -18.5,-18.0,58.0,55.0,-900.0,575.0,
264,401752684,2025,regular,2,2025-09-06T20:15:00.000Z,57,Florida,SEC,fbs,16.0,58,South Florida,American Athletic,fbs,18.0,ESPN Bet,-18.5,Florida -18.5,-16.5,58.5,54.5,-1000.0,600.0,
265,401767256,2025,regular,1,2025-08-29T23:00:00.000Z,2142,Colgate,Patriot,fcs,39.0,2405,Monmouth,CAA,fcs,42.0,ESPN Bet,14.5,Monmouth -14.5,,65.5,,,,
266,401762432,2025,regular,1,2025-08-29T22:00:00.000Z,349,Army,American Athletic,fbs,27.0,2627,Tarleton State,UAC,fcs,30.0,ESPN Bet,-14.5,Army -14.5,-13.5,47.5,48.5,-600.0,400.0,
267,401762432,2025,regular,1,2025-08-29T22:00:00.000Z,349,Army,American Athletic,fbs,27.0,2627,Tarleton State,UAC,fcs,30.0,Bovada,-14.0,Army -14.0,-16.5,47.5,51.5,-750.0,500.0,
268,401757167,2025,regular,1,2025-08-30T18:00:00.000Z,41,UConn,FBS Independents,fbs,59.0,2115,Central Connecticut,NEC,fcs,13.0,ESPN Bet,-29.5,UConn -29.5,-25.5,51.5,51.5,-7500.0,2000.0,
269,401757167,2025,regular,1,2025-08-30T18:00:00.000Z,41,UConn,FBS Independents,fbs,59.0,2115,Central Connecticut,NEC,fcs,13.0,Bovada,-28.0,UConn -28.0,-26.5,51.5,51.5,,,
270,401756846,2025,regular,1,2025-08-23T16:00:00.000Z,2306,Kansas State,Big 12,fbs,21.0,66,Iowa State,Big 12,fbs,24.0,ESPN Bet,-2.5,Kansas State -2.5,-3.0,51.5,49.5,-145.0,125.0,
271,401756846,2025,regular,1,2025-08-23T16:00:00.000Z,2306,Kansas State,Big 12,fbs,21.0,66,Iowa State,Big 12,fbs,24.0,DraftKings,-3.5,Kansas State -3.5,-3.5,49.5,49.5,-162.0,136.0,
272,401756846,2025,regular,1,2025-08-23T16:00:00.000Z,2306,Kansas State,Big 12,fbs,21.0,66,Iowa State,Big 12,fbs,24.0,Bovada,-3.0,Kansas State -3.0,-2.5,51.0,49.5,-165.0,140.0,
273,401757219,2025,regular,1,2025-08-28T23:00:00.000Z,48,Delaware,Conference USA,fbs,35.0,2169,Delaware State,MEAC,fcs,17.0,Bovada,-30.5,Delaware -30.5,-29.5,55.5,54.5,,,
274,401757219,2025,regular,1,2025-08-28T23:00:00.000Z,48,Delaware,Conference USA,fbs,35.0,2169,Delaware State,MEAC,fcs,17.0,ESPN Bet,-30.5,Delaware -30.5,-30.0,55.5,55.5,-10000.0,2500.0,
275,401762434,2025,regular,1,2025-08-30T16:00:00.000Z,2426,Navy,American Athletic,fbs,52.0,2678,VMI,Southern,fcs,7.0,ESPN Bet,-42.5,Navy -42.5,-40.5,54.5,50.5,,,
276,401762434,2025,regular,1,2025-08-30T16:00:00.000Z,2426,Navy,American Athletic,fbs,52.0,2678,VMI,Southern,fcs,7.0,Bovada,-42.0,Navy -42.0,-41.0,53.0,53.0,,,
277,401752816,2025,regular,2,2025-09-06T23:30:00.000Z,127,Michigan State,Big Ten,fbs,42.0,103,Boston College,ACC,fbs,40.0,Bovada,-3.5,Michigan State -3.5,-3.0,45.5,49.5,-150.0,130.0,
278,401752816,2025,regular,2,2025-09-06T23:30:00.000Z,127,Michigan State,Big Ten,fbs,42.0,103,Boston College,ACC,fbs,40.0,ESPN Bet,-3.5,Michigan State -3.5,-3.5,45.5,46.5,-165.0,140.0,
279,401756876,2025,regular,1,2025-08-28T23:30:00.000Z,197,Oklahoma State,Big 12,fbs,27.0,2630,UT Martin,Big South-OVC,fcs,7.0,Bovada,-26.0,Oklahoma State -26.0,-19.5,56.5,55.5,-1300.0,725.0,
280,401756876,2025,regular,1,2025-08-28T23:30:00.000Z,197,Oklahoma State,Big 12,fbs,27.0,2630,UT Martin,Big South-OVC,fcs,7.0,ESPN Bet,,,-22.5,56.5,55.5,-4000.0,1300.0,
281,401752677,2025,regular,1,2025-08-30T16:00:00.000Z,194,Ohio State,Big Ten,fbs,14.0,251,Texas,SEC,fbs,7.0,ESPN Bet,-1.5,Ohio State -1.5,-2.5,46.5,48.5,-125.0,105.0,
282,401752677,2025,regular,1,2025-08-30T16:00:00.000Z,194,Ohio State,Big Ten,fbs,14.0,251,Texas,SEC,fbs,7.0,DraftKings,-3.0,Ohio State -3,-3.0,47.5,,-135.0,114.0,
283,401752677,2025,regular,1,2025-08-30T16:00:00.000Z,194,Ohio State,Big Ten,fbs,14.0,251,Texas,SEC,fbs,7.0,Bovada,-2.0,Ohio State -2.0,-3.0,46.5,50.5,-140.0,120.0,
284,401752921,2025,regular,14,2025-11-29T17:00:00.000Z,130,Michigan,Big Ten,fbs,,194,Ohio State,Big Ten,fbs,,ESPN Bet,3.5,Ohio State -3.5,5.5,47.5,47.5,160.0,-190.0,
285,401752921,2025,regular,14,2025-11-29T17:00:00.000Z,130,Michigan,Big Ten,fbs,,194,Ohio State,Big Ten,fbs,,DraftKings,5.5,Ohio State -5.5,5.5,,,,,
286,401752921,2025,regular,14,2025-11-29T17:00:00.000Z,130,Michigan,Big Ten,fbs,,194,Ohio State,Big Ten,fbs,,Bovada,5.5,Ohio State -5.5,5.5,47.5,47.5,185.0,-225.0,
287,401767140,2025,regular,1,2025-08-29T22:00:00.000Z,227,Rhode Island,CAA,fcs,31.0,2097,Campbell,CAA,fcs,20.0,ESPN Bet,-11.5,Rhode Island -11.5,,56.5,,,,
288,401779329,2025,regular,1,2025-08-29T23:00:00.000Z,2368,Marist,Pioneer,fcs,31.0,2441,New Haven,NEC,fcs,14.0,ESPN Bet,3.5,New Haven -3.5,,48.5,,,,
289,401752668,2025,regular,1,2025-08-30T23:00:00.000Z,57,Florida,SEC,fbs,55.0,2341,Long Island University,NEC,fcs,0.0,ESPN Bet,-46.5,Florida -46.5,-45.5,56.5,56.5,,,
290,401752668,2025,regular,1,2025-08-30T23:00:00.000Z,57,Florida,SEC,fbs,55.0,2341,Long Island University,NEC,fcs,0.0,Bovada,-47.0,Florida -47.0,-45.5,56.5,56.5,,,
291,401752666,2025,regular,1,2025-08-30T20:15:00.000Z,8,Arkansas,SEC,fbs,52.0,2010,Alabama A&M,SWAC,fcs,7.0,ESPN Bet,-45.5,Arkansas -45.5,-46.5,62.5,62.5,,,
292,401752666,2025,regular,1,2025-08-30T20:15:00.000Z,8,Arkansas,SEC,fbs,52.0,2010,Alabama A&M,SWAC,fcs,7.0,Bovada,-48.5,Arkansas -48.5,-46.5,65.0,62.5,,,
293,401761603,2025,regular,2,2025-09-06T19:30:00.000Z,2636,UTSA,American Athletic,fbs,36.0,326,Texas State,Sun Belt,fbs,43.0,ESPN Bet,-4.5,UTSA -4.5,-4.5,64.5,66.5,-190.0,160.0,
294,401761603,2025,regular,2,2025-09-06T19:30:00.000Z,2636,UTSA,American Athletic,fbs,36.0,326,Texas State,Sun Belt,fbs,43.0,Bovada,-4.5,UTSA -4.5,-5.0,64.5,64.5,-210.0,175.0,
295,401754517,2025,regular,1,2025-08-28T23:30:00.000Z,150,Duke,ACC,fbs,45.0,2210,Elon,CAA,fcs,17.0,Bovada,-36.5,Duke -36.5,-33.5,51.5,47.5,,,
296,401754517,2025,regular,1,2025-08-28T23:30:00.000Z,150,Duke,ACC,fbs,45.0,2210,Elon,CAA,fcs,17.0,ESPN Bet,,,-33.5,50.5,47.5,,,
297,401752686,2025,regular,2,2025-09-06T19:30:00.000Z,96,Kentucky,SEC,fbs,23.0,145,Ole Miss,SEC,fbs,30.0,Bovada,8.0,Ole Miss -8.0,8.5,51.5,51.5,265.0,-330.0,
298,401752686,2025,regular,2,2025-09-06T19:30:00.000Z,96,Kentucky,SEC,fbs,23.0,145,Ole Miss,SEC,fbs,30.0,ESPN Bet,7.5,Ole Miss -7.5,9.5,51.5,52.5,270.0,-340.0,
299,401756960,2025,regular,13,2025-11-22T05:00:00.000Z,254,Utah,Big 12,fbs,,2306,Kansas State,Big 12,fbs,,ESPN Bet,-1.5,Utah -1.5,-1.5,54.5,54.5,-110.0,-110.0,
300,401756885,2025,regular,2,2025-09-06T16:00:00.000Z,2641,Texas Tech,Big 12,fbs,62.0,2309,Kent State,Mid-American,fbs,14.0,Bovada,-48.5,Texas Tech -48.5,-49.0,60.0,60.5,,,
301,401756885,2025,regular,2,2025-09-06T16:00:00.000Z,2641,Texas Tech,Big 12,fbs,62.0,2309,Kent State,Mid-American,fbs,14.0,ESPN Bet,-47.5,Texas Tech -47.5,-48.5,59.5,60.5,,,
302,401767126,2025,regular,1,2025-08-23T20:30:00.000Z,2502,Portland State,Big Sky,fcs,0.0,2627,Tarleton State,UAC,fcs,42.0,Bovada,17.5,Tarleton State -17.5,17.5,60.5,60.5,550.0,-850.0,
303,401767126,2025,regular,1,2025-08-23T20:30:00.000Z,2502,Portland State,Big Sky,fcs,0.0,2627,Tarleton State,UAC,fcs,42.0,ESPN Bet,16.5,Tarleton State -16.5,,55.5,,,,
304,401754529,2025,regular,2,2025-09-06T16:00:00.000Z,221,Pittsburgh,ACC,fbs,45.0,2117,Central Michigan,Mid-American,fbs,17.0,Bovada,-21.5,Pittsburgh -21.5,-21.5,48.5,53.0,-1800.0,850.0,
305,401754529,2025,regular,2,2025-09-06T16:00:00.000Z,221,Pittsburgh,ACC,fbs,45.0,2117,Central Michigan,Mid-American,fbs,17.0,ESPN Bet,-21.5,Pittsburgh -21.5,-21.5,48.5,53.5,-2000.0,1000.0,
306,401752812,2025,regular,2,2025-09-06T16:00:00.000Z,84,Indiana,Big Ten,fbs,56.0,338,Kennesaw State,Conference USA,fbs,9.0,Bovada,-35.5,Indiana -35.5,-35.5,51.5,51.0,,,
307,401752812,2025,regular,2,2025-09-06T16:00:00.000Z,84,Indiana,Big Ten,fbs,56.0,338,Kennesaw State,Conference USA,fbs,9.0,ESPN Bet,-35.5,Indiana -35.5,-35.5,51.5,50.5,,,
308,401757227,2025,regular,2,2025-09-06T16:00:00.000Z,55,Jacksonville State,Conference USA,fbs,34.0,2335,Liberty,Conference USA,fbs,24.0,Bovada,6.0,Liberty -6.0,6.0,50.5,51.0,195.0,-235.0,
309,401757227,2025,regular,2,2025-09-06T16:00:00.000Z,55,Jacksonville State,Conference USA,fbs,34.0,2335,Liberty,Conference USA,fbs,24.0,ESPN Bet,6.5,Liberty -6.5,5.5,50.5,52.5,180.0,-215.0,
310,401761588,2025,regular,1,2025-08-28T23:00:00.000Z,2433,UL Monroe,Sun Belt,fbs,29.0,2598,St. Francis (PA),NEC,fcs,0.0,Bovada,-31.0,UL Monroe -31.0,-23.5,47.0,45.5,-3500.0,1100.0,
311,401761588,2025,regular,1,2025-08-28T23:00:00.000Z,2433,UL Monroe,Sun Belt,fbs,29.0,2598,St. Francis (PA),NEC,fcs,0.0,ESPN Bet,-30.5,UL Monroe -30.5,-30.5,47.5,46.5,,,
312,401752674,2025,regular,1,2025-08-28T23:30:00.000Z,142,Missouri,SEC,fbs,61.0,2110,Central Arkansas,UAC,fcs,6.0,Bovada,-38.5,Missouri -38.5,-36.5,52.5,51.5,,,
313,401752674,2025,regular,1,2025-08-28T23:30:00.000Z,142,Missouri,SEC,fbs,61.0,2110,Central Arkansas,UAC,fcs,6.0,ESPN Bet,-39.5,Missouri -39.5,-40.5,53.5,52.5,,,
314,401756880,2025,regular,2,2025-09-06T19:30:00.000Z,2132,Cincinnati,Big 12,fbs,34.0,189,Bowling Green,Mid-American,fbs,20.0,ESPN Bet,-21.5,Cincinnati -21.5,-20.5,46.5,46.5,-2000.0,1000.0,
315,401756880,2025,regular,2,2025-09-06T19:30:00.000Z,2132,Cincinnati,Big 12,fbs,34.0,189,Bowling Green,Mid-American,fbs,20.0,Bovada,-22.5,Cincinnati -22.5,-18.0,46.5,49.5,-950.0,600.0,
316,401752705,2025,regular,3,2025-09-13T19:30:00.000Z,2633,Tennessee,SEC,fbs,41.0,61,Georgia,SEC,fbs,44.0,ESPN Bet,3.5,Georgia -3.5,7.0,50.5,50.5,145.0,-170.0,
317,401752705,2025,regular,3,2025-09-13T19:30:00.000Z,2633,Tennessee,SEC,fbs,41.0,61,Georgia,SEC,fbs,44.0,DraftKings,3.5,Georgia -3.5,7.5,50.5,50.5,140.0,-166.0,
318,401752705,2025,regular,3,2025-09-13T19:30:00.000Z,2633,Tennessee,SEC,fbs,41.0,61,Georgia,SEC,fbs,44.0,Bovada,3.5,Georgia -3.5,6.5,50.5,50.5,150.0,-210.0,
319,401754623,2025,regular,3,2025-09-13T16:00:00.000Z,59,Georgia Tech,ACC,fbs,24.0,228,Clemson,ACC,fbs,21.0,ESPN Bet,2.5,Clemson -2.5,9.5,49.5,58.5,130.0,-150.0,
320,401754623,2025,regular,3,2025-09-13T16:00:00.000Z,59,Georgia Tech,ACC,fbs,24.0,228,Clemson,ACC,fbs,21.0,DraftKings,3.0,Clemson -3,8.5,51.5,,120.0,-142.0,
321,401754623,2025,regular,3,2025-09-13T16:00:00.000Z,59,Georgia Tech,ACC,fbs,24.0,228,Clemson,ACC,fbs,21.0,Bovada,3.0,Clemson -3.0,6.5,51.0,52.5,175.0,-210.0,
322,401754520,2025,regular,1,2025-08-30T16:00:00.000Z,221,Pittsburgh,ACC,fbs,61.0,2184,Duquesne,NEC,fcs,9.0,ESPN Bet,-39.5,Pittsburgh -39.5,-38.5,58.5,55.5,,,
323,401754520,2025,regular,1,2025-08-30T16:00:00.000Z,221,Pittsburgh,ACC,fbs,61.0,2184,Duquesne,NEC,fcs,9.0,Bovada,-39.0,Pittsburgh -39.0,-39.0,58.0,57.0,,,
324,401754519,2025,regular,1,2025-08-30T19:00:00.000Z,97,Louisville,ACC,fbs,51.0,2198,Eastern Kentucky,UAC,fcs,17.0,ESPN Bet,-37.5,Louisville -37.5,-38.0,57.5,56.5,-7500.0,2000.0,
325,401754519,2025,regular,1,2025-08-30T19:00:00.000Z,97,Louisville,ACC,fbs,51.0,2198,Eastern Kentucky,UAC,fcs,17.0,Bovada,-38.0,Louisville -38.0,-37.5,56.5,56.5,,,
326,401756877,2025,regular,1,2025-08-30T23:30:00.000Z,2641,Texas Tech,Big 12,fbs,67.0,2029,Arkansas-Pine Bluff,SWAC,fcs,7.0,ESPN Bet,,,-53.0,62.5,62.5,,,
327,401756877,2025,regular,1,2025-08-30T23:30:00.000Z,2641,Texas Tech,Big 12,fbs,67.0,2029,Arkansas-Pine Bluff,SWAC,fcs,7.0,Bovada,-54.5,Texas Tech -54.5,-52.5,63.5,62.5,,,
328,401752893,2025,regular,11,2025-11-08T05:00:00.000Z,213,Penn State,Big Ten,fbs,,84,Indiana,Big Ten,fbs,,ESPN Bet,-16.0,Penn State -16,-17.0,53.5,53.5,-800.0,500.0,
329,401754526,2025,regular,2,2025-09-07T02:15:00.000Z,252,BYU,Big 12,fbs,27.0,24,Stanford,ACC,fbs,3.0,Bovada,-20.5,BYU -20.5,-18.5,44.5,48.0,-1000.0,625.0,
330,401754526,2025,regular,2,2025-09-07T02:15:00.000Z,252,BYU,Big 12,fbs,27.0,24,Stanford,ACC,fbs,3.0,ESPN Bet,-20.5,BYU -20.5,-17.5,43.5,47.5,-1600.0,800.0,
331,401756883,2025,regular,2,2025-09-06T20:00:00.000Z,195,Ohio,Mid-American,fbs,17.0,277,West Virginia,Big 12,fbs,10.0,ESPN Bet,3.5,West Virginia -3.5,2.5,58.5,60.5,150.0,-175.0,
332,401756883,2025,regular,2,2025-09-06T20:00:00.000Z,195,Ohio,Mid-American,fbs,17.0,277,West Virginia,Big 12,fbs,10.0,Bovada,3.5,West Virginia -3.5,3.0,58.5,57.5,130.0,-150.0,
333,401760357,2025,regular,1,2025-08-29T02:00:00.000Z,21,San Diego State,Mountain West,fbs,42.0,2619,Stony Brook,CAA,fcs,0.0,Bovada,-19.5,San Diego State -19.5,-18.5,53.5,53.5,-1000.0,625.0,
334,401760357,2025,regular,1,2025-08-29T02:00:00.000Z,21,San Diego State,Mountain West,fbs,42.0,2619,Stony Brook,CAA,fcs,0.0,ESPN Bet,,,-16.0,53.5,53.5,-1600.0,800.0,
335,401756850,2025,regular,1,2025-08-31T02:00:00.000Z,9,Arizona State,Big 12,fbs,38.0,2464,Northern Arizona,Big Sky,fcs,19.0,ESPN Bet,-29.5,Arizona State -29.5,-28.5,52.5,52.5,,,
336,401756850,2025,regular,1,2025-08-31T02:00:00.000Z,9,Arizona State,Big 12,fbs,38.0,2464,Northern Arizona,Big Sky,fcs,19.0,Bovada,-30.5,Arizona State -30.5,-28.5,52.5,52.5,,,
337,401762457,2025,regular,1,2025-08-31T00:00:00.000Z,202,Tulsa,American Athletic,fbs,35.0,2000,Abilene Christian,UAC,fcs,7.0,Bovada,-5.0,Tulsa -5.0,-4.5,59.5,62.5,-210.0,175.0,
338,401762457,2025,regular,1,2025-08-31T00:00:00.000Z,202,Tulsa,American Athletic,fbs,35.0,2000,Abilene Christian,UAC,fcs,7.0,ESPN Bet,-5.5,Tulsa -5.5,-5.5,59.5,59.5,-200.0,170.0,
339,401754638,2025,regular,3,2025-09-13T19:30:00.000Z,277,West Virginia,Big 12,fbs,31.0,221,Pittsburgh,ACC,fbs,24.0,ESPN Bet,6.5,Pittsburgh -6.5,2.5,54.5,57.5,230.0,-280.0,
340,401754638,2025,regular,3,2025-09-13T19:30:00.000Z,277,West Virginia,Big 12,fbs,31.0,221,Pittsburgh,ACC,fbs,24.0,DraftKings,7.0,Pittsburgh -7,2.5,55.5,,220.0,-270.0,
341,401754638,2025,regular,3,2025-09-13T19:30:00.000Z,277,West Virginia,Big 12,fbs,31.0,221,Pittsburgh,ACC,fbs,24.0,Bovada,7.0,Pittsburgh -7.0,4.5,55.0,58.0,175.0,-210.0,
342,401752693,2025,regular,2,2025-09-06T16:00:00.000Z,251,Texas,SEC,fbs,38.0,23,San José State,Mountain West,fbs,7.0,Bovada,-37.0,Texas -37.0,-36.0,52.5,51.0,,,
343,401752693,2025,regular,2,2025-09-06T16:00:00.000Z,251,Texas,SEC,fbs,38.0,23,San José State,Mountain West,fbs,7.0,ESPN Bet,-36.5,Texas -36.5,-35.5,52.5,51.5,,,
344,401754524,2025,regular,2,2025-09-06T16:00:00.000Z,152,NC State,ACC,fbs,35.0,258,Virginia,ACC,fbs,31.0,Bovada,-3.0,NC State -3.0,-3.0,53.0,55.5,-150.0,130.0,
345,401754524,2025,regular,2,2025-09-06T16:00:00.000Z,152,NC State,ACC,fbs,35.0,258,Virginia,ACC,fbs,31.0,ESPN Bet,-2.5,NC State -2.5,-2.5,52.5,54.5,-150.0,130.0,
346,401752694,2025,regular,2,2025-09-06T16:45:00.000Z,245,Texas A&M,SEC,fbs,44.0,328,Utah State,Mountain West,fbs,22.0,Bovada,-34.5,Texas A&M -34.5,-29.5,57.5,55.5,-20000.0,1800.0,
347,401752694,2025,regular,2,2025-09-06T16:45:00.000Z,245,Texas A&M,SEC,fbs,44.0,328,Utah State,Mountain West,fbs,22.0,ESPN Bet,-34.5,Texas A&M -34.5,-30.5,57.5,56.5,,,
348,401752792,2025,regular,14,2025-11-29T00:30:00.000Z,251,Texas,SEC,fbs,,245,Texas A&M,SEC,fbs,,ESPN Bet,-10.5,Texas -10.5,-10.0,51.5,51.5,-400.0,300.0,
349,401752682,2025,regular,2,2025-09-06T21:00:00.000Z,8,Arkansas,SEC,fbs,56.0,2032,Arkansas State,Sun Belt,fbs,14.0,Bovada,-23.5,Arkansas -23.5,-21.5,62.0,64.5,-1800.0,850.0,
350,401752682,2025,regular,2,2025-09-06T21:00:00.000Z,8,Arkansas,SEC,fbs,56.0,2032,Arkansas State,Sun Belt,fbs,14.0,ESPN Bet,-24.5,Arkansas -24.5,-23.5,61.5,63.5,-3000.0,1200.0,
351,401762461,2025,regular,2,2025-09-06T19:30:00.000Z,2711,Western Michigan,Mid-American,fbs,30.0,249,North Texas,American Athletic,fbs,33.0,Bovada,12.0,North Texas -12.0,10.0,56.0,60.0,285.0,-370.0,
352,401762461,2025,regular,2,2025-09-06T19:30:00.000Z,2711,Western Michigan,Mid-American,fbs,30.0,249,North Texas,American Athletic,fbs,33.0,ESPN Bet,12.5,North Texas -12.5,10.5,56.5,60.5,300.0,-400.0,
353,401754518,2025,regular,1,2025-08-30T18:00:00.000Z,103,Boston College,ACC,fbs,66.0,2230,Fordham,Patriot,fcs,10.0,Bovada,-35.0,Boston College -35.0,-34.5,53.5,53.5,,,
354,401754518,2025,regular,1,2025-08-30T18:00:00.000Z,103,Boston College,ACC,fbs,66.0,2230,Fordham,Patriot,fcs,10.0,ESPN Bet,-34.5,Boston College -34.5,-36.5,52.5,53.5,-100000.0,4000.0,
355,401756878,2025,regular,1,2025-08-30T18:00:00.000Z,277,West Virginia,Big 12,fbs,45.0,2523,Robert Morris,NEC,fcs,3.0,Bovada,-40.0,West Virginia -40.0,-37.5,56.5,55.5,,,
356,401756878,2025,regular,1,2025-08-30T18:00:00.000Z,277,West Virginia,Big 12,fbs,45.0,2523,Robert Morris,NEC,fcs,3.0,ESPN Bet,-43.5,West Virginia -43.5,-38.5,58.5,55.5,,,
357,401756884,2025,regular,2,2025-09-06T23:00:00.000Z,242,Rice,American Athletic,fbs,9.0,248,Houston,Big 12,fbs,35.0,Bovada,13.5,Houston -13.5,13.5,38.5,41.5,390.0,-550.0,
358,401756884,2025,regular,2,2025-09-06T23:00:00.000Z,242,Rice,American Athletic,fbs,9.0,248,Houston,Big 12,fbs,35.0,ESPN Bet,13.5,Houston -13.5,12.5,38.5,40.5,450.0,-700.0,
359,401756853,2025,regular,1,2025-08-30T19:30:00.000Z,66,Iowa State,Big 12,fbs,55.0,233,South Dakota,MVFC,fcs,7.0,Bovada,-16.5,Iowa State -16.5,-14.5,47.5,46.5,,,
360,401756853,2025,regular,1,2025-08-30T19:30:00.000Z,66,Iowa State,Big 12,fbs,55.0,233,South Dakota,MVFC,fcs,7.0,ESPN Bet,-13.5,Iowa State -13.5,-15.5,47.5,46.5,-800.0,500.0,
361,401761598,2025,regular,2,2025-09-06T23:00:00.000Z,2247,Georgia State,Sun Belt,fbs,16.0,235,Memphis,American Athletic,fbs,38.0,Bovada,14.5,Memphis -14.5,14.0,57.5,54.0,425.0,-600.0,
362,401761598,2025,regular,2,2025-09-06T23:00:00.000Z,2247,Georgia State,Sun Belt,fbs,16.0,235,Memphis,American Athletic,fbs,38.0,ESPN Bet,15.5,Memphis -15.5,13.5,57.5,54.5,500.0,-800.0,
363,401752820,2025,regular,2,2025-09-06T20:00:00.000Z,275,Wisconsin,Big Ten,fbs,42.0,2393,Middle Tennessee,Conference USA,fbs,10.0,Bovada,-28.5,Wisconsin -28.5,-27.5,45.5,46.5,-6500.0,1300.0,
364,401752820,2025,regular,2,2025-09-06T20:00:00.000Z,275,Wisconsin,Big Ten,fbs,42.0,2393,Middle Tennessee,Conference USA,fbs,10.0,ESPN Bet,-28.5,Wisconsin -28.5,-28.5,44.5,46.5,,,
365,401752795,2025,regular,1,2025-08-29T23:30:00.000Z,356,Illinois,Big Ten,fbs,52.0,2710,Western Illinois,Big South-OVC,fcs,3.0,Bovada,-48.5,Illinois -48.5,-45.5,62.5,63.5,,,
366,401752795,2025,regular,1,2025-08-29T23:30:00.000Z,356,Illinois,Big Ten,fbs,52.0,2710,Western Illinois,Big South-OVC,fcs,3.0,ESPN Bet,-48.5,Illinois -48.5,-45.5,63.5,61.5,,,
367,401762792,2025,regular,1,2025-08-30T16:00:00.000Z,2309,Kent State,Mid-American,fbs,21.0,2771,Merrimack,FCS Independents,fcs,17.0,Bovada,-5.5,Kent State -5.5,-6.5,50.5,50.5,,,
368,401752818,2025,regular,2,2025-09-06T19:30:00.000Z,164,Rutgers,Big Ten,fbs,45.0,193,Miami (OH),Mid-American,fbs,17.0,Bovada,-15.5,Rutgers -15.5,-14.0,45.5,48.0,-585.0,410.0,
369,401752818,2025,regular,2,2025-09-06T19:30:00.000Z,164,Rutgers,Big Ten,fbs,45.0,193,Miami (OH),Mid-American,fbs,17.0,ESPN Bet,-15.5,Rutgers -15.5,-13.5,45.5,48.5,-750.0,475.0,
370,401757221,2025,regular,1,2025-08-30T23:30:00.000Z,2348,Louisiana Tech,Conference USA,fbs,24.0,2545,SE Louisiana,Southland,fcs,0.0,ESPN Bet,-14.5,Louisiana Tech -14.5,-13.5,50.5,48.5,-750.0,475.0,
371,401757221,2025,regular,1,2025-08-30T23:30:00.000Z,2348,Louisiana Tech,Conference USA,fbs,24.0,2545,SE Louisiana,Southland,fcs,0.0,Bovada,-14.5,Louisiana Tech -14.5,-14.5,51.0,50.0,-700.0,475.0,
372,401757223,2025,regular,1,2025-08-31T01:00:00.000Z,166,New Mexico State,Conference USA,fbs,19.0,2803,Bryant,CAA,fcs,3.0,ESPN Bet,-19.5,New Mexico State -19.5,-19.5,52.5,53.5,-1200.0,700.0,
373,401757223,2025,regular,1,2025-08-31T01:00:00.000Z,166,New Mexico State,Conference USA,fbs,19.0,2803,Bryant,CAA,fcs,3.0,Bovada,-19.5,New Mexico State -19.5,-19.5,53.5,53.5,,,
374,401752824,2025,regular,2,2025-09-06T19:30:00.000Z,2483,Oregon,Big Ten,fbs,69.0,197,Oklahoma State,Big 12,fbs,3.0,Bovada,-28.5,Oregon -28.5,-28.0,55.5,58.5,-10000.0,1600.0,
375,401752824,2025,regular,2,2025-09-06T19:30:00.000Z,2483,Oregon,Big Ten,fbs,69.0,197,Oklahoma State,Big 12,fbs,3.0,ESPN Bet,-28.5,Oregon -28.5,-27.5,55.5,58.5,,,
376,401752947,2025,regular,1,2025-08-31T02:00:00.000Z,265,Washington State,Pac-12,fbs,13.0,70,Idaho,Big Sky,fcs,10.0,ESPN Bet,-16.5,Washington State -16.5,-9.5,50.5,50.5,-1000.0,600.0,
377,401752947,2025,regular,1,2025-08-31T02:00:00.000Z,265,Washington State,Pac-12,fbs,13.0,70,Idaho,Big Sky,fcs,10.0,Bovada,-17.0,Washington State -17.0,-14.5,51.0,50.5,-850.0,550.0,
378,401757228,2025,regular,2,2025-09-06T22:00:00.000Z,276,Marshall,Sun Belt,fbs,20.0,2623,Missouri State,Conference USA,fbs,21.0,Bovada,-7.0,Marshall -7.0,-10.0,53.5,56.5,-410.0,305.0,
379,401757228,2025,regular,2,2025-09-06T22:00:00.000Z,276,Marshall,Sun Belt,fbs,20.0,2623,Missouri State,Conference USA,fbs,21.0,ESPN Bet,-7.5,Marshall -7.5,-9.5,53.5,56.5,-280.0,230.0,
380,401756881,2025,regular,2,2025-09-06T19:30:00.000Z,38,Colorado,Big 12,fbs,31.0,48,Delaware,Conference USA,fbs,7.0,Bovada,-23.5,Colorado -23.5,-23.5,49.5,50.0,-2500.0,1000.0,
381,401756881,2025,regular,2,2025-09-06T19:30:00.000Z,38,Colorado,Big 12,fbs,31.0,48,Delaware,Conference USA,fbs,7.0,ESPN Bet,-23.5,Colorado -23.5,-24.5,49.5,50.5,-3000.0,1200.0,
382,401752937,2025,regular,2,2025-09-06T19:30:00.000Z,204,Oregon State,Pac-12,fbs,27.0,278,Fresno State,Mountain West,fbs,36.0,Bovada,-1.0,Oregon State -1.0,-2.0,45.5,48.5,-125.0,105.0,
383,401752937,2025,regular,2,2025-09-06T19:30:00.000Z,204,Oregon State,Pac-12,fbs,27.0,278,Fresno State,Mountain West,fbs,36.0,ESPN Bet,-1.5,Oregon State -1.5,-2.5,44.5,48.5,-120.0,-110.0,
384,401754637,2025,regular,2,2025-09-06T19:30:00.000Z,228,Clemson,ACC,fbs,27.0,2653,Troy,Sun Belt,fbs,16.0,Bovada,-31.0,Clemson -31.0,-32.0,51.5,51.5,-20000.0,1800.0,
385,401754637,2025,regular,2,2025-09-06T19:30:00.000Z,228,Clemson,ACC,fbs,27.0,2653,Troy,Sun Belt,fbs,16.0,ESPN Bet,-29.5,Clemson -29.5,-31.5,51.5,51.5,,,
386,401762458,2025,regular,2,2025-09-06T19:30:00.000Z,2426,Navy,American Athletic,fbs,38.0,5,UAB,American Athletic,fbs,24.0,Bovada,-20.5,Navy -20.5,-21.0,59.0,58.5,-1600.0,800.0,
387,401762458,2025,regular,2,2025-09-06T19:30:00.000Z,2426,Navy,American Athletic,fbs,38.0,5,UAB,American Athletic,fbs,24.0,ESPN Bet,-22.5,Navy -22.5,-21.5,58.5,59.5,-1600.0,800.0,
388,401756882,2025,regular,2,2025-09-06T23:00:00.000Z,2306,Kansas State,Big 12,fbs,21.0,349,Army,American Athletic,fbs,24.0,Bovada,-17.0,Kansas State -17.0,-14.5,48.5,49.0,-650.0,450.0,
389,401756882,2025,regular,2,2025-09-06T23:00:00.000Z,2306,Kansas State,Big 12,fbs,21.0,349,Army,American Athletic,fbs,24.0,ESPN Bet,-16.5,Kansas State -16.5,-17.5,48.5,46.5,-800.0,500.0,
390,401752784,2025,regular,14,2025-11-29T05:00:00.000Z,2,Auburn,SEC,fbs,,333,Alabama,SEC,fbs,,ESPN Bet,5.5,Alabama -5.5,5.5,51.5,51.5,180.0,-215.0,
391,401762521,2025,regular,16,2025-12-13T20:00:00.000Z,2426,Navy,American Athletic,fbs,,349,Army,American Athletic,fbs,,ESPN Bet,-3.5,Navy -3.5,-3.5,39.5,39.5,-145.0,125.0,
392,401752675,2025,regular,1,2025-08-30T22:00:00.000Z,201,Oklahoma,SEC,fbs,35.0,2287,Illinois State,MVFC,fcs,3.0,Bovada,-39.5,Oklahoma -39.5,-35.5,61.0,61.5,,,
393,401752675,2025,regular,1,2025-08-30T22:00:00.000Z,201,Oklahoma,SEC,fbs,35.0,2287,Illinois State,MVFC,fcs,3.0,ESPN Bet,-38.5,Oklahoma -38.5,-35.5,60.5,60.5,-20000.0,3000.0,
394,401757220,2025,regular,1,2025-08-30T20:00:00.000Z,2335,Liberty,Conference USA,fbs,28.0,311,Maine,CAA,fcs,7.0,Bovada,-25.5,Liberty -25.5,-25.5,51.0,52.5,,,
395,401757220,2025,regular,1,2025-08-30T20:00:00.000Z,2335,Liberty,Conference USA,fbs,28.0,311,Maine,CAA,fcs,7.0,ESPN Bet,-25.5,Liberty -25.5,-25.5,50.5,52.5,-5000.0,1500.0,
396,401756851,2025,regular,1,2025-08-31T00:00:00.000Z,252,BYU,Big 12,fbs,69.0,2502,Portland State,Big Sky,fcs,0.0,Bovada,-43.5,BYU -43.5,-43.5,61.5,61.5,,,
397,401756851,2025,regular,1,2025-08-31T00:00:00.000Z,252,BYU,Big 12,fbs,69.0,2502,Portland State,Big Sky,fcs,0.0,ESPN Bet,-44.5,BYU -44.5,-34.5,62.5,56.5,-50000.0,3500.0,
398,401754521,2025,regular,1,2025-08-31T01:00:00.000Z,2567,SMU,ACC,fbs,42.0,2837,East Texas A&M,Southland,fcs,13.0,Bovada,-51.0,SMU -51.0,-50.5,65.0,63.5,,,
399,401754521,2025,regular,1,2025-08-31T01:00:00.000Z,2567,SMU,ACC,fbs,42.0,2837,East Texas A&M,Southland,fcs,13.0,ESPN Bet,-50.5,SMU -50.5,-50.5,64.5,63.5,,,
400,401756855,2025,regular,1,2025-08-30T23:00:00.000Z,2306,Kansas State,Big 12,fbs,38.0,155,North Dakota,MVFC,fcs,35.0,Bovada,-27.5,Kansas State -27.5,-25.5,55.5,55.5,,,
401,401756855,2025,regular,1,2025-08-30T23:00:00.000Z,2306,Kansas State,Big 12,fbs,38.0,155,North Dakota,MVFC,fcs,35.0,ESPN Bet,-27.5,Kansas State -27.5,-28.5,55.5,57.5,-5000.0,1500.0,
402,401757226,2025,regular,1,2025-08-30T23:00:00.000Z,98,Western Kentucky,Conference USA,fbs,55.0,2453,North Alabama,UAC,fcs,6.0,Bovada,-27.5,Western Kentucky -27.5,-28.5,60.5,60.5,,,
403,401757226,2025,regular,1,2025-08-30T23:00:00.000Z,98,Western Kentucky,Conference USA,fbs,55.0,2453,North Alabama,UAC,fcs,6.0,ESPN Bet,-27.5,Western Kentucky -27.5,-28.0,60.5,60.5,-4000.0,1300.0,
404,401762433,2025,regular,1,2025-08-30T20:30:00.000Z,235,Memphis,American Athletic,fbs,45.0,236,Chattanooga,Southern,fcs,10.0,Bovada,-30.5,Memphis -30.5,-28.0,55.5,55.5,,,
405,401762433,2025,regular,1,2025-08-30T20:30:00.000Z,235,Memphis,American Athletic,fbs,45.0,236,Chattanooga,Southern,fcs,10.0,ESPN Bet,-30.5,Memphis -30.5,-27.5,55.5,55.5,-10000.0,2500.0,
406,401756852,2025,regular,1,2025-08-29T00:00:00.000Z,248,Houston,Big 12,fbs,27.0,2617,Stephen F. Austin,Southland,fcs,0.0,Bovada,-24.5,Houston -24.5,-22.5,54.5,55.5,-2200.0,1000.0,
407,401756852,2025,regular,1,2025-08-29T00:00:00.000Z,248,Houston,Big 12,fbs,27.0,2617,Stephen F. Austin,Southland,fcs,0.0,ESPN Bet,-23.5,Houston -23.5,-22.5,54.5,55.5,-3000.0,1200.0,
408,401767410,2025,regular,1,2025-08-23T23:30:00.000Z,2582,Southern,SWAC,fcs,14.0,2428,North Carolina Central,MEAC,fcs,31.0,ESPN Bet,10.5,North Carolina Central -10.5,,47.5,,,,
409,401752679,2025,regular,1,2025-08-30T23:00:00.000Z,238,Vanderbilt,SEC,fbs,45.0,2127,Charleston Southern,Big South-OVC,fcs,3.0,Bovada,-37.5,Vanderbilt -37.5,-37.5,49.5,48.5,,,
410,401752679,2025,regular,1,2025-08-30T23:00:00.000Z,238,Vanderbilt,SEC,fbs,45.0,2127,Charleston Southern,Big South-OVC,fcs,3.0,ESPN Bet,-38.5,Vanderbilt -38.5,-36.0,50.5,48.5,,,
411,401761595,2025,regular,1,2025-08-30T23:00:00.000Z,2653,Troy,Sun Belt,fbs,38.0,2447,Nicholls,Southland,fcs,20.0,ESPN Bet,-16.5,Troy -16.5,-22.5,46.5,50.5,-2500.0,1100.0,
412,401761595,2025,regular,1,2025-08-30T23:00:00.000Z,2653,Troy,Sun Belt,fbs,38.0,2447,Nicholls,Southland,fcs,20.0,Bovada,-19.5,Troy -19.5,-21.5,47.5,48.5,,,
413,401761593,2025,regular,1,2025-08-30T23:00:00.000Z,6,South Alabama,Sun Belt,fbs,38.0,2415,Morgan State,MEAC,fcs,21.0,Bovada,-28.5,South Alabama -28.5,-28.5,51.5,51.5,,,
414,401761593,2025,regular,1,2025-08-30T23:00:00.000Z,6,South Alabama,Sun Belt,fbs,38.0,2415,Morgan State,MEAC,fcs,21.0,ESPN Bet,-28.5,South Alabama -28.5,-28.5,50.5,51.5,,,
415,401762435,2025,regular,1,2025-08-31T00:00:00.000Z,249,North Texas,American Athletic,fbs,51.0,2320,Lamar,Southland,fcs,0.0,Bovada,-27.5,North Texas -27.5,-24.5,63.5,63.5,,,
416,401762435,2025,regular,1,2025-08-31T00:00:00.000Z,249,North Texas,American Athletic,fbs,51.0,2320,Lamar,Southland,fcs,0.0,ESPN Bet,-27.5,North Texas -27.5,-27.5,62.5,63.5,-7500.0,2000.0,
417,401761601,2025,regular,2,2025-09-06T23:00:00.000Z,6,South Alabama,Sun Belt,fbs,31.0,2655,Tulane,American Athletic,fbs,33.0,Bovada,13.5,Tulane -13.5,10.0,51.5,51.5,295.0,-390.0,
418,401761601,2025,regular,2,2025-09-06T23:00:00.000Z,6,South Alabama,Sun Belt,fbs,31.0,2655,Tulane,American Athletic,fbs,33.0,ESPN Bet,13.5,Tulane -13.5,10.5,51.5,51.5,400.0,-600.0,
419,401761590,2025,regular,1,2025-08-30T22:00:00.000Z,256,James Madison,Sun Belt,fbs,45.0,2692,Weber State,Big Sky,fcs,10.0,Bovada,-26.5,James Madison -26.5,-27.5,54.5,54.5,,,
420,401761590,2025,regular,1,2025-08-30T22:00:00.000Z,256,James Madison,Sun Belt,fbs,45.0,2692,Weber State,Big Sky,fcs,10.0,ESPN Bet,-27.5,James Madison -27.5,-25.5,54.5,54.5,-6000.0,1800.0,
421,401757222,2025,regular,1,2025-08-30T23:00:00.000Z,2393,Middle Tennessee,Conference USA,fbs,14.0,2046,Austin Peay,UAC,fcs,34.0,Bovada,-14.5,Middle Tennessee -14.5,-13.5,53.5,53.5,-675.0,460.0,
422,401757222,2025,regular,1,2025-08-30T23:00:00.000Z,2393,Middle Tennessee,Conference USA,fbs,14.0,2046,Austin Peay,UAC,fcs,34.0,ESPN Bet,-16.5,Middle Tennessee -16.5,-9.5,53.5,53.5,-800.0,500.0,
423,401762430,2025,regular,1,2025-08-29T00:30:00.000Z,5,UAB,American Athletic,fbs,52.0,2011,Alabama State,SWAC,fcs,42.0,Bovada,-21.0,UAB -21.0,-20.0,53.5,53.5,-1200.0,700.0,
424,401762430,2025,regular,1,2025-08-29T00:30:00.000Z,5,UAB,American Athletic,fbs,52.0,2011,Alabama State,SWAC,fcs,42.0,ESPN Bet,-21.5,UAB -21.5,-20.5,53.5,53.5,-2000.0,1000.0,
425,401752687,2025,regular,2,2025-09-06T23:30:00.000Z,99,LSU,SEC,fbs,23.0,2348,Louisiana Tech,Conference USA,fbs,7.0,Bovada,-36.5,LSU -36.5,-38.0,49.5,52.5,,,
426,401752687,2025,regular,2,2025-09-06T23:30:00.000Z,99,LSU,SEC,fbs,23.0,2348,Louisiana Tech,Conference USA,fbs,7.0,ESPN Bet,-36.5,LSU -36.5,-32.5,49.5,52.5,,,
427,401752814,2025,regular,2,2025-09-06T23:30:00.000Z,30,USC,Big Ten,fbs,59.0,290,Georgia Southern,Sun Belt,fbs,20.0,Bovada,-29.0,USC -29.0,-28.0,61.5,64.0,-10000.0,1600.0,
428,401752814,2025,regular,2,2025-09-06T23:30:00.000Z,30,USC,Big Ten,fbs,59.0,290,Georgia Southern,Sun Belt,fbs,20.0,ESPN Bet,-28.5,USC -28.5,-27.5,62.5,64.5,,,
429,401760359,2025,regular,1,2025-08-30T19:30:00.000Z,2005,Air Force,Mountain West,fbs,49.0,2083,Bucknell,Patriot,fcs,13.0,Bovada,-31.0,Air Force -31.0,-32.0,54.5,54.5,,,
430,401760359,2025,regular,1,2025-08-30T19:30:00.000Z,2005,Air Force,Mountain West,fbs,49.0,2083,Bucknell,Patriot,fcs,13.0,ESPN Bet,-30.5,Air Force -30.5,-31.0,53.5,56.5,-10000.0,2500.0,
431,401752683,2025,regular,2,2025-09-06T23:30:00.000Z,2,Auburn,SEC,fbs,42.0,2050,Ball State,Mid-American,fbs,3.0,Bovada,-43.0,Auburn -43.0,-43.5,52.5,55.5,,,
432,401752683,2025,regular,2,2025-09-06T23:30:00.000Z,2,Auburn,SEC,fbs,42.0,2050,Ball State,Mid-American,fbs,3.0,ESPN Bet,-42.5,Auburn -42.5,-42.5,52.5,54.5,,,
433,401757232,2025,regular,2,2025-09-06T23:00:00.000Z,2649,Toledo,Mid-American,fbs,45.0,98,Western Kentucky,Conference USA,fbs,21.0,Bovada,-8.5,Toledo -8.5,-5.5,57.5,59.5,-220.0,180.0,
434,401757232,2025,regular,2,2025-09-06T23:00:00.000Z,2649,Toledo,Mid-American,fbs,45.0,98,Western Kentucky,Conference USA,fbs,21.0,ESPN Bet,-7.5,Toledo -7.5,-6.5,56.5,58.5,-300.0,250.0,
435,401761591,2025,regular,1,2025-08-30T23:00:00.000Z,2032,Arkansas State,Sun Belt,fbs,42.0,2546,Southeast Missouri State,Big South-OVC,fcs,24.0,ESPN Bet,-15.5,Arkansas State -15.5,-10.5,59.5,59.5,-750.0,475.0,
436,401752810,2025,regular,2,2025-09-06T23:30:00.000Z,158,Nebraska,Big Ten,fbs,68.0,2006,Akron,Mid-American,fbs,0.0,Bovada,-34.0,Nebraska -34.0,-34.0,47.5,48.0,,,
437,401752810,2025,regular,2,2025-09-06T23:30:00.000Z,158,Nebraska,Big Ten,fbs,68.0,2006,Akron,Mid-American,fbs,0.0,ESPN Bet,-33.5,Nebraska -33.5,-33.5,47.5,47.5,,,
438,401752681,2025,regular,2,2025-09-06T23:45:00.000Z,333,Alabama,SEC,fbs,73.0,2433,UL Monroe,Sun Belt,fbs,0.0,Bovada,-34.0,Alabama -34.0,-37.5,50.0,50.0,,,
439,401752681,2025,regular,2,2025-09-06T23:45:00.000Z,333,Alabama,SEC,fbs,73.0,2433,UL Monroe,Sun Belt,fbs,0.0,ESPN Bet,-34.5,Alabama -34.5,-36.5,50.5,51.5,,,
440,401757229,2025,regular,2,2025-09-07T01:00:00.000Z,166,New Mexico State,Conference USA,fbs,21.0,202,Tulsa,American Athletic,fbs,14.0,Bovada,3.0,Tulsa -3.0,2.5,52.5,53.5,110.0,-130.0,
441,401757229,2025,regular,2,2025-09-07T01:00:00.000Z,166,New Mexico State,Conference USA,fbs,21.0,202,Tulsa,American Athletic,fbs,14.0,ESPN Bet,3.5,Tulsa -3.5,3.5,53.5,52.5,145.0,-170.0,
442,401762793,2025,regular,1,2025-08-30T19:30:00.000Z,2459,Northern Illinois,Mid-American,fbs,19.0,107,Holy Cross,Patriot,fcs,17.0,Bovada,-13.5,Northern Illinois -13.5,-13.0,48.5,51.5,,,
443,401762793,2025,regular,1,2025-08-30T19:30:00.000Z,2459,Northern Illinois,Mid-American,fbs,19.0,107,Holy Cross,Patriot,fcs,17.0,ESPN Bet,-13.5,Northern Illinois -13.5,-11.0,48.5,51.5,-550.0,380.0,
444,401757230,2025,regular,2,2025-09-07T03:59:00.000Z,62,Hawai'i,Mountain West,fbs,37.0,2534,Sam Houston,Conference USA,fbs,20.0,Bovada,-7.0,Hawai'i -7.0,-10.0,47.5,49.0,-370.0,285.0,
445,401757230,2025,regular,2,2025-09-07T03:59:00.000Z,62,Hawai'i,Mountain West,fbs,37.0,2534,Sam Houston,Conference USA,fbs,20.0,ESPN Bet,-7.5,Hawai'i -7.5,-7.5,48.5,49.5,-275.0,225.0,
446,401752707,2025,regular,3,2025-09-13T23:30:00.000Z,87,Notre Dame,FBS Independents,fbs,40.0,245,Texas A&M,SEC,fbs,41.0,ESPN Bet,-7.5,Notre Dame -7.5,-7.0,48.5,49.5,-250.0,210.0,
447,401752707,2025,regular,3,2025-09-13T23:30:00.000Z,87,Notre Dame,FBS Independents,fbs,40.0,245,Texas A&M,SEC,fbs,41.0,DraftKings,-6.5,Notre Dame -6.5,-7.0,49.5,49.5,-245.0,200.0,
448,401752707,2025,regular,3,2025-09-13T23:30:00.000Z,87,Notre Dame,FBS Independents,fbs,40.0,245,Texas A&M,SEC,fbs,41.0,Bovada,-6.5,Notre Dame -6.5,-6.5,50.0,48.5,-240.0,200.0,
449,401754612,2025,regular,14,2025-11-29T05:00:00.000Z,152,NC State,ACC,fbs,,153,North Carolina,ACC,fbs,,ESPN Bet,-2.5,NC State -2.5,-2.5,53.5,53.5,-135.0,115.0,
450,401752917,2025,regular,14,2025-11-29T05:00:00.000Z,264,Washington,Big Ten,fbs,,2483,Oregon,Big Ten,fbs,,ESPN Bet,11.5,Oregon -11.5,10.5,53.5,52.5,320.0,-425.0,
451,401752916,2025,regular,14,2025-11-28T17:00:00.000Z,158,Nebraska,Big Ten,fbs,,2294,Iowa,Big Ten,fbs,,ESPN Bet,-2.5,Nebraska -2.5,-2.5,44.5,44.5,-125.0,105.0,
452,401767080,2025,regular,1,2025-08-31T00:30:00.000Z,253,Southern Utah,UAC,fcs,46.0,304,Idaho State,Big Sky,fcs,24.0,Bovada,-4.5,Southern Utah -4.5,-4.5,63.5,63.5,,,
453,401767080,2025,regular,1,2025-08-31T00:30:00.000Z,253,Southern Utah,UAC,fcs,46.0,304,Idaho State,Big Sky,fcs,24.0,ESPN Bet,-4.5,Southern Utah -4.5,,62.5,,,,
454,401752695,2025,regular,2,2025-09-06T23:30:00.000Z,259,Virginia Tech,ACC,fbs,20.0,238,Vanderbilt,SEC,fbs,44.0,ESPN Bet,-2.5,Virginia Tech -2.5,-1.5,46.5,47.5,-130.0,110.0,
455,401752695,2025,regular,2,2025-09-06T23:30:00.000Z,259,Virginia Tech,ACC,fbs,20.0,238,Vanderbilt,SEC,fbs,44.0,Bovada,-1.5,Virginia Tech -1.5,-1.0,44.5,47.5,-115.0,-105.0,
456,401752786,2025,regular,14,2025-11-28T20:30:00.000Z,59,Georgia Tech,ACC,fbs,,61,Georgia,SEC,fbs,,ESPN Bet,13.5,Georgia -13.5,13.5,53.5,53.5,400.0,-600.0,
457,401756934,2025,regular,9,2025-10-25T04:00:00.000Z,254,Utah,Big 12,fbs,,38,Colorado,Big 12,fbs,,ESPN Bet,-8.5,Utah -8.5,-9.5,55.5,55.5,-300.0,250.0,
458,401767602,2025,regular,1,2025-08-30T17:00:00.000Z,2166,Davidson,Pioneer,fcs,14.0,46,Georgetown,Patriot,fcs,51.0,ESPN Bet,3.5,Georgetown -3.5,,55.5,,,,
459,401752788,2025,regular,14,2025-11-28T17:00:00.000Z,344,Mississippi State,SEC,fbs,,145,Ole Miss,SEC,fbs,,ESPN Bet,11.5,Ole Miss -11.5,13.5,59.5,59.5,340.0,-450.0,
460,401756854,2025,regular,1,2025-08-29T23:30:00.000Z,2305,Kansas,Big 12,fbs,46.0,2681,Wagner,NEC,fcs,7.0,ESPN Bet,-45.5,Kansas -45.5,-45.5,57.5,56.5,,,
461,401756854,2025,regular,1,2025-08-29T23:30:00.000Z,2305,Kansas,Big 12,fbs,46.0,2681,Wagner,NEC,fcs,7.0,Bovada,-46.5,Kansas -46.5,-46.5,57.5,56.5,,,
462,401766898,2025,regular,1,2025-08-29T23:00:00.000Z,2229,Florida International,Conference USA,fbs,42.0,2065,Bethune-Cookman,SWAC,fcs,9.0,ESPN Bet,-26.5,Florida International -26.5,-31.0,54.5,54.5,-5000.0,1500.0,
463,401767339,2025,regular,1,2025-08-30T18:00:00.000Z,231,Furman,Southern,fcs,23.0,2729,William & Mary,CAA,fcs,21.0,ESPN Bet,-2.5,Furman -2.5,,49.5,,,,
464,401767657,2025,regular,1,2025-08-30T18:00:00.000Z,2529,Sacred Heart,FCS Independents,fcs,12.0,284,Stonehill,NEC,fcs,7.0,ESPN Bet,-6.5,Sacred Heart -6.5,,45.5,,,,
465,401752799,2025,regular,1,2025-08-30T22:00:00.000Z,2294,Iowa,Big Ten,fbs,34.0,399,UAlbany,CAA,fcs,7.0,ESPN Bet,-39.5,Iowa -39.5,-37.5,48.5,48.5,,,
466,401767536,2025,regular,1,2025-08-30T18:00:00.000Z,2460,Northern Iowa,MVFC,fcs,38.0,2086,Butler,Pioneer,fcs,14.0,ESPN Bet,-16.5,Northern Iowa -16.5,,53.5,,,,
467,401752778,2025,regular,13,2025-11-22T17:00:00.000Z,201,Oklahoma,SEC,fbs,,142,Missouri,SEC,fbs,,ESPN Bet,-7.5,Oklahoma -7.5,-7.5,54.5,54.5,-260.0,215.0,
468,401752875,2025,regular,8,2025-10-18T04:00:00.000Z,2294,Iowa,Big Ten,fbs,,213,Penn State,Big Ten,fbs,,ESPN Bet,10.5,Penn State -10.5,10.5,44.5,45.5,280.0,-360.0,
469,401767179,2025,regular,1,2025-08-30T19:00:00.000Z,2296,Jackson State,SWAC,fcs,28.0,2261,Hampton,CAA,fcs,14.0,ESPN Bet,-18.5,Jackson State -18.5,,58.5,,,,
470,401767549,2025,regular,1,2025-08-28T22:00:00.000Z,2754,Youngstown State,MVFC,fcs,24.0,2385,Mercyhurst,NEC,fcs,15.0,ESPN Bet,-24.0,Youngstown State -24,,59.5,,,,
471,401767350,2025,regular,1,2025-08-30T20:00:00.000Z,50,Florida A&M,SWAC,fcs,9.0,47,Howard,MEAC,fcs,10.0,ESPN Bet,-7.5,Florida A&M -7.5,,48.5,,,,
472,401767209,2025,regular,1,2025-08-28T23:00:00.000Z,2900,St. Thomas (MN),Pioneer,fcs,35.0,2815,Lindenwood,Big South-OVC,fcs,13.0,ESPN Bet,6.5,Lindenwood -6.5,,51.5,,,,
473,401752865,2025,regular,7,2025-10-11T04:00:00.000Z,356,Illinois,Big Ten,fbs,,194,Ohio State,Big Ten,fbs,,ESPN Bet,13.5,Ohio State -13.5,13.5,50.5,50.5,400.0,-600.0,
474,401767171,2025,regular,1,2025-08-28T23:00:00.000Z,2197,Eastern Illinois,Big South-OVC,fcs,24.0,2168,Dayton,Pioneer,fcs,14.0,ESPN Bet,-9.5,Eastern Illinois -9.5,,47.5,,,,
475,401767223,2025,regular,1,2025-08-30T20:30:00.000Z,2634,Tennessee State,Big South-OVC,fcs,24.0,2448,North Carolina A&T,CAA,fcs,21.0,ESPN Bet,-6.5,Tennessee State -6.5,,50.5,,,,
476,401767327,2025,regular,1,2025-08-28T23:00:00.000Z,2450,Norfolk State,MEAC,fcs,7.0,119,Towson,CAA,fcs,27.0,ESPN Bet,8.5,Towson -8.5,,49.5,,,,
477,401767454,2025,regular,1,2025-08-30T21:30:00.000Z,2193,East Tennessee State,Southern,fcs,45.0,93,Murray State,MVFC,fcs,17.0,ESPN Bet,-31.0,East Tennessee State -31,,54.5,,,,
478,401767425,2025,regular,1,2025-08-30T21:00:00.000Z,2400,Mississippi Valley State,SWAC,fcs,29.0,2582,Southern,SWAC,fcs,34.0,ESPN Bet,12.5,Southern -12.5,,49.5,,,,
479,401767298,2025,regular,1,2025-08-28T23:30:00.000Z,2535,Samford,Southern,fcs,3.0,2698,West Georgia,UAC,fcs,34.0,ESPN Bet,-6.5,Samford -6.5,,55.5,,,,
480,401752854,2025,regular,5,2025-09-27T23:30:00.000Z,213,Penn State,Big Ten,fbs,,2483,Oregon,Big Ten,fbs,,ESPN Bet,-3.5,Penn State -3.5,-6.5,52.5,52.5,-175.0,150.0,
481,401752854,2025,regular,5,2025-09-27T23:30:00.000Z,213,Penn State,Big Ten,fbs,,2483,Oregon,Big Ten,fbs,,DraftKings,-3.5,Penn State -3.5,-5.5,52.5,52.5,-175.0,145.0,
482,401752854,2025,regular,5,2025-09-27T23:30:00.000Z,213,Penn State,Big Ten,fbs,,2483,Oregon,Big Ten,fbs,,Bovada,-3.5,Penn State -3.5,-3.5,52.5,52.5,-160.0,135.0,
483,401767369,2025,regular,1,2025-08-29T00:00:00.000Z,2466,Northwestern State,Southland,fcs,20.0,2016,Alcorn State,SWAC,fcs,10.0,ESPN Bet,10.5,Alcorn State -10.5,,49.5,,,,
484,401767572,2025,regular,1,2025-08-30T22:00:00.000Z,2382,Mercer,Southern,fcs,10.0,2506,Presbyterian,Pioneer,fcs,15.0,ESPN Bet,-22.5,Mercer -22.5,,51.5,,,,
485,401767265,2025,regular,1,2025-08-30T22:00:00.000Z,2428,North Carolina Central,MEAC,fcs,10.0,160,New Hampshire,CAA,fcs,27.0,ESPN Bet,-4.5,North Carolina Central -4.5,,50.5,,,,
486,401767415,2025,regular,1,2025-08-30T22:00:00.000Z,2569,South Carolina State,MEAC,fcs,16.0,2747,Wofford,Southern,fcs,15.0,ESPN Bet,-9.5,South Carolina State -9.5,,49.5,,,,
487,401752726,2025,regular,6,2025-10-04T19:30:00.000Z,333,Alabama,SEC,fbs,,238,Vanderbilt,SEC,fbs,,ESPN Bet,-24.0,Alabama -24,-22.5,51.5,51.5,-2000.0,1000.0,
488,401752726,2025,regular,6,2025-10-04T19:30:00.000Z,333,Alabama,SEC,fbs,,238,Vanderbilt,SEC,fbs,,DraftKings,-13.5,Alabama -13.5,-13.5,,,,,
489,401767059,2025,regular,1,2025-08-30T23:00:00.000Z,2916,Incarnate Word,Southland,fcs,31.0,331,Eastern Washington,Big Sky,fcs,21.0,ESPN Bet,-10.0,Incarnate Word -10,,57.5,,,,
490,401767201,2025,regular,1,2025-08-30T22:00:00.000Z,2717,Western Carolina,Southern,fcs,45.0,2241,Gardner-Webb,Big South-OVC,fcs,52.0,ESPN Bet,-6.5,Western Carolina -6.5,,57.5,,,,
491,401767130,2025,regular,1,2025-08-30T23:00:00.000Z,2571,South Dakota State,MVFC,fcs,20.0,16,Sacramento State,Big Sky,fcs,3.0,ESPN Bet,-11.5,South Dakota State -11.5,,57.5,,,,
492,401767070,2025,regular,1,2025-08-31T00:00:00.000Z,301,San Diego,Pioneer,fcs,17.0,13,Cal Poly,Big Sky,fcs,41.0,ESPN Bet,-1.5,San Diego -1.5,,49.5,,,,
493,401767431,2025,regular,1,2025-08-31T00:00:00.000Z,2640,Texas Southern,SWAC,fcs,21.0,2504,Prairie View A&M,SWAC,fcs,22.0,ESPN Bet,-1.5,Texas Southern -1.5,,47.5,,,,
494,401767156,2025,regular,1,2025-08-31T02:00:00.000Z,3101,Utah Tech,UAC,fcs,24.0,302,UC Davis,Big Sky,fcs,31.0,ESPN Bet,18.5,UC Davis -18.5,,56.5,,,,
495,401760363,2025,regular,2,2025-09-06T01:00:00.000Z,68,Boise State,Mountain West,fbs,51.0,331,Eastern Washington,Big Sky,fcs,14.0,ESPN Bet,-33.5,Boise State -33.5,-29.0,60.5,55.5,-10000.0,2500.0,
496,401760363,2025,regular,2,2025-09-06T01:00:00.000Z,68,Boise State,Mountain West,fbs,51.0,331,Eastern Washington,Big Sky,fcs,14.0,Bovada,-33.0,Boise State -33.0,-29.5,59.5,56.5,-10000.0,1600.0,
497,401752817,2025,regular,2,2025-09-05T23:30:00.000Z,77,Northwestern,Big Ten,fbs,42.0,2710,Western Illinois,Big South-OVC,fcs,7.0,ESPN Bet,-30.5,Northwestern -30.5,-28.0,48.5,51.5,-50000.0,3500.0,
498,401752817,2025,regular,2,2025-09-05T23:30:00.000Z,77,Northwestern,Big Ten,fbs,42.0,2710,Western Illinois,Big South-OVC,fcs,7.0,Bovada,-31.5,Northwestern -31.5,-28.5,49.5,51.5,-10000.0,1600.0,
499,401752813,2025,regular,2,2025-09-06T16:00:00.000Z,135,Minnesota,Big Ten,fbs,66.0,2466,Northwestern State,Southland,fcs,0.0,Bovada,-43.0,Minnesota -43.0,-43.0,50.5,50.5,,,
500,401752813,2025,regular,2,2025-09-06T16:00:00.000Z,135,Minnesota,Big Ten,fbs,66.0,2466,Northwestern State,Southland,fcs,0.0,ESPN Bet,,,-43.5,51.5,50.5,,,
501,401762462,2025,regular,2,2025-09-06T18:00:00.000Z,218,Temple,American Athletic,fbs,55.0,47,Howard,MEAC,fcs,7.0,Bovada,-28.0,Temple -28.0,-27.5,47.0,46.5,,,
502,401762462,2025,regular,2,2025-09-06T18:00:00.000Z,218,Temple,American Athletic,fbs,55.0,47,Howard,MEAC,fcs,7.0,ESPN Bet,-27.5,Temple -27.5,-25.5,45.5,46.5,-10000.0,2500.0,
503,401752692,2025,regular,2,2025-09-06T19:30:00.000Z,2633,Tennessee,SEC,fbs,72.0,2193,East Tennessee State,Southern,fcs,17.0,Bovada,-39.5,Tennessee -39.5,-41.0,58.5,56.5,,,
504,401752692,2025,regular,2,2025-09-06T19:30:00.000Z,2633,Tennessee,SEC,fbs,72.0,2193,East Tennessee State,Southern,fcs,17.0,ESPN Bet,-40.5,Tennessee -40.5,-41.0,58.5,56.5,,,
505,401752685,2025,regular,2,2025-09-06T19:30:00.000Z,61,Georgia,SEC,fbs,28.0,2046,Austin Peay,UAC,fcs,6.0,Bovada,-47.0,Georgia -47.0,-48.0,55.5,55.5,,,
506,401752685,2025,regular,2,2025-09-06T19:30:00.000Z,61,Georgia,SEC,fbs,28.0,2046,Austin Peay,UAC,fcs,6.0,ESPN Bet,-46.5,Georgia -46.5,-48.5,56.5,55.5,,,
507,401762459,2025,regular,2,2025-09-06T22:00:00.000Z,151,East Carolina,American Athletic,fbs,56.0,2097,Campbell,CAA,fcs,3.0,Bovada,-30.0,East Carolina -30.0,-29.5,56.0,52.5,,,
508,401762459,2025,regular,2,2025-09-06T22:00:00.000Z,151,East Carolina,American Athletic,fbs,56.0,2097,Campbell,CAA,fcs,3.0,ESPN Bet,-30.5,East Carolina -30.5,-30.0,55.5,52.5,-7500.0,2000.0,
509,401760367,2025,regular,2,2025-09-06T20:00:00.000Z,2751,Wyoming,Mountain West,fbs,31.0,2460,Northern Iowa,MVFC,fcs,7.0,Bovada,-14.0,Wyoming -14.0,-13.5,47.5,47.5,-575.0,400.0,
510,401760367,2025,regular,2,2025-09-06T20:00:00.000Z,2751,Wyoming,Mountain West,fbs,31.0,2460,Northern Iowa,MVFC,fcs,7.0,ESPN Bet,-13.5,Wyoming -13.5,-13.5,45.5,47.5,-800.0,500.0,
511,401760366,2025,regular,2,2025-09-06T19:00:00.000Z,167,New Mexico,Mountain West,fbs,32.0,304,Idaho State,Big Sky,fcs,22.0,Bovada,-17.5,New Mexico -17.5,-15.5,60.0,63.5,-900.0,575.0,
512,401760366,2025,regular,2,2025-09-06T19:00:00.000Z,167,New Mexico,Mountain West,fbs,32.0,304,Idaho State,Big Sky,fcs,22.0,ESPN Bet,-17.5,New Mexico -17.5,-17.0,60.5,63.5,-900.0,550.0,
513,401762794,2025,regular,2,2025-09-06T19:30:00.000Z,2084,Buffalo,Mid-American,fbs,45.0,2598,St. Francis (PA),NEC,fcs,6.0,Bovada,-37.0,Buffalo -37.0,-35.5,48.0,49.5,,,
514,401762794,2025,regular,2,2025-09-06T19:30:00.000Z,2084,Buffalo,Mid-American,fbs,45.0,2598,St. Francis (PA),NEC,fcs,6.0,ESPN Bet,-37.5,Buffalo -37.5,-36.5,48.5,49.5,,,
515,401761602,2025,regular,2,2025-09-06T21:00:00.000Z,2572,Southern Miss,Sun Belt,fbs,38.0,2296,Jackson State,SWAC,fcs,20.0,Bovada,-13.5,Southern Miss -13.5,-14.0,53.0,52.5,-600.0,425.0,
516,401761602,2025,regular,2,2025-09-06T21:00:00.000Z,2572,Southern Miss,Sun Belt,fbs,38.0,2296,Jackson State,SWAC,fcs,20.0,ESPN Bet,-13.5,Southern Miss -13.5,-15.5,52.5,52.5,-650.0,425.0,
517,401761599,2025,regular,2,2025-09-06T22:00:00.000Z,295,Old Dominion,Sun Belt,fbs,54.0,2428,North Carolina Central,MEAC,fcs,6.0,Bovada,-22.0,Old Dominion -22.0,-20.0,50.5,50.5,-1400.0,750.0,
518,401761599,2025,regular,2,2025-09-06T22:00:00.000Z,295,Old Dominion,Sun Belt,fbs,54.0,2428,North Carolina Central,MEAC,fcs,6.0,ESPN Bet,-21.5,Old Dominion -21.5,-20.0,48.5,50.5,-2500.0,1100.0,
519,401762460,2025,regular,2,2025-09-06T22:00:00.000Z,2226,Florida Atlantic,American Athletic,fbs,56.0,50,Florida A&M,SWAC,fcs,14.0,Bovada,-21.0,Florida Atlantic -21.0,-20.0,51.0,46.5,-1400.0,750.0,
520,401762460,2025,regular,2,2025-09-06T22:00:00.000Z,2226,Florida Atlantic,American Athletic,fbs,56.0,50,Florida A&M,SWAC,fcs,14.0,ESPN Bet,-21.5,Florida Atlantic -21.5,-21.5,50.5,45.5,-2000.0,1000.0,
521,401756887,2025,regular,2,2025-09-06T22:00:00.000Z,254,Utah,Big 12,fbs,63.0,13,Cal Poly,Big Sky,fcs,9.0,Bovada,-42.5,Utah -42.5,-41.5,53.5,52.0,,,
522,401756887,2025,regular,2,2025-09-06T22:00:00.000Z,254,Utah,Big 12,fbs,63.0,13,Cal Poly,Big Sky,fcs,9.0,ESPN Bet,-42.5,Utah -42.5,-42.0,52.5,51.5,,,
523,401757231,2025,regular,2,2025-09-07T01:00:00.000Z,2638,UTEP,Conference USA,fbs,42.0,2630,UT Martin,Big South-OVC,fcs,17.0,Bovada,-7.5,UTEP -7.5,-6.5,49.5,51.5,-230.0,190.0,
524,401757231,2025,regular,2,2025-09-07T01:00:00.000Z,2638,UTEP,Conference USA,fbs,42.0,2630,UT Martin,Big South-OVC,fcs,17.0,ESPN Bet,-7.5,UTEP -7.5,-6.5,49.5,51.5,-300.0,250.0,
525,401761597,2025,regular,2,2025-09-06T23:30:00.000Z,324,Coastal Carolina,Sun Belt,fbs,13.0,2127,Charleston Southern,Big South-OVC,fcs,0.0,Bovada,-28.5,Coastal Carolina -28.5,-28.5,49.0,49.5,,,
526,401761597,2025,regular,2,2025-09-06T23:30:00.000Z,324,Coastal Carolina,Sun Belt,fbs,13.0,2127,Charleston Southern,Big South-OVC,fcs,0.0,ESPN Bet,-27.5,Coastal Carolina -27.5,-28.5,48.5,49.5,-10000.0,2500.0,
527,401761600,2025,regular,2,2025-09-07T00:00:00.000Z,309,Louisiana,Sun Belt,fbs,34.0,2377,McNeese,Southland,fcs,10.0,Bovada,-19.0,Louisiana -19.0,-20.5,50.0,52.5,-1500.0,775.0,
528,401761600,2025,regular,2,2025-09-07T00:00:00.000Z,309,Louisiana,Sun Belt,fbs,34.0,2377,McNeese,Southland,fcs,10.0,ESPN Bet,-19.5,Louisiana -19.5,-20.0,49.5,51.5,-1600.0,800.0,
529,401752819,2025,regular,2,2025-09-06T23:30:00.000Z,2509,Purdue,Big Ten,fbs,34.0,79,Southern Illinois,MVFC,fcs,17.0,Bovada,-19.5,Purdue -19.5,-20.0,52.0,51.5,-1400.0,750.0,
530,401752819,2025,regular,2,2025-09-06T23:30:00.000Z,2509,Purdue,Big Ten,fbs,34.0,79,Southern Illinois,MVFC,fcs,17.0,ESPN Bet,-22.5,Purdue -22.5,-19.5,52.5,51.5,-1400.0,750.0,
531,401754620,2025,regular,2,2025-09-06T18:00:00.000Z,154,Wake Forest,ACC,fbs,42.0,2717,Western Carolina,Southern,fcs,10.0,Bovada,-17.5,Wake Forest -17.5,-20.0,60.5,61.5,-1400.0,750.0,
532,401754620,2025,regular,2,2025-09-06T18:00:00.000Z,154,Wake Forest,ACC,fbs,42.0,2717,Western Carolina,Southern,fcs,10.0,ESPN Bet,-17.5,Wake Forest -17.5,-20.5,59.5,61.5,-1000.0,600.0,
533,401752815,2025,regular,2,2025-09-06T19:30:00.000Z,194,Ohio State,Big Ten,fbs,70.0,2755,Grambling,SWAC,fcs,0.0,Bovada,-55.5,Ohio State -55.5,-55.5,62.5,62.5,,,
534,401752815,2025,regular,2,2025-09-06T19:30:00.000Z,194,Ohio State,Big Ten,fbs,70.0,2755,Grambling,SWAC,fcs,0.0,ESPN Bet,-51.5,Ohio State -51.5,-55.5,64.5,62.5,,,
535,401761596,2025,regular,2,2025-09-06T19:30:00.000Z,2026,App State,Sun Belt,fbs,20.0,2815,Lindenwood,Big South-OVC,fcs,13.0,Bovada,-31.5,App State -31.5,-31.0,56.0,53.0,,,
536,401761596,2025,regular,2,2025-09-06T19:30:00.000Z,2026,App State,Sun Belt,fbs,20.0,2815,Lindenwood,Big South-OVC,fcs,13.0,ESPN Bet,-29.5,App State -29.5,-31.5,54.5,52.5,,,
537,401754622,2025,regular,2,2025-09-06T19:30:00.000Z,59,Georgia Tech,ACC,fbs,59.0,2241,Gardner-Webb,Big South-OVC,fcs,12.0,Bovada,-37.5,Georgia Tech -37.5,-37.5,60.5,58.5,,,
538,401754622,2025,regular,2,2025-09-06T19:30:00.000Z,59,Georgia Tech,ACC,fbs,59.0,2241,Gardner-Webb,Big South-OVC,fcs,12.0,ESPN Bet,-37.5,Georgia Tech -37.5,-37.5,58.5,58.5,,,
539,401754530,2025,regular,2,2025-09-06T22:00:00.000Z,25,California,ACC,fbs,35.0,2640,Texas Southern,SWAC,fcs,3.0,Bovada,-44.5,California -44.5,-45.0,54.5,54.0,,,
540,401754530,2025,regular,2,2025-09-06T22:00:00.000Z,25,California,ACC,fbs,35.0,2640,Texas Southern,SWAC,fcs,3.0,ESPN Bet,-44.5,California -44.5,-45.0,54.5,53.5,,,
541,401762795,2025,regular,2,2025-09-06T23:00:00.000Z,2199,Eastern Michigan,Mid-American,fbs,23.0,2341,Long Island University,NEC,fcs,28.0,Bovada,-22.5,Eastern Michigan -22.5,-22.5,54.5,54.5,-2000.0,950.0,
542,401762795,2025,regular,2,2025-09-06T23:00:00.000Z,2199,Eastern Michigan,Mid-American,fbs,23.0,2341,Long Island University,NEC,fcs,28.0,ESPN Bet,-21.5,Eastern Michigan -21.5,-23.5,53.5,54.5,-2000.0,1000.0,
543,401752836,2025,regular,3,2025-09-12T22:30:00.000Z,84,Indiana,Big Ten,fbs,73.0,282,Indiana State,MVFC,fcs,0.0,Bovada,-47.5,Indiana -47.5,-48.5,60.0,59.5,,,
544,401752836,2025,regular,3,2025-09-12T22:30:00.000Z,84,Indiana,Big Ten,fbs,73.0,282,Indiana State,MVFC,fcs,0.0,ESPN Bet,,,-48.5,60.5,59.5,,,
545,401752836,2025,regular,3,2025-09-12T22:30:00.000Z,84,Indiana,Big Ten,fbs,73.0,282,Indiana State,MVFC,fcs,0.0,DraftKings,-47.5,Indiana -47.5,,60.5,59.5,,,
546,401756879,2025,regular,2,2025-09-07T02:00:00.000Z,12,Arizona,Big 12,fbs,48.0,2692,Weber State,Big Sky,fcs,3.0,Bovada,-31.5,Arizona -31.5,-31.5,56.5,56.5,,,
547,401756879,2025,regular,2,2025-09-07T02:00:00.000Z,12,Arizona,Big 12,fbs,48.0,2692,Weber State,Big Sky,fcs,3.0,ESPN Bet,-31.5,Arizona -31.5,-31.5,56.5,56.5,-10000.0,2500.0,
548,401760365,2025,regular,2,2025-09-06T21:00:00.000Z,2440,Nevada,Mountain West,fbs,20.0,16,Sacramento State,Big Sky,fcs,17.0,Bovada,-8.0,Nevada -8.0,-7.5,56.0,54.5,-285.0,235.0,
549,401760365,2025,regular,2,2025-09-06T21:00:00.000Z,2440,Nevada,Mountain West,fbs,20.0,16,Sacramento State,Big Sky,fcs,17.0,ESPN Bet,-9.5,Nevada -9.5,-7.5,55.5,54.5,-270.0,220.0,
550,401756893,2025,regular,3,2025-09-12T23:30:00.000Z,248,Houston,Big 12,fbs,36.0,38,Colorado,Big 12,fbs,20.0,DraftKings,-4.0,Houston -4,,45.5,,-192.0,160.0,
551,401756893,2025,regular,3,2025-09-12T23:30:00.000Z,248,Houston,Big 12,fbs,36.0,38,Colorado,Big 12,fbs,20.0,ESPN Bet,-3.5,Houston -3.5,-3.5,45.5,43.5,-190.0,160.0,
552,401756893,2025,regular,3,2025-09-12T23:30:00.000Z,248,Houston,Big 12,fbs,36.0,38,Colorado,Big 12,fbs,20.0,Bovada,-4.0,Houston -4.0,-4.5,45.0,43.5,-185.0,160.0,
553,401756888,2025,regular,3,2025-09-13T01:00:00.000Z,12,Arizona,Big 12,fbs,23.0,2306,Kansas State,Big 12,fbs,17.0,DraftKings,1.5,Kansas State -1.5,,55.5,,-102.0,-118.0,
554,401756888,2025,regular,3,2025-09-13T01:00:00.000Z,12,Arizona,Big 12,fbs,23.0,2306,Kansas State,Big 12,fbs,17.0,ESPN Bet,1.5,Kansas State -1.5,1.5,56.5,54.5,105.0,-120.0,
555,401756888,2025,regular,3,2025-09-13T01:00:00.000Z,12,Arizona,Big 12,fbs,23.0,2306,Kansas State,Big 12,fbs,17.0,Bovada,1.5,Kansas State -1.5,0.0,55.5,54.5,-110.0,-110.0,
556,401754531,2025,regular,3,2025-09-11T23:30:00.000Z,154,Wake Forest,ACC,fbs,24.0,152,NC State,ACC,fbs,34.0,DraftKings,7.5,NC State -7.5,,52.5,,240.0,-298.0,
557,401754531,2025,regular,3,2025-09-11T23:30:00.000Z,154,Wake Forest,ACC,fbs,24.0,152,NC State,ACC,fbs,34.0,ESPN Bet,7.5,NC State -7.5,7.5,52.5,55.5,230.0,-280.0,
558,401754531,2025,regular,3,2025-09-11T23:30:00.000Z,154,Wake Forest,ACC,fbs,24.0,152,NC State,ACC,fbs,34.0,Bovada,7.0,NC State -7.0,7.0,53.0,54.5,225.0,-275.0,
559,401756886,2025,regular,2,2025-09-06T23:00:00.000Z,2116,UCF,Big 12,fbs,68.0,2448,North Carolina A&T,CAA,fcs,7.0,Bovada,-38.0,UCF -38.0,-39.5,51.0,50.5,,,
560,401756886,2025,regular,2,2025-09-06T23:00:00.000Z,2116,UCF,Big 12,fbs,68.0,2448,North Carolina A&T,CAA,fcs,7.0,ESPN Bet,-37.0,UCF -37,-40.0,51.5,50.5,,,
561,401752837,2025,regular,3,2025-09-13T02:00:00.000Z,26,UCLA,Big Ten,fbs,10.0,167,New Mexico,Mountain West,fbs,35.0,DraftKings,-15.5,UCLA -15.5,,52.5,,-675.0,490.0,
562,401752837,2025,regular,3,2025-09-13T02:00:00.000Z,26,UCLA,Big Ten,fbs,10.0,167,New Mexico,Mountain West,fbs,35.0,ESPN Bet,-15.5,UCLA -15.5,-14.5,52.5,52.5,-700.0,450.0,
563,401752837,2025,regular,3,2025-09-13T02:00:00.000Z,26,UCLA,Big Ten,fbs,10.0,167,New Mexico,Mountain West,fbs,35.0,Bovada,-15.5,UCLA -15.5,-15.0,53.0,53.0,-700.0,475.0,
564,401762816,2025,regular,2,2025-09-06T19:30:00.000Z,113,Massachusetts,Mid-American,fbs,26.0,2803,Bryant,CAA,fcs,27.0,Bovada,-14.5,Massachusetts -14.5,-13.0,52.0,52.5,-575.0,400.0,
565,401762816,2025,regular,2,2025-09-06T19:30:00.000Z,113,Massachusetts,Mid-American,fbs,26.0,2803,Bryant,CAA,fcs,27.0,ESPN Bet,-16.5,Massachusetts -16.5,-13.5,52.5,52.5,-800.0,500.0,
566,401752691,2025,regular,2,2025-09-06T23:00:00.000Z,2579,South Carolina,SEC,fbs,38.0,2569,South Carolina State,MEAC,fcs,10.0,Bovada,-43.0,South Carolina -43.0,-42.5,54.0,52.5,,,
567,401752691,2025,regular,2,2025-09-06T23:00:00.000Z,2579,South Carolina,SEC,fbs,38.0,2569,South Carolina State,MEAC,fcs,10.0,ESPN Bet,-42.5,South Carolina -42.5,-42.0,54.5,52.5,,,
568,401752821,2025,regular,2,2025-09-07T03:00:00.000Z,264,Washington,Big Ten,fbs,70.0,302,UC Davis,Big Sky,fcs,10.0,Bovada,-28.0,Washington -28.0,-28.5,54.0,53.5,,,
569,401752821,2025,regular,2,2025-09-07T03:00:00.000Z,264,Washington,Big Ten,fbs,70.0,302,UC Davis,Big Sky,fcs,10.0,ESPN Bet,-29.5,Washington -29.5,-28.0,54.5,53.5,-5000.0,1500.0,
570,401754621,2025,regular,2,2025-09-06T16:00:00.000Z,52,Florida State,ACC,fbs,77.0,2837,East Texas A&M,Southland,fcs,3.0,ESPN Bet,-43.5,Florida State -43.5,-44.5,56.5,57.5,,,
571,401754621,2025,regular,2,2025-09-06T16:00:00.000Z,52,Florida State,ACC,fbs,77.0,2837,East Texas A&M,Southland,fcs,3.0,Bovada,-45.5,Florida State -45.5,-43.5,58.5,57.5,,,
572,401752831,2025,regular,3,2025-09-13T16:00:00.000Z,77,Northwestern,Big Ten,fbs,14.0,2483,Oregon,Big Ten,fbs,34.0,DraftKings,25.5,Oregon -25.5,,50.5,,1400.0,-3200.0,
573,401752831,2025,regular,3,2025-09-13T16:00:00.000Z,77,Northwestern,Big Ten,fbs,14.0,2483,Oregon,Big Ten,fbs,34.0,Bovada,26.5,Oregon -26.5,28.0,50.5,51.5,1300.0,-6500.0,
574,401752831,2025,regular,3,2025-09-13T16:00:00.000Z,77,Northwestern,Big Ten,fbs,14.0,2483,Oregon,Big Ten,fbs,34.0,ESPN Bet,24.5,Oregon -24.5,27.5,50.5,51.5,1800.0,-6000.0,
575,401754527,2025,regular,2,2025-09-06T23:00:00.000Z,2429,Charlotte,American Athletic,fbs,3.0,153,North Carolina,ACC,fbs,20.0,ESPN Bet,16.5,North Carolina -16.5,16.5,49.5,47.5,500.0,-800.0,
576,401754527,2025,regular,2,2025-09-06T23:00:00.000Z,2429,Charlotte,American Athletic,fbs,3.0,153,North Carolina,ACC,fbs,20.0,Bovada,15.0,North Carolina -15.0,13.0,49.5,49.5,390.0,-550.0,
577,401754534,2025,regular,3,2025-09-14T00:00:00.000Z,2655,Tulane,American Athletic,fbs,34.0,150,Duke,ACC,fbs,27.0,DraftKings,-1.5,Tulane -1.5,,52.5,,-120.0,100.0,
578,401754534,2025,regular,3,2025-09-14T00:00:00.000Z,2655,Tulane,American Athletic,fbs,34.0,150,Duke,ACC,fbs,27.0,Bovada,-1.5,Tulane -1.5,-2.5,52.5,52.5,-150.0,130.0,
579,401754534,2025,regular,3,2025-09-14T00:00:00.000Z,2655,Tulane,American Athletic,fbs,34.0,150,Duke,ACC,fbs,27.0,ESPN Bet,1.5,Duke -1.5,-2.5,53.5,52.5,-110.0,-110.0,
580,401752703,2025,regular,3,2025-09-13T16:00:00.000Z,218,Temple,American Athletic,fbs,3.0,201,Oklahoma,SEC,fbs,42.0,DraftKings,23.5,Oklahoma -23.5,,50.5,,1200.0,-2400.0,
581,401752703,2025,regular,3,2025-09-13T16:00:00.000Z,218,Temple,American Athletic,fbs,3.0,201,Oklahoma,SEC,fbs,42.0,Bovada,23.5,Oklahoma -23.5,24.5,51.0,51.5,1100.0,-3300.0,
582,401752703,2025,regular,3,2025-09-13T16:00:00.000Z,218,Temple,American Athletic,fbs,3.0,201,Oklahoma,SEC,fbs,42.0,ESPN Bet,24.5,Oklahoma -24.5,25.5,51.5,51.5,1250.0,-3000.0,
583,401761608,2025,regular,3,2025-09-13T16:00:00.000Z,2653,Troy,Sun Belt,fbs,7.0,235,Memphis,American Athletic,fbs,28.0,DraftKings,4.5,Memphis -4.5,,51.5,,160.0,-192.0,
584,401761608,2025,regular,3,2025-09-13T16:00:00.000Z,2653,Troy,Sun Belt,fbs,7.0,235,Memphis,American Athletic,fbs,28.0,Bovada,4.5,Memphis -4.5,6.5,51.0,51.5,190.0,-230.0,
585,401761608,2025,regular,3,2025-09-13T16:00:00.000Z,2653,Troy,Sun Belt,fbs,7.0,235,Memphis,American Athletic,fbs,28.0,ESPN Bet,4.5,Memphis -4.5,,51.5,50.5,160.0,-190.0,
586,401752696,2025,regular,3,2025-09-13T16:00:00.000Z,333,Alabama,SEC,fbs,38.0,275,Wisconsin,Big Ten,fbs,14.0,DraftKings,-17.5,Alabama -17.5,,45.5,,-1200.0,750.0,
587,401752696,2025,regular,3,2025-09-13T16:00:00.000Z,333,Alabama,SEC,fbs,38.0,275,Wisconsin,Big Ten,fbs,14.0,ESPN Bet,-18.5,Alabama -18.5,-22.5,45.5,46.5,-1600.0,800.0,
588,401752696,2025,regular,3,2025-09-13T16:00:00.000Z,333,Alabama,SEC,fbs,38.0,275,Wisconsin,Big Ten,fbs,14.0,Bovada,-19.5,Alabama -19.5,-20.0,45.0,47.0,-1500.0,775.0,
589,401754532,2025,regular,3,2025-09-12T23:00:00.000Z,183,Syracuse,ACC,fbs,66.0,2142,Colgate,Patriot,fcs,24.0,Bovada,-36.5,Syracuse -36.5,-37.5,64.0,66.5,,,
590,401754532,2025,regular,3,2025-09-12T23:00:00.000Z,183,Syracuse,ACC,fbs,66.0,2142,Colgate,Patriot,fcs,24.0,ESPN Bet,-37.5,Syracuse -37.5,-37.5,64.5,66.5,-50000.0,3500.0,
591,401754532,2025,regular,3,2025-09-12T23:00:00.000Z,183,Syracuse,ACC,fbs,66.0,2142,Colgate,Patriot,fcs,24.0,DraftKings,-36.5,Syracuse -36.5,-37.5,64.5,,,,
592,401752938,2025,regular,3,2025-09-13T19:30:00.000Z,2641,Texas Tech,Big 12,fbs,45.0,204,Oregon State,Pac-12,fbs,14.0,DraftKings,-24.5,Texas Tech -24.5,,61.5,,-2400.0,1200.0,
593,401752938,2025,regular,3,2025-09-13T19:30:00.000Z,2641,Texas Tech,Big 12,fbs,45.0,204,Oregon State,Pac-12,fbs,14.0,Bovada,-24.0,Texas Tech -24.0,-24.0,61.5,60.5,-2800.0,1100.0,
594,401752938,2025,regular,3,2025-09-13T19:30:00.000Z,2641,Texas Tech,Big 12,fbs,45.0,204,Oregon State,Pac-12,fbs,14.0,ESPN Bet,-23.5,Texas Tech -23.5,-24.5,61.5,60.5,-3000.0,1200.0,
595,401752949,2025,regular,3,2025-09-13T19:30:00.000Z,249,North Texas,American Athletic,fbs,59.0,265,Washington State,Pac-12,fbs,10.0,DraftKings,-6.5,North Texas -6.5,,57.5,,-278.0,225.0,
596,401752949,2025,regular,3,2025-09-13T19:30:00.000Z,249,North Texas,American Athletic,fbs,59.0,265,Washington State,Pac-12,fbs,10.0,Bovada,-6.5,North Texas -6.5,-5.5,57.5,58.0,-210.0,175.0,
597,401752949,2025,regular,3,2025-09-13T19:30:00.000Z,249,North Texas,American Athletic,fbs,59.0,265,Washington State,Pac-12,fbs,10.0,ESPN Bet,-6.5,North Texas -6.5,-5.5,58.5,58.5,-280.0,230.0,
598,401754536,2025,regular,3,2025-09-13T23:00:00.000Z,259,Virginia Tech,ACC,fbs,26.0,295,Old Dominion,Sun Belt,fbs,45.0,DraftKings,-5.5,Virginia Tech -5.5,,50.5,,-225.0,185.0,
599,401754536,2025,regular,3,2025-09-13T23:00:00.000Z,259,Virginia Tech,ACC,fbs,26.0,295,Old Dominion,Sun Belt,fbs,45.0,Bovada,-5.5,Virginia Tech -5.5,-8.0,51.0,50.5,-300.0,250.0,
600,401754536,2025,regular,3,2025-09-13T23:00:00.000Z,259,Virginia Tech,ACC,fbs,26.0,295,Old Dominion,Sun Belt,fbs,45.0,ESPN Bet,-5.5,Virginia Tech -5.5,-6.5,50.5,51.5,-215.0,180.0,
601,401752832,2025,regular,3,2025-09-13T19:30:00.000Z,2509,Purdue,Big Ten,fbs,17.0,30,USC,Big Ten,fbs,33.0,DraftKings,20.5,USC -20.5,,59.5,,850.0,-1450.0,
602,401752832,2025,regular,3,2025-09-13T19:30:00.000Z,2509,Purdue,Big Ten,fbs,17.0,30,USC,Big Ten,fbs,33.0,Bovada,20.5,USC -20.5,21.0,59.0,58.0,850.0,-1800.0,
603,401752832,2025,regular,3,2025-09-13T19:30:00.000Z,2509,Purdue,Big Ten,fbs,17.0,30,USC,Big Ten,fbs,33.0,ESPN Bet,20.5,USC -20.5,21.5,59.5,58.5,1000.0,-2000.0,
604,401752835,2025,regular,3,2025-09-13T19:30:00.000Z,213,Penn State,Big Ten,fbs,52.0,222,Villanova,CAA,fcs,6.0,DraftKings,-46.5,Penn State -46.5,-47.5,57.5,,,,
605,401752835,2025,regular,3,2025-09-13T19:30:00.000Z,213,Penn State,Big Ten,fbs,52.0,222,Villanova,CAA,fcs,6.0,ESPN Bet,-47.5,Penn State -47.5,-47.5,56.5,55.5,,,
606,401752835,2025,regular,3,2025-09-13T19:30:00.000Z,213,Penn State,Big Ten,fbs,52.0,222,Villanova,CAA,fcs,6.0,Bovada,-47.5,Penn State -47.5,-48.5,56.5,55.5,,,
607,401752830,2025,regular,3,2025-09-13T23:30:00.000Z,2294,Iowa,Big Ten,fbs,47.0,113,Massachusetts,Mid-American,fbs,7.0,DraftKings,-35.5,Iowa -35.5,-35.5,44.5,,,,
608,401752830,2025,regular,3,2025-09-13T23:30:00.000Z,2294,Iowa,Big Ten,fbs,47.0,113,Massachusetts,Mid-American,fbs,7.0,Bovada,-35.0,Iowa -35.0,-33.5,44.0,44.5,,,
609,401752830,2025,regular,3,2025-09-13T23:30:00.000Z,2294,Iowa,Big Ten,fbs,47.0,113,Massachusetts,Mid-American,fbs,7.0,ESPN Bet,-35.5,Iowa -35.5,-33.5,44.5,44.5,-100000.0,4000.0,
610,401752704,2025,regular,3,2025-09-13T23:45:00.000Z,2579,South Carolina,SEC,fbs,7.0,238,Vanderbilt,SEC,fbs,31.0,DraftKings,-3.0,South Carolina -3,,48.5,,-155.0,130.0,
611,401752704,2025,regular,3,2025-09-13T23:45:00.000Z,2579,South Carolina,SEC,fbs,7.0,238,Vanderbilt,SEC,fbs,31.0,Bovada,-3.0,South Carolina -3.0,-5.5,48.5,47.5,-220.0,180.0,
612,401752704,2025,regular,3,2025-09-13T23:45:00.000Z,2579,South Carolina,SEC,fbs,7.0,238,Vanderbilt,SEC,fbs,31.0,ESPN Bet,-2.5,South Carolina -2.5,-5.5,48.5,47.5,-145.0,125.0,
613,401756895,2025,regular,3,2025-09-14T00:00:00.000Z,2751,Wyoming,Mountain West,fbs,6.0,254,Utah,Big 12,fbs,31.0,DraftKings,24.5,Utah -24.5,,47.5,,1400.0,-3200.0,
614,401756895,2025,regular,3,2025-09-14T00:00:00.000Z,2751,Wyoming,Mountain West,fbs,6.0,254,Utah,Big 12,fbs,31.0,Bovada,24.5,Utah -24.5,22.5,47.0,48.0,1000.0,-2200.0,
615,401756895,2025,regular,3,2025-09-14T00:00:00.000Z,2751,Wyoming,Mountain West,fbs,6.0,254,Utah,Big 12,fbs,31.0,ESPN Bet,24.5,Utah -24.5,22.5,47.5,47.5,1300.0,-4000.0,
616,401762465,2025,regular,3,2025-09-14T00:00:00.000Z,202,Tulsa,American Athletic,fbs,23.0,2426,Navy,American Athletic,fbs,42.0,DraftKings,14.0,Navy -14,,52.5,,425.0,-575.0,
617,401762465,2025,regular,3,2025-09-14T00:00:00.000Z,202,Tulsa,American Athletic,fbs,23.0,2426,Navy,American Athletic,fbs,42.0,Bovada,13.5,Navy -13.5,14.5,52.0,54.0,450.0,-650.0,
618,401762465,2025,regular,3,2025-09-14T00:00:00.000Z,202,Tulsa,American Athletic,fbs,23.0,2426,Navy,American Athletic,fbs,42.0,ESPN Bet,13.5,Navy -13.5,14.5,53.5,53.5,450.0,-700.0,
619,401752838,2025,regular,3,2025-09-13T16:00:00.000Z,120,Maryland,Big Ten,fbs,44.0,119,Towson,CAA,fcs,17.0,ESPN Bet,-28.5,Maryland -28.5,-28.5,53.5,50.5,-7500.0,2000.0,
620,401752838,2025,regular,3,2025-09-13T16:00:00.000Z,120,Maryland,Big Ten,fbs,44.0,119,Towson,CAA,fcs,17.0,DraftKings,-28.5,Maryland -28.5,,53.5,,-6500.0,2000.0,
621,401752838,2025,regular,3,2025-09-13T16:00:00.000Z,120,Maryland,Big Ten,fbs,44.0,119,Towson,CAA,fcs,17.0,Bovada,-28.5,Maryland -28.5,-29.5,52.5,50.5,-10000.0,1600.0,
622,401754535,2025,regular,3,2025-09-13T20:30:00.000Z,2390,Miami,ACC,fbs,49.0,58,South Florida,American Athletic,fbs,12.0,DraftKings,-17.5,Miami -17.5,,56.5,,-800.0,550.0,
623,401754535,2025,regular,3,2025-09-13T20:30:00.000Z,2390,Miami,ACC,fbs,49.0,58,South Florida,American Athletic,fbs,12.0,Bovada,-18.0,Miami -18.0,-16.0,56.5,54.5,-800.0,525.0,
624,401754535,2025,regular,3,2025-09-13T20:30:00.000Z,2390,Miami,ACC,fbs,49.0,58,South Florida,American Athletic,fbs,12.0,ESPN Bet,-17.5,Miami -17.5,-15.5,56.5,54.5,-800.0,500.0,
625,401762817,2025,regular,3,2025-09-13T16:00:00.000Z,2309,Kent State,Mid-American,fbs,28.0,2084,Buffalo,Mid-American,fbs,31.0,DraftKings,23.5,Buffalo -23.5,,48.5,,1300.0,-2800.0,
626,401762817,2025,regular,3,2025-09-13T16:00:00.000Z,2309,Kent State,Mid-American,fbs,28.0,2084,Buffalo,Mid-American,fbs,31.0,ESPN Bet,24.5,Buffalo -24.5,22.5,47.5,48.5,1300.0,-4000.0,
627,401762817,2025,regular,3,2025-09-13T16:00:00.000Z,2309,Kent State,Mid-American,fbs,28.0,2084,Buffalo,Mid-American,fbs,31.0,Bovada,24.0,Buffalo -24.0,23.0,48.5,49.0,1100.0,-2800.0,
628,401752839,2025,regular,3,2025-09-13T16:00:00.000Z,130,Michigan,Big Ten,fbs,63.0,2117,Central Michigan,Mid-American,fbs,3.0,DraftKings,-27.5,Michigan -27.5,,42.5,,-4500.0,1700.0,
629,401752839,2025,regular,3,2025-09-13T16:00:00.000Z,130,Michigan,Big Ten,fbs,63.0,2117,Central Michigan,Mid-American,fbs,3.0,Bovada,-28.0,Michigan -28.0,-27.5,43.0,42.5,-4000.0,1200.0,
630,401752839,2025,regular,3,2025-09-13T16:00:00.000Z,130,Michigan,Big Ten,fbs,63.0,2117,Central Michigan,Mid-American,fbs,3.0,ESPN Bet,-27.5,Michigan -27.5,-27.5,42.5,41.5,-4000.0,1300.0,
631,401760364,2025,regular,2,2025-09-06T23:00:00.000Z,36,Colorado State,Mountain West,fbs,21.0,2458,Northern Colorado,Big Sky,fcs,17.0,Bovada,-35.0,Colorado State -35.0,-35.0,52.5,52.5,,,
632,401760364,2025,regular,2,2025-09-06T23:00:00.000Z,36,Colorado State,Mountain West,fbs,21.0,2458,Northern Colorado,Big Sky,fcs,17.0,ESPN Bet,-34.5,Colorado State -34.5,-34.5,52.5,52.5,-100000.0,4000.0,
633,401757168,2025,regular,3,2025-09-13T19:00:00.000Z,48,Delaware,Conference USA,fbs,44.0,41,UConn,FBS Independents,fbs,41.0,DraftKings,8.5,UConn -8.5,,52.5,,245.0,-305.0,
634,401757168,2025,regular,3,2025-09-13T19:00:00.000Z,48,Delaware,Conference USA,fbs,44.0,41,UConn,FBS Independents,fbs,41.0,Bovada,8.0,UConn -8.0,10.0,52.5,51.5,285.0,-370.0,
635,401757168,2025,regular,3,2025-09-13T19:00:00.000Z,48,Delaware,Conference USA,fbs,44.0,41,UConn,FBS Independents,fbs,41.0,ESPN Bet,9.5,UConn -9.5,10.5,51.5,51.5,270.0,-340.0,
636,401752697,2025,regular,3,2025-09-13T16:45:00.000Z,2,Auburn,SEC,fbs,31.0,6,South Alabama,Sun Belt,fbs,15.0,DraftKings,-26.5,Auburn -26.5,,56.5,,-3600.0,1500.0,
637,401752697,2025,regular,3,2025-09-13T16:45:00.000Z,2,Auburn,SEC,fbs,31.0,6,South Alabama,Sun Belt,fbs,15.0,Bovada,-26.0,Auburn -26.0,-26.0,56.0,53.5,-4000.0,1200.0,
638,401752697,2025,regular,3,2025-09-13T16:45:00.000Z,2,Auburn,SEC,fbs,31.0,6,South Alabama,Sun Belt,fbs,15.0,ESPN Bet,-26.5,Auburn -26.5,-25.5,55.5,53.5,-4000.0,1300.0,
639,401754615,2025,regular,3,2025-09-13T19:30:00.000Z,2623,Missouri State,Conference USA,fbs,10.0,2567,SMU,ACC,fbs,28.0,DraftKings,29.5,SMU -29.5,,60.5,,1800.0,-5000.0,
640,401754615,2025,regular,3,2025-09-13T19:30:00.000Z,2623,Missouri State,Conference USA,fbs,10.0,2567,SMU,ACC,fbs,28.0,ESPN Bet,28.5,SMU -28.5,27.5,59.5,61.5,2500.0,-10000.0,
641,401754615,2025,regular,3,2025-09-13T19:30:00.000Z,2623,Missouri State,Conference USA,fbs,10.0,2567,SMU,ACC,fbs,28.0,Bovada,28.5,SMU -28.5,28.0,61.0,61.5,1300.0,-5000.0,
642,401756890,2025,regular,3,2025-09-13T20:00:00.000Z,2032,Arkansas State,Sun Belt,fbs,16.0,66,Iowa State,Big 12,fbs,24.0,DraftKings,21.0,Iowa State -21,,55.5,,850.0,-1450.0,
643,401756890,2025,regular,3,2025-09-13T20:00:00.000Z,2032,Arkansas State,Sun Belt,fbs,16.0,66,Iowa State,Big 12,fbs,24.0,Bovada,21.5,Iowa State -21.5,21.0,56.0,55.5,800.0,-1600.0,
644,401756890,2025,regular,3,2025-09-13T20:00:00.000Z,2032,Arkansas State,Sun Belt,fbs,16.0,66,Iowa State,Big 12,fbs,24.0,ESPN Bet,20.5,Iowa State -20.5,21.5,55.5,54.5,1000.0,-2000.0,
645,401761607,2025,regular,3,2025-09-13T23:00:00.000Z,2572,Southern Miss,Sun Belt,fbs,38.0,2026,App State,Sun Belt,fbs,22.0,DraftKings,3.0,App State -3,,55.5,,130.0,-155.0,
646,401761607,2025,regular,3,2025-09-13T23:00:00.000Z,2572,Southern Miss,Sun Belt,fbs,38.0,2026,App State,Sun Belt,fbs,22.0,Bovada,3.0,App State -3.0,1.0,56.5,51.5,-105.0,-115.0,
647,401761607,2025,regular,3,2025-09-13T23:00:00.000Z,2572,Southern Miss,Sun Belt,fbs,38.0,2026,App State,Sun Belt,fbs,22.0,ESPN Bet,2.5,App State -2.5,-2.5,56.5,53.5,135.0,-155.0,
648,401754639,2025,regular,3,2025-09-13T19:30:00.000Z,153,North Carolina,ACC,fbs,41.0,257,Richmond,Patriot,fcs,6.0,ESPN Bet,-24.5,North Carolina -24.5,-21.0,47.5,46.5,-5000.0,1500.0,
649,401754639,2025,regular,3,2025-09-13T19:30:00.000Z,153,North Carolina,ACC,fbs,41.0,257,Richmond,Patriot,fcs,6.0,DraftKings,-24.5,North Carolina -24.5,,47.5,,-2800.0,1300.0,
650,401754639,2025,regular,3,2025-09-13T19:30:00.000Z,153,North Carolina,ACC,fbs,41.0,257,Richmond,Patriot,fcs,6.0,Bovada,-24.5,North Carolina -24.5,-21.5,48.0,46.5,-2800.0,1100.0,
651,401757257,2025,regular,3,2025-09-13T23:30:00.000Z,2348,Louisiana Tech,Conference USA,fbs,49.0,166,New Mexico State,Conference USA,fbs,14.0,DraftKings,-10.0,Louisiana Tech -10,,42.5,42.5,-345.0,275.0,
652,401757257,2025,regular,3,2025-09-13T23:30:00.000Z,2348,Louisiana Tech,Conference USA,fbs,49.0,166,New Mexico State,Conference USA,fbs,14.0,Bovada,-10.0,Louisiana Tech -10.0,-10.0,43.0,42.5,-410.0,305.0,
653,401757257,2025,regular,3,2025-09-13T23:30:00.000Z,2348,Louisiana Tech,Conference USA,fbs,49.0,166,New Mexico State,Conference USA,fbs,14.0,ESPN Bet,-10.5,Louisiana Tech -10.5,-12.5,42.5,46.5,-380.0,290.0,
654,401752702,2025,regular,3,2025-09-13T17:00:00.000Z,142,Missouri,SEC,fbs,52.0,309,Louisiana,Sun Belt,fbs,10.0,DraftKings,-27.5,Missouri -27.5,-27.5,47.5,,-4500.0,1700.0,
655,401752702,2025,regular,3,2025-09-13T17:00:00.000Z,142,Missouri,SEC,fbs,52.0,309,Louisiana,Sun Belt,fbs,10.0,Bovada,-27.5,Missouri -27.5,-24.5,47.5,48.0,-4000.0,1200.0,
656,401752702,2025,regular,3,2025-09-13T17:00:00.000Z,142,Missouri,SEC,fbs,52.0,309,Louisiana,Sun Belt,fbs,10.0,ESPN Bet,-27.5,Missouri -27.5,-22.5,46.5,50.5,-4000.0,1300.0,
657,401756891,2025,regular,3,2025-09-13T16:00:00.000Z,239,Baylor,Big 12,fbs,42.0,2535,Samford,Southern,fcs,7.0,DraftKings,-51.5,Baylor -51.5,,65.5,58.5,,,
658,401756891,2025,regular,3,2025-09-13T16:00:00.000Z,239,Baylor,Big 12,fbs,42.0,2535,Samford,Southern,fcs,7.0,ESPN Bet,-52.5,Baylor -52.5,-47.5,64.5,58.5,,,
659,401756891,2025,regular,3,2025-09-13T16:00:00.000Z,239,Baylor,Big 12,fbs,42.0,2535,Samford,Southern,fcs,7.0,Bovada,-52.0,Baylor -52.0,-48.5,64.5,59.5,,,
660,401752698,2025,regular,3,2025-09-13T23:30:00.000Z,96,Kentucky,SEC,fbs,48.0,2199,Eastern Michigan,Mid-American,fbs,23.0,DraftKings,-26.5,Kentucky -26.5,,49.5,,-4000.0,1600.0,
661,401752698,2025,regular,3,2025-09-13T23:30:00.000Z,96,Kentucky,SEC,fbs,48.0,2199,Eastern Michigan,Mid-American,fbs,23.0,Bovada,-27.0,Kentucky -27.0,-25.5,49.5,46.5,-4000.0,1200.0,
662,401752698,2025,regular,3,2025-09-13T23:30:00.000Z,96,Kentucky,SEC,fbs,48.0,2199,Eastern Michigan,Mid-American,fbs,23.0,ESPN Bet,-26.5,Kentucky -26.5,-25.5,50.5,48.5,-3000.0,1200.0,
663,401752700,2025,regular,3,2025-09-13T23:00:00.000Z,145,Ole Miss,SEC,fbs,41.0,8,Arkansas,SEC,fbs,35.0,DraftKings,-3.5,Ole Miss -3.5,,60.5,,-175.0,145.0,
664,401752700,2025,regular,3,2025-09-13T23:00:00.000Z,145,Ole Miss,SEC,fbs,41.0,8,Arkansas,SEC,fbs,35.0,Bovada,-3.5,Ole Miss -3.5,-8.5,60.5,63.5,-350.0,275.0,
665,401752700,2025,regular,3,2025-09-13T23:00:00.000Z,145,Ole Miss,SEC,fbs,41.0,8,Arkansas,SEC,fbs,35.0,ESPN Bet,-4.5,Ole Miss -4.5,-8.5,60.5,60.5,-175.0,150.0,
666,401752840,2025,regular,3,2025-09-14T02:30:00.000Z,25,California,ACC,fbs,27.0,135,Minnesota,Big Ten,fbs,14.0,DraftKings,3.0,Minnesota -3,,41.5,,136.0,-162.0,
667,401752840,2025,regular,3,2025-09-14T02:30:00.000Z,25,California,ACC,fbs,27.0,135,Minnesota,Big Ten,fbs,14.0,Bovada,3.0,Minnesota -3.0,2.5,40.5,44.0,105.0,-125.0,
668,401752840,2025,regular,3,2025-09-14T02:30:00.000Z,25,California,ACC,fbs,27.0,135,Minnesota,Big Ten,fbs,14.0,ESPN Bet,3.5,Minnesota -3.5,2.5,39.5,43.5,140.0,-165.0,
669,401754619,2025,regular,3,2025-09-13T16:00:00.000Z,258,Virginia,ACC,fbs,55.0,2729,William & Mary,CAA,fcs,16.0,DraftKings,-30.5,Virginia -30.5,,54.5,,-6500.0,2000.0,
670,401754619,2025,regular,3,2025-09-13T16:00:00.000Z,258,Virginia,ACC,fbs,55.0,2729,William & Mary,CAA,fcs,16.0,ESPN Bet,-29.5,Virginia -29.5,-26.5,52.5,51.5,-7500.0,2000.0,
671,401754619,2025,regular,3,2025-09-13T16:00:00.000Z,258,Virginia,ACC,fbs,55.0,2729,William & Mary,CAA,fcs,16.0,Bovada,-31.0,Virginia -31.0,-26.5,53.5,51.5,-5000.0,1300.0,
672,401752706,2025,regular,3,2025-09-13T20:15:00.000Z,251,Texas,SEC,fbs,27.0,2638,UTEP,Conference USA,fbs,10.0,DraftKings,-39.5,Texas -39.5,,52.5,50.5,,,
673,401752706,2025,regular,3,2025-09-13T20:15:00.000Z,251,Texas,SEC,fbs,27.0,2638,UTEP,Conference USA,fbs,10.0,Bovada,-39.5,Texas -39.5,-41.5,52.0,51.0,,,
674,401752706,2025,regular,3,2025-09-13T20:15:00.000Z,251,Texas,SEC,fbs,27.0,2638,UTEP,Conference USA,fbs,10.0,ESPN Bet,-40.5,Texas -40.5,-36.5,52.5,54.5,,,
675,401760368,2025,regular,3,2025-09-14T01:45:00.000Z,328,Utah State,Mountain West,fbs,49.0,2005,Air Force,Mountain West,fbs,30.0,DraftKings,4.0,Air Force -4,,51.5,,154.0,-185.0,
676,401760368,2025,regular,3,2025-09-14T01:45:00.000Z,328,Utah State,Mountain West,fbs,49.0,2005,Air Force,Mountain West,fbs,30.0,Bovada,4.5,Air Force -4.5,3.5,51.5,51.5,155.0,-180.0,
677,401760368,2025,regular,3,2025-09-14T01:45:00.000Z,328,Utah State,Mountain West,fbs,49.0,2005,Air Force,Mountain West,fbs,30.0,ESPN Bet,3.5,Air Force -3.5,3.5,51.5,51.5,160.0,-190.0,
678,401757258,2025,regular,3,2025-09-13T21:00:00.000Z,2440,Nevada,Mountain West,fbs,13.0,2393,Middle Tennessee,Conference USA,fbs,14.0,Bovada,-9.0,Nevada -9.0,-8.5,50.0,46.5,-350.0,275.0,
679,401757258,2025,regular,3,2025-09-13T21:00:00.000Z,2440,Nevada,Mountain West,fbs,13.0,2393,Middle Tennessee,Conference USA,fbs,14.0,DraftKings,-9.5,Nevada -9.5,,49.5,,-345.0,275.0,
680,401757258,2025,regular,3,2025-09-13T21:00:00.000Z,2440,Nevada,Mountain West,fbs,13.0,2393,Middle Tennessee,Conference USA,fbs,14.0,ESPN Bet,-9.5,Nevada -9.5,-9.5,49.5,44.5,-320.0,260.0,
681,401752828,2025,regular,3,2025-09-13T16:00:00.000Z,158,Nebraska,Big Ten,fbs,59.0,2277,Houston Christian,Southland,fcs,7.0,DraftKings,-48.5,Nebraska -48.5,-42.5,58.5,,,,
682,401752828,2025,regular,3,2025-09-13T16:00:00.000Z,158,Nebraska,Big Ten,fbs,59.0,2277,Houston Christian,Southland,fcs,7.0,ESPN Bet,-46.5,Nebraska -46.5,-42.0,57.5,54.5,,,
683,401752828,2025,regular,3,2025-09-13T16:00:00.000Z,158,Nebraska,Big Ten,fbs,59.0,2277,Houston Christian,Southland,fcs,7.0,Bovada,-48.5,Nebraska -48.5,-42.5,59.0,54.5,,,
684,401757256,2025,regular,3,2025-09-13T21:00:00.000Z,189,Bowling Green,Mid-American,fbs,23.0,2335,Liberty,Conference USA,fbs,13.0,DraftKings,6.0,Liberty -6,,51.5,51.5,180.0,-218.0,
685,401757256,2025,regular,3,2025-09-13T21:00:00.000Z,189,Bowling Green,Mid-American,fbs,23.0,2335,Liberty,Conference USA,fbs,13.0,Bovada,5.5,Liberty -5.5,6.5,51.5,51.0,200.0,-240.0,
686,401757256,2025,regular,3,2025-09-13T21:00:00.000Z,189,Bowling Green,Mid-American,fbs,23.0,2335,Liberty,Conference USA,fbs,13.0,ESPN Bet,6.5,Liberty -6.5,7.5,51.5,51.5,190.0,-225.0,
687,401757233,2025,regular,3,2025-09-13T22:00:00.000Z,2229,Florida International,Conference USA,fbs,38.0,2226,Florida Atlantic,American Athletic,fbs,28.0,Bovada,-2.0,Florida International -2.0,-1.5,56.5,57.0,-125.0,105.0,
688,401757233,2025,regular,3,2025-09-13T22:00:00.000Z,2229,Florida International,Conference USA,fbs,38.0,2226,Florida Atlantic,American Athletic,fbs,28.0,DraftKings,-2.5,Florida International -2.5,,56.5,,-125.0,105.0,
689,401757233,2025,regular,3,2025-09-13T22:00:00.000Z,2229,Florida International,Conference USA,fbs,38.0,2226,Florida Atlantic,American Athletic,fbs,28.0,ESPN Bet,-1.5,Florida International -1.5,-4.5,56.5,54.5,-125.0,105.0,
690,401752827,2025,regular,3,2025-09-13T23:00:00.000Z,194,Ohio State,Big Ten,fbs,37.0,195,Ohio,Mid-American,fbs,9.0,Bovada,-28.0,Ohio State -28.0,-33.5,49.0,53.5,-20000.0,1700.0,
691,401752827,2025,regular,3,2025-09-13T23:00:00.000Z,194,Ohio State,Big Ten,fbs,37.0,195,Ohio,Mid-American,fbs,9.0,DraftKings,-28.5,Ohio State -28.5,,49.5,51.5,-4500.0,1700.0,
692,401752827,2025,regular,3,2025-09-13T23:00:00.000Z,194,Ohio State,Big Ten,fbs,37.0,195,Ohio,Mid-American,fbs,9.0,ESPN Bet,-28.5,Ohio State -28.5,-25.5,49.5,58.5,-50000.0,3500.0,
693,401757234,2025,regular,3,2025-09-13T23:00:00.000Z,290,Georgia Southern,Sun Belt,fbs,41.0,55,Jacksonville State,Conference USA,fbs,34.0,Bovada,-3.0,Georgia Southern -3.0,-3.5,59.0,56.5,-175.0,150.0,
694,401757234,2025,regular,3,2025-09-13T23:00:00.000Z,290,Georgia Southern,Sun Belt,fbs,41.0,55,Jacksonville State,Conference USA,fbs,34.0,DraftKings,-3.0,Georgia Southern -3,-4.0,58.5,,-170.0,142.0,
695,401757234,2025,regular,3,2025-09-13T23:00:00.000Z,290,Georgia Southern,Sun Belt,fbs,41.0,55,Jacksonville State,Conference USA,fbs,34.0,ESPN Bet,-3.5,Georgia Southern -3.5,-2.5,57.5,54.5,-170.0,145.0,
696,401752829,2025,regular,3,2025-09-13T23:00:00.000Z,356,Illinois,Big Ten,fbs,38.0,2711,Western Michigan,Mid-American,fbs,0.0,DraftKings,-27.5,Illinois -27.5,,50.5,,-5000.0,1800.0,
697,401752829,2025,regular,3,2025-09-13T23:00:00.000Z,356,Illinois,Big Ten,fbs,38.0,2711,Western Michigan,Mid-American,fbs,0.0,Bovada,-27.5,Illinois -27.5,-28.0,51.0,51.5,-7500.0,1400.0,
698,401752829,2025,regular,3,2025-09-13T23:00:00.000Z,356,Illinois,Big Ten,fbs,38.0,2711,Western Michigan,Mid-American,fbs,0.0,ESPN Bet,-27.5,Illinois -27.5,-28.5,50.5,51.5,-5000.0,1500.0,
699,401756889,2025,regular,3,2025-09-14T02:30:00.000Z,9,Arizona State,Big 12,fbs,34.0,326,Texas State,Sun Belt,fbs,15.0,Bovada,-18.5,Arizona State -18.5,-14.5,61.5,59.5,-650.0,450.0,
700,401756889,2025,regular,3,2025-09-14T02:30:00.000Z,9,Arizona State,Big 12,fbs,34.0,326,Texas State,Sun Belt,fbs,15.0,DraftKings,-18.5,Arizona State -18.5,,61.5,,-1050.0,675.0,
701,401756889,2025,regular,3,2025-09-14T02:30:00.000Z,9,Arizona State,Big 12,fbs,34.0,326,Texas State,Sun Belt,fbs,15.0,ESPN Bet,-18.5,Arizona State -18.5,-14.5,61.5,58.5,-1000.0,600.0,
702,401754533,2025,regular,3,2025-09-14T02:30:00.000Z,24,Stanford,ACC,fbs,30.0,103,Boston College,ACC,fbs,20.0,Bovada,14.0,Boston College -14.0,10.5,44.5,44.5,335.0,-450.0,
703,401754533,2025,regular,3,2025-09-14T02:30:00.000Z,24,Stanford,ACC,fbs,30.0,103,Boston College,ACC,fbs,20.0,DraftKings,14.0,Boston College -14,12.5,44.5,,425.0,-575.0,
704,401754533,2025,regular,3,2025-09-14T02:30:00.000Z,24,Stanford,ACC,fbs,30.0,103,Boston College,ACC,fbs,20.0,ESPN Bet,13.5,Boston College -13.5,10.5,46.5,43.5,425.0,-650.0,
705,401761604,2025,regular,3,2025-09-13T23:30:00.000Z,324,Coastal Carolina,Sun Belt,fbs,0.0,151,East Carolina,American Athletic,fbs,38.0,Bovada,7.0,East Carolina -7.0,6.0,58.0,55.5,205.0,-245.0,
706,401761604,2025,regular,3,2025-09-13T23:30:00.000Z,324,Coastal Carolina,Sun Belt,fbs,0.0,151,East Carolina,American Athletic,fbs,38.0,DraftKings,7.0,East Carolina -7,,57.5,,220.0,-270.0,
707,401761604,2025,regular,3,2025-09-13T23:30:00.000Z,324,Coastal Carolina,Sun Belt,fbs,0.0,151,East Carolina,American Athletic,fbs,38.0,ESPN Bet,7.5,East Carolina -7.5,6.5,56.5,55.5,225.0,-275.0,
708,401762818,2025,regular,3,2025-09-13T18:00:00.000Z,2050,Ball State,Mid-American,fbs,34.0,160,New Hampshire,CAA,fcs,29.0,DraftKings,-3.0,Ball State -3,,46.5,,-148.0,124.0,
709,401762818,2025,regular,3,2025-09-13T18:00:00.000Z,2050,Ball State,Mid-American,fbs,34.0,160,New Hampshire,CAA,fcs,29.0,ESPN Bet,-2.5,Ball State -2.5,-1.0,46.5,47.5,-145.0,125.0,
710,401762818,2025,regular,3,2025-09-13T18:00:00.000Z,2050,Ball State,Mid-American,fbs,34.0,160,New Hampshire,CAA,fcs,29.0,Bovada,-3.0,Ball State -3.0,-3.0,46.5,48.0,-145.0,125.0,
711,401762463,2025,regular,3,2025-09-14T00:30:00.000Z,5,UAB,American Athletic,fbs,31.0,2006,Akron,Mid-American,fbs,28.0,DraftKings,-12.5,UAB -12.5,,58.5,,-440.0,340.0,
712,401762463,2025,regular,3,2025-09-14T00:30:00.000Z,5,UAB,American Athletic,fbs,31.0,2006,Akron,Mid-American,fbs,28.0,Bovada,-12.0,UAB -12.0,-11.5,59.0,52.5,-470.0,345.0,
713,401762463,2025,regular,3,2025-09-14T00:30:00.000Z,5,UAB,American Athletic,fbs,31.0,2006,Akron,Mid-American,fbs,28.0,ESPN Bet,-13.5,UAB -13.5,-11.5,59.5,53.5,-500.0,360.0,
714,401756892,2025,regular,3,2025-09-13T19:30:00.000Z,2132,Cincinnati,Big 12,fbs,70.0,2466,Northwestern State,Southland,fcs,0.0,DraftKings,-48.5,Cincinnati -48.5,-45.5,55.5,,,,
715,401756892,2025,regular,3,2025-09-13T19:30:00.000Z,2132,Cincinnati,Big 12,fbs,70.0,2466,Northwestern State,Southland,fcs,0.0,ESPN Bet,,,,56.5,52.5,,,
716,401756892,2025,regular,3,2025-09-13T19:30:00.000Z,2132,Cincinnati,Big 12,fbs,70.0,2466,Northwestern State,Southland,fcs,0.0,Bovada,-48.5,Cincinnati -48.5,-46.5,55.5,53.5,,,
717,401762464,2025,regular,3,2025-09-13T22:00:00.000Z,2429,Charlotte,American Athletic,fbs,42.0,2405,Monmouth,CAA,fcs,35.0,DraftKings,-3.0,Charlotte -3,,66.5,,-155.0,130.0,
718,401762464,2025,regular,3,2025-09-13T22:00:00.000Z,2429,Charlotte,American Athletic,fbs,42.0,2405,Monmouth,CAA,fcs,35.0,ESPN Bet,-2.5,Charlotte -2.5,-3.5,65.5,67.5,-140.0,120.0,
719,401762464,2025,regular,3,2025-09-13T22:00:00.000Z,2429,Charlotte,American Athletic,fbs,42.0,2405,Monmouth,CAA,fcs,35.0,Bovada,-2.5,Charlotte -2.5,-3.5,66.0,67.5,-175.0,150.0,
720,401762466,2025,regular,3,2025-09-13T23:00:00.000Z,242,Rice,American Athletic,fbs,38.0,2504,Prairie View A&M,SWAC,fcs,17.0,DraftKings,-29.5,Rice -29.5,,48.5,,-6500.0,2000.0,
721,401762466,2025,regular,3,2025-09-13T23:00:00.000Z,242,Rice,American Athletic,fbs,38.0,2504,Prairie View A&M,SWAC,fcs,17.0,Bovada,-28.0,Rice -28.0,-29.5,48.0,48.5,-10000.0,1600.0,
722,401762466,2025,regular,3,2025-09-13T23:00:00.000Z,242,Rice,American Athletic,fbs,38.0,2504,Prairie View A&M,SWAC,fcs,17.0,ESPN Bet,-29.5,Rice -29.5,-28.5,48.5,48.5,-10000.0,2500.0,
723,401754641,2025,regular,2,2025-09-06T23:00:00.000Z,2390,Miami,ACC,fbs,45.0,2065,Bethune-Cookman,SWAC,fcs,3.0,ESPN Bet,-54.5,Miami -54.5,-56.5,64.5,64.5,,,
724,401756894,2025,regular,3,2025-09-14T00:00:00.000Z,2628,TCU,Big 12,fbs,42.0,2000,Abilene Christian,UAC,fcs,21.0,DraftKings,-42.5,TCU -42.5,-38.5,60.5,,,,
725,401756894,2025,regular,3,2025-09-14T00:00:00.000Z,2628,TCU,Big 12,fbs,42.0,2000,Abilene Christian,UAC,fcs,21.0,ESPN Bet,-41.5,TCU -41.5,-38.5,58.5,56.5,,,
726,401756894,2025,regular,3,2025-09-14T00:00:00.000Z,2628,TCU,Big 12,fbs,42.0,2000,Abilene Christian,UAC,fcs,21.0,Bovada,-42.0,TCU -42.0,-37.5,60.5,56.5,,,
727,401752844,2025,regular,4,2025-09-20T00:00:00.000Z,164,Rutgers,Big Ten,fbs,28.0,2294,Iowa,Big Ten,fbs,38.0,DraftKings,2.5,Iowa -2.5,3.0,46.5,,110.0,-130.0,
728,401752844,2025,regular,4,2025-09-20T00:00:00.000Z,164,Rutgers,Big Ten,fbs,28.0,2294,Iowa,Big Ten,fbs,38.0,ESPN Bet,2.5,Iowa -2.5,2.5,46.5,46.5,115.0,-135.0,
729,401752844,2025,regular,4,2025-09-20T00:00:00.000Z,164,Rutgers,Big Ten,fbs,28.0,2294,Iowa,Big Ten,fbs,38.0,Bovada,2.0,Iowa -2.0,2.0,46.5,45.5,105.0,-125.0,
730,401760369,2025,regular,3,2025-09-14T02:00:00.000Z,278,Fresno State,Mountain West,fbs,56.0,2582,Southern,SWAC,fcs,7.0,DraftKings,-37.5,Fresno State -37.5,-35.5,51.5,,,,
731,401760369,2025,regular,3,2025-09-14T02:00:00.000Z,278,Fresno State,Mountain West,fbs,56.0,2582,Southern,SWAC,fcs,7.0,ESPN Bet,-35.5,Fresno State -35.5,-35.0,50.5,48.5,,,
732,401760369,2025,regular,3,2025-09-14T02:00:00.000Z,278,Fresno State,Mountain West,fbs,56.0,2582,Southern,SWAC,fcs,7.0,Bovada,-38.5,Fresno State -38.5,-35.5,51.0,48.5,,,
733,401760370,2025,regular,3,2025-09-14T03:59:00.000Z,62,Hawai'i,Mountain West,fbs,23.0,2502,Portland State,Big Sky,fcs,3.0,DraftKings,-35.5,Hawai'i -35.5,-38.5,54.5,,,,
734,401760370,2025,regular,3,2025-09-14T03:59:00.000Z,62,Hawai'i,Mountain West,fbs,23.0,2502,Portland State,Big Sky,fcs,3.0,ESPN Bet,-36.5,Hawai'i -36.5,-38.5,54.5,52.5,,,
735,401760370,2025,regular,3,2025-09-14T03:59:00.000Z,62,Hawai'i,Mountain West,fbs,23.0,2502,Portland State,Big Sky,fcs,3.0,Bovada,-37.5,Hawai'i -37.5,-38.0,54.5,53.5,,,
736,401754636,2025,regular,4,2025-09-20T16:00:00.000Z,2628,TCU,Big 12,fbs,35.0,2567,SMU,ACC,fbs,24.0,DraftKings,-6.5,TCU -6.5,-4.0,63.5,,-238.0,195.0,
737,401754636,2025,regular,4,2025-09-20T16:00:00.000Z,2628,TCU,Big 12,fbs,35.0,2567,SMU,ACC,fbs,24.0,Bovada,-6.5,TCU -6.5,-7.0,63.5,63.0,-245.0,205.0,
738,401754636,2025,regular,4,2025-09-20T16:00:00.000Z,2628,TCU,Big 12,fbs,35.0,2567,SMU,ACC,fbs,24.0,ESPN Bet,-6.5,TCU -6.5,-6.5,63.5,63.5,-225.0,190.0,
739,401752834,2025,regular,3,2025-09-13T19:30:00.000Z,127,Michigan State,Big Ten,fbs,41.0,2754,Youngstown State,MVFC,fcs,24.0,DraftKings,-23.5,Michigan State -23.5,,55.5,,-2100.0,1100.0,
740,401752834,2025,regular,3,2025-09-13T19:30:00.000Z,127,Michigan State,Big Ten,fbs,41.0,2754,Youngstown State,MVFC,fcs,24.0,ESPN Bet,-27.5,Michigan State -27.5,-23.5,56.5,52.5,-3000.0,1200.0,
741,401752834,2025,regular,3,2025-09-13T19:30:00.000Z,127,Michigan State,Big Ten,fbs,41.0,2754,Youngstown State,MVFC,fcs,24.0,Bovada,-23.5,Michigan State -23.5,-23.5,55.0,52.5,-2800.0,1100.0,
742,401752833,2025,regular,3,2025-09-13T19:30:00.000Z,164,Rutgers,Big Ten,fbs,60.0,2450,Norfolk State,MEAC,fcs,10.0,DraftKings,-44.5,Rutgers -44.5,,56.5,51.5,,,
743,401752833,2025,regular,3,2025-09-13T19:30:00.000Z,164,Rutgers,Big Ten,fbs,60.0,2450,Norfolk State,MEAC,fcs,10.0,Bovada,-44.5,Rutgers -44.5,-44.0,56.0,51.5,,,
744,401752833,2025,regular,3,2025-09-13T19:30:00.000Z,164,Rutgers,Big Ten,fbs,60.0,2450,Norfolk State,MEAC,fcs,10.0,ESPN Bet,-45.5,Rutgers -45.5,-44.5,55.5,55.5,,,
745,401762467,2025,regular,3,2025-09-13T19:30:00.000Z,2636,UTSA,American Athletic,fbs,48.0,2916,Incarnate Word,Southland,fcs,20.0,DraftKings,-21.0,UTSA -21,,62.5,,-1450.0,850.0,
746,401762467,2025,regular,3,2025-09-13T19:30:00.000Z,2636,UTSA,American Athletic,fbs,48.0,2916,Incarnate Word,Southland,fcs,20.0,ESPN Bet,-21.5,UTSA -21.5,-16.5,62.5,61.5,-1600.0,800.0,
747,401762467,2025,regular,3,2025-09-13T19:30:00.000Z,2636,UTSA,American Athletic,fbs,48.0,2916,Incarnate Word,Southland,fcs,20.0,Bovada,-21.0,UTSA -21.0,-17.5,62.0,61.5,-850.0,550.0,
748,401756896,2025,regular,4,2025-09-20T23:30:00.000Z,239,Baylor,Big 12,fbs,24.0,9,Arizona State,Big 12,fbs,27.0,DraftKings,-3.0,Baylor -3,-2.5,60.5,,-142.0,120.0,
749,401756896,2025,regular,4,2025-09-20T23:30:00.000Z,239,Baylor,Big 12,fbs,24.0,9,Arizona State,Big 12,fbs,27.0,Bovada,-3.0,Baylor -3.0,-2.5,60.5,59.5,-130.0,110.0,
750,401756896,2025,regular,4,2025-09-20T23:30:00.000Z,239,Baylor,Big 12,fbs,24.0,9,Arizona State,Big 12,fbs,27.0,ESPN Bet,-1.5,Baylor -1.5,-2.5,61.5,58.5,-140.0,120.0,
751,401779511,2025,regular,2,2025-09-06T16:00:00.000Z,2385,Mercyhurst,NEC,fcs,48.0,2441,New Haven,NEC,fcs,14.0,ESPN Bet,-12.5,Mercyhurst -12.5,,52.5,,,,
752,401762819,2025,regular,3,2025-09-13T19:30:00.000Z,2649,Toledo,Mid-American,fbs,60.0,2415,Morgan State,MEAC,fcs,0.0,DraftKings,-33.5,Toledo -33.5,-34.5,54.5,,,,
753,401762819,2025,regular,3,2025-09-13T19:30:00.000Z,2649,Toledo,Mid-American,fbs,60.0,2415,Morgan State,MEAC,fcs,0.0,ESPN Bet,-33.5,Toledo -33.5,-34.5,54.5,51.5,-100000.0,4000.0,
754,401762819,2025,regular,3,2025-09-13T19:30:00.000Z,2649,Toledo,Mid-American,fbs,60.0,2415,Morgan State,MEAC,fcs,0.0,Bovada,-34.0,Toledo -34.0,-33.5,54.5,53.5,,,
755,401752845,2025,regular,4,2025-09-20T16:00:00.000Z,275,Wisconsin,Big Ten,fbs,10.0,120,Maryland,Big Ten,fbs,27.0,DraftKings,-10.5,Wisconsin -10.5,-7.5,44.5,,-410.0,320.0,
756,401752845,2025,regular,4,2025-09-20T16:00:00.000Z,275,Wisconsin,Big Ten,fbs,10.0,120,Maryland,Big Ten,fbs,27.0,Bovada,-10.5,Wisconsin -10.5,-7.0,44.5,43.5,-320.0,260.0,
757,401752845,2025,regular,4,2025-09-20T16:00:00.000Z,275,Wisconsin,Big Ten,fbs,10.0,120,Maryland,Big Ten,fbs,27.0,ESPN Bet,-10.5,Wisconsin -10.5,-6.5,44.5,43.5,-400.0,300.0,
758,401752714,2025,regular,4,2025-09-20T19:30:00.000Z,201,Oklahoma,SEC,fbs,24.0,2,Auburn,SEC,fbs,17.0,DraftKings,-6.5,Oklahoma -6.5,-4.5,47.5,,-245.0,200.0,
759,401752714,2025,regular,4,2025-09-20T19:30:00.000Z,201,Oklahoma,SEC,fbs,24.0,2,Auburn,SEC,fbs,17.0,Bovada,-6.5,Oklahoma -6.5,-6.0,47.5,49.5,-240.0,200.0,
760,401752714,2025,regular,4,2025-09-20T19:30:00.000Z,201,Oklahoma,SEC,fbs,24.0,2,Auburn,SEC,fbs,17.0,ESPN Bet,-6.5,Oklahoma -6.5,-6.5,47.5,49.5,-250.0,210.0,
761,401752847,2025,regular,4,2025-09-21T03:00:00.000Z,30,USC,Big Ten,fbs,45.0,127,Michigan State,Big Ten,fbs,31.0,DraftKings,-18.5,USC -18.5,-14.5,55.5,,-950.0,625.0,
762,401752847,2025,regular,4,2025-09-21T03:00:00.000Z,30,USC,Big Ten,fbs,45.0,127,Michigan State,Big Ten,fbs,31.0,Bovada,-18.5,USC -18.5,-15.5,55.5,55.5,-700.0,475.0,
763,401752847,2025,regular,4,2025-09-21T03:00:00.000Z,30,USC,Big Ten,fbs,45.0,127,Michigan State,Big Ten,fbs,31.0,ESPN Bet,-18.5,USC -18.5,-16.5,55.5,56.5,-1000.0,600.0,
764,401761606,2025,regular,3,2025-09-13T22:00:00.000Z,276,Marshall,Sun Belt,fbs,38.0,2198,Eastern Kentucky,UAC,fcs,7.0,DraftKings,-14.5,Marshall -14.5,,49.5,,-625.0,455.0,
765,401761606,2025,regular,3,2025-09-13T22:00:00.000Z,276,Marshall,Sun Belt,fbs,38.0,2198,Eastern Kentucky,UAC,fcs,7.0,ESPN Bet,-17.5,Marshall -17.5,-14.5,51.5,50.5,-800.0,500.0,
766,401761606,2025,regular,3,2025-09-13T22:00:00.000Z,276,Marshall,Sun Belt,fbs,38.0,2198,Eastern Kentucky,UAC,fcs,7.0,Bovada,-15.0,Marshall -15.0,-14.0,49.0,50.5,-550.0,390.0,
767,401752848,2025,regular,4,2025-09-20T19:30:00.000Z,87,Notre Dame,FBS Independents,fbs,56.0,2509,Purdue,Big Ten,fbs,30.0,DraftKings,-24.5,Notre Dame -24.5,-30.5,51.5,,-2400.0,1200.0,
768,401752848,2025,regular,4,2025-09-20T19:30:00.000Z,87,Notre Dame,FBS Independents,fbs,56.0,2509,Purdue,Big Ten,fbs,30.0,Bovada,-24.5,Notre Dame -24.5,-27.0,51.5,52.5,-5000.0,1300.0,
769,401752848,2025,regular,4,2025-09-20T19:30:00.000Z,87,Notre Dame,FBS Independents,fbs,56.0,2509,Purdue,Big Ten,fbs,30.0,ESPN Bet,-24.5,Notre Dame -24.5,-26.5,51.5,52.5,-3000.0,1200.0,
770,401752713,2025,regular,4,2025-09-20T23:00:00.000Z,142,Missouri,SEC,fbs,29.0,2579,South Carolina,SEC,fbs,20.0,DraftKings,-10.0,Missouri -10,-3.0,48.5,,-355.0,280.0,
771,401752713,2025,regular,4,2025-09-20T23:00:00.000Z,142,Missouri,SEC,fbs,29.0,2579,South Carolina,SEC,fbs,20.0,Bovada,-10.0,Missouri -10.0,-11.5,48.5,46.5,-550.0,390.0,
772,401752713,2025,regular,4,2025-09-20T23:00:00.000Z,142,Missouri,SEC,fbs,29.0,2579,South Carolina,SEC,fbs,20.0,ESPN Bet,-10.5,Missouri -10.5,-12.5,48.5,45.5,-360.0,280.0,
773,401767658,2025,regular,2,2025-09-06T16:00:00.000Z,2329,Lehigh,Patriot,fcs,28.0,2529,Sacred Heart,FCS Independents,fcs,10.0,ESPN Bet,-20.0,Lehigh -20,,42.5,,,,
774,401757235,2025,regular,3,2025-09-13T22:00:00.000Z,338,Kennesaw State,Conference USA,fbs,27.0,2771,Merrimack,FCS Independents,fcs,13.0,DraftKings,-17.5,Kennesaw State -17.5,,44.5,44.5,-950.0,625.0,
775,401757235,2025,regular,3,2025-09-13T22:00:00.000Z,338,Kennesaw State,Conference USA,fbs,27.0,2771,Merrimack,FCS Independents,fcs,13.0,ESPN Bet,-17.5,Kennesaw State -17.5,-10.0,44.5,44.5,-1200.0,700.0,
776,401757235,2025,regular,3,2025-09-13T22:00:00.000Z,338,Kennesaw State,Conference USA,fbs,27.0,2771,Merrimack,FCS Independents,fcs,13.0,Bovada,-17.0,Kennesaw State -17.0,-10.5,44.5,44.5,-400.0,300.0,
777,401767771,2025,regular,2,2025-09-06T17:00:00.000Z,284,Stonehill,NEC,fcs,26.0,322,Lafayette,Patriot,fcs,42.0,ESPN Bet,14.0,Lafayette -14,,45.5,,,,
778,401761605,2025,regular,3,2025-09-13T23:00:00.000Z,2247,Georgia State,Sun Belt,fbs,37.0,93,Murray State,MVFC,fcs,21.0,DraftKings,-31.5,Georgia State -31.5,,63.5,,-10000.0,3000.0,
779,401761605,2025,regular,3,2025-09-13T23:00:00.000Z,2247,Georgia State,Sun Belt,fbs,37.0,93,Murray State,MVFC,fcs,21.0,Bovada,-32.0,Georgia State -32.0,-28.5,63.5,63.5,-7500.0,1400.0,
780,401761605,2025,regular,3,2025-09-13T23:00:00.000Z,2247,Georgia State,Sun Belt,fbs,37.0,93,Murray State,MVFC,fcs,21.0,ESPN Bet,-31.5,Georgia State -31.5,-32.0,63.5,63.5,,,
781,401752701,2025,regular,3,2025-09-13T22:00:00.000Z,344,Mississippi State,SEC,fbs,63.0,2016,Alcorn State,SWAC,fcs,0.0,DraftKings,-42.5,Mississippi State -42.5,-38.5,56.5,,,,
782,401752701,2025,regular,3,2025-09-13T22:00:00.000Z,344,Mississippi State,SEC,fbs,63.0,2016,Alcorn State,SWAC,fcs,0.0,Bovada,-43.0,Mississippi State -43.0,-39.5,55.5,52.5,,,
783,401752701,2025,regular,3,2025-09-13T22:00:00.000Z,344,Mississippi State,SEC,fbs,63.0,2016,Alcorn State,SWAC,fcs,0.0,ESPN Bet,,,-42.5,54.5,52.5,,,
784,401767626,2025,regular,2,2025-09-06T17:00:00.000Z,2368,Marist,Pioneer,fcs,23.0,2083,Bucknell,Patriot,fcs,34.0,ESPN Bet,12.0,Bucknell -12,,56.5,,,,
785,401767231,2025,regular,2,2025-09-06T17:00:00.000Z,2635,Tennessee Tech,Big South-OVC,fcs,45.0,236,Chattanooga,Southern,fcs,17.0,ESPN Bet,-5.5,Tennessee Tech -5.5,,48.5,,,,
786,401767172,2025,regular,2,2025-09-06T17:00:00.000Z,282,Indiana State,MVFC,fcs,38.0,2197,Eastern Illinois,Big South-OVC,fcs,14.0,ESPN Bet,-3.5,Indiana State -3.5,,50.5,,,,
787,401767550,2025,regular,2,2025-09-06T18:00:00.000Z,2754,Youngstown State,MVFC,fcs,56.0,2523,Robert Morris,NEC,fcs,17.0,ESPN Bet,-19.5,Youngstown State -19.5,,50.5,,,,
788,401767224,2025,regular,2,2025-09-06T18:30:00.000Z,2634,Tennessee State,Big South-OVC,fcs,3.0,2449,North Dakota State,MVFC,fcs,59.0,ESPN Bet,32.5,North Dakota State -32.5,,49.5,,,,
789,401767719,2025,regular,2,2025-09-06T17:00:00.000Z,46,Georgetown,Patriot,fcs,31.0,2681,Wagner,NEC,fcs,20.0,ESPN Bet,-16.0,Georgetown -16,,48.5,,,,
790,401767579,2025,regular,2,2025-09-06T19:30:00.000Z,2535,Samford,Southern,fcs,13.0,2643,The Citadel,Southern,fcs,40.0,ESPN Bet,-2.5,Samford -2.5,,45.5,,,,
791,401767565,2025,regular,2,2025-09-06T18:00:00.000Z,231,Furman,Southern,fcs,38.0,2506,Presbyterian,Pioneer,fcs,39.0,ESPN Bet,-8.5,Furman -8.5,,44.5,,,,
792,401767089,2025,regular,2,2025-09-06T20:00:00.000Z,70,Idaho,Big Sky,fcs,37.0,2900,St. Thomas (MN),Pioneer,fcs,30.0,ESPN Bet,-21.5,Idaho -21.5,,47.5,,,,
793,401767112,2025,regular,2,2025-09-06T21:00:00.000Z,2464,Northern Arizona,Big Sky,fcs,38.0,3101,Utah Tech,UAC,fcs,31.0,ESPN Bet,-21.0,Northern Arizona -21,,55.5,,,,
794,401767332,2025,regular,2,2025-09-06T17:00:00.000Z,2169,Delaware State,MEAC,fcs,37.0,399,UAlbany,CAA,fcs,32.0,ESPN Bet,12.5,UAlbany -12.5,,50.5,,,,
795,401767336,2025,regular,2,2025-09-06T22:00:00.000Z,222,Villanova,CAA,fcs,24.0,2142,Colgate,Patriot,fcs,17.0,ESPN Bet,-20.0,Villanova -20,,50.5,,,,
796,401767277,2025,regular,2,2025-09-06T22:00:00.000Z,2198,Eastern Kentucky,UAC,fcs,20.0,2277,Houston Christian,Southland,fcs,10.0,ESPN Bet,-18.0,Eastern Kentucky -18,,53.5,,,,
797,401767257,2025,regular,2,2025-09-06T22:00:00.000Z,2230,Fordham,Patriot,fcs,28.0,2405,Monmouth,CAA,fcs,49.0,ESPN Bet,14.5,Monmouth -14.5,,65.5,,,,
798,401767482,2025,regular,2,2025-09-06T23:00:00.000Z,2320,Lamar,Southland,fcs,20.0,233,South Dakota,MVFC,fcs,13.0,ESPN Bet,17.0,South Dakota -17,,51.5,,,,
799,401767127,2025,regular,2,2025-09-06T23:00:00.000Z,155,North Dakota,MVFC,fcs,50.0,2502,Portland State,Big Sky,fcs,20.0,ESPN Bet,-36.5,North Dakota -36.5,,58.5,,,,
800,401767266,2025,regular,2,2025-09-06T22:00:00.000Z,160,New Hampshire,CAA,fcs,19.0,107,Holy Cross,Patriot,fcs,16.0,ESPN Bet,-1.5,New Hampshire -1.5,,46.5,,,,
801,401767328,2025,regular,2,2025-09-06T23:00:00.000Z,2415,Morgan State,MEAC,fcs,22.0,119,Towson,CAA,fcs,27.0,ESPN Bet,10.0,Towson -10,,48.5,,,,
802,401762470,2025,regular,4,2025-09-20T16:00:00.000Z,58,South Florida,American Athletic,fbs,63.0,2569,South Carolina State,MEAC,fcs,14.0,Bovada,-36.0,South Florida -36.0,-33.5,56.5,56.0,,,
803,401762470,2025,regular,4,2025-09-20T16:00:00.000Z,58,South Florida,American Athletic,fbs,63.0,2569,South Carolina State,MEAC,fcs,14.0,DraftKings,-36.5,South Florida -36.5,,58.5,,-20000.0,3500.0,
804,401762470,2025,regular,4,2025-09-20T16:00:00.000Z,58,South Florida,American Athletic,fbs,63.0,2569,South Carolina State,MEAC,fcs,14.0,ESPN Bet,-35.5,South Florida -35.5,-30.0,58.5,56.5,-100000.0,4000.0,
805,401754617,2025,regular,4,2025-09-20T16:00:00.000Z,259,Virginia Tech,ACC,fbs,38.0,2747,Wofford,Southern,fcs,6.0,Bovada,-35.5,Virginia Tech -35.5,-35.5,51.5,49.0,,,
806,401754617,2025,regular,4,2025-09-20T16:00:00.000Z,259,Virginia Tech,ACC,fbs,38.0,2747,Wofford,Southern,fcs,6.0,DraftKings,-34.5,Virginia Tech -34.5,-35.5,51.5,,,,
807,401754617,2025,regular,4,2025-09-20T16:00:00.000Z,259,Virginia Tech,ACC,fbs,38.0,2747,Wofford,Southern,fcs,6.0,ESPN Bet,,,-34.5,51.5,48.5,-100000.0,4000.0,
808,401754543,2025,regular,5,2025-09-26T23:00:00.000Z,258,Virginia,ACC,fbs,,52,Florida State,ACC,fbs,,DraftKings,7.0,Florida State -7,7.5,60.5,,225.0,-278.0,
809,401754543,2025,regular,5,2025-09-26T23:00:00.000Z,258,Virginia,ACC,fbs,,52,Florida State,ACC,fbs,,ESPN Bet,6.5,Florida State -6.5,7.5,60.5,51.5,215.0,-260.0,
810,401754543,2025,regular,5,2025-09-26T23:00:00.000Z,258,Virginia,ACC,fbs,,52,Florida State,ACC,fbs,,Bovada,7.0,Florida State -7.0,7.0,60.0,57.5,215.0,-260.0,
811,401752728,2025,regular,6,2025-10-04T16:00:00.000Z,61,Georgia,SEC,fbs,,96,Kentucky,SEC,fbs,,DraftKings,-20.5,Georgia -20.5,-20.5,,,,,
812,401752856,2025,regular,6,2025-10-04T16:00:00.000Z,130,Michigan,Big Ten,fbs,,275,Wisconsin,Big Ten,fbs,,DraftKings,-16.5,Michigan -16.5,-16.5,,,,,
813,401752939,2025,regular,5,2025-09-27T02:30:00.000Z,204,Oregon State,Pac-12,fbs,,248,Houston,Big 12,fbs,,ESPN Bet,13.5,Houston -13.5,12.5,47.5,,400.0,-600.0,
814,401752939,2025,regular,5,2025-09-27T02:30:00.000Z,204,Oregon State,Pac-12,fbs,,248,Houston,Big 12,fbs,,DraftKings,13.5,Houston -13.5,12.5,47.5,,410.0,-550.0,
815,401752939,2025,regular,5,2025-09-27T02:30:00.000Z,204,Oregon State,Pac-12,fbs,,248,Houston,Big 12,fbs,,Bovada,13.5,Houston -13.5,12.5,47.5,48.5,375.0,-525.0,
816,401762822,2025,regular,4,2025-09-20T17:00:00.000Z,2117,Central Michigan,Mid-American,fbs,49.0,2681,Wagner,NEC,fcs,10.0,Bovada,-29.0,Central Michigan -29.0,-29.5,47.0,45.5,,,
817,401762822,2025,regular,4,2025-09-20T17:00:00.000Z,2117,Central Michigan,Mid-American,fbs,49.0,2681,Wagner,NEC,fcs,10.0,DraftKings,-29.5,Central Michigan -29.5,,46.5,,-9000.0,2500.0,
818,401762822,2025,regular,4,2025-09-20T17:00:00.000Z,2117,Central Michigan,Mid-American,fbs,49.0,2681,Wagner,NEC,fcs,10.0,ESPN Bet,-30.5,Central Michigan -30.5,-28.5,46.5,45.5,-10000.0,2500.0,
819,401756902,2025,regular,5,2025-09-27T01:00:00.000Z,9,Arizona State,Big 12,fbs,,2628,TCU,Big 12,fbs,,ESPN Bet,-3.5,Arizona State -3.5,-2.5,54.5,,-155.0,135.0,
820,401756902,2025,regular,5,2025-09-27T01:00:00.000Z,9,Arizona State,Big 12,fbs,,2628,TCU,Big 12,fbs,,DraftKings,-3.0,Arizona State -3,-1.5,54.5,,-148.0,124.0,
821,401756902,2025,regular,5,2025-09-27T01:00:00.000Z,9,Arizona State,Big 12,fbs,,2628,TCU,Big 12,fbs,,Bovada,-3.0,Arizona State -3.0,-2.5,54.5,55.5,-130.0,110.0,
822,401767437,2025,regular,2,2025-09-06T23:00:00.000Z,2287,Illinois State,MVFC,fcs,41.0,2413,Morehead State,Pioneer,fcs,13.0,ESPN Bet,-31.5,Illinois State -31.5,,52.5,,,,
823,401760375,2025,regular,4,2025-09-20T21:00:00.000Z,23,San José State,Mountain West,fbs,31.0,70,Idaho,Big Sky,fcs,28.0,Bovada,-14.5,San José State -14.5,-14.5,51.5,50.5,-675.0,460.0,
824,401760375,2025,regular,4,2025-09-20T21:00:00.000Z,23,San José State,Mountain West,fbs,31.0,70,Idaho,Big Sky,fcs,28.0,DraftKings,-14.0,San José State -14,,51.5,,-600.0,440.0,
825,401760375,2025,regular,4,2025-09-20T21:00:00.000Z,23,San José State,Mountain West,fbs,31.0,70,Idaho,Big Sky,fcs,28.0,ESPN Bet,-13.5,San José State -13.5,-14.0,51.5,50.5,-700.0,450.0,
826,401756906,2025,regular,5,2025-09-27T16:00:00.000Z,2306,Kansas State,Big 12,fbs,,2116,UCF,Big 12,fbs,,ESPN Bet,-5.5,Kansas State -5.5,-5.5,49.5,,-210.0,175.0,
827,401756906,2025,regular,5,2025-09-27T16:00:00.000Z,2306,Kansas State,Big 12,fbs,,2116,UCF,Big 12,fbs,,DraftKings,-5.5,Kansas State -5.5,-6.5,49.5,,-225.0,185.0,
828,401756906,2025,regular,5,2025-09-27T16:00:00.000Z,2306,Kansas State,Big 12,fbs,,2116,UCF,Big 12,fbs,,Bovada,-5.5,Kansas State -5.5,-5.5,50.0,49.0,-220.0,180.0,
829,401752710,2025,regular,4,2025-09-20T23:45:00.000Z,99,LSU,SEC,fbs,56.0,2545,SE Louisiana,Southland,fcs,10.0,Bovada,-49.0,LSU -49.0,-40.5,60.0,51.5,,,
830,401752710,2025,regular,4,2025-09-20T23:45:00.000Z,99,LSU,SEC,fbs,56.0,2545,SE Louisiana,Southland,fcs,10.0,ESPN Bet,-48.5,LSU -48.5,,60.5,51.5,,,
831,401767551,2025,regular,4,2025-09-20T16:00:00.000Z,225,Brown,Ivy,fcs,46.0,46,Georgetown,Patriot,fcs,0.0,ESPN Bet,3.5,Georgetown -3.5,,57.5,,,,
832,401760377,2025,regular,4,2025-09-21T00:00:00.000Z,328,Utah State,Mountain West,fbs,48.0,2377,McNeese,Southland,fcs,7.0,Bovada,-23.5,Utah State -23.5,-23.5,63.0,61.5,-2500.0,1000.0,
833,401760377,2025,regular,4,2025-09-21T00:00:00.000Z,328,Utah State,Mountain West,fbs,48.0,2377,McNeese,Southland,fcs,7.0,DraftKings,-24.5,Utah State -24.5,,63.5,,-3200.0,1400.0,
834,401760377,2025,regular,4,2025-09-21T00:00:00.000Z,328,Utah State,Mountain West,fbs,48.0,2377,McNeese,Southland,fcs,7.0,ESPN Bet,-23.5,Utah State -23.5,-23.5,62.5,61.5,-2500.0,1100.0,
835,401762823,2025,regular,4,2025-09-20T19:30:00.000Z,195,Ohio,Mid-American,fbs,52.0,2241,Gardner-Webb,Big South-OVC,fcs,35.0,Bovada,-30.5,Ohio -30.5,-28.0,55.0,51.5,,,
836,401762823,2025,regular,4,2025-09-20T19:30:00.000Z,195,Ohio,Mid-American,fbs,52.0,2241,Gardner-Webb,Big South-OVC,fcs,35.0,ESPN Bet,-29.5,Ohio -29.5,-25.0,54.5,51.5,-10000.0,2500.0,
837,401762823,2025,regular,4,2025-09-20T19:30:00.000Z,195,Ohio,Mid-American,fbs,52.0,2241,Gardner-Webb,Big South-OVC,fcs,35.0,DraftKings,-30.5,Ohio -30.5,,55.5,,-6500.0,2000.0,
838,401761612,2025,regular,4,2025-09-21T00:00:00.000Z,326,Texas State,Sun Belt,fbs,35.0,2447,Nicholls,Southland,fcs,3.0,Bovada,-32.5,Texas State -32.5,-29.5,57.0,54.5,,,
839,401761612,2025,regular,4,2025-09-21T00:00:00.000Z,326,Texas State,Sun Belt,fbs,35.0,2447,Nicholls,Southland,fcs,3.0,DraftKings,-32.5,Texas State -32.5,,57.5,,-9000.0,2500.0,
840,401761612,2025,regular,4,2025-09-21T00:00:00.000Z,326,Texas State,Sun Belt,fbs,35.0,2447,Nicholls,Southland,fcs,3.0,ESPN Bet,-32.5,Texas State -32.5,-29.5,56.5,54.5,-20000.0,3000.0,
841,401752859,2025,regular,6,2025-10-04T23:30:00.000Z,194,Ohio State,Big Ten,fbs,,135,Minnesota,Big Ten,fbs,,DraftKings,-21.0,Ohio State -21,-21.0,,,,,
842,401757260,2025,regular,4,2025-09-20T23:00:00.000Z,55,Jacksonville State,Conference USA,fbs,45.0,93,Murray State,MVFC,fcs,10.0,Bovada,-35.5,Jacksonville State -35.5,-35.5,60.5,60.5,,,
843,401757260,2025,regular,4,2025-09-20T23:00:00.000Z,55,Jacksonville State,Conference USA,fbs,45.0,93,Murray State,MVFC,fcs,10.0,DraftKings,-35.5,Jacksonville State -35.5,-35.5,60.5,,,,
844,401757260,2025,regular,4,2025-09-20T23:00:00.000Z,55,Jacksonville State,Conference USA,fbs,45.0,93,Murray State,MVFC,fcs,10.0,ESPN Bet,-35.5,Jacksonville State -35.5,-38.5,60.5,60.5,-100000.0,4000.0,
845,401767455,2025,regular,2,2025-09-06T23:00:00.000Z,93,Murray State,MVFC,fcs,24.0,2545,SE Louisiana,Southland,fcs,45.0,ESPN Bet,21.5,SE Louisiana -21.5,,51.5,,,,
846,401767742,2025,regular,3,2025-09-13T16:00:00.000Z,2115,Central Connecticut,NEC,fcs,31.0,2598,St. Francis (PA),NEC,fcs,7.0,ESPN Bet,-11.5,Central Connecticut -11.5,,44.5,,,,
847,401761609,2025,regular,4,2025-09-20T23:00:00.000Z,290,Georgia Southern,Sun Belt,fbs,45.0,311,Maine,CAA,fcs,17.0,Bovada,-22.0,Georgia Southern -22.0,-22.0,57.5,55.5,-2000.0,950.0,
848,401761609,2025,regular,4,2025-09-20T23:00:00.000Z,290,Georgia Southern,Sun Belt,fbs,45.0,311,Maine,CAA,fcs,17.0,ESPN Bet,-20.5,Georgia Southern -20.5,-24.0,57.5,55.5,-4000.0,1300.0,
849,401761609,2025,regular,4,2025-09-20T23:00:00.000Z,290,Georgia Southern,Sun Belt,fbs,45.0,311,Maine,CAA,fcs,17.0,DraftKings,-23.5,Georgia Southern -23.5,,57.5,,-2100.0,1100.0,
850,401767726,2025,regular,4,2025-09-20T16:00:00.000Z,43,Yale,Ivy,fcs,28.0,107,Holy Cross,Patriot,fcs,10.0,ESPN Bet,-6.5,Yale -6.5,,44.5,,,,
851,401756914,2025,regular,6,2025-10-04T23:30:00.000Z,2628,TCU,Big 12,fbs,,38,Colorado,Big 12,fbs,,DraftKings,-13.5,TCU -13.5,-13.5,,,,,
852,401757265,2025,regular,4,2025-09-20T23:00:00.000Z,2623,Missouri State,Conference USA,fbs,42.0,2630,UT Martin,Big South-OVC,fcs,10.0,Bovada,-14.0,Missouri State -14.0,-13.5,55.5,52.5,-575.0,400.0,
853,401757265,2025,regular,4,2025-09-20T23:00:00.000Z,2623,Missouri State,Conference USA,fbs,42.0,2630,UT Martin,Big South-OVC,fcs,10.0,DraftKings,-14.5,Missouri State -14.5,,55.5,,-600.0,440.0,
854,401757265,2025,regular,4,2025-09-20T23:00:00.000Z,2623,Missouri State,Conference USA,fbs,42.0,2630,UT Martin,Big South-OVC,fcs,10.0,ESPN Bet,-14.5,Missouri State -14.5,-14.0,54.5,52.5,,,
855,401762821,2025,regular,4,2025-09-20T22:00:00.000Z,2006,Akron,Mid-American,fbs,51.0,2184,Duquesne,NEC,fcs,7.0,Bovada,-10.5,Akron -10.5,-9.0,51.0,51.5,-340.0,270.0,
856,401762821,2025,regular,4,2025-09-20T22:00:00.000Z,2006,Akron,Mid-American,fbs,51.0,2184,Duquesne,NEC,fcs,7.0,ESPN Bet,-10.5,Akron -10.5,-8.0,51.5,51.5,-450.0,340.0,
857,401762821,2025,regular,4,2025-09-20T22:00:00.000Z,2006,Akron,Mid-American,fbs,51.0,2184,Duquesne,NEC,fcs,7.0,DraftKings,-10.5,Akron -10.5,,51.5,,-425.0,330.0,
858,401762471,2025,regular,5,2025-09-25T23:30:00.000Z,151,East Carolina,American Athletic,fbs,,349,Army,American Athletic,fbs,,DraftKings,-4.0,East Carolina -4,-2.5,52.5,,-185.0,154.0,
859,401762471,2025,regular,5,2025-09-25T23:30:00.000Z,151,East Carolina,American Athletic,fbs,,349,Army,American Athletic,fbs,,Bovada,-4.0,East Carolina -4.0,-3.0,52.5,52.5,-160.0,135.0,
860,401762471,2025,regular,5,2025-09-25T23:30:00.000Z,151,East Carolina,American Athletic,fbs,,349,Army,American Athletic,fbs,,ESPN Bet,-4.5,East Carolina -4.5,-3.5,52.5,52.5,-185.0,155.0,
861,401756904,2025,regular,5,2025-09-27T23:00:00.000Z,66,Iowa State,Big 12,fbs,,12,Arizona,Big 12,fbs,,DraftKings,-6.5,Iowa State -6.5,-7.0,49.5,,-238.0,195.0,
862,401756904,2025,regular,5,2025-09-27T23:00:00.000Z,66,Iowa State,Big 12,fbs,,12,Arizona,Big 12,fbs,,ESPN Bet,-5.5,Iowa State -5.5,-7.5,48.5,49.5,-210.0,175.0,
863,401756904,2025,regular,5,2025-09-27T23:00:00.000Z,66,Iowa State,Big 12,fbs,,12,Arizona,Big 12,fbs,,Bovada,-6.0,Iowa State -6.0,-6.5,49.0,49.5,-220.0,180.0,
864,401752720,2025,regular,5,2025-09-27T20:15:00.000Z,344,Mississippi State,SEC,fbs,,2633,Tennessee,SEC,fbs,,DraftKings,8.5,Tennessee -8.5,10.0,63.5,,250.0,-310.0,
865,401752720,2025,regular,5,2025-09-27T20:15:00.000Z,344,Mississippi State,SEC,fbs,,2633,Tennessee,SEC,fbs,,Bovada,8.5,Tennessee -8.5,9.0,63.0,62.5,235.0,-285.0,
866,401752720,2025,regular,5,2025-09-27T20:15:00.000Z,344,Mississippi State,SEC,fbs,,2633,Tennessee,SEC,fbs,,ESPN Bet,7.5,Tennessee -7.5,8.5,63.5,62.5,250.0,-300.0,
867,401767379,2025,regular,2,2025-09-06T23:00:00.000Z,2110,Central Arkansas,UAC,fcs,41.0,2029,Arkansas-Pine Bluff,SWAC,fcs,17.0,ESPN Bet,-27.0,Central Arkansas -27,,55.5,,,,
868,401767659,2025,regular,3,2025-09-13T16:00:00.000Z,2341,Long Island University,NEC,fcs,21.0,2529,Sacred Heart,FCS Independents,fcs,24.0,ESPN Bet,-13.5,Long Island University -13.5,,42.5,,,,
869,401767644,2025,regular,4,2025-09-20T16:00:00.000Z,163,Princeton,Ivy,fcs,35.0,301,San Diego,Pioneer,fcs,42.0,ESPN Bet,-7.5,Princeton -7.5,,48.5,,,,
870,401756913,2025,regular,6,2025-10-04T23:00:00.000Z,248,Houston,Big 12,fbs,,2641,Texas Tech,Big 12,fbs,,DraftKings,8.5,Texas Tech -8.5,8.5,,,,,
871,401752730,2025,regular,6,2025-10-04T23:30:00.000Z,245,Texas A&M,SEC,fbs,,344,Mississippi State,SEC,fbs,,DraftKings,-13.5,Texas A&M -13.5,-13.5,,,,,
872,401761614,2025,regular,5,2025-09-27T17:30:00.000Z,256,James Madison,Sun Belt,fbs,,290,Georgia Southern,Sun Belt,fbs,,DraftKings,-17.5,James Madison -17.5,-12.5,57.5,,-900.0,600.0,
873,401761614,2025,regular,5,2025-09-27T17:30:00.000Z,256,James Madison,Sun Belt,fbs,,290,Georgia Southern,Sun Belt,fbs,,Bovada,-17.0,James Madison -17.0,-16.0,57.5,54.0,-850.0,550.0,
874,401761614,2025,regular,5,2025-09-27T17:30:00.000Z,256,James Madison,Sun Belt,fbs,,290,Georgia Southern,Sun Belt,fbs,,ESPN Bet,-17.5,James Madison -17.5,-16.5,57.5,53.5,-900.0,550.0,
875,401769868,2025,regular,2,2025-09-06T23:00:00.000Z,2447,Nicholls,Southland,fcs,10.0,2698,West Georgia,UAC,fcs,34.0,ESPN Bet,-6.5,Nicholls -6.5,,44.5,,,,
876,401767733,2025,regular,3,2025-09-13T16:00:00.000Z,2184,Duquesne,NEC,fcs,21.0,2329,Lehigh,Patriot,fcs,35.0,ESPN Bet,7.5,Lehigh -7.5,,44.5,,,,
877,401752857,2025,regular,6,2025-10-04T19:30:00.000Z,120,Maryland,Big Ten,fbs,,264,Washington,Big Ten,fbs,,DraftKings,7.5,Washington -7.5,7.5,,,,,
878,401752853,2025,regular,5,2025-09-27T19:30:00.000Z,2294,Iowa,Big Ten,fbs,,84,Indiana,Big Ten,fbs,,DraftKings,7.5,Indiana -7.5,3.0,47.5,,240.0,-298.0,
879,401752853,2025,regular,5,2025-09-27T19:30:00.000Z,2294,Iowa,Big Ten,fbs,,84,Indiana,Big Ten,fbs,,ESPN Bet,7.5,Indiana -7.5,2.5,48.5,48.5,250.0,-300.0,
880,401752853,2025,regular,5,2025-09-27T19:30:00.000Z,2294,Iowa,Big Ten,fbs,,84,Indiana,Big Ten,fbs,,Bovada,8.0,Indiana -8.0,7.5,48.0,50.0,240.0,-290.0,
881,401756908,2025,regular,5,2025-09-27T19:30:00.000Z,277,West Virginia,Big 12,fbs,,254,Utah,Big 12,fbs,,DraftKings,12.5,Utah -12.5,12.5,47.5,,360.0,-470.0,
882,401756908,2025,regular,5,2025-09-27T19:30:00.000Z,277,West Virginia,Big 12,fbs,,254,Utah,Big 12,fbs,,Bovada,12.5,Utah -12.5,10.5,47.5,50.5,290.0,-380.0,
883,401756908,2025,regular,5,2025-09-27T19:30:00.000Z,277,West Virginia,Big 12,fbs,,254,Utah,Big 12,fbs,,ESPN Bet,12.5,Utah -12.5,9.5,47.5,49.5,360.0,-500.0,
884,401767772,2025,regular,4,2025-09-20T17:00:00.000Z,284,Stonehill,NEC,fcs,21.0,219,Pennsylvania,Ivy,fcs,24.0,ESPN Bet,17.5,Pennsylvania -17.5,,49.5,,,,
885,401767359,2025,regular,2,2025-09-06T23:00:00.000Z,2582,Southern,SWAC,fcs,7.0,2011,Alabama State,SWAC,fcs,30.0,ESPN Bet,6.5,Alabama State -6.5,,56.5,,,,
886,401767627,2025,regular,3,2025-09-13T17:00:00.000Z,2681,Wagner,NEC,fcs,10.0,2368,Marist,Pioneer,fcs,21.0,ESPN Bet,-7.5,Wagner -7.5,,50.5,,,,
887,401762825,2025,regular,5,2025-09-27T16:00:00.000Z,195,Ohio,Mid-American,fbs,,189,Bowling Green,Mid-American,fbs,,DraftKings,-7.5,Ohio -7.5,-10.0,51.5,,-310.0,250.0,
888,401762825,2025,regular,5,2025-09-27T16:00:00.000Z,195,Ohio,Mid-American,fbs,,189,Bowling Green,Mid-American,fbs,,Bovada,-8.0,Ohio -8.0,-11.0,52.0,51.0,-430.0,320.0,
889,401762825,2025,regular,5,2025-09-27T16:00:00.000Z,195,Ohio,Mid-American,fbs,,189,Bowling Green,Mid-American,fbs,,ESPN Bet,-7.5,Ohio -7.5,-10.5,51.5,50.5,-340.0,270.0,
890,401752850,2025,regular,5,2025-09-27T16:00:00.000Z,356,Illinois,Big Ten,fbs,,30,USC,Big Ten,fbs,,DraftKings,6.5,USC -6.5,1.5,60.5,,205.0,-250.0,
891,401752850,2025,regular,5,2025-09-27T16:00:00.000Z,356,Illinois,Big Ten,fbs,,30,USC,Big Ten,fbs,,ESPN Bet,6.5,USC -6.5,1.5,60.5,56.5,210.0,-250.0,
892,401752850,2025,regular,5,2025-09-27T16:00:00.000Z,356,Illinois,Big Ten,fbs,,30,USC,Big Ten,fbs,,Bovada,7.0,USC -7.0,6.5,61.0,58.5,200.0,-240.0,
893,401767267,2025,regular,4,2025-09-20T17:00:00.000Z,159,Dartmouth,Ivy,fcs,27.0,160,New Hampshire,CAA,fcs,20.0,ESPN Bet,2.0,New Hampshire -2,,45.5,,,,
894,401752724,2025,regular,5,2025-09-27T19:30:00.000Z,245,Texas A&M,SEC,fbs,,2,Auburn,SEC,fbs,,DraftKings,-6.5,Texas A&M -6.5,-6.5,52.5,,-238.0,195.0,
895,401752724,2025,regular,5,2025-09-27T19:30:00.000Z,245,Texas A&M,SEC,fbs,,2,Auburn,SEC,fbs,,ESPN Bet,-6.5,Texas A&M -6.5,-6.5,52.5,46.5,-230.0,195.0,
896,401752724,2025,regular,5,2025-09-27T19:30:00.000Z,245,Texas A&M,SEC,fbs,,2,Auburn,SEC,fbs,,Bovada,-6.5,Texas A&M -6.5,-7.0,52.5,51.5,-240.0,200.0,
897,401767304,2025,regular,2,2025-09-06T23:00:00.000Z,2627,Tarleton State,UAC,fcs,59.0,2400,Mississippi Valley State,SWAC,fcs,3.0,ESPN Bet,-44.5,Tarleton State -44.5,,57.5,,,,
898,401767232,2025,regular,3,2025-09-13T17:00:00.000Z,2635,Tennessee Tech,Big South-OVC,fcs,72.0,2166,Davidson,Pioneer,fcs,14.0,ESPN Bet,-40.5,Tennessee Tech -40.5,,65.5,,,,
899,401767653,2025,regular,4,2025-09-20T17:00:00.000Z,56,Stetson,Pioneer,fcs,7.0,108,Harvard,Ivy,fcs,59.0,ESPN Bet,35.5,Harvard -35.5,,56.5,,,,
900,401757271,2025,regular,5,2025-09-27T22:00:00.000Z,295,Old Dominion,Sun Belt,fbs,,2335,Liberty,Conference USA,fbs,,DraftKings,-16.5,Old Dominion -16.5,-8.5,51.5,,-675.0,490.0,
901,401757271,2025,regular,5,2025-09-27T22:00:00.000Z,295,Old Dominion,Sun Belt,fbs,,2335,Liberty,Conference USA,fbs,,Bovada,-16.0,Old Dominion -16.0,-15.5,52.0,51.0,-650.0,450.0,
902,401757271,2025,regular,5,2025-09-27T22:00:00.000Z,295,Old Dominion,Sun Belt,fbs,,2335,Liberty,Conference USA,fbs,,ESPN Bet,-16.5,Old Dominion -16.5,-15.5,52.5,52.5,-800.0,500.0,
903,401767216,2025,regular,2,2025-09-06T23:00:00.000Z,2546,Southeast Missouri State,Big South-OVC,fcs,30.0,2453,North Alabama,UAC,fcs,21.0,ESPN Bet,-15.5,Southeast Missouri State -15.5,,55.5,,,,
904,401767720,2025,regular,3,2025-09-13T17:00:00.000Z,46,Georgetown,Patriot,fcs,37.0,322,Lafayette,Patriot,fcs,42.0,ESPN Bet,-1.5,Georgetown -1.5,,53.5,,,,
905,401767672,2025,regular,4,2025-09-20T17:00:00.000Z,2142,Colgate,Patriot,fcs,44.0,2230,Fordham,Patriot,fcs,21.0,ESPN Bet,-7.0,Colgate -7,,59.5,,,,
906,401762824,2025,regular,5,2025-09-27T19:30:00.000Z,2649,Toledo,Mid-American,fbs,,2006,Akron,Mid-American,fbs,,DraftKings,-20.5,Toledo -20.5,-21.0,48.5,,-1650.0,950.0,
907,401762824,2025,regular,5,2025-09-27T19:30:00.000Z,2649,Toledo,Mid-American,fbs,,2006,Akron,Mid-American,fbs,,Bovada,-20.5,Toledo -20.5,-21.0,49.0,48.5,-1800.0,850.0,
908,401762824,2025,regular,5,2025-09-27T19:30:00.000Z,2649,Toledo,Mid-American,fbs,,2006,Akron,Mid-American,fbs,,ESPN Bet,-20.5,Toledo -20.5,-21.5,48.5,47.5,-1800.0,900.0,
909,401767309,2025,regular,2,2025-09-06T23:00:00.000Z,2010,Alabama A&M,SWAC,fcs,41.0,2016,Alcorn State,SWAC,fcs,31.0,ESPN Bet,-3.5,Alabama A&M -3.5,,49.5,,,,
910,401767318,2025,regular,3,2025-09-13T18:00:00.000Z,107,Holy Cross,Patriot,fcs,7.0,227,Rhode Island,CAA,fcs,9.0,ESPN Bet,3.5,Rhode Island -3.5,,46.5,,,,
911,401767258,2025,regular,4,2025-09-20T17:00:00.000Z,2405,Monmouth,CAA,fcs,51.0,222,Villanova,CAA,fcs,33.0,ESPN Bet,-3.5,Monmouth -3.5,,65.5,,,,
912,401762472,2025,regular,5,2025-09-27T23:00:00.000Z,2226,Florida Atlantic,American Athletic,fbs,,235,Memphis,American Athletic,fbs,,DraftKings,14.0,Memphis -14,14.0,62.5,,410.0,-550.0,
913,401762472,2025,regular,5,2025-09-27T23:00:00.000Z,2226,Florida Atlantic,American Athletic,fbs,,235,Memphis,American Athletic,fbs,,Bovada,13.5,Memphis -13.5,13.5,63.0,61.5,410.0,-585.0,
914,401762472,2025,regular,5,2025-09-27T23:00:00.000Z,2226,Florida Atlantic,American Athletic,fbs,,235,Memphis,American Athletic,fbs,,ESPN Bet,13.5,Memphis -13.5,13.5,62.5,61.5,425.0,-650.0,
915,401767593,2025,regular,2,2025-09-06T22:00:00.000Z,2747,Wofford,Southern,fcs,10.0,257,Richmond,Patriot,fcs,14.0,ESPN Bet,6.5,Richmond -6.5,,40.5,,,,
916,401767120,2025,regular,3,2025-09-13T18:00:00.000Z,233,South Dakota,MVFC,fcs,24.0,2458,Northern Colorado,Big Sky,fcs,17.0,ESPN Bet,-21.5,South Dakota -21.5,,50.5,,,,
917,401754544,2025,regular,5,2025-09-27T19:30:00.000Z,103,Boston College,ACC,fbs,,25,California,ACC,fbs,,DraftKings,-6.0,Boston College -6,-4.5,52.5,,-218.0,180.0,
918,401754544,2025,regular,5,2025-09-27T19:30:00.000Z,103,Boston College,ACC,fbs,,25,California,ACC,fbs,,Bovada,-6.0,Boston College -6.0,-6.0,52.5,52.0,-225.0,185.0,
919,401754544,2025,regular,5,2025-09-27T19:30:00.000Z,103,Boston College,ACC,fbs,,25,California,ACC,fbs,,ESPN Bet,-5.5,Boston College -5.5,-6.5,52.5,51.5,-210.0,175.0,
920,401767342,2025,regular,4,2025-09-20T17:00:00.000Z,2598,St. Francis (PA),NEC,fcs,10.0,2169,Delaware State,MEAC,fcs,39.0,ESPN Bet,7.5,Delaware State -7.5,,47.5,,,,
921,401767149,2025,regular,2,2025-09-06T22:00:00.000Z,2210,Elon,CAA,fcs,55.0,2166,Davidson,Pioneer,fcs,7.0,ESPN Bet,-27.5,Elon -27.5,,59.5,,,,
922,401767106,2025,regular,3,2025-09-13T19:00:00.000Z,147,Montana State,Big Sky,fcs,41.0,301,San Diego,Pioneer,fcs,7.0,ESPN Bet,-31.0,Montana State -31,,52.5,,,,
923,401767574,2025,regular,4,2025-09-20T18:00:00.000Z,2643,The Citadel,Southern,fcs,0.0,2382,Mercer,Southern,fcs,38.0,ESPN Bet,2.5,Mercer -2.5,,42.5,,,,
924,401760380,2025,regular,5,2025-09-27T19:30:00.000Z,2459,Northern Illinois,Mid-American,fbs,,21,San Diego State,Mountain West,fbs,,DraftKings,2.5,San Diego State -2.5,2.5,43.5,,110.0,-130.0,
925,401760380,2025,regular,5,2025-09-27T19:30:00.000Z,2459,Northern Illinois,Mid-American,fbs,,21,San Diego State,Mountain West,fbs,,Bovada,2.5,San Diego State -2.5,3.0,43.5,43.0,125.0,-145.0,
926,401760380,2025,regular,5,2025-09-27T19:30:00.000Z,2459,Northern Illinois,Mid-American,fbs,,21,San Diego State,Mountain West,fbs,,ESPN Bet,2.5,San Diego State -2.5,2.5,43.5,42.5,110.0,-130.0,
927,401767238,2025,regular,2,2025-09-07T00:00:00.000Z,2000,Abilene Christian,UAC,fcs,28.0,2617,Stephen F. Austin,Southland,fcs,20.0,ESPN Bet,2.5,Stephen F. Austin -2.5,,51.5,,,,
928,401767150,2025,regular,3,2025-09-13T18:30:00.000Z,2717,Western Carolina,Southern,fcs,31.0,2210,Elon,CAA,fcs,37.0,ESPN Bet,2.5,Elon -2.5,,59.5,,,,
929,401767541,2025,regular,4,2025-09-20T18:00:00.000Z,233,South Dakota,MVFC,fcs,42.0,2181,Drake,Pioneer,fcs,21.0,ESPN Bet,-17.0,South Dakota -17,,46.5,,,,
930,401752849,2025,regular,5,2025-09-27T16:00:00.000Z,135,Minnesota,Big Ten,fbs,,164,Rutgers,Big Ten,fbs,,ESPN Bet,-4.5,Minnesota -4.5,-3.5,51.5,,-200.0,170.0,
931,401752849,2025,regular,5,2025-09-27T16:00:00.000Z,135,Minnesota,Big Ten,fbs,,164,Rutgers,Big Ten,fbs,,DraftKings,-5.5,Minnesota -5.5,-4.5,51.5,,-218.0,180.0,
932,401752849,2025,regular,5,2025-09-27T16:00:00.000Z,135,Minnesota,Big Ten,fbs,,164,Rutgers,Big Ten,fbs,,Bovada,-5.0,Minnesota -5.0,-5.5,51.0,51.5,-220.0,180.0,
933,401767173,2025,regular,3,2025-09-13T19:00:00.000Z,2197,Eastern Illinois,Big South-OVC,fcs,30.0,2287,Illinois State,MVFC,fcs,42.0,ESPN Bet,20.5,Illinois State -20.5,,50.5,,,,
934,401757170,2025,regular,5,2025-09-27T19:30:00.000Z,2084,Buffalo,Mid-American,fbs,,41,UConn,FBS Independents,fbs,,DraftKings,3.5,UConn -3.5,2.5,47.5,,136.0,-162.0,
935,401757170,2025,regular,5,2025-09-27T19:30:00.000Z,2084,Buffalo,Mid-American,fbs,,41,UConn,FBS Independents,fbs,,Bovada,3.5,UConn -3.5,3.0,48.0,51.5,120.0,-140.0,
936,401757170,2025,regular,5,2025-09-27T19:30:00.000Z,2084,Buffalo,Mid-American,fbs,,41,UConn,FBS Independents,fbs,,ESPN Bet,3.5,UConn -3.5,2.5,47.5,51.5,150.0,-175.0,
937,401754546,2025,regular,5,2025-09-27T16:00:00.000Z,154,Wake Forest,ACC,fbs,,59,Georgia Tech,ACC,fbs,,DraftKings,14.0,Georgia Tech -14,17.0,52.5,,425.0,-575.0,
938,401754546,2025,regular,5,2025-09-27T16:00:00.000Z,154,Wake Forest,ACC,fbs,,59,Georgia Tech,ACC,fbs,,Bovada,13.5,Georgia Tech -13.5,15.5,52.0,54.0,460.0,-675.0,
939,401754546,2025,regular,5,2025-09-27T16:00:00.000Z,154,Wake Forest,ACC,fbs,,59,Georgia Tech,ACC,fbs,,ESPN Bet,13.5,Georgia Tech -13.5,14.5,52.5,53.5,425.0,-650.0,
940,401767613,2025,regular,4,2025-09-20T18:00:00.000Z,2523,Robert Morris,NEC,fcs,14.0,2168,Dayton,Pioneer,fcs,17.0,ESPN Bet,-2.5,Robert Morris -2.5,,41.5,,,,
941,401767189,2025,regular,2,2025-09-06T22:00:00.000Z,2729,William & Mary,CAA,fcs,28.0,311,Maine,CAA,fcs,27.0,ESPN Bet,-7.0,William & Mary -7,,48.5,,,,
942,401767105,2025,regular,2,2025-09-07T00:00:00.000Z,147,Montana State,Big Sky,fcs,24.0,2571,South Dakota State,MVFC,fcs,30.0,ESPN Bet,3.0,South Dakota State -3,,50.5,,,,
943,401767098,2025,regular,3,2025-09-13T19:00:00.000Z,149,Montana,Big Sky,fcs,24.0,155,North Dakota,MVFC,fcs,23.0,ESPN Bet,-1.5,Montana -1.5,,54.5,,,,
944,401754545,2025,regular,5,2025-09-27T16:00:00.000Z,183,Syracuse,ACC,fbs,,150,Duke,ACC,fbs,,DraftKings,5.5,Duke -5.5,6.5,61.5,,170.0,-205.0,
945,401754545,2025,regular,5,2025-09-27T16:00:00.000Z,183,Syracuse,ACC,fbs,,150,Duke,ACC,fbs,,Bovada,5.5,Duke -5.5,5.5,62.0,59.0,180.0,-220.0,
946,401754545,2025,regular,5,2025-09-27T16:00:00.000Z,183,Syracuse,ACC,fbs,,150,Duke,ACC,fbs,,ESPN Bet,5.5,Duke -5.5,5.5,61.5,58.5,190.0,-225.0,
947,401767107,2025,regular,4,2025-09-20T19:00:00.000Z,147,Montana State,Big Sky,fcs,17.0,2385,Mercyhurst,NEC,fcs,0.0,ESPN Bet,-29.5,Montana State -29.5,,60.5,,,,
948,401767317,2025,regular,2,2025-09-06T22:00:00.000Z,2619,Stony Brook,CAA,fcs,17.0,227,Rhode Island,CAA,fcs,31.0,ESPN Bet,7.0,Rhode Island -7,,47.5,,,,
949,401767141,2025,regular,3,2025-09-13T19:30:00.000Z,2097,Campbell,CAA,fcs,24.0,231,Furman,Southern,fcs,28.0,ESPN Bet,1.5,Furman -1.5,,53.5,,,,
950,401754547,2025,regular,5,2025-09-27T16:00:00.000Z,221,Pittsburgh,ACC,fbs,,97,Louisville,ACC,fbs,,DraftKings,4.5,Louisville -4.5,5.5,58.5,,164.0,-198.0,
951,401754547,2025,regular,5,2025-09-27T16:00:00.000Z,221,Pittsburgh,ACC,fbs,,97,Louisville,ACC,fbs,,Bovada,4.5,Louisville -4.5,3.5,58.0,56.5,140.0,-165.0,
952,401754547,2025,regular,5,2025-09-27T16:00:00.000Z,221,Pittsburgh,ACC,fbs,,97,Louisville,ACC,fbs,,ESPN Bet,5.5,Louisville -5.5,3.5,58.5,55.5,170.0,-200.0,
953,401767099,2025,regular,4,2025-09-20T19:00:00.000Z,149,Montana,Big Sky,fcs,63.0,282,Indiana State,MVFC,fcs,20.0,ESPN Bet,-21.0,Montana -21,,56.5,,,,
954,401767292,2025,regular,2,2025-09-07T01:00:00.000Z,301,San Diego,Pioneer,fcs,30.0,253,Southern Utah,UAC,fcs,27.0,ESPN Bet,20.5,Southern Utah -20.5,,53.5,,,,
955,401767322,2025,regular,3,2025-09-13T19:30:00.000Z,2619,Stony Brook,CAA,fcs,41.0,2230,Fordham,Patriot,fcs,18.0,ESPN Bet,-4.0,Stony Brook -4,,54.5,,,,
956,401767286,2025,regular,4,2025-09-20T17:00:00.000Z,2287,Illinois State,MVFC,fcs,38.0,2453,North Alabama,UAC,fcs,36.0,ESPN Bet,-17.0,Illinois State -17,,58.5,,,,
957,401754548,2025,regular,5,2025-09-27T23:00:00.000Z,152,NC State,ACC,fbs,,259,Virginia Tech,ACC,fbs,,DraftKings,-10.0,NC State -10,-7.5,58.5,,-395.0,310.0,
958,401754548,2025,regular,5,2025-09-27T23:00:00.000Z,152,NC State,ACC,fbs,,259,Virginia Tech,ACC,fbs,,Bovada,-10.5,NC State -10.5,-10.5,58.5,57.0,-410.0,305.0,
959,401754548,2025,regular,5,2025-09-27T23:00:00.000Z,152,NC State,ACC,fbs,,259,Virginia Tech,ACC,fbs,,ESPN Bet,-10.5,NC State -10.5,-10.5,58.5,58.5,-400.0,300.0,
960,401767217,2025,regular,3,2025-09-13T19:30:00.000Z,2449,North Dakota State,MVFC,fcs,41.0,2546,Southeast Missouri State,Big South-OVC,fcs,14.0,ESPN Bet,-31.5,North Dakota State -31.5,,54.5,,,,
961,401760378,2025,regular,5,2025-09-27T20:10:00.000Z,2005,Air Force,Mountain West,fbs,,62,Hawai'i,Mountain West,fbs,,DraftKings,-6.5,Air Force -6.5,-5.5,53.5,,-258.0,210.0,
962,401760378,2025,regular,5,2025-09-27T20:10:00.000Z,2005,Air Force,Mountain West,fbs,,62,Hawai'i,Mountain West,fbs,,Bovada,-6.5,Air Force -6.5,-4.5,53.0,54.0,-210.0,175.0,
963,401760378,2025,regular,5,2025-09-27T20:10:00.000Z,2005,Air Force,Mountain West,fbs,,62,Hawai'i,Mountain West,fbs,,ESPN Bet,-6.5,Air Force -6.5,-4.5,53.5,53.5,-240.0,200.0,
964,401767502,2025,regular,4,2025-09-20T20:00:00.000Z,155,North Dakota,MVFC,fcs,58.0,2674,Valparaiso,Pioneer,fcs,7.0,ESPN Bet,-44.0,North Dakota -44,,59.5,,,,
965,401752725,2025,regular,5,2025-09-27T16:45:00.000Z,238,Vanderbilt,SEC,fbs,,328,Utah State,Mountain West,fbs,,DraftKings,-22.5,Vanderbilt -22.5,-21.5,58.5,,-2400.0,1200.0,
966,401752725,2025,regular,5,2025-09-27T16:45:00.000Z,238,Vanderbilt,SEC,fbs,,328,Utah State,Mountain West,fbs,,Bovada,-22.5,Vanderbilt -22.5,-22.5,58.0,59.5,-2000.0,950.0,
967,401752725,2025,regular,5,2025-09-27T16:45:00.000Z,238,Vanderbilt,SEC,fbs,,328,Utah State,Mountain West,fbs,,ESPN Bet,-23.5,Vanderbilt -23.5,-22.5,58.5,59.5,-2000.0,1000.0,
968,401767588,2025,regular,3,2025-09-13T19:30:00.000Z,2083,Bucknell,Patriot,fcs,35.0,2678,VMI,Southern,fcs,28.0,ESPN Bet,-8.5,Bucknell -8.5,,53.5,,,,
969,401767182,2025,regular,4,2025-09-20T20:00:00.000Z,47,Howard,MEAC,fcs,34.0,2261,Hampton,CAA,fcs,7.0,ESPN Bet,3.0,Hampton -3,,46.5,,,,
970,401767090,2025,regular,3,2025-09-13T20:00:00.000Z,70,Idaho,Big Sky,fcs,20.0,3101,Utah Tech,UAC,fcs,6.0,ESPN Bet,-16.5,Idaho -16.5,,52.5,,,,
971,401767272,2025,regular,4,2025-09-20T20:00:00.000Z,2448,North Carolina A&T,CAA,fcs,20.0,2428,North Carolina Central,MEAC,fcs,62.0,ESPN Bet,13.0,North Carolina Central -13,,48.5,,,,
972,401760379,2025,regular,5,2025-09-27T23:30:00.000Z,68,Boise State,Mountain West,fbs,,2026,App State,Sun Belt,fbs,,DraftKings,-15.5,Boise State -15.5,-17.5,60.5,,-700.0,500.0,
973,401760379,2025,regular,5,2025-09-27T23:30:00.000Z,68,Boise State,Mountain West,fbs,,2026,App State,Sun Belt,fbs,,Bovada,-16.0,Boise State -16.0,-17.5,60.5,58.5,-850.0,550.0,
974,401760379,2025,regular,5,2025-09-27T23:30:00.000Z,68,Boise State,Mountain West,fbs,,2026,App State,Sun Belt,fbs,,ESPN Bet,-15.5,Boise State -15.5,-16.5,60.5,61.5,-900.0,550.0,
975,401767161,2025,regular,3,2025-09-13T20:00:00.000Z,2127,Charleston Southern,Big South-OVC,fcs,28.0,2815,Lindenwood,Big South-OVC,fcs,35.0,ESPN Bet,2.5,Lindenwood -2.5,,47.5,,,,
976,401767679,2025,regular,4,2025-09-19T22:00:00.000Z,322,Lafayette,Patriot,fcs,38.0,171,Columbia,Ivy,fcs,14.0,ESPN Bet,-3.5,Lafayette -3.5,,54.5,,,,
977,401767405,2025,regular,4,2025-09-20T20:00:00.000Z,2450,Norfolk State,MEAC,fcs,28.0,2529,Sacred Heart,FCS Independents,fcs,31.0,ESPN Bet,-1.0,Norfolk State -1,,47.5,,,,
978,401762826,2025,regular,5,2025-09-27T17:00:00.000Z,2117,Central Michigan,Mid-American,fbs,,2199,Eastern Michigan,Mid-American,fbs,,DraftKings,-5.5,Central Michigan -5.5,-4.5,54.5,,-218.0,180.0,
979,401762826,2025,regular,5,2025-09-27T17:00:00.000Z,2117,Central Michigan,Mid-American,fbs,,2199,Eastern Michigan,Mid-American,fbs,,Bovada,-5.0,Central Michigan -5.0,-6.0,54.5,54.0,-220.0,180.0,
980,401762826,2025,regular,5,2025-09-27T17:00:00.000Z,2117,Central Michigan,Mid-American,fbs,,2199,Eastern Michigan,Mid-American,fbs,,ESPN Bet,-4.5,Central Michigan -4.5,-5.5,54.5,54.5,-195.0,165.0,
981,401767225,2025,regular,3,2025-09-13T20:30:00.000Z,2634,Tennessee State,Big South-OVC,fcs,21.0,2010,Alabama A&M,SWAC,fcs,23.0,ESPN Bet,1.0,Alabama A&M -1,,55.5,,,,
982,401767589,2025,regular,4,2025-09-20T18:00:00.000Z,257,Richmond,Patriot,fcs,38.0,2678,VMI,Southern,fcs,14.0,ESPN Bet,-17.0,Richmond -17,,42.5,,,,
983,401752851,2025,regular,5,2025-09-27T19:30:00.000Z,77,Northwestern,Big Ten,fbs,,26,UCLA,Big Ten,fbs,,DraftKings,-6.5,Northwestern -6.5,-5.5,44.5,,-230.0,190.0,
984,401752851,2025,regular,5,2025-09-27T19:30:00.000Z,77,Northwestern,Big Ten,fbs,,26,UCLA,Big Ten,fbs,,Bovada,-6.5,Northwestern -6.5,-6.5,45.0,46.0,-220.0,190.0,
985,401752851,2025,regular,5,2025-09-27T19:30:00.000Z,77,Northwestern,Big Ten,fbs,,26,UCLA,Big Ten,fbs,,ESPN Bet,-6.5,Northwestern -6.5,-6.5,44.5,45.5,-215.0,180.0,
986,401767060,2025,regular,3,2025-09-13T21:00:00.000Z,2460,Northern Iowa,MVFC,fcs,17.0,331,Eastern Washington,Big Sky,fcs,14.0,ESPN Bet,-4.5,Northern Iowa -4.5,,54.5,,,,
987,401767114,2025,regular,4,2025-09-20T21:00:00.000Z,2464,Northern Arizona,Big Sky,fcs,31.0,2916,Incarnate Word,Southland,fcs,23.0,ESPN Bet,-5.5,Northern Arizona -5.5,,54.5,,,,
988,401756905,2025,regular,5,2025-09-27T16:00:00.000Z,2305,Kansas,Big 12,fbs,,2132,Cincinnati,Big 12,fbs,,DraftKings,-4.5,Kansas -4.5,-6.0,57.5,,-205.0,170.0,
989,401756905,2025,regular,5,2025-09-27T16:00:00.000Z,2305,Kansas,Big 12,fbs,,2132,Cincinnati,Big 12,fbs,,Bovada,-4.5,Kansas -4.5,-6.0,58.0,55.5,-225.0,185.0,
990,401756905,2025,regular,5,2025-09-27T16:00:00.000Z,2305,Kansas,Big 12,fbs,,2132,Cincinnati,Big 12,fbs,,ESPN Bet,-4.5,Kansas -4.5,-5.5,57.5,54.5,-190.0,160.0,
991,401767190,2025,regular,3,2025-09-13T22:00:00.000Z,311,Maine,CAA,fcs,10.0,284,Stonehill,NEC,fcs,13.0,ESPN Bet,-21.0,Maine -21,,51.5,,,,
992,401767319,2025,regular,4,2025-09-20T22:00:00.000Z,227,Rhode Island,CAA,fcs,28.0,2341,Long Island University,NEC,fcs,7.0,ESPN Bet,-16.5,Rhode Island -16.5,,45.5,,,,
993,401762473,2025,regular,5,2025-09-27T19:30:00.000Z,2426,Navy,American Athletic,fbs,,242,Rice,American Athletic,fbs,,DraftKings,-14.0,Navy -14,-14.0,44.5,,-675.0,490.0,
994,401762473,2025,regular,5,2025-09-27T19:30:00.000Z,2426,Navy,American Athletic,fbs,,242,Rice,American Athletic,fbs,,Bovada,-14.0,Navy -14.0,-14.5,45.0,45.5,-625.0,430.0,
995,401762473,2025,regular,5,2025-09-27T19:30:00.000Z,2426,Navy,American Athletic,fbs,,242,Rice,American Athletic,fbs,,ESPN Bet,-14.5,Navy -14.5,-14.5,44.5,45.5,-700.0,450.0,
996,401767529,2025,regular,3,2025-09-13T22:00:00.000Z,236,Chattanooga,Southern,fcs,63.0,56,Stetson,Pioneer,fcs,0.0,ESPN Bet,-27.5,Chattanooga -27.5,,54.5,,,,
997,401767580,2025,regular,4,2025-09-20T18:30:00.000Z,2717,Western Carolina,Southern,fcs,50.0,2535,Samford,Southern,fcs,35.0,ESPN Bet,-10.5,Western Carolina -10.5,,58.5,,,,
998,401757274,2025,regular,5,2025-09-27T20:00:00.000Z,167,New Mexico,Mountain West,fbs,,166,New Mexico State,Conference USA,fbs,,DraftKings,-14.5,New Mexico -14.5,-10.0,54.5,,-700.0,500.0,
999,401757274,2025,regular,5,2025-09-27T20:00:00.000Z,167,New Mexico,Mountain West,fbs,,166,New Mexico State,Conference USA,fbs,,Bovada,-15.5,New Mexico -15.5,-14.0,54.5,54.5,-575.0,400.0,
1000,401757274,2025,regular,5,2025-09-27T20:00:00.000Z,167,New Mexico,Mountain West,fbs,,166,New Mexico State,Conference USA,fbs,,ESPN Bet,-15.5,New Mexico -15.5,-13.5,54.5,54.5,-700.0,450.0,
1001,401767573,2025,regular,3,2025-09-13T22:00:00.000Z,2382,Mercer,Southern,fcs,22.0,2747,Wofford,Southern,fcs,21.0,ESPN Bet,-10.5,Mercer -10.5,,42.5,,,,
1002,401767329,2025,regular,4,2025-09-20T22:00:00.000Z,119,Towson,CAA,fcs,28.0,2754,Youngstown State,MVFC,fcs,31.0,ESPN Bet,3.0,Youngstown State -3,,54.5,,,,
1003,401757269,2025,regular,5,2025-09-27T23:00:00.000Z,2572,Southern Miss,Sun Belt,fbs,,55,Jacksonville State,Conference USA,fbs,,DraftKings,-4.0,Southern Miss -4,-2.5,53.5,,-185.0,154.0,
1004,401757269,2025,regular,5,2025-09-27T23:00:00.000Z,2572,Southern Miss,Sun Belt,fbs,,55,Jacksonville State,Conference USA,fbs,,Bovada,-4.0,Southern Miss -4.0,-3.5,53.5,57.0,-185.0,160.0,
1005,401757269,2025,regular,5,2025-09-27T23:00:00.000Z,2572,Southern Miss,Sun Belt,fbs,,55,Jacksonville State,Conference USA,fbs,,ESPN Bet,-3.5,Southern Miss -3.5,-4.5,53.5,57.5,-175.0,150.0,
1006,401767300,2025,regular,3,2025-09-13T22:00:00.000Z,2698,West Georgia,UAC,fcs,35.0,2193,East Tennessee State,Southern,fcs,31.0,ESPN Bet,-5.5,West Georgia -5.5,,52.5,,,,
1007,401767278,2025,regular,4,2025-09-20T22:00:00.000Z,2698,West Georgia,UAC,fcs,33.0,2198,Eastern Kentucky,UAC,fcs,12.0,ESPN Bet,-10.5,West Georgia -10.5,,49.5,,,,
1008,401767388,2025,regular,3,2025-09-13T22:00:00.000Z,2569,South Carolina State,MEAC,fcs,55.0,2065,Bethune-Cookman,SWAC,fcs,41.0,ESPN Bet,-18.0,South Carolina State -18,,47.5,,,,
1009,401767664,2025,regular,4,2025-09-20T22:00:00.000Z,2083,Bucknell,Patriot,fcs,24.0,2329,Lehigh,Patriot,fcs,41.0,ESPN Bet,14.0,Lehigh -14,,54.5,,,,
1010,401762474,2025,regular,5,2025-09-27T20:00:00.000Z,202,Tulsa,American Athletic,fbs,,2655,Tulane,American Athletic,fbs,,DraftKings,15.5,Tulane -15.5,14.5,51.5,,500.0,-700.0,
1011,401762474,2025,regular,5,2025-09-27T20:00:00.000Z,202,Tulsa,American Athletic,fbs,,2655,Tulane,American Athletic,fbs,,Bovada,15.5,Tulane -15.5,13.5,52.0,55.0,390.0,-550.0,
1012,401762474,2025,regular,5,2025-09-27T20:00:00.000Z,202,Tulsa,American Athletic,fbs,,2655,Tulane,American Athletic,fbs,,ESPN Bet,15.5,Tulane -15.5,13.5,51.5,53.5,475.0,-750.0,
1013,401767426,2025,regular,3,2025-09-13T23:00:00.000Z,2545,SE Louisiana,Southland,fcs,56.0,2400,Mississippi Valley State,SWAC,fcs,3.0,ESPN Bet,-32.5,SE Louisiana -32.5,,51.5,,,,
1014,401767743,2025,regular,4,2025-09-20T22:00:00.000Z,2771,Merrimack,FCS Independents,fcs,16.0,2115,Central Connecticut,NEC,fcs,14.0,ESPN Bet,-1.5,Merrimack -1.5,,42.5,,,,
1015,401752722,2025,regular,5,2025-09-27T23:45:00.000Z,2579,South Carolina,SEC,fbs,,96,Kentucky,SEC,fbs,,DraftKings,-5.5,South Carolina -5.5,-6.0,46.5,,-218.0,180.0,
1016,401752722,2025,regular,5,2025-09-27T23:45:00.000Z,2579,South Carolina,SEC,fbs,,96,Kentucky,SEC,fbs,,Bovada,-6.0,South Carolina -6.0,-6.5,46.0,47.0,-225.0,185.0,
1017,401752722,2025,regular,5,2025-09-27T23:45:00.000Z,2579,South Carolina,SEC,fbs,,96,Kentucky,SEC,fbs,,ESPN Bet,-5.5,South Carolina -5.5,-6.5,46.5,47.5,-200.0,170.0,
1018,401767202,2025,regular,3,2025-09-13T23:00:00.000Z,2241,Gardner-Webb,Big South-OVC,fcs,23.0,2643,The Citadel,Southern,fcs,13.0,ESPN Bet,-3.5,Gardner-Webb -3.5,,54.5,,,,
1019,401767333,2025,regular,4,2025-09-20T23:00:00.000Z,399,UAlbany,CAA,fcs,13.0,172,Cornell,Ivy,fcs,10.0,ESPN Bet,3.0,Cornell -3,,50.5,,,,
1020,401761617,2025,regular,5,2025-09-27T16:00:00.000Z,249,North Texas,American Athletic,fbs,,6,South Alabama,Sun Belt,fbs,,DraftKings,-12.5,North Texas -12.5,-10.5,63.5,,-500.0,380.0,
1021,401761617,2025,regular,5,2025-09-27T16:00:00.000Z,249,North Texas,American Athletic,fbs,,6,South Alabama,Sun Belt,fbs,,Bovada,-12.5,North Texas -12.5,-13.0,63.0,63.0,-500.0,360.0,
1022,401761617,2025,regular,5,2025-09-27T16:00:00.000Z,249,North Texas,American Athletic,fbs,,6,South Alabama,Sun Belt,fbs,,ESPN Bet,-12.5,North Texas -12.5,-12.5,63.5,63.5,-500.0,360.0,
1023,401767235,2025,regular,3,2025-09-13T23:00:00.000Z,2630,UT Martin,Big South-OVC,fcs,10.0,79,Southern Illinois,MVFC,fcs,37.0,ESPN Bet,3.0,Southern Illinois -3,,52.5,,,,
1024,401767210,2025,regular,4,2025-09-20T23:00:00.000Z,2815,Lindenwood,Big South-OVC,fcs,30.0,2619,Stony Brook,CAA,fcs,27.0,ESPN Bet,3.5,Stony Brook -3.5,,58.5,,,,
1025,401756907,2025,regular,5,2025-09-27T19:30:00.000Z,197,Oklahoma State,Big 12,fbs,,239,Baylor,Big 12,fbs,,DraftKings,21.0,Baylor -21,17.5,58.5,,850.0,-1450.0,
1026,401756907,2025,regular,5,2025-09-27T19:30:00.000Z,197,Oklahoma State,Big 12,fbs,,239,Baylor,Big 12,fbs,,Bovada,21.0,Baylor -21.0,20.5,58.0,59.5,775.0,-1500.0,
1027,401756907,2025,regular,5,2025-09-27T19:30:00.000Z,197,Oklahoma State,Big 12,fbs,,239,Baylor,Big 12,fbs,,ESPN Bet,20.5,Baylor -20.5,20.5,57.5,59.5,900.0,-1800.0,
1028,401767248,2025,regular,3,2025-09-13T23:00:00.000Z,2046,Austin Peay,UAC,fcs,56.0,2413,Morehead State,Pioneer,fcs,7.0,ESPN Bet,-25.5,Austin Peay -25.5,,49.5,,,,
1029,401767031,2025,regular,4,2025-09-20T22:00:00.000Z,2097,Campbell,CAA,fcs,50.0,2803,Bryant,CAA,fcs,48.0,ESPN Bet,1.5,Bryant -1.5,,51.5,,,,
1030,401761615,2025,regular,5,2025-09-28T00:00:00.000Z,309,Louisiana,Sun Belt,fbs,,276,Marshall,Sun Belt,fbs,,DraftKings,1.5,Marshall -1.5,-3.5,46.5,,-108.0,-112.0,
1031,401761615,2025,regular,5,2025-09-28T00:00:00.000Z,309,Louisiana,Sun Belt,fbs,,276,Marshall,Sun Belt,fbs,,Bovada,1.0,Marshall -1.0,-2.5,47.0,46.5,-130.0,110.0,
1032,401761615,2025,regular,5,2025-09-28T00:00:00.000Z,309,Louisiana,Sun Belt,fbs,,276,Marshall,Sun Belt,fbs,,ESPN Bet,1.5,Marshall -1.5,-2.5,47.5,46.5,-105.0,-115.0,
1033,401767544,2025,regular,3,2025-09-13T23:00:00.000Z,2571,South Dakota State,MVFC,fcs,37.0,2181,Drake,Pioneer,fcs,21.0,ESPN Bet,-34.0,South Dakota State -34,,47.5,,,,
1034,401767218,2025,regular,4,2025-09-20T23:00:00.000Z,2546,Southeast Missouri State,Big South-OVC,fcs,31.0,79,Southern Illinois,MVFC,fcs,59.0,ESPN Bet,5.5,Southern Illinois -5.5,,54.5,,,,
1035,401761616,2025,regular,5,2025-09-27T19:00:00.000Z,2433,UL Monroe,Sun Belt,fbs,,2032,Arkansas State,Sun Belt,fbs,,DraftKings,-1.5,UL Monroe -1.5,-1.5,52.5,,-115.0,-105.0,
1036,401761616,2025,regular,5,2025-09-27T19:00:00.000Z,2433,UL Monroe,Sun Belt,fbs,,2032,Arkansas State,Sun Belt,fbs,,Bovada,-1.5,UL Monroe -1.5,-3.0,53.0,56.5,-175.0,150.0,
1037,401761616,2025,regular,5,2025-09-27T19:00:00.000Z,2433,UL Monroe,Sun Belt,fbs,,2032,Arkansas State,Sun Belt,fbs,,ESPN Bet,-1.5,UL Monroe -1.5,-3.5,53.5,56.5,-120.0,105.0,
1038,401767458,2025,regular,3,2025-09-13T23:00:00.000Z,2640,Texas Southern,SWAC,fcs,7.0,2320,Lamar,Southland,fcs,31.0,ESPN Bet,9.5,Lamar -9.5,,45.5,,,,
1039,401767433,2025,regular,4,2025-09-20T23:00:00.000Z,2504,Prairie View A&M,SWAC,fcs,27.0,2466,Northwestern State,Southland,fcs,24.0,ESPN Bet,-10.5,Prairie View A&M -10.5,,46.5,,,,
1040,401752721,2025,regular,5,2025-09-27T23:30:00.000Z,142,Missouri,SEC,fbs,,113,Massachusetts,Mid-American,fbs,,DraftKings,-44.5,Missouri -44.5,-42.5,56.5,,,,
1041,401752721,2025,regular,5,2025-09-27T23:30:00.000Z,142,Missouri,SEC,fbs,,113,Massachusetts,Mid-American,fbs,,Bovada,-44.5,Missouri -44.5,-42.5,56.0,55.0,,,
1042,401752721,2025,regular,5,2025-09-27T23:30:00.000Z,142,Missouri,SEC,fbs,,113,Massachusetts,Mid-American,fbs,,ESPN Bet,-43.5,Missouri -43.5,-43.5,56.5,55.5,,,
1043,401767305,2025,regular,3,2025-09-13T23:00:00.000Z,2110,Central Arkansas,UAC,fcs,10.0,2627,Tarleton State,UAC,fcs,56.0,ESPN Bet,13.0,Tarleton State -13,,56.5,,,,
1044,401767306,2025,regular,4,2025-09-20T23:00:00.000Z,2627,Tarleton State,UAC,fcs,52.0,236,Chattanooga,Southern,fcs,24.0,ESPN Bet,-27.0,Tarleton State -27,,55.5,,,,
1045,401757272,2025,regular,5,2025-09-28T01:00:00.000Z,2638,UTEP,Conference USA,fbs,,2348,Louisiana Tech,Conference USA,fbs,,DraftKings,3.5,Louisiana Tech -3.5,4.0,47.5,,145.0,-175.0,
1046,401757272,2025,regular,5,2025-09-28T01:00:00.000Z,2638,UTEP,Conference USA,fbs,,2348,Louisiana Tech,Conference USA,fbs,,Bovada,3.5,Louisiana Tech -3.5,3.0,48.0,48.5,140.0,-165.0,
1047,401757272,2025,regular,5,2025-09-28T01:00:00.000Z,2638,UTEP,Conference USA,fbs,,2348,Louisiana Tech,Conference USA,fbs,,ESPN Bet,3.5,Louisiana Tech -3.5,3.5,47.5,48.5,150.0,-175.0,
1048,401767159,2025,regular,3,2025-09-13T23:00:00.000Z,2377,McNeese,Southland,fcs,41.0,2692,Weber State,Big Sky,fcs,42.0,ESPN Bet,3.0,Weber State -3,,52.5,,,,
1049,401767416,2025,regular,4,2025-09-20T23:00:00.000Z,2755,Grambling,SWAC,fcs,31.0,2837,East Texas A&M,Southland,fcs,28.0,ESPN Bet,3.5,East Texas A&M -3.5,,54.5,,,,
1050,401757270,2025,regular,5,2025-09-27T22:00:00.000Z,338,Kennesaw State,Conference USA,fbs,,2393,Middle Tennessee,Conference USA,fbs,,DraftKings,-7.5,Kennesaw State -7.5,-7.0,53.5,,-298.0,240.0,
1051,401757270,2025,regular,5,2025-09-27T22:00:00.000Z,338,Kennesaw State,Conference USA,fbs,,2393,Middle Tennessee,Conference USA,fbs,,Bovada,-7.5,Kennesaw State -7.5,-6.5,53.0,51.0,-230.0,190.0,
1052,401757270,2025,regular,5,2025-09-27T22:00:00.000Z,338,Kennesaw State,Conference USA,fbs,,2393,Middle Tennessee,Conference USA,fbs,,ESPN Bet,-7.5,Kennesaw State -7.5,-6.5,53.5,52.5,-275.0,225.0,
1053,401757273,2025,regular,5,2025-09-27T23:00:00.000Z,2623,Missouri State,Conference USA,fbs,,98,Western Kentucky,Conference USA,fbs,,DraftKings,4.5,Western Kentucky -4.5,7.0,62.5,,160.0,-192.0,
1054,401757273,2025,regular,5,2025-09-27T23:00:00.000Z,2623,Missouri State,Conference USA,fbs,,98,Western Kentucky,Conference USA,fbs,,Bovada,5.0,Western Kentucky -5.0,5.5,62.0,59.5,175.0,-210.0,
1055,401757273,2025,regular,5,2025-09-27T23:00:00.000Z,2623,Missouri State,Conference USA,fbs,,98,Western Kentucky,Conference USA,fbs,,ESPN Bet,4.5,Western Kentucky -4.5,5.5,62.5,60.5,165.0,-195.0,
1056,401783278,2025,regular,3,2025-09-13T23:00:00.000Z,399,UAlbany,CAA,fcs,17.0,2441,New Haven,NEC,fcs,24.0,ESPN Bet,-19.5,UAlbany -19.5,,45.5,,,,
1057,401767121,2025,regular,4,2025-09-20T23:00:00.000Z,2277,Houston Christian,Southland,fcs,23.0,2458,Northern Colorado,Big Sky,fcs,26.0,ESPN Bet,-1.5,Houston Christian -1.5,,47.5,,,,
1058,401756903,2025,regular,5,2025-09-28T02:15:00.000Z,38,Colorado,Big 12,fbs,,252,BYU,Big 12,fbs,,DraftKings,7.0,BYU -7,4.0,49.5,,210.0,-258.0,
1059,401756903,2025,regular,5,2025-09-28T02:15:00.000Z,38,Colorado,Big 12,fbs,,252,BYU,Big 12,fbs,,Bovada,7.0,BYU -7.0,6.5,48.0,47.5,190.0,-230.0,
1060,401756903,2025,regular,5,2025-09-28T02:15:00.000Z,38,Colorado,Big 12,fbs,,252,BYU,Big 12,fbs,,ESPN Bet,6.5,BYU -6.5,6.5,49.5,47.5,215.0,-260.0,
1061,401767181,2025,regular,3,2025-09-13T23:00:00.000Z,2448,North Carolina A&T,CAA,fcs,33.0,2261,Hampton,CAA,fcs,30.0,ESPN Bet,3.0,Hampton -3,,48.5,,,,
1062,401767061,2025,regular,4,2025-09-20T23:00:00.000Z,331,Eastern Washington,Big Sky,fcs,52.0,2710,Western Illinois,Big South-OVC,fcs,31.0,ESPN Bet,-13.0,Eastern Washington -13,,58.5,,,,
1063,401752950,2025,regular,5,2025-09-27T23:30:00.000Z,36,Colorado State,Mountain West,fbs,,265,Washington State,Pac-12,fbs,,DraftKings,-5.5,Colorado State -5.5,-4.0,50.5,,-225.0,185.0,
1064,401752950,2025,regular,5,2025-09-27T23:30:00.000Z,36,Colorado State,Mountain West,fbs,,265,Washington State,Pac-12,fbs,,Bovada,-6.0,Colorado State -6.0,-4.5,51.0,50.5,-200.0,170.0,
1065,401752950,2025,regular,5,2025-09-27T23:30:00.000Z,36,Colorado State,Mountain West,fbs,,265,Washington State,Pac-12,fbs,,ESPN Bet,-5.5,Colorado State -5.5,-4.5,50.5,50.5,-215.0,180.0,
1066,401767237,2025,regular,3,2025-09-13T23:00:00.000Z,2710,Western Illinois,Big South-OVC,fcs,51.0,2674,Valparaiso,Pioneer,fcs,30.0,ESPN Bet,-17.0,Western Illinois -17,,49.5,,,,
1067,401767308,2025,regular,4,2025-09-21T00:00:00.000Z,3101,Utah Tech,UAC,fcs,20.0,2460,Northern Iowa,MVFC,fcs,9.0,ESPN Bet,6.5,Northern Iowa -6.5,,49.5,,,,
1068,401754549,2025,regular,5,2025-09-27T23:30:00.000Z,24,Stanford,ACC,fbs,,23,San José State,Mountain West,fbs,,DraftKings,-3.0,Stanford -3,-1.5,49.5,,-142.0,120.0,
1069,401754549,2025,regular,5,2025-09-27T23:30:00.000Z,24,Stanford,ACC,fbs,,23,San José State,Mountain West,fbs,,Bovada,-3.0,Stanford -3.0,-1.5,50.0,49.5,-125.0,105.0,
1070,401754549,2025,regular,5,2025-09-27T23:30:00.000Z,24,Stanford,ACC,fbs,,23,San José State,Mountain West,fbs,,ESPN Bet,-2.5,Stanford -2.5,-2.5,49.5,49.5,-140.0,120.0,
1071,401767113,2025,regular,3,2025-09-14T00:30:00.000Z,253,Southern Utah,UAC,fcs,49.0,2464,Northern Arizona,Big Sky,fcs,52.0,ESPN Bet,3.5,Northern Arizona -3.5,,55.5,,,,
1072,401767072,2025,regular,4,2025-09-21T00:00:00.000Z,2617,Stephen F. Austin,Southland,fcs,35.0,13,Cal Poly,Big Sky,fcs,17.0,ESPN Bet,-10.5,Stephen F. Austin -10.5,,54.5,,,,
1073,401767131,2025,regular,3,2025-09-14T01:00:00.000Z,16,Sacramento State,Big Sky,fcs,49.0,2385,Mercyhurst,NEC,fcs,28.0,ESPN Bet,-21.5,Sacramento State -21.5,,57.5,,,,
1074,401767239,2025,regular,4,2025-09-21T00:00:00.000Z,2000,Abilene Christian,UAC,fcs,45.0,2046,Austin Peay,UAC,fcs,31.0,ESPN Bet,2.0,Austin Peay -2,,54.5,,,,
1075,401767151,2025,regular,4,2025-09-20T21:30:00.000Z,2193,East Tennessee State,Southern,fcs,26.0,2210,Elon,CAA,fcs,16.0,ESPN Bet,-2.0,East Tennessee State -2,,56.5,,,,
1076,401756900,2025,regular,4,2025-09-19T23:30:00.000Z,197,Oklahoma State,Big 12,fbs,12.0,202,Tulsa,American Athletic,fbs,19.0,ESPN Bet,-10.5,Oklahoma State -10.5,-13.5,54.5,55.5,-425.0,320.0,
1077,401756900,2025,regular,4,2025-09-19T23:30:00.000Z,197,Oklahoma State,Big 12,fbs,12.0,202,Tulsa,American Athletic,fbs,19.0,DraftKings,-10.0,Oklahoma State -10,-13.5,54.5,,-375.0,295.0,
1078,401756900,2025,regular,4,2025-09-19T23:30:00.000Z,197,Oklahoma State,Big 12,fbs,12.0,202,Tulsa,American Athletic,fbs,19.0,Bovada,-10.0,Oklahoma State -10.0,-13.5,55.0,56.5,-510.0,370.0,
1079,401767132,2025,regular,4,2025-09-21T01:00:00.000Z,16,Sacramento State,Big Sky,fcs,45.0,2110,Central Arkansas,UAC,fcs,16.0,ESPN Bet,-15.5,Sacramento State -15.5,,59.5,,,,
1080,401767160,2025,regular,4,2025-09-21T01:00:00.000Z,2692,Weber State,Big Sky,fcs,38.0,2086,Butler,Pioneer,fcs,24.0,ESPN Bet,-16.0,Weber State -16,,53.5,,,,
1081,401767157,2025,regular,4,2025-09-21T02:00:00.000Z,302,UC Davis,Big Sky,fcs,50.0,253,Southern Utah,UAC,fcs,34.0,ESPN Bet,-6.5,UC Davis -6.5,,61.5,,,,
1082,401762468,2025,regular,4,2025-09-18T23:30:00.000Z,2429,Charlotte,American Athletic,fbs,17.0,242,Rice,American Athletic,fbs,28.0,ESPN Bet,1.5,Rice -1.5,5.5,41.5,46.5,110.0,-130.0,
1083,401762468,2025,regular,4,2025-09-18T23:30:00.000Z,2429,Charlotte,American Athletic,fbs,17.0,242,Rice,American Athletic,fbs,28.0,DraftKings,1.5,Rice -1.5,6.5,42.5,,102.0,-122.0,
1084,401762468,2025,regular,4,2025-09-18T23:30:00.000Z,2429,Charlotte,American Athletic,fbs,17.0,242,Rice,American Athletic,fbs,28.0,Bovada,2.0,Rice -2.0,4.5,42.0,42.5,180.0,-220.0,
1085,401767162,2025,regular,4,2025-09-20T20:00:00.000Z,2729,William & Mary,CAA,fcs,34.0,2127,Charleston Southern,Big South-OVC,fcs,7.0,ESPN Bet,-11.5,William & Mary -11.5,,45.5,,,,
1086,401760376,2025,regular,4,2025-09-20T16:00:00.000Z,193,Miami (OH),Mid-American,fbs,38.0,2439,UNLV,Mountain West,fbs,41.0,DraftKings,2.5,UNLV -2.5,5.5,49.5,,110.0,-130.0,
1087,401760376,2025,regular,4,2025-09-20T16:00:00.000Z,193,Miami (OH),Mid-American,fbs,38.0,2439,UNLV,Mountain West,fbs,41.0,ESPN Bet,1.5,UNLV -1.5,3.5,49.5,,110.0,-130.0,
1088,401760376,2025,regular,4,2025-09-20T16:00:00.000Z,193,Miami (OH),Mid-American,fbs,38.0,2439,UNLV,Mountain West,fbs,41.0,Bovada,1.5,UNLV -1.5,3.5,49.0,48.5,145.0,-170.0,
1089,401762469,2025,regular,4,2025-09-20T16:00:00.000Z,349,Army,American Athletic,fbs,38.0,249,North Texas,American Athletic,fbs,45.0,DraftKings,2.5,North Texas -2.5,-1.5,50.5,,120.0,-142.0,
1090,401762469,2025,regular,4,2025-09-20T16:00:00.000Z,349,Army,American Athletic,fbs,38.0,249,North Texas,American Athletic,fbs,45.0,ESPN Bet,2.5,North Texas -2.5,-1.5,50.5,53.5,115.0,-135.0,
1091,401762469,2025,regular,4,2025-09-20T16:00:00.000Z,349,Army,American Athletic,fbs,38.0,249,North Texas,American Athletic,fbs,45.0,Bovada,2.5,North Texas -2.5,1.0,51.0,52.0,-110.0,-110.0,
1092,401761610,2025,regular,4,2025-09-20T19:30:00.000Z,2199,Eastern Michigan,Mid-American,fbs,34.0,309,Louisiana,Sun Belt,fbs,31.0,DraftKings,2.5,Louisiana -2.5,6.5,51.5,,114.0,-135.0,
1093,401761610,2025,regular,4,2025-09-20T19:30:00.000Z,2199,Eastern Michigan,Mid-American,fbs,34.0,309,Louisiana,Sun Belt,fbs,31.0,Bovada,2.5,Louisiana -2.5,3.0,51.0,52.0,140.0,-165.0,
1094,401761610,2025,regular,4,2025-09-20T19:30:00.000Z,2199,Eastern Michigan,Mid-American,fbs,34.0,309,Louisiana,Sun Belt,fbs,31.0,ESPN Bet,1.5,Louisiana -1.5,2.5,51.5,51.5,120.0,-140.0,
1095,401754640,2025,regular,4,2025-09-20T19:30:00.000Z,2116,UCF,Big 12,fbs,34.0,153,North Carolina,ACC,fbs,9.0,DraftKings,-7.0,UCF -7,-3.5,46.5,,-245.0,200.0,
1096,401754640,2025,regular,4,2025-09-20T19:30:00.000Z,2116,UCF,Big 12,fbs,34.0,153,North Carolina,ACC,fbs,9.0,Bovada,-7.0,UCF -7.0,-6.5,47.0,50.0,-240.0,200.0,
1097,401754640,2025,regular,4,2025-09-20T19:30:00.000Z,2116,UCF,Big 12,fbs,34.0,153,North Carolina,ACC,fbs,9.0,ESPN Bet,-7.5,UCF -7.5,-6.5,45.5,50.5,-270.0,220.0,
1098,401754542,2025,regular,4,2025-09-20T20:30:00.000Z,59,Georgia Tech,ACC,fbs,45.0,218,Temple,American Athletic,fbs,24.0,DraftKings,-24.5,Georgia Tech -24.5,-24.5,52.5,,-2400.0,1200.0,
1099,401754542,2025,regular,4,2025-09-20T20:30:00.000Z,59,Georgia Tech,ACC,fbs,45.0,218,Temple,American Athletic,fbs,24.0,Bovada,-24.5,Georgia Tech -24.5,-24.0,53.5,53.5,-2500.0,1000.0,
1100,401754542,2025,regular,4,2025-09-20T20:30:00.000Z,59,Georgia Tech,ACC,fbs,45.0,218,Temple,American Athletic,fbs,24.0,ESPN Bet,-24.5,Georgia Tech -24.5,-23.5,52.5,53.5,-3000.0,1200.0,
1101,401754642,2025,regular,4,2025-09-20T16:00:00.000Z,97,Louisville,ACC,fbs,40.0,189,Bowling Green,Mid-American,fbs,17.0,DraftKings,-26.5,Louisville -26.5,-27.5,50.5,,-4000.0,1600.0,
1102,401754642,2025,regular,4,2025-09-20T16:00:00.000Z,97,Louisville,ACC,fbs,40.0,189,Bowling Green,Mid-American,fbs,17.0,Bovada,-26.5,Louisville -26.5,-27.0,51.0,52.0,-6500.0,1300.0,
1103,401754642,2025,regular,4,2025-09-20T16:00:00.000Z,97,Louisville,ACC,fbs,40.0,189,Bowling Green,Mid-American,fbs,17.0,ESPN Bet,-25.5,Louisville -25.5,-27.5,50.5,52.5,-5000.0,1500.0,
1104,401756898,2025,regular,4,2025-09-20T23:30:00.000Z,151,East Carolina,American Athletic,fbs,13.0,252,BYU,Big 12,fbs,34.0,DraftKings,6.5,BYU -6.5,9.5,49.5,,200.0,-245.0,
1105,401756898,2025,regular,4,2025-09-20T23:30:00.000Z,151,East Carolina,American Athletic,fbs,13.0,252,BYU,Big 12,fbs,34.0,Bovada,6.5,BYU -6.5,7.0,50.0,49.5,195.0,-235.0,
1106,401756898,2025,regular,4,2025-09-20T23:30:00.000Z,151,East Carolina,American Athletic,fbs,13.0,252,BYU,Big 12,fbs,34.0,ESPN Bet,5.5,BYU -5.5,7.5,49.5,48.5,200.0,-240.0,
1107,401754537,2025,regular,4,2025-09-20T16:00:00.000Z,228,Clemson,ACC,fbs,21.0,183,Syracuse,ACC,fbs,34.0,DraftKings,-17.5,Clemson -17.5,-17.5,53.5,,-850.0,575.0,
1108,401754537,2025,regular,4,2025-09-20T16:00:00.000Z,228,Clemson,ACC,fbs,21.0,183,Syracuse,ACC,fbs,34.0,Bovada,-17.5,Clemson -17.5,-17.0,54.5,55.0,-850.0,550.0,
1109,401754537,2025,regular,4,2025-09-20T16:00:00.000Z,228,Clemson,ACC,fbs,21.0,183,Syracuse,ACC,fbs,34.0,ESPN Bet,-17.5,Clemson -17.5,-16.5,53.5,54.5,-900.0,550.0,
1110,401761613,2025,regular,4,2025-09-20T19:30:00.000Z,2084,Buffalo,Mid-American,fbs,17.0,2653,Troy,Sun Belt,fbs,21.0,DraftKings,-5.5,Buffalo -5.5,-1.5,43.5,,-225.0,185.0,
1111,401761613,2025,regular,4,2025-09-20T19:30:00.000Z,2084,Buffalo,Mid-American,fbs,17.0,2653,Troy,Sun Belt,fbs,21.0,Bovada,-5.5,Buffalo -5.5,-7.0,44.0,43.5,-230.0,190.0,
1112,401761613,2025,regular,4,2025-09-20T19:30:00.000Z,2084,Buffalo,Mid-American,fbs,17.0,2653,Troy,Sun Belt,fbs,21.0,ESPN Bet,-6.5,Buffalo -6.5,-6.5,43.5,42.5,-210.0,175.0,
1113,401754541,2025,regular,4,2025-09-20T19:30:00.000Z,52,Florida State,ACC,fbs,66.0,2309,Kent State,Mid-American,fbs,10.0,DraftKings,-44.5,Florida State -44.5,-45.5,56.5,,,,
1114,401754541,2025,regular,4,2025-09-20T19:30:00.000Z,52,Florida State,ACC,fbs,66.0,2309,Kent State,Mid-American,fbs,10.0,Bovada,-45.0,Florida State -45.0,-43.5,56.0,56.0,,,
1115,401754541,2025,regular,4,2025-09-20T19:30:00.000Z,52,Florida State,ACC,fbs,66.0,2309,Kent State,Mid-American,fbs,10.0,ESPN Bet,-45.5,Florida State -45.5,-42.5,56.5,55.5,,,
1116,401762820,2025,regular,4,2025-09-20T19:30:00.000Z,2711,Western Michigan,Mid-American,fbs,14.0,2649,Toledo,Mid-American,fbs,13.0,DraftKings,13.5,Toledo -13.5,11.5,48.5,,380.0,-500.0,
1117,401762820,2025,regular,4,2025-09-20T19:30:00.000Z,2711,Western Michigan,Mid-American,fbs,14.0,2649,Toledo,Mid-American,fbs,13.0,Bovada,13.0,Toledo -13.0,13.0,48.5,51.5,430.0,-625.0,
1118,401762820,2025,regular,4,2025-09-20T19:30:00.000Z,2711,Western Michigan,Mid-American,fbs,14.0,2649,Toledo,Mid-American,fbs,13.0,ESPN Bet,11.5,Toledo -11.5,13.5,48.5,52.5,380.0,-550.0,
1119,401754538,2025,regular,4,2025-09-20T20:00:00.000Z,150,Duke,ACC,fbs,45.0,152,NC State,ACC,fbs,33.0,DraftKings,-3.0,Duke -3,-3.0,57.5,,-155.0,130.0,
1120,401754538,2025,regular,4,2025-09-20T20:00:00.000Z,150,Duke,ACC,fbs,45.0,152,NC State,ACC,fbs,33.0,Bovada,-3.0,Duke -3.0,-2.5,57.0,59.5,-130.0,110.0,
1121,401754538,2025,regular,4,2025-09-20T20:00:00.000Z,150,Duke,ACC,fbs,45.0,152,NC State,ACC,fbs,33.0,ESPN Bet,-3.5,Duke -3.5,-2.5,57.5,58.5,-150.0,130.0,
1122,401752715,2025,regular,4,2025-09-20T16:45:00.000Z,2633,Tennessee,SEC,fbs,56.0,5,UAB,American Athletic,fbs,24.0,DraftKings,-39.5,Tennessee -39.5,-41.5,69.5,,,,
1123,401752715,2025,regular,4,2025-09-20T16:45:00.000Z,2633,Tennessee,SEC,fbs,56.0,5,UAB,American Athletic,fbs,24.0,Bovada,-39.0,Tennessee -39.0,-38.0,68.5,67.0,,,
1124,401752715,2025,regular,4,2025-09-20T16:45:00.000Z,2633,Tennessee,SEC,fbs,56.0,5,UAB,American Athletic,fbs,24.0,ESPN Bet,-38.5,Tennessee -38.5,-37.5,68.5,68.5,,,
1125,401761611,2025,regular,4,2025-09-20T23:00:00.000Z,6,South Alabama,Sun Belt,fbs,20.0,324,Coastal Carolina,Sun Belt,fbs,38.0,DraftKings,-14.5,South Alabama -14.5,-14.0,51.5,,-675.0,490.0,
1126,401761611,2025,regular,4,2025-09-20T23:00:00.000Z,6,South Alabama,Sun Belt,fbs,20.0,324,Coastal Carolina,Sun Belt,fbs,38.0,Bovada,-15.0,South Alabama -15.0,-14.5,51.5,51.5,-625.0,430.0,
1127,401761611,2025,regular,4,2025-09-20T23:00:00.000Z,6,South Alabama,Sun Belt,fbs,20.0,324,Coastal Carolina,Sun Belt,fbs,38.0,ESPN Bet,-14.5,South Alabama -14.5,-14.5,52.5,51.5,-700.0,450.0,
1128,401756897,2025,regular,4,2025-09-21T02:15:00.000Z,38,Colorado,Big 12,fbs,37.0,2751,Wyoming,Mountain West,fbs,20.0,DraftKings,-12.5,Colorado -12.5,-15.5,45.5,,-470.0,360.0,
1129,401756897,2025,regular,4,2025-09-21T02:15:00.000Z,38,Colorado,Big 12,fbs,37.0,2751,Wyoming,Mountain West,fbs,20.0,Bovada,-12.0,Colorado -12.0,-13.5,46.0,44.0,-550.0,390.0,
1130,401756897,2025,regular,4,2025-09-21T02:15:00.000Z,38,Colorado,Big 12,fbs,37.0,2751,Wyoming,Mountain West,fbs,20.0,ESPN Bet,-12.5,Colorado -12.5,-13.5,45.5,43.5,-450.0,340.0,
1131,401760373,2025,regular,4,2025-09-21T01:30:00.000Z,36,Colorado State,Mountain West,fbs,16.0,2636,UTSA,American Athletic,fbs,17.0,DraftKings,4.5,UTSA -4.5,4.5,58.5,,180.0,-218.0,
1132,401760373,2025,regular,4,2025-09-21T01:30:00.000Z,36,Colorado State,Mountain West,fbs,16.0,2636,UTSA,American Athletic,fbs,17.0,Bovada,5.0,UTSA -5.0,4.0,58.5,58.0,160.0,-185.0,
1133,401760373,2025,regular,4,2025-09-21T01:30:00.000Z,36,Colorado State,Mountain West,fbs,16.0,2636,UTSA,American Athletic,fbs,17.0,ESPN Bet,5.5,UTSA -5.5,3.5,58.5,58.5,180.0,-215.0,
1134,401756899,2025,regular,4,2025-09-20T22:00:00.000Z,2305,Kansas,Big 12,fbs,41.0,277,West Virginia,Big 12,fbs,10.0,DraftKings,-12.5,Kansas -12.5,-10.5,54.5,,-455.0,350.0,
1135,401756899,2025,regular,4,2025-09-20T22:00:00.000Z,2305,Kansas,Big 12,fbs,41.0,277,West Virginia,Big 12,fbs,10.0,Bovada,-12.5,Kansas -12.5,-13.0,54.0,55.0,-460.0,340.0,
1136,401756899,2025,regular,4,2025-09-20T22:00:00.000Z,2305,Kansas,Big 12,fbs,41.0,277,West Virginia,Big 12,fbs,10.0,ESPN Bet,-13.5,Kansas -13.5,-12.5,54.5,54.5,-500.0,360.0,
1137,401752711,2025,regular,4,2025-09-20T19:30:00.000Z,145,Ole Miss,SEC,fbs,45.0,2655,Tulane,American Athletic,fbs,10.0,DraftKings,-12.5,Ole Miss -12.5,-13.5,61.5,,-440.0,340.0,
1138,401752711,2025,regular,4,2025-09-20T19:30:00.000Z,145,Ole Miss,SEC,fbs,45.0,2655,Tulane,American Athletic,fbs,10.0,Bovada,-12.5,Ole Miss -12.5,-12.5,61.5,60.5,-470.0,345.0,
1139,401752711,2025,regular,4,2025-09-20T19:30:00.000Z,145,Ole Miss,SEC,fbs,45.0,2655,Tulane,American Athletic,fbs,10.0,ESPN Bet,-11.5,Ole Miss -11.5,-12.5,61.5,61.5,-500.0,360.0,
1140,401752708,2025,regular,4,2025-09-20T16:00:00.000Z,235,Memphis,American Athletic,fbs,32.0,8,Arkansas,SEC,fbs,31.0,DraftKings,7.0,Arkansas -7,5.5,59.5,,220.0,-270.0,
1141,401752708,2025,regular,4,2025-09-20T16:00:00.000Z,235,Memphis,American Athletic,fbs,32.0,8,Arkansas,SEC,fbs,31.0,ESPN Bet,7.5,Arkansas -7.5,6.5,59.5,62.5,225.0,-275.0,
1142,401752708,2025,regular,4,2025-09-20T16:00:00.000Z,235,Memphis,American Athletic,fbs,32.0,8,Arkansas,SEC,fbs,31.0,Bovada,7.0,Arkansas -7.0,6.5,60.0,62.5,195.0,-235.0,
1143,401757169,2025,regular,4,2025-09-20T19:30:00.000Z,41,UConn,FBS Independents,fbs,31.0,2050,Ball State,Mid-American,fbs,25.0,DraftKings,-21.0,UConn -21,-18.5,53.5,,-1800.0,1000.0,
1144,401757169,2025,regular,4,2025-09-20T19:30:00.000Z,41,UConn,FBS Independents,fbs,31.0,2050,Ball State,Mid-American,fbs,25.0,Bovada,-21.5,UConn -21.5,-21.0,54.0,52.5,-1400.0,750.0,
1145,401757169,2025,regular,4,2025-09-20T19:30:00.000Z,41,UConn,FBS Independents,fbs,31.0,2050,Ball State,Mid-American,fbs,25.0,ESPN Bet,-20.5,UConn -20.5,-20.5,53.5,52.5,-1800.0,900.0,
1146,401752712,2025,regular,4,2025-09-20T20:15:00.000Z,344,Mississippi State,SEC,fbs,38.0,2459,Northern Illinois,Mid-American,fbs,10.0,DraftKings,-23.5,Mississippi State -23.5,-21.5,48.5,,-2400.0,1200.0,
1147,401752712,2025,regular,4,2025-09-20T20:15:00.000Z,344,Mississippi State,SEC,fbs,38.0,2459,Northern Illinois,Mid-American,fbs,10.0,Bovada,-24.0,Mississippi State -24.0,-22.0,48.0,49.0,-1900.0,900.0,
1148,401752712,2025,regular,4,2025-09-20T20:15:00.000Z,344,Mississippi State,SEC,fbs,38.0,2459,Northern Illinois,Mid-American,fbs,10.0,ESPN Bet,-24.5,Mississippi State -24.5,-22.5,48.5,49.5,-2500.0,1100.0,
1149,401754539,2025,regular,4,2025-09-20T23:30:00.000Z,258,Virginia,ACC,fbs,48.0,24,Stanford,ACC,fbs,20.0,DraftKings,-16.5,Virginia -16.5,-14.5,48.5,,-750.0,525.0,
1150,401754539,2025,regular,4,2025-09-20T23:30:00.000Z,258,Virginia,ACC,fbs,48.0,24,Stanford,ACC,fbs,20.0,Bovada,-15.5,Virginia -15.5,-16.0,48.5,49.0,-800.0,525.0,
1151,401754539,2025,regular,4,2025-09-20T23:30:00.000Z,258,Virginia,ACC,fbs,48.0,24,Stanford,ACC,fbs,20.0,ESPN Bet,-16.5,Virginia -16.5,-16.5,49.5,48.5,-800.0,500.0,
1152,401757262,2025,regular,4,2025-09-20T19:30:00.000Z,2335,Liberty,Conference USA,fbs,13.0,256,James Madison,Sun Belt,fbs,31.0,DraftKings,7.5,James Madison -7.5,10.5,46.5,,240.0,-298.0,
1153,401757262,2025,regular,4,2025-09-20T19:30:00.000Z,2335,Liberty,Conference USA,fbs,13.0,256,James Madison,Sun Belt,fbs,31.0,Bovada,7.5,James Madison -7.5,10.5,47.0,48.5,290.0,-380.0,
1154,401757262,2025,regular,4,2025-09-20T19:30:00.000Z,2335,Liberty,Conference USA,fbs,13.0,256,James Madison,Sun Belt,fbs,31.0,ESPN Bet,7.5,James Madison -7.5,11.5,46.5,49.5,260.0,-320.0,
1155,401760374,2025,regular,4,2025-09-21T03:59:00.000Z,62,Hawai'i,Mountain West,fbs,21.0,278,Fresno State,Mountain West,fbs,23.0,DraftKings,2.5,Fresno State -2.5,3.5,47.5,,110.0,-130.0,
1156,401760374,2025,regular,4,2025-09-21T03:59:00.000Z,62,Hawai'i,Mountain West,fbs,21.0,278,Fresno State,Mountain West,fbs,23.0,Bovada,2.5,Fresno State -2.5,3.5,47.0,47.5,145.0,-170.0,
1157,401760374,2025,regular,4,2025-09-21T03:59:00.000Z,62,Hawai'i,Mountain West,fbs,21.0,278,Fresno State,Mountain West,fbs,23.0,ESPN Bet,2.5,Fresno State -2.5,3.5,47.5,47.5,115.0,-135.0,
1158,401757259,2025,regular,4,2025-09-20T22:00:00.000Z,2229,Florida International,Conference USA,fbs,16.0,48,Delaware,Conference USA,fbs,38.0,DraftKings,-4.0,Florida International -4,-2.5,54.5,,-180.0,150.0,
1159,401757259,2025,regular,4,2025-09-20T22:00:00.000Z,2229,Florida International,Conference USA,fbs,16.0,48,Delaware,Conference USA,fbs,38.0,Bovada,-4.0,Florida International -4.0,-4.5,55.5,54.5,-200.0,170.0,
1160,401757259,2025,regular,4,2025-09-20T22:00:00.000Z,2229,Florida International,Conference USA,fbs,16.0,48,Delaware,Conference USA,fbs,38.0,ESPN Bet,-5.5,Florida International -5.5,-4.5,54.5,54.5,-190.0,160.0,
1161,401757261,2025,regular,4,2025-09-20T22:00:00.000Z,338,Kennesaw State,Conference USA,fbs,28.0,2032,Arkansas State,Sun Belt,fbs,21.0,DraftKings,4.5,Arkansas State -4.5,6.5,57.5,,160.0,-192.0,
1162,401757261,2025,regular,4,2025-09-20T22:00:00.000Z,338,Kennesaw State,Conference USA,fbs,28.0,2032,Arkansas State,Sun Belt,fbs,21.0,Bovada,4.5,Arkansas State -4.5,7.0,58.0,54.5,210.0,-250.0,
1163,401757261,2025,regular,4,2025-09-20T22:00:00.000Z,338,Kennesaw State,Conference USA,fbs,28.0,2032,Arkansas State,Sun Belt,fbs,21.0,ESPN Bet,4.5,Arkansas State -4.5,7.5,58.5,54.5,165.0,-195.0,
1164,401757268,2025,regular,4,2025-09-20T23:00:00.000Z,98,Western Kentucky,Conference USA,fbs,31.0,2440,Nevada,Mountain West,fbs,16.0,DraftKings,-8.5,Western Kentucky -8.5,-12.5,54.5,,-325.0,260.0,
1165,401757268,2025,regular,4,2025-09-20T23:00:00.000Z,98,Western Kentucky,Conference USA,fbs,31.0,2440,Nevada,Mountain West,fbs,16.0,Bovada,-7.5,Western Kentucky -7.5,-11.5,54.5,54.5,-430.0,320.0,
1166,401757268,2025,regular,4,2025-09-20T23:00:00.000Z,98,Western Kentucky,Conference USA,fbs,31.0,2440,Nevada,Mountain West,fbs,16.0,ESPN Bet,-7.5,Western Kentucky -7.5,-10.5,54.5,54.5,-320.0,260.0,
1167,401760372,2025,regular,4,2025-09-20T23:00:00.000Z,2005,Air Force,Mountain West,fbs,37.0,68,Boise State,Mountain West,fbs,49.0,DraftKings,10.5,Boise State -10.5,8.5,51.5,,300.0,-380.0,
1168,401760372,2025,regular,4,2025-09-20T23:00:00.000Z,2005,Air Force,Mountain West,fbs,37.0,68,Boise State,Mountain West,fbs,49.0,Bovada,11.0,Boise State -11.0,9.0,52.0,51.5,275.0,-350.0,
1169,401760372,2025,regular,4,2025-09-20T23:00:00.000Z,2005,Air Force,Mountain West,fbs,37.0,68,Boise State,Mountain West,fbs,49.0,ESPN Bet,11.5,Boise State -11.5,8.5,51.5,51.5,320.0,-425.0,
1170,401752716,2025,regular,4,2025-09-20T23:30:00.000Z,238,Vanderbilt,SEC,fbs,70.0,2247,Georgia State,Sun Belt,fbs,21.0,DraftKings,-27.5,Vanderbilt -27.5,-26.5,53.5,,-4500.0,1700.0,
1171,401752716,2025,regular,4,2025-09-20T23:30:00.000Z,238,Vanderbilt,SEC,fbs,70.0,2247,Georgia State,Sun Belt,fbs,21.0,Bovada,-28.0,Vanderbilt -28.0,-27.0,53.5,53.0,-5000.0,1300.0,
1172,401752716,2025,regular,4,2025-09-20T23:30:00.000Z,238,Vanderbilt,SEC,fbs,70.0,2247,Georgia State,Sun Belt,fbs,21.0,ESPN Bet,-26.5,Vanderbilt -26.5,-26.5,52.5,53.5,-5000.0,1500.0,
1173,401757263,2025,regular,4,2025-09-20T23:30:00.000Z,2348,Louisiana Tech,Conference USA,fbs,30.0,2572,Southern Miss,Sun Belt,fbs,20.0,DraftKings,-3.0,Louisiana Tech -3,-3.0,51.5,,-155.0,130.0,
1174,401757263,2025,regular,4,2025-09-20T23:30:00.000Z,2348,Louisiana Tech,Conference USA,fbs,30.0,2572,Southern Miss,Sun Belt,fbs,20.0,Bovada,-3.0,Louisiana Tech -3.0,-1.5,51.5,51.5,-145.0,125.0,
1175,401757263,2025,regular,4,2025-09-20T23:30:00.000Z,2348,Louisiana Tech,Conference USA,fbs,30.0,2572,Southern Miss,Sun Belt,fbs,20.0,ESPN Bet,-3.5,Louisiana Tech -3.5,-2.5,50.5,51.5,-150.0,130.0,
1176,401757264,2025,regular,4,2025-09-20T23:00:00.000Z,2393,Middle Tennessee,Conference USA,fbs,28.0,276,Marshall,Sun Belt,fbs,42.0,DraftKings,2.5,Marshall -2.5,4.5,46.5,,114.0,-135.0,
1177,401757264,2025,regular,4,2025-09-20T23:00:00.000Z,2393,Middle Tennessee,Conference USA,fbs,28.0,276,Marshall,Sun Belt,fbs,42.0,Bovada,2.5,Marshall -2.5,3.0,46.5,47.0,115.0,-135.0,
1178,401757264,2025,regular,4,2025-09-20T23:00:00.000Z,2393,Middle Tennessee,Conference USA,fbs,28.0,276,Marshall,Sun Belt,fbs,42.0,ESPN Bet,2.5,Marshall -2.5,3.5,45.5,46.5,110.0,-130.0,
1179,401752723,2025,regular,4,2025-09-21T00:00:00.000Z,251,Texas,SEC,fbs,55.0,2534,Sam Houston,Conference USA,fbs,0.0,DraftKings,-39.5,Texas -39.5,-40.5,51.5,,,,
1180,401752723,2025,regular,4,2025-09-21T00:00:00.000Z,251,Texas,SEC,fbs,55.0,2534,Sam Houston,Conference USA,fbs,0.0,Bovada,-39.5,Texas -39.5,-41.5,51.5,51.5,,,
1181,401752723,2025,regular,4,2025-09-21T00:00:00.000Z,251,Texas,SEC,fbs,55.0,2534,Sam Houston,Conference USA,fbs,0.0,ESPN Bet,-39.5,Texas -39.5,-41.5,51.5,51.5,,,
1182,401757267,2025,regular,4,2025-09-21T01:00:00.000Z,2638,UTEP,Conference USA,fbs,25.0,2433,UL Monroe,Sun Belt,fbs,31.0,DraftKings,-5.5,UTEP -5.5,-1.5,47.5,,-218.0,180.0,
1183,401757267,2025,regular,4,2025-09-21T01:00:00.000Z,2638,UTEP,Conference USA,fbs,25.0,2433,UL Monroe,Sun Belt,fbs,31.0,Bovada,-5.0,UTEP -5.0,-4.5,47.0,47.5,-220.0,180.0,
1184,401757267,2025,regular,4,2025-09-21T01:00:00.000Z,2638,UTEP,Conference USA,fbs,25.0,2433,UL Monroe,Sun Belt,fbs,31.0,ESPN Bet,-5.5,UTEP -5.5,-4.5,46.5,46.5,-215.0,180.0,
1185,401754540,2025,regular,4,2025-09-21T02:30:00.000Z,21,San Diego State,Mountain West,fbs,34.0,25,California,ACC,fbs,0.0,DraftKings,14.0,California -14,11.5,47.5,,425.0,-575.0,
1186,401754540,2025,regular,4,2025-09-21T02:30:00.000Z,21,San Diego State,Mountain West,fbs,34.0,25,California,ACC,fbs,0.0,Bovada,14.0,California -14.0,13.5,47.0,48.5,370.0,-510.0,
1187,401754540,2025,regular,4,2025-09-21T02:30:00.000Z,21,San Diego State,Mountain West,fbs,34.0,25,California,ACC,fbs,0.0,ESPN Bet,13.5,California -13.5,13.5,45.5,48.5,425.0,-650.0,
1188,401760398,2025,regular,9,2025-10-25T23:30:00.000Z,2751,Wyoming,Mountain West,fbs,,36,Colorado State,Mountain West,fbs,,,,,,,,,,
1189,401757294,2025,regular,10,2025-11-01T19:30:00.000Z,98,Western Kentucky,Conference USA,fbs,,166,New Mexico State,Conference USA,fbs,,,,,,,,,,
1190,401754573,2025,regular,9,2025-10-25T04:00:00.000Z,153,North Carolina,ACC,fbs,,258,Virginia,ACC,fbs,,,,,,,,,,
1191,401761646,2025,regular,11,2025-11-08T05:00:00.000Z,276,Marshall,Sun Belt,fbs,,256,James Madison,Sun Belt,fbs,,,,,,,,,,
1192,401762478,2025,regular,6,2025-10-05T00:00:00.000Z,235,Memphis,American Athletic,fbs,,202,Tulsa,American Athletic,fbs,,,,,,,,,,
1193,401756966,2025,regular,14,2025-11-29T05:00:00.000Z,197,Oklahoma State,Big 12,fbs,,66,Iowa State,Big 12,fbs,,,,,,,,,,
1194,401760397,2025,regular,9,2025-10-25T02:00:00.000Z,2440,Nevada,Mountain West,fbs,,68,Boise State,Mountain West,fbs,,,,,,,,,,
1195,401752869,2025,regular,7,2025-10-11T04:00:00.000Z,275,Wisconsin,Big Ten,fbs,,2294,Iowa,Big Ten,fbs,,,,,,,,,,
1196,401761628,2025,regular,8,2025-10-14T23:30:00.000Z,6,South Alabama,Sun Belt,fbs,,2032,Arkansas State,Sun Belt,fbs,,,,,,,,,,
1197,401754558,2025,regular,7,2025-10-11T04:00:00.000Z,103,Boston College,ACC,fbs,,228,Clemson,ACC,fbs,,,,,,,,,,
1198,401760424,2025,regular,14,2025-11-30T04:00:00.000Z,62,Hawai'i,Mountain West,fbs,,2751,Wyoming,Mountain West,fbs,,,,,,,,,,
1199,401757291,2025,regular,10,2025-10-30T00:00:00.000Z,2623,Missouri State,Conference USA,fbs,,2229,Florida International,Conference USA,fbs,,,,,,,,,,
1200,401760390,2025,regular,7,2025-10-12T02:30:00.000Z,2440,Nevada,Mountain West,fbs,,21,San Diego State,Mountain West,fbs,,,,,,,,,,
1201,401757303,2025,regular,12,2025-11-15T20:30:00.000Z,98,Western Kentucky,Conference USA,fbs,,2393,Middle Tennessee,Conference USA,fbs,,,,,,,,,,
1202,401752861,2025,regular,6,2025-10-04T16:00:00.000Z,2509,Purdue,Big Ten,fbs,,356,Illinois,Big Ten,fbs,,,,,,,,,,
1203,401752771,2025,regular,12,2025-11-15T21:15:00.000Z,2633,Tennessee,SEC,fbs,,166,New Mexico State,Conference USA,fbs,,,,,,,,,,
1204,401762494,2025,regular,9,2025-10-25T04:00:00.000Z,235,Memphis,American Athletic,fbs,,58,South Florida,American Athletic,fbs,,,,,,,,,,
1205,401752923,2025,regular,14,2025-11-29T05:00:00.000Z,127,Michigan State,Big Ten,fbs,,120,Maryland,Big Ten,fbs,,,,,,,,,,
1206,401760386,2025,regular,7,2025-10-11T19:30:00.000Z,2439,UNLV,Mountain West,fbs,,2005,Air Force,Mountain West,fbs,,,,,,,,,,
1207,401760411,2025,regular,12,2025-11-15T05:00:00.000Z,167,New Mexico,Mountain West,fbs,,36,Colorado State,Mountain West,fbs,,,,,,,,,,
1208,401752855,2025,regular,6,2025-10-04T19:30:00.000Z,26,UCLA,Big Ten,fbs,,213,Penn State,Big Ten,fbs,,,,,,,,,,
1209,401757279,2025,regular,7,2025-10-10T00:00:00.000Z,2534,Sam Houston,Conference USA,fbs,,55,Jacksonville State,Conference USA,fbs,,,,,,,,,,
1210,401756962,2025,regular,14,2025-11-29T05:00:00.000Z,239,Baylor,Big 12,fbs,,248,Houston,Big 12,fbs,,,,,,,,,,
1211,401752922,2025,regular,14,2025-11-29T05:00:00.000Z,356,Illinois,Big Ten,fbs,,77,Northwestern,Big Ten,fbs,,,,,,,,,,
1212,401762829,2025,regular,6,2025-10-04T19:30:00.000Z,2006,Akron,Mid-American,fbs,,2117,Central Michigan,Mid-American,fbs,,,,,,,,,,
1213,401756964,2025,regular,14,2025-11-28T17:00:00.000Z,2305,Kansas,Big 12,fbs,,254,Utah,Big 12,fbs,,,,,,,,,,
1214,401760388,2025,regular,7,2025-10-11T01:00:00.000Z,36,Colorado State,Mountain West,fbs,,278,Fresno State,Mountain West,fbs,,,,,,,,,,
1215,401761667,2025,regular,14,2025-11-29T05:00:00.000Z,326,Texas State,Sun Belt,fbs,,6,South Alabama,Sun Belt,fbs,,,,,,,,,,
1216,401756949,2025,regular,12,2025-11-15T05:00:00.000Z,239,Baylor,Big 12,fbs,,254,Utah,Big 12,fbs,,,,,,,,,,
1217,401754584,2025,regular,11,2025-11-08T05:00:00.000Z,103,Boston College,ACC,fbs,,2567,SMU,ACC,fbs,,,,,,,,,,
1218,401760420,2025,regular,13,2025-11-22T05:00:00.000Z,21,San Diego State,Mountain West,fbs,,23,San José State,Mountain West,fbs,,,,,,,,,,
1219,401752946,2025,regular,14,2025-11-29T23:30:00.000Z,265,Washington State,Pac-12,fbs,,204,Oregon State,Pac-12,fbs,,,,,,,,,,
1220,401761632,2025,regular,8,2025-10-18T04:00:00.000Z,276,Marshall,Sun Belt,fbs,,326,Texas State,Sun Belt,fbs,,,,,,,,,,
1221,401761644,2025,regular,11,2025-11-07T00:30:00.000Z,2026,App State,Sun Belt,fbs,,290,Georgia Southern,Sun Belt,fbs,,,,,,,,,,
1222,401757171,2025,regular,6,2025-10-04T19:30:00.000Z,41,UConn,FBS Independents,fbs,,2229,Florida International,Conference USA,fbs,,,,,,,,,,
1223,401752944,2025,regular,11,2025-11-09T03:00:00.000Z,204,Oregon State,Pac-12,fbs,,2534,Sam Houston,Conference USA,fbs,,,,,,,,,,
1224,401754582,2025,regular,10,2025-11-01T04:00:00.000Z,24,Stanford,ACC,fbs,,221,Pittsburgh,ACC,fbs,,,,,,,,,,
1225,401762483,2025,regular,7,2025-10-11T16:00:00.000Z,349,Army,American Athletic,fbs,,2429,Charlotte,American Athletic,fbs,,,,,,,,,,
1226,401752907,2025,regular,12,2025-11-15T05:00:00.000Z,30,USC,Big Ten,fbs,,2294,Iowa,Big Ten,fbs,,,,,,,,,,
1227,401762839,2025,regular,8,2025-10-18T04:00:00.000Z,189,Bowling Green,Mid-American,fbs,,2117,Central Michigan,Mid-American,fbs,,,,,,,,,,
1228,401756942,2025,regular,10,2025-11-01T04:00:00.000Z,254,Utah,Big 12,fbs,,2132,Cincinnati,Big 12,fbs,,,,,,,,,,
1229,401760422,2025,regular,14,2025-11-28T21:00:00.000Z,328,Utah State,Mountain West,fbs,,68,Boise State,Mountain West,fbs,,,,,,,,,,
1230,401757280,2025,regular,7,2025-10-09T23:00:00.000Z,338,Kennesaw State,Conference USA,fbs,,2348,Louisiana Tech,Conference USA,fbs,,,,,,,,,,
1231,401760425,2025,regular,14,2025-11-30T02:00:00.000Z,2440,Nevada,Mountain West,fbs,,2439,UNLV,Mountain West,fbs,,,,,,,,,,
1232,401762847,2025,regular,9,2025-10-25T19:30:00.000Z,2117,Central Michigan,Mid-American,fbs,,113,Massachusetts,Mid-American,fbs,,,,,,,,,,
1233,401754563,2025,regular,7,2025-10-11T19:30:00.000Z,204,Oregon State,Pac-12,fbs,,154,Wake Forest,ACC,fbs,,,,,,,,,,
1234,401752892,2025,regular,10,2025-11-01T04:00:00.000Z,158,Nebraska,Big Ten,fbs,,30,USC,Big Ten,fbs,,,,,,,,,,
1235,401754578,2025,regular,10,2025-11-01T04:00:00.000Z,52,Florida State,ACC,fbs,,154,Wake Forest,ACC,fbs,,,,,,,,,,
1236,401752776,2025,regular,13,2025-11-22T17:45:00.000Z,61,Georgia,SEC,fbs,,2429,Charlotte,American Athletic,fbs,,,,,,,,,,
1237,401754566,2025,regular,8,2025-10-18T04:00:00.000Z,150,Duke,ACC,fbs,,59,Georgia Tech,ACC,fbs,,,,,,,,,,
1238,401752943,2025,regular,10,2025-11-01T23:30:00.000Z,204,Oregon State,Pac-12,fbs,,265,Washington State,Pac-12,fbs,,,,,,,,,,
1239,401756911,2025,regular,6,2025-10-04T16:00:00.000Z,239,Baylor,Big 12,fbs,,2306,Kansas State,Big 12,fbs,,,,,,,,,,
1240,401752940,2025,regular,6,2025-10-04T19:30:00.000Z,2026,App State,Sun Belt,fbs,,204,Oregon State,Pac-12,fbs,,,,,,,,,,
1241,401762848,2025,regular,9,2025-10-25T04:00:00.000Z,2199,Eastern Michigan,Mid-American,fbs,,195,Ohio,Mid-American,fbs,,,,,,,,,,
1242,401752899,2025,regular,11,2025-11-08T05:00:00.000Z,275,Wisconsin,Big Ten,fbs,,264,Washington,Big Ten,fbs,,,,,,,,,,
1243,401752779,2025,regular,13,2025-11-22T05:00:00.000Z,2579,South Carolina,SEC,fbs,,324,Coastal Carolina,Sun Belt,fbs,,,,,,,,,,
1244,401756952,2025,regular,12,2025-11-15T05:00:00.000Z,197,Oklahoma State,Big 12,fbs,,2306,Kansas State,Big 12,fbs,,,,,,,,,,
1245,401762870,2025,regular,14,2025-11-28T17:00:00.000Z,2084,Buffalo,Mid-American,fbs,,195,Ohio,Mid-American,fbs,,,,,,,,,,
1246,401754372,2025,regular,9,2025-10-24T23:30:00.000Z,259,Virginia Tech,ACC,fbs,,25,California,ACC,fbs,,,,,,,,,,
1247,401762480,2025,regular,7,2025-10-09T23:30:00.000Z,2655,Tulane,American Athletic,fbs,,151,East Carolina,American Athletic,fbs,,,,,,,,,,
1248,401761651,2025,regular,12,2025-11-15T05:00:00.000Z,2247,Georgia State,Sun Belt,fbs,,276,Marshall,Sun Belt,fbs,,,,,,,,,,
1249,401752920,2025,regular,14,2025-11-29T05:00:00.000Z,164,Rutgers,Big Ten,fbs,,213,Penn State,Big Ten,fbs,,,,,,,,,,
1250,401762506,2025,regular,12,2025-11-15T05:00:00.000Z,5,UAB,American Athletic,fbs,,249,North Texas,American Athletic,fbs,,,,,,,,,,
1251,401754594,2025,regular,12,2025-11-15T05:00:00.000Z,52,Florida State,ACC,fbs,,259,Virginia Tech,ACC,fbs,,,,,,,,,,
1252,401762475,2025,regular,6,2025-10-03T23:00:00.000Z,58,South Florida,American Athletic,fbs,,2429,Charlotte,American Athletic,fbs,,,,,,,,,,
1253,401752901,2025,regular,12,2025-11-15T05:00:00.000Z,84,Indiana,Big Ten,fbs,,275,Wisconsin,Big Ten,fbs,,,,,,,,,,
1254,401756921,2025,regular,7,2025-10-11T04:00:00.000Z,2641,Texas Tech,Big 12,fbs,,2305,Kansas,Big 12,fbs,,,,,,,,,,
1255,401757278,2025,regular,7,2025-10-08T23:30:00.000Z,2393,Middle Tennessee,Conference USA,fbs,,2623,Missouri State,Conference USA,fbs,,,,,,,,,,
1256,401756927,2025,regular,8,2025-10-18T04:00:00.000Z,2628,TCU,Big 12,fbs,,239,Baylor,Big 12,fbs,,,,,,,,,,
1257,401756951,2025,regular,12,2025-11-15T05:00:00.000Z,2132,Cincinnati,Big 12,fbs,,12,Arizona,Big 12,fbs,,,,,,,,,,
1258,401756959,2025,regular,13,2025-11-22T05:00:00.000Z,2116,UCF,Big 12,fbs,,197,Oklahoma State,Big 12,fbs,,,,,,,,,,
1259,401754554,2025,regular,6,2025-10-04T19:30:00.000Z,97,Louisville,ACC,fbs,,258,Virginia,ACC,fbs,,,,,,,,,,
1260,401762505,2025,regular,11,2025-11-08T05:00:00.000Z,2226,Florida Atlantic,American Athletic,fbs,,202,Tulsa,American Athletic,fbs,,,,,,,,,,
1261,401754557,2025,regular,6,2025-10-04T18:00:00.000Z,152,NC State,ACC,fbs,,2097,Campbell,CAA,fcs,,,,,,,,,,
1262,401761641,2025,regular,10,2025-11-01T04:00:00.000Z,2433,UL Monroe,Sun Belt,fbs,,295,Old Dominion,Sun Belt,fbs,,,,,,,,,,
1263,401756916,2025,regular,7,2025-10-11T04:00:00.000Z,12,Arizona,Big 12,fbs,,252,BYU,Big 12,fbs,,,,,,,,,,
1264,401752758,2025,regular,10,2025-11-01T16:00:00.000Z,251,Texas,SEC,fbs,,238,Vanderbilt,SEC,fbs,,,,,,,,,,
1265,401752896,2025,regular,11,2025-11-08T02:00:00.000Z,30,USC,Big Ten,fbs,,77,Northwestern,Big Ten,fbs,,,,,,,,,,
1266,401757281,2025,regular,8,2025-10-15T00:00:00.000Z,98,Western Kentucky,Conference USA,fbs,,2229,Florida International,Conference USA,fbs,,,,,,,,,,
1267,401756926,2025,regular,8,2025-10-18T04:00:00.000Z,197,Oklahoma State,Big 12,fbs,,2132,Cincinnati,Big 12,fbs,,,,,,,,,,
1268,401757304,2025,regular,12,2025-11-15T20:00:00.000Z,2623,Missouri State,Conference USA,fbs,,2638,UTEP,Conference USA,fbs,,,,,,,,,,
1269,401754556,2025,regular,6,2025-10-04T17:00:00.000Z,259,Virginia Tech,ACC,fbs,,154,Wake Forest,ACC,fbs,,,,,,,,,,
1270,401762511,2025,regular,13,2025-11-22T05:00:00.000Z,5,UAB,American Athletic,fbs,,58,South Florida,American Athletic,fbs,,,,,,,,,,
1271,401754579,2025,regular,10,2025-11-01T04:00:00.000Z,152,NC State,ACC,fbs,,59,Georgia Tech,ACC,fbs,,,,,,,,,,
1272,401754568,2025,regular,8,2025-10-18T04:00:00.000Z,183,Syracuse,ACC,fbs,,221,Pittsburgh,ACC,fbs,,,,,,,,,,
1273,401762864,2025,regular,13,2025-11-19T00:00:00.000Z,2459,Northern Illinois,Mid-American,fbs,,2711,Western Michigan,Mid-American,fbs,,,,,,,,,,
1274,401756909,2025,regular,6,2025-10-04T02:30:00.000Z,252,BYU,Big 12,fbs,,277,West Virginia,Big 12,fbs,,,,,,,,,,
1275,401756925,2025,regular,8,2025-10-18T04:00:00.000Z,248,Houston,Big 12,fbs,,12,Arizona,Big 12,fbs,,,,,,,,,,
1276,401761660,2025,regular,13,2025-11-22T05:00:00.000Z,2653,Troy,Sun Belt,fbs,,2247,Georgia State,Sun Belt,fbs,,,,,,,,,,
1277,401762850,2025,regular,10,2025-11-01T04:00:00.000Z,2711,Western Michigan,Mid-American,fbs,,2117,Central Michigan,Mid-American,fbs,,,,,,,,,,
1278,401762481,2025,regular,7,2025-10-10T23:30:00.000Z,249,North Texas,American Athletic,fbs,,58,South Florida,American Athletic,fbs,,,,,,,,,,
1279,401756931,2025,regular,9,2025-10-25T04:00:00.000Z,66,Iowa State,Big 12,fbs,,252,BYU,Big 12,fbs,,,,,,,,,,
1280,401757293,2025,regular,10,2025-11-01T19:30:00.000Z,2335,Liberty,Conference USA,fbs,,48,Delaware,Conference USA,fbs,,,,,,,,,,
1281,401757311,2025,regular,14,2025-11-29T18:00:00.000Z,2534,Sam Houston,Conference USA,fbs,,2229,Florida International,Conference USA,fbs,,,,,,,,,,
1282,401756963,2025,regular,14,2025-11-29T05:00:00.000Z,252,BYU,Big 12,fbs,,2116,UCF,Big 12,fbs,,,,,,,,,,
1283,401762863,2025,regular,13,2025-11-19T00:00:00.000Z,195,Ohio,Mid-American,fbs,,113,Massachusetts,Mid-American,fbs,,,,,,,,,,
1284,401762486,2025,regular,8,2025-10-16T23:30:00.000Z,151,East Carolina,American Athletic,fbs,,202,Tulsa,American Athletic,fbs,,,,,,,,,,
1285,401752890,2025,regular,10,2025-11-01T04:00:00.000Z,130,Michigan,Big Ten,fbs,,2509,Purdue,Big Ten,fbs,,,,,,,,,,
1286,401752734,2025,regular,7,2025-10-11T16:00:00.000Z,142,Missouri,SEC,fbs,,333,Alabama,SEC,fbs,,,,,,,,,,
1287,401762499,2025,regular,10,2025-11-01T04:00:00.000Z,249,North Texas,American Athletic,fbs,,2426,Navy,American Athletic,fbs,,,,,,,,,,
1288,401752879,2025,regular,8,2025-10-18T04:00:00.000Z,26,UCLA,Big Ten,fbs,,120,Maryland,Big Ten,fbs,,,,,,,,,,
1289,401752904,2025,regular,12,2025-11-15T02:00:00.000Z,2483,Oregon,Big Ten,fbs,,135,Minnesota,Big Ten,fbs,,,,,,,,,,
1290,401762837,2025,regular,7,2025-10-11T04:00:00.000Z,2309,Kent State,Mid-American,fbs,,113,Massachusetts,Mid-American,fbs,,,,,,,,,,
1291,401752888,2025,regular,10,2025-11-01T04:00:00.000Z,135,Minnesota,Big Ten,fbs,,127,Michigan State,Big Ten,fbs,,,,,,,,,,
1292,401757296,2025,regular,11,2025-11-08T20:00:00.000Z,2393,Middle Tennessee,Conference USA,fbs,,2229,Florida International,Conference USA,fbs,,,,,,,,,,
1293,401761650,2025,regular,12,2025-11-15T05:00:00.000Z,290,Georgia Southern,Sun Belt,fbs,,324,Coastal Carolina,Sun Belt,fbs,,,,,,,,,,
1294,401752783,2025,regular,14,2025-11-29T05:00:00.000Z,8,Arkansas,SEC,fbs,,142,Missouri,SEC,fbs,,,,,,,,,,
1295,401762490,2025,regular,8,2025-10-18T04:00:00.000Z,58,South Florida,American Athletic,fbs,,2226,Florida Atlantic,American Athletic,fbs,,,,,,,,,,
1296,401754598,2025,regular,13,2025-11-22T01:00:00.000Z,152,NC State,ACC,fbs,,52,Florida State,ACC,fbs,,,,,,,,,,
1297,401752883,2025,regular,9,2025-10-25T04:00:00.000Z,158,Nebraska,Big Ten,fbs,,77,Northwestern,Big Ten,fbs,,,,,,,,,,
1298,401752743,2025,regular,8,2025-10-18T04:00:00.000Z,96,Kentucky,SEC,fbs,,251,Texas,SEC,fbs,,,,,,,,,,
1299,401752874,2025,regular,8,2025-10-18T04:00:00.000Z,77,Northwestern,Big Ten,fbs,,2509,Purdue,Big Ten,fbs,,,,,,,,,,
1300,401752746,2025,regular,9,2025-10-25T04:00:00.000Z,8,Arkansas,SEC,fbs,,2,Auburn,SEC,fbs,,,,,,,,,,
1301,401754605,2025,regular,13,2025-11-22T05:00:00.000Z,228,Clemson,ACC,fbs,,231,Furman,Southern,fcs,,,,,,,,,,
1302,401762827,2025,regular,5,2025-09-27T19:30:00.000Z,193,Miami (OH),Mid-American,fbs,,2815,Lindenwood,Big South-OVC,fcs,,,,,,,,,,
1303,401756945,2025,regular,11,2025-11-08T05:00:00.000Z,2641,Texas Tech,Big 12,fbs,,252,BYU,Big 12,fbs,,,,,,,,,,
1304,401752781,2025,regular,13,2025-11-22T17:00:00.000Z,245,Texas A&M,SEC,fbs,,2535,Samford,Southern,fcs,,,,,,,,,,
1305,401762831,2025,regular,6,2025-10-04T19:30:00.000Z,2084,Buffalo,Mid-American,fbs,,2199,Eastern Michigan,Mid-American,fbs,,,,,,,,,,
1306,401752902,2025,regular,12,2025-11-15T05:00:00.000Z,264,Washington,Big Ten,fbs,,2509,Purdue,Big Ten,fbs,,,,,,,,,,
1307,401761625,2025,regular,7,2025-10-11T04:00:00.000Z,256,James Madison,Sun Belt,fbs,,309,Louisiana,Sun Belt,fbs,,,,,,,,,,
1308,401752754,2025,regular,10,2025-11-01T04:00:00.000Z,2,Auburn,SEC,fbs,,96,Kentucky,SEC,fbs,,,,,,,,,,
1309,401757288,2025,regular,9,2025-10-23T01:00:00.000Z,166,New Mexico State,Conference USA,fbs,,2623,Missouri State,Conference USA,fbs,,,,,,,,,,
1310,401752885,2025,regular,9,2025-10-25T04:00:00.000Z,84,Indiana,Big Ten,fbs,,26,UCLA,Big Ten,fbs,,,,,,,,,,
1311,401761657,2025,regular,13,2025-11-22T05:00:00.000Z,290,Georgia Southern,Sun Belt,fbs,,295,Old Dominion,Sun Belt,fbs,,,,,,,,,,
1312,401762869,2025,regular,14,2025-11-25T05:00:00.000Z,2199,Eastern Michigan,Mid-American,fbs,,2711,Western Michigan,Mid-American,fbs,,,,,,,,,,
1313,401762834,2025,regular,7,2025-10-11T19:30:00.000Z,2711,Western Michigan,Mid-American,fbs,,2050,Ball State,Mid-American,fbs,,,,,,,,,,
1314,401761658,2025,regular,13,2025-11-22T05:00:00.000Z,6,South Alabama,Sun Belt,fbs,,2572,Southern Miss,Sun Belt,fbs,,,,,,,,,,
1315,401754569,2025,regular,8,2025-10-18T04:00:00.000Z,103,Boston College,ACC,fbs,,41,UConn,FBS Independents,fbs,,,,,,,,,,
1316,401757286,2025,regular,9,2025-10-21T23:30:00.000Z,2348,Louisiana Tech,Conference USA,fbs,,98,Western Kentucky,Conference USA,fbs,,,,,,,,,,
1317,401762854,2025,regular,11,2025-11-05T05:00:00.000Z,2649,Toledo,Mid-American,fbs,,2459,Northern Illinois,Mid-American,fbs,,,,,,,,,,
1318,401752878,2025,regular,8,2025-10-18T04:00:00.000Z,84,Indiana,Big Ten,fbs,,127,Michigan State,Big Ten,fbs,,,,,,,,,,
1319,401762861,2025,regular,12,2025-11-15T05:00:00.000Z,2050,Ball State,Mid-American,fbs,,2199,Eastern Michigan,Mid-American,fbs,,,,,,,,,,
1320,401752908,2025,regular,13,2025-11-22T05:00:00.000Z,213,Penn State,Big Ten,fbs,,158,Nebraska,Big Ten,fbs,,,,,,,,,,
1321,401760381,2025,regular,6,2025-10-04T16:00:00.000Z,2426,Navy,American Athletic,fbs,,2005,Air Force,Mountain West,fbs,,,,,,,,,,
1322,401752910,2025,regular,13,2025-11-22T05:00:00.000Z,26,UCLA,Big Ten,fbs,,264,Washington,Big Ten,fbs,,,,,,,,,,
1323,401762515,2025,regular,13,2025-11-22T05:00:00.000Z,218,Temple,American Athletic,fbs,,2655,Tulane,American Athletic,fbs,,,,,,,,,,
1324,401757309,2025,regular,13,2025-11-22T20:00:00.000Z,2638,UTEP,Conference USA,fbs,,166,New Mexico State,Conference USA,fbs,,,,,,,,,,
1325,401752773,2025,regular,13,2025-11-22T19:00:00.000Z,333,Alabama,SEC,fbs,,2197,Eastern Illinois,Big South-OVC,fcs,,,,,,,,,,
1326,401762493,2025,regular,9,2025-10-25T19:30:00.000Z,2426,Navy,American Athletic,fbs,,2226,Florida Atlantic,American Athletic,fbs,,,,,,,,,,
1327,401762843,2025,regular,8,2025-10-18T04:00:00.000Z,195,Ohio,Mid-American,fbs,,2459,Northern Illinois,Mid-American,fbs,,,,,,,,,,
1328,401760404,2025,regular,10,2025-11-01T19:00:00.000Z,2439,UNLV,Mountain West,fbs,,167,New Mexico,Mountain West,fbs,,,,,,,,,,
1329,401756924,2025,regular,8,2025-10-18T04:00:00.000Z,252,BYU,Big 12,fbs,,254,Utah,Big 12,fbs,,,,,,,,,,
1330,401754559,2025,regular,7,2025-10-11T04:00:00.000Z,52,Florida State,ACC,fbs,,221,Pittsburgh,ACC,fbs,,,,,,,,,,
1331,401752897,2025,regular,11,2025-11-08T05:00:00.000Z,2509,Purdue,Big Ten,fbs,,194,Ohio State,Big Ten,fbs,,,,,,,,,,
1332,401761618,2025,regular,6,2025-10-04T19:30:00.000Z,2247,Georgia State,Sun Belt,fbs,,256,James Madison,Sun Belt,fbs,,,,,,,,,,
1333,401761648,2025,regular,11,2025-11-08T05:00:00.000Z,309,Louisiana,Sun Belt,fbs,,326,Texas State,Sun Belt,fbs,,,,,,,,,,
1334,401752744,2025,regular,8,2025-10-18T04:00:00.000Z,2579,South Carolina,SEC,fbs,,201,Oklahoma,SEC,fbs,,,,,,,,,,
1335,401752777,2025,regular,13,2025-11-22T05:00:00.000Z,99,LSU,SEC,fbs,,98,Western Kentucky,Conference USA,fbs,,,,,,,,,,
1336,401756953,2025,regular,12,2025-11-15T05:00:00.000Z,2641,Texas Tech,Big 12,fbs,,2116,UCF,Big 12,fbs,,,,,,,,,,
1337,401760423,2025,regular,14,2025-11-29T05:00:00.000Z,23,San José State,Mountain West,fbs,,278,Fresno State,Mountain West,fbs,,,,,,,,,,
1338,401756967,2025,regular,14,2025-11-29T05:00:00.000Z,2628,TCU,Big 12,fbs,,2132,Cincinnati,Big 12,fbs,,,,,,,,,,
1339,401762476,2025,regular,6,2025-10-04T16:00:00.000Z,5,UAB,American Athletic,fbs,,349,Army,American Athletic,fbs,,,,,,,,,,
1340,401757305,2025,regular,13,2025-11-22T20:30:00.000Z,2229,Florida International,Conference USA,fbs,,55,Jacksonville State,Conference USA,fbs,,,,,,,,,,
1341,401762501,2025,regular,11,2025-11-08T02:00:00.000Z,235,Memphis,American Athletic,fbs,,2655,Tulane,American Athletic,fbs,,,,,,,,,,
1342,401752954,2025,regular,13,2025-11-22T05:00:00.000Z,256,James Madison,Sun Belt,fbs,,265,Washington State,Pac-12,fbs,,,,,,,,,,
1343,401752872,2025,regular,8,2025-10-18T00:00:00.000Z,135,Minnesota,Big Ten,fbs,,158,Nebraska,Big Ten,fbs,,,,,,,,,,
1344,401760395,2025,regular,8,2025-10-18T04:00:00.000Z,167,New Mexico,Mountain West,fbs,,2440,Nevada,Mountain West,fbs,,,,,,,,,,
1345,401752918,2025,regular,14,2025-11-29T05:00:00.000Z,135,Minnesota,Big Ten,fbs,,275,Wisconsin,Big Ten,fbs,,,,,,,,,,
1346,401762838,2025,regular,8,2025-10-18T19:30:00.000Z,2050,Ball State,Mid-American,fbs,,2006,Akron,Mid-American,fbs,,,,,,,,,,
1347,401760389,2025,regular,7,2025-10-12T03:59:00.000Z,62,Hawai'i,Mountain West,fbs,,328,Utah State,Mountain West,fbs,,,,,,,,,,
1348,401754580,2025,regular,10,2025-11-01T04:00:00.000Z,259,Virginia Tech,ACC,fbs,,97,Louisville,ACC,fbs,,,,,,,,,,
1349,401757292,2025,regular,10,2025-10-29T23:30:00.000Z,2393,Middle Tennessee,Conference USA,fbs,,55,Jacksonville State,Conference USA,fbs,,,,,,,,,,
1350,401761636,2025,regular,9,2025-10-25T23:00:00.000Z,2032,Arkansas State,Sun Belt,fbs,,290,Georgia Southern,Sun Belt,fbs,,,,,,,,,,
1351,401762491,2025,regular,8,2025-10-18T04:00:00.000Z,249,North Texas,American Athletic,fbs,,2636,UTSA,American Athletic,fbs,,,,,,,,,,
1352,401752858,2025,regular,6,2025-10-04T19:30:00.000Z,77,Northwestern,Big Ten,fbs,,2433,UL Monroe,Sun Belt,fbs,,,,,,,,,,
1353,401762873,2025,regular,6,2025-10-04T19:30:00.000Z,2459,Northern Illinois,Mid-American,fbs,,193,Miami (OH),Mid-American,fbs,,,,,,,,,,
1354,401762856,2025,regular,12,2025-11-12T00:30:00.000Z,2006,Akron,Mid-American,fbs,,2309,Kent State,Mid-American,fbs,,,,,,,,,,
1355,401757297,2025,regular,11,2025-11-08T20:00:00.000Z,2638,UTEP,Conference USA,fbs,,55,Jacksonville State,Conference USA,fbs,,,,,,,,,,
1356,401762852,2025,regular,11,2025-11-05T00:00:00.000Z,195,Ohio,Mid-American,fbs,,193,Miami (OH),Mid-American,fbs,,,,,,,,,,
1357,401754561,2025,regular,7,2025-10-11T04:00:00.000Z,2567,SMU,ACC,fbs,,24,Stanford,ACC,fbs,,,,,,,,,,
1358,401752866,2025,regular,7,2025-10-11T04:00:00.000Z,213,Penn State,Big Ten,fbs,,77,Northwestern,Big Ten,fbs,,,,,,,,,,
1359,401752887,2025,regular,10,2025-11-01T04:00:00.000Z,120,Maryland,Big Ten,fbs,,84,Indiana,Big Ten,fbs,,,,,,,,,,
1360,401752864,2025,regular,7,2025-10-11T04:00:00.000Z,135,Minnesota,Big Ten,fbs,,2509,Purdue,Big Ten,fbs,,,,,,,,,,
1361,401752884,2025,regular,9,2025-10-25T04:00:00.000Z,2509,Purdue,Big Ten,fbs,,164,Rutgers,Big Ten,fbs,,,,,,,,,,
1362,401762875,2025,regular,14,2025-11-29T05:00:00.000Z,193,Miami (OH),Mid-American,fbs,,2050,Ball State,Mid-American,fbs,,,,,,,,,,
1363,401761635,2025,regular,9,2025-10-25T04:00:00.000Z,295,Old Dominion,Sun Belt,fbs,,2026,App State,Sun Belt,fbs,,,,,,,,,,
1364,401752768,2025,regular,12,2025-11-15T05:00:00.000Z,99,LSU,SEC,fbs,,8,Arkansas,SEC,fbs,,,,,,,,,,
1365,401754550,2025,regular,6,2025-10-04T16:00:00.000Z,221,Pittsburgh,ACC,fbs,,103,Boston College,ACC,fbs,,,,,,,,,,
1366,401752951,2025,regular,8,2025-10-18T22:30:00.000Z,258,Virginia,ACC,fbs,,265,Washington State,Pac-12,fbs,,,,,,,,,,
1367,401756929,2025,regular,9,2025-10-25T04:00:00.000Z,9,Arizona State,Big 12,fbs,,248,Houston,Big 12,fbs,,,,,,,,,,
1368,401752862,2025,regular,7,2025-10-11T01:00:00.000Z,264,Washington,Big Ten,fbs,,164,Rutgers,Big Ten,fbs,,,,,,,,,,
1369,401760406,2025,regular,11,2025-11-08T05:00:00.000Z,23,San José State,Mountain West,fbs,,2005,Air Force,Mountain West,fbs,,,,,,,,,,
1370,401762485,2025,regular,7,2025-10-11T04:00:00.000Z,2636,UTSA,American Athletic,fbs,,242,Rice,American Athletic,fbs,,,,,,,,,,
1371,401761630,2025,regular,8,2025-10-18T04:00:00.000Z,290,Georgia Southern,Sun Belt,fbs,,2247,Georgia State,Sun Belt,fbs,,,,,,,,,,
1372,401761642,2025,regular,10,2025-11-01T04:00:00.000Z,6,South Alabama,Sun Belt,fbs,,309,Louisiana,Sun Belt,fbs,,,,,,,,,,
1373,401757301,2025,regular,12,2025-11-15T22:00:00.000Z,2229,Florida International,Conference USA,fbs,,2335,Liberty,Conference USA,fbs,,,,,,,,,,
1374,401756948,2025,regular,12,2025-11-15T05:00:00.000Z,9,Arizona State,Big 12,fbs,,277,West Virginia,Big 12,fbs,,,,,,,,,,
1375,401761647,2025,regular,11,2025-11-08T05:00:00.000Z,2032,Arkansas State,Sun Belt,fbs,,2572,Southern Miss,Sun Belt,fbs,,,,,,,,,,
1376,401754609,2025,regular,14,2025-11-29T05:00:00.000Z,25,California,ACC,fbs,,2567,SMU,ACC,fbs,,,,,,,,,,
1377,401756950,2025,regular,12,2025-11-15T05:00:00.000Z,252,BYU,Big 12,fbs,,2628,TCU,Big 12,fbs,,,,,,,,,,
1378,401761666,2025,regular,14,2025-11-29T05:00:00.000Z,2572,Southern Miss,Sun Belt,fbs,,2653,Troy,Sun Belt,fbs,,,,,,,,,,
1379,401762500,2025,regular,11,2025-11-07T00:30:00.000Z,58,South Florida,American Athletic,fbs,,2636,UTSA,American Athletic,fbs,,,,,,,,,,
1380,401756919,2025,regular,7,2025-10-11T04:00:00.000Z,2306,Kansas State,Big 12,fbs,,2628,TCU,Big 12,fbs,,,,,,,,,,
1381,401762871,2025,regular,14,2025-11-28T17:00:00.000Z,2459,Northern Illinois,Mid-American,fbs,,2309,Kent State,Mid-American,fbs,,,,,,,,,,
1382,401752952,2025,regular,9,2025-10-25T19:30:00.000Z,265,Washington State,Pac-12,fbs,,2649,Toledo,Mid-American,fbs,,,,,,,,,,
1383,401757276,2025,regular,6,2025-10-03T23:00:00.000Z,48,Delaware,Conference USA,fbs,,98,Western Kentucky,Conference USA,fbs,,,,,,,,,,
1384,401760413,2025,regular,12,2025-11-15T20:30:00.000Z,2440,Nevada,Mountain West,fbs,,23,San José State,Mountain West,fbs,,,,,,,,,,
1385,401762502,2025,regular,11,2025-11-08T05:00:00.000Z,242,Rice,American Athletic,fbs,,5,UAB,American Athletic,fbs,,,,,,,,,,
1386,401761621,2025,regular,6,2025-10-04T23:00:00.000Z,2653,Troy,Sun Belt,fbs,,6,South Alabama,Sun Belt,fbs,,,,,,,,,,
1387,401752905,2025,regular,12,2025-11-15T05:00:00.000Z,77,Northwestern,Big Ten,fbs,,130,Michigan,Big Ten,fbs,,,,,,,,,,
1388,401752747,2025,regular,9,2025-10-25T04:00:00.000Z,96,Kentucky,SEC,fbs,,2633,Tennessee,SEC,fbs,,,,,,,,,,
1389,401752729,2025,regular,6,2025-10-04T20:00:00.000Z,201,Oklahoma,SEC,fbs,,2309,Kent State,Mid-American,fbs,,,,,,,,,,
1390,401757275,2025,regular,6,2025-10-03T01:00:00.000Z,166,New Mexico State,Conference USA,fbs,,2534,Sam Houston,Conference USA,fbs,,,,,,,,,,
1391,401752924,2025,regular,14,2025-11-29T00:30:00.000Z,2509,Purdue,Big Ten,fbs,,84,Indiana,Big Ten,fbs,,,,,,,,,,
1392,401757307,2025,regular,13,2025-11-22T20:00:00.000Z,2348,Louisiana Tech,Conference USA,fbs,,2335,Liberty,Conference USA,fbs,,,,,,,,,,
1393,401761653,2025,regular,12,2025-11-15T05:00:00.000Z,2433,UL Monroe,Sun Belt,fbs,,6,South Alabama,Sun Belt,fbs,,,,,,,,,,
1394,401762479,2025,regular,6,2025-10-04T17:00:00.000Z,218,Temple,American Athletic,fbs,,2636,UTSA,American Athletic,fbs,,,,,,,,,,
1395,401760387,2025,regular,7,2025-10-11T04:00:00.000Z,68,Boise State,Mountain West,fbs,,167,New Mexico,Mountain West,fbs,,,,,,,,,,
1396,401761640,2025,regular,10,2025-10-30T23:30:00.000Z,324,Coastal Carolina,Sun Belt,fbs,,276,Marshall,Sun Belt,fbs,,,,,,,,,,
1397,401754551,2025,regular,6,2025-10-05T02:30:00.000Z,25,California,ACC,fbs,,150,Duke,ACC,fbs,,,,,,,,,,
1398,401762862,2025,regular,13,2025-11-19T00:00:00.000Z,189,Bowling Green,Mid-American,fbs,,2006,Akron,Mid-American,fbs,,,,,,,,,,
1399,401761659,2025,regular,13,2025-11-22T05:00:00.000Z,326,Texas State,Sun Belt,fbs,,2433,UL Monroe,Sun Belt,fbs,,,,,,,,,,
1400,401756910,2025,regular,6,2025-10-04T18:00:00.000Z,12,Arizona,Big 12,fbs,,197,Oklahoma State,Big 12,fbs,,,,,,,,,,
1401,401756938,2025,regular,10,2025-11-01T04:00:00.000Z,248,Houston,Big 12,fbs,,277,West Virginia,Big 12,fbs,,,,,,,,,,
1402,401754371,2025,regular,8,2025-10-18T02:30:00.000Z,25,California,ACC,fbs,,153,North Carolina,ACC,fbs,,,,,,,,,,
1403,401762860,2025,regular,12,2025-11-13T00:00:00.000Z,193,Miami (OH),Mid-American,fbs,,2649,Toledo,Mid-American,fbs,,,,,,,,,,
1404,401760415,2025,regular,13,2025-11-23T00:00:00.000Z,2005,Air Force,Mountain West,fbs,,167,New Mexico,Mountain West,fbs,,,,,,,,,,
1405,401752891,2025,regular,10,2025-11-01T04:00:00.000Z,356,Illinois,Big Ten,fbs,,164,Rutgers,Big Ten,fbs,,,,,,,,,,
1406,401754593,2025,regular,12,2025-11-15T05:00:00.000Z,150,Duke,ACC,fbs,,258,Virginia,ACC,fbs,,,,,,,,,,
1407,401757300,2025,regular,12,2025-11-15T18:00:00.000Z,2534,Sam Houston,Conference USA,fbs,,48,Delaware,Conference USA,fbs,,,,,,,,,,
1408,401756955,2025,regular,13,2025-11-22T05:00:00.000Z,2132,Cincinnati,Big 12,fbs,,252,BYU,Big 12,fbs,,,,,,,,,,
1409,401760385,2025,regular,6,2025-10-04T23:00:00.000Z,2751,Wyoming,Mountain West,fbs,,2439,UNLV,Mountain West,fbs,,,,,,,,,,
1410,401760382,2025,regular,6,2025-10-04T02:30:00.000Z,21,San Diego State,Mountain West,fbs,,36,Colorado State,Mountain West,fbs,,,,,,,,,,
1411,401756965,2025,regular,14,2025-11-29T05:00:00.000Z,2306,Kansas State,Big 12,fbs,,38,Colorado,Big 12,fbs,,,,,,,,,,
1412,401762874,2025,regular,9,2025-10-25T19:30:00.000Z,193,Miami (OH),Mid-American,fbs,,2711,Western Michigan,Mid-American,fbs,,,,,,,,,,
1413,401754599,2025,regular,13,2025-11-22T05:00:00.000Z,24,Stanford,ACC,fbs,,25,California,ACC,fbs,,,,,,,,,,
1414,401752860,2025,regular,6,2025-10-04T20:00:00.000Z,158,Nebraska,Big Ten,fbs,,127,Michigan State,Big Ten,fbs,,,,,,,,,,
1415,401752740,2025,regular,8,2025-10-18T04:00:00.000Z,2,Auburn,SEC,fbs,,142,Missouri,SEC,fbs,,,,,,,,,,
1416,401754555,2025,regular,6,2025-10-04T19:30:00.000Z,2567,SMU,ACC,fbs,,183,Syracuse,ACC,fbs,,,,,,,,,,
1417,401762487,2025,regular,8,2025-10-18T04:00:00.000Z,5,UAB,American Athletic,fbs,,235,Memphis,American Athletic,fbs,,,,,,,,,,
1418,401752895,2025,regular,11,2025-11-08T05:00:00.000Z,26,UCLA,Big Ten,fbs,,158,Nebraska,Big Ten,fbs,,,,,,,,,,
1419,401752762,2025,regular,11,2025-11-08T17:00:00.000Z,344,Mississippi State,SEC,fbs,,61,Georgia,SEC,fbs,,,,,,,,,,
1420,401757302,2025,regular,12,2025-11-15T19:00:00.000Z,55,Jacksonville State,Conference USA,fbs,,338,Kennesaw State,Conference USA,fbs,,,,,,,,,,
1421,401757312,2025,regular,14,2025-11-29T19:00:00.000Z,55,Jacksonville State,Conference USA,fbs,,98,Western Kentucky,Conference USA,fbs,,,,,,,,,,
1422,401752882,2025,regular,9,2025-10-25T04:00:00.000Z,2294,Iowa,Big Ten,fbs,,135,Minnesota,Big Ten,fbs,,,,,,,,,,
1423,401756915,2025,regular,6,2025-10-04T23:30:00.000Z,2116,UCF,Big 12,fbs,,2305,Kansas,Big 12,fbs,,,,,,,,,,
1424,401754560,2025,regular,7,2025-10-11T04:00:00.000Z,59,Georgia Tech,ACC,fbs,,259,Virginia Tech,ACC,fbs,,,,,,,,,,
1425,401761663,2025,regular,14,2025-11-29T05:00:00.000Z,276,Marshall,Sun Belt,fbs,,290,Georgia Southern,Sun Belt,fbs,,,,,,,,,,
1426,401760408,2025,regular,11,2025-11-09T04:00:00.000Z,62,Hawai'i,Mountain West,fbs,,21,San Diego State,Mountain West,fbs,,,,,,,,,,
1427,401752914,2025,regular,13,2025-11-22T05:00:00.000Z,120,Maryland,Big Ten,fbs,,130,Michigan,Big Ten,fbs,,,,,,,,,,
1428,401752942,2025,regular,9,2025-10-25T04:00:00.000Z,154,Wake Forest,ACC,fbs,,2567,SMU,ACC,fbs,,,,,,,,,,
1429,401760402,2025,regular,10,2025-11-01T04:00:00.000Z,68,Boise State,Mountain West,fbs,,278,Fresno State,Mountain West,fbs,,,,,,,,,,
1430,401762866,2025,regular,13,2025-11-20T00:00:00.000Z,2309,Kent State,Mid-American,fbs,,2117,Central Michigan,Mid-American,fbs,,,,,,,,,,
1431,401757283,2025,regular,8,2025-10-15T23:00:00.000Z,55,Jacksonville State,Conference USA,fbs,,48,Delaware,Conference USA,fbs,,,,,,,,,,
1432,401756957,2025,regular,13,2025-11-22T05:00:00.000Z,248,Houston,Big 12,fbs,,2628,TCU,Big 12,fbs,,,,,,,,,,
1433,401754606,2025,regular,13,2025-11-22T05:00:00.000Z,154,Wake Forest,ACC,fbs,,48,Delaware,Conference USA,fbs,,,,,,,,,,
1434,401762841,2025,regular,8,2025-10-18T04:00:00.000Z,193,Miami (OH),Mid-American,fbs,,2199,Eastern Michigan,Mid-American,fbs,,,,,,,,,,
1435,401760417,2025,regular,13,2025-11-23T03:30:00.000Z,278,Fresno State,Mountain West,fbs,,328,Utah State,Mountain West,fbs,,,,,,,,,,
1436,401752767,2025,regular,12,2025-11-15T18:30:00.000Z,96,Kentucky,SEC,fbs,,2635,Tennessee Tech,Big South-OVC,fcs,,,,,,,,,,
1437,401761623,2025,regular,7,2025-10-11T04:00:00.000Z,324,Coastal Carolina,Sun Belt,fbs,,2433,UL Monroe,Sun Belt,fbs,,,,,,,,,,
1438,401760391,2025,regular,7,2025-10-11T23:00:00.000Z,2751,Wyoming,Mountain West,fbs,,23,San José State,Mountain West,fbs,,,,,,,,,,
1439,401756918,2025,regular,7,2025-10-11T04:00:00.000Z,38,Colorado,Big 12,fbs,,66,Iowa State,Big 12,fbs,,,,,,,,,,
1440,401761661,2025,regular,14,2025-11-29T05:00:00.000Z,2026,App State,Sun Belt,fbs,,2032,Arkansas State,Sun Belt,fbs,,,,,,,,,,
1441,401754577,2025,regular,10,2025-11-01T04:00:00.000Z,228,Clemson,ACC,fbs,,150,Duke,ACC,fbs,,,,,,,,,,
1442,401761664,2025,regular,14,2025-11-29T05:00:00.000Z,295,Old Dominion,Sun Belt,fbs,,2247,Georgia State,Sun Belt,fbs,,,,,,,,,,
1443,401754575,2025,regular,10,2025-10-31T23:30:00.000Z,183,Syracuse,ACC,fbs,,153,North Carolina,ACC,fbs,,,,,,,,,,
1444,401752913,2025,regular,13,2025-11-22T05:00:00.000Z,2294,Iowa,Big Ten,fbs,,127,Michigan State,Big Ten,fbs,,,,,,,,,,
1445,401761639,2025,regular,10,2025-10-29T00:00:00.000Z,326,Texas State,Sun Belt,fbs,,256,James Madison,Sun Belt,fbs,,,,,,,,,,
1446,401756968,2025,regular,14,2025-11-29T05:00:00.000Z,277,West Virginia,Big 12,fbs,,2641,Texas Tech,Big 12,fbs,,,,,,,,,,
1447,401762495,2025,regular,9,2025-10-25T04:00:00.000Z,202,Tulsa,American Athletic,fbs,,218,Temple,American Athletic,fbs,,,,,,,,,,
1448,401752906,2025,regular,12,2025-11-15T05:00:00.000Z,356,Illinois,Big Ten,fbs,,120,Maryland,Big Ten,fbs,,,,,,,,,,
1449,401762504,2025,regular,11,2025-11-08T05:00:00.000Z,151,East Carolina,American Athletic,fbs,,2429,Charlotte,American Athletic,fbs,,,,,,,,,,
1450,401760383,2025,regular,6,2025-10-05T02:30:00.000Z,278,Fresno State,Mountain West,fbs,,2440,Nevada,Mountain West,fbs,,,,,,,,,,
1451,401752791,2025,regular,14,2025-11-29T05:00:00.000Z,2633,Tennessee,SEC,fbs,,238,Vanderbilt,SEC,fbs,,,,,,,,,,
1452,401760393,2025,regular,8,2025-10-18T04:00:00.000Z,68,Boise State,Mountain West,fbs,,2439,UNLV,Mountain West,fbs,,,,,,,,,,
1453,401762844,2025,regular,9,2025-10-25T04:00:00.000Z,2084,Buffalo,Mid-American,fbs,,2006,Akron,Mid-American,fbs,,,,,,,,,,
1454,401756937,2025,regular,10,2025-11-01T04:00:00.000Z,38,Colorado,Big 12,fbs,,12,Arizona,Big 12,fbs,,,,,,,,,,
1455,401760412,2025,regular,12,2025-11-15T05:00:00.000Z,278,Fresno State,Mountain West,fbs,,2751,Wyoming,Mountain West,fbs,,,,,,,,,,
1456,401762488,2025,regular,8,2025-10-18T04:00:00.000Z,2655,Tulane,American Athletic,fbs,,349,Army,American Athletic,fbs,,,,,,,,,,
1457,401760416,2025,regular,13,2025-11-22T05:00:00.000Z,68,Boise State,Mountain West,fbs,,36,Colorado State,Mountain West,fbs,,,,,,,,,,
1458,401756933,2025,regular,9,2025-10-25T04:00:00.000Z,2641,Texas Tech,Big 12,fbs,,197,Oklahoma State,Big 12,fbs,,,,,,,,,,
1459,401762484,2025,regular,7,2025-10-11T04:00:00.000Z,218,Temple,American Athletic,fbs,,2426,Navy,American Athletic,fbs,,,,,,,,,,
1460,401762512,2025,regular,13,2025-11-22T17:00:00.000Z,349,Army,American Athletic,fbs,,202,Tulsa,American Athletic,fbs,,,,,,,,,,
1461,401757313,2025,regular,14,2025-11-29T20:30:00.000Z,2335,Liberty,Conference USA,fbs,,338,Kennesaw State,Conference USA,fbs,,,,,,,,,,
1462,401756939,2025,regular,10,2025-11-01T04:00:00.000Z,66,Iowa State,Big 12,fbs,,9,Arizona State,Big 12,fbs,,,,,,,,,,
1463,401757166,2025,regular,11,2025-11-09T00:30:00.000Z,87,Notre Dame,FBS Independents,fbs,,2426,Navy,American Athletic,fbs,,,,,,,,,,
1464,401754567,2025,regular,8,2025-10-19T02:30:00.000Z,24,Stanford,ACC,fbs,,52,Florida State,ACC,fbs,,,,,,,,,,
1465,401761665,2025,regular,14,2025-11-29T05:00:00.000Z,309,Louisiana,Sun Belt,fbs,,2433,UL Monroe,Sun Belt,fbs,,,,,,,,,,
1466,401761645,2025,regular,11,2025-11-08T05:00:00.000Z,324,Coastal Carolina,Sun Belt,fbs,,2247,Georgia State,Sun Belt,fbs,,,,,,,,,,
1467,401752750,2025,regular,9,2025-10-25T04:00:00.000Z,201,Oklahoma,SEC,fbs,,145,Ole Miss,SEC,fbs,,,,,,,,,,
1468,401762851,2025,regular,11,2025-11-05T00:00:00.000Z,2006,Akron,Mid-American,fbs,,113,Massachusetts,Mid-American,fbs,,,,,,,,,,
1469,401752898,2025,regular,11,2025-11-08T05:00:00.000Z,2294,Iowa,Big Ten,fbs,,2483,Oregon,Big Ten,fbs,,,,,,,,,,
1470,401762503,2025,regular,11,2025-11-08T17:00:00.000Z,349,Army,American Athletic,fbs,,218,Temple,American Athletic,fbs,,,,,,,,,,
1471,401756947,2025,regular,11,2025-11-08T05:00:00.000Z,277,West Virginia,Big 12,fbs,,38,Colorado,Big 12,fbs,,,,,,,,,,
1472,401762855,2025,regular,11,2025-11-08T05:00:00.000Z,2199,Eastern Michigan,Mid-American,fbs,,189,Bowling Green,Mid-American,fbs,,,,,,,,,,
1473,401754574,2025,regular,9,2025-10-25T04:00:00.000Z,221,Pittsburgh,ACC,fbs,,152,NC State,ACC,fbs,,,,,,,,,,
1474,401754571,2025,regular,9,2025-10-25T04:00:00.000Z,59,Georgia Tech,ACC,fbs,,183,Syracuse,ACC,fbs,,,,,,,,,,
1475,401757314,2025,regular,14,2025-11-29T19:00:00.000Z,2623,Missouri State,Conference USA,fbs,,2348,Louisiana Tech,Conference USA,fbs,,,,,,,,,,
1476,401760421,2025,regular,14,2025-11-28T20:00:00.000Z,36,Colorado State,Mountain West,fbs,,2005,Air Force,Mountain West,fbs,,,,,,,,,,
1477,401757173,2025,regular,10,2025-11-01T16:00:00.000Z,41,UConn,FBS Independents,fbs,,5,UAB,American Athletic,fbs,,,,,,,,,,
1478,401752763,2025,regular,11,2025-11-08T05:00:00.000Z,142,Missouri,SEC,fbs,,245,Texas A&M,SEC,fbs,,,,,,,,,,
1479,401762509,2025,regular,12,2025-11-15T05:00:00.000Z,2655,Tulane,American Athletic,fbs,,2226,Florida Atlantic,American Athletic,fbs,,,,,,,,,,
1480,401757282,2025,regular,8,2025-10-14T23:00:00.000Z,2335,Liberty,Conference USA,fbs,,166,New Mexico State,Conference USA,fbs,,,,,,,,,,
1481,401757289,2025,regular,10,2025-10-29T00:00:00.000Z,338,Kennesaw State,Conference USA,fbs,,2638,UTEP,Conference USA,fbs,,,,,,,,,,
1482,401761629,2025,regular,8,2025-10-18T04:00:00.000Z,2026,App State,Sun Belt,fbs,,324,Coastal Carolina,Sun Belt,fbs,,,,,,,,,,
1483,401760409,2025,regular,11,2025-11-09T00:30:00.000Z,328,Utah State,Mountain West,fbs,,2440,Nevada,Mountain West,fbs,,,,,,,,,,
1484,401754592,2025,regular,12,2025-11-15T05:00:00.000Z,103,Boston College,ACC,fbs,,59,Georgia Tech,ACC,fbs,,,,,,,,,,
1485,401752739,2025,regular,8,2025-10-18T04:00:00.000Z,8,Arkansas,SEC,fbs,,245,Texas A&M,SEC,fbs,,,,,,,,,,
1486,401754601,2025,regular,13,2025-11-22T05:00:00.000Z,59,Georgia Tech,ACC,fbs,,221,Pittsburgh,ACC,fbs,,,,,,,,,,
1487,401762513,2025,regular,13,2025-11-22T05:00:00.000Z,2636,UTSA,American Athletic,fbs,,151,East Carolina,American Athletic,fbs,,,,,,,,,,
1488,401752749,2025,regular,9,2025-10-25T04:00:00.000Z,344,Mississippi State,SEC,fbs,,251,Texas,SEC,fbs,,,,,,,,,,
1489,401762835,2025,regular,7,2025-10-11T04:00:00.000Z,189,Bowling Green,Mid-American,fbs,,2649,Toledo,Mid-American,fbs,,,,,,,,,,
1490,401754613,2025,regular,14,2025-11-29T05:00:00.000Z,258,Virginia,ACC,fbs,,259,Virginia Tech,ACC,fbs,,,,,,,,,,
1491,401762872,2025,regular,14,2025-11-29T05:00:00.000Z,2117,Central Michigan,Mid-American,fbs,,2649,Toledo,Mid-American,fbs,,,,,,,,,,
1492,401754589,2025,regular,11,2025-11-08T05:00:00.000Z,258,Virginia,ACC,fbs,,154,Wake Forest,ACC,fbs,,,,,,,,,,
1493,401757174,2025,regular,12,2025-11-15T17:00:00.000Z,41,UConn,FBS Independents,fbs,,2005,Air Force,Mountain West,fbs,,,,,,,,,,
1494,401760396,2025,regular,8,2025-10-18T01:00:00.000Z,328,Utah State,Mountain West,fbs,,23,San José State,Mountain West,fbs,,,,,,,,,,
1495,401762518,2025,regular,14,2025-11-29T05:00:00.000Z,2655,Tulane,American Athletic,fbs,,2429,Charlotte,American Athletic,fbs,,,,,,,,,,
1496,401752894,2025,regular,11,2025-11-08T05:00:00.000Z,164,Rutgers,Big Ten,fbs,,120,Maryland,Big Ten,fbs,,,,,,,,,,
1497,401752863,2025,regular,7,2025-10-11T16:00:00.000Z,127,Michigan State,Big Ten,fbs,,26,UCLA,Big Ten,fbs,,,,,,,,,,
1498,401762516,2025,regular,14,2025-11-28T00:30:00.000Z,235,Memphis,American Athletic,fbs,,2426,Navy,American Athletic,fbs,,,,,,,,,,
1499,401754590,2025,regular,11,2025-11-08T20:30:00.000Z,41,UConn,FBS Independents,fbs,,150,Duke,ACC,fbs,,,,,,,,,,
1500,401757295,2025,regular,11,2025-11-08T20:00:00.000Z,48,Delaware,Conference USA,fbs,,2348,Louisiana Tech,Conference USA,fbs,,,,,,,,,,
1501,401762865,2025,regular,13,2025-11-20T00:00:00.000Z,2084,Buffalo,Mid-American,fbs,,193,Miami (OH),Mid-American,fbs,,,,,,,,,,
1502,401756920,2025,regular,7,2025-10-11T04:00:00.000Z,197,Oklahoma State,Big 12,fbs,,248,Houston,Big 12,fbs,,,,,,,,,,
1503,401754614,2025,regular,14,2025-11-29T05:00:00.000Z,24,Stanford,ACC,fbs,,87,Notre Dame,FBS Independents,fbs,,,,,,,,,,
1504,401754597,2025,regular,12,2025-11-15T05:00:00.000Z,221,Pittsburgh,ACC,fbs,,87,Notre Dame,FBS Independents,fbs,,,,,,,,,,
1505,401760401,2025,regular,10,2025-11-01T16:00:00.000Z,2005,Air Force,Mountain West,fbs,,349,Army,American Athletic,fbs,,,,,,,,,,
1506,401752785,2025,regular,14,2025-11-29T05:00:00.000Z,57,Florida,SEC,fbs,,52,Florida State,ACC,fbs,,,,,,,,,,
1507,401752782,2025,regular,13,2025-11-22T05:00:00.000Z,238,Vanderbilt,SEC,fbs,,96,Kentucky,SEC,fbs,,,,,,,,,,
1508,401762840,2025,regular,8,2025-10-18T04:00:00.000Z,113,Massachusetts,Mid-American,fbs,,2084,Buffalo,Mid-American,fbs,,,,,,,,,,
1509,401752877,2025,regular,8,2025-10-18T04:00:00.000Z,275,Wisconsin,Big Ten,fbs,,194,Ohio State,Big Ten,fbs,,,,,,,,,,
1510,401757308,2025,regular,13,2025-11-22T20:00:00.000Z,2393,Middle Tennessee,Conference USA,fbs,,2534,Sam Houston,Conference USA,fbs,,,,,,,,,,
1511,401761649,2025,regular,12,2025-11-14T00:30:00.000Z,295,Old Dominion,Sun Belt,fbs,,2653,Troy,Sun Belt,fbs,,,,,,,,,,
1512,401752953,2025,regular,12,2025-11-16T03:00:00.000Z,265,Washington State,Pac-12,fbs,,2348,Louisiana Tech,Conference USA,fbs,,,,,,,,,,
1513,401754602,2025,regular,13,2025-11-22T05:00:00.000Z,2567,SMU,ACC,fbs,,97,Louisville,ACC,fbs,,,,,,,,,,
1514,401761627,2025,regular,7,2025-10-11T04:00:00.000Z,326,Texas State,Sun Belt,fbs,,2653,Troy,Sun Belt,fbs,,,,,,,,,,
1515,401760403,2025,regular,10,2025-11-02T02:30:00.000Z,23,San José State,Mountain West,fbs,,62,Hawai'i,Mountain West,fbs,,,,,,,,,,
1516,401762498,2025,regular,10,2025-11-01T04:00:00.000Z,218,Temple,American Athletic,fbs,,151,East Carolina,American Athletic,fbs,,,,,,,,,,
1517,401760384,2025,regular,6,2025-10-04T02:00:00.000Z,23,San José State,Mountain West,fbs,,167,New Mexico,Mountain West,fbs,,,,,,,,,,
1518,401754603,2025,regular,13,2025-11-22T05:00:00.000Z,259,Virginia Tech,ACC,fbs,,2390,Miami,ACC,fbs,,,,,,,,,,
1519,401757290,2025,regular,10,2025-11-01T00:00:00.000Z,2348,Louisiana Tech,Conference USA,fbs,,2534,Sam Houston,Conference USA,fbs,,,,,,,,,,
1520,401761662,2025,regular,14,2025-11-29T05:00:00.000Z,324,Coastal Carolina,Sun Belt,fbs,,256,James Madison,Sun Belt,fbs,,,,,,,,,,
1521,401752733,2025,regular,7,2025-10-11T16:45:00.000Z,145,Ole Miss,SEC,fbs,,265,Washington State,Pac-12,fbs,,,,,,,,,,
1522,401762510,2025,regular,12,2025-11-15T17:00:00.000Z,2426,Navy,American Athletic,fbs,,58,South Florida,American Athletic,fbs,,,,,,,,,,
1523,401754562,2025,regular,7,2025-10-11T19:30:00.000Z,87,Notre Dame,FBS Independents,fbs,,152,NC State,ACC,fbs,,,,,,,,,,
1524,401752732,2025,regular,7,2025-10-11T04:00:00.000Z,99,LSU,SEC,fbs,,2579,South Carolina,SEC,fbs,,,,,,,,,,
1525,401756961,2025,regular,14,2025-11-28T05:00:00.000Z,9,Arizona State,Big 12,fbs,,12,Arizona,Big 12,fbs,,,,,,,,,,
1526,401754570,2025,regular,9,2025-10-25T04:00:00.000Z,97,Louisville,ACC,fbs,,103,Boston College,ACC,fbs,,,,,,,,,,
1527,401752900,2025,regular,12,2025-11-15T05:00:00.000Z,194,Ohio State,Big Ten,fbs,,26,UCLA,Big Ten,fbs,,,,,,,,,,
1528,401761622,2025,regular,7,2025-10-10T00:00:00.000Z,290,Georgia Southern,Sun Belt,fbs,,2572,Southern Miss,Sun Belt,fbs,,,,,,,,,,
1529,401757299,2025,regular,11,2025-11-08T18:00:00.000Z,2335,Liberty,Conference USA,fbs,,2623,Missouri State,Conference USA,fbs,,,,,,,,,,
1530,401757315,2025,regular,14,2025-11-29T20:00:00.000Z,166,New Mexico State,Conference USA,fbs,,2393,Middle Tennessee,Conference USA,fbs,,,,,,,,,,
1531,401756936,2025,regular,10,2025-11-01T04:00:00.000Z,239,Baylor,Big 12,fbs,,2116,UCF,Big 12,fbs,,,,,,,,,,
1532,401754610,2025,regular,14,2025-11-29T05:00:00.000Z,150,Duke,ACC,fbs,,154,Wake Forest,ACC,fbs,,,,,,,,,,
1533,401756930,2025,regular,9,2025-10-25T04:00:00.000Z,2132,Cincinnati,Big 12,fbs,,239,Baylor,Big 12,fbs,,,,,,,,,,
1534,401762830,2025,regular,6,2025-10-04T16:00:00.000Z,2050,Ball State,Mid-American,fbs,,195,Ohio,Mid-American,fbs,,,,,,,,,,
1535,401752903,2025,regular,12,2025-11-15T05:00:00.000Z,127,Michigan State,Big Ten,fbs,,213,Penn State,Big Ten,fbs,,,,,,,,,,
1536,401752761,2025,regular,11,2025-11-08T18:00:00.000Z,145,Ole Miss,SEC,fbs,,2643,The Citadel,Southern,fcs,,,,,,,,,,
1537,401762828,2025,regular,5,2025-09-27T22:30:00.000Z,2711,Western Michigan,Mid-American,fbs,,227,Rhode Island,CAA,fcs,,,,,,,,,,
1538,401761652,2025,regular,12,2025-11-15T05:00:00.000Z,256,James Madison,Sun Belt,fbs,,2026,App State,Sun Belt,fbs,,,,,,,,,,
1539,401761638,2025,regular,9,2025-10-25T04:00:00.000Z,2653,Troy,Sun Belt,fbs,,309,Louisiana,Sun Belt,fbs,,,,,,,,,,
1540,401757298,2025,regular,11,2025-11-08T21:00:00.000Z,166,New Mexico State,Conference USA,fbs,,338,Kennesaw State,Conference USA,fbs,,,,,,,,,,
1541,401752787,2025,regular,14,2025-11-29T05:00:00.000Z,97,Louisville,ACC,fbs,,96,Kentucky,SEC,fbs,,,,,,,,,,
1542,401752757,2025,regular,10,2025-11-01T04:00:00.000Z,2633,Tennessee,SEC,fbs,,201,Oklahoma,SEC,fbs,,,,,,,,,,
1543,401762492,2025,regular,9,2025-10-24T23:00:00.000Z,2429,Charlotte,American Athletic,fbs,,249,North Texas,American Athletic,fbs,,,,,,,,,,
1544,401754572,2025,regular,9,2025-10-25T04:00:00.000Z,2390,Miami,ACC,fbs,,24,Stanford,ACC,fbs,,,,,,,,,,
1545,401757306,2025,regular,13,2025-11-22T19:00:00.000Z,338,Kennesaw State,Conference USA,fbs,,2623,Missouri State,Conference USA,fbs,,,,,,,,,,
1546,401754576,2025,regular,10,2025-11-01T04:00:00.000Z,25,California,ACC,fbs,,258,Virginia,ACC,fbs,,,,,,,,,,
1547,401760419,2025,regular,13,2025-11-22T19:00:00.000Z,2751,Wyoming,Mountain West,fbs,,2440,Nevada,Mountain West,fbs,,,,,,,,,,
1548,401762832,2025,regular,6,2025-10-04T18:30:00.000Z,113,Massachusetts,Mid-American,fbs,,2711,Western Michigan,Mid-American,fbs,,,,,,,,,,
1549,401757277,2025,regular,7,2025-10-09T00:00:00.000Z,2638,UTEP,Conference USA,fbs,,2335,Liberty,Conference USA,fbs,,,,,,,,,,
1550,401752909,2025,regular,13,2025-11-22T05:00:00.000Z,77,Northwestern,Big Ten,fbs,,135,Minnesota,Big Ten,fbs,,,,,,,,,,
1551,401752756,2025,regular,10,2025-11-01T04:00:00.000Z,145,Ole Miss,SEC,fbs,,2579,South Carolina,SEC,fbs,,,,,,,,,,
1552,401762507,2025,regular,12,2025-11-15T05:00:00.000Z,2429,Charlotte,American Athletic,fbs,,2636,UTSA,American Athletic,fbs,,,,,,,,,,
1553,401762867,2025,regular,13,2025-11-22T05:00:00.000Z,2649,Toledo,Mid-American,fbs,,2050,Ball State,Mid-American,fbs,,,,,,,,,,
1554,401762853,2025,regular,11,2025-11-05T05:00:00.000Z,2050,Ball State,Mid-American,fbs,,2309,Kent State,Mid-American,fbs,,,,,,,,,,
1555,401752770,2025,regular,12,2025-11-15T05:00:00.000Z,142,Missouri,SEC,fbs,,344,Mississippi State,SEC,fbs,,,,,,,,,,
1556,401762442,2025,regular,14,2025-11-29T05:00:00.000Z,249,North Texas,American Athletic,fbs,,218,Temple,American Athletic,fbs,,,,,,,,,,
1557,401762857,2025,regular,12,2025-11-12T00:30:00.000Z,2711,Western Michigan,Mid-American,fbs,,195,Ohio,Mid-American,fbs,,,,,,,,,,
1558,401760399,2025,regular,9,2025-10-25T04:00:00.000Z,278,Fresno State,Mountain West,fbs,,21,San Diego State,Mountain West,fbs,,,,,,,,,,
1559,401752876,2025,regular,8,2025-10-18T04:00:00.000Z,164,Rutgers,Big Ten,fbs,,2483,Oregon,Big Ten,fbs,,,,,,,,,,
1560,401752753,2025,regular,10,2025-11-01T04:00:00.000Z,8,Arkansas,SEC,fbs,,344,Mississippi State,SEC,fbs,,,,,,,,,,
1561,401762833,2025,regular,7,2025-10-11T04:00:00.000Z,2006,Akron,Mid-American,fbs,,193,Miami (OH),Mid-American,fbs,,,,,,,,,,
1562,401757172,2025,regular,9,2025-10-25T04:00:00.000Z,242,Rice,American Athletic,fbs,,41,UConn,FBS Independents,fbs,,,,,,,,,,
1563,401752735,2025,regular,7,2025-10-11T04:00:00.000Z,2633,Tennessee,SEC,fbs,,8,Arkansas,SEC,fbs,,,,,,,,,,
1564,401756944,2025,regular,11,2025-11-08T05:00:00.000Z,2628,TCU,Big 12,fbs,,66,Iowa State,Big 12,fbs,,,,,,,,,,
1565,401752774,2025,regular,13,2025-11-22T19:00:00.000Z,2,Auburn,SEC,fbs,,2382,Mercer,Southern,fcs,,,,,,,,,,
1566,401760414,2025,regular,12,2025-11-16T00:00:00.000Z,2439,UNLV,Mountain West,fbs,,328,Utah State,Mountain West,fbs,,,,,,,,,,
1567,401757284,2025,regular,8,2025-10-15T23:00:00.000Z,2534,Sam Houston,Conference USA,fbs,,2638,UTEP,Conference USA,fbs,,,,,,,,,,
1568,401752941,2025,regular,8,2025-10-19T02:00:00.000Z,204,Oregon State,Pac-12,fbs,,322,Lafayette,Patriot,fcs,,,,,,,,,,
1569,401760410,2025,regular,12,2025-11-16T03:30:00.000Z,21,San Diego State,Mountain West,fbs,,68,Boise State,Mountain West,fbs,,,,,,,,,,
1570,401757287,2025,regular,9,2025-10-22T23:30:00.000Z,48,Delaware,Conference USA,fbs,,2393,Middle Tennessee,Conference USA,fbs,,,,,,,,,,
1571,401762441,2025,regular,14,2025-11-28T05:00:00.000Z,2636,UTSA,American Athletic,fbs,,349,Army,American Athletic,fbs,,,,,,,,,,
1572,401762519,2025,regular,14,2025-11-29T05:00:00.000Z,2226,Florida Atlantic,American Athletic,fbs,,151,East Carolina,American Athletic,fbs,,,,,,,,,,
1573,401761620,2025,regular,6,2025-10-04T20:00:00.000Z,2032,Arkansas State,Sun Belt,fbs,,326,Texas State,Sun Belt,fbs,,,,,,,,,,
1574,401752880,2025,regular,9,2025-10-25T04:00:00.000Z,264,Washington,Big Ten,fbs,,356,Illinois,Big Ten,fbs,,,,,,,,,,
1575,401761654,2025,regular,12,2025-11-15T05:00:00.000Z,2572,Southern Miss,Sun Belt,fbs,,326,Texas State,Sun Belt,fbs,,,,,,,,,,
1576,401752769,2025,regular,12,2025-11-15T05:00:00.000Z,145,Ole Miss,SEC,fbs,,57,Florida,SEC,fbs,,,,,,,,,,
1577,401762508,2025,regular,12,2025-11-15T05:00:00.000Z,151,East Carolina,American Athletic,fbs,,235,Memphis,American Athletic,fbs,,,,,,,,,,
1578,401754608,2025,regular,14,2025-11-29T05:00:00.000Z,183,Syracuse,ACC,fbs,,103,Boston College,ACC,fbs,,,,,,,,,,
1579,401752919,2025,regular,14,2025-11-29T05:00:00.000Z,30,USC,Big Ten,fbs,,26,UCLA,Big Ten,fbs,,,,,,,,,,
1580,401757175,2025,regular,13,2025-11-22T05:00:00.000Z,2226,Florida Atlantic,American Athletic,fbs,,41,UConn,FBS Independents,fbs,,,,,,,,,,
1581,401754583,2025,regular,10,2025-11-01T04:00:00.000Z,103,Boston College,ACC,fbs,,87,Notre Dame,FBS Independents,fbs,,,,,,,,,,
1582,401756917,2025,regular,7,2025-10-11T04:00:00.000Z,2132,Cincinnati,Big 12,fbs,,2116,UCF,Big 12,fbs,,,,,,,,,,
1583,401760407,2025,regular,11,2025-11-08T05:00:00.000Z,36,Colorado State,Mountain West,fbs,,2439,UNLV,Mountain West,fbs,,,,,,,,,,
1584,401754587,2025,regular,11,2025-11-08T05:00:00.000Z,2390,Miami,ACC,fbs,,183,Syracuse,ACC,fbs,,,,,,,,,,
1585,401754604,2025,regular,13,2025-11-22T20:30:00.000Z,87,Notre Dame,FBS Independents,fbs,,183,Syracuse,ACC,fbs,,,,,,,,,,
1586,401752912,2025,regular,13,2025-11-22T05:00:00.000Z,194,Ohio State,Big Ten,fbs,,164,Rutgers,Big Ten,fbs,,,,,,,,,,
1587,401762842,2025,regular,8,2025-10-18T04:00:00.000Z,2649,Toledo,Mid-American,fbs,,2309,Kent State,Mid-American,fbs,,,,,,,,,,
1588,401756958,2025,regular,13,2025-11-22T05:00:00.000Z,66,Iowa State,Big 12,fbs,,2305,Kansas,Big 12,fbs,,,,,,,,,,
1589,401756912,2025,regular,6,2025-10-04T16:00:00.000Z,2132,Cincinnati,Big 12,fbs,,66,Iowa State,Big 12,fbs,,,,,,,,,,
1590,401761634,2025,regular,9,2025-10-23T23:30:00.000Z,2247,Georgia State,Sun Belt,fbs,,6,South Alabama,Sun Belt,fbs,,,,,,,,,,
1591,401762489,2025,regular,8,2025-10-18T04:00:00.000Z,2429,Charlotte,American Athletic,fbs,,218,Temple,American Athletic,fbs,,,,,,,,,,
1592,401756946,2025,regular,11,2025-11-07T05:00:00.000Z,2116,UCF,Big 12,fbs,,248,Houston,Big 12,fbs,,,,,,,,,,
1593,401756940,2025,regular,10,2025-11-01T04:00:00.000Z,2305,Kansas,Big 12,fbs,,197,Oklahoma State,Big 12,fbs,,,,,,,,,,
1594,401752789,2025,regular,14,2025-11-29T05:00:00.000Z,201,Oklahoma,SEC,fbs,,99,LSU,SEC,fbs,,,,,,,,,,
1595,401752867,2025,regular,7,2025-10-11T04:00:00.000Z,120,Maryland,Big Ten,fbs,,158,Nebraska,Big Ten,fbs,,,,,,,,,,
1596,401762517,2025,regular,14,2025-11-29T05:00:00.000Z,202,Tulsa,American Athletic,fbs,,5,UAB,American Athletic,fbs,,,,,,,,,,
1597,401762443,2025,regular,10,2025-10-30T23:30:00.000Z,2636,UTSA,American Athletic,fbs,,2655,Tulane,American Athletic,fbs,,,,,,,,,,
1598,401752752,2025,regular,9,2025-10-25T04:00:00.000Z,238,Vanderbilt,SEC,fbs,,142,Missouri,SEC,fbs,,,,,,,,,,
1599,401752772,2025,regular,12,2025-11-15T05:00:00.000Z,245,Texas A&M,SEC,fbs,,2579,South Carolina,SEC,fbs,,,,,,,,,,
1600,401754585,2025,regular,11,2025-11-08T05:00:00.000Z,97,Louisville,ACC,fbs,,25,California,ACC,fbs,,,,,,,,,,
1601,401756935,2025,regular,9,2025-10-25T04:00:00.000Z,277,West Virginia,Big 12,fbs,,2628,TCU,Big 12,fbs,,,,,,,,,,
1602,401752945,2025,regular,12,2025-11-15T05:00:00.000Z,202,Tulsa,American Athletic,fbs,,204,Oregon State,Pac-12,fbs,,,,,,,,,,
1603,401760392,2025,regular,8,2025-10-18T19:30:00.000Z,2005,Air Force,Mountain West,fbs,,2751,Wyoming,Mountain West,fbs,,,,,,,,,,
1604,401752737,2025,regular,7,2025-10-11T04:00:00.000Z,245,Texas A&M,SEC,fbs,,57,Florida,SEC,fbs,,,,,,,,,,
1605,401752760,2025,regular,11,2025-11-08T05:00:00.000Z,96,Kentucky,SEC,fbs,,57,Florida,SEC,fbs,,,,,,,,,,
1606,401762849,2025,regular,10,2025-11-01T04:00:00.000Z,189,Bowling Green,Mid-American,fbs,,2084,Buffalo,Mid-American,fbs,,,,,,,,,,
1607,401762859,2025,regular,12,2025-11-13T00:00:00.000Z,113,Massachusetts,Mid-American,fbs,,2459,Northern Illinois,Mid-American,fbs,,,,,,,,,,
1608,401761626,2025,regular,7,2025-10-11T04:00:00.000Z,276,Marshall,Sun Belt,fbs,,295,Old Dominion,Sun Belt,fbs,,,,,,,,,,
1609,401762482,2025,regular,7,2025-10-11T04:00:00.000Z,2226,Florida Atlantic,American Athletic,fbs,,5,UAB,American Athletic,fbs,,,,,,,,,,
1610,401752886,2025,regular,9,2025-10-25T04:00:00.000Z,2483,Oregon,Big Ten,fbs,,275,Wisconsin,Big Ten,fbs,,,,,,,,,,
1611,401752745,2025,regular,8,2025-10-18T04:00:00.000Z,238,Vanderbilt,SEC,fbs,,99,LSU,SEC,fbs,,,,,,,,,,
1612,401756943,2025,regular,11,2025-11-08T05:00:00.000Z,12,Arizona,Big 12,fbs,,2305,Kansas,Big 12,fbs,,,,,,,,,,
1613,401761633,2025,regular,8,2025-10-18T04:00:00.000Z,2433,UL Monroe,Sun Belt,fbs,,2653,Troy,Sun Belt,fbs,,,,,,,,,,
1614,401762520,2025,regular,14,2025-11-29T05:00:00.000Z,58,South Florida,American Athletic,fbs,,242,Rice,American Athletic,fbs,,,,,,,,,,
1615,401762497,2025,regular,10,2025-10-31T23:00:00.000Z,242,Rice,American Athletic,fbs,,235,Memphis,American Athletic,fbs,,,,,,,,,,
1616,401761655,2025,regular,13,2025-11-21T00:30:00.000Z,2032,Arkansas State,Sun Belt,fbs,,309,Louisiana,Sun Belt,fbs,,,,,,,,,,
1617,401762858,2025,regular,12,2025-11-13T00:00:00.000Z,2117,Central Michigan,Mid-American,fbs,,2084,Buffalo,Mid-American,fbs,,,,,,,,,,
1618,401760394,2025,regular,8,2025-10-18T23:00:00.000Z,36,Colorado State,Mountain West,fbs,,62,Hawai'i,Mountain West,fbs,,,,,,,,,,
1619,401760405,2025,regular,10,2025-11-01T23:00:00.000Z,21,San Diego State,Mountain West,fbs,,2751,Wyoming,Mountain West,fbs,,,,,,,,,,
1620,401752780,2025,regular,13,2025-11-22T05:00:00.000Z,251,Texas,SEC,fbs,,8,Arkansas,SEC,fbs,,,,,,,,,,
1621,401760418,2025,regular,13,2025-11-22T03:30:00.000Z,2439,UNLV,Mountain West,fbs,,62,Hawai'i,Mountain West,fbs,,,,,,,,,,
1622,401761656,2025,regular,13,2025-11-22T05:00:00.000Z,2026,App State,Sun Belt,fbs,,276,Marshall,Sun Belt,fbs,,,,,,,,,,
1623,401762836,2025,regular,7,2025-10-11T04:00:00.000Z,2199,Eastern Michigan,Mid-American,fbs,,2459,Northern Illinois,Mid-American,fbs,,,,,,,,,,
1624,401762845,2025,regular,9,2025-10-25T04:00:00.000Z,2459,Northern Illinois,Mid-American,fbs,,2050,Ball State,Mid-American,fbs,,,,,,,,,,
1625,401754595,2025,regular,12,2025-11-15T05:00:00.000Z,2390,Miami,ACC,fbs,,152,NC State,ACC,fbs,,,,,,,,,,
1626,401762514,2025,regular,13,2025-11-22T05:00:00.000Z,242,Rice,American Athletic,fbs,,249,North Texas,American Athletic,fbs,,,,,,,,,,
1627,401761668,2025,regular,8,2025-10-18T04:00:00.000Z,309,Louisiana,Sun Belt,fbs,,2572,Southern Miss,Sun Belt,fbs,,,,,,,,,,
1628,401760400,2025,regular,9,2025-10-25T19:00:00.000Z,167,New Mexico,Mountain West,fbs,,328,Utah State,Mountain West,fbs,,,,,,,,,,
1629,401761643,2025,regular,10,2025-11-01T04:00:00.000Z,2653,Troy,Sun Belt,fbs,,2032,Arkansas State,Sun Belt,fbs,,,,,,,,,,
1630,401756954,2025,regular,13,2025-11-22T05:00:00.000Z,12,Arizona,Big 12,fbs,,239,Baylor,Big 12,fbs,,,,,,,,,,
1631,401754611,2025,regular,14,2025-11-29T05:00:00.000Z,221,Pittsburgh,ACC,fbs,,2390,Miami,ACC,fbs,,,,,,,,,,
1632,401760426,2025,regular,14,2025-11-28T20:30:00.000Z,167,New Mexico,Mountain West,fbs,,21,San Diego State,Mountain West,fbs,,,,,,,,,,
1633,401761624,2025,regular,7,2025-10-11T04:00:00.000Z,2247,Georgia State,Sun Belt,fbs,,2026,App State,Sun Belt,fbs,,,,,,,,,,
1634,401757310,2025,regular,14,2025-11-29T18:00:00.000Z,48,Delaware,Conference USA,fbs,,2638,UTEP,Conference USA,fbs,,,,,,,,,,
1635,401752915,2025,regular,13,2025-11-22T05:00:00.000Z,275,Wisconsin,Big Ten,fbs,,356,Illinois,Big Ten,fbs,,,,,,,,,,
1636,401754596,2025,regular,12,2025-11-15T05:00:00.000Z,154,Wake Forest,ACC,fbs,,153,North Carolina,ACC,fbs,,,,,,,,,,
1637,401761619,2025,regular,6,2025-10-04T22:00:00.000Z,295,Old Dominion,Sun Belt,fbs,,324,Coastal Carolina,Sun Belt,fbs,,,,,,,,,,
1638,401762868,2025,regular,14,2025-11-25T05:00:00.000Z,113,Massachusetts,Mid-American,fbs,,189,Bowling Green,Mid-American,fbs,,,,,,,,,,
1639,401762846,2025,regular,9,2025-10-25T04:00:00.000Z,2309,Kent State,Mid-American,fbs,,189,Bowling Green,Mid-American,fbs,,,,,,,,,,
1640,401757285,2025,regular,9,2025-10-21T23:00:00.000Z,2229,Florida International,Conference USA,fbs,,338,Kennesaw State,Conference USA,fbs,,,,,,,,,,
1641,401752741,2025,regular,8,2025-10-18T04:00:00.000Z,57,Florida,SEC,fbs,,344,Mississippi State,SEC,fbs,,,,,,,,,,
1642,401761637,2025,regular,9,2025-10-25T04:00:00.000Z,2572,Southern Miss,Sun Belt,fbs,,2433,UL Monroe,Sun Belt,fbs,,,,,,,,,,
1643,401752764,2025,regular,11,2025-11-08T05:00:00.000Z,238,Vanderbilt,SEC,fbs,,2,Auburn,SEC,fbs,,,,,,,,,,
1644,401762477,2025,regular,6,2025-10-04T23:00:00.000Z,242,Rice,American Athletic,fbs,,2226,Florida Atlantic,American Athletic,fbs,,,,,,,,,,
1645,401754588,2025,regular,11,2025-11-08T05:00:00.000Z,153,North Carolina,ACC,fbs,,24,Stanford,ACC,fbs,,,,,,,,,,
1646,401761631,2025,regular,8,2025-10-18T04:00:00.000Z,256,James Madison,Sun Belt,fbs,,295,Old Dominion,Sun Belt,fbs,,,,,,,,,,
1647,401756928,2025,regular,8,2025-10-18T04:00:00.000Z,2116,UCF,Big 12,fbs,,277,West Virginia,Big 12,fbs,,,,,,,,,,
