,season,id,name,position,team,conference,usage.overall,usage.pass,usage.rush,usage.firstDown,usage.secondDown,usage.thirdDown,usage.standardDowns,usage.passingDowns
0,2024,102597,Will Rogers,QB,Washington,B1G,0.464,0.823,0.046,0.411,0.471,0.6,0.404,0.634
1,2024,107494,Trey Sanders,RB,TCU,B12,0.037,0.0,0.08,0.043,0.036,0.016,0.041,0.029
2,2024,146583,John Adams,WR,Temple,AAC,0.03,0.048,0.011,0.019,0.044,0.035,0.03,0.031
3,2024,548696,Malik Jackson,TE,Towson,,0.014,0.026,0.0,0.016,0.021,0.0,0.01,0.024
4,2024,550577,Jordan Brown,WR,Fresno State,MWC,0.028,0.055,0.0,0.028,0.039,0.016,0.027,0.032
5,2024,553074,Aaron Young,RB,Old Dominion,SBC,0.227,0.019,0.414,0.285,0.233,0.109,0.278,0.122
6,2024,560147,Kevin Johnson,WR,Hampton,,0.045,0.114,0.0,0.048,0.03,0.074,0.048,0.037
7,2024,3116099,Monte Harrison,WR,Arkansas,SEC,0.029,0.054,0.0,0.05,0.0,0.0,0.034,0.0
8,2024,3949586,Jake Taylor,TE,Duke,ACC,0.035,0.06,0.0,0.037,0.02,0.041,0.029,0.046
9,2024,4038961,Cam McCormick,TE,Miami,ACC,0.017,0.03,0.0,0.0,0.053,0.0,0.012,0.032
10,2024,4242373,Bentley Hanshaw,TE,Liberty,CUSA,0.019,0.049,0.0,0.024,0.006,0.03,0.02,0.015
11,2024,4251136,Spencer Curtis,WR,Hawai'i,MWC,0.031,0.048,0.0,0.033,0.023,0.041,0.028,0.036
12,2024,4360435,Jacolby Hewitt,WR,Alabama A&M,,0.036,0.077,0.004,0.034,0.05,0.022,0.03,0.05
13,2024,4360480,Spencer Petras,QB,Utah State,MWC,0.498,0.86,0.077,0.399,0.586,0.595,0.432,0.671
14,2024,4360689,Tyler Shough,QB,Louisville,ACC,0.541,0.968,0.075,0.456,0.544,0.743,0.45,0.76
15,2024,4360890,Jordan McCloud,QB,Texas State,SBC,0.468,0.883,0.117,0.469,0.392,0.615,0.423,0.576
16,2024,4360930,Jyaire Shorter,WR,Memphis,AAC,0.022,0.037,0.0,0.015,0.02,0.044,0.019,0.03
17,2024,4361014,Brant Kuithe,TE,Utah,B12,0.083,0.14,0.027,0.09,0.075,0.085,0.09,0.07
18,2024,4361025,Jack Tuttle,QB,Michigan,B1G,0.485,0.885,0.143,0.528,0.417,0.538,0.419,0.641
19,2024,4361059,Da'kendall James,WR,Towson,,0.032,0.054,0.008,0.009,0.072,0.019,0.028,0.042
20,2024,4362075,Cameron Rising,QB,Utah,B12,0.381,0.767,0.048,0.43,0.258,0.476,0.375,0.392
21,2024,4362159,Alan Bowman,QB,Oklahoma State,B12,0.475,0.798,0.051,0.423,0.485,0.56,0.396,0.636
22,2024,4362188,Sterling Galban,WR,Massachusetts,Ind,0.035,0.075,0.002,0.033,0.046,0.025,0.025,0.054
23,2024,4362248,Anthony Torres,TE,Toledo,MAC,0.044,0.083,0.0,0.029,0.04,0.061,0.037,0.059
24,2024,4362263,Jalynn Williams,RB,Western Carolina,,0.06,0.009,0.128,0.051,0.073,0.06,0.06,0.06
25,2024,4362313,O'Shann Allison,RB,Austin Peay,,0.083,0.037,0.13,0.109,0.064,0.069,0.1,0.05
26,2024,4362332,Alec Burton,TE,Utah Tech,,0.016,0.027,0.0,0.013,0.016,0.0,0.027,0.0
27,2024,4362909,Cameron Gardner,WR,Mississippi Valley State,,0.041,0.078,0.005,0.023,0.045,0.074,0.036,0.049
28,2024,4362915,Gerry Bohannon,QB,BYU,B12,0.053,0.043,0.061,0.052,0.062,0.025,0.07,0.015
29,2024,4363059,Jay Gibson,TE,Chattanooga,,0.028,0.064,0.0,0.015,0.026,0.058,0.029,0.026
30,2024,4364635,Cole Grossman,TE,Montana,,0.05,0.115,0.0,0.055,0.025,0.045,0.048,0.053
31,2024,4365454,Takairee Kenebrew,WR,North Alabama,,0.069,0.137,0.004,0.079,0.06,0.069,0.068,0.07
32,2024,4365710,Jaren Mitchell,WR,Incarnate Word,,0.021,0.032,0.0,0.019,0.041,0.0,0.028,0.0
33,2024,4366640,Solomon Vanhorse,RB,Indiana,B1G,0.015,0.048,0.0,0.027,0.0,0.0,0.017,0.0
34,2024,4367042,John Erby,WR,Duquesne,,0.09,0.18,0.009,0.091,0.059,0.13,0.091,0.09
35,2024,4367069,Ty Son Lawton,RB,Indiana,B1G,0.182,0.04,0.298,0.23,0.19,0.062,0.207,0.115
36,2024,4368612,Jay Parker,WR,Tennessee Tech,,0.033,0.051,0.013,0.034,0.031,0.028,0.035,0.029
37,2024,4368909,Jeremiah Edwards,WR,UT Martin,,0.015,0.04,0.0,0.0,0.024,0.04,0.0,0.061
38,2024,4369910,Chance Newman,QB,Northwestern State,,0.046,0.031,0.063,0.019,0.086,0.031,0.036,0.059
39,2024,4370170,Landon Parker,WR,Troy,SBC,0.047,0.093,0.0,0.039,0.053,0.059,0.037,0.069
40,2024,4370170,Landon Parker,WR,Troy,,0.047,0.093,0.0,0.039,0.053,0.059,0.037,0.069
41,2024,4370981,Keilon Elder,RB,Grambling,,0.169,0.033,0.288,0.245,0.167,0.053,0.253,0.038
42,2024,4371078,Romelo Williams,QB,Virginia St,,0.436,0.762,0.242,0.292,0.389,0.769,0.351,0.611
43,2024,4373895,Ben Wooldridge,QB,Louisiana,SBC,0.501,0.89,0.139,0.416,0.538,0.615,0.461,0.61
44,2024,4376241,D'Angelo Durham,RB,McNeese,,0.102,0.027,0.165,0.141,0.075,0.059,0.124,0.058
45,2024,4379400,Matthew Downing,QB,Elon,,0.431,0.781,0.108,0.373,0.409,0.608,0.379,0.533
46,2024,4379471,Tyler Brown,WR,Clemson,ACC,0.053,0.079,0.02,0.059,0.083,0.0,0.053,0.053
47,2024,4383431,Cameron Lewis,WR,East Tennessee State,,0.066,0.148,0.0,0.085,0.047,0.0,0.072,0.051
48,2024,4384603,Will McElvain,QB,Central Arkansas,,0.432,0.783,0.1,0.395,0.419,0.547,0.394,0.503
49,2024,4395522,Jacob Van Landingham,WR,Northern State,,0.038,0.154,0.0,0.0,0.125,0.0,0.0,0.083
50,2024,4426333,John Emery Jr.,RB,LSU,SEC,0.172,0.026,0.385,0.276,0.1,0.077,0.204,0.067
51,2024,4426335,Graham Mertz,QB,Florida,SEC,0.373,0.645,0.104,0.349,0.323,0.509,0.341,0.453
52,2024,4426337,Bru McCoy,WR,Tennessee,SEC,0.055,0.125,0.004,0.069,0.051,0.038,0.058,0.049
53,2024,4426357,Kyle Ford,WR,USC,B1G,0.044,0.073,0.003,0.024,0.074,0.05,0.023,0.103
54,2024,4426409,Chez Mellusi,RB,Wisconsin,B1G,0.225,0.05,0.367,0.276,0.234,0.113,0.267,0.101
55,2024,4426410,Mycah Pittman,WR,Utah,B12,0.018,0.032,0.0,0.021,0.009,0.027,0.014,0.024
56,2024,4426417,Jacob Zeno,QB,UAB,AAC,0.502,0.91,0.191,0.46,0.446,0.685,0.407,0.753
57,2024,4426420,Devyn Ford,RB,Notre Dame,Ind,0.038,0.011,0.06,0.017,0.037,0.087,0.029,0.058
58,2024,4426421,Ryland Goede,TE,Georgia Tech,ACC,0.016,0.038,0.0,0.012,0.024,0.016,0.018,0.011
59,2024,4426424,Trejan Bridges,WR,Central Arkansas,,0.071,0.142,0.0,0.053,0.07,0.118,0.054,0.103
60,2024,4426428,Sean Dollars,RB,Nevada,MWC,0.119,0.054,0.166,0.119,0.129,0.096,0.128,0.099
61,2024,4426430,Taisun Phommachanh,QB,Massachusetts,Ind,0.538,0.886,0.246,0.476,0.533,0.657,0.446,0.724
62,2024,4426444,Connor Bazelak,QB,Bowling Green,MAC,0.532,0.951,0.065,0.46,0.553,0.655,0.478,0.645
63,2024,4426454,Lance LeGendre,WR,Louisiana,SBC,0.061,0.123,0.004,0.06,0.064,0.064,0.054,0.081
64,2024,4426459,Chase Lane,WR,Georgia Tech,ACC,0.039,0.083,0.0,0.034,0.049,0.032,0.034,0.052
65,2024,4426460,Jackson Lowe,TE,Incarnate Word,,0.029,0.056,0.0,0.032,0.022,0.036,0.03,0.024
66,2024,4426463,Dannis Jackson,WR,Southern Miss,SBC,0.036,0.058,0.013,0.048,0.029,0.029,0.038,0.033
67,2024,4426478,Colby Bowman,WR,Utah State,MWC,0.022,0.04,0.0,0.008,0.022,0.034,0.027,0.011
68,2024,4426484,Marcus Major,RB,Minnesota,B1G,0.133,0.053,0.226,0.144,0.169,0.057,0.141,0.112
69,2024,4426499,Hank Bachmeier,QB,Wake Forest,ACC,0.521,0.879,0.149,0.434,0.549,0.645,0.444,0.695
70,2024,4426524,Kendall Abdur-Rahman,WR,McKendree,,0.048,0.083,0.0,0.056,0.0,0.118,0.038,0.065
71,2024,4426528,Ife Adeyi,WR,Sam Houston,CUSA,0.042,0.08,0.014,0.05,0.031,0.049,0.046,0.034
72,2024,4426530,Kay'Ron Adams,RB,Michigan State,B1G,0.2,0.042,0.366,0.193,0.254,0.136,0.221,0.156
73,2024,4426535,Theo Wease,WR,Missouri,SEC,0.078,0.169,0.0,0.056,0.084,0.104,0.056,0.131
74,2024,4426570,Ezeriah Anderson,WR,UConn,Ind,0.019,0.038,0.0,0.021,0.03,0.0,0.021,0.015
75,2024,4426612,Jarrad Baker,WR,UCF,B12,0.017,0.042,0.0,0.012,0.009,0.032,0.016,0.02
76,2024,4426635,Darwin Barlow,RB,North Carolina,ACC,0.049,0.031,0.06,0.047,0.027,0.091,0.035,0.082
77,2024,4426645,Jouvensly Bazil,RB,Bethune-Cookman,,0.076,0.023,0.128,0.099,0.067,0.041,0.088,0.058
78,2024,4426657,Ryan Hilinski,QB,Northwestern,B1G,0.09,0.149,0.014,0.101,0.077,0.071,0.104,0.066
79,2024,4426684,Andrew Bench,TE,South Alabama,SBC,0.016,0.031,0.0,0.0,0.0,0.077,0.021,0.0
80,2024,4426687,Johnathan Bennett,QB,The Citadel,,0.396,0.713,0.238,0.31,0.364,0.609,0.326,0.531
81,2024,4426688,Kaiden Bennett,QB,Sacramento State,,0.363,0.5,0.169,0.3,0.385,0.5,0.277,0.518
82,2024,4426689,Ulysses Bentley IV,RB,Ole Miss,SEC,0.133,0.039,0.221,0.139,0.129,0.13,0.147,0.097
83,2024,4426696,Micah Bernard,RB,Utah,B12,0.304,0.091,0.516,0.355,0.335,0.2,0.337,0.245
84,2024,4426703,Mark Biggins,RB,Campbell,,0.171,0.018,0.307,0.196,0.201,0.112,0.193,0.132
85,2024,4426760,Stephan Bracey,WR,Central Michigan,MAC,0.043,0.079,0.0,0.065,0.024,0.034,0.04,0.049
86,2024,4426815,Mike Brown-Stephens,WR,South Florida,AAC,0.046,0.086,0.0,0.051,0.038,0.052,0.047,0.043
87,2024,4426847,Zach Calzada,QB,Incarnate Word,,0.536,0.833,0.189,0.508,0.532,0.611,0.504,0.61
88,2024,4426857,Oscar Cardenas,TE,UTSA,AAC,0.025,0.043,0.004,0.009,0.026,0.05,0.019,0.035
89,2024,4426869,Jalen Carr,WR,Illinois State,,0.025,0.071,0.0,0.0,0.038,0.059,0.033,0.0
90,2024,4426884,Quincy Casey,QB,West Georgia,,0.363,0.493,0.194,0.335,0.398,0.356,0.332,0.424
91,2024,4426892,Dante Cephas,WR,Kansas State,B12,0.033,0.07,0.0,0.039,0.021,0.032,0.035,0.028
92,2024,4426894,Dante Chachere,QB,Portland State,,0.499,0.862,0.272,0.375,0.527,0.727,0.4,0.713
93,2024,4426919,De'Corian Clark,WR,UTSA,AAC,0.011,0.02,0.0,0.026,0.0,0.0,0.02,0.0
94,2024,4426952,Jack Coldiron,TE,Miami (OH),MAC,0.033,0.059,0.0,0.039,0.027,0.032,0.036,0.027
95,2024,4426965,Blair Conwright,WR,North Texas,AAC,0.046,0.076,0.0,0.046,0.055,0.03,0.041,0.056
96,2024,4426971,Gary Cooper,WR,Bryant,,0.079,0.121,0.0,0.099,0.063,0.079,0.093,0.055
97,2024,4426998,Javien Cuff,WR,Buffalo,MAC,0.025,0.056,0.0,0.014,0.039,0.03,0.022,0.032
98,2024,4427003,Kyron Cumby,WR,Tennessee Tech,,0.133,0.037,0.217,0.139,0.158,0.098,0.152,0.103
99,2024,4427097,Elijah Downing,WR,Murray State,,0.02,0.047,0.0,0.011,0.028,0.029,0.01,0.039
100,2024,4427111,Michel Dukes,RB,Georgia State,SBC,0.134,0.097,0.186,0.128,0.133,0.152,0.13,0.142
101,2024,4427176,Joey Felton,WR,Yale,,0.04,0.084,0.0,0.052,0.017,0.055,0.034,0.055
102,2024,4427191,Dequan Finn,QB,Baylor,B12,0.32,0.548,0.152,0.282,0.267,0.419,0.269,0.418
103,2024,4427225,Zakhari Franklin,WR,Illinois,B1G,0.083,0.173,0.003,0.038,0.117,0.135,0.052,0.149
104,2024,4427238,Dillon Gabriel,QB,Oregon,B1G,0.53,0.943,0.12,0.455,0.502,0.757,0.455,0.725
105,2024,4427243,Brett Gabbert,QB,Miami (OH),MAC,0.538,0.946,0.076,0.5,0.526,0.642,0.501,0.611
106,2024,4427251,Velton Gardner,RB,Texas,SEC,0.076,0.0,0.147,0.063,0.087,0.111,0.089,0.048
107,2024,4427287,Dorien Goddard,WR,UVA Wise,,0.051,0.103,0.0,0.0,0.105,0.059,0.0,0.107
108,2024,4427299,Damarius Good,RB,Long Island University,,0.026,0.0,0.042,0.026,0.049,0.0,0.033,0.015
109,2024,4427313,Ta'Quan Roberson,QB,Kansas State,B12,0.032,0.067,0.007,0.009,0.038,0.064,0.012,0.081
110,2024,4427331,Khafre Brown,WR,Arkansas,SEC,0.029,0.054,0.0,0.025,0.0,0.111,0.017,0.083
111,2024,4427332,Gerald Green,RB,Troy,SBC,0.154,0.023,0.267,0.181,0.147,0.127,0.178,0.101
112,2024,4427332,Gerald Green,RB,Troy,,0.154,0.023,0.267,0.181,0.147,0.127,0.178,0.101
113,2024,4427354,Jarrett Guest,QB,Bryant,,0.548,0.775,0.173,0.488,0.579,0.632,0.502,0.636
114,2024,4427431,Cooper Heisey,TE,Maine,,0.041,0.08,0.0,0.023,0.052,0.069,0.035,0.052
115,2024,4427446,Braylon Henderson,WR,North Dakota State,,0.039,0.098,0.0,0.038,0.043,0.037,0.029,0.067
116,2024,4427455,Cade McNamara,QB,Iowa,B1G,0.378,0.911,0.021,0.23,0.413,0.636,0.274,0.659
117,2024,4427518,Demariyon Houston,WR,Old Dominion,SBC,0.04,0.094,0.007,0.028,0.063,0.036,0.025,0.071
118,2024,4427548,Desmond Hutson,WR,Northern Iowa,,0.062,0.129,0.0,0.039,0.052,0.141,0.042,0.101
119,2024,4427569,Giles Jackson,WR,Washington,B1G,0.103,0.182,0.01,0.102,0.082,0.145,0.094,0.125
120,2024,4427601,Ali Jennings,WR,Virginia Tech,ACC,0.043,0.096,0.0,0.045,0.034,0.059,0.03,0.069
121,2024,4427609,Rahmir Johnson,RB,Nebraska,B1G,0.11,0.055,0.167,0.136,0.122,0.045,0.12,0.086
122,2024,4427611,Garrison Johnson,RB,The Citadel,,0.093,0.008,0.137,0.093,0.085,0.093,0.113,0.053
123,2024,4427630,Oscar Adaway III,RB,South Carolina,SEC,0.113,0.055,0.156,0.123,0.117,0.098,0.134,0.068
124,2024,4427634,Keegan Jones,RB,UCLA,B1G,0.09,0.044,0.153,0.119,0.091,0.038,0.097,0.076
125,2024,4427648,Lexington Joseph,RB,Florida International,CUSA,0.124,0.029,0.209,0.133,0.123,0.119,0.134,0.102
126,2024,4427649,Kelley Joiner Jr.,RB,South Florida,AAC,0.142,0.024,0.263,0.152,0.171,0.087,0.163,0.102
127,2024,4427694,Casey Kelly,TE,East Carolina,AAC,0.032,0.064,0.0,0.023,0.036,0.046,0.027,0.045
128,2024,4427709,Keshawn King,RB,Western Michigan,MAC,0.085,0.0,0.132,0.078,0.059,0.143,0.063,0.148
129,2024,4427731,Tyler Knoop,QB,Stony Brook,,0.38,0.714,0.108,0.349,0.403,0.408,0.344,0.477
130,2024,4427779,Jaelyn Lay,TE,Massachusetts,Ind,0.012,0.026,0.0,0.014,0.0,0.028,0.009,0.021
131,2024,4427819,Justin Lockhart,WR,San José State,MWC,0.065,0.101,0.0,0.056,0.07,0.084,0.056,0.085
132,2024,4427821,Torry Locklin,RB,Kansas,B12,0.02,0.023,0.018,0.034,0.015,0.0,0.022,0.016
133,2024,4427841,Billy Lucas,RB,Liberty,CUSA,0.169,0.018,0.261,0.21,0.186,0.061,0.184,0.128
134,2024,4427846,Khatib Lyles,WR,Austin Peay,,0.016,0.029,0.0,0.0,0.05,0.0,0.0,0.043
135,2024,4427911,Hollis Mathis,QB,William & Mary,,0.112,0.234,0.041,0.105,0.118,0.125,0.097,0.152
136,2024,4427934,Dominick Mazotti,TE,Massachusetts,Ind,0.034,0.076,0.003,0.033,0.027,0.041,0.031,0.038
137,2024,4427936,Grayson McCall,QB,NC State,ACC,0.336,0.521,0.118,0.262,0.365,0.453,0.314,0.388
138,2024,4427949,Clifton McDowell,QB,McNeese,,0.446,0.664,0.3,0.404,0.455,0.547,0.411,0.516
139,2024,4427957,Ty McCullouch,WR,Montana State,,0.059,0.139,0.02,0.06,0.068,0.049,0.061,0.056
140,2024,4427960,Terrell McDonald,TE,UAB,AAC,0.025,0.029,0.02,0.037,0.016,0.019,0.031,0.012
141,2024,4427966,Maverick McIvor,QB,Abilene Christian,,0.477,0.784,0.05,0.388,0.505,0.634,0.419,0.609
142,2024,4427971,Dontae McMillan,RB,Eastern Michigan,MAC,0.194,0.031,0.354,0.173,0.357,0.036,0.225,0.125
143,2024,4427981,Jayce Medlock,TE,Prairie View A&M,,0.036,0.069,0.0,0.038,0.03,0.045,0.042,0.025
144,2024,4427983,Dawaiian McNeely,RB,Wyoming,MWC,0.015,0.0,0.028,0.0,0.045,0.0,0.0,0.042
145,2024,4428018,Delbert Mimms III,RB,Eastern Michigan,MAC,0.208,0.049,0.388,0.223,0.19,0.182,0.248,0.123
146,2024,4428025,Kris Mitchell,WR,Notre Dame,Ind,0.035,0.077,0.0,0.032,0.047,0.029,0.033,0.042
147,2024,4428030,Jalen Mitchell,RB,Tennessee Tech,,0.207,0.035,0.368,0.253,0.163,0.194,0.24,0.147
148,2024,4428035,Elijah Mojarro,TE,Rice,AAC,0.039,0.059,0.005,0.012,0.062,0.055,0.021,0.068
149,2024,4428050,Kamari Morales,TE,Boston College,ACC,0.043,0.095,0.0,0.044,0.033,0.05,0.053,0.02
150,2024,4428095,Thomas Nance,TE,Bethune-Cookman,,0.043,0.091,0.0,0.025,0.066,0.039,0.041,0.045
151,2024,4428116,Isaiah Neyor,WR,Nebraska,B1G,0.054,0.101,0.006,0.039,0.066,0.068,0.043,0.083
152,2024,4428143,Sone Ntoh,RB,Monmouth,,0.135,0.007,0.293,0.116,0.122,0.177,0.166,0.063
153,2024,4428162,Duke Olges,TE,Northwestern,B1G,0.014,0.028,0.0,0.0,0.045,0.0,0.022,0.0
154,2024,4428163,Donovan Ollie,WR,Colorado State,MWC,0.034,0.059,0.0,0.016,0.043,0.065,0.011,0.075
155,2024,4428167,Justin Olson,WR,Charlotte,AAC,0.058,0.097,0.0,0.048,0.143,0.0,0.065,0.048
156,2024,4428167,Justin Olson,WR,Charlotte,,0.058,0.097,0.0,0.048,0.143,0.0,0.065,0.048
157,2024,4428177,Nick Ostmo,RB,Montana,,0.171,0.045,0.302,0.2,0.177,0.095,0.198,0.1
158,2024,4428200,Cross Patton,RB,Bethune-Cookman,,0.076,0.019,0.113,0.056,0.067,0.133,0.078,0.073
159,2024,4428216,Alec Pell,TE,Austin Peay,,0.036,0.06,0.008,0.017,0.034,0.069,0.033,0.042
160,2024,4428219,Brionne Penny,WR,James Madison,SBC,0.017,0.053,0.0,0.0,0.0,0.091,0.0,0.059
161,2024,4428272,Juwuan Price,RB,North Texas,AAC,0.098,0.011,0.219,0.111,0.115,0.038,0.114,0.063
162,2024,4428320,Courtney Reese,RB,Bethune-Cookman,,0.104,0.045,0.155,0.127,0.092,0.086,0.117,0.081
163,2024,4428336,Sevonne Rhea,WR,Lamar,,0.043,0.096,0.003,0.062,0.014,0.045,0.052,0.023
164,2024,4428438,Edward Saydee,RB,Gardner-Webb,,0.248,0.076,0.429,0.268,0.281,0.194,0.269,0.21
165,2024,4428439,Collin Schlee,QB,Virginia Tech,ACC,0.207,0.278,0.151,0.167,0.214,0.258,0.19,0.239
166,2024,4428486,Treon Sibley,WR,Liberty,CUSA,0.038,0.102,0.0,0.047,0.029,0.028,0.04,0.032
167,2024,4428527,Dalvin Smith,WR,Western Kentucky,CUSA,0.05,0.091,0.003,0.055,0.033,0.062,0.049,0.051
168,2024,4428580,Tyler Stephens,TE,Missouri,SEC,0.018,0.038,0.0,0.0,0.041,0.026,0.012,0.039
169,2024,4428594,Melquan Stovall,WR,Arizona State,B12,0.034,0.07,0.008,0.022,0.041,0.049,0.027,0.049
170,2024,4428606,Jacquez Stuart,RB,Toledo,MAC,0.114,0.045,0.19,0.129,0.134,0.073,0.115,0.113
171,2024,4428643,Tristen Tewes,TE,Northern Illinois,MAC,0.015,0.042,0.0,0.014,0.018,0.013,0.018,0.009
172,2024,4428666,Cadarrius Thompson,WR,Georgia State,SBC,0.014,0.02,0.0,0.0,0.038,0.0,0.0,0.043
173,2024,4428692,Dino Tomlin,WR,Boston College,ACC,0.015,0.028,0.0,0.012,0.031,0.0,0.007,0.029
174,2024,4428693,Trent Tompkins,QB,UC Davis,,0.088,0.15,0.019,0.075,0.081,0.129,0.077,0.118
175,2024,4428719,Milan Tucker,WR,Florida Atlantic,AAC,0.027,0.059,0.0,0.024,0.025,0.044,0.021,0.038
176,2024,4428754,Charlie Vincent,RB,Utah,B12,0.033,0.009,0.058,0.043,0.02,0.029,0.042,0.018
177,2024,4428783,Treshaun Ward,RB,Boston College,ACC,0.143,0.063,0.198,0.183,0.134,0.092,0.164,0.087
178,2024,4428784,Damon Ward Jr.,WR,North Texas,AAC,0.06,0.102,0.0,0.063,0.044,0.074,0.056,0.069
179,2024,4428800,JR Waters,WR,Grambling,,0.023,0.052,0.0,0.016,0.043,0.01,0.014,0.037
180,2024,4428803,Jordan Waters,RB,NC State,ACC,0.149,0.047,0.252,0.173,0.15,0.083,0.181,0.069
181,2024,4428805,Connor Watkins,QB,Villanova,,0.531,0.94,0.181,0.401,0.529,0.808,0.43,0.739
182,2024,4428806,Quincy Watson,RB,Delaware,,0.057,0.0,0.113,0.057,0.058,0.069,0.063,0.041
183,2024,4428808,Jacob Bernard,WR,Louisiana,SBC,0.033,0.068,0.0,0.024,0.046,0.032,0.031,0.038
184,2024,4428844,Chandler Whitfield,WR,Southern,,0.065,0.144,0.0,0.058,0.07,0.073,0.056,0.08
185,2024,4428853,Calvin Wiggins,WR,Houston Christian,,0.038,0.084,0.0,0.045,0.022,0.043,0.034,0.046
186,2024,4428887,Davis Beville,QB,South Carolina,SEC,0.064,0.123,0.022,0.07,0.073,0.038,0.052,0.095
187,2024,4428915,Lee Witherspoon,RB,UAB,AAC,0.05,0.005,0.11,0.046,0.073,0.02,0.053,0.044
188,2024,4428921,Jude Wolfe,TE,San Diego State,MWC,0.03,0.063,0.0,0.012,0.061,0.022,0.016,0.052
189,2024,4428938,Dante Wright,WR,Temple,AAC,0.145,0.248,0.025,0.143,0.124,0.163,0.126,0.174
190,2024,4428940,Kyi Wright,TE,James Madison,SBC,0.014,0.042,0.0,0.036,0.0,0.0,0.02,0.0
191,2024,4428943,Jacardia Wright,RB,Missouri State,,0.276,0.081,0.528,0.344,0.238,0.176,0.323,0.176
192,2024,4428961,Jordan Yates,QB,Tennessee Tech,,0.078,0.056,0.1,0.106,0.052,0.065,0.102,0.036
193,2024,4428993,Haynes King,QB,Georgia Tech,ACC,0.526,0.83,0.286,0.439,0.578,0.635,0.471,0.677
194,2024,4428997,Sav'ell Smalls,TE,Colorado,B12,0.016,0.025,0.0,0.004,0.044,0.0,0.011,0.026
195,2024,4429020,D.J. Uiagalelei,QB,Florida State,ACC,0.648,0.971,0.203,0.521,0.635,0.831,0.588,0.741
196,2024,4429032,Hudson Card,QB,Purdue,B1G,0.505,0.824,0.106,0.388,0.557,0.653,0.422,0.667
197,2024,4429043,Jaylan Knighton,RB,SMU,ACC,0.106,0.053,0.167,0.143,0.045,0.138,0.135,0.058
198,2024,4429053,A.J. Henning,WR,Northwestern,B1G,0.089,0.149,0.015,0.101,0.108,0.048,0.087,0.092
199,2024,4429056,Kobe Hudson,WR,UCF,B12,0.07,0.172,0.0,0.078,0.066,0.066,0.066,0.08
200,2024,4429059,Jo'quavious Marks,RB,USC,B1G,0.296,0.094,0.601,0.357,0.278,0.18,0.332,0.209
201,2024,4429062,Ze'Vian Capers,WR,Gardner-Webb,,0.044,0.09,0.0,0.038,0.034,0.081,0.043,0.046
202,2024,4429066,Jeff Sims,QB,Arizona State,B12,0.194,0.303,0.133,0.147,0.208,0.269,0.172,0.247
203,2024,4429068,Ethan Garbers,QB,UCLA,B1G,0.66,0.987,0.194,0.544,0.661,0.887,0.578,0.802
204,2024,4429072,Lawrance Toafili,RB,Florida State,ACC,0.188,0.074,0.327,0.252,0.165,0.127,0.212,0.151
205,2024,4429077,Keyvone Lee,RB,Mississippi State,SEC,0.121,0.023,0.218,0.102,0.129,0.113,0.155,0.028
206,2024,4429079,Luke Doty,WR,South Carolina,SEC,0.051,0.114,0.0,0.053,0.0,0.167,0.05,0.056
207,2024,4429088,Drew Pyne,QB,Missouri,SEC,0.219,0.401,0.05,0.199,0.179,0.345,0.171,0.336
208,2024,4429093,Quincy Brown,WR,Nicholls,,0.065,0.148,0.004,0.081,0.066,0.02,0.076,0.04
209,2024,4429103,Javian Hester,WR,Oklahoma,SEC,0.049,0.108,0.0,0.029,0.083,0.034,0.04,0.067
210,2024,4429105,Arian Smith,WR,Georgia,SEC,0.065,0.107,0.012,0.073,0.052,0.068,0.057,0.087
211,2024,4429115,Gee Scott Jr.,TE,Ohio State,B1G,0.039,0.08,0.0,0.039,0.049,0.02,0.035,0.049
212,2024,4429120,Micah Bowens,QB,Bethune-Cookman,,0.073,0.085,0.06,0.048,0.074,0.118,0.047,0.113
213,2024,4429121,Kalel Mullings,RB,Michigan,B1G,0.259,0.023,0.431,0.26,0.263,0.23,0.297,0.178
214,2024,4429125,Gary Bryant Jr.,WR,Oregon,B1G,0.014,0.024,0.0,0.0,0.022,0.029,0.0,0.037
215,2024,4429133,Malik Hornsby,WR,Arkansas State,SBC,0.023,0.024,0.021,0.027,0.028,0.009,0.027,0.013
216,2024,4429145,Harrison Bailey,QB,Louisville,ACC,0.225,0.45,0.029,0.167,0.154,0.444,0.16,0.448
217,2024,4429149,Brendon Lewis,QB,Nevada,MWC,0.62,0.96,0.327,0.566,0.615,0.766,0.55,0.77
218,2024,4429172,Traeshon Holden,WR,Oregon,B1G,0.055,0.105,0.005,0.047,0.051,0.083,0.041,0.091
219,2024,4429173,Bryce Farrell,WR,Stanford,ACC,0.016,0.0,0.026,0.02,0.024,0.0,0.022,0.0
220,2024,4429174,Kevin Bauman,TE,Notre Dame,Ind,0.014,0.034,0.0,0.029,0.0,0.0,0.022,0.0
221,2024,4429179,Aidan Bouman,QB,South Dakota,,0.414,0.961,0.026,0.341,0.421,0.597,0.328,0.663
222,2024,4429184,Elijhah Badger,WR,Florida,SEC,0.08,0.176,0.0,0.068,0.091,0.095,0.072,0.1
223,2024,4429186,Sam Adams II,RB,Washington,B1G,0.034,0.0,0.08,0.021,0.045,0.029,0.044,0.0
224,2024,4429191,Deuce Hogan,QB,New Mexico State,CUSA,0.154,0.339,0.014,0.13,0.171,0.182,0.113,0.22
225,2024,4429212,Rashad Amos,RB,Ole Miss,SEC,0.031,0.0,0.062,0.034,0.033,0.022,0.038,0.013
226,2024,4429227,Jaylon Armstead,RB,San Diego State,MWC,0.074,0.011,0.14,0.064,0.088,0.095,0.043,0.125
227,2024,4429247,Jaylon Barden,WR,Samford,,0.038,0.065,0.0,0.032,0.036,0.06,0.043,0.027
228,2024,4429253,Mitch Bartol,TE,Illinois State,,0.023,0.046,0.002,0.016,0.032,0.027,0.017,0.039
229,2024,4429255,Marquez Bell,WR,Florida A&M,,0.027,0.048,0.004,0.029,0.038,0.009,0.023,0.035
230,2024,4429259,CJ Beasley,RB,Georgia State,SBC,0.048,0.016,0.091,0.074,0.036,0.016,0.056,0.029
231,2024,4429283,Austin Bolt,WR,Boise State,MWC,0.025,0.054,0.0,0.014,0.023,0.048,0.022,0.031
232,2024,4429284,DeMeer Blankumsee,WR,Memphis,AAC,0.055,0.099,0.005,0.058,0.05,0.062,0.054,0.058
233,2024,4429287,Peny Boone,RB,UCF,B12,0.089,0.008,0.136,0.105,0.094,0.043,0.113,0.012
234,2024,4429299,Tahj Brooks,RB,Texas Tech,B12,0.375,0.07,0.73,0.443,0.36,0.246,0.458,0.205
235,2024,4429311,Montavious Brini,TE,West Virginia Wesleyan,,0.085,0.125,0.0,0.0,0.158,0.125,0.032,0.143
236,2024,4429313,Tyrone Broden Jr.,WR,Arkansas,SEC,0.039,0.075,0.0,0.033,0.06,0.023,0.033,0.054
237,2024,4429316,DeCarlos Brooks,RB,Arizona State,B12,0.064,0.005,0.098,0.083,0.068,0.026,0.075,0.036
238,2024,4429380,Coby Cavil,WR,Prairie View A&M,,0.016,0.032,0.0,0.019,0.012,0.018,0.019,0.01
239,2024,4429410,Sevaughn Clark,RB,Toledo,MAC,0.092,0.022,0.177,0.114,0.105,0.038,0.106,0.063
240,2024,4429422,Trey Cleveland,WR,Abilene Christian,,0.052,0.091,0.0,0.047,0.052,0.07,0.043,0.074
241,2024,4429435,Brady Cook,QB,Missouri,SEC,0.475,0.856,0.145,0.436,0.407,0.653,0.389,0.692
242,2024,4429439,Quinton Cooley,RB,Liberty,CUSA,0.265,0.004,0.416,0.295,0.288,0.17,0.311,0.124
243,2024,4429445,Logan Compton,TE,Incarnate Word,,0.025,0.042,0.003,0.017,0.024,0.043,0.019,0.038
244,2024,4429455,Jamal Cooney,WR,UAlbany,,0.023,0.037,0.006,0.03,0.008,0.025,0.027,0.016
245,2024,4429461,Josh Crabtree,WR,Murray State,,0.026,0.067,0.0,0.032,0.02,0.026,0.029,0.02
246,2024,4429463,Jacolby Criswell,QB,North Carolina,ACC,0.473,0.855,0.124,0.346,0.509,0.679,0.375,0.678
247,2024,4429466,Drake Dabney,TE,TCU,B12,0.04,0.073,0.0,0.043,0.034,0.046,0.039,0.042
248,2024,4429470,Nicky Dalmolin,TE,Duke,ACC,0.033,0.064,0.0,0.027,0.036,0.044,0.03,0.04
249,2024,4429552,Eamonn Dennis,WR,Ohio,MAC,0.025,0.026,0.025,0.021,0.029,0.032,0.026,0.023
250,2024,4429582,Joe Fagnano,QB,UConn,Ind,0.332,0.659,0.065,0.321,0.314,0.387,0.307,0.396
251,2024,4429595,Chandler Fields,QB,Louisiana,SBC,0.257,0.426,0.099,0.21,0.294,0.35,0.212,0.372
252,2024,4429608,Corey Dyches,TE,California,ACC,0.04,0.069,0.0,0.025,0.059,0.045,0.027,0.06
253,2024,4429618,Justice Ellison,RB,Indiana,B1G,0.203,0.037,0.338,0.23,0.175,0.193,0.23,0.132
254,2024,4429620,Justin Fomby,QB,North Carolina A&T,,0.374,0.667,0.064,0.336,0.313,0.521,0.339,0.433
255,2024,4429632,Konner Fox,TE,Texas State,SBC,0.051,0.094,0.0,0.058,0.045,0.059,0.056,0.038
256,2024,4429652,Pat Garwo III,RB,Nevada,MWC,0.112,0.039,0.169,0.108,0.095,0.138,0.129,0.074
257,2024,4429660,Joe Gillette,WR,Maine,,0.049,0.086,0.01,0.058,0.028,0.069,0.051,0.047
258,2024,4429665,Terrance Gipson,QB,Eastern Illinois,,0.104,0.17,0.0,0.115,0.114,0.082,0.104,0.103
259,2024,4429691,Malik Grant,RB,Rhode Island,,0.302,0.034,0.543,0.354,0.28,0.204,0.366,0.154
260,2024,4429709,Jamious Griffin,RB,Oregon State,PAC,0.214,0.039,0.311,0.25,0.226,0.164,0.229,0.165
261,2024,4429751,DeMarcus Harris,WR,Marshall,SBC,0.016,0.031,0.0,0.0,0.05,0.0,0.0,0.036
262,2024,4429757,Javon Harvey,WR,Duke,ACC,0.022,0.038,0.0,0.026,0.016,0.025,0.024,0.017
263,2024,4429773,Loic Fouonji,WR,Vanderbilt,SEC,0.028,0.066,0.0,0.02,0.039,0.032,0.02,0.045
264,2024,4429781,Michael Frogge,TE,Wake Forest,ACC,0.015,0.029,0.0,0.017,0.021,0.0,0.022,0.0
265,2024,4429800,Ger-Cari Caldwell,WR,North Carolina A&T,,0.058,0.11,0.003,0.05,0.064,0.074,0.056,0.061
266,2024,4429801,Tucker Gleason,QB,Toledo,MAC,0.559,0.866,0.211,0.444,0.618,0.707,0.485,0.723
267,2024,4429811,Patrick Herbert,TE,Oregon,B1G,0.024,0.046,0.006,0.019,0.018,0.034,0.024,0.026
268,2024,4429847,Garrett Greene,QB,West Virginia,B12,0.561,0.932,0.26,0.517,0.541,0.68,0.49,0.699
269,2024,4429870,Keenan Hambrick,WR,Alabama A&M,,0.07,0.144,0.002,0.073,0.06,0.075,0.068,0.075
270,2024,4429885,Kobie Campbell,WR,Rice,AAC,0.057,0.089,0.004,0.04,0.06,0.08,0.046,0.075
271,2024,4429911,JoVoni Johnson,WR,Rice,AAC,0.016,0.031,0.0,0.032,0.0,0.0,0.022,0.0
272,2024,4429914,Karter Johnson,TE,Florida A&M,,0.045,0.071,0.019,0.051,0.038,0.045,0.052,0.033
273,2024,4429915,Jaden Johnson,QB,Prairie View A&M,,0.49,0.781,0.191,0.392,0.503,0.685,0.389,0.667
274,2024,4429925,Dayron Johnson,WR,Tennessee State,,0.017,0.031,0.0,0.019,0.026,0.0,0.025,0.0
275,2024,4429949,Maliq Carr,TE,Houston,B12,0.029,0.066,0.0,0.018,0.019,0.068,0.025,0.035
276,2024,4429955,Will Howard,QB,Ohio State,B1G,0.525,0.908,0.176,0.46,0.495,0.713,0.48,0.641
277,2024,4429963,Jeremiah Hunter,WR,Washington,B1G,0.051,0.092,0.003,0.049,0.061,0.042,0.04,0.082
278,2024,4429967,Kris Hutson,WR,Washington State,PAC,0.082,0.158,0.012,0.081,0.087,0.081,0.075,0.1
279,2024,4429971,Ryan Ingram,RB,Wofford,,0.21,0.003,0.439,0.293,0.211,0.071,0.272,0.11
280,2024,4429976,Micah Kelly,RB,Samford,,0.111,0.032,0.207,0.146,0.101,0.068,0.134,0.064
281,2024,4429989,Stanley King,WR,Kent State,MAC,0.016,0.036,0.0,0.0,0.053,0.0,0.0,0.038
282,2024,4429994,Bryce Kirtz,WR,Northwestern,B1G,0.07,0.128,0.0,0.082,0.054,0.072,0.069,0.072
283,2024,4430022,Anthony Landphere,TE,Memphis,AAC,0.047,0.084,0.0,0.034,0.06,0.051,0.039,0.068
284,2024,4430033,Cooper Legas,QB,Tulsa,AAC,0.315,0.437,0.192,0.263,0.328,0.386,0.28,0.381
285,2024,4430041,Michael Lindauer,QB,Southern Illinois,,0.325,0.546,0.074,0.333,0.294,0.409,0.366,0.25
286,2024,4430055,VJ Johnson,WR,VMI,,0.048,0.083,0.0,0.037,0.1,0.0,0.025,0.087
287,2024,4430063,Dominique Johnson,RB,TCU,B12,0.039,0.004,0.085,0.044,0.031,0.045,0.045,0.026
288,2024,4430067,Jaren Mangham,RB,Minnesota,B1G,0.061,0.006,0.125,0.074,0.064,0.033,0.074,0.031
289,2024,4430077,Jaharie Martin,FB,Maine,,0.163,0.026,0.313,0.208,0.168,0.068,0.212,0.065
290,2024,4430089,Michael Mathison,WR,Western Kentucky,CUSA,0.039,0.049,0.027,0.04,0.044,0.027,0.038,0.041
291,2024,4430103,Munir McClain,WR,Utah,B12,0.03,0.05,0.0,0.0,0.022,0.091,0.013,0.053
292,2024,4430105,Fabian Mccray,WR,Jackson State,,0.042,0.092,0.0,0.053,0.018,0.056,0.05,0.021
293,2024,4430138,Tysen Kershaw,WR,Northern Iowa,,0.037,0.081,0.0,0.022,0.045,0.051,0.029,0.054
294,2024,4430166,Josiah Miamen,TE,Florida International,CUSA,0.035,0.061,0.009,0.037,0.014,0.079,0.027,0.05
295,2024,4430183,Logan Kyle,TE,James Madison,SBC,0.017,0.034,0.003,0.016,0.009,0.029,0.017,0.018
296,2024,4430185,Caullin Lacy,WR,Louisville,ACC,0.07,0.095,0.036,0.079,0.082,0.031,0.065,0.078
297,2024,4430235,Chris Long,WR,Rutgers,B1G,0.038,0.081,0.0,0.024,0.046,0.043,0.033,0.052
298,2024,4430254,Jerjuan Newton,WR,Toledo,MAC,0.093,0.173,0.002,0.091,0.076,0.122,0.096,0.085
299,2024,4430270,Jay Maclin,WR,Kentucky,SEC,0.036,0.077,0.004,0.026,0.043,0.043,0.024,0.061
300,2024,4430288,Eli Pancol,WR,Duke,ACC,0.081,0.143,0.003,0.087,0.083,0.067,0.076,0.09
301,2024,4430323,Ja'Shaun Poke,WR,San Diego State,MWC,0.076,0.138,0.01,0.076,0.071,0.086,0.073,0.08
302,2024,4430338,Jeremiah Pruitte,TE,Florida A&M,,0.024,0.042,0.0,0.052,0.0,0.0,0.039,0.0
303,2024,4430358,Cal Redman,TE,Stony Brook,,0.047,0.1,0.003,0.028,0.071,0.045,0.044,0.056
304,2024,4430431,Kurtis Rourke,QB,Indiana,B1G,0.469,0.936,0.065,0.406,0.468,0.654,0.416,0.605
305,2024,4430452,Nik Scalzo,QB,Samford,,0.03,0.031,0.029,0.036,0.0,0.067,0.026,0.037
306,2024,4430468,Marquez Cooper,RB,San Diego State,MWC,0.385,0.044,0.746,0.42,0.437,0.274,0.446,0.28
307,2024,4430470,TJ Sheffield,WR,UConn,Ind,0.067,0.142,0.002,0.079,0.054,0.069,0.071,0.058
308,2024,4430482,Joshua Simon,TE,South Carolina,SEC,0.065,0.147,0.009,0.076,0.071,0.019,0.064,0.067
309,2024,4430512,Noah Smith,WR,Sam Houston,CUSA,0.075,0.135,0.031,0.082,0.065,0.081,0.069,0.086
310,2024,4430520,Elias Spence,TE,Portland State,,0.015,0.019,0.012,0.011,0.014,0.025,0.018,0.008
311,2024,4430565,Will Nixon,RB,Syracuse,ACC,0.095,0.028,0.198,0.1,0.156,0.0,0.118,0.042
312,2024,4430577,Rashod Owens,WR,Oklahoma State,B12,0.05,0.086,0.0,0.043,0.062,0.045,0.047,0.056
313,2024,4430590,Payton Thorne,QB,Auburn,SEC,0.6,0.921,0.254,0.556,0.598,0.686,0.539,0.737
314,2024,4430596,Keshawn Toney,TE,South Carolina State,,0.049,0.1,0.0,0.043,0.056,0.044,0.046,0.057
315,2024,4430598,Christopher Toudle,TE,Western Michigan,MAC,0.024,0.065,0.0,0.024,0.035,0.0,0.016,0.043
316,2024,4430636,Kentron Poitier,WR,Florida State,ACC,0.027,0.048,0.0,0.026,0.026,0.024,0.032,0.02
317,2024,4430654,Rico Powers Jr.,WR,Jackson State,,0.049,0.077,0.021,0.043,0.065,0.045,0.027,0.103
318,2024,4430656,Myles Price,WR,Indiana,B1G,0.057,0.108,0.015,0.032,0.073,0.103,0.044,0.09
319,2024,4430666,Ikaika Ragsdale,RB,North Texas,AAC,0.157,0.022,0.344,0.181,0.173,0.077,0.181,0.104
320,2024,4430689,Dominic Richardson,RB,Baylor,B12,0.123,0.008,0.221,0.104,0.133,0.164,0.121,0.128
321,2024,4430699,Jack Salopek,QB,Elon,,0.279,0.451,0.104,0.256,0.277,0.337,0.233,0.36
322,2024,4430712,Jordan Simmons,RB,Akron,MAC,0.176,0.048,0.366,0.203,0.21,0.079,0.216,0.101
323,2024,4430724,Dariyan Wiley,WR,Vanderbilt,SEC,0.02,0.063,0.0,0.043,0.0,0.0,0.026,0.0
324,2024,4430747,Reese Smith,WR,Liberty,CUSA,0.049,0.131,0.0,0.039,0.019,0.104,0.033,0.091
325,2024,4430772,Mason Stahl,WR,Sacred Heart,INDAA,0.031,0.081,0.0,0.017,0.027,0.067,0.014,0.063
326,2024,4430775,Hayden Wolff,QB,Western Michigan,MAC,0.435,0.947,0.037,0.377,0.396,0.606,0.352,0.643
327,2024,4430798,Kyler Pearson,WR,Oklahoma State,B12,0.015,0.028,0.0,0.0,0.0,0.067,0.0,0.038
328,2024,4430800,Julian Fleming,WR,Penn State,B1G,0.023,0.054,0.0,0.025,0.01,0.019,0.018,0.042
329,2024,4430804,Chris Tyree,WR,Virginia,ACC,0.06,0.078,0.039,0.072,0.076,0.015,0.063,0.054
330,2024,4430810,Daniyel Ngata,RB,Washington,B1G,0.027,0.0,0.067,0.045,0.021,0.0,0.036,0.0
331,2024,4430817,Xzavier Henderson,WR,Cincinnati,B12,0.073,0.144,0.002,0.073,0.089,0.058,0.066,0.09
332,2024,4430825,E.J. Smith,RB,Texas A&M,SEC,0.078,0.029,0.115,0.07,0.09,0.079,0.073,0.091
333,2024,4430827,Troy Omeire,WR,Arizona State,B12,0.02,0.047,0.0,0.015,0.031,0.016,0.014,0.035
334,2024,4430828,Mookie Cooper,WR,Missouri,SEC,0.036,0.066,0.004,0.032,0.018,0.066,0.025,0.06
335,2024,4430833,Ja'Quavion Fraziars,WR,Florida,SEC,0.016,0.048,0.0,0.036,0.0,0.0,0.024,0.0
336,2024,4430836,Chubba Purdy,QB,Nevada,MWC,0.129,0.187,0.075,0.131,0.126,0.105,0.14,0.106
337,2024,4430841,Carson Beck,QB,Georgia,SEC,0.57,0.929,0.119,0.515,0.563,0.727,0.509,0.728
338,2024,4430843,Jalen Berger,RB,UCLA,B1G,0.123,0.038,0.232,0.137,0.131,0.092,0.141,0.09
339,2024,4430845,Darvon Hubbard,RB,Northern Arizona,,0.139,0.05,0.225,0.128,0.175,0.114,0.154,0.111
340,2024,4430847,Chris Street,RB,Utah Tech,,0.141,0.058,0.268,0.154,0.182,0.058,0.16,0.108
341,2024,4430854,Collin Sullivan,WR,Houston Christian,,0.03,0.067,0.0,0.027,0.011,0.065,0.018,0.051
342,2024,4430870,Keandre Lambert,WR,Auburn,SEC,0.07,0.138,0.0,0.076,0.049,0.089,0.067,0.078
343,2024,4430875,Daniel Jackson,WR,Minnesota,B1G,0.103,0.183,0.012,0.105,0.099,0.108,0.096,0.121
344,2024,4430885,Ja'Khi Douglas,WR,Florida State,ACC,0.065,0.107,0.015,0.06,0.051,0.076,0.059,0.074
345,2024,4430893,DeaMonte Trayanum,RB,Kentucky,SEC,0.091,0.0,0.169,0.091,0.091,0.056,0.135,0.0
346,2024,4430894,Caziah Holmes,RB,Florida State,ACC,0.048,0.005,0.107,0.051,0.056,0.029,0.069,0.015
347,2024,4430898,David Afari,RB,Northern Colorado,,0.128,0.032,0.206,0.134,0.124,0.13,0.128,0.129
348,2024,4430905,Jadon Thompson,WR,Louisville,ACC,0.034,0.067,0.0,0.011,0.086,0.0,0.015,0.087
349,2024,4430912,Malakai Anthony,QB,Merrimack,INDAA,0.204,0.345,0.128,0.163,0.2,0.288,0.163,0.309
350,2024,4430914,Lawrence Arnold,WR,Kansas,B12,0.042,0.096,0.005,0.039,0.057,0.031,0.043,0.041
351,2024,4430934,Zeriah Beason,WR,Troy,SBC,0.038,0.081,0.0,0.034,0.044,0.042,0.036,0.042
352,2024,4430934,Zeriah Beason,WR,Troy,,0.038,0.081,0.0,0.034,0.044,0.042,0.036,0.042
353,2024,4430950,Jefferson Boaz,QB,Western Carolina,,0.04,0.019,0.07,0.036,0.017,0.094,0.056,0.0
354,2024,4430992,Kentrel Bullock,RB,South Alabama,SBC,0.194,0.036,0.342,0.221,0.196,0.133,0.212,0.151
355,2024,4430993,LV Bunkley-Shelton,WR,Georgia Southern,SBC,0.036,0.069,0.0,0.029,0.045,0.041,0.027,0.056
356,2024,4430995,Kolbe Burrell,RB,Northwestern State,,0.083,0.011,0.145,0.073,0.132,0.039,0.083,0.082
357,2024,4431001,Elijah Canion,WR,Liberty,CUSA,0.045,0.114,0.0,0.042,0.035,0.077,0.038,0.065
358,2024,4431002,Latrell Caples,WR,Boise State,MWC,0.049,0.107,0.0,0.042,0.055,0.055,0.042,0.068
359,2024,4431009,Hunter Welcing,TE,Northwestern,B1G,0.015,0.03,0.0,0.0,0.043,0.0,0.0,0.053
360,2024,4431028,Kaedric Cobbs,RB,Bryant,,0.046,0.024,0.089,0.055,0.047,0.036,0.048,0.043
361,2024,4431035,Gavin Williams,RB,Northern Illinois,MAC,0.176,0.068,0.252,0.205,0.18,0.138,0.19,0.145
362,2024,4431045,John Copenhaver,TE,North Carolina,ACC,0.06,0.119,0.005,0.037,0.057,0.116,0.039,0.104
363,2024,4431051,Izayah Cummings,TE,Louisville,ACC,0.023,0.042,0.0,0.015,0.024,0.043,0.029,0.0
364,2024,4431053,Mac Dalena,WR,Fresno State,MWC,0.085,0.14,0.015,0.097,0.071,0.093,0.077,0.103
365,2024,4431066,Harlan Dixon,RB,SE Louisiana,,0.114,0.04,0.185,0.125,0.121,0.098,0.113,0.116
366,2024,4431068,Kelvontay Dixon,WR,SMU,ACC,0.037,0.073,0.003,0.035,0.031,0.055,0.031,0.048
367,2024,4431074,Jevyon Ducker,RB,Sam Houston,CUSA,0.186,0.047,0.289,0.205,0.212,0.097,0.217,0.116
368,2024,4431081,Sage Ennis,TE,Virginia,ACC,0.014,0.023,0.0,0.0,0.0,0.071,0.021,0.0
369,2024,4431083,Darryle Evans,RB,Houston Christian,,0.105,0.006,0.198,0.125,0.115,0.061,0.119,0.082
370,2024,4431091,Ben Finley,QB,Akron,MAC,0.549,0.824,0.179,0.519,0.528,0.659,0.477,0.685
371,2024,4431094,Christian Fitzpatrick,WR,Marshall,SBC,0.049,0.117,0.002,0.044,0.048,0.06,0.051,0.045
372,2024,4431114,Ben Gulbranson,QB,Oregon State,PAC,0.518,0.917,0.07,0.389,0.524,0.661,0.401,0.756
373,2024,4431134,Eli Wilson,TE,App State,SBC,0.056,0.112,0.0,0.039,0.055,0.1,0.041,0.086
374,2024,4431142,Jimmy Holiday,WR,Louisiana Tech,CUSA,0.103,0.097,0.11,0.089,0.115,0.112,0.106,0.098
375,2024,4431152,Jackson Acker,TE,Wisconsin,B1G,0.024,0.041,0.008,0.009,0.045,0.02,0.021,0.032
376,2024,4431174,Taji Johnson,WR,Buffalo,MAC,0.042,0.095,0.0,0.041,0.029,0.068,0.04,0.045
377,2024,4431196,Jake Briningstool,TE,Clemson,ACC,0.066,0.119,0.0,0.076,0.062,0.056,0.065,0.068
378,2024,4431197,Romello Brinson,WR,SMU,ACC,0.039,0.081,0.0,0.04,0.036,0.047,0.038,0.041
379,2024,4431209,Dacari Collins,WR,NC State,ACC,0.041,0.084,0.0,0.035,0.027,0.08,0.038,0.05
380,2024,4431210,Beaux Collins,WR,Notre Dame,Ind,0.05,0.107,0.002,0.059,0.048,0.044,0.049,0.054
381,2024,4431213,Deion Colzie,WR,Notre Dame,Ind,0.019,0.041,0.0,0.0,0.024,0.065,0.011,0.039
382,2024,4431219,Kyren Lacy,WR,LSU,SEC,0.101,0.166,0.0,0.105,0.059,0.162,0.089,0.124
383,2024,4431234,Logan Loya,WR,UCLA,B1G,0.049,0.086,0.0,0.037,0.033,0.09,0.039,0.069
384,2024,4431236,Qian Magwood,WR,Ball State,MAC,0.038,0.064,0.0,0.038,0.034,0.034,0.034,0.045
385,2024,4431237,Steven Mahar Jr.,TE,Duquesne,,0.022,0.044,0.0,0.037,0.02,0.0,0.023,0.019
386,2024,4431241,Duane Martin,TE,Louisville,ACC,0.018,0.014,0.023,0.0,0.022,0.0,0.021,0.013
387,2024,4431246,Baron May,QB,Bowling Green,MAC,0.014,0.02,0.0,0.0,0.0,0.0,0.0,0.037
388,2024,4431254,Charlie Dixon,RB,North Carolina A&T,,0.017,0.0,0.037,0.0,0.059,0.0,0.0,0.043
389,2024,4431268,Chimere Dike,WR,Florida,SEC,0.071,0.158,0.0,0.067,0.064,0.093,0.055,0.109
390,2024,4431271,Tamatoa Mokiao-Atimalala,WR,Hawai'i,MWC,0.029,0.047,0.0,0.011,0.028,0.06,0.024,0.041
391,2024,4431273,Jalil Farooq,WR,Oklahoma,SEC,0.024,0.051,0.0,0.02,0.047,0.0,0.023,0.025
392,2024,4431277,Koy Moore,WR,Western Kentucky,CUSA,0.032,0.051,0.0,0.032,0.053,0.0,0.043,0.0
393,2024,4431281,Christian Moore,TE,UNLV,MWC,0.014,0.025,0.007,0.022,0.014,0.0,0.019,0.0
394,2024,4431286,Armoni Goodwin,RB,UAB,AAC,0.055,0.007,0.106,0.082,0.056,0.0,0.069,0.024
395,2024,4431297,Blake Nowell,WR,TCU,B12,0.027,0.049,0.0,0.007,0.028,0.078,0.009,0.068
396,2024,4431302,Ricky Ortega,QB,Central Connecticut,,0.053,0.043,0.058,0.053,0.031,0.071,0.063,0.032
397,2024,4431303,Jake Overman,TE,Pittsburgh,ACC,0.028,0.047,0.0,0.024,0.038,0.015,0.029,0.025
398,2024,4431304,Kejon Owens,RB,Florida International,CUSA,0.15,0.029,0.257,0.151,0.159,0.138,0.162,0.124
399,2024,4431309,Money Parks,WR,Utah,B12,0.045,0.085,0.004,0.043,0.041,0.042,0.04,0.054
400,2024,4431310,Henry Parrish Jr.,RB,Ole Miss,SEC,0.229,0.05,0.402,0.246,0.227,0.191,0.262,0.143
401,2024,4431325,Taylen Green,QB,Arkansas,SEC,0.587,0.918,0.272,0.539,0.589,0.707,0.513,0.749
402,2024,4431327,Kamonte Grimes,WR,Northern Iowa,,0.016,0.029,0.0,0.0,0.047,0.0,0.012,0.022
403,2024,4431328,Rodney Hammond Jr.,RB,Pittsburgh,ACC,0.057,0.019,0.111,0.07,0.044,0.038,0.056,0.06
404,2024,4431334,Chris Hilton Jr.,WR,LSU,SEC,0.056,0.094,0.0,0.069,0.06,0.017,0.058,0.053
405,2024,4431338,Ahmari Huggins-Bruce,WR,Louisville,ACC,0.037,0.063,0.004,0.047,0.035,0.021,0.033,0.045
406,2024,4431339,Evan Prater,WR,Cincinnati,B12,0.013,0.029,0.0,0.0,0.04,0.0,0.019,0.0
407,2024,4431342,Brennan Presley,WR,Oklahoma State,B12,0.143,0.231,0.026,0.144,0.122,0.151,0.129,0.171
408,2024,4431346,Mark Redman,TE,Louisville,ACC,0.036,0.065,0.0,0.025,0.047,0.039,0.024,0.061
409,2024,4431353,Xavier Restrepo,WR,Miami,ACC,0.092,0.163,0.0,0.1,0.075,0.087,0.085,0.109
410,2024,4431368,Tyler Savage,TE,East Carolina,AAC,0.021,0.04,0.0,0.014,0.026,0.02,0.018,0.026
411,2024,4431375,Ken Seals,QB,TCU,B12,0.044,0.068,0.019,0.026,0.055,0.048,0.03,0.076
412,2024,4431387,Evan Simon,QB,Temple,AAC,0.628,0.951,0.236,0.543,0.604,0.786,0.546,0.758
413,2024,4431389,Ketron Jackson,WR,Baylor,B12,0.049,0.095,0.0,0.048,0.035,0.048,0.047,0.053
414,2024,4431397,Logan Smothers,QB,Jacksonville State,CUSA,0.084,0.136,0.062,0.062,0.093,0.123,0.065,0.142
415,2024,4431398,Dylan Downing,RB,Miami (OH),MAC,0.081,0.021,0.153,0.093,0.045,0.112,0.093,0.056
416,2024,4431416,Kiael Kelly,QB,Ball State,MAC,0.063,0.021,0.116,0.091,0.072,0.0,0.07,0.047
417,2024,4431431,Corey Kiner,RB,Cincinnati,B12,0.264,0.034,0.495,0.303,0.251,0.2,0.29,0.204
418,2024,4431445,Ky Thomas,RB,Kent State,MAC,0.231,0.04,0.421,0.267,0.25,0.157,0.273,0.17
419,2024,4431459,Tyler Warren,TE,Penn State,B1G,0.137,0.258,0.045,0.118,0.145,0.171,0.125,0.171
420,2024,4431461,Chamon Metayer,TE,Arizona State,B12,0.037,0.091,0.0,0.03,0.059,0.022,0.031,0.05
421,2024,4431465,Behren Morton,QB,Texas Tech,B12,0.545,0.92,0.084,0.486,0.555,0.67,0.466,0.706
422,2024,4431466,Jordan Watkins,WR,Ole Miss,SEC,0.081,0.161,0.007,0.082,0.094,0.066,0.068,0.113
423,2024,4431468,Jordan Mosley,WR,Mississippi State,SEC,0.048,0.093,0.0,0.04,0.068,0.045,0.041,0.066
424,2024,4431475,Latrell Neville,WR,New Mexico State,CUSA,0.025,0.055,0.0,0.0,0.053,0.033,0.0,0.064
425,2024,4431479,Ricky White,WR,UNLV,MWC,0.096,0.259,0.002,0.117,0.066,0.097,0.097,0.093
426,2024,4431483,Sy'veon Wilkerson,RB,Georgia State,SBC,0.089,0.006,0.209,0.076,0.143,0.036,0.101,0.066
427,2024,4431484,Jay Wilkerson,WR,Louisiana Tech,CUSA,0.029,0.057,0.004,0.035,0.006,0.053,0.022,0.042
428,2024,4431485,Leshon Williams,RB,Iowa,B1G,0.073,0.035,0.1,0.075,0.091,0.044,0.071,0.08
429,2024,4431487,Savion Williams,WR,TCU,B12,0.154,0.165,0.142,0.162,0.134,0.138,0.167,0.125
430,2024,4431497,Mavin Anderson,WR,California,ACC,0.03,0.057,0.0,0.026,0.033,0.037,0.022,0.045
431,2024,4431498,Jayden Ballard,WR,Ohio State,B1G,0.015,0.03,0.0,0.0,0.025,0.042,0.01,0.029
432,2024,4431499,Sieh Bangura,RB,Minnesota,B1G,0.021,0.0,0.042,0.0,0.047,0.029,0.014,0.042
433,2024,4431501,James BlackStrain,WR,Missouri State,,0.036,0.065,0.0,0.025,0.038,0.056,0.027,0.056
434,2024,4431505,Kobe Paysour,WR,North Carolina,ACC,0.039,0.08,0.0,0.028,0.056,0.034,0.032,0.053
435,2024,4431506,Ja'Corey Brooks,WR,Louisville,ACC,0.09,0.164,0.0,0.079,0.1,0.102,0.074,0.127
436,2024,4431509,Kaden Prather,WR,Maryland,B1G,0.071,0.117,0.003,0.064,0.07,0.102,0.064,0.087
437,2024,4431513,Tyler Buchner,WR,Notre Dame,Ind,0.016,0.019,0.013,0.0,0.0,0.0,0.01,0.036
438,2024,4431514,Daejon Reynolds,WR,Pittsburgh,ACC,0.027,0.04,0.005,0.028,0.017,0.046,0.019,0.043
439,2024,4431516,Brandon Buckhaulter,WR,UAB,AAC,0.012,0.0,0.019,0.0,0.037,0.0,0.0,0.056
440,2024,4431525,Dekel Crowdus,WR,Hawai'i,MWC,0.029,0.046,0.0,0.03,0.032,0.028,0.027,0.034
441,2024,4431527,Derrick Davis Jr.,RB,Pittsburgh,ACC,0.051,0.008,0.128,0.052,0.045,0.038,0.061,0.028
442,2024,4431535,Jake Rubley,QB,Illinois State,,0.096,0.171,0.028,0.072,0.096,0.145,0.077,0.139
443,2024,4431536,Donovan Edwards,RB,Michigan,B1G,0.204,0.069,0.303,0.244,0.251,0.081,0.24,0.126
444,2024,4431537,Trevonte Rucker,WR,UT Martin,,0.079,0.155,0.016,0.053,0.092,0.102,0.062,0.109
445,2024,4431560,Antwain Littleton II,RB,Temple,AAC,0.153,0.049,0.271,0.154,0.16,0.158,0.174,0.119
446,2024,4431562,Phil Mafah,RB,Clemson,ACC,0.25,0.049,0.501,0.267,0.267,0.172,0.287,0.164
447,2024,4431565,Walter Simmons III,QB,Bethune-Cookman,,0.017,0.0,0.023,0.04,0.0,0.0,0.023,0.0
448,2024,4431574,Eli Stowers,TE,Vanderbilt,SEC,0.075,0.162,0.013,0.059,0.079,0.107,0.064,0.097
449,2024,4431580,Miller Moss,QB,USC,B1G,0.611,0.966,0.057,0.541,0.635,0.743,0.561,0.736
450,2024,4431597,Roc Taylor,WR,Memphis,AAC,0.079,0.142,0.007,0.077,0.073,0.107,0.071,0.098
451,2024,4431600,Jayden Thomas,WR,Notre Dame,Ind,0.027,0.051,0.008,0.017,0.043,0.019,0.031,0.016
452,2024,4431606,Ahmonte Watkins,RB,New Mexico State,CUSA,0.046,0.014,0.071,0.049,0.08,0.0,0.047,0.045
453,2024,4431609,Jarris Williams,RB,Troy,SBC,0.043,0.0,0.105,0.053,0.063,0.0,0.036,0.053
454,2024,4431609,Jarris Williams,RB,Troy,,0.043,0.0,0.105,0.053,0.063,0.0,0.036,0.053
455,2024,4431618,Mario Williams,WR,Tulane,AAC,0.089,0.225,0.005,0.094,0.076,0.099,0.083,0.103
456,2024,4431632,Caleb Coombs,WR,Florida Atlantic,AAC,0.032,0.069,0.0,0.047,0.024,0.019,0.042,0.011
457,2024,4431633,Will Crowder,QB,Troy,SBC,0.343,0.684,0.109,0.373,0.284,0.404,0.296,0.446
458,2024,4431633,Will Crowder,QB,Troy,,0.343,0.684,0.109,0.373,0.284,0.404,0.296,0.446
459,2024,4431639,BJ Harris,RB,Central Michigan,MAC,0.144,0.046,0.219,0.167,0.13,0.133,0.161,0.109
460,2024,4431646,Keontez Lewis,WR,Southern Illinois,,0.079,0.118,0.03,0.078,0.085,0.084,0.072,0.09
461,2024,4431647,Chauncey Magwood,WR,UCF,B12,0.025,0.049,0.0,0.034,0.016,0.0,0.029,0.016
462,2024,4431651,Elijah Metcalf,WR,Marshall,SBC,0.073,0.154,0.012,0.104,0.01,0.082,0.093,0.024
463,2024,4431735,Douglas Emilien,WR,Kansas,B12,0.021,0.035,0.009,0.023,0.016,0.0,0.028,0.0
464,2024,4431750,Kody Epps,WR,BYU,B12,0.024,0.049,0.0,0.018,0.035,0.022,0.019,0.034
465,2024,4431801,Torrance Farmer,RB,Western Illinois,,0.142,0.038,0.266,0.146,0.159,0.121,0.138,0.149
466,2024,4431948,TJ Finley,QB,Western Kentucky,CUSA,0.435,0.647,0.123,0.356,0.424,0.553,0.367,0.59
467,2024,4431976,Dustin Fletcher,QB,The Citadel,,0.07,0.063,0.074,0.051,0.085,0.071,0.059,0.091
468,2024,4432138,Mason Garcia,QB,Austin Peay,,0.241,0.355,0.111,0.13,0.3,0.333,0.147,0.375
469,2024,4432208,Caleb Lohner,TE,Utah,B12,0.014,0.027,0.0,0.032,0.0,0.0,0.021,0.0
470,2024,4432215,Stephen Gosnell,WR,Virginia Tech,ACC,0.048,0.112,0.0,0.045,0.046,0.056,0.039,0.064
471,2024,4432230,Jalen Hampton,RB,Western Kentucky,CUSA,0.025,0.0,0.055,0.013,0.034,0.028,0.031,0.01
472,2024,4432260,Matthew Hibner,TE,SMU,ACC,0.053,0.1,0.004,0.039,0.062,0.064,0.035,0.087
473,2024,4432264,Austin Hill,WR,Stetson,,0.077,0.104,0.0,0.077,0.087,0.071,0.088,0.065
474,2024,4432267,Joey Hobert,WR,Texas State,SBC,0.087,0.184,0.009,0.084,0.08,0.096,0.075,0.115
475,2024,4432297,Isaiah Jacobs,RB,UAB,AAC,0.164,0.041,0.261,0.145,0.217,0.111,0.176,0.13
476,2024,4432326,Trevor Kardell,TE,Kansas,B12,0.027,0.075,0.0,0.024,0.033,0.025,0.022,0.041
477,2024,4432327,Kendall Karr,TE,Coastal Carolina,SBC,0.022,0.048,0.003,0.023,0.021,0.026,0.018,0.032
478,2024,4432338,Luke Lachey,TE,Iowa,B1G,0.041,0.116,0.0,0.035,0.051,0.043,0.037,0.054
479,2024,4432367,Kaevion Mack,WR,Western Michigan,MAC,0.034,0.077,0.0,0.025,0.036,0.0,0.025,0.055
480,2024,4432368,Luke MacPhail,QB,Utah Tech,,0.063,0.05,0.086,0.05,0.063,0.091,0.036,0.103
481,2024,4432369,Sol-Jay Maiava-Peters,RB,New Mexico,MWC,0.054,0.015,0.087,0.079,0.044,0.013,0.058,0.042
482,2024,4432370,Sammy Malignaggi,RB,Campbell,,0.085,0.026,0.143,0.084,0.108,0.052,0.098,0.056
483,2024,4432374,Ahmani Marshall,RB,App State,SBC,0.234,0.034,0.439,0.279,0.207,0.16,0.292,0.126
484,2024,4432387,Nate Mccollum,WR,North Carolina,ACC,0.053,0.094,0.018,0.065,0.042,0.054,0.053,0.054
485,2024,4432431,Avery Morrow,RB,Colorado State,MWC,0.253,0.042,0.429,0.287,0.254,0.178,0.303,0.149
486,2024,4432434,Keyon Mozee,RB,Miami (OH),MAC,0.215,0.005,0.46,0.247,0.247,0.108,0.238,0.17
487,2024,4432506,Sawyer Racanelli,WR,Montana,,0.05,0.101,0.0,0.045,0.041,0.087,0.042,0.07
488,2024,4432531,Jake Roberts,TE,Oklahoma,SEC,0.028,0.058,0.0,0.019,0.031,0.035,0.018,0.048
489,2024,4432551,Stacy Sneed,RB,Houston,B12,0.127,0.066,0.177,0.129,0.133,0.129,0.136,0.111
490,2024,4432555,J.J. Sparkman,WR,UTSA,AAC,0.021,0.04,0.0,0.03,0.019,0.01,0.025,0.014
491,2024,4432556,Kody Sparks,QB,UT Martin,,0.014,0.036,0.0,0.027,0.0,0.0,0.019,0.0
492,2024,4432612,Christian Veilleux,QB,Georgia State,SBC,0.458,0.741,0.063,0.438,0.4,0.606,0.404,0.566
493,2024,4432631,Noah Whittington,RB,Oregon,B1G,0.153,0.057,0.248,0.195,0.159,0.056,0.183,0.075
494,2024,4432662,Cane Berrong,TE,Coastal Carolina,SBC,0.019,0.046,0.0,0.012,0.021,0.035,0.013,0.033
495,2024,4432664,Gavin Blackwell,WR,North Carolina,ACC,0.025,0.045,0.0,0.0,0.036,0.074,0.01,0.056
496,2024,4432666,Kahlil Brantley,TE,Florida Atlantic,AAC,0.021,0.043,0.0,0.016,0.014,0.036,0.018,0.027
497,2024,4432669,Joshua Burrell,WR,Furman,,0.032,0.054,0.0,0.043,0.048,0.0,0.063,0.0
498,2024,4432677,Iverson Celestine,RB,South Alabama,SBC,0.045,0.026,0.059,0.023,0.088,0.031,0.046,0.042
499,2024,4432690,Dematrius Davis,QB,UTSA,AAC,0.018,0.0,0.038,0.0,0.063,0.0,0.0,0.05
500,2024,4432694,JoJo Earle,WR,TCU,B12,0.035,0.043,0.025,0.046,0.043,0.0,0.036,0.033
501,2024,4432702,Thad Franklin,RB,Florida A&M,,0.161,0.044,0.298,0.163,0.149,0.179,0.165,0.153
502,2024,4432703,Jake Garcia,QB,East Carolina,AAC,0.587,0.984,0.176,0.526,0.566,0.731,0.543,0.681
503,2024,4432705,Bryson Green,WR,Wisconsin,B1G,0.044,0.094,0.0,0.048,0.03,0.054,0.028,0.089
504,2024,4432710,TreVeyon Henderson,RB,Ohio State,B1G,0.179,0.07,0.279,0.209,0.187,0.106,0.182,0.17
505,2024,4432718,LJ Johnson Jr.,RB,SMU,ACC,0.11,0.033,0.173,0.112,0.116,0.097,0.133,0.058
506,2024,4432722,Athan Kaliakmanis,QB,Rutgers,B1G,0.532,0.998,0.147,0.459,0.534,0.659,0.443,0.749
507,2024,4432727,Solomon Lewis,WR,Louisiana Tech,CUSA,0.029,0.053,0.008,0.03,0.025,0.032,0.029,0.029
508,2024,4432731,Moliki Matavao,TE,UCLA,B1G,0.068,0.112,0.004,0.052,0.102,0.049,0.047,0.106
509,2024,4432732,Walker Merrill,WR,Wake Forest,ACC,0.043,0.076,0.0,0.031,0.062,0.049,0.044,0.038
510,2024,4432734,Jalen Milroe,QB,Alabama,SEC,0.578,0.902,0.318,0.517,0.558,0.756,0.501,0.781
511,2024,4432744,Julian Nixon,TE,UL Monroe,SBC,0.021,0.048,0.004,0.02,0.013,0.019,0.023,0.018
512,2024,4432754,Ricky Parks,RB,Fordham,,0.093,0.0,0.205,0.121,0.118,0.029,0.112,0.064
513,2024,4432757,Evan Pryor,RB,Cincinnati,B12,0.086,0.037,0.135,0.122,0.077,0.026,0.105,0.041
514,2024,4432759,Sawyer Robertson,QB,Baylor,B12,0.504,0.931,0.114,0.474,0.5,0.549,0.449,0.639
515,2024,4432762,Shedeur Sanders,QB,Colorado,B12,0.696,0.988,0.2,0.64,0.717,0.794,0.616,0.865
516,2024,4432767,Preston Stone,QB,SMU,ACC,0.157,0.288,0.041,0.147,0.159,0.195,0.135,0.201
517,2024,4432772,Jermaine Terry II,TE,Oregon State,PAC,0.047,0.09,0.0,0.029,0.064,0.051,0.039,0.065
518,2024,4432774,Ty Thompson,TE,Tulane,AAC,0.112,0.143,0.095,0.078,0.114,0.179,0.111,0.114
519,2024,4432775,Dont'E Thornton,WR,Tennessee,SEC,0.037,0.087,0.0,0.041,0.03,0.042,0.043,0.021
520,2024,4432782,Brock Vandagriff,QB,Kentucky,SEC,0.443,0.748,0.187,0.369,0.449,0.597,0.371,0.591
521,2024,4432784,Kyron Ware-Hudson,WR,USC,B1G,0.056,0.093,0.0,0.047,0.069,0.056,0.048,0.077
522,2024,4432797,Sean Jackson,RB,Auburn,SEC,0.045,0.0,0.111,0.087,0.0,0.0,0.057,0.0
523,2024,4432803,Kaidon Salter,QB,Liberty,CUSA,0.484,0.978,0.201,0.42,0.428,0.709,0.418,0.686
524,2024,4433821,John Gentry,RB,Sam Houston,CUSA,0.082,0.033,0.11,0.098,0.071,0.074,0.085,0.072
525,2024,4433824,Hank Gibbs,QB,Northern Colorado,,0.076,0.057,0.086,0.056,0.087,0.059,0.075,0.077
526,2024,4433825,Levi Gazarek,TE,Bowling Green,MAC,0.033,0.06,0.0,0.027,0.029,0.056,0.03,0.039
527,2024,4433827,Rocko Griffin,RB,UTSA,AAC,0.066,0.019,0.117,0.089,0.057,0.047,0.083,0.031
528,2024,4433828,Khalan Griffin,RB,Lamar,,0.303,0.028,0.529,0.372,0.332,0.119,0.371,0.17
529,2024,4433830,Luke Grimm,WR,Kansas,B12,0.091,0.194,0.022,0.056,0.114,0.125,0.078,0.124
530,2024,4433855,Terry Lockett,WR,Eastern Michigan,MAC,0.067,0.124,0.003,0.071,0.06,0.08,0.06,0.083
531,2024,4433859,Jalynnee McGee,RB,Portland State,,0.054,0.007,0.086,0.081,0.043,0.014,0.066,0.026
532,2024,4433871,Caleb Medford,WR,New Mexico,MWC,0.032,0.068,0.0,0.031,0.022,0.034,0.03,0.037
533,2024,4433880,Jontavis Robertson,WR,Duke,ACC,0.023,0.043,0.0,0.033,0.009,0.029,0.025,0.019
534,2024,4433886,Tate Rodemaker,QB,Southern Miss,SBC,0.353,0.634,0.055,0.283,0.384,0.45,0.284,0.459
535,2024,4433901,Corey Rucker,WR,Arkansas State,SBC,0.079,0.153,0.0,0.059,0.079,0.11,0.065,0.11
536,2024,4433906,Trayvon Rudolph,WR,Northern Illinois,MAC,0.089,0.158,0.036,0.091,0.084,0.076,0.085,0.098
537,2024,4433909,Matt Sykes,WR,Rice,AAC,0.094,0.145,0.01,0.085,0.098,0.116,0.077,0.121
538,2024,4433921,Kole Taylor,TE,West Virginia,B12,0.047,0.107,0.0,0.044,0.042,0.051,0.046,0.05
539,2024,4433932,Mike Wright,QB,Northwestern,B1G,0.411,0.677,0.155,0.337,0.47,0.5,0.348,0.537
540,2024,4433935,Ethan Wright,RB,Youngstown State,,0.208,0.062,0.303,0.264,0.213,0.099,0.249,0.121
541,2024,4433940,Abdur-Rahmaan Yaseen,WR,South Florida,AAC,0.039,0.074,0.003,0.043,0.03,0.047,0.042,0.033
542,2024,4433945,Elijah Young,RB,Western Kentucky,CUSA,0.277,0.109,0.472,0.341,0.305,0.144,0.31,0.207
543,2024,4433959,Ben Yurosek,TE,Georgia,SEC,0.035,0.063,0.0,0.039,0.043,0.012,0.041,0.017
544,2024,4433965,Brandon Campbell,RB,Massachusetts,Ind,0.114,0.031,0.175,0.119,0.149,0.055,0.123,0.094
545,2024,4433968,Byron Cardwell,RB,California,ACC,0.069,0.013,0.137,0.058,0.081,0.07,0.075,0.059
546,2024,4433969,Timmy McClain,QB,Arkansas State,SBC,0.142,0.161,0.118,0.132,0.149,0.161,0.154,0.116
547,2024,4433971,Kyle McCord,QB,Syracuse,ACC,0.656,0.979,0.121,0.547,0.671,0.879,0.572,0.844
548,2024,4433973,Seven Mcgee,WR,UAlbany,,0.077,0.124,0.013,0.078,0.073,0.084,0.064,0.101
549,2024,4461822,Tyler Cherry,WR,The Citadel,,0.028,0.079,0.0,0.034,0.018,0.017,0.027,0.028
550,2024,4463590,Caleb Anderson,WR,Alcorn State,,0.014,0.037,0.0,0.0,0.0,0.067,0.0,0.033
551,2024,4476461,Stephen Martin,WR,Samford,,0.031,0.055,0.0,0.022,0.026,0.06,0.028,0.038
552,2024,4511722,Hunter Wood,WR,Missouri State,,0.097,0.175,0.0,0.072,0.111,0.147,0.075,0.146
553,2024,4528999,Jalen Rogers,WR,Florida A&M,,0.053,0.1,0.0,0.036,0.048,0.125,0.049,0.063
554,2024,4565172,Courtney Jackson,WR,Arkansas State,SBC,0.046,0.089,0.0,0.048,0.039,0.051,0.039,0.06
555,2024,4565180,Peter Costelli,QB,Northern Colorado,,0.414,0.727,0.168,0.239,0.482,0.61,0.331,0.589
556,2024,4565181,Bralon Brown,WR,Marshall,SBC,0.033,0.081,0.0,0.013,0.046,0.058,0.027,0.049
557,2024,4565183,Will Swanson,TE,Kansas State,B12,0.022,0.052,0.0,0.02,0.021,0.011,0.019,0.029
558,2024,4565184,Jerand Bradley,WR,Boston College,ACC,0.024,0.056,0.0,0.0,0.048,0.02,0.011,0.053
559,2024,4565185,Tai Felton,WR,Maryland,B1G,0.125,0.205,0.006,0.109,0.133,0.136,0.112,0.152
560,2024,4565187,Jalen Kitna,QB,UAB,AAC,0.646,0.958,0.14,0.605,0.585,0.805,0.57,0.801
561,2024,4565211,Dan Dishman,TE,UTSA,AAC,0.025,0.048,0.0,0.03,0.019,0.029,0.025,0.025
562,2024,4565297,Dontae Fleming,WR,Tulane,AAC,0.05,0.121,0.006,0.059,0.048,0.043,0.05,0.05
563,2024,4565315,Blake Shapen,QB,Mississippi State,SEC,0.521,0.871,0.173,0.576,0.435,0.547,0.492,0.597
564,2024,4565318,Terion Stewart,RB,Bowling Green,MAC,0.23,0.003,0.478,0.297,0.22,0.134,0.279,0.129
565,2024,4565355,Dexter Williams II,QB,Georgia Southern,SBC,0.151,0.208,0.078,0.155,0.171,0.136,0.14,0.177
566,2024,4565361,Anthony Sambucci,WR,Western Michigan,MAC,0.066,0.149,0.0,0.09,0.037,0.05,0.069,0.059
567,2024,4565454,Jaelon Travis,WR,Incarnate Word,,0.023,0.047,0.0,0.013,0.046,0.014,0.016,0.039
568,2024,4565460,Jaycob Horn,WR,Eastern Kentucky,,0.023,0.053,0.0,0.018,0.011,0.054,0.019,0.031
569,2024,4565491,Jere Getzinger Jr.,TE,Eastern Michigan,MAC,0.026,0.043,0.004,0.017,0.028,0.045,0.021,0.034
570,2024,4565532,Jordan Brunson,RB,Miami (OH),MAC,0.106,0.004,0.22,0.099,0.101,0.125,0.126,0.063
571,2024,4565533,Samuel Kenerson,WR,Georgia Southern,SBC,0.012,0.02,0.0,0.0,0.0,0.053,0.0,0.031
572,2024,4565552,Deacon Hill,QB,Utah Tech,,0.353,0.538,0.072,0.312,0.304,0.514,0.318,0.413
573,2024,4565555,Kaleo Ballungay,TE,UNLV,MWC,0.028,0.074,0.0,0.02,0.034,0.03,0.026,0.032
574,2024,4565770,Damien Moore,RB,Lamar,,0.071,0.016,0.115,0.069,0.087,0.047,0.075,0.063
575,2024,4565859,Joe Royer,TE,Cincinnati,B12,0.06,0.12,0.0,0.065,0.048,0.071,0.058,0.065
576,2024,4565878,James Bomba,TE,Indiana,B1G,0.015,0.048,0.0,0.0,0.05,0.0,0.017,0.0
577,2024,4565879,Diante Vines,WR,Old Dominion,SBC,0.05,0.11,0.0,0.019,0.074,0.074,0.037,0.077
578,2024,4565889,Omarion Dollison,WR,James Madison,SBC,0.054,0.118,0.0,0.048,0.052,0.081,0.049,0.066
579,2024,4565892,Navy Shuler,QB,Tennessee,SEC,0.034,0.052,0.022,0.056,0.0,0.037,0.037,0.025
580,2024,4566153,Blaine Green,WR,Stephen F. Austin,,0.07,0.137,0.0,0.07,0.082,0.062,0.062,0.091
581,2024,4566157,Luke Floriea,WR,Kent State,MAC,0.08,0.163,0.003,0.077,0.077,0.087,0.082,0.077
582,2024,4566195,Marshall Lang,TE,Northwestern,B1G,0.032,0.053,0.005,0.022,0.029,0.051,0.028,0.039
583,2024,4566198,Lake McRee,TE,USC,B1G,0.041,0.065,0.004,0.036,0.059,0.018,0.045,0.033
584,2024,4566700,Brandon Niemenski,TE,Long Island University,,0.028,0.047,0.011,0.012,0.052,0.0,0.025,0.033
585,2024,4567031,Michael Kern,QB,Wake Forest,ACC,0.149,0.25,0.034,0.143,0.133,0.197,0.129,0.188
586,2024,4567033,Donavon Greene,WR,Wake Forest,ACC,0.057,0.105,0.0,0.053,0.074,0.049,0.054,0.065
587,2024,4567040,Cameron Hite,TE,Wake Forest,ACC,0.026,0.052,0.0,0.028,0.022,0.022,0.028,0.023
588,2024,4567044,Taylor Morin,WR,Wake Forest,ACC,0.081,0.154,0.005,0.078,0.081,0.083,0.073,0.1
589,2024,4567149,KJ Jefferson,QB,UCF,B12,0.439,0.879,0.196,0.419,0.419,0.507,0.373,0.659
590,2024,4567217,Ja'Varrius Johnson,WR,UCF,B12,0.029,0.05,0.013,0.028,0.043,0.01,0.029,0.028
591,2024,4567234,Tyler Fromm,TE,Georgia Southern,SBC,0.032,0.06,0.003,0.034,0.036,0.025,0.038,0.02
592,2024,4567235,Luke Deal,TE,Auburn,SEC,0.015,0.029,0.0,0.02,0.015,0.0,0.013,0.018
593,2024,4567241,Kinkead Dent,QB,UT Martin,,0.423,0.768,0.138,0.325,0.431,0.599,0.357,0.543
594,2024,4567244,Jadon Jackson,WR,Kansas State,B12,0.037,0.072,0.006,0.041,0.021,0.05,0.034,0.044
595,2024,4567253,Darion Williamson,WR,Florida State,ACC,0.034,0.058,0.0,0.008,0.06,0.048,0.027,0.045
596,2024,4567400,Nay'Quan Wright,RB,South Florida,AAC,0.141,0.047,0.237,0.147,0.161,0.107,0.153,0.118
597,2024,4567415,Trent Whittemore,WR,UCF,B12,0.018,0.043,0.0,0.03,0.014,0.0,0.018,0.017
598,2024,4567495,Quavon Beckford,WR,Tuskegee,,0.014,0.024,0.0,0.0,0.045,0.0,0.0,0.034
599,2024,4567507,Rodrigues Clark,RB,Southern Miss,SBC,0.188,0.034,0.336,0.206,0.217,0.128,0.221,0.133
600,2024,4567525,Javon Ivory,WR,South Alabama,SBC,0.017,0.036,0.0,0.02,0.024,0.0,0.012,0.026
601,2024,4567532,Devin Boddie Jr.,WR,Wyoming,MWC,0.025,0.044,0.008,0.0,0.038,0.05,0.0,0.065
602,2024,4567543,Justin Ball,TE,Mississippi State,SEC,0.024,0.049,0.0,0.019,0.009,0.026,0.021,0.031
603,2024,4567545,Jayden Harrison,WR,Notre Dame,Ind,0.028,0.06,0.0,0.026,0.022,0.047,0.025,0.033
604,2024,4567596,Christan Horn,WR,App State,SBC,0.041,0.078,0.0,0.035,0.041,0.061,0.037,0.048
605,2024,4567707,Grayson James,QB,Boston College,ACC,0.488,0.952,0.115,0.27,0.562,0.753,0.36,0.777
606,2024,4567736,Taji Hudson,WR,James Madison,SBC,0.018,0.031,0.007,0.009,0.011,0.05,0.016,0.022
607,2024,4567747,Garrett Nussmeier,QB,LSU,SEC,0.615,0.98,0.061,0.563,0.581,0.763,0.567,0.711
608,2024,4567750,Emeka Egbuka,WR,Ohio State,B1G,0.101,0.196,0.016,0.1,0.078,0.144,0.101,0.101
609,2024,4567784,Jacolby George,WR,Miami,ACC,0.068,0.12,0.005,0.065,0.082,0.055,0.068,0.069
610,2024,4568024,Josh Williams,RB,LSU,SEC,0.168,0.064,0.325,0.174,0.17,0.151,0.184,0.134
611,2024,4568075,Juan Davis,TE,Texas,SEC,0.016,0.031,0.0,0.029,0.011,0.0,0.021,0.006
612,2024,4568237,Matt Smith,TE,Massachusetts,Ind,0.034,0.067,0.0,0.029,0.034,0.053,0.035,0.033
613,2024,4568312,Jordan Houston,RB,Marshall,SBC,0.153,0.045,0.229,0.196,0.148,0.081,0.171,0.111
614,2024,4568316,DeMarcus Jones II,RB,NC State,ACC,0.058,0.031,0.081,0.059,0.043,0.1,0.038,0.118
615,2024,4568336,Zach Gibson,QB,Georgia State,SBC,0.475,0.658,0.2,0.348,0.542,0.625,0.388,0.656
616,2024,4568406,Calvin Hill,RB,Houston Christian,,0.12,0.009,0.226,0.169,0.098,0.067,0.159,0.056
617,2024,4568411,Cornelious Brown,QB,Alabama A&M,,0.281,0.484,0.099,0.243,0.287,0.378,0.238,0.379
618,2024,4568421,Darius Lewis,WR,North Greenville,,0.015,0.038,0.0,0.038,0.0,0.0,0.024,0.0
619,2024,4568425,Beau Johnson,TE,Georgia Southern,SBC,0.026,0.052,0.0,0.025,0.036,0.015,0.032,0.011
620,2024,4568443,J'Wan Evans,RB,Northern Arizona,,0.099,0.031,0.159,0.099,0.114,0.074,0.102,0.092
621,2024,4568490,RJ Harvey,RB,UCF,B12,0.303,0.054,0.476,0.381,0.262,0.205,0.353,0.173
622,2024,4568649,Ethan Hall,TE,Tulsa,AAC,0.021,0.031,0.009,0.011,0.026,0.018,0.026,0.012
623,2024,4568658,Daniel Carter,RB,Pittsburgh,ACC,0.049,0.009,0.113,0.052,0.065,0.02,0.055,0.037
624,2024,4568687,Sincere Brown,WR,Campbell,,0.081,0.17,0.0,0.071,0.075,0.118,0.076,0.091
625,2024,4568694,Daniel Hishaw Jr.,RB,Kansas,B12,0.129,0.015,0.212,0.136,0.119,0.134,0.138,0.106
626,2024,4569001,Cameron Ross,WR,James Madison,SBC,0.056,0.11,0.01,0.054,0.052,0.071,0.047,0.076
627,2024,4569013,Jacob Flynn,WR,Stonehill,,0.033,0.068,0.006,0.028,0.035,0.029,0.023,0.051
628,2024,4569086,Charles Ross,WR,USC,B1G,0.011,0.021,0.0,0.02,0.0,0.0,0.013,0.0
629,2024,4569181,Kyle Maxwell,WR,Washington State,PAC,0.02,0.042,0.0,0.0,0.0,0.125,0.0,0.083
630,2024,4569184,Trenton Bourguet,QB,Arizona State,B12,0.047,0.12,0.0,0.031,0.05,0.0,0.061,0.0
631,2024,4569262,Alex Honig,TE,UConn,Ind,0.03,0.071,0.0,0.045,0.03,0.0,0.043,0.0
632,2024,4569281,Nick Rempert,WR,North Texas,AAC,0.025,0.033,0.01,0.033,0.006,0.041,0.028,0.017
633,2024,4569343,Rahmon Hart Jr.,WR,Stony Brook,,0.013,0.029,0.0,0.01,0.026,0.0,0.017,0.0
634,2024,4569372,Dalevon Campbell,WR,South Carolina,SEC,0.023,0.053,0.0,0.02,0.038,0.01,0.018,0.035
635,2024,4569414,Chase Artopoeus,QB,Chattanooga,,0.409,0.849,0.081,0.35,0.447,0.477,0.351,0.529
636,2024,4569422,Christian Grubb,RB,Portland State,,0.041,0.005,0.064,0.053,0.035,0.029,0.052,0.018
637,2024,4569431,Mike Martinez,TE,Idaho,,0.038,0.099,0.0,0.036,0.026,0.068,0.03,0.058
638,2024,4569452,Winston Wright,WR,East Carolina,AAC,0.088,0.143,0.033,0.105,0.073,0.071,0.085,0.096
639,2024,4569481,Anthony Watkins,RB,Tulsa,AAC,0.127,0.035,0.224,0.161,0.124,0.08,0.147,0.089
640,2024,4569507,Cade McDonald,WR,Miami (OH),MAC,0.096,0.178,0.003,0.093,0.119,0.072,0.09,0.108
641,2024,4569508,Evan Morris,TE,UCF,B12,0.012,0.024,0.0,0.015,0.0,0.0,0.009,0.02
642,2024,4569535,Jacob Clark,QB,Missouri State,,0.584,0.936,0.145,0.462,0.63,0.794,0.49,0.785
643,2024,4569547,Nick Kallerup,TE,Minnesota,B1G,0.025,0.046,0.0,0.01,0.04,0.022,0.01,0.053
644,2024,4569557,Miki Suguturaga,TE,Utah,B12,0.016,0.038,0.0,0.033,0.0,0.0,0.02,0.0
645,2024,4569594,Cameron Davis,RB,Washington,B1G,0.087,0.034,0.15,0.098,0.077,0.071,0.104,0.037
646,2024,4569598,Dylan Morris,QB,James Madison,SBC,0.016,0.031,0.0,0.0,0.05,0.0,0.021,0.0
647,2024,4569615,Thomas Gordon,TE,Northwestern,B1G,0.036,0.066,0.0,0.028,0.038,0.054,0.031,0.046
648,2024,4569653,Shane Calhoun,TE,Texas A&M,SEC,0.016,0.038,0.0,0.022,0.017,0.0,0.021,0.0
649,2024,4569727,Louis Hansen,TE,UConn,Ind,0.038,0.084,0.0,0.037,0.048,0.028,0.038,0.038
650,2024,4569896,Alex Brown,WR,Wyoming,MWC,0.015,0.033,0.0,0.039,0.0,0.0,0.024,0.0
651,2024,4569948,Keanu Hill,TE,BYU,B12,0.03,0.059,0.0,0.03,0.014,0.04,0.028,0.035
652,2024,4569988,Enoch Nawahine,RB,BYU,B12,0.098,0.007,0.167,0.107,0.113,0.051,0.11,0.076
653,2024,4570037,Terrance Ferguson,TE,Oregon,B1G,0.062,0.122,0.0,0.059,0.047,0.076,0.06,0.067
654,2024,4570038,Sam Hart,TE,Colorado,B12,0.013,0.021,0.0,0.0,0.02,0.034,0.011,0.019
655,2024,4570045,John Dunmore,WR,Towson,,0.061,0.11,0.01,0.052,0.061,0.084,0.049,0.093
656,2024,4570048,Michael Johnson Jr.,QB,Syracuse,ACC,0.076,0.088,0.057,0.023,0.067,0.176,0.032,0.167
657,2024,4570057,Cole Snyder,QB,Eastern Michigan,MAC,0.611,0.936,0.246,0.589,0.59,0.71,0.547,0.748
658,2024,4570071,Julius Davis,RB,Montana State,,0.171,0.0,0.245,0.2,0.211,0.063,0.198,0.104
659,2024,4570088,Connor Genal,QB,Morehead State,,0.369,0.701,0.089,0.296,0.321,0.553,0.278,0.493
660,2024,4570115,Samario Rudolph,WR,Jacksonville State,CUSA,0.023,0.064,0.008,0.018,0.027,0.031,0.019,0.037
661,2024,4570132,Ryan Davis,WR,New Mexico,MWC,0.074,0.149,0.003,0.103,0.052,0.048,0.071,0.082
662,2024,4570154,Preston Brown,QB,Catawba,,0.667,1.0,0.13,0.571,0.579,1.0,0.564,0.857
663,2024,4570190,Jake Bailey,WR,SMU,ACC,0.04,0.102,0.0,0.032,0.033,0.076,0.024,0.077
664,2024,4570218,Jonah Panoke,WR,Hawai'i,MWC,0.049,0.077,0.0,0.064,0.035,0.037,0.055,0.036
665,2024,4570242,Nick Nash,WR,San José State,MWC,0.136,0.211,0.007,0.136,0.117,0.178,0.142,0.125
666,2024,4570250,Trevor Wilson,WR,Kansas,B12,0.039,0.074,0.016,0.042,0.049,0.018,0.035,0.049
667,2024,4570259,Daniel Richardson,QB,Florida A&M,,0.47,0.79,0.103,0.413,0.456,0.614,0.434,0.536
668,2024,4570270,Adam Jones,WR,Arkansas State,SBC,0.033,0.064,0.0,0.018,0.052,0.03,0.025,0.05
669,2024,4570286,Tyler Foster,TE,Oklahoma State,B12,0.014,0.026,0.0,0.0,0.043,0.0,0.007,0.031
670,2024,4570296,Dalen Cambre,WR,Louisiana,SBC,0.028,0.061,0.0,0.012,0.036,0.057,0.016,0.058
671,2024,4570309,Justin Stephens,TE,Toledo,MAC,0.014,0.037,0.0,0.0,0.04,0.0,0.0,0.071
672,2024,4570507,Devin Voisin,WR,South Alabama,SBC,0.039,0.082,0.0,0.047,0.028,0.043,0.043,0.028
673,2024,4570516,Joshua Carter,RB,Eastern Kentucky,,0.3,0.061,0.471,0.348,0.333,0.155,0.344,0.192
674,2024,4570554,Chandler Rogers,QB,California,ACC,0.09,0.087,0.093,0.059,0.08,0.15,0.055,0.155
675,2024,4570580,Sean Brown,TE,Jacksonville State,CUSA,0.021,0.064,0.0,0.004,0.034,0.041,0.016,0.034
676,2024,4570636,Malick Meiga,WR,Coastal Carolina,SBC,0.022,0.052,0.0,0.021,0.019,0.034,0.019,0.027
677,2024,4570667,Terez Traynor,WR,Charlotte,AAC,0.019,0.037,0.0,0.023,0.0,0.037,0.014,0.028
678,2024,4570667,Terez Traynor,WR,Charlotte,,0.019,0.037,0.0,0.023,0.0,0.037,0.014,0.028
679,2024,4570683,Kam Brown,WR,Purdue,B1G,0.018,0.033,0.0,0.0,0.036,0.024,0.01,0.032
680,2024,4570738,Ke'Shawn Williams,WR,Indiana,B1G,0.056,0.119,0.005,0.045,0.071,0.067,0.049,0.075
681,2024,4570740,Bryce Butler,TE,Ohio,MAC,0.014,0.038,0.0,0.03,0.0,0.0,0.019,0.0
682,2024,4570743,Santino Marucci,QB,New Mexico State,CUSA,0.284,0.56,0.093,0.228,0.258,0.446,0.234,0.393
683,2024,4570839,Jaelin Benefield,RB,Southern Illinois,,0.09,0.02,0.157,0.099,0.132,0.021,0.103,0.068
684,2024,4570846,Anthony Manaves,TE,Eastern Illinois,,0.03,0.045,0.0,0.029,0.018,0.029,0.018,0.051
685,2024,4570921,Ryan Simpson,WR,Montana,,0.015,0.03,0.0,0.022,0.015,0.0,0.014,0.019
686,2024,4571021,Shamar Garrett,RB,Utah Tech,,0.093,0.124,0.048,0.112,0.101,0.046,0.1,0.081
687,2024,4571070,Hayes Sutton,WR,Middle Tennessee,CUSA,0.033,0.055,0.0,0.026,0.021,0.052,0.033,0.034
688,2024,4571076,Da'Shon Davis,WR,Tennessee State,,0.029,0.055,0.0,0.026,0.034,0.026,0.025,0.038
689,2024,4571114,JJ Jenkins,WR,Buffalo,MAC,0.059,0.136,0.0,0.059,0.076,0.039,0.059,0.058
690,2024,4571178,William Enneking,TE,Butler,,0.035,0.085,0.0,0.03,0.03,0.047,0.026,0.061
691,2024,4571194,Marcus Bellon,WR,Nevada,MWC,0.059,0.099,0.023,0.061,0.056,0.065,0.056,0.065
692,2024,4571272,Nick Howard,QB,Butler,,0.251,0.188,0.291,0.239,0.293,0.227,0.276,0.181
693,2024,4571290,Chaz Davis,WR,UC Davis,,0.048,0.087,0.0,0.039,0.066,0.038,0.048,0.05
694,2024,4571293,Miles Hastings,QB,UC Davis,,0.532,0.945,0.044,0.48,0.521,0.692,0.469,0.697
695,2024,4571305,Zak Wallace,RB,Arkansas State,SBC,0.18,0.03,0.339,0.207,0.149,0.144,0.223,0.085
696,2024,4571349,Dervon Pesnell,WR,The Citadel,,0.045,0.124,0.0,0.033,0.041,0.056,0.038,0.058
697,2024,4571364,Hajj-Malik Williams,QB,UNLV,MWC,0.511,0.919,0.266,0.439,0.524,0.659,0.441,0.679
698,2024,4571563,Sean Atkins,WR,South Florida,AAC,0.101,0.193,0.009,0.11,0.063,0.128,0.099,0.105
699,2024,4571704,Garrett Cody,WR,Fordham,,0.049,0.095,0.0,0.056,0.038,0.051,0.048,0.05
700,2024,4571716,Jeff Ciccio,TE,Fordham,,0.022,0.05,0.0,0.02,0.039,0.0,0.019,0.027
701,2024,4571720,Dorrian Moultrie,WR,Hampton,,0.044,0.11,0.002,0.036,0.041,0.066,0.04,0.053
702,2024,4571721,Pierce Holley,QB,Eastern Illinois,,0.516,0.81,0.084,0.476,0.537,0.564,0.454,0.635
703,2024,4571739,Kevin McGuire,WR,Sacred Heart,INDAA,0.032,0.083,0.0,0.005,0.039,0.08,0.024,0.048
704,2024,4571740,Marquese Albert,RB,Nicholls,,0.106,0.046,0.152,0.142,0.108,0.035,0.126,0.068
705,2024,4571768,Alex Moore,TE,Idaho,,0.038,0.079,0.0,0.051,0.007,0.051,0.043,0.025
706,2024,4571803,Tyler Purdy,RB,James Madison,SBC,0.079,0.023,0.134,0.072,0.09,0.075,0.105,0.023
707,2024,4571812,Jack Coulson,WR,Valparaiso,,0.048,0.095,0.006,0.038,0.02,0.092,0.03,0.079
708,2024,4571818,Jordan Hull,WR,Delaware State,,0.055,0.107,0.0,0.043,0.075,0.046,0.045,0.071
709,2024,4571821,Jaden Sutton,RB,Delaware State,,0.273,0.052,0.506,0.406,0.235,0.099,0.367,0.11
710,2024,4571875,Qualan Jones,RB,Stephen F. Austin,,0.243,0.044,0.457,0.27,0.256,0.173,0.281,0.167
711,2024,4571935,Jahmal Banks,WR,Nebraska,B1G,0.058,0.116,0.0,0.054,0.054,0.082,0.047,0.086
712,2024,4571942,Payten Singletary,TE,South Florida,AAC,0.031,0.063,0.0,0.043,0.016,0.034,0.033,0.027
713,2024,4572038,Ren Hefley,QB,Gardner-Webb,,0.124,0.227,0.022,0.084,0.134,0.143,0.08,0.206
714,2024,4572040,George Johnson,WR,Florida Atlantic,AAC,0.029,0.065,0.0,0.017,0.036,0.05,0.022,0.044
715,2024,4572267,Elijah Spencer,WR,Minnesota,B1G,0.069,0.13,0.0,0.063,0.071,0.083,0.063,0.082
716,2024,4572380,Quincy Skinner Jr.,WR,Vanderbilt,SEC,0.044,0.103,0.002,0.047,0.024,0.071,0.043,0.046
717,2024,4572455,Jake Smith,WR,Arizona State,B12,0.033,0.052,0.021,0.04,0.023,0.039,0.036,0.026
718,2024,4572525,Kobe Johnson,RB,Colorado State,MWC,0.03,0.019,0.039,0.045,0.013,0.032,0.035,0.021
719,2024,4572626,Travis Theis,RB,South Dakota,,0.287,0.113,0.414,0.304,0.283,0.246,0.338,0.144
720,2024,4572629,Carter Bell,WR,South Dakota,,0.092,0.194,0.019,0.076,0.087,0.144,0.068,0.161
721,2024,4572655,Jeremiah Webb,WR,South Alabama,SBC,0.044,0.089,0.002,0.044,0.053,0.033,0.045,0.042
722,2024,4572656,Canyon Bauer,WR,Augustana University (SD),,0.091,0.128,0.0,0.0,0.176,0.133,0.036,0.148
723,2024,4572717,Lance Jackson,RB,Chattanooga,,0.093,0.007,0.151,0.088,0.094,0.107,0.122,0.035
724,2024,4572739,Cooper Wallace,RB,The Citadel,,0.119,0.029,0.167,0.166,0.106,0.068,0.145,0.07
725,2024,4572785,Kahlil Overton,TE,Long Island University,,0.024,0.056,0.0,0.012,0.048,0.013,0.023,0.025
726,2024,4572873,C.J. Charleston,WR,Michigan,B1G,0.018,0.03,0.0,0.045,0.0,0.0,0.026,0.0
727,2024,4572934,Seth Morgan,QB,New Hampshire,,0.503,0.814,0.128,0.372,0.554,0.712,0.419,0.667
728,2024,4573222,Brett Buckman,WR,UConn,Ind,0.024,0.046,0.0,0.024,0.02,0.016,0.032,0.01
729,2024,4573243,Chandler Brayboy,WR,Elon,,0.102,0.183,0.024,0.108,0.094,0.109,0.112,0.085
730,2024,4573286,Jamie Lamson,WR,Maine,,0.05,0.102,0.0,0.039,0.048,0.074,0.037,0.077
731,2024,4573302,Michael Monios,WR,Maine,,0.022,0.042,0.0,0.006,0.034,0.026,0.008,0.048
732,2024,4573398,Max Brosmer,QB,Minnesota,B1G,0.573,0.965,0.132,0.567,0.511,0.685,0.535,0.661
733,2024,4573418,Isaac Seide,RB,New Hampshire,,0.215,0.059,0.422,0.296,0.189,0.118,0.278,0.095
734,2024,4573455,Darius Perrantes,QB,Duquesne,,0.422,0.801,0.068,0.343,0.345,0.654,0.341,0.579
735,2024,4573456,Brady Roark,TE,Rhode Island,,0.019,0.034,0.0,0.015,0.038,0.0,0.02,0.016
736,2024,4573495,Chaz Ward,RB,Louisiana,SBC,0.017,0.033,0.0,0.018,0.028,0.0,0.013,0.024
737,2024,4573521,Jadon Turner,RB,Central Connecticut,,0.094,0.013,0.153,0.127,0.102,0.026,0.105,0.069
738,2024,4573522,Shawn Harris Jr.,WR,Rhode Island,,0.041,0.072,0.014,0.035,0.041,0.057,0.035,0.053
739,2024,4573531,RJ Lamarre,WR,Stony Brook,,0.026,0.059,0.0,0.031,0.027,0.017,0.023,0.035
740,2024,4573542,Marcus Velez,TE,Bethune-Cookman,,0.034,0.076,0.0,0.032,0.039,0.033,0.032,0.036
741,2024,4573699,Jackson Hawes,TE,Georgia Tech,ACC,0.023,0.046,0.0,0.013,0.017,0.06,0.013,0.047
742,2024,4573885,Iaan Cousin,RB,Samford,,0.045,0.065,0.024,0.047,0.054,0.029,0.049,0.037
743,2024,4573886,Preston Daniels,TE,Kennesaw State,CUSA,0.055,0.007,0.09,0.022,0.028,0.121,0.074,0.024
744,2024,4573916,Michael Benefield,RB,Kennesaw State,CUSA,0.188,0.016,0.311,0.213,0.222,0.115,0.225,0.126
745,2024,4574024,Rob McCoy,QB,Charleston Southern,,0.25,0.435,0.135,0.174,0.25,0.4,0.143,0.344
746,2024,4574106,Matt O'Connor,QB,Stetson,,0.181,0.281,0.01,0.112,0.253,0.213,0.117,0.297
747,2024,4574128,Bronson Yoder,RB,William & Mary,,0.258,0.03,0.393,0.287,0.276,0.152,0.284,0.188
748,2024,4574327,Marlyn Johnson,WR,Florida Atlantic,AAC,0.036,0.077,0.0,0.038,0.03,0.035,0.034,0.04
749,2024,4574356,Tyler Huff,QB,Jacksonville State,CUSA,0.537,0.935,0.331,0.433,0.574,0.724,0.457,0.751
750,2024,4574374,Delvecchio Powell II,RB,Robert Morris,,0.084,0.053,0.117,0.095,0.069,0.086,0.09,0.071
751,2024,4574466,Caden Meis,RB,Northern Colorado,,0.16,0.041,0.251,0.182,0.16,0.107,0.2,0.085
752,2024,4574487,Jabari Blake,QB,Virginia St,,0.018,0.048,0.0,0.0,0.056,0.0,0.027,0.0
753,2024,4574651,Solomon Davis,WR,Central Michigan,MAC,0.044,0.09,0.008,0.037,0.061,0.034,0.04,0.052
754,2024,4574678,Taylor Shields,WR,Gardner-Webb,,0.039,0.081,0.0,0.031,0.067,0.011,0.038,0.04
755,2024,4574722,Christian Dremel,WR,Rutgers,B1G,0.028,0.055,0.0,0.032,0.021,0.034,0.038,0.007
756,2024,4574732,Aaron Young,RB,Old Dominion,SBC,0.397,0.143,0.469,0.333,0.55,0.333,0.426,0.313
757,2024,4574767,Jake Schultz,FB,Oklahoma State,B12,0.017,0.024,0.008,0.015,0.022,0.02,0.025,0.0
758,2024,4574790,Harold Blood,QB,Missouri,SEC,0.016,0.0,0.026,0.0,0.0,0.077,0.02,0.0
759,2024,4574860,Kyrese Rowan,WR,Utah State,MWC,0.063,0.117,0.006,0.051,0.053,0.094,0.049,0.099
760,2024,4574964,Gavin Thomson,WR,St. Francis (PA),,0.103,0.225,0.007,0.097,0.054,0.185,0.087,0.133
761,2024,4575085,CJ Russell,RB,Southern,,0.103,0.003,0.19,0.131,0.118,0.036,0.149,0.022
762,2024,4575131,Jacory Merritt,RB,Arizona,B12,0.246,0.032,0.5,0.357,0.25,0.0,0.31,0.067
763,2024,4575158,Tevarrius Adams,WR,Alcorn State,,0.027,0.058,0.005,0.02,0.016,0.06,0.019,0.038
764,2024,4575192,Jordan Springs,TE,Savannah St,,0.027,0.056,0.0,0.0,0.0,0.091,0.0,0.056
765,2024,4575348,Da'Quan Felton,WR,Virginia Tech,ACC,0.057,0.128,0.003,0.043,0.07,0.068,0.044,0.085
766,2024,4575528,Francis Sherman,TE,Cincinnati,B12,0.016,0.017,0.015,0.0,0.05,0.0,0.011,0.029
767,2024,4575538,Tyler Crowe,FB,Boise State,MWC,0.05,0.011,0.082,0.046,0.039,0.079,0.069,0.006
768,2024,4575558,Josh Kelly,WR,Texas Tech,B12,0.094,0.166,0.005,0.077,0.073,0.165,0.076,0.131
769,2024,4575667,Deion Hankins,RB,Texas State,SBC,0.084,0.0,0.15,0.069,0.082,0.085,0.106,0.029
770,2024,4575758,Charles Norman,RB,UL Monroe,SBC,0.048,0.0,0.065,0.042,0.0,0.071,0.071,0.0
771,2024,4575831,Taron Keith,RB,South Florida,AAC,0.098,0.028,0.17,0.11,0.109,0.066,0.112,0.07
772,2024,4575856,James Della Pesca,TE,Temple,AAC,0.03,0.054,0.0,0.019,0.025,0.053,0.019,0.049
773,2024,4575862,Trebor Pena,WR,Syracuse,ACC,0.106,0.149,0.035,0.105,0.099,0.132,0.096,0.127
774,2024,4575936,Airius Trice,WR,UT Martin,,0.024,0.064,0.0,0.018,0.026,0.037,0.026,0.02
775,2024,4576127,Haden Carlson,QB,Florida International,CUSA,0.098,0.2,0.0,0.074,0.158,0.077,0.054,0.167
776,2024,4576135,Zoe Roberts,WR,UT Martin,,0.024,0.052,0.0,0.026,0.025,0.02,0.021,0.03
777,2024,4576150,Shamar Sandgren,WR,South Alabama,SBC,0.033,0.07,0.0,0.043,0.037,0.0,0.036,0.025
778,2024,4576152,Quincy Vaughn,QB,North Dakota,,0.027,0.031,0.024,0.009,0.024,0.032,0.027,0.029
779,2024,4576183,Kevin Davis,RB,Miami (OH),MAC,0.098,0.077,0.123,0.105,0.077,0.122,0.104,0.085
780,2024,4576186,Trevor Borland,TE,Western Kentucky,CUSA,0.016,0.032,0.0,0.0,0.0,0.105,0.019,0.0
781,2024,4576189,Aveon Smith,QB,Alabama A&M,,0.107,0.151,0.067,0.081,0.122,0.114,0.087,0.15
782,2024,4576218,Sevion Morrison,RB,Kansas,B12,0.067,0.006,0.104,0.082,0.057,0.053,0.075,0.043
783,2024,4576226,Hunter Brown,TE,Eastern Kentucky,,0.024,0.053,0.0,0.006,0.016,0.076,0.011,0.052
784,2024,4576273,Will Downes,WR,Marist,,0.058,0.096,0.0,0.059,0.052,0.078,0.056,0.061
785,2024,4576294,Harrison Waylee,RB,Wyoming,MWC,0.236,0.016,0.425,0.248,0.318,0.107,0.275,0.146
786,2024,4576298,Keegan Wilburn,WR,Bryant,,0.016,0.026,0.0,0.037,0.0,0.0,0.024,0.0
787,2024,4576318,Marcus Carroll,RB,Missouri,SEC,0.16,0.021,0.279,0.174,0.159,0.125,0.202,0.06
788,2024,4576788,Andre Johnson,WR,Miami (OH),MAC,0.02,0.034,0.0,0.013,0.017,0.043,0.018,0.026
789,2024,4576799,Sebastian Macaluso,WR,San José State,MWC,0.031,0.046,0.0,0.031,0.038,0.022,0.029,0.036
790,2024,4577440,Grant Sergent,QB,San Diego,,0.533,0.945,0.081,0.458,0.475,0.789,0.456,0.688
791,2024,4577541,Avery Boyd,WR,Georgia Tech,ACC,0.041,0.079,0.003,0.041,0.045,0.04,0.032,0.061
792,2024,4577577,Ismael Fuller,WR,Houston Christian,,0.04,0.081,0.0,0.019,0.032,0.085,0.026,0.061
793,2024,4577580,Gino English,QB,East Tennessee State,,0.191,0.346,0.054,0.17,0.2,0.192,0.179,0.218
794,2024,4577746,Delvin Attafah,WR,Central Connecticut,,0.02,0.04,0.007,0.0,0.024,0.06,0.006,0.049
795,2024,4577762,Jacob Orlando,TE,Buffalo,MAC,0.023,0.056,0.0,0.012,0.021,0.052,0.016,0.038
796,2024,4577869,Keelan White,WR,Montana,,0.068,0.136,0.0,0.06,0.063,0.105,0.058,0.092
797,2024,4577880,Jobi Malary,RB,James Madison,SBC,0.069,0.004,0.12,0.064,0.061,0.071,0.076,0.053
798,2024,4578042,P.J. Wells,WR,Jacksonville State,CUSA,0.034,0.094,0.0,0.026,0.067,0.0,0.025,0.057
799,2024,4578084,Brandon Jimenez,WR,Valparaiso,,0.033,0.068,0.0,0.046,0.0,0.028,0.045,0.016
800,2024,4578097,Tommy Smith,TE,Rhode Island,,0.046,0.089,0.01,0.05,0.022,0.076,0.047,0.044
801,2024,4578110,Gabe Sloat,RB,Rhode Island,,0.061,0.044,0.076,0.056,0.04,0.109,0.055,0.074
802,2024,4578236,Jared Lewis,QB,Long Island University,,0.048,0.047,0.048,0.016,0.039,0.148,0.06,0.021
803,2024,4578268,Ty Arrington,WR,Duquesne,,0.028,0.06,0.0,0.028,0.019,0.029,0.028,0.028
804,2024,4578286,Harrison Cohen,WR,Morehead State,,0.015,0.032,0.0,0.0,0.0,0.083,0.0,0.043
805,2024,4578417,Shawn Charles,WR,Robert Morris,,0.076,0.117,0.033,0.058,0.092,0.088,0.069,0.091
806,2024,4578436,Coleman Owen,WR,Ohio,MAC,0.1,0.247,0.004,0.098,0.083,0.138,0.094,0.115
807,2024,4578489,Abdul-Fatai Ibrahim,WR,Louisiana Tech,CUSA,0.031,0.054,0.007,0.019,0.04,0.03,0.022,0.049
808,2024,4578628,Jordan Davis,WR,Wofford,,0.037,0.074,0.0,0.031,0.037,0.045,0.036,0.037
809,2024,4578961,Jacob Sharp,WR,Weber State,,0.078,0.17,0.002,0.083,0.091,0.056,0.068,0.101
810,2024,4578992,Mason Pierce,WR,Incarnate Word,,0.032,0.055,0.005,0.034,0.026,0.045,0.026,0.046
811,2024,4579071,Billy Riviere III,TE,Washington State,PAC,0.02,0.042,0.0,0.0,0.067,0.0,0.026,0.0
812,2024,4579073,Tommy Schuster,QB,Michigan State,B1G,0.165,0.281,0.029,0.163,0.122,0.217,0.148,0.2
813,2024,4579667,Pat Conroy,TE,Old Dominion,SBC,0.048,0.109,0.0,0.043,0.045,0.057,0.038,0.066
814,2024,4580226,Tamatoa Falatea,WR,Princeton,,0.033,0.057,0.0,0.064,0.0,0.036,0.038,0.023
815,2024,4580626,Ryan Lonergan,TE,Montana State,,0.022,0.068,0.0,0.019,0.022,0.029,0.018,0.035
816,2024,4581420,Lonyatta Alexander,WR,Montana State,,0.03,0.094,0.0,0.033,0.017,0.052,0.026,0.043
817,2024,4581750,Jaden Smith,WR,Nevada,MWC,0.08,0.164,0.0,0.081,0.077,0.092,0.07,0.101
818,2024,4583089,Var'Keyes Gumms,TE,Arkansas,SEC,0.014,0.031,0.0,0.0,0.0,0.0,0.019,0.0
819,2024,4583990,Kyle Weber,TE,Tarleton State,,0.027,0.0,0.054,0.0,0.04,0.091,0.036,0.0
820,2024,4584384,Marquez Phillips,WR,Morgan State,,0.04,0.102,0.0,0.016,0.04,0.076,0.026,0.065
821,2024,4586312,Jaylin Noel,WR,Iowa State,B12,0.1,0.186,0.018,0.105,0.08,0.131,0.097,0.107
822,2024,4586331,Taj Butts,RB,Duquesne,,0.19,0.026,0.368,0.256,0.195,0.053,0.24,0.083
823,2024,4587295,Trey Lindsey,QB,UAlbany,,0.159,0.196,0.117,0.163,0.141,0.209,0.118,0.23
824,2024,4587700,Dominique Anthony,QB,Morgan State,,0.127,0.217,0.063,0.12,0.105,0.182,0.143,0.1
825,2024,4587701,Andrel Anthony Jr.,WR,Oklahoma,SEC,0.031,0.063,0.0,0.036,0.0,0.083,0.022,0.053
826,2024,4587702,Christian Leary,WR,Georgia Tech,ACC,0.024,0.05,0.0,0.031,0.024,0.0,0.022,0.031
827,2024,4587705,Cam'Ron Valdez,RB,Texas Tech,B12,0.063,0.01,0.155,0.09,0.061,0.029,0.081,0.021
828,2024,4587720,Tristan Michaud,WR,South Dakota,,0.018,0.043,0.0,0.0,0.053,0.0,0.0,0.061
829,2024,4587721,Daniel Greek,QB,Tarleton State,,0.163,0.359,0.027,0.14,0.188,0.13,0.142,0.211
830,2024,4587722,Troy Stellato,WR,Clemson,ACC,0.051,0.093,0.004,0.054,0.044,0.065,0.045,0.066
831,2024,4587977,Sam Brown,WR,Miami,ACC,0.049,0.088,0.0,0.04,0.068,0.049,0.037,0.082
832,2024,4588200,Colby McDonald,RB,Maryland,B1G,0.072,0.008,0.158,0.067,0.103,0.045,0.074,0.066
833,2024,4588298,Jameson Geers,TE,Minnesota,B1G,0.038,0.07,0.003,0.045,0.032,0.026,0.04,0.032
834,2024,4588466,Christian Jourdain,WR,East Texas A&M,,0.074,0.117,0.011,0.07,0.079,0.071,0.068,0.084
835,2024,4589233,Dylan Goffney,WR,Colorado State,MWC,0.037,0.08,0.0,0.026,0.016,0.048,0.03,0.054
836,2024,4589693,Einaj Carter,WR,South Carolina State,,0.075,0.119,0.035,0.077,0.085,0.053,0.063,0.103
837,2024,4590292,Thomas Fidone Jr.,TE,Nebraska,B1G,0.049,0.095,0.0,0.062,0.038,0.038,0.05,0.047
838,2024,4590294,Brady Lichtenberg,QB,Cincinnati,B12,0.087,0.123,0.049,0.052,0.1,0.136,0.096,0.07
839,2024,4590295,Thomas Zsiros,WR,Toledo,MAC,0.027,0.049,0.0,0.025,0.022,0.033,0.026,0.028
840,2024,4590302,Deon Silas,RB,Rhode Island,,0.077,0.006,0.143,0.098,0.099,0.007,0.092,0.043
841,2024,4590347,Rahjai Harris,RB,East Carolina,AAC,0.251,0.038,0.447,0.273,0.265,0.188,0.29,0.159
842,2024,4590532,Silas Bolden,WR,Texas,SEC,0.03,0.054,0.007,0.027,0.027,0.041,0.027,0.038
843,2024,4591746,Dane Olson,WR,Colorado State,MWC,0.038,0.074,0.006,0.025,0.015,0.089,0.026,0.06
844,2024,4592531,Ari Patu,QB,North Alabama,,0.594,0.895,0.303,0.513,0.585,0.769,0.531,0.71
845,2024,4592532,Billy Edwards,QB,Maryland,B1G,0.621,0.9,0.201,0.563,0.614,0.739,0.567,0.733
846,2024,4592572,Mason Tharp,TE,Texas Tech,B12,0.021,0.039,0.0,0.013,0.027,0.029,0.019,0.024
847,2024,4592573,Michael Jackson III,WR,Georgia,SEC,0.017,0.027,0.0,0.0,0.053,0.0,0.0,0.067
848,2024,4592832,Marcus Burke,WR,Florida,SEC,0.045,0.096,0.006,0.031,0.07,0.038,0.034,0.081
849,2024,4592835,Dalton Stroman,WR,App State,SBC,0.039,0.076,0.0,0.035,0.028,0.057,0.027,0.06
850,2024,4594319,Brady Boyd,WR,Texas Tech,B12,0.014,0.029,0.0,0.031,0.0,0.0,0.022,0.0
851,2024,4594337,Liam Clifford,WR,Penn State,B1G,0.033,0.07,0.003,0.024,0.03,0.063,0.028,0.046
852,2024,4594444,Jordan Moore,WR,Duke,ACC,0.077,0.138,0.0,0.076,0.072,0.084,0.074,0.083
853,2024,4594446,Roderick Daniels,WR,SMU,ACC,0.09,0.102,0.08,0.083,0.098,0.099,0.088,0.096
854,2024,4594447,Donnie Gray,WR,Northwestern,B1G,0.03,0.055,0.0,0.024,0.069,0.0,0.034,0.025
855,2024,4594749,Michael Trigg,TE,Baylor,B12,0.05,0.108,0.003,0.056,0.042,0.052,0.04,0.077
856,2024,4595341,Caleb Hood,RB,North Carolina,ACC,0.083,0.055,0.113,0.113,0.067,0.062,0.095,0.061
857,2024,4595342,Oronde Gadsden II,TE,Syracuse,ACC,0.081,0.128,0.003,0.071,0.068,0.116,0.069,0.107
858,2024,4595354,Gabe Ervin,RB,Nebraska,B1G,0.035,0.0,0.071,0.047,0.031,0.014,0.044,0.009
859,2024,4596010,Lemeke Brockington,WR,Minnesota,B1G,0.027,0.046,0.006,0.024,0.029,0.033,0.023,0.036
860,2024,4596336,Chandler Pittman,RB,Southern Miss,SBC,0.037,0.058,0.014,0.039,0.063,0.0,0.04,0.034
861,2024,4596346,Jordan Dingle,TE,Kentucky,SEC,0.029,0.065,0.0,0.026,0.042,0.019,0.032,0.022
862,2024,4596347,Donaven McCulley,WR,Indiana,B1G,0.014,0.032,0.0,0.0,0.022,0.043,0.0,0.044
863,2024,4596439,Dominic Lovett,WR,Georgia,SEC,0.085,0.149,0.005,0.047,0.121,0.125,0.068,0.129
864,2024,4596472,Jalon Daniels,QB,Kansas,B12,0.502,0.967,0.192,0.474,0.488,0.604,0.449,0.633
865,2024,4596539,Yulkeith Brown,WR,Tulane,AAC,0.062,0.13,0.018,0.037,0.082,0.088,0.046,0.097
866,2024,4596545,C.J. Dippre,TE,Alabama,SEC,0.037,0.08,0.002,0.053,0.021,0.029,0.034,0.045
867,2024,4596596,J.J. Jones,WR,North Carolina,ACC,0.05,0.103,0.0,0.025,0.082,0.057,0.033,0.087
868,2024,4596602,Brashard Smith,RB,SMU,ACC,0.29,0.102,0.454,0.342,0.293,0.17,0.351,0.162
869,2024,4597146,Faysal Aden,RB,UAlbany,,0.088,0.022,0.17,0.092,0.106,0.067,0.097,0.07
870,2024,4597247,Austin Smith,QB,Austin Peay,,0.559,0.901,0.214,0.526,0.506,0.697,0.49,0.692
871,2024,4597248,Tailique Williams,WR,Georgia State,SBC,0.063,0.1,0.009,0.076,0.066,0.018,0.073,0.044
872,2024,4597499,Mikey Keene,QB,Fresno State,MWC,0.581,0.976,0.071,0.513,0.556,0.758,0.498,0.754
873,2024,4597679,Luke Altmyer,QB,Illinois,B1G,0.544,0.971,0.164,0.439,0.571,0.732,0.445,0.755
874,2024,4597703,Tory Horton,WR,Colorado State,MWC,0.08,0.161,0.011,0.092,0.065,0.09,0.061,0.124
875,2024,4599158,Al-Jay Henderson,RB,Buffalo,MAC,0.243,0.057,0.379,0.272,0.276,0.151,0.27,0.19
876,2024,4600403,Braylon Braxton,QB,Marshall,SBC,0.473,0.755,0.287,0.404,0.476,0.63,0.42,0.598
877,2024,4600410,Tre Shackelford,WR,Washington State,PAC,0.028,0.056,0.0,0.006,0.052,0.048,0.008,0.074
878,2024,4600418,Kajiya Hollawayne,WR,Temple,AAC,0.026,0.038,0.01,0.02,0.013,0.029,0.018,0.038
879,2024,4600597,Montorie Foster,WR,Michigan State,B1G,0.072,0.136,0.006,0.078,0.063,0.076,0.069,0.08
880,2024,4600981,Patrick Bryant,WR,Illinois,B1G,0.085,0.164,0.013,0.074,0.114,0.063,0.092,0.071
881,2024,4601080,Raheim Sanders,RB,South Carolina,SEC,0.263,0.086,0.385,0.302,0.267,0.172,0.3,0.177
882,2024,4601283,Trevion Cooley,RB,Georgia Tech,ACC,0.109,0.063,0.125,0.148,0.13,0.0,0.163,0.0
883,2024,4602185,Eric McAlister,WR,TCU,B12,0.062,0.112,0.0,0.061,0.05,0.071,0.056,0.076
884,2024,4602192,Landen King,TE,Utah,B12,0.018,0.036,0.0,0.0,0.018,0.05,0.0,0.044
885,2024,4602216,Omari Walker,WR,Rhode Island,,0.029,0.057,0.0,0.022,0.023,0.055,0.018,0.053
886,2024,4602667,Jaylin Lane,WR,Virginia Tech,ACC,0.078,0.125,0.042,0.085,0.074,0.073,0.083,0.07
887,2024,4602783,Trent Battle,RB,TCU,B12,0.108,0.024,0.208,0.112,0.137,0.068,0.131,0.052
888,2024,4602785,Peyton Higgins,WR,Troy,SBC,0.05,0.1,0.006,0.051,0.05,0.053,0.053,0.045
889,2024,4602785,Peyton Higgins,WR,Troy,,0.05,0.1,0.006,0.051,0.05,0.053,0.053,0.045
890,2024,4602788,Jackson Meeks,WR,Syracuse,ACC,0.094,0.149,0.003,0.074,0.112,0.095,0.082,0.121
891,2024,4602898,Chayden Peery,QB,Florida International,CUSA,0.368,0.565,0.235,0.364,0.235,0.462,0.293,0.563
892,2024,4602906,Jordan Hornbeak,RB,Northern Colorado,,0.049,0.024,0.066,0.034,0.053,0.067,0.045,0.056
893,2024,4602940,Derwin Burgess Jr.,WR,Georgia Southern,SBC,0.071,0.132,0.002,0.07,0.064,0.089,0.071,0.069
894,2024,4602966,Jacob Gill,WR,Iowa,B1G,0.058,0.142,0.011,0.052,0.052,0.084,0.054,0.071
895,2024,4602968,Nate Hampton,QB,Liberty,CUSA,0.179,0.375,0.031,0.1,0.167,0.2,0.138,0.222
896,2024,4602969,Bryson Nesbit,TE,North Carolina,ACC,0.048,0.093,0.0,0.046,0.042,0.06,0.061,0.021
897,2024,4602983,Ty Lyles,RB,Gardner-Webb,,0.014,0.024,0.0,0.0,0.044,0.0,0.0,0.032
898,2024,4603185,Markus Allen,WR,Eastern Michigan,MAC,0.059,0.111,0.0,0.058,0.072,0.049,0.052,0.074
899,2024,4603186,Jack Bech,WR,TCU,B12,0.099,0.176,0.0,0.106,0.08,0.099,0.096,0.105
900,2024,4603190,Casey Cain,WR,UNLV,MWC,0.032,0.071,0.004,0.034,0.025,0.041,0.022,0.056
901,2024,4603191,David Larkins,TE,App State,SBC,0.017,0.031,0.0,0.015,0.01,0.036,0.016,0.018
902,2024,4603192,Logan Diggs,RB,Ole Miss,SEC,0.029,0.025,0.033,0.029,0.045,0.0,0.038,0.0
903,2024,4603746,Malik Rutherford,WR,Georgia Tech,ACC,0.085,0.161,0.019,0.073,0.103,0.076,0.072,0.118
904,2024,4604004,Keelan Marion,WR,BYU,B12,0.064,0.082,0.048,0.064,0.074,0.053,0.067,0.056
905,2024,4604008,Kelan Robinson,WR,East Carolina,AAC,0.024,0.048,0.0,0.021,0.029,0.023,0.02,0.033
906,2024,4605477,Alante Brown,WR,Michigan State,B1G,0.024,0.023,0.024,0.038,0.026,0.0,0.03,0.011
907,2024,4605489,Damien Alford,WR,Utah,B12,0.019,0.045,0.0,0.043,0.0,0.0,0.029,0.0
908,2024,4605858,Rivaldo Fairweather,TE,Auburn,SEC,0.046,0.087,0.003,0.034,0.04,0.082,0.032,0.078
909,2024,4605869,Terry Wilkins,RB,Middle Tennessee,CUSA,0.094,0.031,0.19,0.111,0.128,0.027,0.108,0.067
910,2024,4605951,C.J. Daniels,WR,LSU,SEC,0.058,0.097,0.0,0.037,0.061,0.089,0.047,0.083
911,2024,4605998,Logan Fife,QB,Montana,,0.338,0.594,0.087,0.279,0.316,0.503,0.287,0.467
912,2024,4606194,Seth Henigan,QB,Memphis,AAC,0.602,0.998,0.143,0.535,0.617,0.736,0.529,0.775
913,2024,4606195,Demie Sumo,RB,Kentucky,SEC,0.213,0.065,0.332,0.26,0.193,0.155,0.264,0.107
914,2024,4606669,Victor Konopka,TE,Rutgers,B1G,0.015,0.042,0.0,0.029,0.0,0.0,0.018,0.0
915,2024,4606685,Logan Mauldin,TE,McNeese,,0.036,0.078,0.0,0.026,0.049,0.031,0.028,0.054
916,2024,4606713,Brandon Hayes,WR,SE Louisiana,,0.033,0.042,0.025,0.051,0.035,0.0,0.034,0.03
917,2024,4607267,Malik Sherrod,RB,Fresno State,MWC,0.237,0.054,0.446,0.26,0.281,0.145,0.263,0.182
918,2024,4607419,Keyshawn Smith,WR,SMU,ACC,0.045,0.091,0.004,0.046,0.04,0.053,0.036,0.065
919,2024,4607891,Ryan Stubblefield,QB,South Carolina State,,0.141,0.195,0.08,0.147,0.149,0.136,0.128,0.167
920,2024,4608003,Onuma Dieke,WR,Elon,,0.062,0.129,0.0,0.059,0.074,0.038,0.055,0.076
921,2024,4608450,Taylor Thompson,TE,James Madison,SBC,0.043,0.093,0.0,0.054,0.021,0.054,0.044,0.04
922,2024,4608520,Sam Olson,TE,Arizona,B12,0.028,0.045,0.0,0.022,0.024,0.05,0.029,0.026
923,2024,4608605,Nick Miles,TE,Wyoming,MWC,0.017,0.037,0.0,0.018,0.024,0.011,0.011,0.029
924,2024,4608606,Tyson Mobley,WR,Liberty,CUSA,0.047,0.118,0.0,0.05,0.032,0.054,0.045,0.052
925,2024,4608607,Lincoln Pare,RB,Texas State,SBC,0.131,0.033,0.217,0.135,0.117,0.13,0.157,0.065
926,2024,4608679,Will Sheppard,WR,Colorado,B12,0.067,0.104,0.003,0.081,0.064,0.032,0.067,0.065
927,2024,4608686,Kyle Monangai,RB,Rutgers,B1G,0.349,0.042,0.596,0.387,0.358,0.285,0.405,0.205
928,2024,4608691,Maximilian Mang,TE,Syracuse,ACC,0.016,0.027,0.0,0.0,0.05,0.0,0.0,0.067
929,2024,4608772,Brian Brewton,RB,Middle Tennessee,CUSA,0.027,0.049,0.0,0.034,0.038,0.0,0.042,0.0
930,2024,4608773,Darius Bush,WR,Georgia State,SBC,0.014,0.02,0.0,0.032,0.0,0.0,0.02,0.0
931,2024,4608793,Jabre Barber,WR,Texas A&M,SEC,0.067,0.132,0.019,0.058,0.045,0.127,0.057,0.087
932,2024,4608801,Nae'Saan Dickerson,WR,Grambling,,0.028,0.049,0.0,0.02,0.029,0.043,0.015,0.049
933,2024,4608810,Tez Johnson,WR,Oregon,B1G,0.104,0.207,0.002,0.084,0.111,0.136,0.086,0.153
934,2024,4608853,Peter Montini,TE,Colorado State,MWC,0.021,0.033,0.011,0.021,0.028,0.014,0.022,0.019
935,2024,4608858,Dan Villari,TE,Syracuse,ACC,0.036,0.024,0.057,0.041,0.023,0.037,0.04,0.028
936,2024,4608859,Dylan Walker,TE,UAlbany,,0.019,0.03,0.0,0.043,0.0,0.0,0.025,0.0
937,2024,4608922,Braydon Bennett,RB,Coastal Carolina,SBC,0.215,0.082,0.319,0.244,0.248,0.107,0.245,0.155
938,2024,4609096,Matthew Akuchie,WR,William & Mary,,0.041,0.143,0.0,0.045,0.0,0.1,0.028,0.077
939,2024,4610011,Tar'Varish Dawson Jr.,WR,Jacksonville State,CUSA,0.015,0.03,0.0,0.034,0.0,0.0,0.022,0.0
940,2024,4610131,Parker Navarro,QB,Ohio,MAC,0.526,0.906,0.274,0.484,0.52,0.652,0.491,0.613
941,2024,4610703,Jalen White,RB,Georgia Southern,SBC,0.211,0.05,0.391,0.251,0.223,0.106,0.239,0.15
942,2024,4611516,Holden Willis,TE,Middle Tennessee,CUSA,0.077,0.126,0.004,0.084,0.05,0.11,0.08,0.071
943,2024,4611985,Zyell Griffin,WR,Eastern Michigan,MAC,0.023,0.044,0.0,0.011,0.014,0.06,0.007,0.056
944,2024,4611995,Jamal Haynes,RB,Georgia Tech,ACC,0.217,0.07,0.345,0.273,0.202,0.112,0.257,0.118
945,2024,4612078,JaCobian Morgan,QB,Jackson State,,0.661,0.969,0.238,0.609,0.688,0.8,0.588,0.773
946,2024,4612189,Kadinn Morris,TE,Western Michigan,MAC,0.018,0.04,0.0,0.0,0.0,0.05,0.013,0.026
947,2024,4612211,Jaison Patterson,RB,Bowling Green,MAC,0.13,0.029,0.243,0.146,0.115,0.124,0.145,0.099
948,2024,4612246,Sahmir Hagans,WR,Duke,ACC,0.068,0.117,0.005,0.051,0.069,0.101,0.055,0.094
949,2024,4612297,Markeston Douglas,TE,Arizona State,B12,0.013,0.048,0.0,0.0,0.04,0.0,0.0,0.048
950,2024,4612350,Donovan Eaglin,RB,Alabama A&M,,0.219,0.037,0.396,0.266,0.199,0.161,0.261,0.119
951,2024,4612411,Chase Penry,WR,Boise State,MWC,0.033,0.074,0.0,0.01,0.036,0.091,0.016,0.079
952,2024,4612558,Anderson Castle,RB,App State,SBC,0.104,0.048,0.16,0.123,0.113,0.063,0.111,0.092
953,2024,4612824,Broc Lane,TE,Utah State,MWC,0.039,0.067,0.0,0.032,0.052,0.042,0.033,0.053
954,2024,4612845,Malik Cooper,WR,Wagner,,0.039,0.047,0.033,0.018,0.04,0.081,0.037,0.043
955,2024,4613032,Nate Noel,RB,Missouri,SEC,0.226,0.043,0.389,0.257,0.308,0.059,0.263,0.143
956,2024,4613050,Quentin Skinner,WR,Kansas,B12,0.056,0.123,0.009,0.067,0.027,0.084,0.05,0.07
957,2024,4613059,Devontae Houston,RB,East Tennessee State,,0.175,0.022,0.295,0.236,0.163,0.085,0.205,0.104
958,2024,4613064,Obasanjo Sanni,RB,Tennessee Tech,,0.077,0.011,0.125,0.106,0.04,0.083,0.092,0.051
959,2024,4613087,Jamaal Bell,WR,Baylor,B12,0.022,0.009,0.032,0.033,0.024,0.0,0.026,0.014
960,2024,4613105,Miles Davis,RB,BYU,B12,0.066,0.032,0.093,0.07,0.061,0.045,0.068,0.061
961,2024,4613132,Levi Wentz,WR,UAlbany,,0.057,0.099,0.0,0.066,0.056,0.037,0.061,0.05
962,2024,4613157,Jake Clemons,TE,Charlotte,AAC,0.015,0.029,0.0,0.02,0.024,0.0,0.025,0.0
963,2024,4613157,Jake Clemons,TE,Charlotte,,0.015,0.029,0.0,0.02,0.024,0.0,0.025,0.0
964,2024,4613165,Demick Starling,WR,Western Kentucky,CUSA,0.016,0.009,0.023,0.011,0.032,0.0,0.014,0.022
965,2024,4613193,Joshua Cobbs,WR,South Florida,AAC,0.013,0.034,0.0,0.015,0.0,0.033,0.019,0.0
966,2024,4613198,Larenzo McMillan,RB,New Mexico State,CUSA,0.022,0.006,0.034,0.031,0.017,0.013,0.033,0.0
967,2024,4613199,Josh Sterzer,TE,Utah State,MWC,0.042,0.079,0.004,0.04,0.068,0.01,0.036,0.056
968,2024,4613202,Kyle Williams,WR,Washington State,PAC,0.1,0.177,0.025,0.114,0.091,0.086,0.106,0.081
969,2024,4613214,Connor Witthoft,TE,Delaware,,0.014,0.029,0.0,0.032,0.0,0.0,0.018,0.0
970,2024,4613268,Joseph Bearns III,TE,Charlotte,AAC,0.02,0.045,0.0,0.0,0.056,0.0,0.029,0.0
971,2024,4613268,Joseph Bearns III,TE,Charlotte,,0.02,0.045,0.0,0.0,0.056,0.0,0.029,0.0
972,2024,4618083,Ethan Hampton,QB,Northern Illinois,MAC,0.37,0.814,0.083,0.289,0.354,0.533,0.313,0.5
973,2024,4619186,Treylan Davis,TE,West Virginia,B12,0.015,0.038,0.0,0.012,0.022,0.013,0.011,0.023
974,2024,4635009,J.Michael Sturdivant,WR,UCLA,B1G,0.057,0.09,0.006,0.036,0.072,0.082,0.058,0.056
975,2024,4643696,Gunnar Greenwald,TE,South Florida,AAC,0.017,0.026,0.0,0.0,0.056,0.0,0.0,0.048
976,2024,4662406,Javon Gipson,WR,Abilene Christian,,0.033,0.056,0.0,0.03,0.032,0.045,0.031,0.037
977,2024,4663499,Sam Reynolds,WR,Towson,,0.024,0.05,0.0,0.009,0.031,0.051,0.014,0.048
978,2024,4676889,Myles Montgomery,RB,UCF,B12,0.08,0.011,0.125,0.084,0.099,0.05,0.094,0.042
979,2024,4677280,Julian Gray,WR,Liberty,CUSA,0.037,0.039,0.036,0.042,0.05,0.011,0.04,0.031
980,2024,4678006,Elijah Arroyo,TE,Miami,ACC,0.047,0.084,0.0,0.048,0.045,0.04,0.053,0.031
981,2024,4678010,Kyron Drones,QB,Virginia Tech,ACC,0.57,0.916,0.284,0.5,0.552,0.738,0.525,0.658
982,2024,4680018,Alton McCaskill,RB,Arizona State,B12,0.099,0.0,0.149,0.097,0.167,0.0,0.083,0.13
983,2024,4680023,Brandon Epton Jr.,RB,Southeast Missouri State,,0.154,0.062,0.423,0.245,0.097,0.055,0.199,0.067
984,2024,4680024,Da'Wain Lofton,WR,Oklahoma State,B12,0.032,0.061,0.0,0.05,0.0,0.054,0.033,0.032
985,2024,4680029,Keith Jackson,RB,East Texas A&M,,0.117,0.024,0.249,0.138,0.129,0.078,0.15,0.055
986,2024,4682484,Stone Eby,TE,SMU,ACC,0.014,0.025,0.0,0.032,0.0,0.0,0.02,0.0
987,2024,4682487,Cam Davis,RB,San Diego State,MWC,0.037,0.016,0.061,0.02,0.044,0.057,0.035,0.041
988,2024,4682509,Malik McClain,WR,Arizona State,B12,0.026,0.06,0.0,0.031,0.023,0.0,0.04,0.0
989,2024,4682518,Nick Vattiato,QB,Middle Tennessee,CUSA,0.664,0.978,0.197,0.583,0.667,0.805,0.606,0.784
990,2024,4682565,Tyler Macon,QB,Alcorn State,,0.106,0.149,0.081,0.093,0.121,0.113,0.103,0.11
991,2024,4682613,Fernando Garza,TE,Sam Houston,CUSA,0.019,0.043,0.0,0.0,0.056,0.0,0.0,0.042
992,2024,4682640,Joshua McCray,RB,Illinois,B1G,0.161,0.036,0.273,0.193,0.123,0.153,0.205,0.069
993,2024,4682642,D.C. Tabscott,QB,North Alabama,,0.115,0.264,0.024,0.045,0.156,0.24,0.051,0.275
994,2024,4682648,Malachi Fields,WR,Virginia,ACC,0.072,0.132,0.005,0.086,0.06,0.06,0.071,0.076
995,2024,4682652,Devin Neal,RB,Kansas,B12,0.322,0.086,0.488,0.339,0.323,0.285,0.362,0.225
996,2024,4682654,Jeremiah Ballard,WR,Tulsa,AAC,0.028,0.065,0.0,0.029,0.045,0.0,0.038,0.0
997,2024,4682688,Kaiya Sheron,QB,UT Martin,,0.346,0.605,0.135,0.354,0.339,0.302,0.321,0.38
998,2024,4682748,Max Patterson,WR,Delaware,,0.041,0.075,0.003,0.05,0.044,0.024,0.04,0.043
999,2024,4682760,Aaron Steinfeldt,TE,UAlbany,,0.014,0.023,0.0,0.0,0.042,0.0,0.0,0.048
1000,2024,4682761,Luke Wysong,WR,New Mexico,MWC,0.112,0.216,0.021,0.114,0.132,0.081,0.103,0.135
1001,2024,4682792,Jed Castles,TE,Abilene Christian,,0.021,0.035,0.0,0.02,0.014,0.023,0.022,0.019
1002,2024,4682904,Zahir Abdus-Salaam,RB,Western Michigan,MAC,0.165,0.088,0.225,0.169,0.174,0.176,0.165,0.164
1003,2024,4682952,Scott Giuliano,TE,Harvard,,0.015,0.029,0.0,0.022,0.015,0.0,0.014,0.019
1004,2024,4683007,JaCorey Hyder,TE,Lamar,,0.044,0.09,0.0,0.074,0.012,0.036,0.049,0.034
1005,2024,4683012,Eddie Lee Marburger,QB,UTSA,AAC,0.105,0.161,0.037,0.089,0.098,0.127,0.1,0.114
1006,2024,4683058,Brendan Sullivan,QB,Iowa,B1G,0.192,0.328,0.119,0.126,0.194,0.306,0.176,0.235
1007,2024,4683110,Caden Jumper,TE,Murray State,,0.021,0.038,0.006,0.021,0.009,0.027,0.028,0.008
1008,2024,4683111,Jaden Bradley,WR,UNLV,MWC,0.025,0.064,0.004,0.03,0.032,0.011,0.023,0.031
1009,2024,4683114,Will Pauling,WR,Wisconsin,B1G,0.072,0.149,0.006,0.061,0.095,0.05,0.057,0.11
1010,2024,4683119,Tyler Moore,TE,Iowa State,B12,0.016,0.033,0.0,0.012,0.016,0.014,0.015,0.018
1011,2024,4683127,Ryan Hoerstkamp,TE,Middle Tennessee,CUSA,0.016,0.024,0.0,0.0,0.0,0.071,0.0,0.04
1012,2024,4683137,Drake Martinez,TE,Houston Christian,,0.03,0.07,0.0,0.021,0.039,0.029,0.03,0.03
1013,2024,4683144,Myles Alston,WR,Old Dominion,SBC,0.041,0.092,0.0,0.015,0.04,0.1,0.024,0.075
1014,2024,4683151,Deion Burks,WR,Oklahoma,SEC,0.122,0.209,0.036,0.131,0.091,0.167,0.115,0.135
1015,2024,4683153,Skyler Bell,WR,UConn,Ind,0.065,0.144,0.0,0.053,0.064,0.098,0.056,0.085
1016,2024,4683159,Lewis Bond,WR,Boston College,ACC,0.085,0.192,0.008,0.056,0.09,0.137,0.058,0.149
1017,2024,4683164,Shakhi Carson,RB,Stony Brook,,0.059,0.042,0.074,0.047,0.051,0.086,0.065,0.045
1018,2024,4683165,Jaden Nixon,RB,Western Michigan,MAC,0.199,0.031,0.331,0.215,0.239,0.12,0.231,0.121
1019,2024,4683174,Drew Biber,TE,Purdue,B1G,0.032,0.053,0.0,0.034,0.046,0.013,0.03,0.035
1020,2024,4683182,Nate Yarnell,QB,Pittsburgh,ACC,0.363,0.513,0.095,0.304,0.386,0.473,0.322,0.446
1021,2024,4683206,Orion Peters,WR,Idaho,,0.017,0.0,0.026,0.0,0.0,0.0,0.0,0.048
1022,2024,4683208,Branden Alvarez,WR,Portland State,,0.056,0.141,0.0,0.035,0.083,0.06,0.042,0.084
1023,2024,4683210,Brady Hunt,TE,South Carolina,SEC,0.014,0.033,0.0,0.0,0.022,0.042,0.0,0.047
1024,2024,4683218,Zy McDonald,QB,Jackson State,,0.092,0.148,0.066,0.076,0.077,0.145,0.075,0.129
1025,2024,4683219,Patrick Smith,RB,UT Martin,,0.262,0.053,0.438,0.314,0.277,0.16,0.299,0.195
1026,2024,4683221,Chris Parker,WR,Central Michigan,MAC,0.05,0.111,0.0,0.059,0.052,0.031,0.057,0.035
1027,2024,4683227,Joseph Manjack,WR,Houston,B12,0.041,0.091,0.003,0.043,0.043,0.027,0.044,0.035
1028,2024,4683229,Naran Buntin,WR,Northern Iowa,,0.023,0.034,0.0,0.0,0.077,0.0,0.0,0.056
1029,2024,4683234,La'Vell Wright,RB,Austin Peay,,0.181,0.012,0.366,0.18,0.223,0.107,0.219,0.106
1030,2024,4683237,Keagan Johnson,WR,Kansas State,B12,0.058,0.116,0.007,0.066,0.056,0.052,0.05,0.076
1031,2024,4683243,Mitchell Evans,TE,Notre Dame,Ind,0.055,0.117,0.002,0.043,0.052,0.093,0.038,0.096
1032,2024,4683263,Heinrich Haarberg,QB,Nebraska,B1G,0.061,0.049,0.075,0.071,0.051,0.047,0.059,0.065
1033,2024,4683271,Jayleen Record,WR,Weber State,,0.032,0.068,0.003,0.032,0.046,0.015,0.028,0.04
1034,2024,4683272,Willie Shaw III,RB,Toledo,MAC,0.121,0.011,0.222,0.17,0.087,0.071,0.159,0.019
1035,2024,4683282,Justin Lynch,RB,Northern Illinois,MAC,0.049,0.023,0.067,0.066,0.05,0.023,0.069,0.007
1036,2024,4683291,Joey Labas,QB,Central Michigan,MAC,0.455,0.841,0.07,0.362,0.46,0.651,0.386,0.6
1037,2024,4683306,Landon Morris,TE,Temple,AAC,0.043,0.074,0.0,0.027,0.049,0.059,0.035,0.055
1038,2024,4683308,Tanner Arkin,TE,Illinois,B1G,0.041,0.086,0.004,0.042,0.03,0.052,0.034,0.055
1039,2024,4683311,Sam Vidlak,QB,Stephen F. Austin,,0.468,0.852,0.056,0.402,0.473,0.588,0.411,0.599
1040,2024,4683314,Xavier Coleman,RB,Lamar,,0.05,0.021,0.068,0.037,0.094,0.018,0.04,0.069
1041,2024,4683319,Bill Jackson,RB,Tulsa,AAC,0.117,0.054,0.176,0.168,0.082,0.088,0.132,0.086
1042,2024,4683386,William Haskell,QB,Portland State,,0.085,0.171,0.02,0.094,0.048,0.127,0.089,0.077
1043,2024,4683412,Marquis Shoulders,WR,Houston,B12,0.032,0.053,0.011,0.038,0.033,0.023,0.033,0.03
1044,2024,4683423,Riley Leonard,QB,Notre Dame,Ind,0.579,0.9,0.31,0.486,0.604,0.761,0.54,0.675
1045,2024,4683425,Glynn Johnson Jr,WR,New Mexico State,CUSA,0.032,0.061,0.012,0.031,0.025,0.048,0.026,0.044
1046,2024,4683451,Cameron Friel,QB,UNLV,MWC,0.039,0.044,0.037,0.019,0.065,0.05,0.049,0.012
1047,2024,4683471,Brady Olson,QB,Central Connecticut,,0.404,0.813,0.109,0.276,0.424,0.633,0.314,0.594
1048,2024,4683515,Leo Blackburn,WR,Georgia Tech,ACC,0.015,0.015,0.015,0.015,0.022,0.0,0.02,0.0
1049,2024,4683531,Aaron Turner,WR,Cincinnati,B12,0.036,0.07,0.0,0.063,0.0,0.038,0.041,0.026
1050,2024,4683561,Mareyohn Hrabowski,TE,Western Michigan,MAC,0.022,0.049,0.0,0.032,0.0,0.0,0.029,0.0
1051,2024,4683571,Eni Falayi,TE,Utah Tech,,0.082,0.131,0.0,0.078,0.064,0.119,0.072,0.106
1052,2024,4683658,Javonte Sherman,WR,Middle Tennessee,CUSA,0.025,0.041,0.0,0.014,0.04,0.015,0.023,0.03
1053,2024,4683665,Zuberi Mobley,RB,Florida Atlantic,AAC,0.175,0.041,0.287,0.2,0.184,0.096,0.201,0.122
1054,2024,4683667,Trenten Howland,RB,Oklahoma State,B12,0.077,0.007,0.165,0.081,0.091,0.048,0.09,0.048
1055,2024,4683719,Jaden Bray,WR,West Virginia,B12,0.013,0.031,0.0,0.0,0.0,0.071,0.0,0.036
1056,2024,4683791,Jaden Coffen,WR,Morgan State,,0.017,0.038,0.0,0.04,0.0,0.0,0.028,0.0
1057,2024,4683814,Dequan Stanley,WR,Eastern Kentucky,,0.049,0.104,0.0,0.053,0.056,0.037,0.049,0.05
1058,2024,4683832,Carson Williams,TE,North Dakota State,,0.014,0.04,0.0,0.017,0.021,0.0,0.009,0.036
1059,2024,4683852,Dez Williams,WR,Stony Brook,,0.048,0.097,0.0,0.03,0.049,0.08,0.036,0.081
1060,2024,4683867,Xavier Ward,QB,San José State,MWC,0.044,0.059,0.0,0.067,0.045,0.0,0.044,0.043
1061,2024,4683886,Jahmal Edrine,WR,Purdue,B1G,0.061,0.112,0.0,0.056,0.061,0.071,0.06,0.064
1062,2024,4683889,Damien Taylor,RB,Troy,SBC,0.229,0.009,0.417,0.255,0.255,0.139,0.266,0.147
1063,2024,4683889,Damien Taylor,RB,Troy,,0.229,0.009,0.417,0.255,0.255,0.139,0.266,0.147
1064,2024,4683912,Hunter Herring,QB,UL Monroe,SBC,0.044,0.026,0.053,0.016,0.02,0.088,0.063,0.006
1065,2024,4683986,Tariq Sims,RB,Old Dominion,SBC,0.075,0.006,0.12,0.105,0.041,0.066,0.086,0.05
1066,2024,4684003,Tahj Bullock,QB,Akron,MAC,0.113,0.095,0.141,0.094,0.105,0.14,0.124,0.094
1067,2024,4684061,T.J. Lockley,WR,West Georgia,,0.086,0.139,0.018,0.093,0.104,0.049,0.085,0.09
1068,2024,4684091,Jamari Gassett,WR,Florida A&M,,0.089,0.149,0.019,0.087,0.079,0.107,0.079,0.106
1069,2024,4684173,O'Mega Blake,WR,Charlotte,AAC,0.058,0.101,0.007,0.072,0.047,0.048,0.062,0.05
1070,2024,4684173,O'Mega Blake,WR,Charlotte,,0.058,0.101,0.007,0.072,0.047,0.048,0.062,0.05
1071,2024,4684278,Jakolby Longino,QB,Lamar,,0.135,0.225,0.075,0.132,0.09,0.217,0.123,0.163
1072,2024,4684281,Jairus Mack,WR,Charlotte,AAC,0.053,0.088,0.007,0.077,0.017,0.051,0.052,0.056
1073,2024,4684281,Jairus Mack,WR,Charlotte,,0.053,0.088,0.007,0.077,0.017,0.051,0.052,0.056
1074,2024,4684421,Simeon Price,RB,Coastal Carolina,SBC,0.092,0.009,0.159,0.109,0.12,0.029,0.11,0.056
1075,2024,4684502,Justin Lamson,QB,Stanford,ACC,0.136,0.127,0.145,0.078,0.128,0.199,0.138,0.13
1076,2024,4684525,Eli Sanders,RB,New Mexico,MWC,0.196,0.043,0.337,0.246,0.193,0.074,0.226,0.115
1077,2024,4684528,Cedric Seabrough,TE,West Georgia,,0.029,0.048,0.0,0.032,0.009,0.043,0.039,0.009
1078,2024,4684540,Jacob Coleman,TE,Middle Tennessee,CUSA,0.017,0.029,0.0,0.0,0.028,0.042,0.012,0.026
1079,2024,4684625,Montrell Johnson,RB,Florida,SEC,0.215,0.064,0.351,0.257,0.211,0.133,0.228,0.185
1080,2024,4684638,Ali Fisher,WR,Kent State,MAC,0.015,0.031,0.0,0.0,0.05,0.0,0.0,0.037
1081,2024,4684703,Coen Sutton,WR,Georgetown,,0.015,0.027,0.0,0.0,0.047,0.0,0.011,0.022
1082,2024,4684881,Rylan Green,TE,UL Monroe,SBC,0.019,0.049,0.0,0.016,0.02,0.014,0.019,0.02
1083,2024,4684902,Ryan King,WR,Montana State,,0.03,0.075,0.003,0.023,0.037,0.04,0.03,0.031
1084,2024,4684913,Braedon Wissler,RB,Southern Utah,,0.11,0.059,0.146,0.117,0.132,0.067,0.113,0.103
1085,2024,4684926,Andre Hines,RB,Wagner,,0.13,0.006,0.244,0.149,0.119,0.118,0.162,0.065
1086,2024,4684939,Bryan Robinson,WR,Marshall,SBC,0.039,0.093,0.0,0.044,0.047,0.023,0.041,0.036
1087,2024,4684953,Sackett Wood Jr.,TE,Virginia,ACC,0.016,0.03,0.0,0.0,0.047,0.0,0.016,0.016
1088,2024,4685038,Phat Watts,WR,Tulane,AAC,0.014,0.045,0.0,0.028,0.0,0.0,0.018,0.0
1089,2024,4685056,Reggie Brown,TE,Tulane,AAC,0.015,0.036,0.0,0.022,0.015,0.0,0.022,0.0
1090,2024,4685087,Kamdyn Benjamin,WR,Tulsa,AAC,0.098,0.184,0.009,0.081,0.09,0.133,0.091,0.112
1091,2024,4685110,Anthony Smith,WR,East Carolina,AAC,0.064,0.134,0.002,0.072,0.057,0.051,0.062,0.071
1092,2024,4685144,Moose Muhammad III,WR,Texas A&M,SEC,0.021,0.052,0.0,0.019,0.019,0.034,0.026,0.01
1093,2024,4685166,Jonah Chong,QB,Northern Colorado,,0.088,0.144,0.054,0.058,0.097,0.129,0.054,0.152
1094,2024,4685183,John Paul Richardson,WR,TCU,B12,0.077,0.131,0.01,0.086,0.056,0.097,0.077,0.078
1095,2024,4685184,Donald Chaney Jr.,RB,Louisville,ACC,0.095,0.017,0.191,0.095,0.088,0.084,0.115,0.046
1096,2024,4685186,Tyler Van Dyke,QB,Wisconsin,B1G,0.369,0.732,0.088,0.344,0.392,0.432,0.335,0.473
1097,2024,4685230,Miles Cross,WR,Indiana,B1G,0.047,0.102,0.0,0.034,0.031,0.079,0.046,0.048
1098,2024,4685237,Michael Allen,RB,UNLV,MWC,0.094,0.0,0.128,0.114,0.087,0.075,0.108,0.055
1099,2024,4685246,Kaytron Allen,RB,Penn State,B1G,0.227,0.044,0.367,0.258,0.246,0.13,0.258,0.142
1100,2024,4685252,Henry Belin IV,QB,Duke,ACC,0.29,0.421,0.128,0.214,0.279,0.405,0.215,0.444
1101,2024,4685254,Jabari Bates,RB,San José State,MWC,0.071,0.004,0.186,0.079,0.059,0.079,0.084,0.041
1102,2024,4685256,Kojo Antwi,WR,Ohio State,B1G,0.014,0.029,0.0,0.026,0.0,0.0,0.017,0.0
1103,2024,4685261,Germie Bernard,WR,Alabama,SEC,0.083,0.175,0.009,0.077,0.072,0.122,0.072,0.112
1104,2024,4685268,Raleek Brown,RB,Arizona State,B12,0.079,0.04,0.107,0.097,0.071,0.048,0.074,0.094
1105,2024,4685269,Jovantae Barnes,RB,Oklahoma,SEC,0.221,0.057,0.379,0.275,0.241,0.104,0.284,0.094
1106,2024,4685274,Janiran Bonner,WR,Nebraska,B1G,0.023,0.035,0.012,0.017,0.042,0.01,0.018,0.036
1107,2024,4685278,Luther Burden III,WR,Missouri,SEC,0.086,0.161,0.024,0.094,0.066,0.089,0.085,0.089
1108,2024,4685279,Jaydon Blue,RB,Texas,SEC,0.171,0.092,0.255,0.184,0.197,0.111,0.184,0.144
1109,2024,4685283,Kaleb Brown,WR,Iowa,B1G,0.015,0.038,0.0,0.0,0.0,0.077,0.0,0.067
1110,2024,4685284,Caleb Burton,WR,Auburn,SEC,0.045,0.077,0.0,0.043,0.067,0.0,0.057,0.0
1111,2024,4685286,Kareem Burke,WR,Arkansas-Pine Bluff,,0.051,0.085,0.014,0.052,0.052,0.034,0.042,0.065
1112,2024,4685289,Keyan Burnett,TE,Arizona,B12,0.046,0.079,0.0,0.034,0.065,0.05,0.046,0.046
1113,2024,4685290,Tychaun Chapman,WR,Marshall,SBC,0.036,0.061,0.02,0.05,0.031,0.021,0.036,0.037
1114,2024,4685291,Jacurri Brown,QB,UCF,B12,0.197,0.293,0.132,0.144,0.231,0.264,0.174,0.254
1115,2024,4685293,Trevonte' Citizen,RB,McNeese,,0.101,0.017,0.153,0.118,0.104,0.061,0.12,0.064
1116,2024,4685297,Darrius Clemons,WR,Oregon State,PAC,0.052,0.1,0.007,0.04,0.072,0.049,0.046,0.065
1117,2024,4685307,Kevin Coleman Jr.,WR,Mississippi State,SEC,0.11,0.204,0.012,0.12,0.089,0.112,0.104,0.121
1118,2024,4685309,Braden Davis,WR,Syracuse,ACC,0.014,0.02,0.0,0.0,0.045,0.0,0.0,0.045
1119,2024,4685333,Andre Dollar,TE,Washington State,PAC,0.031,0.1,0.0,0.036,0.048,0.0,0.022,0.053
1120,2024,4685342,Cristian Driver,WR,Minnesota,B1G,0.021,0.032,0.01,0.03,0.021,0.0,0.023,0.015
1121,2024,4685345,JC French,QB,Georgia Southern,SBC,0.592,0.92,0.227,0.516,0.587,0.749,0.542,0.701
1122,2024,4685348,Terrance Gibbs,RB,Georgia Southern,SBC,0.014,0.014,0.013,0.0,0.0,0.069,0.01,0.021
1123,2024,4685350,Trevor Etienne,RB,Georgia,SEC,0.238,0.097,0.418,0.255,0.227,0.215,0.272,0.15
1124,2024,4685356,Greg Gaines III,WR,Rhode Island,,0.07,0.149,0.0,0.053,0.078,0.102,0.055,0.105
1125,2024,4685359,Antonio Gates Jr.,WR,Michigan State,B1G,0.031,0.059,0.0,0.034,0.021,0.042,0.034,0.024
1126,2024,4685363,Isaiah Gordon,RB,Charleston Southern,,0.044,0.022,0.063,0.036,0.069,0.0,0.035,0.059
1127,2024,4685364,Andre Greene Jr.,WR,Virginia,ACC,0.032,0.061,0.0,0.008,0.044,0.065,0.011,0.074
1128,2024,4685366,Benji Gosnell,TE,Virginia Tech,ACC,0.05,0.111,0.002,0.056,0.05,0.045,0.056,0.04
1129,2024,4685374,Rodney Hill,RB,Arkansas,SEC,0.052,0.026,0.077,0.057,0.048,0.045,0.056,0.043
1130,2024,4685381,Emmanuel Henderson Jr.,WR,Alabama,SEC,0.02,0.047,0.0,0.016,0.037,0.0,0.016,0.031
1131,2024,4685382,Omarion Hampton,RB,North Carolina,ACC,0.375,0.095,0.63,0.482,0.339,0.211,0.46,0.193
1132,2024,4685383,Isaiah Horton,WR,Miami,ACC,0.069,0.121,0.003,0.069,0.056,0.093,0.061,0.092
1133,2024,4685385,Anthony Hankerson,RB,Oregon State,PAC,0.304,0.07,0.504,0.36,0.309,0.231,0.366,0.152
1134,2024,4685391,Walker Howard,QB,Ole Miss,SEC,0.024,0.043,0.0,0.0,0.0,0.071,0.0,0.1
1135,2024,4685393,Preston Howard,TE,Maryland,B1G,0.039,0.061,0.004,0.054,0.015,0.054,0.042,0.033
1136,2024,4685396,Anthony Ivey,WR,Penn State,B1G,0.012,0.031,0.0,0.022,0.0,0.0,0.015,0.0
1137,2024,4685397,Jordan James,RB,Oregon,B1G,0.273,0.061,0.484,0.313,0.283,0.164,0.323,0.143
1138,2024,4685401,Josh Hoover,QB,TCU,B12,0.579,0.969,0.086,0.556,0.521,0.739,0.515,0.722
1139,2024,4685409,Jordan Hudson,WR,SMU,ACC,0.049,0.105,0.002,0.048,0.054,0.042,0.04,0.07
1140,2024,4685413,Cade Klubnik,QB,Clemson,ACC,0.622,0.938,0.231,0.595,0.596,0.753,0.582,0.712
1141,2024,4685414,Jake Johnson,TE,North Carolina,ACC,0.015,0.047,0.0,0.018,0.023,0.0,0.01,0.027
1142,2024,4685415,Travis Hunter,WR,Colorado,B12,0.125,0.194,0.007,0.108,0.128,0.161,0.107,0.162
1143,2024,4685416,Shaleak Knotts,WR,Maryland,B1G,0.025,0.044,0.0,0.028,0.02,0.03,0.019,0.038
1144,2024,4685418,Tavorus Jones,RB,Missouri,SEC,0.07,0.01,0.126,0.093,0.045,0.057,0.088,0.019
1145,2024,4685424,Dane Key,WR,Kentucky,SEC,0.081,0.175,0.003,0.064,0.088,0.119,0.058,0.129
1146,2024,4685435,Justyn Martin,QB,UCLA,B1G,0.271,0.417,0.099,0.141,0.235,0.545,0.238,0.34
1147,2024,4685436,Antonio Martin,RB,SE Louisiana,,0.281,0.055,0.494,0.321,0.286,0.19,0.335,0.171
1148,2024,4685440,Kyle Lowe,QB,Georgia State,SBC,0.048,0.045,0.053,0.04,0.037,0.048,0.049,0.047
1149,2024,4685441,Kendrick Law,WR,Alabama,SEC,0.045,0.066,0.029,0.044,0.043,0.057,0.04,0.06
1150,2024,4685445,Rayshon Luke,RB,Arizona,B12,0.043,0.045,0.04,0.056,0.056,0.0,0.046,0.037
1151,2024,4685454,Jayden Maiava,QB,USC,B1G,0.368,0.603,0.081,0.299,0.41,0.47,0.312,0.527
1152,2024,4685458,Shawn Miller,WR,New Mexico,MWC,0.019,0.04,0.0,0.038,0.0,0.0,0.026,0.0
1153,2024,4685459,Nicco Marchiol,QB,West Virginia,B12,0.183,0.272,0.113,0.146,0.146,0.292,0.161,0.223
1154,2024,4685464,Tyler Morris,WR,Michigan,B1G,0.048,0.104,0.003,0.035,0.044,0.075,0.044,0.056
1155,2024,4685470,Le'Veon Moss,RB,Texas A&M,SEC,0.228,0.057,0.337,0.275,0.228,0.136,0.265,0.144
1156,2024,4685472,Tetairoa Mcmillan,WR,Arizona,B12,0.12,0.198,0.003,0.099,0.14,0.135,0.096,0.164
1157,2024,4685476,Tobias Merriweather,WR,California,ACC,0.06,0.1,0.0,0.046,0.063,0.092,0.053,0.073
1158,2024,4685477,Jamarion Miller,RB,Alabama,SEC,0.193,0.05,0.309,0.221,0.217,0.091,0.229,0.099
1159,2024,4685484,Jack Nickel,TE,UAB,AAC,0.01,0.016,0.0,0.0,0.032,0.0,0.014,0.0
1160,2024,4685488,MJ Morris,QB,Maryland,B1G,0.183,0.246,0.095,0.172,0.173,0.245,0.169,0.213
1161,2024,4685489,Jadyn Ott,RB,California,ACC,0.21,0.074,0.396,0.251,0.208,0.145,0.259,0.123
1162,2024,4685490,Devaughn Mortimer,WR,Western Michigan,MAC,0.017,0.056,0.0,0.0,0.053,0.0,0.0,0.125
1163,2024,4685492,Jack Pedersen,TE,UCLA,B1G,0.028,0.045,0.005,0.042,0.03,0.0,0.028,0.028
1164,2024,4685494,George Pettaway,RB,James Madison,SBC,0.208,0.066,0.33,0.267,0.218,0.087,0.239,0.14
1165,2024,4685495,Alex Orji,QB,Michigan,B1G,0.155,0.186,0.137,0.12,0.159,0.219,0.133,0.2
1166,2024,4685497,Maalik Murphy,QB,Duke,ACC,0.551,0.976,0.032,0.458,0.543,0.764,0.483,0.695
1167,2024,4685504,Sam Roush,TE,Stanford,ACC,0.057,0.113,0.0,0.052,0.061,0.063,0.051,0.071
1168,2024,4685512,Jadarian Price,RB,Notre Dame,Ind,0.119,0.009,0.212,0.171,0.116,0.016,0.136,0.079
1169,2024,4685516,Shazz Preston,WR,Tulane,AAC,0.017,0.042,0.0,0.0,0.013,0.043,0.012,0.029
1170,2024,4685517,Talyn Shettron,WR,Oklahoma State,B12,0.046,0.076,0.0,0.039,0.08,0.013,0.043,0.05
1171,2024,4685521,Garret Rangel,QB,Oklahoma State,B12,0.173,0.246,0.078,0.123,0.218,0.231,0.155,0.207
1172,2024,4685522,Ty Simpson,QB,Alabama,SEC,0.086,0.172,0.03,0.07,0.093,0.115,0.074,0.119
1173,2024,4685526,Adam Randall,RB,Clemson,ACC,0.064,0.093,0.025,0.092,0.056,0.015,0.073,0.039
1174,2024,4685535,C.J. Stokes,RB,Charlotte,AAC,0.048,0.011,0.096,0.028,0.061,0.081,0.027,0.091
1175,2024,4685535,C.J. Stokes,RB,Charlotte,,0.048,0.011,0.096,0.028,0.061,0.081,0.027,0.091
1176,2024,4685540,Carsen Ryan,TE,Utah,B12,0.032,0.064,0.0,0.038,0.029,0.014,0.03,0.035
1177,2024,4685545,Gavin Sawchuk,RB,Oklahoma,SEC,0.089,0.035,0.138,0.104,0.101,0.034,0.111,0.044
1178,2024,4685553,Brenen Thompson,WR,Oklahoma,SEC,0.05,0.11,0.0,0.063,0.015,0.085,0.044,0.062
1179,2024,4685555,Nicholas Singleton,RB,Penn State,B1G,0.222,0.114,0.304,0.284,0.206,0.11,0.26,0.12
1180,2024,4685560,Jaleel Skinner,TE,Louisville,ACC,0.016,0.028,0.0,0.0,0.05,0.0,0.0,0.053
1181,2024,4685565,Evan Stewart,WR,Oregon,B1G,0.071,0.151,0.0,0.066,0.05,0.132,0.059,0.107
1182,2024,4685573,Holden Staes,TE,Tennessee,SEC,0.021,0.048,0.0,0.02,0.014,0.036,0.019,0.025
1183,2024,4685574,Conner Weigman,QB,Texas A&M,SEC,0.358,0.703,0.09,0.37,0.318,0.382,0.356,0.361
1184,2024,4685578,Gunner Stockton,QB,Georgia,SEC,0.314,0.489,0.117,0.212,0.366,0.477,0.239,0.507
1185,2024,4685594,Dakota Twitty,TE,Virginia,ACC,0.022,0.042,0.0,0.017,0.03,0.023,0.018,0.031
1186,2024,4685601,Armani Winfield,WR,Colorado State,MWC,0.045,0.097,0.002,0.039,0.047,0.056,0.042,0.051
1187,2024,4685693,Devin Kargman,QB,Kent State,MAC,0.406,0.848,0.042,0.326,0.444,0.471,0.318,0.54
1188,2024,4685694,Steven Angeli,QB,Notre Dame,Ind,0.087,0.176,0.014,0.074,0.083,0.12,0.083,0.098
1189,2024,4685695,Samuel Brown V,RB,Rutgers,B1G,0.044,0.0,0.111,0.077,0.043,0.0,0.065,0.0
1190,2024,4685696,Beau Pribula,QB,Penn State,B1G,0.094,0.109,0.083,0.073,0.1,0.14,0.081,0.129
1191,2024,4685697,Zion Turner,QB,Jacksonville State,CUSA,0.033,0.033,0.033,0.0,0.05,0.083,0.0,0.091
1192,2024,4685699,Damari Alston,RB,Auburn,SEC,0.074,0.015,0.135,0.081,0.077,0.062,0.08,0.061
1193,2024,4685701,James Jointer,RB,Liberty,CUSA,0.052,0.0,0.071,0.039,0.07,0.057,0.058,0.025
1194,2024,4685702,Quinshon Judkins,RB,Ohio State,B1G,0.222,0.055,0.376,0.258,0.255,0.085,0.251,0.149
1195,2024,4685704,Larry Simmons,WR,Southern Miss,SBC,0.046,0.085,0.008,0.044,0.062,0.027,0.045,0.048
1196,2024,4685706,Bennett Christian,TE,Ohio State,B1G,0.014,0.027,0.0,0.0,0.022,0.0,0.018,0.0
1197,2024,4685723,Roydell Williams,RB,Florida State,ACC,0.133,0.05,0.253,0.13,0.203,0.059,0.135,0.13
1198,2024,4685739,Tre Bradford,RB,Grambling,,0.213,0.049,0.426,0.196,0.324,0.087,0.224,0.195
1199,2024,4685740,Max Johnson,QB,North Carolina,ACC,0.391,0.84,0.103,0.296,0.45,0.438,0.356,0.474
1200,2024,4685769,Justin Robinson,WR,West Virginia,B12,0.03,0.067,0.0,0.017,0.017,0.057,0.023,0.044
1201,2024,4685784,Tre Watson,TE,Texas A&M,SEC,0.031,0.071,0.0,0.027,0.029,0.048,0.025,0.045
1202,2024,4685795,Kendrell Williams,RB,Louisiana,SBC,0.041,0.0,0.079,0.053,0.047,0.0,0.052,0.0
1203,2024,4685824,Johnathan Arceneaux,RB,Fresno State,MWC,0.051,0.014,0.094,0.062,0.055,0.028,0.069,0.012
1204,2024,4685827,Jamal Johnson,RB,Bowling Green,MAC,0.07,0.074,0.065,0.061,0.092,0.062,0.072,0.066
1205,2024,4685828,Stevie Rocker,RB,Montana,,0.053,0.025,0.077,0.051,0.055,0.054,0.053,0.055
1206,2024,4685829,Dre'Lyn Washington,RB,Louisiana,SBC,0.112,0.017,0.205,0.147,0.068,0.104,0.13,0.067
1207,2024,4685889,Malachi Taylor,WR,The Citadel,,0.023,0.058,0.0,0.019,0.015,0.045,0.011,0.047
1208,2024,4685896,Martin Lucas,RB,William & Mary,,0.027,0.0,0.048,0.019,0.029,0.0,0.038,0.0
1209,2024,4686030,Christian Pedersen,TE,Morehead State,,0.027,0.06,0.0,0.016,0.052,0.015,0.022,0.035
1210,2024,4686065,Devin Mockobee,RB,Purdue,B1G,0.232,0.051,0.435,0.304,0.221,0.13,0.268,0.159
1211,2024,4686093,E.J. Williams,WR,Indiana,B1G,0.015,0.031,0.0,0.015,0.024,0.0,0.019,0.0
1212,2024,4686095,Kobe Pace,RB,Virginia,ACC,0.175,0.055,0.312,0.147,0.224,0.171,0.194,0.14
1213,2024,4686096,Hunter Helms,QB,Rhode Island,,0.33,0.583,0.057,0.238,0.401,0.43,0.262,0.489
1214,2024,4686145,Bryce Childress,WR,Western Kentucky,CUSA,0.021,0.029,0.011,0.025,0.024,0.012,0.019,0.024
1215,2024,4686183,Malcolm Terry II,RB,Columbia,,0.128,0.022,0.229,0.134,0.163,0.083,0.127,0.13
1216,2024,4686223,Malachi Thomas,RB,Virginia Tech,ACC,0.069,0.019,0.106,0.089,0.077,0.023,0.08,0.045
1217,2024,4686248,Nate Boerkircher,TE,Nebraska,B1G,0.022,0.044,0.0,0.016,0.031,0.019,0.015,0.038
1218,2024,4686271,Robert Lewis,WR,Auburn,SEC,0.025,0.051,0.0,0.024,0.029,0.026,0.023,0.032
1219,2024,4686274,Jordan Lowe,RB,Kent State,MAC,0.098,0.0,0.165,0.088,0.118,0.094,0.09,0.113
1220,2024,4686284,Larry Stephens,WR,Toledo,MAC,0.015,0.039,0.0,0.017,0.0,0.038,0.023,0.0
1221,2024,4686328,Malik Bowen-Sims,WR,Austin Peay,,0.04,0.075,0.0,0.036,0.048,0.039,0.028,0.063
1222,2024,4686357,Gamarion Carter,WR,Middle Tennessee,CUSA,0.027,0.045,0.0,0.026,0.036,0.011,0.027,0.027
1223,2024,4686359,Shaun Grayson,TE,Lamar,,0.024,0.057,0.0,0.031,0.015,0.027,0.027,0.017
1224,2024,4686373,Jordan Brown,WR,Texas Tech,B12,0.018,0.032,0.0,0.009,0.023,0.027,0.008,0.039
1225,2024,4686377,Amauri Pesek-Hickson,RB,Northern Iowa,,0.167,0.064,0.266,0.214,0.179,0.062,0.204,0.099
1226,2024,4686382,Jared Casey,TE,Kansas,B12,0.03,0.071,0.002,0.026,0.034,0.03,0.029,0.034
1227,2024,4686438,Stevo Klotz,TE,Iowa State,B12,0.029,0.045,0.01,0.022,0.038,0.024,0.029,0.029
1228,2024,4686458,Chris Ndushabandi,WR,Upper Iowa University,,0.013,0.031,0.0,0.0,0.038,0.0,0.022,0.0
1229,2024,4686468,Seth McGowan,RB,New Mexico State,CUSA,0.214,0.071,0.319,0.266,0.212,0.133,0.252,0.141
1230,2024,4686469,Mikey Henderson,TE,Tarleton State,,0.035,0.093,0.0,0.023,0.071,0.0,0.033,0.041
1231,2024,4686513,Frank Peasant,RB,Middle Tennessee,CUSA,0.084,0.026,0.167,0.074,0.098,0.1,0.076,0.096
1232,2024,4686514,Bryce Bailey,WR,UT Martin,,0.045,0.086,0.0,0.0,0.045,0.053,0.044,0.048
1233,2024,4686555,Noah Robinson,WR,Robert Morris,,0.094,0.176,0.006,0.087,0.087,0.123,0.071,0.142
1234,2024,4686606,Isaiah Johnson,RB,Abilene Christian,,0.185,0.044,0.384,0.236,0.15,0.116,0.233,0.081
1235,2024,4686612,Tre Harris,WR,Ole Miss,SEC,0.12,0.232,0.003,0.112,0.176,0.051,0.112,0.141
1236,2024,4686658,Michael Washington,RB,New Mexico State,CUSA,0.216,0.032,0.349,0.253,0.224,0.127,0.26,0.129
1237,2024,4686728,Gunnar Helm,TE,Texas,SEC,0.064,0.125,0.0,0.065,0.059,0.074,0.052,0.089
1238,2024,4686767,Chris Carpenter,WR,UTSA,AAC,0.052,0.086,0.012,0.061,0.051,0.037,0.056,0.043
1239,2024,4686769,Ashaad Clayton,RB,Tulane,AAC,0.058,0.027,0.08,0.063,0.061,0.044,0.058,0.058
1240,2024,4686771,Caleb Fauria,TE,Delaware,,0.023,0.047,0.0,0.023,0.018,0.038,0.022,0.027
1241,2024,4686775,Montana Lemonious-Craig,WR,Arizona,B12,0.035,0.055,0.006,0.04,0.035,0.031,0.031,0.043
1242,2024,4686788,CJ Harris,QB,California,ACC,0.345,0.466,0.217,0.328,0.378,0.364,0.326,0.375
1243,2024,4686812,Keion Battle,WR,Western Illinois,,0.068,0.096,0.0,0.1,0.0,0.118,0.07,0.067
1244,2024,4686817,Drew Cassens,TE,Butler,,0.018,0.043,0.0,0.014,0.03,0.0,0.019,0.014
1245,2024,4686820,Billy Dozier,WR,Butler,,0.098,0.049,0.127,0.144,0.075,0.036,0.109,0.065
1246,2024,4686940,Donny Marcus,RB,Central Connecticut,,0.124,0.031,0.202,0.157,0.133,0.047,0.139,0.093
1247,2024,4686999,James Burns,WR,Prairie View A&M,,0.067,0.123,0.01,0.097,0.042,0.043,0.073,0.058
1248,2024,4687009,Deston Hawkins,RB,Nevada,MWC,0.217,0.189,0.261,0.357,0.158,0.0,0.303,0.111
1249,2024,4687017,Jackson Canaan,TE,San José State,MWC,0.038,0.059,0.0,0.045,0.036,0.021,0.042,0.026
1250,2024,4687093,Tsion Nunnally,WR,Idaho State,,0.062,0.1,0.0,0.063,0.065,0.052,0.056,0.075
1251,2024,4687187,Marquis Crosby,RB,Louisiana Tech,CUSA,0.082,0.011,0.153,0.121,0.067,0.037,0.1,0.045
1252,2024,4687189,Josh Meredith,WR,Washington State,PAC,0.052,0.101,0.005,0.051,0.041,0.083,0.037,0.091
1253,2024,4687373,Jordan Bly,WR,Gardner-Webb,,0.053,0.095,0.01,0.051,0.068,0.023,0.045,0.067
1254,2024,4687397,Richard Mays Jr.,WR,Jackson State,,0.015,0.05,0.0,0.034,0.0,0.0,0.021,0.0
1255,2024,4687413,Antario Brown,RB,Northern Illinois,MAC,0.217,0.035,0.346,0.252,0.261,0.099,0.245,0.154
1256,2024,4687463,Hinckley Ropati,RB,BYU,B12,0.14,0.024,0.25,0.153,0.157,0.096,0.163,0.09
1257,2024,4687475,Cam Porter,RB,Northwestern,B1G,0.211,0.058,0.405,0.243,0.183,0.201,0.26,0.12
1258,2024,4687476,Jake Arthurs,RB,Northwestern,B1G,0.021,0.018,0.024,0.024,0.016,0.023,0.024,0.015
1259,2024,4687486,Matt Lauter,TE,Boise State,MWC,0.05,0.111,0.002,0.043,0.041,0.066,0.048,0.053
1260,2024,4687493,Brandon Thomas,RB,Memphis,AAC,0.082,0.015,0.157,0.08,0.078,0.087,0.099,0.043
1261,2024,4687507,Kobe Drake,WR,Memphis,AAC,0.05,0.09,0.003,0.051,0.06,0.03,0.044,0.063
1262,2024,4687509,Caden Prieskorn,TE,Ole Miss,SEC,0.038,0.076,0.0,0.03,0.033,0.058,0.026,0.065
1263,2024,4687515,EJ Wilson Jr.,RB,Temple,AAC,0.097,0.0,0.188,0.154,0.045,0.077,0.143,0.037
1264,2024,4687555,Isaiah Garcia-Castaneda,WR,Nebraska,B1G,0.028,0.057,0.0,0.0,0.083,0.0,0.018,0.067
1265,2024,4687700,Malachi Holt-Bennett,WR,UAB,AAC,0.02,0.037,0.0,0.026,0.016,0.013,0.022,0.017
1266,2024,4688380,Cameron Ward,QB,Miami,ACC,0.548,0.918,0.092,0.499,0.55,0.683,0.481,0.732
1267,2024,4688387,Myles Kitt-Denton,WR,Northwestern State,,0.051,0.107,0.0,0.046,0.052,0.056,0.046,0.057
1268,2024,4688413,Giancarlo Woods,WR,Cal Poly,,0.091,0.154,0.014,0.082,0.101,0.096,0.074,0.121
1269,2024,4688541,Kyion Grayes,WR,California,ACC,0.023,0.034,0.0,0.023,0.034,0.0,0.031,0.0
1270,2024,4688552,Keleki Latu,TE,Washington,B1G,0.057,0.104,0.0,0.037,0.075,0.078,0.039,0.106
1271,2024,4688595,Kevorian Barnes,RB,UTSA,AAC,0.097,0.013,0.192,0.09,0.111,0.085,0.1,0.091
1272,2024,4688717,Draylen Ellis,QB,Tennessee State,,0.507,0.817,0.133,0.477,0.496,0.588,0.446,0.626
1273,2024,4688731,Brandon Lanier,TE,Western Illinois,,0.044,0.075,0.003,0.033,0.034,0.086,0.034,0.063
1274,2024,4688757,Tyson Thompson,WR,Rice,AAC,0.038,0.05,0.0,0.043,0.053,0.0,0.056,0.0
1275,2024,4688817,Elijah Green,RB,Indiana,B1G,0.063,0.0,0.112,0.052,0.082,0.043,0.064,0.061
1276,2024,4688818,D.J. Jones,RB,Wyoming,MWC,0.24,0.027,0.426,0.337,0.241,0.083,0.293,0.152
1277,2024,4688835,Roman Hemby,RB,Maryland,B1G,0.203,0.08,0.388,0.247,0.196,0.119,0.25,0.105
1278,2024,4688839,Bryson Moss,RB,Jackson State,,0.029,0.0,0.047,0.036,0.0,0.063,0.022,0.043
1279,2024,4689090,Brandon Frazier,TE,Auburn,SEC,0.018,0.033,0.0,0.037,0.0,0.0,0.024,0.0
1280,2024,4689114,Jaxson Dart,QB,Ole Miss,SEC,0.56,0.919,0.21,0.545,0.577,0.608,0.505,0.697
1281,2024,4689118,Jay Rockwell,WR,Sam Houston,CUSA,0.027,0.067,0.0,0.029,0.027,0.023,0.025,0.032
1282,2024,4689194,Jack Reynolds,WR,Charlotte,AAC,0.018,0.043,0.0,0.043,0.0,0.0,0.024,0.0
1283,2024,4689194,Jack Reynolds,WR,Charlotte,,0.018,0.043,0.0,0.043,0.0,0.0,0.024,0.0
1284,2024,4689266,Drew Donley,WR,Texas State,SBC,0.015,0.016,0.014,0.014,0.0,0.05,0.01,0.031
1285,2024,4689529,Kenji Christian,RB,North Carolina A&T,,0.135,0.0,0.25,0.157,0.157,0.087,0.142,0.122
1286,2024,4689553,Carter Campbell,WR,SMU,ACC,0.014,0.025,0.008,0.01,0.0,0.023,0.014,0.015
1287,2024,4689585,Trexler Ivey,QB,Charlotte,AAC,0.245,0.472,0.016,0.214,0.188,0.396,0.175,0.397
1288,2024,4689585,Trexler Ivey,QB,Charlotte,,0.245,0.472,0.016,0.214,0.188,0.396,0.175,0.397
1289,2024,4689590,Bryce Kennon,TE,Charlotte,AAC,0.04,0.077,0.0,0.019,0.049,0.065,0.02,0.078
1290,2024,4689590,Bryce Kennon,TE,Charlotte,,0.04,0.077,0.0,0.019,0.049,0.065,0.02,0.078
1291,2024,4689591,Chris Houston,RB,Chattanooga,,0.015,0.0,0.02,0.0,0.0,0.0,0.024,0.0
1292,2024,4689602,Sean Brown,QB,Towson,,0.484,0.877,0.11,0.383,0.489,0.698,0.437,0.601
1293,2024,4689652,Harrison Barker,QB,UAB,AAC,0.037,0.029,0.047,0.065,0.017,0.0,0.054,0.0
1294,2024,4689654,Justin Jones,RB,Auburn,SEC,0.023,0.0,0.056,0.043,0.0,0.0,0.029,0.0
1295,2024,4689721,Ty Robinson,WR,Ball State,MAC,0.036,0.07,0.0,0.031,0.026,0.069,0.032,0.048
1296,2024,4689825,Tyrell Robinson,RB,Army,AAC,0.059,0.108,0.051,0.048,0.074,0.065,0.05,0.087
1297,2024,4689855,Isaiah Alston,WR,Iowa State,B12,0.09,0.162,0.0,0.065,0.158,0.077,0.08,0.118
1298,2024,4690117,Ja'Cyais Credle,WR,Georgia State,SBC,0.025,0.045,0.0,0.029,0.015,0.038,0.022,0.031
1299,2024,4690120,Johnny Richardson,RB,UCF,B12,0.05,0.042,0.056,0.039,0.076,0.043,0.047,0.058
1300,2024,4690127,Tony Forrest,TE,Grambling,,0.021,0.034,0.0,0.0,0.0,0.091,0.032,0.0
1301,2024,4690143,LaJohntay Wester,WR,Colorado,B12,0.096,0.151,0.003,0.076,0.109,0.11,0.086,0.119
1302,2024,4690157,Yasias Young,RB,South Florida,AAC,0.046,0.0,0.079,0.044,0.044,0.044,0.059,0.01
1303,2024,4690158,Noah Kim,QB,Coastal Carolina,SBC,0.155,0.304,0.04,0.116,0.152,0.216,0.144,0.179
1304,2024,4690160,Zach Gillespie,WR,Michigan State,B1G,0.032,0.069,0.0,0.0,0.042,0.091,0.0,0.118
1305,2024,4690163,Joseph Martinez,RB,Michigan State,B1G,0.016,0.0,0.03,0.037,0.0,0.0,0.022,0.0
1306,2024,4690170,Damarcus Thomas,TE,South Alabama,SBC,0.032,0.068,0.0,0.027,0.03,0.034,0.033,0.028
1307,2024,4690196,Michael Hetzel,WR,App State,SBC,0.018,0.037,0.0,0.015,0.034,0.0,0.011,0.032
1308,2024,4690298,Jake Thaw,WR,Delaware,,0.056,0.103,0.005,0.056,0.052,0.07,0.052,0.067
1309,2024,4690351,Kerry King,WR,East Carolina,AAC,0.011,0.025,0.0,0.027,0.0,0.0,0.018,0.0
1310,2024,4690461,Robert Williams,WR,Louisiana,SBC,0.038,0.083,0.0,0.034,0.036,0.058,0.035,0.048
1311,2024,4690801,Christian Gelov,QB,Purdue,B1G,0.069,0.091,0.04,0.083,0.05,0.071,0.057,0.087
1312,2024,4690811,Savion Red,RB,Nevada,MWC,0.168,0.047,0.276,0.201,0.167,0.103,0.2,0.095
1313,2024,4690909,Ty Bowman,WR,Kansas State,B12,0.027,0.046,0.008,0.008,0.026,0.057,0.011,0.062
1314,2024,4690933,Rhett Guidry,TE,Louisiana,SBC,0.015,0.026,0.0,0.0,0.042,0.0,0.02,0.0
1315,2024,4690972,Ja'Quinden Jackson,RB,Arkansas,SEC,0.234,0.048,0.424,0.25,0.239,0.205,0.289,0.113
1316,2024,4690977,Donovan Smith,QB,Houston,B12,0.37,0.608,0.18,0.333,0.365,0.441,0.345,0.414
1317,2024,4690984,Jayden York,TE,Houston,B12,0.021,0.056,0.0,0.029,0.013,0.02,0.019,0.025
1318,2024,4691003,Preston Fox,WR,West Virginia,B12,0.023,0.046,0.003,0.02,0.027,0.028,0.021,0.026
1319,2024,4691101,Lavar Lindo,TE,Stephen F. Austin,,0.019,0.038,0.0,0.01,0.016,0.047,0.007,0.041
1320,2024,4691102,Ty Love,WR,Stephen F. Austin,,0.024,0.041,0.0,0.034,0.024,0.0,0.033,0.0
1321,2024,4691138,Aaron Anderson,WR,LSU,SEC,0.087,0.143,0.003,0.086,0.083,0.102,0.077,0.107
1322,2024,4691272,Stone Earle,QB,Marshall,SBC,0.365,0.595,0.187,0.306,0.345,0.521,0.35,0.4
1323,2024,4691284,Darius Lewis,WR,SE Louisiana,,0.112,0.224,0.009,0.097,0.136,0.114,0.096,0.145
1324,2024,4691315,Umari Hatcher,WR,Syracuse,ACC,0.036,0.058,0.0,0.043,0.02,0.054,0.035,0.039
1325,2024,4691547,Preston Daniel,TE,Miami (OH),MAC,0.031,0.051,0.0,0.034,0.0,0.083,0.05,0.0
1326,2024,4691688,Robbie Ouzts,TE,Alabama,SEC,0.017,0.037,0.0,0.009,0.034,0.012,0.018,0.015
1327,2024,4691714,Reggie Harden,WR,Arkansas State,SBC,0.043,0.067,0.0,0.0,0.083,0.053,0.045,0.04
1328,2024,4691720,Parker Self,WR,East Tennessee State,,0.013,0.024,0.0,0.0,0.037,0.0,0.018,0.0
1329,2024,4691745,Graeson Underwood,QB,The Citadel,,0.015,0.077,0.0,0.0,0.0,0.0,0.0,0.04
1330,2024,4691838,Lamagea McDowell,RB,Prairie View A&M,,0.181,0.015,0.328,0.215,0.18,0.114,0.242,0.071
1331,2024,4691861,Brandon Fitez,WR,Campbell,,0.034,0.063,0.004,0.033,0.024,0.056,0.03,0.041
1332,2024,4691889,Gregory DeRosiers,RB,Memphis,AAC,0.116,0.101,0.131,0.089,0.122,0.17,0.096,0.164
1333,2024,4691894,Kade Neely,WR,Murray State,,0.027,0.059,0.0,0.035,0.008,0.044,0.03,0.022
1334,2024,4692052,Carter Peevy,QB,Maine,,0.557,0.934,0.163,0.427,0.579,0.796,0.464,0.747
1335,2024,4692058,Al Wooten II,RB,Duke,ACC,0.036,0.0,0.057,0.036,0.059,0.0,0.025,0.067
1336,2024,4692530,Chandler Morris,QB,North Texas,AAC,0.626,0.943,0.149,0.584,0.613,0.705,0.563,0.753
1337,2024,4692538,Jalin Conyers,TE,Texas Tech,B12,0.041,0.063,0.014,0.03,0.032,0.072,0.043,0.038
1338,2024,4692550,Trevon West,WR,Tarleton State,,0.014,0.036,0.0,0.016,0.022,0.0,0.015,0.014
1339,2024,4692654,DVontae Key,WR,Missouri State,,0.051,0.086,0.007,0.049,0.04,0.077,0.041,0.071
1340,2024,4692796,Nick DeGennaro,WR,Richmond,,0.06,0.149,0.003,0.044,0.079,0.058,0.04,0.111
1341,2024,4692826,Payton Mangrum,WR,South Carolina,SEC,0.013,0.031,0.0,0.0,0.018,0.038,0.0,0.048
1342,2024,4692830,Bradley Dunn,RB,South Carolina,SEC,0.057,0.015,0.087,0.07,0.073,0.0,0.07,0.024
1343,2024,4692846,Cale Cabbiness,WR,Oklahoma State,B12,0.014,0.024,0.0,0.015,0.022,0.0,0.01,0.022
1344,2024,4692914,Josh Guilford,WR,William & Mary,,0.015,0.044,0.0,0.015,0.023,0.0,0.018,0.0
1345,2024,4692938,Calvin Jones,WR,Western Carolina,,0.033,0.053,0.005,0.036,0.013,0.063,0.037,0.025
1346,2024,4692968,Travon Jones,TE,Northwestern State,,0.075,0.15,0.0,0.0,0.154,0.1,0.077,0.071
1347,2024,4692972,Jamoi Mayes,WR,Cincinnati,B12,0.037,0.069,0.003,0.035,0.048,0.028,0.03,0.054
1348,2024,4693184,Andrew Sowinski,WR,Purdue,B1G,0.022,0.047,0.0,0.029,0.014,0.021,0.025,0.014
1349,2024,4693208,Patrick Gurd,TE,Ohio State,B1G,0.014,0.029,0.0,0.026,0.0,0.0,0.017,0.0
1350,2024,4693219,Ron Wiggins,RB,Jacksonville State,CUSA,0.052,0.021,0.07,0.052,0.067,0.036,0.054,0.048
1351,2024,4693236,Jacob Jenkins,TE,Liberty,CUSA,0.03,0.077,0.0,0.021,0.031,0.04,0.026,0.04
1352,2024,4693330,TK Marshall,RB,North Dakota State,,0.064,0.034,0.084,0.08,0.064,0.035,0.076,0.031
1353,2024,4693331,Cam Miller,QB,North Dakota State,,0.476,0.897,0.203,0.383,0.477,0.714,0.42,0.64
1354,2024,4693333,RaJa Nelson,WR,North Dakota State,,0.066,0.146,0.01,0.042,0.098,0.067,0.049,0.115
1355,2024,4693341,Joe Stoffel,TE,North Dakota State,,0.039,0.095,0.002,0.037,0.033,0.052,0.036,0.047
1356,2024,4693342,Tyler Terhark,WR,North Dakota State,,0.028,0.071,0.0,0.033,0.016,0.045,0.028,0.028
1357,2024,4693370,Riley Nowakowski,TE,Wisconsin,B1G,0.024,0.049,0.0,0.029,0.027,0.011,0.025,0.022
1358,2024,4693603,Kobe Warden,WR,North Alabama,,0.068,0.115,0.02,0.03,0.08,0.129,0.056,0.092
1359,2024,4693615,Charlie Spegal,RB,Ball State,MAC,0.03,0.0,0.066,0.028,0.04,0.023,0.037,0.015
1360,2024,4693740,Kahleil Jackson,WR,Florida,SEC,0.037,0.069,0.0,0.037,0.063,0.0,0.029,0.053
1361,2024,4693798,Koali Nishigaya,WR,Hawai'i,MWC,0.021,0.032,0.0,0.024,0.029,0.0,0.016,0.028
1362,2024,4693817,Micah Davis,WR,Ole Miss,SEC,0.067,0.029,0.102,0.081,0.06,0.06,0.071,0.056
1363,2024,4693861,Myles Crawley,QB,Grambling,,0.4,0.713,0.077,0.288,0.424,0.578,0.308,0.534
1364,2024,4693881,Kisean Johnson,WR,Western Kentucky,CUSA,0.101,0.179,0.01,0.113,0.099,0.085,0.099,0.105
1365,2024,4693901,Roy Alexander,WR,Incarnate Word,,0.122,0.216,0.012,0.122,0.112,0.142,0.123,0.122
1366,2024,4693925,Jackson Parker,WR,UAlbany,,0.037,0.06,0.006,0.023,0.045,0.058,0.027,0.053
1367,2024,4694023,Nate Lussier,QB,Brown,,0.026,0.0,0.056,0.015,0.037,0.032,0.036,0.0
1368,2024,4694024,Mark Mahoney,WR,Brown,,0.092,0.168,0.0,0.078,0.085,0.077,0.08,0.127
1369,2024,4694035,Graham Walker,TE,Rice,AAC,0.044,0.069,0.005,0.023,0.057,0.067,0.03,0.07
1370,2024,4694043,Ryan Clark,RB,Bryant,,0.052,0.022,0.108,0.059,0.041,0.044,0.059,0.04
1371,2024,4694066,Landon Ruggieri,WR,Bryant,,0.096,0.153,0.0,0.086,0.101,0.115,0.09,0.107
1372,2024,4694069,Marc Taglieri Jr.,TE,Bryant,,0.033,0.052,0.0,0.033,0.051,0.013,0.034,0.032
1373,2024,4694074,Coleman Bennett,RB,Rice,AAC,0.032,0.0,0.065,0.032,0.045,0.0,0.044,0.0
1374,2024,4694078,Danny Meuser,RB,Bucknell,,0.057,0.01,0.103,0.043,0.077,0.043,0.056,0.06
1375,2024,4694092,Christian Tait,WR,Wagner,,0.021,0.042,0.0,0.01,0.027,0.036,0.026,0.012
1376,2024,4694093,Damian Harris,WR,William & Mary,,0.037,0.092,0.0,0.068,0.0,0.026,0.045,0.018
1377,2024,4694113,Joey Suchy,RB,Butler,,0.103,0.053,0.134,0.126,0.094,0.068,0.11,0.08
1378,2024,4694139,Luka Popovic,WR,Butler,,0.029,0.086,0.0,0.02,0.029,0.053,0.013,0.074
1379,2024,4694149,Walker Eget,QB,San José State,MWC,0.483,0.712,0.097,0.462,0.473,0.553,0.453,0.552
1380,2024,4694209,Kale Anderson,WR,Kentucky State,,0.123,0.212,0.0,0.04,0.222,0.154,0.105,0.158
1381,2024,4694246,William Parker,TE,Colgate,,0.024,0.041,0.0,0.022,0.042,0.0,0.021,0.029
1382,2024,4694261,Marcus Libman,WR,Columbia,,0.057,0.119,0.0,0.049,0.061,0.067,0.048,0.076
1383,2024,4694263,Joey Giorgi,RB,Columbia,,0.241,0.031,0.426,0.331,0.215,0.115,0.29,0.132
1384,2024,4694288,James Miller,TE,Columbia,,0.013,0.024,0.0,0.0,0.038,0.0,0.019,0.0
1385,2024,4694302,Marcus Yarns,RB,Delaware,,0.234,0.052,0.424,0.237,0.202,0.266,0.27,0.149
1386,2024,4694361,Bryce Corriston,QB,Wofford,,0.108,0.115,0.104,0.075,0.101,0.142,0.115,0.095
1387,2024,4694389,Luke Duby,QB,Black Hills State,,0.422,0.667,0.115,0.346,0.429,0.533,0.412,0.433
1388,2024,4694404,Nicholas Laboy,WR,Delaware,,0.031,0.055,0.0,0.037,0.026,0.02,0.029,0.035
1389,2024,4694411,Matt Robbert,TE,Richmond,,0.037,0.096,0.0,0.029,0.041,0.038,0.03,0.057
1390,2024,4694462,Isaac Boston,WR,Central Connecticut,,0.046,0.11,0.0,0.029,0.063,0.051,0.031,0.078
1391,2024,4694468,Jace Henry,TE,Nevada,MWC,0.028,0.067,0.0,0.045,0.015,0.02,0.028,0.029
1392,2024,4694481,Paxton Scott,WR,Dartmouth,,0.089,0.202,0.0,0.037,0.107,0.143,0.048,0.169
1393,2024,4694487,DreSean Kendrick,RB,William & Mary,,0.041,0.109,0.004,0.052,0.036,0.027,0.046,0.027
1394,2024,4694488,JT Mayo,WR,William & Mary,,0.03,0.087,0.0,0.006,0.04,0.079,0.022,0.053
1395,2024,4694492,Malachi Imoh,RB,William & Mary,,0.175,0.078,0.234,0.203,0.177,0.125,0.18,0.164
1396,2024,4694494,Ry Yates,TE,Yale,,0.024,0.046,0.0,0.022,0.045,0.0,0.022,0.029
1397,2024,4694508,Tyler Rose,WR,Marist,,0.034,0.056,0.0,0.037,0.033,0.017,0.043,0.02
1398,2024,4694530,Luke Brenner,WR,Dayton,,0.037,0.076,0.003,0.025,0.037,0.054,0.023,0.062
1399,2024,4694535,Jake Coleman,WR,Dayton,,0.063,0.131,0.0,0.067,0.052,0.082,0.056,0.075
1400,2024,4694540,Cade Beam,TE,Dayton,,0.027,0.008,0.046,0.026,0.024,0.038,0.037,0.0
1401,2024,4694555,Alec Keathley,TE,Dayton,,0.039,0.084,0.0,0.02,0.036,0.074,0.032,0.05
1402,2024,4694576,Kobe Tracy,QB,Idaho State,,0.56,0.811,0.134,0.5,0.569,0.669,0.511,0.671
1403,2024,4694583,Quali Conley,RB,Arizona,B12,0.247,0.085,0.492,0.327,0.202,0.153,0.304,0.145
1404,2024,4694589,Damani Wilks,WR,Utah Tech,,0.03,0.05,0.0,0.0,0.083,0.0,0.043,0.0
1405,2024,4694674,Ludovick Choquette,RB,Long Island University,,0.15,0.041,0.225,0.154,0.203,0.086,0.153,0.144
1406,2024,4694701,Rashad Raymond,RB,UT Martin,,0.105,0.019,0.168,0.121,0.089,0.107,0.13,0.064
1407,2024,4694703,Julio DaSilva,WR,VMI,,0.04,0.08,0.003,0.024,0.045,0.059,0.037,0.046
1408,2024,4694728,Chance Knox,WR,Stony Brook,,0.044,0.1,0.007,0.056,0.041,0.038,0.043,0.048
1409,2024,4694803,Braden Contreras,WR,Illinois State,,0.014,0.033,0.0,0.011,0.014,0.026,0.014,0.016
1410,2024,4694806,Jake Vickers,TE,Valparaiso,,0.022,0.045,0.0,0.01,0.041,0.019,0.014,0.035
1411,2024,4694854,Tim Nesslage,TE,Drake,,0.036,0.061,0.0,0.035,0.0,0.105,0.022,0.074
1412,2024,4694856,Luke Bailey,QB,Drake,,0.585,0.93,0.093,0.524,0.57,0.766,0.53,0.707
1413,2024,4694857,Hunter Johnson,WR,Drake,,0.025,0.042,0.0,0.007,0.038,0.047,0.023,0.032
1414,2024,4694862,Jun Ahn,RB,Drake,,0.082,0.011,0.159,0.078,0.121,0.025,0.107,0.02
1415,2024,4694869,Sam Rodriguez,TE,Drake,,0.031,0.05,0.0,0.014,0.046,0.049,0.023,0.049
1416,2024,4694871,Brandon Langdok,WR,Drake,,0.03,0.042,0.0,0.031,0.0,0.091,0.023,0.043
1417,2024,4694872,Jacob McCauley,WR,Drake,,0.016,0.029,0.0,0.0,0.0,0.0,0.0,0.056
1418,2024,4694875,Eli Stewart,TE,Drake,,0.016,0.029,0.0,0.038,0.0,0.0,0.023,0.0
1419,2024,4694890,Trey Radocha,WR,Drake,,0.087,0.138,0.01,0.089,0.056,0.138,0.089,0.083
1420,2024,4694912,Abdul Janneh,WR,Georgia Tech,ACC,0.025,0.047,0.0,0.03,0.034,0.0,0.024,0.028
1421,2024,4694924,Joey Isabella,WR,Duquesne,,0.11,0.225,0.007,0.095,0.066,0.15,0.093,0.146
1422,2024,4694938,Ty'shaun Granger,WR,Norfolk State,,0.016,0.056,0.0,0.0,0.0,0.059,0.0,0.036
1423,2024,4694939,Nathan Kent,QB,Towson,,0.02,0.0,0.045,0.0,0.063,0.0,0.026,0.0
1424,2024,4694946,Devin Matthews,RB,Towson,,0.212,0.055,0.365,0.267,0.211,0.1,0.241,0.141
1425,2024,4694948,Dion Crews-Harris,RB,Towson,,0.016,0.0,0.038,0.0,0.0,0.0,0.0,0.05
1426,2024,4695005,Ashton Maples,WR,Tennessee Tech,,0.033,0.056,0.0,0.022,0.053,0.025,0.03,0.036
1427,2024,4695009,Ethan Roberts,QB,Tennessee Tech,,0.043,0.0,0.056,0.056,0.067,0.0,0.038,0.05
1428,2024,4695032,Hunter Barnhart,TE,Tennessee Tech,,0.018,0.03,0.0,0.014,0.028,0.014,0.015,0.025
1429,2024,4695047,Jalen Rouse,RB,Tennessee State,,0.041,0.023,0.06,0.047,0.047,0.027,0.039,0.045
1430,2024,4695076,Bryson Irby,RB,East Tennessee State,,0.204,0.03,0.343,0.239,0.195,0.128,0.23,0.14
1431,2024,4695080,Trey Foster,RB,East Tennessee State,,0.083,0.0,0.162,0.088,0.104,0.042,0.089,0.068
1432,2024,4695119,Kendi Young,RB,Eastern Illinois,,0.045,0.0,0.123,0.041,0.048,0.054,0.058,0.017
1433,2024,4695121,Harrison Bey-Buie,RB,Northern Iowa,,0.116,0.0,0.183,0.097,0.143,0.129,0.16,0.022
1434,2024,4695125,Cooper Willman,WR,Eastern Illinois,,0.113,0.183,0.01,0.093,0.126,0.14,0.091,0.157
1435,2024,4695149,DeAirious Smith,WR,Eastern Illinois,,0.026,0.047,0.0,0.021,0.026,0.037,0.014,0.048
1436,2024,4695176,Justice Jackson,RB,Idaho State,,0.043,0.012,0.097,0.047,0.058,0.016,0.046,0.038
1437,2024,4695179,Brandon Montoya,RB,Eastern Washington,,0.03,0.0,0.038,0.051,0.0,0.0,0.034,0.0
1438,2024,4695192,Nolan Ulm,WR,Eastern Washington,,0.018,0.045,0.0,0.01,0.026,0.027,0.011,0.048
1439,2024,4695193,Efton Chism III,WR,Eastern Washington,,0.144,0.342,0.0,0.112,0.172,0.179,0.127,0.195
1440,2024,4695195,Jett Carpenter,TE,Eastern Washington,,0.022,0.046,0.0,0.043,0.0,0.016,0.025,0.014
1441,2024,4695223,Chase Curtis,TE,TCU,B12,0.035,0.054,0.014,0.0,0.067,0.074,0.01,0.089
1442,2024,4695267,Bailor Hughes,WR,Furman,,0.088,0.021,0.168,0.095,0.13,0.013,0.092,0.081
1443,2024,4695287,Jonathan Bennett,RB,Samford,,0.018,0.0,0.038,0.037,0.0,0.0,0.024,0.0
1444,2024,4695294,Charlie Skehan,TE,Kent State,MAC,0.019,0.036,0.0,0.043,0.0,0.0,0.034,0.0
1445,2024,4695298,Tedy Afful,WR,Duquesne,,0.088,0.183,0.003,0.07,0.08,0.141,0.067,0.129
1446,2024,4695303,Roland Dempster,RB,Stony Brook,,0.334,0.081,0.539,0.418,0.292,0.23,0.394,0.171
1447,2024,4695304,Jayden Cook,RB,Stony Brook,,0.035,0.06,0.021,0.022,0.013,0.091,0.013,0.085
1448,2024,4695318,Cole Bunicci,TE,Stony Brook,,0.023,0.049,0.0,0.022,0.033,0.009,0.026,0.014
1449,2024,4695400,Mark Gronowski,QB,South Dakota State,,0.426,0.814,0.152,0.376,0.412,0.549,0.384,0.534
1450,2024,4695420,Nate Sullivan Jr.,TE,UL Monroe,SBC,0.025,0.063,0.0,0.028,0.024,0.025,0.023,0.027
1451,2024,4695448,DJ Moyer,RB,Robert Morris,,0.116,0.036,0.204,0.154,0.077,0.094,0.146,0.056
1452,2024,4695462,Julian Bumper,WR,Elon,,0.045,0.019,0.071,0.048,0.022,0.08,0.043,0.048
1453,2024,4695497,Cole Wright,WR,UC Davis,,0.014,0.034,0.0,0.0,0.04,0.0,0.0,0.053
1454,2024,4695580,Malcolm Johnson Jr.,WR,Bowling Green,MAC,0.069,0.128,0.003,0.056,0.08,0.068,0.065,0.077
1455,2024,4695600,Bryson Barnes,QB,Utah State,MWC,0.352,0.472,0.23,0.289,0.344,0.482,0.338,0.385
1456,2024,4695616,Isaiah Chavez,QB,New Mexico,MWC,0.013,0.0,0.026,0.026,0.0,0.0,0.018,0.0
1457,2024,4695649,Jackson Manning,TE,Kennesaw State,CUSA,0.016,0.038,0.0,0.0,0.05,0.0,0.0,0.03
1458,2024,4695705,Marlin Klein,TE,Michigan,B1G,0.025,0.065,0.0,0.013,0.027,0.047,0.015,0.046
1459,2024,4695707,Juju Lewis,WR,Florida International,CUSA,0.03,0.06,0.0,0.047,0.019,0.0,0.036,0.018
1460,2024,4695709,Devin Brown,QB,Ohio State,B1G,0.065,0.113,0.021,0.037,0.074,0.133,0.049,0.112
1461,2024,4695738,Kaedyn Odermann,WR,Harvard,,0.031,0.07,0.0,0.017,0.036,0.036,0.02,0.058
1462,2024,4695765,Tyler Neville,TE,Virginia,ACC,0.046,0.086,0.0,0.054,0.026,0.06,0.043,0.05
1463,2024,4695786,Michael Mansaray,RB,Valparaiso,,0.281,0.085,0.434,0.336,0.282,0.199,0.322,0.212
1464,2024,4695787,Shomari Lawrence,RB,Florida International,CUSA,0.101,0.004,0.19,0.12,0.101,0.066,0.121,0.06
1465,2024,4695800,JJ Galbreath,TE,South Dakota,,0.066,0.155,0.003,0.054,0.088,0.052,0.053,0.102
1466,2024,4695806,Zach Witte,TE,South Dakota,,0.017,0.036,0.0,0.0,0.053,0.0,0.0,0.065
1467,2024,4695844,Wesley Carlock,WR,Samford,,0.03,0.053,0.0,0.038,0.03,0.01,0.03,0.031
1468,2024,4695866,Cole Thornton,WR,Fordham,,0.056,0.116,0.0,0.071,0.04,0.063,0.061,0.048
1469,2024,4695867,Grant Wilson,QB,Old Dominion,SBC,0.488,0.774,0.184,0.402,0.457,0.673,0.45,0.554
1470,2024,4695868,Mekai Felton,WR,Fordham,,0.054,0.11,0.0,0.051,0.052,0.072,0.042,0.076
1471,2024,4695889,Quinton Gregory,WR,Holy Cross,,0.029,0.043,0.017,0.007,0.047,0.029,0.018,0.054
1472,2024,4695902,Byron Shipman,WR,Holy Cross,,0.036,0.085,0.0,0.039,0.037,0.021,0.04,0.028
1473,2024,4695904,Matthew Sluka,QB,UNLV,MWC,0.419,0.963,0.221,0.364,0.348,0.65,0.338,0.636
1474,2024,4695910,Xavier Guillory,WR,Arizona State,B12,0.037,0.09,0.0,0.036,0.039,0.031,0.035,0.042
1475,2024,4695914,Hunter Hays,QB,Idaho State,,0.147,0.118,0.2,0.146,0.133,0.172,0.167,0.104
1476,2024,4696001,Tyce Ferrell,TE,Ball State,MAC,0.014,0.028,0.0,0.015,0.023,0.0,0.01,0.024
1477,2024,4696012,Rashad Lampkin,RB,Augustana University (SD),,0.091,0.0,0.313,0.15,0.059,0.067,0.143,0.037
1478,2024,4696027,Javon Charles,TE,Illinois State,,0.022,0.044,0.0,0.033,0.011,0.017,0.026,0.012
1479,2024,4696044,Kaelon Black,RB,Indiana,B1G,0.069,0.013,0.113,0.082,0.064,0.042,0.074,0.054
1480,2024,4696062,Antwane Wells Jr.,WR,Ole Miss,SEC,0.051,0.092,0.012,0.067,0.035,0.037,0.051,0.051
1481,2024,4696065,Derek Robertson,QB,Monmouth,,0.533,0.934,0.047,0.489,0.533,0.626,0.483,0.65
1482,2024,4696066,Anthony Harris,QB,Maine,,0.083,0.136,0.033,0.045,0.09,0.106,0.04,0.157
1483,2024,4696070,Tavion Banks,RB,Maine,,0.132,0.037,0.23,0.171,0.128,0.059,0.148,0.102
1484,2024,4696071,Freddie Brock,RB,Georgia State,SBC,0.212,0.047,0.441,0.271,0.236,0.063,0.276,0.086
1485,2024,4696091,Montigo Moss,WR,Maine,,0.098,0.185,0.006,0.063,0.094,0.162,0.08,0.133
1486,2024,4696093,Trevin Ewing,WR,Maine,,0.034,0.032,0.037,0.042,0.033,0.016,0.039,0.024
1487,2024,4696138,Mason Gilbert,TE,Maine,,0.024,0.045,0.0,0.021,0.034,0.018,0.025,0.022
1488,2024,4696147,Kenneth Womack,WR,Western Michigan,MAC,0.079,0.165,0.006,0.09,0.067,0.054,0.079,0.08
1489,2024,4696152,Payton Rhoades,WR,Sacred Heart,INDAA,0.049,0.122,0.004,0.044,0.07,0.021,0.048,0.051
1490,2024,4696155,Jalen Madison,RB,Sacred Heart,INDAA,0.241,0.044,0.366,0.293,0.244,0.135,0.283,0.161
1491,2024,4696208,Jasiah Williams,WR,Stony Brook,,0.075,0.157,0.006,0.095,0.08,0.034,0.08,0.063
1492,2024,4696213,Fonnae Webb,RB,Norfolk State,,0.097,0.006,0.156,0.115,0.113,0.05,0.119,0.058
1493,2024,4696240,Jaylon Jackson,RB,Iowa State,B12,0.109,0.016,0.198,0.167,0.089,0.027,0.135,0.05
1494,2024,4696273,Timothy Conerly,WR,UNLV,MWC,0.023,0.029,0.02,0.03,0.023,0.0,0.029,0.0
1495,2024,4696274,Devyn Gibbs,TE,Lamar,,0.04,0.106,0.0,0.028,0.049,0.057,0.03,0.06
1496,2024,4696304,Joshua Casilli,WR,Pennsylvania,,0.024,0.051,0.0,0.02,0.044,0.0,0.02,0.038
1497,2024,4696371,Dante Perri,QB,Lehigh,,0.151,0.361,0.043,0.098,0.166,0.189,0.111,0.228
1498,2024,4696407,Jacari Carter,WR,UAlbany,,0.04,0.07,0.0,0.032,0.044,0.051,0.031,0.058
1499,2024,4696411,Jelani Mason,WR,Merrimack,INDAA,0.029,0.074,0.0,0.041,0.0,0.05,0.025,0.036
1500,2024,4696433,LJ Robinson,WR,Merrimack,INDAA,0.023,0.064,0.0,0.007,0.017,0.063,0.013,0.042
1501,2024,4696463,Marcus Preston,WR,South Dakota State,,0.017,0.044,0.0,0.0,0.036,0.032,0.008,0.043
1502,2024,4696464,Bo Belquist,WR,North Dakota,,0.084,0.199,0.002,0.077,0.077,0.114,0.078,0.1
1503,2024,4696469,Jack Ihry,TE,North Dakota,,0.016,0.042,0.0,0.0,0.0,0.083,0.0,0.053
1504,2024,4696470,Isaiah Smith,RB,North Dakota,,0.142,0.025,0.225,0.151,0.154,0.114,0.148,0.124
1505,2024,4696490,Jack Wright,WR,Tulsa,AAC,0.011,0.022,0.0,0.027,0.0,0.0,0.016,0.0
1506,2024,4696561,Jacob Conover,QB,Utah State,MWC,0.101,0.132,0.065,0.115,0.091,0.063,0.1,0.103
1507,2024,4696686,Deuce Spann,WR,Florida State,ACC,0.017,0.022,0.0,0.0,0.0,0.071,0.0,0.04
1508,2024,4696688,Josh Beetham,TE,Georgia Tech,ACC,0.021,0.039,0.0,0.017,0.0,0.071,0.011,0.04
1509,2024,4696690,Reggie Love III,RB,Purdue,B1G,0.142,0.021,0.278,0.205,0.121,0.044,0.184,0.054
1510,2024,4696725,Bradley Schlom,WR,San Diego,,0.035,0.073,0.0,0.035,0.016,0.066,0.035,0.034
1511,2024,4696740,Colin Giffen,FB,Rice,AAC,0.013,0.02,0.0,0.033,0.0,0.0,0.023,0.0
1512,2024,4696751,Carl Smith,WR,Robert Morris,,0.041,0.08,0.005,0.026,0.05,0.057,0.027,0.073
1513,2024,4696799,Isaiah Gerena,TE,Northern Arizona,,0.023,0.051,0.0,0.026,0.014,0.037,0.024,0.023
1514,2024,4696819,Eli Sawyer,QB,SE Louisiana,,0.384,0.756,0.044,0.33,0.374,0.516,0.332,0.491
1515,2024,4696832,Connor Briggs,TE,Miami (OH),MAC,0.023,0.083,0.0,0.0,0.077,0.0,0.029,0.0
1516,2024,4696833,Cade Collier,TE,SE Louisiana,,0.033,0.065,0.0,0.026,0.034,0.05,0.028,0.044
1517,2024,4696843,Da'shun Hugley,WR,SE Louisiana,,0.02,0.029,0.011,0.037,0.015,0.0,0.03,0.0
1518,2024,4696846,Ivan Drobocky,TE,SE Louisiana,,0.028,0.06,0.0,0.018,0.04,0.033,0.017,0.048
1519,2024,4696880,Walker Harris,QB,North Carolina Central,,0.447,0.876,0.07,0.354,0.431,0.693,0.36,0.636
1520,2024,4696881,Quest Powell,QB,North Carolina Central,,0.082,0.08,0.085,0.08,0.037,0.172,0.084,0.077
1521,2024,4696883,Devin Smith,WR,Villanova,,0.061,0.126,0.003,0.042,0.077,0.075,0.051,0.083
1522,2024,4696905,Kyle Morgan,TE,North Carolina Central,,0.018,0.025,0.011,0.013,0.0,0.029,0.017,0.02
1523,2024,4696906,Andrew Smith,WR,North Carolina Central,,0.021,0.055,0.0,0.007,0.044,0.0,0.014,0.045
1524,2024,4696907,Joaquin Davis,WR,North Carolina Central,,0.048,0.109,0.0,0.03,0.059,0.081,0.042,0.064
1525,2024,4696972,Devin Gandy,WR,Sacramento State,,0.029,0.053,0.0,0.022,0.037,0.034,0.027,0.034
1526,2024,4696974,Jared Gipson,WR,Sacramento State,,0.072,0.132,0.0,0.081,0.068,0.066,0.076,0.063
1527,2024,4696976,Michael Johnson,RB,Sacramento State,,0.075,0.034,0.108,0.088,0.088,0.026,0.068,0.096
1528,2024,4696981,Cameron Skattebo,RB,Arizona State,B12,0.372,0.131,0.538,0.425,0.319,0.333,0.437,0.211
1529,2024,4697011,James Louis,RB,Morehead State,,0.166,0.013,0.297,0.215,0.15,0.106,0.196,0.119
1530,2024,4697094,DJ Williams,QB,Southern Illinois,,0.535,0.786,0.294,0.519,0.441,0.723,0.516,0.568
1531,2024,4697099,Damonta Witherspoon,RB,Samford,,0.191,0.068,0.339,0.235,0.168,0.15,0.224,0.124
1532,2024,4697101,Cortezz Jones,RB,Lindenwood,,0.148,0.021,0.249,0.189,0.148,0.071,0.175,0.088
1533,2024,4697122,Gaston Moore,QB,Tennessee,SEC,0.064,0.14,0.013,0.06,0.056,0.097,0.05,0.103
1534,2024,4697131,Bronson Barron,QB,Southern Utah,,0.248,0.503,0.046,0.223,0.238,0.294,0.205,0.331
1535,2024,4697512,Robby Ashford,QB,South Carolina,SEC,0.152,0.181,0.132,0.107,0.18,0.198,0.117,0.233
1536,2024,4697524,Matt Colombo,RB,San Diego,,0.199,0.043,0.463,0.188,0.224,0.161,0.2,0.196
1537,2024,4697536,Kasey Hawthorne,WR,Howard,,0.096,0.15,0.052,0.093,0.11,0.092,0.091,0.106
1538,2024,4697540,Jarett Hunter,RB,Howard,,0.244,0.097,0.378,0.279,0.257,0.127,0.289,0.165
1539,2024,4697587,Jake Woods,WR,Cal Poly,,0.039,0.067,0.0,0.03,0.042,0.051,0.042,0.034
1540,2024,4697611,Ethen Cluff,WR,Northern Arizona,,0.014,0.0,0.021,0.026,0.0,0.0,0.018,0.0
1541,2024,4697625,Victor Gabalis,QB,Tarleton State,,0.426,0.897,0.066,0.351,0.502,0.481,0.358,0.617
1542,2024,4697630,Cooper Mathers,TE,Washington State,PAC,0.027,0.055,0.0,0.0,0.057,0.036,0.017,0.053
1543,2024,4697633,Dylan Paine,RB,Washington State,PAC,0.062,0.0,0.125,0.059,0.06,0.043,0.078,0.023
1544,2024,4697741,Jalen John,RB,Massachusetts,Ind,0.186,0.059,0.279,0.197,0.188,0.159,0.224,0.103
1545,2024,4698179,River Helms,TE,Western Kentucky,CUSA,0.042,0.079,0.0,0.015,0.071,0.052,0.03,0.068
1546,2024,4698229,Chase Stafford,TE,Wagner,,0.043,0.079,0.0,0.05,0.052,0.02,0.033,0.061
1547,2024,4698240,Julian Alessi,WR,UC Davis,,0.022,0.046,0.0,0.0,0.042,0.056,0.009,0.063
1548,2024,4698247,Mitchell Dixon,QB,UC Davis,,0.02,0.037,0.0,0.009,0.013,0.065,0.016,0.031
1549,2024,4698249,Josh Gale,TE,UC Davis,,0.037,0.072,0.0,0.042,0.026,0.046,0.033,0.045
1550,2024,4698250,Grant Harper,QB,UC Davis,,0.045,0.064,0.026,0.036,0.04,0.083,0.041,0.055
1551,2024,4698252,C.J. Hutton,WR,UC Davis,,0.059,0.102,0.005,0.073,0.049,0.044,0.057,0.062
1552,2024,4698253,Lan Larison,RB,UC Davis,,0.351,0.133,0.614,0.353,0.386,0.278,0.378,0.28
1553,2024,4698298,Jake Cox,TE,Idaho,,0.023,0.048,0.0,0.027,0.018,0.0,0.037,0.0
1554,2024,4698335,Tristan Shannon,RB,Marist,,0.104,0.043,0.201,0.122,0.117,0.047,0.12,0.077
1555,2024,4698362,Kaleb Costner,TE,Stetson,,0.014,0.008,0.024,0.036,0.0,0.0,0.023,0.0
1556,2024,4698425,Jordan Jefferson,RB,Southern Utah,,0.035,0.013,0.056,0.041,0.038,0.025,0.036,0.033
1557,2024,4698471,Matt Ragan,TE,Boston College,ACC,0.017,0.071,0.0,0.0,0.0,0.1,0.0,0.071
1558,2024,4698597,Barion Brown,WR,Kentucky,SEC,0.067,0.106,0.036,0.079,0.057,0.062,0.069,0.064
1559,2024,4698622,Casey McKinney,WR,New Hampshire,,0.025,0.045,0.0,0.025,0.016,0.044,0.016,0.041
1560,2024,4698671,Isaiah Smith,RB,San Diego,,0.179,0.018,0.358,0.229,0.191,0.06,0.206,0.125
1561,2024,4698677,Nate Bennett,WR,San Diego State,MWC,0.035,0.068,0.0,0.043,0.017,0.038,0.033,0.038
1562,2024,4698727,Dallan Hayden,RB,Colorado,B12,0.126,0.046,0.259,0.156,0.102,0.095,0.15,0.073
1563,2024,4698747,Nathan Hebb,TE,Nicholls,,0.017,0.037,0.0,0.02,0.024,0.0,0.019,0.013
1564,2024,4698757,Lee Negrotto,TE,Nicholls,,0.029,0.074,0.0,0.007,0.026,0.086,0.016,0.058
1565,2024,4698767,Corey Warren Jr.,RB,Nicholls,,0.083,0.012,0.148,0.096,0.065,0.092,0.097,0.053
1566,2024,4698768,Logan Wilcox,TE,Nicholls,,0.013,0.048,0.0,0.0,0.0,0.077,0.0,0.067
1567,2024,4699354,Harrison Wallace III,WR,Penn State,B1G,0.061,0.139,0.0,0.044,0.061,0.107,0.049,0.095
1568,2024,4699550,Austin Henderson,TE,Liberty,CUSA,0.015,0.035,0.0,0.017,0.022,0.0,0.02,0.0
1569,2024,4699678,Khalil Dinkins,TE,Penn State,B1G,0.025,0.058,0.0,0.021,0.031,0.027,0.025,0.026
1570,2024,4699761,Elijah Gilliam,RB,Fresno State,MWC,0.187,0.071,0.34,0.201,0.165,0.184,0.205,0.148
1571,2024,4699782,Mekhi Shaw,WR,San Diego State,MWC,0.039,0.072,0.0,0.035,0.059,0.029,0.045,0.03
1572,2024,4699805,Will Pelissier,WR,Wyoming,MWC,0.027,0.051,0.007,0.017,0.034,0.041,0.019,0.043
1573,2024,4700084,Javonta Leatherwood,RB,Miles College,,0.016,0.0,0.037,0.04,0.0,0.0,0.024,0.0
1574,2024,4700102,Tavarious Griffin,TE,Alcorn State,,0.079,0.107,0.061,0.098,0.043,0.081,0.092,0.06
1575,2024,4700135,Cam Fancher,QB,Florida Atlantic,AAC,0.509,0.805,0.236,0.405,0.541,0.672,0.421,0.687
1576,2024,4700137,Tanaka Scott,WR,North Alabama,,0.052,0.099,0.0,0.034,0.049,0.066,0.043,0.068
1577,2024,4700138,Sam Scott,RB,Wyoming,MWC,0.157,0.035,0.269,0.169,0.169,0.126,0.185,0.105
1578,2024,4700149,Rashad Rochelle,WR,Indiana State,,0.089,0.2,0.016,0.101,0.07,0.095,0.084,0.099
1579,2024,4700453,Jared Brown,WR,South Carolina,SEC,0.043,0.083,0.016,0.029,0.049,0.069,0.03,0.071
1580,2024,4700456,Jaden Williams,WR,Texas State,SBC,0.075,0.156,0.002,0.081,0.059,0.089,0.066,0.098
1581,2024,4700811,Ja'Quez Cross,RB,Arkansas State,SBC,0.161,0.072,0.254,0.217,0.175,0.041,0.186,0.106
1582,2024,4701047,Cortaz Williams,RB,Central Connecticut,,0.158,0.027,0.282,0.194,0.12,0.063,0.2,0.048
1583,2024,4701063,Isiah Williams,WR,Howard,,0.069,0.139,0.01,0.051,0.057,0.127,0.058,0.089
1584,2024,4701064,Michael Plaskon,WR,Central Connecticut,,0.072,0.154,0.013,0.083,0.064,0.066,0.077,0.063
1585,2024,4701066,Paul Marsh,WR,Central Connecticut,,0.046,0.102,0.003,0.036,0.051,0.057,0.032,0.077
1586,2024,4701075,Caleb Burke,WR,New Hampshire,,0.085,0.152,0.01,0.067,0.091,0.119,0.075,0.109
1587,2024,4701090,Joey Corcoran,WR,New Hampshire,,0.056,0.105,0.0,0.056,0.068,0.041,0.052,0.065
1588,2024,4701178,Chris Rhone,WR,Charleston Southern,,0.057,0.136,0.0,0.049,0.044,0.097,0.047,0.076
1589,2024,4701216,Jacques Badolato-Birdsell,RB,Portland State,,0.031,0.0,0.052,0.026,0.025,0.019,0.045,0.0
1590,2024,4701291,Donivan Wright,WR,Alabama A&M,,0.028,0.059,0.0,0.014,0.032,0.056,0.017,0.056
1591,2024,4701307,Henry Hesson,QB,Miami (OH),MAC,0.107,0.142,0.061,0.08,0.125,0.152,0.079,0.157
1592,2024,4701588,Michael Harrison,TE,San Diego State,MWC,0.041,0.079,0.0,0.044,0.025,0.057,0.034,0.055
1593,2024,4701590,Vinson Davis,WR,Southern Illinois,,0.064,0.101,0.017,0.054,0.056,0.098,0.049,0.093
1594,2024,4701592,Jordon Vaughn,RB,Abilene Christian,,0.033,0.004,0.069,0.025,0.029,0.062,0.039,0.02
1595,2024,4701593,Marquez Dortch,WR,Troy,SBC,0.028,0.02,0.038,0.025,0.054,0.0,0.025,0.032
1596,2024,4701593,Marquez Dortch,WR,Troy,,0.028,0.02,0.038,0.025,0.054,0.0,0.025,0.032
1597,2024,4701936,Matthew Golden,WR,Texas,SEC,0.066,0.131,0.0,0.071,0.056,0.069,0.064,0.072
1598,2024,4701951,Omari Kelly,WR,Middle Tennessee,CUSA,0.089,0.135,0.02,0.081,0.108,0.068,0.081,0.104
1599,2024,4702555,Jonah Coleman,RB,Washington,B1G,0.257,0.052,0.499,0.302,0.276,0.132,0.303,0.134
1600,2024,4702556,Arlis Boardingham,TE,Florida,SEC,0.035,0.075,0.0,0.025,0.032,0.059,0.026,0.056
1601,2024,4702559,Oscar Delp,TE,Georgia,SEC,0.039,0.066,0.003,0.032,0.045,0.044,0.034,0.052
1602,2024,4702560,Grant Page,WR,Utah State,MWC,0.052,0.093,0.006,0.066,0.028,0.06,0.059,0.036
1603,2024,4702561,De'Nylon Morrissette,WR,Purdue,B1G,0.029,0.052,0.005,0.01,0.05,0.042,0.013,0.063
1604,2024,4702574,Quan Lee,WR,Florida A&M,,0.058,0.105,0.004,0.024,0.085,0.093,0.045,0.08
1605,2024,4702729,Braylin Presley,WR,Tulsa,AAC,0.026,0.033,0.018,0.027,0.009,0.038,0.026,0.024
1606,2024,4702755,Amorion Walker,WR,Michigan,B1G,0.023,0.049,0.0,0.019,0.021,0.038,0.011,0.051
1607,2024,4702790,DJ Allen,WR,UTSA,AAC,0.03,0.056,0.0,0.027,0.037,0.029,0.023,0.045
1608,2024,4702820,Bryson Donnell,RB,UTSA,AAC,0.056,0.012,0.102,0.056,0.073,0.037,0.048,0.074
1609,2024,4702829,Braedyn Locke,QB,Wisconsin,B1G,0.496,0.974,0.043,0.393,0.522,0.698,0.381,0.75
1610,2024,4702830,Stephon Johnson Jr.,WR,Houston,B12,0.059,0.129,0.011,0.084,0.034,0.05,0.064,0.05
1611,2024,4702901,Zach Evans,RB,North Texas,AAC,0.106,0.061,0.158,0.125,0.105,0.083,0.115,0.089
1612,2024,4702908,Omari Evans,WR,Penn State,B1G,0.031,0.068,0.002,0.029,0.047,0.008,0.028,0.04
1613,2024,4702913,R.J. Maryland,TE,SMU,ACC,0.049,0.115,0.0,0.054,0.041,0.054,0.04,0.068
1614,2024,4703025,Ahmarian Granger,WR,Akron,MAC,0.054,0.097,0.0,0.077,0.017,0.067,0.06,0.043
1615,2024,4703067,Mehki Wall,WR,North Carolina Central,,0.02,0.047,0.0,0.018,0.018,0.032,0.012,0.042
1616,2024,4705557,Quaron Adams,WR,South Dakota,,0.035,0.075,0.005,0.033,0.041,0.033,0.036,0.034
1617,2024,4705595,Bryce Bohanon,WR,Tulane,AAC,0.022,0.055,0.003,0.022,0.021,0.026,0.019,0.028
1618,2024,4705609,Branson Adams,RB,Western Carolina,,0.181,0.071,0.332,0.214,0.178,0.12,0.211,0.113
1619,2024,4705859,K.D. Hutchinson,WR,Western Kentucky,CUSA,0.049,0.067,0.028,0.042,0.031,0.084,0.042,0.062
1620,2024,4705927,Jevon Jackson,RB,UTEP,CUSA,0.256,0.044,0.457,0.268,0.317,0.14,0.285,0.201
1621,2024,4705930,Hahsaun Wilson,RB,Charlotte,AAC,0.121,0.011,0.249,0.125,0.157,0.079,0.131,0.103
1622,2024,4705930,Hahsaun Wilson,RB,Charlotte,,0.121,0.011,0.249,0.125,0.157,0.079,0.131,0.103
1623,2024,4705934,Jaylen Sargent,WR,Wyoming,MWC,0.038,0.082,0.0,0.039,0.042,0.03,0.035,0.045
1624,2024,4708049,Gavin Bartholomew,TE,Pittsburgh,ACC,0.046,0.077,0.003,0.036,0.051,0.063,0.042,0.055
1625,2024,4708067,Kai Horton,QB,Tulane,AAC,0.018,0.063,0.0,0.0,0.056,0.0,0.025,0.0
1626,2024,4708090,Aramoni Rhone,WR,Arkansas-Pine Bluff,,0.054,0.104,0.0,0.057,0.061,0.014,0.057,0.049
1627,2024,4708099,Gus McGee,TE,Charlotte,AAC,0.017,0.029,0.0,0.018,0.028,0.0,0.027,0.0
1628,2024,4708099,Gus McGee,TE,Charlotte,,0.017,0.029,0.0,0.018,0.028,0.0,0.027,0.0
1629,2024,4708100,Sergio Morancy,WR,Northern Iowa,,0.073,0.144,0.006,0.056,0.075,0.086,0.051,0.117
1630,2024,4708127,Monaray Baldwin,WR,Baylor,B12,0.043,0.085,0.007,0.046,0.043,0.046,0.041,0.05
1631,2024,4708354,Jeremiah Franklin,TE,Boston College,ACC,0.036,0.083,0.0,0.019,0.045,0.038,0.029,0.052
1632,2024,4708486,Jimmy Horn Jr.,WR,Colorado,B12,0.067,0.107,0.004,0.063,0.075,0.071,0.053,0.097
1633,2024,4708487,Jaquez Moore,RB,Duke,ACC,0.097,0.02,0.206,0.146,0.08,0.027,0.127,0.036
1634,2024,4708490,Johnmichael Gyllenborg,TE,Wyoming,MWC,0.053,0.115,0.0,0.046,0.041,0.068,0.049,0.061
1635,2024,4708621,Kyre Duplessis,WR,Coastal Carolina,SBC,0.025,0.059,0.005,0.029,0.038,0.0,0.023,0.031
1636,2024,4708878,Trace Bruckler,TE,New Mexico,MWC,0.031,0.063,0.0,0.028,0.031,0.033,0.025,0.047
1637,2024,4709012,Jase Bauer,QB,Sam Houston,CUSA,0.25,0.364,0.167,0.222,0.234,0.315,0.21,0.328
1638,2024,4709392,Anthony Tyus III,RB,Ohio,MAC,0.291,0.047,0.457,0.322,0.31,0.181,0.331,0.191
1639,2024,4709649,Scottie Alexander,WR,UT Martin,,0.017,0.016,0.019,0.0,0.056,0.0,0.029,0.0
1640,2024,4709651,Brody Dalton,TE,Troy,SBC,0.029,0.066,0.0,0.026,0.035,0.029,0.022,0.048
1641,2024,4709651,Brody Dalton,TE,Troy,,0.029,0.066,0.0,0.026,0.035,0.029,0.022,0.048
1642,2024,4709669,Christian Moss,WR,Kennesaw State,CUSA,0.031,0.074,0.0,0.036,0.038,0.0,0.029,0.033
1643,2024,4709672,Ethan Payne,RB,Marshall,SBC,0.091,0.024,0.139,0.108,0.074,0.068,0.106,0.058
1644,2024,4709678,Devonte Ross,WR,Troy,SBC,0.108,0.217,0.017,0.128,0.08,0.108,0.12,0.084
1645,2024,4709678,Devonte Ross,WR,Troy,,0.108,0.217,0.017,0.128,0.08,0.108,0.12,0.084
1646,2024,4709683,Anthony Williams,RB,Stephen F. Austin,,0.049,0.065,0.031,0.037,0.069,0.048,0.038,0.072
1647,2024,4709788,Vaughn Pemberton,RB,Ball State,MAC,0.099,0.021,0.208,0.095,0.129,0.061,0.108,0.081
1648,2024,4709789,Quintell Quinn,RB,Texas Southern,,0.22,0.0,0.353,0.325,0.208,0.027,0.291,0.078
1649,2024,4709977,Brayden Schager,QB,Hawai'i,MWC,0.723,0.945,0.367,0.672,0.713,0.841,0.695,0.779
1650,2024,4709982,Josh Nicholson,WR,Sacramento State,,0.013,0.0,0.019,0.0,0.036,0.0,0.0,0.036
1651,2024,4710001,CJ Montes,QB,Fordham,,0.513,0.825,0.22,0.452,0.526,0.6,0.459,0.605
1652,2024,4710029,Nahjee Adams,RB,Lafayette,,0.044,0.0,0.091,0.063,0.042,0.017,0.052,0.024
1653,2024,4710068,Colin Weber,TE,Charlotte,AAC,0.047,0.083,0.0,0.053,0.045,0.029,0.046,0.048
1654,2024,4710068,Colin Weber,TE,Charlotte,,0.047,0.083,0.0,0.053,0.045,0.029,0.046,0.048
1655,2024,4710336,Justin Franklin,WR,East Tennessee State,,0.014,0.033,0.0,0.008,0.022,0.02,0.005,0.034
1656,2024,4710341,Jarquez Hunter,RB,Auburn,SEC,0.271,0.059,0.491,0.292,0.255,0.274,0.315,0.169
1657,2024,4710344,Titus Mokiao-Atimalala,WR,UCLA,B1G,0.056,0.095,0.004,0.036,0.074,0.075,0.046,0.074
1658,2024,4710634,Clay Nanke,TE,Wyoming,MWC,0.015,0.033,0.0,0.034,0.0,0.0,0.021,0.0
1659,2024,4710635,J.B. Mitchell,WR,Eastern Michigan,MAC,0.018,0.033,0.0,0.0,0.018,0.056,0.009,0.04
1660,2024,4710673,CJ Johnson II,WR,Northwestern,B1G,0.025,0.045,0.0,0.026,0.023,0.027,0.023,0.027
1661,2024,4710711,D'Andre Rogers,TE,TCU,B12,0.026,0.048,0.0,0.033,0.012,0.039,0.029,0.019
1662,2024,4710714,De'Zhaun Stribling,WR,Oklahoma State,B12,0.094,0.163,0.0,0.096,0.112,0.062,0.093,0.095
1663,2024,4710718,Andreas Paaske,TE,Arkansas,SEC,0.047,0.111,0.0,0.028,0.105,0.0,0.059,0.0
1664,2024,4710744,Malique Dieudonne,WR,Western Michigan,MAC,0.025,0.056,0.003,0.023,0.011,0.06,0.024,0.027
1665,2024,4710765,Jameson Tucker,WR,Coastal Carolina,SBC,0.048,0.1,0.007,0.033,0.041,0.072,0.038,0.066
1666,2024,4710843,Jasaiah Gathings,WR,UConn,Ind,0.043,0.093,0.0,0.035,0.058,0.04,0.036,0.058
1667,2024,4710855,Konata Mumpfield,WR,Pittsburgh,ACC,0.068,0.11,0.0,0.065,0.076,0.064,0.059,0.088
1668,2024,4710860,Oran Singleton Jr.,WR,Eastern Michigan,MAC,0.084,0.149,0.011,0.11,0.06,0.08,0.083,0.087
1669,2024,4710861,Kobe Stewart,WR,Bethune-Cookman,,0.028,0.06,0.0,0.01,0.06,0.019,0.012,0.057
1670,2024,4711055,Dorian Singer,WR,Utah,B12,0.085,0.171,0.0,0.099,0.05,0.112,0.078,0.097
1671,2024,4711408,Horatio Fields,WR,Wake Forest,ACC,0.055,0.108,0.0,0.05,0.06,0.065,0.052,0.063
1672,2024,4711409,Emmanuel Stevenson,TE,Arkansas State,SBC,0.04,0.076,0.0,0.034,0.046,0.047,0.04,0.041
1673,2024,4711421,C.J. Smith,WR,Purdue,B1G,0.034,0.061,0.0,0.041,0.0,0.073,0.025,0.052
1674,2024,4711434,Eian Pugh,WR,Ohio,MAC,0.015,0.039,0.0,0.006,0.028,0.016,0.009,0.029
1675,2024,4711533,Ollie Gordon,RB,Oklahoma State,B12,0.274,0.075,0.538,0.324,0.231,0.233,0.332,0.151
1676,2024,4712328,Anthony Simpson,WR,Massachusetts,Ind,0.019,0.037,0.0,0.032,0.02,0.0,0.02,0.018
1677,2024,4712578,Jay Fair,WR,USC,B1G,0.023,0.037,0.0,0.024,0.026,0.017,0.017,0.037
1678,2024,4712579,Dillon Bell,WR,Georgia,SEC,0.091,0.143,0.023,0.091,0.096,0.079,0.088,0.1
1679,2024,4712886,Mekhi Miller,WR,Missouri,SEC,0.013,0.018,0.007,0.007,0.029,0.0,0.009,0.022
1680,2024,4713061,Ikeem Wright,TE,Norfolk State,,0.018,0.043,0.0,0.0,0.029,0.034,0.0,0.042
1681,2024,4713068,Kevin Gayles,WR,Virginia St,,0.018,0.048,0.0,0.0,0.0,0.077,0.0,0.056
1682,2024,4713081,Tavian Morris,WR,Norfolk State,,0.055,0.149,0.0,0.078,0.049,0.026,0.056,0.055
1683,2024,4713196,Davon Wells,WR,UL Monroe,SBC,0.046,0.104,0.012,0.055,0.044,0.039,0.04,0.058
1684,2024,4713267,Collin Guggenheim,RB,Nicholls,,0.239,0.049,0.421,0.268,0.261,0.168,0.289,0.144
1685,2024,4713277,Eric Rivers,WR,Florida International,CUSA,0.087,0.178,0.005,0.073,0.088,0.112,0.077,0.106
1686,2024,4713307,Scooter Adams,RB,Prairie View A&M,,0.082,0.017,0.142,0.094,0.106,0.029,0.098,0.053
1687,2024,4713335,Dane Wallace,WR,Northwestern State,,0.031,0.057,0.0,0.083,0.0,0.0,0.061,0.0
1688,2024,4713489,Branson Robinson,RB,Georgia,SEC,0.079,0.027,0.148,0.078,0.109,0.041,0.082,0.071
1689,2024,4714009,Myles Burkett,QB,UAlbany,,0.541,0.802,0.202,0.479,0.551,0.648,0.456,0.695
1690,2024,4714046,Tyrell Henry,WR,Wisconsin,B1G,0.014,0.031,0.0,0.0,0.042,0.0,0.019,0.0
1691,2024,4714278,Jason Llewellyn,TE,Texas Tech,B12,0.023,0.043,0.0,0.0,0.0,0.0,0.0,0.069
1692,2024,4714290,Fred Farrier II,WR,Kentucky,SEC,0.025,0.052,0.003,0.01,0.01,0.08,0.014,0.048
1693,2024,4714300,Holden Geriner,QB,Auburn,SEC,0.028,0.019,0.035,0.0,0.053,0.067,0.012,0.087
1694,2024,4714341,Ben Ford,WR,Boise State,MWC,0.014,0.031,0.0,0.0,0.021,0.036,0.01,0.023
1695,2024,4714379,Seydou Traore,TE,Mississippi State,SEC,0.052,0.099,0.003,0.039,0.071,0.042,0.043,0.071
1696,2024,4714388,Chase Roberts,WR,BYU,B12,0.078,0.151,0.014,0.088,0.063,0.053,0.085,0.064
1697,2024,4714413,Otto Tia,TE,Utah State,MWC,0.057,0.109,0.0,0.052,0.057,0.072,0.053,0.068
1698,2024,4714771,Drew Allar,QB,Penn State,B1G,0.466,0.903,0.131,0.394,0.462,0.627,0.403,0.637
1699,2024,4715345,Devin Farrell,QB,Rhode Island,,0.467,0.775,0.207,0.387,0.489,0.616,0.403,0.61
1700,2024,4715357,Braelon Bridges,RB,Tarleton State,,0.131,0.016,0.216,0.136,0.126,0.126,0.148,0.085
1701,2024,4715358,Derrel Kelley III,RB,Tarleton State,,0.162,0.0,0.258,0.171,0.144,0.145,0.161,0.163
1702,2024,4715386,Marvin Landy,TE,Jackson State,,0.029,0.079,0.0,0.034,0.027,0.024,0.035,0.015
1703,2024,4715474,Elijah Brown,TE,Florida Atlantic,AAC,0.027,0.087,0.0,0.065,0.0,0.0,0.041,0.0
1704,2024,4716507,Quincy Burroughs,WR,Wisconsin,B1G,0.013,0.036,0.0,0.028,0.0,0.0,0.018,0.0
1705,2024,4717430,Chris Marshall,WR,Boise State,MWC,0.022,0.043,0.0,0.016,0.045,0.0,0.022,0.023
1706,2024,4717723,Reese Clark,TE,Temple,AAC,0.015,0.0,0.056,0.0,0.0,0.071,0.0,0.04
1707,2024,4717724,Rashod Dubinion,RB,Arkansas,SEC,0.137,0.06,0.215,0.163,0.152,0.047,0.145,0.117
1708,2024,4718457,Noah Thomas,WR,Texas A&M,SEC,0.059,0.128,0.008,0.074,0.049,0.041,0.065,0.046
1709,2024,4720949,Kristen Hoskins,WR,Minnesota,B1G,0.016,0.0,0.034,0.036,0.0,0.0,0.023,0.0
1710,2024,4723086,Colston Loveland,TE,Michigan,B1G,0.093,0.2,0.006,0.088,0.112,0.076,0.087,0.107
1711,2024,4723820,Omar Cooper Jr.,WR,Indiana,B1G,0.038,0.079,0.005,0.032,0.054,0.031,0.042,0.028
1712,2024,4725514,Reggie Branch,RB,Missouri State,,0.118,0.056,0.188,0.057,0.227,0.1,0.063,0.25
1713,2024,4725523,Jarrell Wiley,RB,Incarnate Word,,0.056,0.006,0.125,0.062,0.065,0.049,0.065,0.036
1714,2024,4726129,Harrison Saint Germain,TE,Virginia Tech,ACC,0.018,0.039,0.0,0.016,0.0,0.034,0.017,0.02
1715,2024,4728801,Tyler Kirkwood,WR,Southern,,0.046,0.076,0.016,0.035,0.067,0.028,0.036,0.063
1716,2024,4729709,Braelen Morgan,RB,Southern,,0.115,0.033,0.194,0.154,0.056,0.133,0.143,0.077
1717,2024,4729985,Gregory Perkins,TE,Norfolk State,,0.055,0.115,0.0,0.04,0.1,0.0,0.051,0.063
1718,2024,4731586,Kyle Morlock,TE,Florida State,ACC,0.031,0.057,0.004,0.027,0.028,0.025,0.027,0.038
1719,2024,4731981,Carlos Davis,QB,Towson,,0.37,0.639,0.12,0.29,0.392,0.5,0.323,0.489
1720,2024,4732083,Parker Wroble,WR,Mercer,,0.042,0.079,0.015,0.032,0.044,0.059,0.038,0.05
1721,2024,4736210,Michael Pettway,WR,Jacksonville State,CUSA,0.038,0.092,0.011,0.03,0.046,0.05,0.032,0.056
1722,2024,4736246,Jacob Knuth,QB,Kansas State,B12,0.039,0.036,0.041,0.054,0.024,0.037,0.029,0.083
1723,2024,4746099,Kenny Fletcher,TE,Rutgers,B1G,0.051,0.122,0.005,0.058,0.029,0.074,0.052,0.048
1724,2024,4746127,Zach Pyron,QB,Georgia Tech,ACC,0.144,0.205,0.088,0.125,0.135,0.208,0.123,0.198
1725,2024,4746167,Worth Warner,TE,Presbyterian,,0.052,0.089,0.017,0.05,0.043,0.07,0.052,0.051
1726,2024,4749271,Justin Smith-Brown,WR,South Carolina State,,0.089,0.178,0.0,0.078,0.115,0.079,0.07,0.128
1727,2024,4749402,Jyrin Johnson,TE,Texas Southern,,0.054,0.143,0.0,0.044,0.065,0.058,0.057,0.047
1728,2024,4755664,Nick Evers,QB,UConn,Ind,0.409,0.707,0.189,0.347,0.425,0.519,0.364,0.51
1729,2024,4755767,Jay McEuen,TE,Utah Tech,,0.04,0.05,0.024,0.038,0.051,0.031,0.033,0.054
1730,2024,4769841,Donovan Payne,WR,Alabama A&M,,0.021,0.05,0.0,0.009,0.025,0.023,0.017,0.03
1731,2024,4769846,Darius Stewart,RB,Northern Colorado,,0.116,0.017,0.19,0.149,0.113,0.079,0.139,0.073
1732,2024,4769881,Ryan Morrow,RB,Alabama A&M,,0.094,0.023,0.166,0.105,0.106,0.061,0.103,0.073
1733,2024,4769957,Errick Simmons,WR,Jackson State,,0.015,0.05,0.0,0.036,0.0,0.0,0.021,0.0
1734,2024,4769960,Desmond Moultrie,RB,Jackson State,,0.03,0.008,0.042,0.022,0.047,0.028,0.028,0.036
1735,2024,4769981,DePhabian Fant,RB,Mississippi Valley State,,0.091,0.018,0.16,0.116,0.106,0.037,0.114,0.052
1736,2024,4769987,Jakobe Thomas,RB,Mississippi Valley State,,0.105,0.021,0.192,0.162,0.082,0.045,0.142,0.047
1737,2024,4770032,Kobe Dillon,RB,Southern,,0.178,0.028,0.312,0.219,0.166,0.12,0.213,0.115
1738,2024,4773919,Thomas Castellanos,QB,Boston College,ACC,0.501,0.946,0.235,0.346,0.525,0.745,0.398,0.755
1739,2024,4775136,Owen McCown,QB,UTSA,AAC,0.551,0.92,0.136,0.467,0.57,0.681,0.479,0.693
1740,2024,4775196,Tommy Mellott,QB,Montana State,,0.398,0.899,0.152,0.385,0.331,0.538,0.373,0.478
1741,2024,4775219,Aidan Garrigan,WR,Montana State,,0.025,0.071,0.0,0.018,0.024,0.045,0.011,0.071
1742,2024,4775224,Xander Werner,QB,Northern Arizona,,0.02,0.034,0.008,0.017,0.025,0.021,0.024,0.012
1743,2024,4775250,Peter Knudson,TE,Weber State,,0.023,0.049,0.0,0.022,0.014,0.042,0.02,0.029
1744,2024,4775252,Colter May,RB,Weber State,,0.014,0.031,0.0,0.036,0.0,0.0,0.023,0.0
1745,2024,4775263,Jack Neri,TE,Monmouth,,0.044,0.074,0.003,0.025,0.071,0.056,0.042,0.048
1746,2024,4775264,Tony Muskett,QB,Virginia,ACC,0.214,0.327,0.093,0.2,0.205,0.233,0.204,0.234
1747,2024,4775266,Dymere Miller,WR,Rutgers,B1G,0.071,0.155,0.002,0.063,0.065,0.095,0.066,0.084
1748,2024,4775273,Jamir Barnes,RB,Monmouth,,0.14,0.0,0.228,0.115,0.156,0.212,0.123,0.192
1749,2024,4775291,Anthony Chiccitt,QB,Robert Morris,,0.468,0.781,0.122,0.363,0.49,0.669,0.387,0.635
1750,2024,4781200,Justin Lewis,QB,Merrimack,INDAA,0.2,0.36,0.079,0.191,0.132,0.321,0.188,0.217
1751,2024,4790965,Donovan Leary,QB,Illinois,B1G,0.07,0.172,0.0,0.029,0.077,0.2,0.02,0.19
1752,2024,4794107,Marlon Gunn,RB,East Carolina,AAC,0.085,0.006,0.155,0.091,0.1,0.049,0.09,0.074
1753,2024,4795295,Katin Houser,QB,East Carolina,AAC,0.475,0.858,0.141,0.439,0.406,0.657,0.422,0.612
1754,2024,4799963,Mata'ava Ta'ase,TE,BYU,B12,0.025,0.056,0.0,0.032,0.024,0.013,0.029,0.016
1755,2024,4799987,Ryan Burger,QB,Liberty,CUSA,0.101,0.186,0.059,0.067,0.091,0.185,0.061,0.213
1756,2024,4799991,Cole Spence,TE,Vanderbilt,SEC,0.024,0.06,0.0,0.027,0.014,0.032,0.028,0.015
1757,2024,4801276,Houston Thomas,TE,UTSA,AAC,0.04,0.076,0.0,0.023,0.03,0.093,0.028,0.062
1758,2024,4801299,Rocco Becht,QB,Iowa State,B12,0.563,0.969,0.17,0.412,0.61,0.808,0.449,0.826
1759,2024,4801301,Tevin Carter,QB,Tennessee State,,0.046,0.012,0.087,0.034,0.062,0.045,0.05,0.038
1760,2024,4801302,Julian Calvez,QB,UT Martin,,0.062,0.088,0.041,0.065,0.032,0.075,0.058,0.07
1761,2024,4801306,Conner Harrell,QB,North Carolina,ACC,0.127,0.215,0.055,0.082,0.158,0.2,0.098,0.194
1762,2024,4801307,Tayven Jackson,QB,Indiana,B1G,0.147,0.282,0.062,0.1,0.167,0.226,0.127,0.219
1763,2024,4801308,Khalib Johnson,QB,Kennesaw State,CUSA,0.153,0.343,0.035,0.155,0.138,0.16,0.138,0.176
1764,2024,4801717,Noah Fifita,QB,Arizona,B12,0.643,0.987,0.125,0.541,0.675,0.806,0.549,0.811
1765,2024,4804878,Cooper Barkate,WR,Harvard,,0.107,0.238,0.006,0.1,0.126,0.111,0.091,0.148
1766,2024,4804879,Quincy Craig,RB,Portland State,,0.204,0.135,0.251,0.231,0.211,0.137,0.22,0.17
1767,2024,4804882,Garrett Oakley,TE,Kansas State,B12,0.036,0.076,0.0,0.027,0.043,0.045,0.031,0.047
1768,2024,4804883,Jalen Moss,WR,Fresno State,MWC,0.068,0.119,0.003,0.059,0.07,0.092,0.057,0.09
1769,2024,4804885,Brandon Rose,QB,Utah,B12,0.242,0.381,0.118,0.195,0.25,0.341,0.165,0.404
1770,2024,4805256,Sutton Smith,RB,Memphis,AAC,0.089,0.065,0.12,0.038,0.211,0.0,0.075,0.125
1771,2024,4806381,Jarel Williams,WR,West Virginia,B12,0.013,0.025,0.0,0.0,0.037,0.0,0.0,0.053
1772,2024,4806463,Bryce Archie,QB,South Florida,AAC,0.419,0.7,0.123,0.385,0.361,0.536,0.378,0.498
1773,2024,4807489,Xavier Harris,RB,Montana,,0.042,0.051,0.033,0.047,0.039,0.031,0.043,0.04
1774,2024,4808740,Nate Anderson,WR,Bucknell,,0.075,0.127,0.011,0.09,0.058,0.082,0.082,0.062
1775,2024,4808744,Jaylon Glover,RB,Utah,B12,0.067,0.0,0.129,0.078,0.089,0.024,0.091,0.018
1776,2024,4808759,Camden Brown,WR,Auburn,SEC,0.025,0.053,0.0,0.023,0.032,0.02,0.015,0.05
1777,2024,4808766,Mason Taylor,TE,LSU,SEC,0.083,0.136,0.0,0.068,0.071,0.121,0.081,0.088
1778,2024,4808767,Xavier Townsend,WR,UCF,B12,0.075,0.105,0.06,0.09,0.083,0.035,0.072,0.087
1779,2024,4808830,Damien Martinez,RB,Miami,ACC,0.192,0.039,0.379,0.225,0.172,0.152,0.221,0.11
1780,2024,4808839,Isaiah Bond,WR,Texas,SEC,0.057,0.103,0.009,0.057,0.049,0.068,0.049,0.073
1781,2024,4812342,Anthony Rucker,TE,North Carolina A&T,,0.041,0.077,0.0,0.035,0.052,0.033,0.042,0.039
1782,2024,4812346,Eric Weatherly,WR,Bucknell,,0.119,0.207,0.011,0.099,0.116,0.153,0.115,0.127
1783,2024,4812356,Jaydn Girard,WR,Wake Forest,ACC,0.027,0.022,0.037,0.067,0.0,0.0,0.044,0.0
1784,2024,4812374,Terrell Crosby Jr.,WR,Toledo,MAC,0.015,0.02,0.013,0.034,0.0,0.0,0.023,0.0
1785,2024,4812439,Brian Courtney,TE,Florida State,ACC,0.016,0.024,0.0,0.0,0.0,0.063,0.0,0.032
1786,2024,4812474,DJ Riles,WR,Georgia State,SBC,0.036,0.056,0.008,0.04,0.03,0.042,0.036,0.034
1787,2024,4813944,Aaron Fontes,WR,Montana,,0.064,0.113,0.013,0.068,0.058,0.068,0.057,0.082
1788,2024,4814930,Hank Beatty,WR,Illinois,B1G,0.042,0.08,0.006,0.027,0.03,0.098,0.03,0.069
1789,2024,4816084,Jaylen Ward,WR,Florida A&M,,0.042,0.071,0.0,0.034,0.034,0.077,0.039,0.048
1790,2024,4816095,Blaine Hipa,QB,Princeton,,0.584,0.926,0.193,0.495,0.628,0.697,0.495,0.746
1791,2024,4816098,Makhi Hughes,RB,Tulane,AAC,0.323,0.071,0.478,0.365,0.352,0.209,0.348,0.267
1792,2024,4816099,Javen Jacobs,RB,New Mexico,MWC,0.115,0.076,0.156,0.129,0.101,0.096,0.125,0.092
1793,2024,4816104,Michael Masunas,TE,Michigan State,B1G,0.021,0.046,0.0,0.024,0.016,0.026,0.031,0.0
1794,2024,4816108,Tyler Powell,TE,Arizona,B12,0.027,0.05,0.0,0.013,0.033,0.048,0.017,0.045
1795,2024,4816302,Travelle Anderson,RB,North Alabama,,0.113,0.0,0.157,0.081,0.182,0.083,0.089,0.2
1796,2024,4816307,Joseph Himon II,RB,Northwestern,B1G,0.09,0.039,0.155,0.11,0.108,0.036,0.089,0.092
1797,2024,4816323,Nate Kurisky,TE,Louisville,ACC,0.032,0.071,0.0,0.026,0.038,0.042,0.036,0.021
1798,2024,4819215,Josh Kattus,TE,Kentucky,SEC,0.017,0.032,0.004,0.015,0.02,0.0,0.02,0.012
1799,2024,4819228,Rodney Harris II,WR,Ohio,MAC,0.032,0.076,0.0,0.026,0.033,0.045,0.025,0.048
1800,2024,4819231,Kaleb Johnson,RB,Iowa,B1G,0.372,0.089,0.534,0.49,0.348,0.179,0.416,0.249
1801,2024,4819250,AJ Bianco,QB,Nevada,MWC,0.147,0.279,0.038,0.131,0.164,0.135,0.119,0.234
1802,2024,4826505,Mudia Reuben,WR,Stanford,ACC,0.031,0.058,0.0,0.017,0.0,0.125,0.023,0.047
1803,2024,4826574,Owen Anderson,TE,Massachusetts,Ind,0.013,0.033,0.0,0.0,0.0,0.067,0.009,0.026
1804,2024,4826579,Tyler Siddons,TE,Central Arkansas,,0.016,0.029,0.0,0.0,0.048,0.0,0.021,0.0
1805,2024,4826636,Jordan Anderson,TE,Illinois,B1G,0.027,0.0,0.048,0.008,0.011,0.106,0.027,0.028
1806,2024,4827041,Jacob Bostick,WR,Texas A&M,SEC,0.016,0.038,0.0,0.029,0.0,0.0,0.019,0.0
1807,2024,4827047,Aidan Laughery,RB,Illinois,B1G,0.143,0.025,0.246,0.188,0.16,0.027,0.165,0.098
1808,2024,4827049,Max Reese,TE,Eastern Michigan,MAC,0.038,0.069,0.003,0.038,0.045,0.028,0.038,0.037
1809,2024,4831959,Eli Raridon,TE,Notre Dame,Ind,0.022,0.049,0.0,0.024,0.027,0.013,0.028,0.008
1810,2024,4831976,Javon Tracy,WR,Miami (OH),MAC,0.088,0.164,0.0,0.072,0.088,0.118,0.078,0.109
1811,2024,4832021,Elijah Jackson-Anderson,RB,Eastern Michigan,MAC,0.081,0.013,0.157,0.079,0.105,0.06,0.091,0.057
1812,2024,4832029,Alex Bauman,TE,Tulane,AAC,0.035,0.098,0.0,0.029,0.031,0.064,0.031,0.045
1813,2024,4832583,Tanner Murray,QB,SE Louisiana,,0.056,0.033,0.074,0.062,0.037,0.068,0.054,0.059
1814,2024,4832789,Carson Haggard,QB,Abilene Christian,,0.293,0.474,0.056,0.175,0.279,0.467,0.202,0.449
1815,2024,4832792,Major Everhart,WR,TCU,B12,0.013,0.024,0.0,0.0,0.042,0.0,0.0,0.045
1816,2024,4832800,Denzel Boston,WR,Washington,B1G,0.077,0.144,0.0,0.058,0.09,0.112,0.065,0.112
1817,2024,4832804,Jordan Dwyer,WR,Idaho,,0.101,0.22,0.003,0.108,0.1,0.097,0.092,0.121
1818,2024,4832806,Jonathan Brady,WR,California,ACC,0.059,0.09,0.015,0.053,0.07,0.062,0.049,0.077
1819,2024,4832819,Djouvensky Schlenbaker,RB,Washington State,PAC,0.074,0.014,0.127,0.077,0.05,0.093,0.084,0.045
1820,2024,4832824,Austin Terry,TE,Boise State,MWC,0.014,0.032,0.0,0.0,0.022,0.043,0.0,0.067
1821,2024,4832827,Jack Velling,TE,Michigan State,B1G,0.055,0.106,0.003,0.07,0.047,0.045,0.058,0.049
1822,2024,4832830,Joshua Wood,QB,Fresno State,MWC,0.079,0.066,0.097,0.08,0.084,0.061,0.089,0.058
1823,2024,4832846,Demond Claiborne,RB,Wake Forest,ACC,0.301,0.061,0.559,0.358,0.271,0.231,0.352,0.185
1824,2024,4832874,Bryce Duke,RB,Old Dominion,SBC,0.083,0.03,0.131,0.098,0.087,0.048,0.092,0.067
1825,2024,4832875,Leon Haughton Jr.,TE,Maryland,B1G,0.016,0.026,0.0,0.019,0.024,0.0,0.024,0.0
1826,2024,4832914,Jimmy Kibble,WR,Georgetown,,0.085,0.17,0.0,0.052,0.118,0.117,0.067,0.126
1827,2024,4832918,Ethan Vasko,QB,Coastal Carolina,SBC,0.49,0.817,0.234,0.407,0.442,0.737,0.433,0.606
1828,2024,4832952,Mekhi Collins,WR,North Dakota State,,0.03,0.075,0.0,0.025,0.033,0.036,0.022,0.052
1829,2024,4832955,Emmett Johnson,RB,Nebraska,B1G,0.191,0.093,0.295,0.193,0.222,0.159,0.197,0.177
1830,2024,4833016,Chedon James,WR,Fresno State,MWC,0.018,0.024,0.0,0.0,0.027,0.04,0.016,0.021
1831,2024,4833029,Max Klare,TE,Purdue,B1G,0.087,0.156,0.007,0.056,0.088,0.132,0.066,0.127
1832,2024,4833072,Che Nwabuko,WR,Pittsburgh,ACC,0.041,0.017,0.082,0.044,0.032,0.029,0.052,0.017
1833,2024,4833073,Zion Steptoe,WR,Tulsa,AAC,0.035,0.067,0.0,0.019,0.058,0.038,0.034,0.037
1834,2024,4833238,Jaydon Johnson,WR,Louisiana,SBC,0.019,0.039,0.0,0.008,0.012,0.063,0.021,0.016
1835,2024,4833356,Zach Courtney,TE,Coastal Carolina,SBC,0.015,0.042,0.0,0.012,0.0,0.049,0.008,0.029
1836,2024,4833372,Sean Sallis,TE,East Texas A&M,,0.027,0.046,0.0,0.033,0.035,0.007,0.028,0.023
1837,2024,4833591,Ky Woods,RB,Nevada,MWC,0.026,0.016,0.036,0.036,0.033,0.0,0.03,0.018
1838,2024,4833597,Brayden Fowler-Nicolosi,QB,Colorado State,MWC,0.482,0.961,0.085,0.351,0.505,0.706,0.357,0.741
1839,2024,4833625,Jordan Nabors,WR,Stephen F. Austin,,0.046,0.079,0.011,0.05,0.046,0.045,0.053,0.032
1840,2024,4833629,Jace Wilson,WR,UTSA,AAC,0.023,0.042,0.0,0.02,0.024,0.019,0.022,0.024
1841,2024,4833635,Landy Lyddy,QB,UAB,AAC,0.085,0.103,0.05,0.036,0.1,0.2,0.051,0.15
1842,2024,4834817,Jayshon Platt,WR,Florida Atlantic,AAC,0.02,0.043,0.0,0.024,0.015,0.0,0.03,0.0
1843,2024,4836471,Jackson Stratton,QB,Iowa,B1G,0.259,0.771,0.036,0.132,0.309,0.412,0.211,0.386
1844,2024,4836476,Davin Wydner,QB,West Georgia,,0.251,0.368,0.111,0.195,0.257,0.388,0.203,0.35
1845,2024,4837182,Eden James,RB,Howard,,0.147,0.063,0.222,0.193,0.11,0.12,0.167,0.11
1846,2024,4837193,Jmariyae Robinson,WR,Missouri State,,0.059,0.089,0.022,0.046,0.081,0.059,0.052,0.073
1847,2024,4837194,Jaylan Sanchez,WR,Villanova,,0.058,0.114,0.01,0.039,0.055,0.103,0.047,0.08
1848,2024,4837195,Luca Stanzani,QB,Long Island University,,0.279,0.515,0.098,0.232,0.259,0.386,0.251,0.331
1849,2024,4837200,Junior Vandeross,WR,Toledo,MAC,0.108,0.202,0.002,0.093,0.135,0.094,0.091,0.144
1850,2024,4837248,Fernando Mendoza,QB,California,ACC,0.632,0.968,0.16,0.584,0.578,0.797,0.564,0.758
1851,2024,4837269,Omari Hayes,WR,Florida Atlantic,AAC,0.068,0.14,0.008,0.065,0.06,0.079,0.052,0.102
1852,2024,4837335,Richard Reese,RB,Baylor,B12,0.084,0.018,0.135,0.086,0.098,0.058,0.086,0.077
1853,2024,4837336,Noah Cundiff,WR,New Hampshire,,0.025,0.042,0.0,0.0,0.073,0.0,0.023,0.029
1854,2024,4837341,Fred Highsmith,WR,Charleston Southern,,0.032,0.061,0.0,0.0,0.095,0.0,0.0,0.087
1855,2024,4837385,Jordan Mcdonald,RB,Boston College,ACC,0.136,0.03,0.209,0.184,0.149,0.037,0.17,0.056
1856,2024,4837391,Maurice Turner,RB,Louisville,ACC,0.103,0.008,0.178,0.106,0.112,0.063,0.126,0.031
1857,2024,4837392,Ty Washington,TE,Arkansas,SEC,0.013,0.03,0.0,0.027,0.0,0.0,0.018,0.0
1858,2024,4837462,Jaiden Credle,RB,Middle Tennessee,CUSA,0.175,0.056,0.355,0.213,0.175,0.113,0.204,0.114
1859,2024,4837469,Amari Jones,QB,Florida International,CUSA,0.113,0.124,0.103,0.089,0.1,0.158,0.099,0.138
1860,2024,4838269,OJ Arnold,RB,Georgia Southern,SBC,0.118,0.064,0.181,0.126,0.119,0.107,0.133,0.084
1861,2024,4838520,Micah Bell,RB,Mercer,,0.064,0.004,0.11,0.062,0.076,0.054,0.069,0.052
1862,2024,4838527,Josh Dallas,WR,Georgia Southern,SBC,0.056,0.095,0.012,0.045,0.046,0.095,0.05,0.069
1863,2024,4838532,Tyler Griffin,WR,UL Monroe,SBC,0.02,0.051,0.0,0.017,0.023,0.023,0.015,0.028
1864,2024,4838536,Tyler Hughes,QB,William & Mary,,0.091,0.13,0.066,0.083,0.103,0.085,0.081,0.123
1865,2024,4838548,Marcus McFarlane,RB,Elon,,0.038,0.0,0.087,0.048,0.0,0.067,0.031,0.05
1866,2024,4838549,Kamryn Perry,WR,Miami (OH),MAC,0.03,0.056,0.0,0.025,0.049,0.013,0.017,0.052
1867,2024,4838556,Kaleb Webb,WR,Tennessee,SEC,0.023,0.067,0.0,0.02,0.043,0.0,0.023,0.02
1868,2024,4838673,Isaiah Abbey,RB,Harvard,,0.056,0.0,0.084,0.063,0.063,0.036,0.071,0.023
1869,2024,4838679,Ashton Daniels,QB,Stanford,ACC,0.52,0.677,0.36,0.498,0.544,0.568,0.482,0.598
1870,2024,4838696,Dae'Quan Wright,TE,Ole Miss,SEC,0.053,0.105,0.0,0.05,0.063,0.055,0.051,0.059
1871,2024,4840113,Chase Belcher,RB,West Georgia,,0.075,0.032,0.127,0.083,0.084,0.035,0.092,0.041
1872,2024,4867887,Terrance Carter,TE,Louisiana,SBC,0.062,0.131,0.0,0.036,0.086,0.086,0.055,0.082
1873,2024,4868171,Tate Carney,RB,Wake Forest,ACC,0.107,0.021,0.2,0.127,0.117,0.053,0.135,0.046
1874,2024,4868249,Davis Lane,RB,Virginia,ACC,0.015,0.0,0.033,0.038,0.0,0.0,0.024,0.0
1875,2024,4868300,Nate Johnson,WR,Vanderbilt,SEC,0.031,0.019,0.04,0.039,0.019,0.037,0.028,0.036
1876,2024,4868721,Tyler Voss,QB,San Diego,,0.03,0.063,0.0,0.03,0.0,0.1,0.038,0.0
1877,2024,4869120,Ashton Hayes,RB,Nevada,MWC,0.023,0.014,0.032,0.016,0.023,0.043,0.022,0.024
1878,2024,4869132,Reginald Virgil,WR,Miami (OH),MAC,0.065,0.121,0.0,0.066,0.07,0.059,0.062,0.07
1879,2024,4869252,Jaron Glover,WR,Michigan State,B1G,0.041,0.065,0.015,0.053,0.031,0.036,0.036,0.052
1880,2024,4869294,Jake Appleget,TE,Northern Illinois,MAC,0.017,0.04,0.0,0.032,0.014,0.0,0.027,0.0
1881,2024,4869316,Oakie Salave'a,TE,Hawai'i,MWC,0.011,0.019,0.0,0.029,0.0,0.0,0.016,0.0
1882,2024,4869322,J.T. Seagreaves,TE,Wisconsin,B1G,0.02,0.043,0.0,0.022,0.03,0.0,0.022,0.016
1883,2024,4869340,Brock Spalding,WR,East Carolina,AAC,0.042,0.067,0.014,0.03,0.041,0.069,0.03,0.067
1884,2024,4869341,Cade Yacamelli,RB,Wisconsin,B1G,0.076,0.019,0.119,0.088,0.067,0.054,0.078,0.073
1885,2024,4869390,Wyatt Sullivan,TE,Florida Atlantic,AAC,0.026,0.053,0.0,0.03,0.02,0.032,0.027,0.025
1886,2024,4869442,Brayden Loftin,TE,Kansas State,B12,0.03,0.064,0.0,0.024,0.043,0.026,0.033,0.02
1887,2024,4869443,Tyler King,WR,Wyoming,MWC,0.053,0.063,0.043,0.051,0.066,0.045,0.051,0.055
1888,2024,4869497,Tommy Mcintosh,WR,Central Michigan,MAC,0.045,0.102,0.0,0.042,0.056,0.042,0.04,0.056
1889,2024,4869519,Gabe Burkle,TE,Iowa State,B12,0.044,0.082,0.003,0.025,0.064,0.062,0.028,0.078
1890,2024,4869520,Octavian Smith Jr.,WR,Maryland,B1G,0.051,0.083,0.004,0.051,0.052,0.044,0.044,0.065
1891,2024,4869534,Amari Niblack,TE,Texas,SEC,0.021,0.044,0.0,0.023,0.021,0.019,0.02,0.025
1892,2024,4869538,Dane Pardridge,WR,Northern Illinois,MAC,0.032,0.073,0.002,0.026,0.043,0.027,0.027,0.043
1893,2024,4869552,Robert Briggs,RB,Utah State,MWC,0.194,0.088,0.321,0.25,0.2,0.0,0.191,0.2
1894,2024,4869553,Bishop Davenport,QB,South Alabama,SBC,0.178,0.245,0.11,0.139,0.172,0.267,0.169,0.199
1895,2024,4869581,Braylen Walker,WR,Rice,AAC,0.037,0.059,0.0,0.046,0.043,0.014,0.041,0.03
1896,2024,4869582,Cam Barfield,RB,Hawai'i,MWC,0.057,0.016,0.134,0.085,0.056,0.014,0.065,0.043
1897,2024,4869590,Tyler Dostin,TE,UT Martin,,0.039,0.09,0.0,0.028,0.054,0.045,0.025,0.069
1898,2024,4869599,Chrishon Mccray,WR,Kent State,MAC,0.087,0.171,0.004,0.082,0.106,0.078,0.072,0.109
1899,2024,4869601,Chance Morrow,WR,Buffalo,MAC,0.019,0.041,0.0,0.0,0.0,0.095,0.0,0.056
1900,2024,4869602,Toby Payne,TE,Marshall,SBC,0.028,0.068,0.0,0.024,0.037,0.026,0.028,0.028
1901,2024,4869603,Cam Pickett,WR,Ball State,MAC,0.096,0.131,0.048,0.082,0.1,0.119,0.084,0.12
1902,2024,4869608,Maximus Webster,TE,Ball State,MAC,0.013,0.024,0.0,0.031,0.0,0.0,0.019,0.0
1903,2024,4869645,Caleb Douglas,WR,Texas Tech,B12,0.072,0.132,0.0,0.066,0.099,0.053,0.058,0.102
1904,2024,4869655,Jameel Gardner Jr.,WR,Jackson State,,0.041,0.118,0.005,0.035,0.038,0.065,0.043,0.035
1905,2024,4869656,Makhi Green,RB,Monmouth,,0.081,0.023,0.152,0.102,0.081,0.048,0.087,0.067
1906,2024,4869699,Jackson Paradis,RB,Massachusetts,Ind,0.065,0.0,0.111,0.094,0.056,0.014,0.092,0.0
1907,2024,4869728,Jeremiah Hasley,TE,Duke,ACC,0.022,0.036,0.0,0.017,0.042,0.0,0.021,0.023
1908,2024,4869730,Nik McMillan,WR,Buffalo,MAC,0.085,0.25,0.0,0.065,0.107,0.083,0.074,0.118
1909,2024,4869745,Kyirin Heath,TE,Southern Miss,SBC,0.033,0.06,0.0,0.029,0.04,0.033,0.028,0.04
1910,2024,4869748,Zavion Thomas,WR,LSU,SEC,0.057,0.077,0.027,0.051,0.063,0.052,0.048,0.075
1911,2024,4869802,Davis Dalton,WR,Southern Miss,SBC,0.034,0.063,0.004,0.025,0.023,0.055,0.024,0.05
1912,2024,4869816,Vinny Anthony,WR,Wisconsin,B1G,0.059,0.119,0.003,0.052,0.061,0.079,0.056,0.066
1913,2024,4869817,Cole Pennington,QB,Marshall,SBC,0.044,0.081,0.017,0.044,0.063,0.023,0.048,0.036
1914,2024,4869821,D.C. Temple,TE,Central Michigan,MAC,0.017,0.034,0.0,0.025,0.01,0.016,0.016,0.02
1915,2024,4869961,Chris Bell,WR,Louisville,ACC,0.057,0.106,0.005,0.062,0.032,0.097,0.051,0.072
1916,2024,4869962,Ashton Hollins,WR,Illinois,B1G,0.028,0.069,0.0,0.0,0.077,0.0,0.0,0.095
1917,2024,4869963,Charlie Kreinbucher,TE,Bucknell,,0.029,0.051,0.0,0.022,0.034,0.033,0.028,0.03
1918,2024,4869965,Kobe Prentice,WR,Alabama,SEC,0.031,0.069,0.0,0.017,0.057,0.028,0.029,0.039
1919,2024,4869991,Caden Veltkamp,QB,Western Kentucky,CUSA,0.596,0.904,0.249,0.501,0.564,0.799,0.552,0.683
1920,2024,4870513,Maddux Madsen,QB,Boise State,MWC,0.465,0.95,0.084,0.37,0.466,0.665,0.373,0.687
1921,2024,4870518,Zeon Chriss,QB,Houston,B12,0.402,0.546,0.297,0.359,0.418,0.465,0.378,0.447
1922,2024,4870592,Jordyn Bailey,WR,TCU,B12,0.04,0.059,0.017,0.054,0.024,0.028,0.043,0.033
1923,2024,4870601,Jaylen Bonelli,WR,Wagner,,0.098,0.189,0.008,0.087,0.095,0.112,0.101,0.09
1924,2024,4870607,Jackson Arnold,QB,Oklahoma,SEC,0.566,0.884,0.305,0.489,0.58,0.691,0.492,0.719
1925,2024,4870608,Benjamin Brahmer,TE,Iowa State,B12,0.027,0.061,0.0,0.012,0.024,0.071,0.015,0.059
1926,2024,4870612,Zachariah Branch,WR,USC,B1G,0.063,0.1,0.006,0.071,0.051,0.06,0.063,0.061
1927,2024,4870616,Javious Bond,RB,East Carolina,AAC,0.049,0.0,0.099,0.063,0.052,0.016,0.05,0.046
1928,2024,4870619,Jalen Brown,WR,Florida State,ACC,0.031,0.053,0.0,0.034,0.031,0.031,0.023,0.043
1929,2024,4870631,Derrick Bohler,WR,Stephen F. Austin,,0.017,0.036,0.0,0.0,0.0,0.1,0.0,0.054
1930,2024,4870635,Anthony Brown,WR,Kentucky,SEC,0.04,0.047,0.035,0.025,0.054,0.015,0.029,0.064
1931,2024,4870636,Pierce Clarkson,QB,Louisville,ACC,0.054,0.093,0.027,0.016,0.048,0.174,0.021,0.143
1932,2024,4870642,Jeremiah Cobb,RB,Auburn,SEC,0.055,0.019,0.092,0.059,0.074,0.025,0.061,0.043
1933,2024,4870645,Rickie Collins,QB,LSU,SEC,0.045,0.044,0.047,0.049,0.032,0.031,0.049,0.036
1934,2024,4870653,Kevin Concepcion,WR,NC State,ACC,0.112,0.166,0.056,0.131,0.076,0.13,0.107,0.123
1935,2024,4870656,Johntay Cook II,WR,Texas,SEC,0.025,0.055,0.0,0.023,0.032,0.022,0.029,0.014
1936,2024,4870683,Ethan Davis,TE,Tennessee,SEC,0.024,0.06,0.0,0.026,0.026,0.017,0.022,0.029
1937,2024,4870686,Ike Daniels,RB,Towson,,0.055,0.006,0.096,0.051,0.068,0.045,0.045,0.081
1938,2024,4870696,Malik Elzy,WR,Illinois,B1G,0.024,0.058,0.0,0.03,0.029,0.0,0.034,0.0
1939,2024,4870699,Karmello English,WR,West Georgia,,0.079,0.144,0.0,0.053,0.119,0.079,0.052,0.132
1940,2024,4870709,Shamar Easter,TE,Arkansas,SEC,0.014,0.027,0.0,0.0,0.0,0.111,0.017,0.0
1941,2024,4870712,Cameron Edge,QB,Maryland,B1G,0.056,0.111,0.0,0.028,0.044,0.16,0.029,0.128
1942,2024,4870713,Rico Flores,WR,UCLA,B1G,0.061,0.097,0.0,0.052,0.088,0.047,0.038,0.098
1943,2024,4870728,Kaden Feagin,RB,Illinois,B1G,0.231,0.035,0.402,0.248,0.282,0.115,0.27,0.157
1944,2024,4870733,Cooper Flanagan,TE,Notre Dame,Ind,0.02,0.043,0.0,0.021,0.03,0.0,0.03,0.0
1945,2024,4870736,Mark Fletcher Jr.,RB,Miami,ACC,0.132,0.018,0.273,0.149,0.141,0.061,0.155,0.069
1946,2024,4870739,Christian Hamilton,WR,North Carolina,ACC,0.026,0.054,0.004,0.01,0.036,0.038,0.024,0.031
1947,2024,4870743,William Fowles,WR,App State,SBC,0.012,0.021,0.0,0.0,0.04,0.0,0.019,0.0
1948,2024,4870745,Nyck Harbor,WR,South Carolina,SEC,0.051,0.115,0.002,0.059,0.038,0.063,0.053,0.047
1949,2024,4870747,Adam Hopkins,WR,Charlotte,AAC,0.018,0.037,0.0,0.014,0.038,0.0,0.017,0.02
1950,2024,4870747,Adam Hopkins,WR,Charlotte,,0.018,0.037,0.0,0.014,0.038,0.0,0.017,0.02
1951,2024,4870754,Rodney Gallagher,WR,West Virginia,B12,0.047,0.066,0.032,0.057,0.038,0.051,0.044,0.053
1952,2024,4870757,Ahmad Haston,QB,Massachusetts,Ind,0.078,0.061,0.089,0.048,0.11,0.101,0.061,0.115
1953,2024,4870760,Justice Haynes,RB,Alabama,SEC,0.124,0.053,0.179,0.157,0.109,0.073,0.146,0.066
1954,2024,4870768,Jaden Greathouse,WR,Notre Dame,Ind,0.051,0.112,0.0,0.026,0.051,0.116,0.034,0.093
1955,2024,4870770,Nathaniel Joseph,WR,Miami,ACC,0.055,0.112,0.0,0.056,0.045,0.079,0.043,0.089
1956,2024,4870793,Tad Hudson,QB,Coastal Carolina,SBC,0.559,0.889,0.281,0.417,0.667,0.714,0.472,0.696
1957,2024,4870795,Makai Lemon,WR,USC,B1G,0.075,0.128,0.0,0.067,0.065,0.11,0.072,0.084
1958,2024,4870797,Luke Hasz,TE,Arkansas,SEC,0.038,0.075,0.0,0.027,0.053,0.036,0.03,0.055
1959,2024,4870799,Nico Iamaleava,QB,Tennessee,SEC,0.456,0.881,0.149,0.423,0.446,0.548,0.412,0.565
1960,2024,4870802,Sedrick Irvin,RB,Stanford,ACC,0.06,0.032,0.086,0.078,0.045,0.064,0.057,0.067
1961,2024,4870808,Jeremiyah Love,RB,Notre Dame,Ind,0.192,0.065,0.299,0.244,0.19,0.076,0.22,0.123
1962,2024,4870809,Braylon James,WR,TCU,B12,0.022,0.045,0.0,0.016,0.047,0.0,0.011,0.05
1963,2024,4870819,Eli Holstein,QB,Pittsburgh,ACC,0.55,0.776,0.222,0.5,0.611,0.587,0.493,0.676
1964,2024,4870820,Datrell Jones,RB,Boston College,ACC,0.055,0.0,0.08,0.081,0.041,0.037,0.055,0.054
1965,2024,4870826,Micah Mays Jr.,WR,Wake Forest,ACC,0.036,0.076,0.0,0.034,0.045,0.031,0.025,0.058
1966,2024,4870835,Brandon Inniss,WR,Ohio State,B1G,0.028,0.061,0.0,0.015,0.026,0.048,0.016,0.06
1967,2024,4870836,Xavier Irvin,WR,Temple,AAC,0.015,0.025,0.0,0.0,0.029,0.024,0.008,0.025
1968,2024,4870839,Kaleb Jackson,RB,LSU,SEC,0.076,0.014,0.167,0.085,0.089,0.028,0.095,0.035
1969,2024,4870842,Vandrevious Jacobs,WR,South Carolina,SEC,0.029,0.069,0.0,0.028,0.019,0.051,0.027,0.033
1970,2024,4870843,Theo Melin Ohrstrom,TE,Texas A&M,SEC,0.025,0.061,0.0,0.027,0.023,0.028,0.025,0.026
1971,2024,4870847,Ja'Kobi Lane,WR,USC,B1G,0.053,0.087,0.0,0.056,0.029,0.086,0.052,0.054
1972,2024,4870848,Tyler Jefferson,QB,Central Michigan,MAC,0.236,0.362,0.142,0.211,0.228,0.303,0.196,0.328
1973,2024,4870850,Omarion Miller,WR,Colorado,B12,0.064,0.098,0.0,0.048,0.067,0.107,0.034,0.115
1974,2024,4870857,Avery Johnson,QB,Kansas State,B12,0.577,0.977,0.232,0.52,0.558,0.71,0.534,0.675
1975,2024,4870858,Cayden Lee,WR,Ole Miss,SEC,0.072,0.142,0.004,0.079,0.063,0.072,0.068,0.082
1976,2024,4870859,Noble Johnson,WR,Clemson,ACC,0.014,0.026,0.0,0.0,0.044,0.0,0.019,0.0
1977,2024,4870860,DeAndre Moore Jr.,WR,Texas,SEC,0.064,0.128,0.0,0.033,0.075,0.113,0.055,0.084
1978,2024,4870864,Gabarri Johnson,QB,Oregon State,PAC,0.139,0.198,0.094,0.124,0.146,0.136,0.113,0.205
1979,2024,4870868,Jayden Limar,RB,Oregon,B1G,0.052,0.008,0.098,0.049,0.06,0.052,0.04,0.085
1980,2024,4870869,Brett Norfleet,TE,Missouri,SEC,0.037,0.084,0.0,0.037,0.041,0.033,0.032,0.049
1981,2024,4870870,Ty Lockwood,TE,Alabama,SEC,0.013,0.029,0.0,0.0,0.0,0.0,0.017,0.0
1982,2024,4870874,Lawson Luckie,TE,Georgia,SEC,0.035,0.06,0.003,0.042,0.03,0.033,0.042,0.018
1983,2024,4870876,Kyler Kasper,WR,Oregon,B1G,0.011,0.019,0.0,0.0,0.0,0.063,0.0,0.036
1984,2024,4870889,Chris Parson,QB,Mississippi State,SEC,0.05,0.024,0.068,0.047,0.047,0.05,0.056,0.034
1985,2024,4870900,Dylan Lonergan,QB,Alabama,SEC,0.049,0.113,0.011,0.048,0.021,0.071,0.055,0.03
1986,2024,4870906,Arch Manning,QB,Texas,SEC,0.159,0.259,0.055,0.136,0.157,0.205,0.148,0.185
1987,2024,4870912,Traylon Ray,WR,West Virginia,B12,0.043,0.098,0.003,0.031,0.046,0.062,0.034,0.063
1988,2024,4870921,Dante Moore,QB,Oregon,B1G,0.035,0.06,0.008,0.032,0.036,0.045,0.033,0.039
1989,2024,4870922,Duce Robinson,WR,USC,B1G,0.035,0.056,0.0,0.016,0.048,0.06,0.019,0.069
1990,2024,4870927,Bryson Rodgers,WR,Ohio State,B1G,0.019,0.04,0.0,0.0,0.029,0.053,0.006,0.061
1991,2024,4870928,Malachi Nelson,QB,Boise State,MWC,0.086,0.196,0.0,0.046,0.111,0.167,0.047,0.229
1992,2024,4870929,Noah Rogers,WR,NC State,ACC,0.048,0.09,0.005,0.043,0.066,0.033,0.041,0.065
1993,2024,4870934,Rueben Owens,RB,Texas A&M,SEC,0.139,0.018,0.254,0.173,0.135,0.091,0.148,0.111
1994,2024,4870941,Cameron Seldon,RB,Tennessee,SEC,0.074,0.0,0.129,0.054,0.109,0.07,0.068,0.09
1995,2024,4870951,Jaquaize Pettaway,WR,Oklahoma,SEC,0.033,0.067,0.0,0.039,0.034,0.024,0.034,0.03
1996,2024,4870954,Randy Pittman,TE,UCF,B12,0.043,0.104,0.0,0.038,0.052,0.049,0.039,0.054
1997,2024,4870955,Samuel Singleton,RB,Florida State,ACC,0.055,0.014,0.096,0.085,0.043,0.022,0.065,0.037
1998,2024,4870959,Shamar Porter,WR,UConn,Ind,0.023,0.063,0.0,0.006,0.025,0.032,0.015,0.043
1999,2024,4870965,Tastean Reddicks,WR,Oregon State,PAC,0.027,0.06,0.0,0.016,0.044,0.024,0.023,0.039
2000,2024,4870971,Marcel Reed,QB,Texas A&M,SEC,0.459,0.769,0.231,0.438,0.411,0.583,0.428,0.529
2001,2024,4870994,Malachi Riley,WR,Arizona,B12,0.018,0.017,0.019,0.018,0.029,0.0,0.013,0.029
2002,2024,4870999,Malachi Singleton,QB,Arkansas,SEC,0.122,0.195,0.062,0.098,0.119,0.21,0.095,0.19
2003,2024,4871001,Jaedn Skeete,WR,Boston College,ACC,0.058,0.126,0.0,0.038,0.051,0.119,0.028,0.132
2004,2024,4871013,Gemari Sands,RB,Florida Atlantic,AAC,0.089,0.024,0.142,0.103,0.068,0.07,0.094,0.079
2005,2024,4871021,Lamar Seymore,WR,Pittsburgh,ACC,0.013,0.02,0.0,0.028,0.0,0.0,0.017,0.0
2006,2024,4871023,Carnell Tate,WR,Ohio State,B1G,0.066,0.137,0.0,0.062,0.07,0.073,0.062,0.077
2007,2024,4871039,Jelani Thurman,TE,Ohio State,B1G,0.016,0.034,0.0,0.012,0.0,0.028,0.023,0.0
2008,2024,4871040,Creed Whittemore,WR,Mississippi State,SEC,0.024,0.039,0.009,0.011,0.044,0.0,0.007,0.068
2009,2024,4871048,Hykeem Williams,WR,Florida State,ACC,0.04,0.071,0.004,0.035,0.044,0.05,0.034,0.049
2010,2024,4871050,Marquese Williams,RB,Akron,MAC,0.024,0.0,0.048,0.019,0.024,0.035,0.03,0.013
2011,2024,4871053,Daylan Smothers,RB,NC State,ACC,0.161,0.063,0.259,0.217,0.114,0.12,0.184,0.106
2012,2024,4871054,Riley Williams,TE,Miami,ACC,0.018,0.032,0.0,0.009,0.023,0.039,0.016,0.025
2013,2024,4871059,Jonah Wilson,WR,Houston,B12,0.022,0.048,0.0,0.029,0.031,0.0,0.023,0.021
2014,2024,4871065,Treyaun Webb,RB,Florida,SEC,0.09,0.0,0.178,0.052,0.137,0.105,0.106,0.047
2015,2024,4871068,Rashid Williams,WR,Washington,B1G,0.024,0.043,0.0,0.01,0.02,0.057,0.015,0.048
2016,2024,4871071,Quentin Thomas,WR,Campbell,,0.017,0.038,0.0,0.0,0.05,0.0,0.0,0.056
2017,2024,4871076,Tre Wisner,RB,Texas,SEC,0.268,0.102,0.447,0.314,0.294,0.157,0.303,0.19
2018,2024,4871081,Richard Young,RB,Alabama,SEC,0.067,0.016,0.105,0.071,0.074,0.044,0.077,0.041
2019,2024,4871088,Ayden Williams,WR,Ole Miss,SEC,0.019,0.038,0.0,0.024,0.021,0.0,0.017,0.025
2020,2024,4871091,D'Wayne' Winfield,QB,Louisiana,SBC,0.119,0.069,0.167,0.125,0.158,0.067,0.176,0.04
2021,2024,4871100,John Locke,TE,Louisiana Tech,CUSA,0.019,0.028,0.0,0.0,0.0,0.063,0.033,0.0
2022,2024,4871148,Jaylin Lucas,RB,Florida State,ACC,0.052,0.055,0.047,0.042,0.056,0.077,0.059,0.042
2023,2024,4871708,Luke McLaughlin,WR,Boston College,ACC,0.016,0.045,0.0,0.0,0.0,0.042,0.012,0.026
2024,2024,4872459,Jarrett Synek,QB,South Dakota,,0.06,0.067,0.057,0.037,0.063,0.143,0.024,0.222
2025,2024,4872477,Alex Bullock,WR,Nebraska,B1G,0.012,0.027,0.0,0.026,0.0,0.0,0.016,0.0
2026,2024,4872721,Cardell Williams,QB,Tulsa,AAC,0.055,0.06,0.051,0.045,0.053,0.089,0.055,0.056
2027,2024,4872836,Jhari Patterson,WR,East Carolina,AAC,0.051,0.09,0.015,0.043,0.04,0.089,0.043,0.069
2028,2024,4872940,Ron Vann,WR,Eastern Kentucky,,0.033,0.083,0.0,0.029,0.041,0.033,0.025,0.054
2029,2024,4872943,Timothy Gans,RB,New Mexico State,CUSA,0.051,0.019,0.076,0.057,0.049,0.049,0.06,0.033
2030,2024,4872956,Holman Edwards,QB,Houston,B12,0.017,0.036,0.0,0.0,0.0,0.0,0.028,0.0
2031,2024,4872957,Raylen Sharpe,WR,Fresno State,MWC,0.083,0.14,0.013,0.079,0.078,0.081,0.079,0.091
2032,2024,4872991,Zane Minors,RB,SMU,ACC,0.026,0.0,0.037,0.054,0.0,0.0,0.034,0.0
2033,2024,4873168,Jordan Anthony,WR,Arkansas,SEC,0.02,0.032,0.008,0.026,0.012,0.02,0.021,0.018
2034,2024,4873234,Victor Rosa,RB,UConn,Ind,0.068,0.015,0.119,0.088,0.081,0.018,0.085,0.034
2035,2024,4873237,Kaedin Robinson,WR,App State,SBC,0.088,0.164,0.004,0.104,0.049,0.118,0.085,0.092
2036,2024,4873270,Jackson Crosby,WR,Clemson,ACC,0.016,0.03,0.0,0.0,0.025,0.053,0.0,0.063
2037,2024,4873283,Wise Segars Jr.,RB,Clemson,ACC,0.016,0.0,0.035,0.016,0.025,0.0,0.011,0.031
2038,2024,4873418,Kaden Helms,TE,Oklahoma,SEC,0.013,0.027,0.0,0.0,0.034,0.0,0.009,0.02
2039,2024,4873442,Xavier Brown,RB,Virginia,ACC,0.119,0.027,0.223,0.147,0.131,0.071,0.142,0.074
2040,2024,4873456,Addison Ostrenga,TE,Iowa,B1G,0.036,0.096,0.004,0.042,0.028,0.041,0.033,0.048
2041,2024,4873475,Max White,RB,Iowa,B1G,0.044,0.0,0.075,0.052,0.044,0.032,0.06,0.0
2042,2024,4873485,Johnny Pascuzzi,TE,Iowa,B1G,0.015,0.038,0.0,0.038,0.0,0.0,0.023,0.0
2043,2024,4873588,CJ Campbell,RB,Florida Atlantic,AAC,0.254,0.108,0.386,0.303,0.269,0.156,0.293,0.176
2044,2024,4873590,Koby Gross,TE,Florida A&M,,0.038,0.068,0.0,0.035,0.034,0.052,0.042,0.031
2045,2024,4873609,Daylon Gordon,RB,Georgia Tech,ACC,0.031,0.0,0.061,0.056,0.0,0.0,0.038,0.0
2046,2024,4873612,Brody Rhodes,QB,Georgia Tech,ACC,0.031,0.0,0.061,0.028,0.053,0.0,0.038,0.0
2047,2024,4874423,Logan Muckey,WR,Missouri,SEC,0.016,0.029,0.0,0.032,0.0,0.0,0.023,0.0
2048,2024,4874506,Shane Porter,RB,North Texas,AAC,0.142,0.033,0.312,0.156,0.178,0.086,0.164,0.099
2049,2024,4874509,DJ Giddens,RB,Kansas State,B12,0.295,0.064,0.496,0.318,0.3,0.261,0.32,0.236
2050,2024,4874510,Xavier Loyd,WR,Illinois State,,0.083,0.165,0.011,0.104,0.067,0.063,0.079,0.091
2051,2024,4874627,Nehemiah Martinez,WR,Abilene Christian,,0.016,0.025,0.0,0.0,0.026,0.033,0.013,0.021
2052,2024,4875065,Matt Jones,RB,Ole Miss,SEC,0.09,0.012,0.169,0.087,0.091,0.104,0.095,0.077
2053,2024,4875070,Rayf Vinson,WR,Samford,,0.025,0.04,0.0,0.033,0.0,0.05,0.029,0.015
2054,2024,4875096,Zachary Jackson,QB,Towson,,0.014,0.026,0.0,0.029,0.0,0.0,0.019,0.0
2055,2024,4875106,Kai Holloway,WR,Robert Morris,,0.022,0.041,0.0,0.018,0.0,0.065,0.02,0.028
2056,2024,4875107,Robert Smith,WR,Maryland,B1G,0.013,0.027,0.0,0.0,0.0,0.067,0.0,0.043
2057,2024,4875125,Max Brown,QB,Charlotte,AAC,0.425,0.669,0.167,0.328,0.438,0.524,0.348,0.55
2058,2024,4875125,Max Brown,QB,Charlotte,,0.425,0.669,0.167,0.328,0.438,0.524,0.348,0.55
2059,2024,4875127,Lanorris Sellers,QB,South Carolina,SEC,0.572,0.937,0.31,0.525,0.542,0.724,0.518,0.693
2060,2024,4875128,Lex Thomas,QB,NC State,ACC,0.07,0.148,0.013,0.048,0.114,0.0,0.05,0.143
2061,2024,4875199,Patrick Wilk,RB,Tennessee,SEC,0.038,0.0,0.056,0.027,0.083,0.0,0.032,0.056
2062,2024,4875209,Andison Coby,WR,Indiana,B1G,0.015,0.038,0.0,0.02,0.017,0.0,0.019,0.0
2063,2024,4875267,George Hart III,RB,Western Kentucky,CUSA,0.063,0.02,0.112,0.067,0.077,0.039,0.064,0.061
2064,2024,4875272,Trond Grizzell,WR,California,ACC,0.054,0.092,0.0,0.065,0.041,0.056,0.054,0.054
2065,2024,4875282,Charlie Offerdahl,RB,Colorado,B12,0.067,0.014,0.16,0.077,0.049,0.058,0.085,0.029
2066,2024,4875328,Hayden Erickson,TE,South Dakota,,0.017,0.048,0.0,0.033,0.0,0.0,0.024,0.0
2067,2024,4875350,Quentin Moore,TE,Washington,B1G,0.015,0.029,0.0,0.029,0.0,0.0,0.02,0.0
2068,2024,4875352,Cole Freeman,QB,Columbia,,0.269,0.404,0.159,0.242,0.23,0.358,0.259,0.292
2069,2024,4875358,Anderson Grover,WR,Sacramento State,,0.08,0.14,0.0,0.086,0.081,0.06,0.084,0.073
2070,2024,4875385,Jordan Nubin,RB,Minnesota,B1G,0.046,0.019,0.076,0.029,0.03,0.115,0.046,0.048
2071,2024,4875412,Mark Didio,WR,Wagner,,0.062,0.114,0.0,0.051,0.08,0.067,0.051,0.082
2072,2024,4875428,Jake Jensen,QB,USC,B1G,0.013,0.0,0.037,0.0,0.045,0.0,0.019,0.0
2073,2024,4875438,Khamran Laborn,WR,East Tennessee State,,0.053,0.021,0.08,0.064,0.055,0.038,0.058,0.042
2074,2024,4875451,Dale Martin,WR,Louisiana,SBC,0.022,0.043,0.0,0.0,0.05,0.032,0.014,0.048
2075,2024,4875452,Treyv'on Culbert,WR,Louisiana,SBC,0.016,0.033,0.0,0.0,0.029,0.043,0.0,0.063
2076,2024,4875608,Kamron Beachem,TE,Fresno State,MWC,0.03,0.05,0.0,0.045,0.0,0.054,0.038,0.015
2077,2024,4875612,Ross Fournet,WR,Florida International,CUSA,0.024,0.034,0.015,0.023,0.017,0.028,0.022,0.028
2078,2024,4875613,Dean Patterson,WR,Florida International,CUSA,0.077,0.143,0.018,0.1,0.061,0.049,0.083,0.064
2079,2024,4875645,Donald McKinney,WR,Texas Southern,,0.043,0.102,0.0,0.011,0.058,0.08,0.036,0.056
2080,2024,4875666,Nahree Biggins,RB,Central Michigan,MAC,0.091,0.016,0.168,0.07,0.154,0.039,0.078,0.122
2081,2024,4875667,Marion Lukes,RB,Central Michigan,MAC,0.254,0.058,0.4,0.304,0.247,0.163,0.282,0.2
2082,2024,4875671,Myles Bailey,RB,Central Michigan,MAC,0.104,0.046,0.149,0.088,0.097,0.155,0.106,0.101
2083,2024,4875674,Jake Tafelski,RB,Notre Dame,Ind,0.033,0.032,0.033,0.071,0.0,0.0,0.049,0.0
2084,2024,4875687,Tyrin Smith,WR,Cincinnati,B12,0.02,0.04,0.0,0.0,0.015,0.073,0.0,0.063
2085,2024,4875727,Latrell Fordham,WR,Youngstown State,,0.042,0.101,0.004,0.03,0.023,0.101,0.03,0.068
2086,2024,4875733,Pat McQuaide,QB,Nicholls,,0.424,0.797,0.087,0.344,0.415,0.587,0.336,0.589
2087,2024,4875767,Brock Lampe,FB,Northern Illinois,MAC,0.028,0.04,0.02,0.017,0.027,0.037,0.031,0.02
2088,2024,4875786,Tru Edwards,WR,Louisiana Tech,CUSA,0.106,0.202,0.007,0.112,0.08,0.138,0.094,0.13
2089,2024,4875788,Jalen Walthall,WR,Incarnate Word,,0.106,0.193,0.005,0.134,0.102,0.063,0.109,0.101
2090,2024,4875791,Landon Sims,RB,Hawai'i,MWC,0.104,0.026,0.24,0.134,0.109,0.037,0.121,0.068
2091,2024,4875792,David Cordero,RB,Hawai'i,MWC,0.027,0.004,0.064,0.033,0.036,0.0,0.033,0.016
2092,2024,4875794,Kamalu DeBlake,RB,Hawai'i,MWC,0.024,0.0,0.063,0.032,0.024,0.0,0.02,0.036
2093,2024,4875803,Karsyn Pupunu,WR,Hawai'i,MWC,0.016,0.026,0.0,0.018,0.016,0.014,0.022,0.0
2094,2024,4875810,Taharin Sudderth,TE,Middle Tennessee,CUSA,0.017,0.027,0.0,0.013,0.0,0.054,0.009,0.033
2095,2024,4875853,Cody Jackson,WR,Tarleton State,,0.049,0.117,0.0,0.036,0.077,0.036,0.047,0.053
2096,2024,4875854,Ben Harris,QB,North Alabama,,0.146,0.197,0.105,0.118,0.152,0.2,0.129,0.182
2097,2024,4875855,Ralph Rucker,QB,Bucknell,,0.577,0.95,0.132,0.481,0.629,0.723,0.516,0.705
2098,2024,4875861,Ayo Adeyi,RB,James Madison,SBC,0.178,0.0,0.284,0.26,0.128,0.087,0.212,0.091
2099,2024,4875866,Reese Poffenbarger,QB,Miami,ACC,0.208,0.27,0.15,0.146,0.238,0.308,0.179,0.286
2100,2024,4875867,Isiah Paige,WR,Old Dominion,SBC,0.093,0.203,0.007,0.089,0.095,0.098,0.09,0.098
2101,2024,4875899,Christian Francisco,RB,Rice,AAC,0.063,0.03,0.118,0.061,0.039,0.092,0.069,0.053
2102,2024,4875939,Teddy Davenport,WR,Samford,,0.018,0.033,0.0,0.021,0.013,0.0,0.014,0.025
2103,2024,4876056,Jeffrey Johnson,TE,California,ACC,0.014,0.025,0.0,0.014,0.024,0.0,0.021,0.0
2104,2024,4876066,Zevi Eckhaus,QB,Washington State,PAC,0.472,0.731,0.175,0.322,0.553,0.652,0.459,0.519
2105,2024,4876069,Tristen Riley,WR,Bryant,,0.058,0.093,0.0,0.05,0.022,0.107,0.061,0.053
2106,2024,4876070,Taylor Wright-Rawls,WR,Mercyhurst,,0.023,0.038,0.0,0.02,0.025,0.034,0.026,0.02
2107,2024,4876073,Fabrice Mukendi,RB,Bryant,,0.208,0.117,0.37,0.248,0.214,0.148,0.229,0.17
2108,2024,4876109,Jaden Jones,QB,Cal Poly,,0.285,0.662,0.092,0.198,0.294,0.45,0.2,0.462
2109,2024,4876111,Zion Hall,RB,Cal Poly,,0.144,0.056,0.241,0.176,0.165,0.07,0.145,0.143
2110,2024,4876132,Josh Cuevas,TE,Alabama,SEC,0.025,0.056,0.0,0.02,0.015,0.055,0.019,0.041
2111,2024,4876140,Kekoa Visperas,QB,Eastern Washington,,0.435,0.811,0.168,0.385,0.417,0.561,0.394,0.562
2112,2024,4876144,Tuna Altahir,RB,Eastern Washington,,0.159,0.024,0.259,0.176,0.215,0.05,0.18,0.098
2113,2024,4876160,Messiah Jones,TE,Eastern Washington,,0.016,0.032,0.0,0.037,0.0,0.0,0.024,0.0
2114,2024,4876167,Benjamin Omayebu,WR,Tarleton State,,0.073,0.178,0.0,0.063,0.088,0.069,0.06,0.111
2115,2024,4876182,Drew Deck,WR,Montana,,0.046,0.096,0.0,0.036,0.033,0.056,0.034,0.073
2116,2024,4876196,Erik Barker,TE,Montana,,0.021,0.043,0.0,0.019,0.025,0.022,0.02,0.023
2117,2024,4876199,Daniel Britt,QB,Northern State,,0.34,0.846,0.179,0.15,0.313,0.6,0.138,0.583
2118,2024,4876214,Jake Olson,TE,Montana,,0.013,0.029,0.0,0.009,0.014,0.0,0.011,0.019
2119,2024,4876244,RJ Martinez,QB,Texas State,SBC,0.127,0.217,0.05,0.123,0.093,0.214,0.106,0.176
2120,2024,4876245,PJ London,QB,Northern Arizona,,0.272,0.436,0.167,0.213,0.234,0.432,0.225,0.386
2121,2024,4876273,Jacquez Robertson,RB,Northern Colorado,,0.04,0.004,0.068,0.058,0.041,0.016,0.054,0.016
2122,2024,4876311,Elijah Tau-Tolliver,RB,Sacramento State,,0.301,0.098,0.538,0.362,0.329,0.121,0.357,0.172
2123,2024,4876330,Jackson Berry,QB,Southern Utah,,0.365,0.694,0.15,0.267,0.321,0.639,0.273,0.558
2124,2024,4876352,Jessie Campbell,WR,McNeese,,0.043,0.096,0.0,0.032,0.049,0.055,0.032,0.066
2125,2024,4876364,Matteo Perez,RB,UC Davis,,0.108,0.046,0.182,0.115,0.117,0.083,0.12,0.074
2126,2024,4876366,Winston Williams,TE,UC Davis,,0.038,0.071,0.0,0.037,0.033,0.053,0.035,0.044
2127,2024,4876376,Creyton Cooper,QB,Weber State,,0.025,0.0,0.047,0.042,0.019,0.0,0.028,0.019
2128,2024,4876378,Damon Bankston,RB,Weber State,,0.226,0.031,0.398,0.25,0.178,0.242,0.267,0.141
2129,2024,4876386,Devin Ford,WR,Weber State,,0.011,0.028,0.0,0.027,0.0,0.0,0.016,0.0
2130,2024,4876407,Rickey Spruill,RB,Wagner,,0.188,0.068,0.304,0.248,0.178,0.097,0.219,0.131
2131,2024,4876414,Trevor Shorter,WR,Merrimack,INDAA,0.016,0.054,0.0,0.009,0.012,0.039,0.012,0.027
2132,2024,4876423,Tommy Brown,QB,Wagner,,0.02,0.048,0.0,0.0,0.059,0.0,0.0,0.063
2133,2024,4876444,Max Monroe,QB,Presbyterian,,0.016,0.0,0.026,0.0,0.0,0.091,0.0,0.063
2134,2024,4876456,Samuel Baddoo,WR,Brown,,0.031,0.058,0.0,0.037,0.025,0.036,0.034,0.022
2135,2024,4876457,Jake Willcox,QB,Brown,,0.476,0.757,0.156,0.446,0.471,0.558,0.423,0.633
2136,2024,4876459,Ben Moseley,WR,Brown,,0.048,0.088,0.0,0.04,0.052,0.06,0.043,0.064
2137,2024,4876461,Will Jarvis,QB,Brown,,0.014,0.027,0.0,0.015,0.021,0.0,0.009,0.032
2138,2024,4876468,Jordan DeLucia,RB,Brown,,0.118,0.042,0.206,0.136,0.123,0.095,0.146,0.039
2139,2024,4876471,Stockton Owen,RB,Brown,,0.143,0.063,0.239,0.167,0.148,0.09,0.157,0.102
2140,2024,4876495,Bryson Canty,WR,Columbia,,0.089,0.188,0.0,0.074,0.076,0.122,0.074,0.122
2141,2024,4876515,Jack Larsen,TE,Columbia,,0.016,0.029,0.0,0.017,0.024,0.0,0.022,0.0
2142,2024,4876533,RJ Jackson,WR,Campbell,,0.046,0.1,0.0,0.035,0.023,0.098,0.048,0.042
2143,2024,4876574,Landon Sauers,TE,Charleston Southern,,0.033,0.071,0.005,0.021,0.036,0.058,0.03,0.038
2144,2024,4876576,Roderick Hawkins,RB,Charleston Southern,,0.024,0.0,0.052,0.028,0.036,0.0,0.043,0.0
2145,2024,4876598,Seth Anderson,WR,Iowa,B1G,0.039,0.068,0.022,0.032,0.039,0.056,0.052,0.018
2146,2024,4876611,Michael Hardyway,QB,Bucknell,,0.155,0.245,0.055,0.105,0.174,0.192,0.134,0.195
2147,2024,4876613,Rushawn Baker,RB,Elon,,0.255,0.025,0.478,0.294,0.303,0.11,0.299,0.173
2148,2024,4876618,Paul Neel,RB,Bucknell,,0.109,0.034,0.208,0.137,0.09,0.091,0.121,0.084
2149,2024,4876635,Kyle Fontes,TE,Bucknell,,0.014,0.032,0.0,0.016,0.0,0.032,0.011,0.02
2150,2024,4876642,Maleek Huggins,WR,Bethune-Cookman,,0.061,0.132,0.006,0.065,0.045,0.087,0.059,0.065
2151,2024,4876659,Jonathan Burns,TE,East Tennessee State,,0.02,0.045,0.0,0.029,0.021,0.0,0.027,0.0
2152,2024,4876662,Michael Brescia,QB,Colgate,,0.552,0.66,0.427,0.526,0.569,0.61,0.496,0.661
2153,2024,4876666,Brendan Cassamajor,RB,Colgate,,0.057,0.006,0.12,0.038,0.053,0.089,0.071,0.026
2154,2024,4876667,Tank Pritchett,RB,Colgate,,0.017,0.0,0.034,0.036,0.0,0.0,0.025,0.0
2155,2024,4876685,Julius Loughridge,RB,Fordham,,0.292,0.051,0.51,0.34,0.267,0.231,0.356,0.172
2156,2024,4876695,Jaden Allen,TE,Fordham,,0.019,0.033,0.0,0.0,0.056,0.0,0.0,0.042
2157,2024,4876700,Brock Biestek,WR,Georgetown,,0.033,0.059,0.0,0.022,0.06,0.022,0.028,0.046
2158,2024,4876711,Naieem Kearney,RB,Georgetown,,0.17,0.032,0.311,0.193,0.165,0.141,0.205,0.098
2159,2024,4876730,Luke Wooten,WR,Butler,,0.072,0.165,0.011,0.053,0.09,0.089,0.058,0.106
2160,2024,4876736,Joey Audia,WR,Butler,,0.03,0.049,0.018,0.022,0.03,0.044,0.025,0.044
2161,2024,4876744,Cameron Heald,TE,Butler,,0.015,0.035,0.0,0.0,0.027,0.028,0.004,0.04
2162,2024,4876745,Thomas Brown,WR,North Carolina A&T,,0.023,0.048,0.0,0.016,0.03,0.03,0.015,0.037
2163,2024,4876752,Gabriel Benyard,WR,Kennesaw State,CUSA,0.054,0.101,0.02,0.08,0.057,0.01,0.067,0.032
2164,2024,4876753,Tykeem Wallace,WR,Kennesaw State,CUSA,0.039,0.075,0.014,0.044,0.029,0.049,0.039,0.04
2165,2024,4876772,Blake Bohannon,WR,Kennesaw State,CUSA,0.03,0.072,0.0,0.03,0.021,0.038,0.024,0.04
2166,2024,4876788,Sam Valor,RB,Davidson,,0.051,0.009,0.064,0.055,0.058,0.04,0.049,0.056
2167,2024,4876789,Luke Durkin,QB,Davidson,,0.193,0.591,0.079,0.161,0.197,0.25,0.149,0.293
2168,2024,4876791,Aaron Maione,WR,Davidson,,0.082,0.149,0.064,0.057,0.095,0.111,0.06,0.134
2169,2024,4876792,Henry Dolan,WR,Davidson,,0.016,0.091,0.0,0.0,0.0,0.0,0.0,0.053
2170,2024,4876797,Kellyn West,WR,Davidson,,0.034,0.06,0.027,0.043,0.022,0.025,0.033,0.038
2171,2024,4876800,LJ Phillips Jr.,QB,Davidson,,0.118,0.256,0.085,0.089,0.109,0.114,0.102,0.164
2172,2024,4876810,Blake Ellingson,QB,Drake,,0.077,0.042,0.13,0.073,0.105,0.024,0.079,0.074
2173,2024,4876818,Dorian Boyland,RB,Drake,,0.104,0.024,0.275,0.167,0.051,0.069,0.131,0.049
2174,2024,4876821,Davion Cherwin,RB,Drake,,0.133,0.034,0.279,0.19,0.13,0.024,0.162,0.069
2175,2024,4876831,Dante DeNardo,WR,Drake,,0.014,0.031,0.0,0.0,0.0,0.067,0.0,0.053
2176,2024,4876839,Frankie Savino,QB,Monmouth,,0.029,0.05,0.016,0.048,0.0,0.0,0.032,0.019
2177,2024,4876860,TJ Speight,WR,Monmouth,,0.082,0.136,0.017,0.099,0.065,0.061,0.087,0.071
2178,2024,4876865,Carter Cravens,QB,Morehead State,,0.477,0.888,0.131,0.344,0.478,0.73,0.375,0.645
2179,2024,4876871,Chance Harris,RB,Morehead State,,0.123,0.016,0.215,0.142,0.142,0.067,0.138,0.1
2180,2024,4876884,Ryan Upp,WR,Morehead State,,0.074,0.162,0.0,0.08,0.084,0.047,0.071,0.08
2181,2024,4876902,Justin Luke,WR,North Alabama,,0.02,0.022,0.017,0.027,0.025,0.0,0.03,0.0
2182,2024,4876907,ShunDerrick Powell,RB,Central Arkansas,,0.285,0.114,0.462,0.357,0.285,0.137,0.323,0.211
2183,2024,4876948,Warner Bush,QB,Presbyterian,,0.043,0.079,0.019,0.025,0.054,0.075,0.026,0.084
2184,2024,4876962,Wyatt Hodges,WR,Presbyterian,,0.035,0.063,0.008,0.049,0.027,0.011,0.046,0.013
2185,2024,4876964,Quante Jennings,RB,Presbyterian,,0.138,0.038,0.226,0.167,0.153,0.071,0.168,0.079
2186,2024,4876989,Jalyn Witcher,WR,Delaware,,0.07,0.122,0.0,0.152,0.0,0.0,0.096,0.0
2187,2024,4876993,Josh Heverly,WR,San Diego,,0.042,0.08,0.0,0.037,0.04,0.061,0.034,0.059
2188,2024,4876995,Ja'seem Reed,WR,San Diego,,0.127,0.231,0.01,0.114,0.094,0.214,0.117,0.146
2189,2024,4877002,Logan Gingg,RB,San Diego,,0.166,0.014,0.348,0.183,0.189,0.069,0.215,0.067
2190,2024,4877014,Nazeviah Burris,WR,Florida International,CUSA,0.051,0.095,0.008,0.028,0.088,0.055,0.029,0.092
2191,2024,4877021,Javin Whatley,WR,Chattanooga,,0.084,0.185,0.007,0.097,0.078,0.071,0.085,0.08
2192,2024,4877024,Sam Phillips,WR,Chattanooga,,0.085,0.183,0.003,0.076,0.11,0.074,0.073,0.108
2193,2024,4877062,Elijah Bass,RB,The Citadel,,0.018,0.0,0.029,0.0,0.0,0.034,0.025,0.0
2194,2024,4877093,Terry Matthews,WR,Nicholls,,0.064,0.125,0.008,0.052,0.064,0.095,0.051,0.086
2195,2024,4877097,Jaylon Spears,RB,Nicholls,,0.126,0.046,0.206,0.155,0.1,0.097,0.122,0.133
2196,2024,4877127,Adrian Johnson,RB,East Tennessee State,,0.038,0.0,0.081,0.054,0.037,0.0,0.035,0.048
2197,2024,4877192,Jett Booker,WR,SE Louisiana,,0.015,0.031,0.0,0.0,0.023,0.036,0.01,0.029
2198,2024,4877195,Corey Lorio,WR,SE Louisiana,,0.017,0.038,0.0,0.013,0.018,0.026,0.012,0.028
2199,2024,4877203,Gage Larvadain,WR,South Carolina,SEC,0.038,0.082,0.005,0.031,0.038,0.063,0.031,0.057
2200,2024,4877206,Joshua Harris,WR,Furman,,0.059,0.115,0.0,0.033,0.071,0.098,0.041,0.085
2201,2024,4877209,Myion Hicks,RB,Furman,,0.177,0.017,0.354,0.196,0.21,0.079,0.207,0.127
2202,2024,4877211,Jace Wilson,QB,Texas Southern,,0.454,0.815,0.199,0.282,0.517,0.656,0.365,0.613
2203,2024,4877212,Grant Robinson,RB,Furman,,0.127,0.036,0.223,0.128,0.141,0.104,0.148,0.094
2204,2024,4877282,Tre Lawrence,QB,Alcorn State,,0.102,0.225,0.032,0.067,0.084,0.189,0.061,0.165
2205,2024,4877283,Skyler Jordan,WR,Delaware State,,0.016,0.034,0.0,0.0,0.0,0.071,0.0,0.037
2206,2024,4877285,Brandon Rogers,RB,Alcorn State,,0.055,0.017,0.08,0.076,0.053,0.021,0.064,0.04
2207,2024,4877316,Jack Clinkenbeard,WR,Southeast Missouri State,,0.037,0.053,0.0,0.0,0.071,0.063,0.059,0.0
2208,2024,4877346,Terry Lindsey,RB,Bethune-Cookman,,0.052,0.013,0.08,0.079,0.03,0.023,0.073,0.024
2209,2024,4877351,Kameron Ingram,RB,UCF,B12,0.013,0.0,0.019,0.014,0.0,0.042,0.016,0.0
2210,2024,4877380,Quincy Crittendon,QB,Samford,,0.667,0.958,0.326,0.57,0.723,0.776,0.584,0.833
2211,2024,4877387,Junior Muratovic,QB,Florida A&M,,0.262,0.4,0.03,0.235,0.254,0.333,0.205,0.364
2212,2024,4877439,Hunter Rice,RB,VMI,,0.306,0.068,0.536,0.389,0.248,0.241,0.398,0.163
2213,2024,4877458,Trace Pedigo,WR,VMI,,0.02,0.039,0.0,0.008,0.02,0.041,0.016,0.025
2214,2024,4877474,Kevin May,RB,Alcorn State,,0.016,0.0,0.026,0.0,0.053,0.0,0.024,0.0
2215,2024,4877476,Jayvian Allen,RB,North Alabama,,0.187,0.036,0.33,0.244,0.179,0.071,0.219,0.116
2216,2024,4877478,Jalal Dean,WR,Tennessee State,,0.086,0.152,0.006,0.08,0.103,0.073,0.084,0.09
2217,2024,4877529,Sam Franklin,RB,Oklahoma,SEC,0.056,0.027,0.081,0.041,0.08,0.058,0.05,0.068
2218,2024,4877547,DeVonte Tanksley,WR,UT Martin,,0.076,0.156,0.01,0.081,0.05,0.1,0.069,0.09
2219,2024,4877558,Raphael Williams,WR,Pittsburgh,ACC,0.052,0.087,0.003,0.052,0.061,0.043,0.052,0.052
2220,2024,4877566,Brayden Blackmon,TE,Western Carolina,,0.016,0.029,0.0,0.017,0.013,0.02,0.017,0.014
2221,2024,4877583,Kyle Pinnix,QB,Wofford,,0.023,0.042,0.0,0.02,0.023,0.032,0.014,0.034
2222,2024,4877615,Kyle Watkins,WR,Wofford,,0.109,0.203,0.015,0.117,0.083,0.128,0.101,0.121
2223,2024,4877627,Chase Gillespie,RB,Vanderbilt,SEC,0.041,0.008,0.06,0.05,0.033,0.037,0.053,0.017
2224,2024,4877645,Darius Hale,RB,Central Arkansas,,0.189,0.051,0.331,0.194,0.198,0.167,0.213,0.143
2225,2024,4877647,Kylin James,RB,UNLV,MWC,0.096,0.003,0.149,0.12,0.096,0.052,0.117,0.044
2226,2024,4877663,Kam Robinson,WR,Central Arkansas,,0.064,0.12,0.009,0.072,0.072,0.034,0.068,0.055
2227,2024,4877664,Myles Butler,WR,Middle Tennessee,CUSA,0.043,0.073,0.0,0.04,0.05,0.041,0.051,0.027
2228,2024,4877671,Tyion Berry,WR,Central Arkansas,,0.024,0.046,0.0,0.012,0.032,0.04,0.017,0.038
2229,2024,4877706,Jayden Higgins,WR,Iowa State,B12,0.106,0.217,0.0,0.076,0.118,0.141,0.077,0.171
2230,2024,4877713,Braedon Sloan,RB,Ball State,MAC,0.225,0.078,0.433,0.244,0.22,0.182,0.266,0.143
2231,2024,4877714,Jaden Smith,WR,UTEP,CUSA,0.082,0.133,0.01,0.096,0.079,0.071,0.1,0.052
2232,2024,4877717,Matthew Caldwell,QB,Troy,SBC,0.42,0.786,0.112,0.35,0.414,0.545,0.374,0.526
2233,2024,4877717,Matthew Caldwell,QB,Troy,,0.42,0.786,0.112,0.35,0.414,0.545,0.374,0.526
2234,2024,4877733,Pearson Baldwin,TE,Jacksonville State,CUSA,0.017,0.033,0.0,0.0,0.05,0.0,0.0,0.045
2235,2024,4877735,Cole Fuller,TE,Jacksonville State,CUSA,0.018,0.0,0.034,0.0,0.056,0.0,0.025,0.0
2236,2024,4877738,Brock Rechsteiner,WR,Jacksonville State,CUSA,0.021,0.058,0.0,0.015,0.025,0.021,0.019,0.028
2237,2024,4877772,Charlie Mill,WR,Elon,,0.017,0.033,0.0,0.013,0.017,0.029,0.026,0.0
2238,2024,4877773,Johncarlos Miller II,TE,Texas Tech,B12,0.016,0.027,0.0,0.0,0.027,0.025,0.011,0.026
2239,2024,4877774,Jamarien Dalton,WR,Elon,,0.061,0.12,0.0,0.041,0.075,0.082,0.046,0.088
2240,2024,4877783,Keller Gammons,TE,Lafayette,,0.013,0.034,0.0,0.0,0.04,0.0,0.0,0.056
2241,2024,4877785,Chris Carasia,WR,Lafayette,,0.062,0.127,0.0,0.064,0.074,0.044,0.057,0.072
2242,2024,4877796,Gabe Decker,FB,Lafayette,,0.013,0.034,0.0,0.027,0.0,0.0,0.017,0.0
2243,2024,4877811,Billy Atkins,QB,James Madison,SBC,0.191,0.429,0.025,0.179,0.163,0.273,0.181,0.214
2244,2024,4877824,Zach Horton,TE,Indiana,B1G,0.032,0.068,0.0,0.042,0.037,0.0,0.04,0.011
2245,2024,4877850,Dylan McFadden,WR,Lehigh,,0.038,0.102,0.0,0.018,0.085,0.0,0.011,0.108
2246,2024,4877868,Eli Mahan,TE,Maine,,0.016,0.029,0.0,0.0,0.0,0.069,0.022,0.0
2247,2024,4877870,Declan McKevitt,TE,Maine,,0.035,0.068,0.0,0.02,0.053,0.0,0.025,0.059
2248,2024,4877890,Kyle Wickersham,QB,Richmond,,0.447,0.708,0.296,0.325,0.485,0.614,0.371,0.6
2249,2024,4877905,Jerry Garcia Jr.,WR,Richmond,,0.044,0.1,0.008,0.043,0.045,0.046,0.03,0.08
2250,2024,4877906,Ja'Vion Griffin,WR,Richmond,,0.052,0.128,0.0,0.03,0.058,0.085,0.039,0.089
2251,2024,4878109,Hayden Hansen,TE,Florida,SEC,0.036,0.076,0.0,0.03,0.045,0.041,0.028,0.057
2252,2024,4878133,Lukkas Londono,WR,Towson,,0.027,0.051,0.0,0.031,0.034,0.0,0.036,0.007
2253,2024,4878151,Darius Wilson,QB,William & Mary,,0.474,0.874,0.241,0.412,0.443,0.679,0.433,0.588
2254,2024,4878160,Trey McDonald,TE,William & Mary,,0.025,0.061,0.0,0.017,0.008,0.065,0.025,0.026
2255,2024,4878166,Matthew Pilc,TE,Cornell,,0.015,0.021,0.0,0.036,0.0,0.0,0.026,0.0
2256,2024,4878185,Luke Malaga,WR,Cornell,,0.018,0.03,0.0,0.038,0.0,0.0,0.026,0.0
2257,2024,4878188,Chad Martini,QB,Cornell,,0.019,0.034,0.0,0.016,0.029,0.012,0.02,0.016
2258,2024,4878194,Eddy Tillman,RB,Cornell,,0.056,0.006,0.109,0.056,0.077,0.027,0.063,0.039
2259,2024,4878195,Robert Tucker III,RB,Cornell,,0.07,0.032,0.12,0.06,0.076,0.07,0.074,0.062
2260,2024,4878197,Jameson Wang,QB,Cornell,,0.567,0.787,0.313,0.546,0.51,0.695,0.527,0.658
2261,2024,4878202,Christian Benson,RB,Dartmouth,,0.02,0.008,0.031,0.018,0.011,0.04,0.018,0.023
2262,2024,4878209,Alex Geraci,TE,Dartmouth,,0.029,0.05,0.0,0.045,0.0,0.045,0.032,0.024
2263,2024,4878210,Jackson Gerard,WR,Dartmouth,,0.017,0.035,0.0,0.04,0.0,0.0,0.024,0.0
2264,2024,4878218,Q Jones,RB,Dartmouth,,0.21,0.014,0.378,0.26,0.211,0.119,0.251,0.123
2265,2024,4878223,Jackson Proctor,QB,Dartmouth,,0.484,0.816,0.203,0.416,0.52,0.57,0.407,0.645
2266,2024,4878224,Painter Richards-Baker,WR,Dartmouth,,0.04,0.082,0.0,0.031,0.05,0.044,0.025,0.071
2267,2024,4878231,Scott Woods II,WR,Harvard,,0.093,0.179,0.026,0.083,0.137,0.056,0.096,0.084
2268,2024,4878241,Malik Frederick,RB,Harvard,,0.073,0.005,0.129,0.057,0.094,0.076,0.075,0.068
2269,2024,4878243,Shane McLaughlin,RB,Harvard,,0.194,0.018,0.305,0.217,0.222,0.118,0.212,0.141
2270,2024,4878255,Aidan Sayin,QB,Pennsylvania,,0.485,0.845,0.086,0.5,0.419,0.538,0.423,0.621
2271,2024,4878256,Jacob Cisneros,RB,Pennsylvania,,0.013,0.032,0.0,0.026,0.0,0.0,0.017,0.0
2272,2024,4878262,Julien Stokes,RB,Pennsylvania,,0.072,0.148,0.0,0.054,0.097,0.054,0.064,0.09
2273,2024,4878265,Bryce Myers,TE,Pennsylvania,,0.032,0.065,0.0,0.034,0.02,0.053,0.023,0.055
2274,2024,4878267,Mike Fraraccio,TE,Pennsylvania,,0.019,0.056,0.0,0.0,0.063,0.0,0.024,0.0
2275,2024,4878275,Davis Ellis,WR,Pennsylvania,,0.028,0.077,0.0,0.0,0.061,0.0,0.024,0.042
2276,2024,4878277,Justin Cayenne,TE,Pennsylvania,,0.026,0.057,0.0,0.028,0.016,0.039,0.025,0.028
2277,2024,4878284,Tommy Rittenhouse,QB,Illinois State,,0.47,0.837,0.128,0.448,0.431,0.6,0.402,0.625
2278,2024,4878290,Wenkers Wright,RB,Illinois State,,0.242,0.044,0.428,0.264,0.265,0.14,0.289,0.132
2279,2024,4878293,Daniel Sobkowicz,WR,Illinois State,,0.095,0.194,0.002,0.074,0.093,0.145,0.069,0.153
2280,2024,4878295,Scotty Presson Jr.,FB,Illinois State,,0.045,0.082,0.0,0.017,0.0,0.132,0.027,0.078
2281,2024,4878394,Ajay Allen,RB,Miami,ACC,0.059,0.009,0.113,0.081,0.045,0.028,0.072,0.026
2282,2024,4878681,Davis Warren,QB,Michigan,B1G,0.413,0.947,0.032,0.335,0.376,0.612,0.327,0.582
2283,2024,4878686,Peyton O'Leary,WR,Michigan,B1G,0.026,0.062,0.0,0.023,0.007,0.051,0.019,0.041
2284,2024,4878687,Joe Taylor,WR,Michigan,B1G,0.016,0.063,0.0,0.0,0.0,0.063,0.0,0.036
2285,2024,4878695,Max Bredeson,TE,Michigan,B1G,0.023,0.048,0.0,0.018,0.022,0.034,0.031,0.0
2286,2024,4878789,Daniel Lopes,WR,Villanova,,0.028,0.055,0.0,0.033,0.013,0.043,0.032,0.019
2287,2024,4878811,Richie Ilarraza,WR,Howard,,0.071,0.143,0.025,0.107,0.05,0.048,0.078,0.06
2288,2024,4878822,Jaylon Tolbert,QB,Howard,,0.292,0.531,0.063,0.179,0.333,0.432,0.232,0.4
2289,2024,4878823,Montrell Walker,TE,Howard,,0.011,0.022,0.0,0.025,0.0,0.0,0.017,0.0
2290,2024,4878834,Matt Morrissey,QB,Eastern Kentucky,,0.479,0.946,0.146,0.444,0.407,0.697,0.417,0.63
2291,2024,4878842,Layne Pryor,TE,Northern Iowa,,0.049,0.097,0.003,0.036,0.082,0.016,0.041,0.063
2292,2024,4878861,Jack Martens,WR,South Dakota,,0.037,0.078,0.0,0.033,0.033,0.058,0.033,0.049
2293,2024,4878862,Javion Phelps,WR,South Dakota,,0.033,0.079,0.0,0.019,0.043,0.044,0.021,0.068
2294,2024,4878863,Nate Thomas,RB,Idaho,,0.212,0.018,0.375,0.235,0.253,0.116,0.252,0.128
2295,2024,4878878,Amar Johnson,RB,South Dakota State,,0.231,0.079,0.339,0.294,0.193,0.159,0.266,0.142
2296,2024,4878884,Jon Bell,QB,South Dakota State,,0.035,0.088,0.004,0.014,0.029,0.089,0.015,0.093
2297,2024,4878886,Grahm Goering,WR,South Dakota State,,0.045,0.096,0.003,0.035,0.067,0.037,0.041,0.052
2298,2024,4878889,Angel Johnson,RB,South Dakota State,,0.142,0.037,0.219,0.147,0.183,0.073,0.16,0.093
2299,2024,4878911,Jakob Foss,QB,Nicholls,,0.04,0.095,0.019,0.0,0.042,0.077,0.0,0.2
2300,2024,4878912,Hunter Simmons,QB,Southern Illinois,,0.402,0.63,0.081,0.366,0.393,0.476,0.357,0.481
2301,2024,4878956,Max Tomczak,WR,Youngstown State,,0.088,0.211,0.004,0.066,0.089,0.116,0.072,0.124
2302,2024,4878982,Luke Hensley,WR,Youngstown State,,0.031,0.076,0.0,0.013,0.047,0.029,0.028,0.037
2303,2024,4878988,Gavin McCusker,QB,Merrimack,INDAA,0.018,0.0,0.036,0.05,0.0,0.0,0.028,0.0
2304,2024,4878992,Tyvon Edmonds Jr.,RB,Robert Morris,,0.287,0.11,0.474,0.333,0.351,0.113,0.343,0.167
2305,2024,4878994,Victor Dawson,RB,Cincinnati,B12,0.026,0.0,0.053,0.008,0.035,0.064,0.02,0.045
2306,2024,4878999,Jared Dunn,TE,Merrimack,INDAA,0.035,0.095,0.003,0.029,0.031,0.058,0.027,0.051
2307,2024,4879010,Myles Wilson,WR,Merrimack,INDAA,0.033,0.093,0.0,0.038,0.021,0.045,0.024,0.052
2308,2024,4879020,Korbin Allen,RB,Indiana State,,0.074,0.027,0.096,0.038,0.103,0.115,0.041,0.125
2309,2024,4879032,Ethan Chambers,WR,Indiana State,,0.039,0.093,0.0,0.036,0.029,0.052,0.028,0.061
2310,2024,4879033,Lance Rees,TE,Indiana State,,0.029,0.04,0.022,0.018,0.008,0.06,0.035,0.016
2311,2024,4879044,Ademola Faleye,TE,Michigan State,B1G,0.017,0.033,0.0,0.038,0.0,0.0,0.026,0.0
2312,2024,4879058,Joe Pesansky,QB,Holy Cross,,0.415,0.853,0.107,0.302,0.443,0.605,0.342,0.589
2313,2024,4879059,Justin Shorter,WR,Holy Cross,,0.069,0.152,0.008,0.042,0.103,0.08,0.049,0.116
2314,2024,4879060,Jordan Fuller,RB,Holy Cross,,0.366,0.045,0.577,0.408,0.4,0.161,0.419,0.229
2315,2024,4879073,Jacob Petersen,TE,Holy Cross,,0.071,0.164,0.0,0.076,0.044,0.103,0.069,0.076
2316,2024,4879079,Brock Bagozzi,QB,Missouri State,,0.046,0.081,0.0,0.034,0.024,0.107,0.022,0.098
2317,2024,4879082,Luke Pecovic,TE,Marist,,0.019,0.029,0.0,0.022,0.014,0.022,0.015,0.024
2318,2024,4879091,Logan Brabham,QB,Marist,,0.05,0.063,0.031,0.05,0.062,0.035,0.051,0.048
2319,2024,4879096,Reed Dexter,WR,Marist,,0.044,0.072,0.0,0.044,0.039,0.036,0.047,0.036
2320,2024,4879118,Jackson Willette,TE,Marist,,0.023,0.039,0.0,0.029,0.025,0.018,0.019,0.031
2321,2024,4879147,Michael Appel Jr.,QB,Valparaiso,,0.36,0.6,0.1,0.192,0.462,0.552,0.282,0.489
2322,2024,4879166,Evan Jernegan,TE,Valparaiso,,0.033,0.075,0.0,0.019,0.026,0.068,0.019,0.055
2323,2024,4879170,Barret Labus,RB,Valparaiso,,0.022,0.02,0.024,0.0,0.0,0.083,0.021,0.023
2324,2024,4879189,Hal Presley,WR,Baylor,B12,0.047,0.096,0.0,0.046,0.067,0.019,0.042,0.057
2325,2024,4879190,CJ Rogers,QB,Houston Christian,,0.155,0.244,0.068,0.12,0.146,0.222,0.119,0.21
2326,2024,4879194,Josh Cameron,WR,Baylor,B12,0.062,0.131,0.0,0.054,0.057,0.083,0.068,0.049
2327,2024,4879196,Gavin Yates,TE,Baylor,B12,0.019,0.034,0.0,0.028,0.021,0.0,0.019,0.021
2328,2024,4879225,Simon Romfo,QB,North Dakota,,0.512,0.981,0.179,0.453,0.508,0.658,0.443,0.699
2329,2024,4879229,Noah Schaffner,TE,North Dakota,,0.016,0.042,0.0,0.0,0.0,0.083,0.022,0.0
2330,2024,4879231,Gaven Ziebarth,RB,North Dakota,,0.17,0.006,0.287,0.202,0.138,0.165,0.205,0.077
2331,2024,4879236,Jaden Norby,TE,North Dakota,,0.015,0.036,0.0,0.014,0.009,0.014,0.017,0.011
2332,2024,4879243,Nick Kupfer,WR,North Dakota,,0.044,0.094,0.003,0.046,0.03,0.054,0.047,0.035
2333,2024,4879244,Nate DeMontagnac,WR,North Dakota,,0.03,0.068,0.003,0.024,0.034,0.038,0.026,0.04
2334,2024,4879248,Eli Green,WR,Iowa State,B12,0.045,0.084,0.0,0.078,0.013,0.021,0.049,0.031
2335,2024,4879250,Cole Payton,QB,North Dakota State,,0.074,0.095,0.06,0.068,0.038,0.123,0.068,0.092
2336,2024,4879253,Chris Harris,WR,North Dakota State,,0.035,0.089,0.0,0.023,0.04,0.059,0.028,0.056
2337,2024,4879254,Grant Romfo,WR,North Dakota,,0.072,0.0,0.114,0.083,0.085,0.037,0.087,0.029
2338,2024,4879256,Barika Kpeenu,RB,North Dakota State,,0.143,0.042,0.208,0.149,0.171,0.08,0.147,0.129
2339,2024,4879264,Truman Werremeyer,FB,North Dakota State,,0.024,0.059,0.0,0.035,0.024,0.0,0.025,0.022
2340,2024,4879276,Bryce Lance,WR,North Dakota State,,0.081,0.192,0.008,0.076,0.092,0.08,0.074,0.098
2341,2024,4879287,Kellen Stewart,WR,Middle Tennessee,CUSA,0.016,0.024,0.0,0.036,0.0,0.0,0.026,0.0
2342,2024,4879288,Drae McCray,WR,Texas Tech,B12,0.03,0.049,0.005,0.016,0.041,0.033,0.014,0.06
2343,2024,4879292,Kam Thomas,WR,UTEP,CUSA,0.091,0.145,0.041,0.08,0.123,0.079,0.082,0.109
2344,2024,4879298,Trey Goodman,WR,UTEP,CUSA,0.068,0.136,0.005,0.084,0.066,0.051,0.069,0.066
2345,2024,4879321,Tae Gayden,WR,Austin Peay,,0.018,0.03,0.0,0.041,0.0,0.0,0.029,0.0
2346,2024,4879390,Robert McMinn,WR,Alabama State,,0.033,0.075,0.011,0.035,0.034,0.032,0.029,0.041
2347,2024,4879455,Damashja Harris,RB,North Texas,AAC,0.125,0.034,0.237,0.144,0.11,0.125,0.135,0.107
2348,2024,4879463,RJ Carver,RB,Lamar,,0.105,0.023,0.149,0.106,0.122,0.074,0.112,0.09
2349,2024,4879499,Tony Johnson,WR,Cincinnati,B12,0.062,0.12,0.005,0.043,0.077,0.084,0.058,0.073
2350,2024,4879507,Zach Hrbacek,RB,Sam Houston,CUSA,0.045,0.008,0.079,0.064,0.043,0.018,0.046,0.044
2351,2024,4879526,Shane Johnson,WR,Sam Houston,CUSA,0.038,0.087,0.0,0.0,0.111,0.0,0.0,0.083
2352,2024,4879535,Dalton McElyea,QB,Stephen F. Austin,,0.024,0.0,0.056,0.031,0.0,0.053,0.045,0.0
2353,2024,4879562,Jeremiah Noga,WR,Oregon State,PAC,0.033,0.07,0.0,0.015,0.037,0.06,0.024,0.054
2354,2024,4879567,Trent Walker,WR,Oregon State,PAC,0.101,0.21,0.009,0.085,0.118,0.118,0.079,0.156
2355,2024,4879573,Carter Neuman,TE,Bryant,,0.016,0.026,0.0,0.037,0.0,0.0,0.024,0.0
2356,2024,4879574,Bryce Caufield,TE,Oregon State,PAC,0.02,0.033,0.006,0.014,0.026,0.027,0.02,0.018
2357,2024,4879611,Amari Daniels,RB,Texas A&M,SEC,0.182,0.027,0.292,0.129,0.225,0.211,0.18,0.187
2358,2024,4879643,Ethan Davies,WR,Virginia,ACC,0.015,0.023,0.0,0.018,0.023,0.0,0.023,0.0
2359,2024,4879655,Henry Rutledge,RB,Charlotte,AAC,0.04,0.036,0.046,0.059,0.024,0.022,0.043,0.034
2360,2024,4879655,Henry Rutledge,RB,Charlotte,,0.04,0.036,0.046,0.059,0.024,0.022,0.043,0.034
2361,2024,4879677,Ashtyn Hawkins,WR,Baylor,B12,0.064,0.126,0.007,0.061,0.087,0.037,0.054,0.089
2362,2024,4879783,Caeleb Schlachter,WR,Eastern Kentucky,,0.018,0.044,0.0,0.008,0.0,0.066,0.009,0.038
2363,2024,4879810,Eric Holley,WR,Toledo,MAC,0.03,0.055,0.004,0.028,0.025,0.048,0.023,0.047
2364,2024,4879926,David Crossan,TE,Army,AAC,0.014,0.111,0.0,0.0,0.043,0.0,0.02,0.0
2365,2024,4879928,Bryson Daily,QB,Army,AAC,0.488,0.898,0.422,0.385,0.496,0.658,0.461,0.579
2366,2024,4879931,Simeon Evans,WR,Sam Houston,CUSA,0.067,0.145,0.011,0.058,0.076,0.074,0.058,0.088
2367,2024,4879946,Danny Joiner,TE,Southeast Missouri State,,0.031,0.045,0.0,0.04,0.0,0.063,0.026,0.038
2368,2024,4879956,Will Montesi,TE,Army,AAC,0.022,0.143,0.0,0.0,0.0,0.125,0.0,0.083
2369,2024,4879965,Casey Reynolds,WR,Army,AAC,0.031,0.207,0.0,0.021,0.031,0.047,0.015,0.081
2370,2024,4879971,Cam Schurr,WR,Army,AAC,0.019,0.113,0.0,0.018,0.016,0.029,0.013,0.04
2371,2024,4879975,Miles Stewart,RB,Army,AAC,0.022,0.067,0.015,0.03,0.019,0.016,0.017,0.039
2372,2024,4879981,AJ Williams,RB,Army,AAC,0.033,0.0,0.041,0.042,0.05,0.0,0.044,0.0
2373,2024,4880047,Jacoby Boykins,WR,Abilene Christian,,0.019,0.029,0.0,0.0,0.056,0.0,0.0,0.05
2374,2024,4880079,Reagan Ealy,WR,Arkansas State,SBC,0.034,0.063,0.0,0.039,0.025,0.038,0.029,0.043
2375,2024,4880156,Bradley West,WR,Morehead State,,0.029,0.065,0.0,0.022,0.0,0.085,0.023,0.037
2376,2024,4880174,Tadd Barr,WR,Buffalo,MAC,0.023,0.048,0.0,0.039,0.009,0.014,0.033,0.0
2377,2024,4880185,Finn Hogan,WR,Bowling Green,MAC,0.039,0.067,0.0,0.035,0.035,0.05,0.023,0.069
2378,2024,4880217,Brian Shane,TE,Miami (OH),MAC,0.017,0.037,0.0,0.0,0.0,0.0,0.024,0.0
2379,2024,4880223,Cole Mitchell,TE,Robert Morris,,0.025,0.049,0.0,0.026,0.028,0.022,0.02,0.036
2380,2024,4880236,Will Kacmarek,TE,Ohio State,B1G,0.023,0.044,0.0,0.016,0.023,0.049,0.021,0.029
2381,2024,4880239,Nolan McCormick,RB,Ohio,MAC,0.08,0.01,0.129,0.073,0.077,0.114,0.103,0.015
2382,2024,4880272,Byrum Brown,QB,South Florida,AAC,0.557,0.817,0.296,0.536,0.513,0.679,0.507,0.638
2383,2024,4880279,P.J. Prioleau,RB,Virginia Tech,ACC,0.029,0.0,0.044,0.017,0.045,0.032,0.042,0.0
2384,2024,4880281,Jordyn Tyson,WR,Arizona State,B12,0.105,0.252,0.006,0.094,0.112,0.123,0.092,0.138
2385,2024,4880301,Austin Jarrard,TE,Sacramento State,,0.014,0.029,0.0,0.011,0.0,0.044,0.014,0.013
2386,2024,4880322,Franklin Estrada,RB,TCU,B12,0.046,0.0,0.111,0.03,0.048,0.1,0.061,0.0
2387,2024,4880339,Jason Weir,TE,Stonehill,,0.016,0.043,0.0,0.0,0.024,0.034,0.011,0.029
2388,2024,4880358,Cam Pedro,WR,Southeast Missouri State,,0.096,0.144,0.003,0.091,0.109,0.089,0.089,0.109
2389,2024,4880369,Davis Sherwood,TE,Notre Dame,Ind,0.015,0.036,0.0,0.0,0.0,0.04,0.01,0.032
2390,2024,4880395,Tae Meadows,RB,Troy,SBC,0.016,0.0,0.032,0.036,0.0,0.0,0.024,0.0
2391,2024,4880395,Tae Meadows,RB,Troy,,0.016,0.0,0.032,0.036,0.0,0.0,0.024,0.0
2392,2024,4880449,Blake Bosma,TE,Western Michigan,MAC,0.061,0.136,0.003,0.046,0.08,0.078,0.048,0.094
2393,2024,4880453,Cole Speer,WR,Georgia,SEC,0.023,0.043,0.0,0.0,0.024,0.111,0.01,0.061
2394,2024,4880505,Jack Rilling,WR,Marist,,0.034,0.054,0.0,0.041,0.03,0.034,0.035,0.032
2395,2024,4880511,Jordan Ford,RB,Georgia State,SBC,0.061,0.029,0.111,0.047,0.068,0.086,0.048,0.088
2396,2024,4880608,Juju McDowell,RB,South Carolina,SEC,0.047,0.014,0.071,0.06,0.042,0.027,0.053,0.036
2397,2024,4880610,Eriq Rice,WR,South Carolina,SEC,0.019,0.046,0.0,0.0,0.036,0.038,0.0,0.071
2398,2024,4880638,Kye Robichaux,RB,Boston College,ACC,0.231,0.026,0.382,0.307,0.224,0.107,0.295,0.082
2399,2024,4880640,Alex Williams,TE,Western Illinois,,0.018,0.027,0.0,0.013,0.038,0.0,0.01,0.033
2400,2024,4880644,Bryce Damous,TE,UAB,AAC,0.036,0.059,0.004,0.035,0.037,0.034,0.032,0.044
2401,2024,4880664,Jostein Clarke,WR,Bethune-Cookman,,0.016,0.03,0.0,0.0,0.0,0.05,0.0,0.04
2402,2024,4880681,Amin Hassan,RB,Navy,AAC,0.032,0.023,0.035,0.017,0.045,0.036,0.021,0.057
2403,2024,4880684,Maquel Haywood,RB,App State,SBC,0.091,0.027,0.162,0.106,0.07,0.075,0.112,0.056
2404,2024,4880691,Thomas Scully,TE,Navy,AAC,0.019,0.063,0.0,0.0,0.0,0.167,0.0,0.071
2405,2024,4880697,Daba Fofana,FB,Navy,AAC,0.078,0.005,0.102,0.098,0.077,0.044,0.089,0.053
2406,2024,4880758,Chris Irvin,QB,Western Illinois,,0.073,0.117,0.013,0.064,0.078,0.07,0.063,0.092
2407,2024,4880774,Jake Boust,TE,Fresno State,MWC,0.023,0.049,0.0,0.034,0.023,0.0,0.021,0.029
2408,2024,4880818,Matthew McCallister,WR,McNeese,,0.024,0.055,0.0,0.03,0.0,0.053,0.024,0.023
2409,2024,4880823,Julien Lewis,WR,Grambling,,0.038,0.07,0.01,0.071,0.029,0.0,0.048,0.024
2410,2024,4880845,Charles Montgomery,WR,Marshall,SBC,0.056,0.126,0.01,0.035,0.06,0.096,0.043,0.088
2411,2024,4880847,Arthur Rodgers,RB,North Carolina Central,,0.083,0.012,0.151,0.078,0.089,0.088,0.068,0.118
2412,2024,4880870,Xzavior Kautai,TE,North Texas,AAC,0.017,0.029,0.0,0.014,0.0,0.026,0.027,0.0
2413,2024,4880963,Andrew Jacobs,WR,Youngstown State,,0.015,0.033,0.0,0.012,0.015,0.023,0.015,0.015
2414,2024,4880964,Terron Kellman,RB,Charlotte,AAC,0.088,0.004,0.19,0.096,0.095,0.066,0.093,0.081
2415,2024,4880964,Terron Kellman,RB,Charlotte,,0.088,0.004,0.19,0.096,0.095,0.066,0.093,0.081
2416,2024,4881352,Jack Shields,QB,Buffalo,MAC,0.027,0.0,0.041,0.05,0.021,0.0,0.031,0.02
2417,2024,4881563,Mike Sharpe II,RB,Arkansas State,SBC,0.035,0.011,0.074,0.0,0.061,0.056,0.022,0.059
2418,2024,4881826,Cash Jones,RB,Georgia,SEC,0.043,0.048,0.037,0.034,0.031,0.067,0.041,0.048
2419,2024,4881836,Mekhi Mews,WR,Houston,B12,0.052,0.109,0.01,0.053,0.058,0.051,0.046,0.065
2420,2024,4881961,Kobe Paul,WR,Jackson State,,0.042,0.092,0.0,0.027,0.018,0.111,0.033,0.063
2421,2024,4882061,Jacob Newell,TE,Akron,MAC,0.058,0.101,0.0,0.049,0.062,0.079,0.049,0.075
2422,2024,4882071,Kristian Dalton,RB,Tarleton State,,0.041,0.0,0.064,0.032,0.024,0.118,0.032,0.071
2423,2024,4882093,Bhayshul Tuten,RB,Virginia Tech,ACC,0.293,0.071,0.476,0.362,0.323,0.136,0.333,0.213
2424,2024,4882120,Jamison Warren,WR,North Carolina A&T,,0.032,0.055,0.009,0.021,0.045,0.031,0.026,0.043
2425,2024,4882121,Nicholas Dobson,TE,North Carolina A&T,,0.035,0.069,0.0,0.028,0.044,0.04,0.04,0.025
2426,2024,4882122,Sterling Berkhalter,WR,Cincinnati,B12,0.023,0.046,0.0,0.023,0.032,0.011,0.024,0.021
2427,2024,4882697,Nemo Squire,RB,Gardner-Webb,,0.015,0.0,0.04,0.036,0.0,0.0,0.027,0.0
2428,2024,4883095,Ryan Belk,TE,Yale,,0.015,0.034,0.0,0.022,0.0,0.029,0.013,0.024
2429,2024,4883100,Nathan Denney,RB,Yale,,0.118,0.038,0.191,0.105,0.156,0.102,0.122,0.108
2430,2024,4883103,Luke Foster,TE,Yale,,0.014,0.027,0.0,0.021,0.0,0.0,0.02,0.0
2431,2024,4883110,Grant Jordan,QB,Yale,,0.446,0.722,0.196,0.442,0.379,0.544,0.416,0.527
2432,2024,4883118,Chase Nenad,WR,Yale,,0.058,0.122,0.0,0.068,0.06,0.039,0.061,0.048
2433,2024,4883119,David Pantelis,WR,Yale,,0.105,0.213,0.009,0.105,0.106,0.094,0.104,0.108
2434,2024,4883120,Tre Peterson,RB,Yale,,0.102,0.008,0.188,0.103,0.149,0.037,0.107,0.09
2435,2024,4883127,Mason Shipp,WR,Yale,,0.071,0.15,0.0,0.071,0.065,0.07,0.066,0.084
2436,2024,4883647,Elic Ayomanor,WR,Stanford,ACC,0.097,0.194,0.0,0.096,0.098,0.099,0.089,0.115
2437,2024,4883676,Jalen Johnson,WR,Grambling,,0.027,0.054,0.005,0.007,0.036,0.053,0.019,0.042
2438,2024,4883774,Jayden McGowan,WR,Boston College,ACC,0.04,0.06,0.026,0.019,0.024,0.107,0.023,0.077
2439,2024,4883859,Jordan Smith,WR,South Carolina State,,0.034,0.049,0.013,0.0,0.033,0.097,0.0,0.111
2440,2024,4883877,Joe Crifasi,QB,Central Connecticut,,0.029,0.059,0.006,0.009,0.065,0.018,0.027,0.034
2441,2024,4883885,Peter Cleary,TE,Central Connecticut,,0.027,0.064,0.0,0.01,0.038,0.05,0.021,0.041
2442,2024,4883899,Hope Adebayo,RB,St. Thomas (MN),,0.262,0.037,0.458,0.352,0.254,0.131,0.328,0.144
2443,2024,4883912,Andrew McElroy,WR,Northern Illinois,MAC,0.034,0.082,0.0,0.017,0.033,0.067,0.028,0.048
2444,2024,4883936,Shawn Shipman,RB,Western Illinois,,0.045,0.005,0.086,0.058,0.042,0.027,0.052,0.027
2445,2024,4883946,Landon Reed,RB,St. Thomas (MN),,0.034,0.043,0.028,0.053,0.029,0.014,0.054,0.0
2446,2024,4883989,Aiden Carlson,TE,St. Thomas (MN),,0.026,0.051,0.0,0.058,0.0,0.0,0.039,0.0
2447,2024,4884043,AJ Barber,WR,Princeton,,0.089,0.156,0.015,0.108,0.076,0.08,0.096,0.075
2448,2024,4884086,Jalen Macon,QB,Northern Illinois,MAC,0.162,0.241,0.103,0.111,0.167,0.375,0.125,0.333
2449,2024,4884087,Daemon Dawkins,WR,Arkansas-Pine Bluff,,0.034,0.064,0.004,0.038,0.035,0.029,0.033,0.036
2450,2024,4884105,Kevin English,WR,Arkansas-Pine Bluff,,0.025,0.043,0.0,0.03,0.02,0.028,0.034,0.015
2451,2024,4884393,Elijah Burris,RB,Hampton,,0.232,0.046,0.357,0.256,0.273,0.116,0.256,0.175
2452,2024,4884395,Romon Copeland,WR,Austin Peay,,0.104,0.162,0.046,0.109,0.129,0.069,0.111,0.092
2453,2024,4884398,Tyler Thompson,WR,Hampton,,0.018,0.029,0.011,0.028,0.017,0.0,0.025,0.0
2454,2024,4884402,Ja'Quan Snipes,RB,Hampton,,0.158,0.021,0.245,0.188,0.152,0.099,0.174,0.118
2455,2024,4884403,Tymere Robinson,RB,Hampton,,0.132,0.015,0.208,0.136,0.138,0.122,0.16,0.067
2456,2024,4884418,TK Paisant,TE,Hampton,,0.017,0.043,0.0,0.009,0.016,0.036,0.01,0.032
2457,2024,4885048,Carson Goda,TE,Illinois,B1G,0.021,0.042,0.0,0.023,0.0,0.057,0.016,0.031
2458,2024,4885443,Robert Giaimo,RB,Lindenwood,,0.101,0.017,0.167,0.115,0.126,0.046,0.114,0.073
2459,2024,4885466,Jeff Caldwell,WR,Lindenwood,,0.086,0.19,0.008,0.08,0.076,0.111,0.077,0.106
2460,2024,4885469,Darrin Fugitt,TE,Lindenwood,,0.026,0.056,0.003,0.028,0.016,0.03,0.022,0.034
2461,2024,4886048,Jordan Riles,WR,Northern Colorado,,0.024,0.054,0.0,0.0,0.057,0.013,0.015,0.041
2462,2024,4886073,Aidan Quinn,TE,Southern Illinois,,0.015,0.028,0.0,0.024,0.0,0.023,0.015,0.014
2463,2024,4887152,Savion Sims,WR,Texas Southern,,0.015,0.05,0.0,0.0,0.0,0.067,0.0,0.056
2464,2024,4887420,Andre Crawley,WR,Morgan State,,0.065,0.149,0.011,0.04,0.1,0.069,0.057,0.078
2465,2024,4887438,Elisha Cummings,RB,Idaho,,0.208,0.041,0.361,0.221,0.242,0.151,0.215,0.196
2466,2024,4887446,Gevani McCoy,QB,Oregon State,PAC,0.381,0.7,0.114,0.329,0.383,0.478,0.328,0.51
2467,2024,4887635,Brady Meitz,QB,Stetson,,0.472,0.704,0.048,0.354,0.561,0.577,0.382,0.637
2468,2024,4887689,Duce Taylor,QB,Morgan State,,0.387,0.769,0.111,0.283,0.425,0.464,0.293,0.571
2469,2024,4887796,Kayvon Britten,RB,Tarleton State,,0.378,0.045,0.616,0.434,0.34,0.331,0.425,0.251
2470,2024,4887824,Gary Clinton,TE,Missouri State,,0.029,0.051,0.0,0.042,0.03,0.0,0.029,0.029
2471,2024,4887918,Junior Bergen,WR,Montana,,0.081,0.159,0.003,0.064,0.092,0.087,0.066,0.114
2472,2024,4888130,Noah Bodden,QB,Southern,,0.289,0.519,0.069,0.21,0.295,0.422,0.216,0.413
2473,2024,4888131,Antonio Jones,WR,Temple,AAC,0.045,0.075,0.01,0.04,0.051,0.052,0.038,0.056
2474,2024,4888136,Tyce Fusilier,RB,Southern,,0.033,0.0,0.063,0.051,0.034,0.0,0.049,0.0
2475,2024,4888163,Avion McBride,TE,Georgia State,SBC,0.014,0.02,0.0,0.0,0.048,0.0,0.022,0.0
2476,2024,4888607,Destun Thomas,WR,Kennesaw State,CUSA,0.018,0.033,0.013,0.0,0.028,0.036,0.015,0.024
2477,2024,4888706,Parker Kingston,WR,BYU,B12,0.032,0.05,0.016,0.029,0.034,0.038,0.032,0.031
2478,2024,4888723,Wesley Grimes,WR,NC State,ACC,0.039,0.076,0.0,0.045,0.039,0.024,0.044,0.027
2479,2024,4888886,Kenyon Clay,RB,Southern Miss,SBC,0.143,0.054,0.23,0.155,0.177,0.081,0.158,0.118
2480,2024,4889929,Quinn Ewers,QB,Texas,SEC,0.505,0.921,0.058,0.45,0.491,0.658,0.435,0.656
2481,2024,4890060,Jack Hestera,WR,Utah State,MWC,0.043,0.075,0.004,0.03,0.072,0.033,0.04,0.049
2482,2024,4890269,Cole Hoskyns,TE,Gardner-Webb,,0.023,0.041,0.0,0.022,0.0,0.043,0.022,0.027
2483,2024,4890328,Adrian Green,WR,Houston Christian,,0.026,0.055,0.0,0.011,0.047,0.028,0.021,0.034
2484,2024,4890373,Bauer Sharp,TE,Oklahoma,SEC,0.062,0.134,0.005,0.046,0.083,0.063,0.051,0.084
2485,2024,4890413,Tyleek Sealey,RB,Presbyterian,,0.039,0.0,0.072,0.018,0.023,0.08,0.034,0.049
2486,2024,4890615,Tre'jon Spiller,WR,Prairie View A&M,,0.055,0.115,0.0,0.05,0.041,0.084,0.041,0.079
2487,2024,4890973,Ashton Jeanty,RB,Boise State,MWC,0.41,0.054,0.69,0.484,0.416,0.253,0.477,0.246
2488,2024,4891191,Christian Anaya,WR,Western Illinois,,0.058,0.095,0.007,0.056,0.059,0.046,0.055,0.063
2489,2024,4891198,Tre Spivey,WR,Kansas State,B12,0.047,0.096,0.006,0.036,0.042,0.052,0.036,0.077
2490,2024,4891709,Barry White,TE,Alabama A&M,,0.033,0.067,0.0,0.047,0.018,0.031,0.034,0.032
2491,2024,4891852,Jordan Smart,WR,Ole Miss,SEC,0.014,0.025,0.0,0.0,0.0,0.091,0.019,0.0
2492,2024,4892055,Cam Pygatt,WR,Georgetown,,0.054,0.099,0.009,0.051,0.042,0.085,0.055,0.051
2493,2024,4892216,Quincy McDuffie,WR,Long Island University,,0.019,0.038,0.0,0.0,0.071,0.0,0.0,0.071
2494,2024,4892292,Connor Finer,TE,Kennesaw State,CUSA,0.016,0.043,0.0,0.0,0.0,0.058,0.0,0.038
2495,2024,4892437,Peyton Kramer,WR,Tarleton State,,0.02,0.05,0.0,0.037,0.0,0.0,0.027,0.0
2496,2024,4892466,NyGhee Lolley,WR,Delaware State,,0.067,0.125,0.007,0.066,0.052,0.078,0.067,0.067
2497,2024,4892576,Jamaal Pritchett,WR,South Alabama,SBC,0.118,0.24,0.003,0.126,0.114,0.106,0.101,0.159
2498,2024,4892983,Terrell Timmons Jr.,WR,Colorado,B12,0.017,0.025,0.0,0.035,0.0,0.0,0.026,0.0
2499,2024,4893047,Tyler Wilkins,WR,Morgan State,,0.016,0.038,0.0,0.045,0.0,0.0,0.029,0.0
2500,2024,4893657,Gavin Wimsatt,QB,Kentucky,SEC,0.174,0.192,0.159,0.121,0.228,0.194,0.152,0.218
2501,2024,4893710,Jalen Geer,WR,Princeton,,0.034,0.065,0.0,0.022,0.037,0.044,0.018,0.065
2502,2024,4893718,Xavier Leigh,RB,Sacred Heart,INDAA,0.154,0.049,0.221,0.16,0.159,0.135,0.156,0.151
2503,2024,4893719,Blaine McAllister,QB,Princeton,,0.161,0.156,0.174,0.11,0.194,0.233,0.14,0.194
2504,2024,4893724,Trey Eberhart III,RB,Sacred Heart,INDAA,0.02,0.0,0.04,0.05,0.0,0.0,0.037,0.0
2505,2024,4893731,John Volker,RB,Princeton,,0.175,0.041,0.333,0.233,0.156,0.106,0.215,0.103
2506,2024,4893733,Matthew Mahoney,WR,Princeton,,0.024,0.045,0.0,0.026,0.042,0.0,0.021,0.03
2507,2024,4893738,Luke Colella,WR,Princeton,,0.105,0.194,0.008,0.091,0.108,0.128,0.093,0.125
2508,2024,4893748,Connor Hulstein,TE,Princeton,,0.028,0.054,0.0,0.013,0.017,0.079,0.009,0.066
2509,2024,4893750,Tyler Picinic,TE,Princeton,,0.043,0.068,0.0,0.0,0.0,0.133,0.024,0.069
2510,2024,4893754,Simon Brackin,TE,Princeton,,0.018,0.037,0.0,0.02,0.026,0.0,0.012,0.03
2511,2024,4893815,JaMario Clements,RB,Duquesne,,0.207,0.006,0.397,0.248,0.258,0.07,0.254,0.111
2512,2024,4893852,Ty Stylski,RB,Dayton,,0.063,0.012,0.107,0.095,0.068,0.0,0.067,0.056
2513,2024,4894449,Miller McCrumby,TE,Arkansas State,SBC,0.02,0.039,0.0,0.009,0.047,0.0,0.008,0.046
2514,2024,4894451,Brennan Parachek,TE,Michigan State,B1G,0.021,0.041,0.0,0.025,0.033,0.0,0.02,0.024
2515,2024,4894661,Durell Robinson,RB,UConn,Ind,0.143,0.037,0.234,0.151,0.131,0.149,0.156,0.115
2516,2024,4896057,Chance Miller,WR,Portland State,,0.029,0.072,0.0,0.029,0.016,0.029,0.026,0.036
2517,2024,4896113,DJ Nelson,TE,Alabama A&M,,0.038,0.081,0.004,0.042,0.023,0.053,0.035,0.046
2518,2024,4896167,Jake Johnson,QB,Austin Peay,,0.063,0.115,0.027,0.052,0.048,0.08,0.067,0.053
2519,2024,4896184,C.J. Henry,QB,Delaware State,,0.238,0.403,0.06,0.173,0.268,0.295,0.213,0.281
2520,2024,4896289,Gavin Freeman,WR,Oklahoma State,B12,0.03,0.048,0.0,0.034,0.049,0.0,0.023,0.044
2521,2024,4896389,Louis Brown,WR,San Diego State,MWC,0.072,0.147,0.0,0.071,0.084,0.061,0.06,0.092
2522,2024,4896391,Sean Wilson,WR,Virginia,ACC,0.034,0.058,0.0,0.055,0.024,0.016,0.048,0.01
2523,2024,4896653,Ryan Corbett,WR,Colgate,,0.017,0.034,0.0,0.038,0.0,0.0,0.027,0.0
2524,2024,4897730,Braylon McReynolds,RB,South Alabama,SBC,0.081,0.025,0.127,0.095,0.09,0.024,0.094,0.033
2525,2024,4898018,Josh Sapp,TE,Clemson,ACC,0.014,0.024,0.0,0.012,0.016,0.015,0.008,0.028
2526,2024,4898646,Keshawn Brown,WR,Massachusetts,Ind,0.029,0.056,0.0,0.0,0.048,0.059,0.0,0.077
2527,2024,4899046,Brendan Sorsby,QB,Cincinnati,B12,0.603,0.978,0.228,0.516,0.631,0.761,0.533,0.767
2528,2024,4899137,Johnny Thompson Jr.,RB,Kansas,B12,0.079,0.0,0.119,0.103,0.095,0.0,0.094,0.0
2529,2024,4899361,Kedrick Reescano,RB,Arizona,B12,0.11,0.017,0.249,0.111,0.136,0.076,0.127,0.08
2530,2024,4899366,Semaj Morgan,WR,Michigan,B1G,0.057,0.113,0.017,0.052,0.049,0.069,0.052,0.065
2531,2024,4899368,Kendrick Raphael,RB,NC State,ACC,0.11,0.021,0.208,0.12,0.128,0.071,0.12,0.087
2532,2024,4899369,Christopher Vizzina,QB,Clemson,ACC,0.088,0.14,0.031,0.06,0.081,0.175,0.065,0.151
2533,2024,4899468,Kaden Anderson,QB,Wyoming,MWC,0.232,0.452,0.058,0.239,0.202,0.267,0.226,0.244
2534,2024,4899470,Ja'Koby Banks,WR,Memphis,AAC,0.031,0.019,0.047,0.043,0.024,0.024,0.033,0.026
2535,2024,4899472,Chris Culliver,WR,North Carolina,ACC,0.033,0.056,0.006,0.033,0.035,0.033,0.028,0.042
2536,2024,4899668,Nathan Jones,TE,Minnesota,B1G,0.014,0.029,0.0,0.0,0.0,0.091,0.0,0.059
2537,2024,4899704,Jordan King,WR,California,ACC,0.023,0.04,0.0,0.037,0.014,0.0,0.025,0.016
2538,2024,4900025,Kanye Roberts,RB,App State,SBC,0.166,0.022,0.33,0.179,0.189,0.115,0.181,0.139
2539,2024,4900146,Cartevious Norton,RB,Charlotte,AAC,0.184,0.006,0.39,0.223,0.195,0.108,0.239,0.082
2540,2024,4900146,Cartevious Norton,RB,Charlotte,,0.184,0.006,0.39,0.223,0.195,0.108,0.239,0.082
2541,2024,4900152,Zyion Claville,WR,Texas Southern,,0.047,0.083,0.0,0.0,0.083,0.1,0.069,0.0
2542,2024,4900351,Noah Bennee,TE,Weber State,,0.019,0.043,0.0,0.023,0.021,0.011,0.021,0.014
2543,2024,4900640,Kyle Parker,WR,LSU,SEC,0.02,0.032,0.0,0.01,0.03,0.027,0.013,0.038
2544,2024,4900771,Marquis Gillis,RB,Delaware State,,0.048,0.029,0.08,0.0,0.158,0.0,0.053,0.042
2545,2024,4900879,Jacquon Gibson,WR,Massachusetts,Ind,0.04,0.094,0.0,0.023,0.064,0.046,0.024,0.077
2546,2024,4900903,Senika McKie,WR,Coastal Carolina,SBC,0.035,0.081,0.0,0.03,0.037,0.033,0.03,0.045
2547,2024,4900934,Stephen Kittleman,QB,Tulsa,AAC,0.034,0.033,0.036,0.049,0.021,0.029,0.045,0.017
2548,2024,4905244,Andrew Savaiinaea,TE,Nevada,MWC,0.03,0.052,0.0,0.034,0.048,0.0,0.029,0.034
2549,2024,4905594,Jawaun Northington,RB,Murray State,,0.162,0.031,0.265,0.157,0.179,0.14,0.173,0.141
2550,2024,4905609,Fredrick Moore,WR,Michigan,B1G,0.039,0.078,0.017,0.016,0.056,0.058,0.023,0.071
2551,2024,4906094,Nick Munson,WR,Ball State,MAC,0.016,0.023,0.0,0.0,0.024,0.034,0.0,0.042
2552,2024,4907543,Marcus Sanders Jr.,WR,Georgia Southern,SBC,0.019,0.029,0.008,0.029,0.006,0.02,0.02,0.018
2553,2024,4907573,Dalen Cobb,WR,Georgia Southern,SBC,0.072,0.117,0.022,0.083,0.071,0.056,0.066,0.084
2554,2024,4907671,Anthony Evans III,WR,Georgia,SEC,0.037,0.048,0.021,0.063,0.018,0.015,0.04,0.029
2555,2024,4907735,Michael Buckley,WR,New Mexico,MWC,0.06,0.111,0.0,0.063,0.048,0.08,0.053,0.077
2556,2024,4907786,Rocky Beers,TE,Florida International,CUSA,0.068,0.125,0.0,0.045,0.1,0.077,0.083,0.043
2557,2024,4909483,Jordin Parker,WR,Western Michigan,MAC,0.037,0.073,0.01,0.038,0.018,0.077,0.031,0.052
2558,2024,4909541,Ty Harding,WR,Massachusetts,Ind,0.041,0.093,0.006,0.048,0.029,0.029,0.036,0.051
2559,2024,4910238,Keyshaun Pipkin,WR,Northern Illinois,MAC,0.015,0.032,0.0,0.022,0.015,0.0,0.014,0.019
2560,2024,4910239,Justus Ross-Simmons,WR,Syracuse,ACC,0.024,0.041,0.0,0.029,0.025,0.014,0.027,0.018
2561,2024,4910682,Jamal Hailey,RB,Western Michigan,MAC,0.036,0.0,0.058,0.049,0.037,0.0,0.05,0.0
2562,2024,4910711,Justin Holmes,TE,Marshall,SBC,0.016,0.031,0.0,0.0,0.05,0.0,0.029,0.0
2563,2024,4911851,Lequint Allen,RB,Syracuse,ACC,0.298,0.118,0.601,0.373,0.295,0.158,0.352,0.179
2564,2024,4911888,Mike Higgins,TE,Rutgers,B1G,0.021,0.042,0.0,0.021,0.039,0.0,0.012,0.041
2565,2024,4911906,Kanen Hamlett,TE,App State,SBC,0.019,0.041,0.0,0.0,0.042,0.027,0.022,0.014
2566,2024,4911914,Andrew Paul,RB,Jacksonville State,CUSA,0.056,0.004,0.082,0.063,0.045,0.039,0.064,0.032
2567,2024,4911929,Alonza Barnett,QB,James Madison,SBC,0.583,0.992,0.224,0.518,0.545,0.768,0.52,0.721
2568,2024,4911932,Joshua Thompson,WR,Georgia Southern,SBC,0.021,0.038,0.0,0.045,0.0,0.0,0.033,0.0
2569,2024,4911961,Jack Lausch,QB,Northwestern,B1G,0.608,0.889,0.252,0.549,0.614,0.712,0.537,0.742
2570,2024,4911971,Jahiem White,RB,West Virginia,B12,0.186,0.048,0.295,0.233,0.191,0.119,0.215,0.129
2571,2024,4912041,Kendrick Rucker,TE,Louisiana Tech,CUSA,0.014,0.033,0.0,0.0,0.0,0.063,0.0,0.045
2572,2024,4912052,Justin Joly,TE,NC State,ACC,0.057,0.112,0.0,0.035,0.074,0.047,0.048,0.078
2573,2024,4912067,Chase Sowell,WR,East Carolina,AAC,0.059,0.117,0.004,0.041,0.069,0.089,0.043,0.095
2574,2024,4912119,Tucker Kilcrease,QB,Troy,SBC,0.254,0.319,0.193,0.207,0.255,0.307,0.218,0.325
2575,2024,4912119,Tucker Kilcrease,QB,Troy,,0.254,0.319,0.193,0.207,0.255,0.307,0.218,0.325
2576,2024,4912130,Trell Harris,WR,Virginia,ACC,0.056,0.103,0.0,0.051,0.07,0.019,0.058,0.051
2577,2024,4912135,Justius Lowe,WR,Oregon,B1G,0.043,0.082,0.0,0.067,0.022,0.018,0.049,0.026
2578,2024,4912164,Jordyn Williams,WR,Central Michigan,MAC,0.045,0.084,0.0,0.045,0.048,0.024,0.063,0.0
2579,2024,4912186,Trey Johnson,WR,Bowling Green,MAC,0.016,0.033,0.0,0.0,0.056,0.0,0.0,0.063
2580,2024,4912218,Cyrus Allen,WR,Texas A&M,SEC,0.04,0.095,0.0,0.033,0.047,0.049,0.027,0.068
2581,2024,4912240,Tylan Hines,RB,Hawai'i,MWC,0.081,0.046,0.144,0.087,0.102,0.034,0.092,0.06
2582,2024,4912254,Jordan McCants,WR,Jacksonville State,CUSA,0.024,0.062,0.002,0.025,0.028,0.017,0.018,0.039
2583,2024,4912265,J.C. Sivley,TE,UAB,AAC,0.01,0.016,0.0,0.0,0.032,0.0,0.014,0.0
2584,2024,4912275,Christian Washington,RB,Coastal Carolina,SBC,0.16,0.015,0.265,0.2,0.158,0.087,0.182,0.116
2585,2024,4912281,Taven Curry,RB,UL Monroe,SBC,0.078,0.018,0.113,0.055,0.048,0.151,0.068,0.098
2586,2024,4912286,Iverson Hooks,WR,UAB,AAC,0.042,0.068,0.0,0.063,0.041,0.013,0.043,0.041
2587,2024,4912342,Wayne Knight,RB,James Madison,SBC,0.102,0.037,0.158,0.095,0.131,0.087,0.096,0.115
2588,2024,4912346,Jayden Mines,WR,James Madison,SBC,0.014,0.0,0.024,0.031,0.0,0.0,0.022,0.0
2589,2024,4912361,Devan Williams,WR,Houston,B12,0.028,0.066,0.003,0.014,0.032,0.046,0.021,0.042
2590,2024,4912453,Lucky Sutton,RB,San Diego State,MWC,0.028,0.0,0.059,0.011,0.031,0.022,0.014,0.051
2591,2024,4912647,Austin Novosad,QB,Oregon,B1G,0.03,0.069,0.0,0.0,0.0,0.091,0.037,0.0
2592,2024,4912864,Raheim Jeter,QB,East Carolina,AAC,0.016,0.0,0.028,0.0,0.0,0.067,0.0,0.045
2593,2024,4913159,Jaylen Anderson,RB,West Virginia,B12,0.036,0.01,0.051,0.035,0.045,0.033,0.04,0.029
2594,2024,4913758,Dijon Jennings,QB,Weber State,,0.036,0.018,0.054,0.043,0.041,0.021,0.034,0.04
2595,2024,4914830,Easton Messer,WR,Western Kentucky,CUSA,0.081,0.136,0.017,0.077,0.072,0.101,0.071,0.102
2596,2024,4914980,Cole Turner,WR,Clemson,ACC,0.031,0.047,0.013,0.026,0.039,0.027,0.031,0.031
2597,2024,4915376,Jackson McGohan,TE,Wisconsin,B1G,0.014,0.031,0.0,0.0,0.042,0.0,0.019,0.0
2598,2024,4915837,Grayson Loftis,QB,Duke,ACC,0.017,0.0,0.038,0.0,0.053,0.0,0.013,0.025
2599,2024,4915980,John Mateer,QB,Washington State,PAC,0.655,0.976,0.358,0.551,0.726,0.809,0.574,0.863
2600,2024,4916306,Bobby Golden,WR,Akron,MAC,0.06,0.1,0.007,0.05,0.061,0.066,0.053,0.073
2601,2024,4916436,E.J. Warner,QB,Rice,AAC,0.627,0.944,0.095,0.513,0.697,0.736,0.534,0.782
2602,2024,4916460,Miles Marshall,TE,Southern Illinois,,0.016,0.027,0.0,0.0,0.023,0.0,0.013,0.02
2603,2024,4916885,Jaylen Jenkins,RB,Texas State,SBC,0.013,0.0,0.025,0.014,0.021,0.0,0.009,0.023
2604,2024,4916888,Bert Emanuel Jr.,QB,Central Michigan,MAC,0.162,0.07,0.234,0.189,0.197,0.079,0.183,0.121
2605,2024,4916941,Coy Eakin,WR,Texas Tech,B12,0.057,0.104,0.0,0.052,0.068,0.053,0.05,0.071
2606,2024,4917048,Dom Henry,WR,Florida Atlantic,AAC,0.041,0.111,0.0,0.051,0.0,0.1,0.033,0.071
2607,2024,4917054,David Amador,WR,UTSA,AAC,0.106,0.199,0.012,0.086,0.13,0.111,0.102,0.115
2608,2024,4917093,Ryan Staub,QB,Colorado,B12,0.035,0.032,0.039,0.022,0.048,0.047,0.042,0.017
2609,2024,4917172,Chris Brooks Jr.,WR,Wisconsin,B1G,0.018,0.032,0.0,0.0,0.0,0.1,0.024,0.0
2610,2024,4917270,Harry Lodge,TE,Wake Forest,ACC,0.019,0.037,0.0,0.02,0.017,0.026,0.018,0.023
2611,2024,4917288,Charles Kellom,RB,Akron,MAC,0.141,0.059,0.257,0.18,0.125,0.098,0.176,0.075
2612,2024,4917296,Jacob Barrick,TE,Jacksonville State,CUSA,0.014,0.046,0.0,0.005,0.022,0.027,0.007,0.036
2613,2024,4917305,Cam'Ron McCoy,QB,Jackson State,,0.097,0.138,0.072,0.096,0.092,0.109,0.098,0.094
2614,2024,4917310,Zylan Perry,RB,Louisiana,SBC,0.146,0.023,0.26,0.2,0.121,0.086,0.171,0.082
2615,2024,4917338,Connor Vaughn,TE,Tulsa,AAC,0.016,0.031,0.0,0.021,0.015,0.01,0.017,0.014
2616,2024,4917349,Jamari Hawkins,WR,Memphis,AAC,0.017,0.013,0.022,0.01,0.015,0.027,0.01,0.035
2617,2024,4917421,Nevan Cremascoli,QB,South Dakota,,0.03,0.019,0.038,0.027,0.024,0.056,0.025,0.045
2618,2024,4917422,Quinn Fracassi,WR,Eastern Michigan,MAC,0.013,0.027,0.0,0.015,0.0,0.037,0.009,0.022
2619,2024,4917427,Tanner Koziol,TE,Ball State,MAC,0.126,0.216,0.003,0.122,0.132,0.142,0.125,0.128
2620,2024,4917436,Nick Presley,WR,Ball State,MAC,0.014,0.02,0.0,0.0,0.0,0.059,0.0,0.04
2621,2024,4917619,Khamari Anderson,TE,Kentucky,SEC,0.019,0.038,0.0,0.025,0.012,0.02,0.023,0.011
2622,2024,4917621,Micah Gifford,WR,Baylor,B12,0.014,0.036,0.0,0.0,0.0,0.067,0.0,0.038
2623,2024,4917627,Dakota Williams,WR,Louisiana Tech,CUSA,0.028,0.027,0.029,0.045,0.029,0.0,0.041,0.0
2624,2024,4917942,Frank Covey IV,WR,Northwestern,B1G,0.031,0.058,0.0,0.024,0.042,0.016,0.031,0.03
2625,2024,4917945,Aidan Mizell,WR,Florida,SEC,0.045,0.1,0.0,0.053,0.029,0.045,0.047,0.04
2626,2024,4917949,Quinten Joyner,RB,USC,B1G,0.094,0.022,0.202,0.11,0.092,0.067,0.112,0.049
2627,2024,4917981,AJ Newberry,RB,Vanderbilt,SEC,0.071,0.025,0.104,0.076,0.078,0.055,0.081,0.05
2628,2024,4918094,Damian Henderson II,RB,Colorado State,MWC,0.075,0.026,0.129,0.062,0.091,0.097,0.091,0.043
2629,2024,4918099,Kenny Minchey,QB,Notre Dame,Ind,0.043,0.034,0.049,0.057,0.043,0.0,0.065,0.0
2630,2024,4918103,Cam Cook,RB,TCU,B12,0.175,0.051,0.337,0.186,0.218,0.092,0.19,0.141
2631,2024,4918105,Jaylen Johnson,RB,South Florida,AAC,0.095,0.0,0.128,0.063,0.15,0.111,0.113,0.0
2632,2024,4918108,Jordan Napier,WR,San Diego State,MWC,0.084,0.153,0.009,0.088,0.06,0.108,0.077,0.096
2633,2024,4918110,Roderick Robinson II,RB,Georgia,SEC,0.087,0.047,0.154,0.061,0.182,0.0,0.074,0.133
2634,2024,4918111,A'Marion Peterson,RB,USC,B1G,0.091,0.027,0.165,0.092,0.087,0.069,0.084,0.119
2635,2024,4918121,Cole Adams,WR,Alabama,SEC,0.025,0.051,0.0,0.025,0.013,0.049,0.028,0.015
2636,2024,4918126,LJ Martin,RB,BYU,B12,0.234,0.054,0.387,0.221,0.277,0.186,0.254,0.189
2637,2024,4918412,Harvey Broussard,WR,Louisiana,SBC,0.041,0.087,0.0,0.043,0.037,0.048,0.038,0.048
2638,2024,4918414,Dylan Edwards,RB,Kansas State,B12,0.122,0.06,0.179,0.166,0.127,0.038,0.14,0.084
2639,2024,4918417,Ayden Greene,WR,Virginia Tech,ACC,0.049,0.08,0.024,0.051,0.046,0.046,0.047,0.052
2640,2024,4918421,Tiger Bachmeier,WR,Stanford,ACC,0.029,0.05,0.004,0.009,0.049,0.026,0.021,0.043
2641,2024,4918422,Kai Black,WR,Iowa State,B12,0.014,0.038,0.0,0.029,0.0,0.0,0.017,0.0
2642,2024,4918437,Christian Davis,RB,Ball State,MAC,0.044,0.006,0.11,0.053,0.071,0.0,0.045,0.044
2643,2024,4920127,Marquez Taylor,RB,UTEP,CUSA,0.014,0.0,0.029,0.034,0.0,0.0,0.024,0.0
2644,2024,4920135,Kalib Hicks,RB,Oklahoma,SEC,0.013,0.0,0.034,0.033,0.0,0.0,0.02,0.0
2645,2024,4920140,Nathan Leacock,WR,Tennessee,SEC,0.011,0.022,0.0,0.0,0.036,0.0,0.0,0.048
2646,2024,4920147,Paul Billups II,WR,North Carolina,ACC,0.02,0.048,0.0,0.0,0.0,0.048,0.007,0.05
2647,2024,4920153,William Watson III,QB,Virginia Tech,ACC,0.361,0.648,0.169,0.342,0.326,0.426,0.313,0.456
2648,2024,4920156,Dylan Rizk,QB,UCF,B12,0.344,0.69,0.087,0.281,0.333,0.514,0.266,0.539
2649,2024,4920158,Brock Glenn,QB,Florida State,ACC,0.354,0.556,0.125,0.297,0.338,0.478,0.303,0.431
2650,2024,4920163,Kelby Valsin,WR,Texas Tech,B12,0.025,0.044,0.0,0.027,0.02,0.029,0.018,0.039
2651,2024,4920164,Sam West,TE,Indiana,B1G,0.015,0.036,0.0,0.029,0.0,0.0,0.021,0.0
2652,2024,4920187,Will Anciaux,TE,Kansas State,B12,0.021,0.042,0.0,0.026,0.019,0.014,0.021,0.019
2653,2024,4920192,Carson Conklin,QB,Sacramento State,,0.501,0.863,0.065,0.467,0.466,0.656,0.44,0.647
2654,2024,4920193,Ethan Crawford,QB,Southern Miss,SBC,0.439,0.615,0.279,0.427,0.356,0.534,0.411,0.484
2655,2024,4920196,Javance Tupou'ata-Johnson,QB,San Diego State,MWC,0.178,0.242,0.087,0.195,0.112,0.233,0.147,0.24
2656,2024,4920227,Giovanni Lopez,QB,South Alabama,SBC,0.534,0.913,0.187,0.48,0.535,0.669,0.466,0.699
2657,2024,4920228,Jocquez Smith,RB,Temple,AAC,0.07,0.025,0.129,0.094,0.077,0.027,0.085,0.047
2658,2024,4920896,Lavon Brown,WR,Colorado State,MWC,0.038,0.06,0.0,0.0,0.043,0.118,0.0,0.091
2659,2024,4920898,Beni Ngoyi,WR,Iowa State,B12,0.017,0.038,0.0,0.017,0.026,0.0,0.021,0.0
2660,2024,4920901,Darius Taylor,RB,Minnesota,B1G,0.338,0.141,0.567,0.329,0.373,0.308,0.363,0.279
2661,2024,4921108,DeSean Bishop,RB,Tennessee,SEC,0.102,0.006,0.172,0.103,0.091,0.11,0.116,0.07
2662,2024,4921110,Chase Hendricks,WR,Ohio,MAC,0.055,0.136,0.0,0.062,0.053,0.038,0.056,0.053
2663,2024,4921113,Joshua Manning,WR,Missouri,SEC,0.023,0.048,0.003,0.023,0.017,0.035,0.018,0.037
2664,2024,4921116,Jamal Roberts,RB,Missouri,SEC,0.072,0.011,0.124,0.07,0.073,0.083,0.086,0.04
2665,2024,4921154,Eugene Wilson,WR,Florida,SEC,0.096,0.204,0.008,0.115,0.041,0.109,0.095,0.097
2666,2024,4921292,Isaiah Augustave,RB,Colorado,B12,0.14,0.023,0.337,0.173,0.133,0.09,0.186,0.048
2667,2024,4921295,Rohan Fluellen,WR,Stephen F. Austin,,0.042,0.08,0.0,0.032,0.06,0.042,0.04,0.047
2668,2024,4921296,Richard Dandridge,WR,Youngstown State,,0.026,0.061,0.0,0.027,0.033,0.014,0.029,0.018
2669,2024,4921305,Matthew Klopfenstein,TE,Baylor,B12,0.02,0.044,0.0,0.0,0.033,0.053,0.01,0.043
2670,2024,4921306,Mikey Matthews,WR,California,ACC,0.063,0.097,0.017,0.049,0.076,0.074,0.051,0.084
2671,2024,4921307,Luby Maurice Jr.,WR,Florida International,CUSA,0.02,0.0,0.031,0.0,0.063,0.0,0.0,0.045
2672,2024,4921316,Nolan Ray,RB,Maryland,B1G,0.098,0.021,0.213,0.114,0.115,0.04,0.111,0.072
2673,2024,4921322,Zion Taylor,WR,Georgia Tech,ACC,0.014,0.028,0.0,0.031,0.0,0.0,0.02,0.0
2674,2024,4921517,Dawson Pendergrass,RB,Baylor,B12,0.161,0.029,0.273,0.157,0.164,0.174,0.174,0.13
2675,2024,4922983,Manny Covey,RB,Cincinnati,B12,0.094,0.058,0.131,0.103,0.101,0.042,0.1,0.075
2676,2024,4922987,Takye Heath,WR,Virginia Tech,ACC,0.017,0.015,0.019,0.019,0.029,0.0,0.025,0.0
2677,2024,4922988,Jamari Johnson,TE,Louisville,ACC,0.027,0.047,0.0,0.02,0.046,0.012,0.026,0.028
2678,2024,4922992,Israel Polk,WR,Akron,MAC,0.054,0.094,0.0,0.053,0.068,0.03,0.047,0.066
2679,2024,4922993,Devin Roche,RB,Old Dominion,SBC,0.096,0.046,0.132,0.118,0.058,0.096,0.11,0.068
2680,2024,4922995,Dijon Stanley,RB,Utah,B12,0.057,0.03,0.083,0.053,0.095,0.02,0.05,0.069
2681,2024,4922996,Dylan Wade,TE,Maryland,B1G,0.039,0.065,0.0,0.04,0.032,0.055,0.033,0.05
2682,2024,4923046,Keyjuan Brown,RB,Louisville,ACC,0.076,0.015,0.145,0.094,0.064,0.067,0.09,0.046
2683,2024,4923050,Israel Carter,QB,South Florida,AAC,0.077,0.109,0.053,0.058,0.092,0.109,0.065,0.107
2684,2024,4923051,Surahz Buncom,WR,Eastern Illinois,,0.012,0.02,0.0,0.0,0.04,0.0,0.018,0.0
2685,2024,4923057,Connor Cox,TE,South Carolina,SEC,0.013,0.033,0.0,0.0,0.037,0.0,0.0,0.042
2686,2024,4923059,Jeremiah Coney,RB,Virginia Tech,ACC,0.071,0.0,0.115,0.065,0.089,0.054,0.076,0.061
2687,2024,4923226,Collin Dixon,WR,Illinois,B1G,0.028,0.061,0.0,0.037,0.017,0.031,0.035,0.014
2688,2024,4923252,Dante Dowdell,RB,Nebraska,B1G,0.193,0.02,0.375,0.229,0.147,0.181,0.252,0.048
2689,2024,4923274,Willtrell Hartson,RB,Southern Illinois,,0.062,0.014,0.13,0.067,0.053,0.057,0.08,0.029
2690,2024,4923281,Jamel Hardy,WR,UTSA,AAC,0.019,0.038,0.0,0.02,0.021,0.017,0.018,0.021
2691,2024,4923282,C.J. Hester,RB,Massachusetts,Ind,0.182,0.047,0.288,0.181,0.216,0.138,0.206,0.133
2692,2024,4923288,Barry Jackson Jr.,WR,Cincinnati,B12,0.022,0.014,0.03,0.043,0.007,0.0,0.028,0.008
2693,2024,4923290,Parker Jenkins,RB,Houston,B12,0.069,0.023,0.11,0.083,0.077,0.045,0.076,0.057
2694,2024,4923295,Kenny Johnson,WR,Pittsburgh,ACC,0.06,0.09,0.016,0.046,0.061,0.08,0.053,0.072
2695,2024,4923298,Peyton Jones,RB,Duke,ACC,0.118,0.025,0.236,0.117,0.132,0.103,0.132,0.088
2696,2024,4940235,Taeshaun Lyons,WR,Utah,B12,0.016,0.038,0.0,0.033,0.0,0.0,0.02,0.0
2697,2024,4940236,Ryan Manning,WR,Maryland,B1G,0.019,0.037,0.0,0.0,0.039,0.029,0.009,0.04
2698,2024,4941012,London Montgomery,RB,East Carolina,AAC,0.107,0.013,0.193,0.11,0.126,0.067,0.113,0.093
2699,2024,4949488,Jacobe Robinson,QB,Boston College,ACC,0.155,0.286,0.114,0.077,0.1,0.3,0.114,0.286
2700,2024,4950379,Zach Ortwerth,TE,Iowa,B1G,0.027,0.071,0.0,0.017,0.045,0.022,0.013,0.067
2701,2024,4950550,Jeyquan Smith,WR,South Florida,AAC,0.025,0.05,0.006,0.016,0.023,0.056,0.02,0.039
2702,2024,4950560,Xavier Terrell,RB,Florida Atlantic,AAC,0.052,0.008,0.084,0.061,0.041,0.039,0.058,0.036
2703,2024,4954455,Bryson Washington,RB,Baylor,B12,0.256,0.061,0.442,0.301,0.241,0.208,0.308,0.124
2704,2024,4954456,Kasen Weisman,QB,Florida Atlantic,AAC,0.292,0.514,0.077,0.276,0.27,0.339,0.262,0.35
2705,2024,4954506,Jamarion Wilcox,RB,Kentucky,SEC,0.141,0.025,0.242,0.203,0.131,0.024,0.182,0.058
2706,2024,4986096,Chase Jenkins,WR,Rice,AAC,0.016,0.0,0.032,0.032,0.0,0.0,0.022,0.0
2707,2024,5008017,Benjamin Hall,RB,Michigan,B1G,0.083,0.017,0.136,0.099,0.078,0.07,0.092,0.063
2708,2024,5010409,Jayden Mandal,QB,Fresno State,MWC,0.055,0.096,0.011,0.022,0.079,0.108,0.042,0.088
2709,2024,5017177,Keith Reynolds,WR,Washington,B1G,0.021,0.032,0.007,0.014,0.019,0.048,0.013,0.041
2710,2024,5024359,Trey Leckner,TE,Washington State,PAC,0.026,0.054,0.0,0.022,0.017,0.029,0.033,0.0
2711,2024,5027432,Ardell Banks,WR,Kent State,MAC,0.019,0.046,0.0,0.0,0.038,0.0,0.021,0.016
2712,2024,5030333,Sedrick Alexander,RB,Vanderbilt,SEC,0.24,0.078,0.356,0.297,0.237,0.131,0.29,0.139
2713,2024,5031157,Reed Harris,WR,Boston College,ACC,0.03,0.068,0.0,0.016,0.041,0.048,0.022,0.048
2714,2024,5032961,Tucker Ashcraft,TE,Wisconsin,B1G,0.026,0.055,0.0,0.033,0.023,0.019,0.029,0.019
2715,2024,5041960,Jayvontay Conner,TE,East Carolina,AAC,0.018,0.043,0.0,0.0,0.0,0.125,0.022,0.0
2716,2024,5044387,Anthony Colandrea,QB,Virginia,ACC,0.58,0.871,0.256,0.588,0.527,0.635,0.504,0.729
2717,2024,5054036,Jackson Brousseau,QB,Colorado State,MWC,0.125,0.25,0.031,0.095,0.105,0.214,0.135,0.105
2718,2024,5056106,Evan Boyd,WR,Central Michigan,MAC,0.043,0.094,0.0,0.035,0.038,0.077,0.029,0.075
2719,2024,5074243,Logan Blake,TE,Rutgers,B1G,0.028,0.059,0.0,0.033,0.04,0.0,0.021,0.042
2720,2024,5074245,Broc Lowry,QB,Western Michigan,MAC,0.052,0.04,0.062,0.039,0.061,0.078,0.041,0.078
2721,2024,5075026,Donte Hawthorne,RB,Virginia,ACC,0.014,0.017,0.012,0.017,0.022,0.0,0.011,0.019
2722,2024,5075390,Ian Strong,WR,Rutgers,B1G,0.058,0.133,0.0,0.041,0.061,0.086,0.041,0.1
2723,2024,5075392,Keldric Luster,QB,SMU,ACC,0.04,0.029,0.049,0.026,0.035,0.087,0.03,0.064
2724,2024,5075529,Anthony Eager,WR,South Alabama,SBC,0.039,0.052,0.026,0.052,0.048,0.0,0.046,0.025
2725,2024,5075571,John-Keawe Sagapolutele,QB,Hawai'i,MWC,0.028,0.038,0.013,0.021,0.028,0.047,0.02,0.051
2726,2024,5075800,Emory Williams,QB,Miami,ACC,0.184,0.357,0.014,0.104,0.222,0.28,0.132,0.343
2727,2024,5075805,Aidan Chiles,QB,Michigan State,B1G,0.541,0.873,0.194,0.514,0.479,0.682,0.481,0.663
2728,2024,5075820,Camron Heard,WR,Oklahoma State,B12,0.022,0.041,0.0,0.014,0.048,0.0,0.01,0.061
2729,2024,5075912,George Burhenn,TE,Purdue,B1G,0.016,0.028,0.0,0.0,0.056,0.0,0.02,0.0
2730,2024,5075920,Jarriett Buie,WR,Iowa,B1G,0.024,0.076,0.0,0.012,0.032,0.039,0.024,0.024
2731,2024,5075952,Trey Cornist,RB,Tulane,AAC,0.059,0.016,0.078,0.081,0.051,0.014,0.064,0.044
2732,2024,5075962,Baylin Brooks,WR,San Diego State,MWC,0.016,0.031,0.0,0.0,0.0,0.067,0.013,0.02
2733,2024,5076099,Stephon Daily,WR,Colorado State,MWC,0.067,0.116,0.0,0.065,0.087,0.0,0.065,0.069
2734,2024,5076106,Marquis Johnson,WR,Missouri,SEC,0.036,0.078,0.005,0.042,0.042,0.019,0.037,0.033
2735,2024,5076111,Tyler Douglas,QB,Temple,AAC,0.085,0.0,0.194,0.115,0.049,0.057,0.125,0.019
2736,2024,5076584,Terrell Washington Jr.,RB,Iowa,B1G,0.04,0.037,0.042,0.03,0.075,0.01,0.043,0.029
2737,2024,5076651,Christian Abney,TE,Ball State,MAC,0.024,0.042,0.0,0.045,0.0,0.018,0.03,0.012
2738,2024,5076654,Leo Pulalasi,RB,Washington State,PAC,0.085,0.019,0.149,0.099,0.091,0.046,0.102,0.043
2739,2024,5076949,Evan Bullock,QB,Louisiana Tech,CUSA,0.475,0.872,0.089,0.39,0.47,0.642,0.406,0.618
2740,2024,5076952,Devin Mccuin,WR,UTSA,AAC,0.089,0.156,0.011,0.055,0.108,0.095,0.08,0.105
2741,2024,5077060,Amare Thomas,WR,UAB,AAC,0.092,0.153,0.012,0.09,0.081,0.099,0.096,0.083
2742,2024,5077106,Bryce Harrison,TE,Stetson,,0.013,0.021,0.0,0.0,0.036,0.0,0.0,0.045
2743,2024,5077206,Donielle Hayes,WR,Minnesota,B1G,0.03,0.063,0.0,0.034,0.0,0.091,0.022,0.045
2744,2024,5077264,Javieon Butler,WR,Southern Miss,SBC,0.017,0.032,0.0,0.0,0.0,0.042,0.0,0.042
2745,2024,5077266,Trech Kekahuna,WR,Wisconsin,B1G,0.058,0.122,0.003,0.046,0.066,0.077,0.041,0.102
2746,2024,5077304,Zeke Moore,TE,Florida Atlantic,AAC,0.026,0.059,0.0,0.023,0.045,0.0,0.023,0.033
2747,2024,5077390,Jambres Dubar,RB,Boise State,MWC,0.056,0.01,0.091,0.059,0.074,0.023,0.06,0.048
2748,2024,5077502,Carson Hansen,RB,Iowa State,B12,0.168,0.029,0.304,0.21,0.136,0.131,0.222,0.044
2749,2024,5077668,Kade Eldridge,TE,USC,B1G,0.013,0.023,0.0,0.0,0.039,0.0,0.011,0.018
2750,2024,5077784,Zachary Card,WR,Oregon State,PAC,0.022,0.0,0.033,0.043,0.013,0.0,0.029,0.0
2751,2024,5077785,Cedric Hawkins,RB,Arkansas State,SBC,0.014,0.0,0.031,0.034,0.0,0.0,0.022,0.0
2752,2024,5077803,Jackson Harper,WR,UConn,Ind,0.015,0.038,0.0,0.0,0.0,0.091,0.0,0.053
2753,2024,5077806,Tucker McDonald,QB,UConn,Ind,0.056,0.082,0.037,0.015,0.022,0.148,0.058,0.053
2754,2024,5077819,Nathan Vantimmeren,TE,Central Michigan,MAC,0.02,0.039,0.0,0.023,0.016,0.023,0.015,0.031
2755,2024,5077873,Chris Dawn Jr.,WR,Texas State,SBC,0.064,0.136,0.0,0.062,0.059,0.092,0.061,0.072
2756,2024,5077874,Max Drag,TE,App State,SBC,0.017,0.042,0.0,0.0,0.0,0.091,0.0,0.05
2757,2024,5077876,TJ Horton,RB,Ball State,MAC,0.097,0.044,0.209,0.093,0.186,0.0,0.088,0.111
2758,2024,5077877,Justyn Reid,TE,Southern Miss,SBC,0.018,0.037,0.0,0.011,0.033,0.014,0.019,0.016
2759,2024,5078005,Abu Sama III,RB,Iowa State,B12,0.134,0.019,0.246,0.185,0.133,0.025,0.166,0.06
2760,2024,5078006,Iverson Young,RB,Missouri State,,0.062,0.0,0.143,0.051,0.073,0.071,0.079,0.024
2761,2024,5078011,Quran Boyd,RB,Duke,ACC,0.022,0.016,0.027,0.032,0.022,0.0,0.02,0.026
2762,2024,5078014,Brandon Johnson,RB,Arizona,B12,0.026,0.0,0.064,0.02,0.05,0.0,0.029,0.021
2763,2024,5078043,Apollos Cook,WR,Mercer,,0.029,0.066,0.0,0.02,0.044,0.026,0.018,0.053
2764,2024,5078051,Muwaffaq Parkman,RB,Robert Morris,,0.015,0.0,0.029,0.017,0.022,0.0,0.022,0.0
2765,2024,5078053,Isaiah Thacker,WR,Ball State,MAC,0.014,0.0,0.034,0.0,0.045,0.0,0.021,0.0
2766,2024,5078059,Jarvis Durr,RB,South Alabama,SBC,0.098,0.0,0.152,0.067,0.133,0.167,0.122,0.0
2767,2024,5078063,Connor Walendzak,RB,Toledo,MAC,0.156,0.033,0.297,0.2,0.124,0.127,0.194,0.074
2768,2024,5078110,Noah Vaughn,RB,Virginia,ACC,0.084,0.036,0.143,0.074,0.099,0.087,0.096,0.061
2769,2024,5078160,Richie Anderson,TE,Fresno State,MWC,0.037,0.064,0.0,0.025,0.06,0.021,0.028,0.055
2770,2024,5078165,Junior Sherrill,WR,Vanderbilt,SEC,0.053,0.106,0.016,0.039,0.071,0.048,0.041,0.077
2771,2024,5078166,Ajani Sheppard,QB,Rutgers,B1G,0.022,0.0,0.038,0.016,0.0,0.037,0.02,0.029
2772,2024,5078223,Re'Shaun Sanford II,RB,Houston,B12,0.152,0.056,0.227,0.203,0.157,0.064,0.182,0.097
2773,2024,5078225,Jaron Tibbs,WR,Purdue,B1G,0.05,0.092,0.0,0.039,0.055,0.062,0.042,0.066
2774,2024,5078227,Braeden Wisloski,WR,Maryland,B1G,0.024,0.043,0.0,0.022,0.031,0.024,0.021,0.031
2775,2024,5078244,Caleb Komolafe,RB,Northwestern,B1G,0.078,0.006,0.172,0.088,0.081,0.057,0.091,0.054
2776,2024,5078245,Kenric Lanier II,WR,Minnesota,B1G,0.014,0.029,0.0,0.029,0.0,0.0,0.019,0.0
2777,2024,5078251,Justin Marshall,RB,Colorado State,MWC,0.2,0.031,0.341,0.259,0.194,0.096,0.239,0.12
2778,2024,5078312,Nyziah Hunter,WR,California,ACC,0.06,0.102,0.003,0.057,0.055,0.076,0.059,0.063
2779,2024,5078402,Shaborne Demps,WR,Florida International,CUSA,0.026,0.007,0.044,0.051,0.01,0.0,0.034,0.01
2780,2024,5078404,Marques Hicks,RB,Kent State,MAC,0.046,0.0,0.091,0.038,0.05,0.063,0.026,0.074
2781,2024,5078422,Brandon High,RB,UTSA,AAC,0.108,0.013,0.218,0.139,0.097,0.067,0.136,0.055
2782,2024,5078453,London Humphreys,WR,Georgia,SEC,0.035,0.063,0.0,0.034,0.025,0.061,0.031,0.048
2783,2024,5078466,Elija Walton,TE,Georgia Southern,SBC,0.014,0.032,0.0,0.0,0.0,0.077,0.019,0.0
2784,2024,5078533,Jabari Smith,WR,Florida Atlantic,AAC,0.038,0.08,0.0,0.022,0.034,0.076,0.024,0.064
2785,2024,5078549,Dedrick Latulas,WR,Louisiana Tech,CUSA,0.015,0.014,0.016,0.017,0.023,0.0,0.022,0.0
2786,2024,5078810,Sam Leavitt,QB,Arizona State,B12,0.502,0.967,0.181,0.428,0.553,0.582,0.424,0.69
2787,2024,5078812,Antonio Ferguson,TE,Florida International,CUSA,0.022,0.047,0.0,0.02,0.03,0.017,0.019,0.03
2788,2024,5078909,Kenari Wilcher,WR,Illinois,B1G,0.03,0.062,0.0,0.031,0.044,0.0,0.032,0.026
2789,2024,5078913,Deago Benson,RB,Stephen F. Austin,,0.099,0.0,0.175,0.108,0.083,0.1,0.115,0.053
2790,2024,5078916,Joe Jackson,RB,Kansas State,B12,0.089,0.025,0.144,0.091,0.097,0.067,0.091,0.083
2791,2024,5078917,Khalifa Keith,RB,Tennessee,SEC,0.072,0.008,0.118,0.061,0.095,0.071,0.08,0.051
2792,2024,5079283,Exavious Reed,TE,Tennessee State,,0.015,0.03,0.0,0.0,0.045,0.0,0.0,0.071
2793,2024,5079289,Tawaski Abrams,WR,Florida,SEC,0.014,0.031,0.0,0.0,0.043,0.0,0.009,0.037
2794,2024,5079290,Keylen Adams,WR,Virginia Tech,ACC,0.042,0.045,0.038,0.0,0.063,0.091,0.032,0.059
2795,2024,5079298,Lloyd Avant,RB,Tulsa,AAC,0.099,0.027,0.174,0.124,0.097,0.067,0.12,0.059
2796,2024,5079301,CJ Bailey,QB,NC State,ACC,0.538,0.851,0.227,0.467,0.56,0.664,0.474,0.693
2797,2024,5079318,Elijah Brown,QB,Stanford,ACC,0.269,0.42,0.071,0.213,0.277,0.4,0.222,0.371
2798,2024,5079322,Jadan Baugh,RB,Florida,SEC,0.17,0.017,0.297,0.204,0.171,0.105,0.19,0.122
2799,2024,5079324,Christian Bentancur,TE,Clemson,ACC,0.034,0.063,0.0,0.0,0.063,0.111,0.0,0.118
2800,2024,5079326,Terry Bussey,WR,Texas A&M,SEC,0.042,0.055,0.032,0.044,0.049,0.025,0.041,0.045
2801,2024,5079329,Mazeo Bennett,WR,South Carolina,SEC,0.046,0.104,0.0,0.041,0.034,0.077,0.039,0.062
2802,2024,5079335,Chauncey Bowens,RB,Georgia,SEC,0.061,0.0,0.136,0.056,0.069,0.07,0.081,0.013
2803,2024,5079345,Mario Craver,WR,Mississippi State,SEC,0.047,0.083,0.011,0.062,0.047,0.028,0.043,0.055
2804,2024,5079348,Jason Brown Jr.,RB,Arizona State,B12,0.056,0.0,0.085,0.065,0.0,0.133,0.042,0.087
2805,2024,5079349,Isaac Brown,RB,Louisville,ACC,0.231,0.069,0.406,0.27,0.261,0.104,0.269,0.141
2806,2024,5079360,J'Marion Burnette,RB,Houston,B12,0.087,0.005,0.143,0.085,0.083,0.073,0.097,0.066
2807,2024,5079364,Kam Davis,RB,Florida State,ACC,0.102,0.013,0.211,0.126,0.122,0.043,0.125,0.066
2808,2024,5079371,Chris Davis Jr.,RB,Stanford,ACC,0.077,0.008,0.144,0.118,0.074,0.014,0.091,0.047
2809,2024,5079372,Anthony Carrie,RB,Georgia Tech,ACC,0.058,0.017,0.096,0.061,0.08,0.011,0.064,0.043
2810,2024,5079373,Decker DeGraaf,TE,Washington,B1G,0.024,0.043,0.0,0.038,0.01,0.017,0.03,0.006
2811,2024,5079374,Ny Carr,WR,Miami,ACC,0.013,0.027,0.0,0.0,0.0,0.077,0.018,0.0
2812,2024,5079376,Cam Coleman,WR,Auburn,SEC,0.064,0.122,0.0,0.067,0.068,0.048,0.064,0.063
2813,2024,5079378,Darrion Dupree,RB,Wisconsin,B1G,0.129,0.036,0.215,0.156,0.13,0.086,0.148,0.085
2814,2024,5079379,Caden Durham,RB,LSU,SEC,0.2,0.059,0.413,0.214,0.26,0.098,0.206,0.187
2815,2024,5079382,Jonathan Echols,TE,South Florida,AAC,0.011,0.026,0.0,0.0,0.0,0.059,0.015,0.0
2816,2024,5079386,Ric'Darious Farmer,WR,West Virginia,B12,0.018,0.03,0.008,0.01,0.034,0.013,0.02,0.015
2817,2024,5079402,Tyseer Denmark,WR,Penn State,B1G,0.014,0.022,0.008,0.019,0.0,0.0,0.012,0.019
2818,2024,5079410,Jerrick Gibson,RB,Texas,SEC,0.096,0.008,0.172,0.101,0.077,0.109,0.111,0.061
2819,2024,5079413,BJ Gibson,WR,Florida State,ACC,0.036,0.08,0.0,0.074,0.0,0.0,0.05,0.0
2820,2024,5079420,Trey'Dez Green,TE,LSU,SEC,0.031,0.052,0.0,0.018,0.013,0.082,0.035,0.024
2821,2024,5079438,David Eziomume,RB,Clemson,ACC,0.032,0.0,0.07,0.016,0.05,0.053,0.022,0.063
2822,2024,5079443,Hauss Hejny,QB,TCU,B12,0.052,0.0,0.114,0.053,0.043,0.052,0.059,0.036
2823,2024,5079462,Kylan Fox,TE,UCF,B12,0.021,0.065,0.0,0.0,0.043,0.053,0.018,0.03
2824,2024,5079465,Michael Hawkins Jr.,QB,Oklahoma,SEC,0.389,0.553,0.228,0.364,0.373,0.476,0.315,0.537
2825,2024,5079468,Davion Gause,RB,North Carolina,ACC,0.094,0.008,0.173,0.121,0.096,0.041,0.108,0.066
2826,2024,5079482,Dilin Jones,RB,Wisconsin,B1G,0.074,0.0,0.127,0.062,0.082,0.095,0.074,0.075
2827,2024,5079486,Zy'marion Lang,WR,Toledo,MAC,0.022,0.034,0.01,0.034,0.0,0.029,0.031,0.0
2828,2024,5079492,Micah Hudson,WR,Texas Tech,B12,0.021,0.037,0.0,0.025,0.024,0.013,0.029,0.008
2829,2024,5079494,Hogan Hansen,TE,Michigan,B1G,0.031,0.092,0.0,0.038,0.011,0.054,0.036,0.024
2830,2024,5079499,Audric Harris,WR,Washington,B1G,0.014,0.022,0.0,0.016,0.02,0.0,0.009,0.026
2831,2024,5079500,Bryan Jackson,RB,USC,B1G,0.082,0.004,0.182,0.085,0.07,0.101,0.092,0.048
2832,2024,5079501,Zycarl Lewis Jr.,WR,Tulane,AAC,0.036,0.125,0.0,0.0,0.111,0.0,0.025,0.067
2833,2024,5079503,Elija Lofton,TE,Miami,ACC,0.024,0.036,0.009,0.012,0.044,0.012,0.014,0.052
2834,2024,5079506,Daniel Hill,RB,Alabama,SEC,0.057,0.006,0.092,0.063,0.062,0.039,0.066,0.029
2835,2024,5079508,Austin Mack,QB,Alabama,SEC,0.039,0.086,0.0,0.0,0.08,0.067,0.0,0.167
2836,2024,5079516,KJ Jackson,QB,Arkansas,SEC,0.071,0.108,0.03,0.075,0.048,0.111,0.086,0.0
2837,2024,5079519,Jeremiah McClellan,WR,Oregon,B1G,0.016,0.038,0.0,0.0,0.018,0.074,0.02,0.0
2838,2024,5079523,Derrick McFall,RB,SMU,ACC,0.082,0.021,0.125,0.078,0.113,0.031,0.096,0.053
2839,2024,5079524,Keenan Jackson,WR,NC State,ACC,0.032,0.064,0.0,0.02,0.05,0.039,0.019,0.07
2840,2024,5079531,Jake Merklinger,QB,Tennessee,SEC,0.088,0.139,0.051,0.072,0.135,0.067,0.099,0.051
2841,2024,5079533,Mabrey Mettauer,QB,Wisconsin,B1G,0.028,0.031,0.025,0.0,0.042,0.071,0.019,0.053
2842,2024,5079535,Zion Kearney,WR,Oklahoma,SEC,0.033,0.07,0.0,0.016,0.048,0.046,0.023,0.056
2843,2024,5079537,Ju'Juan Johnson,QB,LSU,SEC,0.041,0.032,0.053,0.037,0.046,0.043,0.036,0.053
2844,2024,5079539,Elijah Moore,WR,Florida State,ACC,0.017,0.036,0.0,0.043,0.0,0.0,0.03,0.0
2845,2024,5079542,Luke Kromenhoek,QB,Florida State,ACC,0.391,0.569,0.22,0.34,0.387,0.487,0.354,0.453
2846,2024,5079546,Micah Ka'Apana,RB,Michigan,B1G,0.014,0.027,0.0,0.0,0.045,0.0,0.0,0.05
2847,2024,5079552,Nate Palmer,RB,TCU,B12,0.082,0.0,0.162,0.097,0.093,0.042,0.074,0.1
2848,2024,5079555,D.J. Lagway,QB,Florida,SEC,0.331,0.612,0.095,0.265,0.329,0.493,0.274,0.464
2849,2024,5079561,Dwight Phillips Jr.,RB,Georgia,SEC,0.025,0.007,0.047,0.03,0.033,0.0,0.033,0.0
2850,2024,5079572,Dylan Raiola,QB,Nebraska,B1G,0.502,0.926,0.074,0.438,0.522,0.632,0.428,0.69
2851,2024,5079574,Jordan Marshall,RB,Michigan,B1G,0.155,0.0,0.242,0.215,0.138,0.064,0.18,0.108
2852,2024,5079577,Quinton Martin Jr.,RB,Penn State,B1G,0.058,0.026,0.08,0.038,0.066,0.08,0.049,0.081
2853,2024,5079580,Mike Matthews,WR,Tennessee,SEC,0.033,0.081,0.0,0.042,0.031,0.018,0.031,0.041
2854,2024,5079585,Jordan Ross,WR,Colorado State,MWC,0.041,0.077,0.008,0.026,0.039,0.07,0.03,0.062
2855,2024,5079589,Braylen Russell,RB,Arkansas,SEC,0.12,0.017,0.213,0.136,0.106,0.071,0.139,0.079
2856,2024,5079591,Jordan Lyle,RB,Miami,ACC,0.077,0.009,0.161,0.075,0.08,0.079,0.084,0.059
2857,2024,5079592,Michael Smith,TE,South Carolina,SEC,0.027,0.06,0.0,0.038,0.025,0.0,0.031,0.017
2858,2024,5079600,Nick Marsh,WR,Michigan State,B1G,0.074,0.134,0.012,0.084,0.065,0.072,0.069,0.086
2859,2024,5079612,Drelon Miller,WR,Colorado,B12,0.054,0.079,0.015,0.07,0.049,0.031,0.062,0.037
2860,2024,5079620,Michael Van Buren Jr.,QB,Mississippi State,SEC,0.53,0.924,0.15,0.512,0.468,0.653,0.466,0.647
2861,2024,5079622,Tovani Mizell,RB,Kentucky,SEC,0.013,0.0,0.025,0.026,0.0,0.0,0.019,0.0
2862,2024,5079626,Micah Welch,RB,Colorado,B12,0.113,0.03,0.244,0.14,0.121,0.048,0.128,0.08
2863,2024,5079627,Jadon Porter,WR,Baylor,B12,0.029,0.071,0.0,0.033,0.043,0.0,0.045,0.0
2864,2024,5079628,John White,QB,Southern Miss,SBC,0.163,0.271,0.048,0.153,0.145,0.245,0.165,0.159
2865,2024,5079632,Noreel White,WR,Ole Miss,SEC,0.024,0.043,0.0,0.048,0.0,0.0,0.032,0.0
2866,2024,5079641,Lamar Radcliffe,RB,San José State,MWC,0.067,0.0,0.182,0.072,0.067,0.031,0.084,0.027
2867,2024,5079643,Zion Ragins,WR,Oklahoma,SEC,0.032,0.058,0.008,0.035,0.025,0.039,0.029,0.038
2868,2024,5079647,Caleb Odom,WR,Alabama,SEC,0.03,0.075,0.0,0.017,0.057,0.019,0.02,0.061
2869,2024,5079650,DeJuan Williams,RB,Maryland,B1G,0.041,0.008,0.082,0.059,0.045,0.0,0.049,0.025
2870,2024,5079653,Demond Williams Jr.,QB,Washington,B1G,0.228,0.283,0.165,0.215,0.198,0.309,0.199,0.308
2871,2024,5079659,Jonathan Paylor,WR,NC State,ACC,0.014,0.0,0.031,0.029,0.0,0.0,0.019,0.0
2872,2024,5079660,Brandon Winton,WR,South Florida,AAC,0.044,0.064,0.0,0.037,0.087,0.0,0.024,0.077
2873,2024,5079663,Jeremy Payne,RB,TCU,B12,0.091,0.032,0.167,0.107,0.084,0.06,0.109,0.049
2874,2024,5079687,Jordan Shipp,WR,North Carolina,ACC,0.024,0.05,0.0,0.028,0.007,0.048,0.025,0.021
2875,2024,5079691,Malcolm Simmons,WR,Auburn,SEC,0.061,0.11,0.011,0.059,0.073,0.048,0.065,0.052
2876,2024,5079699,Corey Smith,RB,Penn State,B1G,0.084,0.009,0.138,0.075,0.121,0.056,0.096,0.052
2877,2024,5079704,Emanuel Ross,WR,Syracuse,ACC,0.086,0.118,0.0,0.056,0.167,0.05,0.054,0.135
2878,2024,5079712,Julian Sayin,QB,Ohio State,B1G,0.043,0.072,0.014,0.016,0.011,0.104,0.019,0.121
2879,2024,5079714,Rico Scott,WR,Alabama,SEC,0.031,0.052,0.01,0.035,0.032,0.024,0.035,0.02
2880,2024,5079719,Taylor Tatum,RB,Oklahoma,SEC,0.08,0.019,0.136,0.085,0.078,0.081,0.101,0.036
2881,2024,5079720,Jeremiah Smith,WR,Ohio State,B1G,0.096,0.19,0.012,0.084,0.09,0.138,0.081,0.134
2882,2024,5079736,Alex Taylor,WR,North Carolina,ACC,0.013,0.021,0.0,0.025,0.0,0.0,0.02,0.0
2883,2024,5079738,Landen Thomas,TE,Florida State,ACC,0.045,0.085,0.0,0.032,0.079,0.025,0.035,0.062
2884,2024,5079742,Aneyas Williams,RB,Notre Dame,Ind,0.064,0.051,0.075,0.059,0.039,0.119,0.059,0.077
2885,2024,5079743,Perry Thompson,WR,Auburn,SEC,0.022,0.042,0.0,0.028,0.013,0.026,0.024,0.017
2886,2024,5079745,Joshisa Trader,WR,Miami,ACC,0.021,0.041,0.0,0.014,0.023,0.038,0.018,0.027
2887,2024,5079749,Yasin Willis,RB,Syracuse,ACC,0.061,0.023,0.126,0.066,0.079,0.02,0.074,0.033
2888,2024,5079758,David Washington Jr.,WR,Kentucky,SEC,0.013,0.027,0.0,0.0,0.0,0.091,0.0,0.042
2889,2024,5079762,Cole Welliver,QB,UConn,Ind,0.062,0.154,0.0,0.032,0.05,0.091,0.065,0.053
2890,2024,5079764,Walker White,QB,Auburn,SEC,0.12,0.135,0.105,0.152,0.125,0.059,0.109,0.15
2891,2024,5079769,Izaiah Williams,WR,Texas A&M,SEC,0.014,0.029,0.0,0.0,0.044,0.0,0.01,0.029
2892,2024,5079771,Isaac Wilson,QB,Utah,B12,0.464,0.782,0.142,0.43,0.416,0.554,0.388,0.615
2893,2024,5080403,Jaylen Raynor,QB,Arkansas State,SBC,0.596,0.947,0.225,0.5,0.612,0.779,0.511,0.785
2894,2024,5080547,Peter Clarke,TE,Temple,AAC,0.015,0.027,0.0,0.024,0.015,0.0,0.026,0.0
2895,2024,5080703,Isaiah Sategna,WR,Arkansas,SEC,0.055,0.106,0.005,0.066,0.041,0.06,0.054,0.058
2896,2024,5080707,Hunter Talley,TE,New Mexico State,CUSA,0.025,0.052,0.0,0.021,0.026,0.033,0.014,0.043
2897,2024,5080819,Davion Dozier,WR,Arkansas,SEC,0.014,0.027,0.0,0.0,0.0,0.111,0.017,0.0
2898,2024,5080888,Matt Wagner,TE,Boise State,MWC,0.019,0.042,0.0,0.014,0.025,0.022,0.015,0.028
2899,2024,5081054,Micah Riley-Ducker,TE,Auburn,SEC,0.015,0.038,0.0,0.0,0.043,0.0,0.02,0.0
2900,2024,5081072,Jeremiah Giedrys,WR,Stetson,,0.026,0.043,0.0,0.0,0.071,0.0,0.018,0.045
2901,2024,5081076,Jimmy Casey,TE,Sacred Heart,INDAA,0.032,0.069,0.0,0.0,0.053,0.083,0.0,0.074
2902,2024,5081089,Dylan Gary,WR,West Georgia,,0.092,0.167,0.0,0.077,0.097,0.118,0.079,0.119
2903,2024,5081092,Mikey Pauley,QB,Kansas,B12,0.032,0.0,0.048,0.0,0.0,0.1,0.038,0.0
2904,2024,5081096,Roman Mangini,WR,Nebraska,B1G,0.012,0.027,0.0,0.026,0.0,0.0,0.016,0.0
2905,2024,5081107,Luke Lindenmeyer,TE,Nebraska,B1G,0.021,0.042,0.0,0.008,0.033,0.041,0.014,0.045
2906,2024,5081127,George Hamsley,QB,Tennessee State,,0.016,0.0,0.024,0.036,0.0,0.0,0.023,0.0
2907,2024,5081131,Javen Nicholas,WR,LSU,SEC,0.023,0.038,0.0,0.0,0.075,0.0,0.021,0.031
2908,2024,5081150,Grant Goodman,RB,Morehead State,,0.054,0.0,0.1,0.063,0.081,0.0,0.062,0.043
2909,2024,5081178,Trace Campbell,QB,UAB,AAC,0.024,0.014,0.045,0.014,0.019,0.057,0.027,0.019
2910,2024,5081179,Drew Burnett,WR,Ole Miss,SEC,0.014,0.03,0.0,0.0,0.043,0.0,0.019,0.0
2911,2024,5081197,Grady Brosterhous,QB,Virginia,ACC,0.024,0.0,0.048,0.0,0.022,0.022,0.035,0.0
2912,2024,5081202,Jack Griese,RB,Virginia,ACC,0.076,0.011,0.125,0.089,0.043,0.111,0.092,0.034
2913,2024,5081209,Eli Wood,WR,Virginia,ACC,0.014,0.02,0.0,0.0,0.043,0.0,0.023,0.0
2914,2024,5081239,Steven Johnson,QB,East Tennessee State,,0.051,0.073,0.027,0.027,0.074,0.0,0.07,0.0
2915,2024,5081250,Sean Brown,WR,Charlotte,AAC,0.055,0.103,0.0,0.042,0.057,0.058,0.049,0.064
2916,2024,5081250,Sean Brown,WR,Charlotte,,0.055,0.103,0.0,0.042,0.057,0.058,0.049,0.064
2917,2024,5081322,Cam Camper,WR,Boise State,MWC,0.059,0.135,0.0,0.053,0.063,0.071,0.054,0.071
2918,2024,5081332,Jaziun Patterson,RB,Iowa,B1G,0.112,0.005,0.168,0.116,0.116,0.098,0.125,0.072
2919,2024,5081338,Kaden Wetjen,WR,Iowa,B1G,0.021,0.03,0.016,0.028,0.008,0.024,0.02,0.022
2920,2024,5081367,Chas Nimrod,WR,Tennessee,SEC,0.043,0.104,0.0,0.055,0.025,0.053,0.037,0.061
2921,2024,5081368,Squirrel White,WR,Tennessee,SEC,0.059,0.136,0.002,0.047,0.06,0.083,0.047,0.088
2922,2024,5081373,Max Grand,RB,Augustana University (SD),,0.091,0.026,0.25,0.1,0.118,0.067,0.107,0.074
2923,2024,5081378,Hunter Barnes,RB,Tennessee,SEC,0.088,0.0,0.13,0.054,0.083,0.133,0.065,0.167
2924,2024,5081380,Frank Bierman,TE,Minnesota,B1G,0.017,0.025,0.0,0.04,0.0,0.0,0.024,0.0
2925,2024,5081397,Dylan Sampson,RB,Tennessee,SEC,0.292,0.055,0.463,0.317,0.31,0.216,0.323,0.216
2926,2024,5081405,AJ Swann,QB,LSU,SEC,0.026,0.044,0.0,0.0,0.039,0.051,0.0,0.071
2927,2024,5081427,Jake Young,TE,Western Carolina,,0.03,0.054,0.0,0.034,0.034,0.011,0.033,0.025
2928,2024,5081432,Antonio Williams,WR,Clemson,ACC,0.102,0.17,0.017,0.104,0.078,0.14,0.09,0.128
2929,2024,5081434,Trent Pearman,QB,Clemson,ACC,0.04,0.045,0.035,0.063,0.0,0.053,0.043,0.031
2930,2024,5081435,Keith Adams Jr.,RB,Clemson,ACC,0.059,0.008,0.122,0.064,0.073,0.012,0.063,0.047
2931,2024,5081436,Domonique Thomas,RB,Ole Miss,SEC,0.073,0.003,0.141,0.082,0.09,0.03,0.077,0.065
2932,2024,5081502,Nathan Kent,WR,Navy,AAC,0.027,0.095,0.004,0.024,0.02,0.04,0.019,0.047
2933,2024,5081504,Blake Horvath,QB,Navy,AAC,0.451,0.888,0.311,0.394,0.451,0.585,0.411,0.545
2934,2024,5081505,Cody Howard,TE,Navy,AAC,0.019,0.075,0.0,0.0,0.013,0.083,0.007,0.048
2935,2024,5081508,Eli Heidenreich,WR,Navy,AAC,0.145,0.243,0.112,0.135,0.139,0.165,0.135,0.168
2936,2024,5081517,Brandon Chatman,WR,Navy,AAC,0.091,0.116,0.083,0.113,0.085,0.063,0.1,0.071
2937,2024,5081522,Shane Reynolds,RB,Navy,AAC,0.056,0.0,0.072,0.059,0.035,0.094,0.054,0.062
2938,2024,5081526,Alex Tecza,RB,Navy,AAC,0.18,0.074,0.215,0.218,0.178,0.127,0.203,0.124
2939,2024,5081564,Albert Kunickis III,RB,Northwestern,B1G,0.019,0.0,0.031,0.045,0.0,0.0,0.034,0.0
2940,2024,5081611,Mason Williams,TE,Ohio,MAC,0.029,0.067,0.005,0.029,0.034,0.008,0.03,0.028
2941,2024,5081632,Thai Chiaokhiao-Bowman,WR,Rice,AAC,0.049,0.078,0.007,0.04,0.018,0.104,0.037,0.068
2942,2024,5081698,Justin Fisher,TE,Notre Dame,Ind,0.033,0.032,0.033,0.0,0.053,0.083,0.024,0.05
2943,2024,5081716,Kyle Hanks,RB,Liberty,CUSA,0.014,0.0,0.021,0.0,0.0,0.077,0.017,0.0
2944,2024,5081766,Jason Albritton,RB,Ole Miss,SEC,0.041,0.0,0.085,0.029,0.063,0.043,0.028,0.081
2945,2024,5081804,Mason Maggs,QB,Ohio State,B1G,0.014,0.0,0.027,0.0,0.045,0.0,0.017,0.0
2946,2024,5081820,David Adolph,WR,Ohio State,B1G,0.034,0.074,0.0,0.034,0.0,0.1,0.023,0.071
2947,2024,5081856,Nate Glantz,QB,Lindenwood,,0.471,0.784,0.228,0.416,0.416,0.663,0.43,0.561
2948,2024,5081863,Carson Brown,WR,Iowa State,B12,0.019,0.037,0.0,0.008,0.016,0.05,0.007,0.043
2949,2024,5081898,Cookie Desiderio,RB,Massachusetts,Ind,0.077,0.0,0.155,0.042,0.158,0.037,0.071,0.085
2950,2024,5081902,Evan Cantu,RB,Kansas State,B12,0.048,0.0,0.073,0.034,0.05,0.083,0.064,0.0
2951,2024,5081907,Anthony Frias II,RB,UCLA,B1G,0.096,0.018,0.221,0.089,0.143,0.051,0.11,0.074
2952,2024,5081919,La'James White,RB,Kansas State,B12,0.018,0.0,0.032,0.0,0.056,0.0,0.022,0.0
2953,2024,5081925,General Booty,QB,UL Monroe,SBC,0.239,0.64,0.039,0.231,0.225,0.306,0.186,0.341
2954,2024,5081926,Tawee Walker,RB,Wisconsin,B1G,0.278,0.029,0.511,0.317,0.272,0.169,0.333,0.153
2955,2024,5081966,Colin Page,RB,Texas,SEC,0.063,0.0,0.115,0.044,0.095,0.043,0.057,0.078
2956,2024,5081996,Jeremiah Aaron,WR,North Texas,AAC,0.019,0.034,0.0,0.0,0.027,0.025,0.0,0.053
2957,2024,5081997,Cortez Braham,WR,Nevada,MWC,0.074,0.151,0.005,0.069,0.081,0.082,0.055,0.116
2958,2024,5081999,CJ Donaldson,RB,West Virginia,B12,0.194,0.033,0.321,0.197,0.212,0.153,0.234,0.116
2959,2024,5082004,Ace Cobb,WR,Florida A&M,,0.034,0.063,0.0,0.014,0.0,0.134,0.024,0.055
2960,2024,5082005,Tyriq Starks,QB,Florida Atlantic,AAC,0.289,0.488,0.122,0.231,0.295,0.434,0.247,0.368
2961,2024,5082009,Donovan Giles,WR,Arkansas-Pine Bluff,,0.03,0.048,0.011,0.012,0.078,0.0,0.017,0.056
2962,2024,5082125,Dewayne Coleman,QB,Army,AAC,0.141,0.315,0.111,0.1,0.129,0.29,0.111,0.264
2963,2024,5082140,Liam Fortner,WR,Army,AAC,0.013,0.053,0.0,0.033,0.0,0.0,0.019,0.0
2964,2024,5082142,Noah Short,WR,Army,AAC,0.111,0.172,0.101,0.093,0.133,0.112,0.094,0.167
2965,2024,5082144,Hayden Reed,RB,Army,AAC,0.088,0.106,0.084,0.119,0.063,0.057,0.091,0.078
2966,2024,5082184,Hunter Roddy,RB,Idaho State,,0.038,0.0,0.103,0.0,0.13,0.0,0.017,0.095
2967,2024,5082251,Vann Schield,RB,Northern Colorado,,0.083,0.018,0.125,0.105,0.077,0.048,0.091,0.068
2968,2024,5082253,Keegan Holles,RB,Colorado State,MWC,0.09,0.023,0.149,0.103,0.065,0.119,0.113,0.036
2969,2024,5082269,Dean Connors,RB,Rice,AAC,0.278,0.118,0.541,0.321,0.264,0.213,0.333,0.187
2970,2024,5082271,Quinton Jackson,RB,Rice,AAC,0.086,0.03,0.174,0.105,0.077,0.074,0.092,0.077
2971,2024,5082277,Micah Barnett,FB,Rice,AAC,0.022,0.037,0.0,0.033,0.022,0.0,0.034,0.0
2972,2024,5082284,Boden Groen,TE,Rice,AAC,0.039,0.062,0.0,0.01,0.063,0.067,0.035,0.047
2973,2024,5082289,Kelly Akharaiyi,WR,Mississippi State,SEC,0.042,0.081,0.0,0.039,0.044,0.046,0.034,0.057
2974,2024,5082302,Emari White,WR,UTEP,CUSA,0.039,0.074,0.0,0.05,0.043,0.021,0.042,0.034
2975,2024,5082315,Nathan Acevedo,WR,Fresno State,MWC,0.025,0.04,0.01,0.028,0.038,0.0,0.028,0.017
2976,2024,5082316,Tye Edwards,RB,Northern Iowa,,0.233,0.038,0.425,0.329,0.208,0.086,0.306,0.096
2977,2024,5082330,John Alan Richter,QB,Toledo,MAC,0.239,0.414,0.053,0.154,0.245,0.358,0.2,0.312
2978,2024,5082370,Dallas Payne,TE,UAB,AAC,0.04,0.069,0.0,0.042,0.026,0.059,0.031,0.058
2979,2024,5082439,Rykem Laney,WR,Georgia State,SBC,0.029,0.051,0.0,0.025,0.033,0.036,0.017,0.051
2980,2024,5082467,Tyler Hatcher,TE,Hampton,,0.014,0.037,0.0,0.016,0.014,0.0,0.013,0.015
2981,2024,5082548,A.J. Turner,RB,Marshall,SBC,0.164,0.029,0.256,0.201,0.194,0.045,0.185,0.112
2982,2024,5082549,DeMarcus McElroy,RB,St. Francis (PA),,0.229,0.082,0.353,0.243,0.256,0.168,0.254,0.186
2983,2024,5082558,Caden Burti,WR,UAlbany,,0.052,0.085,0.005,0.03,0.041,0.118,0.038,0.075
2984,2024,5082564,Titus Lyons,TE,Texas State,SBC,0.013,0.027,0.0,0.0,0.016,0.042,0.007,0.027
2985,2024,5082571,Jameson Holcomb,QB,Murray State,,0.078,0.16,0.019,0.049,0.101,0.066,0.064,0.104
2986,2024,5082584,DJ Epps,WR,Troy,SBC,0.018,0.038,0.0,0.036,0.0,0.0,0.026,0.0
2987,2024,5082584,DJ Epps,WR,Troy,,0.018,0.038,0.0,0.036,0.0,0.0,0.026,0.0
2988,2024,5082587,Matthew Coleman,WR,San José State,MWC,0.046,0.072,0.0,0.06,0.033,0.029,0.052,0.032
2989,2024,5082601,Jeff Weimer,WR,Idaho State,,0.099,0.155,0.003,0.096,0.115,0.079,0.08,0.141
2990,2024,5082624,Ryder MacGillivray,WR,Northern Colorado,,0.062,0.133,0.0,0.061,0.086,0.04,0.056,0.071
2991,2024,5082630,Jalen Royals,WR,Utah State,MWC,0.11,0.191,0.005,0.135,0.085,0.106,0.121,0.086
2992,2024,5082633,Evan Svoboda,QB,Wyoming,MWC,0.437,0.717,0.199,0.388,0.359,0.622,0.393,0.52
2993,2024,5082648,Bryce Pierre,TE,UCLA,B1G,0.026,0.046,0.0,0.027,0.021,0.033,0.022,0.033
2994,2024,5082650,Coben Bourguet,WR,Arizona State,B12,0.016,0.04,0.0,0.0,0.05,0.0,0.02,0.0
2995,2024,5082652,Mason Starling,WR,California,ACC,0.041,0.073,0.0,0.065,0.014,0.02,0.046,0.033
2996,2024,5082661,Chernet Estes,WR,Utah Tech,,0.032,0.052,0.0,0.041,0.034,0.015,0.043,0.011
2997,2024,5082965,Tommy Ulatowski,QB,Kent State,MAC,0.367,0.61,0.124,0.308,0.383,0.455,0.301,0.466
2998,2024,5082985,Nate Milanowski,RB,Miami (OH),MAC,0.037,0.0,0.073,0.043,0.027,0.0,0.028,0.053
2999,2024,5082997,Christian Nash,RB,Sioux Falls,,0.057,0.0,0.091,0.028,0.148,0.0,0.052,0.069
3000,2024,5083041,Gerard Bullock,TE,Tennessee State,,0.043,0.078,0.0,0.04,0.041,0.056,0.032,0.064
3001,2024,5083042,Skyler Locklear,QB,UTEP,CUSA,0.469,0.768,0.199,0.461,0.396,0.612,0.423,0.558
3002,2024,5083068,Kenny Odom,WR,UTEP,CUSA,0.072,0.134,0.015,0.096,0.054,0.059,0.075,0.067
3003,2024,5083069,DJ Carter,WR,Austin Peay,,0.017,0.032,0.0,0.0,0.05,0.0,0.0,0.042
3004,2024,5083076,Harold Fannin,TE,Bowling Green,MAC,0.164,0.29,0.023,0.149,0.164,0.186,0.152,0.187
3005,2024,5083103,Davis Bryson,WR,Kennesaw State,CUSA,0.538,0.957,0.246,0.5,0.5,0.653,0.456,0.671
3006,2024,5083104,Braden Bohannon,QB,Kennesaw State,CUSA,0.233,0.37,0.121,0.125,0.263,0.333,0.175,0.35
3007,2024,5083111,Qua Ashley,RB,Kennesaw State,CUSA,0.201,0.089,0.283,0.236,0.218,0.137,0.212,0.183
3008,2024,5083119,Alexander Diggs,RB,Kennesaw State,CUSA,0.086,0.0,0.143,0.103,0.086,0.071,0.109,0.049
3009,2024,5083135,Carson Kent,TE,Kennesaw State,CUSA,0.036,0.082,0.0,0.025,0.031,0.067,0.028,0.05
3010,2024,5083143,Logan Booher,WR,Cal Poly,,0.088,0.135,0.011,0.078,0.065,0.145,0.078,0.104
3011,2024,5083145,Bo Kelly,QB,Cal Poly,,0.325,0.604,0.045,0.282,0.329,0.449,0.289,0.396
3012,2024,5083148,Troy Fletcher,RB,Cal Poly,,0.063,0.024,0.106,0.07,0.067,0.055,0.066,0.057
3013,2024,5083149,Tyrece Fairly-Diyem,TE,Cal Poly,,0.04,0.032,0.053,0.043,0.0,0.111,0.033,0.05
3014,2024,5083171,Jack Layne,QB,Idaho,,0.509,0.911,0.151,0.481,0.528,0.5,0.513,0.5
3015,2024,5083198,Darius Lassiter,WR,BYU,B12,0.093,0.189,0.003,0.086,0.092,0.119,0.085,0.109
3016,2024,5083199,Jeremiah Salem,QB,Eastern Michigan,MAC,0.116,0.163,0.04,0.129,0.095,0.071,0.091,0.16
3017,2024,5083213,Jordan Reed,QB,Montana State,,0.036,0.109,0.0,0.031,0.0,0.107,0.028,0.063
3018,2024,5083249,Fisher Clements,TE,Northern Colorado,,0.014,0.05,0.0,0.036,0.0,0.0,0.021,0.0
3019,2024,5083268,Carson Jenkins,WR,William & Mary,,0.023,0.029,0.019,0.025,0.012,0.038,0.026,0.013
3020,2024,5083271,Sean McElwain,TE,William & Mary,,0.047,0.132,0.0,0.039,0.029,0.074,0.058,0.013
3021,2024,5083277,Luke Daly,WR,Villanova,,0.02,0.05,0.0,0.009,0.047,0.0,0.012,0.041
3022,2024,5083285,Tanner Maddocks,QB,Villanova,,0.067,0.112,0.021,0.062,0.059,0.075,0.053,0.094
3023,2024,5083292,Eli Smith,RB,Villanova,,0.046,0.0,0.09,0.054,0.045,0.038,0.045,0.049
3024,2024,5083295,Isaiah Wright,RB,Villanova,,0.045,0.0,0.087,0.076,0.033,0.0,0.059,0.017
3025,2024,5083297,Jacoby Jones,WR,UCF,B12,0.07,0.171,0.0,0.038,0.05,0.164,0.041,0.14
3026,2024,5083305,Caleb Gossett,WR,Ohio,MAC,0.035,0.084,0.0,0.035,0.037,0.032,0.035,0.033
3027,2024,5083315,Kenyon Sadiq,TE,Oregon,B1G,0.034,0.056,0.012,0.03,0.044,0.025,0.03,0.044
3028,2024,5083370,Jacory Barney Jr.,WR,Nebraska,B1G,0.084,0.144,0.024,0.093,0.104,0.041,0.08,0.094
3029,2024,5083372,Quanye Veney,WR,Richmond,,0.023,0.058,0.004,0.027,0.007,0.045,0.025,0.017
3030,2024,5083373,Ashten Snelsire,QB,Richmond,,0.063,0.2,0.021,0.0,0.043,0.167,0.023,0.15
3031,2024,5083381,Sean Clarke,TE,Richmond,,0.022,0.042,0.0,0.0,0.021,0.037,0.01,0.056
3032,2024,5083393,Marquis Buchanan,WR,Rhode Island,,0.114,0.236,0.005,0.103,0.115,0.127,0.106,0.132
3033,2024,5083395,Jaden Griffin,RB,Rhode Island,,0.119,0.0,0.455,0.125,0.071,0.167,0.167,0.083
3034,2024,5083410,AJ Simpkins,QB,Columbia,,0.049,0.021,0.067,0.034,0.103,0.0,0.044,0.063
3035,2024,5083430,Edan Stagg,WR,Columbia,,0.061,0.114,0.01,0.042,0.086,0.071,0.06,0.064
3036,2024,5083431,Jordan Kelley,WR,Columbia,,0.044,0.092,0.003,0.028,0.044,0.069,0.037,0.061
3037,2024,5083436,Barry Kleinpeter,QB,New Hampshire,,0.19,0.212,0.172,0.106,0.238,0.267,0.173,0.235
3038,2024,5083440,Nino Iacovino,RB,New Hampshire,,0.015,0.0,0.032,0.03,0.0,0.0,0.022,0.0
3039,2024,5083442,Myles Thomason,RB,New Hampshire,,0.293,0.107,0.463,0.402,0.235,0.203,0.347,0.178
3040,2024,5083444,Josh Fillion,WR,New Hampshire,,0.024,0.047,0.0,0.011,0.045,0.011,0.012,0.046
3041,2024,5083457,Colby Ramshaw,TE,New Hampshire,,0.035,0.065,0.0,0.017,0.066,0.028,0.024,0.059
3042,2024,5083458,Peyton Strickland,TE,New Hampshire,,0.015,0.028,0.0,0.0,0.05,0.0,0.0,0.048
3043,2024,5083459,Sam Brecker,WR,New Hampshire,,0.015,0.028,0.0,0.0,0.0,0.083,0.0,0.048
3044,2024,5083467,Parker Woodring,WR,Cornell,,0.061,0.111,0.0,0.039,0.086,0.063,0.055,0.073
3045,2024,5083470,Doryn Smith,WR,Cornell,,0.044,0.079,0.0,0.064,0.03,0.028,0.05,0.031
3046,2024,5083473,Johntu Reed,RB,Cornell,,0.024,0.014,0.035,0.007,0.044,0.034,0.014,0.049
3047,2024,5083490,Ayden Pereira,QB,Merrimack,INDAA,0.374,0.6,0.26,0.33,0.374,0.454,0.334,0.463
3048,2024,5083496,Symon Sathler,RB,Maine,,0.016,0.0,0.038,0.038,0.0,0.0,0.032,0.0
3049,2024,5083509,Rohan Jones,TE,Montana State,,0.043,0.129,0.002,0.047,0.018,0.07,0.044,0.04
3050,2024,5083528,Zeke Burnett,RB,Sacramento State,,0.068,0.013,0.108,0.099,0.061,0.025,0.078,0.049
3051,2024,5083545,Coleman Kuntz,TE,Sacramento State,,0.039,0.068,0.008,0.028,0.027,0.076,0.04,0.037
3052,2024,5083552,Blayne Taylor,WR,Abilene Christian,,0.079,0.138,0.0,0.047,0.082,0.152,0.053,0.14
3053,2024,5083553,Rovaughn Banks Jr.,RB,Abilene Christian,,0.098,0.02,0.187,0.109,0.128,0.035,0.098,0.098
3054,2024,5083569,Jaden Craig,QB,Harvard,,0.381,0.779,0.071,0.35,0.368,0.481,0.307,0.568
3055,2024,5083570,Caydon Coffman,WR,Harvard,,0.013,0.029,0.0,0.0,0.0,0.077,0.016,0.0
3056,2024,5083573,Justin Leszynski,TE,Harvard,,0.014,0.045,0.0,0.0,0.04,0.0,0.0,0.045
3057,2024,5083589,Andre Dennis,WR,Lamar,,0.043,0.079,0.02,0.047,0.057,0.016,0.049,0.029
3058,2024,5083597,James Major Bowden,RB,Lamar,,0.062,0.035,0.081,0.077,0.035,0.077,0.07,0.047
3059,2024,5083630,Kyndon Fuselier,WR,Lamar,,0.046,0.1,0.0,0.03,0.031,0.099,0.027,0.086
3060,2024,5083631,Jayden Boyd,WR,Lamar,,0.031,0.063,0.0,0.024,0.04,0.037,0.032,0.029
3061,2024,5083636,Izaha Jones,WR,Lamar,,0.056,0.106,0.011,0.053,0.049,0.073,0.052,0.063
3062,2024,5083652,Kai Rios,TE,Indiana State,,0.018,0.041,0.0,0.018,0.032,0.0,0.024,0.008
3063,2024,5083657,Rocco Ciocca,TE,Indiana State,,0.021,0.031,0.013,0.016,0.0,0.051,0.031,0.0
3064,2024,5083663,Plez Lawrence,RB,Indiana State,,0.179,0.083,0.243,0.214,0.189,0.118,0.189,0.16
3065,2024,5083678,Zavion Taylor,WR,Indiana State,,0.045,0.11,0.002,0.032,0.045,0.059,0.033,0.069
3066,2024,5083680,Kevin Barnett,WR,Indiana State,,0.031,0.07,0.0,0.023,0.029,0.05,0.023,0.045
3067,2024,5083722,Aaron Rice,WR,Eastern Illinois,,0.033,0.069,0.0,0.036,0.05,0.0,0.023,0.056
3068,2024,5083726,MJ Flowers,RB,Eastern Illinois,,0.311,0.082,0.662,0.343,0.315,0.252,0.366,0.207
3069,2024,5083727,Jay Pearson,RB,Eastern Illinois,,0.077,0.014,0.161,0.07,0.071,0.103,0.077,0.077
3070,2024,5083747,Justin Bowick,WR,Ball State,MAC,0.086,0.157,0.0,0.093,0.024,0.173,0.073,0.118
3071,2024,5083748,Cam Thompson,WR,Northern Illinois,MAC,0.05,0.111,0.0,0.042,0.047,0.071,0.039,0.07
3072,2024,5083750,Alex Ginnever,TE,Eastern Illinois,,0.053,0.09,0.0,0.05,0.045,0.067,0.056,0.048
3073,2024,5083757,Paxton DeLaurent,QB,Southeast Missouri State,,0.638,0.882,0.166,0.555,0.677,0.76,0.564,0.784
3074,2024,5083762,Kyron Downing,WR,Southeast Missouri State,,0.035,0.044,0.016,0.023,0.03,0.071,0.028,0.048
3075,2024,5083770,Darrell Smith,RB,Southeast Missouri State,,0.218,0.057,0.464,0.233,0.241,0.137,0.233,0.186
3076,2024,5083806,Josh Gary,WR,Bucknell,,0.088,0.157,0.003,0.07,0.124,0.071,0.083,0.096
3077,2024,5083807,Derrick Anderson Jr.,WR,Bucknell,,0.031,0.057,0.0,0.015,0.042,0.051,0.024,0.048
3078,2024,5083842,Jalon Howard,WR,Florida A&M,,0.037,0.063,0.0,0.0,0.105,0.0,0.0,0.069
3079,2024,5083847,Dean DeNobile,QB,Lafayette,,0.436,0.859,0.077,0.404,0.428,0.503,0.386,0.561
3080,2024,5083848,Jamar Curtis,RB,Lafayette,,0.313,0.084,0.518,0.335,0.318,0.277,0.346,0.232
3081,2024,5083865,Elijah Steward,WR,Lafayette,,0.091,0.195,0.0,0.096,0.06,0.131,0.078,0.126
3082,2024,5083866,Dallas Holmes,TE,Lafayette,,0.037,0.073,0.0,0.055,0.039,0.011,0.04,0.032
3083,2024,5083870,Geoffrey Jamiel,WR,Lehigh,,0.09,0.249,0.009,0.061,0.124,0.105,0.072,0.129
3084,2024,5083888,Jaden Wimberly,WR,Hampton,,0.026,0.06,0.0,0.049,0.0,0.023,0.03,0.015
3085,2024,5083889,Nick Williams,TE,Lehigh,,0.019,0.08,0.0,0.0,0.029,0.0,0.013,0.033
3086,2024,5083894,Camden Overton,TE,Gardner-Webb,,0.058,0.115,0.0,0.055,0.038,0.093,0.058,0.058
3087,2024,5083895,Luke Schomburg,QB,Chattanooga,,0.222,0.471,0.034,0.174,0.21,0.357,0.156,0.348
3088,2024,5083941,Collin Shannon,QB,VMI,,0.44,0.754,0.091,0.327,0.5,0.577,0.333,0.658
3089,2024,5083963,Ivan Thorpe,WR,VMI,,0.059,0.104,0.019,0.06,0.056,0.067,0.061,0.056
3090,2024,5083966,Morgan McPhaul,WR,VMI,,0.031,0.064,0.0,0.021,0.013,0.075,0.028,0.036
3091,2024,5083976,Emari Matthews,RB,Jackson State,,0.077,0.0,0.116,0.075,0.084,0.04,0.086,0.054
3092,2024,5083981,Joanes Fortilien,WR,Jackson State,,0.054,0.145,0.0,0.047,0.046,0.09,0.047,0.071
3093,2024,5083985,Tonorris Brookins II,WR,Mississippi Valley State,,0.023,0.049,0.0,0.007,0.028,0.049,0.007,0.05
3094,2024,5084026,Wesley Garrett,WR,Eastern Washington,,0.041,0.094,0.0,0.033,0.032,0.069,0.038,0.045
3095,2024,5084027,Miles Williams,WR,Eastern Washington,,0.054,0.118,0.0,0.045,0.07,0.053,0.071,0.0
3096,2024,5084032,Austin York,TE,Eastern Washington,,0.039,0.088,0.0,0.034,0.044,0.024,0.033,0.059
3097,2024,5084047,Nate Frazier,RB,Georgia,SEC,0.171,0.028,0.345,0.238,0.172,0.019,0.206,0.08
3098,2024,5084054,Justin Pegues,RB,Bowling Green,MAC,0.041,0.038,0.046,0.045,0.063,0.008,0.039,0.046
3099,2024,5084078,Isaac Knowles,WR,Tennessee Tech,,0.015,0.025,0.0,0.0,0.035,0.017,0.013,0.019
3100,2024,5084084,Kevin Jennings,QB,SMU,ACC,0.491,0.862,0.168,0.436,0.467,0.665,0.399,0.682
3101,2024,5084133,Alex Perry,WR,Hawai'i,MWC,0.026,0.042,0.0,0.022,0.024,0.035,0.023,0.033
3102,2024,5084135,Pofele Ashlock,WR,Hawai'i,MWC,0.08,0.124,0.007,0.062,0.073,0.118,0.077,0.088
3103,2024,5084177,Ta'ir Brooks,WR,Northern Arizona,,0.046,0.099,0.0,0.051,0.05,0.015,0.05,0.036
3104,2024,5084178,Jamoni Jones,RB,Vanderbilt,SEC,0.02,0.0,0.03,0.009,0.049,0.0,0.006,0.051
3105,2024,5084179,Star Thomas,RB,Duke,ACC,0.298,0.047,0.607,0.37,0.289,0.155,0.338,0.213
3106,2024,5084180,Diego Pavia,QB,Vanderbilt,SEC,0.63,0.978,0.382,0.552,0.625,0.786,0.552,0.784
3107,2024,5084181,Kordell David,WR,New Mexico State,CUSA,0.025,0.057,0.0,0.015,0.03,0.03,0.015,0.043
3108,2024,5084183,Kheagian Heckaman,TE,Tennessee State,,0.015,0.031,0.0,0.0,0.0,0.071,0.0,0.038
3109,2024,5084208,Kameran Senegal,WR,McNeese,,0.039,0.082,0.0,0.034,0.036,0.058,0.037,0.043
3110,2024,5084210,Joshon Barbie,RB,McNeese,,0.197,0.04,0.316,0.246,0.178,0.124,0.234,0.117
3111,2024,5084233,Tyronne Hayes,TE,McNeese,,0.017,0.046,0.0,0.013,0.034,0.0,0.025,0.0
3112,2024,5084240,Christian Arceneaux,QB,Nicholls,,0.06,0.148,0.0,0.036,0.025,0.103,0.043,0.1
3113,2024,5084244,Jason Barnes Jr.,WR,Nicholls,,0.055,0.109,0.0,0.07,0.067,0.021,0.051,0.062
3114,2024,5084265,Scrappy Osby,WR,Nicholls,,0.056,0.107,0.003,0.029,0.072,0.084,0.033,0.096
3115,2024,5084266,Treylin Whaley,WR,Nicholls,,0.012,0.023,0.0,0.0,0.022,0.0,0.0,0.033
3116,2024,5084286,Makhi Frazier,RB,Michigan State,B1G,0.023,0.006,0.039,0.032,0.025,0.0,0.029,0.009
3117,2024,5084290,Josh Joyner,RB,Washington State,PAC,0.027,0.0,0.067,0.061,0.0,0.0,0.034,0.0
3118,2024,5084293,Ka'Morreun Pimpton,TE,LSU,SEC,0.018,0.032,0.0,0.019,0.019,0.0,0.017,0.021
3119,2024,5084305,Mekhi Hagens,QB,Arkansas-Pine Bluff,,0.495,0.756,0.216,0.424,0.554,0.557,0.433,0.602
3120,2024,5084317,Johness Davis,RB,Arkansas-Pine Bluff,,0.094,0.028,0.172,0.106,0.14,0.0,0.114,0.059
3121,2024,5084339,Derrick White,WR,Arkansas-Pine Bluff,,0.035,0.068,0.0,0.05,0.044,0.0,0.032,0.042
3122,2024,5084352,Bryce Patterson,QB,Morehead State,,0.195,0.378,0.036,0.157,0.217,0.229,0.144,0.271
3123,2024,5084360,Zavier Lomax,RB,UVA Wise,,0.051,0.0,0.1,0.045,0.105,0.0,0.032,0.071
3124,2024,5084372,Caleb Tillman,WR,Morehead State,,0.028,0.056,0.0,0.013,0.051,0.027,0.009,0.057
3125,2024,5084374,Trevon Kleint,WR,Morehead State,,0.04,0.083,0.005,0.036,0.048,0.038,0.026,0.064
3126,2024,5084379,Qwentin Brown,RB,Brown,,0.05,0.022,0.081,0.027,0.057,0.072,0.056,0.032
3127,2024,5084380,Dillon Golden,TE,Brown,,0.024,0.043,0.0,0.011,0.045,0.023,0.013,0.057
3128,2024,5084399,Solomon Miller,WR,Brown,,0.054,0.09,0.017,0.053,0.052,0.032,0.058,0.045
3129,2024,5084401,Chason Barber,WR,Brown,,0.034,0.065,0.0,0.028,0.03,0.042,0.027,0.053
3130,2024,5084404,Liam O'Brien,QB,Pennsylvania,,0.486,0.709,0.32,0.459,0.466,0.594,0.476,0.515
3131,2024,5084405,Alex Haight,WR,Pennsylvania,,0.025,0.044,0.0,0.023,0.048,0.0,0.022,0.032
3132,2024,5084408,Bisi Owens,WR,Pennsylvania,,0.065,0.138,0.0,0.067,0.04,0.106,0.058,0.084
3133,2024,5084409,Jared Richardson,WR,Pennsylvania,,0.084,0.178,0.0,0.088,0.069,0.114,0.071,0.117
3134,2024,5084429,Darren Morris,WR,Southern,,0.065,0.131,0.003,0.066,0.049,0.076,0.059,0.074
3135,2024,5084430,Kendric Rhymes,RB,Southern,,0.15,0.031,0.257,0.188,0.154,0.086,0.178,0.101
3136,2024,5084460,Ke'Nard King,WR,Northwestern State,,0.045,0.085,0.009,0.065,0.022,0.047,0.047,0.043
3137,2024,5084472,Kennieth Lacy,RB,Northwestern State,,0.135,0.03,0.239,0.199,0.137,0.04,0.181,0.074
3138,2024,5084517,Cam Smith,WR,Wofford,,0.034,0.07,0.0,0.0,0.026,0.087,0.014,0.07
3139,2024,5084518,Dylan Djete,WR,Wofford,,0.067,0.129,0.007,0.04,0.108,0.069,0.051,0.093
3140,2024,5084519,Rickie Shaw II,WR,Wofford,,0.029,0.049,0.008,0.04,0.0,0.049,0.027,0.032
3141,2024,5084524,Kyle Parsons,RB,Wofford,,0.051,0.023,0.081,0.035,0.086,0.016,0.041,0.067
3142,2024,5084555,Xavier Gaillardetz,WR,East Tennessee State,,0.032,0.067,0.003,0.037,0.017,0.043,0.035,0.024
3143,2024,5084582,Jordan Gant,RB,Tennessee State,,0.089,0.033,0.154,0.076,0.11,0.079,0.091,0.086
3144,2024,5084590,Craig Cunningham,RB,Tennessee State,,0.031,0.0,0.059,0.024,0.047,0.025,0.029,0.036
3145,2024,5084600,Jahee Blake,WR,Norfolk State,,0.023,0.063,0.0,0.0,0.0,0.083,0.0,0.048
3146,2024,5084658,Terrell Anderson,WR,NC State,ACC,0.026,0.051,0.0,0.029,0.023,0.03,0.024,0.032
3147,2024,5084729,BJ Fleming,WR,Northern Arizona,,0.04,0.063,0.022,0.042,0.051,0.026,0.026,0.067
3148,2024,5084764,Isaiah Lopez,WR,Northern Arizona,,0.055,0.0,0.085,0.051,0.083,0.0,0.054,0.059
3149,2024,5084771,KJ Duff,WR,Rutgers,B1G,0.04,0.086,0.0,0.039,0.04,0.041,0.028,0.068
3150,2024,5084772,Hayden Eligon Ii,WR,Northwestern,B1G,0.019,0.031,0.0,0.033,0.0,0.0,0.028,0.0
3151,2024,5084794,Deuce McMillan,WR,Houston Christian,,0.045,0.095,0.0,0.044,0.06,0.031,0.031,0.067
3152,2024,5084798,Ismail Mahdi,RB,Texas State,SBC,0.231,0.064,0.378,0.242,0.288,0.111,0.252,0.179
3153,2024,5084802,AJ Wilson,QB,Houston Christian,,0.054,0.114,0.0,0.056,0.062,0.037,0.046,0.067
3154,2024,5084828,Luke Bottari,QB,Utah,B12,0.229,0.373,0.084,0.132,0.232,0.375,0.163,0.324
3155,2024,5084829,Luca Caldarella,WR,Utah,B12,0.014,0.03,0.0,0.0,0.046,0.0,0.014,0.016
3156,2024,5084905,Jaylan Hornsby,WR,Syracuse,ACC,0.011,0.016,0.0,0.013,0.0,0.027,0.008,0.015
3157,2024,5084906,Jaden Hart,RB,Syracuse,ACC,0.012,0.009,0.016,0.013,0.018,0.0,0.013,0.009
3158,2024,5084910,Josh Phifer,TE,James Madison,SBC,0.014,0.034,0.0,0.0,0.023,0.037,0.02,0.0
3159,2024,5084933,Chase Miller,WR,Stonehill,,0.045,0.083,0.018,0.054,0.031,0.047,0.053,0.033
3160,2024,5084950,Jay Coyne,FB,Michigan State,B1G,0.016,0.034,0.0,0.037,0.0,0.0,0.022,0.0
3161,2024,5084957,Marquis Ashley,WR,Nevada,MWC,0.017,0.027,0.0,0.013,0.017,0.028,0.009,0.029
3162,2024,5084967,Victor Snow,WR,Buffalo,MAC,0.074,0.158,0.014,0.054,0.086,0.091,0.06,0.102
3163,2024,5085006,Jalen Buckley,RB,Western Michigan,MAC,0.218,0.047,0.363,0.24,0.223,0.14,0.267,0.104
3164,2024,5085024,CJ Williams,WR,Wisconsin,B1G,0.03,0.059,0.003,0.016,0.027,0.052,0.028,0.034
3165,2024,5085026,Keegan Patterson,QB,Indiana State,,0.258,0.27,0.25,0.194,0.258,0.385,0.185,0.349
3166,2024,5085112,Emmett Brown,QB,San José State,MWC,0.443,0.638,0.112,0.402,0.472,0.485,0.418,0.5
3167,2024,5085121,Cole Pruett,WR,Eastern Washington,,0.021,0.051,0.0,0.029,0.012,0.02,0.017,0.031
3168,2024,5085137,Cade Harris,WR,Air Force,MWC,0.085,0.137,0.073,0.057,0.112,0.089,0.064,0.14
3169,2024,5085138,Aiden Calvert,RB,Air Force,MWC,0.074,0.018,0.09,0.082,0.082,0.049,0.075,0.073
3170,2024,5085140,Cameron Breier,WR,Air Force,MWC,0.013,0.0,0.014,0.016,0.018,0.0,0.016,0.0
3171,2024,5085146,Brandon Engel,WR,Air Force,MWC,0.015,0.091,0.0,0.007,0.009,0.043,0.008,0.036
3172,2024,5085189,Jack Endries,TE,California,ACC,0.071,0.122,0.0,0.074,0.062,0.067,0.075,0.065
3173,2024,5085246,Tylyric Coleman,WR,Virginia,ACC,0.025,0.041,0.0,0.025,0.015,0.0,0.023,0.028
3174,2024,5085259,Ashton Frye,QB,Grambling,,0.048,0.083,0.014,0.03,0.021,0.129,0.034,0.068
3175,2024,5085265,Anwar Lewis,RB,Jacksonville State,CUSA,0.08,0.017,0.119,0.085,0.071,0.094,0.083,0.07
3176,2024,5085300,Jared White,RB,Montana State,,0.084,0.006,0.117,0.09,0.092,0.063,0.091,0.061
3177,2024,5085301,Taco Dowler,WR,Montana State,,0.047,0.13,0.006,0.034,0.04,0.077,0.037,0.078
3178,2024,5085304,Charles Garrison,TE,Northern Colorado,,0.034,0.068,0.004,0.024,0.024,0.059,0.019,0.06
3179,2024,5085335,Deion Brown,RB,Eastern Michigan,MAC,0.039,0.014,0.069,0.034,0.057,0.026,0.041,0.034
3180,2024,5085337,Keyone Jenkins,QB,Florida International,CUSA,0.516,0.91,0.167,0.474,0.5,0.636,0.47,0.614
3181,2024,5085356,Austin Myers,QB,Central Arkansas,,0.186,0.314,0.057,0.235,0.13,0.182,0.167,0.227
3182,2024,5085364,Manny Smith,WR,Central Arkansas,,0.027,0.036,0.02,0.038,0.01,0.034,0.035,0.01
3183,2024,5085370,Jordan Owens,TE,Central Arkansas,,0.049,0.092,0.0,0.042,0.068,0.037,0.044,0.062
3184,2024,5085383,Triston Edwards,WR,Central Arkansas,,0.016,0.029,0.0,0.0,0.0,0.091,0.0,0.077
3185,2024,5085434,LT Sanders,RB,Western Kentucky,CUSA,0.051,0.012,0.099,0.049,0.077,0.022,0.053,0.047
3186,2024,5085440,Richie Lankford,QB,West Georgia,,0.048,0.065,0.032,0.0,0.111,0.083,0.022,0.118
3187,2024,5085441,Tyler Jordan,RB,Western Illinois,,0.017,0.0,0.036,0.037,0.0,0.0,0.032,0.0
3188,2024,5085496,Chauncy Cobb,WR,Arkansas State,SBC,0.016,0.029,0.0,0.034,0.0,0.0,0.021,0.0
3189,2024,5085497,Ty Stamey,TE,Louisiana,SBC,0.028,0.051,0.0,0.033,0.037,0.0,0.038,0.0
3190,2024,5085503,Grayson O'Bara,WR,Dartmouth,,0.052,0.1,0.004,0.026,0.051,0.113,0.039,0.079
3191,2024,5085504,Daniel Haughton,WR,Dartmouth,,0.062,0.133,0.0,0.048,0.061,0.089,0.05,0.088
3192,2024,5085505,Sean Ward,TE,Dartmouth,,0.025,0.06,0.0,0.015,0.046,0.014,0.031,0.011
3193,2024,5085507,D.J. Crowther,RB,Dartmouth,,0.117,0.022,0.192,0.152,0.082,0.101,0.153,0.037
3194,2024,5085508,Desmin Jackson,RB,Dartmouth,,0.096,0.073,0.117,0.107,0.116,0.048,0.119,0.048
3195,2024,5085509,Chris Corbo,TE,Dartmouth,,0.06,0.131,0.0,0.033,0.06,0.119,0.034,0.113
3196,2024,5085520,Jackson Namian,WR,Dartmouth,,0.028,0.06,0.0,0.037,0.028,0.015,0.027,0.033
3197,2024,5085521,Ivan Hoyt,WR,Davidson,,0.037,0.157,0.0,0.037,0.032,0.04,0.035,0.042
3198,2024,5085540,Aidan Garcia,WR,Idaho State,,0.013,0.02,0.0,0.0,0.0,0.071,0.0,0.048
3199,2024,5085541,Keoua Kauhi,RB,Idaho State,,0.073,0.01,0.181,0.088,0.065,0.06,0.082,0.052
3200,2024,5085597,Jaylen Lynch,WR,Portland State,,0.036,0.09,0.0,0.028,0.026,0.079,0.031,0.048
3201,2024,5085598,Tanner Beaman,TE,Portland State,,0.035,0.091,0.0,0.041,0.032,0.031,0.036,0.034
3202,2024,5085609,Treyshun Hurry,WR,San José State,MWC,0.036,0.052,0.007,0.02,0.044,0.056,0.023,0.066
3203,2024,5085613,Adrian Cormier,RB,Weber State,,0.114,0.046,0.174,0.126,0.105,0.119,0.129,0.083
3204,2024,5085618,Keayen Nead,TE,Weber State,,0.026,0.052,0.0,0.024,0.01,0.029,0.028,0.02
3205,2024,5085628,Tajon Evans,WR,Weber State,,0.037,0.077,0.0,0.042,0.042,0.023,0.036,0.038
3206,2024,5085629,Jaden Thrower,WR,Weber State,,0.032,0.073,0.0,0.022,0.046,0.013,0.022,0.054
3207,2024,5085630,Marcus Chretien,WR,Weber State,,0.057,0.127,0.0,0.052,0.079,0.041,0.055,0.062
3208,2024,5085631,Marvin Session,WR,Weber State,,0.029,0.063,0.0,0.021,0.013,0.063,0.025,0.038
3209,2024,5085641,Jaleel Sales,WR,Davidson,,0.03,0.028,0.031,0.028,0.029,0.036,0.024,0.043
3210,2024,5085642,Mari Adams,RB,Davidson,,0.234,0.0,0.298,0.298,0.202,0.179,0.282,0.128
3211,2024,5085644,Coulter Cleland,QB,Davidson,,0.288,0.667,0.137,0.25,0.417,0.214,0.234,0.385
3212,2024,5085650,Brody Reina,WR,Davidson,,0.037,0.175,0.0,0.036,0.028,0.048,0.028,0.058
3213,2024,5085654,Mason Sheron,RB,Davidson,,0.204,0.012,0.256,0.202,0.198,0.202,0.232,0.14
3214,2024,5085665,Langston Green,TE,Davidson,,0.013,0.111,0.0,0.0,0.038,0.0,0.0,0.042
3215,2024,5085666,Christian Berry,TE,Davidson,,0.014,0.085,0.0,0.0,0.011,0.016,0.005,0.035
3216,2024,5085677,Mitchell January,WR,Drake,,0.068,0.112,0.004,0.073,0.08,0.04,0.064,0.074
3217,2024,5085681,Parker Olthoff,TE,Drake,,0.041,0.07,0.0,0.04,0.04,0.048,0.031,0.064
3218,2024,5085683,Luke Woodson,RB,Drake,,0.13,0.036,0.267,0.121,0.125,0.153,0.146,0.096
3219,2024,5085685,Taj Hughes,RB,Drake,,0.143,0.196,0.069,0.11,0.18,0.161,0.119,0.197
3220,2024,5085707,Tyler Nansel,TE,Drake,,0.015,0.025,0.0,0.023,0.0,0.025,0.015,0.017
3221,2024,5085714,Jordan Pachot,QB,Southern Utah,,0.048,0.098,0.0,0.019,0.049,0.065,0.014,0.096
3222,2024,5085718,Hess Horne,QB,Mercer,,0.193,0.424,0.018,0.129,0.169,0.378,0.156,0.286
3223,2024,5085729,Connor Lair,RB,Missouri State,,0.022,0.025,0.019,0.0,0.041,0.049,0.031,0.0
3224,2024,5085754,Matthew Schecklman,QB,Northern Iowa,,0.381,0.614,0.146,0.284,0.421,0.481,0.299,0.528
3225,2024,5085768,Brady McCullough,WR,Northern Iowa,,0.022,0.043,0.0,0.01,0.013,0.071,0.007,0.048
3226,2024,5085784,Chase Mason,QB,South Dakota State,,0.121,0.123,0.12,0.135,0.128,0.081,0.13,0.101
3227,2024,5085788,Enzo Arjona,QB,Marist,,0.434,0.615,0.139,0.378,0.431,0.535,0.361,0.545
3228,2024,5085803,Gavin Nelson,WR,Monmouth,,0.053,0.093,0.003,0.045,0.038,0.089,0.042,0.078
3229,2024,5085808,Marqui Adams,QB,Delaware State,,0.553,0.753,0.34,0.458,0.558,0.716,0.457,0.719
3230,2024,5085810,Avari Marshall,WR,Delaware State,,0.016,0.029,0.0,0.0,0.053,0.0,0.0,0.042
3231,2024,5085820,Ryan Lee,TE,Delaware State,,0.029,0.05,0.0,0.059,0.018,0.0,0.037,0.016
3232,2024,5085830,Rahkeem Smith,WR,Bowling Green,MAC,0.056,0.061,0.05,0.064,0.057,0.04,0.068,0.029
3233,2024,5085846,Ethan Harris,WR,Furman,,0.033,0.061,0.0,0.024,0.042,0.037,0.019,0.055
3234,2024,5085847,Ben Ferguson,WR,Furman,,0.043,0.082,0.0,0.026,0.049,0.07,0.021,0.079
3235,2024,5085848,Carson Jones,QB,Furman,,0.302,0.557,0.053,0.24,0.245,0.5,0.23,0.419
3236,2024,5085852,Ben Croasdale,RB,Furman,,0.051,0.0,0.108,0.035,0.06,0.074,0.05,0.054
3237,2024,5085866,Gram Smithson,WR,Furman,,0.014,0.0,0.026,0.029,0.0,0.0,0.021,0.0
3238,2024,5085883,Jake Reichle,RB,Oregon State,PAC,0.017,0.005,0.027,0.006,0.007,0.049,0.017,0.017
3239,2024,5085913,Austin Bray,TE,Youngstown State,,0.027,0.059,0.0,0.033,0.01,0.05,0.031,0.021
3240,2024,5085941,Zach Osborne,QB,Colgate,,0.074,0.036,0.122,0.076,0.068,0.068,0.093,0.034
3241,2024,5085946,Marco Maldonado,RB,Colgate,,0.136,0.044,0.251,0.195,0.128,0.044,0.151,0.104
3242,2024,5085958,Jariyah Sawyer,WR,Colgate,,0.027,0.048,0.004,0.018,0.024,0.047,0.023,0.038
3243,2024,5085960,Brady Hutchison,WR,Colgate,,0.062,0.112,0.003,0.045,0.088,0.058,0.054,0.08
3244,2024,5086034,Camryn Edwards,RB,UConn,Ind,0.175,0.035,0.291,0.182,0.172,0.158,0.188,0.144
3245,2024,5086050,NaQuari Rogers,RB,New Mexico,MWC,0.142,0.008,0.224,0.139,0.155,0.143,0.178,0.024
3246,2024,5086052,Chaney Fitzgerald,WR,Campbell,,0.041,0.084,0.008,0.049,0.025,0.059,0.042,0.041
3247,2024,5086056,Melvin Davis,RB,Campbell,,0.021,0.0,0.041,0.031,0.013,0.019,0.034,0.0
3248,2024,5086086,Drew Krobath,WR,Lindenwood,,0.043,0.084,0.013,0.056,0.012,0.068,0.047,0.034
3249,2024,5086091,Jared Rhodes,RB,Lindenwood,,0.162,0.04,0.233,0.143,0.182,0.2,0.156,0.174
3250,2024,5086096,Lawayne McCoy,WR,Florida State,ACC,0.03,0.052,0.009,0.021,0.066,0.0,0.028,0.034
3251,2024,5086097,Jaheim Merriweather,RB,Purdue,B1G,0.049,0.013,0.082,0.061,0.048,0.029,0.062,0.019
3252,2024,5086102,Cameron Hergott,QB,Eastern Kentucky,,0.106,0.087,0.116,0.104,0.098,0.113,0.109,0.096
3253,2024,5086150,Ryan Schwendeman,TE,Southern Illinois,,0.04,0.086,0.0,0.05,0.0,0.086,0.052,0.019
3254,2024,5086156,Danny Lauter,QB,Georgetown,,0.495,0.892,0.1,0.404,0.544,0.625,0.408,0.686
3255,2024,5086159,Mason Gudger,RB,Georgetown,,0.127,0.043,0.196,0.16,0.125,0.053,0.127,0.129
3256,2024,5086174,Keynan Richardson-Cook,WR,Georgetown,,0.019,0.039,0.0,0.018,0.017,0.027,0.02,0.018
3257,2024,5086178,Max McCormick,TE,Georgetown,,0.028,0.048,0.0,0.041,0.014,0.023,0.04,0.0
3258,2024,5086182,Jack Capaldi,QB,Fordham,,0.406,0.686,0.143,0.373,0.394,0.508,0.36,0.49
3259,2024,5086192,Jack Kaiser,RB,Fordham,,0.032,0.0,0.063,0.041,0.022,0.023,0.045,0.007
3260,2024,5086204,Matt Buron,TE,Fordham,,0.033,0.065,0.0,0.046,0.029,0.011,0.033,0.034
3261,2024,5086210,Mason Hatfield,RB,Fordham,,0.044,0.014,0.082,0.034,0.065,0.038,0.044,0.045
3262,2024,5086218,Sam Hicks,RB,Abilene Christian,,0.258,0.081,0.499,0.289,0.289,0.152,0.286,0.193
3263,2024,5086233,Jesse Prewitt III,WR,Central Michigan,MAC,0.045,0.096,0.0,0.041,0.047,0.045,0.041,0.053
3264,2024,5086241,Anthony DiNota,RB,Texas A&M,SEC,0.079,0.0,0.135,0.088,0.105,0.0,0.074,0.111
3265,2024,5086378,Diore Hubbard,RB,West Virginia,B12,0.012,0.0,0.016,0.029,0.0,0.0,0.019,0.0
3266,2024,5086388,Kewan Lacy,RB,Missouri,SEC,0.057,0.01,0.1,0.067,0.066,0.012,0.072,0.017
3267,2024,5086392,Jamaal Wiley,RB,California,ACC,0.029,0.0,0.064,0.031,0.032,0.0,0.042,0.0
3268,2024,5086393,J'Koby Williams,RB,Texas Tech,B12,0.075,0.034,0.124,0.082,0.094,0.034,0.077,0.071
3269,2024,5086448,Kamrean Johnson,TE,Vanderbilt,SEC,0.014,0.048,0.0,0.0,0.0,0.059,0.02,0.0
3270,2024,5086464,Lonnie Adkism,WR,Sam Houston,CUSA,0.017,0.032,0.0,0.0,0.0,0.083,0.022,0.0
3271,2024,5086505,Samuel Gbatu Jr.,WR,UC Davis,,0.048,0.086,0.002,0.047,0.048,0.053,0.041,0.065
3272,2024,5086524,Bryant Ward,QB,Elon,,0.016,0.0,0.029,0.0,0.051,0.0,0.0,0.053
3273,2024,5086529,Cody Hardy,TE,Elon,,0.024,0.049,0.0,0.019,0.025,0.02,0.026,0.022
3274,2024,5086540,Landyn Backey,WR,Elon,,0.03,0.063,0.0,0.0,0.047,0.08,0.0,0.091
3275,2024,5086627,Cole Tannenbaum,QB,Arizona,B12,0.033,0.044,0.014,0.013,0.051,0.044,0.017,0.058
3276,2024,5086866,Davin Driskell,TE,Charleston Southern,,0.02,0.038,0.0,0.048,0.0,0.0,0.033,0.0
3277,2024,5086883,Jaden Scott,WR,Charleston Southern,,0.033,0.068,0.0,0.036,0.053,0.0,0.038,0.025
3278,2024,5086893,Donovan Shepard,RB,Hampton,,0.104,0.013,0.164,0.122,0.113,0.071,0.103,0.107
3279,2024,5086913,Aanjay Feliciano,WR,Stetson,,0.048,0.076,0.0,0.03,0.068,0.034,0.05,0.043
3280,2024,5086920,Eli Brickhandler,QB,Houston Christian,,0.259,0.363,0.176,0.226,0.25,0.345,0.261,0.255
3281,2024,5086921,Amonte Jones,WR,North Carolina A&T,,0.052,0.111,0.0,0.052,0.017,0.109,0.067,0.028
3282,2024,5086933,Christian MacDonald,WR,Winston-Salem,,0.019,0.04,0.0,0.0,0.0,0.071,0.0,0.067
3283,2024,5086951,Noah Sanders,QB,North Carolina A&T,,0.016,0.0,0.038,0.0,0.0,0.026,0.009,0.028
3284,2024,5086952,Jo'Nathan Silver,RB,Delaware,,0.103,0.03,0.182,0.082,0.143,0.089,0.102,0.107
3285,2024,5086956,Elijah Sessoms,TE,Delaware,,0.016,0.035,0.0,0.023,0.0,0.016,0.018,0.012
3286,2024,5086970,Ryan O'Connor,QB,Delaware,,0.597,0.984,0.056,0.636,0.567,0.548,0.571,0.661
3287,2024,5086972,Kaelin Costello,RB,Delaware,,0.045,0.0,0.095,0.049,0.056,0.023,0.037,0.067
3288,2024,5086976,Matt Carlino,TE,Delaware,,0.027,0.057,0.0,0.032,0.0,0.056,0.018,0.059
3289,2024,5086999,Dominic Vrbancic,WR,Dayton,,0.046,0.091,0.0,0.022,0.067,0.057,0.026,0.077
3290,2024,5087004,Will Cohen,RB,Dayton,,0.056,0.0,0.089,0.032,0.12,0.0,0.037,0.118
3291,2024,5087029,Brady Preston,QB,Butler,,0.016,0.047,0.0,0.036,0.0,0.0,0.022,0.0
3292,2024,5087031,Reagan Andrew,QB,Butler,,0.428,0.784,0.201,0.359,0.413,0.574,0.368,0.591
3293,2024,5087034,Griffin Caldwell,RB,Butler,,0.092,0.021,0.133,0.13,0.074,0.039,0.107,0.049
3294,2024,5087037,Ershod Jasey II,RB,Butler,,0.082,0.011,0.13,0.11,0.073,0.043,0.098,0.035
3295,2024,5087039,Ethan Loss,WR,Butler,,0.052,0.123,0.007,0.039,0.057,0.078,0.04,0.085
3296,2024,5087044,Archie Cox,WR,Butler,,0.022,0.049,0.004,0.016,0.022,0.027,0.013,0.046
3297,2024,5087069,Max Mosey,QB,Holy Cross,,0.076,0.14,0.031,0.067,0.057,0.125,0.08,0.065
3298,2024,5087070,Sam Slade,RB,Holy Cross,,0.132,0.046,0.197,0.172,0.118,0.07,0.141,0.113
3299,2024,5087072,Nathan Schillinger,TE,Holy Cross,,0.025,0.081,0.0,0.0,0.0,0.107,0.011,0.071
3300,2024,5087081,Blake Youngblood,WR,Holy Cross,,0.069,0.105,0.0,0.071,0.0,0.2,0.091,0.0
3301,2024,5087093,Curtis Whiting,RB,Sacred Heart,INDAA,0.015,0.0,0.025,0.0,0.045,0.0,0.021,0.0
3302,2024,5087122,Elijah Ford,WR,Sacred Heart,INDAA,0.056,0.111,0.016,0.066,0.042,0.042,0.057,0.054
3303,2024,5087130,Jordan Heisey,QB,Duquesne,,0.116,0.217,0.048,0.09,0.082,0.212,0.106,0.137
3304,2024,5087156,Nathan Hayes,QB,North Dakota State,,0.106,0.22,0.039,0.033,0.115,0.325,0.05,0.262
3305,2024,5087160,John Gores,WR,North Dakota State,,0.021,0.053,0.0,0.006,0.009,0.071,0.008,0.055
3306,2024,5087167,Kaden Zenzen,TE,North Dakota State,,0.018,0.048,0.0,0.0,0.0,0.1,0.0,0.077
3307,2024,5087188,Colton Hackel,QB,Northern State,,0.075,0.154,0.051,0.05,0.0,0.2,0.034,0.125
3308,2024,5087189,Caden Dennis,WR,North Dakota,,0.047,0.105,0.005,0.059,0.05,0.021,0.047,0.047
3309,2024,5087198,Haydn Stay,TE,North Dakota,,0.014,0.038,0.0,0.016,0.022,0.0,0.009,0.029
3310,2024,5087199,Mason South,TE,North Dakota,,0.013,0.025,0.0,0.029,0.0,0.0,0.018,0.0
3311,2024,5087215,Sam Strandell,WR,North Dakota,,0.018,0.043,0.0,0.015,0.0,0.061,0.015,0.026
3312,2024,5087233,Cal Martine,FB,Illinois State,,0.03,0.0,0.05,0.042,0.018,0.0,0.034,0.021
3313,2024,5087240,Eddie Kasper,WR,Illinois State,,0.087,0.172,0.0,0.09,0.076,0.111,0.079,0.106
3314,2024,5087241,Max Ziebarth,TE,Illinois State,,0.021,0.036,0.0,0.0,0.067,0.0,0.0,0.053
3315,2024,5087251,Kevon King,RB,Norfolk State,,0.24,0.032,0.364,0.299,0.232,0.147,0.276,0.166
3316,2024,5087296,Breylin Smith,RB,Howard,,0.048,0.094,0.011,0.048,0.052,0.05,0.049,0.047
3317,2024,5087297,Ja'Shawn Scroggins,QB,Howard,,0.464,0.757,0.219,0.355,0.482,0.667,0.369,0.63
3318,2024,5087357,Deandre Buchannon,WR,Georgia Southern,SBC,0.027,0.028,0.026,0.034,0.027,0.0,0.028,0.026
3319,2024,5087687,Eli Gillman,RB,Montana,,0.198,0.05,0.35,0.232,0.212,0.105,0.219,0.147
3320,2024,5087689,Kaden Huot,QB,Montana,,0.012,0.0,0.019,0.0,0.0,0.0,0.014,0.0
3321,2024,5087705,Ian Finch,WR,Montana,,0.015,0.033,0.0,0.0,0.043,0.0,0.02,0.0
3322,2024,5087747,Jayce Freeman,WR,Stony Brook,,0.045,0.086,0.0,0.052,0.032,0.047,0.047,0.039
3323,2024,5088096,Ty Englehart,QB,Presbyterian,,0.284,0.445,0.126,0.271,0.254,0.388,0.259,0.322
3324,2024,5088100,Deverious Abercrombie,WR,Presbyterian,,0.021,0.029,0.0,0.0,0.0,0.1,0.0,0.042
3325,2024,5088101,Jayden Pressey,WR,Presbyterian,,0.036,0.067,0.004,0.041,0.025,0.049,0.034,0.04
3326,2024,5088107,Dominic Kibby,WR,Presbyterian,,0.079,0.16,0.006,0.071,0.112,0.05,0.066,0.105
3327,2024,5088153,Micahi Danzy,WR,Florida State,ACC,0.022,0.022,0.022,0.025,0.032,0.0,0.017,0.031
3328,2024,5088155,Kyree Drake,WR,Stonehill,,0.021,0.032,0.013,0.018,0.022,0.03,0.021,0.022
3329,2024,5088159,Chris Domercant,WR,Chattanooga,,0.063,0.146,0.0,0.047,0.078,0.077,0.045,0.1
3330,2024,5088161,Cameron Alves,WR,Central Connecticut,,0.044,0.104,0.0,0.039,0.034,0.08,0.051,0.029
3331,2024,5088163,Jermaine Corbett,RB,Merrimack,INDAA,0.3,0.093,0.409,0.333,0.303,0.238,0.322,0.25
3332,2024,5088166,Ashur Carraha,QB,Stonehill,,0.51,0.894,0.182,0.388,0.582,0.625,0.409,0.694
3333,2024,5088170,Cole Clarke,QB,Stonehill,,0.07,0.086,0.06,0.04,0.081,0.093,0.049,0.106
3334,2024,5088179,Zavion Woodard,RB,Stonehill,,0.169,0.033,0.279,0.216,0.113,0.154,0.198,0.121
3335,2024,5088187,Jarel Washington,RB,Stonehill,,0.23,0.066,0.362,0.267,0.263,0.138,0.268,0.164
3336,2024,5088196,Noah Canty,TE,Duquesne,,0.018,0.034,0.0,0.042,0.0,0.0,0.024,0.0
3337,2024,5088238,Jake Newsham,WR,Stonehill,,0.048,0.097,0.005,0.041,0.052,0.065,0.044,0.056
3338,2024,5088243,Brigham Dunphy,WR,Stonehill,,0.11,0.189,0.052,0.086,0.107,0.156,0.066,0.179
3339,2024,5088246,Aidan Henry,WR,Stonehill,,0.024,0.051,0.0,0.025,0.032,0.015,0.026,0.019
3340,2024,5088255,Cody Ruff,TE,Stonehill,,0.051,0.113,0.0,0.023,0.083,0.063,0.049,0.056
3341,2024,5088334,Nick Whitfield Jr.,QB,St. Francis (PA),,0.458,0.912,0.071,0.416,0.388,0.636,0.38,0.593
3342,2024,5088336,Makai Jackson,WR,App State,SBC,0.067,0.127,0.006,0.048,0.099,0.067,0.055,0.09
3343,2024,5088338,Elijah Sarratt,WR,Indiana,B1G,0.068,0.153,0.0,0.079,0.044,0.09,0.06,0.09
3344,2024,5088339,Adrian Mejia,QB,St. Francis (PA),,0.207,0.273,0.155,0.179,0.191,0.265,0.165,0.282
3345,2024,5088356,Brayden Porter,RB,St. Francis (PA),,0.04,0.067,0.025,0.037,0.048,0.036,0.058,0.0
3346,2024,5088375,Jake Bruno,TE,Ohio,MAC,0.015,0.027,0.0,0.016,0.022,0.0,0.01,0.025
3347,2024,5088378,Scott Raymond,TE,St. Francis (PA),,0.036,0.077,0.0,0.087,0.0,0.0,0.069,0.0
3348,2024,5088421,Charles Pierre Jr.,RB,South Dakota,,0.23,0.064,0.351,0.249,0.248,0.158,0.243,0.195
3349,2024,5088435,Tysen Boze,WR,South Dakota,,0.017,0.048,0.0,0.033,0.0,0.0,0.024,0.0
3350,2024,5088584,Ben Marshall,TE,California,ACC,0.024,0.047,0.0,0.0,0.0,0.053,0.0,0.067
3351,2024,5088849,Javin Dames,WR,Bryant,,0.044,0.071,0.0,0.022,0.054,0.087,0.013,0.111
3352,2024,5088861,Levi Wilkins,TE,Bryant,,0.015,0.024,0.0,0.017,0.0,0.042,0.013,0.018
3353,2024,5088888,Torrance Burgess Jr.,RB,Texas State,SBC,0.107,0.029,0.173,0.116,0.14,0.037,0.112,0.096
3354,2024,5088893,Cade McConnell,QB,UTEP,CUSA,0.327,0.534,0.089,0.307,0.293,0.393,0.324,0.33
3355,2024,5088910,Joseph Kennerly,WR,Morgan State,,0.018,0.041,0.0,0.014,0.035,0.0,0.01,0.029
3356,2024,5088920,Bretton Stone,RB,Utah Tech,,0.093,0.044,0.169,0.145,0.066,0.046,0.126,0.031
3357,2024,5088952,Eric Olsen,TE,Utah Tech,,0.044,0.059,0.02,0.056,0.045,0.011,0.056,0.021
3358,2024,5088953,Daniel Thomason,WR,Utah Tech,,0.027,0.043,0.0,0.045,0.011,0.014,0.031,0.019
3359,2024,5088960,Reggie Graff,QB,Utah Tech,,0.345,0.39,0.28,0.371,0.33,0.326,0.349,0.337
3360,2024,5088964,Sonny Mannino,QB,Marist,,0.485,0.663,0.216,0.443,0.471,0.584,0.468,0.514
3361,2024,5088969,Jake Ciolino,WR,Marist,,0.022,0.036,0.0,0.02,0.041,0.0,0.028,0.012
3362,2024,5088974,Carter James,RB,Marist,,0.152,0.064,0.285,0.146,0.195,0.126,0.153,0.15
3363,2024,5088989,Gabriel Abel,RB,St. Thomas (MN),,0.116,0.051,0.177,0.122,0.126,0.081,0.137,0.077
3364,2024,5088992,Amari Powell,QB,St. Thomas (MN),,0.268,0.364,0.226,0.261,0.222,0.308,0.278,0.25
3365,2024,5088995,Travis Plugge,QB,San Diego,,0.015,0.0,0.053,0.0,0.042,0.0,0.026,0.0
3366,2024,5089003,Colin Chase,WR,St. Thomas (MN),,0.084,0.176,0.007,0.062,0.098,0.119,0.063,0.124
3367,2024,5089021,Patrick Wagner,TE,St. Thomas (MN),,0.063,0.149,0.0,0.042,0.062,0.104,0.039,0.111
3368,2024,5089028,Marcus II Harris,RB,Alabama State,,0.14,0.009,0.206,0.17,0.123,0.115,0.185,0.065
3369,2024,5089070,Richie Hoskins,WR,Vanderbilt,SEC,0.032,0.068,0.0,0.017,0.031,0.066,0.03,0.035
3370,2024,5089175,Landon Wells,WR,Vanderbilt,SEC,0.02,0.0,0.029,0.043,0.0,0.0,0.026,0.0
3371,2024,5089179,Brian Henry,TE,Abilene Christian,,0.014,0.026,0.0,0.018,0.009,0.014,0.012,0.02
3372,2024,5089182,CJ Nelson,WR,Eastern Illinois,,0.043,0.069,0.004,0.05,0.038,0.041,0.039,0.048
3373,2024,5089190,Marshall Howe,QB,Yale,,0.079,0.143,0.029,0.077,0.091,0.071,0.091,0.053
3374,2024,5089279,Seth Glatz,RB,Illinois State,,0.06,0.013,0.102,0.061,0.071,0.048,0.071,0.036
3375,2024,5089314,Hank Brown,QB,Auburn,SEC,0.265,0.472,0.037,0.256,0.276,0.308,0.244,0.326
3376,2024,5089335,Rowan Keefe,QB,Valparaiso,,0.181,0.325,0.014,0.113,0.191,0.25,0.115,0.274
3377,2024,5089340,Jeffery Vercher,RB,Valparaiso,,0.015,0.0,0.028,0.036,0.0,0.0,0.024,0.0
3378,2024,5089353,Ryan Mann,RB,Valparaiso,,0.15,0.049,0.233,0.164,0.175,0.101,0.186,0.094
3379,2024,5089378,Max Carter,TE,Valparaiso,,0.038,0.098,0.0,0.023,0.029,0.074,0.04,0.032
3380,2024,5089453,Miles Kitselman,TE,Tennessee,SEC,0.044,0.099,0.005,0.035,0.046,0.06,0.038,0.062
3381,2024,5089455,Michael Lorino III,RB,Alabama,SEC,0.013,0.0,0.024,0.0,0.04,0.0,0.0,0.056
3382,2024,5089486,Kylan Galbreath,RB,Murray State,,0.033,0.072,0.0,0.044,0.022,0.024,0.037,0.025
3383,2024,5089490,Clint McKee,RB,Murray State,,0.029,0.0,0.044,0.0,0.045,0.056,0.04,0.0
3384,2024,5089512,Parker Perry,WR,Murray State,,0.012,0.032,0.0,0.0,0.0,0.053,0.0,0.04
3385,2024,5089535,Desmond Reid,RB,Pittsburgh,ACC,0.299,0.118,0.549,0.365,0.274,0.201,0.338,0.213
3386,2024,5089539,Censere Lee,WR,Pittsburgh,ACC,0.046,0.076,0.0,0.053,0.051,0.026,0.047,0.043
3387,2024,5089540,Cole Gonzales,QB,Western Carolina,,0.608,0.898,0.205,0.568,0.596,0.724,0.554,0.726
3388,2024,5089545,De'Andre Tamarez,WR,Western Carolina,,0.044,0.075,0.005,0.033,0.065,0.041,0.035,0.064
3389,2024,5089547,Corey Reddick Jr.,RB,Western Carolina,,0.103,0.054,0.169,0.123,0.104,0.071,0.102,0.103
3390,2024,5089549,Malik Knight,WR,Western Carolina,,0.031,0.053,0.0,0.03,0.025,0.035,0.026,0.043
3391,2024,5089572,AJ Colombo,WR,Western Carolina,,0.076,0.134,0.005,0.067,0.063,0.111,0.065,0.103
3392,2024,5089575,Antoine Bell,WR,North Carolina A&T,,0.033,0.063,0.0,0.058,0.0,0.0,0.039,0.023
3393,2024,5089859,Floyd Chalk IV,RB,San José State,MWC,0.183,0.011,0.478,0.211,0.192,0.115,0.203,0.139
3394,2024,5089860,Chance Williams,RB,Cincinnati,B12,0.057,0.0,0.113,0.074,0.046,0.039,0.081,0.0
3395,2024,5089862,Quaterius Hawkins,QB,Northwestern State,,0.207,0.279,0.14,0.178,0.2,0.262,0.175,0.247
3396,2024,5089865,Dedrick Talbert,RB,Grambling,,0.105,0.014,0.187,0.122,0.098,0.076,0.116,0.086
3397,2024,5089868,Covadis Knighten,TE,Grambling,,0.028,0.053,0.0,0.019,0.034,0.036,0.03,0.024
3398,2024,5090097,Pat Bowen,RB,Long Island University,,0.127,0.017,0.196,0.145,0.149,0.071,0.135,0.113
3399,2024,5090098,Michael Love,WR,Long Island University,,0.103,0.218,0.025,0.089,0.099,0.133,0.103,0.104
3400,2024,5091564,Aidan Leffler,QB,Ball State,MAC,0.049,0.077,0.0,0.02,0.05,0.107,0.026,0.085
3401,2024,5091596,Dahya Patel,WR,Ball State,MAC,0.026,0.042,0.0,0.018,0.024,0.049,0.012,0.052
3402,2024,5091725,Lee Beebe,RB,UAB,AAC,0.233,0.063,0.457,0.27,0.262,0.134,0.288,0.112
3403,2024,5091736,George Arata,RB,Tulane,AAC,0.027,0.0,0.039,0.028,0.042,0.0,0.018,0.059
3404,2024,5091739,Chris Brazzell II,WR,Tennessee,SEC,0.055,0.132,0.0,0.041,0.064,0.064,0.044,0.082
3405,2024,5091791,Kylon Harris,WR,Stephen F. Austin,,0.127,0.244,0.003,0.124,0.121,0.143,0.126,0.129
3406,2024,5091794,Jerrell Wimbley,RB,Stephen F. Austin,,0.101,0.037,0.168,0.113,0.114,0.064,0.112,0.078
3407,2024,5091830,Cam'Ron Lacy,WR,Middle Tennessee,CUSA,0.043,0.065,0.005,0.06,0.032,0.03,0.048,0.031
3408,2024,5091836,Jaxon Potter,QB,Washington State,PAC,0.031,0.067,0.0,0.0,0.0,0.182,0.0,0.1
3409,2024,5091890,Kadin Semonza,QB,Ball State,MAC,0.577,0.953,0.066,0.523,0.524,0.761,0.507,0.718
3410,2024,5091891,Lamar Sperling,RB,Buffalo,MAC,0.064,0.015,0.103,0.062,0.069,0.063,0.075,0.041
3411,2024,5092348,Jaden Gibson,WR,Virginia,ACC,0.027,0.049,0.0,0.026,0.034,0.024,0.021,0.038
3412,2024,5092410,Dorian Fleming,TE,Georgia State,SBC,0.07,0.118,0.003,0.064,0.065,0.082,0.058,0.093
3413,2024,5092470,Tiaquelin Mims,WR,Southern Miss,SBC,0.056,0.103,0.011,0.05,0.052,0.085,0.04,0.083
3414,2024,5092477,Nicholas Cenacle,WR,Hawai'i,MWC,0.078,0.12,0.007,0.068,0.094,0.075,0.079,0.076
3415,2024,5092483,Josiah Freeman,WR,Fresno State,MWC,0.038,0.067,0.0,0.021,0.044,0.079,0.028,0.06
3416,2024,5092508,Colbie Young,WR,Georgia,SEC,0.044,0.08,0.0,0.035,0.049,0.048,0.041,0.053
3417,2024,5092662,JD Sherrod,QB,Kent State,MAC,0.225,0.286,0.2,0.25,0.161,0.273,0.218,0.235
3418,2024,5092781,Jack Turner,QB,Louisiana Tech,CUSA,0.211,0.368,0.049,0.18,0.207,0.256,0.184,0.267
3419,2024,5092787,Marlion Jackson,WR,Louisiana Tech,CUSA,0.046,0.06,0.031,0.046,0.031,0.061,0.048,0.043
3420,2024,5092811,CJ Miller,RB,Mercer,,0.097,0.017,0.158,0.111,0.108,0.046,0.122,0.044
3421,2024,5092824,Sawyer Burt,TE,Mercer,,0.015,0.035,0.0,0.008,0.035,0.0,0.01,0.026
3422,2024,5092954,Max Dowling,TE,UT Martin,,0.047,0.105,0.003,0.037,0.067,0.045,0.045,0.052
3423,2024,5092965,Parker Clark,WR,TCU,B12,0.016,0.03,0.0,0.032,0.0,0.0,0.022,0.0
3424,2024,5092967,Hunter Krepp,WR,TCU,B12,0.015,0.033,0.0,0.0,0.0,0.091,0.0,0.056
3425,2024,5092983,Luke Shields,WR,Tennessee Tech,,0.013,0.021,0.0,0.0,0.036,0.0,0.0,0.033
3426,2024,5093009,Carl Chester,WR,Marshall,SBC,0.036,0.088,0.0,0.028,0.028,0.063,0.025,0.061
3427,2024,5093062,Tre Stewart,RB,Jacksonville State,CUSA,0.312,0.056,0.447,0.411,0.26,0.161,0.376,0.14
3428,2024,5093141,Jarvis Green,RB,Clemson,ACC,0.036,0.013,0.068,0.037,0.054,0.0,0.045,0.014
3429,2024,5093183,Demarcus Lacey,WR,Jacksonville State,CUSA,0.039,0.067,0.024,0.05,0.029,0.034,0.036,0.048
3430,2024,5093189,Dakota Warfield,WR,North Alabama,,0.06,0.121,0.0,0.075,0.04,0.067,0.059,0.064
3431,2024,5093197,Jalyn Daniels,RB,North Alabama,,0.034,0.032,0.037,0.045,0.0,0.067,0.03,0.04
3432,2024,5093217,Kaleb Heatherly,TE,North Alabama,,0.02,0.048,0.0,0.021,0.0,0.054,0.029,0.0
3433,2024,5093344,James Scott,RB,San Diego,,0.032,0.0,0.054,0.037,0.045,0.0,0.024,0.048
3434,2024,5093347,Peyton Smith,TE,San Diego,,0.028,0.052,0.0,0.023,0.036,0.019,0.027,0.03
3435,2024,5093362,Cole Monach,WR,San Diego,,0.051,0.092,0.0,0.05,0.025,0.096,0.042,0.068
3436,2024,5093396,Rylan Schlepp,TE,Montana State,,0.016,0.042,0.0,0.014,0.02,0.013,0.017,0.011
3437,2024,5093733,Joshua Acord,TE,Southern Utah,,0.037,0.085,0.0,0.024,0.043,0.05,0.034,0.044
3438,2024,5093752,Noah Cronquist,WR,Eastern Washington,,0.034,0.066,0.007,0.038,0.047,0.009,0.031,0.043
3439,2024,5093777,Fred Brown II,WR,Tarleton State,,0.014,0.034,0.0,0.0,0.0,0.0,0.0,0.053
3440,2024,5093814,Malcolm Mays,QB,Hampton,,0.229,0.436,0.096,0.194,0.232,0.298,0.2,0.298
3441,2024,5093815,Kymari Gray,WR,Hampton,,0.036,0.093,0.0,0.036,0.028,0.044,0.032,0.044
3442,2024,5093826,Joseph Henry,RB,Hampton,,0.031,0.0,0.054,0.033,0.048,0.0,0.042,0.0
3443,2024,5093836,Evan King,TE,Buffalo,MAC,0.028,0.071,0.0,0.0,0.087,0.0,0.0,0.105
3444,2024,5093837,Chris Hunter,WR,Arizona,B12,0.063,0.102,0.004,0.052,0.05,0.089,0.063,0.065
3445,2024,5093886,Kamari Moulton,RB,Iowa,B1G,0.124,0.004,0.193,0.144,0.128,0.074,0.144,0.064
3446,2024,5093922,Maealiuaki Smith,QB,Oklahoma State,B12,0.336,0.528,0.103,0.317,0.346,0.391,0.283,0.467
3447,2024,5093923,Andrew Armstrong,WR,Arkansas,SEC,0.122,0.239,0.005,0.115,0.135,0.128,0.101,0.166
3448,2024,5093925,Jaden Proctor,WR,East Texas A&M,,0.057,0.084,0.0,0.058,0.047,0.065,0.051,0.065
3449,2024,5093929,Eric Rodriguez,QB,East Texas A&M,,0.242,0.358,0.088,0.185,0.246,0.326,0.23,0.266
3450,2024,5093936,Darlington Frasch,RB,East Texas A&M,,0.016,0.0,0.031,0.033,0.0,0.0,0.022,0.0
3451,2024,5093944,EJ Oakmon,RB,East Texas A&M,,0.102,0.012,0.176,0.123,0.123,0.024,0.136,0.019
3452,2024,5093994,Dawson Hearne,TE,Tarleton State,,0.02,0.051,0.0,0.008,0.035,0.021,0.019,0.022
3453,2024,5094035,Wilhelm Daal,RB,Yale,,0.089,0.0,0.167,0.152,0.04,0.053,0.123,0.0
3454,2024,5094040,Brogan McCaughey,QB,Yale,,0.345,0.646,0.092,0.322,0.34,0.364,0.307,0.439
3455,2024,5094042,Joshua Pitsenberger,RB,Yale,,0.238,0.048,0.412,0.253,0.247,0.193,0.268,0.159
3456,2024,5094129,Donovan Wadley,RB,Merrimack,INDAA,0.052,0.088,0.028,0.082,0.035,0.025,0.059,0.036
3457,2024,5095076,Karim Page,WR,East Tennessee State,,0.047,0.105,0.0,0.039,0.065,0.045,0.04,0.063
3458,2024,5095077,Ephraim Floyd,WR,East Tennessee State,,0.049,0.089,0.018,0.056,0.041,0.035,0.045,0.058
3459,2024,5095094,Caleb Borders,WR,Gardner-Webb,,0.037,0.069,0.0,0.041,0.036,0.037,0.033,0.042
3460,2024,5095095,Hakeem Meggett,WR,East Tennessee State,,0.035,0.072,0.006,0.036,0.036,0.04,0.033,0.042
3461,2024,5095096,AJ Johnson,WR,East Tennessee State,,0.069,0.15,0.0,0.068,0.088,0.052,0.066,0.074
3462,2024,5095110,Kimon O'Sullivan,RB,SE Louisiana,,0.027,0.0,0.047,0.026,0.033,0.025,0.032,0.016
3463,2024,5095112,Zach Tanner,QB,Robert Morris,,0.109,0.128,0.088,0.09,0.122,0.116,0.088,0.152
3464,2024,5095114,Nate Garnett,WR,Morehead State,,0.079,0.163,0.007,0.068,0.063,0.104,0.082,0.074
3465,2024,5095137,Garrison Curry,WR,Presbyterian,,0.012,0.04,0.0,0.0,0.0,0.077,0.0,0.056
3466,2024,5095138,Trevor Wilson,TE,Robert Morris,,0.024,0.046,0.0,0.018,0.012,0.065,0.017,0.039
3467,2024,5095218,Ryan Butler,RB,Stanford,ACC,0.072,0.032,0.113,0.105,0.049,0.045,0.094,0.0
3468,2024,5095219,Dareion Murphy,RB,Princeton,,0.09,0.014,0.186,0.109,0.092,0.071,0.11,0.053
3469,2024,5095237,Charley Rossi,WR,Princeton,,0.037,0.07,0.0,0.088,0.0,0.0,0.057,0.0
3470,2024,5095259,Treyvion Houston,WR,North Greenville,,0.015,0.038,0.0,0.038,0.0,0.0,0.024,0.0
3471,2024,5095260,Shamontae Burgess,WR,South Carolina State,,0.017,0.03,0.0,0.0,0.0,0.143,0.0,0.083
3472,2024,5095360,Eric Singleton Jr.,WR,Georgia Tech,ACC,0.101,0.166,0.045,0.11,0.093,0.089,0.095,0.115
3473,2024,5095771,Ethan Greenwood,QB,Long Island University,,0.306,0.296,0.315,0.317,0.26,0.352,0.305,0.308
3474,2024,5095779,Johnny Crawford III,RB,The Citadel,,0.06,0.025,0.079,0.059,0.089,0.031,0.062,0.058
3475,2024,5095780,Corey Ibrahim,RB,The Citadel,,0.149,0.063,0.195,0.176,0.169,0.087,0.164,0.119
3476,2024,5095815,Chris Mosley,RB,North Carolina Central,,0.055,0.005,0.097,0.059,0.065,0.022,0.061,0.042
3477,2024,5095834,Luke Bracey,TE,North Carolina Central,,0.02,0.041,0.0,0.0,0.02,0.069,0.01,0.042
3478,2024,5095835,Chauncey Spikes,WR,North Carolina Central,,0.035,0.079,0.0,0.041,0.03,0.03,0.036,0.032
3479,2024,5095915,Moussa Barry,WR,Western Kentucky,CUSA,0.05,0.082,0.0,0.045,0.012,0.132,0.041,0.067
3480,2024,5096598,Cameren Smith,RB,Western Illinois,,0.261,0.087,0.49,0.33,0.249,0.146,0.311,0.162
3481,2024,5096807,Connor Wisham,RB,Prairie View A&M,,0.141,0.025,0.239,0.217,0.097,0.069,0.185,0.071
3482,2024,5096811,Nevon Cooper,WR,Prairie View A&M,,0.012,0.029,0.0,0.0,0.0,0.05,0.0,0.038
3483,2024,5096813,Channing Dumas,QB,Miles College,,0.079,0.056,0.111,0.04,0.1,0.071,0.049,0.136
3484,2024,5096816,Jaylen Lane,RB,Prairie View A&M,,0.057,0.0,0.129,0.069,0.042,0.067,0.075,0.033
3485,2024,5096818,Jamarious Brooks,RB,Prairie View A&M,,0.051,0.011,0.086,0.063,0.044,0.044,0.05,0.053
3486,2024,5096861,Isaiah Robinson,RB,Incarnate Word,,0.144,0.031,0.325,0.17,0.136,0.125,0.159,0.113
3487,2024,5096863,Kole Wilson,WR,Texas State,SBC,0.064,0.14,0.002,0.072,0.052,0.072,0.058,0.08
3488,2024,5096878,Dekalon Taylor,WR,Incarnate Word,,0.203,0.058,0.384,0.208,0.246,0.147,0.215,0.179
3489,2024,5096903,Ty Yocum,TE,Merrimack,INDAA,0.026,0.068,0.0,0.0,0.054,0.038,0.024,0.032
3490,2024,5096941,Jacorian Sewell,RB,Alcorn State,,0.182,0.036,0.285,0.248,0.181,0.065,0.228,0.111
3491,2024,5096965,AJ Bennett,WR,Texas Southern,,0.023,0.042,0.0,0.0,0.083,0.0,0.0,0.071
3492,2024,5096968,Trenton Leary,WR,Texas Southern,,0.091,0.214,0.018,0.093,0.083,0.107,0.068,0.138
3493,2024,5096969,Kerien Charlo,WR,Texas Southern,,0.036,0.093,0.005,0.008,0.046,0.077,0.029,0.049
3494,2024,5096974,Chaunzavia Lewis,RB,Texas Southern,,0.044,0.055,0.039,0.043,0.074,0.0,0.057,0.019
3495,2024,5097193,Isaiah Lemmond,WR,William & Mary,,0.018,0.05,0.0,0.0,0.029,0.045,0.0,0.061
3496,2024,5097686,Gus Theisen,RB,St. Thomas (MN),,0.036,0.0,0.065,0.043,0.056,0.0,0.028,0.05
3497,2024,5097854,Lance Mason,TE,Missouri State,,0.049,0.089,0.0,0.059,0.05,0.025,0.054,0.039
3498,2024,5097945,Josh Shaw,RB,South Carolina State,,0.042,0.0,0.077,0.037,0.044,0.051,0.055,0.0
3499,2024,5098133,Alex Jreige,RB,UAlbany,,0.181,0.034,0.393,0.193,0.197,0.159,0.191,0.164
3500,2024,5098435,Elijah Sohn,TE,Sam Houston,CUSA,0.021,0.051,0.0,0.029,0.018,0.007,0.026,0.01
3501,2024,5098472,Jayden Jenkins,WR,Delaware State,,0.099,0.051,0.151,0.093,0.107,0.108,0.104,0.092
3502,2024,5098580,Griffin Woodell,RB,UAlbany,,0.165,0.038,0.33,0.223,0.163,0.067,0.209,0.086
3503,2024,5098591,Carter Moses,TE,UAlbany,,0.03,0.053,0.0,0.028,0.033,0.035,0.023,0.045
3504,2024,5098645,Daniel Weems,RB,Indiana,B1G,0.059,0.0,0.085,0.054,0.1,0.0,0.069,0.0
3505,2024,5098754,Dupree Fuller,TE,Southern,,0.04,0.088,0.0,0.042,0.04,0.042,0.03,0.059
3506,2024,5098806,Bennett Galloway,RB,UL Monroe,SBC,0.032,0.0,0.048,0.017,0.032,0.05,0.028,0.038
3507,2024,5099141,Christopher Smith,RB,UL Monroe,SBC,0.016,0.0,0.024,0.037,0.0,0.0,0.025,0.0
3508,2024,5099305,Antonio Meeks,WR,Louisville,ACC,0.025,0.049,0.0,0.018,0.027,0.042,0.025,0.026
3509,2024,5099367,Allen Ortiz,WR,New Mexico State,CUSA,0.016,0.032,0.0,0.0,0.056,0.0,0.0,0.059
3510,2024,5099736,Ja'shon Benjamin,RB,Rutgers,B1G,0.102,0.033,0.158,0.169,0.056,0.049,0.129,0.045
3511,2024,5099744,Jaxson Isaac,TE,Arkansas-Pine Bluff,,0.04,0.071,0.006,0.049,0.043,0.025,0.048,0.028
3512,2024,5100516,Damien Mazil,QB,Wagner,,0.158,0.4,0.018,0.139,0.148,0.182,0.164,0.145
3513,2024,5100582,Hudson Clement,WR,West Virginia,B12,0.06,0.136,0.0,0.057,0.04,0.09,0.046,0.087
3514,2024,5100645,Ryan LaHood,WR,Southern Illinois,,0.027,0.043,0.013,0.033,0.0,0.029,0.021,0.038
3515,2024,5100679,Markel Cotton,WR,Kentucky State,,0.053,0.061,0.043,0.04,0.111,0.0,0.053,0.053
3516,2024,5101124,Micah Alejado,QB,Hawai'i,MWC,0.285,0.368,0.15,0.274,0.276,0.328,0.277,0.309
3517,2024,5102031,Max Blanc,QB,Youngstown State,,0.029,0.068,0.0,0.018,0.022,0.063,0.035,0.02
3518,2024,5102160,Derek Burrell,WR,Wagner,,0.034,0.047,0.019,0.034,0.035,0.039,0.026,0.049
3519,2024,5102556,Cataurus Hicks,WR,Louisville,ACC,0.03,0.058,0.0,0.01,0.038,0.075,0.013,0.081
3520,2024,5102932,Ethan Crite,WR,Middle Tennessee,CUSA,0.018,0.027,0.0,0.0,0.029,0.038,0.0,0.053
3521,2024,5103004,Jared Roznos,WR,Air Force,MWC,0.019,0.083,0.0,0.009,0.023,0.036,0.016,0.027
3522,2024,5103514,Daidren Zipperer,WR,Utah,B12,0.039,0.08,0.0,0.026,0.035,0.05,0.025,0.068
3523,2024,5103639,Trelain Maddox,RB,Georgia Tech,ACC,0.136,0.016,0.246,0.145,0.122,0.174,0.186,0.0
3524,2024,5103836,Marshaun Brown,WR,Nevada,MWC,0.02,0.039,0.0,0.017,0.037,0.0,0.028,0.0
3525,2024,5103852,Dalton Carnes,WR,North Texas,AAC,0.041,0.067,0.0,0.039,0.048,0.031,0.04,0.045
3526,2024,5104738,Ryan Browne,QB,Purdue,B1G,0.274,0.364,0.184,0.212,0.275,0.365,0.252,0.324
3527,2024,5104821,Brady Simmons,WR,Indiana,B1G,0.015,0.048,0.0,0.0,0.0,0.111,0.0,0.1
3528,2024,5105269,Sacovie White,WR,Georgia,SEC,0.031,0.057,0.0,0.031,0.048,0.0,0.02,0.061
3529,2024,5105849,Devon Dampier,QB,New Mexico,MWC,0.655,0.997,0.339,0.583,0.673,0.801,0.59,0.828
3530,2024,5106299,Ca'Lil Valentine,RB,Illinois,B1G,0.08,0.019,0.137,0.106,0.072,0.034,0.097,0.045
3531,2024,5106301,Kedren Young,RB,Notre Dame,Ind,0.104,0.0,0.176,0.098,0.13,0.083,0.124,0.054
3532,2024,5107875,Cole Tabb,RB,Stanford,ACC,0.141,0.01,0.27,0.198,0.154,0.05,0.177,0.074
3533,2024,5108220,Kendrick Bell,WR,Michigan,B1G,0.022,0.047,0.0,0.013,0.034,0.024,0.016,0.035
3534,2024,5108225,Josiah Martin,WR,California,ACC,0.053,0.076,0.024,0.042,0.059,0.052,0.051,0.057
3535,2024,5110019,Kyan Mason,WR,Akron,MAC,0.014,0.021,0.0,0.029,0.0,0.0,0.019,0.0
3536,2024,5110101,EJ Caminong,QB,California,ACC,0.354,0.488,0.205,0.273,0.37,0.421,0.288,0.467
3537,2024,5110168,Carter Nelson,WR,Nebraska,B1G,0.038,0.064,0.014,0.031,0.047,0.043,0.039,0.033
3538,2024,5110454,James Peoples,RB,Ohio State,B1G,0.096,0.004,0.181,0.1,0.125,0.054,0.105,0.07
3539,2024,5110500,Kevin Riley,RB,Alabama,SEC,0.085,0.038,0.112,0.063,0.085,0.107,0.083,0.091
3540,2024,5110516,Arnold Barnes,RB,Tulane,AAC,0.11,0.033,0.158,0.107,0.128,0.093,0.12,0.088
3541,2024,5110535,Kyson Brown,RB,Arizona State,B12,0.113,0.044,0.162,0.142,0.111,0.077,0.129,0.076
3542,2024,5110569,Anthony Miller Jr.,TE,Tulane,AAC,0.014,0.043,0.0,0.0,0.043,0.0,0.02,0.0
3543,2024,5111406,Tennel Bryant,WR,Arkansas State,SBC,0.014,0.023,0.0,0.016,0.02,0.0,0.019,0.0
3544,2024,5112674,Bryant Wesco Jr.,WR,Clemson,ACC,0.081,0.144,0.0,0.077,0.066,0.113,0.078,0.086
3545,2024,5114311,Jackson Harris,WR,Stanford,ACC,0.096,0.175,0.0,0.069,0.125,0.133,0.064,0.154
3546,2024,5114312,Will Monney,TE,Utah State,MWC,0.022,0.038,0.0,0.029,0.027,0.0,0.022,0.023
3547,2024,5114313,Jordan Onovughe,WR,Colorado,B12,0.014,0.029,0.0,0.033,0.0,0.0,0.018,0.0
3548,2024,5114331,Suderian Harrison,WR,Virginia,ACC,0.03,0.059,0.0,0.03,0.039,0.024,0.026,0.039
3549,2024,5114332,Jaivian Thomas,RB,California,ACC,0.137,0.025,0.292,0.152,0.163,0.08,0.159,0.096
3550,2024,5114593,Ivan Carreon,WR,Oklahoma,SEC,0.034,0.071,0.0,0.033,0.03,0.049,0.024,0.056
3551,2024,5115243,Trevor Rogers,WR,California,ACC,0.037,0.07,0.0,0.061,0.037,0.0,0.058,0.0
3552,2024,5117836,Jamari Person,WR,Colorado State,MWC,0.049,0.111,0.0,0.026,0.08,0.048,0.037,0.075
3553,2024,5119233,Dayton Howard,WR,Iowa,B1G,0.02,0.051,0.0,0.022,0.0,0.043,0.021,0.016
3554,2024,5119307,Daniel Blood,WR,Missouri,SEC,0.032,0.062,0.0,0.019,0.041,0.05,0.018,0.073
3555,2024,5119434,Trey Weary,WR,Tennessee,SEC,0.022,0.043,0.0,0.0,0.036,0.067,0.029,0.0
3556,2024,5119659,Trent Thomas,TE,South Alabama,SBC,0.016,0.029,0.0,0.033,0.0,0.0,0.024,0.0
3557,2024,5119868,Jaylen Lloyd,WR,Nebraska,B1G,0.024,0.043,0.003,0.025,0.01,0.039,0.016,0.042
3558,2024,5120299,Patrick Overmyer,TE,UTSA,AAC,0.05,0.097,0.0,0.044,0.044,0.08,0.044,0.063
3559,2024,5120317,Jordan Lovett,RB,Troy,SBC,0.073,0.049,0.093,0.08,0.098,0.027,0.088,0.038
3560,2024,5120317,Jordan Lovett,RB,Troy,,0.073,0.049,0.093,0.08,0.098,0.027,0.088,0.038
3561,2024,5120454,Caleb Goodie,WR,Colorado State,MWC,0.039,0.07,0.016,0.043,0.047,0.023,0.032,0.054
3562,2024,5120456,Kwinten Ives,RB,Nebraska,B1G,0.027,0.0,0.058,0.031,0.015,0.047,0.025,0.032
3563,2024,5120970,Ismael Cisse,WR,Stanford,ACC,0.063,0.11,0.015,0.052,0.096,0.028,0.064,0.061
3564,2024,5120971,Aziah Johnson,WR,Michigan State,B1G,0.037,0.067,0.004,0.033,0.019,0.07,0.034,0.044
3565,2024,5120977,Maxwell Moss,WR,James Madison,SBC,0.016,0.031,0.0,0.0,0.05,0.0,0.0,0.063
3566,2024,5121169,Darian Mensah,QB,Tulane,AAC,0.407,0.951,0.088,0.347,0.37,0.591,0.339,0.559
3567,2024,5121334,Jayce Brown,WR,Kansas State,B12,0.067,0.134,0.009,0.066,0.064,0.065,0.062,0.078
3568,2024,5121384,Ezekiel Avit,WR,Maryland,B1G,0.014,0.022,0.0,0.033,0.0,0.0,0.021,0.0
3569,2024,5121453,Eli Finley,TE,Louisiana Tech,CUSA,0.036,0.068,0.0,0.029,0.046,0.035,0.031,0.045
3570,2024,5121468,Jordon Harris,TE,Missouri,SEC,0.018,0.034,0.0,0.024,0.021,0.0,0.02,0.012
3571,2024,5121541,Cam Wallace,RB,Penn State,B1G,0.128,0.0,0.198,0.164,0.109,0.048,0.125,0.135
3572,2024,5121571,Ezell Jolly,RB,UTEP,CUSA,0.178,0.031,0.284,0.188,0.213,0.126,0.201,0.132
3573,2024,5121601,Hunter Summers,WR,Arkansas State,SBC,0.025,0.051,0.0,0.014,0.008,0.075,0.013,0.048
3574,2024,5121607,Ke'Marion Baldwin,RB,James Madison,SBC,0.046,0.0,0.091,0.05,0.05,0.037,0.065,0.0
3575,2024,5121616,Grayson Tempest,WR,Tulsa,AAC,0.031,0.051,0.011,0.02,0.038,0.043,0.021,0.051
3576,2024,5121636,Adam Parks,TE,New Mexico State,CUSA,0.013,0.026,0.0,0.014,0.019,0.0,0.01,0.017
3577,2024,5121666,Kameran Shanks,WR,UAB,AAC,0.096,0.152,0.024,0.089,0.102,0.093,0.081,0.127
3578,2024,5121696,Nate Burleson II,WR,Nevada,MWC,0.017,0.032,0.0,0.0,0.017,0.027,0.009,0.031
3579,2024,5121709,Rickey Hunt,RB,Ohio,MAC,0.096,0.018,0.149,0.11,0.096,0.064,0.096,0.097
3580,2024,5121720,Noah Meyers,TE,Western Kentucky,CUSA,0.029,0.056,0.0,0.029,0.032,0.03,0.029,0.03
3581,2024,5121721,Jekail Middlebrook,RB,Middle Tennessee,CUSA,0.141,0.064,0.259,0.172,0.144,0.081,0.159,0.105
3582,2024,5121750,Yamir Knight,WR,James Madison,SBC,0.06,0.129,0.002,0.051,0.062,0.087,0.044,0.097
3583,2024,5121763,Za'Marion Webber,RB,Arkansas-Pine Bluff,,0.092,0.004,0.185,0.106,0.102,0.052,0.108,0.064
3584,2024,5121782,Jaelen Smith,WR,Michigan State,B1G,0.02,0.037,0.0,0.0,0.059,0.0,0.031,0.0
3585,2024,5121793,Peyton Streko,RB,Clemson,ACC,0.024,0.0,0.051,0.023,0.034,0.0,0.031,0.0
3586,2024,5121879,Keshaun Singleton,WR,South Florida,AAC,0.063,0.121,0.0,0.052,0.061,0.094,0.047,0.097
3587,2024,5121893,Tony Livingston,TE,Florida,SEC,0.043,0.09,0.0,0.041,0.011,0.089,0.041,0.049
3588,2024,5121998,Lakota Dippre,TE,Charlotte,AAC,0.014,0.0,0.032,0.029,0.0,0.0,0.021,0.0
3589,2024,5121998,Lakota Dippre,TE,Charlotte,,0.014,0.0,0.032,0.029,0.0,0.0,0.021,0.0
3590,2024,5122006,Landon Sides,WR,North Texas,AAC,0.035,0.057,0.0,0.033,0.031,0.05,0.034,0.037
3591,2024,5122018,Jacob Harris,TE,Bowling Green,MAC,0.016,0.029,0.0,0.018,0.0,0.04,0.012,0.024
3592,2024,5122043,Jaylen Poe,RB,Northern Illinois,MAC,0.117,0.043,0.167,0.138,0.121,0.09,0.131,0.077
3593,2024,5122054,Aidan Armenta,QB,UL Monroe,SBC,0.33,0.765,0.069,0.278,0.276,0.513,0.258,0.467
3594,2024,5122072,Nic Trujillo,WR,New Mexico,MWC,0.029,0.054,0.004,0.012,0.04,0.061,0.013,0.072
3595,2024,5122076,Cole Weaver,WR,Miami (OH),MAC,0.049,0.128,0.0,0.021,0.094,0.048,0.026,0.12
3596,2024,5122081,Tyler Little,TE,Arkansas State,SBC,0.013,0.025,0.0,0.008,0.01,0.015,0.02,0.0
3597,2024,5122082,Justin Stevenson,WR,Wyoming,MWC,0.03,0.05,0.013,0.029,0.03,0.036,0.026,0.037
3598,2024,5122106,Jackson Worley,TE,Troy,SBC,0.018,0.043,0.0,0.0,0.041,0.026,0.018,0.019
3599,2024,5122106,Jackson Worley,TE,Troy,,0.018,0.043,0.0,0.0,0.041,0.026,0.018,0.019
3600,2024,5122147,Vaughn Blue,RB,Liberty,CUSA,0.055,0.026,0.071,0.052,0.081,0.021,0.057,0.047
3601,2024,5122162,Jordan Smith,WR,New Mexico State,CUSA,0.021,0.038,0.008,0.016,0.014,0.031,0.014,0.033
3602,2024,5122286,Reece Thomas,WR,Lindenwood,,0.04,0.084,0.003,0.036,0.037,0.054,0.039,0.042
3603,2024,5122403,Lorenzo Jenkins,WR,Bethune-Cookman,,0.043,0.095,0.0,0.018,0.057,0.07,0.024,0.076
3604,2024,5122553,Peyton Lewis,RB,Tennessee,SEC,0.101,0.018,0.162,0.097,0.103,0.105,0.101,0.102
3605,2024,5122554,Xavier Robinson,RB,Oklahoma,SEC,0.15,0.074,0.207,0.161,0.158,0.11,0.177,0.092
3606,2024,5122883,Dylan Lee,RB,Iowa State,B12,0.1,0.019,0.162,0.121,0.077,0.095,0.115,0.042
3607,2024,5123048,Jason Patterson,RB,Kentucky,SEC,0.128,0.014,0.218,0.197,0.098,0.032,0.183,0.0
3608,2024,5123663,Isaac Teslaa,WR,Arkansas,SEC,0.046,0.089,0.0,0.049,0.023,0.077,0.036,0.066
3609,2024,5123665,Trey Owens,QB,Texas,SEC,0.076,0.125,0.029,0.031,0.043,0.222,0.022,0.19
3610,2024,5123988,Taylor Bradshaw,WR,Georgia Southern,SBC,0.015,0.029,0.0,0.0,0.048,0.0,0.0,0.036
3611,2024,5124334,PJ Martin,RB,South Alabama,SBC,0.044,0.019,0.063,0.036,0.043,0.074,0.034,0.071
3612,2024,5124338,Josh Ford,TE,Oklahoma State,B12,0.028,0.05,0.0,0.023,0.016,0.062,0.019,0.045
3613,2024,5124516,Tre' Hartwell,RB,Western Michigan,MAC,0.05,0.0,0.083,0.032,0.1,0.0,0.05,0.05
3614,2024,5124975,Juelz Goff,RB,Pittsburgh,ACC,0.092,0.058,0.131,0.109,0.11,0.042,0.107,0.064
3615,2024,5125301,Carson Cruver,QB,Florida Atlantic,AAC,0.014,0.037,0.0,0.0,0.0,0.1,0.017,0.0
3616,2024,5125335,Rodney Fields Jr.,RB,Oklahoma State,B12,0.091,0.027,0.167,0.097,0.1,0.059,0.1,0.071
3617,2024,5125366,Sesi Vailahi,RB,Oklahoma State,B12,0.07,0.022,0.134,0.071,0.06,0.08,0.078,0.054
3618,2024,5125521,Arhmad Branch,WR,Purdue,B1G,0.017,0.0,0.031,0.033,0.0,0.0,0.022,0.0
3619,2024,5125525,Jahzae Kimbrough,RB,Kent State,MAC,0.091,0.029,0.16,0.126,0.066,0.042,0.116,0.052
3620,2024,5125580,Chad Alexander,RB,Georgia Tech,ACC,0.091,0.017,0.148,0.109,0.078,0.082,0.11,0.038
3621,2024,5125593,Bailey Stockton,WR,Georgia Tech,ACC,0.027,0.049,0.006,0.018,0.033,0.042,0.018,0.049
3622,2024,5125715,Colton Joseph,QB,Old Dominion,SBC,0.553,0.881,0.3,0.46,0.605,0.664,0.476,0.707
3623,2024,5125724,Cam Crooks,RB,Tulsa,AAC,0.028,0.0,0.049,0.059,0.0,0.0,0.038,0.0
3624,2024,5125733,Joey Mattord,RB,Eastern Michigan,MAC,0.073,0.052,0.102,0.047,0.063,0.13,0.045,0.126
3625,2024,5125734,Luke Mcgary,TE,Tulsa,AAC,0.027,0.052,0.0,0.018,0.037,0.034,0.018,0.045
3626,2024,5125754,Jai'Den Thomas,RB,UNLV,MWC,0.189,0.036,0.277,0.207,0.192,0.135,0.213,0.13
3627,2024,5125765,PJ Hatter,QB,Texas State,SBC,0.108,0.0,0.226,0.083,0.167,0.1,0.082,0.188
3628,2024,5125768,DeAngelo Irvin Jr.,WR,UNLV,MWC,0.028,0.038,0.023,0.033,0.027,0.021,0.026,0.032
3629,2024,5125819,Darrell Gill Jr.,WR,Syracuse,ACC,0.046,0.067,0.007,0.04,0.052,0.055,0.04,0.058
3630,2024,5125823,DJ McKinney,RB,Sam Houston,CUSA,0.133,0.042,0.198,0.117,0.192,0.082,0.151,0.09
3631,2024,5125900,Joshua Dye,RB,UTEP,CUSA,0.039,0.0,0.075,0.079,0.021,0.0,0.058,0.0
3632,2024,5125905,Corri Milliner,WR,UAB,AAC,0.052,0.092,0.0,0.047,0.044,0.08,0.041,0.076
3633,2024,5126464,Deuce Adams,QB,Louisville,ACC,0.016,0.0,0.038,0.031,0.0,0.0,0.023,0.0
3634,2024,5126465,Tim Carpenter,QB,Tulsa,AAC,0.074,0.074,0.074,0.065,0.074,0.088,0.08,0.06
3635,2024,5126468,Will Hammond,QB,Texas Tech,B12,0.241,0.385,0.104,0.239,0.204,0.293,0.23,0.267
3636,2024,5126470,Trever Jackson,QB,Florida State,ACC,0.018,0.0,0.032,0.037,0.0,0.0,0.025,0.0
3637,2024,5126474,Danny O'Neil,QB,San Diego State,MWC,0.527,0.907,0.128,0.479,0.496,0.656,0.462,0.64
3638,2024,5126510,Gideon Ituka,RB,Wisconsin,B1G,0.028,0.0,0.05,0.03,0.042,0.0,0.038,0.0
3639,2024,5126513,Jayden Scott,RB,NC State,ACC,0.05,0.0,0.079,0.069,0.048,0.0,0.061,0.0
3640,2024,5126514,Harry Stewart III,RB,Kansas,B12,0.111,0.0,0.167,0.103,0.143,0.1,0.094,0.2
3641,2024,5126515,Sam Williams-Dixon,RB,Ohio State,B1G,0.034,0.0,0.067,0.03,0.049,0.028,0.039,0.02
3642,2024,5126536,Ryner Swanson,TE,BYU,B12,0.024,0.051,0.0,0.03,0.006,0.044,0.02,0.031
3643,2024,5126537,Jamar Taylor Jr.,WR,Temple,AAC,0.038,0.065,0.0,0.042,0.018,0.063,0.038,0.038
3644,2024,5127885,Kwazi Gilmer,WR,UCLA,B1G,0.065,0.11,0.004,0.067,0.067,0.066,0.062,0.071
3645,2024,5127900,Shay Smith,QB,UTEP,CUSA,0.035,0.028,0.043,0.012,0.029,0.075,0.044,0.016
3646,2024,5130792,Nitro Tuggle,WR,Georgia,SEC,0.038,0.065,0.0,0.032,0.07,0.0,0.032,0.053
3647,2024,5132253,Isiah Canion,WR,Georgia Tech,ACC,0.022,0.046,0.0,0.022,0.019,0.032,0.013,0.046
3648,2024,5132629,Braylon Staley,WR,Tennessee,SEC,0.051,0.106,0.0,0.095,0.022,0.0,0.074,0.0
3649,2024,5132652,Ricky Johnson,WR,Mississippi State,SEC,0.029,0.063,0.0,0.031,0.0,0.0,0.037,0.0
3650,2024,5132812,Aaron Philo,QB,Georgia Tech,ACC,0.305,0.557,0.081,0.168,0.333,0.509,0.201,0.541
3651,2024,5136049,Duke Watson,RB,Louisville,ACC,0.092,0.013,0.176,0.12,0.086,0.035,0.112,0.044
3652,2024,5136180,Traville Frederick Jr.,TE,Houston,B12,0.017,0.031,0.0,0.04,0.0,0.0,0.028,0.0
3653,2024,5136838,Willie Rodriguez,TE,Kentucky,SEC,0.024,0.051,0.0,0.021,0.016,0.053,0.015,0.041
3654,2024,5138131,Deshawn Purdie,QB,Charlotte,AAC,0.446,0.745,0.07,0.426,0.399,0.552,0.416,0.503
3655,2024,5138131,Deshawn Purdie,QB,Charlotte,,0.446,0.745,0.07,0.426,0.399,0.552,0.416,0.503
3656,2024,5138132,Corey Smith,WR,Tulsa,AAC,0.03,0.054,0.005,0.034,0.014,0.04,0.026,0.036
3657,2024,5138293,Reece Vander Zee,WR,Iowa,B1G,0.041,0.101,0.0,0.02,0.027,0.103,0.028,0.076
3658,2024,5138451,Luke Reynolds,TE,Penn State,B1G,0.025,0.055,0.004,0.016,0.031,0.029,0.017,0.05
3659,2024,5139055,Josh Ringer,RB,Miami (OH),MAC,0.043,0.015,0.063,0.027,0.038,0.094,0.026,0.085
3660,2024,5139057,Ashton Bethel-Roman,WR,Texas A&M,SEC,0.029,0.057,0.0,0.0,0.022,0.095,0.01,0.088
3661,2024,5139854,Trey Jackson,TE,Texas Tech,B12,0.012,0.017,0.0,0.0,0.0,0.053,0.018,0.0
3662,2024,5139857,Caden Williams,RB,Liberty,CUSA,0.073,0.0,0.11,0.067,0.078,0.054,0.085,0.039
3663,2024,5140620,Connor Moberly,QB,Iowa State,B12,0.081,0.11,0.054,0.043,0.129,0.073,0.055,0.136
3664,2024,5141378,Cutter Boley,QB,Kentucky,SEC,0.24,0.463,0.031,0.195,0.232,0.357,0.179,0.36
3665,2024,5141395,EJ Colson,QB,UCF,B12,0.197,0.257,0.137,0.246,0.149,0.161,0.198,0.196
3666,2024,5141471,Hardley Gilmore IV,WR,Kentucky,SEC,0.023,0.04,0.006,0.022,0.04,0.0,0.025,0.02
3667,2024,5141684,Austin Simmons,QB,Ole Miss,SEC,0.072,0.125,0.016,0.068,0.061,0.096,0.058,0.115
3668,2024,5141711,Ryan Williams,WR,Alabama,SEC,0.095,0.199,0.011,0.105,0.083,0.091,0.082,0.129
3669,2024,5141763,Amaree Williams,TE,Florida State,ACC,0.024,0.037,0.009,0.01,0.0,0.078,0.02,0.031
3670,2024,5141795,Braylon Isom,WR,Miami (OH),MAC,0.051,0.111,0.0,0.037,0.105,0.0,0.048,0.059
3671,2024,5142140,Khobie Martin,RB,Indiana,B1G,0.104,0.0,0.163,0.085,0.125,0.105,0.105,0.1
3672,2024,5142238,Tyler Mason,RB,Virginia Tech,ACC,0.103,0.023,0.159,0.128,0.088,0.083,0.133,0.031
3673,2024,5142264,Jay Lindsey,TE,Alabama,SEC,0.013,0.029,0.0,0.029,0.0,0.0,0.017,0.0
3674,2024,5142321,Chris Wheatley-Humphrey,RB,Miami,ACC,0.013,0.0,0.025,0.024,0.0,0.0,0.018,0.0
3675,2024,5142753,Jesse Watson,WR,Purdue,B1G,0.016,0.028,0.0,0.03,0.0,0.0,0.02,0.0
3676,2024,5143191,Micah Ford,RB,Stanford,ACC,0.154,0.062,0.254,0.155,0.166,0.153,0.157,0.147
3677,2024,5144078,Ethan Grunkemeyer,QB,Penn State,B1G,0.031,0.071,0.0,0.0,0.045,0.077,0.0,0.087
3678,2024,5144313,Michael Merdinger,QB,North Carolina,ACC,0.405,0.889,0.042,0.211,0.364,0.667,0.357,0.5
3679,2024,5144959,Drake Lindsey,QB,Minnesota,B1G,0.043,0.075,0.014,0.048,0.04,0.045,0.04,0.051
3680,2024,5145207,Bryce Cain,WR,Auburn,SEC,0.045,0.038,0.056,0.0,0.133,0.0,0.029,0.111
3681,2024,5145396,Miles O'Neill,QB,Texas A&M,SEC,0.08,0.136,0.0,0.0,0.154,0.154,0.04,0.16
3682,2024,5145459,Nate Bennett,QB,Baylor,B12,0.016,0.042,0.0,0.0,0.0,0.087,0.0,0.047
3683,2024,5145460,Jack Sammarco,TE,West Virginia,B12,0.018,0.038,0.0,0.0,0.053,0.0,0.023,0.0
3684,2024,5145592,Tyler Budge,QB,Georgia Southern,SBC,0.018,0.0,0.045,0.038,0.0,0.0,0.022,0.0
3685,2024,5145653,Austin McGee,WR,Georgia State,SBC,0.014,0.02,0.0,0.03,0.0,0.0,0.022,0.0
3686,2024,5145737,Matthew Fuller,RB,South Carolina,SEC,0.101,0.0,0.163,0.091,0.074,0.071,0.127,0.042
3687,2024,5146163,Rahji Dennis,WR,Louisiana,SBC,0.015,0.026,0.0,0.033,0.0,0.0,0.02,0.0
3688,2024,5146273,DJ Murray Jr.,RB,Georgia State,SBC,0.034,0.03,0.043,0.034,0.016,0.067,0.03,0.042
3689,2024,5146355,AJ Hairston,QB,Massachusetts,Ind,0.342,0.714,0.116,0.368,0.242,0.436,0.296,0.451
3690,2024,5146427,Xakery Wiedner,WR,Coastal Carolina,SBC,0.017,0.037,0.0,0.0,0.056,0.0,0.0,0.043
3691,2024,5146576,Joshua Porter,WR,South Florida,AAC,0.032,0.059,0.003,0.029,0.027,0.029,0.033,0.029
3692,2024,5146661,Daniel Beale,QB,Louisiana,SBC,0.21,0.337,0.07,0.115,0.259,0.262,0.143,0.319
3693,2024,5146670,Alessio Milivojevic,QB,Michigan State,B1G,0.021,0.038,0.0,0.0,0.067,0.0,0.032,0.0
3694,2024,5146689,Brock Townsend,RB,Central Michigan,MAC,0.088,0.0,0.2,0.036,0.067,0.182,0.103,0.056
3695,2024,5146711,Da'Jaun Riggs,RB,Oregon,B1G,0.07,0.0,0.122,0.103,0.051,0.0,0.087,0.0
3696,2024,5146712,Dylan Riley,RB,Boise State,MWC,0.071,0.021,0.105,0.078,0.076,0.049,0.079,0.046
3697,2024,5146719,CJ Brown,WR,Arkansas,SEC,0.04,0.077,0.014,0.018,0.071,0.038,0.012,0.095
3698,2024,5146722,Devonte Lyons,RB,Florida International,CUSA,0.237,0.047,0.389,0.247,0.3,0.128,0.261,0.173
3699,2024,5146724,Turbo Richard,RB,Boston College,ACC,0.114,0.009,0.194,0.181,0.079,0.048,0.153,0.026
3700,2024,5146725,Kaden Shields-Dutton,RB,Florida Atlantic,AAC,0.085,0.0,0.141,0.07,0.089,0.13,0.093,0.059
3701,2024,5146726,Kiefer Sibley,RB,North Texas,AAC,0.105,0.044,0.208,0.121,0.113,0.081,0.106,0.103
3702,2024,5146727,Josh Smith,WR,Tulsa,AAC,0.011,0.022,0.0,0.0,0.0,0.05,0.016,0.0
3703,2024,5146728,Koby Young,WR,Houston,B12,0.032,0.048,0.0,0.077,0.0,0.0,0.054,0.0
3704,2024,5146735,Charlie Becker,WR,Indiana,B1G,0.015,0.0,0.021,0.0,0.0,0.111,0.017,0.0
3705,2024,5146736,Sanfrisco Magee,WR,Mississippi State,SEC,0.019,0.038,0.0,0.036,0.0,0.0,0.026,0.0
3706,2024,5146745,Jacob Emmers,WR,Tulsa,AAC,0.02,0.031,0.01,0.024,0.016,0.024,0.02,0.022
3707,2024,5146747,Javarius Green,WR,North Carolina,ACC,0.013,0.011,0.015,0.028,0.0,0.0,0.019,0.0
3708,2024,5146753,Shamar Rigby,WR,Purdue,B1G,0.027,0.045,0.004,0.009,0.042,0.026,0.014,0.051
3709,2024,5146754,Jacob Simpson,TE,Minnesota,B1G,0.017,0.026,0.0,0.04,0.0,0.0,0.024,0.0
3710,2024,5146755,Jamie Tremble,TE,Syracuse,ACC,0.011,0.018,0.0,0.0,0.0,0.059,0.0,0.033
3711,2024,5146764,Benjamin Blackburn,TE,Stanford,ACC,0.016,0.033,0.0,0.0,0.0,0.1,0.0,0.059
3712,2024,5146781,Xavier Gayten,RB,Mississippi State,SEC,0.036,0.008,0.063,0.044,0.026,0.022,0.04,0.027
3713,2024,5146972,Ayden Harris,RB,Kent State,MAC,0.123,0.0,0.246,0.158,0.123,0.065,0.158,0.062
3714,2024,5146987,Brandon Young Jr.,TE,North Texas,AAC,0.021,0.036,0.0,0.016,0.021,0.0,0.022,0.02
3715,2024,5146995,Devyn Zahursky,TE,Cincinnati,B12,0.018,0.048,0.0,0.0,0.053,0.0,0.0,0.059
3716,2024,5147046,Ben Black,WR,Rutgers,B1G,0.026,0.054,0.0,0.013,0.022,0.064,0.016,0.048
3717,2024,5147053,Wayne Harris,WR,Kent State,MAC,0.091,0.19,0.0,0.0,0.188,0.091,0.045,0.136
3718,2024,5147191,Javon Rogers,WR,Kennesaw State,CUSA,0.018,0.036,0.0,0.0,0.0,0.063,0.0,0.048
3719,2024,5147203,Chase Tyler,WR,Duke,ACC,0.018,0.05,0.0,0.0,0.0,0.1,0.0,0.067
3720,2024,5147204,Jalen Washington,RB,Southern Miss,SBC,0.102,0.008,0.181,0.115,0.115,0.069,0.108,0.092
3721,2024,5147344,Tyson Turner,WR,Texas Tech,B12,0.014,0.029,0.0,0.0,0.0,0.071,0.0,0.042
3722,2024,5147367,Joseph McVay,WR,Vanderbilt,SEC,0.017,0.042,0.0,0.038,0.0,0.0,0.026,0.0
3723,2024,5147376,Kameron Courtney,WR,Virginia,ACC,0.035,0.06,0.009,0.039,0.037,0.021,0.043,0.02
3724,2024,5147379,Sire Gaines,RB,Boise State,MWC,0.114,0.031,0.192,0.126,0.136,0.026,0.116,0.107
3725,2024,5147380,Devin Green,RB,UNLV,MWC,0.042,0.0,0.065,0.053,0.028,0.043,0.043,0.038
3726,2024,5147382,Reed Jesiolowski,TE,Southern Miss,SBC,0.03,0.061,0.0,0.049,0.013,0.0,0.04,0.011
3727,2024,5147463,Tyler Stewart,WR,Temple,AAC,0.067,0.07,0.065,0.1,0.059,0.032,0.074,0.059
3728,2024,5147685,Josiah McLaurin,RB,Maryland,B1G,0.025,0.025,0.026,0.014,0.039,0.029,0.009,0.06
3729,2024,5147756,Taji Atkins,RB,Rice,AAC,0.08,0.0,0.212,0.118,0.059,0.048,0.101,0.045
3730,2024,5147757,Arrington Maiden,QB,Memphis,AAC,0.014,0.0,0.056,0.028,0.0,0.0,0.019,0.0
3731,2024,5147852,Da'Marion Alberic,RB,Massachusetts,Ind,0.016,0.0,0.034,0.038,0.0,0.0,0.027,0.0
3732,2024,5147861,Adam Mohammed,RB,Washington,B1G,0.062,0.012,0.119,0.051,0.084,0.029,0.066,0.048
3733,2024,5147864,Makari Bodiford,RB,Memphis,AAC,0.046,0.005,0.096,0.031,0.063,0.061,0.035,0.077
3734,2024,5148535,Brett Eskildsen,WR,Iowa State,B12,0.029,0.056,0.0,0.0,0.0,0.125,0.0,0.063
3735,2024,5148787,Wyatt Young,WR,North Texas,AAC,0.03,0.043,0.01,0.031,0.025,0.048,0.025,0.042
3736,2024,5148803,Brad Jackson,QB,Texas State,SBC,0.172,0.171,0.173,0.173,0.155,0.211,0.146,0.241
3737,2024,5148821,Hunter Andrews,TE,Utah,B12,0.031,0.0,0.053,0.0,0.056,0.077,0.02,0.067
3738,2024,5148822,Chris Barnes,WR,Washington State,PAC,0.024,0.03,0.018,0.034,0.0,0.043,0.02,0.037
3739,2024,5148838,Jamauri McClure,RB,Tulane,AAC,0.083,0.011,0.12,0.123,0.06,0.0,0.106,0.015
3740,2024,5148868,Moses Gray,RB,Marshall,SBC,0.044,0.0,0.073,0.035,0.073,0.031,0.021,0.103
3741,2024,5148995,Brady Kluse,WR,Memphis,AAC,0.016,0.033,0.0,0.009,0.012,0.044,0.011,0.031
3742,2024,5149007,Miles Coleman,WR,North Texas,AAC,0.065,0.102,0.008,0.064,0.06,0.079,0.059,0.078
3743,2024,5149056,Jadyn Glasser,QB,Central Michigan,MAC,0.403,0.921,0.077,0.381,0.315,0.519,0.352,0.483
3744,2024,5149058,Devin Spencer,RB,Arkansas State,SBC,0.093,0.012,0.18,0.109,0.113,0.04,0.107,0.063
3745,2024,5149220,Baron Tipton,WR,North Texas,AAC,0.017,0.028,0.0,0.032,0.0,0.0,0.024,0.0
3746,2024,5149563,DJ Butler,RB,Houston,B12,0.048,0.022,0.068,0.05,0.082,0.0,0.048,0.048
3747,2024,5149831,Kayden McGee,WR,UNLV,MWC,0.021,0.056,0.0,0.017,0.021,0.031,0.01,0.047
3748,2024,5149908,Greg Burrell,RB,UNLV,MWC,0.091,0.008,0.137,0.094,0.102,0.068,0.101,0.067
3749,2024,5149910,Tristen Brown,WR,Vanderbilt,SEC,0.034,0.059,0.015,0.036,0.027,0.043,0.036,0.029
3750,2024,5150003,Terrance Shelton Jr.,RB,Buffalo,MAC,0.04,0.0,0.067,0.045,0.046,0.017,0.057,0.006
3751,2024,5150125,Brandon Tullis,RB,Michigan State,B1G,0.039,0.0,0.075,0.048,0.048,0.0,0.046,0.02
3752,2024,5150132,Mar'Kel Porter,RB,Bowling Green,MAC,0.031,0.0,0.051,0.032,0.025,0.043,0.022,0.053
3753,2024,5150247,Malik Benson,WR,Florida State,ACC,0.048,0.084,0.006,0.067,0.03,0.038,0.055,0.039
3754,2024,5150276,Dazmin James,WR,Arkansas,SEC,0.061,0.182,0.0,0.0,0.095,0.143,0.0,0.167
3755,2024,5150297,Cale Hellums,QB,Army,AAC,0.036,0.0,0.041,0.031,0.045,0.036,0.031,0.054
3756,2024,5150311,Tre Benson III,WR,Army,AAC,0.014,0.0,0.016,0.028,0.0,0.0,0.017,0.0
3757,2024,5150312,David Clerk,WR,Army,AAC,0.037,0.0,0.043,0.04,0.026,0.059,0.044,0.0
3758,2024,5150313,Kanye Udoh,RB,Army,AAC,0.229,0.008,0.267,0.32,0.188,0.133,0.274,0.079
3759,2024,5150316,Samari Howard,WR,Army,AAC,0.053,0.032,0.055,0.048,0.081,0.022,0.05,0.063
3760,2024,5150326,Carson Smith,RB,Army,AAC,0.049,0.0,0.056,0.04,0.088,0.0,0.043,0.07
3761,2024,5150329,Jake Rendina,RB,Army,AAC,0.047,0.0,0.055,0.063,0.041,0.03,0.054,0.024
3762,2024,5150333,Parker Poloskey,TE,Army,AAC,0.018,0.067,0.0,0.048,0.0,0.0,0.024,0.0
3763,2024,5150368,KP Pointer,WR,Army,AAC,0.017,0.091,0.0,0.0,0.05,0.0,0.0,0.067
3764,2024,5150376,Josh Horton,WR,Army,AAC,0.015,0.2,0.0,0.0,0.0,0.071,0.0,0.077
3765,2024,5150377,Tyler Williams,WR,Minnesota,B1G,0.014,0.029,0.0,0.029,0.0,0.0,0.019,0.0
3766,2024,5150378,Zeed Haynes,WR,Syracuse,ACC,0.087,0.136,0.016,0.09,0.085,0.063,0.084,0.095
3767,2024,5150418,KK Smith,WR,Notre Dame,Ind,0.022,0.054,0.0,0.031,0.022,0.0,0.021,0.024
3768,2024,5150424,Jordan Faison,WR,Notre Dame,Ind,0.056,0.113,0.008,0.046,0.067,0.039,0.05,0.071
3769,2024,5150426,Deljay Bailey,QB,Grambling,,0.204,0.299,0.124,0.11,0.264,0.292,0.158,0.275
3770,2024,5150429,Austin Acton,RB,Ole Miss,SEC,0.014,0.0,0.033,0.029,0.0,0.0,0.019,0.0
3771,2024,5150436,Wyatt Smalley,TE,Ole Miss,SEC,0.014,0.03,0.0,0.0,0.0,0.111,0.0,0.05
3772,2024,5150457,Daniel Shaban,RB,UConn,Ind,0.025,0.0,0.03,0.0,0.034,0.1,0.032,0.0
3773,2024,5150538,Devin Hyatt,WR,Arizona,B12,0.021,0.034,0.0,0.025,0.008,0.033,0.021,0.021
3774,2024,5150556,Jay Haynes,RB,Clemson,ACC,0.063,0.018,0.117,0.062,0.069,0.064,0.063,0.065
3775,2024,5150561,Olsen Patt-Henry,TE,Clemson,ACC,0.023,0.043,0.0,0.026,0.019,0.014,0.029,0.01
3776,2024,5150582,Salahadin Allah,RB,Oregon State,PAC,0.083,0.006,0.15,0.113,0.085,0.036,0.102,0.035
3777,2024,5150611,Jake Retzlaff,QB,BYU,B12,0.546,0.954,0.188,0.549,0.498,0.636,0.504,0.633
3778,2024,5150636,Devin Downing,WR,Southern Utah,,0.032,0.081,0.0,0.02,0.025,0.071,0.015,0.07
3779,2024,5150645,Ui Ale,QB,Houston,B12,0.125,0.173,0.043,0.151,0.077,0.103,0.158,0.077
3780,2024,5150648,Sherman Smith,RB,Houston,B12,0.016,0.0,0.026,0.038,0.0,0.0,0.026,0.0
3781,2024,5150662,Hayden Large,TE,Iowa,B1G,0.025,0.039,0.016,0.011,0.047,0.022,0.034,0.0
3782,2024,5150663,Champ Long,QB,Maryland,B1G,0.053,0.094,0.0,0.0,0.105,0.083,0.0,0.158
3783,2024,5150681,Cade Osterman,WR,North Dakota State,,0.014,0.034,0.0,0.0,0.029,0.029,0.013,0.018
3784,2024,5150694,Tripp Walsh,TE,Iowa State,B12,0.014,0.038,0.0,0.0,0.042,0.0,0.0,0.071
3785,2024,5150786,Makenzie McGill,RB,North Texas,AAC,0.095,0.021,0.211,0.099,0.091,0.092,0.122,0.042
3786,2024,5150845,Goldie Lawrence,WR,Florida A&M,,0.047,0.082,0.01,0.05,0.053,0.034,0.053,0.035
3787,2024,5150861,Jayden Dixon-Veal,WR,Purdue,B1G,0.027,0.057,0.0,0.018,0.0,0.095,0.024,0.036
3788,2024,5150865,Elijah Jackson,RB,Purdue,B1G,0.047,0.021,0.079,0.063,0.038,0.027,0.051,0.038
3789,2024,5150902,Jarod Bowie,WR,Jacksonville State,CUSA,0.043,0.097,0.011,0.046,0.044,0.04,0.042,0.046
3790,2024,5150904,Cam Vaughn,WR,Jacksonville State,CUSA,0.062,0.185,0.0,0.047,0.067,0.088,0.042,0.116
3791,2024,5150998,Blake Baker,QB,Louisiana Tech,CUSA,0.355,0.536,0.181,0.317,0.391,0.414,0.333,0.396
3792,2024,5151017,Travis Egan,QB,Louisville,ACC,0.016,0.0,0.027,0.016,0.0,0.043,0.011,0.029
3793,2024,5151048,Duane Thomas Jr.,WR,Charlotte,AAC,0.04,0.06,0.02,0.033,0.063,0.026,0.031,0.058
3794,2024,5151048,Duane Thomas Jr.,WR,Charlotte,,0.04,0.06,0.02,0.033,0.063,0.026,0.031,0.058
3795,2024,5151060,Cole Ballard,QB,Kansas,B12,0.051,0.069,0.038,0.035,0.068,0.036,0.058,0.025
3796,2024,5151112,David Mbadinga,RB,Georgia Southern,SBC,0.067,0.006,0.135,0.075,0.071,0.05,0.071,0.058
3797,2024,5151136,Elvin Fofanah,TE,Western Kentucky,CUSA,0.018,0.035,0.0,0.022,0.0,0.0,0.027,0.0
3798,2024,5151179,Javoni Gardere,WR,UTEP,CUSA,0.015,0.037,0.0,0.0,0.0,0.067,0.0,0.04
3799,2024,5151193,Marcus Vinson,TE,UTEP,CUSA,0.02,0.041,0.0,0.008,0.021,0.035,0.012,0.034
3800,2024,5151199,Malik Phillips,WR,Sam Houston,CUSA,0.024,0.036,0.015,0.019,0.024,0.036,0.014,0.04
3801,2024,5151200,Qua'Vez Humphreys,WR,Sam Houston,CUSA,0.042,0.085,0.01,0.039,0.043,0.034,0.04,0.048
3802,2024,5151218,Lucian Anderson III,QB,Bowling Green,MAC,0.059,0.049,0.068,0.044,0.056,0.075,0.051,0.077
3803,2024,5151231,Forrest Brock,QB,Temple,AAC,0.667,1.0,0.247,0.531,0.746,0.818,0.563,0.829
3804,2024,5151274,Drayden Dickmann,WR,Rice,AAC,0.026,0.039,0.005,0.027,0.012,0.049,0.022,0.033
3805,2024,5151317,Robert Henry,RB,UTSA,AAC,0.173,0.05,0.313,0.232,0.152,0.111,0.214,0.094
3806,2024,5151318,Willie McCoy,WR,UTSA,AAC,0.05,0.086,0.01,0.048,0.065,0.022,0.059,0.033
3807,2024,5151339,Anthony Garcia,QB,Arizona,B12,0.017,0.0,0.04,0.043,0.0,0.0,0.028,0.0
3808,2024,5151342,Cooper Hoch,WR,San José State,MWC,0.031,0.045,0.0,0.023,0.042,0.035,0.024,0.048
3809,2024,5151353,Prince Strachan,WR,Boise State,MWC,0.032,0.071,0.0,0.017,0.059,0.02,0.018,0.066
3810,2024,5151364,Qua Sanders,WR,Buffalo,MAC,0.015,0.025,0.0,0.018,0.0,0.034,0.012,0.021
3811,2024,5151365,Richie Watts,QB,Cal Poly,,0.169,0.138,0.203,0.127,0.181,0.175,0.18,0.148
3812,2024,5151366,Gunnar Gray,QB,Buffalo,MAC,0.161,0.263,0.0,0.16,0.15,0.143,0.122,0.238
3813,2024,5151369,Messiah Burch,RB,Buffalo,MAC,0.047,0.032,0.059,0.065,0.034,0.04,0.055,0.032
3814,2024,5151371,Dylan Kedzior,RB,Bryant,,0.196,0.079,0.402,0.237,0.188,0.143,0.242,0.11
3815,2024,5151380,Ryan Daly,TE,Buffalo,MAC,0.016,0.026,0.0,0.04,0.0,0.0,0.024,0.0
3816,2024,5151382,Vince Brown II,TE,Colorado State,MWC,0.034,0.074,0.003,0.033,0.042,0.02,0.035,0.031
3817,2024,5151403,Tim Grear Jr.,WR,Fresno State,MWC,0.038,0.062,0.0,0.019,0.091,0.0,0.059,0.0
3818,2024,5151405,Jaceon Doss,WR,Towson,,0.042,0.088,0.0,0.033,0.034,0.079,0.039,0.047
3819,2024,5151406,Artis Cole,WR,UL Monroe,SBC,0.026,0.063,0.0,0.025,0.02,0.04,0.024,0.029
3820,2024,5151408,Joe Dalena,WR,Fresno State,MWC,0.088,0.158,0.0,0.091,0.048,0.167,0.114,0.042
3821,2024,5151417,Jake Tarwater,TE,Fresno State,MWC,0.023,0.034,0.0,0.011,0.027,0.041,0.007,0.049
3822,2024,5151435,Rykin Maxwell,WR,Murray State,,0.014,0.036,0.0,0.0,0.032,0.0,0.011,0.022
3823,2024,5151472,Jamarien Wheeler,WR,Eastern Michigan,MAC,0.012,0.021,0.0,0.0,0.0,0.05,0.0,0.036
3824,2024,5151498,Grayson Barnes,TE,Northern Illinois,MAC,0.044,0.1,0.006,0.028,0.034,0.064,0.035,0.064
3825,2024,5151506,Josh Holst,QB,Northern Illinois,MAC,0.306,0.516,0.147,0.243,0.281,0.437,0.24,0.464
3826,2024,5151528,Ethan Conner,TE,Troy,SBC,0.065,0.13,0.0,0.049,0.067,0.098,0.042,0.108
3827,2024,5151528,Ethan Conner,TE,Troy,,0.065,0.13,0.0,0.049,0.067,0.098,0.042,0.108
3828,2024,5151599,D.J. Washington,WR,Florida International,CUSA,0.033,0.06,0.0,0.037,0.05,0.0,0.025,0.049
3829,2024,5151618,Kirk Francis,QB,Tulsa,AAC,0.344,0.614,0.063,0.271,0.365,0.414,0.288,0.452
3830,2024,5151662,BJ Hawkins Jr.,WR,UAB,AAC,0.014,0.023,0.008,0.01,0.014,0.024,0.006,0.035
3831,2024,5151784,Oliver Stuart,TE,Nevada,MWC,0.045,0.077,0.0,0.071,0.0,0.0,0.061,0.0
3832,2024,5151811,Coleson Fields,RB,NC State,ACC,0.05,0.0,0.079,0.034,0.048,0.111,0.061,0.0
3833,2024,5151892,Ja'Kobi Jackson,RB,Florida,SEC,0.137,0.03,0.223,0.159,0.157,0.065,0.159,0.082
3834,2024,5151893,Anthony Rubio,RB,Florida,SEC,0.076,0.0,0.14,0.083,0.077,0.063,0.083,0.053
3835,2024,5151897,Jackson Wade,WR,Florida,SEC,0.016,0.036,0.0,0.0,0.0,0.091,0.0,0.056
3836,2024,5151903,Christopher Frew,RB,Air Force,MWC,0.091,0.026,0.102,0.103,0.089,0.083,0.085,0.109
3837,2024,5151904,John Busha,QB,Air Force,MWC,0.395,0.865,0.243,0.331,0.378,0.484,0.335,0.519
3838,2024,5151906,Dylan Carson,RB,Air Force,MWC,0.202,0.0,0.246,0.265,0.207,0.103,0.255,0.056
3839,2024,5151909,Kaden Cloud,RB,Air Force,MWC,0.02,0.0,0.025,0.04,0.012,0.0,0.022,0.015
3840,2024,5151914,Darius Stone,RB,Air Force,MWC,0.043,0.0,0.055,0.04,0.042,0.059,0.06,0.0
3841,2024,5151915,Terrence Gist,FB,Air Force,MWC,0.12,0.0,0.164,0.141,0.14,0.088,0.136,0.086
3842,2024,5151939,James Roberson,WR,Air Force,MWC,0.016,0.068,0.0,0.035,0.01,0.0,0.024,0.0
3843,2024,5151941,Quin Smith,WR,Air Force,MWC,0.025,0.1,0.0,0.026,0.023,0.011,0.018,0.04
3844,2024,5151942,Bruin Fleischmann,TE,Air Force,MWC,0.017,0.088,0.0,0.009,0.011,0.045,0.01,0.037
3845,2024,5151948,Joey Aguilar,QB,App State,SBC,0.569,1.0,0.127,0.483,0.586,0.731,0.477,0.74
3846,2024,5151965,Kadarius Calloway,RB,California,ACC,0.078,0.011,0.154,0.109,0.075,0.014,0.098,0.043
3847,2024,5151976,Reymello Murphy,WR,Arizona,B12,0.024,0.038,0.0,0.057,0.0,0.0,0.038,0.0
3848,2024,5151979,Kelby Williams,WR,Old Dominion,SBC,0.028,0.054,0.0,0.069,0.0,0.0,0.043,0.0
3849,2024,5151982,Malcolm Gillie,WR,Ball State,MAC,0.042,0.064,0.015,0.048,0.026,0.045,0.043,0.04
3850,2024,5152158,Deuce Alexander,WR,Wake Forest,ACC,0.051,0.096,0.003,0.046,0.031,0.084,0.05,0.055
3851,2024,5152162,Marcello Bussey,WR,Memphis,AAC,0.036,0.063,0.0,0.023,0.054,0.039,0.036,0.036
3852,2024,5152163,Harris Boyd,QB,Memphis,AAC,0.014,0.0,0.025,0.0,0.04,0.0,0.016,0.0
3853,2024,5152166,Jamauri Chislom,TE,Memphis,AAC,0.014,0.029,0.0,0.0,0.04,0.0,0.016,0.0
3854,2024,5152167,Brendan Doyle,TE,Memphis,AAC,0.022,0.041,0.0,0.017,0.033,0.016,0.018,0.032
3855,2024,5152200,Jamari Ferrell,RB,Wyoming,MWC,0.105,0.016,0.182,0.105,0.142,0.056,0.104,0.108
3856,2024,5152211,Jacoby Bellazar,WR,Grambling,,0.038,0.073,0.004,0.023,0.028,0.088,0.027,0.054
3857,2024,5152221,Donerio Davenport,RB,Louisiana Tech,CUSA,0.146,0.049,0.265,0.134,0.16,0.15,0.129,0.18
3858,2024,5152414,Beau Sparks,WR,Texas State,SBC,0.033,0.067,0.003,0.033,0.033,0.031,0.033,0.034
3859,2024,5152586,Chris Gee,RB,Colgate,,0.13,0.037,0.24,0.197,0.113,0.03,0.169,0.039
3860,2024,5152839,Jaylen King,QB,East Tennessee State,,0.464,0.734,0.236,0.357,0.474,0.703,0.403,0.601
3861,2024,5152900,Mike Mitchell,RB,Utah,B12,0.094,0.004,0.173,0.072,0.098,0.116,0.124,0.03
3862,2024,5152920,Tyquan Henderson,WR,Jackson State,,0.049,0.128,0.0,0.028,0.071,0.075,0.031,0.095
3863,2024,5152924,JQ Gray,RB,Southern Miss,SBC,0.08,0.015,0.14,0.096,0.068,0.057,0.092,0.062
3864,2024,5153036,Dylan Williams,WR,James Madison,SBC,0.017,0.04,0.0,0.016,0.015,0.012,0.021,0.008
3865,2024,5153056,DT Sheffield,WR,North Texas,AAC,0.085,0.125,0.022,0.084,0.087,0.072,0.092,0.069
3866,2024,5153065,Branden Ganashamoorthy,WR,Washington State,PAC,0.023,0.049,0.0,0.008,0.038,0.043,0.02,0.033
3867,2024,5153074,Carlos Hernandez,WR,Washington State,PAC,0.073,0.151,0.0,0.057,0.098,0.081,0.076,0.064
3868,2024,5153613,Carter Shaw,WR,UCLA,B1G,0.021,0.02,0.023,0.029,0.014,0.019,0.026,0.012
3869,2024,5153650,Davon Booth,RB,Mississippi State,SEC,0.214,0.039,0.392,0.213,0.227,0.182,0.248,0.146
3870,2024,5153727,Ashton Nickelberry,WR,UTEP,CUSA,0.02,0.036,0.0,0.024,0.0,0.043,0.023,0.014
3871,2024,5153730,Jaden Barnes,WR,Austin Peay,,0.084,0.159,0.009,0.079,0.069,0.124,0.074,0.104
3872,2024,5153782,Amari Odom,QB,Wofford,,0.483,0.828,0.127,0.423,0.455,0.653,0.403,0.62
3873,2024,5153845,Zach Marker,QB,Delaware,,0.537,0.921,0.138,0.528,0.479,0.623,0.488,0.655
3874,2024,5153846,Nick Minicucci,QB,Delaware,,0.269,0.395,0.121,0.245,0.295,0.281,0.249,0.317
3875,2024,5153849,Daniel Lipovski,QB,Delaware,,0.041,0.029,0.051,0.065,0.042,0.0,0.035,0.059
3876,2024,5153852,Ja'Carree Kelly,WR,Delaware,,0.029,0.048,0.011,0.025,0.03,0.034,0.031,0.026
3877,2024,5153855,Saeed St. Fleur,RB,Delaware,,0.057,0.013,0.101,0.071,0.058,0.031,0.067,0.029
3878,2024,5153868,Phil Lutz,WR,Delaware,,0.057,0.111,0.0,0.047,0.056,0.076,0.052,0.071
3879,2024,5153870,Donovan Lewis,WR,Delaware,,0.034,0.072,0.0,0.048,0.02,0.031,0.035,0.031
3880,2024,5154224,DJ Scott,RB,Kennesaw State,CUSA,0.033,0.0,0.047,0.042,0.053,0.0,0.051,0.0
3881,2024,5154227,Navelle Dean,WR,Kennesaw State,CUSA,0.026,0.049,0.008,0.0,0.041,0.047,0.008,0.05
3882,2024,5154262,Gavin Harris,TE,Central Michigan,MAC,0.028,0.051,0.009,0.023,0.041,0.024,0.022,0.04
3883,2024,5154278,Jayden Becks,RB,Missouri State,,0.123,0.046,0.224,0.164,0.099,0.071,0.156,0.052
3884,2024,5154284,Ramone Green Jr.,RB,Missouri State,,0.025,0.014,0.042,0.019,0.026,0.038,0.013,0.045
3885,2024,5154302,David Lynch,QB,Pittsburgh,ACC,0.132,0.24,0.009,0.089,0.151,0.188,0.14,0.115
3886,2024,5154303,Zion Fowler-El,WR,Pittsburgh,ACC,0.017,0.029,0.0,0.0,0.056,0.0,0.0,0.056
3887,2024,5154315,Benny Haselrig,WR,Pittsburgh,ACC,0.017,0.029,0.0,0.0,0.0,0.111,0.0,0.056
3888,2024,5154321,Alex Capka-Jones,WR,Illinois,B1G,0.014,0.032,0.0,0.016,0.0,0.033,0.01,0.026
3889,2024,5154339,Mario Anderson,RB,Memphis,AAC,0.309,0.105,0.545,0.376,0.277,0.208,0.361,0.185
3890,2024,5154341,Maurice Brown II,TE,South Carolina,SEC,0.013,0.014,0.012,0.014,0.0,0.0,0.018,0.0
3891,2024,5154729,Davin Stoffel,TE,South Dakota State,,0.029,0.069,0.0,0.03,0.035,0.022,0.026,0.038
3892,2024,5154781,Allen Middleton,WR,Southern Illinois,,0.081,0.077,0.088,0.09,0.081,0.076,0.083,0.079
3893,2024,5155000,Jer'Michael Carter,WR,McNeese,,0.055,0.123,0.0,0.056,0.045,0.071,0.056,0.055
3894,2024,5155039,Aidan Warner,QB,Florida,SEC,0.291,0.605,0.045,0.23,0.262,0.439,0.233,0.413
3895,2024,5155179,Jacob De Jesus,WR,UNLV,MWC,0.068,0.139,0.028,0.072,0.071,0.064,0.07,0.061
3896,2024,5155193,Corey Thompson Jr.,WR,UNLV,MWC,0.018,0.045,0.0,0.0,0.027,0.038,0.013,0.027
3897,2024,5155519,Yannick Smith,WR,East Carolina,AAC,0.047,0.091,0.006,0.046,0.051,0.048,0.048,0.044
3898,2024,5155579,Cameron Flowers,WR,Western Kentucky,CUSA,0.017,0.043,0.0,0.0,0.063,0.0,0.022,0.0
3899,2024,5155864,Julian Dugger,QB,Pittsburgh,ACC,0.337,0.389,0.306,0.302,0.343,0.368,0.314,0.393
3900,2024,5156056,Caleb Hampton,RB,Stanford,ACC,0.034,0.0,0.054,0.083,0.0,0.0,0.047,0.0
3901,2024,5156090,Dylan Laible,QB,Tennessee Tech,,0.384,0.761,0.02,0.263,0.477,0.482,0.281,0.583
3902,2024,5156162,E. Jai Mason,WR,Samford,,0.078,0.139,0.006,0.083,0.063,0.095,0.077,0.082
3903,2024,5156183,Brendan Jenkins,WR,Samford,,0.064,0.118,0.0,0.04,0.101,0.061,0.051,0.09
3904,2024,5156388,Leon Washington Jr.,WR,Florida Atlantic,AAC,0.027,0.059,0.0,0.038,0.028,0.0,0.025,0.033
3905,2024,5156860,Caleb Ramseur,RB,Nevada,MWC,0.092,0.036,0.15,0.077,0.115,0.095,0.098,0.076
3906,2024,5156906,Bill Davis,RB,Louisiana,SBC,0.193,0.026,0.346,0.206,0.206,0.129,0.21,0.149
3907,2024,5156911,Landon Baptiste,WR,Louisiana,SBC,0.015,0.026,0.0,0.033,0.0,0.0,0.02,0.0
3908,2024,5156915,Tylon Citizen,RB,Louisiana,SBC,0.056,0.0,0.105,0.083,0.036,0.029,0.072,0.019
3909,2024,5156926,Tavion Smith,WR,Louisiana,SBC,0.024,0.051,0.0,0.018,0.012,0.067,0.022,0.03
3910,2024,5156928,Caden Jensen,TE,Louisiana,SBC,0.027,0.055,0.0,0.019,0.048,0.014,0.022,0.039
3911,2024,5156933,Rahsul Faison,RB,Utah State,MWC,0.248,0.046,0.481,0.323,0.186,0.182,0.284,0.16
3912,2024,5157187,Cameron Bates,WR,Boise State,MWC,0.022,0.034,0.013,0.031,0.017,0.01,0.02,0.028
3913,2024,5157261,Ja'Vin Simpkins,RB,Coastal Carolina,SBC,0.097,0.0,0.139,0.099,0.118,0.045,0.083,0.135
3914,2024,5157266,Bryson Graves,WR,Coastal Carolina,SBC,0.047,0.085,0.012,0.044,0.05,0.056,0.039,0.061
3915,2024,5157268,Darren Lloyd,RB,Coastal Carolina,SBC,0.068,0.008,0.104,0.095,0.056,0.031,0.071,0.061
3916,2024,5157282,Nathan Schuessler,WR,Coastal Carolina,SBC,0.017,0.0,0.031,0.0,0.056,0.0,0.0,0.043
3917,2024,5157287,David Wells Jr.,WR,Oregon State,PAC,0.023,0.054,0.0,0.019,0.023,0.037,0.016,0.04
3918,2024,5157315,Connor Cravaack,TE,Akron,MAC,0.034,0.055,0.0,0.02,0.058,0.032,0.031,0.039
3919,2024,5157316,Paul Davis,WR,Akron,MAC,0.013,0.031,0.0,0.0,0.0,0.067,0.018,0.0
3920,2024,5157331,Adrian Norton,WR,Akron,MAC,0.094,0.158,0.0,0.096,0.058,0.148,0.086,0.11
3921,2024,5158340,Denim Edwards,RB,Presbyterian,,0.068,0.0,0.125,0.08,0.054,0.077,0.11,0.0
3922,2024,5158341,Luke Hutchison,WR,Navy,AAC,0.026,0.091,0.006,0.021,0.027,0.039,0.019,0.044
3923,2024,5158343,Braxton Woodson,QB,Navy,AAC,0.202,0.364,0.151,0.124,0.206,0.321,0.175,0.278
3924,2024,5158365,Gage Leonard,WR,Navy,AAC,0.014,0.0,0.02,0.033,0.0,0.0,0.018,0.0
3925,2024,5158374,Isaiah Bryant,WR,Navy,AAC,0.02,0.01,0.024,0.023,0.03,0.0,0.021,0.018
3926,2024,5158398,Jake Norris,TE,Navy,AAC,0.02,0.063,0.0,0.0,0.015,0.065,0.0,0.075
3927,2024,5158460,Ashton Cozart,WR,SMU,ACC,0.013,0.043,0.0,0.027,0.0,0.0,0.017,0.0
3928,2024,5158470,Jurrion Dickey,WR,Oregon,B1G,0.014,0.03,0.0,0.0,0.043,0.0,0.0,0.045
3929,2024,5158747,Aaron Blancas,WR,Idaho State,,0.033,0.05,0.0,0.038,0.015,0.054,0.043,0.0
3930,2024,5158749,Alfred Jordan Jr.,WR,Idaho State,,0.051,0.08,0.0,0.026,0.087,0.071,0.052,0.048
3931,2024,5159139,Donovan Faupel,WR,New Mexico State,CUSA,0.02,0.044,0.008,0.0,0.045,0.024,0.014,0.034
3932,2024,5159145,Jerry Lydiatt,TE,New Mexico State,CUSA,0.025,0.059,0.0,0.0,0.049,0.033,0.025,0.024
3933,2024,5159150,Isaiah Rudison,RB,New Mexico State,CUSA,0.014,0.019,0.009,0.011,0.027,0.0,0.014,0.013
3934,2024,5159232,Jawarn Howell,RB,South Carolina,SEC,0.062,0.0,0.115,0.076,0.087,0.0,0.063,0.059
3935,2024,5159802,Dallen Bentley,TE,Utah,B12,0.033,0.08,0.0,0.0,0.095,0.0,0.0,0.077
3936,2024,5159831,Derek Eusebio,WR,Arizona State,B12,0.022,0.02,0.023,0.016,0.0,0.083,0.021,0.026
3937,2024,5159834,Curtis Douglas,RB,Kent State,MAC,0.116,0.022,0.207,0.14,0.13,0.065,0.137,0.086
3938,2024,5159888,Chris Elko,WR,Georgia Tech,ACC,0.016,0.032,0.0,0.0,0.0,0.0,0.0,0.083
3939,2024,5159908,JR Gardner,RB,Alabama,SEC,0.026,0.0,0.048,0.029,0.0,0.067,0.017,0.056
3940,2024,5159944,Kris Hughes,WR,Louisville,ACC,0.026,0.059,0.0,0.015,0.033,0.044,0.02,0.045
3941,2024,5159948,Chris Johnson Jr.,RB,Miami,ACC,0.047,0.047,0.047,0.047,0.056,0.036,0.045,0.051
3942,2024,5159954,Shemar Kirk,WR,Miami,ACC,0.056,0.125,0.0,0.032,0.083,0.071,0.036,0.118
3943,2024,5160086,Desirrio Riles,TE,East Carolina,AAC,0.021,0.041,0.0,0.017,0.024,0.026,0.022,0.018
3944,2024,5160110,Jahdae Walker,WR,Texas A&M,SEC,0.05,0.105,0.008,0.033,0.067,0.059,0.045,0.062
3945,2024,5160131,Adam Moore,TE,SMU,ACC,0.026,0.087,0.0,0.027,0.0,0.071,0.017,0.056
3946,2024,5160151,Cole Sprague,WR,Temple,AAC,0.015,0.022,0.0,0.0,0.048,0.0,0.0,0.04
3947,2024,5160224,Trip Maxwell,QB,Stetson,,0.282,0.412,0.081,0.19,0.299,0.39,0.221,0.366
3948,2024,5160228,Dorian Smith,RB,South Alabama,SBC,0.02,0.0,0.03,0.033,0.0,0.0,0.024,0.0
3949,2024,5160730,Max Cutforth,QB,Boise State,MWC,0.03,0.071,0.0,0.0,0.045,0.1,0.0,0.154
3950,2024,5160734,Troy Wilkey,WR,Boise State,MWC,0.061,0.0,0.105,0.059,0.091,0.0,0.075,0.0
3951,2024,5160945,Chris Edmonds,RB,Bowling Green,MAC,0.036,0.0,0.063,0.036,0.059,0.0,0.026,0.063
3952,2024,5160949,Jared Merk,WR,Bowling Green,MAC,0.014,0.036,0.0,0.0,0.0,0.071,0.0,0.045
3953,2024,5160955,Jojo Phillips,WR,BYU,B12,0.04,0.08,0.0,0.069,0.016,0.015,0.047,0.025
3954,2024,5161638,Tyler Chandler,RB,Syracuse,ACC,0.011,0.0,0.029,0.023,0.0,0.0,0.016,0.0
3955,2024,5161735,Easton Miller,RB,Iowa State,B12,0.029,0.0,0.044,0.032,0.04,0.0,0.038,0.0
3956,2024,5161800,Viron Ellison Jr.,RB,Tulsa,AAC,0.109,0.033,0.192,0.089,0.114,0.13,0.111,0.105
3957,2024,5161891,Joseph Moreland,TE,Northwestern State,,0.035,0.075,0.0,0.03,0.04,0.04,0.043,0.023
3958,2024,5162399,Darius Copeland,WR,Liberty,CUSA,0.025,0.051,0.008,0.021,0.045,0.0,0.025,0.024
3959,2024,5162619,Jayce Gardner,RB,Middle Tennessee,CUSA,0.016,0.0,0.037,0.04,0.0,0.0,0.022,0.0
3960,2024,5162649,Tylon Webb,WR,Kentucky State,,0.035,0.061,0.0,0.08,0.0,0.0,0.053,0.0
3961,2024,5162845,Jacqez Barksdale,RB,Buffalo,MAC,0.106,0.015,0.169,0.104,0.126,0.075,0.113,0.092
3962,2024,5162879,Tylor Latham,WR,Air Force,MWC,0.058,0.059,0.058,0.044,0.076,0.043,0.053,0.07
3963,2024,5163021,Jacob Godfrey,WR,UL Monroe,SBC,0.045,0.12,0.003,0.032,0.042,0.079,0.029,0.074
3964,2024,5163022,Ezra Sexton,WR,East Tennessee State,,0.013,0.0,0.027,0.0,0.0,0.091,0.018,0.0
3965,2024,5163745,Jalyn Gramstad,QB,Nebraska,B1G,0.049,0.081,0.022,0.026,0.038,0.063,0.016,0.167
3966,2024,5167252,Duncan Brune,RB,Ohio,MAC,0.07,0.0,0.112,0.069,0.075,0.042,0.079,0.048
3967,2024,5168288,Maurice Mazzccua,RB,Nebraska,B1G,0.049,0.0,0.089,0.026,0.077,0.063,0.063,0.0
3968,2024,5168829,Mark-Anthony Scott Jr.,WR,Buffalo,MAC,0.025,0.009,0.036,0.0,0.011,0.066,0.022,0.032
3969,2024,5172036,JC Evans,QB,James Madison,SBC,0.073,0.01,0.128,0.065,0.111,0.043,0.089,0.041
3970,2024,5173431,Wayshawn Parker,RB,Washington State,PAC,0.19,0.029,0.338,0.265,0.159,0.066,0.234,0.078
3971,2024,5173438,Ja'Meer Thomas,WR,Syracuse,ACC,0.013,0.0,0.03,0.027,0.0,0.0,0.018,0.0
3972,2024,5174993,Kenneth Williams,RB,Nebraska,B1G,0.012,0.0,0.022,0.026,0.0,0.0,0.016,0.0
3973,2024,5175334,Bryson Donelson,RB,Fresno State,MWC,0.144,0.056,0.263,0.153,0.184,0.074,0.167,0.094
3974,2024,5178972,Jakobie Keeney-James,WR,Massachusetts,Ind,0.069,0.159,0.0,0.08,0.065,0.058,0.066,0.077
3975,2024,5186586,Ty Clark III,RB,Wake Forest,ACC,0.071,0.01,0.141,0.059,0.098,0.048,0.085,0.045
3976,2024,5189530,Joseph Williams,WR,Tulsa,AAC,0.078,0.139,0.012,0.075,0.052,0.117,0.067,0.099
3977,2024,5191162,Alberto Mendoza,QB,Indiana,B1G,0.044,0.048,0.043,0.0,0.05,0.111,0.0,0.3
3978,2024,5192899,Ashten Emory,RB,UTEP,CUSA,0.101,0.059,0.133,0.088,0.08,0.118,0.097,0.118
3979,2024,5192958,Dominic Overby,WR,Iowa State,B12,0.016,0.025,0.0,0.0,0.0,0.091,0.0,0.053
3980,2024,5193089,Alvon Isaac,RB,South Florida,AAC,0.027,0.0,0.043,0.029,0.027,0.024,0.024,0.038
3981,2024,5193102,Miles Burris,WR,Charlotte,AAC,0.024,0.053,0.0,0.018,0.051,0.0,0.024,0.024
3982,2024,5193102,Miles Burris,WR,Charlotte,,0.024,0.053,0.0,0.018,0.051,0.0,0.024,0.024
3983,2024,5193112,Jalen Dupree,RB,Colorado State,MWC,0.08,0.008,0.129,0.066,0.104,0.076,0.08,0.078
3984,2024,5193217,Jonathan Bibbs,WR,UL Monroe,SBC,0.019,0.053,0.0,0.05,0.0,0.0,0.03,0.0
3985,2024,5193224,Fred Robertson,RB,Louisiana Tech,CUSA,0.065,0.018,0.113,0.091,0.054,0.033,0.082,0.028
3986,2024,5193270,D'Shawntae Jones,RB,Miami (OH),MAC,0.016,0.0,0.03,0.0,0.0,0.091,0.0,0.045
3987,2024,5193274,Cade Wolford,RB,Kent State,MAC,0.045,0.0,0.067,0.028,0.065,0.045,0.018,0.088
3988,2024,5193277,George Dimopoulos,WR,Northern Illinois,MAC,0.022,0.046,0.009,0.033,0.018,0.013,0.024,0.019
3989,2024,5193282,JP Pickles,QB,UTEP,CUSA,0.423,0.618,0.282,0.345,0.433,0.521,0.408,0.449
3990,2024,5193292,La'Don Bryant,WR,Northern Illinois,MAC,0.026,0.057,0.0,0.016,0.063,0.0,0.027,0.024
3991,2024,5193298,Chris Durr Jr.,WR,Wyoming,MWC,0.052,0.106,0.006,0.04,0.037,0.105,0.045,0.066
3992,2024,5193302,Telly Johnson Jr.,RB,Northern Illinois,MAC,0.26,0.022,0.45,0.269,0.319,0.181,0.299,0.169
3993,2024,5193325,Jake Wilson,TE,Wyoming,MWC,0.013,0.0,0.028,0.031,0.0,0.0,0.024,0.0
3994,2024,5193346,Quinn Henicle,QB,Old Dominion,SBC,0.313,0.509,0.226,0.282,0.276,0.421,0.265,0.44
3995,2024,5193351,Krosse Johnson,WR,Arkansas,SEC,0.029,0.054,0.0,0.05,0.0,0.0,0.034,0.0
3996,2024,5193492,Ryan Boe,QB,Northwestern,B1G,0.156,0.226,0.0,0.154,0.161,0.158,0.141,0.192
3997,2024,5193496,Jay Harris,RB,Oregon,B1G,0.086,0.019,0.141,0.097,0.077,0.071,0.101,0.037
3998,2024,5193580,Cameron Dickey,RB,Texas Tech,B12,0.106,0.034,0.201,0.119,0.113,0.075,0.11,0.099
3999,2024,5193926,Cameran Brown,QB,Texas Tech,B12,0.07,0.06,0.085,0.081,0.042,0.104,0.083,0.042
4000,2024,5194308,Kyle Koch,WR,North Texas,AAC,0.014,0.014,0.015,0.016,0.0,0.038,0.022,0.0
4001,2024,5194309,Mekhi Anderson,WR,UTSA,AAC,0.015,0.0,0.027,0.032,0.0,0.0,0.02,0.0
4002,2024,5194576,Jaden Richardson,WR,USC,B1G,0.011,0.021,0.0,0.0,0.031,0.0,0.013,0.0
4003,2024,5194625,Jaden Robinson,WR,Kennesaw State,CUSA,0.023,0.053,0.0,0.028,0.021,0.019,0.021,0.026
4004,2024,5194626,Roman Gagliano,QB,Middle Tennessee,CUSA,0.08,0.122,0.018,0.088,0.065,0.1,0.08,0.078
4005,2024,5194659,James McNeil Jr.,RB,Buffalo,MAC,0.027,0.0,0.036,0.037,0.0,0.0,0.044,0.0
4006,2024,5194702,Ahmir Smith,RB,Northern Illinois,MAC,0.042,0.0,0.061,0.069,0.042,0.0,0.067,0.0
4007,2024,5194795,Na'eem Abdul-Rahim Gladding,WR,Old Dominion,SBC,0.026,0.065,0.0,0.0,0.04,0.063,0.0,0.087
4008,2024,5195952,Wondame Davis Jr.,WR,UTEP,CUSA,0.014,0.028,0.0,0.0,0.043,0.0,0.0,0.031
4009,2024,5196024,Tyreek Robinson,WR,Pittsburgh,ACC,0.021,0.05,0.0,0.048,0.0,0.0,0.03,0.0
4010,2024,5197034,Malachi Thomas,TE,Pittsburgh,ACC,0.022,0.033,0.0,0.026,0.0,0.063,0.016,0.04
4011,2024,5197065,Ahmad Hardy,RB,UL Monroe,SBC,0.352,0.031,0.546,0.402,0.418,0.175,0.412,0.238
4012,2024,5197123,Nate Rogers,RB,UAB,AAC,0.016,0.023,0.0,0.04,0.0,0.0,0.029,0.0
4013,2024,5209945,Antwan Raymond,RB,Rutgers,B1G,0.145,0.009,0.257,0.175,0.122,0.119,0.165,0.095
4014,2024,5218168,Bubba Hampton,WR,Alabama,SEC,0.013,0.029,0.0,0.029,0.0,0.0,0.017,0.0
4015,2024,5218492,Mel Brown,RB,UConn,Ind,0.2,0.0,0.333,0.226,0.25,0.091,0.217,0.158
4016,2024,5218582,Jaden Reddell,TE,Georgia,SEC,0.015,0.029,0.0,0.031,0.0,0.0,0.02,0.0
4017,2024,5218583,Wade Penn,RB,Georgia,SEC,0.042,0.0,0.079,0.029,0.043,0.111,0.057,0.0
4018,2024,5218633,Ryan Wingo,WR,Texas,SEC,0.05,0.085,0.011,0.047,0.044,0.059,0.042,0.067
4019,2024,5218636,Reid Watkins,RB,Texas,SEC,0.049,0.0,0.078,0.054,0.034,0.077,0.05,0.048
4020,2024,5218700,Tyrell Reed Jr.,RB,Arkansas,SEC,0.051,0.017,0.079,0.057,0.071,0.0,0.06,0.028
4021,2024,5218753,T.J. Moore,WR,Clemson,ACC,0.064,0.113,0.002,0.066,0.068,0.048,0.057,0.078
4022,2024,5218767,Jacob Jordan,WR,Oklahoma,SEC,0.071,0.154,0.004,0.073,0.076,0.052,0.061,0.092
4023,2024,5218787,Que'Sean Brown,WR,Duke,ACC,0.064,0.108,0.006,0.062,0.06,0.079,0.058,0.075
4024,2024,5218820,Johnnie Daniels,RB,Mississippi State,SEC,0.149,0.026,0.274,0.147,0.19,0.11,0.148,0.15
4025,2024,5218872,Christian Vaughn,RB,Hawai'i,MWC,0.042,0.0,0.111,0.048,0.051,0.014,0.045,0.035
4026,2024,5218880,Blaze Kamoku,WR,Hawai'i,MWC,0.03,0.053,0.0,0.0,0.087,0.0,0.022,0.048
4027,2024,5218881,Tama Uiliata,WR,Hawai'i,MWC,0.025,0.043,0.0,0.055,0.0,0.0,0.036,0.0
4028,2024,5218907,Luke Harpring,TE,Georgia Tech,ACC,0.022,0.056,0.0,0.014,0.023,0.053,0.028,0.0
4029,2024,5218961,Fame Ijeboi,RB,Minnesota,B1G,0.032,0.0,0.069,0.036,0.0,0.077,0.045,0.0
4030,2024,5218971,Will Perry,QB,Massachusetts,Ind,0.164,0.344,0.024,0.188,0.167,0.071,0.167,0.16
4031,2024,5219011,EJ Reid,WR,Wake Forest,ACC,0.013,0.0,0.025,0.029,0.0,0.0,0.017,0.0
4032,2024,5219086,Leland Smith,WR,Purdue,B1G,0.023,0.045,0.0,0.026,0.024,0.017,0.029,0.012
4033,2024,5219089,Antonio Harris,RB,Purdue,B1G,0.017,0.0,0.04,0.0,0.05,0.0,0.0,0.043
4034,2024,5219110,Kayden Chan,WR,Boise State,MWC,0.015,0.036,0.0,0.0,0.045,0.0,0.0,0.077
4035,2024,5219119,Jordan Washington,RB,Washington,B1G,0.024,0.0,0.05,0.039,0.024,0.0,0.023,0.027
4036,2024,5219136,Tommy Maher,WR,Colorado State,MWC,0.028,0.039,0.015,0.025,0.022,0.0,0.027,0.028
4037,2024,5219140,Jeremiah Patterson,WR,Arizona,B12,0.038,0.059,0.007,0.033,0.037,0.053,0.037,0.04
4038,2024,5219143,Kayden Luke,TE,Arizona,B12,0.019,0.0,0.047,0.027,0.012,0.018,0.025,0.01
4039,2024,5219169,Charleston French,RB,North Carolina,ACC,0.051,0.013,0.073,0.041,0.056,0.073,0.057,0.034
4040,2024,5219225,Zach Hernandez,RB,SMU,ACC,0.035,0.0,0.057,0.03,0.065,0.0,0.029,0.05
4041,2024,5219242,Marcus Brown,WR,Stanford,ACC,0.017,0.045,0.0,0.0,0.053,0.0,0.0,0.063
4042,2024,5219258,Aiden Flora,RB,Iowa State,B12,0.043,0.007,0.078,0.04,0.067,0.019,0.046,0.036
4043,2024,5219270,Lyndon Ravare,WR,Fresno State,MWC,0.035,0.06,0.0,0.026,0.034,0.059,0.039,0.022
4044,2024,5219476,Isaiah Myers,WR,Charlotte,AAC,0.032,0.06,0.0,0.018,0.033,0.064,0.033,0.031
4045,2024,5219476,Isaiah Myers,WR,Charlotte,,0.032,0.06,0.0,0.018,0.033,0.064,0.033,0.031
4046,2024,5219505,Ayo Shotomide-King,WR,Oklahoma State,B12,0.025,0.045,0.0,0.033,0.016,0.024,0.029,0.016
4047,2024,5219641,Cody Hagen,WR,BYU,B12,0.014,0.031,0.0,0.0,0.044,0.0,0.013,0.015
4048,2024,5219642,Pokaiaua Haunga,RB,BYU,B12,0.096,0.051,0.137,0.089,0.118,0.085,0.105,0.08
4049,2024,5219671,Tremonte Underwood Jr.,RB,Florida Atlantic,AAC,0.029,0.0,0.05,0.031,0.045,0.0,0.042,0.0
4050,2024,5219678,Joseph Young,WR,Florida Atlantic,AAC,0.016,0.033,0.0,0.036,0.0,0.0,0.022,0.0
4051,2024,5219683,Jett Coolman,WR,Florida Atlantic,AAC,0.014,0.037,0.0,0.0,0.0,0.1,0.017,0.0
4052,2024,5219693,Solomon Beebe,RB,UAB,AAC,0.04,0.006,0.089,0.042,0.033,0.045,0.043,0.034
4053,2024,5219702,Xavier Daisy,WR,UAB,AAC,0.017,0.026,0.0,0.0,0.0,0.1,0.0,0.05
4054,2024,5219834,Drew Mestemaker,QB,North Texas,AAC,0.208,0.285,0.09,0.167,0.233,0.283,0.186,0.25
4055,2024,5219835,Oscar Hammond,TE,North Texas,AAC,0.028,0.047,0.0,0.024,0.04,0.026,0.025,0.034
4056,2024,5219863,Tyrei Washington,RB,Temple,AAC,0.042,0.031,0.054,0.061,0.0,0.065,0.059,0.019
4057,2024,5219864,Terrez Worthy,RB,Temple,AAC,0.144,0.047,0.264,0.201,0.135,0.058,0.181,0.087
4058,2024,5219865,Ashton Allen,WR,Temple,AAC,0.05,0.076,0.018,0.052,0.054,0.041,0.055,0.042
4059,2024,5219878,Daniel Evert,TE,Temple,AAC,0.026,0.041,0.006,0.038,0.008,0.033,0.036,0.013
4060,2024,5219898,Drew Devillier,QB,Rice,AAC,0.27,0.433,0.095,0.233,0.183,0.459,0.214,0.371
4061,2024,5219931,Romelo Ware,RB,Northern Illinois,MAC,0.013,0.03,0.0,0.03,0.0,0.0,0.017,0.0
4062,2024,5219999,Omar Shah,RB,Utah,B12,0.016,0.0,0.026,0.033,0.0,0.0,0.02,0.0
4063,2024,5220011,Dante Daniels,TE,NC State,ACC,0.017,0.038,0.0,0.011,0.035,0.0,0.008,0.042
4064,2024,5220111,Adam Hill,RB,Texas Tech,B12,0.018,0.0,0.037,0.0,0.05,0.0,0.025,0.0
4065,2024,5220125,Dane Nauman,RB,Toledo,MAC,0.056,0.019,0.085,0.051,0.077,0.0,0.071,0.024
4066,2024,5220195,Rod Gibbs,TE,South Alabama,SBC,0.015,0.031,0.0,0.0,0.048,0.0,0.0,0.05
4067,2024,5220197,Fluff Bothwell,RB,South Alabama,SBC,0.16,0.032,0.283,0.176,0.163,0.12,0.193,0.084
4068,2024,5220215,Amir McGruder,WR,UL Monroe,SBC,0.018,0.04,0.0,0.0,0.027,0.037,0.029,0.0
4069,2024,5220219,Wesley Campbell VI,TE,UL Monroe,SBC,0.026,0.078,0.0,0.02,0.014,0.041,0.02,0.038
4070,2024,5220222,Javon Campbell,WR,UL Monroe,SBC,0.034,0.091,0.0,0.042,0.027,0.035,0.031,0.039
4071,2024,5220253,James Jones,RB,UL Monroe,SBC,0.14,0.019,0.208,0.188,0.153,0.053,0.168,0.085
4072,2024,5220254,Ozarrio Smith,RB,UL Monroe,SBC,0.08,0.0,0.182,0.1,0.118,0.0,0.103,0.048
4073,2024,5220333,Trae Swartz,TE,Troy,SBC,0.027,0.056,0.0,0.0,0.042,0.032,0.01,0.067
4074,2024,5220333,Trae Swartz,TE,Troy,,0.027,0.056,0.0,0.0,0.042,0.032,0.01,0.067
4075,2024,5220340,Omiri Wiggins,RB,Louisiana Tech,CUSA,0.145,0.052,0.24,0.154,0.146,0.142,0.158,0.118
4076,2024,5220352,Hunter Tipton,TE,Louisiana Tech,CUSA,0.028,0.043,0.01,0.0,0.059,0.04,0.02,0.043
4077,2024,5220390,Evan Poticher,TE,Middle Tennessee,CUSA,0.031,0.051,0.0,0.024,0.065,0.0,0.031,0.032
4078,2024,5220423,Michael Phoenix II,WR,Sam Houston,CUSA,0.033,0.058,0.014,0.038,0.029,0.031,0.033,0.032
4079,2024,5220424,Hunter Watson,QB,Sam Houston,CUSA,0.534,0.845,0.304,0.481,0.476,0.73,0.491,0.631
4080,2024,5220470,Myles Slade,QB,Navy,AAC,0.017,0.111,0.0,0.0,0.053,0.0,0.023,0.0
4081,2024,5220473,Jackson Gutierrez,QB,Navy,AAC,0.07,0.05,0.078,0.103,0.042,0.063,0.093,0.0
4082,2024,5220474,Mikey Pearson II,RB,Navy,AAC,0.029,0.0,0.039,0.0,0.087,0.0,0.036,0.0
4083,2024,5220545,Trey Olsen,WR,Wyoming,MWC,0.014,0.025,0.0,0.03,0.0,0.0,0.02,0.0
4084,2024,5220614,Jacob Stewart,TE,San José State,MWC,0.045,0.068,0.004,0.049,0.04,0.043,0.05,0.035
4085,2024,5220665,Nick Floyd,RB,Utah State,MWC,0.063,0.0,0.119,0.053,0.125,0.0,0.07,0.043
4086,2024,5220666,Derrick Jameson,RB,Utah State,MWC,0.053,0.0,0.099,0.065,0.031,0.052,0.057,0.041
4087,2024,5220671,Herschel Turner,RB,Utah State,MWC,0.115,0.028,0.218,0.138,0.102,0.09,0.127,0.087
4088,2024,5220680,Ted Hurst,WR,Georgia State,SBC,0.071,0.123,0.0,0.053,0.095,0.076,0.048,0.116
4089,2024,5220681,Petey Tucker,WR,Georgia State,SBC,0.042,0.072,0.0,0.039,0.053,0.027,0.042,0.04
4090,2024,5220683,Phoenix Moss,RB,Georgia State,SBC,0.032,0.0,0.091,0.08,0.0,0.0,0.053,0.0
4091,2024,5220697,Keron Milton,WR,Georgia State,SBC,0.016,0.027,0.0,0.0,0.05,0.0,0.024,0.0
4092,2024,5220780,Jahrique Lowe,WR,New Mexico State,CUSA,0.015,0.036,0.0,0.0,0.0,0.077,0.0,0.048
4093,2024,5220782,Brandon Nunez,QB,New Mexico State,CUSA,0.166,0.263,0.111,0.112,0.2,0.203,0.143,0.219
4094,2024,5220783,Parker Awad,QB,New Mexico State,CUSA,0.441,0.806,0.157,0.358,0.417,0.604,0.354,0.595
4095,2024,5220785,TJ Pride,WR,New Mexico State,CUSA,0.046,0.094,0.012,0.025,0.066,0.06,0.037,0.064
4096,2024,5221043,Walker Lyons,TE,USC,B1G,0.024,0.043,0.0,0.032,0.0,0.051,0.032,0.0
4097,2024,5221058,Damon Sisa,RB,Arkansas State,SBC,0.018,0.0,0.033,0.043,0.0,0.0,0.028,0.0
4098,2024,5221074,Tray Taylor,WR,Coastal Carolina,SBC,0.041,0.073,0.018,0.042,0.057,0.009,0.04,0.043
4099,2024,5221078,Alex Walker,QB,Coastal Carolina,SBC,0.017,0.037,0.0,0.0,0.0,0.071,0.0,0.043
4100,2024,5221079,Cameron Wright,WR,Coastal Carolina,SBC,0.028,0.064,0.0,0.022,0.038,0.032,0.028,0.029
4101,2024,5221081,Matt Pack Jr.,RB,Coastal Carolina,SBC,0.07,0.0,0.117,0.085,0.071,0.042,0.103,0.0
4102,2024,5221381,Tony Freeman,WR,Washington State,PAC,0.02,0.031,0.006,0.031,0.0,0.03,0.02,0.019
4103,2024,5221569,Lucas Scheerhorn,QB,Kennesaw State,CUSA,0.044,0.094,0.0,0.032,0.087,0.0,0.022,0.091
4104,2024,5222190,Joseph Hagman,RB,Baylor,B12,0.031,0.0,0.05,0.034,0.045,0.0,0.032,0.026
4105,2024,5222221,Tank Hawkins,WR,Florida,SEC,0.052,0.087,0.024,0.07,0.042,0.032,0.065,0.022
4106,2024,5222223,KD Daniels,RB,Florida,SEC,0.06,0.0,0.107,0.054,0.063,0.05,0.075,0.019
4107,2024,5222380,Conner Muldowney,TE,Kent State,MAC,0.021,0.039,0.0,0.0,0.051,0.028,0.008,0.042
4108,2024,5222386,Jay Jay Etheridge,WR,Kent State,MAC,0.045,0.096,0.0,0.028,0.055,0.074,0.034,0.063
4109,2024,5222394,Dashawn Martin,WR,Kent State,MAC,0.036,0.067,0.0,0.009,0.052,0.058,0.013,0.073
4110,2024,5222398,Ruel Tomlinson,QB,Kent State,MAC,0.289,0.438,0.173,0.2,0.319,0.4,0.25,0.343
4111,2024,5222689,John Montague,WR,Boston College,ACC,0.017,0.024,0.011,0.02,0.013,0.019,0.012,0.026
4112,2024,5222752,Drew Wagner,WR,Northwestern,B1G,0.022,0.033,0.0,0.0,0.022,0.061,0.011,0.043
4113,2024,5222761,Jamarion McDougle,WR,Ball State,MAC,0.042,0.06,0.0,0.067,0.0,0.059,0.043,0.04
4114,2024,5223107,Quentin Hayes,QB,Air Force,MWC,0.316,0.739,0.253,0.225,0.271,0.504,0.268,0.462
4115,2024,5223108,Josh Johnson,QB,Air Force,MWC,0.073,0.134,0.053,0.063,0.048,0.1,0.063,0.093
4116,2024,5223112,Kemper Hodges,FB,Air Force,MWC,0.048,0.0,0.059,0.057,0.023,0.065,0.053,0.034
4117,2024,5223119,Owen Allen,RB,Air Force,MWC,0.127,0.0,0.146,0.171,0.135,0.06,0.158,0.033
4118,2024,5223121,Roman Bradley,FB,Air Force,MWC,0.163,0.0,0.206,0.196,0.19,0.121,0.188,0.114
4119,2024,5223131,Rocco Conti,RB,Air Force,MWC,0.041,0.0,0.053,0.014,0.113,0.0,0.037,0.052
4120,2024,5223167,Will Henderson III,RB,UTSA,AAC,0.052,0.025,0.086,0.067,0.041,0.036,0.07,0.022
4121,2024,5223178,Elliott Brow,WR,UTSA,AAC,0.018,0.033,0.0,0.038,0.0,0.0,0.028,0.0
4122,2024,5223892,Jaylen Garrison,WR,Eastern Washington,,0.016,0.032,0.0,0.0,0.0,0.077,0.0,0.05
4123,2024,5224237,Whitt Newbauer,QB,Mercer,,0.375,0.744,0.072,0.227,0.442,0.59,0.266,0.589
4124,2024,5224762,Braden Streeter,QB,Delaware,,0.077,0.113,0.05,0.079,0.065,0.103,0.082,0.063
4125,2024,5224764,Sean Wilson,WR,Delaware,,0.027,0.057,0.0,0.032,0.042,0.0,0.035,0.0
4126,2024,5224783,Matt McKinley,WR,Delaware,,0.013,0.013,0.013,0.014,0.021,0.0,0.009,0.024
4127,2024,5224784,Declan O'Brien,WR,Delaware,,0.014,0.029,0.0,0.0,0.042,0.0,0.0,0.059
4128,2024,5225249,Jarvis Rush,WR,Akron,MAC,0.024,0.041,0.0,0.027,0.023,0.023,0.023,0.026
4129,2024,5225416,Tay Lanier,WR,Northern Arizona,,0.041,0.086,0.0,0.05,0.031,0.04,0.042,0.038
4130,2024,5225641,Carlos Anaya,TE,Wofford,,0.023,0.049,0.0,0.0,0.061,0.024,0.027,0.014
4131,2024,5225740,Tristan Smith,WR,Southeast Missouri State,,0.117,0.169,0.008,0.105,0.128,0.112,0.108,0.135
4132,2024,5226453,Brennan Ridley,WR,Hampton,,0.065,0.164,0.002,0.061,0.062,0.083,0.057,0.086
4133,2024,5227018,Mekhi Nelson,RB,Nebraska,B1G,0.012,0.0,0.022,0.0,0.038,0.0,0.016,0.0
4134,2024,5227539,Cameron Barmore,TE,Mercyhurst,,0.131,0.213,0.0,0.137,0.137,0.106,0.131,0.13
4135,2024,5227998,Roman Mothershed,WR,Troy,SBC,0.034,0.065,0.012,0.046,0.04,0.0,0.045,0.0
4136,2024,5227998,Roman Mothershed,WR,Troy,,0.034,0.065,0.012,0.046,0.04,0.0,0.045,0.0
4137,2024,5228126,Ray Daly Jr.,WR,Southern Miss,SBC,0.017,0.043,0.0,0.0,0.056,0.0,0.031,0.0
4138,2024,5228646,Rod Gainey Jr.,RB,Charlotte,AAC,0.037,0.012,0.067,0.015,0.061,0.025,0.048,0.018
4139,2024,5228646,Rod Gainey Jr.,RB,Charlotte,,0.037,0.012,0.067,0.015,0.061,0.025,0.048,0.018
4140,2024,5228761,Max Rodarte,WR,Ohio,MAC,0.018,0.053,0.0,0.021,0.015,0.014,0.014,0.027
4141,2024,5228762,Nick Poulos,QB,Ohio,MAC,0.202,0.354,0.104,0.173,0.189,0.299,0.144,0.353
4142,2024,5229489,JaVonnie Gibson,WR,Arkansas-Pine Bluff,,0.12,0.231,0.0,0.111,0.135,0.131,0.111,0.136
4143,2024,5230762,Amani Givens,RB,Louisiana Tech,CUSA,0.14,0.031,0.242,0.177,0.159,0.061,0.155,0.11
4144,2024,5231354,Caden High,WR,South Carolina State,,0.107,0.184,0.03,0.088,0.088,0.181,0.09,0.142
4145,2024,5232343,Reginald Vick Jr,WR,Virginia Union,,0.022,0.059,0.0,0.056,0.0,0.0,0.036,0.0
4146,2024,5233180,Jacob Walker,RB,North Greenville,,0.197,0.0,0.333,0.346,0.048,0.125,0.286,0.042
4147,2024,5235634,Mike Franklin,RB,Jacksonville State,CUSA,0.04,0.0,0.063,0.052,0.047,0.0,0.054,0.0
