,season,week,seasonType,id,name,position,team,opponent,averagePPA.all,averagePPA.pass,averagePPA.rush
0,2024,1,postseason,4431210,Beaux Collins,WR,Notre Dame,Georgia,0.862,0.862,
1,2024,1,postseason,4567545,Jayden Harrison,WR,Notre Dame,Georgia,-0.338,-0.338,
2,2024,1,postseason,4683243,Mitchell Evans,TE,Notre Dame,Georgia,0.699,0.699,
3,2024,1,regular,4428527,Dalvin Smith,WR,Western Kentucky,Alabama,-0.389,-0.389,
4,2024,1,regular,4431948,TJ Finley,QB,Western Kentucky,Alabama,-0.168,-0.152,-0.255
5,2024,1,regular,4432734,Jalen Milroe,QB,Alabama,Western Kentucky,1.35,2.121,0.655
6,2024,1,regular,4433945,Elijah Young,RB,Western Kentucky,Alabama,-0.198,0.348,-0.471
7,2024,1,regular,4596545,C.J. Dippre,TE,Alabama,Western Kentucky,0.776,0.776,
8,2024,1,regular,4685261,Germie Bernard,WR,Alabama,Western Kentucky,2.586,2.586,
9,2024,1,regular,4685381,Emmanuel Henderson Jr.,WR,Alabama,Western Kentucky,0.172,0.172,
10,2024,1,regular,4685441,Kendrick Law,WR,Alabama,Western Kentucky,1.178,1.561,0.413
11,2024,1,regular,4685477,Jamarion Miller,RB,Alabama,Western Kentucky,0.181,-1.162,0.449
12,2024,1,regular,4685522,Ty Simpson,QB,Alabama,Western Kentucky,0.696,0.403,2.015
13,2024,1,regular,4686145,Bryce Childress,WR,Western Kentucky,Alabama,-0.302,-0.302,
14,2024,1,regular,4693881,Kisean Johnson,WR,Western Kentucky,Alabama,-0.141,-0.141,
15,2024,1,regular,4698179,River Helms,TE,Western Kentucky,Alabama,0.279,0.279,
16,2024,1,regular,4705859,K.D. Hutchinson,WR,Western Kentucky,Alabama,0.863,0.863,
17,2024,1,regular,4869965,Kobe Prentice,WR,Alabama,Western Kentucky,0.542,0.542,
18,2024,1,regular,4869991,Caden Veltkamp,QB,Western Kentucky,Alabama,-0.237,-0.198,-0.354
19,2024,1,regular,4870760,Justice Haynes,RB,Alabama,Western Kentucky,1.635,,1.635
20,2024,1,regular,4870900,Dylan Lonergan,QB,Alabama,Western Kentucky,2.377,,2.377
21,2024,1,regular,4871081,Richard Young,RB,Alabama,Western Kentucky,-0.237,-0.703,-0.16
22,2024,1,regular,4875267,George Hart III,RB,Western Kentucky,Alabama,-0.309,-0.162,-0.383
23,2024,1,regular,4876132,Josh Cuevas,TE,Alabama,Western Kentucky,0.86,0.86,
24,2024,1,regular,4914830,Easton Messer,WR,Western Kentucky,Alabama,-0.338,-0.221,-0.687
25,2024,1,regular,5079506,Daniel Hill,RB,Alabama,Western Kentucky,0.06,,0.06
26,2024,1,regular,5079647,Caleb Odom,WR,Alabama,Western Kentucky,0.915,0.915,
27,2024,1,regular,5085434,LT Sanders,RB,Western Kentucky,Alabama,-0.367,-0.082,-0.509
28,2024,1,regular,5095915,Moussa Barry,WR,Western Kentucky,Alabama,0.082,0.082,
29,2024,1,regular,5110500,Kevin Riley,RB,Alabama,Western Kentucky,0.08,,0.08
30,2024,1,regular,5141711,Ryan Williams,WR,Alabama,Western Kentucky,6.369,6.369,
31,2024,1,regular,3116099,Monte Harrison,WR,Arkansas,Arkansas-Pine Bluff,1.119,1.119,
32,2024,1,regular,4427331,Khafre Brown,WR,Arkansas,Arkansas-Pine Bluff,1.836,1.836,
33,2024,1,regular,4429313,Tyrone Broden Jr.,WR,Arkansas,Arkansas-Pine Bluff,1.632,1.632,
34,2024,1,regular,4431325,Taylen Green,QB,Arkansas,Arkansas-Pine Bluff,0.781,0.648,1.29
35,2024,1,regular,4685374,Rodney Hill,RB,Arkansas,Arkansas-Pine Bluff,0.571,0.37,0.671
36,2024,1,regular,4690972,Ja'Quinden Jackson,RB,Arkansas,Arkansas-Pine Bluff,1.102,0.435,1.269
37,2024,1,regular,4708090,Aramoni Rhone,WR,Arkansas-Pine Bluff,Arkansas,2.837,2.837,
38,2024,1,regular,4717724,Rashod Dubinion,RB,Arkansas,Arkansas-Pine Bluff,0.217,0.502,0.027
39,2024,1,regular,4837392,Ty Washington,TE,Arkansas,Arkansas-Pine Bluff,2.664,2.664,
40,2024,1,regular,4870709,Shamar Easter,TE,Arkansas,Arkansas-Pine Bluff,1.507,1.507,
41,2024,1,regular,4870797,Luke Hasz,TE,Arkansas,Arkansas-Pine Bluff,1.213,1.213,
42,2024,1,regular,4870999,Malachi Singleton,QB,Arkansas,Arkansas-Pine Bluff,0.828,0.786,1.034
43,2024,1,regular,4873168,Jordan Anthony,WR,Arkansas,Arkansas-Pine Bluff,1.334,1.334,
44,2024,1,regular,4884087,Daemon Dawkins,WR,Arkansas-Pine Bluff,Arkansas,-0.386,-0.386,
45,2024,1,regular,4884105,Kevin English,WR,Arkansas-Pine Bluff,Arkansas,-0.296,-0.296,
46,2024,1,regular,5079516,KJ Jackson,QB,Arkansas,Arkansas-Pine Bluff,0.789,1.077,-0.364
47,2024,1,regular,5079589,Braylen Russell,RB,Arkansas,Arkansas-Pine Bluff,1.008,,1.008
48,2024,1,regular,5080703,Isaiah Sategna,WR,Arkansas,Arkansas-Pine Bluff,1.491,1.491,
49,2024,1,regular,5080819,Davion Dozier,WR,Arkansas,Arkansas-Pine Bluff,2.162,2.162,
50,2024,1,regular,5082009,Donovan Giles,WR,Arkansas-Pine Bluff,Arkansas,2.844,2.844,
51,2024,1,regular,5084305,Mekhi Hagens,QB,Arkansas-Pine Bluff,Arkansas,0.075,0.112,-0.126
52,2024,1,regular,5084317,Johness Davis,RB,Arkansas-Pine Bluff,Arkansas,-0.798,,-0.798
53,2024,1,regular,5099744,Jaxson Isaac,TE,Arkansas-Pine Bluff,Arkansas,1.89,1.89,
54,2024,1,regular,5121763,Za'Marion Webber,RB,Arkansas-Pine Bluff,Arkansas,-1.005,,-1.005
55,2024,1,regular,5123663,Isaac Teslaa,WR,Arkansas,Arkansas-Pine Bluff,1.167,1.167,
56,2024,1,regular,5193351,Krosse Johnson,WR,Arkansas,Arkansas-Pine Bluff,0.572,0.572,
57,2024,1,regular,5218700,Tyrell Reed Jr.,RB,Arkansas,Arkansas-Pine Bluff,0.57,,0.57
58,2024,1,regular,5229489,JaVonnie Gibson,WR,Arkansas-Pine Bluff,Arkansas,1.348,1.348,
59,2024,1,regular,4360435,Jacolby Hewitt,WR,Alabama A&M,Auburn,0.441,0.441,
60,2024,1,regular,4429870,Keenan Hambrick,WR,Alabama A&M,Auburn,2.235,2.235,
61,2024,1,regular,4430590,Payton Thorne,QB,Auburn,Alabama A&M,1.113,1.043,1.464
62,2024,1,regular,4430870,Keandre Lambert,WR,Auburn,Alabama A&M,4.063,4.063,
63,2024,1,regular,4432797,Sean Jackson,RB,Auburn,Alabama A&M,-0.034,,-0.034
64,2024,1,regular,4568411,Cornelious Brown,QB,Alabama A&M,Auburn,0.047,0.272,-0.82
65,2024,1,regular,4697122,Gaston Moore,QB,Tennessee,Chattanooga,-0.69,-0.69,
66,2024,1,regular,4870683,Ethan Davis,TE,Tennessee,Chattanooga,1.6,1.6,
67,2024,1,regular,4870799,Nico Iamaleava,QB,Tennessee,Chattanooga,0.827,0.937,-0.053
68,2024,1,regular,4870941,Cameron Seldon,RB,Tennessee,Chattanooga,0.152,,0.152
69,2024,1,regular,4877021,Javin Whatley,WR,Chattanooga,Tennessee,2.078,2.078,
70,2024,1,regular,4877024,Sam Phillips,WR,Chattanooga,Tennessee,0.707,0.707,
71,2024,1,regular,4920140,Nathan Leacock,WR,Tennessee,Chattanooga,1.506,1.506,
72,2024,1,regular,4921108,DeSean Bishop,RB,Tennessee,Chattanooga,0.765,1.669,0.585
73,2024,1,regular,5078917,Khalifa Keith,RB,Tennessee,Chattanooga,0.512,,0.512
74,2024,1,regular,5079531,Jake Merklinger,QB,Tennessee,Chattanooga,-0.012,0.315,-0.668
75,2024,1,regular,5081368,Squirrel White,WR,Tennessee,Chattanooga,1.188,1.188,
76,2024,1,regular,5081397,Dylan Sampson,RB,Tennessee,Chattanooga,1.025,1.613,0.976
77,2024,1,regular,5088159,Chris Domercant,WR,Chattanooga,Tennessee,2.838,2.838,
78,2024,1,regular,5091739,Chris Brazzell II,WR,Tennessee,Chattanooga,1.148,1.148,
79,2024,1,regular,5119434,Trey Weary,WR,Tennessee,Chattanooga,0.536,0.536,
80,2024,1,regular,5122553,Peyton Lewis,RB,Tennessee,Chattanooga,-0.156,,-0.156
81,2024,1,regular,4568075,Juan Davis,TE,Texas,Colorado State,0.239,0.239,
82,2024,1,regular,4572525,Kobe Johnson,RB,Colorado State,Texas,-0.683,,-0.683
83,2024,1,regular,4589233,Dylan Goffney,WR,Colorado State,Texas,-0.009,-0.009,
84,2024,1,regular,4590532,Silas Bolden,WR,Texas,Colorado State,2.762,2.762,
85,2024,1,regular,4597703,Tory Horton,WR,Colorado State,Texas,0.553,0.553,
86,2024,1,regular,4608853,Peter Montini,TE,Colorado State,Texas,-0.142,-0.142,
87,2024,1,regular,4685279,Jaydon Blue,RB,Texas,Colorado State,0.274,0.781,0.089
88,2024,1,regular,4685601,Armani Winfield,WR,Colorado State,Texas,1.686,1.686,
89,2024,1,regular,4686728,Gunnar Helm,TE,Texas,Colorado State,0.909,0.909,
90,2024,1,regular,4701936,Matthew Golden,WR,Texas,Colorado State,2.414,2.414,
91,2024,1,regular,4808839,Isaiah Bond,WR,Texas,Colorado State,0.937,0.755,2.216
92,2024,1,regular,4833597,Brayden Fowler-Nicolosi,QB,Colorado State,Texas,-0.027,-0.027,
93,2024,1,regular,4869534,Amari Niblack,TE,Texas,Colorado State,0.363,0.363,
94,2024,1,regular,4870656,Johntay Cook II,WR,Texas,Colorado State,0.676,0.676,
95,2024,1,regular,4870906,Arch Manning,QB,Texas,Colorado State,0.921,1.096,0.571
96,2024,1,regular,4871076,Tre Wisner,RB,Texas,Colorado State,0.63,2.159,0.324
97,2024,1,regular,4889929,Quinn Ewers,QB,Texas,Colorado State,0.54,0.54,
98,2024,1,regular,5054036,Jackson Brousseau,QB,Colorado State,Texas,-0.441,-0.633,0.711
99,2024,1,regular,5078251,Justin Marshall,RB,Colorado State,Texas,-0.041,-0.055,-0.04
100,2024,1,regular,5079410,Jerrick Gibson,RB,Texas,Colorado State,0.403,,0.403
101,2024,1,regular,5079585,Jordan Ross,WR,Colorado State,Texas,1.401,1.401,
102,2024,1,regular,5081966,Colin Page,RB,Texas,Colorado State,-0.469,,-0.469
103,2024,1,regular,5082253,Keegan Holles,RB,Colorado State,Texas,0.142,0.061,0.222
104,2024,1,regular,5151382,Vince Brown II,TE,Colorado State,Texas,0.342,0.342,
105,2024,1,regular,5218633,Ryan Wingo,WR,Texas,Colorado State,1.608,1.608,
106,2024,1,regular,4426420,Devyn Ford,RB,Notre Dame,Texas A&M,-1.001,-1.001,
107,2024,1,regular,4428025,Kris Mitchell,WR,Notre Dame,Texas A&M,1.73,1.73,
108,2024,1,regular,4430825,E.J. Smith,RB,Texas A&M,Notre Dame,-0.226,-0.516,-0.154
109,2024,1,regular,4431210,Beaux Collins,WR,Notre Dame,Texas A&M,1.343,1.343,
110,2024,1,regular,4431600,Jayden Thomas,WR,Notre Dame,Texas A&M,1.288,1.288,
111,2024,1,regular,4567545,Jayden Harrison,WR,Notre Dame,Texas A&M,-0.521,-0.521,
112,2024,1,regular,4683423,Riley Leonard,QB,Notre Dame,Texas A&M,0.2,0.182,0.245
113,2024,1,regular,4685470,Le'Veon Moss,RB,Texas A&M,Notre Dame,0.048,-0.148,0.078
114,2024,1,regular,4685512,Jadarian Price,RB,Notre Dame,Texas A&M,-0.134,,-0.134
115,2024,1,regular,4685574,Conner Weigman,QB,Texas A&M,Notre Dame,-0.092,-0.209,0.511
116,2024,1,regular,4685784,Tre Watson,TE,Texas A&M,Notre Dame,0.676,0.676,
117,2024,1,regular,4718457,Noah Thomas,WR,Texas A&M,Notre Dame,1.092,1.092,
118,2024,1,regular,4870733,Cooper Flanagan,TE,Notre Dame,Texas A&M,1.545,1.545,
119,2024,1,regular,4870768,Jaden Greathouse,WR,Notre Dame,Texas A&M,0.878,0.878,
120,2024,1,regular,4870808,Jeremiyah Love,RB,Notre Dame,Texas A&M,0.166,-0.296,0.199
121,2024,1,regular,4879611,Amari Daniels,RB,Texas A&M,Notre Dame,0.458,,0.458
122,2024,1,regular,4912218,Cyrus Allen,WR,Texas A&M,Notre Dame,0.641,0.641,
123,2024,1,regular,5079326,Terry Bussey,WR,Texas A&M,Notre Dame,-0.347,,-0.347
124,2024,1,regular,5150424,Jordan Faison,WR,Notre Dame,Texas A&M,0.33,0.33,
125,2024,1,regular,5160110,Jahdae Walker,WR,Texas A&M,Notre Dame,0.351,0.35,0.353
126,2024,1,regular,4427601,Ali Jennings,WR,Virginia Tech,Vanderbilt,2.482,2.482,
127,2024,1,regular,4428439,Collin Schlee,QB,Virginia Tech,Vanderbilt,-1.327,-2.08,0.178
128,2024,1,regular,4429773,Loic Fouonji,WR,Vanderbilt,Virginia Tech,1.159,1.159,
129,2024,1,regular,4431574,Eli Stowers,TE,Vanderbilt,Virginia Tech,0.9,1.255,-0.164
130,2024,1,regular,4432215,Stephen Gosnell,WR,Virginia Tech,Vanderbilt,0.871,0.871,
131,2024,1,regular,4572380,Quincy Skinner Jr.,WR,Vanderbilt,Virginia Tech,1.45,1.45,
132,2024,1,regular,4575348,Da'Quan Felton,WR,Virginia Tech,Vanderbilt,-0.882,-0.882,
133,2024,1,regular,4602667,Jaylin Lane,WR,Virginia Tech,Vanderbilt,0.791,0.971,-0.288
134,2024,1,regular,4678010,Kyron Drones,QB,Virginia Tech,Vanderbilt,0.461,0.549,0.217
135,2024,1,regular,4685366,Benji Gosnell,TE,Virginia Tech,Vanderbilt,0.702,0.702,
136,2024,1,regular,4686223,Malachi Thomas,RB,Virginia Tech,Vanderbilt,-0.047,0.032,-0.127
137,2024,1,regular,4877627,Chase Gillespie,RB,Vanderbilt,Virginia Tech,-0.075,,-0.075
138,2024,1,regular,4882093,Bhayshul Tuten,RB,Virginia Tech,Vanderbilt,0.222,0.823,-0.178
139,2024,1,regular,4917981,AJ Newberry,RB,Vanderbilt,Virginia Tech,-0.6,,-0.6
140,2024,1,regular,4922987,Takye Heath,WR,Virginia Tech,Vanderbilt,0.132,,0.132
141,2024,1,regular,5030333,Sedrick Alexander,RB,Vanderbilt,Virginia Tech,0.181,1.595,0.015
142,2024,1,regular,5078165,Junior Sherrill,WR,Vanderbilt,Virginia Tech,0.382,0.79,-1.249
143,2024,1,regular,5084178,Jamoni Jones,RB,Vanderbilt,Virginia Tech,-0.251,,-0.251
144,2024,1,regular,5084180,Diego Pavia,QB,Vanderbilt,Virginia Tech,0.494,0.918,0.176
145,2024,1,regular,4426333,John Emery Jr.,RB,LSU,USC,0.19,1.04,0.105
146,2024,1,regular,4426357,Kyle Ford,WR,USC,LSU,0.723,0.723,
147,2024,1,regular,4429059,Jo'quavious Marks,RB,USC,LSU,0.005,0.202,-0.032
148,2024,1,regular,4431219,Kyren Lacy,WR,LSU,USC,0.969,0.969,
149,2024,1,regular,4431580,Miller Moss,QB,USC,LSU,0.584,0.584,
150,2024,1,regular,4432784,Kyron Ware-Hudson,WR,USC,LSU,0.696,0.696,
151,2024,1,regular,4566198,Lake McRee,TE,USC,LSU,0.658,0.658,
152,2024,1,regular,4567747,Garrett Nussmeier,QB,LSU,USC,0.462,0.462,
153,2024,1,regular,4568024,Josh Williams,RB,LSU,USC,-0.175,-0.287,-0.162
154,2024,1,regular,4605951,C.J. Daniels,WR,LSU,USC,-0.953,-0.953,
155,2024,1,regular,4691138,Aaron Anderson,WR,LSU,USC,1.181,1.181,
156,2024,1,regular,4808766,Mason Taylor,TE,LSU,USC,0.252,0.252,
157,2024,1,regular,4869748,Zavion Thomas,WR,LSU,USC,0.502,0.645,0.072
158,2024,1,regular,4870612,Zachariah Branch,WR,USC,LSU,1.023,1.023,
159,2024,1,regular,4870795,Makai Lemon,WR,USC,LSU,0.0,0.0,
160,2024,1,regular,4870839,Kaleb Jackson,RB,LSU,USC,-0.133,0.917,-0.308
161,2024,1,regular,4870847,Ja'Kobi Lane,WR,USC,LSU,1.697,1.697,
162,2024,1,regular,4870922,Duce Robinson,WR,USC,LSU,0.787,0.787,
163,2024,1,regular,4900640,Kyle Parker,WR,LSU,USC,0.094,0.094,
164,2024,1,regular,4917949,Quinten Joyner,RB,USC,LSU,-0.019,-0.149,0.014
165,2024,1,regular,5077668,Kade Eldridge,TE,USC,LSU,0.2,0.2,
166,2024,1,regular,5084293,Ka'Morreun Pimpton,TE,LSU,USC,0.867,0.867,
167,2024,1,regular,4426484,Marcus Major,RB,Minnesota,North Carolina,-0.001,0.278,-0.015
168,2024,1,regular,4426635,Darwin Barlow,RB,North Carolina,Minnesota,-0.22,0.108,-0.548
169,2024,1,regular,4430875,Daniel Jackson,WR,Minnesota,North Carolina,0.894,1.156,-0.152
170,2024,1,regular,4432387,Nate Mccollum,WR,North Carolina,Minnesota,0.006,-0.686,0.698
171,2024,1,regular,4569547,Nick Kallerup,TE,Minnesota,North Carolina,0.354,0.354,
172,2024,1,regular,4572267,Elijah Spencer,WR,Minnesota,North Carolina,0.965,0.965,
173,2024,1,regular,4573398,Max Brosmer,QB,Minnesota,North Carolina,0.224,0.104,0.843
174,2024,1,regular,4588298,Jameson Geers,TE,Minnesota,North Carolina,0.886,0.886,
175,2024,1,regular,4596010,Lemeke Brockington,WR,Minnesota,North Carolina,0.966,,0.966
176,2024,1,regular,4596596,J.J. Jones,WR,North Carolina,Minnesota,1.634,1.634,
177,2024,1,regular,4602969,Bryson Nesbit,TE,North Carolina,Minnesota,1.113,1.113,
178,2024,1,regular,4685342,Cristian Driver,WR,Minnesota,North Carolina,-0.155,-0.386,0.076
179,2024,1,regular,4685382,Omarion Hampton,RB,North Carolina,Minnesota,0.025,-0.198,0.062
180,2024,1,regular,4685414,Jake Johnson,TE,North Carolina,Minnesota,0.529,0.529,
181,2024,1,regular,4685740,Max Johnson,QB,North Carolina,Minnesota,-0.032,-0.241,1.065
182,2024,1,regular,4801306,Conner Harrell,QB,North Carolina,Minnesota,-0.485,-0.085,-1.018
183,2024,1,regular,4870739,Christian Hamilton,WR,North Carolina,Minnesota,-0.415,-0.415,
184,2024,1,regular,4875385,Jordan Nubin,RB,Minnesota,North Carolina,0.799,1.376,0.221
185,2024,1,regular,4367069,Ty Son Lawton,RB,Indiana,Florida International,0.215,-0.34,0.25
186,2024,1,regular,4427648,Lexington Joseph,RB,Florida International,Indiana,-0.302,-0.078,-0.471
187,2024,1,regular,4429618,Justice Ellison,RB,Indiana,Florida International,0.444,2.392,0.249
188,2024,1,regular,4430166,Josiah Miamen,TE,Florida International,Indiana,0.096,0.096,
189,2024,1,regular,4430431,Kurtis Rourke,QB,Indiana,Florida International,0.322,0.423,-0.334
190,2024,1,regular,4430656,Myles Price,WR,Indiana,Florida International,0.908,1.0,0.541
191,2024,1,regular,4431304,Kejon Owens,RB,Florida International,Indiana,0.487,1.038,0.396
192,2024,1,regular,4596347,Donaven McCulley,WR,Indiana,Florida International,2.291,2.291,
193,2024,1,regular,4685230,Miles Cross,WR,Indiana,Florida International,4.314,4.314,
194,2024,1,regular,4688817,Elijah Green,RB,Indiana,Florida International,1.674,,1.674
195,2024,1,regular,4695787,Shomari Lawrence,RB,Florida International,Indiana,-0.268,,-0.268
196,2024,1,regular,4696044,Kaelon Black,RB,Indiana,Florida International,0.479,,0.479
197,2024,1,regular,4713277,Eric Rivers,WR,Florida International,Indiana,0.564,0.564,
198,2024,1,regular,4723820,Omar Cooper Jr.,WR,Indiana,Florida International,1.167,1.167,
199,2024,1,regular,4837469,Amari Jones,QB,Florida International,Indiana,0.032,,0.032
200,2024,1,regular,4875613,Dean Patterson,WR,Florida International,Indiana,0.282,0.282,
201,2024,1,regular,4877014,Nazeviah Burris,WR,Florida International,Indiana,0.047,1.412,-1.317
202,2024,1,regular,4877824,Zach Horton,TE,Indiana,Florida International,1.256,1.256,
203,2024,1,regular,4907786,Rocky Beers,TE,Florida International,Indiana,0.642,0.642,
204,2024,1,regular,5078402,Shaborne Demps,WR,Florida International,Indiana,-0.114,,-0.114
205,2024,1,regular,5085337,Keyone Jenkins,QB,Florida International,Indiana,-0.012,0.02,-0.157
206,2024,1,regular,5088338,Elijah Sarratt,WR,Indiana,Florida International,0.326,0.326,
207,2024,1,regular,5151599,D.J. Washington,WR,Florida International,Indiana,1.622,1.622,
208,2024,1,regular,4427455,Cade McNamara,QB,Iowa,Illinois State,0.674,0.684,0.528
209,2024,1,regular,4429253,Mitch Bartol,TE,Illinois State,Iowa,-0.064,-0.064,
210,2024,1,regular,4431485,Leshon Williams,RB,Iowa,Illinois State,-0.29,0.227,-0.377
211,2024,1,regular,4431535,Jake Rubley,QB,Illinois State,Iowa,-0.322,-0.363,-0.038
212,2024,1,regular,4432338,Luke Lachey,TE,Iowa,Illinois State,1.256,1.256,
213,2024,1,regular,4602966,Jacob Gill,WR,Iowa,Illinois State,1.38,1.768,0.218
214,2024,1,regular,4696027,Javon Charles,TE,Illinois State,Iowa,-0.424,-0.424,
215,2024,1,regular,4819231,Kaleb Johnson,RB,Iowa,Illinois State,0.651,0.774,0.64
216,2024,1,regular,4873456,Addison Ostrenga,TE,Iowa,Illinois State,0.609,0.609,
217,2024,1,regular,4873475,Max White,RB,Iowa,Illinois State,-0.109,,-0.109
218,2024,1,regular,4874510,Xavier Loyd,WR,Illinois State,Iowa,1.041,1.041,
219,2024,1,regular,4878284,Tommy Rittenhouse,QB,Illinois State,Iowa,-0.171,-0.264,0.391
220,2024,1,regular,4878290,Wenkers Wright,RB,Illinois State,Iowa,-0.069,,-0.069
221,2024,1,regular,4878293,Daniel Sobkowicz,WR,Illinois State,Iowa,2.045,2.045,
222,2024,1,regular,4950379,Zach Ortwerth,TE,Iowa,Illinois State,2.208,2.208,
223,2024,1,regular,5076584,Terrell Washington Jr.,RB,Iowa,Illinois State,0.84,,0.84
224,2024,1,regular,5089279,Seth Glatz,RB,Illinois State,Iowa,-0.411,,-0.411
225,2024,1,regular,5093886,Kamari Moulton,RB,Iowa,Illinois State,-0.209,,-0.209
226,2024,1,regular,5138293,Reece Vander Zee,WR,Iowa,Illinois State,1.942,1.942,
227,2024,1,regular,4429582,Joe Fagnano,QB,UConn,Maryland,0.055,0.055,
228,2024,1,regular,4430470,TJ Sheffield,WR,UConn,Maryland,1.38,1.38,
229,2024,1,regular,4431509,Kaden Prather,WR,Maryland,UConn,0.975,0.975,
230,2024,1,regular,4565185,Tai Felton,WR,Maryland,UConn,2.452,2.558,1.708
231,2024,1,regular,4569727,Louis Hansen,TE,UConn,Maryland,0.873,0.873,
232,2024,1,regular,4588200,Colby McDonald,RB,Maryland,UConn,0.003,,0.003
233,2024,1,regular,4592532,Billy Edwards,QB,Maryland,UConn,0.742,0.811,0.29
234,2024,1,regular,4683153,Skyler Bell,WR,UConn,Maryland,2.609,2.609,
235,2024,1,regular,4685416,Shaleak Knotts,WR,Maryland,UConn,-0.927,-0.927,
236,2024,1,regular,4685488,MJ Morris,QB,Maryland,UConn,-0.343,-0.434,-0.191
237,2024,1,regular,4688835,Roman Hemby,RB,Maryland,UConn,0.117,0.292,0.076
238,2024,1,regular,4710843,Jasaiah Gathings,WR,UConn,Maryland,0.613,0.613,
239,2024,1,regular,4755664,Nick Evers,QB,UConn,Maryland,-0.197,-0.216,-0.109
240,2024,1,regular,4869520,Octavian Smith Jr.,WR,Maryland,UConn,1.021,1.021,
241,2024,1,regular,4870712,Cameron Edge,QB,Maryland,UConn,1.118,1.118,
242,2024,1,regular,4873234,Victor Rosa,RB,UConn,Maryland,0.091,0.604,-0.037
243,2024,1,regular,4875107,Robert Smith,WR,Maryland,UConn,0.783,0.783,
244,2024,1,regular,4894661,Durell Robinson,RB,UConn,Maryland,-0.358,-1.768,0.045
245,2024,1,regular,4921316,Nolan Ray,RB,Maryland,UConn,0.159,-0.453,0.281
246,2024,1,regular,5032961,Tucker Ashcraft,TE,Wisconsin,Western Michigan,0.489,0.489,
247,2024,1,regular,5074245,Broc Lowry,QB,Western Michigan,Wisconsin,-0.38,,-0.38
248,2024,1,regular,5077266,Trech Kekahuna,WR,Wisconsin,Western Michigan,1.4,1.4,
249,2024,1,regular,5081926,Tawee Walker,RB,Wisconsin,Western Michigan,0.38,0.028,0.427
250,2024,1,regular,5085006,Jalen Buckley,RB,Western Michigan,Wisconsin,0.481,2.655,0.346
251,2024,1,regular,4426971,Gary Cooper,WR,Bryant,Delaware,1.754,1.754,
252,2024,1,regular,4427354,Jarrett Guest,QB,Bryant,Delaware,-0.014,0.028,-0.643
253,2024,1,regular,4428806,Quincy Watson,RB,Delaware,Bryant,-0.156,,-0.156
254,2024,1,regular,4431028,Kaedric Cobbs,RB,Bryant,Delaware,0.001,,0.001
255,2024,1,regular,4576298,Keegan Wilburn,WR,Bryant,Delaware,2.082,2.082,
256,2024,1,regular,4682748,Max Patterson,WR,Delaware,Bryant,0.66,0.66,
257,2024,1,regular,4686771,Caleb Fauria,TE,Delaware,Bryant,0.373,0.373,
258,2024,1,regular,4690298,Jake Thaw,WR,Delaware,Bryant,1.06,1.06,
259,2024,1,regular,4694043,Ryan Clark,RB,Bryant,Delaware,-0.258,0.285,-0.801
260,2024,1,regular,4694066,Landon Ruggieri,WR,Bryant,Delaware,0.79,0.79,
261,2024,1,regular,4694069,Marc Taglieri Jr.,TE,Bryant,Delaware,1.701,1.701,
262,2024,1,regular,4694302,Marcus Yarns,RB,Delaware,Bryant,0.5,1.317,0.227
263,2024,1,regular,4694404,Nicholas Laboy,WR,Delaware,Bryant,1.105,1.105,
264,2024,1,regular,4876073,Fabrice Mukendi,RB,Bryant,Delaware,0.231,0.54,0.128
265,2024,1,regular,4876989,Jalyn Witcher,WR,Delaware,Bryant,0.618,0.618,
266,2024,1,regular,4879573,Carter Neuman,TE,Bryant,Delaware,0.557,0.557,
267,2024,1,regular,5086952,Jo'Nathan Silver,RB,Delaware,Bryant,1.006,,1.006
268,2024,1,regular,5086970,Ryan O'Connor,QB,Delaware,Bryant,0.328,0.328,
269,2024,1,regular,5086972,Kaelin Costello,RB,Delaware,Bryant,-0.006,,-0.006
270,2024,1,regular,5151371,Dylan Kedzior,RB,Bryant,Delaware,-0.071,2.371,-0.478
271,2024,1,regular,5153846,Nick Minicucci,QB,Delaware,Bryant,-0.614,,-0.614
272,2024,1,regular,5153852,Ja'Carree Kelly,WR,Delaware,Bryant,-0.096,-0.096,
273,2024,1,regular,5153855,Saeed St. Fleur,RB,Delaware,Bryant,1.326,,1.326
274,2024,1,regular,5153868,Phil Lutz,WR,Delaware,Bryant,2.899,2.899,
275,2024,1,regular,4428805,Connor Watkins,QB,Villanova,Youngstown State,0.33,-0.169,1.515
276,2024,1,regular,4433935,Ethan Wright,RB,Youngstown State,Villanova,0.451,1.405,0.213
277,2024,1,regular,4837194,Jaylan Sanchez,WR,Villanova,Youngstown State,1.235,0.924,1.545
278,2024,1,regular,4875727,Latrell Fordham,WR,Youngstown State,Villanova,0.945,0.945,
279,2024,1,regular,4878789,Daniel Lopes,WR,Villanova,Youngstown State,2.894,2.894,
280,2024,1,regular,4878956,Max Tomczak,WR,Youngstown State,Villanova,0.919,0.919,
281,2024,1,regular,5083295,Isaiah Wright,RB,Villanova,Youngstown State,-0.151,,-0.151
282,2024,1,regular,4426499,Hank Bachmeier,QB,Wake Forest,North Carolina A&T,0.7,0.683,1.11
283,2024,1,regular,4429620,Justin Fomby,QB,North Carolina A&T,Wake Forest,-0.335,-0.504,1.191
284,2024,1,regular,4429800,Ger-Cari Caldwell,WR,North Carolina A&T,Wake Forest,1.605,1.605,
285,2024,1,regular,4432732,Walker Merrill,WR,Wake Forest,North Carolina A&T,1.574,1.574,
286,2024,1,regular,4567031,Michael Kern,QB,Wake Forest,North Carolina A&T,-0.139,-0.042,-0.382
287,2024,1,regular,4567033,Donavon Greene,WR,Wake Forest,North Carolina A&T,2.235,2.235,
288,2024,1,regular,4567044,Taylor Morin,WR,Wake Forest,North Carolina A&T,1.595,1.595,
289,2024,1,regular,4689529,Kenji Christian,RB,North Carolina A&T,Wake Forest,0.621,,0.621
290,2024,1,regular,4711408,Horatio Fields,WR,Wake Forest,North Carolina A&T,0.725,0.725,
291,2024,1,regular,4832846,Demond Claiborne,RB,Wake Forest,North Carolina A&T,0.646,,0.646
292,2024,1,regular,4868171,Tate Carney,RB,Wake Forest,North Carolina A&T,0.314,,0.314
293,2024,1,regular,4876745,Thomas Brown,WR,North Carolina A&T,Wake Forest,1.81,1.81,
294,2024,1,regular,4882120,Jamison Warren,WR,North Carolina A&T,Wake Forest,1.857,1.857,
295,2024,1,regular,5152158,Deuce Alexander,WR,Wake Forest,North Carolina A&T,1.845,1.845,
296,2024,1,regular,5186586,Ty Clark III,RB,Wake Forest,North Carolina A&T,-0.298,,-0.298
297,2024,1,regular,4426612,Jarrad Baker,WR,UCF,New Hampshire,-0.083,-0.083,
298,2024,1,regular,4429056,Kobe Hudson,WR,UCF,New Hampshire,2.454,2.454,
299,2024,1,regular,4429287,Peny Boone,RB,UCF,New Hampshire,0.622,,0.622
300,2024,1,regular,4567149,KJ Jefferson,QB,UCF,New Hampshire,0.22,0.353,0.02
301,2024,1,regular,4567415,Trent Whittemore,WR,UCF,New Hampshire,0.403,0.403,
302,2024,1,regular,4568490,RJ Harvey,RB,UCF,New Hampshire,0.895,0.444,0.936
303,2024,1,regular,4572934,Seth Morgan,QB,New Hampshire,UCF,-0.07,-0.085,0.325
304,2024,1,regular,4573418,Isaac Seide,RB,New Hampshire,UCF,-0.262,1.518,-0.516
305,2024,1,regular,4676889,Myles Montgomery,RB,UCF,New Hampshire,0.95,3.762,0.599
306,2024,1,regular,4685291,Jacurri Brown,QB,UCF,New Hampshire,-0.346,-0.697,0.055
307,2024,1,regular,4690120,Johnny Richardson,RB,UCF,New Hampshire,0.707,2.648,0.429
308,2024,1,regular,4701090,Joey Corcoran,WR,New Hampshire,UCF,-0.569,-0.569,
309,2024,1,regular,4808767,Xavier Townsend,WR,UCF,New Hampshire,-0.178,-0.046,-0.243
310,2024,1,regular,4870954,Randy Pittman,TE,UCF,New Hampshire,1.553,1.553,
311,2024,1,regular,4877351,Kameron Ingram,RB,UCF,New Hampshire,-0.507,,-0.507
312,2024,1,regular,5079462,Kylan Fox,TE,UCF,New Hampshire,0.176,0.176,
313,2024,1,regular,5083442,Myles Thomason,RB,New Hampshire,UCF,-0.357,-0.144,-0.4
314,2024,1,regular,5083444,Josh Fillion,WR,New Hampshire,UCF,0.164,0.164,
315,2024,1,regular,4428143,Sone Ntoh,RB,Monmouth,Eastern Washington,0.958,,0.958
316,2024,1,regular,4695192,Nolan Ulm,WR,Eastern Washington,Monmouth,2.814,2.814,
317,2024,1,regular,4695193,Efton Chism III,WR,Eastern Washington,Monmouth,2.555,2.555,
318,2024,1,regular,4696065,Derek Robertson,QB,Monmouth,Eastern Washington,0.601,0.625,-0.154
319,2024,1,regular,4775263,Jack Neri,TE,Monmouth,Eastern Washington,2.108,2.108,
320,2024,1,regular,4869656,Makhi Green,RB,Monmouth,Eastern Washington,-0.274,,-0.274
321,2024,1,regular,4876140,Kekoa Visperas,QB,Eastern Washington,Monmouth,1.211,1.535,0.295
322,2024,1,regular,4876144,Tuna Altahir,RB,Eastern Washington,Monmouth,0.218,,0.218
323,2024,1,regular,4876860,TJ Speight,WR,Monmouth,Eastern Washington,1.347,1.607,0.307
324,2024,1,regular,5084027,Miles Williams,WR,Eastern Washington,Monmouth,0.87,0.87,
325,2024,1,regular,5085803,Gavin Nelson,WR,Monmouth,Eastern Washington,1.486,1.486,
326,2024,1,regular,4379400,Matthew Downing,QB,Elon,Duke,-0.014,-0.128,0.706
327,2024,1,regular,4429757,Javon Harvey,WR,Duke,Elon,0.586,0.586,
328,2024,1,regular,4430288,Eli Pancol,WR,Duke,Elon,0.745,0.745,
329,2024,1,regular,4430699,Jack Salopek,QB,Elon,Duke,0.748,0.748,
330,2024,1,regular,4433880,Jontavis Robertson,WR,Duke,Elon,2.699,2.699,
331,2024,1,regular,4573243,Chandler Brayboy,WR,Elon,Duke,0.189,-0.01,1.38
332,2024,1,regular,4594444,Jordan Moore,WR,Duke,Elon,1.212,1.212,
333,2024,1,regular,4608003,Onuma Dieke,WR,Elon,Duke,0.478,0.478,
334,2024,1,regular,4612246,Sahmir Hagans,WR,Duke,Elon,0.745,0.745,
335,2024,1,regular,4685497,Maalik Murphy,QB,Duke,Elon,0.717,0.717,
336,2024,1,regular,4695462,Julian Bumper,WR,Elon,Duke,-0.443,,-0.443
337,2024,1,regular,4708487,Jaquez Moore,RB,Duke,Elon,0.177,0.103,0.189
338,2024,1,regular,4869728,Jeremiah Hasley,TE,Duke,Elon,0.865,0.865,
339,2024,1,regular,4876613,Rushawn Baker,RB,Elon,Duke,-0.144,-0.414,-0.099
340,2024,1,regular,4877772,Charlie Mill,WR,Elon,Duke,-0.302,-0.302,
341,2024,1,regular,4877774,Jamarien Dalton,WR,Elon,Duke,1.432,1.432,
342,2024,1,regular,4923298,Peyton Jones,RB,Duke,Elon,0.028,0.05,0.013
343,2024,1,regular,5084179,Star Thomas,RB,Duke,Elon,-0.1,2.861,-0.369
344,2024,1,regular,5218787,Que'Sean Brown,WR,Duke,Elon,-1.794,-1.794,
345,2024,1,regular,4433973,Seven Mcgee,WR,UAlbany,Long Island University,4.913,4.913,
346,2024,1,regular,4566700,Brandon Niemenski,TE,Long Island University,UAlbany,1.712,1.712,
347,2024,1,regular,4572785,Kahlil Overton,TE,Long Island University,UAlbany,-0.138,-0.138,
348,2024,1,regular,4597146,Faysal Aden,RB,UAlbany,Long Island University,0.415,,0.415
349,2024,1,regular,4613132,Levi Wentz,WR,UAlbany,Long Island University,1.906,1.906,
350,2024,1,regular,4694674,Ludovick Choquette,RB,Long Island University,UAlbany,0.608,2.522,0.48
351,2024,1,regular,4714009,Myles Burkett,QB,UAlbany,Long Island University,0.247,0.276,-0.274
352,2024,1,regular,4837195,Luca Stanzani,QB,Long Island University,UAlbany,0.182,0.207,0.086
353,2024,1,regular,5090098,Michael Love,WR,Long Island University,UAlbany,1.692,1.692,
354,2024,1,regular,5095771,Ethan Greenwood,QB,Long Island University,UAlbany,0.19,,0.19
355,2024,1,regular,5098580,Griffin Woodell,RB,UAlbany,Long Island University,-0.099,0.521,-0.129
356,2024,1,regular,4242373,Bentley Hanshaw,TE,Liberty,Campbell,2.545,2.545,
357,2024,1,regular,4426703,Mark Biggins,RB,Campbell,Liberty,0.308,0.14,0.35
358,2024,1,regular,4427841,Billy Lucas,RB,Liberty,Campbell,0.297,0.798,0.235
359,2024,1,regular,4428486,Treon Sibley,WR,Liberty,Campbell,1.603,1.603,
360,2024,1,regular,4429439,Quinton Cooley,RB,Liberty,Campbell,0.54,,0.54
361,2024,1,regular,4431001,Elijah Canion,WR,Liberty,Campbell,2.044,2.044,
362,2024,1,regular,4432370,Sammy Malignaggi,RB,Campbell,Liberty,-0.405,,-0.405
363,2024,1,regular,4432803,Kaidon Salter,QB,Liberty,Campbell,0.375,0.681,-0.54
364,2024,1,regular,4568687,Sincere Brown,WR,Campbell,Liberty,2.114,2.114,
365,2024,1,regular,4608606,Tyson Mobley,WR,Liberty,Campbell,0.584,0.584,
366,2024,1,regular,4677280,Julian Gray,WR,Liberty,Campbell,0.301,0.301,
367,2024,1,regular,4685701,James Jointer,RB,Liberty,Campbell,0.762,,0.762
368,2024,1,regular,4799987,Ryan Burger,QB,Liberty,Campbell,0.311,-0.559,2.052
369,2024,1,regular,5081716,Kyle Hanks,RB,Liberty,Campbell,1.246,,1.246
370,2024,1,regular,5086052,Chaney Fitzgerald,WR,Campbell,Liberty,0.965,0.965,
371,2024,1,regular,5086056,Melvin Davis,RB,Campbell,Liberty,-0.119,,-0.119
372,2024,1,regular,5122147,Vaughn Blue,RB,Liberty,Campbell,-0.185,-0.185,
373,2024,1,regular,5139857,Caden Williams,RB,Liberty,Campbell,-0.012,,-0.012
374,2024,1,regular,5162399,Darius Copeland,WR,Liberty,Campbell,0.835,0.835,
375,2024,1,regular,4429691,Malik Grant,RB,Rhode Island,Holy Cross,-0.043,-0.022,-0.044
376,2024,1,regular,4573456,Brady Roark,TE,Rhode Island,Holy Cross,-0.629,-0.629,
377,2024,1,regular,4578097,Tommy Smith,TE,Rhode Island,Holy Cross,1.706,1.706,
378,2024,1,regular,4578110,Gabe Sloat,RB,Rhode Island,Holy Cross,0.278,2.408,-0.148
379,2024,1,regular,4590302,Deon Silas,RB,Rhode Island,Holy Cross,-0.585,,-0.585
380,2024,1,regular,4685356,Greg Gaines III,WR,Rhode Island,Holy Cross,2.2,2.2,
381,2024,1,regular,4686096,Hunter Helms,QB,Rhode Island,Holy Cross,-0.3,-0.3,
382,2024,1,regular,4715345,Devin Farrell,QB,Rhode Island,Holy Cross,0.466,0.506,0.351
383,2024,1,regular,4879058,Joe Pesansky,QB,Holy Cross,Rhode Island,-0.146,-0.283,0.627
384,2024,1,regular,4879059,Justin Shorter,WR,Holy Cross,Rhode Island,-0.156,-0.158,-0.153
385,2024,1,regular,4879060,Jordan Fuller,RB,Holy Cross,Rhode Island,0.245,-0.074,0.256
386,2024,1,regular,4879073,Jacob Petersen,TE,Holy Cross,Rhode Island,0.595,0.595,
387,2024,1,regular,5083393,Marquis Buchanan,WR,Rhode Island,Holy Cross,1.322,1.322,
388,2024,1,regular,5087069,Max Mosey,QB,Holy Cross,Rhode Island,-0.424,0.38,-1.227
389,2024,1,regular,4682648,Malachi Fields,WR,Virginia,Richmond,2.55,2.55,
390,2024,1,regular,4684953,Sackett Wood Jr.,TE,Virginia,Richmond,0.235,0.235,
391,2024,1,regular,4685594,Dakota Twitty,TE,Virginia,Richmond,0.662,0.662,
392,2024,1,regular,4686095,Kobe Pace,RB,Virginia,Richmond,0.763,4.408,0.431
393,2024,1,regular,4692796,Nick DeGennaro,WR,Richmond,Virginia,1.366,1.366,
394,2024,1,regular,4695765,Tyler Neville,TE,Virginia,Richmond,0.683,0.683,
395,2024,1,regular,4775264,Tony Muskett,QB,Virginia,Richmond,-1.053,-1.053,
396,2024,1,regular,4873442,Xavier Brown,RB,Virginia,Richmond,-0.035,,-0.035
397,2024,1,regular,4877890,Kyle Wickersham,QB,Richmond,Virginia,0.282,0.045,0.585
398,2024,1,regular,4912130,Trell Harris,WR,Virginia,Richmond,1.242,1.242,
399,2024,1,regular,5044387,Anthony Colandrea,QB,Virginia,Richmond,0.705,0.804,0.508
400,2024,1,regular,5081197,Grady Brosterhous,QB,Virginia,Richmond,0.846,,0.846
401,2024,1,regular,5081202,Jack Griese,RB,Virginia,Richmond,0.742,5.85,-0.28
402,2024,1,regular,5114331,Suderian Harrison,WR,Virginia,Richmond,2.24,2.24,
403,2024,1,regular,4427731,Tyler Knoop,QB,Stony Brook,Marshall,-0.086,-0.172,1.199
404,2024,1,regular,4430358,Cal Redman,TE,Stony Brook,Marshall,1.112,1.112,
405,2024,1,regular,4431094,Christian Fitzpatrick,WR,Marshall,Stony Brook,2.684,2.684,
406,2024,1,regular,4431651,Elijah Metcalf,WR,Marshall,Stony Brook,1.363,1.943,-0.378
407,2024,1,regular,4565181,Bralon Brown,WR,Marshall,Stony Brook,1.04,1.04,
408,2024,1,regular,4568312,Jordan Houston,RB,Marshall,Stony Brook,0.004,,0.004
409,2024,1,regular,4573531,RJ Lamarre,WR,Stony Brook,Marshall,1.012,1.012,
410,2024,1,regular,4600403,Braylon Braxton,QB,Marshall,Stony Brook,0.784,1.074,-0.278
411,2024,1,regular,4683164,Shakhi Carson,RB,Stony Brook,Marshall,-0.081,,-0.081
412,2024,1,regular,4684939,Bryan Robinson,WR,Marshall,Stony Brook,0.678,0.678,
413,2024,1,regular,4691272,Stone Earle,QB,Marshall,Stony Brook,0.304,0.213,0.525
414,2024,1,regular,4694728,Chance Knox,WR,Stony Brook,Marshall,-0.237,-0.237,
415,2024,1,regular,4695303,Roland Dempster,RB,Stony Brook,Marshall,0.193,1.926,0.06
416,2024,1,regular,4695304,Jayden Cook,RB,Stony Brook,Marshall,-0.241,-0.056,-0.425
417,2024,1,regular,4695318,Cole Bunicci,TE,Stony Brook,Marshall,1.637,1.637,
418,2024,1,regular,4696208,Jasiah Williams,WR,Stony Brook,Marshall,-0.116,-0.116,
419,2024,1,regular,4709672,Ethan Payne,RB,Marshall,Stony Brook,-0.094,-0.473,-0.018
420,2024,1,regular,4869817,Cole Pennington,QB,Marshall,Stony Brook,0.794,0.978,-0.126
421,2024,1,regular,4880845,Charles Montgomery,WR,Marshall,Stony Brook,0.918,0.918,
422,2024,1,regular,5082548,A.J. Turner,RB,Marshall,Stony Brook,1.011,1.266,0.979
423,2024,1,regular,5087747,Jayce Freeman,WR,Stony Brook,Marshall,2.979,2.979,
424,2024,1,regular,5093009,Carl Chester,WR,Marshall,Stony Brook,2.656,2.656,
425,2024,1,regular,4361059,Da'kendall James,WR,Towson,Cincinnati,1.624,1.624,
426,2024,1,regular,4430817,Xzavier Henderson,WR,Cincinnati,Towson,1.177,1.177,
427,2024,1,regular,4431431,Corey Kiner,RB,Cincinnati,Towson,0.351,,0.351
428,2024,1,regular,4432757,Evan Pryor,RB,Cincinnati,Towson,1.649,2.202,1.511
429,2024,1,regular,4565859,Joe Royer,TE,Cincinnati,Towson,1.48,1.48,
430,2024,1,regular,4570045,John Dunmore,WR,Towson,Cincinnati,2.234,2.234,
431,2024,1,regular,4575528,Francis Sherman,TE,Cincinnati,Towson,1.608,1.608,
432,2024,1,regular,4683531,Aaron Turner,WR,Cincinnati,Towson,2.208,2.208,
433,2024,1,regular,4692972,Jamoi Mayes,WR,Cincinnati,Towson,0.81,0.81,
434,2024,1,regular,4694946,Devin Matthews,RB,Towson,Cincinnati,-0.173,1.501,-0.37
435,2024,1,regular,4731981,Carlos Davis,QB,Towson,Cincinnati,0.142,0.099,0.539
436,2024,1,regular,4878133,Lukkas Londono,WR,Towson,Cincinnati,1.093,1.093,
437,2024,1,regular,4878994,Victor Dawson,RB,Cincinnati,Towson,-0.338,,-0.338
438,2024,1,regular,4879499,Tony Johnson,WR,Cincinnati,Towson,0.378,,0.378
439,2024,1,regular,4882122,Sterling Berkhalter,WR,Cincinnati,Towson,3.03,3.03,
440,2024,1,regular,4899046,Brendan Sorsby,QB,Cincinnati,Towson,0.768,0.813,0.491
441,2024,1,regular,4922983,Manny Covey,RB,Cincinnati,Towson,0.259,0.172,0.276
442,2024,1,regular,4923288,Barry Jackson Jr.,WR,Cincinnati,Towson,0.085,0.095,0.075
443,2024,1,regular,5089860,Chance Williams,RB,Cincinnati,Towson,0.023,,0.023
444,2024,1,regular,5151405,Jaceon Doss,WR,Towson,Cincinnati,2.729,2.729,
445,2024,1,regular,4427911,Hollis Mathis,QB,William & Mary,VMI,1.906,3.048,0.764
446,2024,1,regular,4574128,Bronson Yoder,RB,William & Mary,VMI,0.433,1.666,0.31
447,2024,1,regular,4685896,Martin Lucas,RB,William & Mary,VMI,0.799,,0.799
448,2024,1,regular,4694093,Damian Harris,WR,William & Mary,VMI,2.013,2.013,
449,2024,1,regular,4694487,DreSean Kendrick,RB,William & Mary,VMI,0.979,0.979,
450,2024,1,regular,4694488,JT Mayo,WR,William & Mary,VMI,1.405,1.405,
451,2024,1,regular,4694492,Malachi Imoh,RB,William & Mary,VMI,0.256,2.196,0.013
452,2024,1,regular,4694703,Julio DaSilva,WR,VMI,William & Mary,0.788,0.788,
453,2024,1,regular,4877439,Hunter Rice,RB,VMI,William & Mary,0.602,2.592,0.271
454,2024,1,regular,4877458,Trace Pedigo,WR,VMI,William & Mary,2.175,2.175,
455,2024,1,regular,4878151,Darius Wilson,QB,William & Mary,VMI,1.007,1.055,0.904
456,2024,1,regular,5083271,Sean McElwain,TE,William & Mary,VMI,2.454,2.454,
457,2024,1,regular,5083941,Collin Shannon,QB,VMI,William & Mary,-0.382,-0.398,-0.14
458,2024,1,regular,5083963,Ivan Thorpe,WR,VMI,William & Mary,1.308,1.685,0.931
459,2024,1,regular,4362188,Sterling Galban,WR,Massachusetts,Eastern Michigan,2.22,2.22,
460,2024,1,regular,4426430,Taisun Phommachanh,QB,Massachusetts,Eastern Michigan,0.06,-0.037,0.496
461,2024,1,regular,4427934,Dominick Mazotti,TE,Massachusetts,Eastern Michigan,0.735,0.735,
462,2024,1,regular,4427971,Dontae McMillan,RB,Eastern Michigan,Massachusetts,-0.183,-0.984,-0.13
463,2024,1,regular,4428018,Delbert Mimms III,RB,Eastern Michigan,Massachusetts,2.052,,2.052
464,2024,1,regular,4433855,Terry Lockett,WR,Eastern Michigan,Massachusetts,2.001,2.001,
465,2024,1,regular,4570057,Cole Snyder,QB,Eastern Michigan,Massachusetts,0.456,0.433,0.563
466,2024,1,regular,4603185,Markus Allen,WR,Eastern Michigan,Massachusetts,1.694,1.694,
467,2024,1,regular,4697741,Jalen John,RB,Massachusetts,Eastern Michigan,0.464,0.904,0.306
468,2024,1,regular,4710860,Oran Singleton Jr.,WR,Eastern Michigan,Massachusetts,1.114,1.114,
469,2024,1,regular,4712328,Anthony Simpson,WR,Massachusetts,Eastern Michigan,0.447,0.447,
470,2024,1,regular,4827049,Max Reese,TE,Eastern Michigan,Massachusetts,0.382,0.382,
471,2024,1,regular,4898646,Keshawn Brown,WR,Massachusetts,Eastern Michigan,0.441,0.441,
472,2024,1,regular,4900879,Jacquon Gibson,WR,Massachusetts,Eastern Michigan,0.317,0.317,
473,2024,1,regular,4923282,C.J. Hester,RB,Massachusetts,Eastern Michigan,0.442,0.279,0.483
474,2024,1,regular,5178972,Jakobie Keeney-James,WR,Massachusetts,Eastern Michigan,2.211,2.211,
475,2024,1,regular,4360689,Tyler Shough,QB,Louisville,Austin Peay,0.576,0.576,
476,2024,1,regular,4362313,O'Shann Allison,RB,Austin Peay,Louisville,-0.344,-0.111,-0.411
477,2024,1,regular,4430905,Jadon Thompson,WR,Louisville,Austin Peay,1.943,1.943,
478,2024,1,regular,4431051,Izayah Cummings,TE,Louisville,Austin Peay,0.086,0.086,
479,2024,1,regular,4431346,Mark Redman,TE,Louisville,Austin Peay,2.632,2.632,
480,2024,1,regular,4431506,Ja'Corey Brooks,WR,Louisville,Austin Peay,1.04,1.04,
481,2024,1,regular,4432138,Mason Garcia,QB,Austin Peay,Louisville,-0.144,-0.313,0.474
482,2024,1,regular,4597247,Austin Smith,QB,Austin Peay,Louisville,-0.188,-0.269,0.35
483,2024,1,regular,4683234,La'Vell Wright,RB,Austin Peay,Louisville,-0.302,-0.647,-0.154
484,2024,1,regular,4685560,Jaleel Skinner,TE,Louisville,Austin Peay,-0.042,-0.042,
485,2024,1,regular,4686328,Malik Bowen-Sims,WR,Austin Peay,Louisville,0.554,0.554,
486,2024,1,regular,4837391,Maurice Turner,RB,Louisville,Austin Peay,0.367,0.447,0.348
487,2024,1,regular,4869961,Chris Bell,WR,Louisville,Austin Peay,1.371,1.371,
488,2024,1,regular,4870636,Pierce Clarkson,QB,Louisville,Austin Peay,-0.529,-0.529,
489,2024,1,regular,4884395,Romon Copeland,WR,Austin Peay,Louisville,-0.429,-0.429,
490,2024,1,regular,4922988,Jamari Johnson,TE,Louisville,Austin Peay,0.558,0.558,
491,2024,1,regular,4923046,Keyjuan Brown,RB,Louisville,Austin Peay,0.438,-0.082,0.553
492,2024,1,regular,5079349,Isaac Brown,RB,Louisville,Austin Peay,1.421,0.642,1.577
493,2024,1,regular,5083069,DJ Carter,WR,Austin Peay,Louisville,-0.757,-0.757,
494,2024,1,regular,5099305,Antonio Meeks,WR,Louisville,Austin Peay,-0.941,-0.941,
495,2024,1,regular,5102556,Cataurus Hicks,WR,Louisville,Austin Peay,-0.224,-0.224,
496,2024,1,regular,5126464,Deuce Adams,QB,Louisville,Austin Peay,-0.288,,-0.288
497,2024,1,regular,5136049,Duke Watson,RB,Louisville,Austin Peay,0.971,,0.971
498,2024,1,regular,5151017,Travis Egan,QB,Louisville,Austin Peay,0.293,,0.293
499,2024,1,regular,5153730,Jaden Barnes,WR,Austin Peay,Louisville,1.386,1.386,
500,2024,1,regular,5159944,Kris Hughes,WR,Louisville,Austin Peay,-0.291,-0.291,
501,2024,1,regular,4384603,Will McElvain,QB,Central Arkansas,Arkansas State,0.159,0.111,0.436
502,2024,1,regular,4426424,Trejan Bridges,WR,Central Arkansas,Arkansas State,2.626,2.626,
503,2024,1,regular,4429133,Malik Hornsby,WR,Arkansas State,Central Arkansas,-0.114,-0.114,
504,2024,1,regular,4433901,Corey Rucker,WR,Arkansas State,Central Arkansas,1.953,1.953,
505,2024,1,regular,4565172,Courtney Jackson,WR,Arkansas State,Central Arkansas,1.668,1.668,
506,2024,1,regular,4571305,Zak Wallace,RB,Arkansas State,Central Arkansas,0.035,-0.833,0.093
507,2024,1,regular,4700811,Ja'Quez Cross,RB,Arkansas State,Central Arkansas,0.021,0.427,-0.072
508,2024,1,regular,4711409,Emmanuel Stevenson,TE,Arkansas State,Central Arkansas,-0.224,-0.224,
509,2024,1,regular,4876907,ShunDerrick Powell,RB,Central Arkansas,Arkansas State,0.884,1.431,0.701
510,2024,1,regular,4877645,Darius Hale,RB,Central Arkansas,Arkansas State,0.037,-0.384,0.177
511,2024,1,regular,4877663,Kam Robinson,WR,Central Arkansas,Arkansas State,0.13,0.312,-0.418
512,2024,1,regular,4877671,Tyion Berry,WR,Central Arkansas,Arkansas State,2.664,2.664,
513,2024,1,regular,4880079,Reagan Ealy,WR,Arkansas State,Central Arkansas,0.218,0.218,
514,2024,1,regular,5080403,Jaylen Raynor,QB,Arkansas State,Central Arkansas,0.192,0.073,0.69
515,2024,1,regular,5121601,Hunter Summers,WR,Arkansas State,Central Arkansas,0.074,0.074,
516,2024,1,regular,5122081,Tyler Little,TE,Arkansas State,Central Arkansas,1.312,1.312,
517,2024,1,regular,4427957,Ty McCullouch,WR,Montana State,Utah Tech,0.027,0.027,
518,2024,1,regular,4430847,Chris Street,RB,Utah Tech,Montana State,0.074,-0.703,0.462
519,2024,1,regular,4432368,Luke MacPhail,QB,Utah Tech,Montana State,-0.294,-0.294,
520,2024,1,regular,4565552,Deacon Hill,QB,Utah Tech,Montana State,0.253,0.163,0.976
521,2024,1,regular,4571021,Shamar Garrett,RB,Utah Tech,Montana State,-0.197,-0.277,0.045
522,2024,1,regular,4581420,Lonyatta Alexander,WR,Montana State,Utah Tech,-0.245,-0.245,
523,2024,1,regular,4683571,Eni Falayi,TE,Utah Tech,Montana State,-0.012,-0.012,
524,2024,1,regular,4755767,Jay McEuen,TE,Utah Tech,Montana State,-0.064,-0.064,
525,2024,1,regular,4775196,Tommy Mellott,QB,Montana State,Utah Tech,0.849,0.799,0.991
526,2024,1,regular,5083213,Jordan Reed,QB,Montana State,Utah Tech,-0.781,-0.781,
527,2024,1,regular,5083509,Rohan Jones,TE,Montana State,Utah Tech,1.834,1.834,
528,2024,1,regular,5085300,Jared White,RB,Montana State,Utah Tech,-0.044,,-0.044
529,2024,1,regular,5085301,Taco Dowler,WR,Montana State,Utah Tech,1.264,1.15,1.609
530,2024,1,regular,5088952,Eric Olsen,TE,Utah Tech,Montana State,-0.184,0.086,-0.453
531,2024,1,regular,5088953,Daniel Thomason,WR,Utah Tech,Montana State,0.413,0.413,
532,2024,1,regular,5088960,Reggie Graff,QB,Utah Tech,Montana State,-0.295,-0.801,-0.042
533,2024,1,regular,4732083,Parker Wroble,WR,Mercer,Presbyterian,2.211,2.211,
534,2024,1,regular,4838520,Micah Bell,RB,Mercer,Presbyterian,-0.233,,-0.233
535,2024,1,regular,4876964,Quante Jennings,RB,Presbyterian,Mercer,-0.759,,-0.759
536,2024,1,regular,5078043,Apollos Cook,WR,Mercer,Presbyterian,0.315,0.315,
537,2024,1,regular,5085718,Hess Horne,QB,Mercer,Presbyterian,0.503,0.396,1.147
538,2024,1,regular,5088096,Ty Englehart,QB,Presbyterian,Mercer,-0.135,-0.221,0.26
539,2024,1,regular,5088107,Dominic Kibby,WR,Presbyterian,Mercer,0.865,0.865,
540,2024,1,regular,5092811,CJ Miller,RB,Mercer,Presbyterian,-0.198,-0.134,-0.219
541,2024,1,regular,5092824,Sawyer Burt,TE,Mercer,Presbyterian,1.875,1.875,
542,2024,1,regular,5158340,Denim Edwards,RB,Presbyterian,Mercer,0.01,,0.01
543,2024,1,regular,4428438,Edward Saydee,RB,Gardner-Webb,Wofford,0.094,1.531,-0.193
544,2024,1,regular,4429062,Ze'Vian Capers,WR,Gardner-Webb,Wofford,0.9,0.9,
545,2024,1,regular,4429971,Ryan Ingram,RB,Wofford,Gardner-Webb,0.131,,0.131
546,2024,1,regular,4578628,Jordan Davis,WR,Wofford,Gardner-Webb,1.083,1.083,
547,2024,1,regular,4877583,Kyle Pinnix,QB,Wofford,Gardner-Webb,2.855,2.855,
548,2024,1,regular,4877615,Kyle Watkins,WR,Wofford,Gardner-Webb,1.537,1.537,
549,2024,1,regular,5083894,Camden Overton,TE,Gardner-Webb,Wofford,1.614,1.614,
550,2024,1,regular,5084517,Cam Smith,WR,Wofford,Gardner-Webb,1.229,1.229,
551,2024,1,regular,5084518,Dylan Djete,WR,Wofford,Gardner-Webb,1.694,1.694,
552,2024,1,regular,5084524,Kyle Parsons,RB,Wofford,Gardner-Webb,-0.605,,-0.605
553,2024,1,regular,5095094,Caleb Borders,WR,Gardner-Webb,Wofford,1.874,1.874,
554,2024,1,regular,5153782,Amari Odom,QB,Wofford,Gardner-Webb,0.41,0.318,0.882
555,2024,1,regular,4429032,Hudson Card,QB,Purdue,Indiana State,0.948,0.876,1.845
556,2024,1,regular,4683174,Drew Biber,TE,Purdue,Indiana State,0.197,0.197,
557,2024,1,regular,4683886,Jahmal Edrine,WR,Purdue,Indiana State,0.871,0.871,
558,2024,1,regular,4686065,Devin Mockobee,RB,Purdue,Indiana State,0.078,-0.279,0.143
559,2024,1,regular,4693184,Andrew Sowinski,WR,Purdue,Indiana State,1.33,1.33,
560,2024,1,regular,4696690,Reggie Love III,RB,Purdue,Indiana State,0.507,,0.507
561,2024,1,regular,4700149,Rashad Rochelle,WR,Indiana State,Purdue,0.26,1.102,-1.001
562,2024,1,regular,4702561,De'Nylon Morrissette,WR,Purdue,Indiana State,2.424,2.424,
563,2024,1,regular,4833029,Max Klare,TE,Purdue,Indiana State,1.098,1.098,
564,2024,1,regular,4879020,Korbin Allen,RB,Indiana State,Purdue,-0.164,,-0.164
565,2024,1,regular,5075912,George Burhenn,TE,Purdue,Indiana State,-0.107,-0.107,
566,2024,1,regular,5078225,Jaron Tibbs,WR,Purdue,Indiana State,1.139,1.139,
567,2024,1,regular,5083663,Plez Lawrence,RB,Indiana State,Purdue,-0.369,,-0.369
568,2024,1,regular,5083678,Zavion Taylor,WR,Indiana State,Purdue,-0.863,-0.863,
569,2024,1,regular,5086097,Jaheim Merriweather,RB,Purdue,Indiana State,0.823,,0.823
570,2024,1,regular,5104738,Ryan Browne,QB,Purdue,Indiana State,0.24,0.078,1.131
571,2024,1,regular,5142753,Jesse Watson,WR,Purdue,Indiana State,0.467,0.467,
572,2024,1,regular,5146753,Shamar Rigby,WR,Purdue,Indiana State,0.644,0.644,
573,2024,1,regular,5150861,Jayden Dixon-Veal,WR,Purdue,Indiana State,0.743,0.743,
574,2024,1,regular,5150865,Elijah Jackson,RB,Purdue,Indiana State,2.028,,2.028
575,2024,1,regular,5219086,Leland Smith,WR,Purdue,Indiana State,2.114,2.114,
576,2024,1,regular,4428177,Nick Ostmo,RB,Montana,Missouri State,0.139,1.099,0.002
577,2024,1,regular,4428943,Jacardia Wright,RB,Missouri State,Montana,0.471,2.878,0.091
578,2024,1,regular,4431501,James BlackStrain,WR,Missouri State,Montana,3.261,3.261,
579,2024,1,regular,4511722,Hunter Wood,WR,Missouri State,Montana,1.286,1.286,
580,2024,1,regular,4569535,Jacob Clark,QB,Missouri State,Montana,0.28,0.333,-0.161
581,2024,1,regular,4570921,Ryan Simpson,WR,Montana,Missouri State,1.177,1.177,
582,2024,1,regular,4577869,Keelan White,WR,Montana,Missouri State,1.385,1.385,
583,2024,1,regular,4605998,Logan Fife,QB,Montana,Missouri State,1.107,1.518,0.079
584,2024,1,regular,4685828,Stevie Rocker,RB,Montana,Missouri State,0.401,,0.401
585,2024,1,regular,4692654,DVontae Key,WR,Missouri State,Montana,1.936,1.936,
586,2024,1,regular,4807489,Xavier Harris,RB,Montana,Missouri State,2.352,3.25,-0.342
587,2024,1,regular,4813944,Aaron Fontes,WR,Montana,Missouri State,1.353,1.353,
588,2024,1,regular,4837193,Jmariyae Robinson,WR,Missouri State,Montana,2.607,,2.607
589,2024,1,regular,4887824,Gary Clinton,TE,Missouri State,Montana,2.005,2.005,
590,2024,1,regular,5087687,Eli Gillman,RB,Montana,Missouri State,0.513,2.142,0.397
591,2024,1,regular,5097854,Lance Mason,TE,Missouri State,Montana,1.093,1.093,
592,2024,1,regular,5154278,Jayden Becks,RB,Missouri State,Montana,0.272,,0.272
593,2024,1,regular,4576152,Quincy Vaughn,QB,North Dakota,Iowa State,-0.39,-0.39,
594,2024,1,regular,4586312,Jaylin Noel,WR,Iowa State,North Dakota,1.083,1.083,
595,2024,1,regular,4696240,Jaylon Jackson,RB,Iowa State,North Dakota,-0.205,-0.349,-0.168
596,2024,1,regular,4696464,Bo Belquist,WR,North Dakota,Iowa State,1.413,1.413,
597,2024,1,regular,4696470,Isaiah Smith,RB,North Dakota,Iowa State,0.231,2.837,0.014
598,2024,1,regular,4801299,Rocco Becht,QB,Iowa State,North Dakota,0.541,0.551,0.474
599,2024,1,regular,4877706,Jayden Higgins,WR,Iowa State,North Dakota,1.563,1.563,
600,2024,1,regular,4879225,Simon Romfo,QB,North Dakota,Iowa State,0.098,0.04,0.304
601,2024,1,regular,4879231,Gaven Ziebarth,RB,North Dakota,Iowa State,-0.221,-0.61,-0.189
602,2024,1,regular,4879236,Jaden Norby,TE,North Dakota,Iowa State,0.824,0.824,
603,2024,1,regular,4879243,Nick Kupfer,WR,North Dakota,Iowa State,0.824,0.824,
604,2024,1,regular,4879244,Nate DeMontagnac,WR,North Dakota,Iowa State,0.095,0.095,
605,2024,1,regular,4879248,Eli Green,WR,Iowa State,North Dakota,1.041,1.041,
606,2024,1,regular,4920898,Beni Ngoyi,WR,Iowa State,North Dakota,0.417,0.417,
607,2024,1,regular,5077502,Carson Hansen,RB,Iowa State,North Dakota,0.107,,0.107
608,2024,1,regular,5078005,Abu Sama III,RB,Iowa State,North Dakota,0.049,-1.007,0.26
609,2024,1,regular,5087189,Caden Dennis,WR,North Dakota,Iowa State,1.124,1.124,
610,2024,1,regular,5122883,Dylan Lee,RB,Iowa State,North Dakota,-0.217,,-0.217
611,2024,1,regular,4427446,Braylon Henderson,WR,North Dakota State,Colorado,1.208,1.208,
612,2024,1,regular,4432762,Shedeur Sanders,QB,Colorado,North Dakota State,0.663,0.675,0.575
613,2024,1,regular,4608679,Will Sheppard,WR,Colorado,North Dakota State,0.514,0.514,
614,2024,1,regular,4685415,Travis Hunter,WR,Colorado,North Dakota State,1.08,1.278,-0.703
615,2024,1,regular,4690143,LaJohntay Wester,WR,Colorado,North Dakota State,0.445,0.445,
616,2024,1,regular,4693330,TK Marshall,RB,North Dakota State,Colorado,0.665,3.692,-0.344
617,2024,1,regular,4693331,Cam Miller,QB,North Dakota State,Colorado,0.861,1.032,0.593
618,2024,1,regular,4693333,RaJa Nelson,WR,North Dakota State,Colorado,0.316,0.731,-1.345
619,2024,1,regular,4693341,Joe Stoffel,TE,North Dakota State,Colorado,1.531,1.531,
620,2024,1,regular,4693342,Tyler Terhark,WR,North Dakota State,Colorado,1.507,1.507,
621,2024,1,regular,4698727,Dallan Hayden,RB,Colorado,North Dakota State,-0.133,1.433,-0.308
622,2024,1,regular,4708486,Jimmy Horn Jr.,WR,Colorado,North Dakota State,1.51,1.51,
623,2024,1,regular,4875282,Charlie Offerdahl,RB,Colorado,North Dakota State,0.244,0.307,0.218
624,2024,1,regular,4879250,Cole Payton,QB,North Dakota State,Colorado,-0.236,-0.787,0.315
625,2024,1,regular,4879253,Chris Harris,WR,North Dakota State,Colorado,-0.033,-0.033,
626,2024,1,regular,4879256,Barika Kpeenu,RB,North Dakota State,Colorado,-0.178,-0.583,-0.133
627,2024,1,regular,4879276,Bryce Lance,WR,North Dakota State,Colorado,0.307,0.064,1.037
628,2024,1,regular,5079612,Drelon Miller,WR,Colorado,North Dakota State,-0.148,-0.202,-0.095
629,2024,1,regular,4362159,Alan Bowman,QB,Oklahoma State,South Dakota State,0.8,0.886,-0.146
630,2024,1,regular,4430577,Rashod Owens,WR,Oklahoma State,South Dakota State,3.483,3.483,
631,2024,1,regular,4431342,Brennan Presley,WR,Oklahoma State,South Dakota State,1.02,1.586,-0.111
632,2024,1,regular,4683667,Trenten Howland,RB,Oklahoma State,South Dakota State,-0.321,,-0.321
633,2024,1,regular,4695400,Mark Gronowski,QB,South Dakota State,Oklahoma State,0.257,0.314,-0.016
634,2024,1,regular,4710714,De'Zhaun Stribling,WR,Oklahoma State,South Dakota State,1.635,1.635,
635,2024,1,regular,4711533,Ollie Gordon,RB,Oklahoma State,South Dakota State,0.4,1.742,0.245
636,2024,1,regular,4878878,Amar Johnson,RB,South Dakota State,Oklahoma State,0.351,1.224,0.254
637,2024,1,regular,4878886,Grahm Goering,WR,South Dakota State,Oklahoma State,1.773,1.773,
638,2024,1,regular,4878889,Angel Johnson,RB,South Dakota State,Oklahoma State,0.178,,0.178
639,2024,1,regular,5085784,Chase Mason,QB,South Dakota State,Oklahoma State,-0.995,,-0.995
640,2024,1,regular,5125366,Sesi Vailahi,RB,Oklahoma State,South Dakota State,-0.104,0.69,-0.263
641,2024,1,regular,4362915,Gerry Bohannon,QB,BYU,Southern Illinois,-0.438,,-0.438
642,2024,1,regular,4431646,Keontez Lewis,WR,Southern Illinois,BYU,1.955,3.976,-0.066
643,2024,1,regular,4569988,Enoch Nawahine,RB,BYU,Southern Illinois,1.042,,1.042
644,2024,1,regular,4570839,Jaelin Benefield,RB,Southern Illinois,BYU,-0.481,,-0.481
645,2024,1,regular,4604004,Keelan Marion,WR,BYU,Southern Illinois,1.024,2.704,-0.655
646,2024,1,regular,4613105,Miles Davis,RB,BYU,Southern Illinois,0.125,1.166,-0.083
647,2024,1,regular,4687463,Hinckley Ropati,RB,BYU,Southern Illinois,0.137,,0.137
648,2024,1,regular,4697094,DJ Williams,QB,Southern Illinois,BYU,0.419,-0.089,1.044
649,2024,1,regular,4701590,Vinson Davis,WR,Southern Illinois,BYU,2.355,2.355,
650,2024,1,regular,4714388,Chase Roberts,WR,BYU,Southern Illinois,1.278,1.609,0.117
651,2024,1,regular,4799963,Mata'ava Ta'ase,TE,BYU,Southern Illinois,2.604,2.604,
652,2024,1,regular,4878912,Hunter Simmons,QB,Southern Illinois,BYU,-0.481,-0.481,
653,2024,1,regular,4888706,Parker Kingston,WR,BYU,Southern Illinois,1.895,3.87,-0.08
654,2024,1,regular,4918126,LJ Martin,RB,BYU,Southern Illinois,0.688,2.197,0.572
655,2024,1,regular,5150611,Jake Retzlaff,QB,BYU,Southern Illinois,0.596,0.621,0.486
656,2024,1,regular,5160955,Jojo Phillips,WR,BYU,Southern Illinois,4.465,4.465,
657,2024,1,regular,5219641,Cody Hagen,WR,BYU,Southern Illinois,0.807,0.807,
658,2024,1,regular,4427936,Grayson McCall,QB,NC State,Western Carolina,0.476,0.521,0.123
659,2024,1,regular,4428803,Jordan Waters,RB,NC State,Western Carolina,0.459,0.948,0.434
660,2024,1,regular,4431209,Dacari Collins,WR,NC State,Western Carolina,1.567,1.567,
661,2024,1,regular,4705609,Branson Adams,RB,Western Carolina,NC State,0.157,,0.157
662,2024,1,regular,4870653,Kevin Concepcion,WR,NC State,Western Carolina,1.816,2.163,-0.612
663,2024,1,regular,4870929,Noah Rogers,WR,NC State,Western Carolina,1.758,1.758,
664,2024,1,regular,4871053,Daylan Smothers,RB,NC State,Western Carolina,0.103,,0.103
665,2024,1,regular,4888723,Wesley Grimes,WR,NC State,Western Carolina,2.083,2.083,
666,2024,1,regular,4899368,Kendrick Raphael,RB,NC State,Western Carolina,0.601,,0.601
667,2024,1,regular,4912052,Justin Joly,TE,NC State,Western Carolina,1.633,1.633,
668,2024,1,regular,5079659,Jonathan Paylor,WR,NC State,Western Carolina,-0.433,,-0.433
669,2024,1,regular,5081427,Jake Young,TE,Western Carolina,NC State,1.722,1.722,
670,2024,1,regular,5084658,Terrell Anderson,WR,NC State,Western Carolina,3.087,3.087,
671,2024,1,regular,5089540,Cole Gonzales,QB,Western Carolina,NC State,0.335,0.178,1.087
672,2024,1,regular,5089547,Corey Reddick Jr.,RB,Western Carolina,NC State,-0.453,,-0.453
673,2024,1,regular,5089549,Malik Knight,WR,Western Carolina,NC State,3.428,3.428,
674,2024,1,regular,5089572,AJ Colombo,WR,Western Carolina,NC State,2.184,2.184,
675,2024,1,regular,107494,Trey Sanders,RB,TCU,Stanford,0.919,,0.919
676,2024,1,regular,4429466,Drake Dabney,TE,TCU,Stanford,-0.147,-0.147,
677,2024,1,regular,4430063,Dominique Johnson,RB,TCU,Stanford,0.749,,0.749
678,2024,1,regular,4431297,Blake Nowell,WR,TCU,Stanford,-0.561,-0.561,
679,2024,1,regular,4431487,Savion Williams,WR,TCU,Stanford,0.229,0.219,0.413
680,2024,1,regular,4603186,Jack Bech,WR,TCU,Stanford,1.131,1.131,
681,2024,1,regular,4684502,Justin Lamson,QB,Stanford,TCU,2.32,2.851,2.054
682,2024,1,regular,4685183,John Paul Richardson,WR,TCU,Stanford,1.022,1.173,0.114
683,2024,1,regular,4685401,Josh Hoover,QB,TCU,Stanford,0.412,0.389,0.653
684,2024,1,regular,4685504,Sam Roush,TE,Stanford,TCU,0.218,0.218,
685,2024,1,regular,4710711,D'Andre Rogers,TE,TCU,Stanford,0.91,0.91,
686,2024,1,regular,4832792,Major Everhart,WR,TCU,Stanford,-0.128,-0.128,
687,2024,1,regular,4838679,Ashton Daniels,QB,Stanford,TCU,0.148,0.025,0.514
688,2024,1,regular,4870802,Sedrick Irvin,RB,Stanford,TCU,0.075,,0.075
689,2024,1,regular,4883647,Elic Ayomanor,WR,Stanford,TCU,0.444,0.444,
690,2024,1,regular,4918103,Cam Cook,RB,TCU,Stanford,-0.089,-2.508,0.032
691,2024,1,regular,4918421,Tiger Bachmeier,WR,Stanford,TCU,1.343,1.343,
692,2024,1,regular,5079443,Hauss Hejny,QB,TCU,Stanford,-0.238,,-0.238
693,2024,1,regular,5114311,Jackson Harris,WR,Stanford,TCU,0.04,0.04,
694,2024,1,regular,5120970,Ismael Cisse,WR,Stanford,TCU,-0.193,0.196,-1.363
695,2024,1,regular,5143191,Micah Ford,RB,Stanford,TCU,-0.437,-0.354,-0.47
696,2024,1,regular,4431497,Mavin Anderson,WR,California,UC Davis,1.768,1.768,
697,2024,1,regular,4570554,Chandler Rogers,QB,California,UC Davis,-0.249,-0.662,0.026
698,2024,1,regular,4571290,Chaz Davis,WR,UC Davis,California,1.713,1.713,
699,2024,1,regular,4571293,Miles Hastings,QB,UC Davis,California,0.099,0.08,0.541
700,2024,1,regular,4685489,Jadyn Ott,RB,California,UC Davis,0.663,2.165,0.413
701,2024,1,regular,4698247,Mitchell Dixon,QB,UC Davis,California,1.189,1.189,
702,2024,1,regular,4698252,C.J. Hutton,WR,UC Davis,California,0.974,0.974,
703,2024,1,regular,4698253,Lan Larison,RB,UC Davis,California,0.399,1.72,0.279
704,2024,1,regular,4832806,Jonathan Brady,WR,California,UC Davis,-0.156,-0.156,
705,2024,1,regular,4837248,Fernando Mendoza,QB,California,UC Davis,0.724,0.724,
706,2024,1,regular,4876364,Matteo Perez,RB,UC Davis,California,-0.225,,-0.225
707,2024,1,regular,5086505,Samuel Gbatu Jr.,WR,UC Davis,California,2.024,2.024,
708,2024,1,regular,4426421,Ryland Goede,TE,Georgia Tech,Georgia State,1.287,1.287,
709,2024,1,regular,4426459,Chase Lane,WR,Georgia Tech,Georgia State,1.096,1.096,
710,2024,1,regular,4427111,Michel Dukes,RB,Georgia State,Georgia Tech,0.823,0.334,1.148
711,2024,1,regular,4428993,Haynes King,QB,Georgia Tech,Georgia State,0.618,0.58,0.83
712,2024,1,regular,4431483,Sy'veon Wilkerson,RB,Georgia State,Georgia Tech,-0.159,,-0.159
713,2024,1,regular,4432612,Christian Veilleux,QB,Georgia State,Georgia Tech,0.104,0.024,1.018
714,2024,1,regular,4573699,Jackson Hawes,TE,Georgia Tech,Georgia State,0.367,0.367,
715,2024,1,regular,4577541,Avery Boyd,WR,Georgia Tech,Georgia State,0.906,0.906,
716,2024,1,regular,4587702,Christian Leary,WR,Georgia Tech,Georgia State,-0.249,-0.249,
717,2024,1,regular,4597248,Tailique Williams,WR,Georgia State,Georgia Tech,0.293,0.488,-0.684
718,2024,1,regular,4603746,Malik Rutherford,WR,Georgia Tech,Georgia State,1.359,1.359,
719,2024,1,regular,4611995,Jamal Haynes,RB,Georgia Tech,Georgia State,0.019,-1.846,0.135
720,2024,1,regular,4690117,Ja'Cyais Credle,WR,Georgia State,Georgia Tech,1.938,1.938,
721,2024,1,regular,4696071,Freddie Brock,RB,Georgia State,Georgia Tech,0.491,2.864,0.254
722,2024,1,regular,4696688,Josh Beetham,TE,Georgia Tech,Georgia State,0.194,0.194,
723,2024,1,regular,4746127,Zach Pyron,QB,Georgia Tech,Georgia State,0.176,-0.669,0.599
724,2024,1,regular,4812474,DJ Riles,WR,Georgia State,Georgia Tech,0.64,0.64,
725,2024,1,regular,4880511,Jordan Ford,RB,Georgia State,Georgia Tech,-0.66,,-0.66
726,2024,1,regular,5079372,Anthony Carrie,RB,Georgia Tech,Georgia State,0.337,-0.669,0.589
727,2024,1,regular,5092410,Dorian Fleming,TE,Georgia State,Georgia Tech,1.327,1.327,
728,2024,1,regular,5095360,Eric Singleton Jr.,WR,Georgia Tech,Georgia State,1.377,0.979,2.973
729,2024,1,regular,5125580,Chad Alexander,RB,Georgia Tech,Georgia State,0.395,,0.395
730,2024,1,regular,5125593,Bailey Stockton,WR,Georgia Tech,Georgia State,1.311,1.311,
731,2024,1,regular,5220680,Ted Hurst,WR,Georgia State,Georgia Tech,1.524,1.524,
732,2024,1,regular,5220681,Petey Tucker,WR,Georgia State,Georgia Tech,0.151,0.151,
733,2024,1,regular,4430854,Collin Sullivan,WR,Houston Christian,SMU,0.768,0.768,
734,2024,1,regular,4431083,Darryle Evans,RB,Houston Christian,SMU,-0.208,,-0.208
735,2024,1,regular,4431197,Romello Brinson,WR,SMU,Houston Christian,1.76,1.76,
736,2024,1,regular,4432718,LJ Johnson Jr.,RB,SMU,Houston Christian,0.452,0.119,0.499
737,2024,1,regular,4432767,Preston Stone,QB,SMU,Houston Christian,0.717,0.682,0.874
738,2024,1,regular,4568406,Calvin Hill,RB,Houston Christian,SMU,-0.417,,-0.417
739,2024,1,regular,4570190,Jake Bailey,WR,SMU,Houston Christian,1.397,1.397,
740,2024,1,regular,4577577,Ismael Fuller,WR,Houston Christian,SMU,0.965,0.965,
741,2024,1,regular,4594446,Roderick Daniels,WR,SMU,Houston Christian,0.817,1.495,0.364
742,2024,1,regular,4596602,Brashard Smith,RB,SMU,Houston Christian,1.089,,1.089
743,2024,1,regular,4607419,Keyshawn Smith,WR,SMU,Houston Christian,3.42,3.42,
744,2024,1,regular,4685409,Jordan Hudson,WR,SMU,Houston Christian,1.573,1.573,
745,2024,1,regular,4689553,Carter Campbell,WR,SMU,Houston Christian,1.047,1.047,
746,2024,1,regular,4702913,R.J. Maryland,TE,SMU,Houston Christian,1.019,1.019,
747,2024,1,regular,4872991,Zane Minors,RB,SMU,Houston Christian,0.119,,0.119
748,2024,1,regular,4879190,CJ Rogers,QB,Houston Christian,SMU,-0.174,-0.174,
749,2024,1,regular,5075392,Keldric Luster,QB,SMU,Houston Christian,0.2,,0.2
750,2024,1,regular,5079523,Derrick McFall,RB,SMU,Houston Christian,0.206,,0.206
751,2024,1,regular,5084084,Kevin Jennings,QB,SMU,Houston Christian,0.886,0.836,1.026
752,2024,1,regular,5084794,Deuce McMillan,WR,Houston Christian,SMU,1.289,1.289,
753,2024,1,regular,5086920,Eli Brickhandler,QB,Houston Christian,SMU,-0.531,-0.531,
754,2024,1,regular,5158460,Ashton Cozart,WR,SMU,Houston Christian,1.958,1.958,
755,2024,1,regular,5160131,Adam Moore,TE,SMU,Houston Christian,0.458,0.458,
756,2024,1,regular,5219225,Zach Hernandez,RB,SMU,Houston Christian,-0.291,,-0.291
757,2024,1,regular,4430565,Will Nixon,RB,Syracuse,Ohio,0.013,0.59,-0.372
758,2024,1,regular,4433971,Kyle McCord,QB,Syracuse,Ohio,0.6,0.66,-0.008
759,2024,1,regular,4575862,Trebor Pena,WR,Syracuse,Ohio,1.861,2.354,0.877
760,2024,1,regular,4578436,Coleman Owen,WR,Ohio,Syracuse,1.282,1.282,
761,2024,1,regular,4595342,Oronde Gadsden II,TE,Syracuse,Ohio,1.219,1.219,
762,2024,1,regular,4602788,Jackson Meeks,WR,Syracuse,Ohio,2.188,2.188,
763,2024,1,regular,4610131,Parker Navarro,QB,Ohio,Syracuse,-0.067,-0.014,-0.22
764,2024,1,regular,4691315,Umari Hatcher,WR,Syracuse,Ohio,1.779,1.779,
765,2024,1,regular,4709392,Anthony Tyus III,RB,Ohio,Syracuse,0.701,-0.043,0.807
766,2024,1,regular,4819228,Rodney Harris II,WR,Ohio,Syracuse,-0.162,-0.162,
767,2024,1,regular,4911851,Lequint Allen,RB,Syracuse,Ohio,0.208,0.558,0.115
768,2024,1,regular,4921110,Chase Hendricks,WR,Ohio,Syracuse,0.645,0.645,
769,2024,1,regular,5079749,Yasin Willis,RB,Syracuse,Ohio,-0.188,,-0.188
770,2024,1,regular,5083305,Caleb Gossett,WR,Ohio,Syracuse,0.076,0.076,
771,2024,1,regular,5121709,Rickey Hunt,RB,Ohio,Syracuse,-0.113,0.354,-0.19
772,2024,1,regular,5125819,Darrell Gill Jr.,WR,Syracuse,Ohio,0.998,0.998,
773,2024,1,regular,5150378,Zeed Haynes,WR,Syracuse,Ohio,1.032,1.032,
774,2024,1,regular,4431303,Jake Overman,TE,Pittsburgh,Kent State,1.83,1.83,
775,2024,1,regular,4431445,Ky Thomas,RB,Kent State,Pittsburgh,-0.246,0.249,-0.329
776,2024,1,regular,4431527,Derrick Davis Jr.,RB,Pittsburgh,Kent State,0.43,,0.43
777,2024,1,regular,4566157,Luke Floriea,WR,Kent State,Pittsburgh,2.329,2.329,
778,2024,1,regular,4568658,Daniel Carter,RB,Pittsburgh,Kent State,0.054,0.045,0.057
779,2024,1,regular,4683182,Nate Yarnell,QB,Pittsburgh,Kent State,0.193,0.136,0.364
780,2024,1,regular,4684638,Ali Fisher,WR,Kent State,Pittsburgh,2.255,2.255,
781,2024,1,regular,4685693,Devin Kargman,QB,Kent State,Pittsburgh,0.227,0.197,1.193
782,2024,1,regular,4708049,Gavin Bartholomew,TE,Pittsburgh,Kent State,0.97,0.97,
783,2024,1,regular,4710855,Konata Mumpfield,WR,Pittsburgh,Kent State,1.277,1.277,
784,2024,1,regular,4869599,Chrishon Mccray,WR,Kent State,Pittsburgh,0.931,0.931,
785,2024,1,regular,4870819,Eli Holstein,QB,Pittsburgh,Kent State,0.437,0.388,1.449
786,2024,1,regular,4871021,Lamar Seymore,WR,Pittsburgh,Kent State,0.086,0.086,
787,2024,1,regular,4877558,Raphael Williams,WR,Pittsburgh,Kent State,1.476,1.476,
788,2024,1,regular,4923295,Kenny Johnson,WR,Pittsburgh,Kent State,1.435,1.435,
789,2024,1,regular,5078404,Marques Hicks,RB,Kent State,Pittsburgh,-0.427,,-0.427
790,2024,1,regular,5082965,Tommy Ulatowski,QB,Kent State,Pittsburgh,1.654,,1.654
791,2024,1,regular,5089535,Desmond Reid,RB,Pittsburgh,Kent State,0.43,0.036,0.486
792,2024,1,regular,5089539,Censere Lee,WR,Pittsburgh,Kent State,0.496,0.496,
793,2024,1,regular,5159834,Curtis Douglas,RB,Kent State,Pittsburgh,-0.309,,-0.309
794,2024,1,regular,4428050,Kamari Morales,TE,Boston College,Florida State,1.192,1.192,
795,2024,1,regular,4428783,Treshaun Ward,RB,Boston College,Florida State,0.367,1.582,-0.038
796,2024,1,regular,4429020,D.J. Uiagalelei,QB,Florida State,Boston College,0.123,0.082,0.49
797,2024,1,regular,4429072,Lawrance Toafili,RB,Florida State,Boston College,-0.125,-0.168,0.095
798,2024,1,regular,4430636,Kentron Poitier,WR,Florida State,Boston College,2.314,2.314,
799,2024,1,regular,4430885,Ja'Khi Douglas,WR,Florida State,Boston College,0.454,0.454,
800,2024,1,regular,4430894,Caziah Holmes,RB,Florida State,Boston College,-0.703,,-0.703
801,2024,1,regular,4567253,Darion Williamson,WR,Florida State,Boston College,-0.374,-0.374,
802,2024,1,regular,4683159,Lewis Bond,WR,Boston College,Florida State,-0.455,-0.455,
803,2024,1,regular,4685723,Roydell Williams,RB,Florida State,Boston College,-0.183,-0.113,-0.276
804,2024,1,regular,4696686,Deuce Spann,WR,Florida State,Boston College,-1.027,-1.027,
805,2024,1,regular,4708354,Jeremiah Franklin,TE,Boston College,Florida State,0.722,0.722,
806,2024,1,regular,4773919,Thomas Castellanos,QB,Boston College,Florida State,0.509,0.394,0.681
807,2024,1,regular,4870619,Jalen Brown,WR,Florida State,Boston College,0.943,0.943,
808,2024,1,regular,4871148,Jaylin Lucas,RB,Florida State,Boston College,0.791,0.791,
809,2024,1,regular,4880638,Kye Robichaux,RB,Boston College,Florida State,0.203,2.334,0.091
810,2024,1,regular,4883774,Jayden McGowan,WR,Boston College,Florida State,-0.288,-0.288,
811,2024,1,regular,5031157,Reed Harris,WR,Boston College,Florida State,0.541,0.541,
812,2024,1,regular,5079364,Kam Davis,RB,Florida State,Boston College,-0.24,0.263,-0.407
813,2024,1,regular,5146724,Turbo Richard,RB,Boston College,Florida State,0.296,,0.296
814,2024,1,regular,5150247,Malik Benson,WR,Florida State,Boston College,0.572,0.572,
815,2024,1,regular,4426459,Chase Lane,WR,Georgia Tech,Florida State,2.291,2.291,
816,2024,1,regular,4428993,Haynes King,QB,Georgia Tech,Florida State,0.288,0.715,-0.167
817,2024,1,regular,4429020,D.J. Uiagalelei,QB,Florida State,Georgia Tech,0.322,0.361,0.102
818,2024,1,regular,4429072,Lawrance Toafili,RB,Florida State,Georgia Tech,-0.095,0.068,-0.155
819,2024,1,regular,4430636,Kentron Poitier,WR,Florida State,Georgia Tech,2.405,2.405,
820,2024,1,regular,4430885,Ja'Khi Douglas,WR,Florida State,Georgia Tech,0.946,0.946,
821,2024,1,regular,4430894,Caziah Holmes,RB,Florida State,Georgia Tech,-0.19,,-0.19
822,2024,1,regular,4577541,Avery Boyd,WR,Georgia Tech,Florida State,0.686,0.686,
823,2024,1,regular,4603746,Malik Rutherford,WR,Georgia Tech,Florida State,0.526,0.468,0.928
824,2024,1,regular,4611995,Jamal Haynes,RB,Georgia Tech,Florida State,0.71,1.187,0.623
825,2024,1,regular,4685723,Roydell Williams,RB,Florida State,Georgia Tech,0.073,0.648,-0.071
826,2024,1,regular,4731586,Kyle Morlock,TE,Florida State,Georgia Tech,-0.329,-0.329,
827,2024,1,regular,4746127,Zach Pyron,QB,Georgia Tech,Florida State,0.938,,0.938
828,2024,1,regular,4870619,Jalen Brown,WR,Florida State,Georgia Tech,0.269,0.269,
829,2024,1,regular,4871148,Jaylin Lucas,RB,Florida State,Georgia Tech,0.418,0.173,0.541
830,2024,1,regular,5079364,Kam Davis,RB,Florida State,Georgia Tech,-0.938,-0.814,-1.062
831,2024,1,regular,5095360,Eric Singleton Jr.,WR,Georgia Tech,Florida State,0.298,0.13,0.966
832,2024,1,regular,5125580,Chad Alexander,RB,Georgia Tech,Florida State,0.242,,0.242
833,2024,1,regular,5150247,Malik Benson,WR,Florida State,Georgia Tech,0.554,0.554,
834,2024,1,regular,4426645,Jouvensly Bazil,RB,Bethune-Cookman,South Florida,-0.329,-0.26,-0.352
835,2024,1,regular,4426815,Mike Brown-Stephens,WR,South Florida,Bethune-Cookman,1.36,1.36,
836,2024,1,regular,4427649,Kelley Joiner Jr.,RB,South Florida,Bethune-Cookman,0.119,,0.119
837,2024,1,regular,4428095,Thomas Nance,TE,Bethune-Cookman,South Florida,0.421,0.421,
838,2024,1,regular,4428200,Cross Patton,RB,Bethune-Cookman,South Florida,-1.054,-1.178,-1.023
839,2024,1,regular,4428320,Courtney Reese,RB,Bethune-Cookman,South Florida,-0.34,0.398,-0.414
840,2024,1,regular,4429120,Micah Bowens,QB,Bethune-Cookman,South Florida,-0.18,-0.056,-0.366
841,2024,1,regular,4433940,Abdur-Rahmaan Yaseen,WR,South Florida,Bethune-Cookman,1.404,1.404,
842,2024,1,regular,4567400,Nay'Quan Wright,RB,South Florida,Bethune-Cookman,0.38,2.075,0.138
843,2024,1,regular,4571563,Sean Atkins,WR,South Florida,Bethune-Cookman,0.419,0.419,
844,2024,1,regular,4573542,Marcus Velez,TE,Bethune-Cookman,South Florida,0.521,0.521,
845,2024,1,regular,4575831,Taron Keith,RB,South Florida,Bethune-Cookman,0.319,,0.319
846,2024,1,regular,4613193,Joshua Cobbs,WR,South Florida,Bethune-Cookman,0.751,0.751,
847,2024,1,regular,4690157,Yasias Young,RB,South Florida,Bethune-Cookman,0.29,,0.29
848,2024,1,regular,4806463,Bryce Archie,QB,South Florida,Bethune-Cookman,0.039,0.039,
849,2024,1,regular,4876642,Maleek Huggins,WR,Bethune-Cookman,South Florida,0.757,0.757,
850,2024,1,regular,4877346,Terry Lindsey,RB,Bethune-Cookman,South Florida,1.025,,1.025
851,2024,1,regular,4880272,Byrum Brown,QB,South Florida,Bethune-Cookman,0.365,0.255,0.693
852,2024,1,regular,4880664,Jostein Clarke,WR,Bethune-Cookman,South Florida,2.567,2.567,
853,2024,1,regular,4950550,Jeyquan Smith,WR,South Florida,Bethune-Cookman,0.038,0.038,
854,2024,1,regular,5122403,Lorenzo Jenkins,WR,Bethune-Cookman,South Florida,1.331,1.331,
855,2024,1,regular,5146576,Joshua Porter,WR,South Florida,Bethune-Cookman,0.401,0.401,
856,2024,1,regular,5193089,Alvon Isaac,RB,South Florida,Bethune-Cookman,-0.484,,-0.484
857,2024,1,regular,4429914,Karter Johnson,TE,Florida A&M,Norfolk State,3.396,3.396,
858,2024,1,regular,4432702,Thad Franklin,RB,Florida A&M,Norfolk State,2.618,2.618,
859,2024,1,regular,4528999,Jalen Rogers,WR,Florida A&M,Norfolk State,1.123,1.123,
860,2024,1,regular,4570259,Daniel Richardson,QB,Florida A&M,Norfolk State,0.755,0.763,0.693
861,2024,1,regular,4684091,Jamari Gassett,WR,Florida A&M,Norfolk State,1.096,1.347,-0.665
862,2024,1,regular,4816084,Jaylen Ward,WR,Florida A&M,Norfolk State,1.254,1.254,
863,2024,1,regular,4873590,Koby Gross,TE,Florida A&M,Norfolk State,1.902,1.902,
864,2024,1,regular,5087251,Kevon King,RB,Norfolk State,Florida A&M,0.707,,0.707
865,2024,1,regular,4429255,Marquez Bell,WR,Florida A&M,South Carolina State,0.375,0.375,
866,2024,1,regular,4429914,Karter Johnson,TE,Florida A&M,South Carolina State,1.481,1.405,1.861
867,2024,1,regular,4430596,Keshawn Toney,TE,South Carolina State,Florida A&M,-0.06,-0.06,
868,2024,1,regular,4432702,Thad Franklin,RB,Florida A&M,South Carolina State,2.824,2.824,
869,2024,1,regular,4570259,Daniel Richardson,QB,Florida A&M,South Carolina State,0.744,0.968,-0.052
870,2024,1,regular,4589693,Einaj Carter,WR,South Carolina State,Florida A&M,0.627,0.627,
871,2024,1,regular,4684091,Jamari Gassett,WR,Florida A&M,South Carolina State,0.024,-0.005,0.168
872,2024,1,regular,4702574,Quan Lee,WR,Florida A&M,South Carolina State,2.182,2.924,1.44
873,2024,1,regular,4749271,Justin Smith-Brown,WR,South Carolina State,Florida A&M,0.994,0.994,
874,2024,1,regular,4816084,Jaylen Ward,WR,Florida A&M,South Carolina State,1.548,1.548,
875,2024,1,regular,4873590,Koby Gross,TE,Florida A&M,South Carolina State,1.582,1.582,
876,2024,1,regular,4883859,Jordan Smith,WR,South Carolina State,Florida A&M,1.773,1.773,
877,2024,1,regular,5082004,Ace Cobb,WR,Florida A&M,South Carolina State,1.42,1.42,
878,2024,1,regular,5097945,Josh Shaw,RB,South Carolina State,Florida A&M,0.732,,0.732
879,2024,1,regular,5231354,Caden High,WR,South Carolina State,Florida A&M,0.63,0.63,
880,2024,1,regular,4373895,Ben Wooldridge,QB,Louisiana,Grambling,0.369,0.379,0.28
881,2024,1,regular,4426454,Lance LeGendre,WR,Louisiana,Grambling,0.705,0.705,
882,2024,1,regular,4428808,Jacob Bernard,WR,Louisiana,Grambling,0.467,0.467,
883,2024,1,regular,4429595,Chandler Fields,QB,Louisiana,Grambling,0.333,0.539,-0.699
884,2024,1,regular,4608801,Nae'Saan Dickerson,WR,Grambling,Louisiana,3.443,3.443,
885,2024,1,regular,4685739,Tre Bradford,RB,Grambling,Louisiana,-0.143,-0.403,-0.031
886,2024,1,regular,4685795,Kendrell Williams,RB,Louisiana,Grambling,-0.111,,-0.111
887,2024,1,regular,4685829,Dre'Lyn Washington,RB,Louisiana,Grambling,0.719,,0.719
888,2024,1,regular,4690127,Tony Forrest,TE,Grambling,Louisiana,-1.331,-1.331,
889,2024,1,regular,4690461,Robert Williams,WR,Louisiana,Grambling,0.709,0.709,
890,2024,1,regular,4690933,Rhett Guidry,TE,Louisiana,Grambling,0.997,0.997,
891,2024,1,regular,4693861,Myles Crawley,QB,Grambling,Louisiana,-0.179,-0.179,
892,2024,1,regular,4867887,Terrance Carter,TE,Louisiana,Grambling,1.181,1.181,
893,2024,1,regular,4875451,Dale Martin,WR,Louisiana,Grambling,0.507,0.507,
894,2024,1,regular,4883676,Jalen Johnson,WR,Grambling,Louisiana,0.256,0.256,
895,2024,1,regular,4917310,Zylan Perry,RB,Louisiana,Grambling,0.098,-0.219,0.161
896,2024,1,regular,4918412,Harvey Broussard,WR,Louisiana,Grambling,1.923,1.923,
897,2024,1,regular,5085497,Ty Stamey,TE,Louisiana,Grambling,0.291,0.291,
898,2024,1,regular,5089865,Dedrick Talbert,RB,Grambling,Louisiana,-0.788,-0.788,
899,2024,1,regular,5089868,Covadis Knighten,TE,Grambling,Louisiana,1.923,1.923,
900,2024,1,regular,5146163,Rahji Dennis,WR,Louisiana,Grambling,1.113,1.113,
901,2024,1,regular,5152211,Jacoby Bellazar,WR,Grambling,Louisiana,0.77,0.77,
902,2024,1,regular,5156906,Bill Davis,RB,Louisiana,Grambling,0.183,,0.183
903,2024,1,regular,5156911,Landon Baptiste,WR,Louisiana,Grambling,0.448,0.448,
904,2024,1,regular,5156926,Tavion Smith,WR,Louisiana,Grambling,2.061,2.061,
905,2024,1,regular,5156928,Caden Jensen,TE,Louisiana,Grambling,0.265,0.265,
906,2024,1,regular,4430105,Fabian Mccray,WR,Jackson State,UL Monroe,0.035,0.035,
907,2024,1,regular,4430654,Rico Powers Jr.,WR,Jackson State,UL Monroe,-0.15,-0.15,
908,2024,1,regular,4612078,JaCobian Morgan,QB,Jackson State,UL Monroe,0.434,0.438,0.505
909,2024,1,regular,4683912,Hunter Herring,QB,UL Monroe,Jackson State,-0.603,,-0.603
910,2024,1,regular,4713196,Davon Wells,WR,UL Monroe,Jackson State,0.833,0.833,
911,2024,1,regular,4881961,Kobe Paul,WR,Jackson State,UL Monroe,2.504,2.504,
912,2024,1,regular,4912281,Taven Curry,RB,UL Monroe,Jackson State,0.319,0.265,0.332
913,2024,1,regular,4917305,Cam'Ron McCoy,QB,Jackson State,UL Monroe,-1.178,-1.178,
914,2024,1,regular,5081925,General Booty,QB,UL Monroe,Jackson State,0.149,0.192,0.041
915,2024,1,regular,5083981,Joanes Fortilien,WR,Jackson State,UL Monroe,1.141,1.141,
916,2024,1,regular,5122054,Aidan Armenta,QB,UL Monroe,Jackson State,3.481,3.481,
917,2024,1,regular,5163021,Jacob Godfrey,WR,UL Monroe,Jackson State,0.307,0.307,
918,2024,1,regular,5197065,Ahmad Hardy,RB,UL Monroe,Jackson State,0.322,,0.322
919,2024,1,regular,5220222,Javon Campbell,WR,UL Monroe,Jackson State,1.568,1.568,
920,2024,1,regular,5220253,James Jones,RB,UL Monroe,Jackson State,0.308,,0.308
921,2024,1,regular,4430914,Lawrence Arnold,WR,Kansas,Lindenwood,1.924,1.924,
922,2024,1,regular,4431735,Douglas Emilien,WR,Kansas,Lindenwood,1.529,2.983,0.075
923,2024,1,regular,4432326,Trevor Kardell,TE,Kansas,Lindenwood,0.253,0.253,
924,2024,1,regular,4433830,Luke Grimm,WR,Kansas,Lindenwood,1.961,1.961,
925,2024,1,regular,4568694,Daniel Hishaw Jr.,RB,Kansas,Lindenwood,0.692,,0.692
926,2024,1,regular,4576218,Sevion Morrison,RB,Kansas,Lindenwood,0.345,,0.345
927,2024,1,regular,4596472,Jalon Daniels,QB,Kansas,Lindenwood,0.474,0.474,
928,2024,1,regular,4613050,Quentin Skinner,WR,Kansas,Lindenwood,-1.22,1.226,-3.665
929,2024,1,regular,4682652,Devin Neal,RB,Kansas,Lindenwood,1.259,,1.259
930,2024,1,regular,4697101,Cortezz Jones,RB,Lindenwood,Kansas,0.321,3.589,-0.042
931,2024,1,regular,4899137,Johnny Thompson Jr.,RB,Kansas,Lindenwood,0.345,,0.345
932,2024,1,regular,5081092,Mikey Pauley,QB,Kansas,Lindenwood,2.316,,2.316
933,2024,1,regular,5081856,Nate Glantz,QB,Lindenwood,Kansas,0.089,0.033,0.221
934,2024,1,regular,5122286,Reece Thomas,WR,Lindenwood,Kansas,1.572,1.572,
935,2024,1,regular,5126514,Harry Stewart III,RB,Kansas,Lindenwood,-0.213,,-0.213
936,2024,1,regular,5151060,Cole Ballard,QB,Kansas,Lindenwood,0.739,0.85,0.46
937,2024,1,regular,4361014,Brant Kuithe,TE,Utah,Southern Utah,2.1,2.1,
938,2024,1,regular,4362075,Cameron Rising,QB,Utah,Southern Utah,1.107,1.348,0.201
939,2024,1,regular,4426696,Micah Bernard,RB,Utah,Southern Utah,0.24,,0.24
940,2024,1,regular,4428754,Charlie Vincent,RB,Utah,Southern Utah,-0.494,,-0.494
941,2024,1,regular,4431309,Money Parks,WR,Utah,Southern Utah,0.645,0.645,
942,2024,1,regular,4432208,Caleb Lohner,TE,Utah,Southern Utah,2.618,2.618,
943,2024,1,regular,4569557,Miki Suguturaga,TE,Utah,Southern Utah,-0.342,-0.342,
944,2024,1,regular,4684913,Braedon Wissler,RB,Southern Utah,Utah,-0.381,,-0.381
945,2024,1,regular,4697131,Bronson Barron,QB,Southern Utah,Utah,-0.309,-0.366,0.092
946,2024,1,regular,4698425,Jordan Jefferson,RB,Southern Utah,Utah,-0.489,-0.377,-0.545
947,2024,1,regular,4711055,Dorian Singer,WR,Utah,Southern Utah,1.169,1.169,
948,2024,1,regular,4804885,Brandon Rose,QB,Utah,Southern Utah,1.01,,1.01
949,2024,1,regular,4808744,Jaylon Glover,RB,Utah,Southern Utah,-0.615,,-0.615
950,2024,1,regular,4876330,Jackson Berry,QB,Southern Utah,Utah,-0.017,-0.068,0.148
951,2024,1,regular,4922995,Dijon Stanley,RB,Utah,Southern Utah,1.628,4.346,0.269
952,2024,1,regular,4940235,Taeshaun Lyons,WR,Utah,Southern Utah,-0.114,-0.114,
953,2024,1,regular,5079771,Isaac Wilson,QB,Utah,Southern Utah,-0.165,-0.222,-0.01
954,2024,1,regular,5084829,Luca Caldarella,WR,Utah,Southern Utah,0.41,0.41,
955,2024,1,regular,5085714,Jordan Pachot,QB,Southern Utah,Utah,-0.536,-0.536,
956,2024,1,regular,5093733,Joshua Acord,TE,Southern Utah,Utah,-0.125,-0.125,
957,2024,1,regular,5103514,Daidren Zipperer,WR,Utah,Southern Utah,1.278,1.278,
958,2024,1,regular,5148821,Hunter Andrews,TE,Utah,Southern Utah,0.776,,0.776
959,2024,1,regular,5152900,Mike Mitchell,RB,Utah,Southern Utah,0.958,,0.958
960,2024,1,regular,5219999,Omar Shah,RB,Utah,Southern Utah,-1.161,,-1.161
961,2024,1,regular,4432369,Sol-Jay Maiava-Peters,RB,New Mexico,Arizona,-0.553,-0.553,
962,2024,1,regular,4433871,Caleb Medford,WR,New Mexico,Arizona,3.01,3.01,
963,2024,1,regular,4570132,Ryan Davis,WR,New Mexico,Arizona,0.603,0.603,
964,2024,1,regular,4575131,Jacory Merritt,RB,Arizona,New Mexico,0.079,-0.914,0.155
965,2024,1,regular,4682761,Luke Wysong,WR,New Mexico,Arizona,1.771,1.771,
966,2024,1,regular,4684525,Eli Sanders,RB,New Mexico,Arizona,-0.142,1.932,-0.401
967,2024,1,regular,4685289,Keyan Burnett,TE,Arizona,New Mexico,1.308,1.308,
968,2024,1,regular,4685445,Rayshon Luke,RB,Arizona,New Mexico,0.461,2.287,-1.364
969,2024,1,regular,4685472,Tetairoa Mcmillan,WR,Arizona,New Mexico,2.238,2.238,
970,2024,1,regular,4686775,Montana Lemonious-Craig,WR,Arizona,New Mexico,0.783,0.783,
971,2024,1,regular,4694583,Quali Conley,RB,Arizona,New Mexico,0.75,0.685,0.77
972,2024,1,regular,4695616,Isaiah Chavez,QB,New Mexico,Arizona,-0.587,,-0.587
973,2024,1,regular,4708878,Trace Bruckler,TE,New Mexico,Arizona,0.766,0.766,
974,2024,1,regular,4801717,Noah Fifita,QB,Arizona,New Mexico,0.919,0.885,1.968
975,2024,1,regular,4816099,Javen Jacobs,RB,New Mexico,Arizona,0.344,-0.237,0.925
976,2024,1,regular,4870994,Malachi Riley,WR,Arizona,New Mexico,0.387,0.387,
977,2024,1,regular,4899361,Kedrick Reescano,RB,Arizona,New Mexico,-1.069,,-1.069
978,2024,1,regular,5093837,Chris Hunter,WR,Arizona,New Mexico,1.715,1.715,
979,2024,1,regular,5105849,Devon Dampier,QB,New Mexico,Arizona,0.439,0.422,0.487
980,2024,1,regular,5122072,Nic Trujillo,WR,New Mexico,Arizona,2.078,2.078,
981,2024,1,regular,5219140,Jeremiah Patterson,WR,Arizona,New Mexico,0.478,0.478,
982,2024,1,regular,4428594,Melquan Stovall,WR,Arizona State,Wyoming,1.925,1.925,
983,2024,1,regular,4429066,Jeff Sims,QB,Arizona State,Wyoming,-0.05,,-0.05
984,2024,1,regular,4429316,DeCarlos Brooks,RB,Arizona State,Wyoming,0.709,,0.709
985,2024,1,regular,4431461,Chamon Metayer,TE,Arizona State,Wyoming,2.7,2.7,
986,2024,1,regular,4567532,Devin Boddie Jr.,WR,Wyoming,Arizona State,0.709,1.73,-0.313
987,2024,1,regular,4572455,Jake Smith,WR,Arizona State,Wyoming,0.546,0.76,-0.097
988,2024,1,regular,4680018,Alton McCaskill,RB,Arizona State,Wyoming,-0.349,,-0.349
989,2024,1,regular,4688818,D.J. Jones,RB,Wyoming,Arizona State,-0.106,,-0.106
990,2024,1,regular,4695910,Xavier Guillory,WR,Arizona State,Wyoming,0.151,0.151,
991,2024,1,regular,4696981,Cameron Skattebo,RB,Arizona State,Wyoming,0.386,0.595,0.367
992,2024,1,regular,4700138,Sam Scott,RB,Wyoming,Arizona State,0.315,,0.315
993,2024,1,regular,4869443,Tyler King,WR,Wyoming,Arizona State,1.22,1.22,
994,2024,1,regular,4880281,Jordyn Tyson,WR,Arizona State,Wyoming,1.084,1.416,-0.243
995,2024,1,regular,4899468,Kaden Anderson,QB,Wyoming,Arizona State,0.708,1.159,-0.646
996,2024,1,regular,5078810,Sam Leavitt,QB,Arizona State,Wyoming,0.635,0.514,1.078
997,2024,1,regular,5079348,Jason Brown Jr.,RB,Arizona State,Wyoming,1.382,,1.382
998,2024,1,regular,5082633,Evan Svoboda,QB,Wyoming,Arizona State,-0.289,-0.479,0.851
999,2024,1,regular,5110535,Kyson Brown,RB,Arizona State,Wyoming,0.747,7.002,-0.295
1000,2024,1,regular,5152200,Jamari Ferrell,RB,Wyoming,Arizona State,-0.734,,-0.734
1001,2024,1,regular,5159831,Derek Eusebio,WR,Arizona State,Wyoming,0.026,,0.026
1002,2024,1,regular,5193298,Chris Durr Jr.,WR,Wyoming,Arizona State,2.625,2.625,
1003,2024,1,regular,4427191,Dequan Finn,QB,Baylor,Tarleton State,-0.098,-0.101,-0.083
1004,2024,1,regular,4431389,Ketron Jackson,WR,Baylor,Tarleton State,3.359,3.359,
1005,2024,1,regular,4432759,Sawyer Robertson,QB,Baylor,Tarleton State,1.216,1.216,
1006,2024,1,regular,4587721,Daniel Greek,QB,Tarleton State,Baylor,0.066,0.116,-0.149
1007,2024,1,regular,4594749,Michael Trigg,TE,Baylor,Tarleton State,1.694,1.694,
1008,2024,1,regular,4708127,Monaray Baldwin,WR,Baylor,Tarleton State,2.057,2.057,
1009,2024,1,regular,4715357,Braelon Bridges,RB,Tarleton State,Baylor,-0.14,,-0.14
1010,2024,1,regular,4715358,Derrel Kelley III,RB,Tarleton State,Baylor,-0.218,,-0.218
1011,2024,1,regular,4837335,Richard Reese,RB,Baylor,Tarleton State,0.067,-0.06,0.081
1012,2024,1,regular,4876167,Benjamin Omayebu,WR,Tarleton State,Baylor,0.951,0.951,
1013,2024,1,regular,4879194,Josh Cameron,WR,Baylor,Tarleton State,0.955,0.955,
1014,2024,1,regular,4879677,Ashtyn Hawkins,WR,Baylor,Tarleton State,1.631,1.631,
1015,2024,1,regular,4887796,Kayvon Britten,RB,Tarleton State,Baylor,0.112,,0.112
1016,2024,1,regular,4917621,Micah Gifford,WR,Baylor,Tarleton State,2.943,2.943,
1017,2024,1,regular,4921305,Matthew Klopfenstein,TE,Baylor,Tarleton State,2.339,2.339,
1018,2024,1,regular,4921517,Dawson Pendergrass,RB,Baylor,Tarleton State,0.158,-0.21,0.201
1019,2024,1,regular,5079627,Jadon Porter,WR,Baylor,Tarleton State,0.62,0.62,
1020,2024,1,regular,5093994,Dawson Hearne,TE,Tarleton State,Baylor,-0.255,-0.255,
1021,2024,1,regular,5145459,Nate Bennett,QB,Baylor,Tarleton State,2.943,2.943,
1022,2024,1,regular,5222190,Joseph Hagman,RB,Baylor,Tarleton State,-0.391,,-0.391
1023,2024,1,regular,4429949,Maliq Carr,TE,Houston,UNLV,1.308,1.308,
1024,2024,1,regular,4431281,Christian Moore,TE,UNLV,Houston,-0.429,,-0.429
1025,2024,1,regular,4431479,Ricky White,WR,UNLV,Houston,0.27,0.27,
1026,2024,1,regular,4432551,Stacy Sneed,RB,Houston,UNLV,-0.331,-0.051,-0.472
1027,2024,1,regular,4683111,Jaden Bradley,WR,UNLV,Houston,1.894,1.894,
1028,2024,1,regular,4683227,Joseph Manjack,WR,Houston,UNLV,0.6,0.6,
1029,2024,1,regular,4683412,Marquis Shoulders,WR,Houston,UNLV,0.205,0.32,0.089
1030,2024,1,regular,4685237,Michael Allen,RB,UNLV,Houston,0.12,,0.12
1031,2024,1,regular,4690977,Donovan Smith,QB,Houston,UNLV,-0.36,-0.397,-0.149
1032,2024,1,regular,4695904,Matthew Sluka,QB,UNLV,Houston,0.21,-0.059,0.586
1033,2024,1,regular,4702830,Stephon Johnson Jr.,WR,Houston,UNLV,0.424,0.533,0.097
1034,2024,1,regular,4870518,Zeon Chriss,QB,Houston,UNLV,-0.159,,-0.159
1035,2024,1,regular,4871059,Jonah Wilson,WR,Houston,UNLV,0.438,0.438,
1036,2024,1,regular,4877647,Kylin James,RB,UNLV,Houston,0.105,,0.105
1037,2024,1,regular,4881836,Mekhi Mews,WR,Houston,UNLV,0.723,0.723,
1038,2024,1,regular,4923290,Parker Jenkins,RB,Houston,UNLV,0.163,-0.07,0.397
1039,2024,1,regular,5078223,Re'Shaun Sanford II,RB,Houston,UNLV,0.308,0.396,0.242
1040,2024,1,regular,5125754,Jai'Den Thomas,RB,UNLV,Houston,-0.718,,-0.718
1041,2024,1,regular,5125768,DeAngelo Irvin Jr.,WR,UNLV,Houston,0.809,3.175,-0.374
1042,2024,1,regular,5146728,Koby Young,WR,Houston,UNLV,0.139,0.139,
1043,2024,1,regular,5149908,Greg Burrell,RB,UNLV,Houston,-0.094,,-0.094
1044,2024,1,regular,5150645,Ui Ale,QB,Houston,UNLV,0.593,0.679,-0.093
1045,2024,1,regular,5155179,Jacob De Jesus,WR,UNLV,Houston,0.576,1.788,-0.636
1046,2024,1,regular,4427313,Ta'Quan Roberson,QB,Kansas State,UT Martin,-0.793,-0.793,
1047,2024,1,regular,4431537,Trevonte Rucker,WR,UT Martin,Kansas State,2.082,4.557,-0.393
1048,2024,1,regular,4567241,Kinkead Dent,QB,UT Martin,Kansas State,-0.028,0.172,-0.667
1049,2024,1,regular,4567244,Jadon Jackson,WR,Kansas State,UT Martin,1.113,,1.113
1050,2024,1,regular,4575936,Airius Trice,WR,UT Martin,Kansas State,0.159,0.159,
1051,2024,1,regular,4682688,Kaiya Sheron,QB,UT Martin,Kansas State,0.127,0.095,0.175
1052,2024,1,regular,4683219,Patrick Smith,RB,UT Martin,Kansas State,-0.265,,-0.265
1053,2024,1,regular,4683237,Keagan Johnson,WR,Kansas State,UT Martin,0.366,0.366,
1054,2024,1,regular,4694701,Rashad Raymond,RB,UT Martin,Kansas State,-0.166,-0.14,-0.172
1055,2024,1,regular,4736246,Jacob Knuth,QB,Kansas State,UT Martin,1.59,0.628,2.552
1056,2024,1,regular,4869442,Brayden Loftin,TE,Kansas State,UT Martin,1.424,1.424,
1057,2024,1,regular,4870857,Avery Johnson,QB,Kansas State,UT Martin,0.165,0.016,1.207
1058,2024,1,regular,4874509,DJ Giddens,RB,Kansas State,UT Martin,0.346,-0.336,0.503
1059,2024,1,regular,4877547,DeVonte Tanksley,WR,UT Martin,Kansas State,0.799,1.759,-1.121
1060,2024,1,regular,4891198,Tre Spivey,WR,Kansas State,UT Martin,0.514,0.514,
1061,2024,1,regular,4918414,Dylan Edwards,RB,Kansas State,UT Martin,1.049,1.195,0.991
1062,2024,1,regular,5078916,Joe Jackson,RB,Kansas State,UT Martin,0.208,,0.208
1063,2024,1,regular,5081919,La'James White,RB,Kansas State,UT Martin,2.004,,2.004
1064,2024,1,regular,5092954,Max Dowling,TE,UT Martin,Kansas State,0.01,0.01,
1065,2024,1,regular,5121334,Jayce Brown,WR,Kansas State,UT Martin,0.802,0.802,
1066,2024,1,regular,4427966,Maverick McIvor,QB,Abilene Christian,Texas Tech,0.684,0.715,-0.684
1067,2024,1,regular,4429299,Tahj Brooks,RB,Texas Tech,Abilene Christian,0.095,0.076,0.097
1068,2024,1,regular,4429422,Trey Cleveland,WR,Abilene Christian,Texas Tech,0.755,0.755,
1069,2024,1,regular,4431465,Behren Morton,QB,Texas Tech,Abilene Christian,0.644,0.666,-0.296
1070,2024,1,regular,4575558,Josh Kelly,WR,Texas Tech,Abilene Christian,1.758,1.758,
1071,2024,1,regular,4587705,Cam'Ron Valdez,RB,Texas Tech,Abilene Christian,0.272,,0.272
1072,2024,1,regular,4592572,Mason Tharp,TE,Texas Tech,Abilene Christian,0.302,0.302,
1073,2024,1,regular,4662406,Javon Gipson,WR,Abilene Christian,Texas Tech,1.006,1.006,
1074,2024,1,regular,4682792,Jed Castles,TE,Abilene Christian,Texas Tech,0.887,0.887,
1075,2024,1,regular,4686373,Jordan Brown,WR,Texas Tech,Abilene Christian,1.849,1.849,
1076,2024,1,regular,4686606,Isaiah Johnson,RB,Abilene Christian,Texas Tech,0.281,0.99,0.118
1077,2024,1,regular,4692538,Jalin Conyers,TE,Texas Tech,Abilene Christian,1.6,1.6,
1078,2024,1,regular,4701592,Jordon Vaughn,RB,Abilene Christian,Texas Tech,-0.906,,-0.906
1079,2024,1,regular,4869645,Caleb Douglas,WR,Texas Tech,Abilene Christian,1.269,1.269,
1080,2024,1,regular,4877773,Johncarlos Miller II,TE,Texas Tech,Abilene Christian,1.328,1.328,
1081,2024,1,regular,4916941,Coy Eakin,WR,Texas Tech,Abilene Christian,1.459,1.459,
1082,2024,1,regular,5083552,Blayne Taylor,WR,Abilene Christian,Texas Tech,2.083,2.083,
1083,2024,1,regular,5083553,Rovaughn Banks Jr.,RB,Abilene Christian,Texas Tech,0.211,0.84,0.071
1084,2024,1,regular,5086218,Sam Hicks,RB,Abilene Christian,Texas Tech,-0.248,,-0.248
1085,2024,1,regular,5193580,Cameron Dickey,RB,Texas Tech,Abilene Christian,0.08,,0.08
1086,2024,1,regular,5193926,Cameran Brown,QB,Texas Tech,Abilene Christian,-0.638,,-0.638
1087,2024,1,regular,4426894,Dante Chachere,QB,Portland State,Washington State,-0.007,-0.283,0.621
1088,2024,1,regular,4429967,Kris Hutson,WR,Washington State,Portland State,1.799,1.799,
1089,2024,1,regular,4430520,Elias Spence,TE,Portland State,Washington State,-0.401,-0.401,
1090,2024,1,regular,4433859,Jalynnee McGee,RB,Portland State,Washington State,-0.364,-0.137,-0.42
1091,2024,1,regular,4569181,Kyle Maxwell,WR,Washington State,Portland State,-0.048,-0.048,
1092,2024,1,regular,4569422,Christian Grubb,RB,Portland State,Washington State,-0.106,0.111,-0.16
1093,2024,1,regular,4579071,Billy Riviere III,TE,Washington State,Portland State,0.955,0.955,
1094,2024,1,regular,4600410,Tre Shackelford,WR,Washington State,Portland State,1.982,1.982,
1095,2024,1,regular,4613202,Kyle Williams,WR,Washington State,Portland State,3.205,3.205,
1096,2024,1,regular,4683208,Branden Alvarez,WR,Portland State,Washington State,2.367,2.367,
1097,2024,1,regular,4683386,William Haskell,QB,Portland State,Washington State,0.288,0.288,
1098,2024,1,regular,4697633,Dylan Paine,RB,Washington State,Portland State,-0.385,,-0.385
1099,2024,1,regular,4701216,Jacques Badolato-Birdsell,RB,Portland State,Washington State,-0.524,,-0.524
1100,2024,1,regular,4804879,Quincy Craig,RB,Portland State,Washington State,0.419,1.145,0.016
1101,2024,1,regular,4832819,Djouvensky Schlenbaker,RB,Washington State,Portland State,0.949,,0.949
1102,2024,1,regular,4876066,Zevi Eckhaus,QB,Washington State,Portland State,0.712,0.712,
1103,2024,1,regular,4896057,Chance Miller,WR,Portland State,Washington State,3.144,3.144,
1104,2024,1,regular,4915980,John Mateer,QB,Washington State,Portland State,1.727,1.563,3.121
1105,2024,1,regular,5024359,Trey Leckner,TE,Washington State,Portland State,4.419,4.419,
1106,2024,1,regular,5076654,Leo Pulalasi,RB,Washington State,Portland State,0.215,,0.215
1107,2024,1,regular,5085597,Jaylen Lynch,WR,Portland State,Washington State,1.003,1.003,
1108,2024,1,regular,5085598,Tanner Beaman,TE,Portland State,Washington State,0.818,0.818,
1109,2024,1,regular,5148822,Chris Barnes,WR,Washington State,Portland State,-0.362,-0.362,
1110,2024,1,regular,5153065,Branden Ganashamoorthy,WR,Washington State,Portland State,-0.104,-0.104,
1111,2024,1,regular,5173431,Wayshawn Parker,RB,Washington State,Portland State,0.949,4.008,0.566
1112,2024,1,regular,5221381,Tony Freeman,WR,Washington State,Portland State,2.824,2.824,
1113,2024,1,regular,4426847,Zach Calzada,QB,Incarnate Word,Northern Colorado,0.385,0.333,0.78
1114,2024,1,regular,4429445,Logan Compton,TE,Incarnate Word,Northern Colorado,2.674,2.674,
1115,2024,1,regular,4430898,David Afari,RB,Northern Colorado,Incarnate Word,-0.052,,-0.052
1116,2024,1,regular,4433824,Hank Gibbs,QB,Northern Colorado,Incarnate Word,0.974,0.096,1.412
1117,2024,1,regular,4565180,Peter Costelli,QB,Northern Colorado,Incarnate Word,0.703,0.573,1.2
1118,2024,1,regular,4578992,Mason Pierce,WR,Incarnate Word,Northern Colorado,-0.108,-0.108,
1119,2024,1,regular,4693901,Roy Alexander,WR,Incarnate Word,Northern Colorado,0.257,0.257,
1120,2024,1,regular,4875788,Jalen Walthall,WR,Incarnate Word,Northern Colorado,1.153,1.153,
1121,2024,1,regular,5082251,Vann Schield,RB,Northern Colorado,Incarnate Word,0.227,1.265,0.124
1122,2024,1,regular,5082624,Ryder MacGillivray,WR,Northern Colorado,Incarnate Word,0.196,0.196,
1123,2024,1,regular,5096861,Isaiah Robinson,RB,Incarnate Word,Northern Colorado,0.228,-0.929,0.305
1124,2024,1,regular,5096878,Dekalon Taylor,WR,Incarnate Word,Northern Colorado,0.337,,0.337
1125,2024,1,regular,4431397,Logan Smothers,QB,Jacksonville State,Coastal Carolina,-0.056,-0.014,-0.147
1126,2024,1,regular,4432327,Kendall Karr,TE,Coastal Carolina,Jacksonville State,1.099,1.099,
1127,2024,1,regular,4432662,Cane Berrong,TE,Coastal Carolina,Jacksonville State,0.121,0.121,
1128,2024,1,regular,4570636,Malick Meiga,WR,Coastal Carolina,Jacksonville State,2.776,2.776,
1129,2024,1,regular,4574356,Tyler Huff,QB,Jacksonville State,Coastal Carolina,0.513,0.518,0.494
1130,2024,1,regular,4608922,Braydon Bennett,RB,Coastal Carolina,Jacksonville State,0.533,0.394,0.545
1131,2024,1,regular,4690158,Noah Kim,QB,Coastal Carolina,Jacksonville State,1.031,3.401,0.24
1132,2024,1,regular,4710765,Jameson Tucker,WR,Coastal Carolina,Jacksonville State,3.146,3.146,
1133,2024,1,regular,4736210,Michael Pettway,WR,Jacksonville State,Coastal Carolina,7.188,7.188,
1134,2024,1,regular,4832918,Ethan Vasko,QB,Coastal Carolina,Jacksonville State,0.469,0.661,0.137
1135,2024,1,regular,4877735,Cole Fuller,TE,Jacksonville State,Coastal Carolina,1.9,,1.9
1136,2024,1,regular,4877738,Brock Rechsteiner,WR,Jacksonville State,Coastal Carolina,1.431,1.431,
1137,2024,1,regular,4900903,Senika McKie,WR,Coastal Carolina,Jacksonville State,3.401,3.401,
1138,2024,1,regular,4911914,Andrew Paul,RB,Jacksonville State,Coastal Carolina,-0.232,,-0.232
1139,2024,1,regular,4912275,Christian Washington,RB,Coastal Carolina,Jacksonville State,-0.038,,-0.038
1140,2024,1,regular,4917296,Jacob Barrick,TE,Jacksonville State,Coastal Carolina,1.382,1.382,
1141,2024,1,regular,5085265,Anwar Lewis,RB,Jacksonville State,Coastal Carolina,-0.21,-0.344,-0.195
1142,2024,1,regular,5093062,Tre Stewart,RB,Jacksonville State,Coastal Carolina,1.116,1.182,1.099
1143,2024,1,regular,5093183,Demarcus Lacey,WR,Jacksonville State,Coastal Carolina,1.261,1.261,
1144,2024,1,regular,5150902,Jarod Bowie,WR,Jacksonville State,Coastal Carolina,1.267,1.267,
1145,2024,1,regular,5150904,Cam Vaughn,WR,Jacksonville State,Coastal Carolina,0.39,0.39,
1146,2024,1,regular,5157261,Ja'Vin Simpkins,RB,Coastal Carolina,Jacksonville State,-0.035,,-0.035
1147,2024,1,regular,5157268,Darren Lloyd,RB,Coastal Carolina,Jacksonville State,0.461,,0.461
1148,2024,1,regular,5221074,Tray Taylor,WR,Coastal Carolina,Jacksonville State,2.321,2.321,
1149,2024,1,regular,5221079,Cameron Wright,WR,Coastal Carolina,Jacksonville State,1.527,1.527,
1150,2024,1,regular,4429093,Quincy Brown,WR,Nicholls,Louisiana Tech,1.963,1.963,
1151,2024,1,regular,4431142,Jimmy Holiday,WR,Louisiana Tech,Nicholls,0.97,1.823,0.543
1152,2024,1,regular,4431484,Jay Wilkerson,WR,Louisiana Tech,Nicholls,1.455,1.455,
1153,2024,1,regular,4432727,Solomon Lewis,WR,Louisiana Tech,Nicholls,1.884,1.884,
1154,2024,1,regular,4571740,Marquese Albert,RB,Nicholls,Louisiana Tech,-0.602,-0.752,-0.453
1155,2024,1,regular,4578489,Abdul-Fatai Ibrahim,WR,Louisiana Tech,Nicholls,0.032,0.032,
1156,2024,1,regular,4687187,Marquis Crosby,RB,Louisiana Tech,Nicholls,-0.601,,-0.601
1157,2024,1,regular,4713267,Collin Guggenheim,RB,Nicholls,Louisiana Tech,0.002,0.209,-0.01
1158,2024,1,regular,4875733,Pat McQuaide,QB,Nicholls,Louisiana Tech,-0.095,-0.055,-0.311
1159,2024,1,regular,4877093,Terry Matthews,WR,Nicholls,Louisiana Tech,0.887,0.887,
1160,2024,1,regular,4877097,Jaylon Spears,RB,Nicholls,Louisiana Tech,0.395,3.305,-0.333
1161,2024,1,regular,5078549,Dedrick Latulas,WR,Louisiana Tech,Nicholls,-0.401,,-0.401
1162,2024,1,regular,5092781,Jack Turner,QB,Louisiana Tech,Nicholls,-0.272,-0.265,-0.33
1163,2024,1,regular,5092787,Marlion Jackson,WR,Louisiana Tech,Nicholls,2.443,2.443,
1164,2024,1,regular,5121453,Eli Finley,TE,Louisiana Tech,Nicholls,0.607,0.607,
1165,2024,1,regular,5150998,Blake Baker,QB,Louisiana Tech,Nicholls,0.196,0.262,-0.079
1166,2024,1,regular,5152221,Donerio Davenport,RB,Louisiana Tech,Nicholls,-0.223,-0.166,-0.229
1167,2024,1,regular,5193224,Fred Robertson,RB,Louisiana Tech,Nicholls,0.958,3.058,-1.143
1168,2024,1,regular,5220340,Omiri Wiggins,RB,Louisiana Tech,Nicholls,-0.624,,-0.624
1169,2024,1,regular,4426857,Oscar Cardenas,TE,UTSA,Kennesaw State,2.827,2.827,
1170,2024,1,regular,4433827,Rocko Griffin,RB,UTSA,Kennesaw State,-0.019,,-0.019
1171,2024,1,regular,4573886,Preston Daniels,TE,Kennesaw State,UTSA,0.517,,0.517
1172,2024,1,regular,4573916,Michael Benefield,RB,Kennesaw State,UTSA,-0.199,,-0.199
1173,2024,1,regular,4686767,Chris Carpenter,WR,UTSA,Kennesaw State,-1.58,-1.58,
1174,2024,1,regular,4688595,Kevorian Barnes,RB,UTSA,Kennesaw State,0.2,,0.2
1175,2024,1,regular,4702790,DJ Allen,WR,UTSA,Kennesaw State,1.021,1.021,
1176,2024,1,regular,4702820,Bryson Donnell,RB,UTSA,Kennesaw State,-0.956,,-0.956
1177,2024,1,regular,4709669,Christian Moss,WR,Kennesaw State,UTSA,1.175,1.175,
1178,2024,1,regular,4775136,Owen McCown,QB,UTSA,Kennesaw State,0.424,0.405,0.535
1179,2024,1,regular,4801276,Houston Thomas,TE,UTSA,Kennesaw State,0.024,0.024,
1180,2024,1,regular,4833629,Jace Wilson,WR,UTSA,Kennesaw State,-0.134,-0.134,
1181,2024,1,regular,4876752,Gabriel Benyard,WR,Kennesaw State,UTSA,-0.048,0.521,-1.757
1182,2024,1,regular,4876753,Tykeem Wallace,WR,Kennesaw State,UTSA,1.027,1.027,
1183,2024,1,regular,4876772,Blake Bohannon,WR,Kennesaw State,UTSA,0.448,0.448,
1184,2024,1,regular,5076952,Devin Mccuin,WR,UTSA,Kennesaw State,1.017,1.017,
1185,2024,1,regular,5078422,Brandon High,RB,UTSA,Kennesaw State,-0.197,,-0.197
1186,2024,1,regular,5083103,Davis Bryson,WR,Kennesaw State,UTSA,-0.015,0.053,-0.13
1187,2024,1,regular,5083111,Qua Ashley,RB,Kennesaw State,UTSA,0.001,4.28,-0.475
1188,2024,1,regular,5083135,Carson Kent,TE,Kennesaw State,UTSA,1.52,1.52,
1189,2024,1,regular,5120299,Patrick Overmyer,TE,UTSA,Kennesaw State,1.186,1.186,
1190,2024,1,regular,5151317,Robert Henry,RB,UTSA,Kennesaw State,0.527,4.704,-0.17
1191,2024,1,regular,5151318,Willie McCoy,WR,UTSA,Kennesaw State,0.814,0.814,
1192,2024,1,regular,5223167,Will Henderson III,RB,UTSA,Kennesaw State,-0.352,,-0.352
1193,2024,1,regular,4368612,Jay Parker,WR,Tennessee Tech,Middle Tennessee,-0.198,-0.198,
1194,2024,1,regular,4427003,Kyron Cumby,WR,Tennessee Tech,Middle Tennessee,0.508,0.708,0.442
1195,2024,1,regular,4428030,Jalen Mitchell,RB,Tennessee Tech,Middle Tennessee,0.133,0.473,0.071
1196,2024,1,regular,4428961,Jordan Yates,QB,Tennessee Tech,Middle Tennessee,2.539,2.539,
1197,2024,1,regular,4605869,Terry Wilkins,RB,Middle Tennessee,Tennessee Tech,0.086,,0.086
1198,2024,1,regular,4611516,Holden Willis,TE,Middle Tennessee,Tennessee Tech,1.714,1.714,
1199,2024,1,regular,4613064,Obasanjo Sanni,RB,Tennessee Tech,Middle Tennessee,-0.381,-0.452,-0.31
1200,2024,1,regular,4682518,Nick Vattiato,QB,Middle Tennessee,Tennessee Tech,0.283,0.288,0.189
1201,2024,1,regular,4684540,Jacob Coleman,TE,Middle Tennessee,Tennessee Tech,0.754,0.754,
1202,2024,1,regular,4686357,Gamarion Carter,WR,Middle Tennessee,Tennessee Tech,1.687,1.687,
1203,2024,1,regular,4686513,Frank Peasant,RB,Middle Tennessee,Tennessee Tech,0.363,1.041,0.287
1204,2024,1,regular,4695005,Ashton Maples,WR,Tennessee Tech,Middle Tennessee,2.026,2.026,
1205,2024,1,regular,4695032,Hunter Barnhart,TE,Tennessee Tech,Middle Tennessee,2.308,2.308,
1206,2024,1,regular,4701951,Omari Kelly,WR,Middle Tennessee,Tennessee Tech,1.351,1.351,
1207,2024,1,regular,4837462,Jaiden Credle,RB,Middle Tennessee,Tennessee Tech,0.186,0.5,0.123
1208,2024,1,regular,4877664,Myles Butler,WR,Middle Tennessee,Tennessee Tech,1.907,1.907,
1209,2024,1,regular,5121721,Jekail Middlebrook,RB,Middle Tennessee,Tennessee Tech,0.104,0.862,-0.149
1210,2024,1,regular,5156090,Dylan Laible,QB,Tennessee Tech,Middle Tennessee,-0.299,-0.299,
1211,2024,1,regular,4429191,Deuce Hogan,QB,New Mexico State,Southeast Missouri State,0.163,-0.027,1.113
1212,2024,1,regular,4431606,Ahmonte Watkins,RB,New Mexico State,Southeast Missouri State,0.17,,0.17
1213,2024,1,regular,4683425,Glynn Johnson Jr,WR,New Mexico State,Southeast Missouri State,2.001,2.345,1.313
1214,2024,1,regular,4686468,Seth McGowan,RB,New Mexico State,Southeast Missouri State,0.669,,0.669
1215,2024,1,regular,4686658,Michael Washington,RB,New Mexico State,Southeast Missouri State,-0.069,-0.508,-0.044
1216,2024,1,regular,4879946,Danny Joiner,TE,Southeast Missouri State,New Mexico State,-0.134,-0.134,
1217,2024,1,regular,4880358,Cam Pedro,WR,Southeast Missouri State,New Mexico State,0.749,0.749,
1218,2024,1,regular,5083757,Paxton DeLaurent,QB,Southeast Missouri State,New Mexico State,0.224,0.301,-1.455
1219,2024,1,regular,5083762,Kyron Downing,WR,Southeast Missouri State,New Mexico State,0.732,0.732,
1220,2024,1,regular,5084181,Kordell David,WR,New Mexico State,Southeast Missouri State,0.432,0.432,
1221,2024,1,regular,5122162,Jordan Smith,WR,New Mexico State,Southeast Missouri State,-1.205,,-1.205
1222,2024,1,regular,5220783,Parker Awad,QB,New Mexico State,Southeast Missouri State,-0.079,-0.189,0.316
1223,2024,1,regular,5220785,TJ Pride,WR,New Mexico State,Southeast Missouri State,0.475,0.231,0.638
1224,2024,1,regular,4426528,Ife Adeyi,WR,Sam Houston,Rice,2.065,2.409,1.376
1225,2024,1,regular,4429885,Kobie Campbell,WR,Rice,Sam Houston,1.731,1.731,
1226,2024,1,regular,4430512,Noah Smith,WR,Sam Houston,Rice,0.168,,0.168
1227,2024,1,regular,4431074,Jevyon Ducker,RB,Sam Houston,Rice,0.028,2.317,-0.354
1228,2024,1,regular,4433821,John Gentry,RB,Sam Houston,Rice,0.017,,0.017
1229,2024,1,regular,4433909,Matt Sykes,WR,Rice,Sam Houston,1.519,1.519,
1230,2024,1,regular,4869581,Braylen Walker,WR,Rice,Sam Houston,2.201,2.201,
1231,2024,1,regular,4875899,Christian Francisco,RB,Rice,Sam Houston,0.006,,0.006
1232,2024,1,regular,4879931,Simeon Evans,WR,Sam Houston,Rice,2.799,2.799,
1233,2024,1,regular,4916436,E.J. Warner,QB,Rice,Sam Houston,0.169,0.187,-0.344
1234,2024,1,regular,5082269,Dean Connors,RB,Rice,Sam Houston,0.31,0.745,0.237
1235,2024,1,regular,5082284,Boden Groen,TE,Rice,Sam Houston,2.102,2.102,
1236,2024,1,regular,5098435,Elijah Sohn,TE,Sam Houston,Rice,1.373,1.373,
1237,2024,1,regular,5125823,DJ McKinney,RB,Sam Houston,Rice,0.087,,0.087
1238,2024,1,regular,5147756,Taji Atkins,RB,Rice,Sam Houston,-0.364,,-0.364
1239,2024,1,regular,5151199,Malik Phillips,WR,Sam Houston,Rice,-0.017,,-0.017
1240,2024,1,regular,5151200,Qua'Vez Humphreys,WR,Sam Houston,Rice,3.153,3.153,
1241,2024,1,regular,5220424,Hunter Watson,QB,Sam Houston,Rice,0.391,0.245,0.953
1242,2024,1,regular,4426428,Sean Dollars,RB,Nevada,SMU,-0.247,0.198,-0.315
1243,2024,1,regular,4429043,Jaylan Knighton,RB,SMU,Nevada,0.401,1.697,-0.462
1244,2024,1,regular,4429149,Brendon Lewis,QB,Nevada,SMU,0.165,0.036,0.372
1245,2024,1,regular,4429652,Pat Garwo III,RB,Nevada,SMU,0.565,0.762,0.368
1246,2024,1,regular,4431197,Romello Brinson,WR,SMU,Nevada,0.034,0.034,
1247,2024,1,regular,4432260,Matthew Hibner,TE,SMU,Nevada,1.052,1.052,
1248,2024,1,regular,4432718,LJ Johnson Jr.,RB,SMU,Nevada,-0.28,,-0.28
1249,2024,1,regular,4432767,Preston Stone,QB,SMU,Nevada,0.421,0.396,0.574
1250,2024,1,regular,4571194,Marcus Bellon,WR,Nevada,SMU,0.939,0.939,
1251,2024,1,regular,4581750,Jaden Smith,WR,Nevada,SMU,0.575,0.575,
1252,2024,1,regular,4594446,Roderick Daniels,WR,SMU,Nevada,0.289,0.624,-0.716
1253,2024,1,regular,4596602,Brashard Smith,RB,SMU,Nevada,0.411,1.381,0.234
1254,2024,1,regular,4607419,Keyshawn Smith,WR,SMU,Nevada,1.359,1.359,
1255,2024,1,regular,4685409,Jordan Hudson,WR,SMU,Nevada,2.035,2.035,
1256,2024,1,regular,4690811,Savion Red,RB,Nevada,SMU,0.126,-0.264,0.237
1257,2024,1,regular,4694468,Jace Henry,TE,Nevada,SMU,2.762,2.762,
1258,2024,1,regular,4702913,R.J. Maryland,TE,SMU,Nevada,1.794,1.794,
1259,2024,1,regular,5081997,Cortez Braham,WR,Nevada,SMU,1.594,1.594,
1260,2024,1,regular,5084084,Kevin Jennings,QB,SMU,Nevada,0.8,0.975,-0.075
1261,2024,1,regular,4427957,Ty McCullouch,WR,Montana State,New Mexico,1.087,1.109,1.024
1262,2024,1,regular,4433871,Caleb Medford,WR,New Mexico,Montana State,0.711,0.711,
1263,2024,1,regular,4570132,Ryan Davis,WR,New Mexico,Montana State,0.306,0.306,
1264,2024,1,regular,4581420,Lonyatta Alexander,WR,Montana State,New Mexico,1.053,1.053,
1265,2024,1,regular,4682761,Luke Wysong,WR,New Mexico,Montana State,1.055,1.055,
1266,2024,1,regular,4684525,Eli Sanders,RB,New Mexico,Montana State,0.029,,0.029
1267,2024,1,regular,4684902,Ryan King,WR,Montana State,New Mexico,0.548,0.548,
1268,2024,1,regular,4685458,Shawn Miller,WR,New Mexico,Montana State,0.86,0.86,
1269,2024,1,regular,4708878,Trace Bruckler,TE,New Mexico,Montana State,0.852,0.852,
1270,2024,1,regular,4775196,Tommy Mellott,QB,Montana State,New Mexico,0.234,0.188,0.48
1271,2024,1,regular,4816099,Javen Jacobs,RB,New Mexico,Montana State,-0.282,0.12,-0.482
1272,2024,1,regular,5083509,Rohan Jones,TE,Montana State,New Mexico,0.558,0.558,
1273,2024,1,regular,5085301,Taco Dowler,WR,Montana State,New Mexico,0.647,0.647,
1274,2024,1,regular,5093396,Rylan Schlepp,TE,Montana State,New Mexico,1.884,1.884,
1275,2024,1,regular,5105849,Devon Dampier,QB,New Mexico,Montana State,0.285,0.22,0.695
1276,2024,1,regular,5122072,Nic Trujillo,WR,New Mexico,Montana State,-0.118,-0.329,0.094
1277,2024,1,regular,4426688,Kaiden Bennett,QB,Sacramento State,San José State,-0.055,-0.107,0.133
1278,2024,1,regular,4427819,Justin Lockhart,WR,San José State,Sacramento State,1.171,1.171,
1279,2024,1,regular,4570242,Nick Nash,WR,San José State,Sacramento State,2.202,2.202,
1280,2024,1,regular,4685254,Jabari Bates,RB,San José State,Sacramento State,-0.116,,-0.116
1281,2024,1,regular,4696974,Jared Gipson,WR,Sacramento State,San José State,1.11,1.11,
1282,2024,1,regular,4875358,Anderson Grover,WR,Sacramento State,San José State,1.115,1.115,
1283,2024,1,regular,4876311,Elijah Tau-Tolliver,RB,Sacramento State,San José State,0.251,1.285,0.157
1284,2024,1,regular,4920192,Carson Conklin,QB,Sacramento State,San José State,0.163,0.163,
1285,2024,1,regular,5082587,Matthew Coleman,WR,San José State,Sacramento State,0.759,0.759,
1286,2024,1,regular,5083545,Coleman Kuntz,TE,Sacramento State,San José State,-0.375,0.367,-2.228
1287,2024,1,regular,5085112,Emmett Brown,QB,San José State,Sacramento State,0.503,0.614,-3.276
1288,2024,1,regular,5085609,Treyshun Hurry,WR,San José State,Sacramento State,2.494,2.494,
1289,2024,1,regular,5089859,Floyd Chalk IV,RB,San José State,Sacramento State,0.243,2.06,0.142
1290,2024,1,regular,5220614,Jacob Stewart,TE,San José State,Sacramento State,1.536,1.536,
1291,2024,1,regular,4430912,Malakai Anthony,QB,Merrimack,Air Force,-0.206,-0.153,-0.298
1292,2024,1,regular,4696411,Jelani Mason,WR,Merrimack,Air Force,1.102,1.102,
1293,2024,1,regular,4696433,LJ Robinson,WR,Merrimack,Air Force,0.687,0.687,
1294,2024,1,regular,4878988,Gavin McCusker,QB,Merrimack,Air Force,-1.144,,-1.144
1295,2024,1,regular,4878999,Jared Dunn,TE,Merrimack,Air Force,-0.665,-0.665,
1296,2024,1,regular,5083490,Ayden Pereira,QB,Merrimack,Air Force,0.153,0.192,0.064
1297,2024,1,regular,5085137,Cade Harris,WR,Air Force,Merrimack,0.786,0.216,0.9
1298,2024,1,regular,5085138,Aiden Calvert,RB,Air Force,Merrimack,0.179,1.883,-0.389
1299,2024,1,regular,5088163,Jermaine Corbett,RB,Merrimack,Air Force,0.113,-0.44,0.297
1300,2024,1,regular,5094129,Donovan Wadley,RB,Merrimack,Air Force,1.052,1.052,
1301,2024,1,regular,5096903,Ty Yocum,TE,Merrimack,Air Force,-0.011,-0.011,
1302,2024,1,regular,5151903,Christopher Frew,RB,Air Force,Merrimack,-0.381,0.074,-0.608
1303,2024,1,regular,5151904,John Busha,QB,Air Force,Merrimack,0.187,0.056,0.389
1304,2024,1,regular,5151906,Dylan Carson,RB,Air Force,Merrimack,-0.314,,-0.314
1305,2024,1,regular,5151914,Darius Stone,RB,Air Force,Merrimack,-0.235,,-0.235
1306,2024,1,regular,5151915,Terrence Gist,FB,Air Force,Merrimack,-0.031,,-0.031
1307,2024,1,regular,5151939,James Roberson,WR,Air Force,Merrimack,0.778,0.778,
1308,2024,1,regular,5151941,Quin Smith,WR,Air Force,Merrimack,3.15,3.15,
1309,2024,1,regular,5162879,Tylor Latham,WR,Air Force,Merrimack,0.337,0.337,
1310,2024,1,regular,5223119,Owen Allen,RB,Air Force,Merrimack,-0.023,,-0.023
1311,2024,1,regular,4430993,LV Bunkley-Shelton,WR,Georgia Southern,Boise State,0.658,0.658,
1312,2024,1,regular,4431002,Latrell Caples,WR,Boise State,Georgia Southern,1.125,1.125,
1313,2024,1,regular,4565533,Samuel Kenerson,WR,Georgia Southern,Boise State,1.815,1.815,
1314,2024,1,regular,4567234,Tyler Fromm,TE,Georgia Southern,Boise State,1.026,1.026,
1315,2024,1,regular,4568425,Beau Johnson,TE,Georgia Southern,Boise State,1.653,1.653,
1316,2024,1,regular,4602940,Derwin Burgess Jr.,WR,Georgia Southern,Boise State,1.173,1.514,-0.191
1317,2024,1,regular,4610703,Jalen White,RB,Georgia Southern,Boise State,0.053,-0.331,0.192
1318,2024,1,regular,4685345,JC French,QB,Georgia Southern,Boise State,0.32,0.276,0.482
1319,2024,1,regular,4687486,Matt Lauter,TE,Boise State,Georgia Southern,0.944,0.944,
1320,2024,1,regular,4714341,Ben Ford,WR,Boise State,Georgia Southern,2.396,2.396,
1321,2024,1,regular,4717430,Chris Marshall,WR,Boise State,Georgia Southern,0.552,0.552,
1322,2024,1,regular,4838269,OJ Arnold,RB,Georgia Southern,Boise State,0.603,-1.369,2.576
1323,2024,1,regular,4838527,Josh Dallas,WR,Georgia Southern,Boise State,1.655,1.655,
1324,2024,1,regular,4870513,Maddux Madsen,QB,Boise State,Georgia Southern,0.539,0.539,
1325,2024,1,regular,4890973,Ashton Jeanty,RB,Boise State,Georgia Southern,1.019,-0.596,1.274
1326,2024,1,regular,4907543,Marcus Sanders Jr.,WR,Georgia Southern,Boise State,0.881,0.881,
1327,2024,1,regular,4907573,Dalen Cobb,WR,Georgia Southern,Boise State,1.627,1.83,1.423
1328,2024,1,regular,5081322,Cam Camper,WR,Boise State,Georgia Southern,1.876,1.876,
1329,2024,1,regular,5087357,Deandre Buchannon,WR,Georgia Southern,Boise State,2.388,3.165,0.833
1330,2024,1,regular,5147379,Sire Gaines,RB,Boise State,Georgia Southern,0.789,1.561,0.595
1331,2024,1,regular,5151112,David Mbadinga,RB,Georgia Southern,Boise State,-0.416,,-0.416
1332,2024,1,regular,5157187,Cameron Bates,WR,Boise State,Georgia Southern,0.575,0.575,
1333,2024,1,regular,4370170,Landon Parker,WR,Troy,Nevada,0.25,0.25,
1334,2024,1,regular,4370170,Landon Parker,WR,Troy,Nevada,0.25,0.25,
1335,2024,1,regular,4370170,Landon Parker,WR,Troy,Troy,0.25,0.25,
1336,2024,1,regular,4426428,Sean Dollars,RB,Nevada,Troy,-0.686,-0.871,-0.593
1337,2024,1,regular,4427332,Gerald Green,RB,Troy,Nevada,0.214,,0.214
1338,2024,1,regular,4427332,Gerald Green,RB,Troy,Nevada,0.214,,0.214
1339,2024,1,regular,4427332,Gerald Green,RB,Troy,Troy,0.214,,0.214
1340,2024,1,regular,4429149,Brendon Lewis,QB,Nevada,Troy,0.277,0.528,-0.349
1341,2024,1,regular,4429652,Pat Garwo III,RB,Nevada,Troy,0.807,,0.807
1342,2024,1,regular,4430934,Zeriah Beason,WR,Troy,Nevada,0.658,0.658,
1343,2024,1,regular,4430934,Zeriah Beason,WR,Troy,Nevada,0.658,0.658,
1344,2024,1,regular,4430934,Zeriah Beason,WR,Troy,Troy,0.658,0.658,
1345,2024,1,regular,4431633,Will Crowder,QB,Troy,Nevada,0.267,0.261,0.288
1346,2024,1,regular,4431633,Will Crowder,QB,Troy,Nevada,0.267,0.261,0.288
1347,2024,1,regular,4431633,Will Crowder,QB,Troy,Troy,0.267,0.261,0.288
1348,2024,1,regular,4571194,Marcus Bellon,WR,Nevada,Troy,1.005,1.005,
1349,2024,1,regular,4581750,Jaden Smith,WR,Nevada,Troy,1.439,1.439,
1350,2024,1,regular,4602785,Peyton Higgins,WR,Troy,Nevada,0.931,0.931,
1351,2024,1,regular,4602785,Peyton Higgins,WR,Troy,Nevada,0.931,0.931,
1352,2024,1,regular,4602785,Peyton Higgins,WR,Troy,Troy,0.931,0.931,
1353,2024,1,regular,4683889,Damien Taylor,RB,Troy,Nevada,0.724,,0.724
1354,2024,1,regular,4683889,Damien Taylor,RB,Troy,Nevada,0.724,,0.724
1355,2024,1,regular,4683889,Damien Taylor,RB,Troy,Troy,0.724,,0.724
1356,2024,1,regular,4690811,Savion Red,RB,Nevada,Troy,0.558,,0.558
1357,2024,1,regular,4694468,Jace Henry,TE,Nevada,Troy,1.153,1.153,
1358,2024,1,regular,4709678,Devonte Ross,WR,Troy,Nevada,1.261,1.261,
1359,2024,1,regular,4709678,Devonte Ross,WR,Troy,Nevada,1.261,1.261,
1360,2024,1,regular,4709678,Devonte Ross,WR,Troy,Troy,1.261,1.261,
1361,2024,1,regular,4819250,AJ Bianco,QB,Nevada,Troy,2.646,2.646,
1362,2024,1,regular,5081997,Cortez Braham,WR,Nevada,Troy,0.698,0.698,
1363,2024,1,regular,5120317,Jordan Lovett,RB,Troy,Nevada,-0.017,-0.777,0.489
1364,2024,1,regular,5120317,Jordan Lovett,RB,Troy,Nevada,-0.017,-0.777,0.489
1365,2024,1,regular,5120317,Jordan Lovett,RB,Troy,Troy,-0.017,-0.777,0.489
1366,2024,1,regular,5151528,Ethan Conner,TE,Troy,Nevada,0.874,0.874,
1367,2024,1,regular,5151528,Ethan Conner,TE,Troy,Nevada,0.874,0.874,
1368,2024,1,regular,5151528,Ethan Conner,TE,Troy,Troy,0.874,0.874,
1369,2024,1,regular,5156860,Caleb Ramseur,RB,Nevada,Troy,-1.964,,-1.964
1370,2024,1,regular,4429227,Jaylon Armstead,RB,San Diego State,East Texas A&M,-0.205,,-0.205
1371,2024,1,regular,4430323,Ja'Shaun Poke,WR,San Diego State,East Texas A&M,1.245,1.764,0.207
1372,2024,1,regular,4430468,Marquez Cooper,RB,San Diego State,East Texas A&M,0.509,2.478,0.436
1373,2024,1,regular,4680029,Keith Jackson,RB,East Texas A&M,San Diego State,-0.093,,-0.093
1374,2024,1,regular,4701588,Michael Harrison,TE,San Diego State,East Texas A&M,0.174,0.174,
1375,2024,1,regular,4833372,Sean Sallis,TE,East Texas A&M,San Diego State,2.53,2.53,
1376,2024,1,regular,4896389,Louis Brown,WR,San Diego State,East Texas A&M,2.664,2.664,
1377,2024,1,regular,4912453,Lucky Sutton,RB,San Diego State,East Texas A&M,-1.148,,-1.148
1378,2024,1,regular,4918108,Jordan Napier,WR,San Diego State,East Texas A&M,1.988,1.988,
1379,2024,1,regular,4920196,Javance Tupou'ata-Johnson,QB,San Diego State,East Texas A&M,0.466,,0.466
1380,2024,1,regular,5075962,Baylin Brooks,WR,San Diego State,East Texas A&M,2.349,2.349,
1381,2024,1,regular,5093929,Eric Rodriguez,QB,East Texas A&M,San Diego State,-0.119,-0.119,-0.12
1382,2024,1,regular,5093936,Darlington Frasch,RB,East Texas A&M,San Diego State,-0.644,,-0.644
1383,2024,1,regular,5093944,EJ Oakmon,RB,East Texas A&M,San Diego State,0.019,,0.019
1384,2024,1,regular,5126474,Danny O'Neil,QB,San Diego State,East Texas A&M,0.305,0.238,0.892
1385,2024,1,regular,4360480,Spencer Petras,QB,Utah State,Robert Morris,0.397,0.397,
1386,2024,1,regular,4574374,Delvecchio Powell II,RB,Robert Morris,Utah State,1.29,1.903,0.881
1387,2024,1,regular,4574860,Kyrese Rowan,WR,Utah State,Robert Morris,4.315,4.315,
1388,2024,1,regular,4578417,Shawn Charles,WR,Robert Morris,Utah State,0.09,0.448,-0.628
1389,2024,1,regular,4612824,Broc Lane,TE,Utah State,Robert Morris,0.726,0.726,
1390,2024,1,regular,4686555,Noah Robinson,WR,Robert Morris,Utah State,0.073,0.073,
1391,2024,1,regular,4695448,DJ Moyer,RB,Robert Morris,Utah State,0.278,-0.377,0.54
1392,2024,1,regular,4695600,Bryson Barnes,QB,Utah State,Robert Morris,0.539,0.379,1.177
1393,2024,1,regular,4696751,Carl Smith,WR,Robert Morris,Utah State,2.644,2.644,
1394,2024,1,regular,4702560,Grant Page,WR,Utah State,Robert Morris,0.984,0.984,
1395,2024,1,regular,4714413,Otto Tia,TE,Utah State,Robert Morris,1.252,1.252,
1396,2024,1,regular,4775291,Anthony Chiccitt,QB,Robert Morris,Utah State,-0.068,-0.066,-0.093
1397,2024,1,regular,4869552,Robert Briggs,RB,Utah State,Robert Morris,0.483,1.177,0.252
1398,2024,1,regular,4875106,Kai Holloway,WR,Robert Morris,Utah State,0.878,0.878,
1399,2024,1,regular,4878992,Tyvon Edmonds Jr.,RB,Robert Morris,Utah State,0.161,0.584,0.073
1400,2024,1,regular,4880223,Cole Mitchell,TE,Robert Morris,Utah State,1.265,1.265,
1401,2024,1,regular,5082630,Jalen Royals,WR,Utah State,Robert Morris,1.304,1.304,
1402,2024,1,regular,5095112,Zach Tanner,QB,Robert Morris,Utah State,0.276,0.323,-0.153
1403,2024,1,regular,5114312,Will Monney,TE,Utah State,Robert Morris,1.969,1.969,
1404,2024,1,regular,5156933,Rahsul Faison,RB,Utah State,Robert Morris,0.469,0.892,0.342
1405,2024,1,regular,5220671,Herschel Turner,RB,Utah State,Robert Morris,0.805,,0.805
1406,2024,1,regular,4429709,Jamious Griffin,RB,Oregon State,Idaho State,0.316,0.669,0.281
1407,2024,1,regular,4685385,Anthony Hankerson,RB,Oregon State,Idaho State,0.541,,0.541
1408,2024,1,regular,4694576,Kobe Tracy,QB,Idaho State,Oregon State,0.237,0.435,-2.723
1409,2024,1,regular,4695176,Justice Jackson,RB,Idaho State,Oregon State,-0.394,,-0.394
1410,2024,1,regular,4695914,Hunter Hays,QB,Idaho State,Oregon State,2.424,2.424,
1411,2024,1,regular,4870864,Gabarri Johnson,QB,Oregon State,Idaho State,0.232,0.149,0.441
1412,2024,1,regular,4870965,Tastean Reddicks,WR,Oregon State,Idaho State,1.847,1.847,
1413,2024,1,regular,4879562,Jeremiah Noga,WR,Oregon State,Idaho State,0.039,0.039,
1414,2024,1,regular,4879567,Trent Walker,WR,Oregon State,Idaho State,0.356,0.356,
1415,2024,1,regular,4887446,Gevani McCoy,QB,Oregon State,Idaho State,0.486,0.486,
1416,2024,1,regular,5082601,Jeff Weimer,WR,Idaho State,Oregon State,1.207,1.207,
1417,2024,1,regular,5085541,Keoua Kauhi,RB,Idaho State,Oregon State,0.835,,0.835
1418,2024,1,regular,5085883,Jake Reichle,RB,Oregon State,Idaho State,1.201,,1.201
1419,2024,1,regular,5150582,Salahadin Allah,RB,Oregon State,Idaho State,0.326,,0.326
1420,2024,1,regular,5157287,David Wells Jr.,WR,Oregon State,Idaho State,2.609,2.609,
1421,2024,1,regular,4428219,Brionne Penny,WR,James Madison,Charlotte,2.885,2.885,
1422,2024,1,regular,4430183,Logan Kyle,TE,James Madison,Charlotte,-0.432,,-0.432
1423,2024,1,regular,4565889,Omarion Dollison,WR,James Madison,Charlotte,4.365,4.365,
1424,2024,1,regular,4569001,Cameron Ross,WR,James Madison,Charlotte,2.046,2.163,1.812
1425,2024,1,regular,4571803,Tyler Purdy,RB,James Madison,Charlotte,0.385,-0.139,0.647
1426,2024,1,regular,4608450,Taylor Thompson,TE,James Madison,Charlotte,0.854,0.854,
1427,2024,1,regular,4613157,Jake Clemons,TE,Charlotte,James Madison,-0.853,-0.853,
1428,2024,1,regular,4613157,Jake Clemons,TE,Charlotte,James Madison,-0.853,-0.853,
1429,2024,1,regular,4613157,Jake Clemons,TE,Charlotte,Charlotte,-0.853,-0.853,
1430,2024,1,regular,4684173,O'Mega Blake,WR,Charlotte,James Madison,-0.537,-0.537,
1431,2024,1,regular,4684173,O'Mega Blake,WR,Charlotte,James Madison,-0.537,-0.537,
1432,2024,1,regular,4684173,O'Mega Blake,WR,Charlotte,Charlotte,-0.537,-0.537,
1433,2024,1,regular,4685494,George Pettaway,RB,James Madison,Charlotte,0.569,2.903,0.236
1434,2024,1,regular,4689590,Bryce Kennon,TE,Charlotte,James Madison,0.035,0.035,
1435,2024,1,regular,4689590,Bryce Kennon,TE,Charlotte,James Madison,0.035,0.035,
1436,2024,1,regular,4689590,Bryce Kennon,TE,Charlotte,Charlotte,0.035,0.035,
1437,2024,1,regular,4705930,Hahsaun Wilson,RB,Charlotte,James Madison,0.217,-0.224,0.305
1438,2024,1,regular,4705930,Hahsaun Wilson,RB,Charlotte,James Madison,0.217,-0.224,0.305
1439,2024,1,regular,4705930,Hahsaun Wilson,RB,Charlotte,Charlotte,0.217,-0.224,0.305
1440,2024,1,regular,4710068,Colin Weber,TE,Charlotte,James Madison,1.184,1.184,
1441,2024,1,regular,4710068,Colin Weber,TE,Charlotte,James Madison,1.184,1.184,
1442,2024,1,regular,4710068,Colin Weber,TE,Charlotte,Charlotte,1.184,1.184,
1443,2024,1,regular,4875125,Max Brown,QB,Charlotte,James Madison,0.004,0.016,-0.128
1444,2024,1,regular,4875125,Max Brown,QB,Charlotte,James Madison,0.004,0.016,-0.128
1445,2024,1,regular,4875125,Max Brown,QB,Charlotte,Charlotte,0.004,0.016,-0.128
1446,2024,1,regular,4875861,Ayo Adeyi,RB,James Madison,Charlotte,-0.162,,-0.162
1447,2024,1,regular,4879655,Henry Rutledge,RB,Charlotte,James Madison,0.146,0.146,
1448,2024,1,regular,4879655,Henry Rutledge,RB,Charlotte,James Madison,0.146,0.146,
1449,2024,1,regular,4879655,Henry Rutledge,RB,Charlotte,Charlotte,0.146,0.146,
1450,2024,1,regular,4880964,Terron Kellman,RB,Charlotte,James Madison,0.76,0.229,0.819
1451,2024,1,regular,4880964,Terron Kellman,RB,Charlotte,James Madison,0.76,0.229,0.819
1452,2024,1,regular,4880964,Terron Kellman,RB,Charlotte,Charlotte,0.76,0.229,0.819
1453,2024,1,regular,4900146,Cartevious Norton,RB,Charlotte,James Madison,-0.629,,-0.629
1454,2024,1,regular,4900146,Cartevious Norton,RB,Charlotte,James Madison,-0.629,,-0.629
1455,2024,1,regular,4900146,Cartevious Norton,RB,Charlotte,Charlotte,-0.629,,-0.629
1456,2024,1,regular,4911929,Alonza Barnett,QB,James Madison,Charlotte,0.43,0.346,0.63
1457,2024,1,regular,4912342,Wayne Knight,RB,James Madison,Charlotte,-0.262,,-0.262
1458,2024,1,regular,5081250,Sean Brown,WR,Charlotte,James Madison,1.413,1.413,
1459,2024,1,regular,5081250,Sean Brown,WR,Charlotte,James Madison,1.413,1.413,
1460,2024,1,regular,5081250,Sean Brown,WR,Charlotte,Charlotte,1.413,1.413,
1461,2024,1,regular,5121750,Yamir Knight,WR,James Madison,Charlotte,-0.07,-0.07,
1462,2024,1,regular,5219476,Isaiah Myers,WR,Charlotte,James Madison,2.992,2.992,
1463,2024,1,regular,5219476,Isaiah Myers,WR,Charlotte,James Madison,2.992,2.992,
1464,2024,1,regular,5219476,Isaiah Myers,WR,Charlotte,Charlotte,2.992,2.992,
1465,2024,1,regular,4426965,Blair Conwright,WR,North Texas,South Alabama,2.7,2.7,
1466,2024,1,regular,4428272,Juwuan Price,RB,North Texas,South Alabama,-0.172,,-0.172
1467,2024,1,regular,4428784,Damon Ward Jr.,WR,North Texas,South Alabama,1.506,1.506,
1468,2024,1,regular,4430666,Ikaika Ragsdale,RB,North Texas,South Alabama,0.041,1.073,-0.033
1469,2024,1,regular,4430992,Kentrel Bullock,RB,South Alabama,North Texas,0.289,,0.289
1470,2024,1,regular,4570507,Devin Voisin,WR,South Alabama,North Texas,1.677,1.677,
1471,2024,1,regular,4572655,Jeremiah Webb,WR,South Alabama,North Texas,2.14,2.14,
1472,2024,1,regular,4576150,Shamar Sandgren,WR,South Alabama,North Texas,1.524,1.524,
1473,2024,1,regular,4692530,Chandler Morris,QB,North Texas,South Alabama,0.913,0.908,0.942
1474,2024,1,regular,4869553,Bishop Davenport,QB,South Alabama,North Texas,1.254,,1.254
1475,2024,1,regular,4879455,Damashja Harris,RB,North Texas,South Alabama,-0.031,,-0.031
1476,2024,1,regular,4892576,Jamaal Pritchett,WR,South Alabama,North Texas,2.113,2.113,
1477,2024,1,regular,4897730,Braylon McReynolds,RB,South Alabama,North Texas,-0.195,,-0.195
1478,2024,1,regular,4920227,Giovanni Lopez,QB,South Alabama,North Texas,0.511,0.439,0.775
1479,2024,1,regular,5075529,Anthony Eager,WR,South Alabama,North Texas,3.398,3.398,
1480,2024,1,regular,5081996,Jeremiah Aaron,WR,North Texas,South Alabama,1.948,1.948,
1481,2024,1,regular,5148787,Wyatt Young,WR,North Texas,South Alabama,0.766,0.766,
1482,2024,1,regular,5153056,DT Sheffield,WR,North Texas,South Alabama,1.389,1.389,
1483,2024,1,regular,5194308,Kyle Koch,WR,North Texas,South Alabama,1.515,1.515,
1484,2024,1,regular,5219835,Oscar Hammond,TE,North Texas,South Alabama,-0.001,-0.001,
1485,2024,1,regular,5220197,Fluff Bothwell,RB,South Alabama,North Texas,0.711,1.956,0.503
1486,2024,1,regular,4360890,Jordan McCloud,QB,Texas State,Lamar,0.338,0.382,-0.074
1487,2024,1,regular,4428336,Sevonne Rhea,WR,Lamar,Texas State,5.219,5.219,
1488,2024,1,regular,4432267,Joey Hobert,WR,Texas State,Lamar,2.33,2.33,
1489,2024,1,regular,4433828,Khalan Griffin,RB,Lamar,Texas State,0.004,,0.004
1490,2024,1,regular,4565770,Damien Moore,RB,Lamar,Texas State,0.395,,0.395
1491,2024,1,regular,4575667,Deion Hankins,RB,Texas State,Lamar,1.033,,1.033
1492,2024,1,regular,4608607,Lincoln Pare,RB,Texas State,Lamar,0.518,,0.518
1493,2024,1,regular,4700456,Jaden Williams,WR,Texas State,Lamar,2.086,2.086,
1494,2024,1,regular,4876244,RJ Martinez,QB,Texas State,Lamar,0.202,-0.029,2.277
1495,2024,1,regular,4916885,Jaylen Jenkins,RB,Texas State,Lamar,0.594,,0.594
1496,2024,1,regular,5082564,Titus Lyons,TE,Texas State,Lamar,1.778,1.778,
1497,2024,1,regular,5083630,Kyndon Fuselier,WR,Lamar,Texas State,1.852,1.852,
1498,2024,1,regular,5083631,Jayden Boyd,WR,Lamar,Texas State,2.929,2.929,
1499,2024,1,regular,5083636,Izaha Jones,WR,Lamar,Texas State,0.98,0.98,
1500,2024,1,regular,5084798,Ismail Mahdi,RB,Texas State,Lamar,-0.026,,-0.026
1501,2024,1,regular,5096863,Kole Wilson,WR,Texas State,Lamar,1.018,1.018,
1502,2024,1,regular,4251136,Spencer Curtis,WR,Hawai'i,Delaware State,0.961,0.961,
1503,2024,1,regular,4431271,Tamatoa Mokiao-Atimalala,WR,Hawai'i,Delaware State,1.853,1.853,
1504,2024,1,regular,4431525,Dekel Crowdus,WR,Hawai'i,Delaware State,1.976,1.976,
1505,2024,1,regular,4571818,Jordan Hull,WR,Delaware State,Hawai'i,0.737,0.737,
1506,2024,1,regular,4571821,Jaden Sutton,RB,Delaware State,Hawai'i,0.228,0.709,0.084
1507,2024,1,regular,4709977,Brayden Schager,QB,Hawai'i,Delaware State,0.194,0.126,0.45
1508,2024,1,regular,4869582,Cam Barfield,RB,Hawai'i,Delaware State,1.384,,1.384
1509,2024,1,regular,4875791,Landon Sims,RB,Hawai'i,Delaware State,-0.088,-0.631,-0.034
1510,2024,1,regular,4875792,David Cordero,RB,Hawai'i,Delaware State,-0.132,,-0.132
1511,2024,1,regular,4875794,Kamalu DeBlake,RB,Hawai'i,Delaware State,0.513,,0.513
1512,2024,1,regular,4875803,Karsyn Pupunu,WR,Hawai'i,Delaware State,0.264,0.264,
1513,2024,1,regular,4892466,NyGhee Lolley,WR,Delaware State,Hawai'i,-0.178,-0.178,
1514,2024,1,regular,4896184,C.J. Henry,QB,Delaware State,Hawai'i,-0.351,-0.827,0.601
1515,2024,1,regular,5075571,John-Keawe Sagapolutele,QB,Hawai'i,Delaware State,0.492,,0.492
1516,2024,1,regular,5084133,Alex Perry,WR,Hawai'i,Delaware State,0.074,0.074,
1517,2024,1,regular,5084135,Pofele Ashlock,WR,Hawai'i,Delaware State,1.449,1.449,
1518,2024,1,regular,5085808,Marqui Adams,QB,Delaware State,Hawai'i,0.13,0.041,0.382
1519,2024,1,regular,5085820,Ryan Lee,TE,Delaware State,Hawai'i,0.891,0.891,
1520,2024,1,regular,5092477,Nicholas Cenacle,WR,Hawai'i,Delaware State,-0.114,-0.114,
1521,2024,1,regular,5098472,Jayden Jenkins,WR,Delaware State,Hawai'i,-0.262,0.473,-0.556
1522,2024,1,regular,4426952,Jack Coldiron,TE,Miami (OH),Northwestern,1.279,1.279,
1523,2024,1,regular,4427243,Brett Gabbert,QB,Miami (OH),Northwestern,0.007,0.01,-0.125
1524,2024,1,regular,4429053,A.J. Henning,WR,Northwestern,Miami (OH),-0.09,-0.09,
1525,2024,1,regular,4429994,Bryce Kirtz,WR,Northwestern,Miami (OH),1.463,1.463,
1526,2024,1,regular,4431398,Dylan Downing,RB,Miami (OH),Northwestern,0.03,-0.023,0.083
1527,2024,1,regular,4432434,Keyon Mozee,RB,Miami (OH),Northwestern,-0.407,,-0.407
1528,2024,1,regular,4433932,Mike Wright,QB,Northwestern,Miami (OH),0.188,0.094,0.538
1529,2024,1,regular,4565532,Jordan Brunson,RB,Miami (OH),Northwestern,0.017,,0.017
1530,2024,1,regular,4569507,Cade McDonald,WR,Miami (OH),Northwestern,1.584,1.584,
1531,2024,1,regular,4569615,Thomas Gordon,TE,Northwestern,Miami (OH),1.026,1.026,
1532,2024,1,regular,4576183,Kevin Davis,RB,Miami (OH),Northwestern,0.204,0.282,-0.109
1533,2024,1,regular,4576788,Andre Johnson,WR,Miami (OH),Northwestern,2.208,2.208,
1534,2024,1,regular,4687475,Cam Porter,RB,Northwestern,Miami (OH),0.234,,0.234
1535,2024,1,regular,4710673,CJ Johnson II,WR,Northwestern,Miami (OH),-0.01,-0.01,
1536,2024,1,regular,4816307,Joseph Himon II,RB,Northwestern,Miami (OH),-0.499,,-0.499
1537,2024,1,regular,4831976,Javon Tracy,WR,Miami (OH),Northwestern,1.875,1.875,
1538,2024,1,regular,4869132,Reginald Virgil,WR,Miami (OH),Northwestern,0.833,0.833,
1539,2024,1,regular,4917942,Frank Covey IV,WR,Northwestern,Miami (OH),0.189,0.189,
1540,2024,1,regular,5078244,Caleb Komolafe,RB,Northwestern,Miami (OH),-0.192,,-0.192
1541,2024,1,regular,4431174,Taji Johnson,WR,Buffalo,Lafayette,0.683,0.683,
1542,2024,1,regular,4571114,JJ Jenkins,WR,Buffalo,Lafayette,0.594,0.594,
1543,2024,1,regular,4577762,Jacob Orlando,TE,Buffalo,Lafayette,2.181,2.181,
1544,2024,1,regular,4599158,Al-Jay Henderson,RB,Buffalo,Lafayette,0.041,,0.041
1545,2024,1,regular,4710029,Nahjee Adams,RB,Lafayette,Buffalo,-0.296,,-0.296
1546,2024,1,regular,4869730,Nik McMillan,WR,Buffalo,Lafayette,1.462,1.462,
1547,2024,1,regular,4877785,Chris Carasia,WR,Lafayette,Buffalo,1.212,1.212,
1548,2024,1,regular,5083847,Dean DeNobile,QB,Lafayette,Buffalo,0.27,0.493,-1.07
1549,2024,1,regular,5083848,Jamar Curtis,RB,Lafayette,Buffalo,-0.198,0.831,-0.418
1550,2024,1,regular,5083865,Elijah Steward,WR,Lafayette,Buffalo,-0.2,-0.2,
1551,2024,1,regular,5083866,Dallas Holmes,TE,Lafayette,Buffalo,0.974,0.974,
1552,2024,1,regular,5084967,Victor Snow,WR,Buffalo,Lafayette,0.697,0.697,
1553,2024,1,regular,5091891,Lamar Sperling,RB,Buffalo,Lafayette,-0.166,,-0.166
1554,2024,1,regular,5150003,Terrance Shelton Jr.,RB,Buffalo,Lafayette,0.399,,0.399
1555,2024,1,regular,5162845,Jacqez Barksdale,RB,Buffalo,Lafayette,0.535,,0.535
1556,2024,1,regular,5168829,Mark-Anthony Scott Jr.,WR,Buffalo,Lafayette,-1.218,-1.218,
1557,2024,1,regular,4362248,Anthony Torres,TE,Toledo,Duquesne,1.442,1.442,
1558,2024,1,regular,4367042,John Erby,WR,Duquesne,Toledo,1.915,1.915,
1559,2024,1,regular,4428606,Jacquez Stuart,RB,Toledo,Duquesne,0.634,,0.634
1560,2024,1,regular,4429410,Sevaughn Clark,RB,Toledo,Duquesne,0.123,0.982,0.0
1561,2024,1,regular,4429801,Tucker Gleason,QB,Toledo,Duquesne,0.448,0.388,0.851
1562,2024,1,regular,4430254,Jerjuan Newton,WR,Toledo,Duquesne,2.336,2.336,
1563,2024,1,regular,4573455,Darius Perrantes,QB,Duquesne,Toledo,0.62,0.437,1.714
1564,2024,1,regular,4586331,Taj Butts,RB,Duquesne,Toledo,0.282,,0.282
1565,2024,1,regular,4590295,Thomas Zsiros,WR,Toledo,Duquesne,2.036,2.036,
1566,2024,1,regular,4683272,Willie Shaw III,RB,Toledo,Duquesne,0.763,,0.763
1567,2024,1,regular,4695298,Tedy Afful,WR,Duquesne,Toledo,1.615,1.615,
1568,2024,1,regular,4837200,Junior Vandeross,WR,Toledo,Duquesne,1.685,1.685,
1569,2024,1,regular,4893815,JaMario Clements,RB,Duquesne,Toledo,-0.165,,-0.165
1570,2024,1,regular,5078063,Connor Walendzak,RB,Toledo,Duquesne,0.191,,0.191
1571,2024,1,regular,5079486,Zy'marion Lang,WR,Toledo,Duquesne,1.24,2.886,-0.407
1572,2024,1,regular,5082330,John Alan Richter,QB,Toledo,Duquesne,2.835,2.835,
1573,2024,1,regular,5087130,Jordan Heisey,QB,Duquesne,Toledo,0.151,0.312,-0.01
1574,2024,1,regular,5088196,Noah Canty,TE,Duquesne,Toledo,1.688,1.688,
1575,2024,1,regular,5220125,Dane Nauman,RB,Toledo,Duquesne,0.338,2.785,-0.274
1576,2024,1,regular,4426444,Connor Bazelak,QB,Bowling Green,Fordham,0.818,0.559,3.027
1577,2024,1,regular,4432754,Ricky Parks,RB,Fordham,Bowling Green,-0.096,,-0.096
1578,2024,1,regular,4565318,Terion Stewart,RB,Bowling Green,Fordham,0.733,,0.733
1579,2024,1,regular,4571704,Garrett Cody,WR,Fordham,Bowling Green,0.578,0.578,
1580,2024,1,regular,4612211,Jaison Patterson,RB,Bowling Green,Fordham,-0.164,0.328,-0.235
1581,2024,1,regular,4685827,Jamal Johnson,RB,Bowling Green,Fordham,1.517,1.517,
1582,2024,1,regular,4695580,Malcolm Johnson Jr.,WR,Bowling Green,Fordham,1.824,1.824,
1583,2024,1,regular,4695866,Cole Thornton,WR,Fordham,Bowling Green,2.814,2.814,
1584,2024,1,regular,4710001,CJ Montes,QB,Fordham,Bowling Green,0.032,-0.095,0.249
1585,2024,1,regular,4876685,Julius Loughridge,RB,Fordham,Bowling Green,0.498,4.259,0.263
1586,2024,1,regular,5083076,Harold Fannin,TE,Bowling Green,Fordham,1.007,1.007,
1587,2024,1,regular,5084054,Justin Pegues,RB,Bowling Green,Fordham,0.539,,0.539
1588,2024,1,regular,5085830,Rahkeem Smith,WR,Bowling Green,Fordham,0.398,,0.398
1589,2024,1,regular,5086182,Jack Capaldi,QB,Fordham,Bowling Green,2.246,2.246,
1590,2024,1,regular,5086192,Jack Kaiser,RB,Fordham,Bowling Green,0.468,,0.468
1591,2024,1,regular,5150132,Mar'Kel Porter,RB,Bowling Green,Fordham,1.016,,1.016
1592,2024,1,regular,5151218,Lucian Anderson III,QB,Bowling Green,Fordham,2.132,,2.132
1593,2024,1,regular,5160945,Chris Edmonds,RB,Bowling Green,Fordham,-0.11,,-0.11
1594,2024,1,regular,4426760,Stephan Bracey,WR,Central Michigan,Central Connecticut,0.926,0.926,
1595,2024,1,regular,4431302,Ricky Ortega,QB,Central Connecticut,Central Michigan,-1.038,-1.786,-0.073
1596,2024,1,regular,4431639,BJ Harris,RB,Central Michigan,Central Connecticut,0.17,0.015,0.377
1597,2024,1,regular,4573521,Jadon Turner,RB,Central Connecticut,Central Michigan,0.37,,0.37
1598,2024,1,regular,4574651,Solomon Davis,WR,Central Michigan,Central Connecticut,1.681,1.681,
1599,2024,1,regular,4577746,Delvin Attafah,WR,Central Connecticut,Central Michigan,0.961,0.961,
1600,2024,1,regular,4683221,Chris Parker,WR,Central Michigan,Central Connecticut,0.964,0.964,
1601,2024,1,regular,4683291,Joey Labas,QB,Central Michigan,Central Connecticut,0.709,0.764,-0.837
1602,2024,1,regular,4683471,Brady Olson,QB,Central Connecticut,Central Michigan,0.266,0.243,0.472
1603,2024,1,regular,4686940,Donny Marcus,RB,Central Connecticut,Central Michigan,-0.325,-2.031,-0.082
1604,2024,1,regular,4701064,Michael Plaskon,WR,Central Connecticut,Central Michigan,1.064,1.064,
1605,2024,1,regular,4870848,Tyler Jefferson,QB,Central Michigan,Central Connecticut,0.024,0.106,-0.141
1606,2024,1,regular,4875666,Nahree Biggins,RB,Central Michigan,Central Connecticut,0.008,,0.008
1607,2024,1,regular,4875671,Myles Bailey,RB,Central Michigan,Central Connecticut,0.565,0.721,0.53
1608,2024,1,regular,4912164,Jordyn Williams,WR,Central Michigan,Central Connecticut,-0.089,-0.089,
1609,2024,1,regular,5056106,Evan Boyd,WR,Central Michigan,Central Connecticut,1.114,1.114,
1610,2024,1,regular,5086233,Jesse Prewitt III,WR,Central Michigan,Central Connecticut,0.528,0.528,
1611,2024,1,regular,5146689,Brock Townsend,RB,Central Michigan,Central Connecticut,-0.009,,-0.009
1612,2024,1,regular,4431035,Gavin Williams,RB,Northern Illinois,Western Illinois,-0.242,0.949,-0.374
1613,2024,1,regular,4431801,Torrance Farmer,RB,Western Illinois,Northern Illinois,0.448,2.857,-0.355
1614,2024,1,regular,4433906,Trayvon Rudolph,WR,Northern Illinois,Western Illinois,3.241,3.802,2.681
1615,2024,1,regular,4618083,Ethan Hampton,QB,Northern Illinois,Western Illinois,1.898,1.982,0.716
1616,2024,1,regular,4683282,Justin Lynch,RB,Northern Illinois,Western Illinois,0.624,,0.624
1617,2024,1,regular,4687413,Antario Brown,RB,Northern Illinois,Western Illinois,0.54,0.706,0.498
1618,2024,1,regular,4869538,Dane Pardridge,WR,Northern Illinois,Western Illinois,1.91,2.664,1.156
1619,2024,1,regular,4875767,Brock Lampe,FB,Northern Illinois,Western Illinois,1.01,,1.01
1620,2024,1,regular,4883912,Andrew McElroy,WR,Northern Illinois,Western Illinois,1.461,1.461,
1621,2024,1,regular,4884086,Jalen Macon,QB,Northern Illinois,Western Illinois,0.532,0.342,0.865
1622,2024,1,regular,4910238,Keyshaun Pipkin,WR,Northern Illinois,Western Illinois,2.522,2.522,
1623,2024,1,regular,5083748,Cam Thompson,WR,Northern Illinois,Western Illinois,3.071,3.071,
1624,2024,1,regular,5085441,Tyler Jordan,RB,Western Illinois,Northern Illinois,-0.684,,-0.684
1625,2024,1,regular,5096598,Cameren Smith,RB,Western Illinois,Northern Illinois,0.011,,0.011
1626,2024,1,regular,5122043,Jaylen Poe,RB,Northern Illinois,Western Illinois,0.697,1.645,0.426
1627,2024,1,regular,5151498,Grayson Barnes,TE,Northern Illinois,Western Illinois,2.502,2.502,
1628,2024,1,regular,5151506,Josh Holst,QB,Northern Illinois,Western Illinois,0.379,0.379,
1629,2024,1,regular,4426417,Jacob Zeno,QB,UAB,Alcorn State,0.606,0.541,0.96
1630,2024,1,regular,4427960,Terrell McDonald,TE,UAB,Alcorn State,-0.149,,-0.149
1631,2024,1,regular,4428915,Lee Witherspoon,RB,UAB,Alcorn State,0.061,,0.061
1632,2024,1,regular,4431286,Armoni Goodwin,RB,UAB,Alcorn State,0.708,,0.708
1633,2024,1,regular,4431516,Brandon Buckhaulter,WR,UAB,Alcorn State,-0.317,,-0.317
1634,2024,1,regular,4432297,Isaiah Jacobs,RB,UAB,Alcorn State,0.207,0.02,0.222
1635,2024,1,regular,4682565,Tyler Macon,QB,Alcorn State,UAB,-0.057,-0.694,0.389
1636,2024,1,regular,4687700,Malachi Holt-Bennett,WR,UAB,Alcorn State,3.152,3.152,
1637,2024,1,regular,4700102,Tavarious Griffin,TE,Alcorn State,UAB,0.928,1.981,-0.125
1638,2024,1,regular,4877285,Brandon Rogers,RB,Alcorn State,UAB,-0.113,0.817,-0.299
1639,2024,1,regular,5077060,Amare Thomas,WR,UAB,Alcorn State,2.077,2.077,
1640,2024,1,regular,5082370,Dallas Payne,TE,UAB,Alcorn State,1.052,1.052,
1641,2024,1,regular,5091725,Lee Beebe,RB,UAB,Alcorn State,0.286,,0.286
1642,2024,1,regular,5096941,Jacorian Sewell,RB,Alcorn State,UAB,-0.285,,-0.285
1643,2024,1,regular,5121666,Kameran Shanks,WR,UAB,Alcorn State,1.119,1.119,
1644,2024,1,regular,5125905,Corri Milliner,WR,UAB,Alcorn State,1.434,1.434,
1645,2024,1,regular,5151662,BJ Hawkins Jr.,WR,UAB,Alcorn State,3.01,3.01,
1646,2024,1,regular,5219693,Solomon Beebe,RB,UAB,Alcorn State,-0.358,,-0.358
1647,2024,1,regular,4431066,Harlan Dixon,RB,SE Louisiana,Tulane,-0.555,,-0.555
1648,2024,1,regular,4431618,Mario Williams,WR,Tulane,SE Louisiana,1.956,2.228,0.869
1649,2024,1,regular,4432774,Ty Thompson,TE,Tulane,SE Louisiana,1.098,0.225,1.753
1650,2024,1,regular,4596539,Yulkeith Brown,WR,Tulane,SE Louisiana,2.456,2.456,
1651,2024,1,regular,4606713,Brandon Hayes,WR,SE Louisiana,Tulane,-0.414,-0.414,
1652,2024,1,regular,4685056,Reggie Brown,TE,Tulane,SE Louisiana,1.066,1.066,
1653,2024,1,regular,4685436,Antonio Martin,RB,SE Louisiana,Tulane,0.211,,0.211
1654,2024,1,regular,4686769,Ashaad Clayton,RB,Tulane,SE Louisiana,0.923,,0.923
1655,2024,1,regular,4691284,Darius Lewis,WR,SE Louisiana,Tulane,0.156,0.047,0.698
1656,2024,1,regular,4696819,Eli Sawyer,QB,SE Louisiana,Tulane,-0.52,-0.52,
1657,2024,1,regular,4696833,Cade Collier,TE,SE Louisiana,Tulane,2.108,2.108,
1658,2024,1,regular,4696843,Da'shun Hugley,WR,SE Louisiana,Tulane,0.375,,0.375
1659,2024,1,regular,4696846,Ivan Drobocky,TE,SE Louisiana,Tulane,-0.54,-0.54,
1660,2024,1,regular,4705595,Bryce Bohanon,WR,Tulane,SE Louisiana,0.609,0.609,
1661,2024,1,regular,4708067,Kai Horton,QB,Tulane,SE Louisiana,-0.185,-0.185,
1662,2024,1,regular,4816098,Makhi Hughes,RB,Tulane,SE Louisiana,-0.019,,-0.019
1663,2024,1,regular,4832029,Alex Bauman,TE,Tulane,SE Louisiana,2.269,2.269,
1664,2024,1,regular,4832583,Tanner Murray,QB,SE Louisiana,Tulane,-0.988,-0.772,-1.132
1665,2024,1,regular,5075952,Trey Cornist,RB,Tulane,SE Louisiana,0.948,1.241,0.85
1666,2024,1,regular,5079501,Zycarl Lewis Jr.,WR,Tulane,SE Louisiana,-0.024,-0.024,
1667,2024,1,regular,5095110,Kimon O'Sullivan,RB,SE Louisiana,Tulane,-0.087,,-0.087
1668,2024,1,regular,5110516,Arnold Barnes,RB,Tulane,SE Louisiana,0.379,,0.379
1669,2024,1,regular,5121169,Darian Mensah,QB,Tulane,SE Louisiana,1.361,1.561,0.163
1670,2024,1,regular,5148838,Jamauri McClure,RB,Tulane,SE Louisiana,-0.002,,-0.002
1671,2024,1,regular,4369910,Chance Newman,QB,Northwestern State,Tulsa,0.777,1.935,0.391
1672,2024,1,regular,4430033,Cooper Legas,QB,Tulsa,Northwestern State,0.601,,0.601
1673,2024,1,regular,4569481,Anthony Watkins,RB,Tulsa,Northwestern State,0.252,,0.252
1674,2024,1,regular,4682654,Jeremiah Ballard,WR,Tulsa,Northwestern State,1.668,1.668,
1675,2024,1,regular,4683319,Bill Jackson,RB,Tulsa,Northwestern State,0.163,,0.163
1676,2024,1,regular,4685087,Kamdyn Benjamin,WR,Tulsa,Northwestern State,2.6,2.6,
1677,2024,1,regular,4688387,Myles Kitt-Denton,WR,Northwestern State,Tulsa,2.828,2.828,
1678,2024,1,regular,4702729,Braylin Presley,WR,Tulsa,Northwestern State,1.637,1.154,2.604
1679,2024,1,regular,4833073,Zion Steptoe,WR,Tulsa,Northwestern State,2.102,2.102,
1680,2024,1,regular,4872721,Cardell Williams,QB,Tulsa,Northwestern State,0.29,,0.29
1681,2024,1,regular,4917338,Connor Vaughn,TE,Tulsa,Northwestern State,2.583,2.583,
1682,2024,1,regular,5079298,Lloyd Avant,RB,Tulsa,Northwestern State,0.156,,0.156
1683,2024,1,regular,5084472,Kennieth Lacy,RB,Northwestern State,Tulsa,0.744,,0.744
1684,2024,1,regular,5089862,Quaterius Hawkins,QB,Northwestern State,Tulsa,1.215,1.9,-0.154
1685,2024,1,regular,5121616,Grayson Tempest,WR,Tulsa,Northwestern State,2.928,2.928,
1686,2024,1,regular,5125724,Cam Crooks,RB,Tulsa,Northwestern State,1.752,,1.752
1687,2024,1,regular,5146745,Jacob Emmers,WR,Tulsa,Northwestern State,0.554,,0.554
1688,2024,1,regular,5151618,Kirk Francis,QB,Tulsa,Northwestern State,1.157,1.143,1.314
1689,2024,1,regular,5161800,Viron Ellison Jr.,RB,Tulsa,Northwestern State,0.221,,0.221
1690,2024,1,regular,4696371,Dante Perri,QB,Lehigh,Army,-0.054,0.064,-0.585
1691,2024,1,regular,4879928,Bryson Daily,QB,Army,Lehigh,0.327,0.071,0.417
1692,2024,1,regular,4879965,Casey Reynolds,WR,Army,Lehigh,1.844,1.844,
1693,2024,1,regular,4879971,Cam Schurr,WR,Army,Lehigh,1.23,1.23,
1694,2024,1,regular,5082125,Dewayne Coleman,QB,Army,Lehigh,1.178,1.23,1.125
1695,2024,1,regular,5082142,Noah Short,WR,Army,Lehigh,1.078,1.123,1.072
1696,2024,1,regular,5082144,Hayden Reed,RB,Army,Lehigh,0.265,,0.265
1697,2024,1,regular,5083870,Geoffrey Jamiel,WR,Lehigh,Army,0.604,0.858,0.095
1698,2024,1,regular,5150312,David Clerk,WR,Army,Lehigh,0.364,,0.364
1699,2024,1,regular,5150313,Kanye Udoh,RB,Army,Lehigh,0.454,,0.454
1700,2024,1,regular,5150316,Samari Howard,WR,Army,Lehigh,1.079,0.268,1.485
1701,2024,1,regular,5150329,Jake Rendina,RB,Army,Lehigh,0.438,,0.438
1702,2024,1,regular,4427694,Casey Kelly,TE,East Carolina,Norfolk State,1.334,1.334,
1703,2024,1,regular,4432703,Jake Garcia,QB,East Carolina,Norfolk State,0.178,0.241,-0.198
1704,2024,1,regular,4569452,Winston Wright,WR,East Carolina,Norfolk State,0.912,0.912,
1705,2024,1,regular,4590347,Rahjai Harris,RB,East Carolina,Norfolk State,-0.133,0.693,-0.271
1706,2024,1,regular,4604008,Kelan Robinson,WR,East Carolina,Norfolk State,0.799,0.799,
1707,2024,1,regular,4685110,Anthony Smith,WR,East Carolina,Norfolk State,1.449,1.449,
1708,2024,1,regular,4694938,Ty'shaun Granger,WR,Norfolk State,East Carolina,1.382,1.382,
1709,2024,1,regular,4696213,Fonnae Webb,RB,Norfolk State,East Carolina,-0.543,,-0.543
1710,2024,1,regular,4794107,Marlon Gunn,RB,East Carolina,Norfolk State,-0.913,,-0.913
1711,2024,1,regular,4795295,Katin Houser,QB,East Carolina,Norfolk State,0.434,1.27,-2.073
1712,2024,1,regular,4869340,Brock Spalding,WR,East Carolina,Norfolk State,1.221,1.221,
1713,2024,1,regular,4870616,Javious Bond,RB,East Carolina,Norfolk State,0.63,,0.63
1714,2024,1,regular,4872836,Jhari Patterson,WR,East Carolina,Norfolk State,0.85,0.85,
1715,2024,1,regular,4941012,London Montgomery,RB,East Carolina,Norfolk State,0.187,,0.187
1716,2024,1,regular,5087251,Kevon King,RB,Norfolk State,East Carolina,0.063,,0.063
1717,2024,1,regular,5155519,Yannick Smith,WR,East Carolina,Norfolk State,0.991,0.991,
1718,2024,1,regular,5160086,Desirrio Riles,TE,East Carolina,Norfolk State,2.688,2.688,
1719,2024,1,regular,4365454,Takairee Kenebrew,WR,North Alabama,Memphis,-0.517,-0.781,0.538
1720,2024,1,regular,4429284,DeMeer Blankumsee,WR,Memphis,North Alabama,1.136,1.136,
1721,2024,1,regular,4430022,Anthony Landphere,TE,Memphis,North Alabama,2.259,2.259,
1722,2024,1,regular,4431597,Roc Taylor,WR,Memphis,North Alabama,0.767,1.017,-0.483
1723,2024,1,regular,4592531,Ari Patu,QB,North Alabama,Memphis,-0.319,-0.247,-0.608
1724,2024,1,regular,4606194,Seth Henigan,QB,Memphis,North Alabama,0.555,0.537,0.745
1725,2024,1,regular,4687493,Brandon Thomas,RB,Memphis,North Alabama,-1.13,,-1.13
1726,2024,1,regular,4687507,Kobe Drake,WR,Memphis,North Alabama,0.827,0.827,
1727,2024,1,regular,4691889,Gregory DeRosiers,RB,Memphis,North Alabama,0.285,1.045,-0.095
1728,2024,1,regular,4693603,Kobe Warden,WR,North Alabama,Memphis,1.143,1.143,
1729,2024,1,regular,4700137,Tanaka Scott,WR,North Alabama,Memphis,0.873,0.873,
1730,2024,1,regular,4805256,Sutton Smith,RB,Memphis,North Alabama,-0.045,0.52,-0.421
1731,2024,1,regular,4876902,Justin Luke,WR,North Alabama,Memphis,-1.03,,-1.03
1732,2024,1,regular,5093189,Dakota Warfield,WR,North Alabama,Memphis,1.48,1.48,
1733,2024,1,regular,5093197,Jalyn Daniels,RB,North Alabama,Memphis,-0.079,0.068,-0.226
1734,2024,1,regular,5147864,Makari Bodiford,RB,Memphis,North Alabama,-0.538,,-0.538
1735,2024,1,regular,5152162,Marcello Bussey,WR,Memphis,North Alabama,0.769,0.769,
1736,2024,1,regular,5152167,Brendan Doyle,TE,Memphis,North Alabama,1.431,1.431,
1737,2024,1,regular,5154339,Mario Anderson,RB,Memphis,North Alabama,0.519,0.338,0.537
1738,2024,1,regular,4694078,Danny Meuser,RB,Bucknell,Navy,-0.737,0.02,-0.888
1739,2024,1,regular,4808740,Nate Anderson,WR,Bucknell,Navy,3.064,3.064,
1740,2024,1,regular,4812346,Eric Weatherly,WR,Bucknell,Navy,0.292,0.292,
1741,2024,1,regular,4875855,Ralph Rucker,QB,Bucknell,Navy,0.084,-0.066,0.783
1742,2024,1,regular,4876611,Michael Hardyway,QB,Bucknell,Navy,1.209,1.446,0.259
1743,2024,1,regular,4876618,Paul Neel,RB,Bucknell,Navy,0.199,0.102,0.207
1744,2024,1,regular,4876635,Kyle Fontes,TE,Bucknell,Navy,-0.165,-0.165,
1745,2024,1,regular,4880681,Amin Hassan,RB,Navy,Bucknell,-0.272,,-0.272
1746,2024,1,regular,4880697,Daba Fofana,FB,Navy,Bucknell,0.509,,0.509
1747,2024,1,regular,5081502,Nathan Kent,WR,Navy,Bucknell,1.227,1.227,
1748,2024,1,regular,5081504,Blake Horvath,QB,Navy,Bucknell,0.52,0.687,0.089
1749,2024,1,regular,5081508,Eli Heidenreich,WR,Navy,Bucknell,1.344,2.107,-0.181
1750,2024,1,regular,5081517,Brandon Chatman,WR,Navy,Bucknell,0.957,3.295,0.568
1751,2024,1,regular,5081522,Shane Reynolds,RB,Navy,Bucknell,0.72,,0.72
1752,2024,1,regular,5081526,Alex Tecza,RB,Navy,Bucknell,0.08,0.631,0.035
1753,2024,1,regular,5083806,Josh Gary,WR,Bucknell,Navy,1.044,1.044,
1754,2024,1,regular,5158341,Luke Hutchison,WR,Navy,Bucknell,1.337,1.337,
1755,2024,1,regular,5158343,Braxton Woodson,QB,Navy,Bucknell,0.463,0.637,0.332
1756,2024,1,regular,5158365,Gage Leonard,WR,Navy,Bucknell,-0.119,,-0.119
1757,2024,1,regular,5158374,Isaiah Bryant,WR,Navy,Bucknell,-0.237,,-0.237
1758,2024,1,regular,5158398,Jake Norris,TE,Navy,Bucknell,2.048,2.048,
1759,2024,1,regular,5220474,Mikey Pearson II,RB,Navy,Bucknell,0.241,,0.241
1760,2024,1,regular,4430772,Mason Stahl,WR,Sacred Heart,Delaware State,1.831,1.831,
1761,2024,1,regular,4571818,Jordan Hull,WR,Delaware State,Sacred Heart,0.611,0.611,
1762,2024,1,regular,4571821,Jaden Sutton,RB,Delaware State,Sacred Heart,0.345,0.519,0.316
1763,2024,1,regular,4696155,Jalen Madison,RB,Sacred Heart,Delaware State,0.012,,0.012
1764,2024,1,regular,4892466,NyGhee Lolley,WR,Delaware State,Sacred Heart,0.919,0.919,
1765,2024,1,regular,4893718,Xavier Leigh,RB,Sacred Heart,Delaware State,0.515,,0.515
1766,2024,1,regular,5085808,Marqui Adams,QB,Delaware State,Sacred Heart,0.377,0.261,0.57
1767,2024,1,regular,5087122,Elijah Ford,WR,Sacred Heart,Delaware State,0.563,,0.563
1768,2024,1,regular,5098472,Jayden Jenkins,WR,Delaware State,Sacred Heart,0.336,1.049,-0.734
1769,2024,1,regular,560147,Kevin Johnson,WR,Hampton,Morgan State,2.119,2.119,
1770,2024,1,regular,4571720,Dorrian Moultrie,WR,Hampton,Morgan State,-2.51,-0.684,-4.336
1771,2024,1,regular,4584384,Marquez Phillips,WR,Morgan State,Hampton,1.45,1.45,
1772,2024,1,regular,4884393,Elijah Burris,RB,Hampton,Morgan State,0.143,1.934,-0.241
1773,2024,1,regular,4884402,Ja'Quan Snipes,RB,Hampton,Morgan State,-0.25,,-0.25
1774,2024,1,regular,4884403,Tymere Robinson,RB,Hampton,Morgan State,0.954,,0.954
1775,2024,1,regular,4887420,Andre Crawley,WR,Morgan State,Hampton,1.514,1.514,
1776,2024,1,regular,5083888,Jaden Wimberly,WR,Hampton,Morgan State,-1.153,-1.153,
1777,2024,1,regular,5093814,Malcolm Mays,QB,Hampton,Morgan State,0.611,0.694,0.394
1778,2024,1,regular,5093815,Kymari Gray,WR,Hampton,Morgan State,0.93,0.93,
1779,2024,1,regular,5226453,Brennan Ridley,WR,Hampton,Morgan State,0.046,0.046,
1780,2024,1,regular,4376241,D'Angelo Durham,RB,McNeese,Southern,0.111,,0.111
1781,2024,1,regular,4427949,Clifton McDowell,QB,McNeese,Southern,0.62,0.048,0.937
1782,2024,1,regular,4428844,Chandler Whitfield,WR,Southern,McNeese,1.528,1.528,
1783,2024,1,regular,4685293,Trevonte' Citizen,RB,McNeese,Southern,-0.445,-0.161,-0.516
1784,2024,1,regular,4728801,Tyler Kirkwood,WR,Southern,McNeese,0.464,1.664,-0.135
1785,2024,1,regular,4770032,Kobe Dillon,RB,Southern,McNeese,-0.011,,-0.011
1786,2024,1,regular,4876352,Jessie Campbell,WR,McNeese,Southern,1.304,1.304,
1787,2024,1,regular,4880818,Matthew McCallister,WR,McNeese,Southern,1.602,1.602,
1788,2024,1,regular,4888130,Noah Bodden,QB,Southern,McNeese,-0.043,0.02,-0.316
1789,2024,1,regular,5084208,Kameran Senegal,WR,McNeese,Southern,0.426,0.426,
1790,2024,1,regular,5084210,Joshon Barbie,RB,McNeese,Southern,-0.036,,-0.036
1791,2024,1,regular,5084233,Tyronne Hayes,TE,McNeese,Southern,0.104,0.104,
1792,2024,1,regular,5084429,Darren Morris,WR,Southern,McNeese,2.587,2.587,
1793,2024,1,regular,5084430,Kendric Rhymes,RB,Southern,McNeese,-0.239,,-0.239
1794,2024,1,regular,5098754,Dupree Fuller,TE,Southern,McNeese,0.821,0.821,
1795,2024,1,regular,5155000,Jer'Michael Carter,WR,McNeese,Southern,3.686,3.686,
1796,2024,1,regular,4395522,Jacob Van Landingham,WR,Northern State,South Dakota,-0.029,-0.029,
1797,2024,1,regular,4429179,Aidan Bouman,QB,South Dakota,Northern State,0.064,-0.02,1.24
1798,2024,1,regular,4572626,Travis Theis,RB,South Dakota,Northern State,0.521,,0.521
1799,2024,1,regular,4572629,Carter Bell,WR,South Dakota,Northern State,1.098,1.098,
1800,2024,1,regular,4695800,JJ Galbreath,TE,South Dakota,Northern State,-0.2,-0.2,
1801,2024,1,regular,4872459,Jarrett Synek,QB,South Dakota,Northern State,0.233,-0.525,0.612
1802,2024,1,regular,4876199,Daniel Britt,QB,Northern State,South Dakota,0.219,0.322,0.058
1803,2024,1,regular,4878861,Jack Martens,WR,South Dakota,Northern State,1.183,1.183,
1804,2024,1,regular,4878862,Javion Phelps,WR,South Dakota,Northern State,1.001,1.001,
1805,2024,1,regular,5087188,Colton Hackel,QB,Northern State,South Dakota,-0.793,-0.922,-0.664
1806,2024,1,regular,5088421,Charles Pierre Jr.,RB,South Dakota,Northern State,0.855,0.775,0.867
1807,2024,1,regular,4427548,Desmond Hutson,WR,Northern Iowa,Valparaiso,-0.133,-0.133,
1808,2024,1,regular,4430138,Tysen Kershaw,WR,Northern Iowa,Valparaiso,0.322,0.322,
1809,2024,1,regular,4571812,Jack Coulson,WR,Valparaiso,Northern Iowa,0.089,0.089,
1810,2024,1,regular,4578084,Brandon Jimenez,WR,Valparaiso,Northern Iowa,1.125,1.125,
1811,2024,1,regular,4686377,Amauri Pesek-Hickson,RB,Northern Iowa,Valparaiso,0.583,2.155,0.386
1812,2024,1,regular,4695121,Harrison Bey-Buie,RB,Northern Iowa,Valparaiso,0.239,,0.239
1813,2024,1,regular,4695786,Michael Mansaray,RB,Valparaiso,Northern Iowa,0.576,1.45,-0.081
1814,2024,1,regular,4708100,Sergio Morancy,WR,Northern Iowa,Valparaiso,0.629,0.629,
1815,2024,1,regular,4878842,Layne Pryor,TE,Northern Iowa,Valparaiso,1.4,1.4,
1816,2024,1,regular,4879166,Evan Jernegan,TE,Valparaiso,Northern Iowa,0.76,0.76,
1817,2024,1,regular,4879170,Barret Labus,RB,Valparaiso,Northern Iowa,1.403,,1.403
1818,2024,1,regular,5082316,Tye Edwards,RB,Northern Iowa,Valparaiso,0.826,-0.122,0.899
1819,2024,1,regular,5085754,Matthew Schecklman,QB,Northern Iowa,Valparaiso,-0.692,,-0.692
1820,2024,1,regular,5089335,Rowan Keefe,QB,Valparaiso,Northern Iowa,0.649,0.649,
1821,2024,1,regular,5089353,Ryan Mann,RB,Valparaiso,Northern Iowa,-0.327,,-0.327
1822,2024,1,regular,4362909,Cameron Gardner,WR,Mississippi Valley State,Tennessee State,0.694,0.694,
1823,2024,1,regular,4571076,Da'Shon Davis,WR,Tennessee State,Mississippi Valley State,1.042,1.042,
1824,2024,1,regular,4688717,Draylen Ellis,QB,Tennessee State,Mississippi Valley State,1.145,1.185,0.199
1825,2024,1,regular,4695047,Jalen Rouse,RB,Tennessee State,Mississippi Valley State,0.626,-0.398,1.138
1826,2024,1,regular,4769981,DePhabian Fant,RB,Mississippi Valley State,Tennessee State,-0.237,,-0.237
1827,2024,1,regular,4769987,Jakobe Thomas,RB,Mississippi Valley State,Tennessee State,-0.199,,-0.199
1828,2024,1,regular,4801301,Tevin Carter,QB,Tennessee State,Mississippi Valley State,0.093,-0.398,0.256
1829,2024,1,regular,4877478,Jalal Dean,WR,Tennessee State,Mississippi Valley State,0.94,0.94,
1830,2024,1,regular,5079283,Exavious Reed,TE,Tennessee State,Mississippi Valley State,1.686,1.686,
1831,2024,1,regular,5083985,Tonorris Brookins II,WR,Mississippi Valley State,Tennessee State,1.419,1.419,
1832,2024,1,regular,5084582,Jordan Gant,RB,Tennessee State,Mississippi Valley State,0.319,0.654,0.235
1833,2024,1,regular,5084590,Craig Cunningham,RB,Tennessee State,Mississippi Valley State,-0.996,,-0.996
1834,2024,1,regular,4832914,Jimmy Kibble,WR,Georgetown,Davidson,1.635,1.635,
1835,2024,1,regular,4876711,Naieem Kearney,RB,Georgetown,Davidson,2.367,,2.367
1836,2024,1,regular,4876788,Sam Valor,RB,Davidson,Georgetown,0.779,,0.779
1837,2024,1,regular,4876789,Luke Durkin,QB,Davidson,Georgetown,0.063,-0.334,0.859
1838,2024,1,regular,4876791,Aaron Maione,WR,Davidson,Georgetown,-0.136,-0.136,
1839,2024,1,regular,4876797,Kellyn West,WR,Davidson,Georgetown,3.939,3.939,
1840,2024,1,regular,4892055,Cam Pygatt,WR,Georgetown,Davidson,0.32,0.32,
1841,2024,1,regular,5085521,Ivan Hoyt,WR,Davidson,Georgetown,0.975,0.975,
1842,2024,1,regular,5085641,Jaleel Sales,WR,Davidson,Georgetown,-0.328,0.11,-0.766
1843,2024,1,regular,5085642,Mari Adams,RB,Davidson,Georgetown,0.01,,0.01
1844,2024,1,regular,5085644,Coulter Cleland,QB,Davidson,Georgetown,0.308,0.474,-0.024
1845,2024,1,regular,5085650,Brody Reina,WR,Davidson,Georgetown,2.227,2.227,
1846,2024,1,regular,5085654,Mason Sheron,RB,Davidson,Georgetown,0.1,,0.1
1847,2024,1,regular,5086156,Danny Lauter,QB,Georgetown,Davidson,0.068,0.15,-0.59
1848,2024,1,regular,5086159,Mason Gudger,RB,Georgetown,Davidson,0.981,,0.981
1849,2024,1,regular,4574964,Gavin Thomson,WR,St. Francis (PA),Dayton,0.471,0.471,
1850,2024,1,regular,4694530,Luke Brenner,WR,Dayton,St. Francis (PA),2.065,2.065,
1851,2024,1,regular,4694555,Alec Keathley,TE,Dayton,St. Francis (PA),1.752,1.752,
1852,2024,1,regular,4893852,Ty Stylski,RB,Dayton,St. Francis (PA),-0.23,-0.609,-0.154
1853,2024,1,regular,5082549,DeMarcus McElroy,RB,St. Francis (PA),Dayton,0.056,0.218,-0.017
1854,2024,1,regular,5086999,Dominic Vrbancic,WR,Dayton,St. Francis (PA),1.808,1.808,
1855,2024,1,regular,5088334,Nick Whitfield Jr.,QB,St. Francis (PA),Dayton,-0.171,-0.01,-0.977
1856,2024,1,regular,4870601,Jaylen Bonelli,WR,Wagner,Virginia University Of Lynchburg,2.923,2.923,
1857,2024,1,regular,4875412,Mark Didio,WR,Wagner,Virginia University Of Lynchburg,2.15,2.15,
1858,2024,1,regular,4876407,Rickey Spruill,RB,Wagner,Virginia University Of Lynchburg,1.011,,1.011
1859,2024,1,regular,4876423,Tommy Brown,QB,Wagner,Virginia University Of Lynchburg,-0.321,-0.321,
1860,2024,1,regular,5100516,Damien Mazil,QB,Wagner,Virginia University Of Lynchburg,1.625,1.625,
1861,2024,1,regular,5102160,Derek Burrell,WR,Wagner,Virginia University Of Lynchburg,0.812,0.812,
1862,2024,1,regular,4592531,Ari Patu,QB,North Alabama,Southeast Missouri State,-0.151,-0.29,0.102
1863,2024,1,regular,4693603,Kobe Warden,WR,North Alabama,Southeast Missouri State,0.956,1.204,-0.035
1864,2024,1,regular,4877476,Jayvian Allen,RB,North Alabama,Southeast Missouri State,0.449,,0.449
1865,2024,1,regular,4880358,Cam Pedro,WR,Southeast Missouri State,North Alabama,1.155,1.155,
1866,2024,1,regular,5083757,Paxton DeLaurent,QB,Southeast Missouri State,North Alabama,0.647,0.735,0.164
1867,2024,1,regular,5083762,Kyron Downing,WR,Southeast Missouri State,North Alabama,0.976,2.296,-0.344
1868,2024,1,regular,4376241,D'Angelo Durham,RB,McNeese,Tarleton State,0.798,0.354,0.976
1869,2024,1,regular,4427949,Clifton McDowell,QB,McNeese,Tarleton State,0.244,0.746,-0.285
1870,2024,1,regular,4606685,Logan Mauldin,TE,McNeese,Tarleton State,-0.548,-0.548,
1871,2024,1,regular,4685293,Trevonte' Citizen,RB,McNeese,Tarleton State,-0.134,,-0.134
1872,2024,1,regular,4686469,Mikey Henderson,TE,Tarleton State,McNeese,0.533,0.533,
1873,2024,1,regular,4697625,Victor Gabalis,QB,Tarleton State,McNeese,0.197,0.234,-0.555
1874,2024,1,regular,4715358,Derrel Kelley III,RB,Tarleton State,McNeese,0.282,,0.282
1875,2024,1,regular,4880818,Matthew McCallister,WR,McNeese,Tarleton State,6.386,6.386,
1876,2024,1,regular,4887796,Kayvon Britten,RB,Tarleton State,McNeese,0.182,-0.217,0.214
1877,2024,1,regular,5084210,Joshon Barbie,RB,McNeese,Tarleton State,-0.099,,-0.099
1878,2024,1,regular,5084233,Tyronne Hayes,TE,McNeese,Tarleton State,0.713,0.713,
1879,2024,1,regular,5155000,Jer'Michael Carter,WR,McNeese,Tarleton State,0.337,0.337,
1880,2024,1,regular,4426687,Johnathan Bennett,QB,The Citadel,Charleston Southern,0.583,1.02,0.147
1881,2024,1,regular,4427611,Garrison Johnson,RB,The Citadel,Charleston Southern,1.424,,1.424
1882,2024,1,regular,4461822,Tyler Cherry,WR,The Citadel,Charleston Southern,1.857,1.857,
1883,2024,1,regular,4571349,Dervon Pesnell,WR,The Citadel,Charleston Southern,2.246,2.246,
1884,2024,1,regular,4572739,Cooper Wallace,RB,The Citadel,Charleston Southern,0.085,,0.085
1885,2024,1,regular,4685363,Isaiah Gordon,RB,Charleston Southern,The Citadel,-0.321,,-0.321
1886,2024,1,regular,4701178,Chris Rhone,WR,Charleston Southern,The Citadel,1.691,1.691,
1887,2024,1,regular,5086883,Jaden Scott,WR,Charleston Southern,The Citadel,1.075,1.075,
1888,2024,1,regular,5095779,Johnny Crawford III,RB,The Citadel,Charleston Southern,1.341,3.2,0.411
1889,2024,1,regular,5095780,Corey Ibrahim,RB,The Citadel,Charleston Southern,0.031,0.09,0.027
1890,2024,1,regular,4427225,Zakhari Franklin,WR,Illinois,Eastern Illinois,0.952,0.952,
1891,2024,1,regular,4571721,Pierce Holley,QB,Eastern Illinois,Illinois,-0.115,-0.091,-0.386
1892,2024,1,regular,4597679,Luke Altmyer,QB,Illinois,Eastern Illinois,1.051,1.09,0.809
1893,2024,1,regular,4600981,Patrick Bryant,WR,Illinois,Eastern Illinois,2.357,2.357,
1894,2024,1,regular,4682640,Joshua McCray,RB,Illinois,Eastern Illinois,0.377,0.8,0.293
1895,2024,1,regular,4683308,Tanner Arkin,TE,Illinois,Eastern Illinois,2.439,2.439,
1896,2024,1,regular,4695119,Kendi Young,RB,Eastern Illinois,Illinois,-0.487,,-0.487
1897,2024,1,regular,4695149,DeAirious Smith,WR,Eastern Illinois,Illinois,1.619,1.619,
1898,2024,1,regular,4790965,Donovan Leary,QB,Illinois,Eastern Illinois,0.481,0.481,
1899,2024,1,regular,4826636,Jordan Anderson,TE,Illinois,Eastern Illinois,-0.577,,-0.577
1900,2024,1,regular,4827047,Aidan Laughery,RB,Illinois,Eastern Illinois,0.212,0.166,0.216
1901,2024,1,regular,4869962,Ashton Hollins,WR,Illinois,Eastern Illinois,2.351,2.351,
1902,2024,1,regular,4870696,Malik Elzy,WR,Illinois,Eastern Illinois,2.937,2.937,
1903,2024,1,regular,4870728,Kaden Feagin,RB,Illinois,Eastern Illinois,0.37,,0.37
1904,2024,1,regular,4885048,Carson Goda,TE,Illinois,Eastern Illinois,3.25,3.25,
1905,2024,1,regular,4923226,Collin Dixon,WR,Illinois,Eastern Illinois,1.293,1.293,
1906,2024,1,regular,5078909,Kenari Wilcher,WR,Illinois,Eastern Illinois,0.484,0.484,
1907,2024,1,regular,5083726,MJ Flowers,RB,Eastern Illinois,Illinois,-0.068,,-0.068
1908,2024,1,regular,5083727,Jay Pearson,RB,Eastern Illinois,Illinois,-0.94,,-0.94
1909,2024,1,regular,5089182,CJ Nelson,WR,Eastern Illinois,Illinois,2.054,2.054,
1910,2024,1,regular,5106299,Ca'Lil Valentine,RB,Illinois,Eastern Illinois,-0.287,,-0.287
1911,2024,1,regular,4577440,Grant Sergent,QB,San Diego,Cal Poly,-0.413,-0.413,
1912,2024,1,postseason,4429105,Arian Smith,WR,Georgia,Notre Dame,2.236,3.552,0.919
1913,2024,1,postseason,4596439,Dominic Lovett,WR,Georgia,Notre Dame,0.819,0.819,
1914,2024,1,regular,4605858,Rivaldo Fairweather,TE,Auburn,Alabama A&M,0.278,0.278,
1915,2024,1,regular,4612350,Donovan Eaglin,RB,Alabama A&M,Auburn,-0.415,,-0.415
1916,2024,1,regular,4685284,Caleb Burton,WR,Auburn,Alabama A&M,1.151,1.151,
1917,2024,1,regular,4685699,Damari Alston,RB,Auburn,Alabama A&M,0.841,,0.841
1918,2024,1,regular,4686271,Robert Lewis,WR,Auburn,Alabama A&M,0.45,0.45,
1919,2024,1,regular,4689654,Justin Jones,RB,Auburn,Alabama A&M,-3.648,,-3.648
1920,2024,1,regular,4710341,Jarquez Hunter,RB,Auburn,Alabama A&M,0.868,,0.868
1921,2024,1,regular,4714300,Holden Geriner,QB,Auburn,Alabama A&M,0.151,1.252,-0.951
1922,2024,1,regular,4769881,Ryan Morrow,RB,Alabama A&M,Auburn,-0.266,-1.736,0.028
1923,2024,1,regular,4870642,Jeremiah Cobb,RB,Auburn,Alabama A&M,0.412,-0.755,0.801
1924,2024,1,regular,5079376,Cam Coleman,WR,Auburn,Alabama A&M,2.801,2.801,
1925,2024,1,regular,5079691,Malcolm Simmons,WR,Auburn,Alabama A&M,2.385,2.385,
1926,2024,1,regular,5079743,Perry Thompson,WR,Auburn,Alabama A&M,3.244,3.244,
1927,2024,1,regular,5089314,Hank Brown,QB,Auburn,Alabama A&M,0.786,0.786,
1928,2024,1,regular,5145207,Bryce Cain,WR,Auburn,Alabama A&M,0.151,1.252,-0.951
1929,2024,1,regular,4038961,Cam McCormick,TE,Miami,Florida,2.74,2.74,
1930,2024,1,regular,4426335,Graham Mertz,QB,Florida,Miami,-0.232,-0.313,0.383
1931,2024,1,regular,4429184,Elijhah Badger,WR,Florida,Miami,0.743,0.743,
1932,2024,1,regular,4431268,Chimere Dike,WR,Florida,Miami,0.931,0.931,
1933,2024,1,regular,4431353,Xavier Restrepo,WR,Miami,Florida,0.768,0.768,
1934,2024,1,regular,4567784,Jacolby George,WR,Miami,Florida,1.622,1.622,
1935,2024,1,regular,4587977,Sam Brown,WR,Miami,Florida,-0.233,-0.233,
1936,2024,1,regular,4678006,Elijah Arroyo,TE,Miami,Florida,1.167,1.167,
1937,2024,1,regular,4684625,Montrell Johnson,RB,Florida,Miami,0.341,-0.828,0.447
1938,2024,1,regular,4685383,Isaiah Horton,WR,Miami,Florida,0.73,0.73,
1939,2024,1,regular,4688380,Cameron Ward,QB,Miami,Florida,0.666,0.634,1.235
1940,2024,1,regular,4693740,Kahleil Jackson,WR,Florida,Miami,0.287,0.287,
1941,2024,1,regular,4702556,Arlis Boardingham,TE,Florida,Miami,-0.723,-0.723,
1942,2024,1,regular,4808830,Damien Martinez,RB,Miami,Florida,0.092,-0.317,0.147
1943,2024,1,regular,4870736,Mark Fletcher Jr.,RB,Miami,Florida,0.534,0.592,0.526
1944,2024,1,regular,4871065,Treyaun Webb,RB,Florida,Miami,0.11,,0.11
1945,2024,1,regular,4878394,Ajay Allen,RB,Miami,Florida,-0.15,,-0.15
1946,2024,1,regular,4921154,Eugene Wilson,WR,Florida,Miami,0.282,0.282,
1947,2024,1,regular,5079322,Jadan Baugh,RB,Florida,Miami,0.398,,0.398
1948,2024,1,regular,5079503,Elija Lofton,TE,Miami,Florida,1.367,1.367,
1949,2024,1,regular,5079555,D.J. Lagway,QB,Florida,Miami,-0.036,-0.296,0.355
1950,2024,1,regular,5079591,Jordan Lyle,RB,Miami,Florida,-0.254,-0.528,-0.209
1951,2024,1,regular,4379471,Tyler Brown,WR,Clemson,Georgia,0.072,0.072,
1952,2024,1,regular,4429105,Arian Smith,WR,Georgia,Clemson,0.698,0.717,0.605
1953,2024,1,regular,4430841,Carson Beck,QB,Georgia,Clemson,0.518,0.454,1.616
1954,2024,1,regular,4431196,Jake Briningstool,TE,Clemson,Georgia,0.531,0.531,
1955,2024,1,regular,4431562,Phil Mafah,RB,Clemson,Georgia,-0.06,-0.507,0.024
1956,2024,1,regular,4596439,Dominic Lovett,WR,Georgia,Clemson,0.206,0.206,
1957,2024,1,regular,4685413,Cade Klubnik,QB,Clemson,Georgia,-0.164,-0.137,-0.591
1958,2024,1,regular,4712579,Dillon Bell,WR,Georgia,Clemson,0.228,0.012,1.308
1959,2024,1,regular,4713489,Branson Robinson,RB,Georgia,Clemson,-0.545,-0.33,-0.607
1960,2024,1,regular,4870874,Lawson Luckie,TE,Georgia,Clemson,1.29,1.29,
1961,2024,1,regular,4881826,Cash Jones,RB,Georgia,Clemson,1.298,0.541,2.811
1962,2024,1,regular,4914980,Cole Turner,WR,Clemson,Georgia,-1.213,-1.213,
1963,2024,1,regular,5078453,London Humphreys,WR,Georgia,Clemson,4.115,4.115,
1964,2024,1,regular,5079335,Chauncey Bowens,RB,Georgia,Clemson,-0.241,,-0.241
1965,2024,1,regular,5081432,Antonio Williams,WR,Clemson,Georgia,0.543,0.543,
1966,2024,1,regular,5081435,Keith Adams Jr.,RB,Clemson,Georgia,0.373,,0.373
1967,2024,1,regular,5084047,Nate Frazier,RB,Georgia,Clemson,0.341,0.095,0.408
1968,2024,1,regular,5092508,Colbie Young,WR,Georgia,Clemson,0.27,0.27,
1969,2024,1,regular,5112674,Bryant Wesco Jr.,WR,Clemson,Georgia,0.661,0.661,
1970,2024,1,regular,5150556,Jay Haynes,RB,Clemson,Georgia,-1.331,,-1.331
1971,2024,1,regular,5150561,Olsen Patt-Henry,TE,Clemson,Georgia,0.075,0.075,
1972,2024,1,regular,5218753,T.J. Moore,WR,Clemson,Georgia,0.501,0.501,
1973,2024,1,regular,4426463,Dannis Jackson,WR,Southern Miss,Kentucky,1.072,1.072,
1974,2024,1,regular,4430270,Jay Maclin,WR,Kentucky,Southern Miss,2.403,2.403,
1975,2024,1,regular,4432782,Brock Vandagriff,QB,Kentucky,Southern Miss,0.517,0.452,0.752
1976,2024,1,regular,4433886,Tate Rodemaker,QB,Southern Miss,Kentucky,-0.155,-0.155,
1977,2024,1,regular,4567507,Rodrigues Clark,RB,Southern Miss,Kentucky,-0.188,0.082,-0.278
1978,2024,1,regular,4596346,Jordan Dingle,TE,Kentucky,Southern Miss,0.458,0.458,
1979,2024,1,regular,4606195,Demie Sumo,RB,Kentucky,Southern Miss,0.447,,0.447
1980,2024,1,regular,4685424,Dane Key,WR,Kentucky,Southern Miss,1.374,1.374,
1981,2024,1,regular,4685704,Larry Simmons,WR,Southern Miss,Kentucky,0.987,0.987,
1982,2024,1,regular,4698597,Barion Brown,WR,Kentucky,Southern Miss,0.612,1.176,-0.139
1983,2024,1,regular,4714290,Fred Farrier II,WR,Kentucky,Southern Miss,0.664,1.524,-0.195
1984,2024,1,regular,4869745,Kyirin Heath,TE,Southern Miss,Kentucky,2.906,2.906,
1985,2024,1,regular,4869802,Davis Dalton,WR,Southern Miss,Kentucky,0.536,0.536,
1986,2024,1,regular,4888886,Kenyon Clay,RB,Southern Miss,Kentucky,0.698,,0.698
1987,2024,1,regular,4920193,Ethan Crawford,QB,Southern Miss,Kentucky,0.184,,0.184
1988,2024,1,regular,4954506,Jamarion Wilcox,RB,Kentucky,Southern Miss,-0.466,,-0.466
1989,2024,1,regular,5092470,Tiaquelin Mims,WR,Southern Miss,Kentucky,-0.769,-0.769,
1990,2024,1,regular,5123048,Jason Patterson,RB,Kentucky,Southern Miss,0.201,,0.201
1991,2024,1,regular,5152924,JQ Gray,RB,Southern Miss,Kentucky,0.333,0.333,
1992,2024,1,regular,4426689,Ulysses Bentley IV,RB,Ole Miss,Furman,0.381,0.264,0.439
1993,2024,1,regular,4429212,Rashad Amos,RB,Ole Miss,Furman,0.108,,0.108
1994,2024,1,regular,4431310,Henry Parrish Jr.,RB,Ole Miss,Furman,0.23,0.818,0.156
1995,2024,1,regular,4432669,Joshua Burrell,WR,Furman,Ole Miss,1.966,1.966,
1996,2024,1,regular,4685391,Walker Howard,QB,Ole Miss,Furman,-1.914,-1.914,
1997,2024,1,regular,4686612,Tre Harris,WR,Ole Miss,Furman,1.556,1.556,
1998,2024,1,regular,4687509,Caden Prieskorn,TE,Ole Miss,Furman,2.022,2.022,
1999,2024,1,regular,4689114,Jaxson Dart,QB,Ole Miss,Furman,0.979,1.049,0.586
2000,2024,1,regular,4695267,Bailor Hughes,WR,Furman,Ole Miss,-0.325,-0.021,-0.376
2001,2024,1,regular,4696062,Antwane Wells Jr.,WR,Ole Miss,Furman,2.803,2.803,
2002,2024,1,regular,4838696,Dae'Quan Wright,TE,Ole Miss,Furman,1.588,1.588,
2003,2024,1,regular,4870858,Cayden Lee,WR,Ole Miss,Furman,1.535,1.535,
2004,2024,1,regular,4871088,Ayden Williams,WR,Ole Miss,Furman,1.697,1.697,
2005,2024,1,regular,4875065,Matt Jones,RB,Ole Miss,Furman,2.225,,2.225
2006,2024,1,regular,4877206,Joshua Harris,WR,Furman,Ole Miss,1.957,1.957,
2007,2024,1,regular,4877209,Myion Hicks,RB,Furman,Ole Miss,-0.082,-0.956,0.064
2008,2024,1,regular,4877212,Grant Robinson,RB,Furman,Ole Miss,-0.37,0.065,-0.587
2009,2024,1,regular,5079632,Noreel White,WR,Ole Miss,Furman,1.011,1.011,
2010,2024,1,regular,5081436,Domonique Thomas,RB,Ole Miss,Furman,0.504,,0.504
2011,2024,1,regular,5085847,Ben Ferguson,WR,Furman,Ole Miss,0.216,0.216,
2012,2024,1,regular,5085848,Carson Jones,QB,Furman,Ole Miss,-0.137,-0.137,
2013,2024,1,regular,5085852,Ben Croasdale,RB,Furman,Ole Miss,0.204,,0.204
2014,2024,1,regular,5141684,Austin Simmons,QB,Ole Miss,Furman,0.083,-0.009,0.872
2015,2024,1,regular,4429077,Keyvone Lee,RB,Mississippi State,Eastern Kentucky,-0.064,-0.651,0.002
2016,2024,1,regular,4431468,Jordan Mosley,WR,Mississippi State,Eastern Kentucky,1.977,1.977,
2017,2024,1,regular,4565315,Blake Shapen,QB,Mississippi State,Eastern Kentucky,0.756,0.616,1.246
2018,2024,1,regular,4565460,Jaycob Horn,WR,Eastern Kentucky,Mississippi State,1.59,1.59,
2019,2024,1,regular,4567543,Justin Ball,TE,Mississippi State,Eastern Kentucky,-2.449,-2.449,
2020,2024,1,regular,4570516,Joshua Carter,RB,Eastern Kentucky,Mississippi State,-0.071,-0.015,-0.077
2021,2024,1,regular,4683814,Dequan Stanley,WR,Eastern Kentucky,Mississippi State,0.396,0.396,
2022,2024,1,regular,4870889,Chris Parson,QB,Mississippi State,Eastern Kentucky,-0.12,-0.515,0.671
2023,2024,1,regular,4871040,Creed Whittemore,WR,Mississippi State,Eastern Kentucky,2.287,-0.275,4.848
2024,2024,1,regular,4872940,Ron Vann,WR,Eastern Kentucky,Mississippi State,2.922,2.922,
2025,2024,1,regular,4878834,Matt Morrissey,QB,Eastern Kentucky,Mississippi State,-0.166,-0.135,-0.583
2026,2024,1,regular,4879783,Caeleb Schlachter,WR,Eastern Kentucky,Mississippi State,-0.261,-0.261,
2027,2024,1,regular,5079345,Mario Craver,WR,Mississippi State,Eastern Kentucky,5.344,5.344,
2028,2024,1,regular,5146781,Xavier Gayten,RB,Mississippi State,Eastern Kentucky,0.317,,0.317
2029,2024,1,regular,5153650,Davon Booth,RB,Mississippi State,Eastern Kentucky,0.174,,0.174
2030,2024,1,regular,5218820,Johnnie Daniels,RB,Mississippi State,Eastern Kentucky,-0.147,,-0.147
2031,2024,1,regular,4426535,Theo Wease,WR,Missouri,Murray State,0.897,0.897,
2032,2024,1,regular,4428580,Tyler Stephens,TE,Missouri,Murray State,0.877,0.877,
2033,2024,1,regular,4429088,Drew Pyne,QB,Missouri,Murray State,0.398,0.393,0.446
2034,2024,1,regular,4429435,Brady Cook,QB,Missouri,Murray State,0.27,0.336,-0.209
2035,2024,1,regular,4429461,Josh Crabtree,WR,Murray State,Missouri,0.667,0.667,
2036,2024,1,regular,4430828,Mookie Cooper,WR,Missouri,Murray State,3.802,3.802,
2037,2024,1,regular,4576318,Marcus Carroll,RB,Missouri,Murray State,0.454,0.57,0.408
2038,2024,1,regular,4613032,Nate Noel,RB,Missouri,Murray State,0.298,0.165,0.346
2039,2024,1,regular,4685278,Luther Burden III,WR,Missouri,Murray State,1.265,1.545,0.423
2040,2024,1,regular,4685418,Tavorus Jones,RB,Missouri,Murray State,-0.001,,-0.001
2041,2024,1,regular,4712886,Mekhi Miller,WR,Missouri,Murray State,2.15,2.15,
2042,2024,1,regular,4870869,Brett Norfleet,TE,Missouri,Murray State,-0.149,-0.149,
2043,2024,1,regular,4905594,Jawaun Northington,RB,Murray State,Missouri,-0.056,-0.407,-0.006
2044,2024,1,regular,4921113,Joshua Manning,WR,Missouri,Murray State,0.732,0.732,
2045,2024,1,regular,4921116,Jamal Roberts,RB,Missouri,Murray State,0.826,,0.826
2046,2024,1,regular,5076106,Marquis Johnson,WR,Missouri,Murray State,0.947,0.947,
2047,2024,1,regular,5082571,Jameson Holcomb,QB,Murray State,Missouri,-0.834,-0.834,
2048,2024,1,regular,5086388,Kewan Lacy,RB,Missouri,Murray State,0.373,,0.373
2049,2024,1,regular,5089486,Kylan Galbreath,RB,Murray State,Missouri,-0.503,-0.503,
2050,2024,1,regular,5119307,Daniel Blood,WR,Missouri,Murray State,0.222,0.222,
2051,2024,1,regular,146583,John Adams,WR,Temple,Oklahoma,0.959,0.965,0.954
2052,2024,1,regular,4428938,Dante Wright,WR,Temple,Oklahoma,0.204,0.542,-0.245
2053,2024,1,regular,4431273,Jalil Farooq,WR,Oklahoma,Temple,3.555,3.555,
2054,2024,1,regular,4431560,Antwain Littleton II,RB,Temple,Oklahoma,-0.098,1.657,-0.683
2055,2024,1,regular,4587701,Andrel Anthony Jr.,WR,Oklahoma,Temple,-0.567,-0.567,
2056,2024,1,regular,4683151,Deion Burks,WR,Oklahoma,Temple,0.607,0.861,0.013
2057,2024,1,regular,4683306,Landon Morris,TE,Temple,Oklahoma,1.09,1.09,
2058,2024,1,regular,4685269,Jovantae Barnes,RB,Oklahoma,Temple,0.324,,0.324
2059,2024,1,regular,4685545,Gavin Sawchuk,RB,Oklahoma,Temple,0.147,,0.147
2060,2024,1,regular,4685553,Brenen Thompson,WR,Oklahoma,Temple,-0.416,-0.416,
2061,2024,1,regular,4687515,EJ Wilson Jr.,RB,Temple,Oklahoma,0.283,,0.283
2062,2024,1,regular,4870607,Jackson Arnold,QB,Oklahoma,Temple,0.195,0.155,0.335
2063,2024,1,regular,4870836,Xavier Irvin,WR,Temple,Oklahoma,1.766,1.766,
2064,2024,1,regular,4877529,Sam Franklin,RB,Oklahoma,Temple,0.284,,0.284
2065,2024,1,regular,4888131,Antonio Jones,WR,Temple,Oklahoma,0.056,0.056,
2066,2024,1,regular,4890373,Bauer Sharp,TE,Oklahoma,Temple,0.632,0.632,
2067,2024,1,regular,4920228,Jocquez Smith,RB,Temple,Oklahoma,-0.548,-1.599,-0.285
2068,2024,1,regular,5079465,Michael Hawkins Jr.,QB,Oklahoma,Temple,0.102,0.0,0.306
2069,2024,1,regular,5079643,Zion Ragins,WR,Oklahoma,Temple,0.329,0.329,
2070,2024,1,regular,5079719,Taylor Tatum,RB,Oklahoma,Temple,1.221,,1.221
2071,2024,1,regular,5114593,Ivan Carreon,WR,Oklahoma,Temple,-0.621,-0.621,
2072,2024,1,regular,5151231,Forrest Brock,QB,Temple,Oklahoma,-0.265,-0.18,-0.551
2073,2024,1,regular,5219864,Terrez Worthy,RB,Temple,Oklahoma,-0.102,,-0.102
2074,2024,1,regular,5219865,Ashton Allen,WR,Temple,Oklahoma,0.363,0.237,0.867
2075,2024,1,regular,553074,Aaron Young,RB,Old Dominion,South Carolina,-0.112,,-0.112
2076,2024,1,regular,4427630,Oscar Adaway III,RB,South Carolina,Old Dominion,-0.174,,-0.174
2077,2024,1,regular,4430482,Joshua Simon,TE,South Carolina,Old Dominion,1.154,1.154,
2078,2024,1,regular,4565879,Diante Vines,WR,Old Dominion,South Carolina,0.281,0.281,
2079,2024,1,regular,4569372,Dalevon Campbell,WR,South Carolina,Old Dominion,2.091,2.091,
2080,2024,1,regular,4579667,Pat Conroy,TE,Old Dominion,South Carolina,1.092,1.092,
2081,2024,1,regular,4601080,Raheim Sanders,RB,South Carolina,Old Dominion,0.196,,0.196
2082,2024,1,regular,4683144,Myles Alston,WR,Old Dominion,South Carolina,1.345,1.345,
2083,2024,1,regular,4695867,Grant Wilson,QB,Old Dominion,South Carolina,0.352,0.248,0.727
2084,2024,1,regular,4700453,Jared Brown,WR,South Carolina,Old Dominion,0.54,,0.54
2085,2024,1,regular,4832874,Bryce Duke,RB,Old Dominion,South Carolina,-0.021,,-0.021
2086,2024,1,regular,4870842,Vandrevious Jacobs,WR,South Carolina,Old Dominion,2.498,2.498,
2087,2024,1,regular,4875127,Lanorris Sellers,QB,South Carolina,Old Dominion,-0.044,-0.276,0.201
2088,2024,1,regular,4875867,Isiah Paige,WR,Old Dominion,South Carolina,2.74,2.74,
2089,2024,1,regular,4880608,Juju McDowell,RB,South Carolina,Old Dominion,0.619,,0.619
2090,2024,1,regular,4363059,Jay Gibson,TE,Chattanooga,Tennessee,1.029,1.029,
2091,2024,1,regular,4426337,Bru McCoy,WR,Tennessee,Chattanooga,1.033,1.12,0.688
2092,2024,1,regular,4432775,Dont'E Thornton,WR,Tennessee,Chattanooga,3.079,3.079,
2093,2024,1,regular,4569414,Chase Artopoeus,QB,Chattanooga,Tennessee,0.172,0.172,
2094,2024,1,regular,4572717,Lance Jackson,RB,Chattanooga,Tennessee,-0.541,,-0.541
2095,2024,1,regular,4685573,Holden Staes,TE,Tennessee,Chattanooga,0.645,0.645,
2096,2024,1,regular,4922996,Dylan Wade,TE,Maryland,UConn,0.64,0.64,
2097,2024,1,regular,4940236,Ryan Manning,WR,Maryland,UConn,1.691,1.691,
2098,2024,1,regular,5078227,Braeden Wisloski,WR,Maryland,UConn,0.501,0.501,
2099,2024,1,regular,5079650,DeJuan Williams,RB,Maryland,UConn,0.315,,0.315
2100,2024,1,regular,5086034,Camryn Edwards,RB,UConn,Maryland,0.466,0.115,0.536
2101,2024,1,regular,5147685,Josiah McLaurin,RB,Maryland,UConn,0.849,3.046,-0.249
2102,2024,1,regular,4429121,Kalel Mullings,RB,Michigan,Fresno State,0.24,,0.24
2103,2024,1,regular,4431053,Mac Dalena,WR,Fresno State,Michigan,0.975,0.975,
2104,2024,1,regular,4431536,Donovan Edwards,RB,Michigan,Fresno State,-0.08,0.378,-0.163
2105,2024,1,regular,4597499,Mikey Keene,QB,Fresno State,Michigan,-0.091,-0.091,
2106,2024,1,regular,4607267,Malik Sherrod,RB,Fresno State,Michigan,-0.385,0.226,-0.472
2107,2024,1,regular,4685464,Tyler Morris,WR,Michigan,Fresno State,0.475,0.475,
2108,2024,1,regular,4685495,Alex Orji,QB,Michigan,Fresno State,0.655,0.638,0.662
2109,2024,1,regular,4699761,Elijah Gilliam,RB,Fresno State,Michigan,-0.247,-0.534,-0.176
2110,2024,1,regular,4723086,Colston Loveland,TE,Michigan,Fresno State,0.919,0.919,
2111,2024,1,regular,4804883,Jalen Moss,WR,Fresno State,Michigan,1.929,1.929,
2112,2024,1,regular,4832830,Joshua Wood,QB,Fresno State,Michigan,-0.115,,-0.115
2113,2024,1,regular,4833016,Chedon James,WR,Fresno State,Michigan,-0.225,-0.225,
2114,2024,1,regular,4872957,Raylen Sharpe,WR,Fresno State,Michigan,1.969,1.969,
2115,2024,1,regular,4875608,Kamron Beachem,TE,Fresno State,Michigan,0.678,0.678,
2116,2024,1,regular,4878681,Davis Warren,QB,Michigan,Fresno State,-0.08,-0.08,
2117,2024,1,regular,4899366,Semaj Morgan,WR,Michigan,Fresno State,0.539,0.501,0.616
2118,2024,1,regular,5082315,Nathan Acevedo,WR,Fresno State,Michigan,0.332,0.332,
2119,2024,1,regular,5108220,Kendrick Bell,WR,Michigan,Fresno State,1.667,1.667,
2120,2024,1,regular,4426530,Kay'Ron Adams,RB,Michigan State,Florida Atlantic,0.232,,0.232
2121,2024,1,regular,4572040,George Johnson,WR,Florida Atlantic,Michigan State,0.094,0.094,
2122,2024,1,regular,4600597,Montorie Foster,WR,Michigan State,Florida Atlantic,0.73,0.73,
2123,2024,1,regular,4605477,Alante Brown,WR,Michigan State,Florida Atlantic,1.618,1.618,
2124,2024,1,regular,4683665,Zuberi Mobley,RB,Florida Atlantic,Michigan State,0.008,-0.398,0.049
2125,2024,1,regular,4700135,Cam Fancher,QB,Florida Atlantic,Michigan State,-0.081,-0.238,0.243
2126,2024,1,regular,4816104,Michael Masunas,TE,Michigan State,Florida Atlantic,1.008,1.008,
2127,2024,1,regular,4832827,Jack Velling,TE,Michigan State,Florida Atlantic,1.822,1.822,
2128,2024,1,regular,4834817,Jayshon Platt,WR,Florida Atlantic,Michigan State,1.943,1.943,
2129,2024,1,regular,4837269,Omari Hayes,WR,Florida Atlantic,Michigan State,1.676,1.676,
2130,2024,1,regular,4869252,Jaron Glover,WR,Michigan State,Florida Atlantic,0.288,,0.288
2131,2024,1,regular,4873588,CJ Campbell,RB,Florida Atlantic,Michigan State,-0.384,-0.288,-0.399
2132,2024,1,regular,5075805,Aidan Chiles,QB,Michigan State,Florida Atlantic,-0.189,-0.246,0.03
2133,2024,1,regular,5079600,Nick Marsh,WR,Michigan State,Florida Atlantic,1.135,1.135,
2134,2024,1,regular,5120971,Aziah Johnson,WR,Michigan State,Florida Atlantic,0.592,0.592,
2135,2024,1,regular,4427609,Rahmir Johnson,RB,Nebraska,UTEP,0.027,,0.027
2136,2024,1,regular,4428116,Isaiah Neyor,WR,Nebraska,UTEP,2.807,2.807,
2137,2024,1,regular,4571935,Jahmal Banks,WR,Nebraska,UTEP,1.734,1.734,
2138,2024,1,regular,4595354,Gabe Ervin,RB,Nebraska,UTEP,0.85,,0.85
2139,2024,1,regular,4683263,Heinrich Haarberg,QB,Nebraska,UTEP,0.361,0.909,-0.188
2140,2024,1,regular,4685274,Janiran Bonner,WR,Nebraska,UTEP,0.34,0.34,
2141,2024,1,regular,4705927,Jevon Jackson,RB,UTEP,Nebraska,0.096,,0.096
2142,2024,1,regular,4832955,Emmett Johnson,RB,Nebraska,UTEP,0.611,1.521,0.497
2143,2024,1,regular,4872477,Alex Bullock,WR,Nebraska,UTEP,0.351,0.351,
2144,2024,1,regular,4877714,Jaden Smith,WR,UTEP,Nebraska,1.052,1.868,-0.578
2145,2024,1,regular,4879292,Kam Thomas,WR,UTEP,Nebraska,2.099,2.099,
2146,2024,1,regular,4879298,Trey Goodman,WR,UTEP,Nebraska,1.527,1.527,
2147,2024,1,regular,4923252,Dante Dowdell,RB,Nebraska,UTEP,0.286,,0.286
2148,2024,1,regular,5079572,Dylan Raiola,QB,Nebraska,UTEP,0.522,0.522,
2149,2024,1,regular,5081096,Roman Mangini,WR,Nebraska,UTEP,0.401,0.401,
2150,2024,1,regular,5081107,Luke Lindenmeyer,TE,Nebraska,UTEP,1.467,1.467,
2151,2024,1,regular,5083042,Skyler Locklear,QB,UTEP,Nebraska,0.603,0.535,0.853
2152,2024,1,regular,5083370,Jacory Barney Jr.,WR,Nebraska,UTEP,1.229,1.229,
2153,2024,1,regular,5088893,Cade McConnell,QB,UTEP,Nebraska,0.081,-0.147,0.538
2154,2024,1,regular,5110168,Carter Nelson,WR,Nebraska,UTEP,0.202,0.202,
2155,2024,1,regular,5120456,Kwinten Ives,RB,Nebraska,UTEP,-0.353,,-0.353
2156,2024,1,regular,5127900,Shay Smith,QB,UTEP,Nebraska,-0.983,-1.563,-0.402
2157,2024,1,regular,5163745,Jalyn Gramstad,QB,Nebraska,UTEP,-0.819,-0.435,-1.973
2158,2024,1,regular,5168288,Maurice Mazzccua,RB,Nebraska,UTEP,-0.098,,-0.098
2159,2024,1,regular,5174993,Kenneth Williams,RB,Nebraska,UTEP,0.103,,0.103
2160,2024,1,regular,5227018,Mekhi Nelson,RB,Nebraska,UTEP,-0.579,,-0.579
2161,2024,1,regular,4429955,Will Howard,QB,Ohio State,Akron,0.638,0.572,1.002
2162,2024,1,regular,4430712,Jordan Simmons,RB,Akron,Ohio State,-0.124,,-0.124
2163,2024,1,regular,4431091,Ben Finley,QB,Akron,Ohio State,-0.589,-0.7,-0.216
2164,2024,1,regular,4431498,Jayden Ballard,WR,Ohio State,Akron,0.595,0.595,
2165,2024,1,regular,4432710,TreVeyon Henderson,RB,Ohio State,Akron,0.519,1.027,0.456
2166,2024,1,regular,4567750,Emeka Egbuka,WR,Ohio State,Akron,1.57,1.57,
2167,2024,1,regular,4684003,Tahj Bullock,QB,Akron,Ohio State,0.231,0.105,0.334
2168,2024,1,regular,4685702,Quinshon Judkins,RB,Ohio State,Akron,0.134,,0.134
2169,2024,1,regular,4695709,Devin Brown,QB,Ohio State,Akron,-0.267,-0.267,
2170,2024,1,regular,4871023,Carnell Tate,WR,Ohio State,Akron,2.721,2.721,
2171,2024,1,regular,4871050,Marquese Williams,RB,Akron,Ohio State,-0.274,,-0.274
2172,2024,1,regular,4882061,Jacob Newell,TE,Akron,Ohio State,2.612,2.612,
2173,2024,1,regular,4916306,Bobby Golden,WR,Akron,Ohio State,1.531,1.531,
2174,2024,1,regular,4917288,Charles Kellom,RB,Akron,Ohio State,-0.041,,-0.041
2175,2024,1,regular,5079720,Jeremiah Smith,WR,Ohio State,Akron,2.185,2.185,
2176,2024,1,regular,5110454,James Peoples,RB,Ohio State,Akron,0.509,,0.509
2177,2024,1,regular,5126515,Sam Williams-Dixon,RB,Ohio State,Akron,-0.095,,-0.095
2178,2024,1,regular,4427238,Dillon Gabriel,QB,Oregon,Idaho,0.533,0.592,-1.616
2179,2024,1,regular,4429172,Traeshon Holden,WR,Oregon,Idaho,2.175,2.175,
2180,2024,1,regular,4432631,Noah Whittington,RB,Oregon,Idaho,-0.104,0.96,-0.256
2181,2024,1,regular,4570037,Terrance Ferguson,TE,Oregon,Idaho,0.965,0.965,
2182,2024,1,regular,4608810,Tez Johnson,WR,Oregon,Idaho,1.458,1.458,
2183,2024,1,regular,4685397,Jordan James,RB,Oregon,Idaho,0.593,1.026,0.506
2184,2024,1,regular,4698298,Jake Cox,TE,Idaho,Oregon,3.011,3.011,
2185,2024,1,regular,4832804,Jordan Dwyer,WR,Idaho,Oregon,0.686,0.686,
2186,2024,1,regular,4870876,Kyler Kasper,WR,Oregon,Idaho,2.975,2.975,
2187,2024,1,regular,4878863,Nate Thomas,RB,Idaho,Oregon,0.623,1.355,0.257
2188,2024,1,regular,4887438,Elisha Cummings,RB,Idaho,Oregon,0.389,1.867,0.204
2189,2024,1,regular,5083171,Jack Layne,QB,Idaho,Oregon,-0.082,-0.175,0.228
2190,2024,1,regular,5083315,Kenyon Sadiq,TE,Oregon,Idaho,0.789,1.543,-0.341
2191,2024,1,regular,4429847,Garrett Greene,QB,West Virginia,Penn State,-0.021,0.07,-0.353
2192,2024,1,regular,4431459,Tyler Warren,TE,Penn State,West Virginia,1.447,1.447,
2193,2024,1,regular,4433921,Kole Taylor,TE,West Virginia,Penn State,0.784,0.784,
2194,2024,1,regular,4619186,Treylan Davis,TE,West Virginia,Penn State,-0.052,-0.052,
2195,2024,1,regular,4685246,Kaytron Allen,RB,Penn State,West Virginia,-0.084,2.618,-0.355
2196,2024,1,regular,4685459,Nicco Marchiol,QB,West Virginia,Penn State,-0.806,-2.438,0.011
2197,2024,1,regular,4685555,Nicholas Singleton,RB,Penn State,West Virginia,0.44,1.521,0.356
2198,2024,1,regular,4685696,Beau Pribula,QB,Penn State,West Virginia,1.302,2.908,0.767
2199,2024,1,regular,4691003,Preston Fox,WR,West Virginia,Penn State,1.96,1.96,
2200,2024,1,regular,4699354,Harrison Wallace III,WR,Penn State,West Virginia,2.496,2.496,
2201,2024,1,regular,4702908,Omari Evans,WR,Penn State,West Virginia,1.528,1.528,
2202,2024,1,regular,4714771,Drew Allar,QB,Penn State,West Virginia,0.989,0.966,1.056
2203,2024,1,regular,4870754,Rodney Gallagher,WR,West Virginia,Penn State,0.542,0.542,
2204,2024,1,regular,4870912,Traylon Ray,WR,West Virginia,Penn State,0.6,0.6,
2205,2024,1,regular,4911971,Jahiem White,RB,West Virginia,Penn State,-0.029,-0.351,0.052
2206,2024,1,regular,4913159,Jaylen Anderson,RB,West Virginia,Penn State,0.069,,0.069
2207,2024,1,regular,5079386,Ric'Darious Farmer,WR,West Virginia,Penn State,-0.765,,-0.765
2208,2024,1,regular,5081999,CJ Donaldson,RB,West Virginia,Penn State,0.348,,0.348
2209,2024,1,regular,5100582,Hudson Clement,WR,West Virginia,Penn State,2.748,2.748,
2210,2024,1,regular,5121541,Cam Wallace,RB,Penn State,West Virginia,-0.301,,-0.301
2211,2024,1,regular,4430235,Chris Long,WR,Rutgers,Howard,-0.167,-0.167,
2212,2024,1,regular,4432722,Athan Kaliakmanis,QB,Rutgers,Howard,0.359,0.172,1.076
2213,2024,1,regular,4606669,Victor Konopka,TE,Rutgers,Howard,0.481,0.481,
2214,2024,1,regular,4608686,Kyle Monangai,RB,Rutgers,Howard,0.158,-0.41,0.192
2215,2024,1,regular,4697536,Kasey Hawthorne,WR,Howard,Rutgers,1.391,1.391,
2216,2024,1,regular,4697540,Jarett Hunter,RB,Howard,Rutgers,-0.325,0.636,-0.485
2217,2024,1,regular,4746099,Kenny Fletcher,TE,Rutgers,Howard,1.261,1.261,
2218,2024,1,regular,4775266,Dymere Miller,WR,Rutgers,Howard,1.06,1.06,
2219,2024,1,regular,4837182,Eden James,RB,Howard,Rutgers,0.241,0.193,0.253
2220,2024,1,regular,4878811,Richie Ilarraza,WR,Howard,Rutgers,-0.315,-0.111,-1.13
2221,2024,1,regular,5075390,Ian Strong,WR,Rutgers,Howard,1.0,1.0,
2222,2024,1,regular,5078166,Ajani Sheppard,QB,Rutgers,Howard,-0.054,,-0.054
2223,2024,1,regular,5084771,KJ Duff,WR,Rutgers,Howard,0.698,0.698,
2224,2024,1,regular,5087297,Ja'Shawn Scroggins,QB,Howard,Rutgers,-0.041,-0.231,0.408
2225,2024,1,regular,5209945,Antwan Raymond,RB,Rutgers,Howard,-0.182,,-0.182
2226,2024,1,regular,4251136,Spencer Curtis,WR,Hawai'i,UCLA,-1.382,-1.382,
2227,2024,1,regular,4427634,Keegan Jones,RB,UCLA,Hawai'i,-0.151,-0.173,-0.143
2228,2024,1,regular,4429068,Ethan Garbers,QB,UCLA,Hawai'i,0.182,0.14,0.456
2229,2024,1,regular,4431525,Dekel Crowdus,WR,Hawai'i,UCLA,0.358,0.358,
2230,2024,1,regular,4432731,Moliki Matavao,TE,UCLA,Hawai'i,1.093,1.093,
2231,2024,1,regular,4635009,J.Michael Sturdivant,WR,UCLA,Hawai'i,0.687,0.687,
2232,2024,1,regular,4693798,Koali Nishigaya,WR,Hawai'i,UCLA,1.908,1.908,
2233,2024,1,regular,4709977,Brayden Schager,QB,Hawai'i,UCLA,-0.065,-0.012,-0.468
2234,2024,1,regular,4710344,Titus Mokiao-Atimalala,WR,UCLA,Hawai'i,1.768,1.768,
2235,2024,1,regular,4869582,Cam Barfield,RB,Hawai'i,UCLA,-0.527,,-0.527
2236,2024,1,regular,4870713,Rico Flores,WR,UCLA,Hawai'i,2.623,2.623,
2237,2024,1,regular,4875791,Landon Sims,RB,Hawai'i,UCLA,-0.23,0.357,-0.397
2238,2024,1,regular,4875792,David Cordero,RB,Hawai'i,UCLA,1.281,,1.281
2239,2024,1,regular,4912240,Tylan Hines,RB,Hawai'i,UCLA,0.225,0.117,0.55
2240,2024,1,regular,5081907,Anthony Frias II,RB,UCLA,Hawai'i,-0.371,,-0.371
2241,2024,1,regular,5082648,Bryce Pierre,TE,UCLA,Hawai'i,0.51,0.51,
2242,2024,1,regular,5084133,Alex Perry,WR,Hawai'i,UCLA,1.911,1.911,
2243,2024,1,regular,5084135,Pofele Ashlock,WR,Hawai'i,UCLA,1.255,1.393,0.158
2244,2024,1,regular,5092477,Nicholas Cenacle,WR,Hawai'i,UCLA,0.188,0.188,
2245,2024,1,regular,5153613,Carter Shaw,WR,UCLA,Hawai'i,1.641,1.641,
2246,2024,1,regular,5218872,Christian Vaughn,RB,Hawai'i,UCLA,0.038,,0.038
2247,2024,1,regular,102597,Will Rogers,QB,Washington,Weber State,0.246,0.262,-0.089
2248,2024,1,regular,4427569,Giles Jackson,WR,Washington,Weber State,1.001,1.035,0.831
2249,2024,1,regular,4429186,Sam Adams II,RB,Washington,Weber State,0.515,,0.515
2250,2024,1,regular,4430810,Daniyel Ngata,RB,Washington,Weber State,-0.125,,-0.125
2251,2024,1,regular,4569594,Cameron Davis,RB,Washington,Weber State,0.297,1.182,0.12
2252,2024,1,regular,4702555,Jonah Coleman,RB,Washington,Weber State,0.862,0.898,0.86
2253,2024,1,regular,4832800,Denzel Boston,WR,Washington,Weber State,1.367,1.367,
2254,2024,1,regular,4875350,Quentin Moore,TE,Washington,Weber State,1.149,1.149,
2255,2024,1,regular,4876378,Damon Bankston,RB,Weber State,Washington,0.404,,0.404
2256,2024,1,regular,5079373,Decker DeGraaf,TE,Washington,Weber State,2.903,2.903,
2257,2024,1,regular,5079653,Demond Williams Jr.,QB,Washington,Weber State,0.54,0.663,0.376
2258,2024,1,regular,5085613,Adrian Cormier,RB,Weber State,Washington,0.169,3.415,-0.191
2259,2024,1,regular,5085628,Tajon Evans,WR,Weber State,Washington,2.468,2.468,
2260,2024,1,regular,5085629,Jaden Thrower,WR,Weber State,Washington,0.942,0.942,
2261,2024,1,regular,5147861,Adam Mohammed,RB,Washington,Weber State,1.384,,1.384
2262,2024,1,regular,4426409,Chez Mellusi,RB,Wisconsin,Western Michigan,0.2,-0.28,0.225
2263,2024,1,regular,4430598,Christopher Toudle,TE,Western Michigan,Wisconsin,-0.645,-0.645,
2264,2024,1,regular,4430775,Hayden Wolff,QB,Western Michigan,Wisconsin,0.242,0.345,-0.408
2265,2024,1,regular,4431152,Jackson Acker,TE,Wisconsin,Western Michigan,-0.895,-0.895,
2266,2024,1,regular,4432705,Bryson Green,WR,Wisconsin,Western Michigan,1.216,1.216,
2267,2024,1,regular,4565361,Anthony Sambucci,WR,Western Michigan,Wisconsin,-0.029,-0.029,
2268,2024,1,regular,4682904,Zahir Abdus-Salaam,RB,Western Michigan,Wisconsin,0.098,0.609,-0.004
2269,2024,1,regular,4683114,Will Pauling,WR,Wisconsin,Western Michigan,0.691,0.691,
2270,2024,1,regular,4683165,Jaden Nixon,RB,Western Michigan,Wisconsin,-0.259,1.32,-0.575
2271,2024,1,regular,4685186,Tyler Van Dyke,QB,Wisconsin,Western Michigan,0.182,0.101,0.682
2272,2024,1,regular,4693370,Riley Nowakowski,TE,Wisconsin,Western Michigan,0.633,0.633,
2273,2024,1,regular,4710744,Malique Dieudonne,WR,Western Michigan,Wisconsin,2.655,2.655,
2274,2024,1,regular,4869341,Cade Yacamelli,RB,Wisconsin,Western Michigan,0.515,,0.515
2275,2024,1,regular,4880449,Blake Bosma,TE,Western Michigan,Wisconsin,0.651,0.651,
2276,2024,1,regular,4909483,Jordin Parker,WR,Western Michigan,Wisconsin,0.076,,0.076
2277,2024,1,postseason,4430596,Keshawn Toney,TE,South Carolina State,Jackson State,0.368,0.368,
2278,2024,1,postseason,4607891,Ryan Stubblefield,QB,South Carolina State,Jackson State,-1.369,-1.552,-0.635
2279,2024,1,postseason,4683218,Zy McDonald,QB,Jackson State,South Carolina State,-0.386,,-0.386
2280,2024,1,postseason,4715386,Marvin Landy,TE,Jackson State,South Carolina State,0.808,0.808,
2281,2024,1,postseason,4749271,Justin Smith-Brown,WR,South Carolina State,Jackson State,-0.244,-0.244,
2282,2024,1,postseason,4769960,Desmond Moultrie,RB,Jackson State,South Carolina State,-0.542,,-0.542
2283,2024,1,postseason,4869655,Jameel Gardner Jr.,WR,Jackson State,South Carolina State,1.366,1.366,
2284,2024,1,postseason,4883859,Jordan Smith,WR,South Carolina State,Jackson State,-0.741,-0.308,-1.605
2285,2024,1,postseason,5083976,Emari Matthews,RB,Jackson State,South Carolina State,0.078,,0.078
2286,2024,1,postseason,5083981,Joanes Fortilien,WR,Jackson State,South Carolina State,1.348,1.348,
2287,2024,1,postseason,5231354,Caden High,WR,South Carolina State,Jackson State,-0.396,-0.396,
2288,2024,1,postseason,4430775,Hayden Wolff,QB,Western Michigan,South Alabama,0.513,0.464,1.794
2289,2024,1,postseason,4430992,Kentrel Bullock,RB,South Alabama,Western Michigan,0.373,,0.373
2290,2024,1,postseason,4565361,Anthony Sambucci,WR,Western Michigan,South Alabama,1.822,1.822,
2291,2024,1,postseason,4570507,Devin Voisin,WR,South Alabama,Western Michigan,1.789,1.789,
2292,2024,1,postseason,4572655,Jeremiah Webb,WR,South Alabama,Western Michigan,2.524,2.815,0.78
2293,2024,1,postseason,4576150,Shamar Sandgren,WR,South Alabama,Western Michigan,0.723,0.723,
2294,2024,1,postseason,4612189,Kadinn Morris,TE,Western Michigan,South Alabama,2.774,2.774,
2295,2024,1,postseason,4682904,Zahir Abdus-Salaam,RB,Western Michigan,South Alabama,0.067,0.863,-0.232
2296,2024,1,postseason,4683165,Jaden Nixon,RB,Western Michigan,South Alabama,-0.792,,-0.792
2297,2024,1,postseason,4877811,Billy Atkins,QB,James Madison,Western Kentucky,0.412,0.465,-0.199
2298,2024,1,postseason,4912342,Wayne Knight,RB,James Madison,Western Kentucky,-0.168,0.282,-0.372
2299,2024,1,postseason,4914830,Easton Messer,WR,Western Kentucky,James Madison,0.996,0.996,
2300,2024,1,postseason,5095915,Moussa Barry,WR,Western Kentucky,James Madison,1.715,1.715,
2301,2024,1,postseason,5121750,Yamir Knight,WR,James Madison,Western Kentucky,0.683,0.971,-0.469
2302,2024,1,postseason,5153036,Dylan Williams,WR,James Madison,Western Kentucky,0.731,0.731,
2303,2024,1,postseason,5172036,JC Evans,QB,James Madison,Western Kentucky,0.507,0.938,0.464
2304,2024,1,postseason,4429284,DeMeer Blankumsee,WR,Memphis,West Virginia,2.646,2.646,
2305,2024,1,postseason,4429847,Garrett Greene,QB,West Virginia,Memphis,0.588,0.451,1.368
2306,2024,1,postseason,4431597,Roc Taylor,WR,Memphis,West Virginia,2.391,2.391,
2307,2024,1,postseason,4433921,Kole Taylor,TE,West Virginia,Memphis,0.812,0.812,
2308,2024,1,postseason,4606194,Seth Henigan,QB,Memphis,West Virginia,0.718,0.822,0.383
2309,2024,1,postseason,4687493,Brandon Thomas,RB,Memphis,West Virginia,0.744,1.73,0.252
2310,2024,1,postseason,4691003,Preston Fox,WR,West Virginia,Memphis,0.165,0.165,
2311,2024,1,postseason,4691889,Gregory DeRosiers,RB,Memphis,West Virginia,1.283,0.904,1.662
2312,2024,1,postseason,4806381,Jarel Williams,WR,West Virginia,Memphis,2.179,2.179,
2313,2024,1,postseason,4870754,Rodney Gallagher,WR,West Virginia,Memphis,0.806,0.806,
2314,2024,1,regular,4688413,Giancarlo Woods,WR,Cal Poly,San Diego,1.405,1.405,
2315,2024,1,regular,4697524,Matt Colombo,RB,San Diego,Cal Poly,0.876,0.455,0.96
2316,2024,1,regular,4698671,Isaiah Smith,RB,San Diego,Cal Poly,0.296,,0.296
2317,2024,1,regular,5083145,Bo Kelly,QB,Cal Poly,San Diego,0.146,0.146,
2318,2024,1,regular,5093362,Cole Monach,WR,San Diego,Cal Poly,0.351,0.351,
2319,2024,1,regular,4571178,William Enneking,TE,Butler,Upper Iowa University,3.103,3.103,
2320,2024,1,regular,4571272,Nick Howard,QB,Butler,Upper Iowa University,0.994,0.866,1.147
2321,2024,1,regular,4686458,Chris Ndushabandi,WR,Upper Iowa University,Butler,-0.097,-0.097,
2322,2024,1,regular,4686817,Drew Cassens,TE,Butler,Upper Iowa University,0.808,0.808,
2323,2024,1,regular,4686820,Billy Dozier,WR,Butler,Upper Iowa University,-0.033,0.045,-0.059
2324,2024,1,regular,4694113,Joey Suchy,RB,Butler,Upper Iowa University,-0.153,-0.015,-0.199
2325,2024,1,regular,4876730,Luke Wooten,WR,Butler,Upper Iowa University,6.737,6.737,
2326,2024,1,regular,4876736,Joey Audia,WR,Butler,Upper Iowa University,1.124,0.826,2.016
2327,2024,1,regular,5087031,Reagan Andrew,QB,Butler,Upper Iowa University,0.795,0.937,0.51
2328,2024,1,regular,5087034,Griffin Caldwell,RB,Butler,Upper Iowa University,-0.767,-0.786,-0.747
2329,2024,1,regular,5087037,Ershod Jasey II,RB,Butler,Upper Iowa University,-0.03,,-0.03
2330,2024,1,regular,5087044,Archie Cox,WR,Butler,Upper Iowa University,1.327,1.327,
2331,2024,1,regular,4883899,Hope Adebayo,RB,St. Thomas (MN),Sioux Falls,-0.043,0.157,-0.345
2332,2024,1,regular,5082997,Christian Nash,RB,Sioux Falls,St. Thomas (MN),0.296,,0.296
2333,2024,1,regular,5088989,Gabriel Abel,RB,St. Thomas (MN),Sioux Falls,0.312,0.453,0.252
2334,2024,1,regular,5089003,Colin Chase,WR,St. Thomas (MN),Sioux Falls,0.157,0.157,
2335,2024,1,regular,4427431,Cooper Heisey,TE,Maine,Colgate,1.608,1.608,
2336,2024,1,regular,4430077,Jaharie Martin,FB,Maine,Colgate,0.081,,0.081
2337,2024,1,regular,4573286,Jamie Lamson,WR,Maine,Colgate,0.053,0.053,
2338,2024,1,regular,4573302,Michael Monios,WR,Maine,Colgate,2.407,2.407,
2339,2024,1,regular,4692052,Carter Peevy,QB,Maine,Colgate,0.356,0.486,-0.298
2340,2024,1,regular,4694246,William Parker,TE,Colgate,Maine,0.647,0.647,
2341,2024,1,regular,4696070,Tavion Banks,RB,Maine,Colgate,-0.379,,-0.379
2342,2024,1,regular,4696091,Montigo Moss,WR,Maine,Colgate,1.924,1.924,
2343,2024,1,regular,4696093,Trevin Ewing,WR,Maine,Colgate,1.212,,1.212
2344,2024,1,regular,4696138,Mason Gilbert,TE,Maine,Colgate,1.109,1.109,
2345,2024,1,regular,4876662,Michael Brescia,QB,Colgate,Maine,0.12,-0.023,0.497
2346,2024,1,regular,4876666,Brendan Cassamajor,RB,Colgate,Maine,0.809,,0.809
2347,2024,1,regular,4896653,Ryan Corbett,WR,Colgate,Maine,1.381,1.381,
2348,2024,1,regular,5085941,Zach Osborne,QB,Colgate,Maine,0.775,,0.775
2349,2024,1,regular,5085946,Marco Maldonado,RB,Colgate,Maine,-0.486,-1.0,-0.413
2350,2024,1,regular,5085958,Jariyah Sawyer,WR,Colgate,Maine,0.236,0.236,
2351,2024,1,regular,5085960,Brady Hutchison,WR,Colgate,Maine,0.621,0.621,
2352,2024,1,regular,5152586,Chris Gee,RB,Colgate,Maine,0.02,-0.469,0.265
2353,2024,1,regular,4574106,Matt O'Connor,QB,Stetson,Ave Maria University,1.239,1.239,
2354,2024,1,regular,4698362,Kaleb Costner,TE,Stetson,Ave Maria University,-0.644,,-0.644
2355,2024,1,regular,4887635,Brady Meitz,QB,Stetson,Ave Maria University,0.745,0.762,0.184
2356,2024,1,regular,5077106,Bryce Harrison,TE,Stetson,Ave Maria University,0.298,0.298,
2357,2024,1,regular,5081072,Jeremiah Giedrys,WR,Stetson,Ave Maria University,1.278,1.278,
2358,2024,1,regular,5086913,Aanjay Feliciano,WR,Stetson,Ave Maria University,0.844,0.844,
2359,2024,1,postseason,4696147,Kenneth Womack,WR,Western Michigan,South Alabama,1.231,1.231,
2360,2024,1,postseason,4710744,Malique Dieudonne,WR,Western Michigan,South Alabama,2.874,2.874,
2361,2024,1,postseason,4869553,Bishop Davenport,QB,South Alabama,Western Michigan,0.661,0.717,0.544
2362,2024,1,postseason,4897730,Braylon McReynolds,RB,South Alabama,Western Michigan,-0.011,0.753,-1.539
2363,2024,1,postseason,5074245,Broc Lowry,QB,Western Michigan,South Alabama,-0.205,,-0.205
2364,2024,1,postseason,5075529,Anthony Eager,WR,South Alabama,Western Michigan,0.43,-0.135,0.806
2365,2024,1,postseason,5085006,Jalen Buckley,RB,Western Michigan,South Alabama,0.249,0.058,0.33
2366,2024,1,postseason,5124334,PJ Martin,RB,South Alabama,Western Michigan,-0.283,,-0.283
2367,2024,1,postseason,4428527,Dalvin Smith,WR,Western Kentucky,James Madison,0.991,2.4,-3.238
2368,2024,1,postseason,4428940,Kyi Wright,TE,James Madison,Western Kentucky,0.938,0.938,
2369,2024,1,postseason,4430089,Michael Mathison,WR,Western Kentucky,James Madison,0.423,0.423,
2370,2024,1,postseason,4433945,Elijah Young,RB,Western Kentucky,James Madison,-0.222,-0.081,-0.299
2371,2024,1,postseason,4565889,Omarion Dollison,WR,James Madison,Western Kentucky,0.419,0.419,
2372,2024,1,postseason,4567736,Taji Hudson,WR,James Madison,Western Kentucky,0.401,,0.401
2373,2024,1,postseason,4569001,Cameron Ross,WR,James Madison,Western Kentucky,-0.923,-0.923,
2374,2024,1,postseason,4577880,Jobi Malary,RB,James Madison,Western Kentucky,0.085,,0.085
2375,2024,1,postseason,4608450,Taylor Thompson,TE,James Madison,Western Kentucky,1.115,1.115,
2376,2024,1,postseason,4685494,George Pettaway,RB,James Madison,Western Kentucky,0.389,,0.389
2377,2024,1,postseason,4693881,Kisean Johnson,WR,Western Kentucky,James Madison,0.112,0.112,
2378,2024,1,postseason,4705859,K.D. Hutchinson,WR,Western Kentucky,James Madison,-0.112,0.107,-0.276
2379,2024,1,postseason,4869991,Caden Veltkamp,QB,Western Kentucky,James Madison,0.414,0.432,0.279
2380,2024,1,postseason,4875267,George Hart III,RB,Western Kentucky,James Madison,-0.332,,-0.332
2381,2024,1,postseason,5154339,Mario Anderson,RB,Memphis,West Virginia,0.056,0.154,0.021
2382,2024,1,postseason,4431497,Mavin Anderson,WR,California,UNLV,0.237,0.237,
2383,2024,1,postseason,4565555,Kaleo Ballungay,TE,UNLV,California,-0.267,-0.267,
2384,2024,1,postseason,4571364,Hajj-Malik Williams,QB,UNLV,California,-0.031,-0.085,0.103
2385,2024,1,postseason,4685476,Tobias Merriweather,WR,California,UNLV,0.417,0.417,
2386,2024,1,postseason,4685489,Jadyn Ott,RB,California,UNLV,0.039,-0.624,0.22
2387,2024,1,postseason,4686788,CJ Harris,QB,California,UNLV,0.0,0.1,-0.222
2388,2024,1,postseason,4877647,Kylin James,RB,UNLV,California,0.129,,0.129
2389,2024,1,postseason,4921306,Mikey Matthews,WR,California,UNLV,-0.141,-0.141,
2390,2024,1,postseason,5085189,Jack Endries,TE,California,UNLV,0.582,0.582,
2391,2024,1,postseason,5088584,Ben Marshall,TE,California,UNLV,-0.934,-0.934,
2392,2024,1,postseason,5108225,Josiah Martin,WR,California,UNLV,1.051,0.762,2.788
2393,2024,1,postseason,5110101,EJ Caminong,QB,California,UNLV,-0.159,-0.321,0.268
2394,2024,1,postseason,5114332,Jaivian Thomas,RB,California,UNLV,-0.083,-0.523,0.063
2395,2024,1,postseason,5115243,Trevor Rogers,WR,California,UNLV,-0.079,-0.079,
2396,2024,1,postseason,5125754,Jai'Den Thomas,RB,UNLV,California,-0.066,-0.931,0.03
2397,2024,1,postseason,5147380,Devin Green,RB,UNLV,California,0.031,,0.031
2398,2024,1,postseason,5149831,Kayden McGee,WR,UNLV,California,5.897,5.897,
2399,2024,1,postseason,5155179,Jacob De Jesus,WR,UNLV,California,-0.012,0.195,-0.737
2400,2024,1,postseason,4426528,Ife Adeyi,WR,Sam Houston,Georgia Southern,0.844,0.844,
2401,2024,1,postseason,4430512,Noah Smith,WR,Sam Houston,Georgia Southern,-0.063,0.082,-0.424
2402,2024,1,postseason,4430993,LV Bunkley-Shelton,WR,Georgia Southern,Sam Houston,1.141,1.141,
2403,2024,1,postseason,4431074,Jevyon Ducker,RB,Sam Houston,Georgia Southern,-0.315,,-0.315
2404,2024,1,postseason,4567234,Tyler Fromm,TE,Georgia Southern,Sam Houston,-0.491,-0.491,
2405,2024,1,postseason,4602940,Derwin Burgess Jr.,WR,Georgia Southern,Sam Houston,0.455,0.455,
2406,2024,1,postseason,4610703,Jalen White,RB,Georgia Southern,Sam Houston,0.133,-0.379,0.293
2407,2024,1,postseason,4685345,JC French,QB,Georgia Southern,Sam Houston,0.2,0.113,0.433
2408,2024,1,postseason,4685348,Terrance Gibbs,RB,Georgia Southern,Sam Houston,-0.04,,-0.04
2409,2024,1,postseason,4838527,Josh Dallas,WR,Georgia Southern,Sam Houston,1.133,1.135,1.125
2410,2024,1,postseason,4879507,Zach Hrbacek,RB,Sam Houston,Georgia Southern,-1.199,,-1.199
2411,2024,1,postseason,4879931,Simeon Evans,WR,Sam Houston,Georgia Southern,0.67,0.67,
2412,2024,1,postseason,4907543,Marcus Sanders Jr.,WR,Georgia Southern,Sam Houston,2.475,2.475,
2413,2024,1,postseason,4907573,Dalen Cobb,WR,Georgia Southern,Sam Houston,0.305,0.156,1.049
2414,2024,1,postseason,5086464,Lonnie Adkism,WR,Sam Houston,Georgia Southern,0.959,0.959,
2415,2024,1,postseason,5098435,Elijah Sohn,TE,Sam Houston,Georgia Southern,1.42,1.42,
2416,2024,1,postseason,5125823,DJ McKinney,RB,Sam Houston,Georgia Southern,-0.049,0.513,-0.611
2417,2024,1,postseason,5151112,David Mbadinga,RB,Georgia Southern,Sam Houston,0.008,0.424,-0.051
2418,2024,1,postseason,5151200,Qua'Vez Humphreys,WR,Sam Houston,Georgia Southern,0.52,0.52,
2419,2024,1,postseason,5220423,Michael Phoenix II,WR,Sam Houston,Georgia Southern,-0.96,0.72,-4.319
2420,2024,1,postseason,5220424,Hunter Watson,QB,Sam Houston,Georgia Southern,0.194,0.278,-0.007
2421,2024,1,postseason,4574356,Tyler Huff,QB,Jacksonville State,Ohio,0.395,0.45,0.146
2422,2024,1,postseason,4578436,Coleman Owen,WR,Ohio,Jacksonville State,0.243,0.243,
2423,2024,1,postseason,4610131,Parker Navarro,QB,Ohio,Jacksonville State,0.545,0.357,1.091
2424,2024,1,postseason,4709392,Anthony Tyus III,RB,Ohio,Jacksonville State,0.244,2.082,0.032
2425,2024,1,postseason,4816098,Makhi Hughes,RB,Tulane,Florida,-0.145,-0.559,-0.094
2426,2024,1,postseason,4832029,Alex Bauman,TE,Tulane,Florida,0.14,0.14,
2427,2024,1,postseason,4878109,Hayden Hansen,TE,Florida,Tulane,0.765,0.765,
2428,2024,1,postseason,4917945,Aidan Mizell,WR,Florida,Tulane,0.543,0.543,
2429,2024,1,postseason,5079289,Tawaski Abrams,WR,Florida,Tulane,1.604,1.604,
2430,2024,1,postseason,5079322,Jadan Baugh,RB,Florida,Tulane,0.138,-0.355,0.208
2431,2024,1,postseason,5079555,D.J. Lagway,QB,Florida,Tulane,0.203,0.215,0.06
2432,2024,1,postseason,5110516,Arnold Barnes,RB,Tulane,Florida,-0.114,-0.717,0.087
2433,2024,1,postseason,5121893,Tony Livingston,TE,Florida,Tulane,0.95,0.95,
2434,2024,1,postseason,5148838,Jamauri McClure,RB,Tulane,Florida,0.083,,0.083
2435,2024,1,postseason,5151892,Ja'Kobi Jackson,RB,Florida,Tulane,0.182,0.748,0.041
2436,2024,1,postseason,5151893,Anthony Rubio,RB,Florida,Tulane,0.457,,0.457
2437,2024,1,postseason,5222223,KD Daniels,RB,Florida,Tulane,0.718,,0.718
2438,2024,1,postseason,4432662,Cane Berrong,TE,Coastal Carolina,UTSA,0.065,0.065,
2439,2024,1,postseason,4432690,Dematrius Davis,QB,UTSA,Coastal Carolina,-0.252,,-0.252
2440,2024,1,postseason,4608922,Braydon Bennett,RB,Coastal Carolina,UTSA,-0.192,-0.218,-0.185
2441,2024,1,postseason,4683012,Eddie Lee Marburger,QB,UTSA,Coastal Carolina,-0.263,-0.467,0.144
2442,2024,1,postseason,4686767,Chris Carpenter,WR,UTSA,Coastal Carolina,0.332,0.332,
2443,2024,1,postseason,4702820,Bryson Donnell,RB,UTSA,Coastal Carolina,-0.126,-0.637,-0.023
2444,2024,1,postseason,4708621,Kyre Duplessis,WR,Coastal Carolina,UTSA,-0.521,-0.521,
2445,2024,1,postseason,4710765,Jameson Tucker,WR,Coastal Carolina,UTSA,0.602,0.826,0.265
2446,2024,1,postseason,4775136,Owen McCown,QB,UTSA,Coastal Carolina,0.496,0.32,2.083
2447,2024,1,postseason,4801276,Houston Thomas,TE,UTSA,Coastal Carolina,0.754,0.754,
2448,2024,1,postseason,4833356,Zach Courtney,TE,Coastal Carolina,UTSA,0.072,0.072,
2449,2024,1,postseason,4870793,Tad Hudson,QB,Coastal Carolina,UTSA,-0.144,-0.132,-0.175
2450,2024,1,postseason,4900903,Senika McKie,WR,Coastal Carolina,UTSA,-0.531,-0.531,
2451,2024,1,postseason,4917054,David Amador,WR,UTSA,Coastal Carolina,0.787,0.616,1.98
2452,2024,1,postseason,5076952,Devin Mccuin,WR,UTSA,Coastal Carolina,0.548,0.548,
2453,2024,1,postseason,5078422,Brandon High,RB,UTSA,Coastal Carolina,1.049,0.452,1.181
2454,2024,1,postseason,5120299,Patrick Overmyer,TE,UTSA,Coastal Carolina,1.299,1.299,
2455,2024,1,postseason,5146427,Xakery Wiedner,WR,Coastal Carolina,UTSA,-0.403,-0.403,
2456,2024,1,postseason,5151318,Willie McCoy,WR,UTSA,Coastal Carolina,0.095,,0.095
2457,2024,1,postseason,5157266,Bryson Graves,WR,Coastal Carolina,UTSA,2.384,2.384,
2458,2024,1,postseason,5157282,Nathan Schuessler,WR,Coastal Carolina,UTSA,-1.446,,-1.446
2459,2024,1,postseason,5221078,Alex Walker,QB,Coastal Carolina,UTSA,-1.166,-1.166,
2460,2024,1,postseason,5221081,Matt Pack Jr.,RB,Coastal Carolina,UTSA,-0.098,,-0.098
2461,2024,1,postseason,5223167,Will Henderson III,RB,UTSA,Coastal Carolina,0.993,,0.993
2462,2024,1,postseason,5223178,Elliott Brow,WR,UTSA,Coastal Carolina,-0.6,-0.6,
2463,2024,1,postseason,550577,Jordan Brown,WR,Fresno State,Northern Illinois,0.377,0.377,
2464,2024,1,postseason,4431035,Gavin Williams,RB,Northern Illinois,Fresno State,-0.33,-0.681,-0.067
2465,2024,1,postseason,4431053,Mac Dalena,WR,Fresno State,Northern Illinois,1.115,1.115,
2466,2024,1,postseason,4683282,Justin Lynch,RB,Northern Illinois,Fresno State,-0.416,,-0.416
2467,2024,1,postseason,4699761,Elijah Gilliam,RB,Fresno State,Northern Illinois,-0.018,-0.018,
2468,2024,1,postseason,4832830,Joshua Wood,QB,Fresno State,Northern Illinois,0.069,-0.018,0.311
2469,2024,1,postseason,4869294,Jake Appleget,TE,Northern Illinois,Fresno State,1.156,1.156,
2470,2024,1,postseason,4869538,Dane Pardridge,WR,Northern Illinois,Fresno State,0.892,0.892,
2471,2024,1,postseason,4883912,Andrew McElroy,WR,Northern Illinois,Fresno State,1.403,1.403,
2472,2024,1,postseason,5010409,Jayden Mandal,QB,Fresno State,Northern Illinois,0.073,0.117,-0.189
2473,2024,1,postseason,5078160,Richie Anderson,TE,Fresno State,Northern Illinois,-1.472,-1.472,
2474,2024,1,postseason,5083748,Cam Thompson,WR,Northern Illinois,Fresno State,-1.143,-1.143,
2475,2024,1,postseason,5122043,Jaylen Poe,RB,Northern Illinois,Fresno State,0.007,,0.007
2476,2024,1,postseason,5151498,Grayson Barnes,TE,Northern Illinois,Fresno State,0.74,0.74,
2477,2024,1,postseason,5151506,Josh Holst,QB,Northern Illinois,Fresno State,0.191,0.226,0.106
2478,2024,1,postseason,5175334,Bryson Donelson,RB,Fresno State,Northern Illinois,0.348,1.109,0.196
2479,2024,1,postseason,5193277,George Dimopoulos,WR,Northern Illinois,Fresno State,0.983,0.983,
2480,2024,1,postseason,5193292,La'Don Bryant,WR,Northern Illinois,Fresno State,3.168,3.168,
2481,2024,1,postseason,5193302,Telly Johnson Jr.,RB,Northern Illinois,Fresno State,-0.197,-0.451,-0.183
2482,2024,1,postseason,5219270,Lyndon Ravare,WR,Fresno State,Northern Illinois,0.187,0.187,
2483,2024,1,postseason,5219931,Romelo Ware,RB,Northern Illinois,Fresno State,1.366,1.366,
2484,2024,1,postseason,4426815,Mike Brown-Stephens,WR,South Florida,San José State,0.104,0.104,
2485,2024,1,postseason,4427649,Kelley Joiner Jr.,RB,South Florida,San José State,0.07,-0.248,0.099
2486,2024,1,postseason,4427819,Justin Lockhart,WR,San José State,South Florida,1.337,1.337,
2487,2024,1,postseason,4433940,Abdur-Rahmaan Yaseen,WR,South Florida,San José State,0.767,0.767,
2488,2024,1,postseason,4567400,Nay'Quan Wright,RB,South Florida,San José State,0.444,0.598,0.352
2489,2024,1,postseason,4571563,Sean Atkins,WR,South Florida,San José State,0.423,0.423,
2490,2024,1,postseason,4571942,Payten Singletary,TE,South Florida,San José State,1.487,1.487,
2491,2024,1,postseason,4575831,Taron Keith,RB,South Florida,San José State,-0.181,,-0.181
2492,2024,1,postseason,4576799,Sebastian Macaluso,WR,San José State,South Florida,0.148,0.148,
2493,2024,1,postseason,4685254,Jabari Bates,RB,San José State,South Florida,1.7,,1.7
2494,2024,1,postseason,4687017,Jackson Canaan,TE,San José State,South Florida,0.594,0.594,
2495,2024,1,postseason,4694149,Walker Eget,QB,San José State,South Florida,0.0,0.03,-0.322
2496,2024,1,postseason,4806463,Bryce Archie,QB,South Florida,San José State,0.1,0.175,-0.216
2497,2024,1,postseason,5079641,Lamar Radcliffe,RB,San José State,South Florida,0.475,,0.475
2498,2024,1,postseason,5082587,Matthew Coleman,WR,San José State,South Florida,0.643,0.643,
2499,2024,1,postseason,5085609,Treyshun Hurry,WR,San José State,South Florida,-0.488,1.377,-4.219
2500,2024,1,postseason,5089859,Floyd Chalk IV,RB,San José State,South Florida,0.1,0.823,0.052
2501,2024,1,postseason,5121879,Keshaun Singleton,WR,South Florida,San José State,0.758,0.758,
2502,2024,1,postseason,5146576,Joshua Porter,WR,South Florida,San José State,3.26,3.26,
2503,2024,1,postseason,5151342,Cooper Hoch,WR,San José State,South Florida,0.437,0.437,
2504,2024,1,postseason,5220614,Jacob Stewart,TE,San José State,South Florida,0.184,0.184,
2505,2024,1,postseason,4426892,Dante Cephas,WR,Kansas State,Rutgers,2.889,2.889,
2506,2024,1,postseason,4432722,Athan Kaliakmanis,QB,Rutgers,Kansas State,0.362,0.429,0.032
2507,2024,1,postseason,4567244,Jadon Jackson,WR,Kansas State,Rutgers,2.572,2.572,
2508,2024,1,postseason,4574722,Christian Dremel,WR,Rutgers,Kansas State,1.527,1.527,
2509,2024,1,postseason,4690909,Ty Bowman,WR,Kansas State,Rutgers,0.46,,0.46
2510,2024,1,postseason,4775266,Dymere Miller,WR,Rutgers,Kansas State,2.004,2.004,
2511,2024,1,postseason,4804882,Garrett Oakley,TE,Kansas State,Rutgers,1.091,1.091,
2512,2024,1,postseason,4870857,Avery Johnson,QB,Kansas State,Rutgers,0.406,0.349,0.606
2513,2024,1,postseason,4918414,Dylan Edwards,RB,Kansas State,Rutgers,0.515,1.138,0.446
2514,2024,1,postseason,5075390,Ian Strong,WR,Rutgers,Kansas State,1.647,1.647,
2515,2024,1,postseason,5078916,Joe Jackson,RB,Kansas State,Rutgers,0.741,1.837,0.272
2516,2024,1,postseason,5084771,KJ Duff,WR,Rutgers,Kansas State,2.087,2.087,
2517,2024,1,postseason,5099736,Ja'shon Benjamin,RB,Rutgers,Kansas State,0.541,2.885,0.151
2518,2024,1,postseason,5121334,Jayce Brown,WR,Kansas State,Rutgers,1.025,1.007,1.056
2519,2024,1,postseason,5147046,Ben Black,WR,Rutgers,Kansas State,2.179,2.179,
2520,2024,1,postseason,5209945,Antwan Raymond,RB,Rutgers,Kansas State,0.344,2.322,0.234
2521,2024,1,postseason,4426444,Connor Bazelak,QB,Bowling Green,Arkansas State,0.348,0.407,-1.107
2522,2024,1,postseason,4431246,Baron May,QB,Bowling Green,Arkansas State,6.9,6.9,
2523,2024,1,postseason,4433901,Corey Rucker,WR,Arkansas State,Bowling Green,2.787,2.787,
2524,2024,1,postseason,4565172,Courtney Jackson,WR,Arkansas State,Bowling Green,1.463,1.463,
2525,2024,1,postseason,4565318,Terion Stewart,RB,Bowling Green,Arkansas State,-0.593,,-0.593
2526,2024,1,postseason,4571305,Zak Wallace,RB,Arkansas State,Bowling Green,0.417,,0.417
2527,2024,1,postseason,4612211,Jaison Patterson,RB,Bowling Green,Arkansas State,0.048,1.095,-0.371
2528,2024,1,postseason,4685827,Jamal Johnson,RB,Bowling Green,Arkansas State,0.308,0.31,0.306
2529,2024,1,postseason,4695580,Malcolm Johnson Jr.,WR,Bowling Green,Arkansas State,5.097,5.097,
2530,2024,1,postseason,4700811,Ja'Quez Cross,RB,Arkansas State,Bowling Green,0.211,0.361,0.104
2531,2024,1,postseason,4711409,Emmanuel Stevenson,TE,Arkansas State,Bowling Green,0.564,0.564,
2532,2024,1,postseason,4880079,Reagan Ealy,WR,Arkansas State,Bowling Green,0.174,0.174,
2533,2024,1,postseason,4880185,Finn Hogan,WR,Bowling Green,Arkansas State,1.954,1.954,
2534,2024,1,postseason,5080403,Jaylen Raynor,QB,Arkansas State,Bowling Green,0.283,0.232,0.883
2535,2024,1,postseason,5083076,Harold Fannin,TE,Bowling Green,Arkansas State,0.787,0.74,1.539
2536,2024,1,postseason,5084054,Justin Pegues,RB,Bowling Green,Arkansas State,-0.64,,-0.64
2537,2024,1,postseason,5085496,Chauncy Cobb,WR,Arkansas State,Bowling Green,-0.149,-0.149,
2538,2024,1,postseason,5085830,Rahkeem Smith,WR,Bowling Green,Arkansas State,1.033,1.32,0.027
2539,2024,1,postseason,4432531,Jake Roberts,TE,Oklahoma,Navy,1.074,1.074,
2540,2024,1,postseason,4685545,Gavin Sawchuk,RB,Oklahoma,Navy,-0.209,-0.943,0.129
2541,2024,1,postseason,4873418,Kaden Helms,TE,Oklahoma,Navy,0.515,0.515,
2542,2024,1,postseason,4880697,Daba Fofana,FB,Navy,Oklahoma,-0.185,,-0.185
2543,2024,1,postseason,5079465,Michael Hawkins Jr.,QB,Oklahoma,Navy,0.206,0.13,0.48
2544,2024,1,postseason,5079535,Zion Kearney,WR,Oklahoma,Navy,1.705,1.705,
2545,2024,1,postseason,5079643,Zion Ragins,WR,Oklahoma,Navy,-0.163,-0.135,-0.386
2546,2024,1,postseason,5079719,Taylor Tatum,RB,Oklahoma,Navy,-0.446,,-0.446
2547,2024,1,postseason,5081502,Nathan Kent,WR,Navy,Oklahoma,3.769,3.769,
2548,2024,1,postseason,5081504,Blake Horvath,QB,Navy,Oklahoma,0.289,0.244,0.318
2549,2024,1,postseason,5081505,Cody Howard,TE,Navy,Oklahoma,0.938,0.938,
2550,2024,1,postseason,5081508,Eli Heidenreich,WR,Navy,Oklahoma,-0.163,-0.578,0.564
2551,2024,1,postseason,5081517,Brandon Chatman,WR,Navy,Oklahoma,0.329,0.329,
2552,2024,1,postseason,5081526,Alex Tecza,RB,Navy,Oklahoma,-0.176,,-0.176
2553,2024,1,postseason,5114593,Ivan Carreon,WR,Oklahoma,Navy,0.867,0.867,
2554,2024,1,postseason,5122554,Xavier Robinson,RB,Oklahoma,Navy,0.054,1.615,-0.466
2555,2024,1,postseason,5158374,Isaiah Bryant,WR,Navy,Oklahoma,0.243,0.243,
2556,2024,1,postseason,5218767,Jacob Jordan,WR,Oklahoma,Navy,-0.009,-0.009,
2557,2024,1,postseason,4426421,Ryland Goede,TE,Georgia Tech,Vanderbilt,2.545,2.545,
2558,2024,1,postseason,4426459,Chase Lane,WR,Georgia Tech,Vanderbilt,0.894,0.894,
2559,2024,1,postseason,4428993,Haynes King,QB,Georgia Tech,Vanderbilt,0.401,0.38,0.495
2560,2024,1,postseason,5079329,Mazeo Bennett,WR,South Carolina,Illinois,1.526,1.526,
2561,2024,1,postseason,5079592,Michael Smith,TE,South Carolina,Illinois,0.447,0.447,
2562,2024,1,postseason,5106299,Ca'Lil Valentine,RB,Illinois,South Carolina,-0.162,,-0.162
2563,2024,1,postseason,5154321,Alex Capka-Jones,WR,Illinois,South Carolina,0.105,0.105,
2564,2024,1,postseason,5159232,Jawarn Howell,RB,South Carolina,Illinois,0.038,,0.038
2565,2024,1,postseason,4431334,Chris Hilton Jr.,WR,LSU,Baylor,0.387,0.387,
2566,2024,1,postseason,4431389,Ketron Jackson,WR,Baylor,LSU,0.397,0.397,
2567,2024,1,postseason,4432759,Sawyer Robertson,QB,Baylor,LSU,0.174,0.156,0.486
2568,2024,1,postseason,4567747,Garrett Nussmeier,QB,LSU,Baylor,0.543,0.48,1.57
2569,2024,1,postseason,4568024,Josh Williams,RB,LSU,Baylor,0.276,0.331,0.264
2570,2024,1,postseason,4691138,Aaron Anderson,WR,LSU,Baylor,0.204,-0.012,2.795
2571,2024,1,postseason,4708127,Monaray Baldwin,WR,Baylor,LSU,1.014,1.014,
2572,2024,1,postseason,4837335,Richard Reese,RB,Baylor,LSU,-0.162,,-0.162
2573,2024,1,postseason,4869748,Zavion Thomas,WR,LSU,Baylor,0.628,0.938,-0.61
2574,2024,1,postseason,4870839,Kaleb Jackson,RB,LSU,Baylor,-0.636,,-0.636
2575,2024,1,postseason,4879189,Hal Presley,WR,Baylor,LSU,-0.075,-0.075,
2576,2024,1,postseason,4879194,Josh Cameron,WR,Baylor,LSU,0.799,0.799,
2577,2024,1,postseason,4879196,Gavin Yates,TE,Baylor,LSU,0.146,0.146,
2578,2024,1,postseason,4879677,Ashtyn Hawkins,WR,Baylor,LSU,-0.39,-0.39,
2579,2024,1,postseason,4921305,Matthew Klopfenstein,TE,Baylor,LSU,0.845,0.845,
2580,2024,1,postseason,4921517,Dawson Pendergrass,RB,Baylor,LSU,-0.159,0.559,-0.249
2581,2024,1,postseason,4954455,Bryson Washington,RB,Baylor,LSU,-0.028,,-0.028
2582,2024,1,postseason,5079379,Caden Durham,RB,LSU,Baylor,-0.101,-0.309,-0.085
2583,2024,1,postseason,5079420,Trey'Dez Green,TE,LSU,Baylor,1.375,1.375,
2584,2024,1,postseason,3949586,Jake Taylor,TE,Duke,Ole Miss,0.608,0.608,
2585,2024,1,postseason,4426689,Ulysses Bentley IV,RB,Ole Miss,Duke,0.35,0.501,0.307
2586,2024,1,postseason,4429757,Javon Harvey,WR,Duke,Ole Miss,0.812,0.812,
2587,2024,1,postseason,4430288,Eli Pancol,WR,Duke,Ole Miss,0.37,0.37,
2588,2024,1,postseason,4431466,Jordan Watkins,WR,Ole Miss,Duke,1.667,1.667,
2589,2024,1,postseason,4594444,Jordan Moore,WR,Duke,Ole Miss,0.213,0.213,
2590,2024,1,postseason,4603192,Logan Diggs,RB,Ole Miss,Duke,1.108,0.395,1.822
2591,2024,1,postseason,4612246,Sahmir Hagans,WR,Duke,Ole Miss,0.296,0.296,
2592,2024,1,postseason,4685252,Henry Belin IV,QB,Duke,Ole Miss,-0.028,0.038,-0.516
2593,2024,1,postseason,4687509,Caden Prieskorn,TE,Ole Miss,Duke,-0.066,-0.066,
2594,2024,1,postseason,4689114,Jaxson Dart,QB,Ole Miss,Duke,0.649,0.681,0.51
2595,2024,1,postseason,4696062,Antwane Wells Jr.,WR,Ole Miss,Duke,0.237,0.46,-0.097
2596,2024,1,postseason,4708487,Jaquez Moore,RB,Duke,Ole Miss,-0.553,-0.705,-0.502
2597,2024,1,postseason,4911971,Jahiem White,RB,West Virginia,Memphis,-0.235,-0.178,-0.243
2598,2024,1,postseason,5079386,Ric'Darious Farmer,WR,West Virginia,Memphis,0.14,0.14,
2599,2024,1,postseason,5081999,CJ Donaldson,RB,West Virginia,Memphis,0.372,0.237,0.385
2600,2024,1,postseason,5100582,Hudson Clement,WR,West Virginia,Memphis,1.766,1.766,
2601,2024,1,postseason,4711434,Eian Pugh,WR,Ohio,Jacksonville State,2.089,2.089,
2602,2024,1,postseason,4736210,Michael Pettway,WR,Jacksonville State,Ohio,-0.506,-0.446,-0.628
2603,2024,1,postseason,4819228,Rodney Harris II,WR,Ohio,Jacksonville State,0.657,0.657,
2604,2024,1,postseason,4877738,Brock Rechsteiner,WR,Jacksonville State,Ohio,1.047,1.047,
2605,2024,1,postseason,4911914,Andrew Paul,RB,Jacksonville State,Ohio,0.418,,0.418
2606,2024,1,postseason,4912254,Jordan McCants,WR,Jacksonville State,Ohio,0.325,0.325,
2607,2024,1,postseason,4921110,Chase Hendricks,WR,Ohio,Jacksonville State,1.295,1.295,
2608,2024,1,postseason,5081611,Mason Williams,TE,Ohio,Jacksonville State,0.796,0.796,
2609,2024,1,postseason,5083305,Caleb Gossett,WR,Ohio,Jacksonville State,2.261,2.261,
2610,2024,1,postseason,5093062,Tre Stewart,RB,Jacksonville State,Ohio,0.181,1.081,0.012
2611,2024,1,postseason,5121709,Rickey Hunt,RB,Ohio,Jacksonville State,0.702,,0.702
2612,2024,1,postseason,5150902,Jarod Bowie,WR,Jacksonville State,Ohio,0.551,0.53,0.625
2613,2024,1,postseason,5150904,Cam Vaughn,WR,Jacksonville State,Ohio,1.141,1.141,
2614,2024,1,postseason,4429184,Elijhah Badger,WR,Florida,Tulane,-0.199,-0.199,
2615,2024,1,postseason,4431268,Chimere Dike,WR,Florida,Tulane,0.771,0.771,
2616,2024,1,postseason,4431618,Mario Williams,WR,Tulane,Florida,0.588,0.588,
2617,2024,1,postseason,4432774,Ty Thompson,TE,Tulane,Florida,-0.128,-0.148,-0.051
2618,2024,1,postseason,4565297,Dontae Fleming,WR,Tulane,Florida,2.242,2.242,
2619,2024,1,postseason,4592832,Marcus Burke,WR,Florida,Tulane,-0.529,-1.153,0.095
2620,2024,1,postseason,4596539,Yulkeith Brown,WR,Tulane,Florida,-0.827,-0.827,
2621,2024,1,postseason,4686769,Ashaad Clayton,RB,Tulane,Florida,-0.192,-0.114,-0.207
2622,2024,1,postseason,4705595,Bryce Bohanon,WR,Tulane,Florida,-1.328,-1.13,-1.526
2623,2024,1,postseason,4429773,Loic Fouonji,WR,Vanderbilt,Georgia Tech,0.793,0.793,
2624,2024,1,postseason,4431574,Eli Stowers,TE,Vanderbilt,Georgia Tech,1.086,1.086,
2625,2024,1,postseason,4572380,Quincy Skinner Jr.,WR,Vanderbilt,Georgia Tech,1.61,2.839,0.381
2626,2024,1,postseason,4573699,Jackson Hawes,TE,Georgia Tech,Vanderbilt,0.605,0.605,
2627,2024,1,postseason,4577541,Avery Boyd,WR,Georgia Tech,Vanderbilt,0.007,0.007,
2628,2024,1,postseason,4603746,Malik Rutherford,WR,Georgia Tech,Vanderbilt,0.428,1.147,-2.45
2629,2024,1,postseason,4611995,Jamal Haynes,RB,Georgia Tech,Vanderbilt,0.252,0.213,0.268
2630,2024,1,postseason,4694912,Abdul Janneh,WR,Georgia Tech,Vanderbilt,0.383,0.383,
2631,2024,1,postseason,4799991,Cole Spence,TE,Vanderbilt,Georgia Tech,1.261,1.261,
2632,2024,1,postseason,4921322,Zion Taylor,WR,Georgia Tech,Vanderbilt,-0.913,-0.913,
2633,2024,1,postseason,5030333,Sedrick Alexander,RB,Vanderbilt,Georgia Tech,-0.08,0.794,-0.281
2634,2024,1,postseason,5078165,Junior Sherrill,WR,Vanderbilt,Georgia Tech,0.222,-0.141,0.585
2635,2024,1,postseason,5079372,Anthony Carrie,RB,Georgia Tech,Vanderbilt,0.707,0.707,
2636,2024,1,postseason,5084180,Diego Pavia,QB,Vanderbilt,Georgia Tech,0.493,0.39,0.643
2637,2024,1,postseason,5125580,Chad Alexander,RB,Georgia Tech,Vanderbilt,-0.418,,-0.418
2638,2024,1,postseason,5125593,Bailey Stockton,WR,Georgia Tech,Vanderbilt,1.084,1.371,0.51
2639,2024,1,postseason,5132253,Isiah Canion,WR,Georgia Tech,Vanderbilt,0.094,0.094,
2640,2024,1,postseason,4431325,Taylen Green,QB,Arkansas,Texas Tech,0.775,0.83,0.682
2641,2024,1,postseason,4592572,Mason Tharp,TE,Texas Tech,Arkansas,1.879,1.879,
2642,2024,1,postseason,4685374,Rodney Hill,RB,Arkansas,Texas Tech,-0.06,-0.377,-0.02
2643,2024,1,postseason,4686373,Jordan Brown,WR,Texas Tech,Arkansas,1.862,1.862,
2644,2024,1,postseason,4869645,Caleb Douglas,WR,Texas Tech,Arkansas,0.172,0.172,
2645,2024,1,postseason,4916941,Coy Eakin,WR,Texas Tech,Arkansas,-0.083,-0.083,
2646,2024,1,postseason,4920163,Kelby Valsin,WR,Texas Tech,Arkansas,0.626,0.626,
2647,2024,1,postseason,5079589,Braylen Russell,RB,Arkansas,Texas Tech,-0.205,-0.929,-0.133
2648,2024,1,postseason,5086393,J'Koby Williams,RB,Texas Tech,Arkansas,0.345,0.223,0.393
2649,2024,1,postseason,5123663,Isaac Teslaa,WR,Arkansas,Texas Tech,1.548,1.548,
2650,2024,1,postseason,5126468,Will Hammond,QB,Texas Tech,Arkansas,0.175,0.144,0.435
2651,2024,1,postseason,5146719,CJ Brown,WR,Arkansas,Texas Tech,1.167,1.167,
2652,2024,1,postseason,5150276,Dazmin James,WR,Arkansas,Texas Tech,2.906,2.906,
2653,2024,1,postseason,5193580,Cameron Dickey,RB,Texas Tech,Arkansas,0.079,1.635,-0.025
2654,2024,1,postseason,5218700,Tyrell Reed Jr.,RB,Arkansas,Texas Tech,1.994,3.613,0.375
2655,2024,1,postseason,4426357,Kyle Ford,WR,USC,Texas A&M,0.009,0.009,
2656,2024,1,postseason,4430825,E.J. Smith,RB,Texas A&M,USC,0.363,0.452,0.327
2657,2024,1,postseason,4569653,Shane Calhoun,TE,Texas A&M,USC,-0.359,-0.359,
2658,2024,1,postseason,4608793,Jabre Barber,WR,Texas A&M,USC,0.296,0.22,0.752
2659,2024,1,postseason,4685454,Jayden Maiava,QB,USC,Texas A&M,0.313,0.325,0.08
2660,2024,1,postseason,4685784,Tre Watson,TE,Texas A&M,USC,0.159,0.159,
2661,2024,1,postseason,4718457,Noah Thomas,WR,Texas A&M,USC,-0.264,-0.264,
2662,2024,1,postseason,4870795,Makai Lemon,WR,USC,Texas A&M,0.423,0.423,
2663,2024,1,postseason,4870847,Ja'Kobi Lane,WR,USC,Texas A&M,3.054,3.054,
2664,2024,1,postseason,4870934,Rueben Owens,RB,Texas A&M,USC,0.088,0.208,0.078
2665,2024,1,postseason,4870971,Marcel Reed,QB,Texas A&M,USC,0.123,-0.104,1.129
2666,2024,1,postseason,4918111,A'Marion Peterson,RB,USC,Texas A&M,-0.087,-0.045,-0.098
2667,2024,1,postseason,5079326,Terry Bussey,WR,Texas A&M,USC,0.533,0.596,0.376
2668,2024,1,postseason,5079500,Bryan Jackson,RB,USC,Texas A&M,0.157,,0.157
2669,2024,1,postseason,5160110,Jahdae Walker,WR,Texas A&M,USC,0.554,0.554,
2670,2024,1,postseason,4426635,Darwin Barlow,RB,North Carolina,UConn,-0.069,0.207,-0.124
2671,2024,1,postseason,4429463,Jacolby Criswell,QB,North Carolina,UConn,0.24,0.398,0.081
2672,2024,1,postseason,4429582,Joe Fagnano,QB,UConn,North Carolina,0.156,0.188,0.02
2673,2024,1,postseason,4430470,TJ Sheffield,WR,UConn,North Carolina,0.081,0.081,
2674,2024,1,postseason,4431045,John Copenhaver,TE,North Carolina,UConn,0.69,0.69,
2675,2024,1,postseason,4431505,Kobe Paysour,WR,North Carolina,UConn,2.444,2.444,
2676,2024,1,postseason,4569262,Alex Honig,TE,UConn,North Carolina,0.94,0.94,
2677,2024,1,postseason,4569727,Louis Hansen,TE,UConn,North Carolina,-0.183,-0.183,
2678,2024,1,postseason,4595341,Caleb Hood,RB,North Carolina,UConn,0.511,1.769,0.283
2679,2024,1,postseason,4596596,J.J. Jones,WR,North Carolina,UConn,0.235,0.235,
2680,2024,1,postseason,4683153,Skyler Bell,WR,UConn,North Carolina,0.739,0.739,
2681,2024,1,postseason,4710843,Jasaiah Gathings,WR,UConn,North Carolina,0.844,0.844,
2682,2024,1,postseason,4755664,Nick Evers,QB,UConn,North Carolina,-0.035,-0.304,0.099
2683,2024,1,postseason,4873234,Victor Rosa,RB,UConn,North Carolina,-0.272,,-0.272
2684,2024,1,postseason,5079468,Davion Gause,RB,North Carolina,UConn,-0.368,,-0.368
2685,2024,1,postseason,5079687,Jordan Shipp,WR,North Carolina,UConn,-0.5,-0.5,
2686,2024,1,postseason,5086034,Camryn Edwards,RB,UConn,North Carolina,0.355,,0.355
2687,2024,1,postseason,5144313,Michael Merdinger,QB,North Carolina,UConn,-0.242,-0.216,-0.651
2688,2024,1,postseason,4427609,Rahmir Johnson,RB,Nebraska,Boston College,0.648,1.526,0.551
2689,2024,1,postseason,4428050,Kamari Morales,TE,Boston College,Nebraska,0.556,0.556,
2690,2024,1,postseason,4428692,Dino Tomlin,WR,Boston College,Nebraska,1.893,1.893,
2691,2024,1,postseason,4567707,Grayson James,QB,Boston College,Nebraska,0.169,0.236,-0.24
2692,2024,1,postseason,4571935,Jahmal Banks,WR,Nebraska,Boston College,1.591,1.591,
2693,2024,1,postseason,4590292,Thomas Fidone Jr.,TE,Nebraska,Boston College,0.608,0.608,
2694,2024,1,postseason,4683159,Lewis Bond,WR,Boston College,Nebraska,2.252,2.252,
2695,2024,1,postseason,4683263,Heinrich Haarberg,QB,Nebraska,Boston College,0.424,0.424,
2696,2024,1,postseason,4685274,Janiran Bonner,WR,Nebraska,Boston College,1.383,1.383,
2697,2024,1,postseason,4708354,Jeremiah Franklin,TE,Boston College,Nebraska,0.527,0.527,
2698,2024,1,postseason,4832955,Emmett Johnson,RB,Nebraska,Boston College,0.086,0.755,-0.093
2699,2024,1,postseason,4837385,Jordan Mcdonald,RB,Boston College,Nebraska,-0.223,0.077,-0.323
2700,2024,1,postseason,4880638,Kye Robichaux,RB,Boston College,Nebraska,-0.608,-0.534,-0.638
2701,2024,1,postseason,5031157,Reed Harris,WR,Boston College,Nebraska,1.708,1.708,
2702,2024,1,postseason,5079572,Dylan Raiola,QB,Nebraska,Boston College,0.298,0.288,0.456
2703,2024,1,postseason,5081107,Luke Lindenmeyer,TE,Nebraska,Boston College,0.976,0.976,
2704,2024,1,postseason,5083370,Jacory Barney Jr.,WR,Nebraska,Boston College,0.216,0.216,
2705,2024,1,postseason,5119868,Jaylen Lloyd,WR,Nebraska,Boston College,0.647,0.647,
2706,2024,1,postseason,5120456,Kwinten Ives,RB,Nebraska,Boston College,1.213,,1.213
2707,2024,1,postseason,5146724,Turbo Richard,RB,Boston College,Nebraska,0.618,2.137,-0.142
2708,2024,1,postseason,5222689,John Montague,WR,Boston College,Nebraska,0.452,0.452,
2709,2024,1,postseason,4373895,Ben Wooldridge,QB,Louisiana,TCU,-0.149,-0.166,0.255
2710,2024,1,postseason,4426454,Lance LeGendre,WR,Louisiana,TCU,-0.329,-0.329,
2711,2024,1,postseason,4428808,Jacob Bernard,WR,Louisiana,TCU,3.26,3.26,
2712,2024,1,postseason,4429466,Drake Dabney,TE,TCU,Louisiana,0.703,0.703,
2713,2024,1,postseason,4431297,Blake Nowell,WR,TCU,Louisiana,2.715,2.715,
2714,2024,1,postseason,4431375,Ken Seals,QB,TCU,Louisiana,-0.882,-0.882,
2715,2024,1,postseason,4570296,Dalen Cambre,WR,Louisiana,TCU,1.14,1.14,
2716,2024,1,postseason,4573495,Chaz Ward,RB,Louisiana,TCU,1.612,1.612,
2717,2024,1,postseason,4602185,Eric McAlister,WR,TCU,Louisiana,1.09,1.09,
2718,2024,1,postseason,4602783,Trent Battle,RB,TCU,Louisiana,-0.19,-0.868,-0.114
2719,2024,1,postseason,4685183,John Paul Richardson,WR,TCU,Louisiana,0.654,0.654,
2720,2024,1,postseason,4685401,Josh Hoover,QB,TCU,Louisiana,0.444,0.463,0.117
2721,2024,1,postseason,4690461,Robert Williams,WR,Louisiana,TCU,-0.097,-0.097,
2722,2024,1,postseason,4710711,D'Andre Rogers,TE,TCU,Louisiana,1.249,1.249,
2723,2024,1,postseason,4870592,Jordyn Bailey,WR,TCU,Louisiana,-0.091,-0.556,0.84
2724,2024,1,postseason,4870809,Braylon James,WR,TCU,Louisiana,0.056,0.056,
2725,2024,1,postseason,4871091,D'Wayne' Winfield,QB,Louisiana,TCU,-0.108,-0.203,-0.07
2726,2024,1,postseason,4917310,Zylan Perry,RB,Louisiana,TCU,-0.067,0.333,-0.104
2727,2024,1,postseason,5079552,Nate Palmer,RB,TCU,Louisiana,-0.297,,-0.297
2728,2024,1,postseason,5079663,Jeremy Payne,RB,TCU,Louisiana,-0.214,-0.566,-0.136
2729,2024,1,postseason,5146661,Daniel Beale,QB,Louisiana,TCU,0.69,0.69,
2730,2024,1,postseason,5156906,Bill Davis,RB,Louisiana,TCU,-0.396,-1.428,-0.281
2731,2024,1,postseason,5156915,Tylon Citizen,RB,Louisiana,TCU,0.695,,0.695
2732,2024,1,postseason,5156928,Caden Jensen,TE,Louisiana,TCU,0.82,0.82,
2733,2024,1,postseason,4567784,Jacolby George,WR,Miami,Iowa State,0.244,0.244,
2734,2024,1,postseason,4586312,Jaylin Noel,WR,Iowa State,Miami,0.79,0.909,0.252
2735,2024,1,postseason,4678006,Elijah Arroyo,TE,Miami,Iowa State,1.036,1.036,
2736,2024,1,postseason,4686438,Stevo Klotz,TE,Iowa State,Miami,-0.502,-0.502,
2737,2024,1,postseason,4688380,Cameron Ward,QB,Miami,Iowa State,0.564,0.721,-0.378
2738,2024,1,postseason,4689855,Isaiah Alston,WR,Iowa State,Miami,0.199,0.199,
2739,2024,1,postseason,4801299,Rocco Becht,QB,Iowa State,Miami,0.425,0.339,0.877
2740,2024,1,postseason,4808830,Damien Martinez,RB,Miami,Iowa State,0.733,-0.35,0.887
2741,2024,1,postseason,4869519,Gabe Burkle,TE,Iowa State,Miami,0.712,0.712,
2742,2024,1,postseason,4870736,Mark Fletcher Jr.,RB,Miami,Iowa State,-0.034,,-0.034
2743,2024,1,postseason,4870770,Nathaniel Joseph,WR,Miami,Iowa State,-0.302,-0.302,
2744,2024,1,postseason,4879248,Eli Green,WR,Iowa State,Miami,-0.005,-0.005,
2745,2024,1,postseason,5075800,Emory Williams,QB,Miami,Iowa State,-0.208,-0.208,
2746,2024,1,postseason,5077502,Carson Hansen,RB,Iowa State,Miami,0.135,0.764,0.057
2747,2024,1,postseason,5078005,Abu Sama III,RB,Iowa State,Miami,-0.065,,-0.065
2748,2024,1,postseason,5079503,Elija Lofton,TE,Miami,Iowa State,2.502,1.199,3.805
2749,2024,1,postseason,5079591,Jordan Lyle,RB,Miami,Iowa State,0.005,-0.878,0.104
2750,2024,1,postseason,5079745,Joshisa Trader,WR,Miami,Iowa State,2.144,2.144,
2751,2024,1,postseason,5081863,Carson Brown,WR,Iowa State,Miami,0.972,0.972,
2752,2024,1,postseason,5159954,Shemar Kirk,WR,Miami,Iowa State,0.167,0.167,
2753,2024,1,postseason,5219258,Aiden Flora,RB,Iowa State,Miami,1.216,0.269,2.162
2754,2024,1,postseason,4427694,Casey Kelly,TE,East Carolina,NC State,-0.328,-0.328,
2755,2024,1,postseason,4428803,Jordan Waters,RB,NC State,East Carolina,-0.05,-0.221,0.036
2756,2024,1,postseason,4431209,Dacari Collins,WR,NC State,East Carolina,1.1,1.1,
2757,2024,1,postseason,4590347,Rahjai Harris,RB,East Carolina,NC State,0.838,,0.838
2758,2024,1,postseason,4604008,Kelan Robinson,WR,East Carolina,NC State,-0.159,-0.159,
2759,2024,1,postseason,4685110,Anthony Smith,WR,East Carolina,NC State,-0.075,-0.075,
2760,2024,1,postseason,4795295,Katin Houser,QB,East Carolina,NC State,0.24,0.009,0.758
2761,2024,1,postseason,4870929,Noah Rogers,WR,NC State,East Carolina,1.08,1.08,
2762,2024,1,postseason,4871053,Daylan Smothers,RB,NC State,East Carolina,0.533,1.957,0.343
2763,2024,1,postseason,4872836,Jhari Patterson,WR,East Carolina,NC State,0.127,0.127,
2764,2024,1,postseason,4888723,Wesley Grimes,WR,NC State,East Carolina,0.931,0.931,
2765,2024,1,postseason,4899368,Kendrick Raphael,RB,NC State,East Carolina,-0.679,,-0.679
2766,2024,1,postseason,4912052,Justin Joly,TE,NC State,East Carolina,1.155,1.155,
2767,2024,1,postseason,4941012,London Montgomery,RB,East Carolina,NC State,-0.245,,-0.245
2768,2024,1,postseason,5079301,CJ Bailey,QB,NC State,East Carolina,0.399,0.475,0.162
2769,2024,1,postseason,5079524,Keenan Jackson,WR,NC State,East Carolina,0.926,0.926,
2770,2024,1,postseason,5084658,Terrell Anderson,WR,NC State,East Carolina,0.037,0.037,
2771,2024,1,postseason,5155519,Yannick Smith,WR,East Carolina,NC State,1.214,1.381,0.545
2772,2024,1,postseason,5160086,Desirrio Riles,TE,East Carolina,NC State,0.783,0.783,
2773,2024,1,postseason,4362915,Gerry Bohannon,QB,BYU,Colorado,-0.556,-3.664,0.48
2774,2024,1,postseason,4428997,Sav'ell Smalls,TE,Colorado,BYU,2.068,2.068,
2775,2024,1,postseason,4432762,Shedeur Sanders,QB,Colorado,BYU,0.251,0.273,0.128
2776,2024,1,postseason,4604004,Keelan Marion,WR,BYU,Colorado,-0.259,-0.24,-0.279
2777,2024,1,postseason,4608679,Will Sheppard,WR,Colorado,BYU,-0.799,-0.799,
2778,2024,1,postseason,4685415,Travis Hunter,WR,Colorado,BYU,1.413,1.413,
2779,2024,1,postseason,4690143,LaJohntay Wester,WR,Colorado,BYU,0.27,0.61,-1.089
2780,2024,1,postseason,4698727,Dallan Hayden,RB,Colorado,BYU,1.679,4.213,-0.855
2781,2024,1,postseason,4708486,Jimmy Horn Jr.,WR,Colorado,BYU,-0.032,-0.032,
2782,2024,1,postseason,4714388,Chase Roberts,WR,BYU,Colorado,0.111,0.111,
2783,2024,1,postseason,4799963,Mata'ava Ta'ase,TE,BYU,Colorado,0.438,0.438,
2784,2024,1,postseason,4888706,Parker Kingston,WR,BYU,Colorado,0.236,0.236,
2785,2024,1,postseason,4918126,LJ Martin,RB,BYU,Colorado,0.332,0.085,0.378
2786,2024,1,postseason,4921292,Isaiah Augustave,RB,Colorado,BYU,-0.254,,-0.254
2787,2024,1,postseason,5079612,Drelon Miller,WR,Colorado,BYU,-0.427,-0.427,
2788,2024,1,postseason,5079626,Micah Welch,RB,Colorado,BYU,0.108,,0.108
2789,2024,1,postseason,5083198,Darius Lassiter,WR,BYU,Colorado,0.777,0.777,
2790,2024,1,postseason,5126536,Ryner Swanson,TE,BYU,Colorado,0.974,0.974,
2791,2024,1,postseason,5150611,Jake Retzlaff,QB,BYU,Colorado,-0.097,-0.189,0.225
2792,2024,1,postseason,5219642,Pokaiaua Haunga,RB,BYU,Colorado,-0.171,-1.34,0.023
2793,2024,1,postseason,4431142,Jimmy Holiday,WR,Louisiana Tech,Army,0.295,0.862,-0.839
2794,2024,1,postseason,4578489,Abdul-Fatai Ibrahim,WR,Louisiana Tech,Army,2.07,2.07,
2795,2024,1,postseason,4687187,Marquis Crosby,RB,Louisiana Tech,Army,-0.429,,-0.429
2796,2024,1,postseason,4689825,Tyrell Robinson,RB,Army,Louisiana Tech,0.206,,0.206
2797,2024,1,postseason,4875786,Tru Edwards,WR,Louisiana Tech,Army,0.462,0.555,-0.281
2798,2024,1,postseason,4879926,David Crossan,TE,Army,Louisiana Tech,3.182,3.182,
2799,2024,1,postseason,4879928,Bryson Daily,QB,Army,Louisiana Tech,0.409,0.039,0.533
2800,2024,1,postseason,4879965,Casey Reynolds,WR,Army,Louisiana Tech,2.252,2.252,
2801,2024,1,postseason,4879975,Miles Stewart,RB,Army,Louisiana Tech,-2.438,,-2.438
2802,2024,1,postseason,5076949,Evan Bullock,QB,Louisiana Tech,Army,-0.173,-0.141,-1.096
2803,2024,1,postseason,5082142,Noah Short,WR,Army,Louisiana Tech,-0.157,,-0.157
2804,2024,1,postseason,5082144,Hayden Reed,RB,Army,Louisiana Tech,0.396,,0.396
2805,2024,1,postseason,5121453,Eli Finley,TE,Louisiana Tech,Army,1.354,1.354,
2806,2024,1,postseason,5150326,Carson Smith,RB,Army,Louisiana Tech,-0.21,,-0.21
2807,2024,1,postseason,5150329,Jake Rendina,RB,Army,Louisiana Tech,0.337,,0.337
2808,2024,1,postseason,5193224,Fred Robertson,RB,Louisiana Tech,Army,-0.192,,-0.192
2809,2024,1,postseason,5220340,Omiri Wiggins,RB,Louisiana Tech,Army,0.2,,0.2
2810,2024,1,postseason,5230762,Amani Givens,RB,Louisiana Tech,Army,-0.477,,-0.477
2811,2024,1,postseason,4426535,Theo Wease,WR,Missouri,Iowa,1.406,1.406,
2812,2024,1,postseason,4429435,Brady Cook,QB,Missouri,Iowa,0.294,0.322,0.211
2813,2024,1,postseason,4432338,Luke Lachey,TE,Iowa,Missouri,-0.114,-0.114,
2814,2024,1,postseason,4576318,Marcus Carroll,RB,Missouri,Iowa,-0.032,,-0.032
2815,2024,1,postseason,4602966,Jacob Gill,WR,Iowa,Missouri,1.214,1.214,
2816,2024,1,postseason,4613032,Nate Noel,RB,Missouri,Iowa,-0.266,,-0.266
2817,2024,1,postseason,4683058,Brendan Sullivan,QB,Iowa,Missouri,0.052,0.143,-0.131
2818,2024,1,postseason,4685418,Tavorus Jones,RB,Missouri,Iowa,0.082,1.71,-1.545
2819,2024,1,postseason,4873456,Addison Ostrenga,TE,Iowa,Missouri,3.376,3.376,
2820,2024,1,postseason,4874423,Logan Muckey,WR,Missouri,Iowa,0.304,0.304,
2821,2024,1,postseason,4921113,Joshua Manning,WR,Missouri,Iowa,2.334,,2.334
2822,2024,1,postseason,4921116,Jamal Roberts,RB,Missouri,Iowa,-0.385,,-0.385
2823,2024,1,postseason,4950379,Zach Ortwerth,TE,Iowa,Missouri,-0.643,-0.643,
2824,2024,1,postseason,5075920,Jarriett Buie,WR,Iowa,Missouri,0.515,0.515,
2825,2024,1,postseason,5076106,Marquis Johnson,WR,Missouri,Iowa,0.9,1.359,-0.704
2826,2024,1,postseason,5076584,Terrell Washington Jr.,RB,Iowa,Missouri,0.761,1.087,-0.216
2827,2024,1,postseason,5081332,Jaziun Patterson,RB,Iowa,Missouri,0.482,,0.482
2828,2024,1,postseason,5081338,Kaden Wetjen,WR,Iowa,Missouri,0.827,0.827,
2829,2024,1,postseason,4431600,Jayden Thomas,WR,Notre Dame,Georgia,-0.005,-0.6,0.59
2830,2024,1,postseason,4428439,Collin Schlee,QB,Virginia Tech,Minnesota,-0.09,-0.384,0.499
2831,2024,1,postseason,4430067,Jaren Mangham,RB,Minnesota,Virginia Tech,0.278,0.515,0.251
2832,2024,1,postseason,4432215,Stephen Gosnell,WR,Virginia Tech,Minnesota,-1.327,-1.327,
2833,2024,1,postseason,4569547,Nick Kallerup,TE,Minnesota,Virginia Tech,0.541,0.541,
2834,2024,1,postseason,4572267,Elijah Spencer,WR,Minnesota,Virginia Tech,0.826,0.826,
2835,2024,1,postseason,4573398,Max Brosmer,QB,Minnesota,Virginia Tech,0.262,0.294,-0.059
2836,2024,1,postseason,4588298,Jameson Geers,TE,Minnesota,Virginia Tech,0.839,0.839,
2837,2024,1,postseason,4596010,Lemeke Brockington,WR,Minnesota,Virginia Tech,1.149,1.813,-0.178
2838,2024,1,postseason,4685366,Benji Gosnell,TE,Virginia Tech,Minnesota,-0.375,-0.375,
2839,2024,1,postseason,4686223,Malachi Thomas,RB,Virginia Tech,Minnesota,0.086,,0.086
2840,2024,1,postseason,4918417,Ayden Greene,WR,Virginia Tech,Minnesota,0.679,0.986,-0.398
2841,2024,1,postseason,4920153,William Watson III,QB,Virginia Tech,Minnesota,-0.34,-0.265,-0.581
2842,2024,1,postseason,4920901,Darius Taylor,RB,Minnesota,Virginia Tech,0.254,0.198,0.277
2843,2024,1,postseason,4923059,Jeremiah Coney,RB,Virginia Tech,Minnesota,-0.472,,-0.472
2844,2024,1,postseason,5077206,Donielle Hayes,WR,Minnesota,Virginia Tech,0.99,0.99,
2845,2024,1,postseason,5079290,Keylen Adams,WR,Virginia Tech,Minnesota,2.091,1.633,2.549
2846,2024,1,postseason,5142238,Tyler Mason,RB,Virginia Tech,Minnesota,0.264,-1.119,0.461
2847,2024,1,postseason,5144959,Drake Lindsey,QB,Minnesota,Virginia Tech,1.756,1.756,
2848,2024,1,postseason,4242373,Bentley Hanshaw,TE,Liberty,Buffalo,3.199,3.199,
2849,2024,1,postseason,4427841,Billy Lucas,RB,Liberty,Buffalo,1.235,2.098,0.948
2850,2024,1,postseason,4428486,Treon Sibley,WR,Liberty,Buffalo,0.064,0.064,
2851,2024,1,postseason,4430747,Reese Smith,WR,Liberty,Buffalo,5.349,5.349,
2852,2024,1,postseason,4431174,Taji Johnson,WR,Buffalo,Liberty,3.876,3.876,
2853,2024,1,postseason,4599158,Al-Jay Henderson,RB,Buffalo,Liberty,0.365,1.484,0.258
2854,2024,1,postseason,4602968,Nate Hampton,QB,Liberty,Buffalo,-0.324,-0.414,0.489
2855,2024,1,postseason,4608606,Tyson Mobley,WR,Liberty,Buffalo,2.242,2.242,
2856,2024,1,postseason,4677280,Julian Gray,WR,Liberty,Buffalo,-0.897,,-0.897
2857,2024,1,postseason,4799987,Ryan Burger,QB,Liberty,Buffalo,-0.119,-0.107,-0.144
2858,2024,1,postseason,4881352,Jack Shields,QB,Buffalo,Liberty,0.605,,0.605
2859,2024,1,postseason,5084967,Victor Snow,WR,Buffalo,Liberty,1.282,1.282,
2860,2024,1,postseason,5091891,Lamar Sperling,RB,Buffalo,Liberty,0.733,1.547,0.529
2861,2024,1,postseason,5122147,Vaughn Blue,RB,Liberty,Buffalo,-0.3,,-0.3
2862,2024,1,postseason,5139857,Caden Williams,RB,Liberty,Buffalo,0.173,,0.173
2863,2024,1,postseason,5150003,Terrance Shelton Jr.,RB,Buffalo,Liberty,-0.628,,-0.628
2864,2024,1,postseason,5151369,Messiah Burch,RB,Buffalo,Liberty,-0.924,-0.455,-1.081
2865,2024,1,postseason,5162845,Jacqez Barksdale,RB,Buffalo,Liberty,0.151,,0.151
2866,2024,1,postseason,5168829,Mark-Anthony Scott Jr.,WR,Buffalo,Liberty,0.588,,0.588
2867,2024,1,postseason,5194659,James McNeil Jr.,RB,Buffalo,Liberty,0.692,,0.692
2868,2024,1,postseason,4431196,Jake Briningstool,TE,Clemson,Texas,0.638,0.638,
2869,2024,1,postseason,4431562,Phil Mafah,RB,Clemson,Texas,0.011,0.009,0.013
2870,2024,1,postseason,4590532,Silas Bolden,WR,Texas,Clemson,1.053,1.053,
2871,2024,1,postseason,4685279,Jaydon Blue,RB,Texas,Clemson,0.505,2.065,0.282
2872,2024,1,postseason,4685413,Cade Klubnik,QB,Clemson,Texas,0.221,0.33,-0.228
2873,2024,1,postseason,4685526,Adam Randall,RB,Clemson,Texas,0.013,-0.475,0.38
2874,2024,1,postseason,4686728,Gunnar Helm,TE,Texas,Clemson,0.917,0.917,
2875,2024,1,postseason,4701936,Matthew Golden,WR,Texas,Clemson,0.069,0.069,
2876,2024,1,postseason,4870860,DeAndre Moore Jr.,WR,Texas,Clemson,0.923,0.923,
2877,2024,1,postseason,4870906,Arch Manning,QB,Texas,Clemson,-0.453,,-0.453
2878,2024,1,postseason,4871076,Tre Wisner,RB,Texas,Clemson,0.309,-0.474,0.465
2879,2024,1,postseason,4889929,Quinn Ewers,QB,Texas,Clemson,0.326,0.317,0.446
2880,2024,1,postseason,5079410,Jerrick Gibson,RB,Texas,Clemson,0.16,,0.16
2881,2024,1,postseason,5081432,Antonio Williams,WR,Clemson,Texas,1.095,1.095,
2882,2024,1,postseason,5081435,Keith Adams Jr.,RB,Clemson,Texas,-0.994,-0.049,-1.309
2883,2024,1,postseason,5093141,Jarvis Green,RB,Clemson,Texas,1.028,2.286,-0.231
2884,2024,1,postseason,5112674,Bryant Wesco Jr.,WR,Clemson,Texas,-0.277,-0.277,
2885,2024,1,postseason,5218633,Ryan Wingo,WR,Texas,Clemson,0.181,0.153,0.294
2886,2024,1,postseason,5218753,T.J. Moore,WR,Clemson,Texas,0.674,0.674,
2887,2024,1,postseason,4426337,Bru McCoy,WR,Tennessee,Ohio State,0.208,0.208,
2888,2024,1,postseason,4429115,Gee Scott Jr.,TE,Ohio State,Tennessee,0.41,0.41,
2889,2024,1,postseason,4429955,Will Howard,QB,Ohio State,Tennessee,0.711,0.719,0.665
2890,2024,1,postseason,4432710,TreVeyon Henderson,RB,Ohio State,Tennessee,0.748,1.709,0.364
2891,2024,1,postseason,4432775,Dont'E Thornton,WR,Tennessee,Ohio State,0.23,0.23,
2892,2024,1,postseason,4567750,Emeka Egbuka,WR,Ohio State,Tennessee,0.627,0.83,-0.798
2893,2024,1,postseason,4685702,Quinshon Judkins,RB,Ohio State,Tennessee,0.273,0.038,0.32
2894,2024,1,postseason,4695709,Devin Brown,QB,Ohio State,Tennessee,0.294,0.294,
2895,2024,1,postseason,4870799,Nico Iamaleava,QB,Tennessee,Ohio State,0.017,-0.297,0.643
2896,2024,1,postseason,4870835,Brandon Inniss,WR,Ohio State,Tennessee,0.294,0.294,
2897,2024,1,postseason,4871023,Carnell Tate,WR,Ohio State,Tennessee,0.613,0.613,
2898,2024,1,postseason,4880236,Will Kacmarek,TE,Ohio State,Tennessee,0.659,0.659,
2899,2024,1,postseason,4921108,DeSean Bishop,RB,Tennessee,Ohio State,0.007,-1.067,0.161
2900,2024,1,postseason,5079712,Julian Sayin,QB,Ohio State,Tennessee,-0.532,-0.532,
2901,2024,1,postseason,5079720,Jeremiah Smith,WR,Ohio State,Tennessee,1.897,1.897,
2902,2024,1,postseason,5081368,Squirrel White,WR,Tennessee,Ohio State,0.236,0.236,
2903,2024,1,postseason,5081397,Dylan Sampson,RB,Tennessee,Ohio State,-0.314,-0.453,-0.245
2904,2024,1,postseason,5089453,Miles Kitselman,TE,Tennessee,Ohio State,-0.326,-0.326,
2905,2024,1,postseason,5091739,Chris Brazzell II,WR,Tennessee,Ohio State,-0.355,-0.355,
2906,2024,1,postseason,5110454,James Peoples,RB,Ohio State,Tennessee,-0.65,,-0.65
2907,2024,1,postseason,5122553,Peyton Lewis,RB,Tennessee,Ohio State,0.246,-0.466,0.459
2908,2024,1,postseason,5132629,Braylon Staley,WR,Tennessee,Ohio State,-0.012,-0.012,
2909,2024,1,postseason,4431068,Kelvontay Dixon,WR,SMU,Penn State,0.91,0.91,
2910,2024,1,postseason,4431197,Romello Brinson,WR,SMU,Penn State,-0.722,-0.722,
2911,2024,1,postseason,4431459,Tyler Warren,TE,Penn State,SMU,0.041,0.007,0.28
2912,2024,1,postseason,4432260,Matthew Hibner,TE,SMU,Penn State,-0.046,-0.046,
2913,2024,1,postseason,4432718,LJ Johnson Jr.,RB,SMU,Penn State,-0.103,-0.492,-0.038
2914,2024,1,postseason,4594337,Liam Clifford,WR,Penn State,SMU,-0.149,-0.149,
2915,2024,1,postseason,4594446,Roderick Daniels,WR,SMU,Penn State,0.496,0.807,-1.686
2916,2024,1,postseason,4596602,Brashard Smith,RB,SMU,Penn State,-0.056,-0.029,-0.064
2917,2024,1,postseason,4607419,Keyshawn Smith,WR,SMU,Penn State,0.253,0.758,-1.262
2918,2024,1,postseason,4682484,Stone Eby,TE,SMU,Penn State,0.211,0.211,
2919,2024,1,postseason,4685246,Kaytron Allen,RB,Penn State,SMU,0.432,0.614,0.382
2920,2024,1,postseason,4685409,Jordan Hudson,WR,SMU,Penn State,0.12,0.12,
2921,2024,1,postseason,4685555,Nicholas Singleton,RB,Penn State,SMU,0.082,-0.369,0.243
2922,2024,1,postseason,4699354,Harrison Wallace III,WR,Penn State,SMU,0.58,0.58,
2923,2024,1,postseason,4699678,Khalil Dinkins,TE,Penn State,SMU,1.243,1.243,
2924,2024,1,postseason,4714771,Drew Allar,QB,Penn State,SMU,0.171,0.024,1.088
2925,2024,1,postseason,5075392,Keldric Luster,QB,SMU,Penn State,-0.473,-0.473,
2926,2024,1,postseason,5079523,Derrick McFall,RB,SMU,Penn State,-0.811,,-0.811
2927,2024,1,postseason,5079577,Quinton Martin Jr.,RB,Penn State,SMU,-0.378,,-0.378
2928,2024,1,postseason,5079699,Corey Smith,RB,Penn State,SMU,-0.076,,-0.076
2929,2024,1,postseason,5084084,Kevin Jennings,QB,SMU,Penn State,-0.112,-0.088,-0.284
2930,2024,1,postseason,5144078,Ethan Grunkemeyer,QB,Penn State,SMU,0.094,0.094,
2931,2024,1,postseason,4367069,Ty Son Lawton,RB,Indiana,Notre Dame,-0.247,-0.969,-0.175
2932,2024,1,postseason,4428025,Kris Mitchell,WR,Notre Dame,Indiana,0.843,0.843,
2933,2024,1,postseason,4429618,Justice Ellison,RB,Indiana,Notre Dame,0.034,-0.299,0.095
2934,2024,1,postseason,4430431,Kurtis Rourke,QB,Indiana,Notre Dame,0.102,0.124,-0.307
2935,2024,1,postseason,4430656,Myles Price,WR,Indiana,Notre Dame,0.751,0.887,-0.064
2936,2024,1,postseason,4431210,Beaux Collins,WR,Notre Dame,Indiana,0.472,0.472,
2937,2024,1,postseason,4431600,Jayden Thomas,WR,Notre Dame,Indiana,1.442,1.442,
2938,2024,1,postseason,4570738,Ke'Shawn Williams,WR,Indiana,Notre Dame,0.379,0.379,
2939,2024,1,postseason,4683243,Mitchell Evans,TE,Notre Dame,Indiana,1.074,1.206,0.942
2940,2024,1,postseason,4683423,Riley Leonard,QB,Notre Dame,Indiana,0.38,0.25,0.812
2941,2024,1,postseason,4685230,Miles Cross,WR,Indiana,Notre Dame,-0.684,-0.684,
2942,2024,1,postseason,4685512,Jadarian Price,RB,Notre Dame,Indiana,-0.272,0.614,-0.353
2943,2024,1,postseason,4723820,Omar Cooper Jr.,WR,Indiana,Notre Dame,3.082,3.082,
2944,2024,1,postseason,4831959,Eli Raridon,TE,Notre Dame,Indiana,-0.437,-0.437,
2945,2024,1,postseason,4870768,Jaden Greathouse,WR,Notre Dame,Indiana,1.118,1.118,
2946,2024,1,postseason,4870808,Jeremiyah Love,RB,Notre Dame,Indiana,0.418,0.386,0.426
2947,2024,1,postseason,4877824,Zach Horton,TE,Indiana,Notre Dame,0.413,0.413,
2948,2024,1,postseason,5079742,Aneyas Williams,RB,Notre Dame,Indiana,0.403,0.178,0.628
2949,2024,1,postseason,5088338,Elijah Sarratt,WR,Indiana,Notre Dame,0.778,0.778,
2950,2024,1,postseason,5150424,Jordan Faison,WR,Notre Dame,Indiana,0.528,0.528,
2951,2024,1,postseason,4362248,Anthony Torres,TE,Toledo,Pittsburgh,0.293,0.293,
2952,2024,1,postseason,4428606,Jacquez Stuart,RB,Toledo,Pittsburgh,-0.04,0.007,-0.053
2953,2024,1,postseason,4429410,Sevaughn Clark,RB,Toledo,Pittsburgh,-0.396,,-0.396
2954,2024,1,postseason,4429801,Tucker Gleason,QB,Toledo,Pittsburgh,0.194,0.212,0.079
2955,2024,1,postseason,4430254,Jerjuan Newton,WR,Toledo,Pittsburgh,0.362,0.362,
2956,2024,1,postseason,4431303,Jake Overman,TE,Pittsburgh,Toledo,0.537,0.537,
2957,2024,1,postseason,4708049,Gavin Bartholomew,TE,Pittsburgh,Toledo,0.635,1.074,-0.243
2958,2024,1,postseason,4837200,Junior Vandeross,WR,Toledo,Pittsburgh,0.622,0.622,
2959,2024,1,postseason,4877558,Raphael Williams,WR,Pittsburgh,Toledo,-0.012,-0.012,
2960,2024,1,postseason,4923295,Kenny Johnson,WR,Pittsburgh,Toledo,0.451,0.153,0.849
2961,2024,1,postseason,5078063,Connor Walendzak,RB,Toledo,Pittsburgh,-0.763,-0.061,-0.996
2962,2024,1,postseason,5089535,Desmond Reid,RB,Pittsburgh,Toledo,0.156,-0.042,0.192
2963,2024,1,postseason,5124975,Juelz Goff,RB,Pittsburgh,Toledo,-0.072,-0.152,-0.019
2964,2024,1,postseason,5154302,David Lynch,QB,Pittsburgh,Toledo,-0.434,-0.434,
2965,2024,1,postseason,5155864,Julian Dugger,QB,Pittsburgh,Toledo,0.391,0.267,0.483
2966,2024,1,postseason,5196024,Tyreek Robinson,WR,Pittsburgh,Toledo,-0.204,-0.204,
2967,2024,1,postseason,4429283,Austin Bolt,WR,Boise State,Penn State,0.499,0.499,
2968,2024,1,postseason,4431002,Latrell Caples,WR,Boise State,Penn State,0.918,0.918,
2969,2024,1,postseason,4431459,Tyler Warren,TE,Penn State,Boise State,1.418,1.418,
2970,2024,1,postseason,4575538,Tyler Crowe,FB,Boise State,Penn State,2.612,,2.612
2971,2024,1,postseason,4685246,Kaytron Allen,RB,Penn State,Boise State,0.441,,0.441
2972,2024,1,postseason,4685555,Nicholas Singleton,RB,Penn State,Boise State,0.09,,0.09
2973,2024,1,postseason,4687486,Matt Lauter,TE,Boise State,Penn State,1.83,1.83,
2974,2024,1,postseason,4699354,Harrison Wallace III,WR,Penn State,Boise State,1.175,1.175,
2975,2024,1,postseason,4702908,Omari Evans,WR,Penn State,Boise State,1.065,1.065,
2976,2024,1,postseason,4714341,Ben Ford,WR,Boise State,Penn State,1.397,1.397,
2977,2024,1,postseason,4714771,Drew Allar,QB,Penn State,Boise State,0.044,0.158,-0.43
2978,2024,1,postseason,4870513,Maddux Madsen,QB,Boise State,Penn State,0.369,0.406,0.018
2979,2024,1,postseason,4890973,Ashton Jeanty,RB,Boise State,Penn State,-0.3,-0.049,-0.325
2980,2024,1,postseason,5077390,Jambres Dubar,RB,Boise State,Penn State,-0.242,,-0.242
2981,2024,1,postseason,5080888,Matt Wagner,TE,Boise State,Penn State,1.154,1.154,
2982,2024,1,postseason,5081322,Cam Camper,WR,Boise State,Penn State,1.975,1.975,
2983,2024,1,postseason,5138451,Luke Reynolds,TE,Penn State,Boise State,0.77,0.77,
2984,2024,1,postseason,5151353,Prince Strachan,WR,Boise State,Penn State,1.468,1.468,
2985,2024,1,postseason,4428594,Melquan Stovall,WR,Arizona State,Texas,0.163,0.287,-0.703
2986,2024,1,postseason,4430827,Troy Omeire,WR,Arizona State,Texas,1.474,1.474,
2987,2024,1,postseason,4431461,Chamon Metayer,TE,Arizona State,Texas,-0.374,-0.374,
2988,2024,1,postseason,4568075,Juan Davis,TE,Texas,Arizona State,0.839,0.839,
2989,2024,1,postseason,4590532,Silas Bolden,WR,Texas,Arizona State,1.212,,1.212
2990,2024,1,postseason,4682509,Malik McClain,WR,Arizona State,Texas,1.364,1.364,
2991,2024,1,postseason,4685279,Jaydon Blue,RB,Texas,Arizona State,-0.109,1.529,-0.519
2992,2024,1,postseason,4686728,Gunnar Helm,TE,Texas,Arizona State,1.645,1.645,
2993,2024,1,postseason,4695910,Xavier Guillory,WR,Arizona State,Texas,0.029,0.029,
2994,2024,1,postseason,4696981,Cameron Skattebo,RB,Arizona State,Texas,0.225,0.758,0.042
2995,2024,1,postseason,4701936,Matthew Golden,WR,Texas,Arizona State,1.795,1.795,
2996,2024,1,postseason,4870860,DeAndre Moore Jr.,WR,Texas,Arizona State,0.524,0.524,
2997,2024,1,postseason,4871076,Tre Wisner,RB,Texas,Arizona State,-0.066,0.286,-0.149
2998,2024,1,postseason,4889929,Quinn Ewers,QB,Texas,Arizona State,0.623,0.591,0.981
2999,2024,1,postseason,5078810,Sam Leavitt,QB,Arizona State,Texas,0.051,-0.058,0.506
3000,2024,1,postseason,5110535,Kyson Brown,RB,Arizona State,Texas,0.051,0.378,-0.08
3001,2024,1,postseason,5218633,Ryan Wingo,WR,Texas,Arizona State,0.542,0.542,
3002,2024,1,postseason,4427238,Dillon Gabriel,QB,Oregon,Ohio State,0.267,0.276,0.158
3003,2024,1,postseason,4429115,Gee Scott Jr.,TE,Ohio State,Oregon,2.601,2.601,
3004,2024,1,postseason,4429125,Gary Bryant Jr.,WR,Oregon,Ohio State,0.322,0.322,
3005,2024,1,postseason,4429172,Traeshon Holden,WR,Oregon,Ohio State,1.604,1.604,
3006,2024,1,postseason,4429955,Will Howard,QB,Ohio State,Oregon,0.509,0.697,-0.433
3007,2024,1,postseason,4432631,Noah Whittington,RB,Oregon,Ohio State,-0.156,-0.087,-0.249
3008,2024,1,postseason,4432710,TreVeyon Henderson,RB,Ohio State,Oregon,0.424,-0.276,0.948
3009,2024,1,postseason,4567750,Emeka Egbuka,WR,Ohio State,Oregon,0.91,0.91,
3010,2024,1,postseason,4570037,Terrance Ferguson,TE,Oregon,Ohio State,1.001,1.001,
3011,2024,1,postseason,4608810,Tez Johnson,WR,Oregon,Ohio State,-0.034,0.051,-0.801
3012,2024,1,postseason,4685397,Jordan James,RB,Oregon,Ohio State,-0.415,-0.16,-0.488
3013,2024,1,postseason,4685702,Quinshon Judkins,RB,Ohio State,Oregon,-0.08,,-0.08
3014,2024,1,postseason,4870868,Jayden Limar,RB,Oregon,Ohio State,-0.42,,-0.42
3015,2024,1,postseason,4870921,Dante Moore,QB,Oregon,Ohio State,-1.13,-1.13,
3016,2024,1,postseason,4871023,Carnell Tate,WR,Ohio State,Oregon,-0.274,-0.274,
3017,2024,1,postseason,4912135,Justius Lowe,WR,Oregon,Ohio State,0.634,0.634,
3018,2024,1,postseason,5079720,Jeremiah Smith,WR,Ohio State,Oregon,1.192,1.316,0.082
3019,2024,1,postseason,5083315,Kenyon Sadiq,TE,Oregon,Ohio State,0.293,0.293,
3020,2024,1,postseason,4426952,Jack Coldiron,TE,Miami (OH),Colorado State,0.101,0.101,
3021,2024,1,postseason,4427243,Brett Gabbert,QB,Miami (OH),Colorado State,0.181,0.107,1.173
3022,2024,1,postseason,4428163,Donovan Ollie,WR,Colorado State,Miami (OH),0.293,0.293,
3023,2024,1,postseason,4432431,Avery Morrow,RB,Colorado State,Miami (OH),-0.314,0.084,-0.356
3024,2024,1,postseason,4432434,Keyon Mozee,RB,Miami (OH),Colorado State,-0.068,,-0.068
3025,2024,1,postseason,4565532,Jordan Brunson,RB,Miami (OH),Colorado State,0.382,,0.382
3026,2024,1,postseason,4569507,Cade McDonald,WR,Miami (OH),Colorado State,-0.089,-0.089,
3027,2024,1,postseason,4576183,Kevin Davis,RB,Miami (OH),Colorado State,0.913,0.202,1.23
3028,2024,1,postseason,4591746,Dane Olson,WR,Colorado State,Miami (OH),1.299,1.299,
3029,2024,1,postseason,4608853,Peter Montini,TE,Colorado State,Miami (OH),0.469,,0.469
3030,2024,1,postseason,4685601,Armani Winfield,WR,Colorado State,Miami (OH),-0.324,-0.324,
3031,2024,1,postseason,4833597,Brayden Fowler-Nicolosi,QB,Colorado State,Miami (OH),0.308,0.323,-0.029
3032,2024,1,postseason,4838549,Kamryn Perry,WR,Miami (OH),Colorado State,0.679,0.679,
3033,2024,1,postseason,4880217,Brian Shane,TE,Miami (OH),Colorado State,1.306,1.306,
3034,2024,1,postseason,5076099,Stephon Daily,WR,Colorado State,Miami (OH),1.348,1.348,
3035,2024,1,postseason,5078251,Justin Marshall,RB,Colorado State,Miami (OH),0.431,2.175,0.237
3036,2024,1,postseason,5079585,Jordan Ross,WR,Colorado State,Miami (OH),0.423,0.423,
3037,2024,1,postseason,5122076,Cole Weaver,WR,Miami (OH),Colorado State,-0.207,-0.207,
3038,2024,1,postseason,5139055,Josh Ringer,RB,Miami (OH),Colorado State,-1.027,0.5,-1.791
3039,2024,1,postseason,5141795,Braylon Isom,WR,Miami (OH),Colorado State,0.302,0.302,
3040,2024,1,postseason,5151382,Vince Brown II,TE,Colorado State,Miami (OH),0.209,0.351,-0.219
3041,2024,1,postseason,5193112,Jalen Dupree,RB,Colorado State,Miami (OH),0.333,,0.333
3042,2024,1,postseason,5219136,Tommy Maher,WR,Colorado State,Miami (OH),0.64,0.64,
3043,2024,1,postseason,4427569,Giles Jackson,WR,Washington,Louisville,1.295,1.295,
3044,2024,1,postseason,4429145,Harrison Bailey,QB,Louisville,Washington,0.499,0.5,0.492
3045,2024,1,postseason,4429963,Jeremiah Hunter,WR,Washington,Louisville,1.607,1.607,
3046,2024,1,postseason,4430185,Caullin Lacy,WR,Louisville,Washington,0.794,0.739,0.877
3047,2024,1,postseason,4431241,Duane Martin,TE,Louisville,Washington,1.491,1.491,
3048,2024,1,postseason,4431346,Mark Redman,TE,Louisville,Washington,2.905,2.905,
3049,2024,1,postseason,4688552,Keleki Latu,TE,Washington,Louisville,0.638,0.638,
3050,2024,1,postseason,4702555,Jonah Coleman,RB,Washington,Louisville,0.092,0.729,0.021
3051,2024,1,postseason,4816323,Nate Kurisky,TE,Louisville,Washington,1.167,1.167,
3052,2024,1,postseason,4832800,Denzel Boston,WR,Washington,Louisville,0.653,0.653,
3053,2024,1,postseason,4869961,Chris Bell,WR,Louisville,Washington,1.015,1.015,
3054,2024,1,postseason,4871068,Rashid Williams,WR,Washington,Louisville,2.114,2.114,
3055,2024,1,postseason,5079349,Isaac Brown,RB,Louisville,Washington,-0.002,,-0.002
3056,2024,1,postseason,5079373,Decker DeGraaf,TE,Washington,Louisville,3.949,3.949,
3057,2024,1,postseason,5079499,Audric Harris,WR,Washington,Louisville,0.475,0.475,
3058,2024,1,postseason,5079653,Demond Williams Jr.,QB,Washington,Louisville,0.422,0.444,0.369
3059,2024,1,postseason,5099305,Antonio Meeks,WR,Louisville,Washington,3.379,3.379,
3060,2024,1,postseason,5136049,Duke Watson,RB,Louisville,Washington,0.036,-0.485,0.088
3061,2024,1,postseason,5147861,Adam Mohammed,RB,Washington,Louisville,-0.296,1.228,-0.6
3062,2024,1,postseason,5219119,Jordan Washington,RB,Washington,Louisville,-0.233,,-0.233
3063,2024,1,postseason,4429115,Gee Scott Jr.,TE,Ohio State,Texas,0.104,0.104,
3064,2024,1,postseason,4429955,Will Howard,QB,Ohio State,Texas,0.305,0.4,-0.231
3065,2024,1,postseason,4432710,TreVeyon Henderson,RB,Ohio State,Texas,1.031,3.006,0.372
3066,2024,1,postseason,4567750,Emeka Egbuka,WR,Ohio State,Texas,0.324,0.425,-0.383
3067,2024,1,postseason,4568075,Juan Davis,TE,Texas,Ohio State,-0.114,-0.114,
3068,2024,1,postseason,4590532,Silas Bolden,WR,Texas,Ohio State,0.703,0.703,
3069,2024,1,postseason,4685279,Jaydon Blue,RB,Texas,Ohio State,0.547,0.93,-0.028
3070,2024,1,postseason,4685702,Quinshon Judkins,RB,Ohio State,Texas,0.493,0.465,0.506
3071,2024,1,postseason,4686728,Gunnar Helm,TE,Texas,Ohio State,0.607,0.607,
3072,2024,1,postseason,4701936,Matthew Golden,WR,Texas,Ohio State,0.946,0.946,
3073,2024,1,postseason,4808839,Isaiah Bond,WR,Texas,Ohio State,0.146,0.146,
3074,2024,1,postseason,4870860,DeAndre Moore Jr.,WR,Texas,Ohio State,-0.276,-0.276,
3075,2024,1,postseason,4870906,Arch Manning,QB,Texas,Ohio State,2.578,,2.578
3076,2024,1,postseason,4871023,Carnell Tate,WR,Ohio State,Texas,0.724,0.724,
3077,2024,1,postseason,4871076,Tre Wisner,RB,Texas,Ohio State,-0.081,0.116,-0.186
3078,2024,1,postseason,4880236,Will Kacmarek,TE,Ohio State,Texas,0.687,0.687,
3079,2024,1,postseason,4889929,Quinn Ewers,QB,Texas,Ohio State,0.157,0.153,0.247
3080,2024,1,postseason,5079410,Jerrick Gibson,RB,Texas,Ohio State,-0.962,,-0.962
3081,2024,1,postseason,5079720,Jeremiah Smith,WR,Ohio State,Texas,-0.458,-0.458,
3082,2024,1,postseason,5218633,Ryan Wingo,WR,Texas,Ohio State,0.207,0.186,0.288
3083,2024,1,postseason,4428025,Kris Mitchell,WR,Notre Dame,Ohio State,0.106,0.106,
3084,2024,1,postseason,4429115,Gee Scott Jr.,TE,Ohio State,Notre Dame,-0.164,-0.164,
3085,2024,1,postseason,4429955,Will Howard,QB,Ohio State,Notre Dame,0.425,0.703,0.017
3086,2024,1,postseason,4431210,Beaux Collins,WR,Notre Dame,Ohio State,0.286,0.286,
3087,2024,1,postseason,4432710,TreVeyon Henderson,RB,Ohio State,Notre Dame,-0.156,-0.418,-0.134
3088,2024,1,postseason,4567545,Jayden Harrison,WR,Notre Dame,Ohio State,-1.608,-1.608,
3089,2024,1,postseason,4567750,Emeka Egbuka,WR,Ohio State,Notre Dame,-0.026,0.305,-0.854
3090,2024,1,postseason,4683243,Mitchell Evans,TE,Notre Dame,Ohio State,0.585,0.585,
3091,2024,1,postseason,4683423,Riley Leonard,QB,Notre Dame,Ohio State,0.418,0.437,0.378
3092,2024,1,postseason,4685512,Jadarian Price,RB,Notre Dame,Ohio State,-0.048,,-0.048
3093,2024,1,postseason,4685694,Steven Angeli,QB,Notre Dame,Ohio State,-0.101,-0.101,
3094,2024,1,postseason,4685702,Quinshon Judkins,RB,Ohio State,Notre Dame,0.813,1.419,0.703
3095,2024,1,postseason,4831959,Eli Raridon,TE,Notre Dame,Ohio State,0.43,0.43,
3096,2024,1,postseason,4870768,Jaden Greathouse,WR,Notre Dame,Ohio State,1.819,1.819,
3097,2024,1,postseason,4870808,Jeremiyah Love,RB,Notre Dame,Ohio State,-0.44,-0.119,-0.601
3098,2024,1,postseason,4870835,Brandon Inniss,WR,Ohio State,Notre Dame,2.497,2.497,
3099,2024,1,postseason,4871023,Carnell Tate,WR,Ohio State,Notre Dame,1.148,1.148,
3100,2024,1,postseason,5079720,Jeremiah Smith,WR,Ohio State,Notre Dame,0.906,1.193,-1.103
3101,2024,1,postseason,5150424,Jordan Faison,WR,Notre Dame,Ohio State,-0.161,0.005,-0.491
3102,2024,1,postseason,4427446,Braylon Henderson,WR,North Dakota State,Montana State,0.889,0.889,
3103,2024,1,postseason,4427957,Ty McCullouch,WR,Montana State,North Dakota State,0.267,0.267,
3104,2024,1,postseason,4580626,Ryan Lonergan,TE,Montana State,North Dakota State,2.678,2.678,
3105,2024,1,postseason,4684902,Ryan King,WR,Montana State,North Dakota State,0.429,0.429,
3106,2024,1,postseason,4693331,Cam Miller,QB,North Dakota State,Montana State,0.623,0.778,0.413
3107,2024,1,postseason,4693333,RaJa Nelson,WR,North Dakota State,Montana State,0.456,0.456,
3108,2024,1,postseason,4693341,Joe Stoffel,TE,North Dakota State,Montana State,1.242,1.242,
3109,2024,1,postseason,4775196,Tommy Mellott,QB,Montana State,North Dakota State,0.647,0.413,1.047
3110,2024,1,postseason,4879256,Barika Kpeenu,RB,North Dakota State,Montana State,-0.109,,-0.109
3111,2024,1,postseason,4879276,Bryce Lance,WR,North Dakota State,Montana State,1.253,1.253,
3112,2024,1,postseason,5083509,Rohan Jones,TE,Montana State,North Dakota State,-0.058,-0.058,
3113,2024,1,postseason,5085301,Taco Dowler,WR,Montana State,North Dakota State,1.293,1.293,
3114,2024,1,postseason,4693330,TK Marshall,RB,North Dakota State,South Dakota State,-0.284,1.629,-1.241
3115,2024,1,postseason,4693331,Cam Miller,QB,North Dakota State,South Dakota State,0.625,0.467,0.827
3116,2024,1,postseason,4693333,RaJa Nelson,WR,North Dakota State,South Dakota State,-0.543,-0.543,
3117,2024,1,postseason,4695400,Mark Gronowski,QB,South Dakota State,North Dakota State,0.556,0.478,0.702
3118,2024,1,postseason,4878878,Amar Johnson,RB,South Dakota State,North Dakota State,0.106,-0.142,0.155
3119,2024,1,postseason,4878886,Grahm Goering,WR,South Dakota State,North Dakota State,3.097,3.097,
3120,2024,1,postseason,4879253,Chris Harris,WR,North Dakota State,South Dakota State,1.063,1.063,
3121,2024,1,postseason,4879256,Barika Kpeenu,RB,North Dakota State,South Dakota State,0.043,-0.378,0.103
3122,2024,1,postseason,4879264,Truman Werremeyer,FB,North Dakota State,South Dakota State,-0.971,-0.971,
3123,2024,1,postseason,4879276,Bryce Lance,WR,North Dakota State,South Dakota State,2.282,2.282,
3124,2024,1,postseason,5085784,Chase Mason,QB,South Dakota State,North Dakota State,-0.727,-0.222,-0.895
3125,2024,1,postseason,5154729,Davin Stoffel,TE,South Dakota State,North Dakota State,2.646,2.646,
3126,2024,1,postseason,4427957,Ty McCullouch,WR,Montana State,South Dakota,0.199,0.469,-0.88
3127,2024,1,postseason,4429179,Aidan Bouman,QB,South Dakota,Montana State,-0.003,0.026,-0.854
3128,2024,1,postseason,4572626,Travis Theis,RB,South Dakota,Montana State,0.489,0.598,0.438
3129,2024,1,postseason,4572629,Carter Bell,WR,South Dakota,Montana State,0.085,0.085,
3130,2024,1,postseason,4581420,Lonyatta Alexander,WR,Montana State,South Dakota,0.545,0.545,
3131,2024,1,postseason,4695800,JJ Galbreath,TE,South Dakota,Montana State,-0.273,-0.19,-0.854
3132,2024,1,postseason,4705557,Quaron Adams,WR,South Dakota,Montana State,2.089,2.089,
3133,2024,1,postseason,4775196,Tommy Mellott,QB,Montana State,South Dakota,0.633,0.342,0.96
3134,2024,1,postseason,4878861,Jack Martens,WR,South Dakota,Montana State,0.312,0.312,
3135,2024,1,postseason,5085301,Taco Dowler,WR,Montana State,South Dakota,1.108,1.108,
3136,2024,1,postseason,5088421,Charles Pierre Jr.,RB,South Dakota,Montana State,0.262,-0.381,0.905
3137,2024,1,postseason,4433971,Kyle McCord,QB,Syracuse,Washington State,0.765,0.73,2.039
3138,2024,1,postseason,4575862,Trebor Pena,WR,Syracuse,Washington State,0.913,0.998,0.714
3139,2024,1,postseason,4595342,Oronde Gadsden II,TE,Syracuse,Washington State,2.025,2.025,
3140,2024,1,postseason,4602788,Jackson Meeks,WR,Syracuse,Washington State,0.663,0.663,
3141,2024,1,postseason,4608691,Maximilian Mang,TE,Syracuse,Washington State,0.056,0.056,
3142,2024,1,postseason,4613202,Kyle Williams,WR,Washington State,Syracuse,0.972,0.972,
3143,2024,1,postseason,4687189,Josh Meredith,WR,Washington State,Syracuse,0.201,0.201,
3144,2024,1,postseason,4832819,Djouvensky Schlenbaker,RB,Washington State,Syracuse,0.525,1.338,-0.288
3145,2024,1,postseason,4876066,Zevi Eckhaus,QB,Washington State,Syracuse,0.477,0.504,0.365
3146,2024,1,postseason,4911851,Lequint Allen,RB,Syracuse,Washington State,0.336,0.113,0.414
3147,2024,1,postseason,5024359,Trey Leckner,TE,Washington State,Syracuse,0.815,0.815,
3148,2024,1,postseason,5076654,Leo Pulalasi,RB,Washington State,Syracuse,-0.251,-0.517,-0.213
3149,2024,1,postseason,5079749,Yasin Willis,RB,Syracuse,Washington State,-0.487,-0.489,-0.483
3150,2024,1,postseason,5084290,Josh Joyner,RB,Washington State,Syracuse,0.166,,0.166
3151,2024,1,postseason,5125819,Darrell Gill Jr.,WR,Syracuse,Washington State,2.051,2.051,
3152,2024,1,postseason,5148822,Chris Barnes,WR,Washington State,Syracuse,0.135,1.221,-0.952
3153,2024,1,postseason,5153065,Branden Ganashamoorthy,WR,Washington State,Syracuse,0.871,0.871,
3154,2024,1,postseason,5153074,Carlos Hernandez,WR,Washington State,Syracuse,0.392,0.392,
3155,2024,1,postseason,5221381,Tony Freeman,WR,Washington State,Syracuse,0.691,,0.691
3156,2024,1,postseason,4683423,Riley Leonard,QB,Notre Dame,Georgia,0.231,0.008,0.627
3157,2024,1,postseason,4685350,Trevor Etienne,RB,Georgia,Notre Dame,-0.328,0.31,-0.583
3158,2024,1,postseason,4685512,Jadarian Price,RB,Notre Dame,Georgia,-0.187,,-0.187
3159,2024,1,postseason,4870808,Jeremiyah Love,RB,Notre Dame,Georgia,-0.304,-0.47,-0.248
3160,2024,1,postseason,4881826,Cash Jones,RB,Georgia,Notre Dame,0.048,1.454,-1.357
3161,2024,1,postseason,5079742,Aneyas Williams,RB,Notre Dame,Georgia,-0.509,-0.471,-0.567
3162,2024,1,postseason,5084047,Nate Frazier,RB,Georgia,Notre Dame,0.439,0.718,0.299
3163,2024,1,postseason,5093886,Kamari Moulton,RB,Iowa,Missouri,0.247,,0.247
3164,2024,1,postseason,5119307,Daniel Blood,WR,Missouri,Iowa,1.82,1.82,
3165,2024,1,postseason,5121468,Jordon Harris,TE,Missouri,Iowa,1.223,1.223,
3166,2024,1,postseason,4432734,Jalen Milroe,QB,Alabama,Michigan,-0.12,-0.199,0.126
3167,2024,1,postseason,4596545,C.J. Dippre,TE,Alabama,Michigan,0.364,0.242,0.487
3168,2024,1,postseason,4685261,Germie Bernard,WR,Alabama,Michigan,1.73,1.73,
3169,2024,1,postseason,4685477,Jamarion Miller,RB,Alabama,Michigan,-0.036,0.66,-0.245
3170,2024,1,postseason,4685495,Alex Orji,QB,Michigan,Alabama,-0.326,-0.566,-0.147
3171,2024,1,postseason,4691688,Robbie Ouzts,TE,Alabama,Michigan,2.923,2.923,
3172,2024,1,postseason,4695705,Marlin Klein,TE,Michigan,Alabama,1.15,1.15,
3173,2024,1,postseason,4871081,Richard Young,RB,Alabama,Michigan,0.284,,0.284
3174,2024,1,postseason,4876132,Josh Cuevas,TE,Alabama,Michigan,0.079,0.079,
3175,2024,1,postseason,4878681,Davis Warren,QB,Michigan,Alabama,0.604,0.604,
3176,2024,1,postseason,4878686,Peyton O'Leary,WR,Michigan,Alabama,0.412,0.412,
3177,2024,1,postseason,4878687,Joe Taylor,WR,Michigan,Alabama,0.903,0.903,
3178,2024,1,postseason,4899366,Semaj Morgan,WR,Michigan,Alabama,-0.647,-0.647,
3179,2024,1,postseason,4905609,Fredrick Moore,WR,Michigan,Alabama,1.347,2.273,-0.043
3180,2024,1,postseason,5008017,Benjamin Hall,RB,Michigan,Alabama,-0.349,,-0.349
3181,2024,1,postseason,5079494,Hogan Hansen,TE,Michigan,Alabama,1.726,1.726,
3182,2024,1,postseason,5079506,Daniel Hill,RB,Alabama,Michigan,-0.327,-0.327,
3183,2024,1,postseason,5079574,Jordan Marshall,RB,Michigan,Alabama,0.008,,0.008
3184,2024,1,postseason,5079714,Rico Scott,WR,Alabama,Michigan,1.759,1.094,2.423
3185,2024,1,postseason,5141711,Ryan Williams,WR,Alabama,Michigan,-0.409,-0.409,
3186,2024,1,postseason,4427225,Zakhari Franklin,WR,Illinois,South Carolina,1.243,1.243,
3187,2024,1,postseason,4427630,Oscar Adaway III,RB,South Carolina,Illinois,0.117,0.212,0.062
3188,2024,1,postseason,4430482,Joshua Simon,TE,South Carolina,Illinois,0.471,0.448,0.585
3189,2024,1,postseason,4569372,Dalevon Campbell,WR,South Carolina,Illinois,4.201,4.201,
3190,2024,1,postseason,4597679,Luke Altmyer,QB,Illinois,South Carolina,0.352,0.38,-0.088
3191,2024,1,postseason,4682640,Joshua McCray,RB,Illinois,South Carolina,0.548,,0.548
3192,2024,1,postseason,4700453,Jared Brown,WR,South Carolina,Illinois,-0.654,-0.675,-0.611
3193,2024,1,postseason,4814930,Hank Beatty,WR,Illinois,South Carolina,1.581,1.581,
3194,2024,1,postseason,4826636,Jordan Anderson,TE,Illinois,South Carolina,0.247,,0.247
3195,2024,1,postseason,4827047,Aidan Laughery,RB,Illinois,South Carolina,-0.004,-0.309,0.042
3196,2024,1,postseason,4870696,Malik Elzy,WR,Illinois,South Carolina,0.293,0.293,
3197,2024,1,postseason,4870745,Nyck Harbor,WR,South Carolina,Illinois,0.866,0.866,
3198,2024,1,postseason,4875127,Lanorris Sellers,QB,South Carolina,Illinois,0.182,0.275,-0.092
3199,2024,1,postseason,4877203,Gage Larvadain,WR,South Carolina,Illinois,0.378,-0.236,1.607
3200,2024,1,postseason,4880608,Juju McDowell,RB,South Carolina,Illinois,-0.201,-0.263,-0.138
3201,2024,1,postseason,4923226,Collin Dixon,WR,Illinois,South Carolina,0.623,0.623,
3202,2024,1,postseason,4838696,Dae'Quan Wright,TE,Ole Miss,Duke,0.948,0.948,
3203,2024,1,postseason,4870858,Cayden Lee,WR,Ole Miss,Duke,0.844,0.844,
3204,2024,1,postseason,4891852,Jordan Smart,WR,Ole Miss,Duke,1.847,1.847,
3205,2024,1,postseason,4923298,Peyton Jones,RB,Duke,Ole Miss,-0.3,0.149,-0.469
3206,2024,1,postseason,5081436,Domonique Thomas,RB,Ole Miss,Duke,-0.349,,-0.349
3207,2024,1,postseason,5081766,Jason Albritton,RB,Ole Miss,Duke,0.575,,0.575
3208,2024,1,postseason,5141684,Austin Simmons,QB,Ole Miss,Duke,1.847,1.847,
3209,2024,1,postseason,5150429,Austin Acton,RB,Ole Miss,Duke,-0.856,,-0.856
3210,2024,1,postseason,5218787,Que'Sean Brown,WR,Duke,Ole Miss,1.1,1.1,
3211,2024,1,postseason,4360890,Jordan McCloud,QB,Texas State,North Texas,0.301,0.391,-0.362
3212,2024,1,postseason,4428784,Damon Ward Jr.,WR,North Texas,Texas State,1.397,1.397,
3213,2024,1,postseason,4432267,Joey Hobert,WR,Texas State,North Texas,0.196,0.196,
3214,2024,1,postseason,4569281,Nick Rempert,WR,North Texas,Texas State,-1.237,,-1.237
3215,2024,1,postseason,4575667,Deion Hankins,RB,Texas State,North Texas,0.446,,0.446
3216,2024,1,postseason,4608607,Lincoln Pare,RB,Texas State,North Texas,0.295,0.855,0.188
3217,2024,1,postseason,4700456,Jaden Williams,WR,Texas State,North Texas,1.347,1.354,1.277
3218,2024,1,postseason,4874506,Shane Porter,RB,North Texas,Texas State,-0.334,-0.198,-0.403
3219,2024,1,postseason,5077873,Chris Dawn Jr.,WR,Texas State,North Texas,0.044,0.044,
3220,2024,1,postseason,5082564,Titus Lyons,TE,Texas State,North Texas,0.372,0.372,
3221,2024,1,postseason,5088888,Torrance Burgess Jr.,RB,Texas State,North Texas,-0.09,0.685,-0.219
3222,2024,1,postseason,5122006,Landon Sides,WR,North Texas,Texas State,0.527,0.527,
3223,2024,1,postseason,5146726,Kiefer Sibley,RB,North Texas,Texas State,0.301,0.364,0.238
3224,2024,1,postseason,5146987,Brandon Young Jr.,TE,North Texas,Texas State,-1.936,-1.936,
3225,2024,1,postseason,5148787,Wyatt Young,WR,North Texas,Texas State,-0.555,-0.205,-1.955
3226,2024,1,postseason,5149007,Miles Coleman,WR,North Texas,Texas State,0.697,1.025,-1.933
3227,2024,1,postseason,5150786,Makenzie McGill,RB,North Texas,Texas State,0.363,0.378,0.357
3228,2024,1,postseason,5152414,Beau Sparks,WR,Texas State,North Texas,1.749,1.749,
3229,2024,1,postseason,5219834,Drew Mestemaker,QB,North Texas,Texas State,0.372,0.237,1.34
3230,2024,1,postseason,4427601,Ali Jennings,WR,Virginia Tech,Minnesota,-0.22,-0.22,
3231,2024,1,postseason,4685578,Gunner Stockton,QB,Georgia,Notre Dame,0.108,0.182,-0.283
3232,2024,1,postseason,4702559,Oscar Delp,TE,Georgia,Notre Dame,1.051,1.051,
3233,2024,1,postseason,4712579,Dillon Bell,WR,Georgia,Notre Dame,-0.293,-0.293,
3234,2024,1,postseason,4870768,Jaden Greathouse,WR,Notre Dame,Georgia,-0.341,-0.341,
3235,2024,1,postseason,5150424,Jordan Faison,WR,Notre Dame,Georgia,0.588,0.933,-0.101
3236,2024,1,postseason,4428025,Kris Mitchell,WR,Notre Dame,Penn State,0.711,0.711,
3237,2024,1,postseason,4431459,Tyler Warren,TE,Penn State,Notre Dame,1.006,0.847,1.564
3238,2024,1,postseason,4431600,Jayden Thomas,WR,Notre Dame,Penn State,0.796,,0.796
3239,2024,1,postseason,4567545,Jayden Harrison,WR,Notre Dame,Penn State,-1.015,-1.015,
3240,2024,1,postseason,4683243,Mitchell Evans,TE,Notre Dame,Penn State,0.431,0.431,
3241,2024,1,postseason,4683423,Riley Leonard,QB,Notre Dame,Penn State,0.354,0.537,0.079
3242,2024,1,postseason,4685246,Kaytron Allen,RB,Penn State,Notre Dame,-0.03,0.198,-0.042
3243,2024,1,postseason,4685512,Jadarian Price,RB,Notre Dame,Penn State,-0.348,,-0.348
3244,2024,1,postseason,4685555,Nicholas Singleton,RB,Penn State,Notre Dame,0.476,0.143,0.609
3245,2024,1,postseason,4685694,Steven Angeli,QB,Notre Dame,Penn State,0.426,0.426,
3246,2024,1,postseason,4699354,Harrison Wallace III,WR,Penn State,Notre Dame,-0.508,-0.508,
3247,2024,1,postseason,4699678,Khalil Dinkins,TE,Penn State,Notre Dame,-0.167,-0.167,
3248,2024,1,postseason,4714771,Drew Allar,QB,Penn State,Notre Dame,0.092,0.05,0.296
3249,2024,1,postseason,4870768,Jaden Greathouse,WR,Notre Dame,Penn State,1.517,1.517,
3250,2024,1,postseason,4870808,Jeremiyah Love,RB,Notre Dame,Penn State,0.182,0.386,0.163
3251,2024,1,postseason,5079742,Aneyas Williams,RB,Notre Dame,Penn State,0.732,0.943,0.203
3252,2024,1,postseason,5138451,Luke Reynolds,TE,Penn State,Notre Dame,-0.118,-0.118,
3253,2024,1,postseason,5150424,Jordan Faison,WR,Notre Dame,Penn State,0.828,0.828,
