game_id,season,week,start_date,team_id,team,conference,opponent_id,opponent,opponent_conference,points,pregame_elo,postgame_elo,opponent_points,opponent_pregame_elo,opponent_postgame_elo,is_home
401636613,2024,1,2024-08-31T23:30:00.000Z,2000,Abilene Christian,UAC,2641,Texas Tech,Big 12,51.0,,,52.0,1541.0,1541.0,False
401632067,2024,2,2024-09-08T00:00:00.000Z,2000,Abilene Christian,UAC,2698,West Georgia,UAC,38.0,,,24.0,,,True
401654603,2024,3,2024-09-14T20:00:00.000Z,2000,Abilene Christian,UAC,2458,Northern Colorado,Big Sky,24.0,,,22.0,,,False
401654604,2024,4,2024-09-22T00:00:00.000Z,2000,Abilene Christian,UAC,70,Idaho,Big Sky,24.0,,,27.0,,,True
401632103,2024,5,2024-09-29T01:00:00.000Z,2000,Abilene Christian,UAC,3101,Utah Tech,UAC,55.0,,,30.0,,,False
401632117,2024,6,2024-10-05T20:00:00.000Z,2000,Abilene Christian,UAC,2110,Central Arkansas,UAC,41.0,,,34.0,,,True
401632113,2024,7,2024-10-12T23:00:00.000Z,2000,Abilene Christian,UAC,2453,North Alabama,UAC,34.0,,,47.0,,,False
401632137,2024,8,2024-10-19T20:00:00.000Z,2000,Abilene Christian,UAC,2198,Eastern Kentucky,UAC,34.0,,,20.0,,,True
401632128,2024,10,2024-11-02T20:00:00.000Z,2000,Abilene Christian,UAC,253,Southern Utah,UAC,28.0,,,25.0,,,True
401632130,2024,11,2024-11-09T21:00:00.000Z,2000,Abilene Christian,UAC,2046,Austin Peay,UAC,35.0,,,34.0,,,False
401632139,2024,12,2024-11-17T00:00:00.000Z,2000,Abilene Christian,UAC,2627,Tarleton State,UAC,35.0,,,31.0,,,False
401678896,2024,13,2024-11-23T20:00:00.000Z,2000,Abilene Christian,UAC,2617,Stephen F. Austin,Southland,19.0,,,32.0,,,False
401729738,2024,14,2024-11-30T20:00:00.000Z,2000,Abilene Christian,UAC,2464,Northern Arizona,Big Sky,24.0,,,0.0,,,True
401729745,2024,15,2024-12-07T20:00:00.000Z,2000,Abilene Christian,UAC,2449,North Dakota State,MVFC,31.0,,,51.0,,,False
401673140,2024,2,2024-09-08T00:00:00.000Z,2001,Adams State,Rocky Mountain,2703,Western New Mexico,Lone Star,30.0,,,39.0,,,True
401673141,2024,3,2024-09-14T23:00:00.000Z,2001,Adams State,Rocky Mountain,110243,UT Permian Basin,Lone Star,14.0,,,67.0,,,False
401673142,2024,4,2024-09-22T00:00:00.000Z,2001,Adams State,Rocky Mountain,2714,Western Colorado,Rocky Mountain,0.0,,,38.0,,,False
401673143,2024,5,2024-09-28T19:00:00.000Z,2001,Adams State,Rocky Mountain,2570,CSU Pueblo,Rocky Mountain,10.0,,,66.0,,,True
401673144,2024,6,2024-10-05T18:00:00.000Z,2001,Adams State,Rocky Mountain,2123,Chadron St,Rocky Mountain,3.0,,,52.0,,,False
401673145,2024,7,2024-10-12T19:00:00.000Z,2001,Adams State,Rocky Mountain,11,Colorado Mesa,Rocky Mountain,10.0,,,52.0,,,True
401673146,2024,8,2024-10-19T19:00:00.000Z,2001,Adams State,Rocky Mountain,2146,Colorado School Of Mines,Rocky Mountain,14.0,,,56.0,,,True
401673147,2024,9,2024-10-26T23:00:00.000Z,2001,Adams State,Rocky Mountain,2424,New Mexico Highlands,Rocky Mountain,27.0,,,44.0,,,False
401673148,2024,10,2024-11-03T00:00:00.000Z,2001,Adams State,Rocky Mountain,2237,Fort Lewis,Rocky Mountain,17.0,,,27.0,,,True
401673149,2024,11,2024-11-09T20:00:00.000Z,2001,Adams State,Rocky Mountain,2069,Black Hills State,Rocky Mountain,3.0,,,45.0,,,False
401673150,2024,12,2024-11-16T20:00:00.000Z,2001,Adams State,Rocky Mountain,613,South Dakota Mines,Rocky Mountain,6.0,,,44.0,,,True
401673973,2024,2,2024-09-07T17:00:00.000Z,2003,Adrian,Michigan,72,Elmhurst,CCIW,55.0,,,20.0,,,True
401674910,2024,3,2024-09-14T23:00:00.000Z,2003,Adrian,Michigan,127078,Madonna University (Mich.),,38.0,,,20.0,,,True
401674775,2024,4,2024-09-21T17:30:00.000Z,2003,Adrian,Michigan,2233,Franklin,Heartland,42.0,,,21.0,,,False
401674911,2024,5,2024-09-28T19:00:00.000Z,2003,Adrian,Michigan,354,Olivet College,Michigan,24.0,,,14.0,,,True
401677461,2024,5,2024-09-28T17:00:00.000Z,2562,Adrian,,190,Defiance College,,52.0,,,7.0,,,False
401674912,2024,6,2024-10-05T17:00:00.000Z,2003,Adrian,Michigan,2790,Albion,Michigan,27.0,,,38.0,,,False
401676211,2024,8,2024-10-19T19:00:00.000Z,2003,Adrian,Michigan,129738,Calvin University,Michigan,30.0,,,10.0,,,True
401674913,2024,9,2024-10-26T18:00:00.000Z,2003,Adrian,Michigan,2812,Hope College,Michigan,0.0,,,45.0,,,False
401674914,2024,10,2024-11-02T17:00:00.000Z,2003,Adrian,Michigan,126,Kalamazoo,Michigan,35.0,,,21.0,,,True
401674915,2024,11,2024-11-09T18:00:00.000Z,2003,Adrian,Michigan,2651,Trine University,Michigan,32.0,,,52.0,,,False
401674916,2024,12,2024-11-16T18:00:00.000Z,2003,Adrian,Michigan,2800,Alma,Michigan,7.0,,,31.0,,,True
401643699,2024,1,2024-08-31T19:30:00.000Z,2005,Air Force,Mountain West,2771,Merrimack,FCS Independents,21.0,1572.0,1572.0,6.0,,,True
401643705,2024,2,2024-09-07T23:00:00.000Z,2005,Air Force,Mountain West,23,San José State,Mountain West,7.0,1572.0,1549.0,17.0,1544.0,1567.0,True
401636860,2024,3,2024-09-14T23:30:00.000Z,2005,Air Force,Mountain West,239,Baylor,Big 12,3.0,1549.0,1459.0,31.0,1417.0,1507.0,False
401643718,2024,5,2024-09-29T00:00:00.000Z,2005,Air Force,Mountain West,2751,Wyoming,Mountain West,19.0,1459.0,1418.0,31.0,1245.0,1286.0,False
401643722,2024,6,2024-10-05T16:00:00.000Z,2005,Air Force,Mountain West,2426,Navy,American Athletic,7.0,1418.0,1353.0,34.0,1490.0,1555.0,True
401643727,2024,7,2024-10-12T23:00:00.000Z,2005,Air Force,Mountain West,167,New Mexico,Mountain West,37.0,1353.0,1310.0,52.0,1228.0,1271.0,False
401643734,2024,8,2024-10-20T00:00:00.000Z,2005,Air Force,Mountain West,36,Colorado State,Mountain West,13.0,1310.0,1292.0,21.0,1277.0,1295.0,True
401643746,2024,10,2024-11-02T16:00:00.000Z,2005,Air Force,Mountain West,349,Army,American Athletic,3.0,1292.0,1287.0,20.0,1649.0,1654.0,False
401643751,2024,11,2024-11-10T02:45:00.000Z,2005,Air Force,Mountain West,278,Fresno State,Mountain West,36.0,1287.0,1316.0,28.0,1540.0,1511.0,True
401643757,2024,12,2024-11-16T20:30:00.000Z,2005,Air Force,Mountain West,204,Oregon State,Pac-12,28.0,1316.0,1406.0,0.0,1446.0,1356.0,True
401643763,2024,13,2024-11-24T03:30:00.000Z,2005,Air Force,Mountain West,2440,Nevada,Mountain West,22.0,1406.0,1398.0,19.0,1196.0,1204.0,False
401643768,2024,14,2024-12-01T03:30:00.000Z,2005,Air Force,Mountain West,21,San Diego State,Mountain West,31.0,1398.0,1407.0,20.0,1237.0,1228.0,False
401628455,2024,1,2024-08-31T19:30:00.000Z,2006,Akron,Mid-American,194,Ohio State,Big Ten,6.0,1212.0,1161.0,52.0,1876.0,1927.0,False
401628471,2024,2,2024-09-07T16:00:00.000Z,2006,Akron,Mid-American,164,Rutgers,Big Ten,17.0,1161.0,1110.0,49.0,1460.0,1511.0,False
401644733,2024,3,2024-09-14T22:00:00.000Z,2006,Akron,Mid-American,2142,Colgate,Patriot,31.0,1098.0,1098.0,20.0,,,True
401628370,2024,4,2024-09-21T23:30:00.000Z,2006,Akron,Mid-American,2579,South Carolina,SEC,7.0,1110.0,1053.0,50.0,1642.0,1699.0,False
401644738,2024,5,2024-09-28T19:30:00.000Z,2006,Akron,Mid-American,195,Ohio,Mid-American,10.0,1053.0,1040.0,30.0,1401.0,1414.0,False
401644740,2024,6,2024-10-05T19:30:00.000Z,2006,Akron,Mid-American,189,Bowling Green,Mid-American,20.0,1040.0,1055.0,27.0,1439.0,1424.0,True
401644742,2024,7,2024-10-12T19:30:00.000Z,2006,Akron,Mid-American,2711,Western Michigan,Mid-American,24.0,1055.0,1049.0,34.0,1217.0,1223.0,False
401644752,2024,9,2024-10-26T19:30:00.000Z,2006,Akron,Mid-American,2199,Eastern Michigan,Mid-American,25.0,1049.0,1059.0,21.0,1262.0,1252.0,True
401644757,2024,10,2024-11-02T16:00:00.000Z,2006,Akron,Mid-American,2084,Buffalo,Mid-American,30.0,1059.0,1048.0,41.0,1206.0,1217.0,True
401644766,2024,12,2024-11-14T00:00:00.000Z,2006,Akron,Mid-American,2459,Northern Illinois,Mid-American,16.0,1048.0,1055.0,29.0,1471.0,1464.0,False
401644769,2024,13,2024-11-20T00:00:00.000Z,2006,Akron,Mid-American,2309,Kent State,Mid-American,38.0,1055.0,1085.0,17.0,835.0,805.0,False
401644775,2024,14,2024-11-27T00:00:00.000Z,2006,Akron,Mid-American,2649,Toledo,Mid-American,21.0,1085.0,1118.0,14.0,1459.0,1426.0,True
401628319,2024,1,2024-08-31T23:00:00.000Z,333,Alabama,SEC,98,Western Kentucky,Conference USA,63.0,1854.0,1997.0,0.0,1466.0,1323.0,True
401677102,2024,1,2024-12-31T17:00:00.000Z,333,Alabama,SEC,130,Michigan,Big Ten,13.0,2007.0,1986.0,19.0,1888.0,1909.0,False
401628335,2024,2,2024-09-07T23:00:00.000Z,333,Alabama,SEC,58,South Florida,American Athletic,42.0,1997.0,2006.0,16.0,1442.0,1433.0,True
401628350,2024,3,2024-09-14T16:00:00.000Z,333,Alabama,SEC,275,Wisconsin,Big Ten,42.0,2006.0,2046.0,10.0,1593.0,1553.0,False
401628374,2024,5,2024-09-28T23:30:00.000Z,333,Alabama,SEC,61,Georgia,SEC,41.0,2046.0,2056.0,34.0,2046.0,2036.0,True
401628384,2024,6,2024-10-05T20:15:00.000Z,333,Alabama,SEC,238,Vanderbilt,SEC,35.0,2056.0,2014.0,40.0,1317.0,1359.0,False
401628385,2024,7,2024-10-12T16:00:00.000Z,333,Alabama,SEC,2579,South Carolina,SEC,27.0,2014.0,2010.0,25.0,1654.0,1658.0,True
401628397,2024,8,2024-10-19T19:30:00.000Z,333,Alabama,SEC,2633,Tennessee,SEC,17.0,2010.0,1996.0,24.0,1936.0,1950.0,False
401628400,2024,9,2024-10-26T19:30:00.000Z,333,Alabama,SEC,142,Missouri,SEC,34.0,1996.0,2058.0,0.0,1735.0,1673.0,True
401628413,2024,11,2024-11-10T00:30:00.000Z,333,Alabama,SEC,99,LSU,SEC,42.0,2058.0,2113.0,13.0,1855.0,1800.0,False
401628425,2024,12,2024-11-16T19:00:00.000Z,333,Alabama,SEC,2382,Mercer,Southern,52.0,2130.0,2130.0,7.0,,,True
401628433,2024,13,2024-11-24T00:30:00.000Z,333,Alabama,SEC,201,Oklahoma,SEC,3.0,2113.0,2011.0,24.0,1678.0,1780.0,False
401628437,2024,14,2024-11-30T20:30:00.000Z,333,Alabama,SEC,2,Auburn,SEC,28.0,2011.0,2007.0,14.0,1607.0,1611.0,True
401628321,2024,1,2024-08-31T23:30:00.000Z,2010,Alabama A&M,SWAC,2,Auburn,SEC,3.0,,,73.0,1556.0,1556.0,False
401634250,2024,2,2024-09-07T23:00:00.000Z,2010,Alabama A&M,SWAC,2310,Kentucky State,SIAC,49.0,,,7.0,,,True
401678898,2024,3,2024-09-14T23:00:00.000Z,2010,Alabama A&M,SWAC,2245,Georgetown College Kentucky,,24.0,,,16.0,,,True
401632100,2024,4,2024-09-21T23:00:00.000Z,2010,Alabama A&M,SWAC,2046,Austin Peay,UAC,16.0,,,59.0,,,False
401634253,2024,6,2024-10-05T21:00:00.000Z,2010,Alabama A&M,SWAC,2296,Jackson State,SWAC,38.0,,,45.0,,,False
401634254,2024,7,2024-10-12T19:00:00.000Z,2010,Alabama A&M,SWAC,2065,Bethune-Cookman,SWAC,56.0,,,12.0,,,True
401634255,2024,9,2024-10-26T19:30:00.000Z,2010,Alabama A&M,SWAC,2011,Alabama State,SWAC,19.0,,,27.0,,,True
401634256,2024,10,2024-11-02T19:00:00.000Z,2010,Alabama A&M,SWAC,2582,Southern,SWAC,20.0,,,25.0,,,True
401634257,2024,11,2024-11-09T20:00:00.000Z,2010,Alabama A&M,SWAC,2029,Arkansas-Pine Bluff,SWAC,52.0,,,24.0,,,False
401634258,2024,12,2024-11-15T01:00:00.000Z,2010,Alabama A&M,SWAC,2755,Grambling,SWAC,22.0,,,17.0,,,True
401634259,2024,13,2024-11-23T18:00:00.000Z,2010,Alabama A&M,SWAC,2400,Mississippi Valley State,SWAC,49.0,,,35.0,,,False
401634252,2024,14,2024-11-29T21:00:00.000Z,2010,Alabama A&M,SWAC,50,Florida A&M,SWAC,20.0,,,28.0,,,False
401636343,2024,1,2024-09-01T19:00:00.000Z,2011,Alabama State,SWAC,2428,North Carolina Central,MEAC,24.0,,,31.0,,,True
401636344,2024,2,2024-09-07T22:00:00.000Z,2011,Alabama State,SWAC,2396,Miles College,SIAC,24.0,,,3.0,,,True
401636345,2024,3,2024-09-14T23:00:00.000Z,2011,Alabama State,SWAC,2535,Samford,Southern,7.0,,,12.0,,,False
401636346,2024,5,2024-09-28T19:00:00.000Z,2011,Alabama State,SWAC,2065,Bethune-Cookman,SWAC,26.0,,,21.0,,,False
401636347,2024,6,2024-10-05T19:00:00.000Z,2011,Alabama State,SWAC,50,Florida A&M,SWAC,13.0,,,28.0,,,True
401636348,2024,7,2024-10-12T19:00:00.000Z,2011,Alabama State,SWAC,2400,Mississippi Valley State,SWAC,54.0,,,17.0,,,True
401634255,2024,9,2024-10-26T19:30:00.000Z,2011,Alabama State,SWAC,2010,Alabama A&M,SWAC,27.0,,,19.0,,,False
401636349,2024,10,2024-11-02T21:00:00.000Z,2011,Alabama State,SWAC,2016,Alcorn State,SWAC,21.0,,,17.0,,,True
401636350,2024,11,2024-11-09T20:00:00.000Z,2011,Alabama State,SWAC,2755,Grambling,SWAC,23.0,,,24.0,,,False
401636351,2024,12,2024-11-16T20:00:00.000Z,2011,Alabama State,SWAC,2296,Jackson State,SWAC,10.0,,,16.0,,,True
401636352,2024,13,2024-11-23T20:00:00.000Z,2011,Alabama State,SWAC,2504,Prairie View A&M,SWAC,9.0,,,6.0,,,True
401636353,2024,14,2024-11-28T19:00:00.000Z,2011,Alabama State,SWAC,2657,Tuskegee,SIAC,34.0,,,6.0,,,True
401675504,2024,1,2024-08-31T23:00:00.000Z,2013,Albany State GA,SIAC,2673,Valdosta State,Gulf South,10.0,,,42.0,,,False
401675561,2024,2,2024-09-07T22:00:00.000Z,2013,Albany State GA,SIAC,2551,Shaw,CIAA,40.0,,,43.0,,,True
401675562,2024,4,2024-09-21T17:00:00.000Z,2013,Albany State GA,SIAC,2119,Central State (OH),SIAC,28.0,,,7.0,,,False
401675563,2024,5,2024-09-28T18:00:00.000Z,2013,Albany State GA,SIAC,2310,Kentucky State,SIAC,49.0,,,21.0,,,True
401675564,2024,6,2024-10-05T22:00:00.000Z,2013,Albany State GA,SIAC,2019,Allen,SIAC,57.0,,,17.0,,,False
401675565,2024,7,2024-10-12T19:00:00.000Z,2013,Albany State GA,SIAC,2396,Miles College,SIAC,21.0,,,32.0,,,False
401675566,2024,8,2024-10-19T18:00:00.000Z,2013,Albany State GA,SIAC,60,Morehouse College,SIAC,52.0,,,6.0,,,True
401675567,2024,9,2024-10-26T18:00:00.000Z,2013,Albany State GA,SIAC,2206,Edward Waters,SIAC,42.0,,,34.0,,,True
401675568,2024,10,2024-11-02T19:00:00.000Z,2013,Albany State GA,SIAC,2542,Savannah St,SIAC,26.0,,,28.0,,,False
401675569,2024,11,2024-11-09T19:00:00.000Z,2013,Albany State GA,SIAC,2232,Fort Valley State,SIAC,20.0,,,15.0,,,False
401674917,2024,2,2024-09-07T17:00:00.000Z,2790,Albion,Michigan,2743,Wisconsin-Stevens Pt,Wisconsin,31.0,,,23.0,,,True
401674764,2024,3,2024-09-14T17:00:00.000Z,2790,Albion,Michigan,2074,Bluffton,Heartland,56.0,,,21.0,,,True
401674918,2024,4,2024-09-21T17:00:00.000Z,2790,Albion,Michigan,2419,Mount St. Joseph,Heartland,14.0,,,49.0,,,False
401674919,2024,5,2024-09-28T17:00:00.000Z,2790,Albion,Michigan,2651,Trine University,Michigan,42.0,,,14.0,,,False
401674912,2024,6,2024-10-05T17:00:00.000Z,2790,Albion,Michigan,2003,Adrian,Michigan,38.0,,,27.0,,,True
401674920,2024,8,2024-10-19T17:00:00.000Z,2790,Albion,Michigan,2800,Alma,Michigan,30.0,,,40.0,,,False
401674921,2024,9,2024-10-26T17:00:00.000Z,2790,Albion,Michigan,126,Kalamazoo,Michigan,28.0,,,23.0,,,True
401674922,2024,10,2024-11-02T17:00:00.000Z,2790,Albion,Michigan,2812,Hope College,Michigan,14.0,,,41.0,,,False
401674923,2024,11,2024-11-09T18:00:00.000Z,2790,Albion,Michigan,354,Olivet College,Michigan,49.0,,,14.0,,,True
401676215,2024,12,2024-11-16T18:00:00.000Z,2790,Albion,Michigan,129738,Calvin University,Michigan,41.0,,,21.0,,,False
401674863,2024,2,2024-09-06T22:00:00.000Z,2015,Albright,Mid Atlantic,417,Gallaudet,ECFC,17.0,,,6.0,,,True
401673429,2024,3,2024-09-14T16:00:00.000Z,2015,Albright,Mid Atlantic,2221,FDU-Florham,Mid Atlantic,7.0,,,35.0,,,False
401674864,2024,4,2024-09-21T17:00:00.000Z,2015,Albright,Mid Atlantic,2725,Widener,Mid Atlantic,0.0,,,21.0,,,False
401674865,2024,5,2024-09-28T16:00:00.000Z,2015,Albright,Mid Atlantic,127954,Eastern University,Mid Atlantic,20.0,,,41.0,,,True
401674866,2024,7,2024-10-12T16:00:00.000Z,2015,Albright,Mid Atlantic,2969,Misericordia,Mid Atlantic,10.0,,,13.0,,,True
401674867,2024,8,2024-10-19T17:00:00.000Z,2015,Albright,Mid Atlantic,471,Stevenson,Mid Atlantic,3.0,,,48.0,,,False
401673424,2024,9,2024-10-26T16:00:00.000Z,2015,Albright,Mid Atlantic,2808,Delaware Valley,Mid Atlantic,0.0,,,28.0,,,False
401674868,2024,10,2024-11-02T16:00:00.000Z,2015,Albright,Mid Atlantic,111674,Reading,Mid Atlantic,22.0,,,19.0,,,True
401674869,2024,11,2024-11-09T17:00:00.000Z,2015,Albright,Mid Atlantic,247,Kings College (PA),Mid Atlantic,6.0,,,41.0,,,True
401673444,2024,12,2024-11-16T18:00:00.000Z,2015,Albright,Mid Atlantic,388,Lebanon Valley,Mid Atlantic,3.0,,,27.0,,,False
401645316,2024,1,2024-08-30T00:00:00.000Z,2016,Alcorn State,SWAC,5,UAB,American Athletic,3.0,,,41.0,1363.0,1363.0,False
401628349,2024,2,2024-09-07T23:30:00.000Z,2016,Alcorn State,SWAC,238,Vanderbilt,SEC,0.0,,,55.0,1303.0,1303.0,False
401654601,2024,3,2024-09-14T21:00:00.000Z,2016,Alcorn State,SWAC,2206,Edward Waters,SIAC,38.0,,,7.0,,,True
401654602,2024,4,2024-09-22T00:00:00.000Z,2016,Alcorn State,SWAC,2377,McNeese,Southland,14.0,,,42.0,,,False
401654587,2024,5,2024-09-28T23:00:00.000Z,2016,Alcorn State,SWAC,2400,Mississippi Valley State,SWAC,42.0,,,21.0,,,False
401636356,2024,6,2024-10-05T19:00:00.000Z,2016,Alcorn State,SWAC,2029,Arkansas-Pine Bluff,SWAC,38.0,,,28.0,,,True
401636384,2024,7,2024-10-12T19:00:00.000Z,2016,Alcorn State,SWAC,2755,Grambling,SWAC,17.0,,,15.0,,,False
401654561,2024,8,2024-10-19T23:00:00.000Z,2016,Alcorn State,SWAC,2582,Southern,SWAC,14.0,,,24.0,,,False
401636349,2024,10,2024-11-02T21:00:00.000Z,2016,Alcorn State,SWAC,2011,Alabama State,SWAC,17.0,,,21.0,,,False
401654568,2024,11,2024-11-09T20:00:00.000Z,2016,Alcorn State,SWAC,2640,Texas Southern,SWAC,42.0,,,21.0,,,True
401654572,2024,12,2024-11-16T20:00:00.000Z,2016,Alcorn State,SWAC,2504,Prairie View A&M,SWAC,26.0,,,13.0,,,False
401636392,2024,13,2024-11-23T20:00:00.000Z,2016,Alcorn State,SWAC,2296,Jackson State,SWAC,10.0,,,48.0,,,True
401673399,2024,2,2024-09-07T16:00:00.000Z,3162,Alfred State,ECFC,2023,Anderson (IN),Heartland,13.0,,,0.0,,,True
401673400,2024,3,2024-09-14T23:00:00.000Z,3162,Alfred State,ECFC,184,University of Rochester (NY),Liberty League,0.0,,,28.0,,,True
401673401,2024,4,2024-09-21T16:00:00.000Z,3162,Alfred State,ECFC,109,MIT,NEWMAC,0.0,,,20.0,,,False
401673402,2024,5,2024-09-28T21:00:00.000Z,3162,Alfred State,ECFC,2085,Buffalo State,Liberty League,0.0,,,12.0,,,False
401673403,2024,6,2024-10-05T16:00:00.000Z,3162,Alfred State,ECFC,3111,Apprentice School,Independent DIII,21.0,,,7.0,,,True
401673404,2024,7,2024-10-12T16:00:00.000Z,3162,Alfred State,ECFC,40,Curry College,Commonwealth Coast,16.0,,,30.0,,,False
401673405,2024,8,2024-10-19T16:00:00.000Z,3162,Alfred State,ECFC,110438,Dean College,ECFC,58.0,,,0.0,,,True
401673406,2024,9,2024-10-26T16:00:00.000Z,3162,Alfred State,ECFC,15,Anna Maria College,ECFC,23.0,,,35.0,,,False
401673407,2024,10,2024-11-02T16:00:00.000Z,3162,Alfred State,ECFC,417,Gallaudet,ECFC,28.0,,,26.0,,,True
401734571,2024,13,2024-11-23T17:00:00.000Z,3162,Alfred State,ECFC,452,Endicott College,Commonwealth Coast,0.0,,,44.0,,,False
401674746,2024,2,2024-09-06T23:00:00.000Z,365,Alfred University,Empire 8,174,Hobart College,Liberty League,7.0,,,10.0,,,False
401674747,2024,3,2024-09-14T17:00:00.000Z,365,Alfred University,Empire 8,246,Juniata College,Landmark Conference,64.0,,,28.0,,,True
401674748,2024,5,2024-09-28T17:00:00.000Z,365,Alfred University,Empire 8,2108,Catholic,Landmark Conference,45.0,,,15.0,,,True
401674749,2024,6,2024-10-05T17:00:00.000Z,365,Alfred University,Empire 8,125974,Hilbert College,Empire 8,47.0,,,0.0,,,True
401676921,2024,7,2024-10-12T16:00:00.000Z,365,Alfred University,Empire 8,3110,SUNY Morrisville,Empire 8,14.0,,,24.0,,,False
401674750,2024,8,2024-10-19T17:00:00.000Z,365,Alfred University,Empire 8,2782,Cortland,Empire 8,17.0,,,59.0,,,True
401674751,2024,9,2024-10-26T17:00:00.000Z,365,Alfred University,Empire 8,390,Utica,Empire 8,38.0,,,34.0,,,False
401674752,2024,10,2024-11-02T17:00:00.000Z,365,Alfred University,Empire 8,374,St John Fisher University,Empire 8,34.0,,,31.0,,,True
401674753,2024,11,2024-11-09T18:00:00.000Z,365,Alfred University,Empire 8,173,Hartwick,Empire 8,51.0,,,0.0,,,False
401674754,2024,12,2024-11-16T18:00:00.000Z,365,Alfred University,Empire 8,2781,Brockport,Empire 8,23.0,,,14.0,,,True
401676618,2024,2,2024-09-07T17:00:00.000Z,2018,Allegheny,Presidents',2062,Bethany (WV),Presidents',20.0,,,14.0,,,False
401676619,2024,3,2024-09-14T17:00:00.000Z,2018,Allegheny,Presidents',2614,Saint Vincent,Presidents',20.0,,,41.0,,,True
401676419,2024,4,2024-09-21T23:00:00.000Z,2018,Allegheny,Presidents',2849,Westminster (PA),Presidents',7.0,,,42.0,,,True
401676620,2024,5,2024-09-28T23:00:00.000Z,2018,Allegheny,Presidents',146,Grove City College,Presidents',7.0,,,58.0,,,False
401676621,2024,6,2024-10-05T17:00:00.000Z,2018,Allegheny,Presidents',2963,Case Western Reserve,Presidents',14.0,,,58.0,,,True
401676622,2024,7,2024-10-12T17:00:00.000Z,2018,Allegheny,Presidents',2644,Thiel,Presidents',7.0,,,21.0,,,False
401676623,2024,8,2024-10-19T23:00:00.000Z,2018,Allegheny,Presidents',2242,Geneva,Presidents',13.0,,,30.0,,,False
401676437,2024,9,2024-10-26T21:05:00.000Z,2018,Allegheny,Presidents',2845,Waynesburg,Presidents',41.0,,,44.0,,,True
401676624,2024,11,2024-11-09T17:00:00.000Z,2018,Allegheny,Presidents',2102,Carnegie Mellon,Presidents',10.0,,,63.0,,,False
401676625,2024,12,2024-11-16T18:00:00.000Z,2018,Allegheny,Presidents',2686,Washington & Jefferson,Presidents',0.0,,,45.0,,,True
401675570,2024,2,2024-09-07T18:00:00.000Z,2019,Allen,SIAC,2805,Clark Atlanta,SIAC,22.0,,,26.0,,,False
401675571,2024,3,2024-09-14T22:00:00.000Z,2019,Allen,SIAC,2940,Livingstone,CIAA,21.0,,,23.0,,,False
401675572,2024,4,2024-09-21T23:00:00.000Z,2019,Allen,SIAC,3179,Point University,,35.0,,,10.0,,,True
401675573,2024,5,2024-09-28T17:00:00.000Z,2019,Allen,SIAC,2396,Miles College,SIAC,13.0,,,33.0,,,True
401675564,2024,6,2024-10-05T22:00:00.000Z,2019,Allen,SIAC,2013,Albany State GA,SIAC,17.0,,,57.0,,,True
401675574,2024,7,2024-10-12T18:00:00.000Z,2019,Allen,SIAC,2232,Fort Valley State,SIAC,40.0,,,49.0,,,False
401675575,2024,8,2024-10-19T23:00:00.000Z,2019,Allen,SIAC,490,Benedict College,SIAC,27.0,,,34.0,,,True
401675576,2024,9,2024-10-26T17:00:00.000Z,2019,Allen,SIAC,2310,Kentucky State,SIAC,20.0,,,23.0,,,False
401675577,2024,10,2024-11-02T18:00:00.000Z,2019,Allen,SIAC,2119,Central State (OH),SIAC,41.0,,,3.0,,,True
401675578,2024,11,2024-11-09T19:00:00.000Z,2019,Allen,SIAC,2206,Edward Waters,SIAC,28.0,,,33.0,,,False
401674924,2024,2,2024-09-07T16:00:00.000Z,2800,Alma,Michigan,2723,Wisconsin-River Falls,Wisconsin,35.0,,,41.0,,,True
401674925,2024,3,2024-09-14T17:00:00.000Z,2800,Alma,Michigan,2171,Denison University,North Coast,38.0,,,30.0,,,False
401674574,2024,4,2024-09-21T17:00:00.000Z,2800,Alma,Michigan,128,Northern Michigan,GLIAC,44.0,,,27.0,,,False
401674926,2024,5,2024-09-28T18:00:00.000Z,2800,Alma,Michigan,2812,Hope College,Michigan,13.0,,,34.0,,,True
401676210,2024,6,2024-10-05T17:00:00.000Z,2800,Alma,Michigan,129738,Calvin University,Michigan,73.0,,,13.0,,,False
401674920,2024,8,2024-10-19T17:00:00.000Z,2800,Alma,Michigan,2790,Albion,Michigan,40.0,,,30.0,,,True
401674927,2024,9,2024-10-26T17:00:00.000Z,2800,Alma,Michigan,354,Olivet College,Michigan,67.0,,,14.0,,,True
401674928,2024,10,2024-11-02T17:00:00.000Z,2800,Alma,Michigan,2651,Trine University,Michigan,41.0,,,16.0,,,True
401674929,2024,11,2024-11-09T18:00:00.000Z,2800,Alma,Michigan,126,Kalamazoo,Michigan,51.0,,,13.0,,,False
401674916,2024,12,2024-11-16T18:00:00.000Z,2800,Alma,Michigan,2003,Adrian,Michigan,31.0,,,7.0,,,False
401676752,2024,2,2024-09-07T16:00:00.000Z,2022,American International,Northeast 10,2559,Shippensburg,Pennsylvania State Athletic,28.0,,,3.0,,,True
401689234,2024,3,2024-09-13T23:00:00.000Z,2022,American International,Northeast 10,2583,Southern Connecticut State,Northeast 10,21.0,,,35.0,,,False
401676736,2024,4,2024-09-21T16:00:00.000Z,2022,American International,Northeast 10,2830,St. Anselm,Northeast 10,20.0,,,37.0,,,True
401674551,2024,5,2024-09-28T16:00:00.000Z,2022,American International,Northeast 10,2222,Ferris State,GLIAC,7.0,,,84.0,,,True
401676725,2024,6,2024-10-05T17:00:00.000Z,2022,American International,Northeast 10,2441,New Haven,Northeast 10,0.0,,,56.0,,,False
401676717,2024,7,2024-10-12T16:00:00.000Z,2022,American International,Northeast 10,112334,Franklin Pierce,Northeast 10,14.0,,,41.0,,,True
401682323,2024,8,2024-10-19T17:00:00.000Z,2022,American International,Northeast 10,2060,Bentley,Northeast 10,14.0,,,27.0,,,False
401682324,2024,9,2024-10-26T17:00:00.000Z,2022,American International,Northeast 10,2487,Pace,Northeast 10,14.0,,,7.0,,,False
401676712,2024,10,2024-11-01T22:00:00.000Z,2022,American International,Northeast 10,2038,Assumption,Northeast 10,27.0,,,24.0,,,True
401676734,2024,11,2024-11-09T18:00:00.000Z,2022,American International,Northeast 10,126086,Post University,Northeast 10,28.0,,,27.0,,,False
401682325,2024,12,2024-11-16T17:00:00.000Z,2022,American International,Northeast 10,2583,Southern Connecticut State,Northeast 10,21.0,,,50.0,,,True
401676146,2024,3,2024-09-14T17:00:00.000Z,7,Amherst,NESCAC,121,Bates,NESCAC,19.0,,,7.0,,,True
401676156,2024,4,2024-09-21T17:00:00.000Z,7,Amherst,NESCAC,348,Hamilton,NESCAC,21.0,,,7.0,,,False
401676165,2024,5,2024-09-28T17:00:00.000Z,7,Amherst,NESCAC,112,Tufts,NESCAC,0.0,,,25.0,,,False
401677469,2024,6,2024-10-05T18:00:00.000Z,7,Amherst,NESCAC,2394,Middlebury,NESCAC,21.0,,,29.0,,,True
401677470,2024,7,2024-10-12T17:00:00.000Z,7,Amherst,NESCAC,340,Bowdoin,NESCAC,7.0,,,35.0,,,True
401677471,2024,8,2024-10-19T17:00:00.000Z,7,Amherst,NESCAC,33,Colby College,NESCAC,7.0,,,38.0,,,False
401676173,2024,9,2024-10-26T17:00:00.000Z,7,Amherst,NESCAC,336,Wesleyan University (CT),NESCAC,14.0,,,31.0,,,True
401677472,2024,10,2024-11-02T17:00:00.000Z,7,Amherst,NESCAC,2977,Trinity (CT),NESCAC,20.0,,,45.0,,,True
401676188,2024,11,2024-11-09T17:00:00.000Z,7,Amherst,NESCAC,2731,Williams,NESCAC,0.0,,,21.0,,,False
401673399,2024,2,2024-09-07T16:00:00.000Z,2023,Anderson (IN),Heartland,3162,Alfred State,ECFC,0.0,,,13.0,,,False
401676142,2024,3,2024-09-14T17:00:00.000Z,2023,Anderson (IN),Heartland,391,Oberlin,North Coast,20.0,,,6.0,,,False
401676208,2024,4,2024-09-21T17:30:00.000Z,2023,Anderson (IN),Heartland,129738,Calvin University,Michigan,12.0,,,66.0,,,True
401675902,2024,5,2024-09-28T17:00:00.000Z,2023,Anderson (IN),Heartland,67,Luther,American Rivers,6.0,,,9.0,,,False
401674766,2024,6,2024-10-05T17:30:00.000Z,2023,Anderson (IN),Heartland,2074,Bluffton,Heartland,9.0,,,37.0,,,False
401678696,2024,7,2024-10-12T17:30:00.000Z,2023,Anderson (IN),Heartland,2419,Mount St. Joseph,Heartland,0.0,,,49.0,,,True
401674786,2024,8,2024-10-19T17:30:00.000Z,2023,Anderson (IN),Heartland,2262,Hanover College,Heartland,0.0,,,35.0,,,True
401674780,2024,10,2024-11-02T17:30:00.000Z,2023,Anderson (IN),Heartland,2233,Franklin,Heartland,14.0,,,35.0,,,False
401674800,2024,11,2024-11-09T18:30:00.000Z,2023,Anderson (IN),Heartland,86,Rose-Hulman,Heartland,9.0,,,28.0,,,True
401674795,2024,12,2024-11-16T18:30:00.000Z,2023,Anderson (IN),Heartland,2362,Manchester,Heartland,31.0,,,17.0,,,True
401675771,2024,2,2024-09-07T04:00:00.000Z,129469,Anderson (Sc),South Atlantic,111610,Laurinburg,,51.0,,,14.0,,,True
401675772,2024,3,2024-09-14T22:00:00.000Z,129469,Anderson (Sc),South Atlantic,548,Lagrange College,USA South,44.0,,,14.0,,,True
401675773,2024,4,2024-09-21T17:00:00.000Z,129469,Anderson (Sc),South Atlantic,2336,Limestone,South Atlantic,5.0,,,52.0,,,True
401675756,2024,5,2024-09-28T18:00:00.000Z,129469,Anderson (Sc),South Atlantic,122666,Wilson,South Atlantic,13.0,,,27.0,,,False
401675765,2024,6,2024-10-06T18:00:00.000Z,129469,Anderson (Sc),South Atlantic,2107,Catawba,South Atlantic,41.0,,,44.0,,,True
401675774,2024,7,2024-10-12T18:00:00.000Z,129469,Anderson (Sc),South Atlantic,2842,UVA Wise,South Atlantic,20.0,,,13.0,,,False
401673387,2024,8,2024-10-19T17:00:00.000Z,129469,Anderson (Sc),South Atlantic,2213,Emory & Henry College,South Atlantic,3.0,,,34.0,,,True
401675775,2024,9,2024-10-26T17:00:00.000Z,129469,Anderson (Sc),South Atlantic,2839,Greeneville,South Atlantic,28.0,,,30.0,,,False
401673378,2024,10,2024-11-02T19:00:00.000Z,129469,Anderson (Sc),South Atlantic,2105,Carson-Newman College,South Atlantic,7.0,,,28.0,,,False
401675796,2024,11,2024-11-09T21:00:00.000Z,129469,Anderson (Sc),South Atlantic,2369,Mars Hill,South Atlantic,16.0,,,31.0,,,True
401675797,2024,12,2024-11-16T18:00:00.000Z,129469,Anderson (Sc),South Atlantic,2331,Lenoir-Rhyne,South Atlantic,24.0,,,27.0,,,False
401674159,2024,1,2024-08-30T00:00:00.000Z,2025,Angelo State,Lone Star,2231,Fort Hays State,Mid America,7.0,,,21.0,,,False
401674151,2024,2,2024-09-07T18:00:00.000Z,2025,Angelo State,Lone Star,2214,Emporia State University,Mid America,12.0,,,17.0,,,False
401675513,2024,3,2024-09-14T23:00:00.000Z,2025,Angelo State,Lone Star,2201,Eastern New Mexico,Lone Star,26.0,,,20.0,,,True
401675514,2024,4,2024-09-22T00:00:00.000Z,2025,Angelo State,Lone Star,2703,Western New Mexico,Lone Star,21.0,,,0.0,,,False
401675515,2024,6,2024-10-05T23:00:00.000Z,2025,Angelo State,Lone Star,110243,UT Permian Basin,Lone Star,36.0,,,7.0,,,False
401675516,2024,7,2024-10-12T23:00:00.000Z,2025,Angelo State,Lone Star,2658,Texas A&M-Kingsville,Lone Star,38.0,,,0.0,,,True
401675517,2024,8,2024-10-20T00:00:00.000Z,2025,Angelo State,Lone Star,2395,Midwestern State,Lone Star,44.0,,,7.0,,,False
401675518,2024,9,2024-10-26T23:00:00.000Z,2025,Angelo State,Lone Star,2834,Sul Ross State,Lone Star,57.0,,,10.0,,,True
401675519,2024,10,2024-11-02T23:00:00.000Z,2025,Angelo State,Lone Star,2120,Central Washington,Lone Star,17.0,,,16.0,,,True
401675520,2024,11,2024-11-09T21:05:00.000Z,2025,Angelo State,Lone Star,2848,Western Oregon,Lone Star,38.0,,,16.0,,,False
401675521,2024,12,2024-11-17T00:00:00.000Z,2025,Angelo State,Lone Star,2704,West Texas A&M,Lone Star,56.0,,,19.0,,,True
401734600,2024,13,2024-11-23T19:00:00.000Z,2025,Angelo State,Lone Star,132,Bemidji State,Northern Sun,14.0,,,24.0,,,True
401682350,2024,2,2024-09-06T23:00:00.000Z,15,Anna Maria College,ECFC,2909,Westfield State,MSCAC,41.0,,,13.0,,,False
401677453,2024,3,2024-09-14T16:00:00.000Z,15,Anna Maria College,ECFC,2557,Coast Guard,NEWMAC,45.0,,,52.0,,,True
401677454,2024,4,2024-09-21T17:00:00.000Z,15,Anna Maria College,ECFC,2951,SUNY Maritime,NEWMAC,27.0,,,32.0,,,False
401674714,2024,5,2024-09-28T17:30:00.000Z,15,Anna Maria College,ECFC,2280,Husson,Commonwealth Coast,47.0,,,29.0,,,True
401676764,2024,6,2024-10-05T23:00:00.000Z,15,Anna Maria College,ECFC,2702,Western New England,Commonwealth Coast,10.0,,,44.0,,,True
401677455,2024,8,2024-10-19T17:00:00.000Z,15,Anna Maria College,ECFC,417,Gallaudet,ECFC,34.0,,,39.0,,,False
401673406,2024,9,2024-10-26T16:00:00.000Z,15,Anna Maria College,ECFC,3162,Alfred State,ECFC,35.0,,,23.0,,,True
401677456,2024,10,2024-11-02T16:00:00.000Z,15,Anna Maria College,ECFC,110438,Dean College,ECFC,63.0,,,0.0,,,True
401634133,2024,1,2024-08-31T19:30:00.000Z,2026,App State,Sun Belt,2193,East Tennessee State,Southern,38.0,1578.0,1578.0,10.0,,,True
401635532,2024,2,2024-09-08T00:00:00.000Z,2026,App State,Sun Belt,228,Clemson,ACC,20.0,1578.0,1446.0,66.0,1625.0,1757.0,False
401643785,2024,3,2024-09-14T20:00:00.000Z,2026,App State,Sun Belt,151,East Carolina,American Athletic,21.0,1446.0,1447.0,19.0,1415.0,1414.0,False
401643790,2024,4,2024-09-19T23:30:00.000Z,2026,App State,Sun Belt,6,South Alabama,Sun Belt,14.0,1447.0,1366.0,48.0,1576.0,1657.0,True
401640992,2024,5,2024-09-28T19:30:00.000Z,2026,App State,Sun Belt,2335,Liberty,Conference USA,,1366.0,,,1589.0,,True
401643799,2024,6,2024-10-05T19:30:00.000Z,2026,App State,Sun Belt,276,Marshall,Sun Belt,37.0,1366.0,1334.0,52.0,1362.0,1394.0,False
401643806,2024,7,2024-10-12T23:30:00.000Z,2026,App State,Sun Belt,309,Louisiana,Sun Belt,24.0,1334.0,1330.0,34.0,1523.0,1527.0,False
401643816,2024,9,2024-10-26T17:00:00.000Z,2026,App State,Sun Belt,2247,Georgia State,Sun Belt,33.0,1330.0,1337.0,26.0,1291.0,1284.0,True
401643821,2024,10,2024-11-02T18:30:00.000Z,2026,App State,Sun Belt,295,Old Dominion,Sun Belt,28.0,1337.0,1359.0,20.0,1494.0,1472.0,True
401643825,2024,11,2024-11-08T01:00:00.000Z,2026,App State,Sun Belt,324,Coastal Carolina,Sun Belt,24.0,1359.0,1332.0,38.0,1376.0,1403.0,False
401643836,2024,13,2024-11-23T19:30:00.000Z,2026,App State,Sun Belt,256,James Madison,Sun Belt,34.0,1332.0,1405.0,20.0,1780.0,1707.0,True
401643844,2024,14,2024-11-30T23:00:00.000Z,2026,App State,Sun Belt,290,Georgia Southern,Sun Belt,20.0,1405.0,1393.0,29.0,1437.0,1449.0,False
401675996,2024,2,2024-09-07T17:00:00.000Z,3111,Apprentice School,Independent DIII,2896,Southern Virginia,USA South,44.0,,,9.0,,,True
401676446,2024,3,2024-09-14T18:00:00.000Z,3111,Apprentice School,Independent DIII,2688,Washington and Lee,Old Dominion,28.0,,,68.0,,,False
401673403,2024,6,2024-10-05T16:00:00.000Z,3111,Apprentice School,Independent DIII,3162,Alfred State,ECFC,7.0,,,21.0,,,False
401677401,2024,7,2024-10-12T17:00:00.000Z,3111,Apprentice School,Independent DIII,274,Maine Maritime,Independent DIII,72.0,,,26.0,,,True
401636608,2024,1,2024-09-01T02:30:00.000Z,12,Arizona,Big 12,167,New Mexico,Mountain West,61.0,1714.0,1720.0,39.0,1234.0,1228.0,True
401636614,2024,2,2024-09-08T02:00:00.000Z,12,Arizona,Big 12,2464,Northern Arizona,Big Sky,22.0,1739.0,1739.0,10.0,,,True
401636864,2024,3,2024-09-14T00:00:00.000Z,12,Arizona,Big 12,2306,Kansas State,Big 12,7.0,1720.0,1668.0,31.0,1790.0,1842.0,False
401636886,2024,5,2024-09-29T02:15:00.000Z,12,Arizona,Big 12,254,Utah,Big 12,23.0,1668.0,1694.0,10.0,1633.0,1607.0,False
401636887,2024,6,2024-10-06T03:00:00.000Z,12,Arizona,Big 12,2641,Texas Tech,Big 12,22.0,1694.0,1678.0,28.0,1628.0,1644.0,True
401636893,2024,7,2024-10-12T20:00:00.000Z,12,Arizona,Big 12,252,BYU,Big 12,19.0,1678.0,1616.0,41.0,1603.0,1665.0,False
401636897,2024,8,2024-10-19T20:00:00.000Z,12,Arizona,Big 12,38,Colorado,Big 12,7.0,1616.0,1526.0,34.0,1490.0,1580.0,True
401636905,2024,9,2024-10-26T23:00:00.000Z,12,Arizona,Big 12,277,West Virginia,Big 12,26.0,1526.0,1518.0,31.0,1541.0,1549.0,True
401636916,2024,10,2024-11-02T19:30:00.000Z,12,Arizona,Big 12,2116,UCF,Big 12,12.0,1518.0,1382.0,56.0,1489.0,1625.0,False
401636923,2024,12,2024-11-16T03:15:00.000Z,12,Arizona,Big 12,248,Houston,Big 12,27.0,1382.0,1440.0,3.0,1364.0,1306.0,True
401636935,2024,13,2024-11-23T20:00:00.000Z,12,Arizona,Big 12,2628,TCU,Big 12,28.0,1440.0,1404.0,49.0,1578.0,1614.0,False
401636940,2024,14,2024-11-30T20:30:00.000Z,12,Arizona,Big 12,9,Arizona State,Big 12,7.0,1404.0,1307.0,49.0,1615.0,1712.0,True
401636609,2024,1,2024-09-01T02:30:00.000Z,9,Arizona State,Big 12,2751,Wyoming,Mountain West,48.0,1355.0,1497.0,7.0,1496.0,1354.0,True
401677182,2024,1,2025-01-01T18:00:00.000Z,9,Arizona State,Big 12,251,Texas,SEC,31.0,1792.0,1801.0,39.0,2065.0,2056.0,True
401628343,2024,2,2024-09-08T02:30:00.000Z,9,Arizona State,Big 12,344,Mississippi State,SEC,30.0,1497.0,1504.0,23.0,1447.0,1440.0,True
401636867,2024,3,2024-09-12T23:30:00.000Z,9,Arizona State,Big 12,326,Texas State,Sun Belt,31.0,1504.0,1511.0,28.0,1545.0,1538.0,False
401636877,2024,4,2024-09-21T19:30:00.000Z,9,Arizona State,Big 12,2641,Texas Tech,Big 12,22.0,1511.0,1506.0,30.0,1623.0,1628.0,False
401636888,2024,6,2024-10-06T00:00:00.000Z,9,Arizona State,Big 12,2305,Kansas,Big 12,35.0,1506.0,1511.0,31.0,1575.0,1570.0,True
401636892,2024,7,2024-10-12T02:30:00.000Z,9,Arizona State,Big 12,254,Utah,Big 12,27.0,1511.0,1529.0,19.0,1607.0,1589.0,True
401636899,2024,8,2024-10-19T16:00:00.000Z,9,Arizona State,Big 12,2132,Cincinnati,Big 12,14.0,1529.0,1513.0,24.0,1538.0,1554.0,False
401636915,2024,10,2024-11-02T19:30:00.000Z,9,Arizona State,Big 12,197,Oklahoma State,Big 12,42.0,1513.0,1563.0,21.0,1477.0,1427.0,False
401636917,2024,11,2024-11-10T00:00:00.000Z,9,Arizona State,Big 12,2116,UCF,Big 12,35.0,1563.0,1568.0,31.0,1625.0,1620.0,True
401636927,2024,12,2024-11-17T00:00:00.000Z,9,Arizona State,Big 12,2306,Kansas State,Big 12,24.0,1568.0,1608.0,14.0,1771.0,1731.0,False
401636930,2024,13,2024-11-23T20:30:00.000Z,9,Arizona State,Big 12,252,BYU,Big 12,28.0,1608.0,1615.0,23.0,1667.0,1660.0,True
401636940,2024,14,2024-11-30T20:30:00.000Z,9,Arizona State,Big 12,12,Arizona,Big 12,49.0,1615.0,1712.0,7.0,1404.0,1307.0,False
401673465,2024,15,2024-12-07T17:00:00.000Z,9,Arizona State,Big 12,66,Iowa State,Big 12,45.0,1712.0,1792.0,19.0,1751.0,1671.0,True
401628320,2024,1,2024-08-29T23:30:00.000Z,8,Arkansas,SEC,2029,Arkansas-Pine Bluff,SWAC,70.0,1454.0,1454.0,0.0,,,True
401677092,2024,1,2024-12-28T00:00:00.000Z,8,Arkansas,SEC,2641,Texas Tech,Big 12,39.0,1571.0,1611.0,26.0,1647.0,1607.0,True
401628336,2024,2,2024-09-07T16:00:00.000Z,8,Arkansas,SEC,197,Oklahoma State,Big 12,31.0,1454.0,1446.0,39.0,1522.0,1530.0,False
401628351,2024,3,2024-09-14T20:15:00.000Z,8,Arkansas,SEC,5,UAB,American Athletic,37.0,1446.0,1451.0,27.0,1270.0,1265.0,True
401628363,2024,4,2024-09-21T19:30:00.000Z,8,Arkansas,SEC,2,Auburn,SEC,24.0,1451.0,1483.0,14.0,1569.0,1537.0,False
401628373,2024,5,2024-09-28T19:30:00.000Z,8,Arkansas,SEC,245,Texas A&M,SEC,17.0,1483.0,1485.0,21.0,1685.0,1683.0,False
401628379,2024,6,2024-10-05T23:30:00.000Z,8,Arkansas,SEC,2633,Tennessee,SEC,19.0,1485.0,1513.0,14.0,1975.0,1947.0,True
401628392,2024,8,2024-10-19T23:00:00.000Z,8,Arkansas,SEC,99,LSU,SEC,10.0,1513.0,1490.0,34.0,1875.0,1898.0,True
401628403,2024,9,2024-10-26T16:45:00.000Z,8,Arkansas,SEC,344,Mississippi State,SEC,58.0,1490.0,1573.0,25.0,1405.0,1322.0,False
401628406,2024,10,2024-11-02T16:00:00.000Z,8,Arkansas,SEC,145,Ole Miss,SEC,31.0,1573.0,1524.0,63.0,1911.0,1960.0,True
401628419,2024,12,2024-11-16T17:00:00.000Z,8,Arkansas,SEC,251,Texas,SEC,10.0,1524.0,1547.0,20.0,2094.0,2071.0,True
401628427,2024,13,2024-11-23T21:00:00.000Z,8,Arkansas,SEC,2348,Louisiana Tech,Conference USA,35.0,1547.0,1574.0,14.0,1321.0,1294.0,True
401628443,2024,14,2024-11-30T20:30:00.000Z,8,Arkansas,SEC,142,Missouri,SEC,21.0,1574.0,1571.0,28.0,1698.0,1701.0,False
401632064,2024,1,2024-08-31T23:00:00.000Z,2032,Arkansas State,Sun Belt,2110,Central Arkansas,UAC,34.0,1406.0,1406.0,31.0,,,True
401677089,2024,1,2024-12-27T02:00:00.000Z,2032,Arkansas State,Sun Belt,189,Bowling Green,Mid-American,38.0,1243.0,1267.0,31.0,1466.0,1442.0,False
401643779,2024,2,2024-09-07T23:00:00.000Z,2032,Arkansas State,Sun Belt,202,Tulsa,American Athletic,28.0,1406.0,1404.0,24.0,1248.0,1250.0,True
401628479,2024,3,2024-09-14T16:00:00.000Z,2032,Arkansas State,Sun Belt,130,Michigan,Big Ten,18.0,1404.0,1421.0,28.0,1928.0,1911.0,False
401636875,2024,4,2024-09-21T18:00:00.000Z,2032,Arkansas State,Sun Belt,66,Iowa State,Big 12,7.0,1421.0,1313.0,52.0,1610.0,1718.0,False
401643800,2024,6,2024-10-05T23:00:00.000Z,2032,Arkansas State,Sun Belt,6,South Alabama,Sun Belt,18.0,1313.0,1317.0,16.0,1588.0,1584.0,True
401643808,2024,7,2024-10-12T23:00:00.000Z,2032,Arkansas State,Sun Belt,326,Texas State,Sun Belt,9.0,1317.0,1262.0,41.0,1584.0,1639.0,False
401643814,2024,8,2024-10-19T23:00:00.000Z,2032,Arkansas State,Sun Belt,2572,Southern Miss,Sun Belt,44.0,1262.0,1283.0,28.0,1095.0,1074.0,False
401643818,2024,9,2024-10-26T23:00:00.000Z,2032,Arkansas State,Sun Belt,2653,Troy,Sun Belt,34.0,1283.0,1286.0,31.0,1432.0,1429.0,True
401643827,2024,11,2024-11-09T22:00:00.000Z,2032,Arkansas State,Sun Belt,309,Louisiana,Sun Belt,19.0,1286.0,1219.0,55.0,1554.0,1621.0,False
401643831,2024,12,2024-11-16T22:00:00.000Z,2032,Arkansas State,Sun Belt,2247,Georgia State,Sun Belt,27.0,1219.0,1235.0,20.0,1254.0,1238.0,False
401643839,2024,13,2024-11-23T20:00:00.000Z,2032,Arkansas State,Sun Belt,2433,UL Monroe,Sun Belt,28.0,1235.0,1241.0,21.0,1166.0,1160.0,True
401643847,2024,14,2024-11-30T20:00:00.000Z,2032,Arkansas State,Sun Belt,295,Old Dominion,Sun Belt,32.0,1241.0,1243.0,40.0,1473.0,1471.0,True
401674229,2024,2,2024-09-06T00:00:00.000Z,2033,Arkansas Tech,Great American,319,Oklahoma Baptist,Great American,44.0,,,41.0,,,True
401674230,2024,3,2024-09-14T23:00:00.000Z,2033,Arkansas Tech,Great American,200,Southern Nazarene,Great American,26.0,,,6.0,,,False
401674231,2024,4,2024-09-22T00:00:00.000Z,2033,Arkansas Tech,Great American,2271,Henderson State,Great American,12.0,,,27.0,,,False
401674232,2024,5,2024-09-28T23:00:00.000Z,2033,Arkansas Tech,Great American,2568,Southern Arkansas,Great American,7.0,,,38.0,,,True
401674233,2024,6,2024-10-05T20:00:00.000Z,2033,Arkansas Tech,Great American,2823,Northwestern Oklahoma State,Great American,44.0,,,21.0,,,False
401674234,2024,7,2024-10-12T21:00:00.000Z,2033,Arkansas Tech,Great American,2927,Southwestern Oklahoma State,Great American,29.0,,,19.0,,,True
401674235,2024,8,2024-10-19T21:00:00.000Z,2033,Arkansas Tech,Great American,2028,Arkansas-Monticello,Great American,13.0,,,24.0,,,False
401674396,2024,9,2024-10-26T19:00:00.000Z,2033,Arkansas Tech,Great American,2888,Ouachita Baptist,Great American,7.0,,,38.0,,,True
401674397,2024,10,2024-11-02T19:00:00.000Z,2033,Arkansas Tech,Great American,2191,East Central (OK),Great American,13.0,,,23.0,,,True
401674398,2024,11,2024-11-09T20:00:00.000Z,2033,Arkansas Tech,Great American,199,Southeastern Oklahoma State,Great American,6.0,,,0.0,,,False
401674399,2024,12,2024-11-16T20:00:00.000Z,2033,Arkansas Tech,Great American,2264,Harding University,Great American,27.0,,,57.0,,,False
401674400,2024,2,2024-09-05T23:00:00.000Z,2028,Arkansas-Monticello,Great American,2823,Northwestern Oklahoma State,Great American,34.0,,,7.0,,,True
401674401,2024,3,2024-09-14T23:00:00.000Z,2028,Arkansas-Monticello,Great American,2927,Southwestern Oklahoma State,Great American,39.0,,,28.0,,,False
401674402,2024,4,2024-09-19T23:00:00.000Z,2028,Arkansas-Monticello,Great American,2264,Harding University,Great American,3.0,,,63.0,,,True
401674403,2024,5,2024-09-28T23:00:00.000Z,2028,Arkansas-Monticello,Great American,2888,Ouachita Baptist,Great American,14.0,,,49.0,,,False
401674404,2024,6,2024-10-05T20:00:00.000Z,2028,Arkansas-Monticello,Great American,2191,East Central (OK),Great American,17.0,,,42.0,,,False
401674405,2024,7,2024-10-12T19:00:00.000Z,2028,Arkansas-Monticello,Great American,199,Southeastern Oklahoma State,Great American,0.0,,,27.0,,,True
401674235,2024,8,2024-10-19T21:00:00.000Z,2028,Arkansas-Monticello,Great American,2033,Arkansas Tech,Great American,24.0,,,13.0,,,True
401674406,2024,9,2024-10-26T18:00:00.000Z,2028,Arkansas-Monticello,Great American,2271,Henderson State,Great American,7.0,,,42.0,,,False
401674407,2024,10,2024-11-02T19:00:00.000Z,2028,Arkansas-Monticello,Great American,319,Oklahoma Baptist,Great American,24.0,,,20.0,,,True
401674408,2024,11,2024-11-09T20:00:00.000Z,2028,Arkansas-Monticello,Great American,200,Southern Nazarene,Great American,21.0,,,24.0,,,False
401674409,2024,12,2024-11-16T20:00:00.000Z,2028,Arkansas-Monticello,Great American,2568,Southern Arkansas,Great American,22.0,,,54.0,,,True
401628320,2024,1,2024-08-29T23:30:00.000Z,2029,Arkansas-Pine Bluff,SWAC,8,Arkansas,SEC,0.0,,,70.0,1454.0,1454.0,False
401636354,2024,2,2024-09-08T00:00:00.000Z,2029,Arkansas-Pine Bluff,SWAC,124386,Little Rock,,73.0,,,0.0,,,True
401636355,2024,3,2024-09-14T23:00:00.000Z,2029,Arkansas-Pine Bluff,SWAC,2634,Tennessee State,Big South-OVC,28.0,,,41.0,,,False
401632099,2024,4,2024-09-21T23:00:00.000Z,2029,Arkansas-Pine Bluff,SWAC,2110,Central Arkansas,UAC,17.0,,,56.0,,,True
401636356,2024,6,2024-10-05T19:00:00.000Z,2029,Arkansas-Pine Bluff,SWAC,2016,Alcorn State,SWAC,28.0,,,38.0,,,False
401636357,2024,7,2024-10-12T01:15:00.000Z,2029,Arkansas-Pine Bluff,SWAC,2504,Prairie View A&M,SWAC,21.0,,,17.0,,,True
401636358,2024,8,2024-10-19T19:00:00.000Z,2029,Arkansas-Pine Bluff,SWAC,2755,Grambling,SWAC,21.0,,,31.0,,,False
401636359,2024,9,2024-10-26T19:00:00.000Z,2029,Arkansas-Pine Bluff,SWAC,2400,Mississippi Valley State,SWAC,35.0,,,21.0,,,True
401636360,2024,10,2024-11-02T19:00:00.000Z,2029,Arkansas-Pine Bluff,SWAC,2296,Jackson State,SWAC,3.0,,,41.0,,,False
401634257,2024,11,2024-11-09T20:00:00.000Z,2029,Arkansas-Pine Bluff,SWAC,2010,Alabama A&M,SWAC,24.0,,,52.0,,,True
401636361,2024,12,2024-11-16T20:00:00.000Z,2029,Arkansas-Pine Bluff,SWAC,2582,Southern,SWAC,9.0,,,31.0,,,False
401636362,2024,13,2024-11-23T20:00:00.000Z,2029,Arkansas-Pine Bluff,SWAC,2640,Texas Southern,SWAC,23.0,,,31.0,,,True
401645319,2024,1,2024-08-30T22:00:00.000Z,349,Army,American Athletic,2329,Lehigh,Patriot,42.0,1425.0,1425.0,7.0,,,True
401677100,2024,1,2024-12-29T02:15:00.000Z,349,Army,American Athletic,2348,Louisiana Tech,Conference USA,27.0,1630.0,1661.0,6.0,1377.0,1346.0,True
401645323,2024,2,2024-09-07T16:00:00.000Z,349,Army,American Athletic,2226,Florida Atlantic,American Athletic,24.0,1425.0,1465.0,7.0,1413.0,1373.0,False
401645328,2024,4,2024-09-21T16:00:00.000Z,349,Army,American Athletic,242,Rice,American Athletic,37.0,1465.0,1499.0,14.0,1259.0,1225.0,True
401645331,2024,5,2024-09-26T23:30:00.000Z,349,Army,American Athletic,218,Temple,American Athletic,42.0,1499.0,1534.0,14.0,1141.0,1106.0,False
401645339,2024,6,2024-10-05T16:00:00.000Z,349,Army,American Athletic,202,Tulsa,American Athletic,49.0,1534.0,1606.0,7.0,1132.0,1060.0,False
401645342,2024,7,2024-10-12T16:00:00.000Z,349,Army,American Athletic,5,UAB,American Athletic,44.0,1606.0,1643.0,10.0,1128.0,1091.0,True
401645346,2024,8,2024-10-19T16:00:00.000Z,349,Army,American Athletic,151,East Carolina,American Athletic,45.0,1643.0,1649.0,28.0,1298.0,1292.0,True
401643746,2024,10,2024-11-02T16:00:00.000Z,349,Army,American Athletic,2005,Air Force,Mountain West,20.0,1649.0,1654.0,3.0,1292.0,1287.0,True
401629045,2024,11,2024-11-09T20:30:00.000Z,349,Army,American Athletic,249,North Texas,American Athletic,14.0,1654.0,1661.0,3.0,1462.0,1455.0,False
401640959,2024,13,2024-11-24T00:00:00.000Z,349,Army,American Athletic,87,Notre Dame,FBS Independents,14.0,1661.0,1611.0,49.0,2115.0,2165.0,False
401645378,2024,14,2024-11-30T17:00:00.000Z,349,Army,American Athletic,2636,UTSA,American Athletic,29.0,1611.0,1611.0,24.0,1479.0,1479.0,True
401673462,2024,15,2024-12-07T01:00:00.000Z,349,Army,American Athletic,2655,Tulane,American Athletic,35.0,1611.0,1686.0,14.0,1829.0,1754.0,True
401645383,2024,16,2024-12-14T20:00:00.000Z,349,Army,American Athletic,2426,Navy,American Athletic,13.0,1686.0,1630.0,31.0,1503.0,1559.0,True
401675417,2024,2,2024-09-05T23:00:00.000Z,308,Ashland,Great Midwest Athletic,2291,Indiana-Pennsylvania,Pennsylvania State Athletic,10.0,,,19.0,,,True
401674550,2024,3,2024-09-14T22:00:00.000Z,308,Ashland,Great Midwest Athletic,2222,Ferris State,GLIAC,3.0,,,43.0,,,False
401675418,2024,4,2024-09-21T17:00:00.000Z,308,Ashland,Great Midwest Athletic,2273,Hillsdale,Great Midwest Athletic,24.0,,,21.0,,,False
401675419,2024,5,2024-09-28T17:00:00.000Z,308,Ashland,Great Midwest Athletic,2838,Tiffin,Great Midwest Athletic,21.0,,,12.0,,,True
401675420,2024,6,2024-10-05T17:00:00.000Z,308,Ashland,Great Midwest Athletic,2477,Ohio Dominican,Great Midwest Athletic,26.0,,,6.0,,,True
401675421,2024,7,2024-10-12T16:00:00.000Z,308,Ashland,Great Midwest Athletic,2224,Findlay,Great Midwest Athletic,41.0,,,21.0,,,False
401675422,2024,8,2024-10-19T16:00:00.000Z,308,Ashland,Great Midwest Athletic,2646,Thomas More College,Great Midwest Athletic,28.0,,,3.0,,,False
401675423,2024,9,2024-10-26T17:00:00.000Z,308,Ashland,Great Midwest Athletic,2886,Northwood (MI),Great Midwest Athletic,9.0,,,7.0,,,True
401675424,2024,10,2024-11-02T17:00:00.000Z,308,Ashland,Great Midwest Athletic,437,Lake Erie,Great Midwest Athletic,41.0,,,14.0,,,False
401675425,2024,11,2024-11-09T17:00:00.000Z,308,Ashland,Great Midwest Athletic,2682,Walsh,Great Midwest Athletic,10.0,,,24.0,,,False
401675426,2024,12,2024-11-16T18:00:00.000Z,308,Ashland,Great Midwest Athletic,2316,Kentucky Wesleyan,Great Midwest Athletic,44.0,,,30.0,,,True
401734578,2024,13,2024-11-23T18:00:00.000Z,308,Ashland,Great Midwest Athletic,2128,University Of Charleston (WV),Mountain East,40.0,,,38.0,,,False
401734991,2024,14,2024-11-30T18:00:00.000Z,308,Ashland,Great Midwest Athletic,2858,PennWest California,Pennsylvania State Athletic,33.0,,,34.0,,,False
401676094,2024,2,2024-09-05T23:30:00.000Z,2038,Assumption,Northeast 10,2315,Kutztown University,Pennsylvania State Athletic,6.0,,,24.0,,,False
401676706,2024,3,2024-09-14T17:00:00.000Z,2038,Assumption,Northeast 10,112334,Franklin Pierce,Northeast 10,27.0,,,7.0,,,False
401676707,2024,5,2024-09-27T22:00:00.000Z,2038,Assumption,Northeast 10,126086,Post University,Northeast 10,35.0,,,7.0,,,True
401676708,2024,6,2024-10-05T18:00:00.000Z,2038,Assumption,Northeast 10,2583,Southern Connecticut State,Northeast 10,35.0,,,28.0,,,False
401676709,2024,7,2024-10-12T16:00:00.000Z,2038,Assumption,Northeast 10,2060,Bentley,Northeast 10,16.0,,,13.0,,,True
401676710,2024,8,2024-10-19T17:00:00.000Z,2038,Assumption,Northeast 10,2830,St. Anselm,Northeast 10,14.0,,,20.0,,,False
401676711,2024,9,2024-10-26T16:00:00.000Z,2038,Assumption,Northeast 10,2441,New Haven,Northeast 10,19.0,,,14.0,,,True
401676712,2024,10,2024-11-01T22:00:00.000Z,2038,Assumption,Northeast 10,2022,American International,Northeast 10,24.0,,,27.0,,,False
401676713,2024,11,2024-11-09T18:00:00.000Z,2038,Assumption,Northeast 10,2487,Pace,Northeast 10,14.0,,,7.0,,,False
401676714,2024,12,2024-11-16T17:00:00.000Z,2038,Assumption,Northeast 10,112334,Franklin Pierce,Northeast 10,19.0,,,21.0,,,True
401628321,2024,1,2024-08-31T23:30:00.000Z,2,Auburn,SEC,2010,Alabama A&M,SWAC,73.0,1556.0,1556.0,3.0,,,True
401628337,2024,2,2024-09-07T19:30:00.000Z,2,Auburn,SEC,25,California,ACC,14.0,1556.0,1537.0,21.0,1483.0,1502.0,True
401628352,2024,3,2024-09-14T23:30:00.000Z,2,Auburn,SEC,167,New Mexico,Mountain West,45.0,1537.0,1569.0,19.0,1228.0,1196.0,True
401628363,2024,4,2024-09-21T19:30:00.000Z,2,Auburn,SEC,8,Arkansas,SEC,14.0,1569.0,1537.0,24.0,1451.0,1483.0,True
401628375,2024,5,2024-09-28T19:30:00.000Z,2,Auburn,SEC,201,Oklahoma,SEC,21.0,1537.0,1547.0,27.0,1837.0,1827.0,True
401628381,2024,6,2024-10-05T19:30:00.000Z,2,Auburn,SEC,61,Georgia,SEC,13.0,1547.0,1550.0,31.0,2036.0,2033.0,False
401628395,2024,8,2024-10-19T16:00:00.000Z,2,Auburn,SEC,142,Missouri,SEC,17.0,1550.0,1552.0,21.0,1737.0,1735.0,False
401628401,2024,9,2024-10-26T23:45:00.000Z,2,Auburn,SEC,96,Kentucky,SEC,24.0,1552.0,1585.0,10.0,1559.0,1526.0,False
401628407,2024,10,2024-11-02T16:45:00.000Z,2,Auburn,SEC,238,Vanderbilt,SEC,7.0,1585.0,1550.0,17.0,1428.0,1463.0,True
401628426,2024,12,2024-11-16T17:45:00.000Z,2,Auburn,SEC,2433,UL Monroe,Sun Belt,48.0,1550.0,1604.0,14.0,1220.0,1166.0,True
401628428,2024,13,2024-11-24T00:30:00.000Z,2,Auburn,SEC,245,Texas A&M,SEC,43.0,1604.0,1607.0,41.0,1770.0,1767.0,True
401628437,2024,14,2024-11-30T20:30:00.000Z,2,Auburn,SEC,333,Alabama,SEC,14.0,1607.0,1611.0,28.0,2011.0,2007.0,False
401674940,2024,2,2024-09-07T01:00:00.000Z,124,Augsburg,Minnesota,628,Valley City State,,14.0,,,24.0,,,True
401674941,2024,4,2024-09-21T18:00:00.000Z,124,Augsburg,Minnesota,446,Martin Luther,Upper Midwest,34.0,,,7.0,,,False
401674942,2024,5,2024-09-28T18:00:00.000Z,124,Augsburg,Minnesota,2968,Gustavus Adolphus,Minnesota,0.0,,,28.0,,,True
401674943,2024,6,2024-10-05T18:00:00.000Z,124,Augsburg,Minnesota,2600,Saint John's (MN),Minnesota,20.0,,,45.0,,,False
401674944,2024,7,2024-10-12T17:00:00.000Z,124,Augsburg,Minnesota,162,Hamline University,Minnesota,37.0,,,27.0,,,True
401674945,2024,8,2024-10-19T18:00:00.000Z,124,Augsburg,Minnesota,2802,Bethel (MN),Minnesota,8.0,,,73.0,,,False
401674946,2024,9,2024-10-26T17:00:00.000Z,124,Augsburg,Minnesota,133,St. Olaf,Minnesota,35.0,,,34.0,,,True
401674947,2024,10,2024-11-02T18:00:00.000Z,124,Augsburg,Minnesota,2152,Concordia Moorhead,Minnesota,7.0,,,38.0,,,False
401674948,2024,11,2024-11-09T19:00:00.000Z,124,Augsburg,Minnesota,2359,Macalester,Minnesota,33.0,,,3.0,,,True
401734015,2024,12,2024-11-16T18:00:00.000Z,124,Augsburg,Minnesota,133,St. Olaf,Minnesota,26.0,,,41.0,,,False
401673946,2024,2,2024-09-07T23:00:00.000Z,2042,Augustana (IL),CCIW,2564,Simpson College (IA),American Rivers,30.0,,,13.0,,,True
401673947,2024,4,2024-09-21T23:00:00.000Z,2042,Augustana (IL),CCIW,396,Wheaton,CCIW,3.0,,,42.0,,,False
401673948,2024,5,2024-09-28T18:00:00.000Z,2042,Augustana (IL),CCIW,74,Millikin,CCIW,24.0,,,20.0,,,False
401673949,2024,6,2024-10-05T18:00:00.000Z,2042,Augustana (IL),CCIW,75,North Park,CCIW,27.0,,,30.0,,,True
401673950,2024,7,2024-10-12T18:00:00.000Z,2042,Augustana (IL),CCIW,72,Elmhurst,CCIW,35.0,,,21.0,,,True
401673951,2024,8,2024-10-19T18:00:00.000Z,2042,Augustana (IL),CCIW,32,Carroll University (WI),CCIW,20.0,,,30.0,,,False
401673952,2024,9,2024-10-26T18:00:00.000Z,2042,Augustana (IL),CCIW,3071,North Central College,CCIW,10.0,,,49.0,,,True
401673953,2024,10,2024-11-02T18:00:00.000Z,2042,Augustana (IL),CCIW,306,Illinois Wesleyan,CCIW,21.0,,,29.0,,,False
401673954,2024,11,2024-11-09T19:00:00.000Z,2042,Augustana (IL),CCIW,2106,Carthage,CCIW,31.0,,,21.0,,,True
401673955,2024,12,2024-11-16T18:00:00.000Z,2042,Augustana (IL),CCIW,143,Washington University (St. Louis),CCIW,24.0,,,45.0,,,False
401675823,2024,2,2024-09-05T23:00:00.000Z,2043,Augustana University (SD),Northern Sun,559,University of Mary,Northern Sun,35.0,,,13.0,,,False
401634214,2024,3,2024-09-14T23:00:00.000Z,2043,Augustana University (SD),Northern Sun,2571,South Dakota State,MVFC,3.0,,,24.0,,,False
401675817,2024,4,2024-09-21T18:00:00.000Z,2043,Augustana University (SD),Northern Sun,425,Northern State,Northern Sun,41.0,,,7.0,,,True
401674331,2024,5,2024-09-28T17:00:00.000Z,2043,Augustana University (SD),Northern Sun,2817,Minnesota State Moorhead,Northern Sun,41.0,,,43.0,,,False
401674322,2024,6,2024-10-05T18:00:00.000Z,2043,Augustana University (SD),Northern Sun,134,Minnesota Duluth,Northern Sun,28.0,,,24.0,,,True
401674227,2024,7,2024-10-12T18:00:00.000Z,2043,Augustana University (SD),Northern Sun,568,Minot State,Northern Sun,20.0,,,7.0,,,False
401675829,2024,8,2024-10-19T18:00:00.000Z,2043,Augustana University (SD),Northern Sun,2851,Winona State,Northern Sun,31.0,,,0.0,,,True
401675830,2024,9,2024-10-26T18:00:00.000Z,2043,Augustana University (SD),Northern Sun,2364,Minnesota State Mankato,Northern Sun,34.0,,,16.0,,,False
401675831,2024,10,2024-11-02T18:00:00.000Z,2043,Augustana University (SD),Northern Sun,3066,Concordia University St Paul,Northern Sun,28.0,,,7.0,,,True
401675832,2024,11,2024-11-09T19:00:00.000Z,2043,Augustana University (SD),Northern Sun,2894,Sioux Falls,Northern Sun,27.0,,,21.0,,,True
401674317,2024,12,2024-11-16T19:00:00.000Z,2043,Augustana University (SD),Northern Sun,132,Bemidji State,Northern Sun,10.0,,,17.0,,,False
401734598,2024,13,2024-11-23T18:00:00.000Z,2043,Augustana University (SD),Northern Sun,2364,Minnesota State Mankato,Northern Sun,19.0,,,20.0,,,True
401674601,2024,2,2024-09-06T23:00:00.000Z,2044,Aurora,NACC,49,Dubuque,American Rivers,33.0,,,21.0,,,False
401674736,2024,3,2024-09-14T23:00:00.000Z,2044,Aurora,NACC,3071,North Central College,CCIW,21.0,,,48.0,,,True
401675989,2024,4,2024-09-21T18:00:00.000Z,2044,Aurora,NACC,2832,St. Norbert,NACC,49.0,,,0.0,,,True
401675990,2024,5,2024-09-28T18:00:00.000Z,2044,Aurora,NACC,2151,Concordia University Chicago,NACC,72.0,,,6.0,,,True
401675991,2024,6,2024-10-05T18:00:00.000Z,2044,Aurora,NACC,2741,Wisconsin-Lutheran,NACC,45.0,,,14.0,,,False
401675992,2024,7,2024-10-12T18:00:00.000Z,2044,Aurora,NACC,409,Concordia-Wisconsin,NACC,42.0,,,14.0,,,False
401675031,2024,8,2024-10-19T18:00:00.000Z,2044,Aurora,NACC,2524,Rockford,NACC,69.0,,,0.0,,,True
401675993,2024,9,2024-10-26T18:00:00.000Z,2044,Aurora,NACC,6353,Lakeland,NACC,49.0,,,14.0,,,False
401675994,2024,10,2024-11-02T18:00:00.000Z,2044,Aurora,NACC,2283,Benedictine University,NACC,56.0,,,20.0,,,True
401675995,2024,11,2024-11-10T00:00:00.000Z,2044,Aurora,NACC,101,Eureka College,NACC,56.0,,,0.0,,,False
401734576,2024,14,2024-11-30T17:00:00.000Z,2044,Aurora,NACC,2812,Hope College,Michigan,21.0,,,49.0,,,False
401674626,2024,2,2024-09-07T16:00:00.000Z,2045,Austin,Southern Collegiate Athletic,126,Kalamazoo,Michigan,20.0,,,26.0,,,False
401674627,2024,3,2024-09-14T23:00:00.000Z,2045,Austin,Southern Collegiate Athletic,2519,Rhodes College,Southern Athletic,13.0,,,49.0,,,True
401674628,2024,4,2024-09-21T23:00:00.000Z,2045,Austin,Southern Collegiate Athletic,101442,CENTENARY,Southern Collegiate Athletic,17.0,,,36.0,,,True
401674629,2024,5,2024-09-28T18:00:00.000Z,2045,Austin,Southern Collegiate Athletic,241,McMurry,Southern Collegiate Athletic,9.0,,,34.0,,,True
401674630,2024,6,2024-10-05T18:00:00.000Z,2045,Austin,Southern Collegiate Athletic,2639,Texas Lutheran,Southern Collegiate Athletic,34.0,,,43.0,,,False
401674631,2024,7,2024-10-12T19:00:00.000Z,2045,Austin,Southern Collegiate Athletic,101161,LYONCOLL,Southern Collegiate Athletic,35.0,,,17.0,,,False
401674632,2024,8,2024-10-19T18:00:00.000Z,2045,Austin,Southern Collegiate Athletic,2639,Texas Lutheran,Southern Collegiate Athletic,17.0,,,55.0,,,True
401674633,2024,9,2024-10-26T23:00:00.000Z,2045,Austin,Southern Collegiate Athletic,101442,CENTENARY,Southern Collegiate Athletic,21.0,,,41.0,,,False
401674634,2024,10,2024-11-02T18:00:00.000Z,2045,Austin,Southern Collegiate Athletic,241,McMurry,Southern Collegiate Athletic,3.0,,,31.0,,,False
401674635,2024,12,2024-11-16T19:00:00.000Z,2045,Austin,Southern Collegiate Athletic,101161,LYONCOLL,Southern Collegiate Athletic,31.0,,,21.0,,,True
401632062,2024,1,2024-08-31T16:00:00.000Z,2046,Austin Peay,UAC,97,Louisville,ACC,0.0,,,62.0,1625.0,1625.0,False
401632070,2024,2,2024-09-07T23:00:00.000Z,2046,Austin Peay,UAC,79,Southern Illinois,MVFC,17.0,,,31.0,,,True
401632073,2024,3,2024-09-14T23:00:00.000Z,2046,Austin Peay,UAC,2110,Central Arkansas,UAC,17.0,,,45.0,,,False
401632100,2024,4,2024-09-21T23:00:00.000Z,2046,Austin Peay,UAC,2010,Alabama A&M,SWAC,59.0,,,16.0,,,True
401632106,2024,5,2024-09-28T18:00:00.000Z,2046,Austin Peay,UAC,253,Southern Utah,UAC,17.0,,,28.0,,,True
401632109,2024,6,2024-10-05T18:00:00.000Z,2046,Austin Peay,UAC,2698,West Georgia,UAC,20.0,,,16.0,,,False
401632134,2024,8,2024-10-19T20:00:00.000Z,2046,Austin Peay,UAC,3101,Utah Tech,UAC,13.0,,,7.0,,,False
401632122,2024,9,2024-10-26T20:00:00.000Z,2046,Austin Peay,UAC,2627,Tarleton State,UAC,17.0,,,27.0,,,True
401632126,2024,10,2024-11-02T21:00:00.000Z,2046,Austin Peay,UAC,2453,North Alabama,UAC,31.0,,,17.0,,,False
401632130,2024,11,2024-11-09T21:00:00.000Z,2046,Austin Peay,UAC,2000,Abilene Christian,UAC,34.0,,,35.0,,,True
401632119,2024,12,2024-11-16T19:00:00.000Z,2046,Austin Peay,UAC,2198,Eastern Kentucky,UAC,27.0,,,30.0,,,True
401632142,2024,13,2024-11-23T19:00:00.000Z,2046,Austin Peay,UAC,236,Chattanooga,Southern,17.0,,,24.0,,,True
401673044,2024,1,2024-08-31T22:00:00.000Z,3178,Ave Maria University,,56,Stetson,Pioneer,3.0,,,41.0,,,False
401655663,2024,4,2024-09-21T16:00:00.000Z,3178,Ave Maria University,,2168,Dayton,Pioneer,7.0,,,49.0,,,False
401676006,2024,2,2024-09-07T22:00:00.000Z,2047,Averett,Old Dominion,286,North Carolina Wesleyan,USA South,41.0,,,29.0,,,True
401676054,2024,3,2024-09-14T16:00:00.000Z,2047,Averett,Old Dominion,2256,Greensboro College,USA South,27.0,,,20.0,,,False
401676375,2024,4,2024-09-21T22:00:00.000Z,2047,Averett,Old Dominion,366,Ferrum,Old Dominion,10.0,,,36.0,,,True
401676396,2024,6,2024-10-05T21:00:00.000Z,2047,Averett,Old Dominion,2688,Washington and Lee,Old Dominion,0.0,,,35.0,,,False
401676397,2024,7,2024-10-12T18:00:00.000Z,2047,Averett,Old Dominion,2079,Bridgewater (VA),Old Dominion,7.0,,,63.0,,,False
401676398,2024,8,2024-10-19T20:00:00.000Z,2047,Averett,Old Dominion,2516,Randolph-Macon,Old Dominion,10.0,,,49.0,,,True
401676399,2024,9,2024-10-26T17:00:00.000Z,2047,Averett,Old Dominion,297,Hampden-Sydney,Old Dominion,21.0,,,42.0,,,False
401676400,2024,10,2024-11-02T17:00:00.000Z,2047,Averett,Old Dominion,2828,Shenandoah,Old Dominion,14.0,,,41.0,,,True
401676401,2024,11,2024-11-09T18:00:00.000Z,2047,Averett,Old Dominion,2258,Guilford College,Old Dominion,28.0,,,21.0,,,True
401676402,2024,12,2024-11-16T20:30:00.000Z,2047,Averett,Old Dominion,366,Ferrum,Old Dominion,6.0,,,35.0,,,False
401634240,2024,1,2024-09-01T00:00:00.000Z,252,BYU,Big 12,79,Southern Illinois,MVFC,41.0,1409.0,1409.0,13.0,,,True
401677099,2024,1,2024-12-29T00:30:00.000Z,252,BYU,Big 12,38,Colorado,Big 12,36.0,1656.0,1717.0,14.0,1762.0,1701.0,False
401634765,2024,2,2024-09-06T23:00:00.000Z,252,BYU,Big 12,2567,SMU,ACC,18.0,1409.0,1430.0,15.0,1669.0,1648.0,False
401636871,2024,3,2024-09-15T01:00:00.000Z,252,BYU,Big 12,2751,Wyoming,Mountain West,34.0,1430.0,1472.0,14.0,1354.0,1312.0,False
401636872,2024,4,2024-09-22T02:30:00.000Z,252,BYU,Big 12,2306,Kansas State,Big 12,38.0,1472.0,1600.0,9.0,1842.0,1714.0,True
401636880,2024,5,2024-09-28T16:00:00.000Z,252,BYU,Big 12,239,Baylor,Big 12,34.0,1600.0,1603.0,28.0,1488.0,1485.0,False
401636893,2024,7,2024-10-12T20:00:00.000Z,252,BYU,Big 12,12,Arizona,Big 12,41.0,1603.0,1665.0,19.0,1678.0,1616.0,True
401636898,2024,8,2024-10-19T02:15:00.000Z,252,BYU,Big 12,197,Oklahoma State,Big 12,38.0,1665.0,1664.0,35.0,1489.0,1490.0,True
401636911,2024,9,2024-10-26T19:30:00.000Z,252,BYU,Big 12,2116,UCF,Big 12,37.0,1664.0,1678.0,24.0,1503.0,1489.0,False
401636922,2024,11,2024-11-10T03:15:00.000Z,252,BYU,Big 12,254,Utah,Big 12,22.0,1678.0,1674.0,21.0,1568.0,1572.0,False
401636924,2024,12,2024-11-17T03:15:00.000Z,252,BYU,Big 12,2305,Kansas,Big 12,13.0,1674.0,1667.0,17.0,1664.0,1671.0,True
401636930,2024,13,2024-11-23T20:30:00.000Z,252,BYU,Big 12,9,Arizona State,Big 12,23.0,1667.0,1660.0,28.0,1608.0,1615.0,False
401636942,2024,14,2024-12-01T03:15:00.000Z,252,BYU,Big 12,248,Houston,Big 12,30.0,1660.0,1656.0,18.0,1309.0,1313.0,True
401675285,2024,2,2024-09-07T16:00:00.000Z,188,Baldwin Wallace,Ohio,2746,Wittenberg,North Coast,24.0,,,14.0,,,True
401676271,2024,3,2024-09-14T17:30:00.000Z,188,Baldwin Wallace,Ohio,2733,Wilmington (OH),Ohio,42.0,,,7.0,,,False
401676272,2024,4,2024-09-21T17:30:00.000Z,188,Baldwin Wallace,Ohio,424,Capital,Ohio,55.0,,,21.0,,,False
401676273,2024,5,2024-09-28T18:00:00.000Z,188,Baldwin Wallace,Ohio,426,University of Mount Union,Ohio,14.0,,,52.0,,,True
401676274,2024,7,2024-10-12T17:30:00.000Z,188,Baldwin Wallace,Ohio,359,Otterbein,Ohio,36.0,,,7.0,,,True
401676275,2024,8,2024-10-19T18:00:00.000Z,188,Baldwin Wallace,Ohio,2302,John Carroll University,Ohio,16.0,,,20.0,,,False
401676296,2024,9,2024-10-26T18:00:00.000Z,188,Baldwin Wallace,Ohio,317,Marietta,Ohio,7.0,,,47.0,,,False
401676297,2024,10,2024-11-02T17:00:00.000Z,188,Baldwin Wallace,Ohio,332,Muskingum University,Ohio,54.0,,,17.0,,,True
401676298,2024,11,2024-11-09T18:30:00.000Z,188,Baldwin Wallace,Ohio,427,Ohio Northern,Ohio,27.0,,,26.0,,,True
401676299,2024,12,2024-11-16T18:30:00.000Z,188,Baldwin Wallace,Ohio,191,Heidelberg,Ohio,14.0,,,10.0,,,False
401634181,2024,2,2024-09-07T18:00:00.000Z,2050,Ball State,Mid-American,2623,Missouri State,MVFC,42.0,1341.0,1341.0,34.0,,,True
401635544,2024,3,2024-09-14T19:30:00.000Z,2050,Ball State,Mid-American,2390,Miami,ACC,0.0,1341.0,1185.0,62.0,1618.0,1774.0,False
401644735,2024,4,2024-09-21T17:00:00.000Z,2050,Ball State,Mid-American,2117,Central Michigan,Mid-American,34.0,1185.0,1184.0,37.0,1173.0,1174.0,False
401643793,2024,5,2024-09-28T17:30:00.000Z,2050,Ball State,Mid-American,256,James Madison,Sun Belt,7.0,1184.0,1088.0,63.0,1734.0,1830.0,False
401644741,2024,6,2024-10-05T18:00:00.000Z,2050,Ball State,Mid-American,2711,Western Michigan,Mid-American,42.0,1088.0,1091.0,45.0,1220.0,1217.0,True
401644743,2024,7,2024-10-12T16:00:00.000Z,2050,Ball State,Mid-American,2309,Kent State,Mid-American,37.0,1091.0,1085.0,35.0,922.0,928.0,False
401628399,2024,8,2024-10-19T23:00:00.000Z,2050,Ball State,Mid-American,238,Vanderbilt,SEC,14.0,1085.0,1089.0,24.0,1400.0,1396.0,False
401644753,2024,9,2024-10-26T19:30:00.000Z,2050,Ball State,Mid-American,2459,Northern Illinois,Mid-American,25.0,1089.0,1094.0,23.0,1460.0,1455.0,True
401644688,2024,11,2024-11-06T01:00:00.000Z,2050,Ball State,Mid-American,193,Miami (OH),Mid-American,21.0,1094.0,1115.0,27.0,1569.0,1548.0,True
401644763,2024,12,2024-11-13T00:00:00.000Z,2050,Ball State,Mid-American,2084,Buffalo,Mid-American,48.0,1115.0,1115.0,51.0,1217.0,1217.0,False
401644774,2024,13,2024-11-23T19:00:00.000Z,2050,Ball State,Mid-American,189,Bowling Green,Mid-American,13.0,1115.0,1089.0,38.0,1472.0,1498.0,True
401644777,2024,14,2024-11-29T17:00:00.000Z,2050,Ball State,Mid-American,195,Ohio,Mid-American,21.0,1089.0,1086.0,42.0,1582.0,1585.0,False
401676146,2024,3,2024-09-14T17:00:00.000Z,121,Bates,NESCAC,7,Amherst,NESCAC,7.0,,,19.0,,,False
401676147,2024,4,2024-09-21T17:00:00.000Z,121,Bates,NESCAC,2977,Trinity (CT),NESCAC,7.0,,,28.0,,,True
401676148,2024,5,2024-09-28T17:00:00.000Z,121,Bates,NESCAC,336,Wesleyan University (CT),NESCAC,24.0,,,13.0,,,False
401676149,2024,6,2024-10-05T23:00:00.000Z,121,Bates,NESCAC,33,Colby College,NESCAC,26.0,,,28.0,,,False
401676150,2024,7,2024-10-12T22:00:00.000Z,121,Bates,NESCAC,112,Tufts,NESCAC,22.0,,,45.0,,,True
401676151,2024,8,2024-10-19T17:00:00.000Z,121,Bates,NESCAC,2731,Williams,NESCAC,21.0,,,24.0,,,False
401676152,2024,9,2024-10-26T17:00:00.000Z,121,Bates,NESCAC,2394,Middlebury,NESCAC,21.0,,,20.0,,,True
401676153,2024,10,2024-11-02T21:30:00.000Z,121,Bates,NESCAC,340,Bowdoin,NESCAC,24.0,,,35.0,,,True
401676154,2024,11,2024-11-09T17:00:00.000Z,121,Bates,NESCAC,348,Hamilton,NESCAC,21.0,,,24.0,,,False
401636610,2024,1,2024-08-31T23:00:00.000Z,239,Baylor,Big 12,2627,Tarleton State,UAC,45.0,1422.0,1422.0,3.0,,,True
401677104,2024,1,2024-12-31T20:30:00.000Z,239,Baylor,Big 12,99,LSU,SEC,31.0,1677.0,1656.0,44.0,1806.0,1827.0,False
401636618,2024,2,2024-09-07T19:30:00.000Z,239,Baylor,Big 12,254,Utah,Big 12,12.0,1422.0,1417.0,23.0,1622.0,1627.0,False
401636860,2024,3,2024-09-14T23:30:00.000Z,239,Baylor,Big 12,2005,Air Force,Mountain West,31.0,1417.0,1507.0,3.0,1549.0,1459.0,True
401636874,2024,4,2024-09-22T00:00:00.000Z,239,Baylor,Big 12,38,Colorado,Big 12,31.0,1507.0,1488.0,38.0,1349.0,1368.0,False
401636880,2024,5,2024-09-28T16:00:00.000Z,239,Baylor,Big 12,252,BYU,Big 12,28.0,1488.0,1485.0,34.0,1600.0,1603.0,True
401636889,2024,6,2024-10-05T23:30:00.000Z,239,Baylor,Big 12,66,Iowa State,Big 12,21.0,1485.0,1457.0,43.0,1732.0,1760.0,False
401636902,2024,8,2024-10-19T20:00:00.000Z,239,Baylor,Big 12,2641,Texas Tech,Big 12,59.0,1457.0,1545.0,35.0,1644.0,1556.0,False
401636906,2024,9,2024-10-26T19:30:00.000Z,239,Baylor,Big 12,197,Oklahoma State,Big 12,38.0,1545.0,1558.0,28.0,1490.0,1477.0,True
401636912,2024,10,2024-11-03T00:00:00.000Z,239,Baylor,Big 12,2628,TCU,Big 12,37.0,1558.0,1559.0,34.0,1527.0,1526.0,True
401636929,2024,12,2024-11-16T21:00:00.000Z,239,Baylor,Big 12,277,West Virginia,Big 12,49.0,1559.0,1591.0,35.0,1561.0,1529.0,False
401636931,2024,13,2024-11-24T00:00:00.000Z,239,Baylor,Big 12,248,Houston,Big 12,20.0,1591.0,1588.0,10.0,1306.0,1309.0,False
401636941,2024,14,2024-11-30T17:00:00.000Z,239,Baylor,Big 12,2305,Kansas,Big 12,45.0,1588.0,1677.0,17.0,1714.0,1625.0,True
401676065,2024,2,2024-09-06T00:00:00.000Z,2056,Belhaven,USA South,2398,Millsaps,Southern Athletic,21.0,,,23.0,,,False
401676066,2024,3,2024-09-14T23:00:00.000Z,2056,Belhaven,USA South,386,Trinity University TX,Southern Athletic,10.0,,,55.0,,,True
401676063,2024,4,2024-09-21T17:00:00.000Z,2056,Belhaven,USA South,2913,Brevard College,USA South,26.0,,,42.0,,,False
401676009,2024,5,2024-09-28T16:00:00.000Z,2056,Belhaven,USA South,286,North Carolina Wesleyan,USA South,30.0,,,12.0,,,True
401676050,2024,6,2024-10-05T18:00:00.000Z,2056,Belhaven,USA South,2938,Huntingdon College (AL),USA South,31.0,,,45.0,,,False
401676001,2024,7,2024-10-12T17:00:00.000Z,2056,Belhaven,USA South,2896,Southern Virginia,USA South,38.0,,,17.0,,,True
401676056,2024,8,2024-10-19T16:00:00.000Z,2056,Belhaven,USA South,2256,Greensboro College,USA South,30.0,,,20.0,,,False
401676028,2024,10,2024-11-02T18:00:00.000Z,2056,Belhaven,USA South,2373,Maryville College (TN),USA South,11.0,,,42.0,,,True
401676047,2024,11,2024-11-09T18:00:00.000Z,2056,Belhaven,USA South,548,Lagrange College,USA South,36.0,,,9.0,,,True
401676022,2024,12,2024-11-16T18:00:00.000Z,2056,Belhaven,USA South,291,Methodist,USA South,26.0,,,3.0,,,False
401674991,2024,2,2024-09-07T18:00:00.000Z,266,Beloit,Midwest,2524,Rockford,NACC,17.0,,,43.0,,,True
401674992,2024,3,2024-09-14T23:00:00.000Z,266,Beloit,Midwest,255,Knox College,Midwest,13.0,,,17.0,,,True
401674993,2024,4,2024-09-21T18:00:00.000Z,266,Beloit,Midwest,65,Grinnell,Midwest,16.0,,,7.0,,,False
401674994,2024,6,2024-10-05T18:00:00.000Z,266,Beloit,Midwest,80,Chicago,Midwest,3.0,,,23.0,,,False
401675037,2024,7,2024-10-12T18:00:00.000Z,266,Beloit,Midwest,2155,Cornell College (IA),Midwest,0.0,,,28.0,,,True
401674995,2024,8,2024-10-19T18:00:00.000Z,266,Beloit,Midwest,268,Lawrence University,Midwest,10.0,,,24.0,,,True
401689232,2024,9,2024-10-26T18:00:00.000Z,266,Beloit,Midwest,2919,Monmouth (IL),Midwest,3.0,,,55.0,,,False
401674996,2024,10,2024-11-02T18:00:00.000Z,266,Beloit,Midwest,262,Lake Forest College,Midwest,17.0,,,62.0,,,True
401674997,2024,11,2024-11-09T19:00:00.000Z,266,Beloit,Midwest,2891,Ripon,Midwest,7.0,,,16.0,,,False
401673454,2024,12,2024-11-16T18:00:00.000Z,266,Beloit,Midwest,2286,Illinois College,Midwest,14.0,,,96.0,,,False
401674307,2024,1,2024-08-29T23:00:00.000Z,132,Bemidji State,Northern Sun,2392,Michigan Tech,GLIAC,19.0,,,13.0,,,True
401674308,2024,2,2024-09-07T23:00:00.000Z,132,Bemidji State,Northern Sun,2364,Minnesota State Mankato,Northern Sun,29.0,,,31.0,,,False
401674309,2024,3,2024-09-14T19:00:00.000Z,132,Bemidji State,Northern Sun,2587,Southwest Minnesota State,Northern Sun,33.0,,,0.0,,,True
401674310,2024,4,2024-09-21T18:00:00.000Z,132,Bemidji State,Northern Sun,2894,Sioux Falls,Northern Sun,28.0,,,24.0,,,False
401674311,2024,5,2024-09-28T19:00:00.000Z,132,Bemidji State,Northern Sun,559,University of Mary,Northern Sun,41.0,,,7.0,,,True
401674312,2024,6,2024-10-05T19:30:00.000Z,132,Bemidji State,Northern Sun,425,Northern State,Northern Sun,13.0,,,14.0,,,False
401674313,2024,8,2024-10-19T18:00:00.000Z,132,Bemidji State,Northern Sun,568,Minot State,Northern Sun,21.0,,,9.0,,,True
401674314,2024,9,2024-10-26T18:00:00.000Z,132,Bemidji State,Northern Sun,2851,Winona State,Northern Sun,28.0,,,31.0,,,False
401674315,2024,10,2024-11-02T18:00:00.000Z,132,Bemidji State,Northern Sun,2844,Wayne State (NE),Northern Sun,37.0,,,20.0,,,True
401674316,2024,11,2024-11-09T18:00:00.000Z,132,Bemidji State,Northern Sun,2817,Minnesota State Moorhead,Northern Sun,25.0,,,14.0,,,False
401674317,2024,12,2024-11-16T19:00:00.000Z,132,Bemidji State,Northern Sun,2043,Augustana University (SD),Northern Sun,17.0,,,10.0,,,True
401734600,2024,13,2024-11-23T19:00:00.000Z,132,Bemidji State,Northern Sun,2025,Angelo State,Lone Star,24.0,,,14.0,,,False
401734995,2024,14,2024-11-30T20:00:00.000Z,132,Bemidji State,Northern Sun,2714,Western Colorado,Rocky Mountain,20.0,,,19.0,,,False
401735990,2024,15,2024-12-07T20:00:00.000Z,132,Bemidji State,Northern Sun,2364,Minnesota State Mankato,Northern Sun,23.0,,,27.0,,,False
401675386,2024,1,2024-09-01T20:00:00.000Z,490,Benedict College,SIAC,330,Virginia St,CIAA,7.0,,,23.0,,,False
401675579,2024,3,2024-09-14T22:00:00.000Z,490,Benedict College,SIAC,2323,Lane College,SIAC,27.0,,,32.0,,,True
401675112,2024,4,2024-09-20T00:00:00.000Z,490,Benedict College,SIAC,2206,Edward Waters,SIAC,31.0,,,28.0,,,True
401675581,2024,5,2024-09-28T17:00:00.000Z,490,Benedict College,SIAC,60,Morehouse College,SIAC,21.0,,,5.0,,,False
401675493,2024,6,2024-10-05T19:00:00.000Z,490,Benedict College,SIAC,2822,North Greenville,Gulf South,21.0,,,38.0,,,True
401675582,2024,7,2024-10-12T17:00:00.000Z,490,Benedict College,SIAC,2310,Kentucky State,SIAC,21.0,,,23.0,,,False
401675575,2024,8,2024-10-19T23:00:00.000Z,490,Benedict College,SIAC,2019,Allen,SIAC,34.0,,,27.0,,,False
401675583,2024,9,2024-10-26T18:00:00.000Z,490,Benedict College,SIAC,2396,Miles College,SIAC,14.0,,,26.0,,,True
401675584,2024,10,2024-11-02T17:00:00.000Z,490,Benedict College,SIAC,2232,Fort Valley State,SIAC,20.0,,,44.0,,,False
401675585,2024,11,2024-11-09T19:00:00.000Z,490,Benedict College,SIAC,2542,Savannah St,SIAC,35.0,,,27.0,,,True
401674582,2024,2,2024-09-07T18:00:00.000Z,2283,Benedictine University,NACC,63,Buena Vista,American Rivers,34.0,,,7.0,,,False
401674610,2024,3,2024-09-14T23:00:00.000Z,2283,Benedictine University,NACC,263,Loras College,American Rivers,27.0,,,22.0,,,False
401675028,2024,4,2024-09-21T18:00:00.000Z,2283,Benedictine University,NACC,2524,Rockford,NACC,34.0,,,7.0,,,True
401676031,2024,5,2024-09-28T18:00:00.000Z,2283,Benedictine University,NACC,409,Concordia-Wisconsin,NACC,18.0,,,23.0,,,True
401676032,2024,6,2024-10-05T18:00:00.000Z,2283,Benedictine University,NACC,6353,Lakeland,NACC,21.0,,,42.0,,,False
401676071,2024,7,2024-10-12T18:00:00.000Z,2283,Benedictine University,NACC,2832,St. Norbert,NACC,0.0,,,14.0,,,True
401676033,2024,8,2024-10-19T18:00:00.000Z,2283,Benedictine University,NACC,2741,Wisconsin-Lutheran,NACC,7.0,,,10.0,,,True
401676034,2024,9,2024-10-26T18:00:00.000Z,2283,Benedictine University,NACC,101,Eureka College,NACC,42.0,,,0.0,,,False
401675994,2024,10,2024-11-02T18:00:00.000Z,2283,Benedictine University,NACC,2044,Aurora,NACC,20.0,,,56.0,,,False
401676042,2024,12,2024-11-16T18:00:00.000Z,2283,Benedictine University,NACC,2151,Concordia University Chicago,NACC,49.0,,,14.0,,,False
401676776,2024,2,2024-09-07T16:00:00.000Z,2060,Bentley,Northeast 10,223,West Chester,Pennsylvania State Athletic,20.0,,,17.0,,,False
401676735,2024,3,2024-09-14T17:00:00.000Z,2060,Bentley,Northeast 10,2830,St. Anselm,Northeast 10,3.0,,,0.0,,,False
401682326,2024,4,2024-09-20T23:00:00.000Z,2060,Bentley,Northeast 10,2583,Southern Connecticut State,Northeast 10,34.0,,,24.0,,,True
401676724,2024,5,2024-09-28T18:00:00.000Z,2060,Bentley,Northeast 10,2441,New Haven,Northeast 10,35.0,,,45.0,,,True
401682327,2024,6,2024-10-05T16:00:00.000Z,2060,Bentley,Northeast 10,2487,Pace,Northeast 10,31.0,,,16.0,,,False
401676709,2024,7,2024-10-12T16:00:00.000Z,2060,Bentley,Northeast 10,2038,Assumption,Northeast 10,13.0,,,16.0,,,False
401682323,2024,8,2024-10-19T17:00:00.000Z,2060,Bentley,Northeast 10,2022,American International,Northeast 10,27.0,,,14.0,,,True
401676733,2024,9,2024-10-26T17:00:00.000Z,2060,Bentley,Northeast 10,126086,Post University,Northeast 10,61.0,,,28.0,,,False
401676721,2024,11,2024-11-09T18:00:00.000Z,2060,Bentley,Northeast 10,112334,Franklin Pierce,Northeast 10,34.0,,,26.0,,,False
401676739,2024,12,2024-11-16T17:00:00.000Z,2060,Bentley,Northeast 10,2830,St. Anselm,Northeast 10,41.0,,,14.0,,,True
401676048,2024,2,2024-09-07T23:00:00.000Z,2757,Berry College,Southern Athletic,2938,Huntingdon College (AL),USA South,43.0,,,7.0,,,False
401676100,2024,3,2024-09-14T17:00:00.000Z,2757,Berry College,Southern Athletic,83,Depauw,North Coast,0.0,,,33.0,,,True
401676415,2024,4,2024-09-21T16:30:00.000Z,2757,Berry College,Southern Athletic,2516,Randolph-Macon,Old Dominion,28.0,,,24.0,,,False
401676416,2024,6,2024-10-05T22:00:00.000Z,2757,Berry College,Southern Athletic,2588,Southwestern University,Southern Athletic,44.0,,,7.0,,,True
401676370,2024,7,2024-10-12T17:00:00.000Z,2757,Berry College,Southern Athletic,418,Hendrix College,Southern Athletic,42.0,,,13.0,,,False
401676266,2024,8,2024-10-19T18:00:00.000Z,2757,Berry College,Southern Athletic,2553,Sewanee,Southern Athletic,53.0,,,10.0,,,True
401676260,2024,9,2024-10-26T18:00:00.000Z,2757,Berry College,Southern Athletic,386,Trinity University TX,Southern Athletic,35.0,,,38.0,,,False
401676374,2024,10,2024-11-02T17:00:00.000Z,2757,Berry College,Southern Athletic,2121,Centre College Kentucky,Southern Athletic,28.0,,,21.0,,,True
401676417,2024,11,2024-11-09T18:00:00.000Z,2757,Berry College,Southern Athletic,2398,Millsaps,Southern Athletic,45.0,,,7.0,,,True
401676305,2024,12,2024-11-16T19:00:00.000Z,2757,Berry College,Southern Athletic,2519,Rhodes College,Southern Athletic,48.0,,,14.0,,,False
401734588,2024,13,2024-11-23T17:00:00.000Z,2757,Berry College,Southern Athletic,2373,Maryville College (TN),USA South,16.0,,,20.0,,,True
401676618,2024,2,2024-09-07T17:00:00.000Z,2062,Bethany (WV),Presidents',2018,Allegheny,Presidents',14.0,,,20.0,,,True
401676626,2024,3,2024-09-14T23:00:00.000Z,2062,Bethany (WV),Presidents',2963,Case Western Reserve,Presidents',6.0,,,64.0,,,False
401676627,2024,4,2024-09-21T23:00:00.000Z,2062,Bethany (WV),Presidents',2102,Carnegie Mellon,Presidents',0.0,,,66.0,,,False
401676628,2024,6,2024-10-05T17:00:00.000Z,2062,Bethany (WV),Presidents',146,Grove City College,Presidents',22.0,,,62.0,,,True
401676422,2024,7,2024-10-12T20:30:00.000Z,2062,Bethany (WV),Presidents',2849,Westminster (PA),Presidents',7.0,,,49.0,,,True
401676436,2024,8,2024-10-19T17:00:00.000Z,2062,Bethany (WV),Presidents',2845,Waynesburg,Presidents',14.0,,,34.0,,,False
401676629,2024,9,2024-10-26T17:00:00.000Z,2062,Bethany (WV),Presidents',2686,Washington & Jefferson,Presidents',7.0,,,48.0,,,False
401676630,2024,10,2024-11-02T17:00:00.000Z,2062,Bethany (WV),Presidents',2242,Geneva,Presidents',27.0,,,34.0,,,True
401676631,2024,11,2024-11-09T18:00:00.000Z,2062,Bethany (WV),Presidents',2614,Saint Vincent,Presidents',21.0,,,13.0,,,False
401676632,2024,12,2024-11-16T18:00:00.000Z,2062,Bethany (WV),Presidents',2644,Thiel,Presidents',23.0,,,30.0,,,True
401674949,2024,3,2024-09-14T23:00:00.000Z,2802,Bethel (MN),Minnesota,583,Northwestern (MN),Upper Midwest,49.0,,,3.0,,,False
401674950,2024,4,2024-09-21T18:00:00.000Z,2802,Bethel (MN),Minnesota,2738,Wisconsin-Eau Claire,Wisconsin,51.0,,,30.0,,,True
401674951,2024,5,2024-09-28T18:00:00.000Z,2802,Bethel (MN),Minnesota,2600,Saint John's (MN),Minnesota,20.0,,,45.0,,,True
401674952,2024,6,2024-10-05T18:00:00.000Z,2802,Bethel (MN),Minnesota,2968,Gustavus Adolphus,Minnesota,43.0,,,0.0,,,False
401674953,2024,7,2024-10-12T18:00:00.000Z,2802,Bethel (MN),Minnesota,2359,Macalester,Minnesota,59.0,,,0.0,,,True
401674945,2024,8,2024-10-19T18:00:00.000Z,2802,Bethel (MN),Minnesota,124,Augsburg,Minnesota,73.0,,,8.0,,,True
401674954,2024,9,2024-10-26T18:00:00.000Z,2802,Bethel (MN),Minnesota,162,Hamline University,Minnesota,70.0,,,0.0,,,False
401674955,2024,10,2024-11-02T18:00:00.000Z,2802,Bethel (MN),Minnesota,2101,Carleton,Minnesota,56.0,,,7.0,,,True
401674970,2024,11,2024-11-09T19:00:00.000Z,2802,Bethel (MN),Minnesota,2152,Concordia Moorhead,Minnesota,49.0,,,16.0,,,False
401734012,2024,12,2024-11-16T18:00:00.000Z,2802,Bethel (MN),Minnesota,2600,Saint John's (MN),Minnesota,33.0,,,41.0,,,False
401734570,2024,13,2024-11-23T18:00:00.000Z,2802,Bethel (MN),Minnesota,2141,Coe College,American Rivers,31.0,,,26.0,,,False
401734926,2024,14,2024-11-30T18:00:00.000Z,2802,Bethel (MN),Minnesota,262,Lake Forest College,Midwest,48.0,,,21.0,,,False
401735988,2024,15,2024-12-07T18:00:00.000Z,2802,Bethel (MN),Minnesota,2685,Wartburg,American Rivers,24.0,,,14.0,,,False
401737149,2024,16,2024-12-14T17:00:00.000Z,2802,Bethel (MN),Minnesota,216,Susquehanna,Landmark Conference,21.0,,,24.0,,,False
401674652,2024,2,2024-09-07T18:00:00.000Z,2064,Bethel University Tennessee,,2371,Mary Hardin-Baylor,American Southwest,20.0,,,10.0,,,True
401636363,2024,1,2024-08-31T23:00:00.000Z,2065,Bethune-Cookman,SWAC,58,South Florida,American Athletic,3.0,,,48.0,1442.0,1442.0,False
401634144,2024,2,2024-09-07T19:00:00.000Z,2065,Bethune-Cookman,SWAC,2382,Mercer,Southern,2.0,,,31.0,,,True
401636364,2024,3,2024-09-14T22:30:00.000Z,2065,Bethune-Cookman,SWAC,2711,Western Michigan,Mid-American,31.0,,,59.0,1193.0,1193.0,False
401636365,2024,4,2024-09-21T19:00:00.000Z,2065,Bethune-Cookman,SWAC,2805,Clark Atlanta,SIAC,37.0,,,38.0,,,True
401636346,2024,5,2024-09-28T19:00:00.000Z,2065,Bethune-Cookman,SWAC,2011,Alabama State,SWAC,21.0,,,26.0,,,True
401634254,2024,7,2024-10-12T19:00:00.000Z,2065,Bethune-Cookman,SWAC,2010,Alabama A&M,SWAC,12.0,,,56.0,,,False
401636366,2024,8,2024-10-19T19:00:00.000Z,2065,Bethune-Cookman,SWAC,2400,Mississippi Valley State,SWAC,20.0,,,10.0,,,False
401636367,2024,9,2024-10-26T19:00:00.000Z,2065,Bethune-Cookman,SWAC,2296,Jackson State,SWAC,17.0,,,37.0,,,True
401636368,2024,10,2024-11-02T19:00:00.000Z,2065,Bethune-Cookman,SWAC,2755,Grambling,SWAC,24.0,,,21.0,,,True
401636369,2024,11,2024-11-09T20:00:00.000Z,2065,Bethune-Cookman,SWAC,2582,Southern,SWAC,23.0,,,25.0,,,False
401636370,2024,12,2024-11-16T20:00:00.000Z,2065,Bethune-Cookman,SWAC,2640,Texas Southern,SWAC,14.0,,,17.0,,,False
401636371,2024,13,2024-11-23T20:30:00.000Z,2065,Bethune-Cookman,SWAC,50,Florida A&M,SWAC,38.0,,,41.0,,,True
401676770,2024,2,2024-09-07T17:00:00.000Z,111675,Biddeford,Commonwealth Coast,2557,Coast Guard,NEWMAC,24.0,,,30.0,,,False
401676771,2024,3,2024-09-13T23:00:00.000Z,111675,Biddeford,Commonwealth Coast,2749,Worcester Polytechnic Institute,NEWMAC,13.0,,,31.0,,,False
401676772,2024,4,2024-09-21T16:00:00.000Z,111675,Biddeford,Commonwealth Coast,417,Gallaudet,ECFC,27.0,,,13.0,,,True
401676773,2024,5,2024-09-28T17:00:00.000Z,111675,Biddeford,Commonwealth Coast,184,University of Rochester (NY),Liberty League,21.0,,,42.0,,,False
401676774,2024,6,2024-10-05T17:00:00.000Z,111675,Biddeford,Commonwealth Coast,110438,Dean College,ECFC,68.0,,,0.0,,,True
401676775,2024,8,2024-10-19T17:00:00.000Z,111675,Biddeford,Commonwealth Coast,452,Endicott College,Commonwealth Coast,7.0,,,39.0,,,True
401674725,2024,9,2024-10-26T17:00:00.000Z,111675,Biddeford,Commonwealth Coast,2884,Nichols College,Commonwealth Coast,51.0,,,30.0,,,False
401674708,2024,10,2024-11-02T17:00:00.000Z,111675,Biddeford,Commonwealth Coast,40,Curry College,Commonwealth Coast,10.0,,,24.0,,,True
401676768,2024,11,2024-11-09T18:00:00.000Z,111675,Biddeford,Commonwealth Coast,2702,Western New England,Commonwealth Coast,6.0,,,24.0,,,False
401674719,2024,12,2024-11-16T18:00:00.000Z,111675,Biddeford,Commonwealth Coast,2280,Husson,Commonwealth Coast,25.0,,,14.0,,,False
401673151,2024,2,2024-09-07T19:00:00.000Z,2069,Black Hills State,Rocky Mountain,2586,Southwest Baptist,Great Lakes,24.0,,,14.0,,,True
401655861,2024,3,2024-09-14T18:00:00.000Z,2069,Black Hills State,Rocky Mountain,2900,St. Thomas (MN),Pioneer,14.0,,,24.0,,,False
401673152,2024,4,2024-09-21T20:00:00.000Z,2069,Black Hills State,Rocky Mountain,2237,Fort Lewis,Rocky Mountain,33.0,,,7.0,,,True
401673153,2024,5,2024-09-28T19:00:00.000Z,2069,Black Hills State,Rocky Mountain,2146,Colorado School Of Mines,Rocky Mountain,24.0,,,52.0,,,False
401673154,2024,6,2024-10-05T23:00:00.000Z,2069,Black Hills State,Rocky Mountain,613,South Dakota Mines,Rocky Mountain,22.0,,,20.0,,,False
401673155,2024,7,2024-10-12T19:00:00.000Z,2069,Black Hills State,Rocky Mountain,2714,Western Colorado,Rocky Mountain,14.0,,,35.0,,,True
401673236,2024,8,2024-10-19T19:00:00.000Z,2069,Black Hills State,Rocky Mountain,2570,CSU Pueblo,Rocky Mountain,21.0,,,24.0,,,False
401673237,2024,9,2024-10-26T22:00:00.000Z,2069,Black Hills State,Rocky Mountain,2123,Chadron St,Rocky Mountain,21.0,,,16.0,,,True
401673238,2024,10,2024-11-02T19:00:00.000Z,2069,Black Hills State,Rocky Mountain,11,Colorado Mesa,Rocky Mountain,13.0,,,21.0,,,False
401673149,2024,11,2024-11-09T20:00:00.000Z,2069,Black Hills State,Rocky Mountain,2001,Adams State,Rocky Mountain,45.0,,,3.0,,,True
401673239,2024,12,2024-11-16T19:00:00.000Z,2069,Black Hills State,Rocky Mountain,2424,New Mexico Highlands,Rocky Mountain,48.0,,,31.0,,,False
401674338,2024,2,2024-09-05T22:00:00.000Z,2071,Bloomsburg,Pennsylvania State Athletic,2986,Fairmont State,Mountain East,35.0,,,7.0,,,True
401674339,2024,3,2024-09-14T18:00:00.000Z,2071,Bloomsburg,Pennsylvania State Athletic,611,Seton Hill,Pennsylvania State Athletic,14.0,,,15.0,,,True
401674340,2024,4,2024-09-21T16:00:00.000Z,2071,Bloomsburg,Pennsylvania State Athletic,2205,Edinboro University,Pennsylvania State Athletic,32.0,,,27.0,,,False
401674341,2024,5,2024-09-28T18:00:00.000Z,2071,Bloomsburg,Pennsylvania State Athletic,223,West Chester,Pennsylvania State Athletic,23.0,,,21.0,,,True
401674342,2024,6,2024-10-05T16:00:00.000Z,2071,Bloomsburg,Pennsylvania State Athletic,2315,Kutztown University,Pennsylvania State Athletic,10.0,,,42.0,,,False
401674343,2024,7,2024-10-12T18:00:00.000Z,2071,Bloomsburg,Pennsylvania State Athletic,2188,East Stroudsburg University,Pennsylvania State Athletic,0.0,,,31.0,,,True
401674344,2024,8,2024-10-19T22:00:00.000Z,2071,Bloomsburg,Pennsylvania State Athletic,209,Lock Haven University,Pennsylvania State Athletic,32.0,,,35.0,,,False
401674345,2024,9,2024-10-26T18:00:00.000Z,2071,Bloomsburg,Pennsylvania State Athletic,2559,Shippensburg,Pennsylvania State Athletic,20.0,,,10.0,,,True
401674346,2024,10,2024-11-02T16:00:00.000Z,2071,Bloomsburg,Pennsylvania State Athletic,2974,Shepherd,Pennsylvania State Athletic,27.0,,,21.0,,,False
401674347,2024,11,2024-11-09T19:00:00.000Z,2071,Bloomsburg,Pennsylvania State Athletic,210,Millersville,Pennsylvania State Athletic,35.0,,,27.0,,,True
401674348,2024,12,2024-11-16T18:00:00.000Z,2071,Bloomsburg,Pennsylvania State Athletic,215,Slippery Rock,Pennsylvania State Athletic,7.0,,,27.0,,,False
401677383,2024,1,2024-08-31T17:00:00.000Z,124180,Bluefield State,CIAA,2736,Winston-Salem,CIAA,3.0,,,34.0,,,True
401674265,2024,2,2024-09-07T17:00:00.000Z,124180,Bluefield State,CIAA,2148,Concord University,Mountain East,22.0,,,13.0,,,False
401673382,2024,3,2024-09-14T17:00:00.000Z,124180,Bluefield State,CIAA,2213,Emory & Henry College,South Atlantic,13.0,,,40.0,,,False
401675800,2024,5,2024-09-28T22:00:00.000Z,124180,Bluefield State,CIAA,2304,Johnson C Smith,CIAA,3.0,,,42.0,,,True
401676693,2024,6,2024-10-05T17:00:00.000Z,124180,Bluefield State,CIAA,2551,Shaw,CIAA,17.0,,,35.0,,,False
401693676,2024,7,2024-10-12T17:00:00.000Z,124180,Bluefield State,CIAA,2339,Lincoln (PA),CIAA,13.0,,,37.0,,,False
401675382,2024,8,2024-10-19T17:00:00.000Z,124180,Bluefield State,CIAA,2075,Bowie State,CIAA,0.0,,,54.0,,,False
401675391,2024,9,2024-10-26T22:00:00.000Z,124180,Bluefield State,CIAA,330,Virginia St,CIAA,6.0,,,45.0,,,True
401675410,2024,10,2024-11-02T17:00:00.000Z,124180,Bluefield State,CIAA,2676,Virginia Union,CIAA,0.0,,,91.0,,,False
401677737,2024,11,2024-11-09T18:00:00.000Z,124180,Bluefield State,CIAA,2207,Elizabeth City State,CIAA,21.0,,,27.0,,,True
401674763,2024,2,2024-09-07T17:00:00.000Z,2074,Bluffton,Heartland,352,Kenyon,North Coast,6.0,,,13.0,,,False
401674764,2024,3,2024-09-14T17:00:00.000Z,2074,Bluffton,Heartland,2790,Albion,Michigan,21.0,,,56.0,,,False
401674765,2024,4,2024-09-21T23:00:00.000Z,2074,Bluffton,Heartland,2651,Trine University,Michigan,20.0,,,52.0,,,True
401674766,2024,6,2024-10-05T17:30:00.000Z,2074,Bluffton,Heartland,2023,Anderson (IN),Heartland,37.0,,,9.0,,,True
401674767,2024,7,2024-10-12T17:30:00.000Z,2074,Bluffton,Heartland,2362,Manchester,Heartland,42.0,,,10.0,,,False
401674768,2024,8,2024-10-19T17:30:00.000Z,2074,Bluffton,Heartland,2419,Mount St. Joseph,Heartland,27.0,,,63.0,,,False
401674769,2024,9,2024-10-26T16:00:00.000Z,2074,Bluffton,Heartland,86,Rose-Hulman,Heartland,10.0,,,52.0,,,True
401674770,2024,10,2024-11-02T17:30:00.000Z,2074,Bluffton,Heartland,2262,Hanover College,Heartland,13.0,,,49.0,,,False
401674771,2024,11,2024-11-09T18:30:00.000Z,2074,Bluffton,Heartland,2233,Franklin,Heartland,28.0,,,22.0,,,True
401674772,2024,12,2024-11-16T18:30:00.000Z,2074,Bluffton,Heartland,190,Defiance College,,21.0,,,23.0,,,True
401677181,2024,1,2025-01-01T00:30:00.000Z,68,Boise State,Mountain West,213,Penn State,Big Ten,14.0,1771.0,1764.0,31.0,2056.0,2063.0,True
401643700,2024,1,2024-08-31T20:00:00.000Z,68,Boise State,Mountain West,290,Georgia Southern,Sun Belt,56.0,1626.0,1629.0,45.0,1384.0,1381.0,False
401628469,2024,2,2024-09-08T02:00:00.000Z,68,Boise State,Mountain West,2483,Oregon,Big Ten,34.0,1629.0,1631.0,37.0,1904.0,1902.0,False
401637162,2024,4,2024-09-22T01:45:00.000Z,68,Boise State,Mountain West,2502,Portland State,Big Sky,56.0,1636.0,1636.0,14.0,,,True
401643719,2024,5,2024-09-29T02:00:00.000Z,68,Boise State,Mountain West,265,Washington State,Pac-12,45.0,1631.0,1677.0,24.0,1596.0,1550.0,True
401643723,2024,6,2024-10-05T23:00:00.000Z,68,Boise State,Mountain West,328,Utah State,Mountain West,62.0,1677.0,1708.0,30.0,1193.0,1162.0,True
401643728,2024,7,2024-10-13T03:00:00.000Z,68,Boise State,Mountain West,62,Hawai'i,Mountain West,28.0,1708.0,1711.0,7.0,1215.0,1212.0,False
401643740,2024,9,2024-10-26T02:30:00.000Z,68,Boise State,Mountain West,2439,UNLV,Mountain West,29.0,1711.0,1717.0,24.0,1674.0,1668.0,False
401643747,2024,10,2024-11-02T00:00:00.000Z,68,Boise State,Mountain West,21,San Diego State,Mountain West,56.0,1717.0,1761.0,24.0,1355.0,1311.0,True
401643752,2024,11,2024-11-10T01:00:00.000Z,68,Boise State,Mountain West,2440,Nevada,Mountain West,28.0,1761.0,1741.0,21.0,1176.0,1196.0,True
401643758,2024,12,2024-11-17T00:00:00.000Z,68,Boise State,Mountain West,23,San José State,Mountain West,42.0,1741.0,1770.0,21.0,1518.0,1489.0,False
401643764,2024,13,2024-11-24T00:00:00.000Z,68,Boise State,Mountain West,2751,Wyoming,Mountain West,17.0,1770.0,1747.0,13.0,1260.0,1283.0,False
401643769,2024,14,2024-11-29T17:00:00.000Z,68,Boise State,Mountain West,204,Oregon State,Pac-12,34.0,1747.0,1748.0,18.0,1360.0,1359.0,True
401673468,2024,15,2024-12-07T01:00:00.000Z,68,Boise State,Mountain West,2439,UNLV,Mountain West,21.0,1748.0,1771.0,7.0,1685.0,1662.0,True
401634306,2024,1,2024-09-02T23:30:00.000Z,103,Boston College,ACC,52,Florida State,ACC,28.0,1396.0,1462.0,13.0,1676.0,1610.0,False
401677095,2024,1,2024-12-28T17:00:00.000Z,103,Boston College,ACC,158,Nebraska,Big Ten,15.0,1524.0,1513.0,20.0,1526.0,1537.0,False
401635531,2024,2,2024-09-07T19:30:00.000Z,103,Boston College,ACC,2184,Duquesne,NEC,56.0,1450.0,1450.0,0.0,,,True
401628357,2024,3,2024-09-14T16:45:00.000Z,103,Boston College,ACC,142,Missouri,SEC,21.0,1462.0,1470.0,27.0,1803.0,1795.0,False
401628490,2024,4,2024-09-22T00:00:00.000Z,103,Boston College,ACC,127,Michigan State,Big Ten,23.0,1470.0,1472.0,19.0,1425.0,1423.0,True
401635560,2024,5,2024-09-28T16:00:00.000Z,103,Boston College,ACC,98,Western Kentucky,Conference USA,21.0,1472.0,1471.0,20.0,1409.0,1410.0,True
401635567,2024,6,2024-10-05T16:00:00.000Z,103,Boston College,ACC,258,Virginia,ACC,14.0,1471.0,1448.0,24.0,1389.0,1412.0,False
401634768,2024,8,2024-10-17T23:30:00.000Z,103,Boston College,ACC,259,Virginia Tech,ACC,21.0,1448.0,1418.0,42.0,1644.0,1674.0,False
401634771,2024,9,2024-10-25T23:30:00.000Z,103,Boston College,ACC,97,Louisville,ACC,27.0,1418.0,1428.0,31.0,1691.0,1681.0,True
401635606,2024,11,2024-11-09T17:00:00.000Z,103,Boston College,ACC,183,Syracuse,ACC,37.0,1428.0,1433.0,31.0,1391.0,1386.0,True
401635580,2024,12,2024-11-16T20:30:00.000Z,103,Boston College,ACC,2567,SMU,ACC,28.0,1433.0,1441.0,38.0,1814.0,1806.0,False
401635612,2024,13,2024-11-23T17:00:00.000Z,103,Boston College,ACC,153,North Carolina,ACC,41.0,1441.0,1506.0,21.0,1608.0,1543.0,True
401635620,2024,14,2024-11-30T20:00:00.000Z,103,Boston College,ACC,221,Pittsburgh,ACC,34.0,1506.0,1524.0,23.0,1479.0,1461.0,True
401676163,2024,3,2024-09-14T22:00:00.000Z,340,Bowdoin,NESCAC,112,Tufts,NESCAC,21.0,,,23.0,,,False
401679015,2024,4,2024-09-21T17:00:00.000Z,340,Bowdoin,NESCAC,2394,Middlebury,NESCAC,15.0,,,39.0,,,True
401676157,2024,5,2024-09-28T17:00:00.000Z,340,Bowdoin,NESCAC,348,Hamilton,NESCAC,28.0,,,21.0,,,True
401676186,2024,6,2024-10-05T17:00:00.000Z,340,Bowdoin,NESCAC,2731,Williams,NESCAC,14.0,,,34.0,,,False
401677470,2024,7,2024-10-12T17:00:00.000Z,340,Bowdoin,NESCAC,7,Amherst,NESCAC,35.0,,,7.0,,,False
401676172,2024,8,2024-10-19T17:00:00.000Z,340,Bowdoin,NESCAC,336,Wesleyan University (CT),NESCAC,14.0,,,17.0,,,True
401679016,2024,9,2024-10-26T17:30:00.000Z,340,Bowdoin,NESCAC,2977,Trinity (CT),NESCAC,14.0,,,34.0,,,False
401676153,2024,10,2024-11-02T21:30:00.000Z,340,Bowdoin,NESCAC,121,Bates,NESCAC,35.0,,,24.0,,,False
401679014,2024,11,2024-11-09T22:00:00.000Z,340,Bowdoin,NESCAC,33,Colby College,NESCAC,10.0,,,34.0,,,True
401675376,2024,2,2024-09-07T17:00:00.000Z,2075,Bowie State,CIAA,2331,Lenoir-Rhyne,South Atlantic,19.0,,,32.0,,,False
401675377,2024,3,2024-09-14T16:00:00.000Z,2075,Bowie State,CIAA,110254,Davenport,GLIAC,14.0,,,17.0,,,True
401675378,2024,4,2024-09-21T20:00:00.000Z,2075,Bowie State,CIAA,2940,Livingstone,CIAA,31.0,,,17.0,,,True
401675379,2024,5,2024-09-28T17:00:00.000Z,2075,Bowie State,CIAA,2736,Winston-Salem,CIAA,14.0,,,28.0,,,False
401675380,2024,6,2024-10-05T17:00:00.000Z,2075,Bowie State,CIAA,2220,Fayetteville State,CIAA,24.0,,,27.0,,,False
401675381,2024,7,2024-10-12T18:00:00.000Z,2075,Bowie State,CIAA,330,Virginia St,CIAA,17.0,,,38.0,,,False
401675382,2024,8,2024-10-19T17:00:00.000Z,2075,Bowie State,CIAA,124180,Bluefield State,CIAA,54.0,,,0.0,,,True
401675383,2024,9,2024-10-26T17:00:00.000Z,2075,Bowie State,CIAA,2676,Virginia Union,CIAA,28.0,,,56.0,,,True
401675384,2024,10,2024-11-02T17:00:00.000Z,2075,Bowie State,CIAA,2207,Elizabeth City State,CIAA,48.0,,,6.0,,,False
401675385,2024,11,2024-11-09T18:00:00.000Z,2075,Bowie State,CIAA,2339,Lincoln (PA),CIAA,45.0,,,7.0,,,True
401644729,2024,1,2024-08-29T23:00:00.000Z,189,Bowling Green,Mid-American,2230,Fordham,Patriot,41.0,1431.0,1431.0,17.0,,,True
401677089,2024,1,2024-12-27T02:00:00.000Z,189,Bowling Green,Mid-American,2032,Arkansas State,Sun Belt,31.0,1466.0,1442.0,38.0,1243.0,1267.0,True
401628470,2024,2,2024-09-07T16:00:00.000Z,189,Bowling Green,Mid-American,213,Penn State,Big Ten,27.0,1431.0,1444.0,34.0,1861.0,1848.0,False
401628372,2024,4,2024-09-21T23:30:00.000Z,189,Bowling Green,Mid-American,245,Texas A&M,SEC,20.0,1444.0,1448.0,26.0,1689.0,1685.0,False
401643795,2024,5,2024-09-28T21:00:00.000Z,189,Bowling Green,Mid-American,295,Old Dominion,Sun Belt,27.0,1448.0,1439.0,30.0,1368.0,1377.0,True
401644740,2024,6,2024-10-05T19:30:00.000Z,189,Bowling Green,Mid-American,2006,Akron,Mid-American,27.0,1439.0,1424.0,20.0,1040.0,1055.0,False
401644744,2024,7,2024-10-12T19:30:00.000Z,189,Bowling Green,Mid-American,2459,Northern Illinois,Mid-American,7.0,1424.0,1406.0,17.0,1452.0,1470.0,True
401644748,2024,8,2024-10-19T19:30:00.000Z,189,Bowling Green,Mid-American,2309,Kent State,Mid-American,27.0,1406.0,1410.0,6.0,928.0,924.0,True
401644754,2024,9,2024-10-26T19:30:00.000Z,189,Bowling Green,Mid-American,2649,Toledo,Mid-American,41.0,1410.0,1456.0,26.0,1518.0,1472.0,False
401644760,2024,11,2024-11-06T00:30:00.000Z,189,Bowling Green,Mid-American,2117,Central Michigan,Mid-American,23.0,1456.0,1449.0,13.0,1116.0,1123.0,False
401644764,2024,12,2024-11-13T00:00:00.000Z,189,Bowling Green,Mid-American,2711,Western Michigan,Mid-American,31.0,1449.0,1472.0,13.0,1272.0,1249.0,True
401644774,2024,13,2024-11-23T19:00:00.000Z,189,Bowling Green,Mid-American,2050,Ball State,Mid-American,38.0,1472.0,1498.0,13.0,1115.0,1089.0,False
401644691,2024,14,2024-11-29T17:00:00.000Z,189,Bowling Green,Mid-American,193,Miami (OH),Mid-American,12.0,1498.0,1466.0,28.0,1558.0,1590.0,True
401676062,2024,3,2024-09-14T17:00:00.000Z,2913,Brevard College,USA South,297,Hampden-Sydney,Old Dominion,30.0,,,51.0,,,True
401676063,2024,4,2024-09-21T17:00:00.000Z,2913,Brevard College,USA South,2056,Belhaven,USA South,42.0,,,26.0,,,True
401676025,2024,5,2024-09-28T17:00:00.000Z,2913,Brevard College,USA South,2373,Maryville College (TN),USA South,0.0,,,0.0,,,False
401676000,2024,6,2024-10-05T17:00:00.000Z,2913,Brevard College,USA South,2896,Southern Virginia,USA South,55.0,,,21.0,,,False
401676055,2024,7,2024-10-12T22:00:00.000Z,2913,Brevard College,USA South,2256,Greensboro College,USA South,42.0,,,9.0,,,True
401676044,2024,8,2024-10-19T19:30:00.000Z,2913,Brevard College,USA South,548,Lagrange College,USA South,21.0,,,26.0,,,True
401676051,2024,9,2024-10-26T18:00:00.000Z,2913,Brevard College,USA South,2938,Huntingdon College (AL),USA South,25.0,,,21.0,,,False
401676021,2024,10,2024-11-02T16:00:00.000Z,2913,Brevard College,USA South,291,Methodist,USA South,44.0,,,21.0,,,True
401676013,2024,11,2024-11-09T17:00:00.000Z,2913,Brevard College,USA South,286,North Carolina Wesleyan,USA South,24.0,,,30.0,,,False
401676064,2024,12,2024-11-16T18:00:00.000Z,2913,Brevard College,USA South,3077,Kentucky Christian,,41.0,,,25.0,,,False
401674815,2024,2,2024-09-06T23:00:00.000Z,2079,Bridgewater (VA),Old Dominion,216,Susquehanna,Landmark Conference,7.0,,,41.0,,,False
401675997,2024,3,2024-09-14T18:00:00.000Z,2079,Bridgewater (VA),Old Dominion,2896,Southern Virginia,USA South,80.0,,,0.0,,,True
401677411,2024,4,2024-09-21T17:00:00.000Z,2079,Bridgewater (VA),Old Dominion,2398,Millsaps,Southern Athletic,28.0,,,14.0,,,False
401676404,2024,6,2024-10-05T18:00:00.000Z,2079,Bridgewater (VA),Old Dominion,366,Ferrum,Old Dominion,41.0,,,15.0,,,False
401676397,2024,7,2024-10-12T18:00:00.000Z,2079,Bridgewater (VA),Old Dominion,2047,Averett,Old Dominion,63.0,,,7.0,,,True
401676405,2024,8,2024-10-19T22:00:00.000Z,2079,Bridgewater (VA),Old Dominion,2828,Shenandoah,Old Dominion,22.0,,,21.0,,,True
401676406,2024,9,2024-10-26T17:00:00.000Z,2079,Bridgewater (VA),Old Dominion,2516,Randolph-Macon,Old Dominion,16.0,,,49.0,,,False
401676407,2024,10,2024-11-02T18:00:00.000Z,2079,Bridgewater (VA),Old Dominion,297,Hampden-Sydney,Old Dominion,21.0,,,28.0,,,True
401676408,2024,11,2024-11-09T19:00:00.000Z,2079,Bridgewater (VA),Old Dominion,2688,Washington and Lee,Old Dominion,7.0,,,23.0,,,True
401676409,2024,12,2024-11-16T18:00:00.000Z,2079,Bridgewater (VA),Old Dominion,2258,Guilford College,Old Dominion,58.0,,,0.0,,,False
401675970,2024,2,2024-09-07T21:00:00.000Z,18,Bridgewater State,MSCAC,109,MIT,NEWMAC,17.0,,,37.0,,,True
401675971,2024,3,2024-09-14T18:00:00.000Z,18,Bridgewater State,MSCAC,2909,Westfield State,MSCAC,17.0,,,24.0,,,False
401675972,2024,4,2024-09-21T16:00:00.000Z,18,Bridgewater State,MSCAC,2972,Plymouth State,MSCAC,14.0,,,17.0,,,False
401675973,2024,5,2024-09-28T16:00:00.000Z,18,Bridgewater State,MSCAC,2967,Framingham State,MSCAC,41.0,,,0.0,,,True
401674906,2024,6,2024-10-05T20:00:00.000Z,18,Bridgewater State,MSCAC,402,Worcester St,MSCAC,42.0,,,7.0,,,True
401675974,2024,8,2024-10-19T21:00:00.000Z,18,Bridgewater State,MSCAC,2843,Western Connecticut St,MSCAC,7.0,,,49.0,,,False
401675975,2024,9,2024-10-26T21:30:00.000Z,18,Bridgewater State,MSCAC,379,UMass Dartmouth,MSCAC,16.0,,,49.0,,,False
401674892,2024,10,2024-11-02T16:00:00.000Z,18,Bridgewater State,MSCAC,114,Fitchburg State,MSCAC,17.0,,,9.0,,,True
401674884,2024,11,2024-11-09T17:00:00.000Z,18,Bridgewater State,MSCAC,293,Castleton,MSCAC,31.0,,,20.0,,,False
401674902,2024,12,2024-11-16T17:00:00.000Z,18,Bridgewater State,MSCAC,110,Mass Maritime,MSCAC,20.0,,,0.0,,,True
401677373,2024,2,2024-09-05T23:00:00.000Z,2781,Brockport,Empire 8,2085,Buffalo State,Liberty League,27.0,,,0.0,,,True
401674816,2024,3,2024-09-14T17:00:00.000Z,2781,Brockport,Empire 8,216,Susquehanna,Landmark Conference,21.0,,,27.0,,,False
401674822,2024,4,2024-09-21T17:00:00.000Z,2781,Brockport,Empire 8,398,Wilkes,Landmark Conference,31.0,,,17.0,,,True
401677374,2024,6,2024-10-05T17:00:00.000Z,2781,Brockport,Empire 8,374,St John Fisher University,Empire 8,35.0,,,0.0,,,True
401677375,2024,7,2024-10-12T17:00:00.000Z,2781,Brockport,Empire 8,173,Hartwick,Empire 8,53.0,,,0.0,,,False
401677396,2024,8,2024-10-19T16:00:00.000Z,2781,Brockport,Empire 8,125974,Hilbert College,Empire 8,51.0,,,0.0,,,False
401677397,2024,9,2024-10-26T18:00:00.000Z,2781,Brockport,Empire 8,3110,SUNY Morrisville,Empire 8,24.0,,,0.0,,,True
401676667,2024,10,2024-11-02T16:00:00.000Z,2781,Brockport,Empire 8,390,Utica,Empire 8,20.0,,,10.0,,,False
401674761,2024,11,2024-11-09T17:00:00.000Z,2781,Brockport,Empire 8,2782,Cortland,Empire 8,28.0,,,29.0,,,True
401674754,2024,12,2024-11-16T18:00:00.000Z,2781,Brockport,Empire 8,365,Alfred University,Empire 8,14.0,,,23.0,,,False
401654456,2024,4,2024-09-21T17:00:00.000Z,225,Brown,Ivy,46,Georgetown,Patriot,26.0,,,14.0,,,False
401644597,2024,5,2024-09-28T16:00:00.000Z,225,Brown,Ivy,108,Harvard,Ivy,31.0,,,28.0,,,True
401628646,2024,6,2024-10-05T16:00:00.000Z,225,Brown,Ivy,2803,Bryant,CAA,35.0,,,42.0,,,True
401628653,2024,7,2024-10-12T17:00:00.000Z,225,Brown,Ivy,227,Rhode Island,CAA,21.0,,,31.0,,,False
401654457,2024,8,2024-10-18T23:00:00.000Z,225,Brown,Ivy,163,Princeton,Ivy,17.0,,,29.0,,,False
401654458,2024,9,2024-10-26T16:00:00.000Z,225,Brown,Ivy,172,Cornell,Ivy,23.0,,,21.0,,,True
401654459,2024,10,2024-11-02T16:00:00.000Z,225,Brown,Ivy,219,Pennsylvania,Ivy,28.0,,,38.0,,,True
401654460,2024,11,2024-11-09T17:00:00.000Z,225,Brown,Ivy,43,Yale,Ivy,34.0,,,56.0,,,False
401654495,2024,12,2024-11-16T17:00:00.000Z,225,Brown,Ivy,171,Columbia,Ivy,12.0,,,21.0,,,True
401654462,2024,13,2024-11-23T17:00:00.000Z,225,Brown,Ivy,159,Dartmouth,Ivy,28.0,,,56.0,,,False
401628579,2024,1,2024-08-29T23:00:00.000Z,2803,Bryant,CAA,48,Delaware,CAA,17.0,,,48.0,,,False
401628604,2024,2,2024-09-07T20:00:00.000Z,2803,Bryant,CAA,112334,Franklin Pierce,Northeast 10,21.0,,,17.0,,,True
401628618,2024,3,2024-09-14T18:00:00.000Z,2803,Bryant,CAA,107,Holy Cross,Patriot,22.0,,,43.0,,,True
401628619,2024,4,2024-09-21T19:00:00.000Z,2803,Bryant,CAA,160,New Hampshire,CAA,17.0,,,38.0,,,False
401628646,2024,6,2024-10-05T16:00:00.000Z,2803,Bryant,CAA,225,Brown,Ivy,42.0,,,35.0,,,False
401628649,2024,7,2024-10-12T17:00:00.000Z,2803,Bryant,CAA,399,UAlbany,CAA,17.0,,,24.0,,,True
401628660,2024,8,2024-10-19T17:00:00.000Z,2803,Bryant,CAA,2405,Monmouth,CAA,17.0,,,55.0,,,False
401628663,2024,9,2024-10-26T16:00:00.000Z,2803,Bryant,CAA,257,Richmond,CAA,14.0,,,41.0,,,True
401628673,2024,10,2024-11-02T17:00:00.000Z,2803,Bryant,CAA,2619,Stony Brook,CAA,30.0,,,31.0,,,True
401628678,2024,11,2024-11-09T18:00:00.000Z,2803,Bryant,CAA,311,Maine,CAA,26.0,,,38.0,,,False
401628690,2024,12,2024-11-16T18:00:00.000Z,2803,Bryant,CAA,2729,William & Mary,CAA,12.0,,,22.0,,,False
401628699,2024,13,2024-11-23T18:00:00.000Z,2803,Bryant,CAA,227,Rhode Island,CAA,21.0,,,35.0,,,True
401645322,2024,1,2024-08-31T16:00:00.000Z,2083,Bucknell,Patriot,2426,Navy,American Athletic,21.0,,,49.0,1368.0,1368.0,False
401654649,2024,2,2024-09-07T17:30:00.000Z,2083,Bucknell,Patriot,2678,VMI,Southern,35.0,,,28.0,,,False
401654611,2024,3,2024-09-14T22:00:00.000Z,2083,Bucknell,Patriot,2771,Merrimack,FCS Independents,21.0,,,31.0,,,True
401654650,2024,4,2024-09-21T22:00:00.000Z,2083,Bucknell,Patriot,2368,Marist,Pioneer,34.0,,,18.0,,,True
401654617,2024,5,2024-09-28T16:00:00.000Z,2083,Bucknell,Patriot,2329,Lehigh,Patriot,38.0,,,35.0,,,False
401654651,2024,7,2024-10-12T17:00:00.000Z,2083,Bucknell,Patriot,219,Pennsylvania,Ivy,21.0,,,31.0,,,False
401654507,2024,8,2024-10-19T17:00:00.000Z,2083,Bucknell,Patriot,172,Cornell,Ivy,21.0,,,34.0,,,True
401654644,2024,9,2024-10-26T18:00:00.000Z,2083,Bucknell,Patriot,46,Georgetown,Patriot,20.0,,,21.0,,,False
401654629,2024,10,2024-11-02T17:00:00.000Z,2083,Bucknell,Patriot,322,Lafayette,Patriot,21.0,,,14.0,,,True
401654652,2024,11,2024-11-09T18:00:00.000Z,2083,Bucknell,Patriot,2230,Fordham,Patriot,28.0,,,27.0,,,True
401654639,2024,12,2024-11-16T17:00:00.000Z,2083,Bucknell,Patriot,107,Holy Cross,Patriot,38.0,,,40.0,,,False
401654653,2024,13,2024-11-23T18:00:00.000Z,2083,Bucknell,Patriot,2142,Colgate,Patriot,48.0,,,34.0,,,True
401674582,2024,2,2024-09-07T18:00:00.000Z,63,Buena Vista,American Rivers,2283,Benedictine University,NACC,7.0,,,34.0,,,True
401674583,2024,3,2024-09-14T18:00:00.000Z,63,Buena Vista,American Rivers,2741,Wisconsin-Lutheran,NACC,13.0,,,44.0,,,False
401674584,2024,4,2024-09-21T18:00:00.000Z,63,Buena Vista,American Rivers,263,Loras College,American Rivers,20.0,,,17.0,,,False
401674585,2024,5,2024-09-28T18:00:00.000Z,63,Buena Vista,American Rivers,2964,Central College,American Rivers,0.0,,,52.0,,,True
401674586,2024,6,2024-10-05T18:00:00.000Z,63,Buena Vista,American Rivers,6845,Nebraska Wesleyan,American Rivers,21.0,,,34.0,,,False
401674587,2024,7,2024-10-12T18:00:00.000Z,63,Buena Vista,American Rivers,2685,Wartburg,American Rivers,21.0,,,70.0,,,True
401674588,2024,9,2024-10-26T18:00:00.000Z,63,Buena Vista,American Rivers,2564,Simpson College (IA),American Rivers,16.0,,,24.0,,,False
401674589,2024,10,2024-11-02T18:00:00.000Z,63,Buena Vista,American Rivers,2141,Coe College,American Rivers,13.0,,,35.0,,,True
401674590,2024,11,2024-11-09T18:00:00.000Z,63,Buena Vista,American Rivers,67,Luther,American Rivers,40.0,,,13.0,,,False
401674591,2024,12,2024-11-16T19:00:00.000Z,63,Buena Vista,American Rivers,49,Dubuque,American Rivers,21.0,,,56.0,,,True
401644727,2024,1,2024-08-29T23:00:00.000Z,2084,Buffalo,Mid-American,322,Lafayette,Patriot,30.0,1357.0,1357.0,13.0,,,True
401677108,2024,1,2025-01-04T16:00:00.000Z,2084,Buffalo,Mid-American,2335,Liberty,Conference USA,26.0,1304.0,1374.0,7.0,1573.0,1503.0,False
401628344,2024,2,2024-09-07T23:00:00.000Z,2084,Buffalo,Mid-American,142,Missouri,SEC,0.0,1357.0,1298.0,38.0,1744.0,1803.0,False
401629041,2024,3,2024-09-14T17:00:00.000Z,2084,Buffalo,Mid-American,113,Massachusetts,FBS Independents,34.0,1298.0,1360.0,3.0,1125.0,1063.0,True
401644736,2024,4,2024-09-21T19:30:00.000Z,2084,Buffalo,Mid-American,2459,Northern Illinois,Mid-American,23.0,1360.0,1372.0,20.0,1476.0,1464.0,False
401629032,2024,5,2024-09-28T16:00:00.000Z,2084,Buffalo,Mid-American,41,UConn,FBS Independents,3.0,1372.0,1228.0,47.0,1297.0,1441.0,False
401644745,2024,7,2024-10-12T16:00:00.000Z,2084,Buffalo,Mid-American,2649,Toledo,Mid-American,30.0,1228.0,1294.0,15.0,1574.0,1508.0,True
401644749,2024,8,2024-10-19T19:30:00.000Z,2084,Buffalo,Mid-American,2711,Western Michigan,Mid-American,41.0,1294.0,1275.0,48.0,1223.0,1242.0,True
401644755,2024,9,2024-10-26T16:00:00.000Z,2084,Buffalo,Mid-American,195,Ohio,Mid-American,16.0,1275.0,1206.0,47.0,1394.0,1463.0,False
401644757,2024,10,2024-11-02T16:00:00.000Z,2084,Buffalo,Mid-American,2006,Akron,Mid-American,41.0,1206.0,1217.0,30.0,1059.0,1048.0,False
401644763,2024,12,2024-11-13T00:00:00.000Z,2084,Buffalo,Mid-American,2050,Ball State,Mid-American,51.0,1217.0,1217.0,48.0,1115.0,1115.0,True
401644772,2024,13,2024-11-21T00:00:00.000Z,2084,Buffalo,Mid-American,2199,Eastern Michigan,Mid-American,37.0,1217.0,1259.0,20.0,1225.0,1183.0,False
401644776,2024,14,2024-11-27T00:00:00.000Z,2084,Buffalo,Mid-American,2309,Kent State,Mid-American,43.0,1259.0,1304.0,7.0,805.0,760.0,True
401677373,2024,2,2024-09-05T23:00:00.000Z,2085,Buffalo State,Liberty League,2781,Brockport,Empire 8,0.0,,,27.0,,,False
401677402,2024,3,2024-09-14T16:00:00.000Z,2085,Buffalo State,Liberty League,125974,Hilbert College,Empire 8,42.0,,,6.0,,,True
401673402,2024,5,2024-09-28T21:00:00.000Z,2085,Buffalo State,Liberty League,3162,Alfred State,ECFC,12.0,,,0.0,,,True
401677465,2024,6,2024-10-05T17:00:00.000Z,2085,Buffalo State,Liberty League,2385,Mercyhurst,NEC,0.0,,,55.0,,,False
401674829,2024,7,2024-10-12T19:00:00.000Z,2085,Buffalo State,Liberty League,174,Hobart College,Liberty League,3.0,,,31.0,,,True
401674862,2024,8,2024-10-19T17:00:00.000Z,2085,Buffalo State,Liberty League,237,Union (NY),Liberty League,10.0,,,31.0,,,False
401674837,2024,9,2024-10-26T16:00:00.000Z,2085,Buffalo State,Liberty League,175,Ithaca College,Liberty League,14.0,,,49.0,,,True
401674844,2024,10,2024-11-02T16:00:00.000Z,2085,Buffalo State,Liberty League,184,University of Rochester (NY),Liberty League,35.0,,,21.0,,,False
401674851,2024,11,2024-11-09T18:00:00.000Z,2085,Buffalo State,Liberty League,2528,Rensselaer,Liberty League,7.0,,,48.0,,,True
401674857,2024,12,2024-11-16T18:00:00.000Z,2085,Buffalo State,Liberty League,2779,St. Lawrence,Liberty League,18.0,,,26.0,,,False
401655657,2024,1,2024-08-31T17:00:00.000Z,2086,Butler,Pioneer,389,Upper Iowa University,Great Lakes,40.0,,,7.0,,,True
401634190,2024,2,2024-09-07T23:00:00.000Z,2086,Butler,Pioneer,93,Murray State,MVFC,19.0,,,17.0,,,False
401655658,2024,3,2024-09-14T22:00:00.000Z,2086,Butler,Pioneer,2262,Hanover College,Heartland,53.0,,,0.0,,,True
401655659,2024,5,2024-09-28T17:00:00.000Z,2086,Butler,Pioneer,2355,Virginia University Of Lynchburg,,63.0,,,0.0,,,True
401638665,2024,6,2024-10-05T17:00:00.000Z,2086,Butler,Pioneer,2413,Morehead State,Pioneer,40.0,,,6.0,,,True
401638668,2024,7,2024-10-12T18:00:00.000Z,2086,Butler,Pioneer,2181,Drake,Pioneer,17.0,,,27.0,,,False
401638673,2024,8,2024-10-19T17:00:00.000Z,2086,Butler,Pioneer,2168,Dayton,Pioneer,14.0,,,21.0,,,True
401638678,2024,9,2024-10-26T17:00:00.000Z,2086,Butler,Pioneer,2166,Davidson,Pioneer,48.0,,,38.0,,,False
401638686,2024,10,2024-11-02T17:00:00.000Z,2086,Butler,Pioneer,56,Stetson,Pioneer,46.0,,,13.0,,,True
401638688,2024,11,2024-11-09T19:00:00.000Z,2086,Butler,Pioneer,2674,Valparaiso,Pioneer,24.0,,,17.0,,,False
401638696,2024,12,2024-11-16T18:00:00.000Z,2086,Butler,Pioneer,2900,St. Thomas (MN),Pioneer,36.0,,,20.0,,,True
401638698,2024,13,2024-11-23T18:00:00.000Z,2086,Butler,Pioneer,2506,Presbyterian,Pioneer,27.0,,,30.0,,,False
401676204,2024,2,2024-09-08T00:00:00.000Z,101442,CENTENARY,Southern Collegiate Athletic,418,Hendrix College,Southern Athletic,20.0,,,43.0,,,True
401674664,2024,3,2024-09-14T23:00:00.000Z,101442,CENTENARY,Southern Collegiate Athletic,2639,Texas Lutheran,Southern Collegiate Athletic,8.0,,,31.0,,,False
401674628,2024,4,2024-09-21T23:00:00.000Z,101442,CENTENARY,Southern Collegiate Athletic,2045,Austin,Southern Collegiate Athletic,36.0,,,17.0,,,False
401676205,2024,5,2024-09-28T23:00:00.000Z,101442,CENTENARY,Southern Collegiate Athletic,2194,East Texas Baptist University,American Southwest,8.0,,,47.0,,,False
401676202,2024,6,2024-10-05T23:00:00.000Z,101442,CENTENARY,Southern Collegiate Athletic,101161,LYONCOLL,Southern Collegiate Athletic,35.0,,,14.0,,,True
401674659,2024,7,2024-10-12T22:00:00.000Z,101442,CENTENARY,Southern Collegiate Athletic,241,McMurry,Southern Collegiate Athletic,10.0,,,28.0,,,True
401676203,2024,8,2024-10-19T19:00:00.000Z,101442,CENTENARY,Southern Collegiate Athletic,101161,LYONCOLL,Southern Collegiate Athletic,28.0,,,21.0,,,False
401674633,2024,9,2024-10-26T23:00:00.000Z,101442,CENTENARY,Southern Collegiate Athletic,2045,Austin,Southern Collegiate Athletic,41.0,,,21.0,,,True
401674667,2024,11,2024-11-09T19:00:00.000Z,101442,CENTENARY,Southern Collegiate Athletic,2639,Texas Lutheran,Southern Collegiate Athletic,23.0,,,46.0,,,True
401674662,2024,12,2024-11-16T18:00:00.000Z,101442,CENTENARY,Southern Collegiate Athletic,241,McMurry,Southern Collegiate Athletic,12.0,,,49.0,,,False
401673254,2024,1,2024-08-30T00:00:00.000Z,2570,CSU Pueblo,Rocky Mountain,613,South Dakota Mines,Rocky Mountain,35.0,,,6.0,,,False
401673270,2024,2,2024-09-08T00:00:00.000Z,2570,CSU Pueblo,Rocky Mountain,110243,UT Permian Basin,Lone Star,40.0,,,23.0,,,True
401673271,2024,3,2024-09-15T00:00:00.000Z,2570,CSU Pueblo,Rocky Mountain,125,Grand Valley State University,GLIAC,21.0,,,24.0,,,True
401673272,2024,4,2024-09-21T17:00:00.000Z,2570,CSU Pueblo,Rocky Mountain,11,Colorado Mesa,Rocky Mountain,38.0,,,14.0,,,True
401673143,2024,5,2024-09-28T19:00:00.000Z,2570,CSU Pueblo,Rocky Mountain,2001,Adams State,Rocky Mountain,66.0,,,10.0,,,False
401673259,2024,6,2024-10-05T20:00:00.000Z,2570,CSU Pueblo,Rocky Mountain,2424,New Mexico Highlands,Rocky Mountain,67.0,,,28.0,,,True
401673266,2024,7,2024-10-12T20:00:00.000Z,2570,CSU Pueblo,Rocky Mountain,2237,Fort Lewis,Rocky Mountain,58.0,,,24.0,,,False
401673236,2024,8,2024-10-19T19:00:00.000Z,2570,CSU Pueblo,Rocky Mountain,2069,Black Hills State,Rocky Mountain,24.0,,,21.0,,,True
401673246,2024,10,2024-11-02T19:00:00.000Z,2570,CSU Pueblo,Rocky Mountain,2714,Western Colorado,Rocky Mountain,44.0,,,34.0,,,False
401673273,2024,11,2024-11-09T20:00:00.000Z,2570,CSU Pueblo,Rocky Mountain,2146,Colorado School Of Mines,Rocky Mountain,28.0,,,13.0,,,True
401673274,2024,12,2024-11-16T19:00:00.000Z,2570,CSU Pueblo,Rocky Mountain,2123,Chadron St,Rocky Mountain,38.0,,,21.0,,,False
401734990,2024,14,2024-11-30T20:00:00.000Z,2570,CSU Pueblo,Rocky Mountain,2364,Minnesota State Mankato,Northern Sun,23.0,,,26.0,,,True
401655621,2024,1,2024-09-01T00:00:00.000Z,13,Cal Poly,Big Sky,301,San Diego,Pioneer,21.0,,,27.0,,,False
401635539,2024,2,2024-09-07T23:00:00.000Z,13,Cal Poly,Big Sky,24,Stanford,ACC,7.0,,,41.0,1282.0,1282.0,False
401655622,2024,3,2024-09-15T00:00:00.000Z,13,Cal Poly,Big Sky,2848,Western Oregon,Lone Star,31.0,,,14.0,,,True
401634046,2024,5,2024-09-28T19:00:00.000Z,13,Cal Poly,Big Sky,2458,Northern Colorado,Big Sky,28.0,,,7.0,,,False
401634051,2024,6,2024-10-06T00:00:00.000Z,13,Cal Poly,Big Sky,304,Idaho State,Big Sky,38.0,,,41.0,,,True
401634056,2024,7,2024-10-12T23:00:00.000Z,13,Cal Poly,Big Sky,302,UC Davis,Big Sky,10.0,,,56.0,,,False
401634102,2024,8,2024-10-19T20:00:00.000Z,13,Cal Poly,Big Sky,70,Idaho,Big Sky,29.0,,,34.0,,,False
401634110,2024,10,2024-11-02T21:00:00.000Z,13,Cal Poly,Big Sky,149,Montana,Big Sky,7.0,,,42.0,,,True
401634115,2024,11,2024-11-10T01:00:00.000Z,13,Cal Poly,Big Sky,2464,Northern Arizona,Big Sky,14.0,,,31.0,,,True
401634121,2024,12,2024-11-16T22:00:00.000Z,13,Cal Poly,Big Sky,16,Sacramento State,Big Sky,26.0,,,23.0,,,True
401634127,2024,13,2024-11-23T20:00:00.000Z,13,Cal Poly,Big Sky,2692,Weber State,Big Sky,17.0,,,28.0,,,False
401634301,2024,1,2024-08-31T21:00:00.000Z,25,California,ACC,302,UC Davis,Big Sky,31.0,1483.0,1483.0,13.0,,,True
401677081,2024,1,2024-12-19T02:00:00.000Z,25,California,ACC,2439,UNLV,Mountain West,13.0,1546.0,1529.0,24.0,1662.0,1679.0,False
401628337,2024,2,2024-09-07T19:30:00.000Z,25,California,ACC,2,Auburn,SEC,21.0,1483.0,1502.0,14.0,1556.0,1537.0,False
401635541,2024,3,2024-09-15T02:30:00.000Z,25,California,ACC,21,San Diego State,Mountain West,31.0,1502.0,1540.0,10.0,1388.0,1350.0,True
401635551,2024,4,2024-09-21T23:00:00.000Z,25,California,ACC,52,Florida State,ACC,9.0,1540.0,1537.0,14.0,1596.0,1599.0,False
401635568,2024,6,2024-10-06T02:30:00.000Z,25,California,ACC,2390,Miami,ACC,38.0,1537.0,1549.0,39.0,1834.0,1822.0,True
401635575,2024,7,2024-10-12T19:30:00.000Z,25,California,ACC,221,Pittsburgh,ACC,15.0,1549.0,1548.0,17.0,1512.0,1513.0,False
401635587,2024,8,2024-10-19T19:30:00.000Z,25,California,ACC,152,NC State,ACC,23.0,1548.0,1542.0,24.0,1454.0,1460.0,True
401635594,2024,9,2024-10-26T20:00:00.000Z,25,California,ACC,204,Oregon State,Pac-12,44.0,1542.0,1653.0,7.0,1578.0,1467.0,True
401634773,2024,11,2024-11-09T01:00:00.000Z,25,California,ACC,154,Wake Forest,ACC,46.0,1653.0,1649.0,36.0,1349.0,1353.0,False
401635581,2024,12,2024-11-16T20:00:00.000Z,25,California,ACC,183,Syracuse,ACC,25.0,1649.0,1610.0,33.0,1386.0,1425.0,True
401635613,2024,13,2024-11-23T20:30:00.000Z,25,California,ACC,24,Stanford,ACC,24.0,1610.0,1606.0,21.0,1168.0,1172.0,True
401635621,2024,14,2024-11-30T20:30:00.000Z,25,California,ACC,2567,SMU,ACC,6.0,1606.0,1546.0,38.0,1830.0,1890.0,False
401674593,2024,3,2024-09-14T20:00:00.000Z,2094,California Lutheran University,So. Cal.,2964,Central College,American Rivers,10.0,,,35.0,,,True
401676176,2024,4,2024-09-21T20:00:00.000Z,2094,California Lutheran University,So. Cal.,2486,Pacific Lutheran,Northwest,17.0,,,27.0,,,True
401676177,2024,5,2024-09-29T02:00:00.000Z,2094,California Lutheran University,So. Cal.,17,Claremont-Mudd-Scripps College,So. Cal.,13.0,,,31.0,,,True
401676178,2024,6,2024-10-06T02:00:00.000Z,2094,California Lutheran University,So. Cal.,411,Chapman,So. Cal.,20.0,,,24.0,,,False
401676179,2024,7,2024-10-13T00:00:00.000Z,2094,California Lutheran University,So. Cal.,2318,La Verne,So. Cal.,31.0,,,17.0,,,False
401676180,2024,8,2024-10-20T02:00:00.000Z,2094,California Lutheran University,So. Cal.,29,Redlands,So. Cal.,15.0,,,17.0,,,True
401676181,2024,9,2024-10-27T02:00:00.000Z,2094,California Lutheran University,So. Cal.,411,Chapman,So. Cal.,18.0,,,28.0,,,True
401676182,2024,10,2024-11-03T02:00:00.000Z,2094,California Lutheran University,So. Cal.,2923,Pomona Pitzer,So. Cal.,27.0,,,32.0,,,False
401676183,2024,11,2024-11-09T21:00:00.000Z,2094,California Lutheran University,So. Cal.,17,Claremont-Mudd-Scripps College,So. Cal.,24.0,,,41.0,,,False
401734017,2024,12,2024-11-16T21:00:00.000Z,2094,California Lutheran University,So. Cal.,2318,La Verne,So. Cal.,38.0,,,14.0,,,True
401676206,2024,2,2024-09-07T17:00:00.000Z,129738,Calvin University,Michigan,391,Oberlin,North Coast,50.0,,,6.0,,,True
401676207,2024,3,2024-09-14T17:00:00.000Z,129738,Calvin University,Michigan,409,Concordia-Wisconsin,NACC,24.0,,,34.0,,,False
401676208,2024,4,2024-09-21T17:30:00.000Z,129738,Calvin University,Michigan,2023,Anderson (IN),Heartland,66.0,,,12.0,,,False
401676209,2024,5,2024-09-28T22:30:00.000Z,129738,Calvin University,Michigan,126,Kalamazoo,Michigan,31.0,,,33.0,,,False
401676210,2024,6,2024-10-05T17:00:00.000Z,129738,Calvin University,Michigan,2800,Alma,Michigan,13.0,,,73.0,,,True
401676211,2024,8,2024-10-19T19:00:00.000Z,129738,Calvin University,Michigan,2003,Adrian,Michigan,10.0,,,30.0,,,False
401676212,2024,9,2024-10-26T17:00:00.000Z,129738,Calvin University,Michigan,2651,Trine University,Michigan,30.0,,,35.0,,,False
401676213,2024,10,2024-11-02T17:00:00.000Z,129738,Calvin University,Michigan,354,Olivet College,Michigan,13.0,,,21.0,,,False
401676214,2024,11,2024-11-09T18:00:00.000Z,129738,Calvin University,Michigan,2812,Hope College,Michigan,7.0,,,38.0,,,True
401676215,2024,12,2024-11-16T18:00:00.000Z,129738,Calvin University,Michigan,2790,Albion,Michigan,21.0,,,41.0,,,True
401628586,2024,1,2024-08-31T22:00:00.000Z,2097,Campbell,CAA,2335,Liberty,Conference USA,24.0,,,41.0,1572.0,1572.0,False
401628594,2024,2,2024-09-07T17:00:00.000Z,2097,Campbell,CAA,2717,Western Carolina,Southern,24.0,,,16.0,,,False
401628608,2024,3,2024-09-14T22:00:00.000Z,2097,Campbell,CAA,227,Rhode Island,CAA,9.0,,,21.0,,,False
401628620,2024,4,2024-09-21T21:00:00.000Z,2097,Campbell,CAA,2619,Stony Brook,CAA,17.0,,,24.0,,,True
401628634,2024,5,2024-09-28T18:00:00.000Z,2097,Campbell,CAA,2169,Delaware State,MEAC,44.0,,,41.0,,,True
401628647,2024,6,2024-10-05T20:00:00.000Z,2097,Campbell,CAA,2428,North Carolina Central,MEAC,14.0,,,45.0,,,True
401628654,2024,8,2024-10-19T19:30:00.000Z,2097,Campbell,CAA,2729,William & Mary,CAA,28.0,,,35.0,,,False
401628664,2024,9,2024-10-26T20:00:00.000Z,2097,Campbell,CAA,2448,North Carolina A&T,CAA,21.0,,,7.0,,,True
401628676,2024,10,2024-11-02T18:00:00.000Z,2097,Campbell,CAA,2210,Elon,CAA,27.0,,,50.0,,,False
401628679,2024,11,2024-11-09T20:30:00.000Z,2097,Campbell,CAA,257,Richmond,CAA,24.0,,,27.0,,,True
401628691,2024,12,2024-11-16T18:00:00.000Z,2097,Campbell,CAA,48,Delaware,CAA,22.0,,,41.0,,,False
401628700,2024,13,2024-11-23T19:00:00.000Z,2097,Campbell,CAA,119,Towson,CAA,23.0,,,45.0,,,True
401694304,2024,5,2024-09-28T16:00:00.000Z,2098,Campbellsville University,,127991,Roosevelt,GLIAC,24.0,,,8.0,,,True
401676306,2024,3,2024-09-14T17:00:00.000Z,424,Capital,Ohio,2108,Catholic,Landmark Conference,20.0,,,38.0,,,False
401676272,2024,4,2024-09-21T17:30:00.000Z,424,Capital,Ohio,188,Baldwin Wallace,Ohio,21.0,,,55.0,,,True
401676307,2024,5,2024-09-28T17:30:00.000Z,424,Capital,Ohio,317,Marietta,Ohio,10.0,,,54.0,,,False
401676308,2024,6,2024-10-05T17:30:00.000Z,424,Capital,Ohio,191,Heidelberg,Ohio,22.0,,,45.0,,,True
401676309,2024,7,2024-10-12T17:30:00.000Z,424,Capital,Ohio,2302,John Carroll University,Ohio,14.0,,,49.0,,,False
401676310,2024,8,2024-10-19T17:30:00.000Z,424,Capital,Ohio,427,Ohio Northern,Ohio,41.0,,,42.0,,,True
401676311,2024,9,2024-10-26T16:00:00.000Z,424,Capital,Ohio,359,Otterbein,Ohio,10.0,,,39.0,,,False
401676312,2024,10,2024-11-02T17:30:00.000Z,424,Capital,Ohio,426,University of Mount Union,Ohio,0.0,,,54.0,,,True
401676313,2024,11,2024-11-09T18:30:00.000Z,424,Capital,Ohio,332,Muskingum University,Ohio,20.0,,,51.0,,,False
401676314,2024,12,2024-11-16T18:30:00.000Z,424,Capital,Ohio,2733,Wilmington (OH),Ohio,50.0,,,31.0,,,True
401674956,2024,2,2024-09-07T20:00:00.000Z,2101,Carleton,Minnesota,2923,Pomona Pitzer,So. Cal.,12.0,,,28.0,,,False
401674957,2024,4,2024-09-21T19:00:00.000Z,2101,Carleton,Minnesota,2399,Minnesota Morris,Upper Midwest,28.0,,,7.0,,,True
401674958,2024,5,2024-09-28T18:00:00.000Z,2101,Carleton,Minnesota,162,Hamline University,Minnesota,24.0,,,14.0,,,False
401674959,2024,6,2024-10-05T18:00:00.000Z,2101,Carleton,Minnesota,2152,Concordia Moorhead,Minnesota,6.0,,,31.0,,,True
401674960,2024,7,2024-10-12T18:00:00.000Z,2101,Carleton,Minnesota,133,St. Olaf,Minnesota,13.0,,,19.0,,,False
401674961,2024,8,2024-10-19T18:00:00.000Z,2101,Carleton,Minnesota,2600,Saint John's (MN),Minnesota,7.0,,,48.0,,,True
401674962,2024,9,2024-10-26T18:00:00.000Z,2101,Carleton,Minnesota,375,St. Scholastica,Minnesota,35.0,,,14.0,,,False
401674955,2024,10,2024-11-02T18:00:00.000Z,2101,Carleton,Minnesota,2802,Bethel (MN),Minnesota,7.0,,,56.0,,,False
401674963,2024,11,2024-11-09T19:00:00.000Z,2101,Carleton,Minnesota,2968,Gustavus Adolphus,Minnesota,51.0,,,17.0,,,True
401734013,2024,12,2024-11-16T18:00:00.000Z,2101,Carleton,Minnesota,162,Hamline University,Minnesota,21.0,,,9.0,,,True
401676633,2024,2,2024-09-07T17:00:00.000Z,2102,Carnegie Mellon,Presidents',2644,Thiel,Presidents',58.0,,,0.0,,,False
401676634,2024,3,2024-09-14T17:00:00.000Z,2102,Carnegie Mellon,Presidents',2242,Geneva,Presidents',41.0,,,7.0,,,True
401676627,2024,4,2024-09-21T23:00:00.000Z,2102,Carnegie Mellon,Presidents',2062,Bethany (WV),Presidents',66.0,,,0.0,,,True
401676635,2024,5,2024-09-28T18:00:00.000Z,2102,Carnegie Mellon,Presidents',2686,Washington & Jefferson,Presidents',30.0,,,27.0,,,False
401676435,2024,6,2024-10-05T23:00:00.000Z,2102,Carnegie Mellon,Presidents',2845,Waynesburg,Presidents',42.0,,,0.0,,,True
401676636,2024,7,2024-10-12T18:00:00.000Z,2102,Carnegie Mellon,Presidents',146,Grove City College,Presidents',10.0,,,17.0,,,False
401676637,2024,9,2024-10-26T17:00:00.000Z,2102,Carnegie Mellon,Presidents',2614,Saint Vincent,Presidents',69.0,,,7.0,,,False
401676425,2024,10,2024-11-02T17:00:00.000Z,2102,Carnegie Mellon,Presidents',2849,Westminster (PA),Presidents',45.0,,,20.0,,,True
401676624,2024,11,2024-11-09T17:00:00.000Z,2102,Carnegie Mellon,Presidents',2018,Allegheny,Presidents',63.0,,,10.0,,,True
401676638,2024,12,2024-11-16T18:30:00.000Z,2102,Carnegie Mellon,Presidents',2963,Case Western Reserve,Presidents',37.0,,,30.0,,,False
401734594,2024,14,2024-11-30T17:00:00.000Z,2102,Carnegie Mellon,Presidents',2121,Centre College Kentucky,Southern Athletic,24.0,,,15.0,,,True
401735948,2024,15,2024-12-07T17:00:00.000Z,2102,Carnegie Mellon,Presidents',426,University of Mount Union,Ohio,19.0,,,24.0,,,True
401673956,2024,2,2024-09-05T23:00:00.000Z,32,Carroll University (WI),CCIW,2744,Wisconsin-Stout,Wisconsin,28.0,,,16.0,,,False
401673957,2024,4,2024-09-21T18:00:00.000Z,32,Carroll University (WI),CCIW,143,Washington University (St. Louis),CCIW,7.0,,,35.0,,,False
401673958,2024,5,2024-09-28T18:00:00.000Z,32,Carroll University (WI),CCIW,396,Wheaton,CCIW,10.0,,,22.0,,,True
401673959,2024,6,2024-10-05T19:00:00.000Z,32,Carroll University (WI),CCIW,74,Millikin,CCIW,49.0,,,14.0,,,True
401673960,2024,7,2024-10-12T18:00:00.000Z,32,Carroll University (WI),CCIW,75,North Park,CCIW,26.0,,,30.0,,,False
401673951,2024,8,2024-10-19T18:00:00.000Z,32,Carroll University (WI),CCIW,2042,Augustana (IL),CCIW,30.0,,,20.0,,,True
401673961,2024,9,2024-10-26T18:00:00.000Z,32,Carroll University (WI),CCIW,72,Elmhurst,CCIW,45.0,,,14.0,,,False
401673962,2024,10,2024-11-02T17:00:00.000Z,32,Carroll University (WI),CCIW,3071,North Central College,CCIW,3.0,,,56.0,,,False
401673963,2024,11,2024-11-09T18:00:00.000Z,32,Carroll University (WI),CCIW,306,Illinois Wesleyan,CCIW,21.0,,,24.0,,,True
401673964,2024,12,2024-11-16T18:00:00.000Z,32,Carroll University (WI),CCIW,2106,Carthage,CCIW,27.0,,,7.0,,,True
401673370,2024,1,2024-08-29T22:00:00.000Z,2105,Carson-Newman College,South Atlantic,2890,Reinhardt University,,50.0,,,7.0,,,True
401673371,2024,3,2024-09-13T16:00:00.000Z,2105,Carson-Newman College,South Atlantic,2707,West Virginia State,Mountain East,56.0,,,25.0,,,False
401673372,2024,4,2024-09-21T17:00:00.000Z,2105,Carson-Newman College,South Atlantic,351,Wingate,South Atlantic,31.0,,,28.0,,,True
401673373,2024,5,2024-09-28T22:00:00.000Z,2105,Carson-Newman College,South Atlantic,2107,Catawba,South Atlantic,35.0,,,34.0,,,False
401673374,2024,6,2024-10-05T17:00:00.000Z,2105,Carson-Newman College,South Atlantic,122666,Wilson,South Atlantic,28.0,,,17.0,,,True
401673375,2024,7,2024-10-12T17:00:00.000Z,2105,Carson-Newman College,South Atlantic,2369,Mars Hill,South Atlantic,28.0,,,27.0,,,False
401673376,2024,8,2024-10-19T17:00:00.000Z,2105,Carson-Newman College,South Atlantic,2842,UVA Wise,South Atlantic,35.0,,,23.0,,,True
401673377,2024,9,2024-10-26T17:00:00.000Z,2105,Carson-Newman College,South Atlantic,2213,Emory & Henry College,South Atlantic,10.0,,,17.0,,,False
401673378,2024,10,2024-11-02T19:00:00.000Z,2105,Carson-Newman College,South Atlantic,129469,Anderson (Sc),South Atlantic,28.0,,,7.0,,,True
401673379,2024,11,2024-11-09T18:00:00.000Z,2105,Carson-Newman College,South Atlantic,2839,Greeneville,South Atlantic,56.0,,,14.0,,,False
401673380,2024,12,2024-11-16T20:00:00.000Z,2105,Carson-Newman College,South Atlantic,351,Wingate,South Atlantic,13.0,,,28.0,,,False
401734580,2024,13,2024-11-23T17:00:00.000Z,2105,Carson-Newman College,South Atlantic,2396,Miles College,SIAC,13.0,,,14.0,,,False
401673965,2024,2,2024-09-07T18:00:00.000Z,2106,Carthage,CCIW,2600,Saint John's (MN),Minnesota,0.0,,,49.0,,,False
401673966,2024,4,2024-09-21T18:00:00.000Z,2106,Carthage,CCIW,3071,North Central College,CCIW,0.0,,,63.0,,,True
401673967,2024,5,2024-09-28T18:00:00.000Z,2106,Carthage,CCIW,306,Illinois Wesleyan,CCIW,0.0,,,35.0,,,False
401673968,2024,6,2024-10-05T18:00:00.000Z,2106,Carthage,CCIW,72,Elmhurst,CCIW,17.0,,,23.0,,,True
401673969,2024,7,2024-10-12T18:00:00.000Z,2106,Carthage,CCIW,143,Washington University (St. Louis),CCIW,16.0,,,65.0,,,False
401673970,2024,8,2024-10-19T18:00:00.000Z,2106,Carthage,CCIW,396,Wheaton,CCIW,13.0,,,50.0,,,True
401673971,2024,9,2024-10-26T18:00:00.000Z,2106,Carthage,CCIW,74,Millikin,CCIW,24.0,,,20.0,,,False
401673972,2024,10,2024-11-02T18:00:00.000Z,2106,Carthage,CCIW,75,North Park,CCIW,22.0,,,21.0,,,True
401673954,2024,11,2024-11-09T19:00:00.000Z,2106,Carthage,CCIW,2042,Augustana (IL),CCIW,21.0,,,31.0,,,False
401673964,2024,12,2024-11-16T18:00:00.000Z,2106,Carthage,CCIW,32,Carroll University (WI),CCIW,7.0,,,27.0,,,False
401676432,2024,2,2024-09-07T17:00:00.000Z,2963,Case Western Reserve,Presidents',2845,Waynesburg,Presidents',41.0,,,7.0,,,False
401676626,2024,3,2024-09-14T23:00:00.000Z,2963,Case Western Reserve,Presidents',2062,Bethany (WV),Presidents',64.0,,,6.0,,,True
401676639,2024,5,2024-09-28T19:00:00.000Z,2963,Case Western Reserve,Presidents',2242,Geneva,Presidents',56.0,,,14.0,,,False
401676621,2024,6,2024-10-05T17:00:00.000Z,2963,Case Western Reserve,Presidents',2018,Allegheny,Presidents',58.0,,,14.0,,,False
401676640,2024,7,2024-10-12T23:00:00.000Z,2963,Case Western Reserve,Presidents',2614,Saint Vincent,Presidents',49.0,,,0.0,,,True
401676641,2024,8,2024-10-19T22:00:00.000Z,2963,Case Western Reserve,Presidents',2644,Thiel,Presidents',52.0,,,7.0,,,True
401676424,2024,9,2024-10-26T23:00:00.000Z,2963,Case Western Reserve,Presidents',2849,Westminster (PA),Presidents',14.0,,,17.0,,,False
401676642,2024,10,2024-11-02T17:00:00.000Z,2963,Case Western Reserve,Presidents',2686,Washington & Jefferson,Presidents',21.0,,,34.0,,,True
401676643,2024,11,2024-11-09T18:00:00.000Z,2963,Case Western Reserve,Presidents',146,Grove City College,Presidents',20.0,,,30.0,,,False
401676638,2024,12,2024-11-16T18:30:00.000Z,2963,Case Western Reserve,Presidents',2102,Carnegie Mellon,Presidents',30.0,,,37.0,,,True
401674876,2024,2,2024-09-07T16:00:00.000Z,293,Castleton,MSCAC,2467,Norwich,NEWMAC,14.0,,,12.0,,,False
401674877,2024,3,2024-09-14T17:00:00.000Z,293,Castleton,MSCAC,2967,Framingham State,MSCAC,32.0,,,13.0,,,False
401674878,2024,4,2024-09-21T16:00:00.000Z,293,Castleton,MSCAC,110,Mass Maritime,MSCAC,14.0,,,20.0,,,True
401674879,2024,5,2024-09-28T16:00:00.000Z,293,Castleton,MSCAC,379,UMass Dartmouth,MSCAC,10.0,,,60.0,,,False
401674880,2024,6,2024-10-05T18:00:00.000Z,293,Castleton,MSCAC,2909,Westfield State,MSCAC,24.0,,,10.0,,,True
401674881,2024,8,2024-10-19T18:30:00.000Z,293,Castleton,MSCAC,2972,Plymouth State,MSCAC,6.0,,,21.0,,,True
401674882,2024,9,2024-10-26T19:00:00.000Z,293,Castleton,MSCAC,114,Fitchburg State,MSCAC,6.0,,,26.0,,,False
401674883,2024,10,2024-11-02T18:30:00.000Z,293,Castleton,MSCAC,402,Worcester St,MSCAC,6.0,,,31.0,,,True
401674884,2024,11,2024-11-09T17:00:00.000Z,293,Castleton,MSCAC,18,Bridgewater State,MSCAC,20.0,,,31.0,,,True
401674885,2024,12,2024-11-16T19:00:00.000Z,293,Castleton,MSCAC,2843,Western Connecticut St,MSCAC,18.0,,,57.0,,,False
401655660,2024,2,2024-09-07T23:00:00.000Z,2107,Catawba,South Atlantic,2166,Davidson,Pioneer,14.0,,,49.0,,,False
401675763,2024,3,2024-09-14T22:00:00.000Z,2107,Catawba,South Atlantic,2551,Shaw,CIAA,37.0,,,28.0,,,False
401675764,2024,4,2024-09-21T18:00:00.000Z,2107,Catawba,South Atlantic,2842,UVA Wise,South Atlantic,28.0,,,31.0,,,False
401673373,2024,5,2024-09-28T22:00:00.000Z,2107,Catawba,South Atlantic,2105,Carson-Newman College,South Atlantic,34.0,,,35.0,,,True
401675765,2024,6,2024-10-06T18:00:00.000Z,2107,Catawba,South Atlantic,129469,Anderson (Sc),South Atlantic,44.0,,,41.0,,,False
401675766,2024,7,2024-10-12T22:00:00.000Z,2107,Catawba,South Atlantic,2336,Limestone,South Atlantic,33.0,,,36.0,,,True
401675767,2024,8,2024-10-19T22:00:00.000Z,2107,Catawba,South Atlantic,2444,Newberry,South Atlantic,21.0,,,27.0,,,True
401675768,2024,9,2024-10-26T19:00:00.000Z,2107,Catawba,South Atlantic,351,Wingate,South Atlantic,15.0,,,24.0,,,False
401675760,2024,10,2024-11-02T18:00:00.000Z,2107,Catawba,South Atlantic,122666,Wilson,South Atlantic,35.0,,,49.0,,,False
401675769,2024,11,2024-11-09T23:00:00.000Z,2107,Catawba,South Atlantic,2331,Lenoir-Rhyne,South Atlantic,14.0,,,33.0,,,True
401676794,2024,12,2024-11-16T23:00:00.000Z,2107,Catawba,South Atlantic,2839,Greeneville,South Atlantic,47.0,,,15.0,,,True
401676658,2024,2,2024-09-06T23:00:00.000Z,2108,Catholic,Landmark Conference,2700,McDaniel College,Centennial,3.0,,,7.0,,,False
401676306,2024,3,2024-09-14T17:00:00.000Z,2108,Catholic,Landmark Conference,424,Capital,Ohio,38.0,,,20.0,,,True
401676659,2024,4,2024-09-21T17:00:00.000Z,2108,Catholic,Landmark Conference,3110,SUNY Morrisville,Empire 8,28.0,,,27.0,,,True
401674748,2024,5,2024-09-28T17:00:00.000Z,2108,Catholic,Landmark Conference,365,Alfred University,Empire 8,15.0,,,45.0,,,False
401674817,2024,6,2024-10-05T17:00:00.000Z,2108,Catholic,Landmark Conference,216,Susquehanna,Landmark Conference,14.0,,,48.0,,,True
401673413,2024,7,2024-10-12T16:00:00.000Z,2108,Catholic,Landmark Conference,323,Moravian,Landmark Conference,14.0,,,34.0,,,False
401674812,2024,8,2024-10-19T16:00:00.000Z,2108,Catholic,Landmark Conference,2354,Lycoming,Landmark Conference,14.0,,,12.0,,,False
401676660,2024,10,2024-11-02T16:00:00.000Z,2108,Catholic,Landmark Conference,122774,Keystone,Landmark Conference,42.0,,,24.0,,,True
401674825,2024,11,2024-11-09T18:00:00.000Z,2108,Catholic,Landmark Conference,398,Wilkes,Landmark Conference,15.0,,,40.0,,,True
401674807,2024,12,2024-11-16T18:00:00.000Z,2108,Catholic,Landmark Conference,246,Juniata College,Landmark Conference,56.0,,,22.0,,,False
401632064,2024,1,2024-08-31T23:00:00.000Z,2110,Central Arkansas,UAC,2032,Arkansas State,Sun Belt,31.0,,,34.0,1406.0,1406.0,False
401632069,2024,2,2024-09-07T23:00:00.000Z,2110,Central Arkansas,UAC,2815,Lindenwood,Big South-OVC,34.0,,,13.0,,,False
401632073,2024,3,2024-09-14T23:00:00.000Z,2110,Central Arkansas,UAC,2046,Austin Peay,UAC,45.0,,,17.0,,,True
401632099,2024,4,2024-09-21T23:00:00.000Z,2110,Central Arkansas,UAC,2029,Arkansas-Pine Bluff,SWAC,56.0,,,17.0,,,False
401632107,2024,5,2024-09-28T23:00:00.000Z,2110,Central Arkansas,UAC,2320,Lamar,Southland,34.0,,,14.0,,,True
401632117,2024,6,2024-10-05T20:00:00.000Z,2110,Central Arkansas,UAC,2000,Abilene Christian,UAC,34.0,,,41.0,,,False
401632136,2024,7,2024-10-12T21:00:00.000Z,2110,Central Arkansas,UAC,2698,West Georgia,UAC,34.0,,,33.0,,,True
401632123,2024,9,2024-10-26T21:00:00.000Z,2110,Central Arkansas,UAC,2453,North Alabama,UAC,24.0,,,19.0,,,True
401632125,2024,10,2024-11-02T20:00:00.000Z,2110,Central Arkansas,UAC,3101,Utah Tech,UAC,21.0,,,34.0,,,False
401632140,2024,11,2024-11-09T19:00:00.000Z,2110,Central Arkansas,UAC,2198,Eastern Kentucky,UAC,24.0,,,31.0,,,False
401678916,2024,12,2024-11-16T22:00:00.000Z,2110,Central Arkansas,UAC,253,Southern Utah,UAC,31.0,,,38.0,,,True
401632131,2024,13,2024-11-23T20:00:00.000Z,2110,Central Arkansas,UAC,2627,Tarleton State,UAC,14.0,,,39.0,,,False
401674592,2024,2,2024-09-07T18:00:00.000Z,2964,Central College,American Rivers,306,Illinois Wesleyan,CCIW,49.0,,,14.0,,,True
401674593,2024,3,2024-09-14T20:00:00.000Z,2964,Central College,American Rivers,2094,California Lutheran University,So. Cal.,35.0,,,10.0,,,False
401674594,2024,4,2024-09-21T18:00:00.000Z,2964,Central College,American Rivers,2685,Wartburg,American Rivers,6.0,,,10.0,,,True
401674585,2024,5,2024-09-28T18:00:00.000Z,2964,Central College,American Rivers,63,Buena Vista,American Rivers,52.0,,,0.0,,,False
401674595,2024,6,2024-10-05T18:00:00.000Z,2964,Central College,American Rivers,2564,Simpson College (IA),American Rivers,59.0,,,14.0,,,True
401674596,2024,7,2024-10-12T18:00:00.000Z,2964,Central College,American Rivers,2141,Coe College,American Rivers,13.0,,,16.0,,,False
401674597,2024,8,2024-10-19T18:00:00.000Z,2964,Central College,American Rivers,67,Luther,American Rivers,56.0,,,3.0,,,True
401674598,2024,9,2024-10-26T18:00:00.000Z,2964,Central College,American Rivers,49,Dubuque,American Rivers,38.0,,,21.0,,,False
401674599,2024,10,2024-11-02T18:00:00.000Z,2964,Central College,American Rivers,263,Loras College,American Rivers,45.0,,,7.0,,,True
401674600,2024,12,2024-11-16T19:00:00.000Z,2964,Central College,American Rivers,6845,Nebraska Wesleyan,American Rivers,32.0,,,0.0,,,False
401644730,2024,1,2024-08-29T23:00:00.000Z,2115,Central Connecticut,NEC,2117,Central Michigan,Mid-American,10.0,,,66.0,1333.0,1333.0,False
401654573,2024,2,2024-09-07T22:00:00.000Z,2115,Central Connecticut,NEC,2230,Fordham,Patriot,33.0,,,3.0,,,True
401654574,2024,3,2024-09-14T16:00:00.000Z,2115,Central Connecticut,NEC,2598,St. Francis (PA),NEC,27.0,,,20.0,,,False
401629042,2024,4,2024-09-21T19:30:00.000Z,2115,Central Connecticut,NEC,113,Massachusetts,FBS Independents,31.0,,,35.0,1057.0,1057.0,False
401654575,2024,6,2024-10-05T16:00:00.000Z,2115,Central Connecticut,NEC,43,Yale,Ivy,22.0,,,23.0,,,False
401654576,2024,7,2024-10-12T16:00:00.000Z,2115,Central Connecticut,NEC,2385,Mercyhurst,NEC,38.0,,,20.0,,,True
401654474,2024,8,2024-10-19T17:00:00.000Z,2115,Central Connecticut,NEC,159,Dartmouth,Ivy,16.0,,,20.0,,,False
401654577,2024,9,2024-10-26T16:00:00.000Z,2115,Central Connecticut,NEC,2341,Long Island University,NEC,21.0,,,24.0,,,False
401654578,2024,10,2024-11-02T16:00:00.000Z,2115,Central Connecticut,NEC,2681,Wagner,NEC,24.0,,,14.0,,,True
401654579,2024,11,2024-11-09T18:00:00.000Z,2115,Central Connecticut,NEC,284,Stonehill,NEC,21.0,,,17.0,,,False
401654580,2024,12,2024-11-16T17:00:00.000Z,2115,Central Connecticut,NEC,2523,Robert Morris,NEC,35.0,,,33.0,,,True
401654581,2024,13,2024-11-23T17:00:00.000Z,2115,Central Connecticut,NEC,2184,Duquesne,NEC,21.0,,,14.0,,,True
401729737,2024,14,2024-11-30T17:00:00.000Z,2115,Central Connecticut,NEC,227,Rhode Island,CAA,17.0,,,21.0,,,False
401644730,2024,1,2024-08-29T23:00:00.000Z,2117,Central Michigan,Mid-American,2115,Central Connecticut,NEC,66.0,1333.0,1333.0,10.0,,,True
401640979,2024,2,2024-09-07T22:00:00.000Z,2117,Central Michigan,Mid-American,2229,Florida International,Conference USA,16.0,1333.0,1191.0,52.0,1129.0,1271.0,False
401628475,2024,3,2024-09-14T16:00:00.000Z,2117,Central Michigan,Mid-American,356,Illinois,Big Ten,9.0,1191.0,1173.0,30.0,1515.0,1533.0,False
401644735,2024,4,2024-09-21T17:00:00.000Z,2117,Central Michigan,Mid-American,2050,Ball State,Mid-American,37.0,1173.0,1174.0,34.0,1185.0,1184.0,True
401643721,2024,5,2024-09-28T19:30:00.000Z,2117,Central Michigan,Mid-American,21,San Diego State,Mountain West,22.0,1174.0,1180.0,21.0,1350.0,1344.0,True
401644746,2024,7,2024-10-12T20:00:00.000Z,2117,Central Michigan,Mid-American,195,Ohio,Mid-American,25.0,1180.0,1189.0,27.0,1414.0,1405.0,True
401644750,2024,8,2024-10-19T18:00:00.000Z,2117,Central Michigan,Mid-American,2199,Eastern Michigan,Mid-American,34.0,1189.0,1188.0,38.0,1261.0,1262.0,False
401644687,2024,9,2024-10-26T18:00:00.000Z,2117,Central Michigan,Mid-American,193,Miami (OH),Mid-American,7.0,1188.0,1116.0,46.0,1497.0,1569.0,False
401644760,2024,11,2024-11-06T00:30:00.000Z,2117,Central Michigan,Mid-American,189,Bowling Green,Mid-American,13.0,1116.0,1123.0,23.0,1456.0,1449.0,True
401644765,2024,12,2024-11-13T00:00:00.000Z,2117,Central Michigan,Mid-American,2649,Toledo,Mid-American,10.0,1123.0,1091.0,37.0,1463.0,1495.0,False
401644770,2024,13,2024-11-20T00:30:00.000Z,2117,Central Michigan,Mid-American,2711,Western Michigan,Mid-American,16.0,1091.0,1094.0,14.0,1249.0,1246.0,True
401644779,2024,14,2024-11-30T20:30:00.000Z,2117,Central Michigan,Mid-American,2459,Northern Illinois,Mid-American,16.0,1094.0,1103.0,24.0,1450.0,1441.0,False
401674109,2024,2,2024-09-07T18:00:00.000Z,2118,Central Missouri,Mid America,196,Northeastern State,Independent DII,63.0,,,21.0,,,True
401674110,2024,3,2024-09-15T00:00:00.000Z,2118,Central Missouri,Mid America,2122,Central Oklahoma,Mid America,40.0,,,57.0,,,False
401674111,2024,4,2024-09-21T16:00:00.000Z,2118,Central Missouri,Mid America,110254,Davenport,GLIAC,32.0,,,31.0,,,False
401674112,2024,5,2024-09-28T18:00:00.000Z,2118,Central Missouri,Mid America,2438,Nebraska-Kearney,Mid America,36.0,,,35.0,,,True
401674113,2024,6,2024-10-06T00:00:00.000Z,2118,Central Missouri,Mid America,2231,Fort Hays State,Mid America,21.0,,,31.0,,,False
401674114,2024,7,2024-10-12T18:00:00.000Z,2118,Central Missouri,Mid America,137,Missouri Western,Mid America,28.0,,,38.0,,,True
401674115,2024,8,2024-10-19T19:00:00.000Z,2118,Central Missouri,Mid America,138,Northwest Missouri St,Mid America,35.0,,,30.0,,,False
401674136,2024,9,2024-10-26T18:30:00.000Z,2118,Central Missouri,Mid America,2687,Washburn,Mid America,31.0,,,28.0,,,True
401674137,2024,10,2024-11-02T19:00:00.000Z,2118,Central Missouri,Mid America,90,Pittsburg St,Mid America,37.0,,,13.0,,,False
401674138,2024,11,2024-11-09T19:00:00.000Z,2118,Central Missouri,Mid America,2214,Emporia State University,Mid America,45.0,,,36.0,,,False
401674139,2024,12,2024-11-16T19:00:00.000Z,2118,Central Missouri,Mid America,2403,Missouri Southern State,Mid America,62.0,,,47.0,,,True
401674140,2024,2,2024-09-08T00:00:00.000Z,2122,Central Oklahoma,Mid America,2324,Langston University,,72.0,,,0.0,,,True
401674110,2024,3,2024-09-15T00:00:00.000Z,2122,Central Oklahoma,Mid America,2118,Central Missouri,Mid America,57.0,,,40.0,,,True
401674141,2024,4,2024-09-21T17:00:00.000Z,2122,Central Oklahoma,Mid America,2438,Nebraska-Kearney,Mid America,32.0,,,17.0,,,False
401674142,2024,5,2024-09-29T00:00:00.000Z,2122,Central Oklahoma,Mid America,2231,Fort Hays State,Mid America,49.0,,,24.0,,,True
401674143,2024,6,2024-10-05T19:00:00.000Z,2122,Central Oklahoma,Mid America,2403,Missouri Southern State,Mid America,59.0,,,24.0,,,False
401674144,2024,7,2024-10-12T18:00:00.000Z,2122,Central Oklahoma,Mid America,138,Northwest Missouri St,Mid America,48.0,,,20.0,,,True
401674145,2024,8,2024-10-19T18:00:00.000Z,2122,Central Oklahoma,Mid America,196,Northeastern State,Independent DII,64.0,,,57.0,,,False
401674146,2024,9,2024-10-26T19:00:00.000Z,2122,Central Oklahoma,Mid America,90,Pittsburg St,Mid America,21.0,,,35.0,,,True
401674147,2024,10,2024-11-02T19:00:00.000Z,2122,Central Oklahoma,Mid America,137,Missouri Western,Mid America,37.0,,,34.0,,,False
401674148,2024,11,2024-11-09T19:00:00.000Z,2122,Central Oklahoma,Mid America,2687,Washburn,Mid America,28.0,,,27.0,,,False
401674149,2024,12,2024-11-16T19:00:00.000Z,2122,Central Oklahoma,Mid America,2214,Emporia State University,Mid America,55.0,,,38.0,,,True
401734595,2024,13,2024-11-23T19:00:00.000Z,2122,Central Oklahoma,Mid America,2888,Ouachita Baptist,Great American,38.0,,,31.0,,,True
401734994,2024,14,2024-11-30T17:00:00.000Z,2122,Central Oklahoma,Mid America,2222,Ferris State,GLIAC,17.0,,,78.0,,,False
401673041,2024,1,2024-08-29T22:00:00.000Z,2119,Central State (OH),SIAC,2413,Morehead State,Pioneer,10.0,,,17.0,,,False
401674558,2024,2,2024-09-05T22:00:00.000Z,2119,Central State (OH),SIAC,125,Grand Valley State University,GLIAC,0.0,,,58.0,,,False
401675614,2024,3,2024-09-14T22:00:00.000Z,2119,Central State (OH),SIAC,2542,Savannah St,SIAC,10.0,,,3.0,,,False
401675562,2024,4,2024-09-21T17:00:00.000Z,2119,Central State (OH),SIAC,2013,Albany State GA,SIAC,7.0,,,28.0,,,True
401675611,2024,6,2024-10-05T21:00:00.000Z,2119,Central State (OH),SIAC,2396,Miles College,SIAC,7.0,,,16.0,,,False
401675590,2024,7,2024-10-12T17:00:00.000Z,2119,Central State (OH),SIAC,2805,Clark Atlanta,SIAC,20.0,,,25.0,,,True
401675609,2024,8,2024-10-19T19:00:00.000Z,2119,Central State (OH),SIAC,2323,Lane College,SIAC,24.0,,,27.0,,,False
401675618,2024,9,2024-10-26T17:00:00.000Z,2119,Central State (OH),SIAC,2657,Tuskegee,SIAC,14.0,,,30.0,,,True
401675577,2024,10,2024-11-02T18:00:00.000Z,2119,Central State (OH),SIAC,2019,Allen,SIAC,3.0,,,41.0,,,False
401675606,2024,11,2024-11-09T18:00:00.000Z,2119,Central State (OH),SIAC,2310,Kentucky State,SIAC,14.0,,,24.0,,,True
401673043,2024,2,2024-09-07T20:00:00.000Z,2120,Central Washington,Lone Star,301,San Diego,Pioneer,7.0,,,26.0,,,False
401673280,2024,3,2024-09-14T19:00:00.000Z,2120,Central Washington,Lone Star,11,Colorado Mesa,Rocky Mountain,28.0,,,12.0,,,False
401675522,2024,4,2024-09-22T00:00:00.000Z,2120,Central Washington,Lone Star,2704,West Texas A&M,Lone Star,45.0,,,3.0,,,False
401675523,2024,5,2024-09-29T01:00:00.000Z,2120,Central Washington,Lone Star,2703,Western New Mexico,Lone Star,36.0,,,0.0,,,True
401675524,2024,6,2024-10-06T00:00:00.000Z,2120,Central Washington,Lone Star,2201,Eastern New Mexico,Lone Star,44.0,,,28.0,,,False
401675525,2024,7,2024-10-13T01:00:00.000Z,2120,Central Washington,Lone Star,110243,UT Permian Basin,Lone Star,13.0,,,14.0,,,True
401675526,2024,8,2024-10-20T00:00:00.000Z,2120,Central Washington,Lone Star,2658,Texas A&M-Kingsville,Lone Star,31.0,,,0.0,,,False
401675527,2024,9,2024-10-27T01:00:00.000Z,2120,Central Washington,Lone Star,2395,Midwestern State,Lone Star,42.0,,,21.0,,,True
401675519,2024,10,2024-11-02T23:00:00.000Z,2120,Central Washington,Lone Star,2025,Angelo State,Lone Star,16.0,,,17.0,,,False
401675528,2024,11,2024-11-10T02:00:00.000Z,2120,Central Washington,Lone Star,2834,Sul Ross State,Lone Star,66.0,,,0.0,,,True
401675529,2024,12,2024-11-16T21:00:00.000Z,2120,Central Washington,Lone Star,2848,Western Oregon,Lone Star,13.0,,,3.0,,,True
401734599,2024,13,2024-11-23T20:00:00.000Z,2120,Central Washington,Lone Star,2714,Western Colorado,Rocky Mountain,21.0,,,28.0,,,False
401674782,2024,2,2024-09-07T17:30:00.000Z,2121,Centre College Kentucky,Southern Athletic,2262,Hanover College,Heartland,27.0,,,12.0,,,False
401676024,2024,3,2024-09-14T23:00:00.000Z,2121,Centre College Kentucky,Southern Athletic,2373,Maryville College (TN),USA South,17.0,,,14.0,,,True
401677409,2024,4,2024-09-21T17:00:00.000Z,2121,Centre College Kentucky,Southern Athletic,297,Hampden-Sydney,Old Dominion,34.0,,,38.0,,,False
401676257,2024,6,2024-10-05T17:00:00.000Z,2121,Centre College Kentucky,Southern Athletic,386,Trinity University TX,Southern Athletic,24.0,,,12.0,,,True
401676363,2024,7,2024-10-12T18:30:00.000Z,2121,Centre College Kentucky,Southern Athletic,2398,Millsaps,Southern Athletic,24.0,,,20.0,,,False
401676365,2024,8,2024-10-19T17:00:00.000Z,2121,Centre College Kentucky,Southern Athletic,418,Hendrix College,Southern Athletic,35.0,,,18.0,,,True
401676373,2024,9,2024-10-26T16:00:00.000Z,2121,Centre College Kentucky,Southern Athletic,2588,Southwestern University,Southern Athletic,38.0,,,28.0,,,False
401676374,2024,10,2024-11-02T17:00:00.000Z,2121,Centre College Kentucky,Southern Athletic,2757,Berry College,Southern Athletic,21.0,,,28.0,,,False
401676304,2024,11,2024-11-09T17:00:00.000Z,2121,Centre College Kentucky,Southern Athletic,2519,Rhodes College,Southern Athletic,49.0,,,20.0,,,True
401676270,2024,12,2024-11-16T18:00:00.000Z,2121,Centre College Kentucky,Southern Athletic,2553,Sewanee,Southern Athletic,35.0,,,8.0,,,True
401734594,2024,14,2024-11-30T17:00:00.000Z,2121,Centre College Kentucky,Southern Athletic,2102,Carnegie Mellon,Presidents',15.0,,,24.0,,,False
401673282,2024,1,2024-08-30T00:00:00.000Z,2123,Chadron St,Rocky Mountain,2438,Nebraska-Kearney,Mid America,6.0,,,18.0,,,True
401673283,2024,2,2024-09-06T00:00:00.000Z,2123,Chadron St,Rocky Mountain,2939,Jamestown College,,17.0,,,10.0,,,True
401673277,2024,4,2024-09-21T18:00:00.000Z,2123,Chadron St,Rocky Mountain,2146,Colorado School Of Mines,Rocky Mountain,12.0,,,13.0,,,True
401673281,2024,5,2024-09-28T19:00:00.000Z,2123,Chadron St,Rocky Mountain,11,Colorado Mesa,Rocky Mountain,3.0,,,18.0,,,False
401673144,2024,6,2024-10-05T18:00:00.000Z,2123,Chadron St,Rocky Mountain,2001,Adams State,Rocky Mountain,52.0,,,3.0,,,True
401673260,2024,7,2024-10-12T18:00:00.000Z,2123,Chadron St,Rocky Mountain,2424,New Mexico Highlands,Rocky Mountain,30.0,,,33.0,,,False
401673267,2024,8,2024-10-19T19:00:00.000Z,2123,Chadron St,Rocky Mountain,2237,Fort Lewis,Rocky Mountain,55.0,,,13.0,,,True
401673237,2024,9,2024-10-26T22:00:00.000Z,2123,Chadron St,Rocky Mountain,2069,Black Hills State,Rocky Mountain,16.0,,,21.0,,,False
401673255,2024,10,2024-11-02T18:00:00.000Z,2123,Chadron St,Rocky Mountain,613,South Dakota Mines,Rocky Mountain,17.0,,,24.0,,,True
401673247,2024,11,2024-11-09T20:00:00.000Z,2123,Chadron St,Rocky Mountain,2714,Western Colorado,Rocky Mountain,17.0,,,21.0,,,False
401673274,2024,12,2024-11-16T19:00:00.000Z,2123,Chadron St,Rocky Mountain,2570,CSU Pueblo,Rocky Mountain,21.0,,,38.0,,,True
401676197,2024,2,2024-09-08T02:00:00.000Z,411,Chapman,So. Cal.,205,Pacific (OR),Northwest,43.0,,,23.0,,,True
401676198,2024,4,2024-09-21T20:00:00.000Z,411,Chapman,So. Cal.,2721,Whitworth,Northwest,28.0,,,35.0,,,False
401675926,2024,5,2024-09-29T02:00:00.000Z,411,Chapman,So. Cal.,29,Redlands,So. Cal.,32.0,,,10.0,,,False
401676178,2024,6,2024-10-06T02:00:00.000Z,411,Chapman,So. Cal.,2094,California Lutheran University,So. Cal.,24.0,,,20.0,,,True
401676199,2024,7,2024-10-12T20:00:00.000Z,411,Chapman,So. Cal.,17,Claremont-Mudd-Scripps College,So. Cal.,41.0,,,13.0,,,False
401676200,2024,8,2024-10-20T02:00:00.000Z,411,Chapman,So. Cal.,2923,Pomona Pitzer,So. Cal.,17.0,,,21.0,,,True
401676181,2024,9,2024-10-27T02:00:00.000Z,411,Chapman,So. Cal.,2094,California Lutheran University,So. Cal.,28.0,,,18.0,,,False
401676196,2024,10,2024-11-03T02:00:00.000Z,411,Chapman,So. Cal.,17,Claremont-Mudd-Scripps College,So. Cal.,9.0,,,7.0,,,True
401676201,2024,11,2024-11-09T21:00:00.000Z,411,Chapman,So. Cal.,2318,La Verne,So. Cal.,42.0,,,21.0,,,False
401734016,2024,12,2024-11-16T22:30:00.000Z,411,Chapman,So. Cal.,2923,Pomona Pitzer,So. Cal.,34.0,,,37.0,,,False
401654844,2024,1,2024-08-31T22:00:00.000Z,2127,Charleston Southern,Big South-OVC,2643,The Citadel,Southern,21.0,,,22.0,,,True
401654677,2024,2,2024-09-07T22:00:00.000Z,2127,Charleston Southern,Big South-OVC,231,Furman,Southern,24.0,,,20.0,,,False
401628615,2024,3,2024-09-14T18:00:00.000Z,2127,Charleston Southern,Big South-OVC,257,Richmond,CAA,0.0,,,38.0,,,False
401633981,2024,5,2024-09-28T22:00:00.000Z,2127,Charleston Southern,Big South-OVC,2634,Tennessee State,Big South-OVC,9.0,,,13.0,,,False
401633984,2024,6,2024-10-05T20:00:00.000Z,2127,Charleston Southern,Big South-OVC,2710,Western Illinois,Big South-OVC,20.0,,,31.0,,,True
401633988,2024,7,2024-10-12T18:00:00.000Z,2127,Charleston Southern,Big South-OVC,2815,Lindenwood,Big South-OVC,14.0,,,29.0,,,False
401633992,2024,8,2024-10-19T20:00:00.000Z,2127,Charleston Southern,Big South-OVC,2546,Southeast Missouri State,Big South-OVC,13.0,,,26.0,,,True
401633995,2024,9,2024-10-26T18:30:00.000Z,2127,Charleston Southern,Big South-OVC,2635,Tennessee Tech,Big South-OVC,23.0,,,28.0,,,False
401633999,2024,10,2024-11-02T18:00:00.000Z,2127,Charleston Southern,Big South-OVC,2241,Gardner-Webb,Big South-OVC,14.0,,,17.0,,,True
401634003,2024,11,2024-11-09T19:00:00.000Z,2127,Charleston Southern,Big South-OVC,2630,UT Martin,Big South-OVC,14.0,,,40.0,,,True
401634007,2024,12,2024-11-16T18:00:00.000Z,2127,Charleston Southern,Big South-OVC,2197,Eastern Illinois,Big South-OVC,13.0,,,16.0,,,False
401635616,2024,13,2024-11-23T18:30:00.000Z,2127,Charleston Southern,Big South-OVC,52,Florida State,ACC,7.0,,,41.0,1353.0,1353.0,False
401643774,2024,1,2024-09-01T00:00:00.000Z,2429,Charlotte,American Athletic,256,James Madison,Sun Belt,7.0,1203.0,1195.0,30.0,1691.0,1699.0,True
401635537,2024,2,2024-09-07T19:30:00.000Z,2429,Charlotte,American Athletic,153,North Carolina,ACC,20.0,1195.0,1187.0,38.0,1546.0,1554.0,False
401645327,2024,3,2024-09-14T22:00:00.000Z,2429,Charlotte,American Athletic,2241,Gardner-Webb,Big South-OVC,27.0,1174.0,1174.0,26.0,,,True
401628486,2024,4,2024-09-21T16:00:00.000Z,2429,Charlotte,American Athletic,84,Indiana,Big Ten,14.0,1187.0,1122.0,52.0,1527.0,1592.0,False
401645333,2024,5,2024-09-28T23:00:00.000Z,2429,Charlotte,American Athletic,242,Rice,American Athletic,21.0,1122.0,1128.0,20.0,1225.0,1219.0,False
401645340,2024,6,2024-10-05T19:30:00.000Z,2429,Charlotte,American Athletic,151,East Carolina,American Athletic,55.0,1128.0,1253.0,24.0,1423.0,1298.0,True
401645347,2024,8,2024-10-19T19:30:00.000Z,2429,Charlotte,American Athletic,2426,Navy,American Athletic,17.0,1253.0,1196.0,51.0,1555.0,1612.0,False
401645353,2024,9,2024-10-26T16:00:00.000Z,2429,Charlotte,American Athletic,235,Memphis,American Athletic,28.0,1196.0,1207.0,33.0,1612.0,1601.0,False
401645356,2024,10,2024-10-31T23:30:00.000Z,2429,Charlotte,American Athletic,2655,Tulane,American Athletic,3.0,1207.0,1182.0,34.0,1732.0,1757.0,True
401645368,2024,12,2024-11-16T20:30:00.000Z,2429,Charlotte,American Athletic,58,South Florida,American Athletic,24.0,1182.0,1101.0,59.0,1339.0,1420.0,True
401645371,2024,13,2024-11-23T20:00:00.000Z,2429,Charlotte,American Athletic,2226,Florida Atlantic,American Athletic,39.0,1101.0,1129.0,27.0,1123.0,1095.0,False
401645377,2024,14,2024-11-30T20:30:00.000Z,2429,Charlotte,American Athletic,5,UAB,American Athletic,29.0,1129.0,1131.0,27.0,1231.0,1229.0,True
401628330,2024,1,2024-08-31T16:45:00.000Z,236,Chattanooga,Southern,2633,Tennessee,SEC,3.0,,,69.0,1751.0,1751.0,False
401632459,2024,2,2024-09-07T23:00:00.000Z,236,Chattanooga,Southern,2247,Georgia State,Sun Belt,21.0,,,24.0,1369.0,1369.0,False
401632460,2024,3,2024-09-14T22:00:00.000Z,236,Chattanooga,Southern,2382,Mercer,Southern,3.0,,,10.0,,,True
401632461,2024,5,2024-09-28T23:00:00.000Z,236,Chattanooga,Southern,2502,Portland State,Big Sky,45.0,,,30.0,,,True
401632462,2024,6,2024-10-05T19:30:00.000Z,236,Chattanooga,Southern,2193,East Tennessee State,Southern,17.0,,,10.0,,,False
401632463,2024,7,2024-10-12T18:00:00.000Z,236,Chattanooga,Southern,231,Furman,Southern,41.0,,,10.0,,,False
401632464,2024,8,2024-10-19T17:30:00.000Z,236,Chattanooga,Southern,2747,Wofford,Southern,37.0,,,5.0,,,True
401632465,2024,9,2024-10-26T20:00:00.000Z,236,Chattanooga,Southern,2678,VMI,Southern,31.0,,,10.0,,,True
401632466,2024,10,2024-11-02T18:30:00.000Z,236,Chattanooga,Southern,2717,Western Carolina,Southern,34.0,,,38.0,,,False
401632467,2024,11,2024-11-09T19:00:00.000Z,236,Chattanooga,Southern,2643,The Citadel,Southern,31.0,,,7.0,,,False
401632468,2024,12,2024-11-16T18:30:00.000Z,236,Chattanooga,Southern,2535,Samford,Southern,13.0,,,36.0,,,True
401632142,2024,13,2024-11-23T19:00:00.000Z,236,Chattanooga,Southern,2046,Austin Peay,UAC,24.0,,,17.0,,,False
401675932,2024,2,2024-09-07T20:00:00.000Z,80,Chicago,Midwest,17,Claremont-Mudd-Scripps College,So. Cal.,0.0,,,24.0,,,False
401677464,2024,3,2024-09-14T18:00:00.000Z,80,Chicago,Midwest,2919,Monmouth (IL),Midwest,21.0,,,34.0,,,True
401675007,2024,4,2024-09-21T18:00:00.000Z,80,Chicago,Midwest,255,Knox College,Midwest,27.0,,,13.0,,,False
401674994,2024,6,2024-10-05T18:00:00.000Z,80,Chicago,Midwest,266,Beloit,Midwest,23.0,,,3.0,,,True
401673449,2024,7,2024-10-12T23:00:00.000Z,80,Chicago,Midwest,2286,Illinois College,Midwest,37.0,,,50.0,,,False
401675025,2024,8,2024-10-19T18:00:00.000Z,80,Chicago,Midwest,2891,Ripon,Midwest,30.0,,,6.0,,,False
401675038,2024,9,2024-10-26T19:00:00.000Z,80,Chicago,Midwest,2155,Cornell College (IA),Midwest,33.0,,,14.0,,,True
401675022,2024,10,2024-11-02T22:00:00.000Z,80,Chicago,Midwest,268,Lawrence University,Midwest,64.0,,,14.0,,,False
401675004,2024,11,2024-11-09T19:00:00.000Z,80,Chicago,Midwest,65,Grinnell,Midwest,42.0,,,6.0,,,True
401675018,2024,12,2024-11-16T19:00:00.000Z,80,Chicago,Midwest,262,Lake Forest College,Midwest,9.0,,,28.0,,,True
401675467,2024,2,2024-09-07T17:00:00.000Z,2804,Chowan,Gulf South,2207,Elizabeth City State,CIAA,9.0,,,12.0,,,False
401675468,2024,3,2024-09-14T22:00:00.000Z,2804,Chowan,Gulf South,122666,Wilson,South Atlantic,20.0,,,24.0,,,True
401675469,2024,5,2024-09-28T17:00:00.000Z,2804,Chowan,Gulf South,2401,Mississippi College,Gulf South,27.0,,,25.0,,,True
401675470,2024,6,2024-10-05T23:00:00.000Z,2804,Chowan,Gulf South,2170,Delta State,Gulf South,9.0,,,54.0,,,False
401675471,2024,7,2024-10-12T17:00:00.000Z,2804,Chowan,Gulf South,2560,Shorter,Gulf South,31.0,,,27.0,,,True
401675472,2024,8,2024-10-19T17:00:00.000Z,2804,Chowan,Gulf South,110242,West Florida,Gulf South,6.0,,,35.0,,,True
401675473,2024,9,2024-10-26T19:00:00.000Z,2804,Chowan,Gulf South,2695,West Alabama,Gulf South,0.0,,,38.0,,,False
401675474,2024,10,2024-11-02T19:00:00.000Z,2804,Chowan,Gulf South,2673,Valdosta State,Gulf South,0.0,,,52.0,,,False
401658356,2024,11,2024-11-09T18:00:00.000Z,2804,Chowan,Gulf South,101784,ERSKINE,Gulf South,21.0,,,3.0,,,True
401675475,2024,12,2024-11-16T18:00:00.000Z,2804,Chowan,Gulf South,2822,North Greenville,Gulf South,27.0,,,31.0,,,False
401674939,2024,2,2024-09-07T17:00:00.000Z,3112,Christopher Newport,New Jersey,2651,Trine University,Michigan,42.0,,,6.0,,,False
401674689,2024,3,2024-09-14T21:00:00.000Z,3112,Christopher Newport,New Jersey,118,Johns Hopkins University,Centennial,3.0,,,14.0,,,True
401674681,2024,4,2024-09-21T17:00:00.000Z,3112,Christopher Newport,New Jersey,2248,Gettysburg,Centennial,54.0,,,37.0,,,False
401676230,2024,6,2024-10-05T22:00:00.000Z,3112,Christopher Newport,New Jersey,2532,Salisbury,New Jersey,38.0,,,42.0,,,False
401674673,2024,7,2024-10-12T17:00:00.000Z,3112,Christopher Newport,New Jersey,2175,Dickinson (PA),Centennial,28.0,,,31.0,,,True
401676231,2024,8,2024-10-19T17:00:00.000Z,3112,Christopher Newport,New Jersey,2827,Rowan,New Jersey,24.0,,,7.0,,,True
401676232,2024,9,2024-10-26T17:00:00.000Z,3112,Christopher Newport,New Jersey,2871,Kean,New Jersey,32.0,,,21.0,,,False
401676233,2024,10,2024-11-02T17:00:00.000Z,3112,Christopher Newport,New Jersey,2970,William Paterson,New Jersey,45.0,,,7.0,,,True
401676234,2024,11,2024-11-09T18:00:00.000Z,3112,Christopher Newport,New Jersey,2818,Montclair State,New Jersey,33.0,,,10.0,,,False
401676235,2024,12,2024-11-16T18:00:00.000Z,3112,Christopher Newport,New Jersey,2442,College Of New Jersey,New Jersey,70.0,,,31.0,,,True
401628591,2024,1,2024-08-31T18:30:00.000Z,2132,Cincinnati,Big 12,119,Towson,CAA,38.0,1394.0,1394.0,20.0,,,True
401635538,2024,2,2024-09-07T16:00:00.000Z,2132,Cincinnati,Big 12,221,Pittsburgh,ACC,27.0,1394.0,1397.0,28.0,1486.0,1483.0,True
401636865,2024,3,2024-09-14T16:00:00.000Z,2132,Cincinnati,Big 12,193,Miami (OH),Mid-American,27.0,1397.0,1429.0,16.0,1490.0,1458.0,False
401636873,2024,4,2024-09-21T16:00:00.000Z,2132,Cincinnati,Big 12,248,Houston,Big 12,34.0,1429.0,1529.0,0.0,1466.0,1366.0,True
401636884,2024,5,2024-09-29T00:00:00.000Z,2132,Cincinnati,Big 12,2641,Texas Tech,Big 12,41.0,1529.0,1529.0,44.0,1628.0,1628.0,False
401636895,2024,7,2024-10-12T19:30:00.000Z,2132,Cincinnati,Big 12,2116,UCF,Big 12,19.0,1529.0,1538.0,13.0,1510.0,1501.0,False
401636899,2024,8,2024-10-19T16:00:00.000Z,2132,Cincinnati,Big 12,9,Arizona State,Big 12,24.0,1538.0,1554.0,14.0,1529.0,1513.0,True
401636907,2024,9,2024-10-27T02:15:00.000Z,2132,Cincinnati,Big 12,38,Colorado,Big 12,23.0,1554.0,1536.0,34.0,1580.0,1598.0,False
401636918,2024,11,2024-11-09T17:00:00.000Z,2132,Cincinnati,Big 12,277,West Virginia,Big 12,24.0,1536.0,1524.0,31.0,1549.0,1561.0,True
401636926,2024,12,2024-11-17T01:00:00.000Z,2132,Cincinnati,Big 12,66,Iowa State,Big 12,17.0,1524.0,1506.0,34.0,1728.0,1746.0,False
401636933,2024,13,2024-11-24T01:00:00.000Z,2132,Cincinnati,Big 12,2306,Kansas State,Big 12,15.0,1506.0,1465.0,41.0,1731.0,1772.0,False
401636943,2024,14,2024-11-30T23:00:00.000Z,2132,Cincinnati,Big 12,2628,TCU,Big 12,13.0,1465.0,1463.0,20.0,1614.0,1616.0,True
401675932,2024,2,2024-09-07T20:00:00.000Z,17,Claremont-Mudd-Scripps College,So. Cal.,80,Chicago,Midwest,24.0,,,0.0,,,True
401675933,2024,4,2024-09-21T20:00:00.000Z,17,Claremont-Mudd-Scripps College,So. Cal.,415,NEWBERG,Northwest,27.0,,,17.0,,,False
401676177,2024,5,2024-09-29T02:00:00.000Z,17,Claremont-Mudd-Scripps College,So. Cal.,2094,California Lutheran University,So. Cal.,31.0,,,13.0,,,False
401675934,2024,6,2024-10-06T02:00:00.000Z,17,Claremont-Mudd-Scripps College,So. Cal.,2923,Pomona Pitzer,So. Cal.,20.0,,,14.0,,,False
401676199,2024,7,2024-10-12T20:00:00.000Z,17,Claremont-Mudd-Scripps College,So. Cal.,411,Chapman,So. Cal.,13.0,,,41.0,,,True
401675935,2024,8,2024-10-19T20:00:00.000Z,17,Claremont-Mudd-Scripps College,So. Cal.,2318,La Verne,So. Cal.,57.0,,,14.0,,,True
401675929,2024,9,2024-10-27T02:00:00.000Z,17,Claremont-Mudd-Scripps College,So. Cal.,29,Redlands,So. Cal.,17.0,,,10.0,,,False
401676196,2024,10,2024-11-03T02:00:00.000Z,17,Claremont-Mudd-Scripps College,So. Cal.,411,Chapman,So. Cal.,7.0,,,9.0,,,False
401676183,2024,11,2024-11-09T21:00:00.000Z,17,Claremont-Mudd-Scripps College,So. Cal.,2094,California Lutheran University,So. Cal.,41.0,,,24.0,,,True
401734018,2024,12,2024-11-16T21:00:00.000Z,17,Claremont-Mudd-Scripps College,So. Cal.,29,Redlands,So. Cal.,24.0,,,0.0,,,True
401676074,2024,1,2024-08-29T23:00:00.000Z,2134,Clarion,Pennsylvania State Athletic,210,Millersville,Pennsylvania State Athletic,36.0,,,7.0,,,False
401676075,2024,2,2024-09-05T22:00:00.000Z,2134,Clarion,Pennsylvania State Athletic,2339,Lincoln (PA),CIAA,20.0,,,9.0,,,True
401676076,2024,3,2024-09-14T17:00:00.000Z,2134,Clarion,Pennsylvania State Athletic,2559,Shippensburg,Pennsylvania State Athletic,21.0,,,24.0,,,False
401676077,2024,4,2024-09-21T16:00:00.000Z,2134,Clarion,Pennsylvania State Athletic,2974,Shepherd,Pennsylvania State Athletic,9.0,,,27.0,,,False
401676078,2024,5,2024-09-28T20:00:00.000Z,2134,Clarion,Pennsylvania State Athletic,2291,Indiana-Pennsylvania,Pennsylvania State Athletic,0.0,,,31.0,,,False
401674352,2024,6,2024-10-05T18:00:00.000Z,2134,Clarion,Pennsylvania State Athletic,2858,PennWest California,Pennsylvania State Athletic,27.0,,,31.0,,,True
401674376,2024,8,2024-10-19T16:00:00.000Z,2134,Clarion,Pennsylvania State Athletic,2205,Edinboro University,Pennsylvania State Athletic,29.0,,,28.0,,,True
401676079,2024,9,2024-10-26T20:00:00.000Z,2134,Clarion,Pennsylvania State Athletic,611,Seton Hill,Pennsylvania State Athletic,16.0,,,31.0,,,False
401676080,2024,10,2024-10-31T22:00:00.000Z,2134,Clarion,Pennsylvania State Athletic,215,Slippery Rock,Pennsylvania State Athletic,22.0,,,38.0,,,True
401674385,2024,11,2024-11-09T17:00:00.000Z,2134,Clarion,Pennsylvania State Athletic,367,Gannon,Pennsylvania State Athletic,28.0,,,34.0,,,True
401674372,2024,12,2024-11-16T17:00:00.000Z,2134,Clarion,Pennsylvania State Athletic,2188,East Stroudsburg University,Pennsylvania State Athletic,19.0,,,22.0,,,True
401675586,2024,1,2024-08-31T17:00:00.000Z,2805,Clark Atlanta,SIAC,2232,Fort Valley State,SIAC,45.0,,,42.0,,,False
401675570,2024,2,2024-09-07T18:00:00.000Z,2805,Clark Atlanta,SIAC,2019,Allen,SIAC,26.0,,,22.0,,,True
401675587,2024,3,2024-09-14T17:00:00.000Z,2805,Clark Atlanta,SIAC,125762,Florida Memorial University,,28.0,,,28.0,,,False
401636365,2024,4,2024-09-21T19:00:00.000Z,2805,Clark Atlanta,SIAC,2065,Bethune-Cookman,SWAC,38.0,,,37.0,,,False
401675588,2024,5,2024-09-28T19:00:00.000Z,2805,Clark Atlanta,SIAC,2323,Lane College,SIAC,38.0,,,28.0,,,False
401675589,2024,6,2024-10-05T18:00:00.000Z,2805,Clark Atlanta,SIAC,2542,Savannah St,SIAC,28.0,,,35.0,,,True
401675590,2024,7,2024-10-12T17:00:00.000Z,2805,Clark Atlanta,SIAC,2119,Central State (OH),SIAC,25.0,,,20.0,,,False
401675591,2024,8,2024-10-19T17:00:00.000Z,2805,Clark Atlanta,SIAC,2396,Miles College,SIAC,28.0,,,49.0,,,True
401675592,2024,10,2024-11-02T17:00:00.000Z,2805,Clark Atlanta,SIAC,2657,Tuskegee,SIAC,36.0,,,28.0,,,True
401675593,2024,11,2024-11-09T18:00:00.000Z,2805,Clark Atlanta,SIAC,60,Morehouse College,SIAC,28.0,,,17.0,,,False
401733667,2024,12,2024-11-16T17:00:00.000Z,2805,Clark Atlanta,SIAC,2396,Miles College,SIAC,25.0,,,53.0,,,False
401628323,2024,1,2024-08-31T16:00:00.000Z,228,Clemson,ACC,61,Georgia,SEC,3.0,1676.0,1625.0,34.0,2015.0,2066.0,False
401677176,2024,1,2024-12-21T21:00:00.000Z,228,Clemson,ACC,251,Texas,SEC,24.0,1815.0,1807.0,38.0,2057.0,2065.0,False
401635532,2024,2,2024-09-08T00:00:00.000Z,228,Clemson,ACC,2026,App State,Sun Belt,66.0,1625.0,1757.0,20.0,1578.0,1446.0,True
401635552,2024,4,2024-09-21T16:00:00.000Z,228,Clemson,ACC,152,NC State,ACC,59.0,1757.0,1790.0,35.0,1511.0,1478.0,True
401635561,2024,5,2024-09-28T23:00:00.000Z,228,Clemson,ACC,24,Stanford,ACC,40.0,1790.0,1805.0,14.0,1303.0,1288.0,True
401635569,2024,6,2024-10-05T23:00:00.000Z,228,Clemson,ACC,52,Florida State,ACC,29.0,1805.0,1817.0,13.0,1544.0,1532.0,False
401635576,2024,7,2024-10-12T16:00:00.000Z,228,Clemson,ACC,154,Wake Forest,ACC,49.0,1817.0,1864.0,14.0,1390.0,1343.0,False
401635588,2024,8,2024-10-19T16:00:00.000Z,228,Clemson,ACC,258,Virginia,ACC,48.0,1864.0,1863.0,31.0,1424.0,1425.0,True
401635600,2024,10,2024-11-02T23:30:00.000Z,228,Clemson,ACC,97,Louisville,ACC,21.0,1863.0,1819.0,33.0,1681.0,1725.0,True
401635607,2024,11,2024-11-09T20:30:00.000Z,228,Clemson,ACC,259,Virginia Tech,ACC,24.0,1819.0,1827.0,14.0,1666.0,1658.0,False
401635582,2024,12,2024-11-16T17:00:00.000Z,228,Clemson,ACC,221,Pittsburgh,ACC,24.0,1827.0,1815.0,20.0,1519.0,1531.0,False
401635614,2024,13,2024-11-23T20:30:00.000Z,228,Clemson,ACC,2643,The Citadel,Southern,51.0,1824.0,1824.0,14.0,,,True
401628444,2024,14,2024-11-30T17:00:00.000Z,228,Clemson,ACC,2579,South Carolina,SEC,14.0,1815.0,1811.0,17.0,1828.0,1832.0,True
401673463,2024,15,2024-12-08T01:00:00.000Z,228,Clemson,ACC,2567,SMU,ACC,34.0,1811.0,1815.0,31.0,1890.0,1886.0,False
401676770,2024,2,2024-09-07T17:00:00.000Z,2557,Coast Guard,NEWMAC,111675,Biddeford,Commonwealth Coast,30.0,,,24.0,,,True
401677453,2024,3,2024-09-14T16:00:00.000Z,2557,Coast Guard,NEWMAC,15,Anna Maria College,ECFC,52.0,,,45.0,,,False
401676756,2024,4,2024-09-21T17:00:00.000Z,2557,Coast Guard,NEWMAC,2884,Nichols College,Commonwealth Coast,47.0,,,56.0,,,False
401676225,2024,5,2024-09-28T17:00:00.000Z,2557,Coast Guard,NEWMAC,81,Springfield,NEWMAC,34.0,,,52.0,,,True
401677474,2024,6,2024-10-05T16:00:00.000Z,2557,Coast Guard,NEWMAC,109,MIT,NEWMAC,21.0,,,19.0,,,False
401677498,2024,8,2024-10-19T17:30:00.000Z,2557,Coast Guard,NEWMAC,2776,Salve Regina,NEWMAC,28.0,,,34.0,,,True
401676220,2024,9,2024-10-26T16:00:00.000Z,2557,Coast Guard,NEWMAC,2467,Norwich,NEWMAC,17.0,,,13.0,,,False
401682363,2024,10,2024-11-02T16:00:00.000Z,2557,Coast Guard,NEWMAC,2749,Worcester Polytechnic Institute,NEWMAC,14.0,,,38.0,,,True
401682329,2024,11,2024-11-09T17:00:00.000Z,2557,Coast Guard,NEWMAC,2951,SUNY Maritime,NEWMAC,37.0,,,55.0,,,True
401676217,2024,12,2024-11-16T17:00:00.000Z,2557,Coast Guard,NEWMAC,2383,Merchant Marine Academy,NEWMAC,42.0,,,21.0,,,False
401640998,2024,1,2024-08-30T00:00:00.000Z,324,Coastal Carolina,Sun Belt,55,Jacksonville State,Conference USA,55.0,1448.0,1537.0,27.0,1538.0,1449.0,False
401677085,2024,1,2024-12-23T16:00:00.000Z,324,Coastal Carolina,Sun Belt,2636,UTSA,American Athletic,15.0,1384.0,1319.0,44.0,1479.0,1544.0,False
401628603,2024,2,2024-09-07T23:00:00.000Z,324,Coastal Carolina,Sun Belt,2729,William & Mary,CAA,40.0,1537.0,1537.0,21.0,,,True
401643786,2024,3,2024-09-14T18:00:00.000Z,324,Coastal Carolina,Sun Belt,218,Temple,American Athletic,28.0,1537.0,1519.0,20.0,1074.0,1092.0,False
401635558,2024,4,2024-09-21T18:00:00.000Z,324,Coastal Carolina,Sun Belt,258,Virginia,ACC,24.0,1519.0,1448.0,43.0,1318.0,1389.0,True
401643798,2024,6,2024-10-05T23:00:00.000Z,324,Coastal Carolina,Sun Belt,295,Old Dominion,Sun Belt,45.0,1448.0,1456.0,37.0,1377.0,1369.0,True
401643803,2024,7,2024-10-10T23:30:00.000Z,324,Coastal Carolina,Sun Belt,256,James Madison,Sun Belt,7.0,1456.0,1413.0,39.0,1823.0,1866.0,False
401643811,2024,8,2024-10-19T16:00:00.000Z,324,Coastal Carolina,Sun Belt,309,Louisiana,Sun Belt,24.0,1413.0,1402.0,34.0,1527.0,1538.0,True
401643824,2024,10,2024-11-02T20:00:00.000Z,324,Coastal Carolina,Sun Belt,2653,Troy,Sun Belt,24.0,1402.0,1376.0,38.0,1429.0,1455.0,False
401643825,2024,11,2024-11-08T01:00:00.000Z,324,Coastal Carolina,Sun Belt,2026,App State,Sun Belt,38.0,1376.0,1403.0,24.0,1359.0,1332.0,True
401643832,2024,12,2024-11-16T18:00:00.000Z,324,Coastal Carolina,Sun Belt,276,Marshall,Sun Belt,19.0,1403.0,1386.0,31.0,1472.0,1489.0,False
401643837,2024,13,2024-11-23T20:30:00.000Z,324,Coastal Carolina,Sun Belt,290,Georgia Southern,Sun Belt,6.0,1386.0,1335.0,26.0,1386.0,1437.0,True
401643845,2024,14,2024-11-30T19:00:00.000Z,324,Coastal Carolina,Sun Belt,2247,Georgia State,Sun Belt,48.0,1335.0,1384.0,27.0,1296.0,1247.0,False
401675036,2024,2,2024-09-07T18:00:00.000Z,2141,Coe College,American Rivers,2155,Cornell College (IA),Midwest,55.0,,,10.0,,,True
401675898,2024,3,2024-09-14T18:00:00.000Z,2141,Coe College,American Rivers,2738,Wisconsin-Eau Claire,Wisconsin,43.0,,,41.0,,,False
401675899,2024,4,2024-09-21T18:00:00.000Z,2141,Coe College,American Rivers,67,Luther,American Rivers,63.0,,,0.0,,,False
401674604,2024,5,2024-09-28T18:00:00.000Z,2141,Coe College,American Rivers,49,Dubuque,American Rivers,27.0,,,10.0,,,True
401674612,2024,6,2024-10-05T18:00:00.000Z,2141,Coe College,American Rivers,263,Loras College,American Rivers,43.0,,,10.0,,,False
401674596,2024,7,2024-10-12T18:00:00.000Z,2141,Coe College,American Rivers,2964,Central College,American Rivers,16.0,,,13.0,,,True
401674620,2024,8,2024-10-19T18:00:00.000Z,2141,Coe College,American Rivers,6845,Nebraska Wesleyan,American Rivers,50.0,,,0.0,,,False
401675900,2024,9,2024-10-26T18:00:00.000Z,2141,Coe College,American Rivers,2685,Wartburg,American Rivers,7.0,,,14.0,,,True
401674589,2024,10,2024-11-02T18:00:00.000Z,2141,Coe College,American Rivers,63,Buena Vista,American Rivers,35.0,,,13.0,,,False
401675901,2024,11,2024-11-09T19:00:00.000Z,2141,Coe College,American Rivers,2564,Simpson College (IA),American Rivers,47.0,,,10.0,,,True
401734570,2024,13,2024-11-23T18:00:00.000Z,2141,Coe College,American Rivers,2802,Bethel (MN),Minnesota,26.0,,,31.0,,,True
401679012,2024,3,2024-09-14T17:00:00.000Z,33,Colby College,NESCAC,2977,Trinity (CT),NESCAC,7.0,,,17.0,,,False
401676184,2024,4,2024-09-21T17:00:00.000Z,33,Colby College,NESCAC,2731,Williams,NESCAC,19.0,,,24.0,,,True
401679013,2024,5,2024-09-28T17:00:00.000Z,33,Colby College,NESCAC,2394,Middlebury,NESCAC,16.0,,,24.0,,,False
401676149,2024,6,2024-10-05T23:00:00.000Z,33,Colby College,NESCAC,121,Bates,NESCAC,28.0,,,26.0,,,True
401676171,2024,7,2024-10-12T17:00:00.000Z,33,Colby College,NESCAC,336,Wesleyan University (CT),NESCAC,17.0,,,23.0,,,False
401677471,2024,8,2024-10-19T17:00:00.000Z,33,Colby College,NESCAC,7,Amherst,NESCAC,38.0,,,7.0,,,True
401676161,2024,9,2024-10-26T16:00:00.000Z,33,Colby College,NESCAC,348,Hamilton,NESCAC,16.0,,,13.0,,,False
401676168,2024,10,2024-11-02T17:00:00.000Z,33,Colby College,NESCAC,112,Tufts,NESCAC,21.0,,,28.0,,,True
401679014,2024,11,2024-11-09T22:00:00.000Z,33,Colby College,NESCAC,340,Bowdoin,NESCAC,34.0,,,10.0,,,False
401656600,2024,1,2024-08-30T23:00:00.000Z,2142,Colgate,Patriot,311,Maine,CAA,14.0,,,17.0,,,False
401628602,2024,2,2024-09-07T22:00:00.000Z,2142,Colgate,Patriot,222,Villanova,CAA,3.0,,,28.0,,,True
401644733,2024,3,2024-09-14T22:00:00.000Z,2142,Colgate,Patriot,2006,Akron,Mid-American,20.0,,,31.0,1098.0,1098.0,False
401654505,2024,4,2024-09-21T17:00:00.000Z,2142,Colgate,Patriot,172,Cornell,Ivy,41.0,,,24.0,,,True
401656601,2024,5,2024-09-28T17:00:00.000Z,2142,Colgate,Patriot,219,Pennsylvania,Ivy,17.0,,,27.0,,,False
401654637,2024,6,2024-10-05T17:00:00.000Z,2142,Colgate,Patriot,107,Holy Cross,Patriot,7.0,,,38.0,,,True
401654643,2024,8,2024-10-19T17:00:00.000Z,2142,Colgate,Patriot,46,Georgetown,Patriot,38.0,,,28.0,,,True
401654613,2024,9,2024-10-26T16:00:00.000Z,2142,Colgate,Patriot,2771,Merrimack,FCS Independents,17.0,,,51.0,,,False
401656602,2024,10,2024-11-02T17:00:00.000Z,2142,Colgate,Patriot,2230,Fordham,Patriot,14.0,,,20.0,,,False
401654630,2024,11,2024-11-09T18:00:00.000Z,2142,Colgate,Patriot,322,Lafayette,Patriot,20.0,,,21.0,,,True
401654622,2024,12,2024-11-16T17:00:00.000Z,2142,Colgate,Patriot,2329,Lehigh,Patriot,17.0,,,45.0,,,False
401654653,2024,13,2024-11-23T18:00:00.000Z,2142,Colgate,Patriot,2083,Bucknell,Patriot,34.0,,,48.0,,,False
401676250,2024,2,2024-09-07T16:00:00.000Z,2442,College Of New Jersey,New Jersey,127954,Eastern University,Mid Atlantic,34.0,,,12.0,,,False
401676251,2024,3,2024-09-14T19:00:00.000Z,2442,College Of New Jersey,New Jersey,2234,Franklin & Marshall,Centennial,17.0,,,13.0,,,True
401674698,2024,4,2024-09-21T17:00:00.000Z,2442,College Of New Jersey,New Jersey,2422,Muhlenberg,Centennial,52.0,,,55.0,,,False
401676252,2024,6,2024-10-05T19:00:00.000Z,2442,College Of New Jersey,New Jersey,2818,Montclair State,New Jersey,20.0,,,13.0,,,True
401676253,2024,7,2024-10-12T17:00:00.000Z,2442,College Of New Jersey,New Jersey,2827,Rowan,New Jersey,22.0,,,36.0,,,False
401676240,2024,8,2024-10-19T19:00:00.000Z,2442,College Of New Jersey,New Jersey,2871,Kean,New Jersey,48.0,,,7.0,,,True
401674685,2024,9,2024-10-26T17:00:00.000Z,2442,College Of New Jersey,New Jersey,2248,Gettysburg,Centennial,41.0,,,31.0,,,False
401676248,2024,10,2024-11-02T18:00:00.000Z,2442,College Of New Jersey,New Jersey,2532,Salisbury,New Jersey,35.0,,,52.0,,,True
401676254,2024,11,2024-11-09T18:00:00.000Z,2442,College Of New Jersey,New Jersey,2970,William Paterson,New Jersey,21.0,,,14.0,,,False
401676235,2024,12,2024-11-16T18:00:00.000Z,2442,College Of New Jersey,New Jersey,3112,Christopher Newport,New Jersey,31.0,,,70.0,,,False
401693677,2024,1,2024-08-24T04:00:00.000Z,108382,College of Idaho,,124179,Lincoln (CA),Independent DII,45.0,,,7.0,,,False
401634206,2024,1,2024-08-30T00:00:00.000Z,38,Colorado,Big 12,2449,North Dakota State,MVFC,31.0,1324.0,1324.0,26.0,,,True
401677099,2024,1,2024-12-29T00:30:00.000Z,38,Colorado,Big 12,252,BYU,Big 12,14.0,1762.0,1701.0,36.0,1656.0,1717.0,True
401628467,2024,2,2024-09-07T23:30:00.000Z,38,Colorado,Big 12,158,Nebraska,Big Ten,10.0,1324.0,1307.0,28.0,1571.0,1588.0,False
401636861,2024,3,2024-09-14T23:30:00.000Z,38,Colorado,Big 12,36,Colorado State,Mountain West,28.0,1307.0,1349.0,9.0,1261.0,1219.0,False
401636874,2024,4,2024-09-22T00:00:00.000Z,38,Colorado,Big 12,239,Baylor,Big 12,38.0,1349.0,1368.0,31.0,1507.0,1488.0,True
401636885,2024,5,2024-09-28T19:30:00.000Z,38,Colorado,Big 12,2116,UCF,Big 12,48.0,1368.0,1479.0,21.0,1642.0,1531.0,False
401636894,2024,7,2024-10-13T02:15:00.000Z,38,Colorado,Big 12,2306,Kansas State,Big 12,28.0,1479.0,1490.0,31.0,1754.0,1743.0,True
401636897,2024,8,2024-10-19T20:00:00.000Z,38,Colorado,Big 12,12,Arizona,Big 12,34.0,1490.0,1580.0,7.0,1616.0,1526.0,False
401636907,2024,9,2024-10-27T02:15:00.000Z,38,Colorado,Big 12,2132,Cincinnati,Big 12,34.0,1580.0,1598.0,23.0,1554.0,1536.0,True
401636921,2024,11,2024-11-09T21:00:00.000Z,38,Colorado,Big 12,2641,Texas Tech,Big 12,41.0,1598.0,1627.0,27.0,1566.0,1537.0,False
401636925,2024,12,2024-11-16T17:00:00.000Z,38,Colorado,Big 12,254,Utah,Big 12,49.0,1627.0,1684.0,24.0,1572.0,1515.0,True
401636932,2024,13,2024-11-23T20:30:00.000Z,38,Colorado,Big 12,2305,Kansas,Big 12,21.0,1684.0,1641.0,37.0,1671.0,1714.0,False
401636938,2024,14,2024-11-29T17:00:00.000Z,38,Colorado,Big 12,197,Oklahoma State,Big 12,52.0,1641.0,1762.0,0.0,1372.0,1251.0,True
401673279,2024,1,2024-08-30T00:00:00.000Z,11,Colorado Mesa,Rocky Mountain,2658,Texas A&M-Kingsville,Lone Star,16.0,,,13.0,,,False
401673280,2024,3,2024-09-14T19:00:00.000Z,11,Colorado Mesa,Rocky Mountain,2120,Central Washington,Lone Star,12.0,,,28.0,,,True
401673272,2024,4,2024-09-21T17:00:00.000Z,11,Colorado Mesa,Rocky Mountain,2570,CSU Pueblo,Rocky Mountain,14.0,,,38.0,,,False
401673281,2024,5,2024-09-28T19:00:00.000Z,11,Colorado Mesa,Rocky Mountain,2123,Chadron St,Rocky Mountain,18.0,,,3.0,,,True
401673278,2024,6,2024-10-05T19:00:00.000Z,11,Colorado Mesa,Rocky Mountain,2146,Colorado School Of Mines,Rocky Mountain,14.0,,,13.0,,,True
401673145,2024,7,2024-10-12T19:00:00.000Z,11,Colorado Mesa,Rocky Mountain,2001,Adams State,Rocky Mountain,52.0,,,10.0,,,False
401673261,2024,8,2024-10-19T19:00:00.000Z,11,Colorado Mesa,Rocky Mountain,2424,New Mexico Highlands,Rocky Mountain,21.0,,,10.0,,,True
401673268,2024,9,2024-10-26T20:00:00.000Z,11,Colorado Mesa,Rocky Mountain,2237,Fort Lewis,Rocky Mountain,49.0,,,0.0,,,False
401673238,2024,10,2024-11-02T19:00:00.000Z,11,Colorado Mesa,Rocky Mountain,2069,Black Hills State,Rocky Mountain,21.0,,,13.0,,,True
401673256,2024,11,2024-11-09T19:00:00.000Z,11,Colorado Mesa,Rocky Mountain,613,South Dakota Mines,Rocky Mountain,14.0,,,17.0,,,False
401673248,2024,12,2024-11-16T20:00:00.000Z,11,Colorado Mesa,Rocky Mountain,2714,Western Colorado,Rocky Mountain,7.0,,,37.0,,,True
401673275,2024,2,2024-09-06T00:00:00.000Z,2146,Colorado School Of Mines,Rocky Mountain,2704,West Texas A&M,Lone Star,41.0,,,13.0,,,True
401673276,2024,3,2024-09-14T18:00:00.000Z,2146,Colorado School Of Mines,Rocky Mountain,2687,Washburn,Mid America,31.0,,,28.0,,,False
401673277,2024,4,2024-09-21T18:00:00.000Z,2146,Colorado School Of Mines,Rocky Mountain,2123,Chadron St,Rocky Mountain,13.0,,,12.0,,,False
401673153,2024,5,2024-09-28T19:00:00.000Z,2146,Colorado School Of Mines,Rocky Mountain,2069,Black Hills State,Rocky Mountain,52.0,,,24.0,,,True
401673278,2024,6,2024-10-05T19:00:00.000Z,2146,Colorado School Of Mines,Rocky Mountain,11,Colorado Mesa,Rocky Mountain,13.0,,,14.0,,,False
401673253,2024,7,2024-10-12T18:00:00.000Z,2146,Colorado School Of Mines,Rocky Mountain,613,South Dakota Mines,Rocky Mountain,45.0,,,20.0,,,True
401673146,2024,8,2024-10-19T19:00:00.000Z,2146,Colorado School Of Mines,Rocky Mountain,2001,Adams State,Rocky Mountain,56.0,,,14.0,,,False
401673245,2024,9,2024-10-26T18:00:00.000Z,2146,Colorado School Of Mines,Rocky Mountain,2714,Western Colorado,Rocky Mountain,28.0,,,38.0,,,True
401673262,2024,10,2024-11-02T18:00:00.000Z,2146,Colorado School Of Mines,Rocky Mountain,2424,New Mexico Highlands,Rocky Mountain,56.0,,,21.0,,,False
401673273,2024,11,2024-11-09T20:00:00.000Z,2146,Colorado School Of Mines,Rocky Mountain,2570,CSU Pueblo,Rocky Mountain,13.0,,,28.0,,,False
401673269,2024,12,2024-11-16T19:00:00.000Z,2146,Colorado School Of Mines,Rocky Mountain,2237,Fort Lewis,Rocky Mountain,67.0,,,9.0,,,True
401677188,2024,1,2024-12-28T21:30:00.000Z,36,Colorado State,Mountain West,193,Miami (OH),Mid-American,17.0,1371.0,1324.0,43.0,1496.0,1543.0,True
401628331,2024,1,2024-08-31T19:30:00.000Z,36,Colorado State,Mountain West,251,Texas,SEC,0.0,1350.0,1261.0,52.0,1850.0,1939.0,False
401643706,2024,2,2024-09-07T23:00:00.000Z,36,Colorado State,Mountain West,2458,Northern Colorado,Big Sky,38.0,1237.0,1237.0,17.0,,,True
401636861,2024,3,2024-09-14T23:30:00.000Z,36,Colorado State,Mountain West,38,Colorado,Big 12,9.0,1261.0,1219.0,28.0,1307.0,1349.0,True
401641028,2024,4,2024-09-21T21:00:00.000Z,36,Colorado State,Mountain West,2638,UTEP,Conference USA,27.0,1219.0,1236.0,17.0,1223.0,1206.0,True
401643724,2024,6,2024-10-05T22:30:00.000Z,36,Colorado State,Mountain West,204,Oregon State,Pac-12,31.0,1236.0,1246.0,39.0,1619.0,1609.0,False
401643729,2024,7,2024-10-12T19:30:00.000Z,36,Colorado State,Mountain West,23,San José State,Mountain West,31.0,1246.0,1277.0,24.0,1594.0,1563.0,True
401643734,2024,8,2024-10-20T00:00:00.000Z,36,Colorado State,Mountain West,2005,Air Force,Mountain West,21.0,1277.0,1295.0,13.0,1310.0,1292.0,False
401643741,2024,9,2024-10-26T21:00:00.000Z,36,Colorado State,Mountain West,167,New Mexico,Mountain West,17.0,1295.0,1313.0,6.0,1273.0,1255.0,True
401643748,2024,10,2024-11-03T00:00:00.000Z,36,Colorado State,Mountain West,2440,Nevada,Mountain West,38.0,1313.0,1343.0,21.0,1206.0,1176.0,False
401643759,2024,12,2024-11-16T01:00:00.000Z,36,Colorado State,Mountain West,2751,Wyoming,Mountain West,24.0,1343.0,1366.0,10.0,1283.0,1260.0,True
401643765,2024,13,2024-11-24T03:30:00.000Z,36,Colorado State,Mountain West,278,Fresno State,Mountain West,22.0,1366.0,1366.0,28.0,1511.0,1511.0,False
401643770,2024,14,2024-11-29T20:30:00.000Z,36,Colorado State,Mountain West,328,Utah State,Mountain West,42.0,1366.0,1371.0,37.0,1367.0,1362.0,True
401654487,2024,4,2024-09-21T16:00:00.000Z,171,Columbia,Ivy,322,Lafayette,Patriot,31.0,,,20.0,,,True
401654488,2024,5,2024-09-28T16:30:00.000Z,171,Columbia,Ivy,46,Georgetown,Patriot,17.0,,,20.0,,,False
401654489,2024,6,2024-10-05T16:00:00.000Z,171,Columbia,Ivy,163,Princeton,Ivy,34.0,,,17.0,,,True
401654490,2024,7,2024-10-12T16:00:00.000Z,171,Columbia,Ivy,2681,Wagner,NEC,24.0,,,6.0,,,False
401654491,2024,8,2024-10-19T17:00:00.000Z,171,Columbia,Ivy,219,Pennsylvania,Ivy,23.0,,,17.0,,,False
401654492,2024,9,2024-10-26T17:30:00.000Z,171,Columbia,Ivy,159,Dartmouth,Ivy,21.0,,,24.0,,,True
401654493,2024,10,2024-11-01T23:00:00.000Z,171,Columbia,Ivy,43,Yale,Ivy,13.0,,,10.0,,,True
401654494,2024,11,2024-11-09T17:00:00.000Z,171,Columbia,Ivy,108,Harvard,Ivy,6.0,,,26.0,,,False
401654495,2024,12,2024-11-16T17:00:00.000Z,171,Columbia,Ivy,225,Brown,Ivy,21.0,,,12.0,,,False
401654496,2024,13,2024-11-23T17:00:00.000Z,171,Columbia,Ivy,172,Cornell,Ivy,17.0,,,9.0,,,True
401674265,2024,2,2024-09-07T17:00:00.000Z,2148,Concord University,Mountain East,124180,Bluefield State,CIAA,13.0,,,22.0,,,True
401674266,2024,3,2024-09-14T19:00:00.000Z,2148,Concord University,Mountain East,2842,UVA Wise,South Atlantic,0.0,,,28.0,,,True
401658360,2024,4,2024-09-21T17:00:00.000Z,2148,Concord University,Mountain East,341,Frostburg State,Mountain East,21.0,,,54.0,,,False
401674258,2024,5,2024-09-28T17:00:00.000Z,2148,Concord University,Mountain East,2128,University Of Charleston (WV),Mountain East,7.0,,,42.0,,,True
401674267,2024,6,2024-10-05T17:00:00.000Z,2148,Concord University,Mountain East,2699,West Liberty,Mountain East,10.0,,,31.0,,,False
401674268,2024,7,2024-10-12T17:00:00.000Z,2148,Concord University,Mountain East,2707,West Virginia State,Mountain East,14.0,,,44.0,,,False
401674269,2024,8,2024-10-19T17:00:00.000Z,2148,Concord University,Mountain East,2249,Glenville State,Mountain East,21.0,,,24.0,,,True
401674270,2024,9,2024-10-26T22:00:00.000Z,2148,Concord University,Mountain East,455,West Virginia Wesleyan,Mountain East,33.0,,,31.0,,,False
401674271,2024,10,2024-11-02T16:00:00.000Z,2148,Concord University,Mountain East,2986,Fairmont State,Mountain East,19.0,,,34.0,,,False
401674272,2024,11,2024-11-09T18:00:00.000Z,2148,Concord University,Mountain East,112335,Wheeling,Mountain East,30.0,,,50.0,,,True
401674273,2024,12,2024-11-16T18:00:00.000Z,2148,Concord University,Mountain East,2882,UNC Pembroke,Mountain East,7.0,,,63.0,,,True
401674964,2024,2,2024-09-07T18:00:00.000Z,2152,Concordia Moorhead,Minnesota,2738,Wisconsin-Eau Claire,Wisconsin,10.0,,,21.0,,,True
401674965,2024,3,2024-09-14T20:00:00.000Z,2152,Concordia Moorhead,Minnesota,2486,Pacific Lutheran,Northwest,31.0,,,3.0,,,False
401674966,2024,5,2024-09-28T18:00:00.000Z,2152,Concordia Moorhead,Minnesota,375,St. Scholastica,Minnesota,35.0,,,0.0,,,True
401674959,2024,6,2024-10-05T18:00:00.000Z,2152,Concordia Moorhead,Minnesota,2101,Carleton,Minnesota,31.0,,,6.0,,,False
401674967,2024,7,2024-10-12T18:00:00.000Z,2152,Concordia Moorhead,Minnesota,2600,Saint John's (MN),Minnesota,31.0,,,38.0,,,True
401674968,2024,8,2024-10-19T18:00:00.000Z,2152,Concordia Moorhead,Minnesota,162,Hamline University,Minnesota,41.0,,,7.0,,,False
401674969,2024,9,2024-10-26T18:00:00.000Z,2152,Concordia Moorhead,Minnesota,2359,Macalester,Minnesota,44.0,,,7.0,,,False
401674947,2024,10,2024-11-02T18:00:00.000Z,2152,Concordia Moorhead,Minnesota,124,Augsburg,Minnesota,38.0,,,7.0,,,True
401674970,2024,11,2024-11-09T19:00:00.000Z,2152,Concordia Moorhead,Minnesota,2802,Bethel (MN),Minnesota,16.0,,,49.0,,,True
401734011,2024,12,2024-11-16T18:00:00.000Z,2152,Concordia Moorhead,Minnesota,2968,Gustavus Adolphus,Minnesota,17.0,,,13.0,,,False
401676036,2024,2,2024-09-07T18:00:00.000Z,2151,Concordia University Chicago,NACC,2257,Greenville,Upper Midwest,23.0,,,54.0,,,False
401674790,2024,3,2024-09-14T19:30:00.000Z,2151,Concordia University Chicago,NACC,2362,Manchester,Heartland,28.0,,,27.0,,,True
401676037,2024,4,2024-09-21T18:00:00.000Z,2151,Concordia University Chicago,NACC,6353,Lakeland,NACC,61.0,,,66.0,,,True
401675990,2024,5,2024-09-28T18:00:00.000Z,2151,Concordia University Chicago,NACC,2044,Aurora,NACC,6.0,,,72.0,,,False
401676038,2024,6,2024-10-05T20:00:00.000Z,2151,Concordia University Chicago,NACC,101,Eureka College,NACC,31.0,,,27.0,,,False
401675030,2024,7,2024-10-12T18:00:00.000Z,2151,Concordia University Chicago,NACC,2524,Rockford,NACC,45.0,,,74.0,,,True
401676039,2024,8,2024-10-19T17:00:00.000Z,2151,Concordia University Chicago,NACC,2832,St. Norbert,NACC,0.0,,,62.0,,,False
401676040,2024,9,2024-10-26T17:00:00.000Z,2151,Concordia University Chicago,NACC,2741,Wisconsin-Lutheran,NACC,14.0,,,49.0,,,True
401676041,2024,11,2024-11-09T18:00:00.000Z,2151,Concordia University Chicago,NACC,409,Concordia-Wisconsin,NACC,24.0,,,52.0,,,False
401676042,2024,12,2024-11-16T18:00:00.000Z,2151,Concordia University Chicago,NACC,2283,Benedictine University,NACC,14.0,,,49.0,,,True
401674543,2024,2,2024-09-07T23:00:00.000Z,3066,Concordia University St Paul,Northern Sun,389,Upper Iowa University,Great Lakes,7.0,,,33.0,,,False
401675834,2024,3,2024-09-14T23:30:00.000Z,3066,Concordia University St Paul,Northern Sun,2851,Winona State,Northern Sun,14.0,,,31.0,,,True
401675835,2024,4,2024-09-21T18:00:00.000Z,3066,Concordia University St Paul,Northern Sun,2587,Southwest Minnesota State,Northern Sun,27.0,,,17.0,,,False
401675836,2024,5,2024-09-28T17:00:00.000Z,3066,Concordia University St Paul,Northern Sun,2364,Minnesota State Mankato,Northern Sun,20.0,,,33.0,,,True
401676740,2024,6,2024-10-05T19:00:00.000Z,3066,Concordia University St Paul,Northern Sun,559,University of Mary,Northern Sun,19.0,,,13.0,,,False
401675837,2024,7,2024-10-12T18:00:00.000Z,3066,Concordia University St Paul,Northern Sun,2894,Sioux Falls,Northern Sun,21.0,,,35.0,,,False
401674334,2024,8,2024-10-19T17:00:00.000Z,3066,Concordia University St Paul,Northern Sun,2817,Minnesota State Moorhead,Northern Sun,31.0,,,34.0,,,True
401675820,2024,9,2024-10-26T17:00:00.000Z,3066,Concordia University St Paul,Northern Sun,425,Northern State,Northern Sun,34.0,,,35.0,,,True
401675831,2024,10,2024-11-02T18:00:00.000Z,3066,Concordia University St Paul,Northern Sun,2043,Augustana University (SD),Northern Sun,7.0,,,28.0,,,False
401674327,2024,11,2024-11-09T18:00:00.000Z,3066,Concordia University St Paul,Northern Sun,134,Minnesota Duluth,Northern Sun,7.0,,,35.0,,,True
401675838,2024,12,2024-11-16T18:00:00.000Z,3066,Concordia University St Paul,Northern Sun,2844,Wayne State (NE),Northern Sun,0.0,,,21.0,,,False
401677458,2024,2,2024-09-07T17:00:00.000Z,2985,Concordia-Michigan,,190,Defiance College,,34.0,,,10.0,,,True
401676207,2024,3,2024-09-14T17:00:00.000Z,409,Concordia-Wisconsin,NACC,129738,Calvin University,Michigan,34.0,,,24.0,,,True
401676031,2024,5,2024-09-28T18:00:00.000Z,409,Concordia-Wisconsin,NACC,2283,Benedictine University,NACC,23.0,,,18.0,,,False
401676058,2024,6,2024-10-05T17:00:00.000Z,409,Concordia-Wisconsin,NACC,2832,St. Norbert,NACC,10.0,,,28.0,,,False
401675992,2024,7,2024-10-12T18:00:00.000Z,409,Concordia-Wisconsin,NACC,2044,Aurora,NACC,14.0,,,42.0,,,True
401676059,2024,8,2024-10-19T18:00:00.000Z,409,Concordia-Wisconsin,NACC,101,Eureka College,NACC,39.0,,,0.0,,,True
401675032,2024,9,2024-10-26T18:00:00.000Z,409,Concordia-Wisconsin,NACC,2524,Rockford,NACC,42.0,,,35.0,,,False
401676060,2024,10,2024-11-02T18:00:00.000Z,409,Concordia-Wisconsin,NACC,6353,Lakeland,NACC,37.0,,,34.0,,,True
401676041,2024,11,2024-11-09T18:00:00.000Z,409,Concordia-Wisconsin,NACC,2151,Concordia University Chicago,NACC,52.0,,,24.0,,,True
401676082,2024,12,2024-11-16T19:00:00.000Z,409,Concordia-Wisconsin,NACC,2741,Wisconsin-Lutheran,NACC,17.0,,,27.0,,,False
401654505,2024,4,2024-09-21T17:00:00.000Z,172,Cornell,Ivy,2142,Colgate,Patriot,24.0,,,41.0,,,False
401654506,2024,5,2024-09-28T18:00:00.000Z,172,Cornell,Ivy,43,Yale,Ivy,47.0,,,23.0,,,True
401628645,2024,6,2024-10-05T17:00:00.000Z,172,Cornell,Ivy,399,UAlbany,CAA,10.0,,,31.0,,,True
401644599,2024,7,2024-10-11T22:00:00.000Z,172,Cornell,Ivy,108,Harvard,Ivy,20.0,,,38.0,,,True
401654507,2024,8,2024-10-19T17:00:00.000Z,172,Cornell,Ivy,2083,Bucknell,Patriot,34.0,,,21.0,,,False
401654458,2024,9,2024-10-26T16:00:00.000Z,172,Cornell,Ivy,225,Brown,Ivy,21.0,,,23.0,,,False
401654466,2024,10,2024-11-02T17:00:00.000Z,172,Cornell,Ivy,163,Princeton,Ivy,49.0,,,35.0,,,False
401654508,2024,11,2024-11-09T18:00:00.000Z,172,Cornell,Ivy,219,Pennsylvania,Ivy,49.0,,,67.0,,,True
401654476,2024,12,2024-11-16T18:00:00.000Z,172,Cornell,Ivy,159,Dartmouth,Ivy,39.0,,,22.0,,,True
401654496,2024,13,2024-11-23T17:00:00.000Z,172,Cornell,Ivy,171,Columbia,Ivy,9.0,,,17.0,,,False
401675036,2024,2,2024-09-07T18:00:00.000Z,2155,Cornell College (IA),Midwest,2141,Coe College,American Rivers,10.0,,,55.0,,,False
401675020,2024,3,2024-09-14T18:00:00.000Z,2155,Cornell College (IA),Midwest,268,Lawrence University,Midwest,31.0,,,21.0,,,False
401675014,2024,4,2024-09-21T18:00:00.000Z,2155,Cornell College (IA),Midwest,262,Lake Forest College,Midwest,19.0,,,28.0,,,True
401675024,2024,6,2024-10-05T19:00:00.000Z,2155,Cornell College (IA),Midwest,2891,Ripon,Midwest,37.0,,,34.0,,,True
401675037,2024,7,2024-10-12T18:00:00.000Z,2155,Cornell College (IA),Midwest,266,Beloit,Midwest,28.0,,,0.0,,,False
401689231,2024,8,2024-10-19T18:00:00.000Z,2155,Cornell College (IA),Midwest,2919,Monmouth (IL),Midwest,28.0,,,38.0,,,True
401675038,2024,9,2024-10-26T19:00:00.000Z,2155,Cornell College (IA),Midwest,80,Chicago,Midwest,14.0,,,33.0,,,False
401675010,2024,10,2024-11-02T18:00:00.000Z,2155,Cornell College (IA),Midwest,255,Knox College,Midwest,44.0,,,14.0,,,True
401673453,2024,11,2024-11-09T19:00:00.000Z,2155,Cornell College (IA),Midwest,2286,Illinois College,Midwest,14.0,,,42.0,,,False
401675005,2024,12,2024-11-16T18:00:00.000Z,2155,Cornell College (IA),Midwest,65,Grinnell,Midwest,26.0,,,7.0,,,True
401674755,2024,2,2024-09-07T17:00:00.000Z,2782,Cortland,Empire 8,125974,Hilbert College,Empire 8,76.0,,,0.0,,,False
401674756,2024,3,2024-09-14T16:00:00.000Z,2782,Cortland,Empire 8,2354,Lycoming,Landmark Conference,70.0,,,7.0,,,True
401674757,2024,4,2024-09-21T16:00:00.000Z,2782,Cortland,Empire 8,216,Susquehanna,Landmark Conference,40.0,,,38.0,,,False
401676922,2024,6,2024-10-05T17:00:00.000Z,2782,Cortland,Empire 8,3110,SUNY Morrisville,Empire 8,41.0,,,0.0,,,True
401674758,2024,7,2024-10-12T17:00:00.000Z,2782,Cortland,Empire 8,390,Utica,Empire 8,45.0,,,7.0,,,False
401674750,2024,8,2024-10-19T17:00:00.000Z,2782,Cortland,Empire 8,365,Alfred University,Empire 8,59.0,,,17.0,,,False
401674759,2024,9,2024-10-26T17:00:00.000Z,2782,Cortland,Empire 8,374,St John Fisher University,Empire 8,49.0,,,0.0,,,True
401674760,2024,10,2024-11-02T17:00:00.000Z,2782,Cortland,Empire 8,173,Hartwick,Empire 8,68.0,,,10.0,,,True
401674761,2024,11,2024-11-09T17:00:00.000Z,2782,Cortland,Empire 8,2781,Brockport,Empire 8,29.0,,,28.0,,,False
401674762,2024,12,2024-11-16T17:00:00.000Z,2782,Cortland,Empire 8,175,Ithaca College,Liberty League,28.0,,,17.0,,,True
401734922,2024,14,2024-11-30T17:00:00.000Z,2782,Cortland,Empire 8,452,Endicott College,Commonwealth Coast,17.0,,,9.0,,,True
401735971,2024,15,2024-12-07T17:00:00.000Z,2782,Cortland,Empire 8,81,Springfield,NEWMAC,28.0,,,40.0,,,True
401674977,2024,2,2024-09-07T23:00:00.000Z,509,Crown College,Upper Midwest,162,Hamline University,Minnesota,14.0,,,35.0,,,True
401675904,2024,3,2024-09-14T23:00:00.000Z,509,Crown College,Upper Midwest,2564,Simpson College (IA),American Rivers,7.0,,,39.0,,,False
401675987,2024,4,2024-09-22T00:00:00.000Z,509,Crown College,Upper Midwest,375,St. Scholastica,Minnesota,13.0,,,35.0,,,True
401676127,2024,6,2024-10-05T18:00:00.000Z,509,Crown College,Upper Midwest,583,Northwestern (MN),Upper Midwest,14.0,,,69.0,,,False
401676137,2024,7,2024-10-12T18:00:00.000Z,509,Crown College,Upper Midwest,446,Martin Luther,Upper Midwest,14.0,,,30.0,,,True
401676122,2024,8,2024-10-19T17:00:00.000Z,509,Crown College,Upper Midwest,433,Westminster College (MO),Upper Midwest,30.0,,,13.0,,,False
401676130,2024,9,2024-10-26T22:00:00.000Z,509,Crown College,Upper Midwest,583,Northwestern (MN),Upper Midwest,10.0,,,24.0,,,True
401676135,2024,10,2024-11-02T21:00:00.000Z,509,Crown College,Upper Midwest,2399,Minnesota Morris,Upper Midwest,6.0,,,27.0,,,True
401676139,2024,11,2024-11-09T19:00:00.000Z,509,Crown College,Upper Midwest,446,Martin Luther,Upper Midwest,0.0,,,13.0,,,False
401676141,2024,12,2024-11-16T18:00:00.000Z,509,Crown College,Upper Midwest,2257,Greenville,Upper Midwest,0.0,,,29.0,,,True
401674703,2024,2,2024-09-06T22:30:00.000Z,40,Curry College,Commonwealth Coast,2776,Salve Regina,NEWMAC,10.0,,,28.0,,,False
401674637,2024,3,2024-09-14T16:00:00.000Z,40,Curry College,Commonwealth Coast,2810,Hardin-Simmons,American Southwest,21.0,,,73.0,,,True
401674704,2024,4,2024-09-21T16:00:00.000Z,40,Curry College,Commonwealth Coast,110438,Dean College,ECFC,50.0,,,0.0,,,False
401674705,2024,5,2024-09-28T16:00:00.000Z,40,Curry College,Commonwealth Coast,175,Ithaca College,Liberty League,13.0,,,38.0,,,True
401673404,2024,7,2024-10-12T16:00:00.000Z,40,Curry College,Commonwealth Coast,3162,Alfred State,ECFC,30.0,,,16.0,,,True
401676765,2024,8,2024-10-19T17:00:00.000Z,40,Curry College,Commonwealth Coast,2702,Western New England,Commonwealth Coast,21.0,,,47.0,,,False
401674707,2024,9,2024-10-26T18:30:00.000Z,40,Curry College,Commonwealth Coast,2280,Husson,Commonwealth Coast,34.0,,,35.0,,,True
401674708,2024,10,2024-11-02T17:00:00.000Z,40,Curry College,Commonwealth Coast,111675,Biddeford,Commonwealth Coast,24.0,,,10.0,,,False
401674709,2024,11,2024-11-09T17:00:00.000Z,40,Curry College,Commonwealth Coast,2884,Nichols College,Commonwealth Coast,47.0,,,41.0,,,False
401674710,2024,12,2024-11-16T17:00:00.000Z,40,Curry College,Commonwealth Coast,452,Endicott College,Commonwealth Coast,14.0,,,49.0,,,True
401674616,2024,2,2024-09-08T00:00:00.000Z,512,Dakota State University,,6845,Nebraska Wesleyan,American Rivers,41.0,,,25.0,,,False
401654470,2024,4,2024-09-21T17:00:00.000Z,159,Dartmouth,Ivy,2230,Fordham,Patriot,45.0,,,13.0,,,True
401654471,2024,5,2024-09-28T17:00:00.000Z,159,Dartmouth,Ivy,2771,Merrimack,FCS Independents,16.0,,,14.0,,,False
401654472,2024,6,2024-10-05T17:00:00.000Z,159,Dartmouth,Ivy,219,Pennsylvania,Ivy,20.0,,,17.0,,,True
401654473,2024,7,2024-10-12T16:00:00.000Z,159,Dartmouth,Ivy,43,Yale,Ivy,44.0,,,43.0,,,False
401654474,2024,8,2024-10-19T17:00:00.000Z,159,Dartmouth,Ivy,2115,Central Connecticut,NEC,20.0,,,16.0,,,True
401654492,2024,9,2024-10-26T17:30:00.000Z,159,Dartmouth,Ivy,171,Columbia,Ivy,24.0,,,21.0,,,False
401644602,2024,10,2024-11-02T17:30:00.000Z,159,Dartmouth,Ivy,108,Harvard,Ivy,27.0,,,31.0,,,True
401654467,2024,11,2024-11-08T23:00:00.000Z,159,Dartmouth,Ivy,163,Princeton,Ivy,26.0,,,17.0,,,False
401654476,2024,12,2024-11-16T18:00:00.000Z,159,Dartmouth,Ivy,172,Cornell,Ivy,22.0,,,39.0,,,False
401654462,2024,13,2024-11-23T17:00:00.000Z,159,Dartmouth,Ivy,225,Brown,Ivy,56.0,,,28.0,,,True
401675458,2024,2,2024-09-07T16:00:00.000Z,110254,Davenport,GLIAC,2646,Thomas More College,Great Midwest Athletic,24.0,,,17.0,,,False
401675377,2024,3,2024-09-14T16:00:00.000Z,110254,Davenport,GLIAC,2075,Bowie State,CIAA,17.0,,,14.0,,,False
401674111,2024,4,2024-09-21T16:00:00.000Z,110254,Davenport,GLIAC,2118,Central Missouri,Mid America,31.0,,,32.0,,,True
401674547,2024,5,2024-09-28T18:00:00.000Z,110254,Davenport,GLIAC,2911,William Jewell,Great Lakes,17.0,,,7.0,,,False
401674561,2024,6,2024-10-05T16:00:00.000Z,110254,Davenport,GLIAC,125,Grand Valley State University,GLIAC,7.0,,,24.0,,,True
401674569,2024,7,2024-10-12T16:00:00.000Z,110254,Davenport,GLIAC,2392,Michigan Tech,GLIAC,24.0,,,20.0,,,False
401674580,2024,8,2024-10-19T18:00:00.000Z,110254,Davenport,GLIAC,131,Wayne State (MI),GLIAC,43.0,,,26.0,,,True
401676705,2024,9,2024-10-26T18:00:00.000Z,110254,Davenport,GLIAC,127991,Roosevelt,GLIAC,19.0,,,14.0,,,False
401658345,2024,10,2024-11-02T17:00:00.000Z,110254,Davenport,GLIAC,129,Saginaw Valley State,GLIAC,14.0,,,24.0,,,False
401674576,2024,11,2024-11-09T17:00:00.000Z,110254,Davenport,GLIAC,128,Northern Michigan,GLIAC,52.0,,,31.0,,,True
401674557,2024,12,2024-11-16T18:00:00.000Z,110254,Davenport,GLIAC,2222,Ferris State,GLIAC,9.0,,,24.0,,,False
401654641,2024,1,2024-08-31T16:30:00.000Z,2166,Davidson,Pioneer,46,Georgetown,Patriot,24.0,,,46.0,,,False
401655660,2024,2,2024-09-07T23:00:00.000Z,2166,Davidson,Pioneer,2107,Catawba,South Atlantic,49.0,,,14.0,,,True
401655661,2024,3,2024-09-14T23:00:00.000Z,2166,Davidson,Pioneer,3179,Point University,,42.0,,,12.0,,,True
401638659,2024,5,2024-09-29T21:00:00.000Z,2166,Davidson,Pioneer,2506,Presbyterian,Pioneer,48.0,,,37.0,,,False
401638664,2024,6,2024-10-05T17:00:00.000Z,2166,Davidson,Pioneer,2368,Marist,Pioneer,42.0,,,19.0,,,True
401638669,2024,7,2024-10-12T16:00:00.000Z,2166,Davidson,Pioneer,2168,Dayton,Pioneer,14.0,,,16.0,,,False
401638676,2024,8,2024-10-19T17:00:00.000Z,2166,Davidson,Pioneer,56,Stetson,Pioneer,70.0,,,48.0,,,True
401638678,2024,9,2024-10-26T17:00:00.000Z,2166,Davidson,Pioneer,2086,Butler,Pioneer,38.0,,,48.0,,,True
401638683,2024,10,2024-11-02T20:00:00.000Z,2166,Davidson,Pioneer,301,San Diego,Pioneer,13.0,,,40.0,,,False
401638691,2024,11,2024-11-09T18:00:00.000Z,2166,Davidson,Pioneer,2413,Morehead State,Pioneer,31.0,,,14.0,,,True
401638699,2024,13,2024-11-23T19:00:00.000Z,2166,Davidson,Pioneer,2674,Valparaiso,Pioneer,17.0,,,18.0,,,False
401654646,2024,1,2024-08-31T16:00:00.000Z,2168,Dayton,Pioneer,2598,St. Francis (PA),NEC,18.0,,,10.0,,,True
401634171,2024,3,2024-09-14T22:00:00.000Z,2168,Dayton,Pioneer,282,Indiana State,MVFC,13.0,,,24.0,,,False
401655663,2024,4,2024-09-21T16:00:00.000Z,2168,Dayton,Pioneer,3178,Ave Maria University,,49.0,,,7.0,,,True
401638660,2024,5,2024-09-28T16:00:00.000Z,2168,Dayton,Pioneer,2368,Marist,Pioneer,47.0,,,14.0,,,False
401638669,2024,7,2024-10-12T16:00:00.000Z,2168,Dayton,Pioneer,2166,Davidson,Pioneer,16.0,,,14.0,,,True
401638673,2024,8,2024-10-19T17:00:00.000Z,2168,Dayton,Pioneer,2086,Butler,Pioneer,21.0,,,14.0,,,False
401638679,2024,9,2024-10-26T16:00:00.000Z,2168,Dayton,Pioneer,2413,Morehead State,Pioneer,6.0,,,14.0,,,True
401638684,2024,10,2024-11-02T17:00:00.000Z,2168,Dayton,Pioneer,2506,Presbyterian,Pioneer,7.0,,,28.0,,,False
401638692,2024,11,2024-11-09T17:00:00.000Z,2168,Dayton,Pioneer,301,San Diego,Pioneer,10.0,,,16.0,,,True
401638697,2024,12,2024-11-16T17:00:00.000Z,2168,Dayton,Pioneer,2674,Valparaiso,Pioneer,26.0,,,14.0,,,True
401638700,2024,13,2024-11-23T19:00:00.000Z,2168,Dayton,Pioneer,2900,St. Thomas (MN),Pioneer,9.0,,,32.0,,,False
401674886,2024,2,2024-09-07T16:00:00.000Z,110438,Dean College,ECFC,114,Fitchburg State,MSCAC,0.0,,,12.0,,,True
401674704,2024,4,2024-09-21T16:00:00.000Z,110438,Dean College,ECFC,40,Curry College,Commonwealth Coast,0.0,,,50.0,,,True
401676757,2024,5,2024-09-28T16:00:00.000Z,110438,Dean College,ECFC,2884,Nichols College,Commonwealth Coast,7.0,,,31.0,,,True
401676774,2024,6,2024-10-05T17:00:00.000Z,110438,Dean College,ECFC,111675,Biddeford,Commonwealth Coast,0.0,,,68.0,,,False
401674715,2024,7,2024-10-12T16:00:00.000Z,110438,Dean College,ECFC,2280,Husson,Commonwealth Coast,0.0,,,24.0,,,True
401673405,2024,8,2024-10-19T16:00:00.000Z,110438,Dean College,ECFC,3162,Alfred State,ECFC,0.0,,,58.0,,,False
401677457,2024,9,2024-10-26T16:00:00.000Z,110438,Dean College,ECFC,417,Gallaudet,ECFC,6.0,,,23.0,,,True
401677456,2024,10,2024-11-02T16:00:00.000Z,110438,Dean College,ECFC,15,Anna Maria College,ECFC,0.0,,,63.0,,,False
401677458,2024,2,2024-09-07T17:00:00.000Z,190,Defiance College,,2985,Concordia-Michigan,,10.0,,,34.0,,,False
401677459,2024,3,2024-09-14T22:00:00.000Z,190,Defiance College,,2831,University Of St Francis IN,,36.0,,,64.0,,,False
401677460,2024,4,2024-09-21T17:00:00.000Z,190,Defiance College,,122775,Elgin,,38.0,,,20.0,,,True
401677461,2024,5,2024-09-28T17:00:00.000Z,190,Defiance College,,2562,Adrian,,7.0,,,52.0,,,True
401674792,2024,6,2024-10-05T17:00:00.000Z,190,Defiance College,,2362,Manchester,Heartland,35.0,,,3.0,,,True
401677462,2024,7,2024-10-12T18:00:00.000Z,190,Defiance College,,2615,St. Xavier IL,,14.0,,,45.0,,,False
401674799,2024,8,2024-10-19T17:30:00.000Z,190,Defiance College,,86,Rose-Hulman,Heartland,25.0,,,29.0,,,False
401677463,2024,10,2024-11-02T17:00:00.000Z,190,Defiance College,,620,Taylor,,,,,,,,False
401674788,2024,11,2024-11-09T18:00:00.000Z,190,Defiance College,,2262,Hanover College,Heartland,7.0,,,31.0,,,True
401674772,2024,12,2024-11-16T18:30:00.000Z,190,Defiance College,,2074,Bluffton,Heartland,23.0,,,21.0,,,False
401628579,2024,1,2024-08-29T23:00:00.000Z,48,Delaware,CAA,2803,Bryant,CAA,48.0,,,17.0,,,True
401628609,2024,3,2024-09-14T17:00:00.000Z,48,Delaware,CAA,2448,North Carolina A&T,CAA,42.0,,,13.0,,,False
401628621,2024,4,2024-09-21T22:00:00.000Z,48,Delaware,CAA,219,Pennsylvania,Ivy,29.0,,,22.0,,,True
401628635,2024,5,2024-09-28T19:30:00.000Z,48,Delaware,CAA,2529,Sacred Heart,FCS Independents,49.0,,,0.0,,,True
401628640,2024,6,2024-10-05T17:00:00.000Z,48,Delaware,CAA,2405,Monmouth,CAA,42.0,,,35.0,,,False
401628650,2024,7,2024-10-12T17:00:00.000Z,48,Delaware,CAA,311,Maine,CAA,44.0,,,21.0,,,True
401628658,2024,8,2024-10-19T19:30:00.000Z,48,Delaware,CAA,257,Richmond,CAA,9.0,,,28.0,,,False
401628662,2024,9,2024-10-26T19:00:00.000Z,48,Delaware,CAA,399,UAlbany,CAA,28.0,,,14.0,,,True
401628680,2024,11,2024-11-09T18:00:00.000Z,48,Delaware,CAA,227,Rhode Island,CAA,24.0,,,21.0,,,True
401628691,2024,12,2024-11-16T18:00:00.000Z,48,Delaware,CAA,2097,Campbell,CAA,41.0,,,22.0,,,True
401628694,2024,13,2024-11-23T18:00:00.000Z,48,Delaware,CAA,222,Villanova,CAA,28.0,,,38.0,,,False
401643858,2024,1,2024-08-25T03:59:00.000Z,2169,Delaware State,MEAC,62,Hawai'i,Mountain West,14.0,,,35.0,1227.0,1227.0,False
401654497,2024,1,2024-08-31T22:00:00.000Z,2169,Delaware State,MEAC,2529,Sacred Heart,FCS Independents,17.0,,,15.0,,,False
401654498,2024,3,2024-09-14T19:00:00.000Z,2169,Delaware State,MEAC,2681,Wagner,NEC,7.0,,,30.0,,,True
401628628,2024,4,2024-09-21T22:00:00.000Z,2169,Delaware State,MEAC,257,Richmond,CAA,24.0,,,38.0,,,True
401628634,2024,5,2024-09-28T18:00:00.000Z,2169,Delaware State,MEAC,2097,Campbell,CAA,41.0,,,44.0,,,False
401654509,2024,6,2024-10-05T17:00:00.000Z,2169,Delaware State,MEAC,2598,St. Francis (PA),NEC,17.0,,,28.0,,,True
401654499,2024,7,2024-10-12T19:00:00.000Z,2169,Delaware State,MEAC,2523,Robert Morris,NEC,0.0,,,23.0,,,False
401654500,2024,9,2024-10-26T19:30:00.000Z,2169,Delaware State,MEAC,2569,South Carolina State,MEAC,35.0,,,69.0,,,False
401654501,2024,10,2024-11-02T17:00:00.000Z,2169,Delaware State,MEAC,47,Howard,MEAC,0.0,,,38.0,,,False
401654502,2024,11,2024-11-09T17:00:00.000Z,2169,Delaware State,MEAC,2415,Morgan State,MEAC,28.0,,,36.0,,,True
401654503,2024,12,2024-11-16T17:00:00.000Z,2169,Delaware State,MEAC,2450,Norfolk State,MEAC,19.0,,,38.0,,,False
401654504,2024,13,2024-11-23T18:00:00.000Z,2169,Delaware State,MEAC,2428,North Carolina Central,MEAC,10.0,,,52.0,,,True
401673418,2024,2,2024-09-07T17:00:00.000Z,2808,Delaware Valley,Mid Atlantic,297,Hampden-Sydney,Old Dominion,41.0,,,21.0,,,False
401673419,2024,3,2024-09-14T17:00:00.000Z,2808,Delaware Valley,Mid Atlantic,111674,Reading,Mid Atlantic,42.0,,,7.0,,,True
401673420,2024,4,2024-09-21T17:00:00.000Z,2808,Delaware Valley,Mid Atlantic,471,Stevenson,Mid Atlantic,20.0,,,21.0,,,False
401673421,2024,5,2024-09-28T17:00:00.000Z,2808,Delaware Valley,Mid Atlantic,2969,Misericordia,Mid Atlantic,13.0,,,0.0,,,True
401673422,2024,7,2024-10-12T17:00:00.000Z,2808,Delaware Valley,Mid Atlantic,388,Lebanon Valley,Mid Atlantic,21.0,,,16.0,,,False
401673423,2024,8,2024-10-19T16:00:00.000Z,2808,Delaware Valley,Mid Atlantic,2221,FDU-Florham,Mid Atlantic,33.0,,,8.0,,,True
401673424,2024,9,2024-10-26T16:00:00.000Z,2808,Delaware Valley,Mid Atlantic,2015,Albright,Mid Atlantic,28.0,,,0.0,,,True
401673425,2024,10,2024-11-02T17:00:00.000Z,2808,Delaware Valley,Mid Atlantic,247,Kings College (PA),Mid Atlantic,6.0,,,14.0,,,False
401673426,2024,11,2024-11-09T17:00:00.000Z,2808,Delaware Valley,Mid Atlantic,127954,Eastern University,Mid Atlantic,27.0,,,0.0,,,True
401673427,2024,12,2024-11-16T17:00:00.000Z,2808,Delaware Valley,Mid Atlantic,2725,Widener,Mid Atlantic,49.0,,,26.0,,,False
401675476,2024,1,2024-08-29T23:00:00.000Z,2170,Delta State,Gulf South,2369,Mars Hill,South Atlantic,47.0,,,16.0,,,False
401674526,2024,2,2024-09-07T23:00:00.000Z,2170,Delta State,Gulf South,2402,Missouri S&T,Great Lakes,55.0,,,18.0,,,True
401675477,2024,3,2024-09-14T19:00:00.000Z,2170,Delta State,Gulf South,351,Wingate,South Atlantic,7.0,,,21.0,,,False
401675478,2024,4,2024-09-21T23:00:00.000Z,2170,Delta State,Gulf South,2232,Fort Valley State,SIAC,27.0,,,24.0,,,True
401658351,2024,5,2024-09-28T20:00:00.000Z,2170,Delta State,Gulf South,101784,ERSKINE,Gulf South,0.0,,,0.0,,,False
401675470,2024,6,2024-10-05T23:00:00.000Z,2170,Delta State,Gulf South,2804,Chowan,Gulf South,54.0,,,9.0,,,True
401675479,2024,7,2024-10-12T20:00:00.000Z,2170,Delta State,Gulf South,110242,West Florida,Gulf South,28.0,,,40.0,,,False
401675480,2024,8,2024-10-19T21:00:00.000Z,2170,Delta State,Gulf South,2695,West Alabama,Gulf South,21.0,,,6.0,,,True
401675481,2024,9,2024-10-26T17:00:00.000Z,2170,Delta State,Gulf South,2822,North Greenville,Gulf South,45.0,,,47.0,,,False
401675482,2024,11,2024-11-09T20:00:00.000Z,2170,Delta State,Gulf South,2673,Valdosta State,Gulf South,20.0,,,49.0,,,True
401675483,2024,12,2024-11-16T18:00:00.000Z,2170,Delta State,Gulf South,2401,Mississippi College,Gulf South,20.0,,,14.0,,,False
401676088,2024,2,2024-09-07T20:00:00.000Z,2171,Denison University,North Coast,203,Linfield College,Northwest,7.0,,,31.0,,,False
401674925,2024,3,2024-09-14T17:00:00.000Z,2171,Denison University,North Coast,2800,Alma,Michigan,30.0,,,38.0,,,True
401676089,2024,4,2024-09-21T19:00:00.000Z,2171,Denison University,North Coast,352,Kenyon,North Coast,14.0,,,0.0,,,True
401676090,2024,5,2024-09-28T17:00:00.000Z,2171,Denison University,North Coast,2274,Hiram College,North Coast,35.0,,,0.0,,,True
401675287,2024,6,2024-10-05T18:00:00.000Z,2171,Denison University,North Coast,2746,Wittenberg,North Coast,30.0,,,20.0,,,False
401675280,2024,7,2024-10-12T23:00:00.000Z,2171,Denison University,North Coast,2748,Wooster,North Coast,48.0,,,30.0,,,False
401676091,2024,8,2024-10-19T18:00:00.000Z,2171,Denison University,North Coast,83,Depauw,North Coast,34.0,,,53.0,,,True
401675299,2024,10,2024-11-02T17:00:00.000Z,2171,Denison University,North Coast,89,Wabash College,North Coast,23.0,,,24.0,,,False
401676092,2024,11,2024-11-09T18:00:00.000Z,2171,Denison University,North Coast,391,Oberlin,North Coast,63.0,,,0.0,,,True
401676093,2024,12,2024-11-16T18:00:00.000Z,2171,Denison University,North Coast,2980,Ohio Wesleyan,North Coast,28.0,,,14.0,,,False
401674796,2024,2,2024-09-07T17:00:00.000Z,83,Depauw,North Coast,86,Rose-Hulman,Heartland,57.0,,,14.0,,,True
401676100,2024,3,2024-09-14T17:00:00.000Z,83,Depauw,North Coast,2757,Berry College,Southern Athletic,33.0,,,0.0,,,False
401675277,2024,4,2024-09-21T17:00:00.000Z,83,Depauw,North Coast,2748,Wooster,North Coast,51.0,,,14.0,,,True
401676101,2024,5,2024-09-28T16:00:00.000Z,83,Depauw,North Coast,391,Oberlin,North Coast,72.0,,,0.0,,,True
401676102,2024,6,2024-10-05T18:00:00.000Z,83,Depauw,North Coast,2980,Ohio Wesleyan,North Coast,53.0,,,14.0,,,False
401676091,2024,8,2024-10-19T18:00:00.000Z,83,Depauw,North Coast,2171,Denison University,North Coast,53.0,,,34.0,,,False
401675290,2024,9,2024-10-26T17:00:00.000Z,83,Depauw,North Coast,2746,Wittenberg,North Coast,44.0,,,10.0,,,True
401676103,2024,10,2024-11-02T17:00:00.000Z,83,Depauw,North Coast,352,Kenyon,North Coast,65.0,,,0.0,,,False
401676104,2024,11,2024-11-09T17:00:00.000Z,83,Depauw,North Coast,2274,Hiram College,North Coast,58.0,,,7.0,,,False
401675300,2024,12,2024-11-16T18:07:00.000Z,83,Depauw,North Coast,89,Wabash College,North Coast,42.0,,,21.0,,,True
401734925,2024,14,2024-11-30T17:00:00.000Z,83,Depauw,North Coast,2373,Maryville College (TN),USA South,45.0,,,20.0,,,True
401735947,2024,15,2024-12-07T17:00:00.000Z,83,Depauw,North Coast,118,Johns Hopkins University,Centennial,9.0,,,14.0,,,False
401674669,2024,2,2024-09-06T22:00:00.000Z,2175,Dickinson (PA),Centennial,2516,Randolph-Macon,Old Dominion,21.0,,,47.0,,,True
401674670,2024,3,2024-09-14T17:00:00.000Z,2175,Dickinson (PA),Centennial,2970,William Paterson,New Jersey,24.0,,,0.0,,,False
401674671,2024,4,2024-09-21T17:00:00.000Z,2175,Dickinson (PA),Centennial,2871,Kean,New Jersey,21.0,,,14.0,,,True
401674672,2024,6,2024-10-05T17:00:00.000Z,2175,Dickinson (PA),Centennial,2234,Franklin & Marshall,Centennial,14.0,,,23.0,,,False
401674673,2024,7,2024-10-12T17:00:00.000Z,2175,Dickinson (PA),Centennial,3112,Christopher Newport,New Jersey,31.0,,,28.0,,,False
401674674,2024,8,2024-10-19T17:00:00.000Z,2175,Dickinson (PA),Centennial,2700,McDaniel College,Centennial,24.0,,,0.0,,,True
401674675,2024,9,2024-10-26T17:00:00.000Z,2175,Dickinson (PA),Centennial,2422,Muhlenberg,Centennial,20.0,,,49.0,,,False
401674676,2024,10,2024-11-02T17:00:00.000Z,2175,Dickinson (PA),Centennial,2248,Gettysburg,Centennial,34.0,,,14.0,,,True
401674677,2024,11,2024-11-09T18:00:00.000Z,2175,Dickinson (PA),Centennial,118,Johns Hopkins University,Centennial,0.0,,,30.0,,,False
401674678,2024,12,2024-11-16T18:00:00.000Z,2175,Dickinson (PA),Centennial,2667,Ursinus,Centennial,13.0,,,24.0,,,True
401675946,2024,3,2024-09-14T19:00:00.000Z,316,Dickinson State University,,2744,Wisconsin-Stout,Wisconsin,20.0,,,22.0,,,True
401655664,2024,1,2024-08-29T23:30:00.000Z,2181,Drake,Pioneer,2825,Quincy,Great Lakes,0.0,,,0.0,,,True
401655623,2024,2,2024-09-07T23:00:00.000Z,2181,Drake,Pioneer,331,Eastern Washington,Big Sky,35.0,,,32.0,,,False
401654563,2024,4,2024-09-21T18:00:00.000Z,2181,Drake,Pioneer,233,South Dakota,MVFC,3.0,,,42.0,,,False
401638661,2024,5,2024-09-28T17:00:00.000Z,2181,Drake,Pioneer,301,San Diego,Pioneer,30.0,,,28.0,,,True
401638663,2024,6,2024-10-05T17:00:00.000Z,2181,Drake,Pioneer,2674,Valparaiso,Pioneer,27.0,,,3.0,,,False
401638668,2024,7,2024-10-12T18:00:00.000Z,2181,Drake,Pioneer,2086,Butler,Pioneer,27.0,,,17.0,,,True
401638674,2024,8,2024-10-19T17:00:00.000Z,2181,Drake,Pioneer,2506,Presbyterian,Pioneer,19.0,,,16.0,,,False
401638685,2024,10,2024-11-02T18:00:00.000Z,2181,Drake,Pioneer,2368,Marist,Pioneer,19.0,,,0.0,,,True
401638689,2024,11,2024-11-09T19:00:00.000Z,2181,Drake,Pioneer,2900,St. Thomas (MN),Pioneer,22.0,,,19.0,,,False
401638693,2024,12,2024-11-16T18:00:00.000Z,2181,Drake,Pioneer,2413,Morehead State,Pioneer,20.0,,,29.0,,,True
401638701,2024,13,2024-11-23T18:00:00.000Z,2181,Drake,Pioneer,56,Stetson,Pioneer,49.0,,,10.0,,,False
401729732,2024,14,2024-11-30T20:00:00.000Z,2181,Drake,Pioneer,2627,Tarleton State,UAC,29.0,,,43.0,,,False
401674601,2024,2,2024-09-06T23:00:00.000Z,49,Dubuque,American Rivers,2044,Aurora,NACC,21.0,,,33.0,,,True
401674602,2024,3,2024-09-15T00:00:00.000Z,49,Dubuque,American Rivers,272,Wisconsin-Platteville,Wisconsin,7.0,,,38.0,,,False
401674603,2024,4,2024-09-21T18:00:00.000Z,49,Dubuque,American Rivers,2564,Simpson College (IA),American Rivers,28.0,,,14.0,,,True
401674604,2024,5,2024-09-28T18:00:00.000Z,49,Dubuque,American Rivers,2141,Coe College,American Rivers,10.0,,,27.0,,,False
401674605,2024,6,2024-10-05T19:00:00.000Z,49,Dubuque,American Rivers,67,Luther,American Rivers,64.0,,,7.0,,,True
401674606,2024,8,2024-10-19T18:00:00.000Z,49,Dubuque,American Rivers,263,Loras College,American Rivers,49.0,,,42.0,,,False
401674598,2024,9,2024-10-26T18:00:00.000Z,49,Dubuque,American Rivers,2964,Central College,American Rivers,21.0,,,38.0,,,True
401674607,2024,10,2024-11-02T18:00:00.000Z,49,Dubuque,American Rivers,6845,Nebraska Wesleyan,American Rivers,52.0,,,7.0,,,False
401674608,2024,11,2024-11-09T19:00:00.000Z,49,Dubuque,American Rivers,2685,Wartburg,American Rivers,14.0,,,24.0,,,True
401674591,2024,12,2024-11-16T19:00:00.000Z,49,Dubuque,American Rivers,63,Buena Vista,American Rivers,56.0,,,21.0,,,False
401628584,2024,1,2024-08-30T23:30:00.000Z,150,Duke,ACC,2210,Elon,CAA,26.0,1602.0,1602.0,3.0,,,True
401677105,2024,1,2025-01-03T01:00:00.000Z,150,Duke,ACC,145,Ole Miss,SEC,20.0,1591.0,1540.0,52.0,1956.0,2007.0,False
401635533,2024,2,2024-09-07T01:00:00.000Z,150,Duke,ACC,77,Northwestern,Big Ten,26.0,1602.0,1602.0,20.0,1514.0,1514.0,False
401629030,2024,3,2024-09-14T22:00:00.000Z,150,Duke,ACC,41,UConn,FBS Independents,26.0,1602.0,1590.0,21.0,1157.0,1169.0,True
401635553,2024,4,2024-09-21T20:00:00.000Z,150,Duke,ACC,2393,Middle Tennessee,Conference USA,45.0,1590.0,1623.0,17.0,1215.0,1182.0,False
401635562,2024,5,2024-09-28T20:00:00.000Z,150,Duke,ACC,153,North Carolina,ACC,21.0,1623.0,1621.0,20.0,1519.0,1521.0,True
401635570,2024,6,2024-10-06T00:00:00.000Z,150,Duke,ACC,59,Georgia Tech,ACC,14.0,1621.0,1598.0,24.0,1545.0,1568.0,False
401634769,2024,8,2024-10-18T23:00:00.000Z,150,Duke,ACC,52,Florida State,ACC,23.0,1598.0,1604.0,16.0,1532.0,1526.0,True
401635595,2024,9,2024-10-27T00:00:00.000Z,150,Duke,ACC,2567,SMU,ACC,27.0,1604.0,1611.0,28.0,1786.0,1779.0,True
401635601,2024,10,2024-11-02T16:00:00.000Z,150,Duke,ACC,2390,Miami,ACC,31.0,1611.0,1582.0,53.0,1848.0,1877.0,False
401635608,2024,11,2024-11-09T20:30:00.000Z,150,Duke,ACC,152,NC State,ACC,29.0,1582.0,1597.0,19.0,1514.0,1499.0,False
401635615,2024,13,2024-11-24T01:00:00.000Z,150,Duke,ACC,259,Virginia Tech,ACC,31.0,1597.0,1599.0,28.0,1658.0,1656.0,True
401635622,2024,14,2024-11-30T17:00:00.000Z,150,Duke,ACC,154,Wake Forest,ACC,23.0,1599.0,1591.0,17.0,1338.0,1346.0,False
401644728,2024,1,2024-08-29T23:30:00.000Z,2184,Duquesne,NEC,2649,Toledo,Mid-American,10.0,,,49.0,1526.0,1526.0,False
401635531,2024,2,2024-09-07T19:30:00.000Z,2184,Duquesne,NEC,103,Boston College,ACC,0.0,,,56.0,1450.0,1450.0,False
401634246,2024,3,2024-09-14T18:00:00.000Z,2184,Duquesne,NEC,2754,Youngstown State,MVFC,28.0,,,25.0,,,False
401654588,2024,4,2024-09-21T16:00:00.000Z,2184,Duquesne,NEC,455,West Virginia Wesleyan,Mountain East,35.0,,,0.0,,,True
401654589,2024,6,2024-10-05T17:00:00.000Z,2184,Duquesne,NEC,2341,Long Island University,NEC,47.0,,,21.0,,,True
401654590,2024,7,2024-10-12T16:00:00.000Z,2184,Duquesne,NEC,2598,St. Francis (PA),NEC,38.0,,,7.0,,,False
401654591,2024,9,2024-10-26T17:00:00.000Z,2184,Duquesne,NEC,284,Stonehill,NEC,48.0,,,34.0,,,False
401654592,2024,10,2024-11-02T16:00:00.000Z,2184,Duquesne,NEC,2385,Mercyhurst,NEC,31.0,,,24.0,,,True
401654593,2024,11,2024-11-09T17:00:00.000Z,2184,Duquesne,NEC,2523,Robert Morris,NEC,31.0,,,6.0,,,True
401654594,2024,12,2024-11-16T17:00:00.000Z,2184,Duquesne,NEC,2681,Wagner,NEC,42.0,,,21.0,,,True
401654581,2024,13,2024-11-23T17:00:00.000Z,2184,Duquesne,NEC,2115,Central Connecticut,NEC,14.0,,,21.0,,,False
401658348,2024,1,2024-08-31T19:00:00.000Z,101784,ERSKINE,Gulf South,111610,Laurinburg,,52.0,,,0.0,,,True
401655665,2024,2,2024-09-07T23:00:00.000Z,101784,ERSKINE,Gulf South,2506,Presbyterian,Pioneer,14.0,,,31.0,,,True
401658349,2024,3,2024-09-14T17:00:00.000Z,101784,ERSKINE,Gulf South,2207,Elizabeth City State,CIAA,0.0,,,20.0,,,True
401658350,2024,4,2024-09-21T20:00:00.000Z,101784,ERSKINE,Gulf South,2673,Valdosta State,Gulf South,0.0,,,73.0,,,True
401658351,2024,5,2024-09-28T20:00:00.000Z,101784,ERSKINE,Gulf South,2170,Delta State,Gulf South,0.0,,,0.0,,,True
401658353,2024,8,2024-10-19T18:00:00.000Z,101784,ERSKINE,Gulf South,2822,North Greenville,Gulf South,35.0,,,52.0,,,False
401658354,2024,9,2024-10-26T21:00:00.000Z,101784,ERSKINE,Gulf South,2401,Mississippi College,Gulf South,7.0,,,42.0,,,False
401658355,2024,10,2024-11-02T18:00:00.000Z,101784,ERSKINE,Gulf South,110242,West Florida,Gulf South,0.0,,,70.0,,,True
401658356,2024,11,2024-11-09T18:00:00.000Z,101784,ERSKINE,Gulf South,2804,Chowan,Gulf South,3.0,,,21.0,,,False
401658352,2024,12,2024-11-16T19:00:00.000Z,101784,ERSKINE,Gulf South,2695,West Alabama,Gulf South,0.0,,,63.0,,,False
401645320,2024,1,2024-08-31T22:00:00.000Z,151,East Carolina,American Athletic,2450,Norfolk State,MEAC,42.0,1404.0,1404.0,3.0,,,True
401677098,2024,1,2024-12-28T22:45:00.000Z,151,East Carolina,American Athletic,152,NC State,ACC,26.0,1392.0,1403.0,21.0,1513.0,1502.0,False
401643778,2024,2,2024-09-07T22:00:00.000Z,151,East Carolina,American Athletic,295,Old Dominion,Sun Belt,20.0,1404.0,1415.0,14.0,1408.0,1397.0,False
401643785,2024,3,2024-09-14T20:00:00.000Z,151,East Carolina,American Athletic,2026,App State,Sun Belt,19.0,1415.0,1414.0,21.0,1446.0,1447.0,True
401640991,2024,4,2024-09-21T22:00:00.000Z,151,East Carolina,American Athletic,2335,Liberty,Conference USA,24.0,1414.0,1407.0,35.0,1582.0,1589.0,False
401645334,2024,5,2024-09-28T20:00:00.000Z,151,East Carolina,American Athletic,2636,UTSA,American Athletic,30.0,1407.0,1423.0,20.0,1390.0,1374.0,True
401645340,2024,6,2024-10-05T19:30:00.000Z,151,East Carolina,American Athletic,2429,Charlotte,American Athletic,24.0,1423.0,1298.0,55.0,1128.0,1253.0,False
401645346,2024,8,2024-10-19T16:00:00.000Z,151,East Carolina,American Athletic,349,Army,American Athletic,28.0,1298.0,1292.0,45.0,1643.0,1649.0,False
401645352,2024,9,2024-10-26T18:00:00.000Z,151,East Carolina,American Athletic,218,Temple,American Athletic,56.0,1292.0,1328.0,34.0,1126.0,1090.0,True
401645361,2024,11,2024-11-08T01:00:00.000Z,151,East Carolina,American Athletic,2226,Florida Atlantic,American Athletic,49.0,1328.0,1410.0,14.0,1207.0,1125.0,True
401645365,2024,12,2024-11-15T00:30:00.000Z,151,East Carolina,American Athletic,202,Tulsa,American Athletic,38.0,1410.0,1391.0,31.0,952.0,971.0,False
401645372,2024,13,2024-11-23T20:30:00.000Z,151,East Carolina,American Athletic,249,North Texas,American Athletic,40.0,1391.0,1418.0,28.0,1400.0,1373.0,False
401645379,2024,14,2024-11-29T17:00:00.000Z,151,East Carolina,American Athletic,2426,Navy,American Athletic,20.0,1418.0,1392.0,34.0,1477.0,1503.0,True
401674410,2024,2,2024-09-05T23:00:00.000Z,2191,East Central (OK),Great American,2271,Henderson State,Great American,17.0,,,41.0,,,True
401674411,2024,3,2024-09-14T23:00:00.000Z,2191,East Central (OK),Great American,2568,Southern Arkansas,Great American,20.0,,,28.0,,,False
401674412,2024,4,2024-09-21T23:00:00.000Z,2191,East Central (OK),Great American,2927,Southwestern Oklahoma State,Great American,3.0,,,19.0,,,True
401674413,2024,5,2024-09-28T23:00:00.000Z,2191,East Central (OK),Great American,319,Oklahoma Baptist,Great American,10.0,,,20.0,,,False
401674404,2024,6,2024-10-05T20:00:00.000Z,2191,East Central (OK),Great American,2028,Arkansas-Monticello,Great American,42.0,,,17.0,,,True
401674414,2024,7,2024-10-12T17:00:00.000Z,2191,East Central (OK),Great American,2888,Ouachita Baptist,Great American,0.0,,,40.0,,,False
401674415,2024,8,2024-10-19T20:00:00.000Z,2191,East Central (OK),Great American,2823,Northwestern Oklahoma State,Great American,20.0,,,14.0,,,True
401674416,2024,9,2024-10-26T19:00:00.000Z,2191,East Central (OK),Great American,200,Southern Nazarene,Great American,31.0,,,30.0,,,False
401674397,2024,10,2024-11-02T19:00:00.000Z,2191,East Central (OK),Great American,2033,Arkansas Tech,Great American,23.0,,,13.0,,,False
401674417,2024,11,2024-11-09T20:00:00.000Z,2191,East Central (OK),Great American,2264,Harding University,Great American,7.0,,,34.0,,,True
401674418,2024,12,2024-11-16T20:00:00.000Z,2191,East Central (OK),Great American,199,Southeastern Oklahoma State,Great American,20.0,,,13.0,,,True
401674363,2024,1,2024-08-29T23:00:00.000Z,2188,East Stroudsburg University,Pennsylvania State Athletic,2205,Edinboro University,Pennsylvania State Athletic,24.0,,,12.0,,,False
401674364,2024,2,2024-09-05T23:00:00.000Z,2188,East Stroudsburg University,Pennsylvania State Athletic,2487,Pace,Northeast 10,41.0,,,6.0,,,False
401674365,2024,3,2024-09-14T22:05:00.000Z,2188,East Stroudsburg University,Pennsylvania State Athletic,367,Gannon,Pennsylvania State Athletic,24.0,,,7.0,,,True
401674366,2024,5,2024-09-28T22:05:00.000Z,2188,East Stroudsburg University,Pennsylvania State Athletic,2315,Kutztown University,Pennsylvania State Athletic,21.0,,,27.0,,,True
401674367,2024,6,2024-10-05T16:00:00.000Z,2188,East Stroudsburg University,Pennsylvania State Athletic,210,Millersville,Pennsylvania State Athletic,57.0,,,17.0,,,False
401674343,2024,7,2024-10-12T18:00:00.000Z,2188,East Stroudsburg University,Pennsylvania State Athletic,2071,Bloomsburg,Pennsylvania State Athletic,31.0,,,0.0,,,False
401674368,2024,8,2024-10-19T22:05:00.000Z,2188,East Stroudsburg University,Pennsylvania State Athletic,223,West Chester,Pennsylvania State Athletic,45.0,,,31.0,,,True
401674369,2024,9,2024-10-26T16:05:00.000Z,2188,East Stroudsburg University,Pennsylvania State Athletic,209,Lock Haven University,Pennsylvania State Athletic,38.0,,,35.0,,,True
401674370,2024,10,2024-11-02T17:00:00.000Z,2188,East Stroudsburg University,Pennsylvania State Athletic,2559,Shippensburg,Pennsylvania State Athletic,45.0,,,0.0,,,False
401674371,2024,11,2024-11-09T18:00:00.000Z,2188,East Stroudsburg University,Pennsylvania State Athletic,2974,Shepherd,Pennsylvania State Athletic,28.0,,,7.0,,,True
401674372,2024,12,2024-11-16T17:00:00.000Z,2188,East Stroudsburg University,Pennsylvania State Athletic,2134,Clarion,Pennsylvania State Athletic,22.0,,,19.0,,,False
401734579,2024,13,2024-11-23T18:00:00.000Z,2188,East Stroudsburg University,Pennsylvania State Athletic,2858,PennWest California,Pennsylvania State Athletic,27.0,,,30.0,,,False
401634133,2024,1,2024-08-31T19:30:00.000Z,2193,East Tennessee State,Southern,2026,App State,Sun Belt,10.0,,,38.0,1578.0,1578.0,False
401634134,2024,2,2024-09-07T21:30:00.000Z,2193,East Tennessee State,Southern,2842,UVA Wise,South Atlantic,61.0,,,0.0,,,True
401634135,2024,3,2024-09-14T21:30:00.000Z,2193,East Tennessee State,Southern,2449,North Dakota State,MVFC,35.0,,,38.0,,,True
401628622,2024,4,2024-09-21T22:00:00.000Z,2193,East Tennessee State,Southern,2210,Elon,CAA,34.0,,,14.0,,,False
401634136,2024,5,2024-09-28T21:00:00.000Z,2193,East Tennessee State,Southern,2643,The Citadel,Southern,34.0,,,17.0,,,False
401632462,2024,6,2024-10-05T19:30:00.000Z,2193,East Tennessee State,Southern,236,Chattanooga,Southern,10.0,,,17.0,,,True
401634137,2024,7,2024-10-12T19:30:00.000Z,2193,East Tennessee State,Southern,2535,Samford,Southern,31.0,,,28.0,,,True
401634138,2024,9,2024-10-26T18:00:00.000Z,2193,East Tennessee State,Southern,2747,Wofford,Southern,24.0,,,7.0,,,False
401634139,2024,10,2024-11-02T19:00:00.000Z,2193,East Tennessee State,Southern,2382,Mercer,Southern,31.0,,,37.0,,,False
401634140,2024,11,2024-11-09T17:00:00.000Z,2193,East Tennessee State,Southern,2717,Western Carolina,Southern,24.0,,,21.0,,,True
401634141,2024,12,2024-11-16T17:00:00.000Z,2193,East Tennessee State,Southern,231,Furman,Southern,21.0,,,24.0,,,True
401634142,2024,13,2024-11-23T17:00:00.000Z,2193,East Tennessee State,Southern,2678,VMI,Southern,16.0,,,9.0,,,False
401643702,2024,1,2024-09-01T00:00:00.000Z,2837,East Texas A&M,Southland,21,San Diego State,Mountain West,14.0,,,45.0,1416.0,1416.0,False
401654850,2024,2,2024-09-08T02:00:00.000Z,2837,East Texas A&M,Southland,302,UC Davis,Big Sky,22.0,,,36.0,,,False
401654674,2024,3,2024-09-14T23:00:00.000Z,2837,East Texas A&M,Southland,2755,Grambling,SWAC,28.0,,,35.0,,,True
401654851,2024,4,2024-09-21T23:00:00.000Z,2837,East Texas A&M,Southland,16,Sacramento State,Big Sky,0.0,,,34.0,,,True
401634038,2024,6,2024-10-05T23:00:00.000Z,2837,East Texas A&M,Southland,2545,SE Louisiana,Southland,9.0,,,21.0,,,False
401634030,2024,7,2024-10-12T19:00:00.000Z,2837,East Texas A&M,Southland,2466,Northwestern State,Southland,42.0,,,21.0,,,False
401634033,2024,8,2024-10-19T20:30:00.000Z,2837,East Texas A&M,Southland,2320,Lamar,Southland,20.0,,,29.0,,,True
401654570,2024,9,2024-10-26T19:00:00.000Z,2837,East Texas A&M,Southland,2504,Prairie View A&M,SWAC,27.0,,,34.0,,,False
401634020,2024,10,2024-11-03T00:00:00.000Z,2837,East Texas A&M,Southland,2377,McNeese,Southland,3.0,,,31.0,,,False
401675122,2024,11,2024-11-09T21:30:00.000Z,2837,East Texas A&M,Southland,2617,Stephen F. Austin,Southland,19.0,,,14.0,,,True
401634021,2024,12,2024-11-16T19:00:00.000Z,2837,East Texas A&M,Southland,2277,Houston Christian,Southland,41.0,,,40.0,,,True
401634041,2024,13,2024-11-23T19:00:00.000Z,2837,East Texas A&M,Southland,2916,Incarnate Word,Southland,24.0,,,38.0,,,True
401676043,2024,2,2024-09-07T00:00:00.000Z,2194,East Texas Baptist University,American Southwest,548,Lagrange College,USA South,57.0,,,12.0,,,True
401676368,2024,3,2024-09-15T00:00:00.000Z,2194,East Texas Baptist University,American Southwest,418,Hendrix College,Southern Athletic,63.0,,,28.0,,,False
401676205,2024,5,2024-09-28T23:00:00.000Z,2194,East Texas Baptist University,American Southwest,101442,CENTENARY,Southern Collegiate Athletic,47.0,,,8.0,,,True
401674653,2024,6,2024-10-05T18:00:00.000Z,2194,East Texas Baptist University,American Southwest,2371,Mary Hardin-Baylor,American Southwest,28.0,,,42.0,,,False
401674649,2024,7,2024-10-12T18:00:00.000Z,2194,East Texas Baptist University,American Southwest,2758,Howard Payne,American Southwest,42.0,,,33.0,,,True
401674642,2024,9,2024-10-26T18:00:00.000Z,2194,East Texas Baptist University,American Southwest,2810,Hardin-Simmons,American Southwest,22.0,,,38.0,,,False
401674654,2024,10,2024-11-02T18:00:00.000Z,2194,East Texas Baptist University,American Southwest,2371,Mary Hardin-Baylor,American Southwest,14.0,,,27.0,,,True
401674651,2024,11,2024-11-09T19:00:00.000Z,2194,East Texas Baptist University,American Southwest,2758,Howard Payne,American Southwest,38.0,,,17.0,,,False
401674645,2024,12,2024-11-16T19:00:00.000Z,2194,East Texas Baptist University,American Southwest,2810,Hardin-Simmons,American Southwest,23.0,,,45.0,,,True
401654845,2024,1,2024-08-30T01:00:00.000Z,2197,Eastern Illinois,Big South-OVC,356,Illinois,Big Ten,0.0,,,45.0,1502.0,1502.0,False
401634170,2024,2,2024-09-07T23:00:00.000Z,2197,Eastern Illinois,Big South-OVC,282,Indiana State,MVFC,27.0,,,20.0,,,True
401655632,2024,3,2024-09-14T23:30:00.000Z,2197,Eastern Illinois,Big South-OVC,77,Northwestern,Big Ten,7.0,,,31.0,1508.0,1508.0,False
401634160,2024,4,2024-09-21T23:00:00.000Z,2197,Eastern Illinois,Big South-OVC,2287,Illinois State,MVFC,7.0,,,31.0,,,False
401633982,2024,5,2024-09-28T19:00:00.000Z,2197,Eastern Illinois,Big South-OVC,2815,Lindenwood,Big South-OVC,25.0,,,28.0,,,True
401633985,2024,6,2024-10-05T19:00:00.000Z,2197,Eastern Illinois,Big South-OVC,2546,Southeast Missouri State,Big South-OVC,27.0,,,38.0,,,True
401633989,2024,7,2024-10-12T22:00:00.000Z,2197,Eastern Illinois,Big South-OVC,2634,Tennessee State,Big South-OVC,17.0,,,41.0,,,False
401633996,2024,9,2024-10-26T19:00:00.000Z,2197,Eastern Illinois,Big South-OVC,2630,UT Martin,Big South-OVC,17.0,,,52.0,,,False
401634000,2024,10,2024-11-02T19:00:00.000Z,2197,Eastern Illinois,Big South-OVC,2710,Western Illinois,Big South-OVC,45.0,,,38.0,,,True
401634004,2024,11,2024-11-09T18:30:00.000Z,2197,Eastern Illinois,Big South-OVC,2241,Gardner-Webb,Big South-OVC,28.0,,,31.0,,,False
401634007,2024,12,2024-11-16T18:00:00.000Z,2197,Eastern Illinois,Big South-OVC,2127,Charleston Southern,Big South-OVC,16.0,,,13.0,,,True
401634011,2024,13,2024-11-23T18:00:00.000Z,2197,Eastern Illinois,Big South-OVC,2635,Tennessee Tech,Big South-OVC,6.0,,,23.0,,,False
401628326,2024,1,2024-08-31T22:00:00.000Z,2198,Eastern Kentucky,UAC,344,Mississippi State,SEC,7.0,,,56.0,1447.0,1447.0,False
401632068,2024,2,2024-09-07T23:00:00.000Z,2198,Eastern Kentucky,UAC,98,Western Kentucky,Conference USA,0.0,,,31.0,1307.0,1307.0,False
401632074,2024,3,2024-09-14T22:00:00.000Z,2198,Eastern Kentucky,UAC,2698,West Georgia,UAC,26.0,,,7.0,,,True
401632078,2024,4,2024-09-21T22:00:00.000Z,2198,Eastern Kentucky,UAC,2413,Morehead State,Pioneer,42.0,,,13.0,,,True
401632110,2024,5,2024-09-28T18:00:00.000Z,2198,Eastern Kentucky,UAC,2523,Robert Morris,NEC,31.0,,,7.0,,,True
401678917,2024,7,2024-10-12T20:00:00.000Z,2198,Eastern Kentucky,UAC,253,Southern Utah,UAC,21.0,,,42.0,,,False
401632137,2024,8,2024-10-19T20:00:00.000Z,2198,Eastern Kentucky,UAC,2000,Abilene Christian,UAC,20.0,,,34.0,,,False
401632120,2024,9,2024-10-26T19:00:00.000Z,2198,Eastern Kentucky,UAC,3101,Utah Tech,UAC,28.0,,,17.0,,,True
401632124,2024,10,2024-11-02T23:00:00.000Z,2198,Eastern Kentucky,UAC,2627,Tarleton State,UAC,17.0,,,13.0,,,False
401632140,2024,11,2024-11-09T19:00:00.000Z,2198,Eastern Kentucky,UAC,2110,Central Arkansas,UAC,31.0,,,24.0,,,True
401632119,2024,12,2024-11-16T19:00:00.000Z,2198,Eastern Kentucky,UAC,2046,Austin Peay,UAC,30.0,,,27.0,,,False
401632132,2024,13,2024-11-23T19:00:00.000Z,2198,Eastern Kentucky,UAC,2453,North Alabama,UAC,21.0,,,15.0,,,True
401729736,2024,14,2024-11-30T19:00:00.000Z,2198,Eastern Kentucky,UAC,222,Villanova,CAA,17.0,,,22.0,,,False
401629039,2024,1,2024-08-31T19:30:00.000Z,2199,Eastern Michigan,Mid-American,113,Massachusetts,FBS Independents,28.0,1287.0,1305.0,14.0,1141.0,1123.0,False
401628473,2024,2,2024-09-07T19:30:00.000Z,2199,Eastern Michigan,Mid-American,264,Washington,Big Ten,9.0,1305.0,1298.0,30.0,1752.0,1759.0,False
401640999,2024,3,2024-09-14T23:00:00.000Z,2199,Eastern Michigan,Mid-American,55,Jacksonville State,Conference USA,37.0,1298.0,1300.0,34.0,1374.0,1372.0,True
401644737,2024,4,2024-09-21T18:00:00.000Z,2199,Eastern Michigan,Mid-American,2598,St. Francis (PA),NEC,36.0,1303.0,1303.0,0.0,,,True
401644739,2024,5,2024-09-28T19:30:00.000Z,2199,Eastern Michigan,Mid-American,2309,Kent State,Mid-American,52.0,1300.0,1310.0,33.0,932.0,922.0,False
401644685,2024,7,2024-10-12T18:00:00.000Z,2199,Eastern Michigan,Mid-American,193,Miami (OH),Mid-American,14.0,1310.0,1261.0,38.0,1437.0,1486.0,True
401644750,2024,8,2024-10-19T18:00:00.000Z,2199,Eastern Michigan,Mid-American,2117,Central Michigan,Mid-American,38.0,1261.0,1262.0,34.0,1189.0,1188.0,True
401644752,2024,9,2024-10-26T19:30:00.000Z,2199,Eastern Michigan,Mid-American,2006,Akron,Mid-American,21.0,1262.0,1252.0,25.0,1049.0,1059.0,False
401644758,2024,10,2024-11-02T16:00:00.000Z,2199,Eastern Michigan,Mid-American,2649,Toledo,Mid-American,28.0,1252.0,1261.0,29.0,1472.0,1463.0,True
401644767,2024,12,2024-11-14T00:00:00.000Z,2199,Eastern Michigan,Mid-American,195,Ohio,Mid-American,10.0,1261.0,1225.0,35.0,1510.0,1546.0,False
401644772,2024,13,2024-11-21T00:00:00.000Z,2199,Eastern Michigan,Mid-American,2084,Buffalo,Mid-American,20.0,1225.0,1183.0,37.0,1217.0,1259.0,True
401644780,2024,14,2024-11-30T18:30:00.000Z,2199,Eastern Michigan,Mid-American,2711,Western Michigan,Mid-American,18.0,1183.0,1175.0,26.0,1246.0,1254.0,False
401673257,2024,1,2024-08-30T00:00:00.000Z,2201,Eastern New Mexico,Lone Star,2424,New Mexico Highlands,Rocky Mountain,63.0,,,37.0,,,False
401675530,2024,2,2024-09-08T00:00:00.000Z,2201,Eastern New Mexico,Lone Star,2834,Sul Ross State,Lone Star,36.0,,,17.0,,,True
401675513,2024,3,2024-09-14T23:00:00.000Z,2201,Eastern New Mexico,Lone Star,2025,Angelo State,Lone Star,20.0,,,26.0,,,False
401675531,2024,4,2024-09-22T00:00:00.000Z,2201,Eastern New Mexico,Lone Star,2395,Midwestern State,Lone Star,15.0,,,36.0,,,True
401675524,2024,6,2024-10-06T00:00:00.000Z,2201,Eastern New Mexico,Lone Star,2120,Central Washington,Lone Star,28.0,,,44.0,,,True
401675532,2024,7,2024-10-12T20:05:00.000Z,2201,Eastern New Mexico,Lone Star,2848,Western Oregon,Lone Star,20.0,,,49.0,,,False
401675533,2024,8,2024-10-19T18:00:00.000Z,2201,Eastern New Mexico,Lone Star,2704,West Texas A&M,Lone Star,24.0,,,42.0,,,True
401675534,2024,9,2024-10-26T18:00:00.000Z,2201,Eastern New Mexico,Lone Star,2703,Western New Mexico,Lone Star,41.0,,,34.0,,,False
401675535,2024,10,2024-11-02T18:00:00.000Z,2201,Eastern New Mexico,Lone Star,2834,Sul Ross State,Lone Star,28.0,,,33.0,,,False
401675536,2024,11,2024-11-09T19:00:00.000Z,2201,Eastern New Mexico,Lone Star,110243,UT Permian Basin,Lone Star,14.0,,,64.0,,,True
401675537,2024,12,2024-11-17T01:00:00.000Z,2201,Eastern New Mexico,Lone Star,2658,Texas A&M-Kingsville,Lone Star,13.0,,,28.0,,,False
401676321,2024,3,2024-09-14T20:00:00.000Z,2202,Eastern Oregon,,2721,Whitworth,Northwest,19.0,,,31.0,,,False
401676250,2024,2,2024-09-07T16:00:00.000Z,127954,Eastern University,Mid Atlantic,2442,College Of New Jersey,New Jersey,12.0,,,34.0,,,True
401676654,2024,3,2024-09-14T16:00:00.000Z,127954,Eastern University,Mid Atlantic,2725,Widener,Mid Atlantic,13.0,,,27.0,,,True
401673439,2024,4,2024-09-21T16:00:00.000Z,127954,Eastern University,Mid Atlantic,388,Lebanon Valley,Mid Atlantic,24.0,,,40.0,,,True
401674865,2024,5,2024-09-28T16:00:00.000Z,127954,Eastern University,Mid Atlantic,2015,Albright,Mid Atlantic,41.0,,,20.0,,,False
401676655,2024,7,2024-10-12T16:00:00.000Z,127954,Eastern University,Mid Atlantic,247,Kings College (PA),Mid Atlantic,23.0,,,35.0,,,True
401676656,2024,8,2024-10-19T17:00:00.000Z,127954,Eastern University,Mid Atlantic,111674,Reading,Mid Atlantic,22.0,,,14.0,,,False
401674873,2024,9,2024-10-26T16:00:00.000Z,127954,Eastern University,Mid Atlantic,471,Stevenson,Mid Atlantic,24.0,,,14.0,,,True
401676657,2024,10,2024-11-02T16:00:00.000Z,127954,Eastern University,Mid Atlantic,2969,Misericordia,Mid Atlantic,31.0,,,10.0,,,True
401673426,2024,11,2024-11-09T17:00:00.000Z,127954,Eastern University,Mid Atlantic,2808,Delaware Valley,Mid Atlantic,0.0,,,27.0,,,False
401673436,2024,12,2024-11-16T17:00:00.000Z,127954,Eastern University,Mid Atlantic,2221,FDU-Florham,Mid Atlantic,37.0,,,33.0,,,False
401628583,2024,1,2024-08-30T01:00:00.000Z,331,Eastern Washington,Big Sky,2405,Monmouth,CAA,42.0,,,27.0,,,True
401655623,2024,2,2024-09-07T23:00:00.000Z,331,Eastern Washington,Big Sky,2181,Drake,Pioneer,32.0,,,35.0,,,True
401655620,2024,3,2024-09-14T23:00:00.000Z,331,Eastern Washington,Big Sky,2545,SE Louisiana,Southland,24.0,,,28.0,,,False
401643713,2024,4,2024-09-21T19:00:00.000Z,331,Eastern Washington,Big Sky,2440,Nevada,Mountain West,16.0,,,49.0,1220.0,1220.0,False
401634049,2024,5,2024-09-29T00:00:00.000Z,331,Eastern Washington,Big Sky,149,Montana,Big Sky,49.0,,,52.0,,,True
401634057,2024,7,2024-10-13T01:00:00.000Z,331,Eastern Washington,Big Sky,16,Sacramento State,Big Sky,35.0,,,28.0,,,False
401634103,2024,8,2024-10-19T23:00:00.000Z,331,Eastern Washington,Big Sky,302,UC Davis,Big Sky,38.0,,,48.0,,,True
401634107,2024,9,2024-10-27T01:00:00.000Z,331,Eastern Washington,Big Sky,70,Idaho,Big Sky,28.0,,,38.0,,,False
401634111,2024,10,2024-11-02T20:00:00.000Z,331,Eastern Washington,Big Sky,147,Montana State,Big Sky,28.0,,,42.0,,,True
401634116,2024,11,2024-11-09T19:00:00.000Z,331,Eastern Washington,Big Sky,2458,Northern Colorado,Big Sky,43.0,,,15.0,,,False
401634122,2024,12,2024-11-16T21:00:00.000Z,331,Eastern Washington,Big Sky,304,Idaho State,Big Sky,77.0,,,42.0,,,True
401634128,2024,13,2024-11-23T20:00:00.000Z,331,Eastern Washington,Big Sky,2464,Northern Arizona,Big Sky,18.0,,,30.0,,,False
401674363,2024,1,2024-08-29T23:00:00.000Z,2205,Edinboro University,Pennsylvania State Athletic,2188,East Stroudsburg University,Pennsylvania State Athletic,12.0,,,24.0,,,True
401654605,2024,2,2024-09-07T22:00:00.000Z,2205,Edinboro University,Pennsylvania State Athletic,2523,Robert Morris,NEC,23.0,,,21.0,,,False
401674373,2024,3,2024-09-14T16:00:00.000Z,2205,Edinboro University,Pennsylvania State Athletic,2315,Kutztown University,Pennsylvania State Athletic,0.0,,,26.0,,,False
401674340,2024,4,2024-09-21T16:00:00.000Z,2205,Edinboro University,Pennsylvania State Athletic,2071,Bloomsburg,Pennsylvania State Athletic,27.0,,,32.0,,,True
401674374,2024,5,2024-09-28T22:00:00.000Z,2205,Edinboro University,Pennsylvania State Athletic,215,Slippery Rock,Pennsylvania State Athletic,23.0,,,28.0,,,False
401674375,2024,7,2024-10-12T18:00:00.000Z,2205,Edinboro University,Pennsylvania State Athletic,2291,Indiana-Pennsylvania,Pennsylvania State Athletic,27.0,,,23.0,,,True
401674376,2024,8,2024-10-19T16:00:00.000Z,2205,Edinboro University,Pennsylvania State Athletic,2134,Clarion,Pennsylvania State Athletic,28.0,,,29.0,,,False
401674377,2024,9,2024-10-26T16:00:00.000Z,2205,Edinboro University,Pennsylvania State Athletic,367,Gannon,Pennsylvania State Athletic,21.0,,,25.0,,,True
401674378,2024,10,2024-11-02T16:00:00.000Z,2205,Edinboro University,Pennsylvania State Athletic,611,Seton Hill,Pennsylvania State Athletic,24.0,,,22.0,,,True
401674356,2024,11,2024-11-09T17:00:00.000Z,2205,Edinboro University,Pennsylvania State Athletic,2858,PennWest California,Pennsylvania State Athletic,14.0,,,28.0,,,False
401674379,2024,12,2024-11-16T17:00:00.000Z,2205,Edinboro University,Pennsylvania State Athletic,210,Millersville,Pennsylvania State Athletic,21.0,,,23.0,,,True
401675597,2024,1,2024-08-31T19:00:00.000Z,2206,Edward Waters,SIAC,60,Morehouse College,SIAC,28.0,,,11.0,,,False
401675594,2024,2,2024-09-07T17:00:00.000Z,2206,Edward Waters,SIAC,125762,Florida Memorial University,,21.0,,,31.0,,,False
401654601,2024,3,2024-09-14T21:00:00.000Z,2206,Edward Waters,SIAC,2016,Alcorn State,SWAC,7.0,,,38.0,,,False
401675112,2024,4,2024-09-20T00:00:00.000Z,2206,Edward Waters,SIAC,490,Benedict College,SIAC,28.0,,,31.0,,,False
401675595,2024,5,2024-09-29T20:00:00.000Z,2206,Edward Waters,SIAC,2657,Tuskegee,SIAC,13.0,,,27.0,,,True
401675596,2024,6,2024-10-05T20:00:00.000Z,2206,Edward Waters,SIAC,2232,Fort Valley State,SIAC,14.0,,,48.0,,,True
401675598,2024,8,2024-10-19T22:00:00.000Z,2206,Edward Waters,SIAC,2542,Savannah St,SIAC,20.0,,,27.0,,,True
401675567,2024,9,2024-10-26T18:00:00.000Z,2206,Edward Waters,SIAC,2013,Albany State GA,SIAC,34.0,,,42.0,,,False
401675599,2024,10,2024-11-02T19:00:00.000Z,2206,Edward Waters,SIAC,2323,Lane College,SIAC,37.0,,,23.0,,,False
401675578,2024,11,2024-11-09T19:00:00.000Z,2206,Edward Waters,SIAC,2019,Allen,SIAC,33.0,,,28.0,,,True
401677460,2024,4,2024-09-21T17:00:00.000Z,122775,Elgin,,190,Defiance College,,20.0,,,38.0,,,False
401676691,2024,1,2024-08-31T17:00:00.000Z,2207,Elizabeth City State,CIAA,2551,Shaw,CIAA,13.0,,,17.0,,,False
401675467,2024,2,2024-09-07T17:00:00.000Z,2207,Elizabeth City State,CIAA,2804,Chowan,Gulf South,12.0,,,9.0,,,True
401658349,2024,3,2024-09-14T17:00:00.000Z,2207,Elizabeth City State,CIAA,101784,ERSKINE,Gulf South,20.0,,,0.0,,,False
401675412,2024,4,2024-09-21T18:00:00.000Z,2207,Elizabeth City State,CIAA,2220,Fayetteville State,CIAA,7.0,,,31.0,,,False
401675807,2024,6,2024-10-05T20:00:00.000Z,2207,Elizabeth City State,CIAA,2940,Livingstone,CIAA,17.0,,,23.0,,,False
401675408,2024,7,2024-10-12T17:00:00.000Z,2207,Elizabeth City State,CIAA,2676,Virginia Union,CIAA,0.0,,,35.0,,,False
401675390,2024,8,2024-10-19T17:00:00.000Z,2207,Elizabeth City State,CIAA,330,Virginia St,CIAA,7.0,,,36.0,,,True
401677736,2024,9,2024-10-26T17:00:00.000Z,2207,Elizabeth City State,CIAA,2339,Lincoln (PA),CIAA,20.0,,,21.0,,,True
401675384,2024,10,2024-11-02T17:00:00.000Z,2207,Elizabeth City State,CIAA,2075,Bowie State,CIAA,6.0,,,48.0,,,True
401677737,2024,11,2024-11-09T18:00:00.000Z,2207,Elizabeth City State,CIAA,124180,Bluefield State,CIAA,27.0,,,21.0,,,False
401673973,2024,2,2024-09-07T17:00:00.000Z,72,Elmhurst,CCIW,2003,Adrian,Michigan,20.0,,,55.0,,,False
401673974,2024,4,2024-09-21T23:00:00.000Z,72,Elmhurst,CCIW,306,Illinois Wesleyan,CCIW,7.0,,,55.0,,,True
401673975,2024,5,2024-09-28T18:00:00.000Z,72,Elmhurst,CCIW,75,North Park,CCIW,28.0,,,21.0,,,True
401673968,2024,6,2024-10-05T18:00:00.000Z,72,Elmhurst,CCIW,2106,Carthage,CCIW,23.0,,,17.0,,,False
401673950,2024,7,2024-10-12T18:00:00.000Z,72,Elmhurst,CCIW,2042,Augustana (IL),CCIW,21.0,,,35.0,,,False
401673976,2024,8,2024-10-19T18:00:00.000Z,72,Elmhurst,CCIW,143,Washington University (St. Louis),CCIW,10.0,,,49.0,,,True
401673961,2024,9,2024-10-26T18:00:00.000Z,72,Elmhurst,CCIW,32,Carroll University (WI),CCIW,14.0,,,45.0,,,True
401673977,2024,10,2024-11-02T17:00:00.000Z,72,Elmhurst,CCIW,396,Wheaton,CCIW,17.0,,,65.0,,,False
401673978,2024,11,2024-11-09T18:00:00.000Z,72,Elmhurst,CCIW,3071,North Central College,CCIW,7.0,,,70.0,,,False
401673979,2024,12,2024-11-16T19:00:00.000Z,72,Elmhurst,CCIW,74,Millikin,CCIW,35.0,,,7.0,,,True
401628584,2024,1,2024-08-30T23:30:00.000Z,2210,Elon,CAA,150,Duke,ACC,3.0,,,26.0,1602.0,1602.0,False
401628595,2024,2,2024-09-07T22:00:00.000Z,2210,Elon,CAA,2428,North Carolina Central,MEAC,41.0,,,19.0,,,False
401628612,2024,3,2024-09-14T22:00:00.000Z,2210,Elon,CAA,2717,Western Carolina,Southern,17.0,,,24.0,,,True
401628622,2024,4,2024-09-21T22:00:00.000Z,2210,Elon,CAA,2193,East Tennessee State,Southern,14.0,,,34.0,,,True
401628632,2024,5,2024-09-28T18:00:00.000Z,2210,Elon,CAA,257,Richmond,CAA,17.0,,,27.0,,,True
401628651,2024,7,2024-10-12T18:00:00.000Z,2210,Elon,CAA,160,New Hampshire,CAA,10.0,,,17.0,,,True
401628661,2024,8,2024-10-19T19:30:00.000Z,2210,Elon,CAA,399,UAlbany,CAA,30.0,,,14.0,,,False
401628665,2024,9,2024-10-26T18:00:00.000Z,2210,Elon,CAA,2261,Hampton,CAA,21.0,,,41.0,,,False
401628676,2024,10,2024-11-02T18:00:00.000Z,2210,Elon,CAA,2097,Campbell,CAA,50.0,,,27.0,,,True
401628681,2024,11,2024-11-09T18:00:00.000Z,2210,Elon,CAA,2729,William & Mary,CAA,40.0,,,36.0,,,False
401628687,2024,12,2024-11-16T19:00:00.000Z,2210,Elon,CAA,311,Maine,CAA,31.0,,,25.0,,,True
401628696,2024,13,2024-11-23T18:00:00.000Z,2210,Elon,CAA,2448,North Carolina A&T,CAA,31.0,,,21.0,,,False
401673381,2024,1,2024-08-31T17:00:00.000Z,2213,Emory & Henry College,South Atlantic,2249,Glenville State,Mountain East,38.0,,,7.0,,,True
401673382,2024,3,2024-09-14T17:00:00.000Z,2213,Emory & Henry College,South Atlantic,124180,Bluefield State,CIAA,40.0,,,13.0,,,True
401673383,2024,4,2024-09-21T17:00:00.000Z,2213,Emory & Henry College,South Atlantic,122666,Wilson,South Atlantic,41.0,,,0.0,,,True
401673384,2024,5,2024-09-29T17:00:00.000Z,2213,Emory & Henry College,South Atlantic,2336,Limestone,South Atlantic,24.0,,,37.0,,,False
401673385,2024,6,2024-10-05T17:00:00.000Z,2213,Emory & Henry College,South Atlantic,2331,Lenoir-Rhyne,South Atlantic,31.0,,,20.0,,,True
401673386,2024,7,2024-10-12T18:00:00.000Z,2213,Emory & Henry College,South Atlantic,2839,Greeneville,South Atlantic,23.0,,,21.0,,,False
401673387,2024,8,2024-10-19T17:00:00.000Z,2213,Emory & Henry College,South Atlantic,129469,Anderson (Sc),South Atlantic,34.0,,,3.0,,,False
401673377,2024,9,2024-10-26T17:00:00.000Z,2213,Emory & Henry College,South Atlantic,2105,Carson-Newman College,South Atlantic,17.0,,,10.0,,,True
401673388,2024,10,2024-11-02T17:00:00.000Z,2213,Emory & Henry College,South Atlantic,2369,Mars Hill,South Atlantic,23.0,,,31.0,,,False
401673389,2024,11,2024-11-09T18:00:00.000Z,2213,Emory & Henry College,South Atlantic,2842,UVA Wise,South Atlantic,62.0,,,14.0,,,True
401673390,2024,12,2024-11-16T18:00:00.000Z,2213,Emory & Henry College,South Atlantic,2444,Newberry,South Atlantic,27.0,,,7.0,,,False
401674150,2024,1,2024-08-30T00:00:00.000Z,2214,Emporia State University,Mid America,2687,Washburn,Mid America,30.0,,,14.0,,,True
401674151,2024,2,2024-09-07T18:00:00.000Z,2214,Emporia State University,Mid America,2025,Angelo State,Lone Star,17.0,,,12.0,,,True
401674152,2024,3,2024-09-15T00:00:00.000Z,2214,Emporia State University,Mid America,90,Pittsburg St,Mid America,24.0,,,21.0,,,False
401674153,2024,4,2024-09-21T18:00:00.000Z,2214,Emporia State University,Mid America,137,Missouri Western,Mid America,30.0,,,27.0,,,True
401674154,2024,5,2024-09-28T18:30:00.000Z,2214,Emporia State University,Mid America,138,Northwest Missouri St,Mid America,9.0,,,14.0,,,False
401674155,2024,6,2024-10-05T19:00:00.000Z,2214,Emporia State University,Mid America,196,Northeastern State,Independent DII,48.0,,,14.0,,,True
401674156,2024,7,2024-10-12T18:00:00.000Z,2214,Emporia State University,Mid America,2403,Missouri Southern State,Mid America,49.0,,,30.0,,,False
401674157,2024,9,2024-10-26T19:00:00.000Z,2214,Emporia State University,Mid America,2438,Nebraska-Kearney,Mid America,42.0,,,35.0,,,False
401674158,2024,10,2024-11-02T18:00:00.000Z,2214,Emporia State University,Mid America,2231,Fort Hays State,Mid America,7.0,,,36.0,,,True
401674138,2024,11,2024-11-09T19:00:00.000Z,2214,Emporia State University,Mid America,2118,Central Missouri,Mid America,36.0,,,45.0,,,True
401674149,2024,12,2024-11-16T19:00:00.000Z,2214,Emporia State University,Mid America,2122,Central Oklahoma,Mid America,38.0,,,55.0,,,False
401674853,2024,2,2024-09-07T16:00:00.000Z,452,Endicott College,Commonwealth Coast,2779,St. Lawrence,Liberty League,44.0,,,13.0,,,False
401674834,2024,3,2024-09-14T17:00:00.000Z,452,Endicott College,Commonwealth Coast,175,Ithaca College,Liberty League,13.0,,,7.0,,,False
401677403,2024,4,2024-09-21T16:00:00.000Z,452,Endicott College,Commonwealth Coast,125974,Hilbert College,Empire 8,58.0,,,0.0,,,True
401674849,2024,5,2024-09-28T16:00:00.000Z,452,Endicott College,Commonwealth Coast,2528,Rensselaer,Liberty League,28.0,,,20.0,,,True
401674639,2024,6,2024-10-05T18:00:00.000Z,452,Endicott College,Commonwealth Coast,2810,Hardin-Simmons,American Southwest,27.0,,,35.0,,,False
401676775,2024,8,2024-10-19T17:00:00.000Z,452,Endicott College,Commonwealth Coast,111675,Biddeford,Commonwealth Coast,39.0,,,7.0,,,False
401676766,2024,9,2024-10-26T17:00:00.000Z,452,Endicott College,Commonwealth Coast,2702,Western New England,Commonwealth Coast,41.0,,,7.0,,,False
401676759,2024,10,2024-11-02T16:00:00.000Z,452,Endicott College,Commonwealth Coast,2884,Nichols College,Commonwealth Coast,50.0,,,10.0,,,True
401674718,2024,11,2024-11-09T17:00:00.000Z,452,Endicott College,Commonwealth Coast,2280,Husson,Commonwealth Coast,32.0,,,6.0,,,True
401674710,2024,12,2024-11-16T17:00:00.000Z,452,Endicott College,Commonwealth Coast,40,Curry College,Commonwealth Coast,49.0,,,14.0,,,False
401734571,2024,13,2024-11-23T17:00:00.000Z,452,Endicott College,Commonwealth Coast,3162,Alfred State,ECFC,44.0,,,0.0,,,True
401734922,2024,14,2024-11-30T17:00:00.000Z,452,Endicott College,Commonwealth Coast,2782,Cortland,Empire 8,9.0,,,17.0,,,False
401675006,2024,2,2024-09-07T18:00:00.000Z,101,Eureka College,NACC,255,Knox College,Midwest,6.0,,,7.0,,,False
401676067,2024,3,2024-09-14T23:00:00.000Z,101,Eureka College,NACC,2257,Greenville,Upper Midwest,7.0,,,27.0,,,True
401676081,2024,4,2024-09-21T23:00:00.000Z,101,Eureka College,NACC,2741,Wisconsin-Lutheran,NACC,6.0,,,38.0,,,False
401676038,2024,6,2024-10-05T20:00:00.000Z,101,Eureka College,NACC,2151,Concordia University Chicago,NACC,27.0,,,31.0,,,True
401682361,2024,7,2024-10-11T23:00:00.000Z,101,Eureka College,NACC,6353,Lakeland,NACC,8.0,,,49.0,,,True
401676059,2024,8,2024-10-19T18:00:00.000Z,101,Eureka College,NACC,409,Concordia-Wisconsin,NACC,0.0,,,39.0,,,False
401676034,2024,9,2024-10-26T18:00:00.000Z,101,Eureka College,NACC,2283,Benedictine University,NACC,0.0,,,42.0,,,True
401675033,2024,10,2024-11-02T18:00:00.000Z,101,Eureka College,NACC,2524,Rockford,NACC,6.0,,,59.0,,,False
401675995,2024,11,2024-11-10T00:00:00.000Z,101,Eureka College,NACC,2044,Aurora,NACC,0.0,,,56.0,,,True
401676073,2024,12,2024-11-16T18:00:00.000Z,101,Eureka College,NACC,2832,St. Norbert,NACC,0.0,,,61.0,,,False
401673428,2024,2,2024-09-06T23:00:00.000Z,2221,FDU-Florham,Mid Atlantic,2970,William Paterson,New Jersey,37.0,,,9.0,,,True
401673429,2024,3,2024-09-14T16:00:00.000Z,2221,FDU-Florham,Mid Atlantic,2015,Albright,Mid Atlantic,35.0,,,7.0,,,True
401673430,2024,4,2024-09-21T16:00:00.000Z,2221,FDU-Florham,Mid Atlantic,2969,Misericordia,Mid Atlantic,35.0,,,20.0,,,False
401673431,2024,5,2024-09-28T16:00:00.000Z,2221,FDU-Florham,Mid Atlantic,388,Lebanon Valley,Mid Atlantic,48.0,,,26.0,,,True
401673432,2024,7,2024-10-12T17:00:00.000Z,2221,FDU-Florham,Mid Atlantic,111674,Reading,Mid Atlantic,37.0,,,26.0,,,False
401673423,2024,8,2024-10-19T16:00:00.000Z,2221,FDU-Florham,Mid Atlantic,2808,Delaware Valley,Mid Atlantic,8.0,,,33.0,,,False
401673433,2024,9,2024-10-26T16:00:00.000Z,2221,FDU-Florham,Mid Atlantic,247,Kings College (PA),Mid Atlantic,35.0,,,42.0,,,True
401673434,2024,10,2024-11-02T16:00:00.000Z,2221,FDU-Florham,Mid Atlantic,471,Stevenson,Mid Atlantic,34.0,,,19.0,,,False
401673435,2024,11,2024-11-09T17:00:00.000Z,2221,FDU-Florham,Mid Atlantic,2725,Widener,Mid Atlantic,7.0,,,10.0,,,True
401673436,2024,12,2024-11-16T17:00:00.000Z,2221,FDU-Florham,Mid Atlantic,127954,Eastern University,Mid Atlantic,33.0,,,37.0,,,True
401674274,2024,1,2024-08-29T23:00:00.000Z,2986,Fairmont State,Mountain East,611,Seton Hill,Pennsylvania State Athletic,56.0,,,24.0,,,True
401674338,2024,2,2024-09-05T22:00:00.000Z,2986,Fairmont State,Mountain East,2071,Bloomsburg,Pennsylvania State Athletic,7.0,,,35.0,,,False
401674283,2024,4,2024-09-19T23:00:00.000Z,2986,Fairmont State,Mountain East,2249,Glenville State,Mountain East,14.0,,,17.0,,,True
401674277,2024,5,2024-09-28T17:00:00.000Z,2986,Fairmont State,Mountain East,112335,Wheeling,Mountain East,52.0,,,49.0,,,False
401674278,2024,6,2024-10-05T18:00:00.000Z,2986,Fairmont State,Mountain East,2707,West Virginia State,Mountain East,34.0,,,45.0,,,True
401674279,2024,7,2024-10-12T17:00:00.000Z,2986,Fairmont State,Mountain East,455,West Virginia Wesleyan,Mountain East,40.0,,,21.0,,,False
401674280,2024,8,2024-10-19T16:00:00.000Z,2986,Fairmont State,Mountain East,2882,UNC Pembroke,Mountain East,37.0,,,28.0,,,True
401674261,2024,9,2024-10-25T23:00:00.000Z,2986,Fairmont State,Mountain East,2128,University Of Charleston (WV),Mountain East,30.0,,,50.0,,,False
401674271,2024,10,2024-11-02T16:00:00.000Z,2986,Fairmont State,Mountain East,2148,Concord University,Mountain East,34.0,,,19.0,,,True
401674281,2024,11,2024-11-09T17:00:00.000Z,2986,Fairmont State,Mountain East,2699,West Liberty,Mountain East,36.0,,,35.0,,,True
401658367,2024,12,2024-11-16T18:00:00.000Z,2986,Fairmont State,Mountain East,341,Frostburg State,Mountain East,31.0,,,28.0,,,False
401674290,2024,2,2024-09-07T22:00:00.000Z,2220,Fayetteville State,CIAA,2882,UNC Pembroke,Mountain East,35.0,,,31.0,,,True
401675411,2024,3,2024-09-14T23:00:00.000Z,2220,Fayetteville State,CIAA,2673,Valdosta State,Gulf South,0.0,,,34.0,,,False
401675412,2024,4,2024-09-21T18:00:00.000Z,2220,Fayetteville State,CIAA,2207,Elizabeth City State,CIAA,31.0,,,7.0,,,True
401675388,2024,5,2024-09-28T18:00:00.000Z,2220,Fayetteville State,CIAA,330,Virginia St,CIAA,18.0,,,35.0,,,False
401675380,2024,6,2024-10-05T17:00:00.000Z,2220,Fayetteville State,CIAA,2075,Bowie State,CIAA,27.0,,,24.0,,,True
401675413,2024,7,2024-10-12T18:00:00.000Z,2220,Fayetteville State,CIAA,2940,Livingstone,CIAA,19.0,,,24.0,,,False
401675414,2024,9,2024-10-26T18:30:00.000Z,2220,Fayetteville State,CIAA,2551,Shaw,CIAA,35.0,,,38.0,,,True
401675415,2024,10,2024-11-02T17:00:00.000Z,2220,Fayetteville State,CIAA,2304,Johnson C Smith,CIAA,27.0,,,0.0,,,False
401675416,2024,11,2024-11-09T18:00:00.000Z,2220,Fayetteville State,CIAA,2736,Winston-Salem,CIAA,31.0,,,37.0,,,False
401674188,2024,1,2024-09-01T00:00:00.000Z,2222,Ferris State,GLIAC,90,Pittsburg St,Mid America,3.0,,,19.0,,,False
401738327,2024,1,2024-12-21T19:00:00.000Z,2222,Ferris State,GLIAC,2673,Valdosta State,Gulf South,49.0,,,14.0,,,False
401674549,2024,2,2024-09-07T22:00:00.000Z,2222,Ferris State,GLIAC,437,Lake Erie,Great Midwest Athletic,56.0,,,3.0,,,True
401674550,2024,3,2024-09-14T22:00:00.000Z,2222,Ferris State,GLIAC,308,Ashland,Great Midwest Athletic,43.0,,,3.0,,,True
401674551,2024,5,2024-09-28T16:00:00.000Z,2222,Ferris State,GLIAC,2022,American International,Northeast 10,84.0,,,7.0,,,False
401674552,2024,6,2024-10-05T18:00:00.000Z,2222,Ferris State,GLIAC,127991,Roosevelt,GLIAC,55.0,,,13.0,,,True
401674553,2024,7,2024-10-13T15:00:00.000Z,2222,Ferris State,GLIAC,131,Wayne State (MI),GLIAC,27.0,,,14.0,,,False
401674554,2024,8,2024-10-19T17:00:00.000Z,2222,Ferris State,GLIAC,2392,Michigan Tech,GLIAC,51.0,,,13.0,,,True
401674555,2024,9,2024-10-26T19:00:00.000Z,2222,Ferris State,GLIAC,125,Grand Valley State University,GLIAC,34.0,,,7.0,,,False
401674556,2024,10,2024-11-02T17:00:00.000Z,2222,Ferris State,GLIAC,128,Northern Michigan,GLIAC,55.0,,,9.0,,,False
401658346,2024,11,2024-11-09T18:00:00.000Z,2222,Ferris State,GLIAC,129,Saginaw Valley State,GLIAC,27.0,,,24.0,,,True
401674557,2024,12,2024-11-16T18:00:00.000Z,2222,Ferris State,GLIAC,110254,Davenport,GLIAC,24.0,,,9.0,,,True
401734994,2024,14,2024-11-30T17:00:00.000Z,2222,Ferris State,GLIAC,2122,Central Oklahoma,Mid America,78.0,,,17.0,,,True
401735987,2024,15,2024-12-07T18:00:00.000Z,2222,Ferris State,GLIAC,2264,Harding University,Great American,41.0,,,7.0,,,True
401737154,2024,16,2024-12-14T20:30:00.000Z,2222,Ferris State,GLIAC,215,Slippery Rock,Pennsylvania State Athletic,48.0,,,38.0,,,True
401676354,2024,2,2024-09-07T17:00:00.000Z,366,Ferrum,Old Dominion,426,University of Mount Union,Ohio,6.0,,,55.0,,,True
401676007,2024,3,2024-09-14T22:00:00.000Z,366,Ferrum,Old Dominion,286,North Carolina Wesleyan,USA South,28.0,,,24.0,,,False
401676375,2024,4,2024-09-21T22:00:00.000Z,366,Ferrum,Old Dominion,2047,Averett,Old Dominion,36.0,,,10.0,,,False
401676404,2024,6,2024-10-05T18:00:00.000Z,366,Ferrum,Old Dominion,2079,Bridgewater (VA),Old Dominion,15.0,,,41.0,,,True
401676410,2024,7,2024-10-12T17:00:00.000Z,366,Ferrum,Old Dominion,2828,Shenandoah,Old Dominion,20.0,,,42.0,,,False
401676411,2024,8,2024-10-19T18:00:00.000Z,366,Ferrum,Old Dominion,297,Hampden-Sydney,Old Dominion,41.0,,,36.0,,,True
401676412,2024,9,2024-10-26T18:00:00.000Z,366,Ferrum,Old Dominion,2688,Washington and Lee,Old Dominion,0.0,,,34.0,,,True
401676413,2024,10,2024-11-02T17:00:00.000Z,366,Ferrum,Old Dominion,2258,Guilford College,Old Dominion,20.0,,,7.0,,,False
401676414,2024,11,2024-11-09T18:00:00.000Z,366,Ferrum,Old Dominion,2516,Randolph-Macon,Old Dominion,7.0,,,35.0,,,False
401676402,2024,12,2024-11-16T20:30:00.000Z,366,Ferrum,Old Dominion,2047,Averett,Old Dominion,35.0,,,6.0,,,True
401674538,2024,2,2024-09-07T17:00:00.000Z,2224,Findlay,Great Midwest Athletic,2654,Truman State,Great Lakes,37.0,,,21.0,,,False
401674579,2024,3,2024-09-14T17:00:00.000Z,2224,Findlay,Great Midwest Athletic,131,Wayne State (MI),GLIAC,42.0,,,30.0,,,False
401675427,2024,4,2024-09-21T16:00:00.000Z,2224,Findlay,Great Midwest Athletic,437,Lake Erie,Great Midwest Athletic,42.0,,,6.0,,,True
401675428,2024,5,2024-09-28T18:00:00.000Z,2224,Findlay,Great Midwest Athletic,2273,Hillsdale,Great Midwest Athletic,28.0,,,21.0,,,True
401675429,2024,6,2024-10-05T18:00:00.000Z,2224,Findlay,Great Midwest Athletic,2316,Kentucky Wesleyan,Great Midwest Athletic,49.0,,,9.0,,,False
401675421,2024,7,2024-10-12T16:00:00.000Z,2224,Findlay,Great Midwest Athletic,308,Ashland,Great Midwest Athletic,21.0,,,41.0,,,True
401675430,2024,8,2024-10-19T16:00:00.000Z,2224,Findlay,Great Midwest Athletic,2477,Ohio Dominican,Great Midwest Athletic,26.0,,,10.0,,,False
401675431,2024,9,2024-10-26T16:00:00.000Z,2224,Findlay,Great Midwest Athletic,2646,Thomas More College,Great Midwest Athletic,34.0,,,17.0,,,False
401675432,2024,10,2024-11-02T16:00:00.000Z,2224,Findlay,Great Midwest Athletic,2682,Walsh,Great Midwest Athletic,28.0,,,17.0,,,True
401675433,2024,11,2024-11-09T17:00:00.000Z,2224,Findlay,Great Midwest Athletic,2886,Northwood (MI),Great Midwest Athletic,27.0,,,17.0,,,True
401675434,2024,12,2024-11-16T17:00:00.000Z,2224,Findlay,Great Midwest Athletic,2838,Tiffin,Great Midwest Athletic,14.0,,,37.0,,,False
401674886,2024,2,2024-09-07T16:00:00.000Z,114,Fitchburg State,MSCAC,110438,Dean College,ECFC,12.0,,,0.0,,,False
401674887,2024,3,2024-09-14T16:00:00.000Z,114,Fitchburg State,MSCAC,379,UMass Dartmouth,MSCAC,7.0,,,73.0,,,True
401674888,2024,4,2024-09-21T16:00:00.000Z,114,Fitchburg State,MSCAC,402,Worcester St,MSCAC,14.0,,,20.0,,,True
401674889,2024,5,2024-09-28T21:00:00.000Z,114,Fitchburg State,MSCAC,2843,Western Connecticut St,MSCAC,0.0,,,72.0,,,False
401674890,2024,6,2024-10-05T16:00:00.000Z,114,Fitchburg State,MSCAC,2967,Framingham State,MSCAC,22.0,,,25.0,,,False
401674891,2024,8,2024-10-19T16:00:00.000Z,114,Fitchburg State,MSCAC,110,Mass Maritime,MSCAC,3.0,,,21.0,,,True
401674882,2024,9,2024-10-26T19:00:00.000Z,114,Fitchburg State,MSCAC,293,Castleton,MSCAC,26.0,,,6.0,,,True
401674892,2024,10,2024-11-02T16:00:00.000Z,114,Fitchburg State,MSCAC,18,Bridgewater State,MSCAC,9.0,,,17.0,,,False
401674893,2024,11,2024-11-09T17:00:00.000Z,114,Fitchburg State,MSCAC,2972,Plymouth State,MSCAC,21.0,,,26.0,,,True
401674894,2024,12,2024-11-16T17:00:00.000Z,114,Fitchburg State,MSCAC,2909,Westfield State,MSCAC,7.0,,,22.0,,,False
401628322,2024,1,2024-08-31T19:30:00.000Z,57,Florida,SEC,2390,Miami,ACC,17.0,1562.0,1497.0,41.0,1553.0,1618.0,True
401677084,2024,1,2024-12-20T20:30:00.000Z,57,Florida,SEC,2655,Tulane,American Athletic,33.0,1687.0,1767.0,8.0,1754.0,1674.0,True
401628338,2024,2,2024-09-07T23:00:00.000Z,57,Florida,SEC,2535,Samford,Southern,45.0,1493.0,1493.0,7.0,,,True
401628353,2024,3,2024-09-14T19:30:00.000Z,57,Florida,SEC,245,Texas A&M,SEC,20.0,1497.0,1485.0,33.0,1677.0,1689.0,True
401628367,2024,4,2024-09-21T16:00:00.000Z,57,Florida,SEC,344,Mississippi State,SEC,45.0,1485.0,1516.0,28.0,1386.0,1355.0,False
401628380,2024,6,2024-10-05T23:45:00.000Z,57,Florida,SEC,2116,UCF,Big 12,24.0,1516.0,1537.0,13.0,1531.0,1510.0,True
401628391,2024,7,2024-10-12T23:00:00.000Z,57,Florida,SEC,2633,Tennessee,SEC,17.0,1537.0,1548.0,23.0,1947.0,1936.0,False
401628393,2024,8,2024-10-19T23:45:00.000Z,57,Florida,SEC,96,Kentucky,SEC,48.0,1548.0,1634.0,20.0,1645.0,1559.0,True
401628408,2024,10,2024-11-02T19:30:00.000Z,57,Florida,SEC,61,Georgia,SEC,20.0,1634.0,1635.0,34.0,2058.0,2057.0,False
401628417,2024,11,2024-11-09T17:00:00.000Z,57,Florida,SEC,251,Texas,SEC,17.0,1635.0,1598.0,49.0,2057.0,2094.0,False
401628420,2024,12,2024-11-16T20:30:00.000Z,57,Florida,SEC,99,LSU,SEC,27.0,1598.0,1634.0,16.0,1800.0,1764.0,True
401628429,2024,13,2024-11-23T17:00:00.000Z,57,Florida,SEC,145,Ole Miss,SEC,24.0,1634.0,1667.0,17.0,2010.0,1977.0,True
401628438,2024,14,2024-12-01T00:00:00.000Z,57,Florida,SEC,52,Florida State,ACC,31.0,1667.0,1687.0,11.0,1383.0,1363.0,False
401636373,2024,1,2024-08-31T22:00:00.000Z,50,Florida A&M,SWAC,2569,South Carolina State,MEAC,22.0,,,18.0,,,True
401636372,2024,1,2024-08-24T23:30:00.000Z,50,Florida A&M,SWAC,2450,Norfolk State,MEAC,24.0,,,23.0,,,False
401635536,2024,2,2024-09-07T22:00:00.000Z,50,Florida A&M,SWAC,2390,Miami,ACC,9.0,,,56.0,1622.0,1622.0,False
401636374,2024,4,2024-09-21T23:00:00.000Z,50,Florida A&M,SWAC,2653,Troy,Sun Belt,12.0,,,34.0,1538.0,1538.0,False
401636347,2024,6,2024-10-05T19:00:00.000Z,50,Florida A&M,SWAC,2011,Alabama State,SWAC,28.0,,,13.0,,,False
401636375,2024,8,2024-10-19T19:30:00.000Z,50,Florida A&M,SWAC,2296,Jackson State,SWAC,21.0,,,35.0,,,False
401636376,2024,9,2024-10-26T23:00:00.000Z,50,Florida A&M,SWAC,2582,Southern,SWAC,24.0,,,6.0,,,True
401636377,2024,10,2024-11-02T20:00:00.000Z,50,Florida A&M,SWAC,2640,Texas Southern,SWAC,52.0,,,28.0,,,True
401636378,2024,11,2024-11-09T20:00:00.000Z,50,Florida A&M,SWAC,2504,Prairie View A&M,SWAC,12.0,,,31.0,,,False
401636379,2024,12,2024-11-16T18:00:00.000Z,50,Florida A&M,SWAC,2400,Mississippi Valley State,SWAC,21.0,,,24.0,,,True
401636371,2024,13,2024-11-23T20:30:00.000Z,50,Florida A&M,SWAC,2065,Bethune-Cookman,SWAC,41.0,,,38.0,,,False
401634252,2024,14,2024-11-29T21:00:00.000Z,50,Florida A&M,SWAC,2010,Alabama A&M,SWAC,28.0,,,20.0,,,True
401628453,2024,1,2024-08-30T23:00:00.000Z,2226,Florida Atlantic,American Athletic,127,Michigan State,Big Ten,10.0,1422.0,1413.0,16.0,1392.0,1401.0,False
401645323,2024,2,2024-09-07T16:00:00.000Z,2226,Florida Atlantic,American Athletic,349,Army,American Athletic,7.0,1413.0,1373.0,24.0,1425.0,1465.0,True
401640980,2024,3,2024-09-14T22:00:00.000Z,2226,Florida Atlantic,American Athletic,2229,Florida International,Conference USA,38.0,1373.0,1403.0,20.0,1271.0,1241.0,True
401629031,2024,4,2024-09-21T23:00:00.000Z,2226,Florida Atlantic,American Athletic,41,UConn,FBS Independents,14.0,1403.0,1275.0,48.0,1169.0,1297.0,False
401645335,2024,5,2024-09-28T22:00:00.000Z,2226,Florida Atlantic,American Athletic,2681,Wagner,NEC,41.0,1295.0,1295.0,10.0,,,True
401645343,2024,7,2024-10-12T23:00:00.000Z,2226,Florida Atlantic,American Athletic,249,North Texas,American Athletic,37.0,1275.0,1280.0,41.0,1464.0,1459.0,True
401645348,2024,8,2024-10-19T19:30:00.000Z,2226,Florida Atlantic,American Athletic,2636,UTSA,American Athletic,24.0,1280.0,1260.0,38.0,1371.0,1391.0,False
401645357,2024,10,2024-11-01T23:30:00.000Z,2226,Florida Atlantic,American Athletic,58,South Florida,American Athletic,21.0,1260.0,1207.0,44.0,1326.0,1379.0,True
401645361,2024,11,2024-11-08T01:00:00.000Z,2226,Florida Atlantic,American Athletic,151,East Carolina,American Athletic,14.0,1207.0,1125.0,49.0,1328.0,1410.0,False
401645369,2024,12,2024-11-16T19:00:00.000Z,2226,Florida Atlantic,American Athletic,218,Temple,American Athletic,15.0,1125.0,1123.0,18.0,1040.0,1042.0,False
401645371,2024,13,2024-11-23T20:00:00.000Z,2226,Florida Atlantic,American Athletic,2429,Charlotte,American Athletic,27.0,1123.0,1095.0,39.0,1101.0,1129.0,True
401645380,2024,14,2024-11-30T20:30:00.000Z,2226,Florida Atlantic,American Athletic,202,Tulsa,American Athletic,63.0,1095.0,1217.0,16.0,934.0,812.0,False
401628449,2024,1,2024-08-31T19:30:00.000Z,2229,Florida International,Conference USA,84,Indiana,Big Ten,7.0,1164.0,1129.0,31.0,1395.0,1430.0,False
401640979,2024,2,2024-09-07T22:00:00.000Z,2229,Florida International,Conference USA,2117,Central Michigan,Mid-American,52.0,1129.0,1271.0,16.0,1333.0,1191.0,True
401640980,2024,3,2024-09-14T22:00:00.000Z,2229,Florida International,Conference USA,2226,Florida Atlantic,American Athletic,20.0,1271.0,1241.0,38.0,1373.0,1403.0,False
401628625,2024,4,2024-09-21T22:00:00.000Z,2229,Florida International,Conference USA,2405,Monmouth,CAA,42.0,1239.0,1239.0,45.0,,,True
401640981,2024,5,2024-09-28T22:00:00.000Z,2229,Florida International,Conference USA,2348,Louisiana Tech,Conference USA,17.0,1241.0,1257.0,10.0,1239.0,1223.0,True
401640982,2024,7,2024-10-08T23:00:00.000Z,2229,Florida International,Conference USA,2335,Liberty,Conference USA,24.0,1257.0,1265.0,31.0,1589.0,1581.0,False
401640983,2024,8,2024-10-17T01:00:00.000Z,2229,Florida International,Conference USA,2638,UTEP,Conference USA,21.0,1265.0,1241.0,30.0,1137.0,1161.0,False
401640984,2024,9,2024-10-22T23:30:00.000Z,2229,Florida International,Conference USA,2534,Sam Houston,Conference USA,7.0,1241.0,1248.0,10.0,1422.0,1415.0,True
401640985,2024,10,2024-10-29T23:00:00.000Z,2229,Florida International,Conference USA,166,New Mexico State,Conference USA,34.0,1248.0,1297.0,13.0,1164.0,1115.0,True
401640986,2024,12,2024-11-16T19:00:00.000Z,2229,Florida International,Conference USA,55,Jacksonville State,Conference USA,31.0,1297.0,1300.0,34.0,1643.0,1640.0,False
401640987,2024,13,2024-11-23T20:00:00.000Z,2229,Florida International,Conference USA,338,Kennesaw State,Conference USA,26.0,1300.0,1297.0,27.0,1230.0,1233.0,False
401640988,2024,14,2024-11-30T19:00:00.000Z,2229,Florida International,Conference USA,2393,Middle Tennessee,Conference USA,35.0,1297.0,1308.0,24.0,1104.0,1093.0,True
401675594,2024,2,2024-09-07T17:00:00.000Z,125762,Florida Memorial University,,2206,Edward Waters,SIAC,31.0,,,21.0,,,True
401675587,2024,3,2024-09-14T17:00:00.000Z,125762,Florida Memorial University,,2805,Clark Atlanta,SIAC,28.0,,,28.0,,,True
401693681,2024,12,2024-11-16T18:00:00.000Z,125762,Florida Memorial University,,124179,Lincoln (CA),Independent DII,48.0,,,8.0,,,False
401634306,2024,1,2024-09-02T23:30:00.000Z,52,Florida State,ACC,103,Boston College,ACC,13.0,1676.0,1610.0,28.0,1396.0,1462.0,True
401635525,2024,1,2024-08-24T16:00:00.000Z,52,Florida State,ACC,59,Georgia Tech,ACC,21.0,1692.0,1676.0,24.0,1497.0,1513.0,False
401635542,2024,3,2024-09-14T16:00:00.000Z,52,Florida State,ACC,235,Memphis,American Athletic,12.0,1610.0,1596.0,20.0,1625.0,1639.0,True
401635551,2024,4,2024-09-21T23:00:00.000Z,52,Florida State,ACC,25,California,ACC,14.0,1596.0,1599.0,9.0,1540.0,1537.0,True
401635563,2024,5,2024-09-29T00:00:00.000Z,52,Florida State,ACC,2567,SMU,ACC,16.0,1599.0,1544.0,42.0,1700.0,1755.0,False
401635569,2024,6,2024-10-05T23:00:00.000Z,52,Florida State,ACC,228,Clemson,ACC,13.0,1544.0,1532.0,29.0,1805.0,1817.0,True
401634769,2024,8,2024-10-18T23:00:00.000Z,52,Florida State,ACC,150,Duke,ACC,16.0,1532.0,1526.0,23.0,1598.0,1604.0,False
401635596,2024,9,2024-10-26T23:00:00.000Z,52,Florida State,ACC,2390,Miami,ACC,14.0,1526.0,1504.0,36.0,1826.0,1848.0,False
401635602,2024,10,2024-11-02T19:30:00.000Z,52,Florida State,ACC,153,North Carolina,ACC,11.0,1504.0,1447.0,35.0,1555.0,1612.0,True
401628984,2024,11,2024-11-10T00:30:00.000Z,52,Florida State,ACC,87,Notre Dame,FBS Independents,3.0,1447.0,1383.0,52.0,2069.0,2133.0,False
401635616,2024,13,2024-11-23T18:30:00.000Z,52,Florida State,ACC,2127,Charleston Southern,Big South-OVC,41.0,1353.0,1353.0,7.0,,,True
401628438,2024,14,2024-12-01T00:00:00.000Z,52,Florida State,ACC,57,Florida,SEC,11.0,1383.0,1363.0,31.0,1667.0,1687.0,True
401644729,2024,1,2024-08-29T23:00:00.000Z,2230,Fordham,Patriot,189,Bowling Green,Mid-American,17.0,,,41.0,1431.0,1431.0,False
401654573,2024,2,2024-09-07T22:00:00.000Z,2230,Fordham,Patriot,2115,Central Connecticut,NEC,3.0,,,33.0,,,False
401628616,2024,3,2024-09-14T17:00:00.000Z,2230,Fordham,Patriot,2619,Stony Brook,CAA,21.0,,,27.0,,,True
401654470,2024,4,2024-09-21T17:00:00.000Z,2230,Fordham,Patriot,159,Dartmouth,Ivy,13.0,,,45.0,,,False
401628636,2024,5,2024-09-28T17:00:00.000Z,2230,Fordham,Patriot,2405,Monmouth,CAA,21.0,,,63.0,,,False
401654625,2024,6,2024-10-05T17:00:00.000Z,2230,Fordham,Patriot,322,Lafayette,Patriot,23.0,,,28.0,,,True
401654638,2024,7,2024-10-12T17:00:00.000Z,2230,Fordham,Patriot,107,Holy Cross,Patriot,16.0,,,19.0,,,False
401654619,2024,9,2024-10-26T16:00:00.000Z,2230,Fordham,Patriot,2329,Lehigh,Patriot,19.0,,,33.0,,,False
401656602,2024,10,2024-11-02T17:00:00.000Z,2230,Fordham,Patriot,2142,Colgate,Patriot,20.0,,,14.0,,,True
401654652,2024,11,2024-11-09T18:00:00.000Z,2230,Fordham,Patriot,2083,Bucknell,Patriot,27.0,,,28.0,,,False
401654645,2024,12,2024-11-16T18:00:00.000Z,2230,Fordham,Patriot,46,Georgetown,Patriot,31.0,,,3.0,,,True
401654615,2024,13,2024-11-23T18:00:00.000Z,2230,Fordham,Patriot,2771,Merrimack,FCS Independents,3.0,,,19.0,,,True
401674159,2024,1,2024-08-30T00:00:00.000Z,2231,Fort Hays State,Mid America,2025,Angelo State,Lone Star,21.0,,,7.0,,,True
401674160,2024,2,2024-09-08T00:00:00.000Z,2231,Fort Hays State,Mid America,137,Missouri Western,Mid America,30.0,,,16.0,,,True
401674161,2024,3,2024-09-14T23:00:00.000Z,2231,Fort Hays State,Mid America,138,Northwest Missouri St,Mid America,20.0,,,32.0,,,False
401674162,2024,4,2024-09-21T16:00:00.000Z,2231,Fort Hays State,Mid America,196,Northeastern State,Independent DII,37.0,,,0.0,,,True
401674142,2024,5,2024-09-29T00:00:00.000Z,2231,Fort Hays State,Mid America,2122,Central Oklahoma,Mid America,24.0,,,49.0,,,False
401674113,2024,6,2024-10-06T00:00:00.000Z,2231,Fort Hays State,Mid America,2118,Central Missouri,Mid America,31.0,,,21.0,,,True
401674163,2024,7,2024-10-13T00:00:00.000Z,2231,Fort Hays State,Mid America,2687,Washburn,Mid America,38.0,,,7.0,,,True
401674164,2024,8,2024-10-19T19:00:00.000Z,2231,Fort Hays State,Mid America,90,Pittsburg St,Mid America,17.0,,,18.0,,,False
401674165,2024,9,2024-10-26T18:00:00.000Z,2231,Fort Hays State,Mid America,2403,Missouri Southern State,Mid America,53.0,,,9.0,,,True
401674158,2024,10,2024-11-02T18:00:00.000Z,2231,Fort Hays State,Mid America,2214,Emporia State University,Mid America,36.0,,,7.0,,,False
401674166,2024,12,2024-11-16T18:00:00.000Z,2231,Fort Hays State,Mid America,2438,Nebraska-Kearney,Mid America,27.0,,,20.0,,,False
401673264,2024,1,2024-08-31T20:00:00.000Z,2237,Fort Lewis,Rocky Mountain,2911,William Jewell,Great Lakes,20.0,,,35.0,,,True
401673265,2024,3,2024-09-14T20:00:00.000Z,2237,Fort Lewis,Rocky Mountain,108358,Phoenix,,17.0,,,12.0,,,True
401673152,2024,4,2024-09-21T20:00:00.000Z,2237,Fort Lewis,Rocky Mountain,2069,Black Hills State,Rocky Mountain,7.0,,,33.0,,,False
401673252,2024,5,2024-09-28T20:00:00.000Z,2237,Fort Lewis,Rocky Mountain,613,South Dakota Mines,Rocky Mountain,33.0,,,49.0,,,True
401673243,2024,6,2024-10-06T00:00:00.000Z,2237,Fort Lewis,Rocky Mountain,2714,Western Colorado,Rocky Mountain,7.0,,,44.0,,,False
401673266,2024,7,2024-10-12T20:00:00.000Z,2237,Fort Lewis,Rocky Mountain,2570,CSU Pueblo,Rocky Mountain,24.0,,,58.0,,,True
401673267,2024,8,2024-10-19T19:00:00.000Z,2237,Fort Lewis,Rocky Mountain,2123,Chadron St,Rocky Mountain,13.0,,,55.0,,,False
401673268,2024,9,2024-10-26T20:00:00.000Z,2237,Fort Lewis,Rocky Mountain,11,Colorado Mesa,Rocky Mountain,0.0,,,49.0,,,True
401673148,2024,10,2024-11-03T00:00:00.000Z,2237,Fort Lewis,Rocky Mountain,2001,Adams State,Rocky Mountain,27.0,,,17.0,,,False
401673263,2024,11,2024-11-09T19:00:00.000Z,2237,Fort Lewis,Rocky Mountain,2424,New Mexico Highlands,Rocky Mountain,44.0,,,22.0,,,True
401673269,2024,12,2024-11-16T19:00:00.000Z,2237,Fort Lewis,Rocky Mountain,2146,Colorado School Of Mines,Rocky Mountain,9.0,,,67.0,,,False
401675586,2024,1,2024-08-31T17:00:00.000Z,2232,Fort Valley State,SIAC,2805,Clark Atlanta,SIAC,42.0,,,45.0,,,True
401675600,2024,3,2024-09-14T17:00:00.000Z,2232,Fort Valley State,SIAC,2310,Kentucky State,SIAC,42.0,,,0.0,,,True
401675478,2024,4,2024-09-21T23:00:00.000Z,2232,Fort Valley State,SIAC,2170,Delta State,Gulf South,24.0,,,27.0,,,False
401675601,2024,5,2024-09-29T17:00:00.000Z,2232,Fort Valley State,SIAC,2542,Savannah St,SIAC,30.0,,,0.0,,,False
401675596,2024,6,2024-10-05T20:00:00.000Z,2232,Fort Valley State,SIAC,2206,Edward Waters,SIAC,48.0,,,14.0,,,False
401675574,2024,7,2024-10-12T18:00:00.000Z,2232,Fort Valley State,SIAC,2019,Allen,SIAC,49.0,,,40.0,,,True
401654540,2024,8,2024-10-19T18:00:00.000Z,2232,Fort Valley State,SIAC,2569,South Carolina State,MEAC,3.0,,,30.0,,,False
401675602,2024,9,2024-10-26T18:00:00.000Z,2232,Fort Valley State,SIAC,60,Morehouse College,SIAC,42.0,,,20.0,,,False
401675584,2024,10,2024-11-02T17:00:00.000Z,2232,Fort Valley State,SIAC,490,Benedict College,SIAC,44.0,,,20.0,,,True
401675569,2024,11,2024-11-09T19:00:00.000Z,2232,Fort Valley State,SIAC,2013,Albany State GA,SIAC,15.0,,,20.0,,,True
401674711,2024,2,2024-09-07T17:00:00.000Z,2967,Framingham State,MSCAC,2280,Husson,Commonwealth Coast,14.0,,,56.0,,,False
401674877,2024,3,2024-09-14T17:00:00.000Z,2967,Framingham State,MSCAC,293,Castleton,MSCAC,13.0,,,32.0,,,True
401682280,2024,4,2024-09-20T23:00:00.000Z,2967,Framingham State,MSCAC,379,UMass Dartmouth,MSCAC,13.0,,,58.0,,,False
401675973,2024,5,2024-09-28T16:00:00.000Z,2967,Framingham State,MSCAC,18,Bridgewater State,MSCAC,0.0,,,41.0,,,False
401674890,2024,6,2024-10-05T16:00:00.000Z,2967,Framingham State,MSCAC,114,Fitchburg State,MSCAC,25.0,,,22.0,,,True
401682278,2024,8,2024-10-19T18:00:00.000Z,2967,Framingham State,MSCAC,2909,Westfield State,MSCAC,21.0,,,7.0,,,False
401674899,2024,9,2024-10-26T16:00:00.000Z,2967,Framingham State,MSCAC,110,Mass Maritime,MSCAC,6.0,,,21.0,,,True
401682279,2024,10,2024-11-02T16:00:00.000Z,2967,Framingham State,MSCAC,2972,Plymouth State,MSCAC,20.0,,,41.0,,,True
401677362,2024,11,2024-11-09T17:00:00.000Z,2967,Framingham State,MSCAC,2843,Western Connecticut St,MSCAC,18.0,,,76.0,,,False
401674909,2024,12,2024-11-16T17:00:00.000Z,2967,Framingham State,MSCAC,402,Worcester St,MSCAC,30.0,,,20.0,,,True
401674773,2024,2,2024-09-07T17:30:00.000Z,2233,Franklin,Heartland,427,Ohio Northern,Ohio,7.0,,,45.0,,,False
401674774,2024,3,2024-09-14T17:00:00.000Z,2233,Franklin,Heartland,2812,Hope College,Michigan,6.0,,,48.0,,,False
401674775,2024,4,2024-09-21T17:30:00.000Z,2233,Franklin,Heartland,2003,Adrian,Michigan,21.0,,,42.0,,,True
401674776,2024,5,2024-09-28T17:30:00.000Z,2233,Franklin,Heartland,2980,Ohio Wesleyan,North Coast,27.0,,,14.0,,,True
401674777,2024,6,2024-10-05T18:00:00.000Z,2233,Franklin,Heartland,86,Rose-Hulman,Heartland,16.0,,,24.0,,,False
401674778,2024,8,2024-10-19T17:30:00.000Z,2233,Franklin,Heartland,2362,Manchester,Heartland,49.0,,,0.0,,,False
401674779,2024,9,2024-10-26T17:30:00.000Z,2233,Franklin,Heartland,2419,Mount St. Joseph,Heartland,43.0,,,46.0,,,True
401674780,2024,10,2024-11-02T17:30:00.000Z,2233,Franklin,Heartland,2023,Anderson (IN),Heartland,35.0,,,14.0,,,True
401674771,2024,11,2024-11-09T18:30:00.000Z,2233,Franklin,Heartland,2074,Bluffton,Heartland,22.0,,,28.0,,,False
401674781,2024,12,2024-11-16T18:30:00.000Z,2233,Franklin,Heartland,2262,Hanover College,Heartland,27.0,,,31.0,,,True
401673437,2024,2,2024-09-06T23:00:00.000Z,2234,Franklin & Marshall,Centennial,388,Lebanon Valley,Mid Atlantic,30.0,,,10.0,,,True
401676251,2024,3,2024-09-14T19:00:00.000Z,2234,Franklin & Marshall,Centennial,2442,College Of New Jersey,New Jersey,13.0,,,17.0,,,False
401676683,2024,4,2024-09-21T17:30:00.000Z,2234,Franklin & Marshall,Centennial,2818,Montclair State,New Jersey,35.0,,,10.0,,,True
401674672,2024,6,2024-10-05T17:00:00.000Z,2234,Franklin & Marshall,Centennial,2175,Dickinson (PA),Centennial,23.0,,,14.0,,,True
401678582,2024,7,2024-10-12T17:00:00.000Z,2234,Franklin & Marshall,Centennial,2667,Ursinus,Centennial,17.0,,,23.0,,,False
401674693,2024,8,2024-10-19T17:00:00.000Z,2234,Franklin & Marshall,Centennial,118,Johns Hopkins University,Centennial,6.0,,,13.0,,,False
401676678,2024,9,2024-10-26T17:00:00.000Z,2234,Franklin & Marshall,Centennial,2700,McDaniel College,Centennial,24.0,,,0.0,,,True
401676241,2024,10,2024-11-02T17:00:00.000Z,2234,Franklin & Marshall,Centennial,2871,Kean,New Jersey,34.0,,,14.0,,,False
401674701,2024,11,2024-11-09T18:00:00.000Z,2234,Franklin & Marshall,Centennial,2422,Muhlenberg,Centennial,23.0,,,24.0,,,True
401674687,2024,12,2024-11-16T18:00:00.000Z,2234,Franklin & Marshall,Centennial,2248,Gettysburg,Centennial,55.0,,,19.0,,,False
401628604,2024,2,2024-09-07T20:00:00.000Z,112334,Franklin Pierce,Northeast 10,2803,Bryant,CAA,17.0,,,21.0,,,False
401676706,2024,3,2024-09-14T17:00:00.000Z,112334,Franklin Pierce,Northeast 10,2038,Assumption,Northeast 10,7.0,,,27.0,,,True
401676715,2024,4,2024-09-21T17:00:00.000Z,112334,Franklin Pierce,Northeast 10,2441,New Haven,Northeast 10,34.0,,,45.0,,,False
401676716,2024,5,2024-09-28T22:00:00.000Z,112334,Franklin Pierce,Northeast 10,2487,Pace,Northeast 10,48.0,,,20.0,,,True
401676717,2024,7,2024-10-12T16:00:00.000Z,112334,Franklin Pierce,Northeast 10,2022,American International,Northeast 10,41.0,,,14.0,,,False
401676718,2024,8,2024-10-19T17:00:00.000Z,112334,Franklin Pierce,Northeast 10,126086,Post University,Northeast 10,55.0,,,20.0,,,True
401676719,2024,9,2024-10-26T17:00:00.000Z,112334,Franklin Pierce,Northeast 10,2583,Southern Connecticut State,Northeast 10,35.0,,,24.0,,,False
401676720,2024,10,2024-11-02T17:00:00.000Z,112334,Franklin Pierce,Northeast 10,2830,St. Anselm,Northeast 10,28.0,,,42.0,,,True
401676721,2024,11,2024-11-09T18:00:00.000Z,112334,Franklin Pierce,Northeast 10,2060,Bentley,Northeast 10,26.0,,,34.0,,,True
401676714,2024,12,2024-11-16T17:00:00.000Z,112334,Franklin Pierce,Northeast 10,2038,Assumption,Northeast 10,21.0,,,19.0,,,False
401677086,2024,1,2024-12-23T19:30:00.000Z,278,Fresno State,Mountain West,2459,Northern Illinois,Mid-American,20.0,1499.0,1485.0,28.0,1441.0,1455.0,True
401628452,2024,1,2024-08-31T23:30:00.000Z,278,Fresno State,Mountain West,130,Michigan,Big Ten,10.0,1558.0,1551.0,30.0,1973.0,1980.0,False
401643707,2024,2,2024-09-08T02:00:00.000Z,278,Fresno State,Mountain West,16,Sacramento State,Big Sky,46.0,1535.0,1535.0,30.0,,,True
401641033,2024,3,2024-09-15T02:30:00.000Z,278,Fresno State,Mountain West,166,New Mexico State,Conference USA,48.0,1551.0,1680.0,0.0,1431.0,1302.0,True
401643711,2024,4,2024-09-22T00:30:00.000Z,278,Fresno State,Mountain West,167,New Mexico,Mountain West,38.0,1680.0,1675.0,21.0,1196.0,1201.0,False
401643720,2024,5,2024-09-28T19:30:00.000Z,278,Fresno State,Mountain West,2439,UNLV,Mountain West,14.0,1675.0,1518.0,59.0,1544.0,1701.0,False
401643730,2024,7,2024-10-12T23:00:00.000Z,278,Fresno State,Mountain West,265,Washington State,Pac-12,17.0,1518.0,1505.0,25.0,1550.0,1563.0,True
401643735,2024,8,2024-10-19T02:30:00.000Z,278,Fresno State,Mountain West,2440,Nevada,Mountain West,24.0,1505.0,1495.0,21.0,1257.0,1267.0,False
401643742,2024,9,2024-10-27T00:00:00.000Z,278,Fresno State,Mountain West,23,San José State,Mountain West,33.0,1495.0,1559.0,10.0,1561.0,1497.0,True
401643749,2024,10,2024-11-02T23:00:00.000Z,278,Fresno State,Mountain West,62,Hawai'i,Mountain West,20.0,1559.0,1540.0,21.0,1228.0,1247.0,True
401643751,2024,11,2024-11-10T02:45:00.000Z,278,Fresno State,Mountain West,2005,Air Force,Mountain West,28.0,1540.0,1511.0,36.0,1287.0,1316.0,False
401643765,2024,13,2024-11-24T03:30:00.000Z,278,Fresno State,Mountain West,36,Colorado State,Mountain West,28.0,1511.0,1511.0,22.0,1366.0,1366.0,True
401628570,2024,14,2024-11-30T20:30:00.000Z,278,Fresno State,Mountain West,26,UCLA,Big Ten,13.0,1511.0,1499.0,20.0,1476.0,1488.0,False
401658358,2024,2,2024-09-05T23:00:00.000Z,341,Frostburg State,Mountain East,210,Millersville,Pennsylvania State Athletic,23.0,,,6.0,,,True
401658359,2024,3,2024-09-14T17:00:00.000Z,341,Frostburg State,Mountain East,2699,West Liberty,Mountain East,57.0,,,23.0,,,False
401658360,2024,4,2024-09-21T17:00:00.000Z,341,Frostburg State,Mountain East,2148,Concord University,Mountain East,54.0,,,21.0,,,True
401679156,2024,5,2024-09-28T17:00:00.000Z,341,Frostburg State,Mountain East,2385,Mercyhurst,NEC,25.0,,,24.0,,,False
401658361,2024,6,2024-10-05T17:00:00.000Z,341,Frostburg State,Mountain East,455,West Virginia Wesleyan,Mountain East,49.0,,,16.0,,,True
401658362,2024,7,2024-10-12T17:30:00.000Z,341,Frostburg State,Mountain East,2249,Glenville State,Mountain East,41.0,,,9.0,,,False
401658363,2024,8,2024-10-19T17:00:00.000Z,341,Frostburg State,Mountain East,2128,University Of Charleston (WV),Mountain East,7.0,,,48.0,,,True
401658364,2024,9,2024-10-26T17:00:00.000Z,341,Frostburg State,Mountain East,112335,Wheeling,Mountain East,25.0,,,26.0,,,True
401658365,2024,10,2024-11-02T16:00:00.000Z,341,Frostburg State,Mountain East,2707,West Virginia State,Mountain East,24.0,,,38.0,,,False
401658366,2024,11,2024-11-09T18:00:00.000Z,341,Frostburg State,Mountain East,2882,UNC Pembroke,Mountain East,17.0,,,58.0,,,False
401658367,2024,12,2024-11-16T18:00:00.000Z,341,Frostburg State,Mountain East,2986,Fairmont State,Mountain East,28.0,,,31.0,,,True
401628325,2024,1,2024-08-31T23:00:00.000Z,231,Furman,Southern,145,Ole Miss,SEC,0.0,,,76.0,1658.0,1658.0,False
401654677,2024,2,2024-09-07T22:00:00.000Z,231,Furman,Southern,2127,Charleston Southern,Big South-OVC,20.0,,,24.0,,,True
401654678,2024,3,2024-09-14T18:00:00.000Z,231,Furman,Southern,56,Stetson,Pioneer,48.0,,,7.0,,,True
401628630,2024,4,2024-09-21T22:00:00.000Z,231,Furman,Southern,2729,William & Mary,CAA,24.0,,,34.0,,,False
401638341,2024,5,2024-09-28T18:00:00.000Z,231,Furman,Southern,2535,Samford,Southern,0.0,,,0.0,,,True
401638343,2024,6,2024-10-05T18:00:00.000Z,231,Furman,Southern,2643,The Citadel,Southern,17.0,,,16.0,,,False
401632463,2024,7,2024-10-12T18:00:00.000Z,231,Furman,Southern,236,Chattanooga,Southern,10.0,,,41.0,,,True
401638345,2024,8,2024-10-19T18:00:00.000Z,231,Furman,Southern,2717,Western Carolina,Southern,20.0,,,52.0,,,True
401638348,2024,10,2024-11-02T17:30:00.000Z,231,Furman,Southern,2678,VMI,Southern,17.0,,,21.0,,,False
401634156,2024,11,2024-11-09T19:00:00.000Z,231,Furman,Southern,2747,Wofford,Southern,13.0,,,19.0,,,True
401634141,2024,12,2024-11-16T17:00:00.000Z,231,Furman,Southern,2193,East Tennessee State,Southern,24.0,,,21.0,,,False
401634151,2024,13,2024-11-23T20:00:00.000Z,231,Furman,Southern,2382,Mercer,Southern,23.0,,,49.0,,,False
401674863,2024,2,2024-09-06T22:00:00.000Z,417,Gallaudet,ECFC,2015,Albright,Mid Atlantic,6.0,,,17.0,,,False
401676190,2024,3,2024-09-14T16:00:00.000Z,417,Gallaudet,ECFC,2383,Merchant Marine Academy,NEWMAC,7.0,,,55.0,,,True
401676772,2024,4,2024-09-21T16:00:00.000Z,417,Gallaudet,ECFC,111675,Biddeford,Commonwealth Coast,13.0,,,27.0,,,False
401676758,2024,6,2024-10-05T16:00:00.000Z,417,Gallaudet,ECFC,2884,Nichols College,Commonwealth Coast,42.0,,,28.0,,,True
401677455,2024,8,2024-10-19T17:00:00.000Z,417,Gallaudet,ECFC,15,Anna Maria College,ECFC,39.0,,,34.0,,,True
401677457,2024,9,2024-10-26T16:00:00.000Z,417,Gallaudet,ECFC,110438,Dean College,ECFC,23.0,,,6.0,,,False
401673407,2024,10,2024-11-02T16:00:00.000Z,417,Gallaudet,ECFC,3162,Alfred State,ECFC,26.0,,,28.0,,,False
401674380,2024,2,2024-09-05T23:00:00.000Z,367,Gannon,Pennsylvania State Athletic,2886,Northwood (MI),Great Midwest Athletic,14.0,,,28.0,,,True
401674365,2024,3,2024-09-14T22:05:00.000Z,367,Gannon,Pennsylvania State Athletic,2188,East Stroudsburg University,Pennsylvania State Athletic,7.0,,,24.0,,,False
401674381,2024,4,2024-09-21T16:00:00.000Z,367,Gannon,Pennsylvania State Athletic,2315,Kutztown University,Pennsylvania State Athletic,14.0,,,37.0,,,True
401674351,2024,5,2024-09-28T16:00:00.000Z,367,Gannon,Pennsylvania State Athletic,2858,PennWest California,Pennsylvania State Athletic,7.0,,,49.0,,,False
401674382,2024,6,2024-10-05T17:00:00.000Z,367,Gannon,Pennsylvania State Athletic,611,Seton Hill,Pennsylvania State Athletic,23.0,,,17.0,,,True
401674383,2024,7,2024-10-12T17:00:00.000Z,367,Gannon,Pennsylvania State Athletic,215,Slippery Rock,Pennsylvania State Athletic,17.0,,,35.0,,,False
401674377,2024,9,2024-10-26T16:00:00.000Z,367,Gannon,Pennsylvania State Athletic,2205,Edinboro University,Pennsylvania State Athletic,25.0,,,21.0,,,False
401674384,2024,10,2024-11-02T16:00:00.000Z,367,Gannon,Pennsylvania State Athletic,2291,Indiana-Pennsylvania,Pennsylvania State Athletic,7.0,,,35.0,,,True
401674385,2024,11,2024-11-09T17:00:00.000Z,367,Gannon,Pennsylvania State Athletic,2134,Clarion,Pennsylvania State Athletic,34.0,,,28.0,,,False
401674386,2024,12,2024-11-16T17:00:00.000Z,367,Gannon,Pennsylvania State Athletic,209,Lock Haven University,Pennsylvania State Athletic,13.0,,,21.0,,,True
401634152,2024,1,2024-08-29T23:00:00.000Z,2241,Gardner-Webb,Big South-OVC,2747,Wofford,Southern,20.0,,,21.0,,,True
401643777,2024,2,2024-09-07T22:00:00.000Z,2241,Gardner-Webb,Big South-OVC,256,James Madison,Sun Belt,6.0,,,13.0,1728.0,1728.0,False
401645327,2024,3,2024-09-14T22:00:00.000Z,2241,Gardner-Webb,Big South-OVC,2429,Charlotte,American Athletic,26.0,,,27.0,1174.0,1174.0,False
401655631,2024,4,2024-09-21T23:00:00.000Z,2241,Gardner-Webb,Big South-OVC,2506,Presbyterian,Pioneer,42.0,,,21.0,,,False
401633983,2024,5,2024-09-28T20:00:00.000Z,2241,Gardner-Webb,Big South-OVC,2635,Tennessee Tech,Big South-OVC,21.0,,,52.0,,,True
401633986,2024,6,2024-10-05T18:00:00.000Z,2241,Gardner-Webb,Big South-OVC,2630,UT Martin,Big South-OVC,17.0,,,35.0,,,False
401633993,2024,8,2024-10-19T17:30:00.000Z,2241,Gardner-Webb,Big South-OVC,2815,Lindenwood,Big South-OVC,42.0,,,35.0,,,True
401633997,2024,9,2024-10-26T19:00:00.000Z,2241,Gardner-Webb,Big South-OVC,2546,Southeast Missouri State,Big South-OVC,24.0,,,30.0,,,False
401633999,2024,10,2024-11-02T18:00:00.000Z,2241,Gardner-Webb,Big South-OVC,2127,Charleston Southern,Big South-OVC,17.0,,,14.0,,,False
401634004,2024,11,2024-11-09T18:30:00.000Z,2241,Gardner-Webb,Big South-OVC,2197,Eastern Illinois,Big South-OVC,31.0,,,28.0,,,True
401634008,2024,12,2024-11-16T18:30:00.000Z,2241,Gardner-Webb,Big South-OVC,2634,Tennessee State,Big South-OVC,20.0,,,23.0,,,True
401634012,2024,13,2024-11-23T19:00:00.000Z,2241,Gardner-Webb,Big South-OVC,2710,Western Illinois,Big South-OVC,28.0,,,45.0,,,False
401676644,2024,2,2024-09-07T17:00:00.000Z,2242,Geneva,Presidents',146,Grove City College,Presidents',0.0,,,41.0,,,False
401676634,2024,3,2024-09-14T17:00:00.000Z,2242,Geneva,Presidents',2102,Carnegie Mellon,Presidents',7.0,,,41.0,,,False
401676645,2024,4,2024-09-21T23:00:00.000Z,2242,Geneva,Presidents',2644,Thiel,Presidents',21.0,,,6.0,,,True
401676639,2024,5,2024-09-28T19:00:00.000Z,2242,Geneva,Presidents',2963,Case Western Reserve,Presidents',14.0,,,56.0,,,True
401676646,2024,6,2024-10-05T17:00:00.000Z,2242,Geneva,Presidents',2614,Saint Vincent,Presidents',16.0,,,13.0,,,False
401676647,2024,7,2024-10-12T17:00:00.000Z,2242,Geneva,Presidents',2686,Washington & Jefferson,Presidents',21.0,,,73.0,,,False
401676623,2024,8,2024-10-19T23:00:00.000Z,2242,Geneva,Presidents',2018,Allegheny,Presidents',30.0,,,13.0,,,True
401676630,2024,10,2024-11-02T17:00:00.000Z,2242,Geneva,Presidents',2062,Bethany (WV),Presidents',34.0,,,27.0,,,False
401676426,2024,11,2024-11-09T18:00:00.000Z,2242,Geneva,Presidents',2849,Westminster (PA),Presidents',7.0,,,56.0,,,True
401676440,2024,12,2024-11-16T18:00:00.000Z,2242,Geneva,Presidents',2845,Waynesburg,Presidents',33.0,,,6.0,,,True
401654641,2024,1,2024-08-31T16:30:00.000Z,46,Georgetown,Patriot,2166,Davidson,Pioneer,46.0,,,24.0,,,True
401654642,2024,2,2024-09-07T16:00:00.000Z,46,Georgetown,Patriot,2368,Marist,Pioneer,31.0,,,10.0,,,False
401654633,2024,3,2024-09-14T17:00:00.000Z,46,Georgetown,Patriot,2529,Sacred Heart,FCS Independents,14.0,,,40.0,,,False
401654456,2024,4,2024-09-21T17:00:00.000Z,46,Georgetown,Patriot,225,Brown,Ivy,14.0,,,26.0,,,True
401654488,2024,5,2024-09-28T16:30:00.000Z,46,Georgetown,Patriot,171,Columbia,Ivy,20.0,,,17.0,,,True
401654626,2024,7,2024-10-12T16:30:00.000Z,46,Georgetown,Patriot,322,Lafayette,Patriot,17.0,,,0.0,,,False
401654643,2024,8,2024-10-19T17:00:00.000Z,46,Georgetown,Patriot,2142,Colgate,Patriot,28.0,,,38.0,,,False
401654644,2024,9,2024-10-26T18:00:00.000Z,46,Georgetown,Patriot,2083,Bucknell,Patriot,21.0,,,20.0,,,True
401654620,2024,10,2024-11-02T16:30:00.000Z,46,Georgetown,Patriot,2329,Lehigh,Patriot,6.0,,,43.0,,,True
401654645,2024,12,2024-11-16T18:00:00.000Z,46,Georgetown,Patriot,2230,Fordham,Patriot,3.0,,,31.0,,,False
401654640,2024,13,2024-11-23T17:30:00.000Z,46,Georgetown,Patriot,107,Holy Cross,Patriot,0.0,,,34.0,,,True
401678898,2024,3,2024-09-14T23:00:00.000Z,2245,Georgetown College Kentucky,,2010,Alabama A&M,SWAC,16.0,,,24.0,,,False
401628323,2024,1,2024-08-31T16:00:00.000Z,61,Georgia,SEC,228,Clemson,ACC,34.0,2015.0,2066.0,3.0,1676.0,1625.0,True
401677184,2024,1,2025-01-02T21:00:00.000Z,61,Georgia,SEC,87,Notre Dame,FBS Independents,10.0,2019.0,2009.0,23.0,2163.0,2173.0,True
401628339,2024,2,2024-09-07T18:00:00.000Z,61,Georgia,SEC,2635,Tennessee Tech,Big South-OVC,48.0,2079.0,2079.0,3.0,,,True
401628354,2024,3,2024-09-14T23:30:00.000Z,61,Georgia,SEC,96,Kentucky,SEC,13.0,2066.0,2046.0,12.0,1563.0,1583.0,False
401628374,2024,5,2024-09-28T23:30:00.000Z,61,Georgia,SEC,333,Alabama,SEC,34.0,2046.0,2036.0,41.0,2046.0,2056.0,False
401628381,2024,6,2024-10-05T19:30:00.000Z,61,Georgia,SEC,2,Auburn,SEC,31.0,2036.0,2033.0,13.0,1547.0,1550.0,True
401628386,2024,7,2024-10-12T20:15:00.000Z,61,Georgia,SEC,344,Mississippi State,SEC,41.0,2033.0,2009.0,31.0,1371.0,1395.0,True
401628398,2024,8,2024-10-19T23:30:00.000Z,61,Georgia,SEC,251,Texas,SEC,30.0,2009.0,2058.0,15.0,2138.0,2089.0,False
401628408,2024,10,2024-11-02T19:30:00.000Z,61,Georgia,SEC,57,Florida,SEC,34.0,2058.0,2057.0,20.0,1634.0,1635.0,True
401628414,2024,11,2024-11-09T20:30:00.000Z,61,Georgia,SEC,145,Ole Miss,SEC,10.0,2057.0,2007.0,28.0,1960.0,2010.0,False
401628421,2024,12,2024-11-17T00:30:00.000Z,61,Georgia,SEC,2633,Tennessee,SEC,31.0,2007.0,2029.0,17.0,1930.0,1908.0,True
401628430,2024,13,2024-11-23T17:45:00.000Z,61,Georgia,SEC,113,Massachusetts,FBS Independents,59.0,2029.0,2023.0,21.0,1017.0,1023.0,True
401628439,2024,14,2024-11-30T00:30:00.000Z,61,Georgia,SEC,59,Georgia Tech,ACC,44.0,2023.0,2017.0,42.0,1575.0,1581.0,True
401673469,2024,15,2024-12-07T21:00:00.000Z,61,Georgia,SEC,251,Texas,SEC,22.0,2017.0,2019.0,19.0,2059.0,2057.0,False
401643700,2024,1,2024-08-31T20:00:00.000Z,290,Georgia Southern,Sun Belt,68,Boise State,Mountain West,45.0,1384.0,1381.0,56.0,1626.0,1629.0,True
401677082,2024,1,2024-12-20T00:00:00.000Z,290,Georgia Southern,Sun Belt,2534,Sam Houston,Conference USA,26.0,1449.0,1436.0,31.0,1415.0,1428.0,False
401643708,2024,2,2024-09-07T23:00:00.000Z,290,Georgia Southern,Sun Belt,2440,Nevada,Mountain West,20.0,1381.0,1379.0,17.0,1271.0,1273.0,False
401643787,2024,3,2024-09-14T22:00:00.000Z,290,Georgia Southern,Sun Belt,2569,South Carolina State,MEAC,42.0,1383.0,1383.0,14.0,,,True
401628366,2024,4,2024-09-21T23:45:00.000Z,290,Georgia Southern,Sun Belt,145,Ole Miss,SEC,13.0,1379.0,1324.0,52.0,1824.0,1879.0,False
401643792,2024,5,2024-09-28T19:30:00.000Z,290,Georgia Southern,Sun Belt,2247,Georgia State,Sun Belt,38.0,1324.0,1370.0,21.0,1371.0,1325.0,False
401643804,2024,7,2024-10-13T00:00:00.000Z,290,Georgia Southern,Sun Belt,276,Marshall,Sun Belt,24.0,1370.0,1371.0,23.0,1394.0,1393.0,True
401643812,2024,8,2024-10-19T20:00:00.000Z,290,Georgia Southern,Sun Belt,256,James Madison,Sun Belt,28.0,1371.0,1449.0,14.0,1866.0,1788.0,True
401643815,2024,9,2024-10-24T23:00:00.000Z,290,Georgia Southern,Sun Belt,295,Old Dominion,Sun Belt,19.0,1449.0,1371.0,47.0,1416.0,1494.0,False
401643823,2024,10,2024-11-02T23:30:00.000Z,290,Georgia Southern,Sun Belt,6,South Alabama,Sun Belt,34.0,1371.0,1397.0,30.0,1644.0,1618.0,False
401643830,2024,12,2024-11-16T21:00:00.000Z,290,Georgia Southern,Sun Belt,2653,Troy,Sun Belt,20.0,1397.0,1386.0,28.0,1455.0,1466.0,True
401643837,2024,13,2024-11-23T20:30:00.000Z,290,Georgia Southern,Sun Belt,324,Coastal Carolina,Sun Belt,26.0,1386.0,1437.0,6.0,1386.0,1335.0,False
401643844,2024,14,2024-11-30T23:00:00.000Z,290,Georgia Southern,Sun Belt,2026,App State,Sun Belt,29.0,1437.0,1449.0,20.0,1405.0,1393.0,True
401634302,2024,1,2024-09-01T00:00:00.000Z,2247,Georgia State,Sun Belt,59,Georgia Tech,ACC,12.0,1416.0,1370.0,35.0,1513.0,1559.0,False
401632459,2024,2,2024-09-07T23:00:00.000Z,2247,Georgia State,Sun Belt,236,Chattanooga,Southern,24.0,1369.0,1369.0,21.0,,,True
401628362,2024,3,2024-09-14T23:00:00.000Z,2247,Georgia State,Sun Belt,238,Vanderbilt,SEC,36.0,1370.0,1371.0,32.0,1313.0,1312.0,True
401643792,2024,5,2024-09-28T19:30:00.000Z,2247,Georgia State,Sun Belt,290,Georgia Southern,Sun Belt,21.0,1371.0,1325.0,38.0,1324.0,1370.0,True
401643805,2024,7,2024-10-12T19:30:00.000Z,2247,Georgia State,Sun Belt,295,Old Dominion,Sun Belt,14.0,1325.0,1315.0,21.0,1369.0,1379.0,True
401643810,2024,8,2024-10-17T23:00:00.000Z,2247,Georgia State,Sun Belt,276,Marshall,Sun Belt,20.0,1315.0,1291.0,35.0,1393.0,1417.0,False
401643816,2024,9,2024-10-26T17:00:00.000Z,2247,Georgia State,Sun Belt,2026,App State,Sun Belt,26.0,1291.0,1284.0,33.0,1330.0,1337.0,False
401629036,2024,10,2024-11-01T23:00:00.000Z,2247,Georgia State,Sun Belt,41,UConn,FBS Independents,27.0,1284.0,1282.0,34.0,1423.0,1425.0,False
401643826,2024,11,2024-11-09T20:30:00.000Z,2247,Georgia State,Sun Belt,256,James Madison,Sun Belt,7.0,1282.0,1254.0,38.0,1766.0,1794.0,False
401643831,2024,12,2024-11-16T22:00:00.000Z,2247,Georgia State,Sun Belt,2032,Arkansas State,Sun Belt,20.0,1254.0,1238.0,27.0,1219.0,1235.0,True
401643842,2024,13,2024-11-24T00:00:00.000Z,2247,Georgia State,Sun Belt,326,Texas State,Sun Belt,52.0,1238.0,1296.0,44.0,1693.0,1635.0,False
401643845,2024,14,2024-11-30T19:00:00.000Z,2247,Georgia State,Sun Belt,324,Coastal Carolina,Sun Belt,27.0,1296.0,1247.0,48.0,1335.0,1384.0,True
401635525,2024,1,2024-08-24T16:00:00.000Z,59,Georgia Tech,ACC,52,Florida State,ACC,24.0,1497.0,1513.0,21.0,1692.0,1676.0,True
401634302,2024,1,2024-09-01T00:00:00.000Z,59,Georgia Tech,ACC,2247,Georgia State,Sun Belt,35.0,1513.0,1559.0,12.0,1416.0,1370.0,True
401677091,2024,1,2024-12-27T20:30:00.000Z,59,Georgia Tech,ACC,238,Vanderbilt,SEC,27.0,1581.0,1554.0,35.0,1469.0,1496.0,False
401635534,2024,2,2024-09-07T16:00:00.000Z,59,Georgia Tech,ACC,183,Syracuse,ACC,28.0,1559.0,1556.0,31.0,1383.0,1386.0,False
401635543,2024,3,2024-09-14T19:30:00.000Z,59,Georgia Tech,ACC,2678,VMI,Southern,59.0,1551.0,1551.0,7.0,,,True
401635554,2024,4,2024-09-21T19:30:00.000Z,59,Georgia Tech,ACC,97,Louisville,ACC,19.0,1556.0,1545.0,31.0,1700.0,1711.0,False
401635570,2024,6,2024-10-06T00:00:00.000Z,59,Georgia Tech,ACC,150,Duke,ACC,24.0,1545.0,1568.0,14.0,1621.0,1598.0,True
401635577,2024,7,2024-10-12T16:00:00.000Z,59,Georgia Tech,ACC,153,North Carolina,ACC,41.0,1568.0,1576.0,34.0,1497.0,1489.0,False
401628982,2024,8,2024-10-19T19:30:00.000Z,59,Georgia Tech,ACC,87,Notre Dame,FBS Independents,13.0,1576.0,1581.0,31.0,2026.0,2021.0,True
401635597,2024,9,2024-10-26T16:00:00.000Z,59,Georgia Tech,ACC,259,Virginia Tech,ACC,6.0,1581.0,1558.0,21.0,1674.0,1697.0,False
401635609,2024,11,2024-11-09T17:00:00.000Z,59,Georgia Tech,ACC,2390,Miami,ACC,28.0,1558.0,1577.0,23.0,1877.0,1858.0,True
401634772,2024,13,2024-11-22T00:30:00.000Z,59,Georgia Tech,ACC,152,NC State,ACC,30.0,1577.0,1575.0,29.0,1499.0,1501.0,True
401628439,2024,14,2024-11-30T00:30:00.000Z,59,Georgia Tech,ACC,61,Georgia,SEC,42.0,1575.0,1581.0,44.0,2023.0,2017.0,False
401674679,2024,2,2024-09-07T16:00:00.000Z,2248,Gettysburg,Centennial,246,Juniata College,Landmark Conference,61.0,,,41.0,,,False
401674680,2024,3,2024-09-14T19:00:00.000Z,2248,Gettysburg,Centennial,2818,Montclair State,New Jersey,26.0,,,27.0,,,False
401674681,2024,4,2024-09-21T17:00:00.000Z,2248,Gettysburg,Centennial,3112,Christopher Newport,New Jersey,37.0,,,54.0,,,True
401674682,2024,6,2024-10-04T23:00:00.000Z,2248,Gettysburg,Centennial,2700,McDaniel College,Centennial,20.0,,,7.0,,,True
401674683,2024,7,2024-10-11T23:00:00.000Z,2248,Gettysburg,Centennial,118,Johns Hopkins University,Centennial,7.0,,,51.0,,,True
401674684,2024,8,2024-10-19T16:00:00.000Z,2248,Gettysburg,Centennial,2422,Muhlenberg,Centennial,42.0,,,58.0,,,False
401674685,2024,9,2024-10-26T17:00:00.000Z,2248,Gettysburg,Centennial,2442,College Of New Jersey,New Jersey,31.0,,,41.0,,,True
401674676,2024,10,2024-11-02T17:00:00.000Z,2248,Gettysburg,Centennial,2175,Dickinson (PA),Centennial,14.0,,,34.0,,,False
401674686,2024,11,2024-11-09T18:00:00.000Z,2248,Gettysburg,Centennial,2667,Ursinus,Centennial,0.0,,,34.0,,,False
401674687,2024,12,2024-11-16T18:00:00.000Z,2248,Gettysburg,Centennial,2234,Franklin & Marshall,Centennial,19.0,,,55.0,,,True
401673381,2024,1,2024-08-31T17:00:00.000Z,2249,Glenville State,Mountain East,2213,Emory & Henry College,South Atlantic,7.0,,,38.0,,,False
401674282,2024,2,2024-09-07T17:00:00.000Z,2249,Glenville State,Mountain East,209,Lock Haven University,Pennsylvania State Athletic,9.0,,,31.0,,,True
401674283,2024,4,2024-09-19T23:00:00.000Z,2249,Glenville State,Mountain East,2986,Fairmont State,Mountain East,17.0,,,14.0,,,False
401674284,2024,5,2024-09-28T17:00:00.000Z,2249,Glenville State,Mountain East,2882,UNC Pembroke,Mountain East,14.0,,,7.0,,,True
401674259,2024,6,2024-10-05T16:00:00.000Z,2249,Glenville State,Mountain East,2128,University Of Charleston (WV),Mountain East,17.0,,,29.0,,,False
401658362,2024,7,2024-10-12T17:30:00.000Z,2249,Glenville State,Mountain East,341,Frostburg State,Mountain East,9.0,,,41.0,,,True
401674269,2024,8,2024-10-19T17:00:00.000Z,2249,Glenville State,Mountain East,2148,Concord University,Mountain East,24.0,,,21.0,,,False
401674285,2024,9,2024-10-26T17:00:00.000Z,2249,Glenville State,Mountain East,2699,West Liberty,Mountain East,37.0,,,14.0,,,True
401674286,2024,10,2024-11-02T17:00:00.000Z,2249,Glenville State,Mountain East,112335,Wheeling,Mountain East,28.0,,,21.0,,,False
401674287,2024,11,2024-11-09T18:00:00.000Z,2249,Glenville State,Mountain East,2707,West Virginia State,Mountain East,40.0,,,14.0,,,True
401674288,2024,12,2024-11-16T18:00:00.000Z,2249,Glenville State,Mountain East,455,West Virginia Wesleyan,Mountain East,42.0,,,23.0,,,False
401636380,2024,1,2024-09-01T00:00:00.000Z,2755,Grambling,SWAC,309,Louisiana,Sun Belt,10.0,,,40.0,1496.0,1496.0,False
401636381,2024,2,2024-09-07T23:00:00.000Z,2755,Grambling,SWAC,2657,Tuskegee,SIAC,37.0,,,20.0,,,True
401654674,2024,3,2024-09-14T23:00:00.000Z,2755,Grambling,SWAC,2837,East Texas A&M,Southland,35.0,,,28.0,,,False
401636382,2024,4,2024-09-21T23:00:00.000Z,2755,Grambling,SWAC,2296,Jackson State,SWAC,41.0,,,20.0,,,True
401636383,2024,5,2024-09-28T23:00:00.000Z,2755,Grambling,SWAC,2504,Prairie View A&M,SWAC,34.0,,,36.0,,,False
401636384,2024,7,2024-10-12T19:00:00.000Z,2755,Grambling,SWAC,2016,Alcorn State,SWAC,15.0,,,17.0,,,True
401636358,2024,8,2024-10-19T19:00:00.000Z,2755,Grambling,SWAC,2029,Arkansas-Pine Bluff,SWAC,31.0,,,21.0,,,True
401636385,2024,9,2024-10-26T23:00:00.000Z,2755,Grambling,SWAC,2640,Texas Southern,SWAC,17.0,,,24.0,,,False
401636368,2024,10,2024-11-02T19:00:00.000Z,2755,Grambling,SWAC,2065,Bethune-Cookman,SWAC,21.0,,,24.0,,,False
401636350,2024,11,2024-11-09T20:00:00.000Z,2755,Grambling,SWAC,2011,Alabama State,SWAC,24.0,,,23.0,,,True
401634258,2024,12,2024-11-15T01:00:00.000Z,2755,Grambling,SWAC,2010,Alabama A&M,SWAC,17.0,,,22.0,,,False
401636386,2024,14,2024-11-30T19:00:00.000Z,2755,Grambling,SWAC,2582,Southern,SWAC,14.0,,,24.0,,,False
401674558,2024,2,2024-09-05T22:00:00.000Z,125,Grand Valley State University,GLIAC,2119,Central State (OH),SIAC,58.0,,,0.0,,,True
401673271,2024,3,2024-09-15T00:00:00.000Z,125,Grand Valley State University,GLIAC,2570,CSU Pueblo,Rocky Mountain,24.0,,,21.0,,,False
401674559,2024,4,2024-09-21T23:00:00.000Z,125,Grand Valley State University,GLIAC,2740,Wisconsin-Lacrosse,Wisconsin,20.0,,,13.0,,,True
401674560,2024,5,2024-09-28T19:00:00.000Z,125,Grand Valley State University,GLIAC,110242,West Florida,Gulf South,31.0,,,7.0,,,True
401674561,2024,6,2024-10-05T16:00:00.000Z,125,Grand Valley State University,GLIAC,110254,Davenport,GLIAC,24.0,,,7.0,,,False
401674562,2024,7,2024-10-12T23:00:00.000Z,125,Grand Valley State University,GLIAC,128,Northern Michigan,GLIAC,49.0,,,17.0,,,True
401658343,2024,8,2024-10-19T19:00:00.000Z,125,Grand Valley State University,GLIAC,129,Saginaw Valley State,GLIAC,16.0,,,9.0,,,False
401674555,2024,9,2024-10-26T19:00:00.000Z,125,Grand Valley State University,GLIAC,2222,Ferris State,GLIAC,7.0,,,34.0,,,True
401674563,2024,10,2024-11-02T19:00:00.000Z,125,Grand Valley State University,GLIAC,131,Wayne State (MI),GLIAC,51.0,,,28.0,,,True
401674564,2024,11,2024-11-09T17:00:00.000Z,125,Grand Valley State University,GLIAC,2392,Michigan Tech,GLIAC,20.0,,,0.0,,,False
401674565,2024,12,2024-11-16T19:00:00.000Z,125,Grand Valley State University,GLIAC,127991,Roosevelt,GLIAC,34.0,,,21.0,,,False
401734596,2024,13,2024-11-23T18:00:00.000Z,125,Grand Valley State University,GLIAC,2292,Indianapolis,Great Lakes,24.0,,,7.0,,,True
401734992,2024,14,2024-11-30T18:00:00.000Z,125,Grand Valley State University,GLIAC,2264,Harding University,Great American,26.0,,,44.0,,,True
401675509,2024,2,2024-09-07T23:00:00.000Z,2839,Greeneville,South Atlantic,2695,West Alabama,Gulf South,9.0,,,45.0,,,False
401676790,2024,4,2024-09-21T17:00:00.000Z,2839,Greeneville,South Atlantic,2444,Newberry,South Atlantic,20.0,,,50.0,,,True
401676778,2024,5,2024-09-29T19:00:00.000Z,2839,Greeneville,South Atlantic,2331,Lenoir-Rhyne,South Atlantic,23.0,,,37.0,,,False
401676782,2024,6,2024-10-05T17:00:00.000Z,2839,Greeneville,South Atlantic,2336,Limestone,South Atlantic,21.0,,,49.0,,,True
401673386,2024,7,2024-10-12T18:00:00.000Z,2839,Greeneville,South Atlantic,2213,Emory & Henry College,South Atlantic,21.0,,,23.0,,,True
401676787,2024,8,2024-10-19T18:30:00.000Z,2839,Greeneville,South Atlantic,2369,Mars Hill,South Atlantic,3.0,,,30.0,,,False
401675775,2024,9,2024-10-26T17:00:00.000Z,2839,Greeneville,South Atlantic,129469,Anderson (Sc),South Atlantic,30.0,,,28.0,,,True
401676793,2024,10,2024-11-02T18:00:00.000Z,2839,Greeneville,South Atlantic,2842,UVA Wise,South Atlantic,27.0,,,35.0,,,False
401673379,2024,11,2024-11-09T18:00:00.000Z,2839,Greeneville,South Atlantic,2105,Carson-Newman College,South Atlantic,14.0,,,56.0,,,True
401676794,2024,12,2024-11-16T23:00:00.000Z,2839,Greeneville,South Atlantic,2107,Catawba,South Atlantic,15.0,,,47.0,,,False
401676053,2024,2,2024-09-07T16:00:00.000Z,2256,Greensboro College,USA South,2258,Guilford College,Old Dominion,0.0,,,14.0,,,True
401676054,2024,3,2024-09-14T16:00:00.000Z,2256,Greensboro College,USA South,2047,Averett,Old Dominion,20.0,,,27.0,,,True
401676017,2024,4,2024-09-21T22:00:00.000Z,2256,Greensboro College,USA South,291,Methodist,USA South,14.0,,,17.0,,,False
401675999,2024,5,2024-09-28T16:00:00.000Z,2256,Greensboro College,USA South,2896,Southern Virginia,USA South,42.0,,,23.0,,,True
401676055,2024,7,2024-10-12T22:00:00.000Z,2256,Greensboro College,USA South,2913,Brevard College,USA South,9.0,,,42.0,,,False
401676056,2024,8,2024-10-19T16:00:00.000Z,2256,Greensboro College,USA South,2056,Belhaven,USA South,20.0,,,30.0,,,True
401676045,2024,9,2024-10-26T17:00:00.000Z,2256,Greensboro College,USA South,548,Lagrange College,USA South,16.0,,,52.0,,,False
401676012,2024,10,2024-11-02T16:00:00.000Z,2256,Greensboro College,USA South,286,North Carolina Wesleyan,USA South,21.0,,,23.0,,,True
401676029,2024,11,2024-11-09T17:00:00.000Z,2256,Greensboro College,USA South,2373,Maryville College (TN),USA South,7.0,,,47.0,,,True
401676052,2024,12,2024-11-16T19:00:00.000Z,2256,Greensboro College,USA South,2938,Huntingdon College (AL),USA South,7.0,,,38.0,,,False
401676036,2024,2,2024-09-07T18:00:00.000Z,2257,Greenville,Upper Midwest,2151,Concordia University Chicago,NACC,54.0,,,23.0,,,True
401676067,2024,3,2024-09-14T23:00:00.000Z,2257,Greenville,Upper Midwest,101,Eureka College,NACC,27.0,,,7.0,,,False
401676140,2024,4,2024-09-21T18:00:00.000Z,2257,Greenville,Upper Midwest,2723,Wisconsin-River Falls,Wisconsin,7.0,,,66.0,,,False
401676120,2024,6,2024-10-05T18:00:00.000Z,2257,Greenville,Upper Midwest,433,Westminster College (MO),Upper Midwest,35.0,,,14.0,,,False
401676128,2024,7,2024-10-12T16:00:00.000Z,2257,Greenville,Upper Midwest,583,Northwestern (MN),Upper Midwest,14.0,,,34.0,,,True
401676138,2024,8,2024-10-19T17:00:00.000Z,2257,Greenville,Upper Midwest,446,Martin Luther,Upper Midwest,42.0,,,35.0,,,True
401676134,2024,9,2024-10-26T17:00:00.000Z,2257,Greenville,Upper Midwest,2399,Minnesota Morris,Upper Midwest,42.0,,,27.0,,,False
401676124,2024,10,2024-11-02T18:00:00.000Z,2257,Greenville,Upper Midwest,433,Westminster College (MO),Upper Midwest,45.0,,,7.0,,,True
401676132,2024,11,2024-11-09T17:00:00.000Z,2257,Greenville,Upper Midwest,583,Northwestern (MN),Upper Midwest,34.0,,,42.0,,,False
401676141,2024,12,2024-11-16T18:00:00.000Z,2257,Greenville,Upper Midwest,509,Crown College,Upper Midwest,29.0,,,0.0,,,False
401674998,2024,2,2024-09-07T18:00:00.000Z,65,Grinnell,Midwest,101161,LYONCOLL,Southern Collegiate Athletic,28.0,,,48.0,,,True
401674999,2024,3,2024-09-14T18:00:00.000Z,65,Grinnell,Midwest,2891,Ripon,Midwest,19.0,,,23.0,,,False
401674993,2024,4,2024-09-21T18:00:00.000Z,65,Grinnell,Midwest,266,Beloit,Midwest,7.0,,,16.0,,,True
401675000,2024,6,2024-10-05T17:00:00.000Z,65,Grinnell,Midwest,268,Lawrence University,Midwest,17.0,,,14.0,,,False
401689233,2024,7,2024-10-12T18:00:00.000Z,65,Grinnell,Midwest,2919,Monmouth (IL),Midwest,7.0,,,49.0,,,True
401675002,2024,8,2024-10-19T18:00:00.000Z,65,Grinnell,Midwest,262,Lake Forest College,Midwest,22.0,,,42.0,,,True
401675003,2024,9,2024-10-26T18:00:00.000Z,65,Grinnell,Midwest,255,Knox College,Midwest,21.0,,,14.0,,,False
401673452,2024,10,2024-11-02T18:00:00.000Z,65,Grinnell,Midwest,2286,Illinois College,Midwest,14.0,,,56.0,,,True
401675004,2024,11,2024-11-09T19:00:00.000Z,65,Grinnell,Midwest,80,Chicago,Midwest,6.0,,,42.0,,,False
401675005,2024,12,2024-11-16T18:00:00.000Z,65,Grinnell,Midwest,2155,Cornell College (IA),Midwest,7.0,,,26.0,,,False
401676644,2024,2,2024-09-07T17:00:00.000Z,146,Grove City College,Presidents',2242,Geneva,Presidents',41.0,,,0.0,,,True
401676648,2024,4,2024-09-21T17:00:00.000Z,146,Grove City College,Presidents',2614,Saint Vincent,Presidents',56.0,,,7.0,,,False
401676620,2024,5,2024-09-28T23:00:00.000Z,146,Grove City College,Presidents',2018,Allegheny,Presidents',58.0,,,7.0,,,True
401676628,2024,6,2024-10-05T17:00:00.000Z,146,Grove City College,Presidents',2062,Bethany (WV),Presidents',62.0,,,22.0,,,False
401676636,2024,7,2024-10-12T18:00:00.000Z,146,Grove City College,Presidents',2102,Carnegie Mellon,Presidents',17.0,,,10.0,,,True
401676649,2024,8,2024-10-19T22:00:00.000Z,146,Grove City College,Presidents',2686,Washington & Jefferson,Presidents',19.0,,,27.0,,,False
401676650,2024,9,2024-10-26T17:00:00.000Z,146,Grove City College,Presidents',2644,Thiel,Presidents',59.0,,,7.0,,,True
401676438,2024,10,2024-11-02T17:00:00.000Z,146,Grove City College,Presidents',2845,Waynesburg,Presidents',51.0,,,0.0,,,False
401676643,2024,11,2024-11-09T18:00:00.000Z,146,Grove City College,Presidents',2963,Case Western Reserve,Presidents',30.0,,,20.0,,,True
401676427,2024,12,2024-11-16T18:00:00.000Z,146,Grove City College,Presidents',2849,Westminster (PA),Presidents',36.0,,,9.0,,,False
401734592,2024,14,2024-11-30T17:00:00.000Z,146,Grove City College,Presidents',118,Johns Hopkins University,Centennial,14.0,,,17.0,,,False
401676053,2024,2,2024-09-07T16:00:00.000Z,2258,Guilford College,Old Dominion,2256,Greensboro College,USA South,14.0,,,0.0,,,False
401676016,2024,3,2024-09-14T23:00:00.000Z,2258,Guilford College,Old Dominion,291,Methodist,USA South,14.0,,,12.0,,,True
401676264,2024,4,2024-09-21T17:00:00.000Z,2258,Guilford College,Old Dominion,2553,Sewanee,Southern Athletic,44.0,,,35.0,,,True
401676428,2024,6,2024-10-05T17:00:00.000Z,2258,Guilford College,Old Dominion,297,Hampden-Sydney,Old Dominion,0.0,,,31.0,,,False
401676442,2024,7,2024-10-12T17:00:00.000Z,2258,Guilford College,Old Dominion,2516,Randolph-Macon,Old Dominion,0.0,,,63.0,,,False
401676447,2024,8,2024-10-19T20:00:00.000Z,2258,Guilford College,Old Dominion,2688,Washington and Lee,Old Dominion,23.0,,,40.0,,,True
401676444,2024,9,2024-10-26T16:00:00.000Z,2258,Guilford College,Old Dominion,2828,Shenandoah,Old Dominion,10.0,,,42.0,,,False
401676413,2024,10,2024-11-02T17:00:00.000Z,2258,Guilford College,Old Dominion,366,Ferrum,Old Dominion,7.0,,,20.0,,,True
401676401,2024,11,2024-11-09T18:00:00.000Z,2258,Guilford College,Old Dominion,2047,Averett,Old Dominion,21.0,,,28.0,,,False
401676409,2024,12,2024-11-16T18:00:00.000Z,2258,Guilford College,Old Dominion,2079,Bridgewater (VA),Old Dominion,0.0,,,58.0,,,True
401674971,2024,2,2024-09-07T18:00:00.000Z,2968,Gustavus Adolphus,Minnesota,2721,Whitworth,Northwest,7.0,,,40.0,,,True
401674972,2024,4,2024-09-21T18:00:00.000Z,2968,Gustavus Adolphus,Minnesota,2743,Wisconsin-Stevens Pt,Wisconsin,31.0,,,10.0,,,False
401674942,2024,5,2024-09-28T18:00:00.000Z,2968,Gustavus Adolphus,Minnesota,124,Augsburg,Minnesota,28.0,,,0.0,,,False
401674952,2024,6,2024-10-05T18:00:00.000Z,2968,Gustavus Adolphus,Minnesota,2802,Bethel (MN),Minnesota,0.0,,,43.0,,,True
401674973,2024,7,2024-10-12T18:00:00.000Z,2968,Gustavus Adolphus,Minnesota,375,St. Scholastica,Minnesota,51.0,,,13.0,,,True
401674974,2024,8,2024-10-19T18:00:00.000Z,2968,Gustavus Adolphus,Minnesota,2359,Macalester,Minnesota,36.0,,,7.0,,,False
401674975,2024,9,2024-10-26T18:00:00.000Z,2968,Gustavus Adolphus,Minnesota,2600,Saint John's (MN),Minnesota,0.0,,,34.0,,,False
401674976,2024,10,2024-11-02T18:00:00.000Z,2968,Gustavus Adolphus,Minnesota,133,St. Olaf,Minnesota,21.0,,,10.0,,,True
401674963,2024,11,2024-11-09T19:00:00.000Z,2968,Gustavus Adolphus,Minnesota,2101,Carleton,Minnesota,17.0,,,51.0,,,False
401734011,2024,12,2024-11-16T18:00:00.000Z,2968,Gustavus Adolphus,Minnesota,2152,Concordia Moorhead,Minnesota,13.0,,,17.0,,,True
401676155,2024,3,2024-09-14T17:30:00.000Z,348,Hamilton,NESCAC,2731,Williams,NESCAC,7.0,,,42.0,,,False
401676156,2024,4,2024-09-21T17:00:00.000Z,348,Hamilton,NESCAC,7,Amherst,NESCAC,7.0,,,21.0,,,True
401676157,2024,5,2024-09-28T17:00:00.000Z,348,Hamilton,NESCAC,340,Bowdoin,NESCAC,21.0,,,28.0,,,False
401676158,2024,6,2024-10-05T17:00:00.000Z,348,Hamilton,NESCAC,336,Wesleyan University (CT),NESCAC,7.0,,,19.0,,,True
401676159,2024,7,2024-10-12T17:30:00.000Z,348,Hamilton,NESCAC,2977,Trinity (CT),NESCAC,7.0,,,31.0,,,False
401676160,2024,8,2024-10-19T17:00:00.000Z,348,Hamilton,NESCAC,112,Tufts,NESCAC,13.0,,,20.0,,,False
401676161,2024,9,2024-10-26T16:00:00.000Z,348,Hamilton,NESCAC,33,Colby College,NESCAC,13.0,,,16.0,,,True
401676162,2024,10,2024-11-02T16:30:00.000Z,348,Hamilton,NESCAC,2394,Middlebury,NESCAC,0.0,,,35.0,,,False
401676154,2024,11,2024-11-09T17:00:00.000Z,348,Hamilton,NESCAC,121,Bates,NESCAC,24.0,,,21.0,,,True
401674977,2024,2,2024-09-07T23:00:00.000Z,162,Hamline University,Minnesota,509,Crown College,Upper Midwest,35.0,,,14.0,,,False
401674978,2024,3,2024-09-14T23:00:00.000Z,162,Hamline University,Minnesota,2399,Minnesota Morris,Upper Midwest,25.0,,,20.0,,,True
401674958,2024,5,2024-09-28T18:00:00.000Z,162,Hamline University,Minnesota,2101,Carleton,Minnesota,14.0,,,24.0,,,True
401674979,2024,6,2024-10-05T18:00:00.000Z,162,Hamline University,Minnesota,133,St. Olaf,Minnesota,6.0,,,41.0,,,False
401674944,2024,7,2024-10-12T17:00:00.000Z,162,Hamline University,Minnesota,124,Augsburg,Minnesota,27.0,,,37.0,,,False
401674968,2024,8,2024-10-19T18:00:00.000Z,162,Hamline University,Minnesota,2152,Concordia Moorhead,Minnesota,7.0,,,41.0,,,True
401674954,2024,9,2024-10-26T18:00:00.000Z,162,Hamline University,Minnesota,2802,Bethel (MN),Minnesota,0.0,,,70.0,,,True
401674980,2024,10,2024-11-03T00:00:00.000Z,162,Hamline University,Minnesota,2359,Macalester,Minnesota,37.0,,,35.0,,,False
401674981,2024,11,2024-11-09T19:00:00.000Z,162,Hamline University,Minnesota,375,St. Scholastica,Minnesota,28.0,,,42.0,,,True
401734013,2024,12,2024-11-16T18:00:00.000Z,162,Hamline University,Minnesota,2101,Carleton,Minnesota,9.0,,,21.0,,,False
401673418,2024,2,2024-09-07T17:00:00.000Z,297,Hampden-Sydney,Old Dominion,2808,Delaware Valley,Mid Atlantic,21.0,,,41.0,,,True
401676062,2024,3,2024-09-14T17:00:00.000Z,297,Hampden-Sydney,Old Dominion,2913,Brevard College,USA South,51.0,,,30.0,,,False
401677409,2024,4,2024-09-21T17:00:00.000Z,297,Hampden-Sydney,Old Dominion,2121,Centre College Kentucky,Southern Athletic,38.0,,,34.0,,,True
401676428,2024,6,2024-10-05T17:00:00.000Z,297,Hampden-Sydney,Old Dominion,2258,Guilford College,Old Dominion,31.0,,,0.0,,,True
401676429,2024,7,2024-10-12T17:00:00.000Z,297,Hampden-Sydney,Old Dominion,2688,Washington and Lee,Old Dominion,26.0,,,28.0,,,False
401676411,2024,8,2024-10-19T18:00:00.000Z,297,Hampden-Sydney,Old Dominion,366,Ferrum,Old Dominion,36.0,,,41.0,,,False
401676399,2024,9,2024-10-26T17:00:00.000Z,297,Hampden-Sydney,Old Dominion,2047,Averett,Old Dominion,42.0,,,21.0,,,True
401676407,2024,10,2024-11-02T18:00:00.000Z,297,Hampden-Sydney,Old Dominion,2079,Bridgewater (VA),Old Dominion,28.0,,,21.0,,,False
401676430,2024,11,2024-11-09T18:00:00.000Z,297,Hampden-Sydney,Old Dominion,2828,Shenandoah,Old Dominion,7.0,,,35.0,,,False
401676431,2024,12,2024-11-16T18:00:00.000Z,297,Hampden-Sydney,Old Dominion,2516,Randolph-Macon,Old Dominion,6.0,,,27.0,,,True
401654510,2024,1,2024-08-31T22:00:00.000Z,2261,Hampton,CAA,2415,Morgan State,MEAC,28.0,,,30.0,,,True
401628605,2024,2,2024-09-07T22:00:00.000Z,2261,Hampton,CAA,2676,Virginia Union,CIAA,33.0,,,21.0,,,True
401628613,2024,3,2024-09-14T20:00:00.000Z,2261,Hampton,CAA,2450,Norfolk State,MEAC,37.0,,,7.0,,,False
401628623,2024,4,2024-09-21T20:00:00.000Z,2261,Hampton,CAA,47,Howard,MEAC,27.0,,,20.0,,,True
401628633,2024,5,2024-09-28T22:00:00.000Z,2261,Hampton,CAA,2729,William & Mary,CAA,7.0,,,49.0,,,False
401628641,2024,6,2024-10-05T18:00:00.000Z,2261,Hampton,CAA,227,Rhode Island,CAA,44.0,,,46.0,,,True
401628656,2024,8,2024-10-19T17:00:00.000Z,2261,Hampton,CAA,2448,North Carolina A&T,CAA,59.0,,,17.0,,,False
401628665,2024,9,2024-10-26T18:00:00.000Z,2261,Hampton,CAA,2210,Elon,CAA,41.0,,,21.0,,,True
401628671,2024,10,2024-11-02T17:00:00.000Z,2261,Hampton,CAA,222,Villanova,CAA,14.0,,,20.0,,,True
401628682,2024,11,2024-11-09T18:00:00.000Z,2261,Hampton,CAA,119,Towson,CAA,10.0,,,27.0,,,False
401628685,2024,12,2024-11-16T17:00:00.000Z,2261,Hampton,CAA,257,Richmond,CAA,21.0,,,24.0,,,True
401628698,2024,13,2024-11-23T18:00:00.000Z,2261,Hampton,CAA,399,UAlbany,CAA,34.0,,,41.0,,,False
401674782,2024,2,2024-09-07T17:30:00.000Z,2262,Hanover College,Heartland,2121,Centre College Kentucky,Southern Athletic,12.0,,,27.0,,,True
401655658,2024,3,2024-09-14T22:00:00.000Z,2262,Hanover College,Heartland,2086,Butler,Pioneer,0.0,,,53.0,,,False
401674783,2024,4,2024-09-21T17:00:00.000Z,2262,Hanover College,Heartland,354,Olivet College,Michigan,56.0,,,14.0,,,True
401674784,2024,6,2024-10-05T17:30:00.000Z,2262,Hanover College,Heartland,2419,Mount St. Joseph,Heartland,41.0,,,49.0,,,True
401674785,2024,7,2024-10-12T18:00:00.000Z,2262,Hanover College,Heartland,86,Rose-Hulman,Heartland,37.0,,,16.0,,,True
401674786,2024,8,2024-10-19T17:30:00.000Z,2262,Hanover College,Heartland,2023,Anderson (IN),Heartland,35.0,,,0.0,,,False
401674787,2024,9,2024-10-26T17:30:00.000Z,2262,Hanover College,Heartland,2362,Manchester,Heartland,55.0,,,7.0,,,False
401674770,2024,10,2024-11-02T17:30:00.000Z,2262,Hanover College,Heartland,2074,Bluffton,Heartland,49.0,,,13.0,,,True
401674788,2024,11,2024-11-09T18:00:00.000Z,2262,Hanover College,Heartland,190,Defiance College,,31.0,,,7.0,,,False
401674781,2024,12,2024-11-16T18:30:00.000Z,2262,Hanover College,Heartland,2233,Franklin,Heartland,31.0,,,27.0,,,False
401674636,2024,2,2024-09-07T04:00:00.000Z,2810,Hardin-Simmons,American Southwest,2758,Howard Payne,American Southwest,38.0,,,6.0,,,False
401674637,2024,3,2024-09-14T16:00:00.000Z,2810,Hardin-Simmons,American Southwest,40,Curry College,Commonwealth Coast,73.0,,,21.0,,,False
401674638,2024,5,2024-09-28T18:00:00.000Z,2810,Hardin-Simmons,American Southwest,123086,North American University,,90.0,,,7.0,,,True
401674639,2024,6,2024-10-05T18:00:00.000Z,2810,Hardin-Simmons,American Southwest,452,Endicott College,Commonwealth Coast,35.0,,,27.0,,,True
401674640,2024,7,2024-10-12T18:00:00.000Z,2810,Hardin-Simmons,American Southwest,2371,Mary Hardin-Baylor,American Southwest,44.0,,,21.0,,,False
401674641,2024,8,2024-10-19T23:00:00.000Z,2810,Hardin-Simmons,American Southwest,241,McMurry,Southern Collegiate Athletic,17.0,,,12.0,,,False
401674642,2024,9,2024-10-26T18:00:00.000Z,2810,Hardin-Simmons,American Southwest,2194,East Texas Baptist University,American Southwest,38.0,,,22.0,,,True
401674643,2024,10,2024-11-02T18:00:00.000Z,2810,Hardin-Simmons,American Southwest,2758,Howard Payne,American Southwest,44.0,,,17.0,,,True
401674644,2024,11,2024-11-09T19:00:00.000Z,2810,Hardin-Simmons,American Southwest,2371,Mary Hardin-Baylor,American Southwest,27.0,,,19.0,,,True
401674645,2024,12,2024-11-16T19:00:00.000Z,2810,Hardin-Simmons,American Southwest,2194,East Texas Baptist University,American Southwest,45.0,,,23.0,,,False
401734987,2024,14,2024-11-30T18:00:00.000Z,2810,Hardin-Simmons,American Southwest,2371,Mary Hardin-Baylor,American Southwest,13.0,,,17.0,,,True
401674419,2024,2,2024-09-06T00:00:00.000Z,2264,Harding University,Great American,200,Southern Nazarene,Great American,59.0,,,0.0,,,True
401674420,2024,3,2024-09-15T00:00:00.000Z,2264,Harding University,Great American,319,Oklahoma Baptist,Great American,59.0,,,7.0,,,False
401674402,2024,4,2024-09-19T23:00:00.000Z,2264,Harding University,Great American,2028,Arkansas-Monticello,Great American,63.0,,,3.0,,,False
401674421,2024,5,2024-09-29T00:00:00.000Z,2264,Harding University,Great American,2271,Henderson State,Great American,66.0,,,0.0,,,True
401674422,2024,6,2024-10-05T19:00:00.000Z,2264,Harding University,Great American,2927,Southwestern Oklahoma State,Great American,57.0,,,3.0,,,False
401674423,2024,7,2024-10-12T19:00:00.000Z,2264,Harding University,Great American,2823,Northwestern Oklahoma State,Great American,62.0,,,0.0,,,True
401674424,2024,8,2024-10-20T00:00:00.000Z,2264,Harding University,Great American,2888,Ouachita Baptist,Great American,13.0,,,17.0,,,False
401674425,2024,9,2024-10-26T20:00:00.000Z,2264,Harding University,Great American,2568,Southern Arkansas,Great American,49.0,,,17.0,,,True
401674426,2024,10,2024-11-01T00:00:00.000Z,2264,Harding University,Great American,199,Southeastern Oklahoma State,Great American,56.0,,,14.0,,,True
401674417,2024,11,2024-11-09T20:00:00.000Z,2264,Harding University,Great American,2191,East Central (OK),Great American,34.0,,,7.0,,,False
401674399,2024,12,2024-11-16T20:00:00.000Z,2264,Harding University,Great American,2033,Arkansas Tech,Great American,57.0,,,27.0,,,True
401734597,2024,13,2024-11-23T19:00:00.000Z,2264,Harding University,Great American,90,Pittsburg St,Mid America,48.0,,,3.0,,,False
401734992,2024,14,2024-11-30T18:00:00.000Z,2264,Harding University,Great American,125,Grand Valley State University,GLIAC,44.0,,,26.0,,,False
401735987,2024,15,2024-12-07T18:00:00.000Z,2264,Harding University,Great American,2222,Ferris State,GLIAC,7.0,,,41.0,,,False
401677399,2024,2,2024-09-07T17:00:00.000Z,173,Hartwick,Empire 8,274,Maine Maritime,Independent DIII,62.0,,,6.0,,,False
401676662,2024,3,2024-09-14T17:00:00.000Z,173,Hartwick,Empire 8,122774,Keystone,Landmark Conference,26.0,,,51.0,,,False
401674802,2024,4,2024-09-21T17:00:00.000Z,173,Hartwick,Empire 8,246,Juniata College,Landmark Conference,30.0,,,37.0,,,True
401676665,2024,6,2024-10-05T16:00:00.000Z,173,Hartwick,Empire 8,390,Utica,Empire 8,7.0,,,65.0,,,True
401677375,2024,7,2024-10-12T17:00:00.000Z,173,Hartwick,Empire 8,2781,Brockport,Empire 8,0.0,,,53.0,,,True
401687156,2024,8,2024-10-19T19:00:00.000Z,173,Hartwick,Empire 8,374,St John Fisher University,Empire 8,0.0,,,56.0,,,False
401677405,2024,9,2024-10-26T16:00:00.000Z,173,Hartwick,Empire 8,125974,Hilbert College,Empire 8,36.0,,,21.0,,,True
401674760,2024,10,2024-11-02T17:00:00.000Z,173,Hartwick,Empire 8,2782,Cortland,Empire 8,10.0,,,68.0,,,False
401674753,2024,11,2024-11-09T18:00:00.000Z,173,Hartwick,Empire 8,365,Alfred University,Empire 8,0.0,,,51.0,,,True
401687157,2024,12,2024-11-16T17:00:00.000Z,173,Hartwick,Empire 8,3110,SUNY Morrisville,Empire 8,14.0,,,31.0,,,False
401644596,2024,4,2024-09-21T16:00:00.000Z,108,Harvard,Ivy,56,Stetson,Pioneer,35.0,,,0.0,,,True
401644597,2024,5,2024-09-28T16:00:00.000Z,108,Harvard,Ivy,225,Brown,Ivy,28.0,,,31.0,,,False
401644598,2024,6,2024-10-04T23:00:00.000Z,108,Harvard,Ivy,160,New Hampshire,CAA,28.0,,,23.0,,,True
401644599,2024,7,2024-10-11T22:00:00.000Z,108,Harvard,Ivy,172,Cornell,Ivy,38.0,,,20.0,,,False
401644600,2024,8,2024-10-19T16:00:00.000Z,108,Harvard,Ivy,107,Holy Cross,Patriot,35.0,,,34.0,,,True
401644601,2024,9,2024-10-26T19:00:00.000Z,108,Harvard,Ivy,163,Princeton,Ivy,45.0,,,13.0,,,True
401644602,2024,10,2024-11-02T17:30:00.000Z,108,Harvard,Ivy,159,Dartmouth,Ivy,31.0,,,27.0,,,False
401654494,2024,11,2024-11-09T17:00:00.000Z,108,Harvard,Ivy,171,Columbia,Ivy,26.0,,,6.0,,,True
401644604,2024,12,2024-11-16T18:00:00.000Z,108,Harvard,Ivy,219,Pennsylvania,Ivy,31.0,,,28.0,,,False
401644605,2024,13,2024-11-23T17:00:00.000Z,108,Harvard,Ivy,43,Yale,Ivy,29.0,,,34.0,,,True
401643858,2024,1,2024-08-25T03:59:00.000Z,62,Hawai'i,Mountain West,2169,Delaware State,MEAC,35.0,1227.0,1227.0,14.0,,,True
401628459,2024,1,2024-08-31T23:30:00.000Z,62,Hawai'i,Mountain West,26,UCLA,Big Ten,13.0,1227.0,1242.0,16.0,1568.0,1553.0,True
401641040,2024,3,2024-09-14T23:00:00.000Z,62,Hawai'i,Mountain West,2534,Sam Houston,Conference USA,13.0,1242.0,1214.0,31.0,1370.0,1398.0,False
401643712,2024,4,2024-09-22T03:59:00.000Z,62,Hawai'i,Mountain West,2460,Northern Iowa,MVFC,36.0,1211.0,1211.0,7.0,,,True
401643725,2024,6,2024-10-06T00:00:00.000Z,62,Hawai'i,Mountain West,21,San Diego State,Mountain West,24.0,1214.0,1215.0,27.0,1344.0,1343.0,False
401643728,2024,7,2024-10-13T03:00:00.000Z,62,Hawai'i,Mountain West,68,Boise State,Mountain West,7.0,1215.0,1212.0,28.0,1708.0,1711.0,True
401643736,2024,8,2024-10-19T19:30:00.000Z,62,Hawai'i,Mountain West,265,Washington State,Pac-12,10.0,1212.0,1167.0,42.0,1563.0,1608.0,False
401643743,2024,9,2024-10-27T03:59:00.000Z,62,Hawai'i,Mountain West,2440,Nevada,Mountain West,34.0,1167.0,1228.0,13.0,1267.0,1206.0,True
401643749,2024,10,2024-11-02T23:00:00.000Z,62,Hawai'i,Mountain West,278,Fresno State,Mountain West,21.0,1228.0,1247.0,20.0,1559.0,1540.0,False
401643753,2024,11,2024-11-10T02:00:00.000Z,62,Hawai'i,Mountain West,2439,UNLV,Mountain West,27.0,1247.0,1265.0,29.0,1668.0,1650.0,True
401643760,2024,12,2024-11-16T20:00:00.000Z,62,Hawai'i,Mountain West,328,Utah State,Mountain West,10.0,1265.0,1114.0,55.0,1170.0,1321.0,False
401643771,2024,14,2024-12-01T04:00:00.000Z,62,Hawai'i,Mountain West,167,New Mexico,Mountain West,38.0,1114.0,1136.0,30.0,1269.0,1247.0,True
401676109,2024,2,2024-09-05T23:00:00.000Z,191,Heidelberg,Ohio,2274,Hiram College,North Coast,38.0,,,14.0,,,True
401676315,2024,4,2024-09-21T23:00:00.000Z,191,Heidelberg,Ohio,427,Ohio Northern,Ohio,27.0,,,52.0,,,True
401676336,2024,5,2024-09-28T17:30:00.000Z,191,Heidelberg,Ohio,2302,John Carroll University,Ohio,10.0,,,48.0,,,False
401676308,2024,6,2024-10-05T17:30:00.000Z,191,Heidelberg,Ohio,424,Capital,Ohio,45.0,,,22.0,,,False
401676337,2024,7,2024-10-12T18:00:00.000Z,191,Heidelberg,Ohio,317,Marietta,Ohio,7.0,,,35.0,,,True
401676338,2024,8,2024-10-19T17:30:00.000Z,191,Heidelberg,Ohio,426,University of Mount Union,Ohio,10.0,,,52.0,,,False
401676339,2024,9,2024-10-26T17:30:00.000Z,191,Heidelberg,Ohio,332,Muskingum University,Ohio,52.0,,,24.0,,,True
401676340,2024,10,2024-11-02T16:00:00.000Z,191,Heidelberg,Ohio,359,Otterbein,Ohio,55.0,,,7.0,,,False
401676341,2024,11,2024-11-09T18:30:00.000Z,191,Heidelberg,Ohio,2733,Wilmington (OH),Ohio,30.0,,,20.0,,,False
401676299,2024,12,2024-11-16T18:30:00.000Z,191,Heidelberg,Ohio,188,Baldwin Wallace,Ohio,10.0,,,14.0,,,True
401674410,2024,2,2024-09-05T23:00:00.000Z,2271,Henderson State,Great American,2191,East Central (OK),Great American,41.0,,,17.0,,,False
401674427,2024,3,2024-09-14T23:00:00.000Z,2271,Henderson State,Great American,199,Southeastern Oklahoma State,Great American,34.0,,,17.0,,,True
401674231,2024,4,2024-09-22T00:00:00.000Z,2271,Henderson State,Great American,2033,Arkansas Tech,Great American,27.0,,,12.0,,,True
401674421,2024,5,2024-09-29T00:00:00.000Z,2271,Henderson State,Great American,2264,Harding University,Great American,0.0,,,66.0,,,False
401674428,2024,6,2024-10-05T18:00:00.000Z,2271,Henderson State,Great American,319,Oklahoma Baptist,Great American,52.0,,,7.0,,,True
401674429,2024,7,2024-10-12T19:00:00.000Z,2271,Henderson State,Great American,200,Southern Nazarene,Great American,48.0,,,21.0,,,False
401674430,2024,8,2024-10-19T19:00:00.000Z,2271,Henderson State,Great American,2568,Southern Arkansas,Great American,19.0,,,42.0,,,True
401674406,2024,9,2024-10-26T18:00:00.000Z,2271,Henderson State,Great American,2028,Arkansas-Monticello,Great American,42.0,,,7.0,,,True
401674431,2024,10,2024-11-02T19:00:00.000Z,2271,Henderson State,Great American,2823,Northwestern Oklahoma State,Great American,44.0,,,10.0,,,False
401674432,2024,11,2024-11-09T19:00:00.000Z,2271,Henderson State,Great American,2927,Southwestern Oklahoma State,Great American,35.0,,,17.0,,,True
401674433,2024,12,2024-11-16T19:00:00.000Z,2271,Henderson State,Great American,2888,Ouachita Baptist,Great American,20.0,,,27.0,,,True
401676204,2024,2,2024-09-08T00:00:00.000Z,418,Hendrix College,Southern Athletic,101442,CENTENARY,Southern Collegiate Athletic,43.0,,,20.0,,,False
401676368,2024,3,2024-09-15T00:00:00.000Z,418,Hendrix College,Southern Athletic,2194,East Texas Baptist University,American Southwest,28.0,,,63.0,,,True
401676369,2024,4,2024-09-21T18:00:00.000Z,418,Hendrix College,Southern Athletic,2588,Southwestern University,Southern Athletic,35.0,,,20.0,,,True
401676049,2024,5,2024-09-28T18:00:00.000Z,418,Hendrix College,Southern Athletic,2938,Huntingdon College (AL),USA South,31.0,,,28.0,,,True
401676301,2024,6,2024-10-05T23:00:00.000Z,418,Hendrix College,Southern Athletic,2519,Rhodes College,Southern Athletic,29.0,,,34.0,,,False
401676370,2024,7,2024-10-12T17:00:00.000Z,418,Hendrix College,Southern Athletic,2757,Berry College,Southern Athletic,13.0,,,42.0,,,True
401676365,2024,8,2024-10-19T17:00:00.000Z,418,Hendrix College,Southern Athletic,2121,Centre College Kentucky,Southern Athletic,18.0,,,35.0,,,False
401676371,2024,9,2024-10-26T19:00:00.000Z,418,Hendrix College,Southern Athletic,2398,Millsaps,Southern Athletic,26.0,,,27.0,,,False
401676261,2024,10,2024-11-02T17:00:00.000Z,418,Hendrix College,Southern Athletic,386,Trinity University TX,Southern Athletic,7.0,,,26.0,,,True
401676269,2024,11,2024-11-09T19:00:00.000Z,418,Hendrix College,Southern Athletic,2553,Sewanee,Southern Athletic,27.0,,,15.0,,,False
401674755,2024,2,2024-09-07T17:00:00.000Z,125974,Hilbert College,Empire 8,2782,Cortland,Empire 8,0.0,,,76.0,,,True
401677402,2024,3,2024-09-14T16:00:00.000Z,125974,Hilbert College,Empire 8,2085,Buffalo State,Liberty League,6.0,,,42.0,,,False
401677403,2024,4,2024-09-21T16:00:00.000Z,125974,Hilbert College,Empire 8,452,Endicott College,Commonwealth Coast,0.0,,,58.0,,,False
401674810,2024,5,2024-09-28T16:00:00.000Z,125974,Hilbert College,Empire 8,2354,Lycoming,Landmark Conference,0.0,,,48.0,,,False
401674749,2024,6,2024-10-05T17:00:00.000Z,125974,Hilbert College,Empire 8,365,Alfred University,Empire 8,0.0,,,47.0,,,False
401677404,2024,7,2024-10-12T16:00:00.000Z,125974,Hilbert College,Empire 8,374,St John Fisher University,Empire 8,6.0,,,52.0,,,True
401677396,2024,8,2024-10-19T16:00:00.000Z,125974,Hilbert College,Empire 8,2781,Brockport,Empire 8,0.0,,,51.0,,,True
401677405,2024,9,2024-10-26T16:00:00.000Z,125974,Hilbert College,Empire 8,173,Hartwick,Empire 8,21.0,,,36.0,,,False
401677406,2024,10,2024-11-02T17:00:00.000Z,125974,Hilbert College,Empire 8,3110,SUNY Morrisville,Empire 8,8.0,,,38.0,,,False
401676668,2024,11,2024-11-09T19:00:00.000Z,125974,Hilbert College,Empire 8,390,Utica,Empire 8,6.0,,,36.0,,,True
401674498,2024,2,2024-09-07T22:00:00.000Z,2273,Hillsdale,Great Midwest Athletic,2292,Indianapolis,Great Lakes,16.0,,,42.0,,,True
401674566,2024,3,2024-09-14T16:00:00.000Z,2273,Hillsdale,Great Midwest Athletic,2392,Michigan Tech,GLIAC,6.0,,,21.0,,,False
401675418,2024,4,2024-09-21T17:00:00.000Z,2273,Hillsdale,Great Midwest Athletic,308,Ashland,Great Midwest Athletic,21.0,,,24.0,,,True
401675428,2024,5,2024-09-28T18:00:00.000Z,2273,Hillsdale,Great Midwest Athletic,2224,Findlay,Great Midwest Athletic,21.0,,,28.0,,,False
401675435,2024,6,2024-10-05T17:00:00.000Z,2273,Hillsdale,Great Midwest Athletic,2886,Northwood (MI),Great Midwest Athletic,14.0,,,13.0,,,False
401675436,2024,7,2024-10-12T20:00:00.000Z,2273,Hillsdale,Great Midwest Athletic,2682,Walsh,Great Midwest Athletic,35.0,,,36.0,,,True
401675437,2024,8,2024-10-19T18:30:00.000Z,2273,Hillsdale,Great Midwest Athletic,437,Lake Erie,Great Midwest Athletic,28.0,,,10.0,,,False
401675438,2024,9,2024-10-26T17:00:00.000Z,2273,Hillsdale,Great Midwest Athletic,2316,Kentucky Wesleyan,Great Midwest Athletic,41.0,,,7.0,,,False
401675439,2024,10,2024-11-02T17:00:00.000Z,2273,Hillsdale,Great Midwest Athletic,2646,Thomas More College,Great Midwest Athletic,38.0,,,17.0,,,True
401675440,2024,11,2024-11-09T18:00:00.000Z,2273,Hillsdale,Great Midwest Athletic,2838,Tiffin,Great Midwest Athletic,20.0,,,17.0,,,True
401675441,2024,12,2024-11-16T17:00:00.000Z,2273,Hillsdale,Great Midwest Athletic,2477,Ohio Dominican,Great Midwest Athletic,28.0,,,6.0,,,False
401676109,2024,2,2024-09-05T23:00:00.000Z,2274,Hiram College,North Coast,191,Heidelberg,Ohio,14.0,,,38.0,,,False
401676110,2024,3,2024-09-13T23:00:00.000Z,2274,Hiram College,North Coast,2419,Mount St. Joseph,Heartland,7.0,,,28.0,,,True
401675286,2024,4,2024-09-21T19:00:00.000Z,2274,Hiram College,North Coast,2746,Wittenberg,North Coast,0.0,,,0.0,,,True
401676090,2024,5,2024-09-28T17:00:00.000Z,2274,Hiram College,North Coast,2171,Denison University,North Coast,0.0,,,35.0,,,False
401676111,2024,7,2024-10-12T17:00:00.000Z,2274,Hiram College,North Coast,352,Kenyon,North Coast,7.0,,,27.0,,,True
401675297,2024,8,2024-10-19T17:00:00.000Z,2274,Hiram College,North Coast,89,Wabash College,North Coast,7.0,,,56.0,,,False
401676112,2024,9,2024-10-26T16:00:00.000Z,2274,Hiram College,North Coast,2980,Ohio Wesleyan,North Coast,14.0,,,41.0,,,False
401675283,2024,10,2024-11-02T16:00:00.000Z,2274,Hiram College,North Coast,2748,Wooster,North Coast,20.0,,,30.0,,,True
401676104,2024,11,2024-11-09T17:00:00.000Z,2274,Hiram College,North Coast,83,Depauw,North Coast,7.0,,,58.0,,,True
401676113,2024,12,2024-11-16T17:00:00.000Z,2274,Hiram College,North Coast,391,Oberlin,North Coast,17.0,,,20.0,,,False
401674746,2024,2,2024-09-06T23:00:00.000Z,174,Hobart College,Liberty League,365,Alfred University,Empire 8,10.0,,,7.0,,,True
401674826,2024,3,2024-09-14T16:00:00.000Z,174,Hobart College,Liberty League,2516,Randolph-Macon,Old Dominion,7.0,,,14.0,,,False
401673410,2024,4,2024-09-21T17:00:00.000Z,174,Hobart College,Liberty League,323,Moravian,Landmark Conference,27.0,,,12.0,,,True
401674827,2024,5,2024-09-28T16:00:00.000Z,174,Hobart College,Liberty League,122774,Keystone,Landmark Conference,52.0,,,9.0,,,False
401674828,2024,6,2024-10-05T17:00:00.000Z,174,Hobart College,Liberty League,175,Ithaca College,Liberty League,16.0,,,7.0,,,True
401674829,2024,7,2024-10-12T19:00:00.000Z,174,Hobart College,Liberty League,2085,Buffalo State,Liberty League,31.0,,,3.0,,,False
401674830,2024,8,2024-10-19T17:00:00.000Z,174,Hobart College,Liberty League,2779,St. Lawrence,Liberty League,39.0,,,3.0,,,False
401674831,2024,9,2024-10-26T17:00:00.000Z,174,Hobart College,Liberty League,237,Union (NY),Liberty League,27.0,,,0.0,,,True
401674832,2024,10,2024-11-02T19:00:00.000Z,174,Hobart College,Liberty League,2528,Rensselaer,Liberty League,27.0,,,21.0,,,False
401674833,2024,12,2024-11-16T18:00:00.000Z,174,Hobart College,Liberty League,184,University of Rochester (NY),Liberty League,37.0,,,7.0,,,True
401734573,2024,14,2024-11-30T17:00:00.000Z,174,Hobart College,Liberty League,216,Susquehanna,Landmark Conference,35.0,,,42.0,,,False
401628588,2024,1,2024-08-31T23:00:00.000Z,107,Holy Cross,Patriot,227,Rhode Island,CAA,17.0,,,20.0,,,False
401628598,2024,2,2024-09-07T18:00:00.000Z,107,Holy Cross,Patriot,160,New Hampshire,CAA,20.0,,,21.0,,,True
401628618,2024,3,2024-09-14T18:00:00.000Z,107,Holy Cross,Patriot,2803,Bryant,CAA,43.0,,,22.0,,,False
401654636,2024,4,2024-09-21T18:00:00.000Z,107,Holy Cross,Patriot,43,Yale,Ivy,31.0,,,38.0,,,True
401635565,2024,5,2024-09-28T16:00:00.000Z,107,Holy Cross,Patriot,183,Syracuse,ACC,14.0,,,42.0,1379.0,1379.0,False
401654637,2024,6,2024-10-05T17:00:00.000Z,107,Holy Cross,Patriot,2142,Colgate,Patriot,38.0,,,7.0,,,False
401654638,2024,7,2024-10-12T17:00:00.000Z,107,Holy Cross,Patriot,2230,Fordham,Patriot,19.0,,,16.0,,,True
401644600,2024,8,2024-10-19T16:00:00.000Z,107,Holy Cross,Patriot,108,Harvard,Ivy,34.0,,,35.0,,,False
401654628,2024,9,2024-10-26T17:30:00.000Z,107,Holy Cross,Patriot,322,Lafayette,Patriot,34.0,,,28.0,,,False
401654621,2024,11,2024-11-09T17:00:00.000Z,107,Holy Cross,Patriot,2329,Lehigh,Patriot,7.0,,,10.0,,,True
401654639,2024,12,2024-11-16T17:00:00.000Z,107,Holy Cross,Patriot,2083,Bucknell,Patriot,40.0,,,38.0,,,True
401654640,2024,13,2024-11-23T17:30:00.000Z,107,Holy Cross,Patriot,46,Georgetown,Patriot,34.0,,,0.0,,,False
401674609,2024,2,2024-09-07T17:00:00.000Z,2812,Hope College,Michigan,263,Loras College,American Rivers,49.0,,,0.0,,,True
401674774,2024,3,2024-09-14T17:00:00.000Z,2812,Hope College,Michigan,2233,Franklin,Heartland,48.0,,,6.0,,,True
401674798,2024,4,2024-09-21T17:30:00.000Z,2812,Hope College,Michigan,86,Rose-Hulman,Heartland,49.0,,,7.0,,,False
401674926,2024,5,2024-09-28T18:00:00.000Z,2812,Hope College,Michigan,2800,Alma,Michigan,34.0,,,13.0,,,False
401674930,2024,6,2024-10-05T17:00:00.000Z,2812,Hope College,Michigan,2651,Trine University,Michigan,42.0,,,6.0,,,True
401674931,2024,8,2024-10-19T17:00:00.000Z,2812,Hope College,Michigan,126,Kalamazoo,Michigan,49.0,,,18.0,,,False
401674913,2024,9,2024-10-26T18:00:00.000Z,2812,Hope College,Michigan,2003,Adrian,Michigan,45.0,,,0.0,,,True
401674922,2024,10,2024-11-02T17:00:00.000Z,2812,Hope College,Michigan,2790,Albion,Michigan,41.0,,,14.0,,,True
401676214,2024,11,2024-11-09T18:00:00.000Z,2812,Hope College,Michigan,129738,Calvin University,Michigan,38.0,,,7.0,,,False
401674932,2024,12,2024-11-16T18:00:00.000Z,2812,Hope College,Michigan,354,Olivet College,Michigan,48.0,,,12.0,,,False
401734576,2024,14,2024-11-30T17:00:00.000Z,2812,Hope College,Michigan,2044,Aurora,NACC,49.0,,,21.0,,,True
401735967,2024,15,2024-12-07T18:00:00.000Z,2812,Hope College,Michigan,3071,North Central College,CCIW,21.0,,,41.0,,,True
401636611,2024,1,2024-08-31T23:00:00.000Z,248,Houston,Big 12,2439,UNLV,Mountain West,7.0,1447.0,1402.0,27.0,1496.0,1541.0,True
401628345,2024,2,2024-09-07T23:45:00.000Z,248,Houston,Big 12,201,Oklahoma,SEC,12.0,1402.0,1411.0,16.0,1849.0,1840.0,False
401636862,2024,3,2024-09-15T00:00:00.000Z,248,Houston,Big 12,242,Rice,American Athletic,33.0,1411.0,1466.0,7.0,1314.0,1259.0,True
401636873,2024,4,2024-09-21T16:00:00.000Z,248,Houston,Big 12,2132,Cincinnati,Big 12,0.0,1466.0,1366.0,34.0,1429.0,1529.0,False
401636881,2024,5,2024-09-28T23:00:00.000Z,248,Houston,Big 12,66,Iowa State,Big 12,0.0,1366.0,1352.0,20.0,1718.0,1732.0,True
401636891,2024,6,2024-10-04T23:30:00.000Z,248,Houston,Big 12,2628,TCU,Big 12,30.0,1352.0,1395.0,19.0,1551.0,1508.0,False
401636901,2024,8,2024-10-19T19:30:00.000Z,248,Houston,Big 12,2305,Kansas,Big 12,14.0,1395.0,1334.0,42.0,1570.0,1631.0,False
401636908,2024,9,2024-10-26T23:00:00.000Z,248,Houston,Big 12,254,Utah,Big 12,17.0,1334.0,1338.0,14.0,1572.0,1568.0,True
401636913,2024,10,2024-11-02T19:30:00.000Z,248,Houston,Big 12,2306,Kansas State,Big 12,24.0,1338.0,1364.0,19.0,1797.0,1771.0,True
401636923,2024,12,2024-11-16T03:15:00.000Z,248,Houston,Big 12,12,Arizona,Big 12,3.0,1364.0,1306.0,27.0,1382.0,1440.0,False
401636931,2024,13,2024-11-24T00:00:00.000Z,248,Houston,Big 12,239,Baylor,Big 12,10.0,1306.0,1309.0,20.0,1591.0,1588.0,True
401636942,2024,14,2024-12-01T03:15:00.000Z,248,Houston,Big 12,252,BYU,Big 12,18.0,1309.0,1313.0,30.0,1660.0,1656.0,False
401634303,2024,1,2024-09-01T00:00:00.000Z,2277,Houston Christian,Southland,2567,SMU,ACC,7.0,,,59.0,1684.0,1684.0,False
401654664,2024,2,2024-09-07T23:00:00.000Z,2277,Houston Christian,Southland,2627,Tarleton State,UAC,18.0,,,35.0,,,True
401654849,2024,3,2024-09-14T23:00:00.000Z,2277,Houston Christian,Southland,2347,Louisiana College,,70.0,,,7.0,,,True
401645330,2024,4,2024-09-21T19:30:00.000Z,2277,Houston Christian,Southland,2636,UTSA,American Athletic,7.0,,,45.0,1366.0,1366.0,False
401634172,2024,5,2024-09-28T17:00:00.000Z,2277,Houston Christian,Southland,282,Indiana State,MVFC,27.0,,,24.0,,,False
401634031,2024,6,2024-10-05T23:00:00.000Z,2277,Houston Christian,Southland,2377,McNeese,Southland,43.0,,,22.0,,,True
401675116,2024,7,2024-10-12T19:00:00.000Z,2277,Houston Christian,Southland,2545,SE Louisiana,Southland,7.0,,,37.0,,,True
401675120,2024,9,2024-10-26T23:00:00.000Z,2277,Houston Christian,Southland,2617,Stephen F. Austin,Southland,6.0,,,55.0,,,False
401634035,2024,10,2024-11-02T19:00:00.000Z,2277,Houston Christian,Southland,2916,Incarnate Word,Southland,20.0,,,45.0,,,False
401634027,2024,11,2024-11-09T20:00:00.000Z,2277,Houston Christian,Southland,2447,Nicholls,Southland,24.0,,,21.0,,,True
401634021,2024,12,2024-11-16T19:00:00.000Z,2277,Houston Christian,Southland,2837,East Texas A&M,Southland,40.0,,,41.0,,,False
401634040,2024,13,2024-11-23T20:00:00.000Z,2277,Houston Christian,Southland,2466,Northwestern State,Southland,62.0,,,24.0,,,True
401628458,2024,1,2024-08-29T22:00:00.000Z,47,Howard,MEAC,164,Rutgers,Big Ten,7.0,,,44.0,1460.0,1460.0,False
401656598,2024,2,2024-09-07T23:00:00.000Z,47,Howard,MEAC,2385,Mercyhurst,NEC,32.0,,,31.0,,,True
401656599,2024,3,2024-09-14T19:00:00.000Z,47,Howard,MEAC,60,Morehouse College,SIAC,35.0,,,21.0,,,True
401628623,2024,4,2024-09-21T20:00:00.000Z,47,Howard,MEAC,2261,Hampton,CAA,20.0,,,27.0,,,False
401654464,2024,5,2024-09-28T19:00:00.000Z,47,Howard,MEAC,163,Princeton,Ivy,13.0,,,30.0,,,False
401673031,2024,7,2024-10-12T17:00:00.000Z,47,Howard,MEAC,2529,Sacred Heart,FCS Independents,21.0,,,14.0,,,True
401655635,2024,8,2024-10-19T19:30:00.000Z,47,Howard,MEAC,2634,Tennessee State,Big South-OVC,14.0,,,27.0,,,True
401654552,2024,9,2024-10-26T18:00:00.000Z,47,Howard,MEAC,2450,Norfolk State,MEAC,20.0,,,21.0,,,False
401654501,2024,10,2024-11-02T17:00:00.000Z,47,Howard,MEAC,2169,Delaware State,MEAC,38.0,,,0.0,,,True
401654542,2024,11,2024-11-09T20:30:00.000Z,47,Howard,MEAC,2569,South Carolina State,MEAC,14.0,,,38.0,,,True
401654556,2024,12,2024-11-16T01:00:00.000Z,47,Howard,MEAC,2428,North Carolina Central,MEAC,3.0,,,26.0,,,False
401654537,2024,13,2024-11-23T18:00:00.000Z,47,Howard,MEAC,2415,Morgan State,MEAC,21.0,,,35.0,,,False
401674636,2024,2,2024-09-07T04:00:00.000Z,2758,Howard Payne,American Southwest,2810,Hardin-Simmons,American Southwest,6.0,,,38.0,,,True
401674646,2024,3,2024-09-14T23:00:00.000Z,2758,Howard Payne,American Southwest,2904,Southwestern Assemblies Of God,,27.0,,,29.0,,,False
401674647,2024,4,2024-09-21T23:00:00.000Z,2758,Howard Payne,American Southwest,101161,LYONCOLL,Southern Collegiate Athletic,41.0,,,14.0,,,False
401674648,2024,5,2024-09-28T17:00:00.000Z,2758,Howard Payne,American Southwest,2746,Wittenberg,North Coast,29.0,,,36.0,,,False
401674649,2024,7,2024-10-12T18:00:00.000Z,2758,Howard Payne,American Southwest,2194,East Texas Baptist University,American Southwest,33.0,,,42.0,,,False
401674650,2024,8,2024-10-19T19:30:00.000Z,2758,Howard Payne,American Southwest,2371,Mary Hardin-Baylor,American Southwest,0.0,,,41.0,,,True
401674643,2024,10,2024-11-02T18:00:00.000Z,2758,Howard Payne,American Southwest,2810,Hardin-Simmons,American Southwest,17.0,,,44.0,,,False
401674651,2024,11,2024-11-09T19:00:00.000Z,2758,Howard Payne,American Southwest,2194,East Texas Baptist University,American Southwest,17.0,,,38.0,,,True
401674655,2024,12,2024-11-16T19:00:00.000Z,2758,Howard Payne,American Southwest,2371,Mary Hardin-Baylor,American Southwest,7.0,,,63.0,,,False
401676048,2024,2,2024-09-07T23:00:00.000Z,2938,Huntingdon College (AL),USA South,2757,Berry College,Southern Athletic,7.0,,,43.0,,,True
401676008,2024,4,2024-09-21T16:00:00.000Z,2938,Huntingdon College (AL),USA South,286,North Carolina Wesleyan,USA South,49.0,,,28.0,,,False
401676049,2024,5,2024-09-28T18:00:00.000Z,2938,Huntingdon College (AL),USA South,418,Hendrix College,Southern Athletic,28.0,,,31.0,,,False
401676050,2024,6,2024-10-05T18:00:00.000Z,2938,Huntingdon College (AL),USA South,2056,Belhaven,USA South,45.0,,,31.0,,,True
401676019,2024,7,2024-10-12T17:00:00.000Z,2938,Huntingdon College (AL),USA South,291,Methodist,USA South,42.0,,,0.0,,,False
401676027,2024,8,2024-10-19T17:00:00.000Z,2938,Huntingdon College (AL),USA South,2373,Maryville College (TN),USA South,16.0,,,44.0,,,False
401676051,2024,9,2024-10-26T18:00:00.000Z,2938,Huntingdon College (AL),USA South,2913,Brevard College,USA South,21.0,,,25.0,,,True
401676046,2024,10,2024-11-02T18:00:00.000Z,2938,Huntingdon College (AL),USA South,548,Lagrange College,USA South,21.0,,,24.0,,,True
401676004,2024,11,2024-11-09T18:00:00.000Z,2938,Huntingdon College (AL),USA South,2896,Southern Virginia,USA South,51.0,,,0.0,,,False
401676052,2024,12,2024-11-16T19:00:00.000Z,2938,Huntingdon College (AL),USA South,2256,Greensboro College,USA South,38.0,,,7.0,,,True
401674711,2024,2,2024-09-07T17:00:00.000Z,2280,Husson,Commonwealth Coast,2967,Framingham State,MSCAC,56.0,,,14.0,,,True
401674712,2024,3,2024-09-14T17:00:00.000Z,2280,Husson,Commonwealth Coast,81,Springfield,NEWMAC,7.0,,,76.0,,,True
401674713,2024,4,2024-09-21T18:00:00.000Z,2280,Husson,Commonwealth Coast,2467,Norwich,NEWMAC,38.0,,,22.0,,,False
401674714,2024,5,2024-09-28T17:30:00.000Z,2280,Husson,Commonwealth Coast,15,Anna Maria College,ECFC,29.0,,,47.0,,,False
401674715,2024,7,2024-10-12T16:00:00.000Z,2280,Husson,Commonwealth Coast,110438,Dean College,ECFC,24.0,,,0.0,,,False
401674716,2024,8,2024-10-19T18:30:00.000Z,2280,Husson,Commonwealth Coast,2884,Nichols College,Commonwealth Coast,56.0,,,22.0,,,True
401674707,2024,9,2024-10-26T18:30:00.000Z,2280,Husson,Commonwealth Coast,40,Curry College,Commonwealth Coast,35.0,,,34.0,,,False
401676767,2024,10,2024-11-02T16:00:00.000Z,2280,Husson,Commonwealth Coast,2702,Western New England,Commonwealth Coast,49.0,,,42.0,,,True
401674718,2024,11,2024-11-09T17:00:00.000Z,2280,Husson,Commonwealth Coast,452,Endicott College,Commonwealth Coast,6.0,,,32.0,,,False
401674719,2024,12,2024-11-16T18:00:00.000Z,2280,Husson,Commonwealth Coast,111675,Biddeford,Commonwealth Coast,14.0,,,25.0,,,True
401628456,2024,1,2024-08-31T23:30:00.000Z,70,Idaho,Big Sky,2483,Oregon,Big Ten,14.0,,,24.0,1904.0,1904.0,False
401643710,2024,2,2024-09-07T19:30:00.000Z,70,Idaho,Big Sky,2751,Wyoming,Mountain West,17.0,,,13.0,1369.0,1369.0,False
401628617,2024,3,2024-09-14T20:00:00.000Z,70,Idaho,Big Sky,399,UAlbany,CAA,41.0,,,13.0,,,True
401654604,2024,4,2024-09-22T00:00:00.000Z,70,Idaho,Big Sky,2000,Abilene Christian,UAC,27.0,,,24.0,,,False
401634047,2024,5,2024-09-29T02:00:00.000Z,70,Idaho,Big Sky,302,UC Davis,Big Sky,26.0,,,28.0,,,False
401634052,2024,6,2024-10-05T21:00:00.000Z,70,Idaho,Big Sky,2464,Northern Arizona,Big Sky,23.0,,,17.0,,,True
401634100,2024,7,2024-10-13T02:15:00.000Z,70,Idaho,Big Sky,147,Montana State,Big Sky,7.0,,,38.0,,,False
401634102,2024,8,2024-10-19T20:00:00.000Z,70,Idaho,Big Sky,13,Cal Poly,Big Sky,34.0,,,29.0,,,True
401634107,2024,9,2024-10-27T01:00:00.000Z,70,Idaho,Big Sky,331,Eastern Washington,Big Sky,38.0,,,28.0,,,True
401634117,2024,11,2024-11-09T21:00:00.000Z,70,Idaho,Big Sky,2502,Portland State,Big Sky,39.0,,,30.0,,,False
401634123,2024,12,2024-11-17T01:00:00.000Z,70,Idaho,Big Sky,2692,Weber State,Big Sky,31.0,,,24.0,,,True
401634129,2024,13,2024-11-23T23:00:00.000Z,70,Idaho,Big Sky,304,Idaho State,Big Sky,40.0,,,17.0,,,False
401729759,2024,15,2024-12-08T02:00:00.000Z,70,Idaho,Big Sky,2329,Lehigh,Patriot,34.0,,,13.0,,,True
401729780,2024,16,2024-12-14T02:00:00.000Z,70,Idaho,Big Sky,147,Montana State,Big Sky,19.0,,,52.0,,,False
401643704,2024,1,2024-08-31T22:30:00.000Z,304,Idaho State,Big Sky,204,Oregon State,Pac-12,15.0,,,38.0,1648.0,1648.0,False
401655624,2024,2,2024-09-07T22:00:00.000Z,304,Idaho State,Big Sky,2848,Western Oregon,Lone Star,50.0,,,10.0,,,True
401634199,2024,3,2024-09-14T18:00:00.000Z,304,Idaho State,Big Sky,155,North Dakota,MVFC,28.0,,,52.0,,,False
401632102,2024,4,2024-09-21T22:00:00.000Z,304,Idaho State,Big Sky,253,Southern Utah,UAC,38.0,,,28.0,,,True
401634048,2024,5,2024-09-28T22:00:00.000Z,304,Idaho State,Big Sky,147,Montana State,Big Sky,17.0,,,37.0,,,True
401634051,2024,6,2024-10-06T00:00:00.000Z,304,Idaho State,Big Sky,13,Cal Poly,Big Sky,41.0,,,38.0,,,False
401634058,2024,7,2024-10-12T22:00:00.000Z,304,Idaho State,Big Sky,2502,Portland State,Big Sky,38.0,,,42.0,,,True
401634104,2024,8,2024-10-19T20:00:00.000Z,304,Idaho State,Big Sky,2464,Northern Arizona,Big Sky,26.0,,,30.0,,,False
401634108,2024,9,2024-10-26T22:00:00.000Z,304,Idaho State,Big Sky,16,Sacramento State,Big Sky,30.0,,,27.0,,,True
401634118,2024,11,2024-11-09T20:00:00.000Z,304,Idaho State,Big Sky,2692,Weber State,Big Sky,43.0,,,35.0,,,False
401634122,2024,12,2024-11-16T21:00:00.000Z,304,Idaho State,Big Sky,331,Eastern Washington,Big Sky,42.0,,,77.0,,,False
401634129,2024,13,2024-11-23T23:00:00.000Z,304,Idaho State,Big Sky,70,Idaho,Big Sky,17.0,,,40.0,,,True
401654845,2024,1,2024-08-30T01:00:00.000Z,356,Illinois,Big Ten,2197,Eastern Illinois,Big South-OVC,45.0,1502.0,1502.0,0.0,,,True
401677103,2024,1,2024-12-31T20:00:00.000Z,356,Illinois,Big Ten,2579,South Carolina,SEC,21.0,1596.0,1618.0,17.0,1832.0,1810.0,True
401628462,2024,2,2024-09-07T23:00:00.000Z,356,Illinois,Big Ten,2305,Kansas,Big 12,23.0,1502.0,1515.0,17.0,1619.0,1606.0,True
401628475,2024,3,2024-09-14T16:00:00.000Z,356,Illinois,Big Ten,2117,Central Michigan,Mid-American,30.0,1515.0,1533.0,9.0,1191.0,1173.0,True
401628485,2024,4,2024-09-21T00:00:00.000Z,356,Illinois,Big Ten,158,Nebraska,Big Ten,31.0,1533.0,1551.0,24.0,1588.0,1570.0,False
401628495,2024,5,2024-09-28T23:30:00.000Z,356,Illinois,Big Ten,213,Penn State,Big Ten,7.0,1551.0,1551.0,21.0,1905.0,1905.0,False
401628511,2024,7,2024-10-12T19:30:00.000Z,356,Illinois,Big Ten,2509,Purdue,Big Ten,50.0,1551.0,1541.0,49.0,1214.0,1224.0,True
401628518,2024,8,2024-10-19T19:30:00.000Z,356,Illinois,Big Ten,130,Michigan,Big Ten,21.0,1541.0,1602.0,7.0,1878.0,1817.0,True
401628525,2024,9,2024-10-26T19:30:00.000Z,356,Illinois,Big Ten,2483,Oregon,Big Ten,9.0,1602.0,1569.0,38.0,1987.0,2020.0,False
401628533,2024,10,2024-11-02T16:00:00.000Z,356,Illinois,Big Ten,135,Minnesota,Big Ten,17.0,1569.0,1556.0,25.0,1599.0,1612.0,True
401628547,2024,12,2024-11-16T19:30:00.000Z,356,Illinois,Big Ten,127,Michigan State,Big Ten,38.0,1556.0,1593.0,16.0,1402.0,1365.0,True
401628554,2024,13,2024-11-23T17:00:00.000Z,356,Illinois,Big Ten,164,Rutgers,Big Ten,38.0,1593.0,1597.0,31.0,1472.0,1468.0,False
401628563,2024,14,2024-11-30T17:00:00.000Z,356,Illinois,Big Ten,77,Northwestern,Big Ten,38.0,1597.0,1596.0,28.0,1396.0,1397.0,False
401673445,2024,2,2024-09-07T18:00:00.000Z,2286,Illinois College,Midwest,74,Millikin,CCIW,46.0,,,21.0,,,False
401673446,2024,3,2024-09-14T18:00:00.000Z,2286,Illinois College,Midwest,262,Lake Forest College,Midwest,35.0,,,42.0,,,False
401673447,2024,4,2024-09-21T18:00:00.000Z,2286,Illinois College,Midwest,2891,Ripon,Midwest,44.0,,,14.0,,,True
401673448,2024,6,2024-10-05T19:00:00.000Z,2286,Illinois College,Midwest,2919,Monmouth (IL),Midwest,24.0,,,44.0,,,False
401673449,2024,7,2024-10-12T23:00:00.000Z,2286,Illinois College,Midwest,80,Chicago,Midwest,50.0,,,37.0,,,True
401673450,2024,8,2024-10-19T18:00:00.000Z,2286,Illinois College,Midwest,255,Knox College,Midwest,77.0,,,34.0,,,False
401673451,2024,9,2024-10-26T17:00:00.000Z,2286,Illinois College,Midwest,268,Lawrence University,Midwest,84.0,,,0.0,,,True
401673452,2024,10,2024-11-02T18:00:00.000Z,2286,Illinois College,Midwest,65,Grinnell,Midwest,56.0,,,14.0,,,False
401673453,2024,11,2024-11-09T19:00:00.000Z,2286,Illinois College,Midwest,2155,Cornell College (IA),Midwest,42.0,,,14.0,,,True
401673454,2024,12,2024-11-16T18:00:00.000Z,2286,Illinois College,Midwest,266,Beloit,Midwest,96.0,,,14.0,,,True
401628450,2024,1,2024-08-31T16:00:00.000Z,2287,Illinois State,MVFC,2294,Iowa,Big Ten,0.0,,,40.0,1550.0,1550.0,False
401634158,2024,2,2024-09-07T23:00:00.000Z,2287,Illinois State,MVFC,2453,North Alabama,UAC,24.0,,,17.0,,,False
401634159,2024,3,2024-09-14T17:00:00.000Z,2287,Illinois State,MVFC,2710,Western Illinois,Big South-OVC,51.0,,,34.0,,,True
401634160,2024,4,2024-09-21T23:00:00.000Z,2287,Illinois State,MVFC,2197,Eastern Illinois,Big South-OVC,31.0,,,7.0,,,True
401634161,2024,5,2024-09-28T19:00:00.000Z,2287,Illinois State,MVFC,2449,North Dakota State,MVFC,10.0,,,42.0,,,True
401634162,2024,6,2024-10-05T23:00:00.000Z,2287,Illinois State,MVFC,79,Southern Illinois,MVFC,45.0,,,10.0,,,False
401634163,2024,7,2024-10-12T17:00:00.000Z,2287,Illinois State,MVFC,2623,Missouri State,MVFC,7.0,,,41.0,,,True
401634164,2024,8,2024-10-19T19:00:00.000Z,2287,Illinois State,MVFC,93,Murray State,MVFC,40.0,,,32.0,,,False
401634165,2024,10,2024-11-02T19:00:00.000Z,2287,Illinois State,MVFC,2754,Youngstown State,MVFC,23.0,,,16.0,,,True
401634166,2024,11,2024-11-09T19:00:00.000Z,2287,Illinois State,MVFC,2460,Northern Iowa,MVFC,31.0,,,9.0,,,False
401634167,2024,12,2024-11-16T18:00:00.000Z,2287,Illinois State,MVFC,282,Indiana State,MVFC,31.0,,,19.0,,,False
401634168,2024,13,2024-11-23T18:00:00.000Z,2287,Illinois State,MVFC,155,North Dakota,MVFC,35.0,,,13.0,,,True
401729731,2024,14,2024-11-30T17:00:00.000Z,2287,Illinois State,MVFC,2546,Southeast Missouri State,Big South-OVC,35.0,,,27.0,,,False
401729753,2024,15,2024-12-07T21:00:00.000Z,2287,Illinois State,MVFC,302,UC Davis,Big Sky,10.0,,,42.0,,,False
401674592,2024,2,2024-09-07T18:00:00.000Z,306,Illinois Wesleyan,CCIW,2964,Central College,American Rivers,14.0,,,49.0,,,False
401673974,2024,4,2024-09-21T23:00:00.000Z,306,Illinois Wesleyan,CCIW,72,Elmhurst,CCIW,55.0,,,7.0,,,False
401673967,2024,5,2024-09-28T18:00:00.000Z,306,Illinois Wesleyan,CCIW,2106,Carthage,CCIW,35.0,,,0.0,,,True
401674727,2024,6,2024-10-05T18:00:00.000Z,306,Illinois Wesleyan,CCIW,143,Washington University (St. Louis),CCIW,23.0,,,33.0,,,True
401674728,2024,7,2024-10-12T18:00:00.000Z,306,Illinois Wesleyan,CCIW,396,Wheaton,CCIW,21.0,,,42.0,,,False
401674729,2024,8,2024-10-19T18:00:00.000Z,306,Illinois Wesleyan,CCIW,74,Millikin,CCIW,51.0,,,8.0,,,True
401674730,2024,9,2024-10-26T18:00:00.000Z,306,Illinois Wesleyan,CCIW,75,North Park,CCIW,24.0,,,28.0,,,False
401673953,2024,10,2024-11-02T18:00:00.000Z,306,Illinois Wesleyan,CCIW,2042,Augustana (IL),CCIW,29.0,,,21.0,,,True
401673963,2024,11,2024-11-09T18:00:00.000Z,306,Illinois Wesleyan,CCIW,32,Carroll University (WI),CCIW,24.0,,,21.0,,,False
401674731,2024,12,2024-11-16T19:00:00.000Z,306,Illinois Wesleyan,CCIW,3071,North Central College,CCIW,20.0,,,42.0,,,True
401638359,2024,1,2024-08-31T23:00:00.000Z,2916,Incarnate Word,Southland,2458,Northern Colorado,Big Sky,28.0,,,7.0,,,True
401634213,2024,2,2024-09-07T23:00:00.000Z,2916,Incarnate Word,Southland,2571,South Dakota State,MVFC,24.0,,,45.0,,,False
401634241,2024,3,2024-09-14T23:00:00.000Z,2916,Incarnate Word,Southland,79,Southern Illinois,MVFC,28.0,,,35.0,,,False
401638360,2024,4,2024-09-21T23:00:00.000Z,2916,Incarnate Word,Southland,2464,Northern Arizona,Big Sky,38.0,,,14.0,,,True
401638361,2024,6,2024-10-05T23:00:00.000Z,2916,Incarnate Word,Southland,2504,Prairie View A&M,SWAC,56.0,,,28.0,,,True
401634019,2024,7,2024-10-12T23:00:00.000Z,2916,Incarnate Word,Southland,2447,Nicholls,Southland,55.0,,,10.0,,,True
401634022,2024,8,2024-10-19T21:00:00.000Z,2916,Incarnate Word,Southland,2377,McNeese,Southland,30.0,,,17.0,,,True
401634032,2024,9,2024-10-26T23:00:00.000Z,2916,Incarnate Word,Southland,2545,SE Louisiana,Southland,34.0,,,31.0,,,False
401634035,2024,10,2024-11-02T19:00:00.000Z,2916,Incarnate Word,Southland,2277,Houston Christian,Southland,45.0,,,20.0,,,True
401634028,2024,11,2024-11-09T20:00:00.000Z,2916,Incarnate Word,Southland,2320,Lamar,Southland,41.0,,,20.0,,,True
401675123,2024,12,2024-11-16T20:00:00.000Z,2916,Incarnate Word,Southland,2617,Stephen F. Austin,Southland,27.0,,,20.0,,,False
401634041,2024,13,2024-11-23T19:00:00.000Z,2916,Incarnate Word,Southland,2837,East Texas A&M,Southland,38.0,,,24.0,,,False
401729754,2024,15,2024-12-07T19:00:00.000Z,2916,Incarnate Word,Southland,222,Villanova,CAA,13.0,,,6.0,,,True
401729781,2024,16,2024-12-14T17:00:00.000Z,2916,Incarnate Word,Southland,2571,South Dakota State,MVFC,14.0,,,55.0,,,False
401628449,2024,1,2024-08-31T19:30:00.000Z,84,Indiana,Big Ten,2229,Florida International,Conference USA,31.0,1395.0,1430.0,7.0,1164.0,1129.0,True
401677179,2024,1,2024-12-21T01:00:00.000Z,84,Indiana,Big Ten,87,Notre Dame,FBS Independents,17.0,1954.0,1951.0,27.0,2160.0,2163.0,False
401628463,2024,2,2024-09-06T23:00:00.000Z,84,Indiana,Big Ten,2710,Western Illinois,Big South-OVC,77.0,1438.0,1438.0,3.0,,,True
401628476,2024,3,2024-09-14T23:30:00.000Z,84,Indiana,Big Ten,26,UCLA,Big Ten,42.0,1430.0,1527.0,13.0,1553.0,1456.0,False
401628486,2024,4,2024-09-21T16:00:00.000Z,84,Indiana,Big Ten,2429,Charlotte,American Athletic,52.0,1527.0,1592.0,14.0,1187.0,1122.0,True
401628496,2024,5,2024-09-28T16:00:00.000Z,84,Indiana,Big Ten,120,Maryland,Big Ten,42.0,1592.0,1628.0,28.0,1678.0,1642.0,True
401628503,2024,6,2024-10-05T19:30:00.000Z,84,Indiana,Big Ten,77,Northwestern,Big Ten,41.0,1628.0,1648.0,24.0,1493.0,1473.0,False
401628519,2024,8,2024-10-19T16:00:00.000Z,84,Indiana,Big Ten,158,Nebraska,Big Ten,56.0,1648.0,1791.0,7.0,1597.0,1454.0,True
401628526,2024,9,2024-10-26T16:00:00.000Z,84,Indiana,Big Ten,264,Washington,Big Ten,31.0,1791.0,1812.0,17.0,1707.0,1686.0,True
401628534,2024,10,2024-11-02T19:30:00.000Z,84,Indiana,Big Ten,127,Michigan State,Big Ten,47.0,1812.0,1875.0,10.0,1465.0,1402.0,False
401628541,2024,11,2024-11-09T20:30:00.000Z,84,Indiana,Big Ten,130,Michigan,Big Ten,20.0,1875.0,1876.0,15.0,1778.0,1777.0,True
401628555,2024,13,2024-11-23T17:00:00.000Z,84,Indiana,Big Ten,194,Ohio State,Big Ten,15.0,1876.0,1842.0,38.0,2086.0,2120.0,False
401628564,2024,14,2024-12-01T00:00:00.000Z,84,Indiana,Big Ten,2509,Purdue,Big Ten,66.0,1842.0,1954.0,0.0,1173.0,1061.0,True
401634169,2024,1,2024-08-31T16:00:00.000Z,282,Indiana State,MVFC,2509,Purdue,Big Ten,0.0,,,49.0,1492.0,1492.0,False
401634170,2024,2,2024-09-07T23:00:00.000Z,282,Indiana State,MVFC,2197,Eastern Illinois,Big South-OVC,20.0,,,27.0,,,False
401634171,2024,3,2024-09-14T22:00:00.000Z,282,Indiana State,MVFC,2168,Dayton,Pioneer,24.0,,,13.0,,,True
401634172,2024,5,2024-09-28T17:00:00.000Z,282,Indiana State,MVFC,2277,Houston Christian,Southland,24.0,,,27.0,,,True
401634173,2024,6,2024-10-05T18:00:00.000Z,282,Indiana State,MVFC,2754,Youngstown State,MVFC,14.0,,,21.0,,,False
401634174,2024,7,2024-10-12T17:00:00.000Z,282,Indiana State,MVFC,93,Murray State,MVFC,31.0,,,27.0,,,True
401634175,2024,8,2024-10-19T19:00:00.000Z,282,Indiana State,MVFC,2623,Missouri State,MVFC,21.0,,,46.0,,,False
401634176,2024,9,2024-10-26T17:00:00.000Z,282,Indiana State,MVFC,79,Southern Illinois,MVFC,20.0,,,17.0,,,True
401634177,2024,10,2024-11-02T17:00:00.000Z,282,Indiana State,MVFC,155,North Dakota,MVFC,35.0,,,31.0,,,True
401634178,2024,11,2024-11-09T19:00:00.000Z,282,Indiana State,MVFC,233,South Dakota,MVFC,0.0,,,49.0,,,False
401634167,2024,12,2024-11-16T18:00:00.000Z,282,Indiana State,MVFC,2287,Illinois State,MVFC,19.0,,,31.0,,,True
401634179,2024,13,2024-11-23T19:00:00.000Z,282,Indiana State,MVFC,2460,Northern Iowa,MVFC,34.0,,,41.0,,,False
401655859,2024,3,2024-09-14T23:30:00.000Z,111756,Indiana Wesleyan,,2674,Valparaiso,Pioneer,17.0,,,20.0,,,False
401675417,2024,2,2024-09-05T23:00:00.000Z,2291,Indiana-Pennsylvania,Pennsylvania State Athletic,308,Ashland,Great Midwest Athletic,19.0,,,10.0,,,False
401676083,2024,3,2024-09-14T22:00:00.000Z,2291,Indiana-Pennsylvania,Pennsylvania State Athletic,209,Lock Haven University,Pennsylvania State Athletic,20.0,,,17.0,,,False
401676084,2024,4,2024-09-21T18:00:00.000Z,2291,Indiana-Pennsylvania,Pennsylvania State Athletic,210,Millersville,Pennsylvania State Athletic,42.0,,,14.0,,,False
401676078,2024,5,2024-09-28T20:00:00.000Z,2291,Indiana-Pennsylvania,Pennsylvania State Athletic,2134,Clarion,Pennsylvania State Athletic,31.0,,,0.0,,,True
401676085,2024,6,2024-10-05T18:00:00.000Z,2291,Indiana-Pennsylvania,Pennsylvania State Athletic,215,Slippery Rock,Pennsylvania State Athletic,32.0,,,33.0,,,True
401674375,2024,7,2024-10-12T18:00:00.000Z,2291,Indiana-Pennsylvania,Pennsylvania State Athletic,2205,Edinboro University,Pennsylvania State Athletic,23.0,,,27.0,,,False
401676086,2024,8,2024-10-19T18:00:00.000Z,2291,Indiana-Pennsylvania,Pennsylvania State Athletic,611,Seton Hill,Pennsylvania State Athletic,20.0,,,13.0,,,True
401674355,2024,9,2024-10-26T16:00:00.000Z,2291,Indiana-Pennsylvania,Pennsylvania State Athletic,2858,PennWest California,Pennsylvania State Athletic,13.0,,,16.0,,,False
401674384,2024,10,2024-11-02T16:00:00.000Z,2291,Indiana-Pennsylvania,Pennsylvania State Athletic,367,Gannon,Pennsylvania State Athletic,35.0,,,7.0,,,False
401676087,2024,12,2024-11-16T19:00:00.000Z,2291,Indiana-Pennsylvania,Pennsylvania State Athletic,2559,Shippensburg,Pennsylvania State Athletic,38.0,,,7.0,,,True
401674498,2024,2,2024-09-07T22:00:00.000Z,2292,Indianapolis,Great Lakes,2273,Hillsdale,Great Midwest Athletic,42.0,,,16.0,,,False
401674499,2024,3,2024-09-14T22:00:00.000Z,2292,Indianapolis,Great Lakes,2654,Truman State,Great Lakes,41.0,,,34.0,,,True
401674500,2024,4,2024-09-21T22:00:00.000Z,2292,Indianapolis,Great Lakes,131,Wayne State (MI),GLIAC,30.0,,,6.0,,,False
401658340,2024,5,2024-09-28T22:00:00.000Z,2292,Indianapolis,Great Lakes,129,Saginaw Valley State,GLIAC,24.0,,,28.0,,,True
401674501,2024,6,2024-10-05T18:00:00.000Z,2292,Indianapolis,Great Lakes,2911,William Jewell,Great Lakes,23.0,,,20.0,,,False
401674502,2024,7,2024-10-12T22:00:00.000Z,2292,Indianapolis,Great Lakes,2825,Quincy,Great Lakes,47.0,,,10.0,,,True
401674503,2024,8,2024-10-19T18:00:00.000Z,2292,Indianapolis,Great Lakes,2816,McKendree,Great Lakes,42.0,,,34.0,,,False
401674504,2024,9,2024-10-26T17:00:00.000Z,2292,Indianapolis,Great Lakes,389,Upper Iowa University,Great Lakes,40.0,,,13.0,,,False
401674505,2024,10,2024-11-02T22:00:00.000Z,2292,Indianapolis,Great Lakes,2586,Southwest Baptist,Great Lakes,58.0,,,3.0,,,True
401674506,2024,11,2024-11-09T19:00:00.000Z,2292,Indianapolis,Great Lakes,2402,Missouri S&T,Great Lakes,55.0,,,10.0,,,True
401674507,2024,12,2024-11-16T18:00:00.000Z,2292,Indianapolis,Great Lakes,2876,Lincoln (MO),Great Lakes,52.0,,,0.0,,,False
401734596,2024,13,2024-11-23T18:00:00.000Z,2292,Indianapolis,Great Lakes,125,Grand Valley State University,GLIAC,7.0,,,24.0,,,False
401628450,2024,1,2024-08-31T16:00:00.000Z,2294,Iowa,Big Ten,2287,Illinois State,MVFC,40.0,1550.0,1550.0,0.0,,,True
401677101,2024,1,2024-12-30T19:30:00.000Z,2294,Iowa,Big Ten,142,Missouri,SEC,24.0,1784.0,1774.0,27.0,1701.0,1711.0,False
401628464,2024,2,2024-09-07T19:30:00.000Z,2294,Iowa,Big Ten,66,Iowa State,Big 12,19.0,1550.0,1552.0,20.0,1612.0,1610.0,True
401628477,2024,3,2024-09-14T20:00:00.000Z,2294,Iowa,Big Ten,2653,Troy,Sun Belt,38.0,1552.0,1591.0,21.0,1573.0,1534.0,True
401628487,2024,4,2024-09-21T23:30:00.000Z,2294,Iowa,Big Ten,135,Minnesota,Big Ten,31.0,1591.0,1626.0,14.0,1537.0,1502.0,False
401628504,2024,6,2024-10-05T19:30:00.000Z,2294,Iowa,Big Ten,194,Ohio State,Big Ten,7.0,1626.0,1600.0,35.0,2054.0,2080.0,False
401628512,2024,7,2024-10-12T16:00:00.000Z,2294,Iowa,Big Ten,264,Washington,Big Ten,40.0,1600.0,1683.0,16.0,1790.0,1707.0,True
401628520,2024,8,2024-10-19T23:30:00.000Z,2294,Iowa,Big Ten,127,Michigan State,Big Ten,20.0,1683.0,1637.0,32.0,1410.0,1456.0,False
401628527,2024,9,2024-10-26T19:30:00.000Z,2294,Iowa,Big Ten,77,Northwestern,Big Ten,40.0,1637.0,1693.0,14.0,1543.0,1487.0,True
401628535,2024,10,2024-11-02T23:30:00.000Z,2294,Iowa,Big Ten,275,Wisconsin,Big Ten,42.0,1693.0,1786.0,10.0,1734.0,1641.0,True
401628542,2024,11,2024-11-09T02:00:00.000Z,2294,Iowa,Big Ten,26,UCLA,Big Ten,17.0,1786.0,1780.0,20.0,1470.0,1476.0,False
401628556,2024,13,2024-11-23T17:00:00.000Z,2294,Iowa,Big Ten,120,Maryland,Big Ten,29.0,1780.0,1786.0,13.0,1453.0,1447.0,False
401628562,2024,14,2024-11-30T00:30:00.000Z,2294,Iowa,Big Ten,158,Nebraska,Big Ten,13.0,1786.0,1784.0,10.0,1524.0,1526.0,True
401634197,2024,1,2024-08-31T19:30:00.000Z,66,Iowa State,Big 12,155,North Dakota,MVFC,21.0,1612.0,1612.0,3.0,,,True
401677097,2024,1,2024-12-28T20:30:00.000Z,66,Iowa State,Big 12,2390,Miami,ACC,42.0,1671.0,1675.0,41.0,1859.0,1855.0,False
401628464,2024,2,2024-09-07T19:30:00.000Z,66,Iowa State,Big 12,2294,Iowa,Big Ten,20.0,1612.0,1610.0,19.0,1550.0,1552.0,False
401636875,2024,4,2024-09-21T18:00:00.000Z,66,Iowa State,Big 12,2032,Arkansas State,Sun Belt,52.0,1610.0,1718.0,7.0,1421.0,1313.0,True
401636881,2024,5,2024-09-28T23:00:00.000Z,66,Iowa State,Big 12,248,Houston,Big 12,20.0,1718.0,1732.0,0.0,1366.0,1352.0,False
401636889,2024,6,2024-10-05T23:30:00.000Z,66,Iowa State,Big 12,239,Baylor,Big 12,43.0,1732.0,1760.0,21.0,1485.0,1457.0,True
401636896,2024,7,2024-10-13T00:00:00.000Z,66,Iowa State,Big 12,277,West Virginia,Big 12,28.0,1760.0,1773.0,16.0,1610.0,1597.0,False
401636900,2024,8,2024-10-19T23:30:00.000Z,66,Iowa State,Big 12,2116,UCF,Big 12,38.0,1773.0,1771.0,35.0,1501.0,1503.0,True
401636914,2024,10,2024-11-02T19:30:00.000Z,66,Iowa State,Big 12,2641,Texas Tech,Big 12,22.0,1771.0,1759.0,23.0,1554.0,1566.0,True
401636919,2024,11,2024-11-09T20:30:00.000Z,66,Iowa State,Big 12,2305,Kansas,Big 12,36.0,1759.0,1728.0,45.0,1633.0,1664.0,False
401636926,2024,12,2024-11-17T01:00:00.000Z,66,Iowa State,Big 12,2132,Cincinnati,Big 12,34.0,1728.0,1746.0,17.0,1524.0,1506.0,True
401636936,2024,13,2024-11-24T00:30:00.000Z,66,Iowa State,Big 12,254,Utah,Big 12,31.0,1746.0,1737.0,28.0,1515.0,1524.0,False
401636944,2024,14,2024-12-01T00:30:00.000Z,66,Iowa State,Big 12,2306,Kansas State,Big 12,29.0,1737.0,1751.0,21.0,1772.0,1758.0,True
401673465,2024,15,2024-12-07T17:00:00.000Z,66,Iowa State,Big 12,9,Arizona State,Big 12,19.0,1751.0,1671.0,45.0,1712.0,1792.0,False
401674688,2024,2,2024-09-07T17:00:00.000Z,175,Ithaca College,Liberty League,118,Johns Hopkins University,Centennial,23.0,,,27.0,,,True
401674834,2024,3,2024-09-14T17:00:00.000Z,175,Ithaca College,Liberty League,452,Endicott College,Commonwealth Coast,7.0,,,13.0,,,True
401674705,2024,5,2024-09-28T16:00:00.000Z,175,Ithaca College,Liberty League,40,Curry College,Commonwealth Coast,38.0,,,13.0,,,False
401674828,2024,6,2024-10-05T17:00:00.000Z,175,Ithaca College,Liberty League,174,Hobart College,Liberty League,7.0,,,16.0,,,False
401674835,2024,7,2024-10-12T17:00:00.000Z,175,Ithaca College,Liberty League,184,University of Rochester (NY),Liberty League,24.0,,,0.0,,,True
401674836,2024,8,2024-10-19T17:00:00.000Z,175,Ithaca College,Liberty League,2528,Rensselaer,Liberty League,33.0,,,14.0,,,True
401674837,2024,9,2024-10-26T16:00:00.000Z,175,Ithaca College,Liberty League,2085,Buffalo State,Liberty League,49.0,,,14.0,,,False
401674838,2024,10,2024-11-02T16:00:00.000Z,175,Ithaca College,Liberty League,237,Union (NY),Liberty League,24.0,,,0.0,,,False
401674839,2024,11,2024-11-09T18:00:00.000Z,175,Ithaca College,Liberty League,2779,St. Lawrence,Liberty League,41.0,,,0.0,,,True
401674762,2024,12,2024-11-16T17:00:00.000Z,175,Ithaca College,Liberty League,2782,Cortland,Empire 8,17.0,,,28.0,,,False
401636387,2024,1,2024-08-29T23:00:00.000Z,2296,Jackson State,SWAC,2433,UL Monroe,Sun Belt,14.0,,,30.0,1156.0,1156.0,False
401677076,2024,1,2024-12-14T17:00:00.000Z,2296,Jackson State,SWAC,2569,South Carolina State,MEAC,28.0,,,7.0,,,False
401636388,2024,2,2024-09-07T23:00:00.000Z,2296,Jackson State,SWAC,2323,Lane College,SIAC,58.0,,,7.0,,,True
401636389,2024,3,2024-09-14T23:00:00.000Z,2296,Jackson State,SWAC,2582,Southern,SWAC,33.0,,,15.0,,,True
401636382,2024,4,2024-09-21T23:00:00.000Z,2296,Jackson State,SWAC,2755,Grambling,SWAC,20.0,,,41.0,,,False
401636390,2024,5,2024-09-28T23:00:00.000Z,2296,Jackson State,SWAC,2640,Texas Southern,SWAC,43.0,,,14.0,,,False
401634253,2024,6,2024-10-05T21:00:00.000Z,2296,Jackson State,SWAC,2010,Alabama A&M,SWAC,45.0,,,38.0,,,True
401636375,2024,8,2024-10-19T19:30:00.000Z,2296,Jackson State,SWAC,50,Florida A&M,SWAC,35.0,,,21.0,,,True
401636367,2024,9,2024-10-26T19:00:00.000Z,2296,Jackson State,SWAC,2065,Bethune-Cookman,SWAC,37.0,,,17.0,,,False
401636360,2024,10,2024-11-02T19:00:00.000Z,2296,Jackson State,SWAC,2029,Arkansas-Pine Bluff,SWAC,41.0,,,3.0,,,True
401636391,2024,11,2024-11-09T20:00:00.000Z,2296,Jackson State,SWAC,2400,Mississippi Valley State,SWAC,51.0,,,14.0,,,True
401636351,2024,12,2024-11-16T20:00:00.000Z,2296,Jackson State,SWAC,2011,Alabama State,SWAC,16.0,,,10.0,,,False
401636392,2024,13,2024-11-23T20:00:00.000Z,2296,Jackson State,SWAC,2016,Alcorn State,SWAC,48.0,,,10.0,,,False
401673471,2024,15,2024-12-07T19:00:00.000Z,2296,Jackson State,SWAC,2582,Southern,SWAC,41.0,,,13.0,,,True
401640998,2024,1,2024-08-30T00:00:00.000Z,55,Jacksonville State,Conference USA,324,Coastal Carolina,Sun Belt,27.0,1538.0,1449.0,55.0,1448.0,1537.0,True
401677083,2024,1,2024-12-20T17:00:00.000Z,55,Jacksonville State,Conference USA,195,Ohio,Mid-American,27.0,1729.0,1726.0,30.0,1679.0,1682.0,True
401635535,2024,2,2024-09-07T19:30:00.000Z,55,Jacksonville State,Conference USA,97,Louisville,ACC,14.0,1449.0,1374.0,49.0,1625.0,1700.0,False
401640999,2024,3,2024-09-14T23:00:00.000Z,55,Jacksonville State,Conference USA,2199,Eastern Michigan,Mid-American,34.0,1374.0,1372.0,37.0,1298.0,1300.0,False
401641000,2024,4,2024-09-21T19:00:00.000Z,55,Jacksonville State,Conference USA,2572,Southern Miss,Sun Belt,44.0,1372.0,1453.0,7.0,1187.0,1106.0,True
401641001,2024,6,2024-10-04T23:00:00.000Z,55,Jacksonville State,Conference USA,338,Kennesaw State,Conference USA,63.0,1453.0,1560.0,24.0,1388.0,1281.0,False
401641002,2024,7,2024-10-09T23:30:00.000Z,55,Jacksonville State,Conference USA,166,New Mexico State,Conference USA,54.0,1560.0,1637.0,13.0,1238.0,1161.0,True
401641003,2024,9,2024-10-23T23:30:00.000Z,55,Jacksonville State,Conference USA,2393,Middle Tennessee,Conference USA,42.0,1637.0,1642.0,20.0,1142.0,1137.0,True
401640994,2024,10,2024-10-30T23:00:00.000Z,55,Jacksonville State,Conference USA,2335,Liberty,Conference USA,31.0,1642.0,1657.0,21.0,1575.0,1560.0,False
401641004,2024,11,2024-11-09T21:30:00.000Z,55,Jacksonville State,Conference USA,2348,Louisiana Tech,Conference USA,44.0,1657.0,1643.0,37.0,1283.0,1297.0,False
401640986,2024,12,2024-11-16T19:00:00.000Z,55,Jacksonville State,Conference USA,2229,Florida International,Conference USA,34.0,1643.0,1640.0,31.0,1297.0,1300.0,True
401641005,2024,13,2024-11-23T17:00:00.000Z,55,Jacksonville State,Conference USA,2534,Sam Houston,Conference USA,21.0,1640.0,1641.0,11.0,1413.0,1412.0,True
401641006,2024,14,2024-11-30T21:00:00.000Z,55,Jacksonville State,Conference USA,98,Western Kentucky,Conference USA,17.0,1641.0,1638.0,19.0,1451.0,1454.0,False
401673466,2024,15,2024-12-07T00:00:00.000Z,55,Jacksonville State,Conference USA,98,Western Kentucky,Conference USA,52.0,1638.0,1729.0,12.0,1454.0,1363.0,True
401677079,2024,1,2024-12-18T22:30:00.000Z,256,James Madison,Sun Belt,98,Western Kentucky,Conference USA,27.0,1692.0,1691.0,17.0,1363.0,1364.0,True
401643774,2024,1,2024-09-01T00:00:00.000Z,256,James Madison,Sun Belt,2429,Charlotte,American Athletic,30.0,1691.0,1699.0,7.0,1203.0,1195.0,False
401643777,2024,2,2024-09-07T22:00:00.000Z,256,James Madison,Sun Belt,2241,Gardner-Webb,Big South-OVC,13.0,1728.0,1728.0,6.0,,,True
401635556,2024,4,2024-09-21T16:00:00.000Z,256,James Madison,Sun Belt,153,North Carolina,ACC,70.0,1699.0,1734.0,50.0,1554.0,1519.0,False
401643793,2024,5,2024-09-28T17:30:00.000Z,256,James Madison,Sun Belt,2050,Ball State,Mid-American,63.0,1734.0,1830.0,7.0,1184.0,1088.0,True
401643801,2024,6,2024-10-05T23:00:00.000Z,256,James Madison,Sun Belt,2433,UL Monroe,Sun Belt,19.0,1830.0,1823.0,21.0,1240.0,1247.0,False
401643803,2024,7,2024-10-10T23:30:00.000Z,256,James Madison,Sun Belt,324,Coastal Carolina,Sun Belt,39.0,1823.0,1866.0,7.0,1456.0,1413.0,True
401643812,2024,8,2024-10-19T20:00:00.000Z,256,James Madison,Sun Belt,290,Georgia Southern,Sun Belt,14.0,1866.0,1788.0,28.0,1371.0,1449.0,False
401643817,2024,9,2024-10-26T19:30:00.000Z,256,James Madison,Sun Belt,2572,Southern Miss,Sun Belt,32.0,1788.0,1766.0,15.0,1074.0,1096.0,True
401643826,2024,11,2024-11-09T20:30:00.000Z,256,James Madison,Sun Belt,2247,Georgia State,Sun Belt,38.0,1766.0,1794.0,7.0,1282.0,1254.0,True
401643833,2024,12,2024-11-16T21:00:00.000Z,256,James Madison,Sun Belt,295,Old Dominion,Sun Belt,35.0,1794.0,1780.0,32.0,1472.0,1486.0,False
401643836,2024,13,2024-11-23T19:30:00.000Z,256,James Madison,Sun Belt,2026,App State,Sun Belt,20.0,1780.0,1707.0,34.0,1332.0,1405.0,False
401643846,2024,14,2024-12-01T01:00:00.000Z,256,James Madison,Sun Belt,276,Marshall,Sun Belt,33.0,1707.0,1692.0,35.0,1502.0,1517.0,True
401675822,2024,1,2024-08-29T23:00:00.000Z,2939,Jamestown College,,559,University of Mary,Northern Sun,6.0,,,23.0,,,False
401673283,2024,2,2024-09-06T00:00:00.000Z,2939,Jamestown College,,2123,Chadron St,Rocky Mountain,10.0,,,17.0,,,False
401675936,2024,2,2024-09-07T17:00:00.000Z,2302,John Carroll University,Ohio,2745,Wisconsin-Whitewater,Wisconsin,7.0,,,34.0,,,False
401676342,2024,4,2024-09-21T17:30:00.000Z,2302,John Carroll University,Ohio,426,University of Mount Union,Ohio,31.0,,,37.0,,,False
401676336,2024,5,2024-09-28T17:30:00.000Z,2302,John Carroll University,Ohio,191,Heidelberg,Ohio,48.0,,,10.0,,,True
401676343,2024,6,2024-10-05T17:30:00.000Z,2302,John Carroll University,Ohio,332,Muskingum University,Ohio,35.0,,,10.0,,,False
401676309,2024,7,2024-10-12T17:30:00.000Z,2302,John Carroll University,Ohio,424,Capital,Ohio,49.0,,,14.0,,,True
401676275,2024,8,2024-10-19T18:00:00.000Z,2302,John Carroll University,Ohio,188,Baldwin Wallace,Ohio,20.0,,,16.0,,,True
401676344,2024,9,2024-10-26T17:30:00.000Z,2302,John Carroll University,Ohio,2733,Wilmington (OH),Ohio,66.0,,,14.0,,,False
401676345,2024,10,2024-11-02T17:30:00.000Z,2302,John Carroll University,Ohio,427,Ohio Northern,Ohio,49.0,,,13.0,,,False
401676346,2024,11,2024-11-09T18:30:00.000Z,2302,John Carroll University,Ohio,359,Otterbein,Ohio,56.0,,,0.0,,,True
401676347,2024,12,2024-11-16T19:00:00.000Z,2302,John Carroll University,Ohio,317,Marietta,Ohio,49.0,,,35.0,,,True
401734590,2024,13,2024-11-23T17:00:00.000Z,2302,John Carroll University,Ohio,2419,Mount St. Joseph,Heartland,52.0,,,7.0,,,True
401734924,2024,14,2024-11-30T17:00:00.000Z,2302,John Carroll University,Ohio,426,University of Mount Union,Ohio,7.0,,,42.0,,,False
401738295,2024,1,2024-12-21T17:00:00.000Z,118,Johns Hopkins University,Centennial,426,University of Mount Union,Ohio,37.0,,,45.0,,,False
401674688,2024,2,2024-09-07T17:00:00.000Z,118,Johns Hopkins University,Centennial,175,Ithaca College,Liberty League,27.0,,,23.0,,,False
401674689,2024,3,2024-09-14T21:00:00.000Z,118,Johns Hopkins University,Centennial,3112,Christopher Newport,New Jersey,14.0,,,3.0,,,False
401674690,2024,4,2024-09-21T18:00:00.000Z,118,Johns Hopkins University,Centennial,2532,Salisbury,New Jersey,13.0,,,41.0,,,True
401674691,2024,6,2024-10-04T22:00:00.000Z,118,Johns Hopkins University,Centennial,2827,Rowan,New Jersey,20.0,,,13.0,,,True
401674683,2024,7,2024-10-11T23:00:00.000Z,118,Johns Hopkins University,Centennial,2248,Gettysburg,Centennial,51.0,,,7.0,,,False
401674693,2024,8,2024-10-19T17:00:00.000Z,118,Johns Hopkins University,Centennial,2234,Franklin & Marshall,Centennial,13.0,,,6.0,,,True
401674694,2024,9,2024-10-26T17:00:00.000Z,118,Johns Hopkins University,Centennial,2667,Ursinus,Centennial,16.0,,,7.0,,,False
401674695,2024,10,2024-11-02T18:00:00.000Z,118,Johns Hopkins University,Centennial,2422,Muhlenberg,Centennial,26.0,,,13.0,,,True
401674677,2024,11,2024-11-09T18:00:00.000Z,118,Johns Hopkins University,Centennial,2175,Dickinson (PA),Centennial,30.0,,,0.0,,,True
401674696,2024,12,2024-11-16T17:00:00.000Z,118,Johns Hopkins University,Centennial,2700,McDaniel College,Centennial,35.0,,,0.0,,,False
401734592,2024,14,2024-11-30T17:00:00.000Z,118,Johns Hopkins University,Centennial,146,Grove City College,Presidents',17.0,,,14.0,,,True
401735947,2024,15,2024-12-07T17:00:00.000Z,118,Johns Hopkins University,Centennial,83,Depauw,North Coast,14.0,,,9.0,,,True
401737151,2024,16,2024-12-14T17:00:00.000Z,118,Johns Hopkins University,Centennial,2371,Mary Hardin-Baylor,American Southwest,17.0,,,10.0,,,True
401675113,2024,1,2024-09-01T23:00:00.000Z,2304,Johnson C Smith,CIAA,2657,Tuskegee,SIAC,21.0,,,13.0,,,True
401675798,2024,2,2024-09-07T19:00:00.000Z,2304,Johnson C Smith,CIAA,60,Morehouse College,SIAC,37.0,,,13.0,,,False
401675799,2024,3,2024-09-14T17:00:00.000Z,2304,Johnson C Smith,CIAA,2339,Lincoln (PA),CIAA,52.0,,,6.0,,,True
401675405,2024,4,2024-09-21T22:00:00.000Z,2304,Johnson C Smith,CIAA,2676,Virginia Union,CIAA,21.0,,,16.0,,,True
401675800,2024,5,2024-09-28T22:00:00.000Z,2304,Johnson C Smith,CIAA,124180,Bluefield State,CIAA,42.0,,,3.0,,,False
401675389,2024,6,2024-10-05T18:00:00.000Z,2304,Johnson C Smith,CIAA,330,Virginia St,CIAA,21.0,,,17.0,,,True
401675801,2024,8,2024-10-19T17:00:00.000Z,2304,Johnson C Smith,CIAA,2551,Shaw,CIAA,21.0,,,14.0,,,True
401675802,2024,9,2024-10-26T17:00:00.000Z,2304,Johnson C Smith,CIAA,2736,Winston-Salem,CIAA,24.0,,,15.0,,,False
401675415,2024,10,2024-11-02T17:00:00.000Z,2304,Johnson C Smith,CIAA,2220,Fayetteville State,CIAA,0.0,,,27.0,,,True
401675803,2024,11,2024-11-09T19:00:00.000Z,2304,Johnson C Smith,CIAA,2940,Livingstone,CIAA,10.0,,,15.0,,,False
401674679,2024,2,2024-09-07T16:00:00.000Z,246,Juniata College,Landmark Conference,2248,Gettysburg,Centennial,41.0,,,61.0,,,True
401674747,2024,3,2024-09-14T17:00:00.000Z,246,Juniata College,Landmark Conference,365,Alfred University,Empire 8,28.0,,,64.0,,,False
401674802,2024,4,2024-09-21T17:00:00.000Z,246,Juniata College,Landmark Conference,173,Hartwick,Empire 8,37.0,,,30.0,,,False
401674803,2024,5,2024-09-28T17:00:00.000Z,246,Juniata College,Landmark Conference,2828,Shenandoah,Old Dominion,27.0,,,62.0,,,True
401674804,2024,6,2024-10-04T22:00:00.000Z,246,Juniata College,Landmark Conference,398,Wilkes,Landmark Conference,7.0,,,54.0,,,True
401674805,2024,8,2024-10-19T17:00:00.000Z,246,Juniata College,Landmark Conference,216,Susquehanna,Landmark Conference,21.0,,,66.0,,,False
401673414,2024,9,2024-10-26T17:30:00.000Z,246,Juniata College,Landmark Conference,323,Moravian,Landmark Conference,13.0,,,35.0,,,False
401674806,2024,10,2024-11-02T17:00:00.000Z,246,Juniata College,Landmark Conference,2354,Lycoming,Landmark Conference,0.0,,,45.0,,,True
401676664,2024,11,2024-11-09T17:00:00.000Z,246,Juniata College,Landmark Conference,122774,Keystone,Landmark Conference,43.0,,,38.0,,,False
401674807,2024,12,2024-11-16T18:00:00.000Z,246,Juniata College,Landmark Conference,2108,Catholic,Landmark Conference,22.0,,,56.0,,,True
401674626,2024,2,2024-09-07T16:00:00.000Z,126,Kalamazoo,Michigan,2045,Austin,Southern Collegiate Athletic,26.0,,,20.0,,,True
401674933,2024,3,2024-09-14T17:00:00.000Z,126,Kalamazoo,Michigan,352,Kenyon,North Coast,28.0,,,7.0,,,True
401674791,2024,4,2024-09-21T17:00:00.000Z,126,Kalamazoo,Michigan,2362,Manchester,Heartland,55.0,,,0.0,,,False
401676209,2024,5,2024-09-28T22:30:00.000Z,126,Kalamazoo,Michigan,129738,Calvin University,Michigan,33.0,,,31.0,,,True
401674934,2024,6,2024-10-05T18:00:00.000Z,126,Kalamazoo,Michigan,354,Olivet College,Michigan,12.0,,,45.0,,,False
401674931,2024,8,2024-10-19T17:00:00.000Z,126,Kalamazoo,Michigan,2812,Hope College,Michigan,18.0,,,49.0,,,True
401674921,2024,9,2024-10-26T17:00:00.000Z,126,Kalamazoo,Michigan,2790,Albion,Michigan,23.0,,,28.0,,,False
401674914,2024,10,2024-11-02T17:00:00.000Z,126,Kalamazoo,Michigan,2003,Adrian,Michigan,21.0,,,35.0,,,False
401674929,2024,11,2024-11-09T18:00:00.000Z,126,Kalamazoo,Michigan,2800,Alma,Michigan,13.0,,,51.0,,,True
401674935,2024,12,2024-11-16T18:00:00.000Z,126,Kalamazoo,Michigan,2651,Trine University,Michigan,14.0,,,37.0,,,True
401636606,2024,1,2024-08-30T00:00:00.000Z,2305,Kansas,Big 12,2815,Lindenwood,Big South-OVC,48.0,1619.0,1619.0,3.0,,,True
401628462,2024,2,2024-09-07T23:00:00.000Z,2305,Kansas,Big 12,356,Illinois,Big Ten,17.0,1619.0,1606.0,23.0,1502.0,1515.0,False
401636863,2024,3,2024-09-13T23:00:00.000Z,2305,Kansas,Big 12,2439,UNLV,Mountain West,20.0,1606.0,1603.0,23.0,1541.0,1544.0,True
401636879,2024,4,2024-09-21T16:00:00.000Z,2305,Kansas,Big 12,277,West Virginia,Big 12,28.0,1603.0,1598.0,32.0,1541.0,1546.0,False
401636882,2024,5,2024-09-28T19:30:00.000Z,2305,Kansas,Big 12,2628,TCU,Big 12,27.0,1598.0,1575.0,38.0,1528.0,1551.0,True
401636888,2024,6,2024-10-06T00:00:00.000Z,2305,Kansas,Big 12,9,Arizona State,Big 12,31.0,1575.0,1570.0,35.0,1506.0,1511.0,False
401636901,2024,8,2024-10-19T19:30:00.000Z,2305,Kansas,Big 12,248,Houston,Big 12,42.0,1570.0,1631.0,14.0,1395.0,1334.0,True
401636909,2024,9,2024-10-27T00:00:00.000Z,2305,Kansas,Big 12,2306,Kansas State,Big 12,27.0,1631.0,1633.0,29.0,1799.0,1797.0,False
401636919,2024,11,2024-11-09T20:30:00.000Z,2305,Kansas,Big 12,66,Iowa State,Big 12,45.0,1633.0,1664.0,36.0,1759.0,1728.0,True
401636924,2024,12,2024-11-17T03:15:00.000Z,2305,Kansas,Big 12,252,BYU,Big 12,17.0,1664.0,1671.0,13.0,1674.0,1667.0,False
401636932,2024,13,2024-11-23T20:30:00.000Z,2305,Kansas,Big 12,38,Colorado,Big 12,37.0,1671.0,1714.0,21.0,1684.0,1641.0,True
401636941,2024,14,2024-11-30T17:00:00.000Z,2305,Kansas,Big 12,239,Baylor,Big 12,17.0,1714.0,1625.0,45.0,1588.0,1677.0,False
401636612,2024,1,2024-08-31T23:00:00.000Z,2306,Kansas State,Big 12,2630,UT Martin,Big South-OVC,41.0,1794.0,1794.0,6.0,,,True
401677088,2024,1,2024-12-26T22:30:00.000Z,2306,Kansas State,Big 12,164,Rutgers,Big Ten,44.0,1758.0,1754.0,41.0,1529.0,1533.0,True
401636616,2024,2,2024-09-07T16:00:00.000Z,2306,Kansas State,Big 12,2655,Tulane,American Athletic,34.0,1794.0,1790.0,27.0,1565.0,1569.0,False
401636864,2024,3,2024-09-14T00:00:00.000Z,2306,Kansas State,Big 12,12,Arizona,Big 12,31.0,1790.0,1842.0,7.0,1720.0,1668.0,True
401636872,2024,4,2024-09-22T02:30:00.000Z,2306,Kansas State,Big 12,252,BYU,Big 12,9.0,1842.0,1714.0,38.0,1472.0,1600.0,False
401636883,2024,5,2024-09-28T16:00:00.000Z,2306,Kansas State,Big 12,197,Oklahoma State,Big 12,42.0,1714.0,1754.0,20.0,1593.0,1553.0,True
401636894,2024,7,2024-10-13T02:15:00.000Z,2306,Kansas State,Big 12,38,Colorado,Big 12,31.0,1754.0,1743.0,28.0,1479.0,1490.0,False
401636904,2024,8,2024-10-19T23:30:00.000Z,2306,Kansas State,Big 12,277,West Virginia,Big 12,45.0,1743.0,1799.0,18.0,1597.0,1541.0,False
401636909,2024,9,2024-10-27T00:00:00.000Z,2306,Kansas State,Big 12,2305,Kansas,Big 12,29.0,1799.0,1797.0,27.0,1631.0,1633.0,True
401636913,2024,10,2024-11-02T19:30:00.000Z,2306,Kansas State,Big 12,248,Houston,Big 12,19.0,1797.0,1771.0,24.0,1338.0,1364.0,False
401636927,2024,12,2024-11-17T00:00:00.000Z,2306,Kansas State,Big 12,9,Arizona State,Big 12,14.0,1771.0,1731.0,24.0,1568.0,1608.0,True
401636933,2024,13,2024-11-24T01:00:00.000Z,2306,Kansas State,Big 12,2132,Cincinnati,Big 12,41.0,1731.0,1772.0,15.0,1506.0,1465.0,True
401636944,2024,14,2024-12-01T00:30:00.000Z,2306,Kansas State,Big 12,66,Iowa State,Big 12,21.0,1772.0,1758.0,29.0,1737.0,1751.0,False
401676236,2024,2,2024-09-07T17:00:00.000Z,2871,Kean,New Jersey,3110,SUNY Morrisville,Empire 8,0.0,,,7.0,,,False
401676237,2024,3,2024-09-14T17:00:00.000Z,2871,Kean,New Jersey,2667,Ursinus,Centennial,17.0,,,31.0,,,True
401674671,2024,4,2024-09-21T17:00:00.000Z,2871,Kean,New Jersey,2175,Dickinson (PA),Centennial,14.0,,,21.0,,,False
401676238,2024,6,2024-10-05T17:00:00.000Z,2871,Kean,New Jersey,2970,William Paterson,New Jersey,25.0,,,18.0,,,True
401676239,2024,7,2024-10-12T22:00:00.000Z,2871,Kean,New Jersey,2818,Montclair State,New Jersey,16.0,,,13.0,,,False
401676240,2024,8,2024-10-19T19:00:00.000Z,2871,Kean,New Jersey,2442,College Of New Jersey,New Jersey,7.0,,,48.0,,,False
401676232,2024,9,2024-10-26T17:00:00.000Z,2871,Kean,New Jersey,3112,Christopher Newport,New Jersey,21.0,,,32.0,,,True
401676241,2024,10,2024-11-02T17:00:00.000Z,2871,Kean,New Jersey,2234,Franklin & Marshall,Centennial,14.0,,,34.0,,,True
401676242,2024,11,2024-11-09T18:00:00.000Z,2871,Kean,New Jersey,2827,Rowan,New Jersey,14.0,,,42.0,,,False
401676243,2024,12,2024-11-16T18:00:00.000Z,2871,Kean,New Jersey,2532,Salisbury,New Jersey,28.0,,,58.0,,,True
401676789,2024,3,2024-09-14T23:00:00.000Z,127230,Keiser (Fl),,2444,Newberry,South Atlantic,21.0,,,16.0,,,False
401675491,2024,2,2024-09-05T23:00:00.000Z,126110,Keiser University,,2822,North Greenville,Gulf South,23.0,,,20.0,,,False
401641015,2024,1,2024-08-31T19:30:00.000Z,338,Kennesaw State,Conference USA,2636,UTSA,American Athletic,16.0,1500.0,1485.0,28.0,1598.0,1613.0,False
401641016,2024,2,2024-09-07T23:00:00.000Z,338,Kennesaw State,Conference USA,309,Louisiana,Sun Belt,10.0,1485.0,1423.0,34.0,1496.0,1558.0,True
401641017,2024,3,2024-09-14T23:00:00.000Z,338,Kennesaw State,Conference USA,23,San José State,Mountain West,10.0,1423.0,1388.0,31.0,1567.0,1602.0,False
401641018,2024,5,2024-09-28T22:00:00.000Z,338,Kennesaw State,Conference USA,2630,UT Martin,Big South-OVC,13.0,1384.0,1384.0,24.0,,,True
401641001,2024,6,2024-10-04T23:00:00.000Z,338,Kennesaw State,Conference USA,55,Jacksonville State,Conference USA,24.0,1388.0,1281.0,63.0,1453.0,1560.0,True
401641019,2024,8,2024-10-16T00:00:00.000Z,338,Kennesaw State,Conference USA,2393,Middle Tennessee,Conference USA,5.0,1281.0,1255.0,14.0,1116.0,1142.0,False
401640993,2024,9,2024-10-23T23:00:00.000Z,338,Kennesaw State,Conference USA,2335,Liberty,Conference USA,27.0,1255.0,1261.0,24.0,1581.0,1575.0,True
401641020,2024,10,2024-10-30T23:30:00.000Z,338,Kennesaw State,Conference USA,98,Western Kentucky,Conference USA,14.0,1261.0,1245.0,31.0,1496.0,1512.0,False
401641021,2024,11,2024-11-09T21:00:00.000Z,338,Kennesaw State,Conference USA,2638,UTEP,Conference USA,35.0,1245.0,1227.0,43.0,1147.0,1165.0,False
401641022,2024,12,2024-11-16T20:00:00.000Z,338,Kennesaw State,Conference USA,2534,Sam Houston,Conference USA,17.0,1227.0,1230.0,23.0,1416.0,1413.0,True
401640987,2024,13,2024-11-23T20:00:00.000Z,338,Kennesaw State,Conference USA,2229,Florida International,Conference USA,27.0,1230.0,1233.0,26.0,1300.0,1297.0,True
401641014,2024,14,2024-11-30T21:00:00.000Z,338,Kennesaw State,Conference USA,2348,Louisiana Tech,Conference USA,0.0,1233.0,1150.0,33.0,1294.0,1377.0,False
401634305,2024,1,2024-08-31T16:00:00.000Z,2309,Kent State,Mid-American,221,Pittsburgh,ACC,24.0,1158.0,1108.0,55.0,1436.0,1486.0,False
401644732,2024,2,2024-09-07T18:30:00.000Z,2309,Kent State,Mid-American,2598,St. Francis (PA),NEC,17.0,1096.0,1096.0,23.0,,,True
401628360,2024,3,2024-09-14T23:45:00.000Z,2309,Kent State,Mid-American,2633,Tennessee,SEC,0.0,1108.0,989.0,71.0,1845.0,1964.0,False
401628493,2024,4,2024-09-21T19:30:00.000Z,2309,Kent State,Mid-American,213,Penn State,Big Ten,0.0,989.0,932.0,56.0,1848.0,1905.0,False
401644739,2024,5,2024-09-28T19:30:00.000Z,2309,Kent State,Mid-American,2199,Eastern Michigan,Mid-American,33.0,932.0,922.0,52.0,1300.0,1310.0,True
401644743,2024,7,2024-10-12T16:00:00.000Z,2309,Kent State,Mid-American,2050,Ball State,Mid-American,35.0,922.0,928.0,37.0,1091.0,1085.0,True
401644748,2024,8,2024-10-19T19:30:00.000Z,2309,Kent State,Mid-American,189,Bowling Green,Mid-American,6.0,928.0,924.0,27.0,1406.0,1410.0,False
401644756,2024,9,2024-10-26T19:30:00.000Z,2309,Kent State,Mid-American,2711,Western Michigan,Mid-American,21.0,924.0,878.0,52.0,1242.0,1288.0,False
401644761,2024,11,2024-11-07T00:00:00.000Z,2309,Kent State,Mid-American,195,Ohio,Mid-American,0.0,878.0,831.0,41.0,1463.0,1510.0,True
401644689,2024,12,2024-11-14T00:00:00.000Z,2309,Kent State,Mid-American,193,Miami (OH),Mid-American,7.0,831.0,835.0,34.0,1548.0,1544.0,False
401644769,2024,13,2024-11-20T00:00:00.000Z,2309,Kent State,Mid-American,2006,Akron,Mid-American,17.0,835.0,805.0,38.0,1055.0,1085.0,True
401644776,2024,14,2024-11-27T00:00:00.000Z,2309,Kent State,Mid-American,2084,Buffalo,Mid-American,7.0,805.0,760.0,43.0,1259.0,1304.0,False
401628324,2024,1,2024-08-31T23:45:00.000Z,96,Kentucky,SEC,2572,Southern Miss,Sun Belt,31.0,1594.0,1640.0,0.0,1276.0,1230.0,True
401628340,2024,2,2024-09-07T19:30:00.000Z,96,Kentucky,SEC,2579,South Carolina,SEC,6.0,1640.0,1563.0,31.0,1560.0,1637.0,True
401628354,2024,3,2024-09-14T23:30:00.000Z,96,Kentucky,SEC,61,Georgia,SEC,12.0,1563.0,1583.0,13.0,2066.0,2046.0,True
401628364,2024,4,2024-09-21T16:45:00.000Z,96,Kentucky,SEC,195,Ohio,Mid-American,41.0,1583.0,1668.0,6.0,1486.0,1401.0,True
401628377,2024,5,2024-09-28T16:00:00.000Z,96,Kentucky,SEC,145,Ole Miss,SEC,20.0,1668.0,1686.0,17.0,1879.0,1861.0,False
401628387,2024,7,2024-10-12T23:45:00.000Z,96,Kentucky,SEC,238,Vanderbilt,SEC,13.0,1686.0,1645.0,20.0,1359.0,1400.0,True
401628393,2024,8,2024-10-19T23:45:00.000Z,96,Kentucky,SEC,57,Florida,SEC,20.0,1645.0,1559.0,48.0,1548.0,1634.0,False
401628401,2024,9,2024-10-26T23:45:00.000Z,96,Kentucky,SEC,2,Auburn,SEC,10.0,1559.0,1526.0,24.0,1552.0,1585.0,True
401628412,2024,10,2024-11-02T23:45:00.000Z,96,Kentucky,SEC,2633,Tennessee,SEC,18.0,1526.0,1537.0,28.0,1950.0,1939.0,False
401628422,2024,12,2024-11-16T18:30:00.000Z,96,Kentucky,SEC,93,Murray State,MVFC,48.0,1527.0,1527.0,6.0,,,True
401628436,2024,13,2024-11-23T20:30:00.000Z,96,Kentucky,SEC,251,Texas,SEC,14.0,1537.0,1545.0,31.0,2071.0,2063.0,False
401628440,2024,14,2024-11-30T17:00:00.000Z,96,Kentucky,SEC,97,Louisville,ACC,14.0,1545.0,1498.0,41.0,1767.0,1814.0,True
401673042,2024,2,2024-09-07T22:00:00.000Z,3077,Kentucky Christian,,2413,Morehead State,Pioneer,7.0,,,48.0,,,False
401675459,2024,3,2024-09-14T23:00:00.000Z,3077,Kentucky Christian,,2646,Thomas More College,Great Midwest Athletic,0.0,,,50.0,,,False
401676064,2024,12,2024-11-16T18:00:00.000Z,3077,Kentucky Christian,,2913,Brevard College,USA South,25.0,,,41.0,,,True
401675404,2024,1,2024-08-31T19:00:00.000Z,2310,Kentucky State,SIAC,2676,Virginia Union,CIAA,7.0,,,69.0,,,True
401634250,2024,2,2024-09-07T23:00:00.000Z,2310,Kentucky State,SIAC,2010,Alabama A&M,SWAC,7.0,,,49.0,,,False
401675600,2024,3,2024-09-14T17:00:00.000Z,2310,Kentucky State,SIAC,2232,Fort Valley State,SIAC,0.0,,,42.0,,,False
401675603,2024,4,2024-09-21T20:30:00.000Z,2310,Kentucky State,SIAC,60,Morehouse College,SIAC,28.0,,,31.0,,,True
401675563,2024,5,2024-09-28T18:00:00.000Z,2310,Kentucky State,SIAC,2013,Albany State GA,SIAC,21.0,,,49.0,,,False
401675604,2024,6,2024-10-05T18:00:00.000Z,2310,Kentucky State,SIAC,2323,Lane College,SIAC,24.0,,,20.0,,,True
401675582,2024,7,2024-10-12T17:00:00.000Z,2310,Kentucky State,SIAC,490,Benedict College,SIAC,23.0,,,21.0,,,True
401675605,2024,8,2024-10-19T18:00:00.000Z,2310,Kentucky State,SIAC,2657,Tuskegee,SIAC,24.0,,,38.0,,,False
401675576,2024,9,2024-10-26T17:00:00.000Z,2310,Kentucky State,SIAC,2019,Allen,SIAC,23.0,,,20.0,,,True
401675606,2024,11,2024-11-09T18:00:00.000Z,2310,Kentucky State,SIAC,2119,Central State (OH),SIAC,24.0,,,14.0,,,False
401674572,2024,2,2024-09-05T23:00:00.000Z,2316,Kentucky Wesleyan,Great Midwest Athletic,128,Northern Michigan,GLIAC,33.0,,,13.0,,,True
401674546,2024,3,2024-09-14T23:00:00.000Z,2316,Kentucky Wesleyan,Great Midwest Athletic,2911,William Jewell,Great Lakes,16.0,,,23.0,,,True
401675442,2024,4,2024-09-21T17:00:00.000Z,2316,Kentucky Wesleyan,Great Midwest Athletic,2682,Walsh,Great Midwest Athletic,10.0,,,54.0,,,False
401675443,2024,5,2024-09-28T17:00:00.000Z,2316,Kentucky Wesleyan,Great Midwest Athletic,2477,Ohio Dominican,Great Midwest Athletic,7.0,,,38.0,,,False
401675429,2024,6,2024-10-05T18:00:00.000Z,2316,Kentucky Wesleyan,Great Midwest Athletic,2224,Findlay,Great Midwest Athletic,9.0,,,49.0,,,True
401675444,2024,7,2024-10-12T21:00:00.000Z,2316,Kentucky Wesleyan,Great Midwest Athletic,437,Lake Erie,Great Midwest Athletic,23.0,,,29.0,,,True
401675445,2024,8,2024-10-19T17:00:00.000Z,2316,Kentucky Wesleyan,Great Midwest Athletic,2886,Northwood (MI),Great Midwest Athletic,27.0,,,20.0,,,False
401675438,2024,9,2024-10-26T17:00:00.000Z,2316,Kentucky Wesleyan,Great Midwest Athletic,2273,Hillsdale,Great Midwest Athletic,7.0,,,41.0,,,True
401675446,2024,10,2024-11-02T18:00:00.000Z,2316,Kentucky Wesleyan,Great Midwest Athletic,2838,Tiffin,Great Midwest Athletic,14.0,,,54.0,,,True
401675447,2024,11,2024-11-09T19:00:00.000Z,2316,Kentucky Wesleyan,Great Midwest Athletic,2646,Thomas More College,Great Midwest Athletic,12.0,,,47.0,,,False
401675426,2024,12,2024-11-16T18:00:00.000Z,2316,Kentucky Wesleyan,Great Midwest Athletic,308,Ashland,Great Midwest Athletic,30.0,,,44.0,,,False
401674763,2024,2,2024-09-07T17:00:00.000Z,352,Kenyon,North Coast,2074,Bluffton,Heartland,13.0,,,6.0,,,True
401674933,2024,3,2024-09-14T17:00:00.000Z,352,Kenyon,North Coast,126,Kalamazoo,Michigan,7.0,,,28.0,,,False
401676089,2024,4,2024-09-21T19:00:00.000Z,352,Kenyon,North Coast,2171,Denison University,North Coast,0.0,,,14.0,,,False
401675278,2024,5,2024-09-28T17:00:00.000Z,352,Kenyon,North Coast,2748,Wooster,North Coast,32.0,,,26.0,,,True
401676118,2024,6,2024-10-05T16:00:00.000Z,352,Kenyon,North Coast,391,Oberlin,North Coast,34.0,,,0.0,,,False
401676111,2024,7,2024-10-12T17:00:00.000Z,352,Kenyon,North Coast,2274,Hiram College,North Coast,27.0,,,7.0,,,False
401675289,2024,8,2024-10-19T17:00:00.000Z,352,Kenyon,North Coast,2746,Wittenberg,North Coast,7.0,,,27.0,,,True
401675298,2024,9,2024-10-26T17:00:00.000Z,352,Kenyon,North Coast,89,Wabash College,North Coast,0.0,,,38.0,,,False
401676103,2024,10,2024-11-02T17:00:00.000Z,352,Kenyon,North Coast,83,Depauw,North Coast,0.0,,,65.0,,,True
401676145,2024,11,2024-11-09T18:00:00.000Z,352,Kenyon,North Coast,2980,Ohio Wesleyan,North Coast,13.0,,,12.0,,,True
401676661,2024,2,2024-09-07T16:00:00.000Z,122774,Keystone,Landmark Conference,2969,Misericordia,Mid Atlantic,14.0,,,24.0,,,False
401676662,2024,3,2024-09-14T17:00:00.000Z,122774,Keystone,Landmark Conference,173,Hartwick,Empire 8,51.0,,,26.0,,,True
401676663,2024,4,2024-09-21T16:00:00.000Z,122774,Keystone,Landmark Conference,374,St John Fisher University,Empire 8,40.0,,,42.0,,,False
401674827,2024,5,2024-09-28T16:00:00.000Z,122774,Keystone,Landmark Conference,174,Hobart College,Liberty League,9.0,,,52.0,,,True
401673412,2024,6,2024-10-05T17:00:00.000Z,122774,Keystone,Landmark Conference,323,Moravian,Landmark Conference,14.0,,,55.0,,,True
401674818,2024,7,2024-10-12T17:00:00.000Z,122774,Keystone,Landmark Conference,216,Susquehanna,Landmark Conference,6.0,,,79.0,,,False
401674824,2024,8,2024-10-19T16:00:00.000Z,122774,Keystone,Landmark Conference,398,Wilkes,Landmark Conference,24.0,,,69.0,,,True
401674813,2024,9,2024-10-26T17:00:00.000Z,122774,Keystone,Landmark Conference,2354,Lycoming,Landmark Conference,28.0,,,31.0,,,False
401676660,2024,10,2024-11-02T16:00:00.000Z,122774,Keystone,Landmark Conference,2108,Catholic,Landmark Conference,24.0,,,42.0,,,False
401676664,2024,11,2024-11-09T17:00:00.000Z,122774,Keystone,Landmark Conference,246,Juniata College,Landmark Conference,38.0,,,43.0,,,True
401674820,2024,2,2024-09-07T22:00:00.000Z,247,Kings College (PA),Mid Atlantic,398,Wilkes,Landmark Conference,28.0,,,43.0,,,True
401677466,2024,3,2024-09-14T17:00:00.000Z,247,Kings College (PA),Mid Atlantic,2969,Misericordia,Mid Atlantic,41.0,,,14.0,,,True
401682276,2024,4,2024-09-21T17:00:00.000Z,247,Kings College (PA),Mid Atlantic,111674,Reading,Mid Atlantic,35.0,,,10.0,,,False
401687169,2024,5,2024-09-28T17:00:00.000Z,247,Kings College (PA),Mid Atlantic,2725,Widener,Mid Atlantic,28.0,,,25.0,,,True
401676655,2024,7,2024-10-12T16:00:00.000Z,247,Kings College (PA),Mid Atlantic,127954,Eastern University,Mid Atlantic,35.0,,,23.0,,,False
401673440,2024,8,2024-10-19T17:00:00.000Z,247,Kings College (PA),Mid Atlantic,388,Lebanon Valley,Mid Atlantic,28.0,,,13.0,,,True
401673433,2024,9,2024-10-26T16:00:00.000Z,247,Kings College (PA),Mid Atlantic,2221,FDU-Florham,Mid Atlantic,42.0,,,35.0,,,False
401673425,2024,10,2024-11-02T17:00:00.000Z,247,Kings College (PA),Mid Atlantic,2808,Delaware Valley,Mid Atlantic,14.0,,,6.0,,,True
401674869,2024,11,2024-11-09T17:00:00.000Z,247,Kings College (PA),Mid Atlantic,2015,Albright,Mid Atlantic,41.0,,,6.0,,,False
401674875,2024,12,2024-11-16T17:00:00.000Z,247,Kings College (PA),Mid Atlantic,471,Stevenson,Mid Atlantic,33.0,,,21.0,,,True
401734589,2024,13,2024-11-23T17:00:00.000Z,247,Kings College (PA),Mid Atlantic,2667,Ursinus,Centennial,32.0,,,29.0,,,True
401734923,2024,14,2024-11-30T17:00:00.000Z,247,Kings College (PA),Mid Atlantic,2532,Salisbury,New Jersey,13.0,,,33.0,,,False
401675006,2024,2,2024-09-07T18:00:00.000Z,255,Knox College,Midwest,101,Eureka College,NACC,7.0,,,6.0,,,True
401674992,2024,3,2024-09-14T23:00:00.000Z,255,Knox College,Midwest,266,Beloit,Midwest,17.0,,,13.0,,,False
401675007,2024,4,2024-09-21T18:00:00.000Z,255,Knox College,Midwest,80,Chicago,Midwest,13.0,,,27.0,,,True
401675008,2024,6,2024-10-05T19:00:00.000Z,255,Knox College,Midwest,262,Lake Forest College,Midwest,0.0,,,42.0,,,False
401675009,2024,7,2024-10-12T23:00:00.000Z,255,Knox College,Midwest,2891,Ripon,Midwest,17.0,,,24.0,,,False
401673450,2024,8,2024-10-19T18:00:00.000Z,255,Knox College,Midwest,2286,Illinois College,Midwest,34.0,,,77.0,,,True
401675003,2024,9,2024-10-26T18:00:00.000Z,255,Knox College,Midwest,65,Grinnell,Midwest,14.0,,,21.0,,,True
401675010,2024,10,2024-11-02T18:00:00.000Z,255,Knox College,Midwest,2155,Cornell College (IA),Midwest,14.0,,,44.0,,,False
401675011,2024,11,2024-11-09T19:00:00.000Z,255,Knox College,Midwest,268,Lawrence University,Midwest,35.0,,,34.0,,,False
401675012,2024,12,2024-11-16T18:00:00.000Z,255,Knox College,Midwest,2919,Monmouth (IL),Midwest,0.0,,,49.0,,,True
401676094,2024,2,2024-09-05T23:30:00.000Z,2315,Kutztown University,Pennsylvania State Athletic,2038,Assumption,Northeast 10,24.0,,,6.0,,,True
401674373,2024,3,2024-09-14T16:00:00.000Z,2315,Kutztown University,Pennsylvania State Athletic,2205,Edinboro University,Pennsylvania State Athletic,26.0,,,0.0,,,True
401674381,2024,4,2024-09-21T16:00:00.000Z,2315,Kutztown University,Pennsylvania State Athletic,367,Gannon,Pennsylvania State Athletic,37.0,,,14.0,,,False
401674366,2024,5,2024-09-28T22:05:00.000Z,2315,Kutztown University,Pennsylvania State Athletic,2188,East Stroudsburg University,Pennsylvania State Athletic,27.0,,,21.0,,,False
401674342,2024,6,2024-10-05T16:00:00.000Z,2315,Kutztown University,Pennsylvania State Athletic,2071,Bloomsburg,Pennsylvania State Athletic,42.0,,,10.0,,,True
401676095,2024,7,2024-10-12T16:00:00.000Z,2315,Kutztown University,Pennsylvania State Athletic,209,Lock Haven University,Pennsylvania State Athletic,24.0,,,0.0,,,True
401676096,2024,8,2024-10-19T17:00:00.000Z,2315,Kutztown University,Pennsylvania State Athletic,2559,Shippensburg,Pennsylvania State Athletic,31.0,,,2.0,,,False
401676097,2024,9,2024-10-26T18:00:00.000Z,2315,Kutztown University,Pennsylvania State Athletic,2974,Shepherd,Pennsylvania State Athletic,24.0,,,0.0,,,True
401676098,2024,10,2024-11-02T16:00:00.000Z,2315,Kutztown University,Pennsylvania State Athletic,210,Millersville,Pennsylvania State Athletic,49.0,,,17.0,,,False
401676099,2024,11,2024-11-09T17:00:00.000Z,2315,Kutztown University,Pennsylvania State Athletic,223,West Chester,Pennsylvania State Athletic,31.0,,,13.0,,,True
401674357,2024,12,2024-11-16T17:00:00.000Z,2315,Kutztown University,Pennsylvania State Athletic,2858,PennWest California,Pennsylvania State Athletic,21.0,,,14.0,,,False
401734989,2024,14,2024-11-30T17:00:00.000Z,2315,Kutztown University,Pennsylvania State Athletic,215,Slippery Rock,Pennsylvania State Athletic,24.0,,,25.0,,,True
401628334,2024,1,2024-09-01T23:30:00.000Z,99,LSU,SEC,30,USC,Big Ten,20.0,1823.0,1803.0,27.0,1648.0,1668.0,True
401677104,2024,1,2024-12-31T20:30:00.000Z,99,LSU,SEC,239,Baylor,Big 12,44.0,1806.0,1827.0,31.0,1677.0,1656.0,True
401628341,2024,2,2024-09-07T23:30:00.000Z,99,LSU,SEC,2447,Nicholls,Southland,44.0,1805.0,1805.0,21.0,,,True
401628359,2024,3,2024-09-14T16:00:00.000Z,99,LSU,SEC,2579,South Carolina,SEC,36.0,1803.0,1798.0,33.0,1637.0,1642.0,False
401628365,2024,4,2024-09-21T19:30:00.000Z,99,LSU,SEC,26,UCLA,Big Ten,34.0,1798.0,1805.0,17.0,1456.0,1449.0,True
401628376,2024,5,2024-09-28T23:45:00.000Z,99,LSU,SEC,6,South Alabama,Sun Belt,42.0,1805.0,1874.0,10.0,1657.0,1588.0,True
401628388,2024,7,2024-10-12T23:30:00.000Z,99,LSU,SEC,145,Ole Miss,SEC,29.0,1874.0,1875.0,26.0,1906.0,1905.0,True
401628392,2024,8,2024-10-19T23:00:00.000Z,99,LSU,SEC,8,Arkansas,SEC,34.0,1875.0,1898.0,10.0,1513.0,1490.0,False
401628404,2024,9,2024-10-26T23:30:00.000Z,99,LSU,SEC,245,Texas A&M,SEC,23.0,1898.0,1855.0,38.0,1771.0,1814.0,False
401628413,2024,11,2024-11-10T00:30:00.000Z,99,LSU,SEC,333,Alabama,SEC,13.0,1855.0,1800.0,42.0,2058.0,2113.0,True
401628420,2024,12,2024-11-16T20:30:00.000Z,99,LSU,SEC,57,Florida,SEC,16.0,1800.0,1764.0,27.0,1598.0,1634.0,False
401628431,2024,13,2024-11-24T00:45:00.000Z,99,LSU,SEC,238,Vanderbilt,SEC,24.0,1764.0,1757.0,17.0,1446.0,1453.0,True
401628441,2024,14,2024-12-01T00:00:00.000Z,99,LSU,SEC,201,Oklahoma,SEC,37.0,1757.0,1806.0,17.0,1780.0,1731.0,True
401674998,2024,2,2024-09-07T18:00:00.000Z,101161,LYONCOLL,Southern Collegiate Athletic,65,Grinnell,Midwest,48.0,,,28.0,,,False
401674657,2024,3,2024-09-14T23:00:00.000Z,101161,LYONCOLL,Southern Collegiate Athletic,241,McMurry,Southern Collegiate Athletic,6.0,,,48.0,,,False
401674647,2024,4,2024-09-21T23:00:00.000Z,101161,LYONCOLL,Southern Collegiate Athletic,2758,Howard Payne,American Southwest,14.0,,,41.0,,,True
401674665,2024,5,2024-09-28T19:00:00.000Z,101161,LYONCOLL,Southern Collegiate Athletic,2639,Texas Lutheran,Southern Collegiate Athletic,0.0,,,49.0,,,True
401676202,2024,6,2024-10-05T23:00:00.000Z,101161,LYONCOLL,Southern Collegiate Athletic,101442,CENTENARY,Southern Collegiate Athletic,14.0,,,35.0,,,False
401674631,2024,7,2024-10-12T19:00:00.000Z,101161,LYONCOLL,Southern Collegiate Athletic,2045,Austin,Southern Collegiate Athletic,17.0,,,35.0,,,True
401676203,2024,8,2024-10-19T19:00:00.000Z,101161,LYONCOLL,Southern Collegiate Athletic,101442,CENTENARY,Southern Collegiate Athletic,21.0,,,28.0,,,True
401674666,2024,10,2024-11-02T18:00:00.000Z,101161,LYONCOLL,Southern Collegiate Athletic,2639,Texas Lutheran,Southern Collegiate Athletic,10.0,,,45.0,,,False
401674661,2024,11,2024-11-09T20:00:00.000Z,101161,LYONCOLL,Southern Collegiate Athletic,241,McMurry,Southern Collegiate Athletic,0.0,,,28.0,,,True
401674635,2024,12,2024-11-16T19:00:00.000Z,101161,LYONCOLL,Southern Collegiate Athletic,2045,Austin,Southern Collegiate Athletic,21.0,,,31.0,,,False
401676327,2024,2,2024-09-07T19:00:00.000Z,2318,La Verne,So. Cal.,2930,Willamette,Northwest,24.0,,,27.0,,,False
401677682,2024,4,2024-09-22T02:00:00.000Z,2318,La Verne,So. Cal.,2508,Puget Sound,Northwest,41.0,,,49.0,,,True
401677683,2024,5,2024-09-28T20:00:00.000Z,2318,La Verne,So. Cal.,2923,Pomona Pitzer,So. Cal.,20.0,,,27.0,,,True
401675927,2024,6,2024-10-06T02:00:00.000Z,2318,La Verne,So. Cal.,29,Redlands,So. Cal.,17.0,,,38.0,,,False
401676179,2024,7,2024-10-13T00:00:00.000Z,2318,La Verne,So. Cal.,2094,California Lutheran University,So. Cal.,17.0,,,31.0,,,True
401675935,2024,8,2024-10-19T20:00:00.000Z,2318,La Verne,So. Cal.,17,Claremont-Mudd-Scripps College,So. Cal.,14.0,,,57.0,,,False
401677684,2024,9,2024-10-27T02:00:00.000Z,2318,La Verne,So. Cal.,2923,Pomona Pitzer,So. Cal.,14.0,,,51.0,,,False
401675930,2024,10,2024-11-02T20:00:00.000Z,2318,La Verne,So. Cal.,29,Redlands,So. Cal.,21.0,,,31.0,,,True
401676201,2024,11,2024-11-09T21:00:00.000Z,2318,La Verne,So. Cal.,411,Chapman,So. Cal.,21.0,,,42.0,,,True
401734017,2024,12,2024-11-16T21:00:00.000Z,2318,La Verne,So. Cal.,2094,California Lutheran University,So. Cal.,14.0,,,38.0,,,False
401644727,2024,1,2024-08-29T23:00:00.000Z,322,Lafayette,Patriot,2084,Buffalo,Mid-American,13.0,,,30.0,1357.0,1357.0,False
401628596,2024,2,2024-09-07T16:00:00.000Z,322,Lafayette,Patriot,2405,Monmouth,CAA,40.0,,,35.0,,,False
401654624,2024,3,2024-09-14T16:30:00.000Z,322,Lafayette,Patriot,2368,Marist,Pioneer,56.0,,,14.0,,,True
401654487,2024,4,2024-09-21T16:00:00.000Z,322,Lafayette,Patriot,171,Columbia,Ivy,20.0,,,31.0,,,False
401654625,2024,6,2024-10-05T17:00:00.000Z,322,Lafayette,Patriot,2230,Fordham,Patriot,28.0,,,23.0,,,False
401654626,2024,7,2024-10-12T16:30:00.000Z,322,Lafayette,Patriot,46,Georgetown,Patriot,0.0,,,17.0,,,True
401654627,2024,8,2024-10-19T16:30:00.000Z,322,Lafayette,Patriot,2529,Sacred Heart,FCS Independents,31.0,,,17.0,,,True
401654628,2024,9,2024-10-26T17:30:00.000Z,322,Lafayette,Patriot,107,Holy Cross,Patriot,28.0,,,34.0,,,True
401654629,2024,10,2024-11-02T17:00:00.000Z,322,Lafayette,Patriot,2083,Bucknell,Patriot,14.0,,,21.0,,,False
401654630,2024,11,2024-11-09T18:00:00.000Z,322,Lafayette,Patriot,2142,Colgate,Patriot,21.0,,,20.0,,,False
401654631,2024,12,2024-11-16T17:30:00.000Z,322,Lafayette,Patriot,284,Stonehill,NEC,42.0,,,10.0,,,True
401654623,2024,13,2024-11-23T17:00:00.000Z,322,Lafayette,Patriot,2329,Lehigh,Patriot,14.0,,,38.0,,,False
401676043,2024,2,2024-09-07T00:00:00.000Z,548,Lagrange College,USA South,2194,East Texas Baptist University,American Southwest,12.0,,,57.0,,,False
401675772,2024,3,2024-09-14T22:00:00.000Z,548,Lagrange College,USA South,129469,Anderson (Sc),South Atlantic,14.0,,,44.0,,,False
401676018,2024,5,2024-09-28T17:00:00.000Z,548,Lagrange College,USA South,291,Methodist,USA South,40.0,,,24.0,,,True
401676026,2024,6,2024-10-05T17:00:00.000Z,548,Lagrange College,USA South,2373,Maryville College (TN),USA South,13.0,,,38.0,,,True
401676011,2024,7,2024-10-12T16:00:00.000Z,548,Lagrange College,USA South,286,North Carolina Wesleyan,USA South,31.0,,,9.0,,,False
401676044,2024,8,2024-10-19T19:30:00.000Z,548,Lagrange College,USA South,2913,Brevard College,USA South,26.0,,,21.0,,,False
401676045,2024,9,2024-10-26T17:00:00.000Z,548,Lagrange College,USA South,2256,Greensboro College,USA South,52.0,,,16.0,,,True
401676046,2024,10,2024-11-02T18:00:00.000Z,548,Lagrange College,USA South,2938,Huntingdon College (AL),USA South,24.0,,,21.0,,,False
401676047,2024,11,2024-11-09T18:00:00.000Z,548,Lagrange College,USA South,2056,Belhaven,USA South,9.0,,,36.0,,,False
401676005,2024,12,2024-11-16T18:00:00.000Z,548,Lagrange College,USA South,2896,Southern Virginia,USA South,50.0,,,24.0,,,True
401674549,2024,2,2024-09-07T22:00:00.000Z,437,Lake Erie,Great Midwest Athletic,2222,Ferris State,GLIAC,3.0,,,56.0,,,False
401675448,2024,3,2024-09-14T18:30:00.000Z,437,Lake Erie,Great Midwest Athletic,126086,Post University,Northeast 10,28.0,,,27.0,,,True
401675427,2024,4,2024-09-21T16:00:00.000Z,437,Lake Erie,Great Midwest Athletic,2224,Findlay,Great Midwest Athletic,6.0,,,42.0,,,False
401675449,2024,5,2024-09-28T22:00:00.000Z,437,Lake Erie,Great Midwest Athletic,2886,Northwood (MI),Great Midwest Athletic,20.0,,,55.0,,,True
401675450,2024,6,2024-10-05T16:00:00.000Z,437,Lake Erie,Great Midwest Athletic,2682,Walsh,Great Midwest Athletic,34.0,,,63.0,,,False
401675444,2024,7,2024-10-12T21:00:00.000Z,437,Lake Erie,Great Midwest Athletic,2316,Kentucky Wesleyan,Great Midwest Athletic,29.0,,,23.0,,,False
401675437,2024,8,2024-10-19T18:30:00.000Z,437,Lake Erie,Great Midwest Athletic,2273,Hillsdale,Great Midwest Athletic,10.0,,,28.0,,,True
401675451,2024,9,2024-10-26T16:00:00.000Z,437,Lake Erie,Great Midwest Athletic,2838,Tiffin,Great Midwest Athletic,10.0,,,63.0,,,False
401675424,2024,10,2024-11-02T17:00:00.000Z,437,Lake Erie,Great Midwest Athletic,308,Ashland,Great Midwest Athletic,14.0,,,41.0,,,True
401675452,2024,11,2024-11-09T18:00:00.000Z,437,Lake Erie,Great Midwest Athletic,2477,Ohio Dominican,Great Midwest Athletic,21.0,,,38.0,,,True
401675453,2024,12,2024-11-16T18:00:00.000Z,437,Lake Erie,Great Midwest Athletic,2646,Thomas More College,Great Midwest Athletic,25.0,,,28.0,,,True
401675013,2024,2,2024-09-07T18:00:00.000Z,262,Lake Forest College,Midwest,2741,Wisconsin-Lutheran,NACC,21.0,,,7.0,,,True
401673446,2024,3,2024-09-14T18:00:00.000Z,262,Lake Forest College,Midwest,2286,Illinois College,Midwest,42.0,,,35.0,,,True
401675014,2024,4,2024-09-21T18:00:00.000Z,262,Lake Forest College,Midwest,2155,Cornell College (IA),Midwest,28.0,,,19.0,,,False
401675008,2024,6,2024-10-05T19:00:00.000Z,262,Lake Forest College,Midwest,255,Knox College,Midwest,42.0,,,0.0,,,True
401675015,2024,7,2024-10-12T17:00:00.000Z,262,Lake Forest College,Midwest,268,Lawrence University,Midwest,54.0,,,7.0,,,False
401675002,2024,8,2024-10-19T18:00:00.000Z,262,Lake Forest College,Midwest,65,Grinnell,Midwest,42.0,,,22.0,,,False
401675016,2024,9,2024-10-26T18:00:00.000Z,262,Lake Forest College,Midwest,2891,Ripon,Midwest,66.0,,,0.0,,,True
401674996,2024,10,2024-11-02T18:00:00.000Z,262,Lake Forest College,Midwest,266,Beloit,Midwest,62.0,,,17.0,,,False
401675017,2024,11,2024-11-09T18:00:00.000Z,262,Lake Forest College,Midwest,2919,Monmouth (IL),Midwest,35.0,,,28.0,,,True
401675018,2024,12,2024-11-16T19:00:00.000Z,262,Lake Forest College,Midwest,80,Chicago,Midwest,28.0,,,9.0,,,False
401734926,2024,14,2024-11-30T18:00:00.000Z,262,Lake Forest College,Midwest,2802,Bethel (MN),Minnesota,21.0,,,48.0,,,True
401675976,2024,2,2024-09-07T18:00:00.000Z,6353,Lakeland,NACC,272,Wisconsin-Platteville,Wisconsin,0.0,,,65.0,,,False
401676037,2024,4,2024-09-21T18:00:00.000Z,6353,Lakeland,NACC,2151,Concordia University Chicago,NACC,66.0,,,61.0,,,False
401676068,2024,5,2024-09-28T23:00:00.000Z,6353,Lakeland,NACC,2741,Wisconsin-Lutheran,NACC,31.0,,,33.0,,,True
401676032,2024,6,2024-10-05T18:00:00.000Z,6353,Lakeland,NACC,2283,Benedictine University,NACC,42.0,,,21.0,,,True
401682361,2024,7,2024-10-11T23:00:00.000Z,6353,Lakeland,NACC,101,Eureka College,NACC,49.0,,,8.0,,,False
401675993,2024,9,2024-10-26T18:00:00.000Z,6353,Lakeland,NACC,2044,Aurora,NACC,14.0,,,49.0,,,True
401676060,2024,10,2024-11-02T18:00:00.000Z,6353,Lakeland,NACC,409,Concordia-Wisconsin,NACC,34.0,,,37.0,,,False
401676070,2024,11,2024-11-09T18:00:00.000Z,6353,Lakeland,NACC,2832,St. Norbert,NACC,13.0,,,55.0,,,False
401675035,2024,12,2024-11-16T19:00:00.000Z,6353,Lakeland,NACC,2524,Rockford,NACC,35.0,,,28.0,,,True
401643776,2024,1,2024-09-01T00:00:00.000Z,2320,Lamar,Southland,326,Texas State,Sun Belt,27.0,,,34.0,1399.0,1399.0,False
401654585,2024,2,2024-09-07T23:00:00.000Z,2320,Lamar,Southland,2400,Mississippi Valley State,SWAC,28.0,,,14.0,,,True
401655616,2024,3,2024-09-14T23:00:00.000Z,2320,Lamar,Southland,2692,Weber State,Big Sky,17.0,,,16.0,,,True
401654566,2024,4,2024-09-21T23:00:00.000Z,2320,Lamar,Southland,2640,Texas Southern,SWAC,20.0,,,17.0,,,True
401632107,2024,5,2024-09-28T23:00:00.000Z,2320,Lamar,Southland,2110,Central Arkansas,UAC,14.0,,,34.0,,,False
401675118,2024,7,2024-10-12T20:00:00.000Z,2320,Lamar,Southland,2617,Stephen F. Austin,Southland,20.0,,,27.0,,,True
401634033,2024,8,2024-10-19T20:30:00.000Z,2320,Lamar,Southland,2837,East Texas A&M,Southland,29.0,,,20.0,,,False
401634017,2024,9,2024-10-26T19:00:00.000Z,2320,Lamar,Southland,2466,Northwestern State,Southland,42.0,,,10.0,,,False
401634025,2024,10,2024-11-02T20:00:00.000Z,2320,Lamar,Southland,2545,SE Louisiana,Southland,27.0,,,30.0,,,True
401634028,2024,11,2024-11-09T20:00:00.000Z,2320,Lamar,Southland,2916,Incarnate Word,Southland,20.0,,,41.0,,,False
401634037,2024,12,2024-11-16T21:00:00.000Z,2320,Lamar,Southland,2447,Nicholls,Southland,24.0,,,7.0,,,True
401634042,2024,13,2024-11-24T01:00:00.000Z,2320,Lamar,Southland,2377,McNeese,Southland,26.0,,,24.0,,,False
401636388,2024,2,2024-09-07T23:00:00.000Z,2323,Lane College,SIAC,2296,Jackson State,SWAC,7.0,,,58.0,,,False
401675579,2024,3,2024-09-14T22:00:00.000Z,2323,Lane College,SIAC,490,Benedict College,SIAC,32.0,,,27.0,,,False
401675607,2024,4,2024-09-21T21:00:00.000Z,2323,Lane College,SIAC,2396,Miles College,SIAC,32.0,,,42.0,,,False
401675588,2024,5,2024-09-28T19:00:00.000Z,2323,Lane College,SIAC,2805,Clark Atlanta,SIAC,28.0,,,38.0,,,True
401675604,2024,6,2024-10-05T18:00:00.000Z,2323,Lane College,SIAC,2310,Kentucky State,SIAC,20.0,,,24.0,,,False
401675608,2024,7,2024-10-12T19:00:00.000Z,2323,Lane College,SIAC,2657,Tuskegee,SIAC,17.0,,,27.0,,,True
401675609,2024,8,2024-10-19T19:00:00.000Z,2323,Lane College,SIAC,2119,Central State (OH),SIAC,27.0,,,24.0,,,True
401675610,2024,9,2024-10-26T19:00:00.000Z,2323,Lane College,SIAC,2542,Savannah St,SIAC,28.0,,,27.0,,,False
401675599,2024,10,2024-11-02T19:00:00.000Z,2323,Lane College,SIAC,2206,Edward Waters,SIAC,23.0,,,37.0,,,True
401674517,2024,11,2024-11-09T18:00:00.000Z,2323,Lane College,SIAC,2876,Lincoln (MO),Great Lakes,41.0,,,28.0,,,False
401674140,2024,2,2024-09-08T00:00:00.000Z,2324,Langston University,,2122,Central Oklahoma,Mid America,0.0,,,72.0,,,False
401658348,2024,1,2024-08-31T19:00:00.000Z,111610,Laurinburg,,101784,ERSKINE,Gulf South,0.0,,,52.0,,,False
401675771,2024,2,2024-09-07T04:00:00.000Z,111610,Laurinburg,,129469,Anderson (Sc),South Atlantic,14.0,,,51.0,,,False
401675019,2024,2,2024-09-07T18:00:00.000Z,268,Lawrence University,Midwest,446,Martin Luther,Upper Midwest,7.0,,,35.0,,,False
401675020,2024,3,2024-09-14T18:00:00.000Z,268,Lawrence University,Midwest,2155,Cornell College (IA),Midwest,21.0,,,31.0,,,True
401675021,2024,4,2024-09-21T18:00:00.000Z,268,Lawrence University,Midwest,2919,Monmouth (IL),Midwest,6.0,,,52.0,,,False
401675000,2024,6,2024-10-05T17:00:00.000Z,268,Lawrence University,Midwest,65,Grinnell,Midwest,14.0,,,17.0,,,True
401675015,2024,7,2024-10-12T17:00:00.000Z,268,Lawrence University,Midwest,262,Lake Forest College,Midwest,7.0,,,54.0,,,True
401674995,2024,8,2024-10-19T18:00:00.000Z,268,Lawrence University,Midwest,266,Beloit,Midwest,24.0,,,10.0,,,False
401673451,2024,9,2024-10-26T17:00:00.000Z,268,Lawrence University,Midwest,2286,Illinois College,Midwest,0.0,,,84.0,,,False
401675022,2024,10,2024-11-02T22:00:00.000Z,268,Lawrence University,Midwest,80,Chicago,Midwest,14.0,,,64.0,,,True
401675011,2024,11,2024-11-09T19:00:00.000Z,268,Lawrence University,Midwest,255,Knox College,Midwest,34.0,,,35.0,,,True
401675023,2024,12,2024-11-16T18:00:00.000Z,268,Lawrence University,Midwest,2891,Ripon,Midwest,0.0,,,41.0,,,False
401673437,2024,2,2024-09-06T23:00:00.000Z,388,Lebanon Valley,Mid Atlantic,2234,Franklin & Marshall,Centennial,10.0,,,30.0,,,False
401673438,2024,3,2024-09-14T17:00:00.000Z,388,Lebanon Valley,Mid Atlantic,471,Stevenson,Mid Atlantic,37.0,,,7.0,,,True
401673439,2024,4,2024-09-21T16:00:00.000Z,388,Lebanon Valley,Mid Atlantic,127954,Eastern University,Mid Atlantic,40.0,,,24.0,,,False
401673431,2024,5,2024-09-28T16:00:00.000Z,388,Lebanon Valley,Mid Atlantic,2221,FDU-Florham,Mid Atlantic,26.0,,,48.0,,,False
401673422,2024,7,2024-10-12T17:00:00.000Z,388,Lebanon Valley,Mid Atlantic,2808,Delaware Valley,Mid Atlantic,16.0,,,21.0,,,True
401673440,2024,8,2024-10-19T17:00:00.000Z,388,Lebanon Valley,Mid Atlantic,247,Kings College (PA),Mid Atlantic,13.0,,,28.0,,,False
401673441,2024,9,2024-10-26T17:00:00.000Z,388,Lebanon Valley,Mid Atlantic,2969,Misericordia,Mid Atlantic,20.0,,,9.0,,,False
401673442,2024,10,2024-11-02T17:00:00.000Z,388,Lebanon Valley,Mid Atlantic,2725,Widener,Mid Atlantic,21.0,,,24.0,,,True
401673443,2024,11,2024-11-09T18:00:00.000Z,388,Lebanon Valley,Mid Atlantic,111674,Reading,Mid Atlantic,23.0,,,10.0,,,False
401673444,2024,12,2024-11-16T18:00:00.000Z,388,Lebanon Valley,Mid Atlantic,2015,Albright,Mid Atlantic,27.0,,,3.0,,,True
401645319,2024,1,2024-08-30T22:00:00.000Z,2329,Lehigh,Patriot,349,Army,American Athletic,7.0,,,42.0,1425.0,1425.0,False
401654616,2024,2,2024-09-07T16:00:00.000Z,2329,Lehigh,Patriot,2681,Wagner,NEC,49.0,,,13.0,,,True
401654595,2024,3,2024-09-14T16:00:00.000Z,2329,Lehigh,Patriot,2341,Long Island University,NEC,20.0,,,17.0,,,False
401654463,2024,4,2024-09-21T16:00:00.000Z,2329,Lehigh,Patriot,163,Princeton,Ivy,35.0,,,20.0,,,True
401654617,2024,5,2024-09-28T16:00:00.000Z,2329,Lehigh,Patriot,2083,Bucknell,Patriot,35.0,,,38.0,,,True
401654618,2024,8,2024-10-19T16:00:00.000Z,2329,Lehigh,Patriot,43,Yale,Ivy,23.0,,,38.0,,,False
401654619,2024,9,2024-10-26T16:00:00.000Z,2329,Lehigh,Patriot,2230,Fordham,Patriot,33.0,,,19.0,,,True
401654620,2024,10,2024-11-02T16:30:00.000Z,2329,Lehigh,Patriot,46,Georgetown,Patriot,43.0,,,6.0,,,False
401654621,2024,11,2024-11-09T17:00:00.000Z,2329,Lehigh,Patriot,107,Holy Cross,Patriot,10.0,,,7.0,,,False
401654622,2024,12,2024-11-16T17:00:00.000Z,2329,Lehigh,Patriot,2142,Colgate,Patriot,45.0,,,17.0,,,True
401654623,2024,13,2024-11-23T17:00:00.000Z,2329,Lehigh,Patriot,322,Lafayette,Patriot,38.0,,,14.0,,,True
401729730,2024,14,2024-11-30T19:00:00.000Z,2329,Lehigh,Patriot,257,Richmond,CAA,20.0,,,16.0,,,False
401729759,2024,15,2024-12-08T02:00:00.000Z,2329,Lehigh,Patriot,70,Idaho,Big Sky,13.0,,,34.0,,,False
401675376,2024,2,2024-09-07T17:00:00.000Z,2331,Lenoir-Rhyne,South Atlantic,2075,Bowie State,CIAA,32.0,,,19.0,,,True
401675463,2024,3,2024-09-14T17:00:00.000Z,2331,Lenoir-Rhyne,South Atlantic,2838,Tiffin,Great Midwest Athletic,38.0,,,17.0,,,True
401676777,2024,4,2024-09-21T17:00:00.000Z,2331,Lenoir-Rhyne,South Atlantic,2369,Mars Hill,South Atlantic,29.0,,,21.0,,,False
401676778,2024,5,2024-09-29T19:00:00.000Z,2331,Lenoir-Rhyne,South Atlantic,2839,Greeneville,South Atlantic,37.0,,,23.0,,,True
401673385,2024,6,2024-10-05T17:00:00.000Z,2331,Lenoir-Rhyne,South Atlantic,2213,Emory & Henry College,South Atlantic,20.0,,,31.0,,,False
401676779,2024,7,2024-10-12T17:00:00.000Z,2331,Lenoir-Rhyne,South Atlantic,2444,Newberry,South Atlantic,24.0,,,3.0,,,True
401675758,2024,8,2024-10-19T18:00:00.000Z,2331,Lenoir-Rhyne,South Atlantic,122666,Wilson,South Atlantic,20.0,,,0.0,,,False
401676780,2024,9,2024-10-26T17:00:00.000Z,2331,Lenoir-Rhyne,South Atlantic,2336,Limestone,South Atlantic,21.0,,,19.0,,,True
401676781,2024,10,2024-11-02T17:00:00.000Z,2331,Lenoir-Rhyne,South Atlantic,351,Wingate,South Atlantic,10.0,,,14.0,,,True
401675769,2024,11,2024-11-09T23:00:00.000Z,2331,Lenoir-Rhyne,South Atlantic,2107,Catawba,South Atlantic,33.0,,,14.0,,,False
401675797,2024,12,2024-11-16T18:00:00.000Z,2331,Lenoir-Rhyne,South Atlantic,129469,Anderson (Sc),South Atlantic,27.0,,,24.0,,,True
401734582,2024,13,2024-11-23T19:00:00.000Z,2331,Lenoir-Rhyne,South Atlantic,2695,West Alabama,Gulf South,37.0,,,34.0,,,False
401734996,2024,14,2024-11-30T18:00:00.000Z,2331,Lenoir-Rhyne,South Atlantic,2676,Virginia Union,CIAA,12.0,,,44.0,,,False
401682375,2024,2,2024-09-07T20:00:00.000Z,2333,Lewis & Clark College,Northwest,2508,Puget Sound,Northwest,59.0,,,21.0,,,True
401677678,2024,3,2024-09-14T23:00:00.000Z,2333,Lewis & Clark College,Northwest,205,Pacific (OR),Northwest,24.0,,,34.0,,,False
401682376,2024,4,2024-09-21T20:00:00.000Z,2333,Lewis & Clark College,Northwest,2701,Montana-Western,,39.0,,,56.0,,,True
401676280,2024,6,2024-10-05T20:00:00.000Z,2333,Lewis & Clark College,Northwest,415,NEWBERG,Northwest,24.0,,,21.0,,,True
401676288,2024,7,2024-10-12T20:00:00.000Z,2333,Lewis & Clark College,Northwest,203,Linfield College,Northwest,14.0,,,47.0,,,False
401677681,2024,8,2024-10-19T20:00:00.000Z,2333,Lewis & Clark College,Northwest,205,Pacific (OR),Northwest,51.0,,,37.0,,,True
401676319,2024,9,2024-10-26T20:00:00.000Z,2333,Lewis & Clark College,Northwest,2486,Pacific Lutheran,Northwest,28.0,,,31.0,,,True
401676325,2024,10,2024-11-02T20:00:00.000Z,2333,Lewis & Clark College,Northwest,2721,Whitworth,Northwest,9.0,,,48.0,,,False
401682377,2024,11,2024-11-09T21:00:00.000Z,2333,Lewis & Clark College,Northwest,2508,Puget Sound,Northwest,55.0,,,28.0,,,False
401676330,2024,12,2024-11-16T22:30:00.000Z,2333,Lewis & Clark College,Northwest,2930,Willamette,Northwest,35.0,,,7.0,,,True
401628586,2024,1,2024-08-31T22:00:00.000Z,2335,Liberty,Conference USA,2097,Campbell,CAA,41.0,1572.0,1572.0,24.0,,,True
401677108,2024,1,2025-01-04T16:00:00.000Z,2335,Liberty,Conference USA,2084,Buffalo,Mid-American,7.0,1573.0,1503.0,26.0,1304.0,1374.0,True
401640989,2024,2,2024-09-08T02:15:00.000Z,2335,Liberty,Conference USA,166,New Mexico State,Conference USA,30.0,1572.0,1573.0,24.0,1432.0,1431.0,False
401640990,2024,3,2024-09-14T22:00:00.000Z,2335,Liberty,Conference USA,2638,UTEP,Conference USA,28.0,1573.0,1582.0,10.0,1232.0,1223.0,True
401640991,2024,4,2024-09-21T22:00:00.000Z,2335,Liberty,Conference USA,151,East Carolina,American Athletic,35.0,1582.0,1589.0,24.0,1414.0,1407.0,True
401640992,2024,5,2024-09-28T19:30:00.000Z,2335,Liberty,Conference USA,2026,App State,Sun Belt,,1589.0,,,1366.0,,False
401640982,2024,7,2024-10-08T23:00:00.000Z,2335,Liberty,Conference USA,2229,Florida International,Conference USA,31.0,1589.0,1581.0,24.0,1257.0,1265.0,True
401640993,2024,9,2024-10-23T23:00:00.000Z,2335,Liberty,Conference USA,338,Kennesaw State,Conference USA,24.0,1581.0,1575.0,27.0,1255.0,1261.0,False
401640994,2024,10,2024-10-30T23:00:00.000Z,2335,Liberty,Conference USA,55,Jacksonville State,Conference USA,21.0,1575.0,1560.0,31.0,1642.0,1657.0,True
401640995,2024,11,2024-11-09T18:00:00.000Z,2335,Liberty,Conference USA,2393,Middle Tennessee,Conference USA,37.0,1560.0,1568.0,17.0,1152.0,1144.0,False
401629046,2024,12,2024-11-16T17:00:00.000Z,2335,Liberty,Conference USA,113,Massachusetts,FBS Independents,35.0,1568.0,1545.0,34.0,994.0,1017.0,False
401640996,2024,13,2024-11-23T18:00:00.000Z,2335,Liberty,Conference USA,98,Western Kentucky,Conference USA,38.0,1545.0,1576.0,21.0,1482.0,1451.0,True
401640997,2024,14,2024-11-29T20:30:00.000Z,2335,Liberty,Conference USA,2534,Sam Houston,Conference USA,18.0,1576.0,1573.0,20.0,1412.0,1415.0,False
401674296,2024,2,2024-09-05T23:00:00.000Z,2336,Limestone,South Atlantic,2699,West Liberty,Mountain East,48.0,,,13.0,,,False
401675510,2024,3,2024-09-14T23:00:00.000Z,2336,Limestone,South Atlantic,2695,West Alabama,Gulf South,14.0,,,33.0,,,False
401675773,2024,4,2024-09-21T17:00:00.000Z,2336,Limestone,South Atlantic,129469,Anderson (Sc),South Atlantic,52.0,,,5.0,,,False
401673384,2024,5,2024-09-29T17:00:00.000Z,2336,Limestone,South Atlantic,2213,Emory & Henry College,South Atlantic,37.0,,,24.0,,,True
401676782,2024,6,2024-10-05T17:00:00.000Z,2336,Limestone,South Atlantic,2839,Greeneville,South Atlantic,49.0,,,21.0,,,False
401675766,2024,7,2024-10-12T22:00:00.000Z,2336,Limestone,South Atlantic,2107,Catawba,South Atlantic,36.0,,,33.0,,,False
401676783,2024,8,2024-10-19T16:00:00.000Z,2336,Limestone,South Atlantic,351,Wingate,South Atlantic,12.0,,,38.0,,,True
401676780,2024,9,2024-10-26T17:00:00.000Z,2336,Limestone,South Atlantic,2331,Lenoir-Rhyne,South Atlantic,19.0,,,21.0,,,False
401676784,2024,10,2024-11-02T20:00:00.000Z,2336,Limestone,South Atlantic,2444,Newberry,South Atlantic,35.0,,,14.0,,,False
401675761,2024,11,2024-11-09T17:00:00.000Z,2336,Limestone,South Atlantic,122666,Wilson,South Atlantic,40.0,,,26.0,,,True
401675770,2024,12,2024-11-16T17:00:00.000Z,2336,Limestone,South Atlantic,2369,Mars Hill,South Atlantic,31.0,,,26.0,,,True
401693677,2024,1,2024-08-24T04:00:00.000Z,124179,Lincoln (CA),Independent DII,108382,College of Idaho,,7.0,,,45.0,,,True
401655628,2024,1,2024-08-31T20:00:00.000Z,124179,Lincoln (CA),Independent DII,2464,Northern Arizona,Big Sky,6.0,,,66.0,,,False
401693678,2024,2,2024-09-07T04:00:00.000Z,124179,Lincoln (CA),Independent DII,2584,Southern Oregon,,7.0,,,46.0,,,True
401674527,2024,3,2024-09-14T23:00:00.000Z,124179,Lincoln (CA),Independent DII,2402,Missouri S&T,Great Lakes,6.0,,,45.0,,,False
401693679,2024,4,2024-09-21T17:00:00.000Z,124179,Lincoln (CA),Independent DII,2691,Webber International,,20.0,,,63.0,,,True
401674512,2024,6,2024-10-05T19:00:00.000Z,124179,Lincoln (CA),Independent DII,2876,Lincoln (MO),Great Lakes,14.0,,,40.0,,,False
401675616,2024,7,2024-10-12T22:00:00.000Z,124179,Lincoln (CA),Independent DII,2542,Savannah St,SIAC,18.0,,,30.0,,,False
401675512,2024,9,2024-10-26T23:00:00.000Z,124179,Lincoln (CA),Independent DII,196,Northeastern State,Independent DII,0.0,,,48.0,,,False
401693680,2024,10,2024-11-02T18:00:00.000Z,124179,Lincoln (CA),Independent DII,2698,West Georgia,UAC,12.0,,,88.0,,,False
401679157,2024,11,2024-11-09T16:00:00.000Z,124179,Lincoln (CA),Independent DII,2385,Mercyhurst,NEC,0.0,,,66.0,,,False
401693681,2024,12,2024-11-16T18:00:00.000Z,124179,Lincoln (CA),Independent DII,125762,Florida Memorial University,,8.0,,,48.0,,,True
401674508,2024,2,2024-09-07T18:00:00.000Z,2876,Lincoln (MO),Great Lakes,2825,Quincy,Great Lakes,5.0,,,46.0,,,False
401674509,2024,3,2024-09-15T00:00:00.000Z,2876,Lincoln (MO),Great Lakes,2816,McKendree,Great Lakes,19.0,,,34.0,,,True
401674510,2024,4,2024-09-21T17:00:00.000Z,2876,Lincoln (MO),Great Lakes,2911,William Jewell,Great Lakes,20.0,,,48.0,,,True
401674511,2024,5,2024-09-28T18:00:00.000Z,2876,Lincoln (MO),Great Lakes,2586,Southwest Baptist,Great Lakes,13.0,,,17.0,,,False
401674512,2024,6,2024-10-05T19:00:00.000Z,2876,Lincoln (MO),Great Lakes,124179,Lincoln (CA),Independent DII,40.0,,,14.0,,,True
401674513,2024,7,2024-10-12T23:00:00.000Z,2876,Lincoln (MO),Great Lakes,196,Northeastern State,Independent DII,7.0,,,55.0,,,False
401674514,2024,8,2024-10-19T17:00:00.000Z,2876,Lincoln (MO),Great Lakes,389,Upper Iowa University,Great Lakes,3.0,,,31.0,,,True
401674515,2024,9,2024-10-26T18:00:00.000Z,2876,Lincoln (MO),Great Lakes,2402,Missouri S&T,Great Lakes,21.0,,,63.0,,,False
401674516,2024,10,2024-11-02T17:00:00.000Z,2876,Lincoln (MO),Great Lakes,2654,Truman State,Great Lakes,7.0,,,52.0,,,False
401674517,2024,11,2024-11-09T18:00:00.000Z,2876,Lincoln (MO),Great Lakes,2323,Lane College,SIAC,28.0,,,41.0,,,True
401674507,2024,12,2024-11-16T18:00:00.000Z,2876,Lincoln (MO),Great Lakes,2292,Indianapolis,Great Lakes,0.0,,,52.0,,,True
401676075,2024,2,2024-09-05T22:00:00.000Z,2339,Lincoln (PA),CIAA,2134,Clarion,Pennsylvania State Athletic,9.0,,,20.0,,,False
401675799,2024,3,2024-09-14T17:00:00.000Z,2339,Lincoln (PA),CIAA,2304,Johnson C Smith,CIAA,6.0,,,52.0,,,False
401676692,2024,4,2024-09-21T17:00:00.000Z,2339,Lincoln (PA),CIAA,2551,Shaw,CIAA,14.0,,,48.0,,,False
401675806,2024,5,2024-09-28T22:00:00.000Z,2339,Lincoln (PA),CIAA,2940,Livingstone,CIAA,14.0,,,15.0,,,True
401654512,2024,6,2024-10-05T17:00:00.000Z,2339,Lincoln (PA),CIAA,2415,Morgan State,MEAC,0.0,,,41.0,,,False
401693676,2024,7,2024-10-12T17:00:00.000Z,2339,Lincoln (PA),CIAA,124180,Bluefield State,CIAA,37.0,,,13.0,,,True
401675409,2024,8,2024-10-19T17:00:00.000Z,2339,Lincoln (PA),CIAA,2676,Virginia Union,CIAA,12.0,,,63.0,,,True
401677736,2024,9,2024-10-26T17:00:00.000Z,2339,Lincoln (PA),CIAA,2207,Elizabeth City State,CIAA,21.0,,,20.0,,,False
401675392,2024,10,2024-11-02T17:00:00.000Z,2339,Lincoln (PA),CIAA,330,Virginia St,CIAA,0.0,,,55.0,,,True
401675385,2024,11,2024-11-09T18:00:00.000Z,2339,Lincoln (PA),CIAA,2075,Bowie State,CIAA,7.0,,,45.0,,,False
401636606,2024,1,2024-08-30T00:00:00.000Z,2815,Lindenwood,Big South-OVC,2305,Kansas,Big 12,3.0,,,48.0,1619.0,1619.0,False
401632069,2024,2,2024-09-07T23:00:00.000Z,2815,Lindenwood,Big South-OVC,2110,Central Arkansas,UAC,13.0,,,34.0,,,True
401634182,2024,3,2024-09-14T23:00:00.000Z,2815,Lindenwood,Big South-OVC,2623,Missouri State,MVFC,14.0,,,28.0,,,False
401655634,2024,4,2024-09-21T18:00:00.000Z,2815,Lindenwood,Big South-OVC,2900,St. Thomas (MN),Pioneer,64.0,,,0.0,,,True
401633982,2024,5,2024-09-28T19:00:00.000Z,2815,Lindenwood,Big South-OVC,2197,Eastern Illinois,Big South-OVC,28.0,,,25.0,,,False
401633987,2024,6,2024-10-05T18:00:00.000Z,2815,Lindenwood,Big South-OVC,2634,Tennessee State,Big South-OVC,20.0,,,24.0,,,True
401633988,2024,7,2024-10-12T18:00:00.000Z,2815,Lindenwood,Big South-OVC,2127,Charleston Southern,Big South-OVC,29.0,,,14.0,,,True
401633993,2024,8,2024-10-19T17:30:00.000Z,2815,Lindenwood,Big South-OVC,2241,Gardner-Webb,Big South-OVC,35.0,,,42.0,,,False
401633998,2024,9,2024-10-26T19:00:00.000Z,2815,Lindenwood,Big South-OVC,2710,Western Illinois,Big South-OVC,49.0,,,38.0,,,True
401634001,2024,10,2024-11-02T18:30:00.000Z,2815,Lindenwood,Big South-OVC,2635,Tennessee Tech,Big South-OVC,10.0,,,52.0,,,False
401634005,2024,11,2024-11-09T19:00:00.000Z,2815,Lindenwood,Big South-OVC,2546,Southeast Missouri State,Big South-OVC,24.0,,,12.0,,,True
401634013,2024,13,2024-11-23T20:00:00.000Z,2815,Lindenwood,Big South-OVC,2630,UT Martin,Big South-OVC,26.0,,,33.0,,,False
401676088,2024,2,2024-09-07T20:00:00.000Z,203,Linfield College,Northwest,2171,Denison University,North Coast,31.0,,,7.0,,,True
401675981,2024,3,2024-09-14T18:30:00.000Z,203,Linfield College,Northwest,271,Wisconsin-Oshkosh,Wisconsin,21.0,,,28.0,,,False
401675925,2024,4,2024-09-21T20:00:00.000Z,203,Linfield College,Northwest,29,Redlands,So. Cal.,45.0,,,0.0,,,True
401676287,2024,6,2024-10-05T23:00:00.000Z,203,Linfield College,Northwest,2930,Willamette,Northwest,72.0,,,0.0,,,False
401676288,2024,7,2024-10-12T20:00:00.000Z,203,Linfield College,Northwest,2333,Lewis & Clark College,Northwest,47.0,,,14.0,,,True
401676282,2024,8,2024-10-19T23:05:00.000Z,203,Linfield College,Northwest,415,NEWBERG,Northwest,47.0,,,7.0,,,False
401676289,2024,9,2024-10-26T20:00:00.000Z,203,Linfield College,Northwest,2508,Puget Sound,Northwest,62.0,,,13.0,,,True
401676290,2024,10,2024-11-02T20:00:00.000Z,203,Linfield College,Northwest,205,Pacific (OR),Northwest,68.0,,,28.0,,,False
401676291,2024,11,2024-11-09T21:00:00.000Z,203,Linfield College,Northwest,2486,Pacific Lutheran,Northwest,38.0,,,10.0,,,True
401676292,2024,12,2024-11-16T20:00:00.000Z,203,Linfield College,Northwest,2721,Whitworth,Northwest,34.0,,,7.0,,,False
401734591,2024,14,2024-11-30T20:00:00.000Z,203,Linfield College,Northwest,2639,Texas Lutheran,Southern Collegiate Athletic,65.0,,,3.0,,,True
401735989,2024,15,2024-12-07T20:00:00.000Z,203,Linfield College,Northwest,2371,Mary Hardin-Baylor,American Southwest,18.0,,,28.0,,,False
401636354,2024,2,2024-09-08T00:00:00.000Z,124386,Little Rock,,2029,Arkansas-Pine Bluff,SWAC,0.0,,,73.0,,,False
401675804,2024,1,2024-08-31T22:00:00.000Z,2940,Livingstone,CIAA,2128,University Of Charleston (WV),Mountain East,7.0,,,38.0,,,True
401675805,2024,2,2024-09-07T22:00:00.000Z,2940,Livingstone,CIAA,2355,Virginia University Of Lynchburg,,37.0,,,9.0,,,True
401675571,2024,3,2024-09-14T22:00:00.000Z,2940,Livingstone,CIAA,2019,Allen,SIAC,23.0,,,21.0,,,True
401675378,2024,4,2024-09-21T20:00:00.000Z,2940,Livingstone,CIAA,2075,Bowie State,CIAA,17.0,,,31.0,,,False
401675806,2024,5,2024-09-28T22:00:00.000Z,2940,Livingstone,CIAA,2339,Lincoln (PA),CIAA,15.0,,,14.0,,,False
401675807,2024,6,2024-10-05T20:00:00.000Z,2940,Livingstone,CIAA,2207,Elizabeth City State,CIAA,23.0,,,17.0,,,True
401675413,2024,7,2024-10-12T18:00:00.000Z,2940,Livingstone,CIAA,2220,Fayetteville State,CIAA,24.0,,,19.0,,,True
401675808,2024,8,2024-10-19T20:00:00.000Z,2940,Livingstone,CIAA,2736,Winston-Salem,CIAA,17.0,,,31.0,,,True
401675809,2024,10,2024-11-02T17:00:00.000Z,2940,Livingstone,CIAA,2551,Shaw,CIAA,17.0,,,24.0,,,False
401675803,2024,11,2024-11-09T19:00:00.000Z,2940,Livingstone,CIAA,2304,Johnson C Smith,CIAA,15.0,,,10.0,,,True
401674282,2024,2,2024-09-07T17:00:00.000Z,209,Lock Haven University,Pennsylvania State Athletic,2249,Glenville State,Mountain East,31.0,,,9.0,,,False
401676083,2024,3,2024-09-14T22:00:00.000Z,209,Lock Haven University,Pennsylvania State Athletic,2291,Indiana-Pennsylvania,Pennsylvania State Athletic,17.0,,,20.0,,,True
401674350,2024,4,2024-09-21T17:00:00.000Z,209,Lock Haven University,Pennsylvania State Athletic,2858,PennWest California,Pennsylvania State Athletic,20.0,,,27.0,,,True
401676105,2024,5,2024-09-28T17:00:00.000Z,209,Lock Haven University,Pennsylvania State Athletic,210,Millersville,Pennsylvania State Athletic,24.0,,,23.0,,,True
401676106,2024,6,2024-10-05T16:00:00.000Z,209,Lock Haven University,Pennsylvania State Athletic,2974,Shepherd,Pennsylvania State Athletic,38.0,,,45.0,,,False
401676095,2024,7,2024-10-12T16:00:00.000Z,209,Lock Haven University,Pennsylvania State Athletic,2315,Kutztown University,Pennsylvania State Athletic,0.0,,,24.0,,,False
401674344,2024,8,2024-10-19T22:00:00.000Z,209,Lock Haven University,Pennsylvania State Athletic,2071,Bloomsburg,Pennsylvania State Athletic,35.0,,,32.0,,,True
401674369,2024,9,2024-10-26T16:05:00.000Z,209,Lock Haven University,Pennsylvania State Athletic,2188,East Stroudsburg University,Pennsylvania State Athletic,35.0,,,38.0,,,False
401676107,2024,10,2024-11-02T16:00:00.000Z,209,Lock Haven University,Pennsylvania State Athletic,223,West Chester,Pennsylvania State Athletic,16.0,,,27.0,,,False
401676108,2024,11,2024-11-09T18:00:00.000Z,209,Lock Haven University,Pennsylvania State Athletic,2559,Shippensburg,Pennsylvania State Athletic,42.0,,,21.0,,,True
401674386,2024,12,2024-11-16T17:00:00.000Z,209,Lock Haven University,Pennsylvania State Athletic,367,Gannon,Pennsylvania State Athletic,21.0,,,13.0,,,False
401628585,2024,1,2024-08-31T23:00:00.000Z,2341,Long Island University,NEC,399,UAlbany,CAA,21.0,,,27.0,,,False
401636615,2024,2,2024-09-08T00:00:00.000Z,2341,Long Island University,NEC,2628,TCU,Big 12,0.0,,,45.0,1591.0,1591.0,False
401654595,2024,3,2024-09-14T16:00:00.000Z,2341,Long Island University,NEC,2329,Lehigh,Patriot,17.0,,,20.0,,,True
401628627,2024,4,2024-09-21T16:00:00.000Z,2341,Long Island University,NEC,227,Rhode Island,CAA,21.0,,,28.0,,,True
401628639,2024,5,2024-09-28T22:00:00.000Z,2341,Long Island University,NEC,222,Villanova,CAA,10.0,,,24.0,,,False
401654589,2024,6,2024-10-05T17:00:00.000Z,2341,Long Island University,NEC,2184,Duquesne,NEC,21.0,,,47.0,,,False
401654596,2024,7,2024-10-12T16:00:00.000Z,2341,Long Island University,NEC,284,Stonehill,NEC,31.0,,,7.0,,,True
401654597,2024,8,2024-10-19T16:00:00.000Z,2341,Long Island University,NEC,2523,Robert Morris,NEC,31.0,,,45.0,,,False
401654577,2024,9,2024-10-26T16:00:00.000Z,2341,Long Island University,NEC,2115,Central Connecticut,NEC,24.0,,,21.0,,,True
401654598,2024,11,2024-11-09T17:00:00.000Z,2341,Long Island University,NEC,2529,Sacred Heart,FCS Independents,28.0,,,7.0,,,False
401654599,2024,12,2024-11-16T17:00:00.000Z,2341,Long Island University,NEC,2598,St. Francis (PA),NEC,27.0,,,34.0,,,True
401654600,2024,13,2024-11-23T17:00:00.000Z,2341,Long Island University,NEC,2681,Wagner,NEC,35.0,,,28.0,,,False
401674609,2024,2,2024-09-07T17:00:00.000Z,263,Loras College,American Rivers,2812,Hope College,Michigan,0.0,,,49.0,,,False
401674610,2024,3,2024-09-14T23:00:00.000Z,263,Loras College,American Rivers,2283,Benedictine University,NACC,22.0,,,27.0,,,True
401674584,2024,4,2024-09-21T18:00:00.000Z,263,Loras College,American Rivers,63,Buena Vista,American Rivers,17.0,,,20.0,,,True
401674611,2024,5,2024-09-28T18:00:00.000Z,263,Loras College,American Rivers,2564,Simpson College (IA),American Rivers,14.0,,,66.0,,,False
401674612,2024,6,2024-10-05T18:00:00.000Z,263,Loras College,American Rivers,2141,Coe College,American Rivers,10.0,,,43.0,,,True
401674613,2024,7,2024-10-12T18:00:00.000Z,263,Loras College,American Rivers,67,Luther,American Rivers,48.0,,,13.0,,,False
401674606,2024,8,2024-10-19T18:00:00.000Z,263,Loras College,American Rivers,49,Dubuque,American Rivers,42.0,,,49.0,,,True
401674599,2024,10,2024-11-02T18:00:00.000Z,263,Loras College,American Rivers,2964,Central College,American Rivers,7.0,,,45.0,,,False
401674614,2024,11,2024-11-09T19:00:00.000Z,263,Loras College,American Rivers,6845,Nebraska Wesleyan,American Rivers,32.0,,,22.0,,,True
401674615,2024,12,2024-11-16T19:00:00.000Z,263,Loras College,American Rivers,2685,Wartburg,American Rivers,14.0,,,69.0,,,False
401636380,2024,1,2024-09-01T00:00:00.000Z,309,Louisiana,Sun Belt,2755,Grambling,SWAC,40.0,1496.0,1496.0,10.0,,,True
401677096,2024,1,2024-12-28T19:15:00.000Z,309,Louisiana,Sun Belt,2628,TCU,Big 12,3.0,1546.0,1462.0,34.0,1616.0,1700.0,False
401641016,2024,2,2024-09-07T23:00:00.000Z,309,Louisiana,Sun Belt,338,Kennesaw State,Conference USA,34.0,1496.0,1558.0,10.0,1485.0,1423.0,False
401643791,2024,4,2024-09-21T16:00:00.000Z,309,Louisiana,Sun Belt,2655,Tulane,American Athletic,33.0,1558.0,1543.0,41.0,1561.0,1576.0,True
401635659,2024,5,2024-09-28T19:30:00.000Z,309,Louisiana,Sun Belt,154,Wake Forest,ACC,41.0,1543.0,1537.0,38.0,1370.0,1376.0,False
401643802,2024,6,2024-10-05T23:00:00.000Z,309,Louisiana,Sun Belt,2572,Southern Miss,Sun Belt,23.0,1537.0,1523.0,13.0,1106.0,1120.0,False
401643806,2024,7,2024-10-12T23:30:00.000Z,309,Louisiana,Sun Belt,2026,App State,Sun Belt,34.0,1523.0,1527.0,24.0,1334.0,1330.0,True
401643811,2024,8,2024-10-19T16:00:00.000Z,309,Louisiana,Sun Belt,324,Coastal Carolina,Sun Belt,34.0,1527.0,1538.0,24.0,1413.0,1402.0,False
401643820,2024,10,2024-10-29T23:30:00.000Z,309,Louisiana,Sun Belt,326,Texas State,Sun Belt,23.0,1538.0,1554.0,17.0,1602.0,1586.0,False
401643827,2024,11,2024-11-09T22:00:00.000Z,309,Louisiana,Sun Belt,2032,Arkansas State,Sun Belt,55.0,1554.0,1621.0,19.0,1286.0,1219.0,True
401643834,2024,12,2024-11-17T00:00:00.000Z,309,Louisiana,Sun Belt,6,South Alabama,Sun Belt,22.0,1621.0,1618.0,24.0,1618.0,1621.0,True
401643840,2024,13,2024-11-23T22:00:00.000Z,309,Louisiana,Sun Belt,2653,Troy,Sun Belt,51.0,1618.0,1652.0,30.0,1466.0,1432.0,True
401643848,2024,14,2024-11-30T17:00:00.000Z,309,Louisiana,Sun Belt,2433,UL Monroe,Sun Belt,37.0,1652.0,1640.0,23.0,1160.0,1172.0,False
401673470,2024,15,2024-12-08T00:30:00.000Z,309,Louisiana,Sun Belt,276,Marshall,Sun Belt,3.0,1640.0,1546.0,31.0,1517.0,1611.0,True
401654849,2024,3,2024-09-14T23:00:00.000Z,2347,Louisiana College,,2277,Houston Christian,Southland,7.0,,,70.0,,,False
401641007,2024,1,2024-09-01T00:00:00.000Z,2348,Louisiana Tech,Conference USA,2447,Nicholls,Southland,25.0,1246.0,1246.0,17.0,,,True
401677100,2024,1,2024-12-29T02:15:00.000Z,2348,Louisiana Tech,Conference USA,349,Army,American Athletic,6.0,1377.0,1346.0,27.0,1630.0,1661.0,False
401635546,2024,3,2024-09-14T16:00:00.000Z,2348,Louisiana Tech,Conference USA,152,NC State,ACC,20.0,1246.0,1247.0,30.0,1512.0,1511.0,False
401641008,2024,4,2024-09-21T23:00:00.000Z,2348,Louisiana Tech,Conference USA,202,Tulsa,American Athletic,20.0,1247.0,1239.0,23.0,1185.0,1193.0,True
401640981,2024,5,2024-09-28T22:00:00.000Z,2348,Louisiana Tech,Conference USA,2229,Florida International,Conference USA,10.0,1239.0,1223.0,17.0,1241.0,1257.0,False
401641009,2024,7,2024-10-11T00:00:00.000Z,2348,Louisiana Tech,Conference USA,2393,Middle Tennessee,Conference USA,48.0,1223.0,1288.0,21.0,1181.0,1116.0,True
401641010,2024,8,2024-10-16T01:00:00.000Z,2348,Louisiana Tech,Conference USA,166,New Mexico State,Conference USA,30.0,1288.0,1285.0,33.0,1161.0,1164.0,False
401641011,2024,9,2024-10-23T00:00:00.000Z,2348,Louisiana Tech,Conference USA,2638,UTEP,Conference USA,14.0,1285.0,1284.0,10.0,1161.0,1162.0,True
401641012,2024,10,2024-10-30T00:00:00.000Z,2348,Louisiana Tech,Conference USA,2534,Sam Houston,Conference USA,3.0,1284.0,1283.0,9.0,1415.0,1416.0,False
401641004,2024,11,2024-11-09T21:30:00.000Z,2348,Louisiana Tech,Conference USA,55,Jacksonville State,Conference USA,37.0,1283.0,1297.0,44.0,1657.0,1643.0,True
401641013,2024,12,2024-11-16T17:00:00.000Z,2348,Louisiana Tech,Conference USA,98,Western Kentucky,Conference USA,12.0,1297.0,1321.0,7.0,1506.0,1482.0,False
401628427,2024,13,2024-11-23T21:00:00.000Z,2348,Louisiana Tech,Conference USA,8,Arkansas,SEC,14.0,1321.0,1294.0,35.0,1547.0,1574.0,False
401641014,2024,14,2024-11-30T21:00:00.000Z,2348,Louisiana Tech,Conference USA,338,Kennesaw State,Conference USA,33.0,1294.0,1377.0,0.0,1233.0,1150.0,True
401632062,2024,1,2024-08-31T16:00:00.000Z,97,Louisville,ACC,2046,Austin Peay,UAC,62.0,1625.0,1625.0,0.0,,,True
401677190,2024,1,2024-12-31T19:00:00.000Z,97,Louisville,ACC,264,Washington,Big Ten,35.0,1814.0,1809.0,34.0,1623.0,1628.0,False
401635535,2024,2,2024-09-07T19:30:00.000Z,97,Louisville,ACC,55,Jacksonville State,Conference USA,49.0,1625.0,1700.0,14.0,1449.0,1374.0,True
401635554,2024,4,2024-09-21T19:30:00.000Z,97,Louisville,ACC,59,Georgia Tech,ACC,31.0,1700.0,1711.0,19.0,1556.0,1545.0,True
401628980,2024,5,2024-09-28T19:30:00.000Z,97,Louisville,ACC,87,Notre Dame,FBS Independents,24.0,1711.0,1717.0,31.0,2000.0,1994.0,False
401635571,2024,6,2024-10-05T16:00:00.000Z,97,Louisville,ACC,2567,SMU,ACC,27.0,1717.0,1707.0,34.0,1755.0,1765.0,True
401635578,2024,7,2024-10-12T19:30:00.000Z,97,Louisville,ACC,258,Virginia,ACC,24.0,1707.0,1695.0,20.0,1412.0,1424.0,False
401635589,2024,8,2024-10-19T16:00:00.000Z,97,Louisville,ACC,2390,Miami,ACC,45.0,1695.0,1691.0,52.0,1822.0,1826.0,True
401634771,2024,9,2024-10-25T23:30:00.000Z,97,Louisville,ACC,103,Boston College,ACC,31.0,1691.0,1681.0,27.0,1418.0,1428.0,False
401635600,2024,10,2024-11-02T23:30:00.000Z,97,Louisville,ACC,228,Clemson,ACC,33.0,1681.0,1725.0,21.0,1863.0,1819.0,False
401635517,2024,12,2024-11-16T20:30:00.000Z,97,Louisville,ACC,24,Stanford,ACC,35.0,1725.0,1715.0,38.0,1158.0,1168.0,False
401635617,2024,13,2024-11-23T21:00:00.000Z,97,Louisville,ACC,221,Pittsburgh,ACC,37.0,1715.0,1767.0,9.0,1531.0,1479.0,True
401628440,2024,14,2024-11-30T17:00:00.000Z,97,Louisville,ACC,96,Kentucky,SEC,41.0,1767.0,1814.0,14.0,1545.0,1498.0,False
401674989,2024,3,2024-09-14T18:00:00.000Z,67,Luther,American Rivers,133,St. Olaf,Minnesota,7.0,,,53.0,,,False
401675899,2024,4,2024-09-21T18:00:00.000Z,67,Luther,American Rivers,2141,Coe College,American Rivers,0.0,,,63.0,,,True
401675902,2024,5,2024-09-28T17:00:00.000Z,67,Luther,American Rivers,2023,Anderson (IN),Heartland,9.0,,,6.0,,,True
401674605,2024,6,2024-10-05T19:00:00.000Z,67,Luther,American Rivers,49,Dubuque,American Rivers,7.0,,,64.0,,,False
401674613,2024,7,2024-10-12T18:00:00.000Z,67,Luther,American Rivers,263,Loras College,American Rivers,13.0,,,48.0,,,True
401674597,2024,8,2024-10-19T18:00:00.000Z,67,Luther,American Rivers,2964,Central College,American Rivers,3.0,,,56.0,,,False
401674621,2024,9,2024-10-26T18:00:00.000Z,67,Luther,American Rivers,6845,Nebraska Wesleyan,American Rivers,14.0,,,40.0,,,True
401674625,2024,10,2024-11-02T18:00:00.000Z,67,Luther,American Rivers,2685,Wartburg,American Rivers,10.0,,,49.0,,,False
401674590,2024,11,2024-11-09T18:00:00.000Z,67,Luther,American Rivers,63,Buena Vista,American Rivers,13.0,,,40.0,,,True
401675903,2024,12,2024-11-16T19:00:00.000Z,67,Luther,American Rivers,2564,Simpson College (IA),American Rivers,15.0,,,29.0,,,False
401674808,2024,2,2024-09-07T16:00:00.000Z,2354,Lycoming,Landmark Conference,2725,Widener,Mid Atlantic,48.0,,,12.0,,,True
401674756,2024,3,2024-09-14T16:00:00.000Z,2354,Lycoming,Landmark Conference,2782,Cortland,Empire 8,7.0,,,70.0,,,False
401674809,2024,4,2024-09-21T16:00:00.000Z,2354,Lycoming,Landmark Conference,390,Utica,Empire 8,17.0,,,42.0,,,False
401674810,2024,5,2024-09-28T16:00:00.000Z,2354,Lycoming,Landmark Conference,125974,Hilbert College,Empire 8,48.0,,,0.0,,,True
401674811,2024,7,2024-10-12T16:00:00.000Z,2354,Lycoming,Landmark Conference,398,Wilkes,Landmark Conference,28.0,,,53.0,,,False
401674812,2024,8,2024-10-19T16:00:00.000Z,2354,Lycoming,Landmark Conference,2108,Catholic,Landmark Conference,12.0,,,14.0,,,True
401674813,2024,9,2024-10-26T17:00:00.000Z,2354,Lycoming,Landmark Conference,122774,Keystone,Landmark Conference,31.0,,,28.0,,,True
401674806,2024,10,2024-11-02T17:00:00.000Z,2354,Lycoming,Landmark Conference,246,Juniata College,Landmark Conference,45.0,,,0.0,,,False
401673416,2024,11,2024-11-09T17:00:00.000Z,2354,Lycoming,Landmark Conference,323,Moravian,Landmark Conference,23.0,,,34.0,,,False
401674814,2024,12,2024-11-16T17:00:00.000Z,2354,Lycoming,Landmark Conference,216,Susquehanna,Landmark Conference,7.0,,,55.0,,,True
401675970,2024,2,2024-09-07T21:00:00.000Z,109,MIT,NEWMAC,18,Bridgewater State,MSCAC,37.0,,,17.0,,,False
401673401,2024,4,2024-09-21T16:00:00.000Z,109,MIT,NEWMAC,3162,Alfred State,ECFC,20.0,,,0.0,,,True
401677473,2024,5,2024-09-28T16:00:00.000Z,109,MIT,NEWMAC,2776,Salve Regina,NEWMAC,6.0,,,19.0,,,False
401677474,2024,6,2024-10-05T16:00:00.000Z,109,MIT,NEWMAC,2557,Coast Guard,NEWMAC,19.0,,,21.0,,,True
401676193,2024,7,2024-10-12T16:00:00.000Z,109,MIT,NEWMAC,2383,Merchant Marine Academy,NEWMAC,0.0,,,21.0,,,True
401676227,2024,8,2024-10-19T16:00:00.000Z,109,MIT,NEWMAC,81,Springfield,NEWMAC,0.0,,,48.0,,,False
401677496,2024,9,2024-10-26T16:00:00.000Z,109,MIT,NEWMAC,2951,SUNY Maritime,NEWMAC,14.0,,,20.0,,,True
401676222,2024,11,2024-11-09T17:00:00.000Z,109,MIT,NEWMAC,2467,Norwich,NEWMAC,27.0,,,0.0,,,False
401677497,2024,12,2024-11-16T17:00:00.000Z,109,MIT,NEWMAC,2749,Worcester Polytechnic Institute,NEWMAC,12.0,,,34.0,,,False
401674982,2024,2,2024-09-07T23:00:00.000Z,2359,Macalester,Minnesota,2399,Minnesota Morris,Upper Midwest,16.0,,,17.0,,,False
401674983,2024,3,2024-09-14T23:00:00.000Z,2359,Macalester,Minnesota,446,Martin Luther,Upper Midwest,7.0,,,10.0,,,True
401674984,2024,5,2024-09-29T00:00:00.000Z,2359,Macalester,Minnesota,133,St. Olaf,Minnesota,0.0,,,29.0,,,True
401674985,2024,6,2024-10-05T18:00:00.000Z,2359,Macalester,Minnesota,375,St. Scholastica,Minnesota,28.0,,,30.0,,,False
401674953,2024,7,2024-10-12T18:00:00.000Z,2359,Macalester,Minnesota,2802,Bethel (MN),Minnesota,0.0,,,59.0,,,False
401674974,2024,8,2024-10-19T18:00:00.000Z,2359,Macalester,Minnesota,2968,Gustavus Adolphus,Minnesota,7.0,,,36.0,,,True
401674969,2024,9,2024-10-26T18:00:00.000Z,2359,Macalester,Minnesota,2152,Concordia Moorhead,Minnesota,7.0,,,44.0,,,True
401674980,2024,10,2024-11-03T00:00:00.000Z,2359,Macalester,Minnesota,162,Hamline University,Minnesota,35.0,,,37.0,,,True
401674948,2024,11,2024-11-09T19:00:00.000Z,2359,Macalester,Minnesota,124,Augsburg,Minnesota,3.0,,,33.0,,,False
401734014,2024,12,2024-11-16T18:00:00.000Z,2359,Macalester,Minnesota,375,St. Scholastica,Minnesota,41.0,,,44.0,,,False
401674910,2024,3,2024-09-14T23:00:00.000Z,127078,Madonna University (Mich.),,2003,Adrian,Michigan,20.0,,,38.0,,,False
401656600,2024,1,2024-08-30T23:00:00.000Z,311,Maine,CAA,2142,Colgate,Patriot,17.0,,,14.0,,,True
401628597,2024,2,2024-09-08T00:00:00.000Z,311,Maine,CAA,147,Montana State,Big Sky,24.0,,,41.0,,,False
401628607,2024,3,2024-09-14T19:30:00.000Z,311,Maine,CAA,2405,Monmouth,CAA,22.0,,,51.0,,,True
401628624,2024,4,2024-09-21T17:00:00.000Z,311,Maine,CAA,2771,Merrimack,FCS Independents,26.0,,,15.0,,,False
401628631,2024,5,2024-09-28T19:30:00.000Z,311,Maine,CAA,399,UAlbany,CAA,34.0,,,20.0,,,False
401628650,2024,7,2024-10-12T17:00:00.000Z,311,Maine,CAA,48,Delaware,CAA,21.0,,,44.0,,,False
401628655,2024,8,2024-10-19T17:00:00.000Z,311,Maine,CAA,222,Villanova,CAA,35.0,,,7.0,,,True
401628666,2024,9,2024-10-26T17:00:00.000Z,311,Maine,CAA,227,Rhode Island,CAA,14.0,,,24.0,,,False
401628410,2024,10,2024-11-02T16:00:00.000Z,311,Maine,CAA,201,Oklahoma,SEC,14.0,,,59.0,1682.0,1682.0,False
401628678,2024,11,2024-11-09T18:00:00.000Z,311,Maine,CAA,2803,Bryant,CAA,38.0,,,26.0,,,True
401628687,2024,12,2024-11-16T19:00:00.000Z,311,Maine,CAA,2210,Elon,CAA,25.0,,,31.0,,,False
401628693,2024,13,2024-11-23T18:00:00.000Z,311,Maine,CAA,160,New Hampshire,CAA,9.0,,,27.0,,,True
401677399,2024,2,2024-09-07T17:00:00.000Z,274,Maine Maritime,Independent DIII,173,Hartwick,Empire 8,6.0,,,62.0,,,True
401677372,2024,3,2024-09-14T16:00:00.000Z,274,Maine Maritime,Independent DIII,2884,Nichols College,Commonwealth Coast,12.0,,,63.0,,,False
401677401,2024,7,2024-10-12T17:00:00.000Z,274,Maine Maritime,Independent DIII,3111,Apprentice School,Independent DIII,26.0,,,72.0,,,False
401674789,2024,2,2024-09-07T18:00:00.000Z,2362,Manchester,Heartland,433,Westminster College (MO),Upper Midwest,3.0,,,23.0,,,False
401674790,2024,3,2024-09-14T19:30:00.000Z,2362,Manchester,Heartland,2151,Concordia University Chicago,NACC,27.0,,,28.0,,,False
401674791,2024,4,2024-09-21T17:00:00.000Z,2362,Manchester,Heartland,126,Kalamazoo,Michigan,0.0,,,55.0,,,True
401674792,2024,6,2024-10-05T17:00:00.000Z,2362,Manchester,Heartland,190,Defiance College,,3.0,,,35.0,,,False
401674767,2024,7,2024-10-12T17:30:00.000Z,2362,Manchester,Heartland,2074,Bluffton,Heartland,10.0,,,42.0,,,True
401674778,2024,8,2024-10-19T17:30:00.000Z,2362,Manchester,Heartland,2233,Franklin,Heartland,0.0,,,49.0,,,True
401674787,2024,9,2024-10-26T17:30:00.000Z,2362,Manchester,Heartland,2262,Hanover College,Heartland,7.0,,,55.0,,,True
401674793,2024,10,2024-11-02T17:30:00.000Z,2362,Manchester,Heartland,86,Rose-Hulman,Heartland,7.0,,,70.0,,,False
401674794,2024,11,2024-11-09T18:30:00.000Z,2362,Manchester,Heartland,2419,Mount St. Joseph,Heartland,7.0,,,43.0,,,True
401674795,2024,12,2024-11-16T18:30:00.000Z,2362,Manchester,Heartland,2023,Anderson (IN),Heartland,17.0,,,31.0,,,False
401676348,2024,2,2024-09-07T17:00:00.000Z,317,Marietta,Ohio,374,St John Fisher University,Empire 8,55.0,,,0.0,,,False
401676349,2024,4,2024-09-21T18:00:00.000Z,317,Marietta,Ohio,359,Otterbein,Ohio,51.0,,,14.0,,,False
401676307,2024,5,2024-09-28T17:30:00.000Z,317,Marietta,Ohio,424,Capital,Ohio,54.0,,,10.0,,,True
401676350,2024,6,2024-10-05T19:00:00.000Z,317,Marietta,Ohio,427,Ohio Northern,Ohio,45.0,,,10.0,,,True
401676337,2024,7,2024-10-12T18:00:00.000Z,317,Marietta,Ohio,191,Heidelberg,Ohio,35.0,,,7.0,,,False
401676351,2024,8,2024-10-19T23:00:00.000Z,317,Marietta,Ohio,332,Muskingum University,Ohio,38.0,,,6.0,,,False
401676296,2024,9,2024-10-26T18:00:00.000Z,317,Marietta,Ohio,188,Baldwin Wallace,Ohio,47.0,,,7.0,,,True
401676352,2024,10,2024-11-02T17:30:00.000Z,317,Marietta,Ohio,2733,Wilmington (OH),Ohio,52.0,,,6.0,,,True
401676353,2024,11,2024-11-09T18:30:00.000Z,317,Marietta,Ohio,426,University of Mount Union,Ohio,21.0,,,28.0,,,False
401676347,2024,12,2024-11-16T19:00:00.000Z,317,Marietta,Ohio,2302,John Carroll University,Ohio,35.0,,,49.0,,,False
401654642,2024,2,2024-09-07T16:00:00.000Z,2368,Marist,Pioneer,46,Georgetown,Patriot,10.0,,,31.0,,,True
401654624,2024,3,2024-09-14T16:30:00.000Z,2368,Marist,Pioneer,322,Lafayette,Patriot,14.0,,,56.0,,,False
401654650,2024,4,2024-09-21T22:00:00.000Z,2368,Marist,Pioneer,2083,Bucknell,Patriot,18.0,,,34.0,,,False
401638660,2024,5,2024-09-28T16:00:00.000Z,2368,Marist,Pioneer,2168,Dayton,Pioneer,14.0,,,47.0,,,True
401638664,2024,6,2024-10-05T17:00:00.000Z,2368,Marist,Pioneer,2166,Davidson,Pioneer,19.0,,,42.0,,,False
401638671,2024,7,2024-10-12T16:00:00.000Z,2368,Marist,Pioneer,2900,St. Thomas (MN),Pioneer,32.0,,,39.0,,,True
401638675,2024,8,2024-10-19T21:00:00.000Z,2368,Marist,Pioneer,301,San Diego,Pioneer,6.0,,,34.0,,,False
401638682,2024,9,2024-10-26T16:00:00.000Z,2368,Marist,Pioneer,2674,Valparaiso,Pioneer,14.0,,,17.0,,,True
401638685,2024,10,2024-11-02T18:00:00.000Z,2368,Marist,Pioneer,2181,Drake,Pioneer,0.0,,,19.0,,,False
401638690,2024,11,2024-11-09T18:00:00.000Z,2368,Marist,Pioneer,56,Stetson,Pioneer,40.0,,,31.0,,,False
401638694,2024,12,2024-11-16T17:00:00.000Z,2368,Marist,Pioneer,2506,Presbyterian,Pioneer,23.0,,,42.0,,,True
401675476,2024,1,2024-08-29T23:00:00.000Z,2369,Mars Hill,South Atlantic,2170,Delta State,Gulf South,16.0,,,47.0,,,True
401676777,2024,4,2024-09-21T17:00:00.000Z,2369,Mars Hill,South Atlantic,2331,Lenoir-Rhyne,South Atlantic,21.0,,,29.0,,,True
401676785,2024,5,2024-09-28T22:00:00.000Z,2369,Mars Hill,South Atlantic,351,Wingate,South Atlantic,0.0,,,0.0,,,False
401676786,2024,6,2024-10-05T23:00:00.000Z,2369,Mars Hill,South Atlantic,2444,Newberry,South Atlantic,34.0,,,9.0,,,False
401673375,2024,7,2024-10-12T17:00:00.000Z,2369,Mars Hill,South Atlantic,2105,Carson-Newman College,South Atlantic,27.0,,,28.0,,,True
401676787,2024,8,2024-10-19T18:30:00.000Z,2369,Mars Hill,South Atlantic,2839,Greeneville,South Atlantic,30.0,,,3.0,,,True
401676788,2024,9,2024-10-26T18:00:00.000Z,2369,Mars Hill,South Atlantic,2842,UVA Wise,South Atlantic,31.0,,,17.0,,,False
401673388,2024,10,2024-11-02T17:00:00.000Z,2369,Mars Hill,South Atlantic,2213,Emory & Henry College,South Atlantic,31.0,,,23.0,,,True
401675796,2024,11,2024-11-09T21:00:00.000Z,2369,Mars Hill,South Atlantic,129469,Anderson (Sc),South Atlantic,31.0,,,16.0,,,False
401675770,2024,12,2024-11-16T17:00:00.000Z,2369,Mars Hill,South Atlantic,2336,Limestone,South Atlantic,26.0,,,31.0,,,False
401628590,2024,1,2024-08-31T21:00:00.000Z,276,Marshall,Sun Belt,2619,Stony Brook,CAA,45.0,1406.0,1406.0,3.0,,,True
401635540,2024,2,2024-09-07T20:30:00.000Z,276,Marshall,Sun Belt,259,Virginia Tech,ACC,14.0,1406.0,1384.0,31.0,1575.0,1597.0,False
401628492,2024,4,2024-09-21T16:00:00.000Z,276,Marshall,Sun Belt,194,Ohio State,Big Ten,14.0,1384.0,1360.0,49.0,2014.0,2038.0,False
401643794,2024,5,2024-09-28T19:30:00.000Z,276,Marshall,Sun Belt,2711,Western Michigan,Mid-American,27.0,1360.0,1362.0,20.0,1222.0,1220.0,True
401643799,2024,6,2024-10-05T19:30:00.000Z,276,Marshall,Sun Belt,2026,App State,Sun Belt,52.0,1362.0,1394.0,37.0,1366.0,1334.0,True
401643804,2024,7,2024-10-13T00:00:00.000Z,276,Marshall,Sun Belt,290,Georgia Southern,Sun Belt,23.0,1394.0,1393.0,24.0,1370.0,1371.0,False
401643810,2024,8,2024-10-17T23:00:00.000Z,276,Marshall,Sun Belt,2247,Georgia State,Sun Belt,35.0,1393.0,1417.0,20.0,1315.0,1291.0,True
401643822,2024,10,2024-11-02T19:30:00.000Z,276,Marshall,Sun Belt,2433,UL Monroe,Sun Belt,28.0,1417.0,1415.0,23.0,1234.0,1236.0,True
401643829,2024,11,2024-11-09T20:00:00.000Z,276,Marshall,Sun Belt,2572,Southern Miss,Sun Belt,37.0,1415.0,1472.0,3.0,1096.0,1039.0,False
401643832,2024,12,2024-11-16T18:00:00.000Z,276,Marshall,Sun Belt,324,Coastal Carolina,Sun Belt,31.0,1472.0,1489.0,19.0,1403.0,1386.0,True
401643838,2024,13,2024-11-24T00:30:00.000Z,276,Marshall,Sun Belt,295,Old Dominion,Sun Belt,42.0,1489.0,1502.0,35.0,1486.0,1473.0,False
401643846,2024,14,2024-12-01T01:00:00.000Z,276,Marshall,Sun Belt,256,James Madison,Sun Belt,35.0,1502.0,1517.0,33.0,1707.0,1692.0,False
401673470,2024,15,2024-12-08T00:30:00.000Z,276,Marshall,Sun Belt,309,Louisiana,Sun Belt,31.0,1517.0,1611.0,3.0,1640.0,1546.0,False
401675019,2024,2,2024-09-07T18:00:00.000Z,446,Martin Luther,Upper Midwest,268,Lawrence University,Midwest,35.0,,,7.0,,,True
401674983,2024,3,2024-09-14T23:00:00.000Z,446,Martin Luther,Upper Midwest,2359,Macalester,Minnesota,10.0,,,7.0,,,False
401674941,2024,4,2024-09-21T18:00:00.000Z,446,Martin Luther,Upper Midwest,124,Augsburg,Minnesota,7.0,,,34.0,,,True
401676133,2024,6,2024-10-05T18:00:00.000Z,446,Martin Luther,Upper Midwest,2399,Minnesota Morris,Upper Midwest,21.0,,,14.0,,,True
401676137,2024,7,2024-10-12T18:00:00.000Z,446,Martin Luther,Upper Midwest,509,Crown College,Upper Midwest,30.0,,,14.0,,,False
401676138,2024,8,2024-10-19T17:00:00.000Z,446,Martin Luther,Upper Midwest,2257,Greenville,Upper Midwest,35.0,,,42.0,,,False
401676123,2024,9,2024-10-26T18:00:00.000Z,446,Martin Luther,Upper Midwest,433,Westminster College (MO),Upper Midwest,46.0,,,14.0,,,True
401676131,2024,10,2024-11-02T18:00:00.000Z,446,Martin Luther,Upper Midwest,583,Northwestern (MN),Upper Midwest,7.0,,,35.0,,,False
401676139,2024,11,2024-11-09T19:00:00.000Z,446,Martin Luther,Upper Midwest,509,Crown College,Upper Midwest,13.0,,,0.0,,,True
401676136,2024,12,2024-11-16T19:00:00.000Z,446,Martin Luther,Upper Midwest,2399,Minnesota Morris,Upper Midwest,7.0,,,41.0,,,False
401674652,2024,2,2024-09-07T18:00:00.000Z,2371,Mary Hardin-Baylor,American Southwest,2064,Bethel University Tennessee,,10.0,,,20.0,,,False
401675938,2024,4,2024-09-21T18:00:00.000Z,2371,Mary Hardin-Baylor,American Southwest,2745,Wisconsin-Whitewater,Wisconsin,35.0,,,17.0,,,False
401674653,2024,6,2024-10-05T18:00:00.000Z,2371,Mary Hardin-Baylor,American Southwest,2194,East Texas Baptist University,American Southwest,42.0,,,28.0,,,True
401674640,2024,7,2024-10-12T18:00:00.000Z,2371,Mary Hardin-Baylor,American Southwest,2810,Hardin-Simmons,American Southwest,21.0,,,44.0,,,True
401674650,2024,8,2024-10-19T19:30:00.000Z,2371,Mary Hardin-Baylor,American Southwest,2758,Howard Payne,American Southwest,41.0,,,0.0,,,False
401674654,2024,10,2024-11-02T18:00:00.000Z,2371,Mary Hardin-Baylor,American Southwest,2194,East Texas Baptist University,American Southwest,27.0,,,14.0,,,False
401674644,2024,11,2024-11-09T19:00:00.000Z,2371,Mary Hardin-Baylor,American Southwest,2810,Hardin-Simmons,American Southwest,19.0,,,27.0,,,False
401674655,2024,12,2024-11-16T19:00:00.000Z,2371,Mary Hardin-Baylor,American Southwest,2758,Howard Payne,American Southwest,63.0,,,7.0,,,True
401734587,2024,13,2024-11-23T18:00:00.000Z,2371,Mary Hardin-Baylor,American Southwest,386,Trinity University TX,Southern Athletic,29.0,,,22.0,,,False
401734987,2024,14,2024-11-30T18:00:00.000Z,2371,Mary Hardin-Baylor,American Southwest,2810,Hardin-Simmons,American Southwest,17.0,,,13.0,,,False
401735989,2024,15,2024-12-07T20:00:00.000Z,2371,Mary Hardin-Baylor,American Southwest,203,Linfield College,Northwest,28.0,,,18.0,,,True
401737151,2024,16,2024-12-14T17:00:00.000Z,2371,Mary Hardin-Baylor,American Southwest,118,Johns Hopkins University,Centennial,10.0,,,17.0,,,False
401628451,2024,1,2024-08-31T16:00:00.000Z,120,Maryland,Big Ten,41,UConn,FBS Independents,50.0,1630.0,1703.0,7.0,1230.0,1157.0,True
401628465,2024,2,2024-09-07T19:30:00.000Z,120,Maryland,Big Ten,127,Michigan State,Big Ten,24.0,1703.0,1679.0,27.0,1401.0,1425.0,True
401628478,2024,3,2024-09-15T00:00:00.000Z,120,Maryland,Big Ten,258,Virginia,ACC,27.0,1679.0,1678.0,13.0,1317.0,1318.0,False
401628488,2024,4,2024-09-21T16:00:00.000Z,120,Maryland,Big Ten,222,Villanova,CAA,38.0,1698.0,1698.0,20.0,,,True
401628496,2024,5,2024-09-28T16:00:00.000Z,120,Maryland,Big Ten,84,Indiana,Big Ten,28.0,1678.0,1642.0,42.0,1592.0,1628.0,False
401628513,2024,7,2024-10-12T00:00:00.000Z,120,Maryland,Big Ten,77,Northwestern,Big Ten,10.0,1642.0,1546.0,37.0,1473.0,1569.0,True
401628521,2024,8,2024-10-19T20:00:00.000Z,120,Maryland,Big Ten,30,USC,Big Ten,29.0,1546.0,1553.0,28.0,1763.0,1756.0,True
401628528,2024,9,2024-10-26T19:30:00.000Z,120,Maryland,Big Ten,135,Minnesota,Big Ten,23.0,1553.0,1488.0,48.0,1534.0,1599.0,False
401628543,2024,11,2024-11-10T00:00:00.000Z,120,Maryland,Big Ten,2483,Oregon,Big Ten,18.0,1488.0,1491.0,39.0,2050.0,2047.0,False
401628548,2024,12,2024-11-16T23:00:00.000Z,120,Maryland,Big Ten,164,Rutgers,Big Ten,17.0,1491.0,1453.0,31.0,1434.0,1472.0,True
401628556,2024,13,2024-11-23T17:00:00.000Z,120,Maryland,Big Ten,2294,Iowa,Big Ten,13.0,1453.0,1447.0,29.0,1780.0,1786.0,True
401628565,2024,14,2024-11-30T20:30:00.000Z,120,Maryland,Big Ten,213,Penn State,Big Ten,7.0,1447.0,1407.0,44.0,1971.0,2011.0,False
401676023,2024,2,2024-09-07T17:00:00.000Z,2373,Maryville College (TN),USA South,2553,Sewanee,Southern Athletic,23.0,,,9.0,,,True
401676024,2024,3,2024-09-14T23:00:00.000Z,2373,Maryville College (TN),USA South,2121,Centre College Kentucky,Southern Athletic,14.0,,,17.0,,,False
401675998,2024,4,2024-09-21T17:00:00.000Z,2373,Maryville College (TN),USA South,2896,Southern Virginia,USA South,54.0,,,6.0,,,False
401676025,2024,5,2024-09-28T17:00:00.000Z,2373,Maryville College (TN),USA South,2913,Brevard College,USA South,0.0,,,0.0,,,True
401676026,2024,6,2024-10-05T17:00:00.000Z,2373,Maryville College (TN),USA South,548,Lagrange College,USA South,38.0,,,13.0,,,False
401676027,2024,8,2024-10-19T17:00:00.000Z,2373,Maryville College (TN),USA South,2938,Huntingdon College (AL),USA South,44.0,,,16.0,,,True
401676020,2024,9,2024-10-26T17:00:00.000Z,2373,Maryville College (TN),USA South,291,Methodist,USA South,48.0,,,6.0,,,True
401676028,2024,10,2024-11-02T18:00:00.000Z,2373,Maryville College (TN),USA South,2056,Belhaven,USA South,42.0,,,11.0,,,False
401676029,2024,11,2024-11-09T17:00:00.000Z,2373,Maryville College (TN),USA South,2256,Greensboro College,USA South,47.0,,,7.0,,,False
401676014,2024,12,2024-11-16T17:00:00.000Z,2373,Maryville College (TN),USA South,286,North Carolina Wesleyan,USA South,35.0,,,14.0,,,True
401734588,2024,13,2024-11-23T17:00:00.000Z,2373,Maryville College (TN),USA South,2757,Berry College,Southern Athletic,20.0,,,16.0,,,False
401734925,2024,14,2024-11-30T17:00:00.000Z,2373,Maryville College (TN),USA South,83,Depauw,North Coast,20.0,,,45.0,,,False
401674895,2024,2,2024-09-06T23:00:00.000Z,110,Mass Maritime,MSCAC,2951,SUNY Maritime,NEWMAC,14.0,,,22.0,,,False
401674896,2024,3,2024-09-13T23:00:00.000Z,110,Mass Maritime,MSCAC,2843,Western Connecticut St,MSCAC,6.0,,,44.0,,,True
401674878,2024,4,2024-09-21T16:00:00.000Z,110,Mass Maritime,MSCAC,293,Castleton,MSCAC,20.0,,,14.0,,,False
401674897,2024,5,2024-09-28T17:00:00.000Z,110,Mass Maritime,MSCAC,2972,Plymouth State,MSCAC,29.0,,,6.0,,,True
401674898,2024,6,2024-10-04T23:00:00.000Z,110,Mass Maritime,MSCAC,379,UMass Dartmouth,MSCAC,0.0,,,34.0,,,True
401674891,2024,8,2024-10-19T16:00:00.000Z,110,Mass Maritime,MSCAC,114,Fitchburg State,MSCAC,21.0,,,3.0,,,False
401674899,2024,9,2024-10-26T16:00:00.000Z,110,Mass Maritime,MSCAC,2967,Framingham State,MSCAC,21.0,,,6.0,,,False
401674900,2024,10,2024-10-31T23:00:00.000Z,110,Mass Maritime,MSCAC,2909,Westfield State,MSCAC,10.0,,,13.0,,,True
401674901,2024,11,2024-11-09T17:00:00.000Z,110,Mass Maritime,MSCAC,402,Worcester St,MSCAC,34.0,,,7.0,,,False
401674902,2024,12,2024-11-16T17:00:00.000Z,110,Mass Maritime,MSCAC,18,Bridgewater State,MSCAC,0.0,,,20.0,,,False
401629039,2024,1,2024-08-31T19:30:00.000Z,113,Massachusetts,FBS Independents,2199,Eastern Michigan,Mid-American,14.0,1141.0,1123.0,28.0,1287.0,1305.0,True
401629040,2024,2,2024-09-07T19:30:00.000Z,113,Massachusetts,FBS Independents,2649,Toledo,Mid-American,23.0,1123.0,1125.0,38.0,1526.0,1524.0,False
401629041,2024,3,2024-09-14T17:00:00.000Z,113,Massachusetts,FBS Independents,2084,Buffalo,Mid-American,3.0,1125.0,1063.0,34.0,1298.0,1360.0,False
401629042,2024,4,2024-09-21T19:30:00.000Z,113,Massachusetts,FBS Independents,2115,Central Connecticut,NEC,35.0,1057.0,1057.0,31.0,,,True
401629043,2024,5,2024-09-28T19:30:00.000Z,113,Massachusetts,FBS Independents,193,Miami (OH),Mid-American,20.0,1063.0,1067.0,23.0,1450.0,1446.0,False
401629044,2024,6,2024-10-05T16:00:00.000Z,113,Massachusetts,FBS Independents,2459,Northern Illinois,Mid-American,20.0,1067.0,1070.0,34.0,1455.0,1452.0,False
401628389,2024,7,2024-10-12T16:00:00.000Z,113,Massachusetts,FBS Independents,142,Missouri,SEC,3.0,1070.0,1025.0,45.0,1692.0,1737.0,True
401645308,2024,9,2024-10-26T19:30:00.000Z,113,Massachusetts,FBS Independents,2681,Wagner,NEC,35.0,986.0,986.0,7.0,,,True
401628409,2024,10,2024-11-02T20:15:00.000Z,113,Massachusetts,FBS Independents,344,Mississippi State,SEC,20.0,1025.0,994.0,45.0,1322.0,1353.0,False
401629046,2024,12,2024-11-16T17:00:00.000Z,113,Massachusetts,FBS Independents,2335,Liberty,Conference USA,34.0,994.0,1017.0,35.0,1568.0,1545.0,True
401628430,2024,13,2024-11-23T17:45:00.000Z,113,Massachusetts,FBS Independents,61,Georgia,SEC,21.0,1017.0,1023.0,59.0,2029.0,2023.0,False
401629038,2024,14,2024-11-30T17:00:00.000Z,113,Massachusetts,FBS Independents,41,UConn,FBS Independents,42.0,1023.0,1040.0,47.0,1414.0,1397.0,True
401674617,2024,3,2024-09-14T18:00:00.000Z,561,Mayville State,,6845,Nebraska Wesleyan,American Rivers,24.0,,,34.0,,,True
401676658,2024,2,2024-09-06T23:00:00.000Z,2700,McDaniel College,Centennial,2108,Catholic,Landmark Conference,7.0,,,3.0,,,True
401676673,2024,3,2024-09-14T17:00:00.000Z,2700,McDaniel College,Centennial,2827,Rowan,New Jersey,20.0,,,30.0,,,False
401676255,2024,4,2024-09-21T17:00:00.000Z,2700,McDaniel College,Centennial,2970,William Paterson,New Jersey,14.0,,,27.0,,,True
401674682,2024,6,2024-10-04T23:00:00.000Z,2700,McDaniel College,Centennial,2248,Gettysburg,Centennial,7.0,,,20.0,,,False
401674700,2024,7,2024-10-12T18:00:00.000Z,2700,McDaniel College,Centennial,2422,Muhlenberg,Centennial,6.0,,,34.0,,,True
401674674,2024,8,2024-10-19T17:00:00.000Z,2700,McDaniel College,Centennial,2175,Dickinson (PA),Centennial,0.0,,,24.0,,,False
401676678,2024,9,2024-10-26T17:00:00.000Z,2700,McDaniel College,Centennial,2234,Franklin & Marshall,Centennial,0.0,,,24.0,,,False
401678583,2024,10,2024-11-02T17:00:00.000Z,2700,McDaniel College,Centennial,2667,Ursinus,Centennial,0.0,,,42.0,,,True
401676249,2024,11,2024-11-09T18:00:00.000Z,2700,McDaniel College,Centennial,2532,Salisbury,New Jersey,13.0,,,69.0,,,False
401674696,2024,12,2024-11-16T17:00:00.000Z,2700,McDaniel College,Centennial,118,Johns Hopkins University,Centennial,0.0,,,35.0,,,True
401674518,2024,2,2024-09-05T23:00:00.000Z,2816,McKendree,Great Lakes,110242,West Florida,Gulf South,6.0,,,38.0,,,False
401674509,2024,3,2024-09-15T00:00:00.000Z,2816,McKendree,Great Lakes,2876,Lincoln (MO),Great Lakes,34.0,,,19.0,,,False
401674330,2024,4,2024-09-21T17:00:00.000Z,2816,McKendree,Great Lakes,2817,Minnesota State Moorhead,Northern Sun,22.0,,,15.0,,,True
401654847,2024,5,2024-09-28T23:00:00.000Z,2816,McKendree,Great Lakes,2710,Western Illinois,Big South-OVC,32.0,,,49.0,,,False
401674519,2024,6,2024-10-05T20:00:00.000Z,2816,McKendree,Great Lakes,2825,Quincy,Great Lakes,10.0,,,34.0,,,True
401674520,2024,7,2024-10-12T18:00:00.000Z,2816,McKendree,Great Lakes,2586,Southwest Baptist,Great Lakes,37.0,,,14.0,,,True
401674503,2024,8,2024-10-19T18:00:00.000Z,2816,McKendree,Great Lakes,2292,Indianapolis,Great Lakes,34.0,,,42.0,,,True
401674521,2024,9,2024-10-26T19:00:00.000Z,2816,McKendree,Great Lakes,2654,Truman State,Great Lakes,28.0,,,21.0,,,False
401674522,2024,10,2024-11-02T18:00:00.000Z,2816,McKendree,Great Lakes,2402,Missouri S&T,Great Lakes,27.0,,,20.0,,,False
401674523,2024,11,2024-11-09T19:00:00.000Z,2816,McKendree,Great Lakes,389,Upper Iowa University,Great Lakes,24.0,,,28.0,,,True
401674524,2024,12,2024-11-16T19:00:00.000Z,2816,McKendree,Great Lakes,2911,William Jewell,Great Lakes,14.0,,,45.0,,,False
401674656,2024,2,2024-09-08T00:00:00.000Z,241,McMurry,Southern Collegiate Athletic,2588,Southwestern University,Southern Athletic,20.0,,,24.0,,,False
401674657,2024,3,2024-09-14T23:00:00.000Z,241,McMurry,Southern Collegiate Athletic,101161,LYONCOLL,Southern Collegiate Athletic,48.0,,,6.0,,,True
401674658,2024,4,2024-09-21T23:00:00.000Z,241,McMurry,Southern Collegiate Athletic,2639,Texas Lutheran,Southern Collegiate Athletic,31.0,,,10.0,,,True
401674629,2024,5,2024-09-28T18:00:00.000Z,241,McMurry,Southern Collegiate Athletic,2045,Austin,Southern Collegiate Athletic,34.0,,,9.0,,,False
401674659,2024,7,2024-10-12T22:00:00.000Z,241,McMurry,Southern Collegiate Athletic,101442,CENTENARY,Southern Collegiate Athletic,28.0,,,10.0,,,False
401674641,2024,8,2024-10-19T23:00:00.000Z,241,McMurry,Southern Collegiate Athletic,2810,Hardin-Simmons,American Southwest,12.0,,,17.0,,,True
401674660,2024,9,2024-10-26T21:00:00.000Z,241,McMurry,Southern Collegiate Athletic,2639,Texas Lutheran,Southern Collegiate Athletic,6.0,,,28.0,,,False
401674634,2024,10,2024-11-02T18:00:00.000Z,241,McMurry,Southern Collegiate Athletic,2045,Austin,Southern Collegiate Athletic,31.0,,,3.0,,,True
401674661,2024,11,2024-11-09T20:00:00.000Z,241,McMurry,Southern Collegiate Athletic,101161,LYONCOLL,Southern Collegiate Athletic,28.0,,,0.0,,,False
401674662,2024,12,2024-11-16T18:00:00.000Z,241,McMurry,Southern Collegiate Athletic,101442,CENTENARY,Southern Collegiate Athletic,49.0,,,12.0,,,True
401654557,2024,1,2024-09-01T00:00:00.000Z,2377,McNeese,Southland,2582,Southern,SWAC,21.0,,,7.0,,,True
401654665,2024,1,2024-08-24T19:30:00.000Z,2377,McNeese,Southland,2627,Tarleton State,UAC,23.0,,,26.0,,,False
401628348,2024,2,2024-09-07T16:45:00.000Z,2377,McNeese,Southland,245,Texas A&M,SEC,10.0,,,52.0,1666.0,1666.0,False
401675115,2024,3,2024-09-15T00:00:00.000Z,2377,McNeese,Southland,2617,Stephen F. Austin,Southland,28.0,,,24.0,,,True
401654602,2024,4,2024-09-22T00:00:00.000Z,2377,McNeese,Southland,2016,Alcorn State,SWAC,42.0,,,14.0,,,True
401655617,2024,5,2024-09-29T00:00:00.000Z,2377,McNeese,Southland,2692,Weber State,Big Sky,28.0,,,26.0,,,False
401634031,2024,6,2024-10-05T23:00:00.000Z,2377,McNeese,Southland,2277,Houston Christian,Southland,22.0,,,43.0,,,False
401634022,2024,8,2024-10-19T21:00:00.000Z,2377,McNeese,Southland,2916,Incarnate Word,Southland,17.0,,,30.0,,,False
401634026,2024,9,2024-10-26T20:00:00.000Z,2377,McNeese,Southland,2447,Nicholls,Southland,19.0,,,24.0,,,False
401634020,2024,10,2024-11-03T00:00:00.000Z,2377,McNeese,Southland,2837,East Texas A&M,Southland,31.0,,,3.0,,,True
401634036,2024,12,2024-11-16T19:00:00.000Z,2377,McNeese,Southland,2466,Northwestern State,Southland,35.0,,,3.0,,,False
401634042,2024,13,2024-11-24T01:00:00.000Z,2377,McNeese,Southland,2320,Lamar,Southland,24.0,,,26.0,,,True
401645321,2024,1,2024-08-31T23:00:00.000Z,235,Memphis,American Athletic,2453,North Alabama,UAC,40.0,1569.0,1569.0,0.0,,,True
401677080,2024,1,2024-12-18T02:00:00.000Z,235,Memphis,American Athletic,277,West Virginia,Big 12,42.0,1666.0,1657.0,37.0,1446.0,1455.0,False
401643784,2024,2,2024-09-07T16:00:00.000Z,235,Memphis,American Athletic,2653,Troy,Sun Belt,38.0,1569.0,1625.0,17.0,1629.0,1573.0,True
401635542,2024,3,2024-09-14T16:00:00.000Z,235,Memphis,American Athletic,52,Florida State,ACC,20.0,1625.0,1639.0,12.0,1610.0,1596.0,False
401645329,2024,4,2024-09-21T19:30:00.000Z,235,Memphis,American Athletic,2426,Navy,American Athletic,44.0,1639.0,1597.0,56.0,1409.0,1451.0,False
401641025,2024,5,2024-09-28T23:30:00.000Z,235,Memphis,American Athletic,2393,Middle Tennessee,Conference USA,24.0,1597.0,1598.0,7.0,1182.0,1181.0,True
401645341,2024,7,2024-10-12T19:30:00.000Z,235,Memphis,American Athletic,58,South Florida,American Athletic,21.0,1598.0,1609.0,3.0,1336.0,1325.0,False
401645349,2024,8,2024-10-19T23:30:00.000Z,235,Memphis,American Athletic,249,North Texas,American Athletic,52.0,1609.0,1612.0,44.0,1459.0,1456.0,True
401645353,2024,9,2024-10-26T16:00:00.000Z,235,Memphis,American Athletic,2429,Charlotte,American Athletic,33.0,1612.0,1601.0,28.0,1196.0,1207.0,True
401645359,2024,10,2024-11-02T16:00:00.000Z,235,Memphis,American Athletic,2636,UTSA,American Athletic,36.0,1601.0,1574.0,44.0,1381.0,1408.0,False
401645362,2024,11,2024-11-09T02:00:00.000Z,235,Memphis,American Athletic,242,Rice,American Athletic,27.0,1574.0,1569.0,20.0,1296.0,1301.0,True
401645367,2024,12,2024-11-17T01:00:00.000Z,235,Memphis,American Athletic,5,UAB,American Athletic,53.0,1569.0,1621.0,18.0,1197.0,1145.0,True
401645376,2024,14,2024-11-29T00:30:00.000Z,235,Memphis,American Athletic,2655,Tulane,American Athletic,34.0,1621.0,1666.0,24.0,1874.0,1829.0,False
401634143,2024,1,2024-08-29T23:00:00.000Z,2382,Mercer,Southern,2506,Presbyterian,Pioneer,63.0,,,10.0,,,True
401634144,2024,2,2024-09-07T19:00:00.000Z,2382,Mercer,Southern,2065,Bethune-Cookman,SWAC,31.0,,,2.0,,,False
401632460,2024,3,2024-09-14T22:00:00.000Z,2382,Mercer,Southern,236,Chattanooga,Southern,10.0,,,3.0,,,False
401634145,2024,4,2024-09-21T22:00:00.000Z,2382,Mercer,Southern,2643,The Citadel,Southern,38.0,,,21.0,,,True
401634146,2024,5,2024-09-28T19:00:00.000Z,2382,Mercer,Southern,2747,Wofford,Southern,22.0,,,3.0,,,False
401634147,2024,7,2024-10-12T19:30:00.000Z,2382,Mercer,Southern,163,Princeton,Ivy,34.0,,,7.0,,,True
401634148,2024,8,2024-10-19T19:00:00.000Z,2382,Mercer,Southern,2535,Samford,Southern,35.0,,,55.0,,,False
401634149,2024,9,2024-10-26T19:30:00.000Z,2382,Mercer,Southern,2717,Western Carolina,Southern,44.0,,,34.0,,,True
401634139,2024,10,2024-11-02T19:00:00.000Z,2382,Mercer,Southern,2193,East Tennessee State,Southern,37.0,,,31.0,,,True
401634150,2024,11,2024-11-09T18:30:00.000Z,2382,Mercer,Southern,2678,VMI,Southern,34.0,,,0.0,,,False
401628425,2024,12,2024-11-16T19:00:00.000Z,2382,Mercer,Southern,333,Alabama,SEC,7.0,,,52.0,2130.0,2130.0,False
401634151,2024,13,2024-11-23T20:00:00.000Z,2382,Mercer,Southern,231,Furman,Southern,49.0,,,23.0,,,True
401729756,2024,15,2024-12-07T19:00:00.000Z,2382,Mercer,Southern,227,Rhode Island,CAA,17.0,,,10.0,,,True
401729785,2024,16,2024-12-14T20:30:00.000Z,2382,Mercer,Southern,2449,North Dakota State,MVFC,7.0,,,31.0,,,False
401676189,2024,2,2024-09-07T17:00:00.000Z,2383,Merchant Marine Academy,NEWMAC,2843,Western Connecticut St,MSCAC,44.0,,,27.0,,,True
401676190,2024,3,2024-09-14T16:00:00.000Z,2383,Merchant Marine Academy,NEWMAC,417,Gallaudet,ECFC,55.0,,,7.0,,,False
401676191,2024,5,2024-09-28T16:00:00.000Z,2383,Merchant Marine Academy,NEWMAC,2951,SUNY Maritime,NEWMAC,23.0,,,20.0,,,False
401676192,2024,6,2024-10-05T16:00:00.000Z,2383,Merchant Marine Academy,NEWMAC,2776,Salve Regina,NEWMAC,28.0,,,31.0,,,True
401676193,2024,7,2024-10-12T16:00:00.000Z,2383,Merchant Marine Academy,NEWMAC,109,MIT,NEWMAC,21.0,,,0.0,,,False
401676194,2024,8,2024-10-19T16:00:00.000Z,2383,Merchant Marine Academy,NEWMAC,2467,Norwich,NEWMAC,49.0,,,7.0,,,True
401676195,2024,9,2024-10-26T18:30:00.000Z,2383,Merchant Marine Academy,NEWMAC,2749,Worcester Polytechnic Institute,NEWMAC,24.0,,,35.0,,,False
401676216,2024,11,2024-11-09T17:00:00.000Z,2383,Merchant Marine Academy,NEWMAC,81,Springfield,NEWMAC,7.0,,,42.0,,,True
401676217,2024,12,2024-11-16T17:00:00.000Z,2383,Merchant Marine Academy,NEWMAC,2557,Coast Guard,NEWMAC,21.0,,,42.0,,,True
401674305,2024,1,2024-08-29T23:00:00.000Z,2385,Mercyhurst,NEC,112335,Wheeling,Mountain East,28.0,,,25.0,,,False
401656598,2024,2,2024-09-07T23:00:00.000Z,2385,Mercyhurst,NEC,47,Howard,MEAC,31.0,,,32.0,,,False
401656952,2024,3,2024-09-14T16:00:00.000Z,2385,Mercyhurst,NEC,2523,Robert Morris,NEC,28.0,,,55.0,,,False
401677764,2024,4,2024-09-21T19:05:00.000Z,2385,Mercyhurst,NEC,147,Montana State,Big Sky,13.0,,,52.0,,,False
401679156,2024,5,2024-09-28T17:00:00.000Z,2385,Mercyhurst,NEC,341,Frostburg State,Mountain East,24.0,,,25.0,,,True
401677465,2024,6,2024-10-05T17:00:00.000Z,2385,Mercyhurst,NEC,2085,Buffalo State,Liberty League,55.0,,,0.0,,,True
401654576,2024,7,2024-10-12T16:00:00.000Z,2385,Mercyhurst,NEC,2115,Central Connecticut,NEC,20.0,,,38.0,,,False
401656951,2024,9,2024-10-26T16:00:00.000Z,2385,Mercyhurst,NEC,2529,Sacred Heart,FCS Independents,14.0,,,31.0,,,False
401654592,2024,10,2024-11-02T16:00:00.000Z,2385,Mercyhurst,NEC,2184,Duquesne,NEC,24.0,,,31.0,,,False
401679157,2024,11,2024-11-09T16:00:00.000Z,2385,Mercyhurst,NEC,124179,Lincoln (CA),Independent DII,66.0,,,0.0,,,True
401654635,2024,13,2024-11-23T18:00:00.000Z,2385,Mercyhurst,NEC,2598,St. Francis (PA),NEC,21.0,,,20.0,,,True
401643699,2024,1,2024-08-31T19:30:00.000Z,2771,Merrimack,FCS Independents,2005,Air Force,Mountain West,6.0,,,21.0,1572.0,1572.0,False
401636999,2024,2,2024-09-07T16:00:00.000Z,2771,Merrimack,FCS Independents,41,UConn,FBS Independents,17.0,,,63.0,1139.0,1139.0,False
401654611,2024,3,2024-09-14T22:00:00.000Z,2771,Merrimack,FCS Independents,2083,Bucknell,Patriot,31.0,,,21.0,,,False
401628624,2024,4,2024-09-21T17:00:00.000Z,2771,Merrimack,FCS Independents,311,Maine,CAA,15.0,,,26.0,,,True
401654471,2024,5,2024-09-28T17:00:00.000Z,2771,Merrimack,FCS Independents,159,Dartmouth,Ivy,14.0,,,16.0,,,True
401654513,2024,7,2024-10-12T19:00:00.000Z,2771,Merrimack,FCS Independents,2415,Morgan State,MEAC,32.0,,,24.0,,,False
401654612,2024,8,2024-10-19T17:00:00.000Z,2771,Merrimack,FCS Independents,284,Stonehill,NEC,48.0,,,28.0,,,True
401654613,2024,9,2024-10-26T16:00:00.000Z,2771,Merrimack,FCS Independents,2142,Colgate,Patriot,51.0,,,17.0,,,True
401654609,2024,10,2024-11-02T16:00:00.000Z,2771,Merrimack,FCS Independents,2523,Robert Morris,NEC,0.0,,,6.0,,,False
401654614,2024,12,2024-11-16T17:00:00.000Z,2771,Merrimack,FCS Independents,2529,Sacred Heart,FCS Independents,20.0,,,31.0,,,True
401654615,2024,13,2024-11-23T18:00:00.000Z,2771,Merrimack,FCS Independents,2230,Fordham,Patriot,19.0,,,3.0,,,False
401676015,2024,2,2024-09-07T17:00:00.000Z,291,Methodist,USA South,2828,Shenandoah,Old Dominion,14.0,,,33.0,,,True
401676016,2024,3,2024-09-14T23:00:00.000Z,291,Methodist,USA South,2258,Guilford College,Old Dominion,12.0,,,14.0,,,False
401676017,2024,4,2024-09-21T22:00:00.000Z,291,Methodist,USA South,2256,Greensboro College,USA South,17.0,,,14.0,,,True
401676018,2024,5,2024-09-28T17:00:00.000Z,291,Methodist,USA South,548,Lagrange College,USA South,24.0,,,40.0,,,False
401676010,2024,6,2024-10-05T22:00:00.000Z,291,Methodist,USA South,286,North Carolina Wesleyan,USA South,17.0,,,19.0,,,False
401676019,2024,7,2024-10-12T17:00:00.000Z,291,Methodist,USA South,2938,Huntingdon College (AL),USA South,0.0,,,42.0,,,True
401676002,2024,8,2024-10-19T19:00:00.000Z,291,Methodist,USA South,2896,Southern Virginia,USA South,17.0,,,21.0,,,True
401676020,2024,9,2024-10-26T17:00:00.000Z,291,Methodist,USA South,2373,Maryville College (TN),USA South,6.0,,,48.0,,,False
401676021,2024,10,2024-11-02T16:00:00.000Z,291,Methodist,USA South,2913,Brevard College,USA South,21.0,,,44.0,,,False
401676022,2024,12,2024-11-16T18:00:00.000Z,291,Methodist,USA South,2056,Belhaven,USA South,3.0,,,26.0,,,True
401677097,2024,1,2024-12-28T20:30:00.000Z,2390,Miami,ACC,66,Iowa State,Big 12,41.0,1859.0,1855.0,42.0,1671.0,1675.0,True
401628322,2024,1,2024-08-31T19:30:00.000Z,2390,Miami,ACC,57,Florida,SEC,41.0,1553.0,1618.0,17.0,1562.0,1497.0,False
401635536,2024,2,2024-09-07T22:00:00.000Z,2390,Miami,ACC,50,Florida A&M,SWAC,56.0,1622.0,1622.0,9.0,,,True
401635544,2024,3,2024-09-14T19:30:00.000Z,2390,Miami,ACC,2050,Ball State,Mid-American,62.0,1618.0,1774.0,0.0,1341.0,1185.0,True
401635555,2024,4,2024-09-21T23:00:00.000Z,2390,Miami,ACC,58,South Florida,American Athletic,50.0,1774.0,1837.0,15.0,1476.0,1413.0,False
401634767,2024,5,2024-09-27T23:30:00.000Z,2390,Miami,ACC,259,Virginia Tech,ACC,38.0,1837.0,1834.0,34.0,1614.0,1617.0,True
401635568,2024,6,2024-10-06T02:30:00.000Z,2390,Miami,ACC,25,California,ACC,39.0,1834.0,1822.0,38.0,1537.0,1549.0,False
401635589,2024,8,2024-10-19T16:00:00.000Z,2390,Miami,ACC,97,Louisville,ACC,52.0,1822.0,1826.0,45.0,1695.0,1691.0,False
401635596,2024,9,2024-10-26T23:00:00.000Z,2390,Miami,ACC,52,Florida State,ACC,36.0,1826.0,1848.0,14.0,1526.0,1504.0,True
401635601,2024,10,2024-11-02T16:00:00.000Z,2390,Miami,ACC,150,Duke,ACC,53.0,1848.0,1877.0,31.0,1611.0,1582.0,True
401635609,2024,11,2024-11-09T17:00:00.000Z,2390,Miami,ACC,59,Georgia Tech,ACC,23.0,1877.0,1858.0,28.0,1558.0,1577.0,False
401635618,2024,13,2024-11-23T17:00:00.000Z,2390,Miami,ACC,154,Wake Forest,ACC,42.0,1858.0,1877.0,14.0,1357.0,1338.0,True
401635623,2024,14,2024-11-30T20:30:00.000Z,2390,Miami,ACC,183,Syracuse,ACC,38.0,1877.0,1859.0,42.0,1434.0,1452.0,False
401644683,2024,1,2024-08-31T19:30:00.000Z,193,Miami (OH),Mid-American,77,Northwestern,Big Ten,6.0,1506.0,1490.0,13.0,1498.0,1514.0,False
401677188,2024,1,2024-12-28T21:30:00.000Z,193,Miami (OH),Mid-American,36,Colorado State,Mountain West,43.0,1496.0,1543.0,17.0,1371.0,1324.0,False
401636865,2024,3,2024-09-14T16:00:00.000Z,193,Miami (OH),Mid-American,2132,Cincinnati,Big 12,16.0,1490.0,1458.0,27.0,1397.0,1429.0,True
401628979,2024,4,2024-09-21T19:30:00.000Z,193,Miami (OH),Mid-American,87,Notre Dame,FBS Independents,3.0,1458.0,1450.0,28.0,1992.0,2000.0,False
401629043,2024,5,2024-09-28T19:30:00.000Z,193,Miami (OH),Mid-American,113,Massachusetts,FBS Independents,23.0,1450.0,1446.0,20.0,1063.0,1067.0,True
401644684,2024,6,2024-10-05T19:30:00.000Z,193,Miami (OH),Mid-American,2649,Toledo,Mid-American,20.0,1446.0,1437.0,30.0,1565.0,1574.0,False
401644685,2024,7,2024-10-12T18:00:00.000Z,193,Miami (OH),Mid-American,2199,Eastern Michigan,Mid-American,38.0,1437.0,1486.0,14.0,1310.0,1261.0,False
401644686,2024,8,2024-10-19T19:30:00.000Z,193,Miami (OH),Mid-American,195,Ohio,Mid-American,30.0,1486.0,1497.0,20.0,1405.0,1394.0,True
401644687,2024,9,2024-10-26T18:00:00.000Z,193,Miami (OH),Mid-American,2117,Central Michigan,Mid-American,46.0,1497.0,1569.0,7.0,1188.0,1116.0,True
401644688,2024,11,2024-11-06T01:00:00.000Z,193,Miami (OH),Mid-American,2050,Ball State,Mid-American,27.0,1569.0,1548.0,21.0,1094.0,1115.0,False
401644689,2024,12,2024-11-14T00:00:00.000Z,193,Miami (OH),Mid-American,2309,Kent State,Mid-American,34.0,1548.0,1544.0,7.0,831.0,835.0,True
401644690,2024,13,2024-11-20T01:00:00.000Z,193,Miami (OH),Mid-American,2459,Northern Illinois,Mid-American,20.0,1544.0,1558.0,9.0,1464.0,1450.0,True
401644691,2024,14,2024-11-29T17:00:00.000Z,193,Miami (OH),Mid-American,189,Bowling Green,Mid-American,28.0,1558.0,1590.0,12.0,1498.0,1466.0,False
401673467,2024,15,2024-12-07T17:00:00.000Z,193,Miami (OH),Mid-American,195,Ohio,Mid-American,3.0,1590.0,1496.0,38.0,1585.0,1679.0,True
401628452,2024,1,2024-08-31T23:30:00.000Z,130,Michigan,Big Ten,278,Fresno State,Mountain West,30.0,1973.0,1980.0,10.0,1558.0,1551.0,True
401677102,2024,1,2024-12-31T17:00:00.000Z,130,Michigan,Big Ten,333,Alabama,SEC,19.0,1888.0,1909.0,13.0,2007.0,1986.0,True
401628347,2024,2,2024-09-07T16:00:00.000Z,130,Michigan,Big Ten,251,Texas,SEC,12.0,1980.0,1928.0,31.0,1939.0,1991.0,True
401628479,2024,3,2024-09-14T16:00:00.000Z,130,Michigan,Big Ten,2032,Arkansas State,Sun Belt,28.0,1928.0,1911.0,18.0,1404.0,1421.0,True
401628489,2024,4,2024-09-21T19:30:00.000Z,130,Michigan,Big Ten,30,USC,Big Ten,27.0,1911.0,1910.0,24.0,1768.0,1769.0,True
401628497,2024,5,2024-09-28T16:00:00.000Z,130,Michigan,Big Ten,135,Minnesota,Big Ten,27.0,1910.0,1906.0,24.0,1502.0,1506.0,True
401628505,2024,6,2024-10-05T23:30:00.000Z,130,Michigan,Big Ten,264,Washington,Big Ten,17.0,1906.0,1878.0,27.0,1762.0,1790.0,False
401628518,2024,8,2024-10-19T19:30:00.000Z,130,Michigan,Big Ten,356,Illinois,Big Ten,7.0,1878.0,1817.0,21.0,1541.0,1602.0,False
401628529,2024,9,2024-10-26T23:30:00.000Z,130,Michigan,Big Ten,127,Michigan State,Big Ten,24.0,1817.0,1808.0,17.0,1456.0,1465.0,True
401628536,2024,10,2024-11-02T19:30:00.000Z,130,Michigan,Big Ten,2483,Oregon,Big Ten,17.0,1808.0,1778.0,38.0,2020.0,2050.0,True
401628541,2024,11,2024-11-09T20:30:00.000Z,130,Michigan,Big Ten,84,Indiana,Big Ten,15.0,1778.0,1777.0,20.0,1875.0,1876.0,False
401628557,2024,13,2024-11-23T20:30:00.000Z,130,Michigan,Big Ten,77,Northwestern,Big Ten,50.0,1777.0,1867.0,6.0,1486.0,1396.0,True
401628566,2024,14,2024-11-30T17:00:00.000Z,130,Michigan,Big Ten,194,Ohio State,Big Ten,13.0,1867.0,1888.0,10.0,2120.0,2099.0,False
401628453,2024,1,2024-08-30T23:00:00.000Z,127,Michigan State,Big Ten,2226,Florida Atlantic,American Athletic,16.0,1392.0,1401.0,10.0,1422.0,1413.0,True
401628465,2024,2,2024-09-07T19:30:00.000Z,127,Michigan State,Big Ten,120,Maryland,Big Ten,27.0,1401.0,1425.0,24.0,1703.0,1679.0,False
401628480,2024,3,2024-09-14T19:30:00.000Z,127,Michigan State,Big Ten,2504,Prairie View A&M,SWAC,40.0,1418.0,1418.0,0.0,,,True
401628490,2024,4,2024-09-22T00:00:00.000Z,127,Michigan State,Big Ten,103,Boston College,ACC,19.0,1425.0,1423.0,23.0,1470.0,1472.0,False
401628498,2024,5,2024-09-28T23:30:00.000Z,127,Michigan State,Big Ten,194,Ohio State,Big Ten,7.0,1423.0,1407.0,38.0,2038.0,2054.0,True
401628506,2024,6,2024-10-05T01:00:00.000Z,127,Michigan State,Big Ten,2483,Oregon,Big Ten,10.0,1407.0,1410.0,31.0,1974.0,1971.0,False
401628520,2024,8,2024-10-19T23:30:00.000Z,127,Michigan State,Big Ten,2294,Iowa,Big Ten,32.0,1410.0,1456.0,20.0,1683.0,1637.0,True
401628529,2024,9,2024-10-26T23:30:00.000Z,127,Michigan State,Big Ten,130,Michigan,Big Ten,17.0,1456.0,1465.0,24.0,1817.0,1808.0,False
401628534,2024,10,2024-11-02T19:30:00.000Z,127,Michigan State,Big Ten,84,Indiana,Big Ten,10.0,1465.0,1402.0,47.0,1812.0,1875.0,True
401628547,2024,12,2024-11-16T19:30:00.000Z,127,Michigan State,Big Ten,356,Illinois,Big Ten,16.0,1402.0,1365.0,38.0,1556.0,1593.0,False
401628558,2024,13,2024-11-23T01:00:00.000Z,127,Michigan State,Big Ten,2509,Purdue,Big Ten,24.0,1365.0,1364.0,17.0,1172.0,1173.0,True
401628567,2024,14,2024-11-30T20:30:00.000Z,127,Michigan State,Big Ten,164,Rutgers,Big Ten,14.0,1364.0,1303.0,41.0,1468.0,1529.0,True
401674307,2024,1,2024-08-29T23:00:00.000Z,2392,Michigan Tech,GLIAC,132,Bemidji State,Northern Sun,13.0,,,19.0,,,False
401673249,2024,2,2024-09-05T22:00:00.000Z,2392,Michigan Tech,GLIAC,613,South Dakota Mines,Rocky Mountain,52.0,,,50.0,,,True
401674566,2024,3,2024-09-14T16:00:00.000Z,2392,Michigan Tech,GLIAC,2273,Hillsdale,Great Midwest Athletic,21.0,,,6.0,,,True
401674567,2024,4,2024-09-21T17:00:00.000Z,2392,Michigan Tech,GLIAC,271,Wisconsin-Oshkosh,Wisconsin,44.0,,,7.0,,,False
401674568,2024,6,2024-10-05T16:00:00.000Z,2392,Michigan Tech,GLIAC,131,Wayne State (MI),GLIAC,22.0,,,7.0,,,True
401674569,2024,7,2024-10-12T16:00:00.000Z,2392,Michigan Tech,GLIAC,110254,Davenport,GLIAC,20.0,,,24.0,,,True
401674554,2024,8,2024-10-19T17:00:00.000Z,2392,Michigan Tech,GLIAC,2222,Ferris State,GLIAC,13.0,,,51.0,,,False
401674570,2024,9,2024-10-26T16:00:00.000Z,2392,Michigan Tech,GLIAC,128,Northern Michigan,GLIAC,39.0,,,9.0,,,True
401674571,2024,10,2024-11-02T17:00:00.000Z,2392,Michigan Tech,GLIAC,127991,Roosevelt,GLIAC,20.0,,,7.0,,,False
401674564,2024,11,2024-11-09T17:00:00.000Z,2392,Michigan Tech,GLIAC,125,Grand Valley State University,GLIAC,0.0,,,20.0,,,True
401658347,2024,12,2024-11-16T18:00:00.000Z,2392,Michigan Tech,GLIAC,129,Saginaw Valley State,GLIAC,32.0,,,28.0,,,False
401641023,2024,1,2024-08-31T23:00:00.000Z,2393,Middle Tennessee,Conference USA,2635,Tennessee Tech,Big South-OVC,32.0,1400.0,1400.0,25.0,,,True
401628342,2024,2,2024-09-07T20:15:00.000Z,2393,Middle Tennessee,Conference USA,145,Ole Miss,SEC,3.0,1400.0,1288.0,52.0,1658.0,1770.0,False
401641024,2024,3,2024-09-14T23:00:00.000Z,2393,Middle Tennessee,Conference USA,98,Western Kentucky,Conference USA,21.0,1288.0,1215.0,49.0,1323.0,1396.0,True
401635553,2024,4,2024-09-21T20:00:00.000Z,2393,Middle Tennessee,Conference USA,150,Duke,ACC,17.0,1215.0,1182.0,45.0,1590.0,1623.0,True
401641025,2024,5,2024-09-28T23:30:00.000Z,2393,Middle Tennessee,Conference USA,235,Memphis,American Athletic,7.0,1182.0,1181.0,24.0,1597.0,1598.0,False
401641009,2024,7,2024-10-11T00:00:00.000Z,2393,Middle Tennessee,Conference USA,2348,Louisiana Tech,Conference USA,21.0,1181.0,1116.0,48.0,1223.0,1288.0,False
401641019,2024,8,2024-10-16T00:00:00.000Z,2393,Middle Tennessee,Conference USA,338,Kennesaw State,Conference USA,14.0,1116.0,1142.0,5.0,1281.0,1255.0,True
401641003,2024,9,2024-10-23T23:30:00.000Z,2393,Middle Tennessee,Conference USA,55,Jacksonville State,Conference USA,20.0,1142.0,1137.0,42.0,1637.0,1642.0,False
401641026,2024,10,2024-11-02T19:30:00.000Z,2393,Middle Tennessee,Conference USA,2638,UTEP,Conference USA,20.0,1137.0,1152.0,13.0,1162.0,1147.0,False
401640995,2024,11,2024-11-09T18:00:00.000Z,2393,Middle Tennessee,Conference USA,2335,Liberty,Conference USA,17.0,1152.0,1144.0,37.0,1560.0,1568.0,True
401641027,2024,13,2024-11-23T19:30:00.000Z,2393,Middle Tennessee,Conference USA,166,New Mexico State,Conference USA,21.0,1144.0,1104.0,36.0,1097.0,1137.0,True
401640988,2024,14,2024-11-30T19:00:00.000Z,2393,Middle Tennessee,Conference USA,2229,Florida International,Conference USA,24.0,1104.0,1093.0,35.0,1297.0,1308.0,False
401676170,2024,3,2024-09-14T17:00:00.000Z,2394,Middlebury,NESCAC,336,Wesleyan University (CT),NESCAC,7.0,,,43.0,,,True
401679015,2024,4,2024-09-21T17:00:00.000Z,2394,Middlebury,NESCAC,340,Bowdoin,NESCAC,39.0,,,15.0,,,False
401679013,2024,5,2024-09-28T17:00:00.000Z,2394,Middlebury,NESCAC,33,Colby College,NESCAC,24.0,,,16.0,,,True
401677469,2024,6,2024-10-05T18:00:00.000Z,2394,Middlebury,NESCAC,7,Amherst,NESCAC,29.0,,,21.0,,,False
401676187,2024,7,2024-10-12T18:00:00.000Z,2394,Middlebury,NESCAC,2731,Williams,NESCAC,32.0,,,29.0,,,True
401682362,2024,8,2024-10-19T17:00:00.000Z,2394,Middlebury,NESCAC,2977,Trinity (CT),NESCAC,24.0,,,21.0,,,True
401676152,2024,9,2024-10-26T17:00:00.000Z,2394,Middlebury,NESCAC,121,Bates,NESCAC,20.0,,,21.0,,,False
401676162,2024,10,2024-11-02T16:30:00.000Z,2394,Middlebury,NESCAC,348,Hamilton,NESCAC,35.0,,,0.0,,,True
401676169,2024,11,2024-11-09T17:30:00.000Z,2394,Middlebury,NESCAC,112,Tufts,NESCAC,7.0,,,17.0,,,False
401675538,2024,1,2024-08-30T00:00:00.000Z,2395,Midwestern State,Lone Star,2403,Missouri Southern State,Mid America,18.0,,,11.0,,,True
401673240,2024,2,2024-09-08T00:00:00.000Z,2395,Midwestern State,Lone Star,2714,Western Colorado,Rocky Mountain,33.0,,,38.0,,,False
401675531,2024,4,2024-09-22T00:00:00.000Z,2395,Midwestern State,Lone Star,2201,Eastern New Mexico,Lone Star,36.0,,,15.0,,,False
401675539,2024,5,2024-09-29T00:00:00.000Z,2395,Midwestern State,Lone Star,110243,UT Permian Basin,Lone Star,3.0,,,27.0,,,True
401675540,2024,6,2024-10-06T00:00:00.000Z,2395,Midwestern State,Lone Star,2658,Texas A&M-Kingsville,Lone Star,13.0,,,40.0,,,False
401675541,2024,7,2024-10-13T00:00:00.000Z,2395,Midwestern State,Lone Star,2834,Sul Ross State,Lone Star,40.0,,,21.0,,,True
401675517,2024,8,2024-10-20T00:00:00.000Z,2395,Midwestern State,Lone Star,2025,Angelo State,Lone Star,7.0,,,44.0,,,True
401675527,2024,9,2024-10-27T01:00:00.000Z,2395,Midwestern State,Lone Star,2120,Central Washington,Lone Star,21.0,,,42.0,,,False
401675542,2024,10,2024-11-03T00:00:00.000Z,2395,Midwestern State,Lone Star,2848,Western Oregon,Lone Star,16.0,,,21.0,,,True
401675543,2024,11,2024-11-10T00:00:00.000Z,2395,Midwestern State,Lone Star,2704,West Texas A&M,Lone Star,12.0,,,17.0,,,False
401675544,2024,12,2024-11-16T19:00:00.000Z,2395,Midwestern State,Lone Star,2703,Western New Mexico,Lone Star,52.0,,,24.0,,,True
401675508,2024,1,2024-08-31T23:00:00.000Z,2396,Miles College,SIAC,2695,West Alabama,Gulf South,15.0,,,16.0,,,False
401636344,2024,2,2024-09-07T22:00:00.000Z,2396,Miles College,SIAC,2011,Alabama State,SWAC,3.0,,,24.0,,,False
401675607,2024,4,2024-09-21T21:00:00.000Z,2396,Miles College,SIAC,2323,Lane College,SIAC,42.0,,,32.0,,,True
401675573,2024,5,2024-09-28T17:00:00.000Z,2396,Miles College,SIAC,2019,Allen,SIAC,33.0,,,13.0,,,False
401675611,2024,6,2024-10-05T21:00:00.000Z,2396,Miles College,SIAC,2119,Central State (OH),SIAC,16.0,,,7.0,,,True
401675565,2024,7,2024-10-12T19:00:00.000Z,2396,Miles College,SIAC,2013,Albany State GA,SIAC,32.0,,,21.0,,,True
401675591,2024,8,2024-10-19T17:00:00.000Z,2396,Miles College,SIAC,2805,Clark Atlanta,SIAC,49.0,,,28.0,,,False
401675583,2024,9,2024-10-26T18:00:00.000Z,2396,Miles College,SIAC,490,Benedict College,SIAC,26.0,,,14.0,,,False
401675612,2024,10,2024-11-02T19:00:00.000Z,2396,Miles College,SIAC,60,Morehouse College,SIAC,37.0,,,3.0,,,True
401675613,2024,11,2024-11-09T19:00:00.000Z,2396,Miles College,SIAC,2657,Tuskegee,SIAC,37.0,,,7.0,,,False
401733667,2024,12,2024-11-16T17:00:00.000Z,2396,Miles College,SIAC,2805,Clark Atlanta,SIAC,53.0,,,25.0,,,True
401734580,2024,13,2024-11-23T17:00:00.000Z,2396,Miles College,SIAC,2105,Carson-Newman College,South Atlantic,14.0,,,13.0,,,True
401734921,2024,14,2024-11-30T18:00:00.000Z,2396,Miles College,SIAC,2673,Valdosta State,Gulf South,17.0,,,33.0,,,False
401676074,2024,1,2024-08-29T23:00:00.000Z,210,Millersville,Pennsylvania State Athletic,2134,Clarion,Pennsylvania State Athletic,7.0,,,36.0,,,True
401658358,2024,2,2024-09-05T23:00:00.000Z,210,Millersville,Pennsylvania State Athletic,341,Frostburg State,Mountain East,6.0,,,23.0,,,False
401676084,2024,4,2024-09-21T18:00:00.000Z,210,Millersville,Pennsylvania State Athletic,2291,Indiana-Pennsylvania,Pennsylvania State Athletic,14.0,,,42.0,,,True
401676105,2024,5,2024-09-28T17:00:00.000Z,210,Millersville,Pennsylvania State Athletic,209,Lock Haven University,Pennsylvania State Athletic,23.0,,,24.0,,,False
401674367,2024,6,2024-10-05T16:00:00.000Z,210,Millersville,Pennsylvania State Athletic,2188,East Stroudsburg University,Pennsylvania State Athletic,17.0,,,57.0,,,True
401676114,2024,7,2024-10-12T16:00:00.000Z,210,Millersville,Pennsylvania State Athletic,2559,Shippensburg,Pennsylvania State Athletic,27.0,,,35.0,,,True
401676115,2024,8,2024-10-19T16:00:00.000Z,210,Millersville,Pennsylvania State Athletic,2974,Shepherd,Pennsylvania State Athletic,21.0,,,35.0,,,False
401676116,2024,9,2024-10-26T18:00:00.000Z,210,Millersville,Pennsylvania State Athletic,223,West Chester,Pennsylvania State Athletic,23.0,,,41.0,,,False
401676098,2024,10,2024-11-02T16:00:00.000Z,210,Millersville,Pennsylvania State Athletic,2315,Kutztown University,Pennsylvania State Athletic,17.0,,,49.0,,,True
401674347,2024,11,2024-11-09T19:00:00.000Z,210,Millersville,Pennsylvania State Athletic,2071,Bloomsburg,Pennsylvania State Athletic,27.0,,,35.0,,,False
401674379,2024,12,2024-11-16T17:00:00.000Z,210,Millersville,Pennsylvania State Athletic,2205,Edinboro University,Pennsylvania State Athletic,23.0,,,21.0,,,False
401673445,2024,2,2024-09-07T18:00:00.000Z,74,Millikin,CCIW,2286,Illinois College,Midwest,21.0,,,46.0,,,True
401674732,2024,4,2024-09-21T18:00:00.000Z,74,Millikin,CCIW,75,North Park,CCIW,0.0,,,44.0,,,False
401673948,2024,5,2024-09-28T18:00:00.000Z,74,Millikin,CCIW,2042,Augustana (IL),CCIW,20.0,,,24.0,,,True
401673959,2024,6,2024-10-05T19:00:00.000Z,74,Millikin,CCIW,32,Carroll University (WI),CCIW,14.0,,,49.0,,,False
401674733,2024,7,2024-10-12T18:00:00.000Z,74,Millikin,CCIW,3071,North Central College,CCIW,14.0,,,70.0,,,True
401674729,2024,8,2024-10-19T18:00:00.000Z,74,Millikin,CCIW,306,Illinois Wesleyan,CCIW,8.0,,,51.0,,,False
401673971,2024,9,2024-10-26T18:00:00.000Z,74,Millikin,CCIW,2106,Carthage,CCIW,20.0,,,24.0,,,True
401674734,2024,10,2024-11-02T17:00:00.000Z,74,Millikin,CCIW,143,Washington University (St. Louis),CCIW,21.0,,,70.0,,,False
401674735,2024,11,2024-11-09T19:00:00.000Z,74,Millikin,CCIW,396,Wheaton,CCIW,10.0,,,64.0,,,True
401673979,2024,12,2024-11-16T19:00:00.000Z,74,Millikin,CCIW,72,Elmhurst,CCIW,7.0,,,35.0,,,False
401676065,2024,2,2024-09-06T00:00:00.000Z,2398,Millsaps,Southern Athletic,2056,Belhaven,USA South,23.0,,,21.0,,,True
401677411,2024,4,2024-09-21T17:00:00.000Z,2398,Millsaps,Southern Athletic,2079,Bridgewater (VA),Old Dominion,14.0,,,28.0,,,True
401676265,2024,5,2024-09-28T17:00:00.000Z,2398,Millsaps,Southern Athletic,2553,Sewanee,Southern Athletic,31.0,,,21.0,,,False
401676363,2024,7,2024-10-12T18:30:00.000Z,2398,Millsaps,Southern Athletic,2121,Centre College Kentucky,Southern Athletic,20.0,,,24.0,,,True
401677410,2024,8,2024-10-19T16:00:00.000Z,2398,Millsaps,Southern Athletic,2588,Southwestern University,Southern Athletic,17.0,,,14.0,,,False
401676371,2024,9,2024-10-26T19:00:00.000Z,2398,Millsaps,Southern Athletic,418,Hendrix College,Southern Athletic,27.0,,,26.0,,,True
401676303,2024,10,2024-11-02T19:00:00.000Z,2398,Millsaps,Southern Athletic,2519,Rhodes College,Southern Athletic,24.0,,,31.0,,,False
401676417,2024,11,2024-11-09T18:00:00.000Z,2398,Millsaps,Southern Athletic,2757,Berry College,Southern Athletic,7.0,,,45.0,,,False
401676263,2024,12,2024-11-16T19:00:00.000Z,2398,Millsaps,Southern Athletic,386,Trinity University TX,Southern Athletic,24.0,,,38.0,,,True
401628448,2024,1,2024-08-30T00:00:00.000Z,135,Minnesota,Big Ten,153,North Carolina,ACC,17.0,1492.0,1492.0,19.0,1546.0,1546.0,True
401677107,2024,1,2025-01-04T00:30:00.000Z,135,Minnesota,Big Ten,259,Virginia Tech,ACC,24.0,1646.0,1674.0,10.0,1675.0,1647.0,False
401628466,2024,2,2024-09-07T16:00:00.000Z,135,Minnesota,Big Ten,227,Rhode Island,CAA,48.0,1490.0,1490.0,0.0,,,True
401628481,2024,3,2024-09-14T19:30:00.000Z,135,Minnesota,Big Ten,2440,Nevada,Mountain West,27.0,1492.0,1537.0,0.0,1273.0,1228.0,True
401628487,2024,4,2024-09-21T23:30:00.000Z,135,Minnesota,Big Ten,2294,Iowa,Big Ten,14.0,1537.0,1502.0,31.0,1591.0,1626.0,True
401628497,2024,5,2024-09-28T16:00:00.000Z,135,Minnesota,Big Ten,130,Michigan,Big Ten,24.0,1502.0,1506.0,27.0,1910.0,1906.0,False
401628507,2024,6,2024-10-05T23:30:00.000Z,135,Minnesota,Big Ten,30,USC,Big Ten,24.0,1506.0,1533.0,17.0,1786.0,1759.0,True
401628514,2024,7,2024-10-13T01:00:00.000Z,135,Minnesota,Big Ten,26,UCLA,Big Ten,21.0,1533.0,1534.0,17.0,1453.0,1452.0,False
401628528,2024,9,2024-10-26T19:30:00.000Z,135,Minnesota,Big Ten,120,Maryland,Big Ten,48.0,1534.0,1599.0,23.0,1553.0,1488.0,True
401628533,2024,10,2024-11-02T16:00:00.000Z,135,Minnesota,Big Ten,356,Illinois,Big Ten,25.0,1599.0,1612.0,17.0,1569.0,1556.0,False
401628544,2024,11,2024-11-09T17:00:00.000Z,135,Minnesota,Big Ten,164,Rutgers,Big Ten,19.0,1612.0,1590.0,26.0,1412.0,1434.0,False
401628559,2024,13,2024-11-23T20:30:00.000Z,135,Minnesota,Big Ten,213,Penn State,Big Ten,25.0,1590.0,1606.0,26.0,1987.0,1971.0,True
401628568,2024,14,2024-11-29T17:00:00.000Z,135,Minnesota,Big Ten,275,Wisconsin,Big Ten,24.0,1606.0,1646.0,7.0,1594.0,1554.0,False
401674318,2024,1,2024-08-29T22:00:00.000Z,134,Minnesota Duluth,Northern Sun,128,Northern Michigan,GLIAC,35.0,,,7.0,,,False
401674319,2024,3,2024-09-14T19:00:00.000Z,134,Minnesota Duluth,Northern Sun,2817,Minnesota State Moorhead,Northern Sun,29.0,,,30.0,,,True
401674320,2024,4,2024-09-21T19:00:00.000Z,134,Minnesota Duluth,Northern Sun,559,University of Mary,Northern Sun,43.0,,,7.0,,,False
401674321,2024,5,2024-09-28T17:05:00.000Z,134,Minnesota Duluth,Northern Sun,2587,Southwest Minnesota State,Northern Sun,62.0,,,0.0,,,True
401674322,2024,6,2024-10-05T18:00:00.000Z,134,Minnesota Duluth,Northern Sun,2043,Augustana University (SD),Northern Sun,24.0,,,28.0,,,False
401674323,2024,7,2024-10-12T17:00:00.000Z,134,Minnesota Duluth,Northern Sun,425,Northern State,Northern Sun,21.0,,,24.0,,,True
401674324,2024,8,2024-10-19T18:00:00.000Z,134,Minnesota Duluth,Northern Sun,2894,Sioux Falls,Northern Sun,21.0,,,24.0,,,False
401674325,2024,9,2024-10-26T17:00:00.000Z,134,Minnesota Duluth,Northern Sun,568,Minot State,Northern Sun,35.0,,,21.0,,,True
401674326,2024,10,2024-11-02T18:00:00.000Z,134,Minnesota Duluth,Northern Sun,2851,Winona State,Northern Sun,42.0,,,38.0,,,False
401674327,2024,11,2024-11-09T18:00:00.000Z,134,Minnesota Duluth,Northern Sun,3066,Concordia University St Paul,Northern Sun,35.0,,,7.0,,,False
401674328,2024,12,2024-11-16T18:00:00.000Z,134,Minnesota Duluth,Northern Sun,2364,Minnesota State Mankato,Northern Sun,30.0,,,16.0,,,True
401674982,2024,2,2024-09-07T23:00:00.000Z,2399,Minnesota Morris,Upper Midwest,2359,Macalester,Minnesota,17.0,,,16.0,,,True
401674978,2024,3,2024-09-14T23:00:00.000Z,2399,Minnesota Morris,Upper Midwest,162,Hamline University,Minnesota,20.0,,,25.0,,,False
401674957,2024,4,2024-09-21T19:00:00.000Z,2399,Minnesota Morris,Upper Midwest,2101,Carleton,Minnesota,7.0,,,28.0,,,False
401676133,2024,6,2024-10-05T18:00:00.000Z,2399,Minnesota Morris,Upper Midwest,446,Martin Luther,Upper Midwest,14.0,,,21.0,,,False
401676121,2024,7,2024-10-12T17:00:00.000Z,2399,Minnesota Morris,Upper Midwest,433,Westminster College (MO),Upper Midwest,32.0,,,7.0,,,True
401676129,2024,8,2024-10-19T18:00:00.000Z,2399,Minnesota Morris,Upper Midwest,583,Northwestern (MN),Upper Midwest,13.0,,,44.0,,,False
401676134,2024,9,2024-10-26T17:00:00.000Z,2399,Minnesota Morris,Upper Midwest,2257,Greenville,Upper Midwest,27.0,,,42.0,,,True
401676135,2024,10,2024-11-02T21:00:00.000Z,2399,Minnesota Morris,Upper Midwest,509,Crown College,Upper Midwest,27.0,,,6.0,,,False
401676125,2024,11,2024-11-09T18:00:00.000Z,2399,Minnesota Morris,Upper Midwest,433,Westminster College (MO),Upper Midwest,47.0,,,27.0,,,False
401676136,2024,12,2024-11-16T19:00:00.000Z,2399,Minnesota Morris,Upper Midwest,446,Martin Luther,Upper Midwest,41.0,,,7.0,,,True
401674184,2024,1,2024-08-29T23:00:00.000Z,2364,Minnesota State Mankato,Northern Sun,138,Northwest Missouri St,Mid America,36.0,,,22.0,,,False
401674308,2024,2,2024-09-07T23:00:00.000Z,2364,Minnesota State Mankato,Northern Sun,132,Bemidji State,Northern Sun,31.0,,,29.0,,,True
401675840,2024,3,2024-09-14T23:00:00.000Z,2364,Minnesota State Mankato,Northern Sun,2844,Wayne State (NE),Northern Sun,35.0,,,28.0,,,False
401674224,2024,4,2024-09-21T17:00:00.000Z,2364,Minnesota State Mankato,Northern Sun,568,Minot State,Northern Sun,40.0,,,6.0,,,True
401675836,2024,5,2024-09-28T17:00:00.000Z,2364,Minnesota State Mankato,Northern Sun,3066,Concordia University St Paul,Northern Sun,33.0,,,20.0,,,False
401676741,2024,6,2024-10-05T19:00:00.000Z,2364,Minnesota State Mankato,Northern Sun,2894,Sioux Falls,Northern Sun,36.0,,,40.0,,,True
401674333,2024,7,2024-10-12T17:00:00.000Z,2364,Minnesota State Mankato,Northern Sun,2817,Minnesota State Moorhead,Northern Sun,24.0,,,19.0,,,False
401675830,2024,9,2024-10-26T18:00:00.000Z,2364,Minnesota State Mankato,Northern Sun,2043,Augustana University (SD),Northern Sun,16.0,,,34.0,,,True
401675821,2024,10,2024-11-02T19:00:00.000Z,2364,Minnesota State Mankato,Northern Sun,425,Northern State,Northern Sun,24.0,,,14.0,,,False
401675827,2024,11,2024-11-09T18:00:00.000Z,2364,Minnesota State Mankato,Northern Sun,559,University of Mary,Northern Sun,49.0,,,21.0,,,True
401674328,2024,12,2024-11-16T18:00:00.000Z,2364,Minnesota State Mankato,Northern Sun,134,Minnesota Duluth,Northern Sun,16.0,,,30.0,,,False
401734598,2024,13,2024-11-23T18:00:00.000Z,2364,Minnesota State Mankato,Northern Sun,2043,Augustana University (SD),Northern Sun,20.0,,,19.0,,,False
401734990,2024,14,2024-11-30T20:00:00.000Z,2364,Minnesota State Mankato,Northern Sun,2570,CSU Pueblo,Rocky Mountain,26.0,,,23.0,,,False
401735990,2024,15,2024-12-07T20:00:00.000Z,2364,Minnesota State Mankato,Northern Sun,132,Bemidji State,Northern Sun,27.0,,,23.0,,,True
401737153,2024,16,2024-12-14T17:00:00.000Z,2364,Minnesota State Mankato,Northern Sun,2673,Valdosta State,Gulf South,21.0,,,35.0,,,False
401674329,2024,2,2024-09-05T23:00:00.000Z,2817,Minnesota State Moorhead,Northern Sun,2844,Wayne State (NE),Northern Sun,17.0,,,44.0,,,True
401674319,2024,3,2024-09-14T19:00:00.000Z,2817,Minnesota State Moorhead,Northern Sun,134,Minnesota Duluth,Northern Sun,30.0,,,29.0,,,False
401674330,2024,4,2024-09-21T17:00:00.000Z,2817,Minnesota State Moorhead,Northern Sun,2816,McKendree,Great Lakes,15.0,,,22.0,,,False
401674331,2024,5,2024-09-28T17:00:00.000Z,2817,Minnesota State Moorhead,Northern Sun,2043,Augustana University (SD),Northern Sun,43.0,,,41.0,,,True
401674332,2024,6,2024-10-05T18:00:00.000Z,2817,Minnesota State Moorhead,Northern Sun,2851,Winona State,Northern Sun,6.0,,,33.0,,,False
401674333,2024,7,2024-10-12T17:00:00.000Z,2817,Minnesota State Moorhead,Northern Sun,2364,Minnesota State Mankato,Northern Sun,19.0,,,24.0,,,True
401674334,2024,8,2024-10-19T17:00:00.000Z,2817,Minnesota State Moorhead,Northern Sun,3066,Concordia University St Paul,Northern Sun,34.0,,,31.0,,,False
401674335,2024,9,2024-10-26T17:00:00.000Z,2817,Minnesota State Moorhead,Northern Sun,2587,Southwest Minnesota State,Northern Sun,38.0,,,6.0,,,True
401674336,2024,10,2024-11-02T19:00:00.000Z,2817,Minnesota State Moorhead,Northern Sun,568,Minot State,Northern Sun,42.0,,,38.0,,,False
401674316,2024,11,2024-11-09T18:00:00.000Z,2817,Minnesota State Moorhead,Northern Sun,132,Bemidji State,Northern Sun,14.0,,,25.0,,,True
401674337,2024,12,2024-11-16T18:00:00.000Z,2817,Minnesota State Moorhead,Northern Sun,559,University of Mary,Northern Sun,52.0,,,3.0,,,False
401674221,2024,1,2024-08-29T23:00:00.000Z,568,Minot State,Northern Sun,628,Valley City State,,38.0,,,7.0,,,True
401674222,2024,2,2024-09-07T22:00:00.000Z,568,Minot State,Northern Sun,2587,Southwest Minnesota State,Northern Sun,42.0,,,9.0,,,False
401674223,2024,3,2024-09-14T19:00:00.000Z,568,Minot State,Northern Sun,425,Northern State,Northern Sun,17.0,,,14.0,,,True
401674224,2024,4,2024-09-21T17:00:00.000Z,568,Minot State,Northern Sun,2364,Minnesota State Mankato,Northern Sun,6.0,,,40.0,,,False
401674225,2024,5,2024-09-28T18:00:00.000Z,568,Minot State,Northern Sun,2894,Sioux Falls,Northern Sun,26.0,,,22.0,,,True
401674226,2024,6,2024-10-05T18:00:00.000Z,568,Minot State,Northern Sun,2844,Wayne State (NE),Northern Sun,21.0,,,27.0,,,False
401674227,2024,7,2024-10-12T18:00:00.000Z,568,Minot State,Northern Sun,2043,Augustana University (SD),Northern Sun,7.0,,,20.0,,,True
401674313,2024,8,2024-10-19T18:00:00.000Z,568,Minot State,Northern Sun,132,Bemidji State,Northern Sun,9.0,,,21.0,,,False
401674325,2024,9,2024-10-26T17:00:00.000Z,568,Minot State,Northern Sun,134,Minnesota Duluth,Northern Sun,21.0,,,35.0,,,False
401674336,2024,10,2024-11-02T19:00:00.000Z,568,Minot State,Northern Sun,2817,Minnesota State Moorhead,Northern Sun,38.0,,,42.0,,,True
401674228,2024,12,2024-11-16T19:00:00.000Z,568,Minot State,Northern Sun,2851,Winona State,Northern Sun,56.0,,,23.0,,,True
401676661,2024,2,2024-09-07T16:00:00.000Z,2969,Misericordia,Mid Atlantic,122774,Keystone,Landmark Conference,24.0,,,14.0,,,True
401677466,2024,3,2024-09-14T17:00:00.000Z,2969,Misericordia,Mid Atlantic,247,Kings College (PA),Mid Atlantic,14.0,,,41.0,,,False
401673430,2024,4,2024-09-21T16:00:00.000Z,2969,Misericordia,Mid Atlantic,2221,FDU-Florham,Mid Atlantic,20.0,,,35.0,,,True
401673421,2024,5,2024-09-28T17:00:00.000Z,2969,Misericordia,Mid Atlantic,2808,Delaware Valley,Mid Atlantic,0.0,,,13.0,,,False
401674866,2024,7,2024-10-12T16:00:00.000Z,2969,Misericordia,Mid Atlantic,2015,Albright,Mid Atlantic,13.0,,,10.0,,,False
401677467,2024,8,2024-10-19T16:00:00.000Z,2969,Misericordia,Mid Atlantic,2725,Widener,Mid Atlantic,24.0,,,20.0,,,True
401673441,2024,9,2024-10-26T17:00:00.000Z,2969,Misericordia,Mid Atlantic,388,Lebanon Valley,Mid Atlantic,9.0,,,20.0,,,True
401676657,2024,10,2024-11-02T16:00:00.000Z,2969,Misericordia,Mid Atlantic,127954,Eastern University,Mid Atlantic,10.0,,,31.0,,,False
401674874,2024,11,2024-11-09T17:00:00.000Z,2969,Misericordia,Mid Atlantic,471,Stevenson,Mid Atlantic,17.0,,,56.0,,,True
401677468,2024,12,2024-11-16T18:00:00.000Z,2969,Misericordia,Mid Atlantic,111674,Reading,Mid Atlantic,31.0,,,34.0,,,False
401675497,2024,2,2024-09-04T23:00:00.000Z,2401,Mississippi College,Gulf South,2560,Shorter,Gulf South,5.0,,,29.0,,,False
401675485,2024,3,2024-09-14T23:00:00.000Z,2401,Mississippi College,Gulf South,2658,Texas A&M-Kingsville,Lone Star,7.0,,,27.0,,,True
401675486,2024,4,2024-09-21T23:00:00.000Z,2401,Mississippi College,Gulf South,2822,North Greenville,Gulf South,7.0,,,29.0,,,True
401675469,2024,5,2024-09-28T17:00:00.000Z,2401,Mississippi College,Gulf South,2804,Chowan,Gulf South,25.0,,,27.0,,,False
401675487,2024,6,2024-10-05T21:00:00.000Z,2401,Mississippi College,Gulf South,110242,West Florida,Gulf South,0.0,,,31.0,,,False
401675488,2024,7,2024-10-12T19:00:00.000Z,2401,Mississippi College,Gulf South,2695,West Alabama,Gulf South,0.0,,,26.0,,,True
401675489,2024,8,2024-10-19T19:00:00.000Z,2401,Mississippi College,Gulf South,2673,Valdosta State,Gulf South,10.0,,,35.0,,,False
401658354,2024,9,2024-10-26T21:00:00.000Z,2401,Mississippi College,Gulf South,101784,ERSKINE,Gulf South,42.0,,,7.0,,,True
401675490,2024,11,2024-11-09T18:00:00.000Z,2401,Mississippi College,Gulf South,196,Northeastern State,Independent DII,35.0,,,7.0,,,True
401675483,2024,12,2024-11-16T18:00:00.000Z,2401,Mississippi College,Gulf South,2170,Delta State,Gulf South,14.0,,,20.0,,,True
401628326,2024,1,2024-08-31T22:00:00.000Z,344,Mississippi State,SEC,2198,Eastern Kentucky,UAC,56.0,1447.0,1447.0,7.0,,,True
401628343,2024,2,2024-09-08T02:30:00.000Z,344,Mississippi State,SEC,9,Arizona State,Big 12,23.0,1447.0,1440.0,30.0,1497.0,1504.0,False
401628356,2024,3,2024-09-14T23:30:00.000Z,344,Mississippi State,SEC,2649,Toledo,Mid-American,17.0,1440.0,1386.0,41.0,1524.0,1578.0,True
401628367,2024,4,2024-09-21T16:00:00.000Z,344,Mississippi State,SEC,57,Florida,SEC,28.0,1386.0,1355.0,45.0,1485.0,1516.0,True
401628378,2024,5,2024-09-28T20:15:00.000Z,344,Mississippi State,SEC,251,Texas,SEC,13.0,1355.0,1371.0,35.0,2107.0,2091.0,False
401628386,2024,7,2024-10-12T20:15:00.000Z,344,Mississippi State,SEC,61,Georgia,SEC,31.0,1371.0,1395.0,41.0,2033.0,2009.0,False
401628394,2024,8,2024-10-19T20:15:00.000Z,344,Mississippi State,SEC,245,Texas A&M,SEC,24.0,1395.0,1405.0,34.0,1781.0,1771.0,True
401628403,2024,9,2024-10-26T16:45:00.000Z,344,Mississippi State,SEC,8,Arkansas,SEC,25.0,1405.0,1322.0,58.0,1490.0,1573.0,True
401628409,2024,10,2024-11-02T20:15:00.000Z,344,Mississippi State,SEC,113,Massachusetts,FBS Independents,45.0,1322.0,1353.0,20.0,1025.0,994.0,True
401628416,2024,11,2024-11-10T00:00:00.000Z,344,Mississippi State,SEC,2633,Tennessee,SEC,14.0,1353.0,1362.0,33.0,1939.0,1930.0,False
401628432,2024,13,2024-11-23T21:15:00.000Z,344,Mississippi State,SEC,142,Missouri,SEC,20.0,1362.0,1348.0,39.0,1684.0,1698.0,True
401628442,2024,14,2024-11-29T20:30:00.000Z,344,Mississippi State,SEC,145,Ole Miss,SEC,14.0,1348.0,1369.0,26.0,1977.0,1956.0,False
401654584,2024,1,2024-08-31T22:00:00.000Z,2400,Mississippi Valley State,SWAC,2634,Tennessee State,Big South-OVC,21.0,,,41.0,,,False
401654585,2024,2,2024-09-07T23:00:00.000Z,2400,Mississippi Valley State,SWAC,2320,Lamar,Southland,14.0,,,28.0,,,False
401634191,2024,3,2024-09-14T23:00:00.000Z,2400,Mississippi Valley State,SWAC,93,Murray State,MVFC,8.0,,,59.0,,,False
401654586,2024,4,2024-09-21T20:00:00.000Z,2400,Mississippi Valley State,SWAC,2447,Nicholls,Southland,0.0,,,66.0,,,False
401654587,2024,5,2024-09-28T23:00:00.000Z,2400,Mississippi Valley State,SWAC,2016,Alcorn State,SWAC,21.0,,,42.0,,,True
401636348,2024,7,2024-10-12T19:00:00.000Z,2400,Mississippi Valley State,SWAC,2011,Alabama State,SWAC,17.0,,,54.0,,,False
401636366,2024,8,2024-10-19T19:00:00.000Z,2400,Mississippi Valley State,SWAC,2065,Bethune-Cookman,SWAC,10.0,,,20.0,,,True
401636359,2024,9,2024-10-26T19:00:00.000Z,2400,Mississippi Valley State,SWAC,2029,Arkansas-Pine Bluff,SWAC,21.0,,,35.0,,,False
401654571,2024,10,2024-11-02T19:00:00.000Z,2400,Mississippi Valley State,SWAC,2504,Prairie View A&M,SWAC,16.0,,,17.0,,,True
401636391,2024,11,2024-11-09T20:00:00.000Z,2400,Mississippi Valley State,SWAC,2296,Jackson State,SWAC,14.0,,,51.0,,,False
401636379,2024,12,2024-11-16T18:00:00.000Z,2400,Mississippi Valley State,SWAC,50,Florida A&M,SWAC,24.0,,,21.0,,,False
401634259,2024,13,2024-11-23T18:00:00.000Z,2400,Mississippi Valley State,SWAC,2010,Alabama A&M,SWAC,35.0,,,49.0,,,True
401628327,2024,1,2024-08-30T00:00:00.000Z,142,Missouri,SEC,93,Murray State,MVFC,51.0,1744.0,1744.0,0.0,,,True
401677101,2024,1,2024-12-30T19:30:00.000Z,142,Missouri,SEC,2294,Iowa,Big Ten,27.0,1701.0,1711.0,24.0,1784.0,1774.0,True
401628344,2024,2,2024-09-07T23:00:00.000Z,142,Missouri,SEC,2084,Buffalo,Mid-American,38.0,1744.0,1803.0,0.0,1357.0,1298.0,True
401628357,2024,3,2024-09-14T16:45:00.000Z,142,Missouri,SEC,103,Boston College,ACC,27.0,1803.0,1795.0,21.0,1462.0,1470.0,True
401628368,2024,4,2024-09-21T20:15:00.000Z,142,Missouri,SEC,238,Vanderbilt,SEC,30.0,1795.0,1790.0,27.0,1312.0,1317.0,True
401628383,2024,6,2024-10-05T16:00:00.000Z,142,Missouri,SEC,245,Texas A&M,SEC,10.0,1790.0,1692.0,41.0,1683.0,1781.0,False
401628389,2024,7,2024-10-12T16:00:00.000Z,142,Missouri,SEC,113,Massachusetts,FBS Independents,45.0,1692.0,1737.0,3.0,1070.0,1025.0,False
401628395,2024,8,2024-10-19T16:00:00.000Z,142,Missouri,SEC,2,Auburn,SEC,21.0,1737.0,1735.0,17.0,1550.0,1552.0,True
401628400,2024,9,2024-10-26T19:30:00.000Z,142,Missouri,SEC,333,Alabama,SEC,0.0,1735.0,1673.0,34.0,1996.0,2058.0,False
401628415,2024,11,2024-11-10T00:45:00.000Z,142,Missouri,SEC,201,Oklahoma,SEC,30.0,1673.0,1683.0,23.0,1688.0,1678.0,True
401628423,2024,12,2024-11-16T21:15:00.000Z,142,Missouri,SEC,2579,South Carolina,SEC,30.0,1683.0,1684.0,34.0,1829.0,1828.0,False
401628432,2024,13,2024-11-23T21:15:00.000Z,142,Missouri,SEC,344,Mississippi State,SEC,39.0,1684.0,1698.0,20.0,1362.0,1348.0,False
401628443,2024,14,2024-11-30T20:30:00.000Z,142,Missouri,SEC,8,Arkansas,SEC,28.0,1698.0,1701.0,21.0,1574.0,1571.0,True
401674525,2024,1,2024-08-29T23:00:00.000Z,2402,Missouri S&T,Great Lakes,2844,Wayne State (NE),Northern Sun,17.0,,,49.0,,,False
401674526,2024,2,2024-09-07T23:00:00.000Z,2402,Missouri S&T,Great Lakes,2170,Delta State,Gulf South,18.0,,,55.0,,,False
401674527,2024,3,2024-09-14T23:00:00.000Z,2402,Missouri S&T,Great Lakes,124179,Lincoln (CA),Independent DII,45.0,,,6.0,,,True
401674528,2024,4,2024-09-21T23:00:00.000Z,2402,Missouri S&T,Great Lakes,2825,Quincy,Great Lakes,14.0,,,21.0,,,True
401674529,2024,6,2024-10-05T23:00:00.000Z,2402,Missouri S&T,Great Lakes,2586,Southwest Baptist,Great Lakes,65.0,,,24.0,,,True
401674530,2024,7,2024-10-12T23:00:00.000Z,2402,Missouri S&T,Great Lakes,2654,Truman State,Great Lakes,17.0,,,48.0,,,False
401674531,2024,8,2024-10-19T18:00:00.000Z,2402,Missouri S&T,Great Lakes,2911,William Jewell,Great Lakes,49.0,,,28.0,,,False
401674515,2024,9,2024-10-26T18:00:00.000Z,2402,Missouri S&T,Great Lakes,2876,Lincoln (MO),Great Lakes,63.0,,,21.0,,,True
401674522,2024,10,2024-11-02T18:00:00.000Z,2402,Missouri S&T,Great Lakes,2816,McKendree,Great Lakes,20.0,,,27.0,,,True
401674506,2024,11,2024-11-09T19:00:00.000Z,2402,Missouri S&T,Great Lakes,2292,Indianapolis,Great Lakes,10.0,,,55.0,,,False
401674532,2024,12,2024-11-16T18:00:00.000Z,2402,Missouri S&T,Great Lakes,389,Upper Iowa University,Great Lakes,7.0,,,51.0,,,False
401675538,2024,1,2024-08-30T00:00:00.000Z,2403,Missouri Southern State,Mid America,2395,Midwestern State,Lone Star,11.0,,,18.0,,,False
401674168,2024,2,2024-09-08T00:00:00.000Z,2403,Missouri Southern State,Mid America,90,Pittsburg St,Mid America,17.0,,,42.0,,,True
401674169,2024,3,2024-09-14T23:00:00.000Z,2403,Missouri Southern State,Mid America,137,Missouri Western,Mid America,27.0,,,35.0,,,False
401674170,2024,4,2024-09-21T19:00:00.000Z,2403,Missouri Southern State,Mid America,138,Northwest Missouri St,Mid America,0.0,,,59.0,,,True
401674171,2024,5,2024-09-28T20:00:00.000Z,2403,Missouri Southern State,Mid America,196,Northeastern State,Independent DII,27.0,,,20.0,,,False
401674143,2024,6,2024-10-05T19:00:00.000Z,2403,Missouri Southern State,Mid America,2122,Central Oklahoma,Mid America,24.0,,,59.0,,,True
401674156,2024,7,2024-10-12T18:00:00.000Z,2403,Missouri Southern State,Mid America,2214,Emporia State University,Mid America,30.0,,,49.0,,,True
401674172,2024,8,2024-10-19T18:00:00.000Z,2403,Missouri Southern State,Mid America,2687,Washburn,Mid America,21.0,,,42.0,,,False
401674165,2024,9,2024-10-26T18:00:00.000Z,2403,Missouri Southern State,Mid America,2231,Fort Hays State,Mid America,9.0,,,53.0,,,False
401674173,2024,11,2024-11-09T20:00:00.000Z,2403,Missouri Southern State,Mid America,2438,Nebraska-Kearney,Mid America,24.0,,,13.0,,,True
401674139,2024,12,2024-11-16T19:00:00.000Z,2403,Missouri Southern State,Mid America,2118,Central Missouri,Mid America,47.0,,,62.0,,,False
401634180,2024,1,2024-09-01T01:00:00.000Z,2623,Missouri State,MVFC,149,Montana,Big Sky,24.0,,,29.0,,,False
401634181,2024,2,2024-09-07T18:00:00.000Z,2623,Missouri State,MVFC,2050,Ball State,Mid-American,34.0,,,42.0,1341.0,1341.0,False
401634182,2024,3,2024-09-14T23:00:00.000Z,2623,Missouri State,MVFC,2815,Lindenwood,Big South-OVC,28.0,,,14.0,,,True
401634183,2024,4,2024-09-21T23:00:00.000Z,2623,Missouri State,MVFC,2630,UT Martin,Big South-OVC,31.0,,,24.0,,,False
401634184,2024,5,2024-09-28T19:00:00.000Z,2623,Missouri State,MVFC,2754,Youngstown State,MVFC,38.0,,,31.0,,,True
401634163,2024,7,2024-10-12T17:00:00.000Z,2623,Missouri State,MVFC,2287,Illinois State,MVFC,41.0,,,7.0,,,False
401634175,2024,8,2024-10-19T19:00:00.000Z,2623,Missouri State,MVFC,282,Indiana State,MVFC,46.0,,,21.0,,,True
401634185,2024,9,2024-10-26T21:00:00.000Z,2623,Missouri State,MVFC,2460,Northern Iowa,MVFC,49.0,,,42.0,,,False
401634186,2024,10,2024-11-02T19:00:00.000Z,2623,Missouri State,MVFC,79,Southern Illinois,MVFC,38.0,,,17.0,,,True
401634187,2024,11,2024-11-09T19:00:00.000Z,2623,Missouri State,MVFC,93,Murray State,MVFC,59.0,,,31.0,,,False
401634188,2024,12,2024-11-16T20:30:00.000Z,2623,Missouri State,MVFC,2449,North Dakota State,MVFC,21.0,,,59.0,,,False
401634189,2024,13,2024-11-23T20:00:00.000Z,2623,Missouri State,MVFC,2571,South Dakota State,MVFC,9.0,,,45.0,,,True
401674174,2024,1,2024-08-29T23:00:00.000Z,137,Missouri Western,Mid America,196,Northeastern State,Independent DII,33.0,,,31.0,,,False
401674160,2024,2,2024-09-08T00:00:00.000Z,137,Missouri Western,Mid America,2231,Fort Hays State,Mid America,16.0,,,30.0,,,False
401674169,2024,3,2024-09-14T23:00:00.000Z,137,Missouri Western,Mid America,2403,Missouri Southern State,Mid America,35.0,,,27.0,,,True
401674153,2024,4,2024-09-21T18:00:00.000Z,137,Missouri Western,Mid America,2214,Emporia State University,Mid America,27.0,,,30.0,,,False
401674175,2024,5,2024-09-28T19:00:00.000Z,137,Missouri Western,Mid America,2687,Washburn,Mid America,16.0,,,24.0,,,True
401674176,2024,6,2024-10-05T19:00:00.000Z,137,Missouri Western,Mid America,90,Pittsburg St,Mid America,20.0,,,31.0,,,False
401674114,2024,7,2024-10-12T18:00:00.000Z,137,Missouri Western,Mid America,2118,Central Missouri,Mid America,38.0,,,28.0,,,False
401674177,2024,8,2024-10-19T19:00:00.000Z,137,Missouri Western,Mid America,2438,Nebraska-Kearney,Mid America,23.0,,,24.0,,,True
401674147,2024,10,2024-11-02T19:00:00.000Z,137,Missouri Western,Mid America,2122,Central Oklahoma,Mid America,34.0,,,37.0,,,True
401674178,2024,11,2024-11-09T20:00:00.000Z,137,Missouri Western,Mid America,138,Northwest Missouri St,Mid America,23.0,,,33.0,,,True
401674179,2024,12,2024-11-16T20:00:00.000Z,137,Missouri Western,Mid America,2825,Quincy,Great Lakes,31.0,,,16.0,,,True
401628583,2024,1,2024-08-30T01:00:00.000Z,2405,Monmouth,CAA,331,Eastern Washington,Big Sky,27.0,,,42.0,,,False
401628596,2024,2,2024-09-07T16:00:00.000Z,2405,Monmouth,CAA,322,Lafayette,Patriot,35.0,,,40.0,,,True
401628607,2024,3,2024-09-14T19:30:00.000Z,2405,Monmouth,CAA,311,Maine,CAA,51.0,,,22.0,,,False
401628625,2024,4,2024-09-21T22:00:00.000Z,2405,Monmouth,CAA,2229,Florida International,Conference USA,45.0,,,42.0,1239.0,1239.0,False
401628636,2024,5,2024-09-28T17:00:00.000Z,2405,Monmouth,CAA,2230,Fordham,Patriot,63.0,,,21.0,,,True
401628640,2024,6,2024-10-05T17:00:00.000Z,2405,Monmouth,CAA,48,Delaware,CAA,35.0,,,42.0,,,True
401628660,2024,8,2024-10-19T17:00:00.000Z,2405,Monmouth,CAA,2803,Bryant,CAA,55.0,,,17.0,,,True
401628667,2024,9,2024-10-26T17:00:00.000Z,2405,Monmouth,CAA,119,Towson,CAA,14.0,,,26.0,,,True
401628674,2024,10,2024-11-02T17:00:00.000Z,2405,Monmouth,CAA,227,Rhode Island,CAA,28.0,,,37.0,,,False
401628683,2024,11,2024-11-09T18:00:00.000Z,2405,Monmouth,CAA,160,New Hampshire,CAA,20.0,,,33.0,,,False
401628686,2024,12,2024-11-16T17:00:00.000Z,2405,Monmouth,CAA,222,Villanova,CAA,40.0,,,33.0,,,True
401628697,2024,13,2024-11-23T18:00:00.000Z,2405,Monmouth,CAA,2619,Stony Brook,CAA,55.0,,,47.0,,,False
401674622,2024,2,2024-09-08T00:00:00.000Z,2919,Monmouth (IL),Midwest,2685,Wartburg,American Rivers,24.0,,,38.0,,,True
401677464,2024,3,2024-09-14T18:00:00.000Z,2919,Monmouth (IL),Midwest,80,Chicago,Midwest,34.0,,,21.0,,,False
401675021,2024,4,2024-09-21T18:00:00.000Z,2919,Monmouth (IL),Midwest,268,Lawrence University,Midwest,52.0,,,6.0,,,True
401673448,2024,6,2024-10-05T19:00:00.000Z,2919,Monmouth (IL),Midwest,2286,Illinois College,Midwest,44.0,,,24.0,,,True
401689233,2024,7,2024-10-12T18:00:00.000Z,2919,Monmouth (IL),Midwest,65,Grinnell,Midwest,49.0,,,7.0,,,False
401689231,2024,8,2024-10-19T18:00:00.000Z,2919,Monmouth (IL),Midwest,2155,Cornell College (IA),Midwest,38.0,,,28.0,,,False
401689232,2024,9,2024-10-26T18:00:00.000Z,2919,Monmouth (IL),Midwest,266,Beloit,Midwest,55.0,,,3.0,,,True
401675026,2024,10,2024-11-02T18:00:00.000Z,2919,Monmouth (IL),Midwest,2891,Ripon,Midwest,56.0,,,13.0,,,True
401675017,2024,11,2024-11-09T18:00:00.000Z,2919,Monmouth (IL),Midwest,262,Lake Forest College,Midwest,28.0,,,35.0,,,False
401675012,2024,12,2024-11-16T18:00:00.000Z,2919,Monmouth (IL),Midwest,255,Knox College,Midwest,49.0,,,0.0,,,False
401634180,2024,1,2024-09-01T01:00:00.000Z,149,Montana,Big Sky,2623,Missouri State,MVFC,29.0,,,24.0,,,True
401634198,2024,2,2024-09-07T23:00:00.000Z,149,Montana,Big Sky,155,North Dakota,MVFC,24.0,,,27.0,,,False
401655625,2024,3,2024-09-14T19:00:00.000Z,149,Montana,Big Sky,2413,Morehead State,Pioneer,59.0,,,2.0,,,True
401655626,2024,4,2024-09-21T19:00:00.000Z,149,Montana,Big Sky,2717,Western Carolina,Southern,46.0,,,35.0,,,True
401634049,2024,5,2024-09-29T00:00:00.000Z,149,Montana,Big Sky,331,Eastern Washington,Big Sky,52.0,,,49.0,,,False
401634053,2024,6,2024-10-05T19:00:00.000Z,149,Montana,Big Sky,2692,Weber State,Big Sky,48.0,,,55.0,,,True
401634099,2024,7,2024-10-12T20:00:00.000Z,149,Montana,Big Sky,2464,Northern Arizona,Big Sky,31.0,,,20.0,,,True
401634109,2024,9,2024-10-26T19:00:00.000Z,149,Montana,Big Sky,2458,Northern Colorado,Big Sky,24.0,,,0.0,,,False
401634110,2024,10,2024-11-02T21:00:00.000Z,149,Montana,Big Sky,13,Cal Poly,Big Sky,42.0,,,7.0,,,False
401634119,2024,11,2024-11-10T03:15:00.000Z,149,Montana,Big Sky,302,UC Davis,Big Sky,14.0,,,30.0,,,True
401634124,2024,12,2024-11-16T20:00:00.000Z,149,Montana,Big Sky,2502,Portland State,Big Sky,28.0,,,17.0,,,True
401634130,2024,13,2024-11-23T19:00:00.000Z,149,Montana,Big Sky,147,Montana State,Big Sky,11.0,,,34.0,,,False
401729734,2024,14,2024-12-01T03:15:00.000Z,149,Montana,Big Sky,2634,Tennessee State,Big South-OVC,41.0,,,27.0,,,True
401729750,2024,15,2024-12-07T19:00:00.000Z,149,Montana,Big Sky,2571,South Dakota State,MVFC,18.0,,,35.0,,,False
401729787,2024,1,2024-12-21T20:30:00.000Z,147,Montana State,Big Sky,233,South Dakota,MVFC,31.0,,,17.0,,,True
401680057,2024,1,2025-01-07T00:00:00.000Z,147,Montana State,Big Sky,2449,North Dakota State,MVFC,32.0,,,35.0,,,True
401643697,2024,1,2024-08-24T20:00:00.000Z,147,Montana State,Big Sky,167,New Mexico,Mountain West,35.0,,,31.0,1234.0,1234.0,False
401632066,2024,1,2024-09-01T02:00:00.000Z,147,Montana State,Big Sky,3101,Utah Tech,UAC,31.0,,,7.0,,,False
401628597,2024,2,2024-09-08T00:00:00.000Z,147,Montana State,Big Sky,311,Maine,CAA,41.0,,,24.0,,,True
401677764,2024,4,2024-09-21T19:05:00.000Z,147,Montana State,Big Sky,2385,Mercyhurst,NEC,52.0,,,13.0,,,True
401634048,2024,5,2024-09-28T22:00:00.000Z,147,Montana State,Big Sky,304,Idaho State,Big Sky,37.0,,,17.0,,,False
401634054,2024,6,2024-10-05T20:00:00.000Z,147,Montana State,Big Sky,2458,Northern Colorado,Big Sky,55.0,,,17.0,,,True
401634100,2024,7,2024-10-13T02:15:00.000Z,147,Montana State,Big Sky,70,Idaho,Big Sky,38.0,,,7.0,,,True
401634105,2024,8,2024-10-19T20:00:00.000Z,147,Montana State,Big Sky,2502,Portland State,Big Sky,44.0,,,14.0,,,False
401634111,2024,10,2024-11-02T20:00:00.000Z,147,Montana State,Big Sky,331,Eastern Washington,Big Sky,42.0,,,28.0,,,False
401634120,2024,11,2024-11-09T20:00:00.000Z,147,Montana State,Big Sky,16,Sacramento State,Big Sky,49.0,,,7.0,,,True
401634125,2024,12,2024-11-17T01:00:00.000Z,147,Montana State,Big Sky,302,UC Davis,Big Sky,30.0,,,28.0,,,False
401634130,2024,13,2024-11-23T19:00:00.000Z,147,Montana State,Big Sky,149,Montana,Big Sky,34.0,,,11.0,,,True
401729743,2024,15,2024-12-07T20:00:00.000Z,147,Montana State,Big Sky,2630,UT Martin,Big South-OVC,49.0,,,17.0,,,True
401729780,2024,16,2024-12-14T02:00:00.000Z,147,Montana State,Big Sky,70,Idaho,Big Sky,52.0,,,19.0,,,True
401682376,2024,4,2024-09-21T20:00:00.000Z,2701,Montana-Western,,2333,Lewis & Clark College,Northwest,56.0,,,39.0,,,False
401674680,2024,3,2024-09-14T19:00:00.000Z,2818,Montclair State,New Jersey,2248,Gettysburg,Centennial,27.0,,,26.0,,,True
401676683,2024,4,2024-09-21T17:30:00.000Z,2818,Montclair State,New Jersey,2234,Franklin & Marshall,Centennial,10.0,,,35.0,,,False
401674861,2024,5,2024-09-28T21:00:00.000Z,2818,Montclair State,New Jersey,237,Union (NY),Liberty League,17.0,,,15.0,,,True
401676252,2024,6,2024-10-05T19:00:00.000Z,2818,Montclair State,New Jersey,2442,College Of New Jersey,New Jersey,13.0,,,20.0,,,False
401676239,2024,7,2024-10-12T22:00:00.000Z,2818,Montclair State,New Jersey,2871,Kean,New Jersey,13.0,,,16.0,,,True
401676246,2024,8,2024-10-19T17:00:00.000Z,2818,Montclair State,New Jersey,2532,Salisbury,New Jersey,8.0,,,44.0,,,False
401676277,2024,9,2024-10-26T16:00:00.000Z,2818,Montclair State,New Jersey,2970,William Paterson,New Jersey,39.0,,,6.0,,,True
401677677,2024,10,2024-11-02T18:00:00.000Z,2818,Montclair State,New Jersey,2827,Rowan,New Jersey,10.0,,,16.0,,,False
401676234,2024,11,2024-11-09T18:00:00.000Z,2818,Montclair State,New Jersey,3112,Christopher Newport,New Jersey,10.0,,,33.0,,,True
401674702,2024,12,2024-11-16T18:00:00.000Z,2818,Montclair State,New Jersey,2422,Muhlenberg,Centennial,0.0,,,21.0,,,False
401673408,2024,2,2024-09-07T17:00:00.000Z,323,Moravian,Landmark Conference,2422,Muhlenberg,Centennial,7.0,,,33.0,,,True
401673409,2024,3,2024-09-14T17:00:00.000Z,323,Moravian,Landmark Conference,390,Utica,Empire 8,18.0,,,13.0,,,True
401673410,2024,4,2024-09-21T17:00:00.000Z,323,Moravian,Landmark Conference,174,Hobart College,Liberty League,12.0,,,27.0,,,False
401673411,2024,5,2024-09-28T16:00:00.000Z,323,Moravian,Landmark Conference,3110,SUNY Morrisville,Empire 8,14.0,,,6.0,,,False
401673412,2024,6,2024-10-05T17:00:00.000Z,323,Moravian,Landmark Conference,122774,Keystone,Landmark Conference,55.0,,,14.0,,,False
401673413,2024,7,2024-10-12T16:00:00.000Z,323,Moravian,Landmark Conference,2108,Catholic,Landmark Conference,34.0,,,14.0,,,True
401673414,2024,9,2024-10-26T17:30:00.000Z,323,Moravian,Landmark Conference,246,Juniata College,Landmark Conference,35.0,,,13.0,,,True
401673415,2024,10,2024-11-02T17:00:00.000Z,323,Moravian,Landmark Conference,216,Susquehanna,Landmark Conference,34.0,,,49.0,,,False
401673416,2024,11,2024-11-09T17:00:00.000Z,323,Moravian,Landmark Conference,2354,Lycoming,Landmark Conference,34.0,,,23.0,,,True
401673417,2024,12,2024-11-16T17:00:00.000Z,323,Moravian,Landmark Conference,398,Wilkes,Landmark Conference,28.0,,,47.0,,,False
401673041,2024,1,2024-08-29T22:00:00.000Z,2413,Morehead State,Pioneer,2119,Central State (OH),SIAC,17.0,,,10.0,,,True
401673042,2024,2,2024-09-07T22:00:00.000Z,2413,Morehead State,Pioneer,3077,Kentucky Christian,,48.0,,,7.0,,,True
401655625,2024,3,2024-09-14T19:00:00.000Z,2413,Morehead State,Pioneer,149,Montana,Big Sky,2.0,,,59.0,,,False
401632078,2024,4,2024-09-21T22:00:00.000Z,2413,Morehead State,Pioneer,2198,Eastern Kentucky,UAC,13.0,,,42.0,,,False
401638662,2024,5,2024-09-28T17:00:00.000Z,2413,Morehead State,Pioneer,2674,Valparaiso,Pioneer,17.0,,,5.0,,,True
401638665,2024,6,2024-10-05T17:00:00.000Z,2413,Morehead State,Pioneer,2086,Butler,Pioneer,6.0,,,40.0,,,False
401638670,2024,7,2024-10-12T18:00:00.000Z,2413,Morehead State,Pioneer,2506,Presbyterian,Pioneer,14.0,,,7.0,,,True
401638679,2024,9,2024-10-26T16:00:00.000Z,2413,Morehead State,Pioneer,2168,Dayton,Pioneer,14.0,,,6.0,,,False
401638687,2024,10,2024-11-02T17:00:00.000Z,2413,Morehead State,Pioneer,2900,St. Thomas (MN),Pioneer,21.0,,,7.0,,,True
401638691,2024,11,2024-11-09T18:00:00.000Z,2413,Morehead State,Pioneer,2166,Davidson,Pioneer,14.0,,,31.0,,,False
401638693,2024,12,2024-11-16T18:00:00.000Z,2413,Morehead State,Pioneer,2181,Drake,Pioneer,29.0,,,20.0,,,False
401638702,2024,13,2024-11-23T18:00:00.000Z,2413,Morehead State,Pioneer,301,San Diego,Pioneer,14.0,,,37.0,,,True
401675597,2024,1,2024-08-31T19:00:00.000Z,60,Morehouse College,SIAC,2206,Edward Waters,SIAC,11.0,,,28.0,,,True
401675798,2024,2,2024-09-07T19:00:00.000Z,60,Morehouse College,SIAC,2304,Johnson C Smith,CIAA,13.0,,,37.0,,,True
401656599,2024,3,2024-09-14T19:00:00.000Z,60,Morehouse College,SIAC,47,Howard,MEAC,21.0,,,35.0,,,False
401675603,2024,4,2024-09-21T20:30:00.000Z,60,Morehouse College,SIAC,2310,Kentucky State,SIAC,31.0,,,28.0,,,False
401675581,2024,5,2024-09-28T17:00:00.000Z,60,Morehouse College,SIAC,490,Benedict College,SIAC,5.0,,,21.0,,,True
401675617,2024,6,2024-10-05T18:00:00.000Z,60,Morehouse College,SIAC,2657,Tuskegee,SIAC,0.0,,,42.0,,,False
401675566,2024,8,2024-10-19T18:00:00.000Z,60,Morehouse College,SIAC,2013,Albany State GA,SIAC,6.0,,,52.0,,,False
401675602,2024,9,2024-10-26T18:00:00.000Z,60,Morehouse College,SIAC,2232,Fort Valley State,SIAC,20.0,,,42.0,,,True
401675612,2024,10,2024-11-02T19:00:00.000Z,60,Morehouse College,SIAC,2396,Miles College,SIAC,3.0,,,37.0,,,False
401675593,2024,11,2024-11-09T18:00:00.000Z,60,Morehouse College,SIAC,2805,Clark Atlanta,SIAC,17.0,,,28.0,,,True
401654510,2024,1,2024-08-31T22:00:00.000Z,2415,Morgan State,MEAC,2261,Hampton,CAA,30.0,,,28.0,,,False
401628601,2024,2,2024-09-07T22:00:00.000Z,2415,Morgan State,MEAC,119,Towson,CAA,9.0,,,14.0,,,False
401644734,2024,3,2024-09-14T19:30:00.000Z,2415,Morgan State,MEAC,195,Ohio,Mid-American,6.0,,,21.0,1481.0,1481.0,False
401654511,2024,4,2024-09-21T23:00:00.000Z,2415,Morgan State,MEAC,2355,Virginia University Of Lynchburg,,56.0,,,7.0,,,True
401628638,2024,5,2024-09-28T19:30:00.000Z,2415,Morgan State,MEAC,2619,Stony Brook,CAA,3.0,,,22.0,,,False
401654512,2024,6,2024-10-05T17:00:00.000Z,2415,Morgan State,MEAC,2339,Lincoln (PA),CIAA,41.0,,,0.0,,,True
401654513,2024,7,2024-10-12T19:00:00.000Z,2415,Morgan State,MEAC,2771,Merrimack,FCS Independents,24.0,,,32.0,,,True
401654514,2024,9,2024-10-26T19:30:00.000Z,2415,Morgan State,MEAC,2428,North Carolina Central,MEAC,7.0,,,16.0,,,False
401654515,2024,10,2024-11-02T17:00:00.000Z,2415,Morgan State,MEAC,2450,Norfolk State,MEAC,38.0,,,37.0,,,True
401654502,2024,11,2024-11-09T17:00:00.000Z,2415,Morgan State,MEAC,2169,Delaware State,MEAC,36.0,,,28.0,,,False
401654536,2024,12,2024-11-16T21:00:00.000Z,2415,Morgan State,MEAC,2569,South Carolina State,MEAC,7.0,,,54.0,,,True
401654537,2024,13,2024-11-23T18:00:00.000Z,2415,Morgan State,MEAC,47,Howard,MEAC,35.0,,,21.0,,,True
401676359,2024,2,2024-09-07T17:00:00.000Z,2419,Mount St. Joseph,Heartland,332,Muskingum University,Ohio,35.0,,,42.0,,,True
401676110,2024,3,2024-09-13T23:00:00.000Z,2419,Mount St. Joseph,Heartland,2274,Hiram College,North Coast,28.0,,,7.0,,,False
401674918,2024,4,2024-09-21T17:00:00.000Z,2419,Mount St. Joseph,Heartland,2790,Albion,Michigan,49.0,,,14.0,,,True
401676936,2024,5,2024-09-28T16:00:00.000Z,2419,Mount St. Joseph,Heartland,2723,Wisconsin-River Falls,Wisconsin,9.0,,,68.0,,,True
401674784,2024,6,2024-10-05T17:30:00.000Z,2419,Mount St. Joseph,Heartland,2262,Hanover College,Heartland,49.0,,,41.0,,,False
401678696,2024,7,2024-10-12T17:30:00.000Z,2419,Mount St. Joseph,Heartland,2023,Anderson (IN),Heartland,49.0,,,0.0,,,False
401674768,2024,8,2024-10-19T17:30:00.000Z,2419,Mount St. Joseph,Heartland,2074,Bluffton,Heartland,63.0,,,27.0,,,True
401674779,2024,9,2024-10-26T17:30:00.000Z,2419,Mount St. Joseph,Heartland,2233,Franklin,Heartland,46.0,,,43.0,,,False
401674794,2024,11,2024-11-09T18:30:00.000Z,2419,Mount St. Joseph,Heartland,2362,Manchester,Heartland,43.0,,,7.0,,,False
401674801,2024,12,2024-11-16T18:30:00.000Z,2419,Mount St. Joseph,Heartland,86,Rose-Hulman,Heartland,38.0,,,21.0,,,True
401734590,2024,13,2024-11-23T17:00:00.000Z,2419,Mount St. Joseph,Heartland,2302,John Carroll University,Ohio,7.0,,,52.0,,,False
401673408,2024,2,2024-09-07T17:00:00.000Z,2422,Muhlenberg,Centennial,323,Moravian,Landmark Conference,33.0,,,7.0,,,False
401674697,2024,3,2024-09-14T20:00:00.000Z,2422,Muhlenberg,Centennial,2532,Salisbury,New Jersey,38.0,,,59.0,,,False
401674698,2024,4,2024-09-21T17:00:00.000Z,2422,Muhlenberg,Centennial,2442,College Of New Jersey,New Jersey,55.0,,,52.0,,,True
401674699,2024,6,2024-10-04T23:00:00.000Z,2422,Muhlenberg,Centennial,2667,Ursinus,Centennial,50.0,,,53.0,,,True
401674700,2024,7,2024-10-12T18:00:00.000Z,2422,Muhlenberg,Centennial,2700,McDaniel College,Centennial,34.0,,,6.0,,,False
401674684,2024,8,2024-10-19T16:00:00.000Z,2422,Muhlenberg,Centennial,2248,Gettysburg,Centennial,58.0,,,42.0,,,True
401674675,2024,9,2024-10-26T17:00:00.000Z,2422,Muhlenberg,Centennial,2175,Dickinson (PA),Centennial,49.0,,,20.0,,,True
401674695,2024,10,2024-11-02T18:00:00.000Z,2422,Muhlenberg,Centennial,118,Johns Hopkins University,Centennial,13.0,,,26.0,,,False
401674701,2024,11,2024-11-09T18:00:00.000Z,2422,Muhlenberg,Centennial,2234,Franklin & Marshall,Centennial,24.0,,,23.0,,,False
401674702,2024,12,2024-11-16T18:00:00.000Z,2422,Muhlenberg,Centennial,2818,Montclair State,New Jersey,21.0,,,0.0,,,True
401628327,2024,1,2024-08-30T00:00:00.000Z,93,Murray State,MVFC,142,Missouri,SEC,0.0,,,51.0,1744.0,1744.0,False
401634190,2024,2,2024-09-07T23:00:00.000Z,93,Murray State,MVFC,2086,Butler,Pioneer,17.0,,,19.0,,,True
401634191,2024,3,2024-09-14T23:00:00.000Z,93,Murray State,MVFC,2400,Mississippi Valley State,SWAC,59.0,,,8.0,,,True
401634192,2024,5,2024-09-28T18:00:00.000Z,93,Murray State,MVFC,155,North Dakota,MVFC,35.0,,,72.0,,,False
401634193,2024,6,2024-10-05T19:00:00.000Z,93,Murray State,MVFC,233,South Dakota,MVFC,0.0,,,59.0,,,True
401634174,2024,7,2024-10-12T17:00:00.000Z,93,Murray State,MVFC,282,Indiana State,MVFC,27.0,,,31.0,,,False
401634164,2024,8,2024-10-19T19:00:00.000Z,93,Murray State,MVFC,2287,Illinois State,MVFC,32.0,,,40.0,,,True
401634194,2024,9,2024-10-26T18:00:00.000Z,93,Murray State,MVFC,2449,North Dakota State,MVFC,6.0,,,59.0,,,True
401634195,2024,10,2024-11-02T19:00:00.000Z,93,Murray State,MVFC,2571,South Dakota State,MVFC,6.0,,,52.0,,,False
401634187,2024,11,2024-11-09T19:00:00.000Z,93,Murray State,MVFC,2623,Missouri State,MVFC,31.0,,,59.0,,,True
401628422,2024,12,2024-11-16T18:30:00.000Z,93,Murray State,MVFC,96,Kentucky,SEC,6.0,,,48.0,1527.0,1527.0,False
401634196,2024,13,2024-11-23T18:00:00.000Z,93,Murray State,MVFC,79,Southern Illinois,MVFC,0.0,,,62.0,,,False
401676359,2024,2,2024-09-07T17:00:00.000Z,332,Muskingum University,Ohio,2419,Mount St. Joseph,Heartland,42.0,,,35.0,,,False
401676360,2024,3,2024-09-14T16:00:00.000Z,332,Muskingum University,Ohio,359,Otterbein,Ohio,24.0,,,7.0,,,True
401676361,2024,4,2024-09-21T19:00:00.000Z,332,Muskingum University,Ohio,2733,Wilmington (OH),Ohio,42.0,,,13.0,,,False
401676343,2024,6,2024-10-05T17:30:00.000Z,332,Muskingum University,Ohio,2302,John Carroll University,Ohio,10.0,,,35.0,,,True
401676362,2024,7,2024-10-12T17:30:00.000Z,332,Muskingum University,Ohio,427,Ohio Northern,Ohio,42.0,,,30.0,,,False
401676351,2024,8,2024-10-19T23:00:00.000Z,332,Muskingum University,Ohio,317,Marietta,Ohio,6.0,,,38.0,,,True
401676339,2024,9,2024-10-26T17:30:00.000Z,332,Muskingum University,Ohio,191,Heidelberg,Ohio,24.0,,,52.0,,,False
401676297,2024,10,2024-11-02T17:00:00.000Z,332,Muskingum University,Ohio,188,Baldwin Wallace,Ohio,17.0,,,54.0,,,False
401676313,2024,11,2024-11-09T18:30:00.000Z,332,Muskingum University,Ohio,424,Capital,Ohio,51.0,,,20.0,,,True
401676358,2024,12,2024-11-16T18:30:00.000Z,332,Muskingum University,Ohio,426,University of Mount Union,Ohio,28.0,,,35.0,,,True
401634299,2024,1,2024-08-29T23:00:00.000Z,152,NC State,ACC,2717,Western Carolina,Southern,38.0,1606.0,1606.0,21.0,,,True
401677098,2024,1,2024-12-28T22:45:00.000Z,152,NC State,ACC,151,East Carolina,American Athletic,21.0,1513.0,1502.0,26.0,1392.0,1403.0,True
401628346,2024,2,2024-09-07T23:30:00.000Z,152,NC State,ACC,2633,Tennessee,SEC,10.0,1606.0,1512.0,51.0,1751.0,1845.0,True
401635546,2024,3,2024-09-14T16:00:00.000Z,152,NC State,ACC,2348,Louisiana Tech,Conference USA,30.0,1512.0,1511.0,20.0,1246.0,1247.0,True
401635552,2024,4,2024-09-21T16:00:00.000Z,152,NC State,ACC,228,Clemson,ACC,35.0,1511.0,1478.0,59.0,1757.0,1790.0,False
401635564,2024,5,2024-09-28T16:00:00.000Z,152,NC State,ACC,2459,Northern Illinois,Mid-American,24.0,1478.0,1487.0,17.0,1464.0,1455.0,True
401635638,2024,6,2024-10-05T16:00:00.000Z,152,NC State,ACC,154,Wake Forest,ACC,30.0,1487.0,1473.0,34.0,1376.0,1390.0,True
401635574,2024,7,2024-10-13T00:00:00.000Z,152,NC State,ACC,183,Syracuse,ACC,17.0,1473.0,1454.0,24.0,1404.0,1423.0,True
401635587,2024,8,2024-10-19T19:30:00.000Z,152,NC State,ACC,25,California,ACC,24.0,1454.0,1460.0,23.0,1548.0,1542.0,False
401635516,2024,10,2024-11-02T16:00:00.000Z,152,NC State,ACC,24,Stanford,ACC,59.0,1460.0,1514.0,28.0,1212.0,1158.0,True
401635608,2024,11,2024-11-09T20:30:00.000Z,152,NC State,ACC,150,Duke,ACC,19.0,1514.0,1499.0,29.0,1582.0,1597.0,True
401634772,2024,13,2024-11-22T00:30:00.000Z,152,NC State,ACC,59,Georgia Tech,ACC,29.0,1499.0,1501.0,30.0,1577.0,1575.0,False
401635624,2024,14,2024-11-30T20:30:00.000Z,152,NC State,ACC,153,North Carolina,ACC,35.0,1501.0,1513.0,30.0,1543.0,1531.0,False
401675924,2024,2,2024-09-08T17:00:00.000Z,415,NEWBERG,Northwest,29,Redlands,So. Cal.,17.0,,,3.0,,,False
401676279,2024,3,2024-09-15T02:05:00.000Z,415,NEWBERG,Northwest,2930,Willamette,Northwest,37.0,,,14.0,,,True
401675933,2024,4,2024-09-21T20:00:00.000Z,415,NEWBERG,Northwest,17,Claremont-Mudd-Scripps College,So. Cal.,17.0,,,27.0,,,True
401676280,2024,6,2024-10-05T20:00:00.000Z,415,NEWBERG,Northwest,2333,Lewis & Clark College,Northwest,21.0,,,24.0,,,False
401676281,2024,7,2024-10-12T23:00:00.000Z,415,NEWBERG,Northwest,2508,Puget Sound,Northwest,40.0,,,14.0,,,True
401676282,2024,8,2024-10-19T23:05:00.000Z,415,NEWBERG,Northwest,203,Linfield College,Northwest,7.0,,,47.0,,,True
401676283,2024,9,2024-10-26T20:00:00.000Z,415,NEWBERG,Northwest,2930,Willamette,Northwest,28.0,,,7.0,,,False
401676284,2024,10,2024-11-02T20:00:00.000Z,415,NEWBERG,Northwest,2486,Pacific Lutheran,Northwest,14.0,,,24.0,,,False
401676285,2024,11,2024-11-09T21:00:00.000Z,415,NEWBERG,Northwest,2721,Whitworth,Northwest,0.0,,,31.0,,,True
401676286,2024,12,2024-11-16T21:00:00.000Z,415,NEWBERG,Northwest,205,Pacific (OR),Northwest,11.0,,,39.0,,,False
401645322,2024,1,2024-08-31T16:00:00.000Z,2426,Navy,American Athletic,2083,Bucknell,Patriot,49.0,1368.0,1368.0,21.0,,,True
401677090,2024,1,2024-12-27T17:00:00.000Z,2426,Navy,American Athletic,201,Oklahoma,SEC,21.0,1559.0,1565.0,20.0,1731.0,1725.0,True
401645324,2024,2,2024-09-07T19:30:00.000Z,2426,Navy,American Athletic,218,Temple,American Athletic,38.0,1368.0,1409.0,11.0,1115.0,1074.0,True
401645329,2024,4,2024-09-21T19:30:00.000Z,2426,Navy,American Athletic,235,Memphis,American Athletic,56.0,1409.0,1451.0,44.0,1639.0,1597.0,True
401645332,2024,5,2024-09-28T16:00:00.000Z,2426,Navy,American Athletic,5,UAB,American Athletic,41.0,1451.0,1490.0,18.0,1265.0,1226.0,False
401643722,2024,6,2024-10-05T16:00:00.000Z,2426,Navy,American Athletic,2005,Air Force,Mountain West,34.0,1490.0,1555.0,7.0,1418.0,1353.0,False
401645347,2024,8,2024-10-19T19:30:00.000Z,2426,Navy,American Athletic,2429,Charlotte,American Athletic,51.0,1555.0,1612.0,17.0,1253.0,1196.0,True
401628983,2024,9,2024-10-26T16:00:00.000Z,2426,Navy,American Athletic,87,Notre Dame,FBS Independents,14.0,1612.0,1564.0,51.0,2021.0,2069.0,True
401645360,2024,10,2024-11-02T20:00:00.000Z,2426,Navy,American Athletic,242,Rice,American Athletic,10.0,1564.0,1504.0,24.0,1236.0,1296.0,False
401645363,2024,11,2024-11-09T17:00:00.000Z,2426,Navy,American Athletic,58,South Florida,American Athletic,28.0,1504.0,1544.0,7.0,1379.0,1339.0,False
401645370,2024,12,2024-11-16T17:00:00.000Z,2426,Navy,American Athletic,2655,Tulane,American Athletic,0.0,1544.0,1477.0,35.0,1807.0,1874.0,True
401645379,2024,14,2024-11-29T17:00:00.000Z,2426,Navy,American Athletic,151,East Carolina,American Athletic,34.0,1477.0,1503.0,20.0,1418.0,1392.0,False
401645383,2024,16,2024-12-14T20:00:00.000Z,2426,Navy,American Athletic,349,Army,American Athletic,31.0,1503.0,1559.0,13.0,1686.0,1630.0,False
401628454,2024,1,2024-08-31T19:30:00.000Z,158,Nebraska,Big Ten,2638,UTEP,Conference USA,40.0,1507.0,1571.0,7.0,1296.0,1232.0,True
401677095,2024,1,2024-12-28T17:00:00.000Z,158,Nebraska,Big Ten,103,Boston College,ACC,20.0,1526.0,1537.0,15.0,1524.0,1513.0,True
401628467,2024,2,2024-09-07T23:30:00.000Z,158,Nebraska,Big Ten,38,Colorado,Big 12,28.0,1571.0,1588.0,10.0,1324.0,1307.0,True
401628482,2024,3,2024-09-14T23:30:00.000Z,158,Nebraska,Big Ten,2460,Northern Iowa,MVFC,34.0,1596.0,1596.0,3.0,,,True
401628485,2024,4,2024-09-21T00:00:00.000Z,158,Nebraska,Big Ten,356,Illinois,Big Ten,24.0,1588.0,1570.0,31.0,1533.0,1551.0,True
401628499,2024,5,2024-09-28T16:00:00.000Z,158,Nebraska,Big Ten,2509,Purdue,Big Ten,28.0,1570.0,1591.0,10.0,1343.0,1322.0,False
401628508,2024,6,2024-10-05T20:00:00.000Z,158,Nebraska,Big Ten,164,Rutgers,Big Ten,14.0,1591.0,1597.0,7.0,1527.0,1521.0,True
401628519,2024,8,2024-10-19T16:00:00.000Z,158,Nebraska,Big Ten,84,Indiana,Big Ten,7.0,1597.0,1454.0,56.0,1648.0,1791.0,False
401628530,2024,9,2024-10-26T16:00:00.000Z,158,Nebraska,Big Ten,194,Ohio State,Big Ten,17.0,1454.0,1467.0,21.0,2076.0,2063.0,False
401628537,2024,10,2024-11-02T19:30:00.000Z,158,Nebraska,Big Ten,26,UCLA,Big Ten,20.0,1467.0,1453.0,27.0,1456.0,1470.0,True
401628549,2024,12,2024-11-16T21:00:00.000Z,158,Nebraska,Big Ten,30,USC,Big Ten,20.0,1453.0,1459.0,28.0,1767.0,1761.0,False
401628560,2024,13,2024-11-23T20:30:00.000Z,158,Nebraska,Big Ten,275,Wisconsin,Big Ten,44.0,1459.0,1524.0,25.0,1659.0,1594.0,True
401628562,2024,14,2024-11-30T00:30:00.000Z,158,Nebraska,Big Ten,2294,Iowa,Big Ten,10.0,1524.0,1526.0,13.0,1786.0,1784.0,False
401674616,2024,2,2024-09-08T00:00:00.000Z,6845,Nebraska Wesleyan,American Rivers,512,Dakota State University,,25.0,,,41.0,,,True
401674617,2024,3,2024-09-14T18:00:00.000Z,6845,Nebraska Wesleyan,American Rivers,561,Mayville State,,34.0,,,24.0,,,False
401674618,2024,5,2024-09-28T18:00:00.000Z,6845,Nebraska Wesleyan,American Rivers,2685,Wartburg,American Rivers,0.0,,,34.0,,,False
401674586,2024,6,2024-10-05T18:00:00.000Z,6845,Nebraska Wesleyan,American Rivers,63,Buena Vista,American Rivers,34.0,,,21.0,,,True
401674619,2024,7,2024-10-12T18:00:00.000Z,6845,Nebraska Wesleyan,American Rivers,2564,Simpson College (IA),American Rivers,14.0,,,21.0,,,False
401674620,2024,8,2024-10-19T18:00:00.000Z,6845,Nebraska Wesleyan,American Rivers,2141,Coe College,American Rivers,0.0,,,50.0,,,True
401674621,2024,9,2024-10-26T18:00:00.000Z,6845,Nebraska Wesleyan,American Rivers,67,Luther,American Rivers,40.0,,,14.0,,,False
401674607,2024,10,2024-11-02T18:00:00.000Z,6845,Nebraska Wesleyan,American Rivers,49,Dubuque,American Rivers,7.0,,,52.0,,,True
401674614,2024,11,2024-11-09T19:00:00.000Z,6845,Nebraska Wesleyan,American Rivers,263,Loras College,American Rivers,22.0,,,32.0,,,False
401674600,2024,12,2024-11-16T19:00:00.000Z,6845,Nebraska Wesleyan,American Rivers,2964,Central College,American Rivers,0.0,,,32.0,,,True
401673282,2024,1,2024-08-30T00:00:00.000Z,2438,Nebraska-Kearney,Mid America,2123,Chadron St,Rocky Mountain,18.0,,,6.0,,,False
401674180,2024,2,2024-09-08T00:00:00.000Z,2438,Nebraska-Kearney,Mid America,138,Northwest Missouri St,Mid America,21.0,,,14.0,,,True
401674141,2024,4,2024-09-21T17:00:00.000Z,2438,Nebraska-Kearney,Mid America,2122,Central Oklahoma,Mid America,17.0,,,32.0,,,True
401674112,2024,5,2024-09-28T18:00:00.000Z,2438,Nebraska-Kearney,Mid America,2118,Central Missouri,Mid America,35.0,,,36.0,,,False
401674181,2024,6,2024-10-05T18:00:00.000Z,2438,Nebraska-Kearney,Mid America,2587,Southwest Minnesota State,Northern Sun,35.0,,,0.0,,,False
401674182,2024,7,2024-10-12T19:00:00.000Z,2438,Nebraska-Kearney,Mid America,90,Pittsburg St,Mid America,10.0,,,20.0,,,True
401674177,2024,8,2024-10-19T19:00:00.000Z,2438,Nebraska-Kearney,Mid America,137,Missouri Western,Mid America,24.0,,,23.0,,,False
401674157,2024,9,2024-10-26T19:00:00.000Z,2438,Nebraska-Kearney,Mid America,2214,Emporia State University,Mid America,35.0,,,42.0,,,True
401674183,2024,10,2024-11-02T18:00:00.000Z,2438,Nebraska-Kearney,Mid America,2687,Washburn,Mid America,14.0,,,13.0,,,False
401674173,2024,11,2024-11-09T20:00:00.000Z,2438,Nebraska-Kearney,Mid America,2403,Missouri Southern State,Mid America,13.0,,,24.0,,,False
401674166,2024,12,2024-11-16T18:00:00.000Z,2438,Nebraska-Kearney,Mid America,2231,Fort Hays State,Mid America,20.0,,,27.0,,,True
401643696,2024,1,2024-08-25T00:00:00.000Z,2440,Nevada,Mountain West,2567,SMU,ACC,24.0,1222.0,1243.0,29.0,1690.0,1669.0,True
401643701,2024,1,2024-08-31T23:00:00.000Z,2440,Nevada,Mountain West,2653,Troy,Sun Belt,28.0,1243.0,1271.0,26.0,1657.0,1629.0,False
401643708,2024,2,2024-09-07T23:00:00.000Z,2440,Nevada,Mountain West,290,Georgia Southern,Sun Belt,17.0,1271.0,1273.0,20.0,1381.0,1379.0,True
401628481,2024,3,2024-09-14T19:30:00.000Z,2440,Nevada,Mountain West,135,Minnesota,Big Ten,0.0,1273.0,1228.0,27.0,1492.0,1537.0,False
401643713,2024,4,2024-09-21T19:00:00.000Z,2440,Nevada,Mountain West,331,Eastern Washington,Big Sky,49.0,1220.0,1220.0,16.0,,,True
401643726,2024,6,2024-10-05T23:30:00.000Z,2440,Nevada,Mountain West,23,San José State,Mountain West,31.0,1228.0,1235.0,35.0,1601.0,1594.0,False
401643731,2024,7,2024-10-12T23:30:00.000Z,2440,Nevada,Mountain West,204,Oregon State,Pac-12,42.0,1235.0,1257.0,37.0,1609.0,1587.0,True
401643735,2024,8,2024-10-19T02:30:00.000Z,2440,Nevada,Mountain West,278,Fresno State,Mountain West,21.0,1257.0,1267.0,24.0,1505.0,1495.0,True
401643743,2024,9,2024-10-27T03:59:00.000Z,2440,Nevada,Mountain West,62,Hawai'i,Mountain West,13.0,1267.0,1206.0,34.0,1167.0,1228.0,False
401643748,2024,10,2024-11-03T00:00:00.000Z,2440,Nevada,Mountain West,36,Colorado State,Mountain West,21.0,1206.0,1176.0,38.0,1313.0,1343.0,True
401643752,2024,11,2024-11-10T01:00:00.000Z,2440,Nevada,Mountain West,68,Boise State,Mountain West,21.0,1176.0,1196.0,28.0,1761.0,1741.0,False
401643763,2024,13,2024-11-24T03:30:00.000Z,2440,Nevada,Mountain West,2005,Air Force,Mountain West,19.0,1196.0,1204.0,22.0,1406.0,1398.0,True
401643772,2024,14,2024-12-01T01:00:00.000Z,2440,Nevada,Mountain West,2439,UNLV,Mountain West,14.0,1204.0,1192.0,38.0,1673.0,1685.0,False
401628582,2024,1,2024-08-29T23:00:00.000Z,160,New Hampshire,CAA,2116,UCF,Big 12,3.0,,,57.0,1578.0,1578.0,False
401628598,2024,2,2024-09-07T18:00:00.000Z,160,New Hampshire,CAA,107,Holy Cross,Patriot,21.0,,,20.0,,,False
401628614,2024,3,2024-09-14T22:00:00.000Z,160,New Hampshire,CAA,284,Stonehill,NEC,45.0,,,6.0,,,True
401628619,2024,4,2024-09-21T19:00:00.000Z,160,New Hampshire,CAA,2803,Bryant,CAA,38.0,,,17.0,,,True
401644598,2024,6,2024-10-04T23:00:00.000Z,160,New Hampshire,CAA,108,Harvard,Ivy,23.0,,,28.0,,,False
401628651,2024,7,2024-10-12T18:00:00.000Z,160,New Hampshire,CAA,2210,Elon,CAA,17.0,,,10.0,,,False
401628659,2024,8,2024-10-19T17:00:00.000Z,160,New Hampshire,CAA,227,Rhode Island,CAA,9.0,,,26.0,,,True
401628668,2024,9,2024-10-26T19:30:00.000Z,160,New Hampshire,CAA,222,Villanova,CAA,6.0,,,14.0,,,False
401628675,2024,10,2024-11-02T17:00:00.000Z,160,New Hampshire,CAA,399,UAlbany,CAA,31.0,,,14.0,,,False
401628683,2024,11,2024-11-09T18:00:00.000Z,160,New Hampshire,CAA,2405,Monmouth,CAA,33.0,,,20.0,,,True
401628692,2024,12,2024-11-16T18:00:00.000Z,160,New Hampshire,CAA,2619,Stony Brook,CAA,31.0,,,30.0,,,True
401628693,2024,13,2024-11-23T18:00:00.000Z,160,New Hampshire,CAA,311,Maine,CAA,27.0,,,9.0,,,False
401729729,2024,14,2024-11-30T18:00:00.000Z,160,New Hampshire,CAA,2630,UT Martin,Big South-OVC,10.0,,,41.0,,,True
401676722,2024,2,2024-09-07T17:00:00.000Z,2441,New Haven,Northeast 10,215,Slippery Rock,Pennsylvania State Athletic,7.0,,,22.0,,,False
401676723,2024,3,2024-09-13T23:00:00.000Z,2441,New Haven,Northeast 10,2487,Pace,Northeast 10,47.0,,,17.0,,,False
401676715,2024,4,2024-09-21T17:00:00.000Z,2441,New Haven,Northeast 10,112334,Franklin Pierce,Northeast 10,45.0,,,34.0,,,True
401676724,2024,5,2024-09-28T18:00:00.000Z,2441,New Haven,Northeast 10,2060,Bentley,Northeast 10,45.0,,,35.0,,,False
401676725,2024,6,2024-10-05T17:00:00.000Z,2441,New Haven,Northeast 10,2022,American International,Northeast 10,56.0,,,0.0,,,True
401676726,2024,8,2024-10-19T17:00:00.000Z,2441,New Haven,Northeast 10,2583,Southern Connecticut State,Northeast 10,21.0,,,0.0,,,False
401676711,2024,9,2024-10-26T16:00:00.000Z,2441,New Haven,Northeast 10,2038,Assumption,Northeast 10,14.0,,,19.0,,,False
401676727,2024,10,2024-11-02T17:00:00.000Z,2441,New Haven,Northeast 10,126086,Post University,Northeast 10,51.0,,,7.0,,,True
401676728,2024,11,2024-11-09T18:00:00.000Z,2441,New Haven,Northeast 10,2830,St. Anselm,Northeast 10,14.0,,,11.0,,,False
401676729,2024,12,2024-11-16T18:00:00.000Z,2441,New Haven,Northeast 10,2487,Pace,Northeast 10,41.0,,,14.0,,,True
401734577,2024,13,2024-11-23T18:00:00.000Z,2441,New Haven,Northeast 10,215,Slippery Rock,Pennsylvania State Athletic,7.0,,,14.0,,,False
401643697,2024,1,2024-08-24T20:00:00.000Z,167,New Mexico,Mountain West,147,Montana State,Big Sky,31.0,1234.0,1234.0,35.0,,,True
401636608,2024,1,2024-09-01T02:30:00.000Z,167,New Mexico,Mountain West,12,Arizona,Big 12,39.0,1234.0,1228.0,61.0,1714.0,1720.0,False
401628352,2024,3,2024-09-14T23:30:00.000Z,167,New Mexico,Mountain West,2,Auburn,SEC,19.0,1228.0,1196.0,45.0,1537.0,1569.0,False
401643711,2024,4,2024-09-22T00:30:00.000Z,167,New Mexico,Mountain West,278,Fresno State,Mountain West,21.0,1196.0,1201.0,38.0,1680.0,1675.0,True
401641035,2024,5,2024-09-29T00:00:00.000Z,167,New Mexico,Mountain West,166,New Mexico State,Conference USA,50.0,1201.0,1228.0,40.0,1265.0,1238.0,False
401643727,2024,7,2024-10-12T23:00:00.000Z,167,New Mexico,Mountain West,2005,Air Force,Mountain West,52.0,1228.0,1271.0,37.0,1353.0,1310.0,True
401643737,2024,8,2024-10-19T20:00:00.000Z,167,New Mexico,Mountain West,328,Utah State,Mountain West,50.0,1271.0,1273.0,45.0,1172.0,1170.0,False
401643741,2024,9,2024-10-26T21:00:00.000Z,167,New Mexico,Mountain West,36,Colorado State,Mountain West,6.0,1273.0,1255.0,17.0,1295.0,1313.0,False
401643750,2024,10,2024-11-02T20:00:00.000Z,167,New Mexico,Mountain West,2751,Wyoming,Mountain West,45.0,1255.0,1250.0,49.0,1278.0,1283.0,True
401643754,2024,11,2024-11-09T03:30:00.000Z,167,New Mexico,Mountain West,21,San Diego State,Mountain West,21.0,1250.0,1263.0,16.0,1311.0,1298.0,False
401643761,2024,12,2024-11-17T02:30:00.000Z,167,New Mexico,Mountain West,265,Washington State,Pac-12,38.0,1263.0,1269.0,35.0,1606.0,1600.0,True
401643771,2024,14,2024-12-01T04:00:00.000Z,167,New Mexico,Mountain West,62,Hawai'i,Mountain West,30.0,1269.0,1247.0,38.0,1114.0,1136.0,False
401673257,2024,1,2024-08-30T00:00:00.000Z,2424,New Mexico Highlands,Rocky Mountain,2201,Eastern New Mexico,Lone Star,37.0,,,63.0,,,True
401673258,2024,3,2024-09-15T00:00:00.000Z,2424,New Mexico Highlands,Rocky Mountain,2703,Western New Mexico,Lone Star,33.0,,,36.0,,,False
401673251,2024,4,2024-09-21T19:00:00.000Z,2424,New Mexico Highlands,Rocky Mountain,613,South Dakota Mines,Rocky Mountain,19.0,,,40.0,,,False
401673242,2024,5,2024-09-28T18:00:00.000Z,2424,New Mexico Highlands,Rocky Mountain,2714,Western Colorado,Rocky Mountain,12.0,,,53.0,,,True
401673259,2024,6,2024-10-05T20:00:00.000Z,2424,New Mexico Highlands,Rocky Mountain,2570,CSU Pueblo,Rocky Mountain,28.0,,,67.0,,,False
401673260,2024,7,2024-10-12T18:00:00.000Z,2424,New Mexico Highlands,Rocky Mountain,2123,Chadron St,Rocky Mountain,33.0,,,30.0,,,True
401673261,2024,8,2024-10-19T19:00:00.000Z,2424,New Mexico Highlands,Rocky Mountain,11,Colorado Mesa,Rocky Mountain,10.0,,,21.0,,,False
401673147,2024,9,2024-10-26T23:00:00.000Z,2424,New Mexico Highlands,Rocky Mountain,2001,Adams State,Rocky Mountain,44.0,,,27.0,,,True
401673262,2024,10,2024-11-02T18:00:00.000Z,2424,New Mexico Highlands,Rocky Mountain,2146,Colorado School Of Mines,Rocky Mountain,21.0,,,56.0,,,True
401673263,2024,11,2024-11-09T19:00:00.000Z,2424,New Mexico Highlands,Rocky Mountain,2237,Fort Lewis,Rocky Mountain,22.0,,,44.0,,,False
401673239,2024,12,2024-11-16T19:00:00.000Z,2424,New Mexico Highlands,Rocky Mountain,2069,Black Hills State,Rocky Mountain,31.0,,,48.0,,,True
401641032,2024,1,2024-09-01T01:00:00.000Z,166,New Mexico State,Conference USA,2546,Southeast Missouri State,Big South-OVC,23.0,1432.0,1432.0,16.0,,,True
401640989,2024,2,2024-09-08T02:15:00.000Z,166,New Mexico State,Conference USA,2335,Liberty,Conference USA,24.0,1432.0,1431.0,30.0,1572.0,1573.0,True
401641033,2024,3,2024-09-15T02:30:00.000Z,166,New Mexico State,Conference USA,278,Fresno State,Mountain West,0.0,1431.0,1302.0,48.0,1551.0,1680.0,False
401641034,2024,4,2024-09-21T23:00:00.000Z,166,New Mexico State,Conference USA,2534,Sam Houston,Conference USA,11.0,1302.0,1265.0,31.0,1398.0,1435.0,False
401641035,2024,5,2024-09-29T00:00:00.000Z,166,New Mexico State,Conference USA,167,New Mexico,Mountain West,40.0,1265.0,1238.0,50.0,1201.0,1228.0,True
401641002,2024,7,2024-10-09T23:30:00.000Z,166,New Mexico State,Conference USA,55,Jacksonville State,Conference USA,13.0,1238.0,1161.0,54.0,1560.0,1637.0,False
401641010,2024,8,2024-10-16T01:00:00.000Z,166,New Mexico State,Conference USA,2348,Louisiana Tech,Conference USA,33.0,1161.0,1164.0,30.0,1288.0,1285.0,True
401640985,2024,10,2024-10-29T23:00:00.000Z,166,New Mexico State,Conference USA,2229,Florida International,Conference USA,13.0,1164.0,1115.0,34.0,1248.0,1297.0,False
401641036,2024,11,2024-11-09T23:00:00.000Z,166,New Mexico State,Conference USA,98,Western Kentucky,Conference USA,28.0,1115.0,1121.0,41.0,1512.0,1506.0,True
401628424,2024,12,2024-11-17T00:45:00.000Z,166,New Mexico State,Conference USA,245,Texas A&M,SEC,3.0,1121.0,1097.0,38.0,1746.0,1770.0,False
401641027,2024,13,2024-11-23T19:30:00.000Z,166,New Mexico State,Conference USA,2393,Middle Tennessee,Conference USA,36.0,1097.0,1137.0,21.0,1144.0,1104.0,False
401641031,2024,14,2024-11-30T21:00:00.000Z,166,New Mexico State,Conference USA,2638,UTEP,Conference USA,35.0,1137.0,1120.0,42.0,1094.0,1111.0,True
401675505,2024,2,2024-09-07T23:00:00.000Z,2444,Newberry,South Atlantic,2673,Valdosta State,Gulf South,14.0,,,27.0,,,True
401676789,2024,3,2024-09-14T23:00:00.000Z,2444,Newberry,South Atlantic,127230,Keiser (Fl),,16.0,,,21.0,,,True
401676790,2024,4,2024-09-21T17:00:00.000Z,2444,Newberry,South Atlantic,2839,Greeneville,South Atlantic,50.0,,,20.0,,,False
401676791,2024,5,2024-09-28T23:00:00.000Z,2444,Newberry,South Atlantic,2842,UVA Wise,South Atlantic,0.0,,,0.0,,,True
401676786,2024,6,2024-10-05T23:00:00.000Z,2444,Newberry,South Atlantic,2369,Mars Hill,South Atlantic,9.0,,,34.0,,,True
401676779,2024,7,2024-10-12T17:00:00.000Z,2444,Newberry,South Atlantic,2331,Lenoir-Rhyne,South Atlantic,3.0,,,24.0,,,False
401675767,2024,8,2024-10-19T22:00:00.000Z,2444,Newberry,South Atlantic,2107,Catawba,South Atlantic,27.0,,,21.0,,,False
401675759,2024,9,2024-10-26T20:00:00.000Z,2444,Newberry,South Atlantic,122666,Wilson,South Atlantic,41.0,,,25.0,,,True
401676784,2024,10,2024-11-02T20:00:00.000Z,2444,Newberry,South Atlantic,2336,Limestone,South Atlantic,14.0,,,35.0,,,True
401676792,2024,11,2024-11-09T18:30:00.000Z,2444,Newberry,South Atlantic,351,Wingate,South Atlantic,0.0,,,38.0,,,False
401673390,2024,12,2024-11-16T18:00:00.000Z,2444,Newberry,South Atlantic,2213,Emory & Henry College,South Atlantic,7.0,,,27.0,,,True
401641007,2024,1,2024-09-01T00:00:00.000Z,2447,Nicholls,Southland,2348,Louisiana Tech,Conference USA,17.0,,,25.0,1246.0,1246.0,False
401628341,2024,2,2024-09-07T23:30:00.000Z,2447,Nicholls,Southland,99,LSU,SEC,21.0,,,44.0,1805.0,1805.0,False
401655618,2024,3,2024-09-15T01:00:00.000Z,2447,Nicholls,Southland,16,Sacramento State,Big Sky,7.0,,,34.0,,,False
401654586,2024,4,2024-09-21T20:00:00.000Z,2447,Nicholls,Southland,2400,Mississippi Valley State,SWAC,66.0,,,0.0,,,True
401654560,2024,6,2024-10-05T23:00:00.000Z,2447,Nicholls,Southland,2582,Southern,SWAC,51.0,,,7.0,,,False
401634019,2024,7,2024-10-12T23:00:00.000Z,2447,Nicholls,Southland,2916,Incarnate Word,Southland,10.0,,,55.0,,,False
401634034,2024,8,2024-10-19T16:00:00.000Z,2447,Nicholls,Southland,2466,Northwestern State,Southland,20.0,,,0.0,,,True
401634026,2024,9,2024-10-26T20:00:00.000Z,2447,Nicholls,Southland,2377,McNeese,Southland,24.0,,,19.0,,,True
401675121,2024,10,2024-11-02T20:00:00.000Z,2447,Nicholls,Southland,2617,Stephen F. Austin,Southland,12.0,,,28.0,,,True
401634027,2024,11,2024-11-09T20:00:00.000Z,2447,Nicholls,Southland,2277,Houston Christian,Southland,21.0,,,24.0,,,False
401634037,2024,12,2024-11-16T21:00:00.000Z,2447,Nicholls,Southland,2320,Lamar,Southland,7.0,,,24.0,,,False
401634039,2024,13,2024-11-22T00:00:00.000Z,2447,Nicholls,Southland,2545,SE Louisiana,Southland,16.0,,,19.0,,,True
401676755,2024,2,2024-09-07T20:00:00.000Z,2884,Nichols College,Commonwealth Coast,379,UMass Dartmouth,MSCAC,24.0,,,64.0,,,False
401677372,2024,3,2024-09-14T16:00:00.000Z,2884,Nichols College,Commonwealth Coast,274,Maine Maritime,Independent DIII,63.0,,,12.0,,,True
401676756,2024,4,2024-09-21T17:00:00.000Z,2884,Nichols College,Commonwealth Coast,2557,Coast Guard,NEWMAC,56.0,,,47.0,,,True
401676757,2024,5,2024-09-28T16:00:00.000Z,2884,Nichols College,Commonwealth Coast,110438,Dean College,ECFC,31.0,,,7.0,,,False
401676758,2024,6,2024-10-05T16:00:00.000Z,2884,Nichols College,Commonwealth Coast,417,Gallaudet,ECFC,28.0,,,42.0,,,False
401674716,2024,8,2024-10-19T18:30:00.000Z,2884,Nichols College,Commonwealth Coast,2280,Husson,Commonwealth Coast,22.0,,,56.0,,,False
401674725,2024,9,2024-10-26T17:00:00.000Z,2884,Nichols College,Commonwealth Coast,111675,Biddeford,Commonwealth Coast,30.0,,,51.0,,,True
401676759,2024,10,2024-11-02T16:00:00.000Z,2884,Nichols College,Commonwealth Coast,452,Endicott College,Commonwealth Coast,10.0,,,50.0,,,False
401674709,2024,11,2024-11-09T17:00:00.000Z,2884,Nichols College,Commonwealth Coast,40,Curry College,Commonwealth Coast,41.0,,,47.0,,,True
401676769,2024,12,2024-11-16T17:00:00.000Z,2884,Nichols College,Commonwealth Coast,2702,Western New England,Commonwealth Coast,28.0,,,56.0,,,True
401636372,2024,1,2024-08-24T23:30:00.000Z,2450,Norfolk State,MEAC,50,Florida A&M,SWAC,23.0,,,24.0,,,True
401645320,2024,1,2024-08-31T22:00:00.000Z,2450,Norfolk State,MEAC,151,East Carolina,American Athletic,3.0,,,42.0,1404.0,1404.0,False
401654549,2024,2,2024-09-07T20:00:00.000Z,2450,Norfolk State,MEAC,330,Virginia St,CIAA,28.0,,,23.0,,,True
401628613,2024,3,2024-09-14T20:00:00.000Z,2450,Norfolk State,MEAC,2261,Hampton,CAA,7.0,,,37.0,,,True
401654550,2024,4,2024-09-21T17:30:00.000Z,2450,Norfolk State,MEAC,2678,VMI,Southern,32.0,,,10.0,,,False
401654553,2024,5,2024-09-28T19:00:00.000Z,2450,Norfolk State,MEAC,2428,North Carolina Central,MEAC,10.0,,,37.0,,,True
401654551,2024,6,2024-10-05T17:00:00.000Z,2450,Norfolk State,MEAC,2529,Sacred Heart,FCS Independents,3.0,,,10.0,,,False
401628652,2024,7,2024-10-12T18:00:00.000Z,2450,Norfolk State,MEAC,119,Towson,CAA,23.0,,,28.0,,,True
401654552,2024,9,2024-10-26T18:00:00.000Z,2450,Norfolk State,MEAC,47,Howard,MEAC,21.0,,,20.0,,,True
401654515,2024,10,2024-11-02T17:00:00.000Z,2450,Norfolk State,MEAC,2415,Morgan State,MEAC,37.0,,,38.0,,,False
401654503,2024,12,2024-11-16T17:00:00.000Z,2450,Norfolk State,MEAC,2169,Delaware State,MEAC,38.0,,,19.0,,,True
401654543,2024,13,2024-11-23T18:30:00.000Z,2450,Norfolk State,MEAC,2569,South Carolina State,MEAC,21.0,,,53.0,,,False
401654662,2024,1,2024-08-24T23:00:00.000Z,2453,North Alabama,UAC,2546,Southeast Missouri State,Big South-OVC,15.0,,,37.0,,,False
401645321,2024,1,2024-08-31T23:00:00.000Z,2453,North Alabama,UAC,235,Memphis,American Athletic,0.0,,,40.0,1569.0,1569.0,False
401634158,2024,2,2024-09-07T23:00:00.000Z,2453,North Alabama,UAC,2287,Illinois State,MVFC,17.0,,,24.0,,,True
401654663,2024,3,2024-09-14T23:00:00.000Z,2453,North Alabama,UAC,2630,UT Martin,Big South-OVC,28.0,,,43.0,,,False
401678897,2024,4,2024-09-21T23:00:00.000Z,2453,North Alabama,UAC,2627,Tarleton State,UAC,14.0,,,28.0,,,True
401632105,2024,5,2024-09-28T18:00:00.000Z,2453,North Alabama,UAC,2698,West Georgia,UAC,25.0,,,16.0,,,False
401632108,2024,6,2024-10-05T21:00:00.000Z,2453,North Alabama,UAC,3101,Utah Tech,UAC,60.0,,,14.0,,,True
401632113,2024,7,2024-10-12T23:00:00.000Z,2453,North Alabama,UAC,2000,Abilene Christian,UAC,47.0,,,34.0,,,True
401632123,2024,9,2024-10-26T21:00:00.000Z,2453,North Alabama,UAC,2110,Central Arkansas,UAC,19.0,,,24.0,,,False
401632126,2024,10,2024-11-02T21:00:00.000Z,2453,North Alabama,UAC,2046,Austin Peay,UAC,17.0,,,31.0,,,True
401632135,2024,11,2024-11-09T20:00:00.000Z,2453,North Alabama,UAC,253,Southern Utah,UAC,26.0,,,38.0,,,True
401632132,2024,13,2024-11-23T19:00:00.000Z,2453,North Alabama,UAC,2198,Eastern Kentucky,UAC,15.0,,,21.0,,,False
401675114,2024,1,2024-08-30T00:00:00.000Z,123086,North American University,,2617,Stephen F. Austin,Southland,0.0,,,77.0,,,False
401674638,2024,5,2024-09-28T18:00:00.000Z,123086,North American University,,2810,Hardin-Simmons,American Southwest,7.0,,,90.0,,,False
401677094,2024,1,2024-12-28T16:00:00.000Z,153,North Carolina,ACC,41,UConn,FBS Independents,14.0,1531.0,1496.0,27.0,1397.0,1432.0,True
401628448,2024,1,2024-08-30T00:00:00.000Z,153,North Carolina,ACC,135,Minnesota,Big Ten,19.0,1546.0,1546.0,17.0,1492.0,1492.0,False
401635537,2024,2,2024-09-07T19:30:00.000Z,153,North Carolina,ACC,2429,Charlotte,American Athletic,38.0,1546.0,1554.0,20.0,1195.0,1187.0,True
401635545,2024,3,2024-09-14T22:00:00.000Z,153,North Carolina,ACC,2428,North Carolina Central,MEAC,45.0,1567.0,1567.0,10.0,,,True
401635556,2024,4,2024-09-21T16:00:00.000Z,153,North Carolina,ACC,256,James Madison,Sun Belt,50.0,1554.0,1519.0,70.0,1699.0,1734.0,True
401635562,2024,5,2024-09-28T20:00:00.000Z,153,North Carolina,ACC,150,Duke,ACC,20.0,1519.0,1521.0,21.0,1623.0,1621.0,False
401635572,2024,6,2024-10-05T16:00:00.000Z,153,North Carolina,ACC,221,Pittsburgh,ACC,24.0,1521.0,1497.0,34.0,1488.0,1512.0,True
401635577,2024,7,2024-10-12T16:00:00.000Z,153,North Carolina,ACC,59,Georgia Tech,ACC,34.0,1497.0,1489.0,41.0,1568.0,1576.0,True
401635598,2024,9,2024-10-26T16:00:00.000Z,153,North Carolina,ACC,258,Virginia,ACC,41.0,1489.0,1555.0,14.0,1425.0,1359.0,False
401635602,2024,10,2024-11-02T19:30:00.000Z,153,North Carolina,ACC,52,Florida State,ACC,35.0,1555.0,1612.0,11.0,1504.0,1447.0,False
401635583,2024,12,2024-11-17T01:00:00.000Z,153,North Carolina,ACC,154,Wake Forest,ACC,31.0,1612.0,1608.0,24.0,1353.0,1357.0,True
401635612,2024,13,2024-11-23T17:00:00.000Z,153,North Carolina,ACC,103,Boston College,ACC,21.0,1608.0,1543.0,41.0,1441.0,1506.0,False
401635624,2024,14,2024-11-30T20:30:00.000Z,153,North Carolina,ACC,152,NC State,ACC,30.0,1543.0,1531.0,35.0,1501.0,1513.0,True
401628581,2024,1,2024-08-29T23:00:00.000Z,2448,North Carolina A&T,CAA,154,Wake Forest,ACC,13.0,,,45.0,1431.0,1431.0,False
401628606,2024,2,2024-09-07T23:00:00.000Z,2448,North Carolina A&T,CAA,2736,Winston-Salem,CIAA,27.0,,,20.0,,,True
401628609,2024,3,2024-09-14T17:00:00.000Z,2448,North Carolina A&T,CAA,48,Delaware,CAA,13.0,,,42.0,,,True
401628626,2024,4,2024-09-21T23:00:00.000Z,2448,North Carolina A&T,CAA,2428,North Carolina Central,MEAC,24.0,,,66.0,,,False
401628637,2024,5,2024-09-28T22:00:00.000Z,2448,North Carolina A&T,CAA,2569,South Carolina State,MEAC,25.0,,,45.0,,,False
401628642,2024,6,2024-10-05T18:00:00.000Z,2448,North Carolina A&T,CAA,257,Richmond,CAA,17.0,,,20.0,,,False
401628656,2024,8,2024-10-19T17:00:00.000Z,2448,North Carolina A&T,CAA,2261,Hampton,CAA,17.0,,,59.0,,,True
401628664,2024,9,2024-10-26T20:00:00.000Z,2448,North Carolina A&T,CAA,2097,Campbell,CAA,7.0,,,21.0,,,False
401628670,2024,10,2024-11-02T17:00:00.000Z,2448,North Carolina A&T,CAA,2729,William & Mary,CAA,7.0,,,45.0,,,True
401628684,2024,11,2024-11-09T18:00:00.000Z,2448,North Carolina A&T,CAA,222,Villanova,CAA,3.0,,,31.0,,,False
401628688,2024,12,2024-11-16T17:00:00.000Z,2448,North Carolina A&T,CAA,119,Towson,CAA,13.0,,,31.0,,,False
401628696,2024,13,2024-11-23T18:00:00.000Z,2448,North Carolina A&T,CAA,2210,Elon,CAA,21.0,,,31.0,,,True
401636343,2024,1,2024-09-01T19:00:00.000Z,2428,North Carolina Central,MEAC,2011,Alabama State,SWAC,31.0,,,24.0,,,False
401628595,2024,2,2024-09-07T22:00:00.000Z,2428,North Carolina Central,MEAC,2210,Elon,CAA,19.0,,,41.0,,,True
401635545,2024,3,2024-09-14T22:00:00.000Z,2428,North Carolina Central,MEAC,153,North Carolina,ACC,10.0,,,45.0,1567.0,1567.0,False
401628626,2024,4,2024-09-21T23:00:00.000Z,2428,North Carolina Central,MEAC,2448,North Carolina A&T,CAA,66.0,,,24.0,,,True
401654553,2024,5,2024-09-28T19:00:00.000Z,2428,North Carolina Central,MEAC,2450,Norfolk State,MEAC,37.0,,,10.0,,,False
401628647,2024,6,2024-10-05T20:00:00.000Z,2428,North Carolina Central,MEAC,2097,Campbell,CAA,45.0,,,14.0,,,False
401654555,2024,7,2024-10-12T18:00:00.000Z,2428,North Carolina Central,MEAC,2355,Virginia University Of Lynchburg,,68.0,,,0.0,,,True
401654514,2024,9,2024-10-26T19:30:00.000Z,2428,North Carolina Central,MEAC,2415,Morgan State,MEAC,16.0,,,7.0,,,True
401654541,2024,10,2024-10-31T23:30:00.000Z,2428,North Carolina Central,MEAC,2569,South Carolina State,MEAC,21.0,,,24.0,,,False
401654556,2024,12,2024-11-16T01:00:00.000Z,2428,North Carolina Central,MEAC,47,Howard,MEAC,26.0,,,3.0,,,True
401654504,2024,13,2024-11-23T18:00:00.000Z,2428,North Carolina Central,MEAC,2169,Delaware State,MEAC,52.0,,,10.0,,,False
401676006,2024,2,2024-09-07T22:00:00.000Z,286,North Carolina Wesleyan,USA South,2047,Averett,Old Dominion,29.0,,,41.0,,,False
401676007,2024,3,2024-09-14T22:00:00.000Z,286,North Carolina Wesleyan,USA South,366,Ferrum,Old Dominion,24.0,,,28.0,,,True
401676008,2024,4,2024-09-21T16:00:00.000Z,286,North Carolina Wesleyan,USA South,2938,Huntingdon College (AL),USA South,28.0,,,49.0,,,True
401676009,2024,5,2024-09-28T16:00:00.000Z,286,North Carolina Wesleyan,USA South,2056,Belhaven,USA South,12.0,,,30.0,,,False
401676010,2024,6,2024-10-05T22:00:00.000Z,286,North Carolina Wesleyan,USA South,291,Methodist,USA South,19.0,,,17.0,,,True
401676011,2024,7,2024-10-12T16:00:00.000Z,286,North Carolina Wesleyan,USA South,548,Lagrange College,USA South,9.0,,,31.0,,,True
401676003,2024,9,2024-10-26T17:00:00.000Z,286,North Carolina Wesleyan,USA South,2896,Southern Virginia,USA South,34.0,,,31.0,,,False
401676012,2024,10,2024-11-02T16:00:00.000Z,286,North Carolina Wesleyan,USA South,2256,Greensboro College,USA South,23.0,,,21.0,,,False
401676013,2024,11,2024-11-09T17:00:00.000Z,286,North Carolina Wesleyan,USA South,2913,Brevard College,USA South,30.0,,,24.0,,,True
401676014,2024,12,2024-11-16T17:00:00.000Z,286,North Carolina Wesleyan,USA South,2373,Maryville College (TN),USA South,14.0,,,35.0,,,False
401738307,2024,1,2024-12-21T20:30:00.000Z,3071,North Central College,CCIW,216,Susquehanna,Landmark Conference,66.0,,,0.0,,,True
401741208,2024,1,2025-01-06T01:00:00.000Z,3071,North Central College,CCIW,426,University of Mount Union,Ohio,41.0,,,25.0,,,True
401674736,2024,3,2024-09-14T23:00:00.000Z,3071,North Central College,CCIW,2044,Aurora,NACC,48.0,,,21.0,,,False
401673966,2024,4,2024-09-21T18:00:00.000Z,3071,North Central College,CCIW,2106,Carthage,CCIW,63.0,,,0.0,,,False
401674737,2024,5,2024-09-28T17:00:00.000Z,3071,North Central College,CCIW,143,Washington University (St. Louis),CCIW,49.0,,,9.0,,,True
401674738,2024,6,2024-10-05T18:00:00.000Z,3071,North Central College,CCIW,396,Wheaton,CCIW,55.0,,,27.0,,,False
401674733,2024,7,2024-10-12T18:00:00.000Z,3071,North Central College,CCIW,74,Millikin,CCIW,70.0,,,14.0,,,False
401674739,2024,8,2024-10-19T23:00:00.000Z,3071,North Central College,CCIW,75,North Park,CCIW,69.0,,,0.0,,,True
401673952,2024,9,2024-10-26T18:00:00.000Z,3071,North Central College,CCIW,2042,Augustana (IL),CCIW,49.0,,,10.0,,,False
401673962,2024,10,2024-11-02T17:00:00.000Z,3071,North Central College,CCIW,32,Carroll University (WI),CCIW,56.0,,,3.0,,,True
401673978,2024,11,2024-11-09T18:00:00.000Z,3071,North Central College,CCIW,72,Elmhurst,CCIW,70.0,,,7.0,,,True
401674731,2024,12,2024-11-16T19:00:00.000Z,3071,North Central College,CCIW,306,Illinois Wesleyan,CCIW,42.0,,,20.0,,,False
401734997,2024,14,2024-11-30T18:00:00.000Z,3071,North Central College,CCIW,2721,Whitworth,Northwest,42.0,,,17.0,,,True
401735967,2024,15,2024-12-07T18:00:00.000Z,3071,North Central College,CCIW,2812,Hope College,Michigan,41.0,,,21.0,,,False
401737148,2024,16,2024-12-14T18:00:00.000Z,3071,North Central College,CCIW,81,Springfield,NEWMAC,27.0,,,3.0,,,True
401634197,2024,1,2024-08-31T19:30:00.000Z,155,North Dakota,MVFC,66,Iowa State,Big 12,3.0,,,21.0,1612.0,1612.0,False
401634198,2024,2,2024-09-07T23:00:00.000Z,155,North Dakota,MVFC,149,Montana,Big Sky,27.0,,,24.0,,,True
401634199,2024,3,2024-09-14T18:00:00.000Z,155,North Dakota,MVFC,304,Idaho State,Big Sky,52.0,,,28.0,,,True
401634200,2024,4,2024-09-21T18:00:00.000Z,155,North Dakota,MVFC,301,San Diego,Pioneer,41.0,,,24.0,,,True
401634192,2024,5,2024-09-28T18:00:00.000Z,155,North Dakota,MVFC,93,Murray State,MVFC,72.0,,,35.0,,,True
401634201,2024,6,2024-10-05T19:30:00.000Z,155,North Dakota,MVFC,2449,North Dakota State,MVFC,17.0,,,41.0,,,False
401634202,2024,8,2024-10-19T18:00:00.000Z,155,North Dakota,MVFC,2460,Northern Iowa,MVFC,31.0,,,7.0,,,True
401634203,2024,9,2024-10-26T22:00:00.000Z,155,North Dakota,MVFC,2754,Youngstown State,MVFC,40.0,,,41.0,,,False
401634177,2024,10,2024-11-02T17:00:00.000Z,155,North Dakota,MVFC,282,Indiana State,MVFC,31.0,,,35.0,,,False
401634204,2024,11,2024-11-09T19:00:00.000Z,155,North Dakota,MVFC,2571,South Dakota State,MVFC,7.0,,,38.0,,,True
401634205,2024,12,2024-11-16T18:00:00.000Z,155,North Dakota,MVFC,233,South Dakota,MVFC,36.0,,,42.0,,,True
401634168,2024,13,2024-11-23T18:00:00.000Z,155,North Dakota,MVFC,2287,Illinois State,MVFC,13.0,,,35.0,,,False
401729786,2024,1,2024-12-21T17:00:00.000Z,2449,North Dakota State,MVFC,2571,South Dakota State,MVFC,28.0,,,21.0,,,True
401634206,2024,1,2024-08-30T00:00:00.000Z,2449,North Dakota State,MVFC,38,Colorado,Big 12,26.0,,,31.0,1324.0,1324.0,False
401680057,2024,1,2025-01-07T00:00:00.000Z,2449,North Dakota State,MVFC,147,Montana State,Big Sky,35.0,,,32.0,,,False
401634207,2024,2,2024-09-07T19:30:00.000Z,2449,North Dakota State,MVFC,2634,Tennessee State,Big South-OVC,52.0,,,3.0,,,True
401634135,2024,3,2024-09-14T21:30:00.000Z,2449,North Dakota State,MVFC,2193,East Tennessee State,Southern,38.0,,,35.0,,,False
401628629,2024,4,2024-09-21T18:00:00.000Z,2449,North Dakota State,MVFC,119,Towson,CAA,41.0,,,24.0,,,True
401634161,2024,5,2024-09-28T19:00:00.000Z,2449,North Dakota State,MVFC,2287,Illinois State,MVFC,42.0,,,10.0,,,False
401634201,2024,6,2024-10-05T19:30:00.000Z,2449,North Dakota State,MVFC,155,North Dakota,MVFC,41.0,,,17.0,,,True
401634208,2024,7,2024-10-12T19:00:00.000Z,2449,North Dakota State,MVFC,79,Southern Illinois,MVFC,24.0,,,3.0,,,False
401634209,2024,8,2024-10-20T00:00:00.000Z,2449,North Dakota State,MVFC,2571,South Dakota State,MVFC,13.0,,,9.0,,,True
401634194,2024,9,2024-10-26T18:00:00.000Z,2449,North Dakota State,MVFC,93,Murray State,MVFC,59.0,,,6.0,,,False
401634210,2024,10,2024-11-02T19:30:00.000Z,2449,North Dakota State,MVFC,2460,Northern Iowa,MVFC,42.0,,,19.0,,,True
401634188,2024,12,2024-11-16T20:30:00.000Z,2449,North Dakota State,MVFC,2623,Missouri State,MVFC,59.0,,,21.0,,,True
401634211,2024,13,2024-11-23T19:00:00.000Z,2449,North Dakota State,MVFC,233,South Dakota,MVFC,28.0,,,29.0,,,False
401729745,2024,15,2024-12-07T20:00:00.000Z,2449,North Dakota State,MVFC,2000,Abilene Christian,UAC,51.0,,,31.0,,,True
401729785,2024,16,2024-12-14T20:30:00.000Z,2449,North Dakota State,MVFC,2382,Mercer,Southern,31.0,,,7.0,,,True
401675491,2024,2,2024-09-05T23:00:00.000Z,2822,North Greenville,Gulf South,126110,Keiser University,,20.0,,,23.0,,,True
401654848,2024,3,2024-09-14T16:00:00.000Z,2822,North Greenville,Gulf South,2643,The Citadel,Southern,0.0,,,54.0,,,False
401675486,2024,4,2024-09-21T23:00:00.000Z,2822,North Greenville,Gulf South,2401,Mississippi College,Gulf South,29.0,,,7.0,,,False
401675492,2024,5,2024-09-28T23:00:00.000Z,2822,North Greenville,Gulf South,2560,Shorter,Gulf South,0.0,,,0.0,,,True
401675493,2024,6,2024-10-05T19:00:00.000Z,2822,North Greenville,Gulf South,490,Benedict College,SIAC,38.0,,,21.0,,,False
401675494,2024,7,2024-10-12T19:00:00.000Z,2822,North Greenville,Gulf South,2673,Valdosta State,Gulf South,24.0,,,32.0,,,True
401658353,2024,8,2024-10-19T18:00:00.000Z,2822,North Greenville,Gulf South,101784,ERSKINE,Gulf South,52.0,,,35.0,,,True
401675481,2024,9,2024-10-26T17:00:00.000Z,2822,North Greenville,Gulf South,2170,Delta State,Gulf South,47.0,,,45.0,,,True
401675495,2024,10,2024-11-02T19:00:00.000Z,2822,North Greenville,Gulf South,2695,West Alabama,Gulf South,14.0,,,17.0,,,False
401675496,2024,11,2024-11-09T19:00:00.000Z,2822,North Greenville,Gulf South,110242,West Florida,Gulf South,14.0,,,35.0,,,False
401675475,2024,12,2024-11-16T18:00:00.000Z,2822,North Greenville,Gulf South,2804,Chowan,Gulf South,31.0,,,27.0,,,True
401674740,2024,2,2024-09-07T23:00:00.000Z,75,North Park,CCIW,2891,Ripon,Midwest,42.0,,,41.0,,,True
401674732,2024,4,2024-09-21T18:00:00.000Z,75,North Park,CCIW,74,Millikin,CCIW,44.0,,,0.0,,,True
401673975,2024,5,2024-09-28T18:00:00.000Z,75,North Park,CCIW,72,Elmhurst,CCIW,21.0,,,28.0,,,False
401673949,2024,6,2024-10-05T18:00:00.000Z,75,North Park,CCIW,2042,Augustana (IL),CCIW,30.0,,,27.0,,,False
401673960,2024,7,2024-10-12T18:00:00.000Z,75,North Park,CCIW,32,Carroll University (WI),CCIW,30.0,,,26.0,,,True
401674739,2024,8,2024-10-19T23:00:00.000Z,75,North Park,CCIW,3071,North Central College,CCIW,0.0,,,69.0,,,False
401674730,2024,9,2024-10-26T18:00:00.000Z,75,North Park,CCIW,306,Illinois Wesleyan,CCIW,28.0,,,24.0,,,True
401673972,2024,10,2024-11-02T18:00:00.000Z,75,North Park,CCIW,2106,Carthage,CCIW,21.0,,,22.0,,,False
401674741,2024,11,2024-11-09T18:00:00.000Z,75,North Park,CCIW,143,Washington University (St. Louis),CCIW,21.0,,,28.0,,,True
401674742,2024,12,2024-11-16T18:00:00.000Z,75,North Park,CCIW,396,Wheaton,CCIW,14.0,,,66.0,,,False
401643775,2024,1,2024-08-31T21:00:00.000Z,249,North Texas,American Athletic,6,South Alabama,Sun Belt,52.0,1412.0,1469.0,38.0,1650.0,1593.0,False
401677106,2024,1,2025-01-03T21:00:00.000Z,249,North Texas,American Athletic,326,Texas State,Sun Belt,28.0,1361.0,1367.0,30.0,1646.0,1640.0,False
401645325,2024,2,2024-09-07T23:30:00.000Z,249,North Texas,American Athletic,2617,Stephen F. Austin,Southland,35.0,1460.0,1460.0,20.0,,,True
401636868,2024,3,2024-09-14T16:00:00.000Z,249,North Texas,American Athletic,2641,Texas Tech,Big 12,21.0,1469.0,1336.0,66.0,1490.0,1623.0,False
401643716,2024,4,2024-09-21T23:00:00.000Z,249,North Texas,American Athletic,2751,Wyoming,Mountain West,44.0,1336.0,1403.0,17.0,1312.0,1245.0,True
401645336,2024,5,2024-09-28T23:00:00.000Z,249,North Texas,American Athletic,202,Tulsa,American Athletic,52.0,1403.0,1464.0,20.0,1193.0,1132.0,True
401645343,2024,7,2024-10-12T23:00:00.000Z,249,North Texas,American Athletic,2226,Florida Atlantic,American Athletic,41.0,1464.0,1459.0,37.0,1275.0,1280.0,False
401645349,2024,8,2024-10-19T23:30:00.000Z,249,North Texas,American Athletic,235,Memphis,American Athletic,44.0,1459.0,1456.0,52.0,1609.0,1612.0,False
401645354,2024,9,2024-10-26T16:00:00.000Z,249,North Texas,American Athletic,2655,Tulane,American Athletic,37.0,1456.0,1462.0,45.0,1738.0,1732.0,True
401629045,2024,11,2024-11-09T20:30:00.000Z,249,North Texas,American Athletic,349,Army,American Athletic,3.0,1462.0,1455.0,14.0,1654.0,1661.0,True
401645366,2024,12,2024-11-16T01:00:00.000Z,249,North Texas,American Athletic,2636,UTSA,American Athletic,27.0,1455.0,1400.0,48.0,1408.0,1463.0,False
401645372,2024,13,2024-11-23T20:30:00.000Z,249,North Texas,American Athletic,151,East Carolina,American Athletic,28.0,1400.0,1373.0,40.0,1391.0,1418.0,True
401645381,2024,14,2024-11-30T17:00:00.000Z,249,North Texas,American Athletic,218,Temple,American Athletic,24.0,1373.0,1361.0,17.0,1026.0,1038.0,False
401674174,2024,1,2024-08-29T23:00:00.000Z,196,Northeastern State,Independent DII,137,Missouri Western,Mid America,31.0,,,33.0,,,True
401674109,2024,2,2024-09-07T18:00:00.000Z,196,Northeastern State,Independent DII,2118,Central Missouri,Mid America,21.0,,,63.0,,,False
401674162,2024,4,2024-09-21T16:00:00.000Z,196,Northeastern State,Independent DII,2231,Fort Hays State,Mid America,0.0,,,37.0,,,False
401674171,2024,5,2024-09-28T20:00:00.000Z,196,Northeastern State,Independent DII,2403,Missouri Southern State,Mid America,20.0,,,27.0,,,True
401674155,2024,6,2024-10-05T19:00:00.000Z,196,Northeastern State,Independent DII,2214,Emporia State University,Mid America,14.0,,,48.0,,,False
401674513,2024,7,2024-10-12T23:00:00.000Z,196,Northeastern State,Independent DII,2876,Lincoln (MO),Great Lakes,55.0,,,7.0,,,True
401674145,2024,8,2024-10-19T18:00:00.000Z,196,Northeastern State,Independent DII,2122,Central Oklahoma,Mid America,57.0,,,64.0,,,True
401675512,2024,9,2024-10-26T23:00:00.000Z,196,Northeastern State,Independent DII,124179,Lincoln (CA),Independent DII,48.0,,,0.0,,,True
401674186,2024,10,2024-11-02T18:30:00.000Z,196,Northeastern State,Independent DII,138,Northwest Missouri St,Mid America,26.0,,,44.0,,,False
401675490,2024,11,2024-11-09T18:00:00.000Z,196,Northeastern State,Independent DII,2401,Mississippi College,Gulf South,7.0,,,35.0,,,False
401674190,2024,12,2024-11-16T19:00:00.000Z,196,Northeastern State,Independent DII,2687,Washburn,Mid America,28.0,,,35.0,,,True
401655628,2024,1,2024-08-31T20:00:00.000Z,2464,Northern Arizona,Big Sky,124179,Lincoln (CA),Independent DII,66.0,,,6.0,,,True
401636614,2024,2,2024-09-08T02:00:00.000Z,2464,Northern Arizona,Big Sky,12,Arizona,Big 12,10.0,,,22.0,1739.0,1739.0,False
401632076,2024,3,2024-09-15T01:00:00.000Z,2464,Northern Arizona,Big Sky,3101,Utah Tech,UAC,45.0,,,17.0,,,False
401638360,2024,4,2024-09-21T23:00:00.000Z,2464,Northern Arizona,Big Sky,2916,Incarnate Word,Southland,14.0,,,38.0,,,False
401634050,2024,5,2024-09-28T20:00:00.000Z,2464,Northern Arizona,Big Sky,16,Sacramento State,Big Sky,34.0,,,16.0,,,True
401634052,2024,6,2024-10-05T21:00:00.000Z,2464,Northern Arizona,Big Sky,70,Idaho,Big Sky,17.0,,,23.0,,,False
401634099,2024,7,2024-10-12T20:00:00.000Z,2464,Northern Arizona,Big Sky,149,Montana,Big Sky,20.0,,,31.0,,,False
401634104,2024,8,2024-10-19T20:00:00.000Z,2464,Northern Arizona,Big Sky,304,Idaho State,Big Sky,30.0,,,26.0,,,True
401634112,2024,10,2024-11-02T20:00:00.000Z,2464,Northern Arizona,Big Sky,2692,Weber State,Big Sky,27.0,,,6.0,,,True
401634115,2024,11,2024-11-10T01:00:00.000Z,2464,Northern Arizona,Big Sky,13,Cal Poly,Big Sky,31.0,,,14.0,,,False
401634126,2024,12,2024-11-16T19:00:00.000Z,2464,Northern Arizona,Big Sky,2458,Northern Colorado,Big Sky,44.0,,,3.0,,,False
401634128,2024,13,2024-11-23T20:00:00.000Z,2464,Northern Arizona,Big Sky,331,Eastern Washington,Big Sky,30.0,,,18.0,,,True
401729738,2024,14,2024-11-30T20:00:00.000Z,2464,Northern Arizona,Big Sky,2000,Abilene Christian,UAC,0.0,,,24.0,,,False
401638359,2024,1,2024-08-31T23:00:00.000Z,2458,Northern Colorado,Big Sky,2916,Incarnate Word,Southland,7.0,,,28.0,,,False
401643706,2024,2,2024-09-07T23:00:00.000Z,2458,Northern Colorado,Big Sky,36,Colorado State,Mountain West,17.0,,,38.0,1237.0,1237.0,False
401654603,2024,3,2024-09-14T20:00:00.000Z,2458,Northern Colorado,Big Sky,2000,Abilene Christian,UAC,22.0,,,24.0,,,True
401655630,2024,4,2024-09-22T00:00:00.000Z,2458,Northern Colorado,Big Sky,2617,Stephen F. Austin,Southland,7.0,,,48.0,,,False
401634046,2024,5,2024-09-28T19:00:00.000Z,2458,Northern Colorado,Big Sky,13,Cal Poly,Big Sky,7.0,,,28.0,,,True
401634054,2024,6,2024-10-05T20:00:00.000Z,2458,Northern Colorado,Big Sky,147,Montana State,Big Sky,17.0,,,55.0,,,False
401634101,2024,7,2024-10-13T00:00:00.000Z,2458,Northern Colorado,Big Sky,2692,Weber State,Big Sky,21.0,,,17.0,,,False
401634109,2024,9,2024-10-26T19:00:00.000Z,2458,Northern Colorado,Big Sky,149,Montana,Big Sky,0.0,,,24.0,,,True
401634113,2024,10,2024-11-02T20:00:00.000Z,2458,Northern Colorado,Big Sky,302,UC Davis,Big Sky,7.0,,,59.0,,,False
401634116,2024,11,2024-11-09T19:00:00.000Z,2458,Northern Colorado,Big Sky,331,Eastern Washington,Big Sky,15.0,,,43.0,,,True
401634126,2024,12,2024-11-16T19:00:00.000Z,2458,Northern Colorado,Big Sky,2464,Northern Arizona,Big Sky,3.0,,,44.0,,,True
401634131,2024,13,2024-11-23T21:00:00.000Z,2458,Northern Colorado,Big Sky,2502,Portland State,Big Sky,13.0,,,45.0,,,False
401644731,2024,1,2024-08-31T19:30:00.000Z,2459,Northern Illinois,Mid-American,2710,Western Illinois,Big South-OVC,54.0,1446.0,1446.0,15.0,,,True
401677086,2024,1,2024-12-23T19:30:00.000Z,2459,Northern Illinois,Mid-American,278,Fresno State,Mountain West,28.0,1441.0,1455.0,20.0,1499.0,1485.0,False
401628977,2024,2,2024-09-07T19:30:00.000Z,2459,Northern Illinois,Mid-American,87,Notre Dame,FBS Independents,16.0,1446.0,1476.0,14.0,1888.0,1858.0,False
401644736,2024,4,2024-09-21T19:30:00.000Z,2459,Northern Illinois,Mid-American,2084,Buffalo,Mid-American,20.0,1476.0,1464.0,23.0,1360.0,1372.0,True
401635564,2024,5,2024-09-28T16:00:00.000Z,2459,Northern Illinois,Mid-American,152,NC State,ACC,17.0,1464.0,1455.0,24.0,1478.0,1487.0,False
401629044,2024,6,2024-10-05T16:00:00.000Z,2459,Northern Illinois,Mid-American,113,Massachusetts,FBS Independents,34.0,1455.0,1452.0,20.0,1067.0,1070.0,True
401644744,2024,7,2024-10-12T19:30:00.000Z,2459,Northern Illinois,Mid-American,189,Bowling Green,Mid-American,17.0,1452.0,1470.0,7.0,1424.0,1406.0,False
401644751,2024,8,2024-10-19T19:30:00.000Z,2459,Northern Illinois,Mid-American,2649,Toledo,Mid-American,6.0,1470.0,1460.0,13.0,1508.0,1518.0,True
401644753,2024,9,2024-10-26T19:30:00.000Z,2459,Northern Illinois,Mid-American,2050,Ball State,Mid-American,23.0,1460.0,1455.0,25.0,1089.0,1094.0,False
401644762,2024,11,2024-11-07T00:00:00.000Z,2459,Northern Illinois,Mid-American,2711,Western Michigan,Mid-American,42.0,1455.0,1471.0,28.0,1288.0,1272.0,False
401644766,2024,12,2024-11-14T00:00:00.000Z,2459,Northern Illinois,Mid-American,2006,Akron,Mid-American,29.0,1471.0,1464.0,16.0,1048.0,1055.0,True
401644690,2024,13,2024-11-20T01:00:00.000Z,2459,Northern Illinois,Mid-American,193,Miami (OH),Mid-American,9.0,1464.0,1450.0,20.0,1544.0,1558.0,False
401644779,2024,14,2024-11-30T20:30:00.000Z,2459,Northern Illinois,Mid-American,2117,Central Michigan,Mid-American,24.0,1450.0,1441.0,16.0,1094.0,1103.0,True
401654582,2024,1,2024-08-31T21:00:00.000Z,2460,Northern Iowa,MVFC,2674,Valparaiso,Pioneer,35.0,,,7.0,,,True
401654583,2024,2,2024-09-07T18:00:00.000Z,2460,Northern Iowa,MVFC,2900,St. Thomas (MN),Pioneer,17.0,,,10.0,,,False
401628482,2024,3,2024-09-14T23:30:00.000Z,2460,Northern Iowa,MVFC,158,Nebraska,Big Ten,3.0,,,34.0,1596.0,1596.0,False
401643712,2024,4,2024-09-22T03:59:00.000Z,2460,Northern Iowa,MVFC,62,Hawai'i,Mountain West,7.0,,,36.0,1211.0,1211.0,False
401634216,2024,6,2024-10-05T21:00:00.000Z,2460,Northern Iowa,MVFC,2571,South Dakota State,MVFC,3.0,,,41.0,,,True
401654564,2024,7,2024-10-12T19:00:00.000Z,2460,Northern Iowa,MVFC,233,South Dakota,MVFC,17.0,,,42.0,,,False
401634202,2024,8,2024-10-19T18:00:00.000Z,2460,Northern Iowa,MVFC,155,North Dakota,MVFC,7.0,,,31.0,,,False
401634185,2024,9,2024-10-26T21:00:00.000Z,2460,Northern Iowa,MVFC,2623,Missouri State,MVFC,42.0,,,49.0,,,True
401634210,2024,10,2024-11-02T19:30:00.000Z,2460,Northern Iowa,MVFC,2449,North Dakota State,MVFC,19.0,,,42.0,,,False
401634166,2024,11,2024-11-09T19:00:00.000Z,2460,Northern Iowa,MVFC,2287,Illinois State,MVFC,9.0,,,31.0,,,True
401634249,2024,12,2024-11-16T17:00:00.000Z,2460,Northern Iowa,MVFC,2754,Youngstown State,MVFC,38.0,,,39.0,,,False
401634179,2024,13,2024-11-23T19:00:00.000Z,2460,Northern Iowa,MVFC,282,Indiana State,MVFC,41.0,,,34.0,,,True
401674318,2024,1,2024-08-29T22:00:00.000Z,128,Northern Michigan,GLIAC,134,Minnesota Duluth,Northern Sun,7.0,,,35.0,,,True
401674572,2024,2,2024-09-05T23:00:00.000Z,128,Northern Michigan,GLIAC,2316,Kentucky Wesleyan,Great Midwest Athletic,13.0,,,33.0,,,False
401674573,2024,3,2024-09-14T18:00:00.000Z,128,Northern Michigan,GLIAC,2740,Wisconsin-Lacrosse,Wisconsin,21.0,,,35.0,,,False
401674574,2024,4,2024-09-21T17:00:00.000Z,128,Northern Michigan,GLIAC,2800,Alma,Michigan,27.0,,,44.0,,,True
401658341,2024,6,2024-10-05T17:00:00.000Z,128,Northern Michigan,GLIAC,129,Saginaw Valley State,GLIAC,14.0,,,63.0,,,True
401674562,2024,7,2024-10-12T23:00:00.000Z,128,Northern Michigan,GLIAC,125,Grand Valley State University,GLIAC,17.0,,,49.0,,,False
401674575,2024,8,2024-10-19T17:00:00.000Z,128,Northern Michigan,GLIAC,127991,Roosevelt,GLIAC,10.0,,,16.0,,,True
401674570,2024,9,2024-10-26T16:00:00.000Z,128,Northern Michigan,GLIAC,2392,Michigan Tech,GLIAC,9.0,,,39.0,,,False
401674556,2024,10,2024-11-02T17:00:00.000Z,128,Northern Michigan,GLIAC,2222,Ferris State,GLIAC,9.0,,,55.0,,,True
401674576,2024,11,2024-11-09T17:00:00.000Z,128,Northern Michigan,GLIAC,110254,Davenport,GLIAC,31.0,,,52.0,,,False
401674577,2024,12,2024-11-16T18:00:00.000Z,128,Northern Michigan,GLIAC,131,Wayne State (MI),GLIAC,14.0,,,30.0,,,False
401654562,2024,1,2024-08-30T00:00:00.000Z,425,Northern State,Northern Sun,233,South Dakota,MVFC,3.0,,,45.0,,,False
401675816,2024,2,2024-09-07T23:00:00.000Z,425,Northern State,Northern Sun,2894,Sioux Falls,Northern Sun,10.0,,,34.0,,,True
401674223,2024,3,2024-09-14T19:00:00.000Z,425,Northern State,Northern Sun,568,Minot State,Northern Sun,14.0,,,17.0,,,False
401675817,2024,4,2024-09-21T18:00:00.000Z,425,Northern State,Northern Sun,2043,Augustana University (SD),Northern Sun,7.0,,,41.0,,,False
401675818,2024,5,2024-09-28T23:00:00.000Z,425,Northern State,Northern Sun,2851,Winona State,Northern Sun,30.0,,,24.0,,,True
401674312,2024,6,2024-10-05T19:30:00.000Z,425,Northern State,Northern Sun,132,Bemidji State,Northern Sun,14.0,,,13.0,,,True
401674323,2024,7,2024-10-12T17:00:00.000Z,425,Northern State,Northern Sun,134,Minnesota Duluth,Northern Sun,24.0,,,21.0,,,False
401675819,2024,8,2024-10-19T23:00:00.000Z,425,Northern State,Northern Sun,2587,Southwest Minnesota State,Northern Sun,41.0,,,7.0,,,True
401675820,2024,9,2024-10-26T17:00:00.000Z,425,Northern State,Northern Sun,3066,Concordia University St Paul,Northern Sun,35.0,,,34.0,,,False
401675821,2024,10,2024-11-02T19:00:00.000Z,425,Northern State,Northern Sun,2364,Minnesota State Mankato,Northern Sun,14.0,,,24.0,,,True
401675839,2024,11,2024-11-09T18:00:00.000Z,425,Northern State,Northern Sun,2844,Wayne State (NE),Northern Sun,28.0,,,21.0,,,False
401674184,2024,1,2024-08-29T23:00:00.000Z,138,Northwest Missouri St,Mid America,2364,Minnesota State Mankato,Northern Sun,22.0,,,36.0,,,True
401674180,2024,2,2024-09-08T00:00:00.000Z,138,Northwest Missouri St,Mid America,2438,Nebraska-Kearney,Mid America,14.0,,,21.0,,,False
401674161,2024,3,2024-09-14T23:00:00.000Z,138,Northwest Missouri St,Mid America,2231,Fort Hays State,Mid America,32.0,,,20.0,,,True
401674170,2024,4,2024-09-21T19:00:00.000Z,138,Northwest Missouri St,Mid America,2403,Missouri Southern State,Mid America,59.0,,,0.0,,,False
401674154,2024,5,2024-09-28T18:30:00.000Z,138,Northwest Missouri St,Mid America,2214,Emporia State University,Mid America,14.0,,,9.0,,,True
401674185,2024,6,2024-10-05T20:00:00.000Z,138,Northwest Missouri St,Mid America,2687,Washburn,Mid America,51.0,,,34.0,,,False
401674144,2024,7,2024-10-12T18:00:00.000Z,138,Northwest Missouri St,Mid America,2122,Central Oklahoma,Mid America,20.0,,,48.0,,,False
401674115,2024,8,2024-10-19T19:00:00.000Z,138,Northwest Missouri St,Mid America,2118,Central Missouri,Mid America,30.0,,,35.0,,,True
401674186,2024,10,2024-11-02T18:30:00.000Z,138,Northwest Missouri St,Mid America,196,Northeastern State,Independent DII,44.0,,,26.0,,,True
401674178,2024,11,2024-11-09T20:00:00.000Z,138,Northwest Missouri St,Mid America,137,Missouri Western,Mid America,33.0,,,23.0,,,False
401674187,2024,12,2024-11-16T19:30:00.000Z,138,Northwest Missouri St,Mid America,90,Pittsburg St,Mid America,7.0,,,23.0,,,True
401644683,2024,1,2024-08-31T19:30:00.000Z,77,Northwestern,Big Ten,193,Miami (OH),Mid-American,13.0,1498.0,1514.0,6.0,1506.0,1490.0,True
401635533,2024,2,2024-09-07T01:00:00.000Z,77,Northwestern,Big Ten,150,Duke,ACC,20.0,1514.0,1514.0,26.0,1602.0,1602.0,True
401655632,2024,3,2024-09-14T23:30:00.000Z,77,Northwestern,Big Ten,2197,Eastern Illinois,Big South-OVC,31.0,1508.0,1508.0,7.0,,,True
401628491,2024,4,2024-09-21T23:00:00.000Z,77,Northwestern,Big Ten,264,Washington,Big Ten,5.0,1514.0,1493.0,24.0,1745.0,1766.0,False
401628503,2024,6,2024-10-05T19:30:00.000Z,77,Northwestern,Big Ten,84,Indiana,Big Ten,24.0,1493.0,1473.0,41.0,1628.0,1648.0,True
401628513,2024,7,2024-10-12T00:00:00.000Z,77,Northwestern,Big Ten,120,Maryland,Big Ten,37.0,1473.0,1569.0,10.0,1642.0,1546.0,False
401628522,2024,8,2024-10-19T16:00:00.000Z,77,Northwestern,Big Ten,275,Wisconsin,Big Ten,3.0,1569.0,1543.0,23.0,1729.0,1755.0,True
401628527,2024,9,2024-10-26T19:30:00.000Z,77,Northwestern,Big Ten,2294,Iowa,Big Ten,14.0,1543.0,1487.0,40.0,1637.0,1693.0,False
401628538,2024,10,2024-11-02T16:00:00.000Z,77,Northwestern,Big Ten,2509,Purdue,Big Ten,26.0,1487.0,1479.0,20.0,1212.0,1220.0,False
401628550,2024,12,2024-11-16T17:00:00.000Z,77,Northwestern,Big Ten,194,Ohio State,Big Ten,7.0,1479.0,1486.0,31.0,2093.0,2086.0,True
401628557,2024,13,2024-11-23T20:30:00.000Z,77,Northwestern,Big Ten,130,Michigan,Big Ten,6.0,1486.0,1396.0,50.0,1777.0,1867.0,False
401628563,2024,14,2024-11-30T17:00:00.000Z,77,Northwestern,Big Ten,356,Illinois,Big Ten,28.0,1396.0,1397.0,38.0,1597.0,1596.0,True
401674988,2024,2,2024-09-08T00:00:00.000Z,583,Northwestern (MN),Upper Midwest,133,St. Olaf,Minnesota,21.0,,,39.0,,,True
401674949,2024,3,2024-09-14T23:00:00.000Z,583,Northwestern (MN),Upper Midwest,2802,Bethel (MN),Minnesota,3.0,,,49.0,,,True
401675947,2024,4,2024-09-21T23:00:00.000Z,583,Northwestern (MN),Upper Midwest,2744,Wisconsin-Stout,Wisconsin,19.0,,,56.0,,,False
401676127,2024,6,2024-10-05T18:00:00.000Z,583,Northwestern (MN),Upper Midwest,509,Crown College,Upper Midwest,69.0,,,14.0,,,True
401676128,2024,7,2024-10-12T16:00:00.000Z,583,Northwestern (MN),Upper Midwest,2257,Greenville,Upper Midwest,34.0,,,14.0,,,False
401676129,2024,8,2024-10-19T18:00:00.000Z,583,Northwestern (MN),Upper Midwest,2399,Minnesota Morris,Upper Midwest,44.0,,,13.0,,,True
401676130,2024,9,2024-10-26T22:00:00.000Z,583,Northwestern (MN),Upper Midwest,509,Crown College,Upper Midwest,24.0,,,10.0,,,False
401676131,2024,10,2024-11-02T18:00:00.000Z,583,Northwestern (MN),Upper Midwest,446,Martin Luther,Upper Midwest,35.0,,,7.0,,,True
401676132,2024,11,2024-11-09T17:00:00.000Z,583,Northwestern (MN),Upper Midwest,2257,Greenville,Upper Midwest,42.0,,,34.0,,,True
401676126,2024,12,2024-11-16T17:00:00.000Z,583,Northwestern (MN),Upper Midwest,433,Westminster College (MO),Upper Midwest,33.0,,,21.0,,,False
401734569,2024,13,2024-11-23T18:00:00.000Z,583,Northwestern (MN),Upper Midwest,2740,Wisconsin-Lacrosse,Wisconsin,14.0,,,59.0,,,False
401674400,2024,2,2024-09-05T23:00:00.000Z,2823,Northwestern Oklahoma State,Great American,2028,Arkansas-Monticello,Great American,7.0,,,34.0,,,False
401674485,2024,3,2024-09-12T23:00:00.000Z,2823,Northwestern Oklahoma State,Great American,2888,Ouachita Baptist,Great American,2.0,,,56.0,,,True
401674493,2024,4,2024-09-21T20:00:00.000Z,2823,Northwestern Oklahoma State,Great American,200,Southern Nazarene,Great American,14.0,,,7.0,,,False
401674490,2024,5,2024-09-28T23:00:00.000Z,2823,Northwestern Oklahoma State,Great American,199,Southeastern Oklahoma State,Great American,21.0,,,27.0,,,True
401674233,2024,6,2024-10-05T20:00:00.000Z,2823,Northwestern Oklahoma State,Great American,2033,Arkansas Tech,Great American,21.0,,,44.0,,,True
401674423,2024,7,2024-10-12T19:00:00.000Z,2823,Northwestern Oklahoma State,Great American,2264,Harding University,Great American,0.0,,,62.0,,,False
401674415,2024,8,2024-10-19T20:00:00.000Z,2823,Northwestern Oklahoma State,Great American,2191,East Central (OK),Great American,14.0,,,20.0,,,False
401674481,2024,9,2024-10-26T19:00:00.000Z,2823,Northwestern Oklahoma State,Great American,319,Oklahoma Baptist,Great American,30.0,,,28.0,,,True
401674431,2024,10,2024-11-02T19:00:00.000Z,2823,Northwestern Oklahoma State,Great American,2271,Henderson State,Great American,10.0,,,44.0,,,True
401674496,2024,11,2024-11-09T20:00:00.000Z,2823,Northwestern Oklahoma State,Great American,2568,Southern Arkansas,Great American,0.0,,,78.0,,,False
401674497,2024,12,2024-11-16T21:00:00.000Z,2823,Northwestern Oklahoma State,Great American,2927,Southwestern Oklahoma State,Great American,0.0,,,50.0,,,False
401645318,2024,1,2024-08-30T00:00:00.000Z,2466,Northwestern State,Southland,202,Tulsa,American Athletic,28.0,,,62.0,1248.0,1248.0,False
401654569,2024,2,2024-09-07T23:00:00.000Z,2466,Northwestern State,Southland,2504,Prairie View A&M,SWAC,31.0,,,37.0,,,True
401643788,2024,3,2024-09-12T23:30:00.000Z,2466,Northwestern State,Southland,6,South Alabama,Sun Belt,10.0,,,87.0,1581.0,1581.0,False
401655619,2024,4,2024-09-21T23:00:00.000Z,2466,Northwestern State,Southland,2692,Weber State,Big Sky,0.0,,,39.0,,,True
401654846,2024,5,2024-09-28T20:00:00.000Z,2466,Northwestern State,Southland,2546,Southeast Missouri State,Big South-OVC,0.0,,,19.0,,,False
401675117,2024,6,2024-10-06T00:00:00.000Z,2466,Northwestern State,Southland,2617,Stephen F. Austin,Southland,17.0,,,59.0,,,False
401634030,2024,7,2024-10-12T19:00:00.000Z,2466,Northwestern State,Southland,2837,East Texas A&M,Southland,21.0,,,42.0,,,True
401634034,2024,8,2024-10-19T16:00:00.000Z,2466,Northwestern State,Southland,2447,Nicholls,Southland,0.0,,,20.0,,,False
401634017,2024,9,2024-10-26T19:00:00.000Z,2466,Northwestern State,Southland,2320,Lamar,Southland,10.0,,,42.0,,,True
401634023,2024,11,2024-11-09T18:00:00.000Z,2466,Northwestern State,Southland,2545,SE Louisiana,Southland,0.0,,,41.0,,,False
401634036,2024,12,2024-11-16T19:00:00.000Z,2466,Northwestern State,Southland,2377,McNeese,Southland,3.0,,,35.0,,,True
401634040,2024,13,2024-11-23T20:00:00.000Z,2466,Northwestern State,Southland,2277,Houston Christian,Southland,24.0,,,62.0,,,False
401674380,2024,2,2024-09-05T23:00:00.000Z,2886,Northwood (MI),Great Midwest Athletic,367,Gannon,Pennsylvania State Athletic,28.0,,,14.0,,,False
401658338,2024,3,2024-09-14T17:00:00.000Z,2886,Northwood (MI),Great Midwest Athletic,129,Saginaw Valley State,GLIAC,10.0,,,7.0,,,True
401675454,2024,4,2024-09-21T20:00:00.000Z,2886,Northwood (MI),Great Midwest Athletic,2838,Tiffin,Great Midwest Athletic,23.0,,,31.0,,,False
401675449,2024,5,2024-09-28T22:00:00.000Z,2886,Northwood (MI),Great Midwest Athletic,437,Lake Erie,Great Midwest Athletic,55.0,,,20.0,,,False
401675435,2024,6,2024-10-05T17:00:00.000Z,2886,Northwood (MI),Great Midwest Athletic,2273,Hillsdale,Great Midwest Athletic,13.0,,,14.0,,,True
401675455,2024,7,2024-10-12T16:00:00.000Z,2886,Northwood (MI),Great Midwest Athletic,2646,Thomas More College,Great Midwest Athletic,20.0,,,3.0,,,False
401675445,2024,8,2024-10-19T17:00:00.000Z,2886,Northwood (MI),Great Midwest Athletic,2316,Kentucky Wesleyan,Great Midwest Athletic,20.0,,,27.0,,,True
401675423,2024,9,2024-10-26T17:00:00.000Z,2886,Northwood (MI),Great Midwest Athletic,308,Ashland,Great Midwest Athletic,7.0,,,9.0,,,False
401675456,2024,10,2024-11-02T17:00:00.000Z,2886,Northwood (MI),Great Midwest Athletic,2477,Ohio Dominican,Great Midwest Athletic,37.0,,,10.0,,,True
401675433,2024,11,2024-11-09T17:00:00.000Z,2886,Northwood (MI),Great Midwest Athletic,2224,Findlay,Great Midwest Athletic,17.0,,,27.0,,,False
401675457,2024,12,2024-11-16T18:00:00.000Z,2886,Northwood (MI),Great Midwest Athletic,2682,Walsh,Great Midwest Athletic,49.0,,,42.0,,,True
401674876,2024,2,2024-09-07T16:00:00.000Z,2467,Norwich,NEWMAC,293,Castleton,MSCAC,12.0,,,14.0,,,True
401674854,2024,3,2024-09-13T23:00:00.000Z,2467,Norwich,NEWMAC,2779,St. Lawrence,Liberty League,9.0,,,20.0,,,True
401674713,2024,4,2024-09-21T18:00:00.000Z,2467,Norwich,NEWMAC,2280,Husson,Commonwealth Coast,22.0,,,38.0,,,True
401676218,2024,5,2024-09-28T16:00:00.000Z,2467,Norwich,NEWMAC,2749,Worcester Polytechnic Institute,NEWMAC,0.0,,,14.0,,,False
401676219,2024,6,2024-10-05T17:00:00.000Z,2467,Norwich,NEWMAC,2951,SUNY Maritime,NEWMAC,14.0,,,37.0,,,True
401676194,2024,8,2024-10-19T16:00:00.000Z,2467,Norwich,NEWMAC,2383,Merchant Marine Academy,NEWMAC,7.0,,,49.0,,,False
401676220,2024,9,2024-10-26T16:00:00.000Z,2467,Norwich,NEWMAC,2557,Coast Guard,NEWMAC,13.0,,,17.0,,,True
401676221,2024,10,2024-11-02T16:00:00.000Z,2467,Norwich,NEWMAC,81,Springfield,NEWMAC,14.0,,,56.0,,,False
401676222,2024,11,2024-11-09T17:00:00.000Z,2467,Norwich,NEWMAC,109,MIT,NEWMAC,0.0,,,27.0,,,True
401676223,2024,12,2024-11-16T17:00:00.000Z,2467,Norwich,NEWMAC,2776,Salve Regina,NEWMAC,30.0,,,31.0,,,False
401677179,2024,1,2024-12-21T01:00:00.000Z,87,Notre Dame,FBS Independents,84,Indiana,Big Ten,27.0,2160.0,2163.0,17.0,1954.0,1951.0,True
401677192,2024,1,2025-01-21T00:30:00.000Z,87,Notre Dame,FBS Independents,194,Ohio State,Big Ten,23.0,2169.0,2154.0,34.0,2196.0,2211.0,True
401628332,2024,1,2024-08-31T23:30:00.000Z,87,Notre Dame,FBS Independents,245,Texas A&M,SEC,23.0,1884.0,1888.0,13.0,1681.0,1677.0,False
401677184,2024,1,2025-01-02T21:00:00.000Z,87,Notre Dame,FBS Independents,61,Georgia,SEC,23.0,2163.0,2173.0,10.0,2019.0,2009.0,False
401677189,2024,1,2025-01-10T00:30:00.000Z,87,Notre Dame,FBS Independents,213,Penn State,Big Ten,27.0,2173.0,2169.0,24.0,2063.0,2067.0,False
401628977,2024,2,2024-09-07T19:30:00.000Z,87,Notre Dame,FBS Independents,2459,Northern Illinois,Mid-American,14.0,1888.0,1858.0,16.0,1446.0,1476.0,True
401628978,2024,3,2024-09-14T19:30:00.000Z,87,Notre Dame,FBS Independents,2509,Purdue,Big Ten,66.0,1858.0,1992.0,7.0,1492.0,1358.0,False
401628979,2024,4,2024-09-21T19:30:00.000Z,87,Notre Dame,FBS Independents,193,Miami (OH),Mid-American,28.0,1992.0,2000.0,3.0,1458.0,1450.0,True
401628980,2024,5,2024-09-28T19:30:00.000Z,87,Notre Dame,FBS Independents,97,Louisville,ACC,31.0,2000.0,1994.0,24.0,1711.0,1717.0,True
401628981,2024,7,2024-10-12T19:30:00.000Z,87,Notre Dame,FBS Independents,24,Stanford,ACC,49.0,1994.0,2026.0,7.0,1261.0,1229.0,True
401628982,2024,8,2024-10-19T19:30:00.000Z,87,Notre Dame,FBS Independents,59,Georgia Tech,ACC,31.0,2026.0,2021.0,13.0,1576.0,1581.0,False
401628983,2024,9,2024-10-26T16:00:00.000Z,87,Notre Dame,FBS Independents,2426,Navy,American Athletic,51.0,2021.0,2069.0,14.0,1612.0,1564.0,False
401628984,2024,11,2024-11-10T00:30:00.000Z,87,Notre Dame,FBS Independents,52,Florida State,ACC,52.0,2069.0,2133.0,3.0,1447.0,1383.0,True
401628985,2024,12,2024-11-16T20:30:00.000Z,87,Notre Dame,FBS Independents,258,Virginia,ACC,35.0,2133.0,2115.0,14.0,1381.0,1399.0,True
401640959,2024,13,2024-11-24T00:00:00.000Z,87,Notre Dame,FBS Independents,349,Army,American Athletic,49.0,2115.0,2165.0,14.0,1661.0,1611.0,True
401628571,2024,14,2024-11-30T20:30:00.000Z,87,Notre Dame,FBS Independents,30,USC,Big Ten,49.0,2165.0,2160.0,35.0,1751.0,1756.0,False
401676206,2024,2,2024-09-07T17:00:00.000Z,391,Oberlin,North Coast,129738,Calvin University,Michigan,6.0,,,50.0,,,False
401676142,2024,3,2024-09-14T17:00:00.000Z,391,Oberlin,North Coast,2023,Anderson (IN),Heartland,6.0,,,20.0,,,True
401676143,2024,4,2024-09-21T17:00:00.000Z,391,Oberlin,North Coast,2980,Ohio Wesleyan,North Coast,0.0,,,74.0,,,False
401676101,2024,5,2024-09-28T16:00:00.000Z,391,Oberlin,North Coast,83,Depauw,North Coast,0.0,,,72.0,,,False
401676118,2024,6,2024-10-05T16:00:00.000Z,391,Oberlin,North Coast,352,Kenyon,North Coast,0.0,,,34.0,,,True
401675296,2024,7,2024-10-13T16:00:00.000Z,391,Oberlin,North Coast,89,Wabash College,North Coast,0.0,,,52.0,,,True
401675282,2024,9,2024-10-26T16:00:00.000Z,391,Oberlin,North Coast,2748,Wooster,North Coast,21.0,,,46.0,,,True
401675291,2024,10,2024-11-02T19:00:00.000Z,391,Oberlin,North Coast,2746,Wittenberg,North Coast,0.0,,,77.0,,,False
401676092,2024,11,2024-11-09T18:00:00.000Z,391,Oberlin,North Coast,2171,Denison University,North Coast,0.0,,,63.0,,,False
401676113,2024,12,2024-11-16T17:00:00.000Z,391,Oberlin,North Coast,2274,Hiram College,North Coast,20.0,,,17.0,,,True
401634304,2024,1,2024-08-31T19:30:00.000Z,195,Ohio,Mid-American,183,Syracuse,ACC,22.0,1522.0,1469.0,38.0,1330.0,1383.0,False
401677083,2024,1,2024-12-20T17:00:00.000Z,195,Ohio,Mid-American,55,Jacksonville State,Conference USA,30.0,1679.0,1682.0,27.0,1729.0,1726.0,False
401643781,2024,2,2024-09-07T22:00:00.000Z,195,Ohio,Mid-American,6,South Alabama,Sun Belt,27.0,1469.0,1486.0,20.0,1593.0,1576.0,True
401644734,2024,3,2024-09-14T19:30:00.000Z,195,Ohio,Mid-American,2415,Morgan State,MEAC,21.0,1481.0,1481.0,6.0,,,True
401628364,2024,4,2024-09-21T16:45:00.000Z,195,Ohio,Mid-American,96,Kentucky,SEC,6.0,1486.0,1401.0,41.0,1583.0,1668.0,False
401644738,2024,5,2024-09-28T19:30:00.000Z,195,Ohio,Mid-American,2006,Akron,Mid-American,30.0,1401.0,1414.0,10.0,1053.0,1040.0,True
401644746,2024,7,2024-10-12T20:00:00.000Z,195,Ohio,Mid-American,2117,Central Michigan,Mid-American,27.0,1414.0,1405.0,25.0,1180.0,1189.0,False
401644686,2024,8,2024-10-19T19:30:00.000Z,195,Ohio,Mid-American,193,Miami (OH),Mid-American,20.0,1405.0,1394.0,30.0,1486.0,1497.0,False
401644755,2024,9,2024-10-26T16:00:00.000Z,195,Ohio,Mid-American,2084,Buffalo,Mid-American,47.0,1394.0,1463.0,16.0,1275.0,1206.0,True
401644761,2024,11,2024-11-07T00:00:00.000Z,195,Ohio,Mid-American,2309,Kent State,Mid-American,41.0,1463.0,1510.0,0.0,878.0,831.0,False
401644767,2024,12,2024-11-14T00:00:00.000Z,195,Ohio,Mid-American,2199,Eastern Michigan,Mid-American,35.0,1510.0,1546.0,10.0,1261.0,1225.0,True
401644773,2024,13,2024-11-21T00:00:00.000Z,195,Ohio,Mid-American,2649,Toledo,Mid-American,24.0,1546.0,1582.0,7.0,1495.0,1459.0,False
401644777,2024,14,2024-11-29T17:00:00.000Z,195,Ohio,Mid-American,2050,Ball State,Mid-American,42.0,1582.0,1585.0,21.0,1089.0,1086.0,True
401673467,2024,15,2024-12-07T17:00:00.000Z,195,Ohio,Mid-American,193,Miami (OH),Mid-American,38.0,1585.0,1679.0,3.0,1590.0,1496.0,False
401676744,2024,2,2024-09-05T23:00:00.000Z,2477,Ohio Dominican,Great Midwest Athletic,611,Seton Hill,Pennsylvania State Athletic,21.0,,,14.0,,,False
401676703,2024,3,2024-09-14T22:00:00.000Z,2477,Ohio Dominican,Great Midwest Athletic,2736,Winston-Salem,CIAA,13.0,,,19.0,,,False
401675460,2024,4,2024-09-21T17:00:00.000Z,2477,Ohio Dominican,Great Midwest Athletic,2646,Thomas More College,Great Midwest Athletic,0.0,,,6.0,,,True
401675443,2024,5,2024-09-28T17:00:00.000Z,2477,Ohio Dominican,Great Midwest Athletic,2316,Kentucky Wesleyan,Great Midwest Athletic,38.0,,,7.0,,,True
401675420,2024,6,2024-10-05T17:00:00.000Z,2477,Ohio Dominican,Great Midwest Athletic,308,Ashland,Great Midwest Athletic,6.0,,,26.0,,,False
401675464,2024,7,2024-10-12T20:00:00.000Z,2477,Ohio Dominican,Great Midwest Athletic,2838,Tiffin,Great Midwest Athletic,13.0,,,31.0,,,False
401675430,2024,8,2024-10-19T16:00:00.000Z,2477,Ohio Dominican,Great Midwest Athletic,2224,Findlay,Great Midwest Athletic,10.0,,,26.0,,,True
401675466,2024,9,2024-10-26T16:00:00.000Z,2477,Ohio Dominican,Great Midwest Athletic,2682,Walsh,Great Midwest Athletic,16.0,,,7.0,,,True
401675456,2024,10,2024-11-02T17:00:00.000Z,2477,Ohio Dominican,Great Midwest Athletic,2886,Northwood (MI),Great Midwest Athletic,10.0,,,37.0,,,False
401675452,2024,11,2024-11-09T18:00:00.000Z,2477,Ohio Dominican,Great Midwest Athletic,437,Lake Erie,Great Midwest Athletic,38.0,,,21.0,,,False
401675441,2024,12,2024-11-16T17:00:00.000Z,2477,Ohio Dominican,Great Midwest Athletic,2273,Hillsdale,Great Midwest Athletic,6.0,,,28.0,,,True
401674773,2024,2,2024-09-07T17:30:00.000Z,427,Ohio Northern,Ohio,2233,Franklin,Heartland,45.0,,,7.0,,,True
401676315,2024,4,2024-09-21T23:00:00.000Z,427,Ohio Northern,Ohio,191,Heidelberg,Ohio,52.0,,,27.0,,,False
401676366,2024,5,2024-09-28T17:30:00.000Z,427,Ohio Northern,Ohio,2733,Wilmington (OH),Ohio,59.0,,,3.0,,,True
401676350,2024,6,2024-10-05T19:00:00.000Z,427,Ohio Northern,Ohio,317,Marietta,Ohio,10.0,,,45.0,,,False
401676362,2024,7,2024-10-12T17:30:00.000Z,427,Ohio Northern,Ohio,332,Muskingum University,Ohio,30.0,,,42.0,,,True
401676310,2024,8,2024-10-19T17:30:00.000Z,427,Ohio Northern,Ohio,424,Capital,Ohio,42.0,,,41.0,,,False
401676357,2024,9,2024-10-26T17:30:00.000Z,427,Ohio Northern,Ohio,426,University of Mount Union,Ohio,13.0,,,42.0,,,True
401676345,2024,10,2024-11-02T17:30:00.000Z,427,Ohio Northern,Ohio,2302,John Carroll University,Ohio,13.0,,,49.0,,,True
401676298,2024,11,2024-11-09T18:30:00.000Z,427,Ohio Northern,Ohio,188,Baldwin Wallace,Ohio,26.0,,,27.0,,,False
401676367,2024,12,2024-11-16T17:00:00.000Z,427,Ohio Northern,Ohio,359,Otterbein,Ohio,47.0,,,15.0,,,False
401628455,2024,1,2024-08-31T19:30:00.000Z,194,Ohio State,Big Ten,2006,Akron,Mid-American,52.0,1876.0,1927.0,6.0,1212.0,1161.0,True
401677177,2024,1,2024-12-22T01:00:00.000Z,194,Ohio State,Big Ten,2633,Tennessee,SEC,42.0,2099.0,2147.0,17.0,1963.0,1915.0,True
401677183,2024,1,2025-01-01T22:00:00.000Z,194,Ohio State,Big Ten,2483,Oregon,Big Ten,41.0,2147.0,2182.0,21.0,2075.0,2040.0,False
401677191,2024,1,2025-01-11T00:30:00.000Z,194,Ohio State,Big Ten,251,Texas,SEC,28.0,2182.0,2196.0,14.0,2056.0,2042.0,False
401677192,2024,1,2025-01-21T00:30:00.000Z,194,Ohio State,Big Ten,87,Notre Dame,FBS Independents,34.0,2196.0,2211.0,23.0,2169.0,2154.0,False
401628468,2024,2,2024-09-07T23:30:00.000Z,194,Ohio State,Big Ten,2711,Western Michigan,Mid-American,56.0,1927.0,2014.0,0.0,1309.0,1222.0,True
401628492,2024,4,2024-09-21T16:00:00.000Z,194,Ohio State,Big Ten,276,Marshall,Sun Belt,49.0,2014.0,2038.0,14.0,1384.0,1360.0,True
401628498,2024,5,2024-09-28T23:30:00.000Z,194,Ohio State,Big Ten,127,Michigan State,Big Ten,38.0,2038.0,2054.0,7.0,1423.0,1407.0,False
401628504,2024,6,2024-10-05T19:30:00.000Z,194,Ohio State,Big Ten,2294,Iowa,Big Ten,35.0,2054.0,2080.0,7.0,1626.0,1600.0,True
401628515,2024,7,2024-10-12T23:30:00.000Z,194,Ohio State,Big Ten,2483,Oregon,Big Ten,31.0,2080.0,2076.0,32.0,1971.0,1975.0,False
401628530,2024,9,2024-10-26T16:00:00.000Z,194,Ohio State,Big Ten,158,Nebraska,Big Ten,21.0,2076.0,2063.0,17.0,1454.0,1467.0,True
401628539,2024,10,2024-11-02T16:00:00.000Z,194,Ohio State,Big Ten,213,Penn State,Big Ten,20.0,2063.0,2065.0,13.0,1918.0,1916.0,False
401628545,2024,11,2024-11-09T17:00:00.000Z,194,Ohio State,Big Ten,2509,Purdue,Big Ten,45.0,2065.0,2093.0,0.0,1220.0,1192.0,True
401628550,2024,12,2024-11-16T17:00:00.000Z,194,Ohio State,Big Ten,77,Northwestern,Big Ten,31.0,2093.0,2086.0,7.0,1479.0,1486.0,False
401628555,2024,13,2024-11-23T17:00:00.000Z,194,Ohio State,Big Ten,84,Indiana,Big Ten,38.0,2086.0,2120.0,15.0,1876.0,1842.0,True
401628566,2024,14,2024-11-30T17:00:00.000Z,194,Ohio State,Big Ten,130,Michigan,Big Ten,10.0,2120.0,2099.0,13.0,1867.0,1888.0,True
401676144,2024,2,2024-09-07T22:00:00.000Z,2980,Ohio Wesleyan,North Coast,359,Otterbein,Ohio,26.0,,,7.0,,,True
401675294,2024,3,2024-09-14T18:00:00.000Z,2980,Ohio Wesleyan,North Coast,89,Wabash College,North Coast,13.0,,,30.0,,,False
401676143,2024,4,2024-09-21T17:00:00.000Z,2980,Ohio Wesleyan,North Coast,391,Oberlin,North Coast,74.0,,,0.0,,,True
401674776,2024,5,2024-09-28T17:30:00.000Z,2980,Ohio Wesleyan,North Coast,2233,Franklin,Heartland,14.0,,,27.0,,,False
401676102,2024,6,2024-10-05T18:00:00.000Z,2980,Ohio Wesleyan,North Coast,83,Depauw,North Coast,14.0,,,53.0,,,True
401675288,2024,7,2024-10-12T23:00:00.000Z,2980,Ohio Wesleyan,North Coast,2746,Wittenberg,North Coast,6.0,,,17.0,,,False
401675281,2024,8,2024-10-19T23:00:00.000Z,2980,Ohio Wesleyan,North Coast,2748,Wooster,North Coast,34.0,,,22.0,,,False
401676112,2024,9,2024-10-26T16:00:00.000Z,2980,Ohio Wesleyan,North Coast,2274,Hiram College,North Coast,41.0,,,14.0,,,True
401676145,2024,11,2024-11-09T18:00:00.000Z,2980,Ohio Wesleyan,North Coast,352,Kenyon,North Coast,12.0,,,13.0,,,False
401676093,2024,12,2024-11-16T18:00:00.000Z,2980,Ohio Wesleyan,North Coast,2171,Denison University,North Coast,14.0,,,28.0,,,True
401628328,2024,1,2024-08-30T23:00:00.000Z,201,Oklahoma,SEC,218,Temple,American Athletic,51.0,1786.0,1849.0,3.0,1178.0,1115.0,True
401677090,2024,1,2024-12-27T17:00:00.000Z,201,Oklahoma,SEC,2426,Navy,American Athletic,20.0,1731.0,1725.0,21.0,1559.0,1565.0,False
401628345,2024,2,2024-09-07T23:45:00.000Z,201,Oklahoma,SEC,248,Houston,Big 12,16.0,1849.0,1840.0,12.0,1402.0,1411.0,True
401628358,2024,3,2024-09-14T19:30:00.000Z,201,Oklahoma,SEC,2655,Tulane,American Athletic,34.0,1840.0,1848.0,19.0,1569.0,1561.0,True
401628369,2024,4,2024-09-21T23:30:00.000Z,201,Oklahoma,SEC,2633,Tennessee,SEC,15.0,1848.0,1837.0,25.0,1964.0,1975.0,True
401628375,2024,5,2024-09-28T19:30:00.000Z,201,Oklahoma,SEC,2,Auburn,SEC,27.0,1837.0,1827.0,21.0,1537.0,1547.0,False
401628390,2024,7,2024-10-12T19:30:00.000Z,201,Oklahoma,SEC,251,Texas,SEC,3.0,1827.0,1780.0,34.0,2091.0,2138.0,True
401628396,2024,8,2024-10-19T16:45:00.000Z,201,Oklahoma,SEC,2579,South Carolina,SEC,9.0,1780.0,1694.0,35.0,1658.0,1744.0,True
401628402,2024,9,2024-10-26T16:00:00.000Z,201,Oklahoma,SEC,145,Ole Miss,SEC,14.0,1694.0,1688.0,26.0,1905.0,1911.0,False
401628410,2024,10,2024-11-02T16:00:00.000Z,201,Oklahoma,SEC,311,Maine,CAA,59.0,1682.0,1682.0,14.0,,,True
401628415,2024,11,2024-11-10T00:45:00.000Z,201,Oklahoma,SEC,142,Missouri,SEC,23.0,1688.0,1678.0,30.0,1673.0,1683.0,False
401628433,2024,13,2024-11-24T00:30:00.000Z,201,Oklahoma,SEC,333,Alabama,SEC,24.0,1678.0,1780.0,3.0,2113.0,2011.0,True
401628441,2024,14,2024-12-01T00:00:00.000Z,201,Oklahoma,SEC,99,LSU,SEC,17.0,1780.0,1731.0,37.0,1757.0,1806.0,False
401674229,2024,2,2024-09-06T00:00:00.000Z,319,Oklahoma Baptist,Great American,2033,Arkansas Tech,Great American,41.0,,,44.0,,,False
401674420,2024,3,2024-09-15T00:00:00.000Z,319,Oklahoma Baptist,Great American,2264,Harding University,Great American,7.0,,,59.0,,,True
401674478,2024,4,2024-09-21T23:00:00.000Z,319,Oklahoma Baptist,Great American,199,Southeastern Oklahoma State,Great American,10.0,,,29.0,,,False
401674413,2024,5,2024-09-28T23:00:00.000Z,319,Oklahoma Baptist,Great American,2191,East Central (OK),Great American,20.0,,,10.0,,,True
401674428,2024,6,2024-10-05T18:00:00.000Z,319,Oklahoma Baptist,Great American,2271,Henderson State,Great American,7.0,,,52.0,,,False
401674479,2024,7,2024-10-10T23:00:00.000Z,319,Oklahoma Baptist,Great American,2568,Southern Arkansas,Great American,10.0,,,65.0,,,True
401674480,2024,8,2024-10-19T23:00:00.000Z,319,Oklahoma Baptist,Great American,2927,Southwestern Oklahoma State,Great American,35.0,,,17.0,,,True
401674481,2024,9,2024-10-26T19:00:00.000Z,319,Oklahoma Baptist,Great American,2823,Northwestern Oklahoma State,Great American,28.0,,,30.0,,,False
401674407,2024,10,2024-11-02T19:00:00.000Z,319,Oklahoma Baptist,Great American,2028,Arkansas-Monticello,Great American,20.0,,,24.0,,,False
401674482,2024,11,2024-11-09T20:00:00.000Z,319,Oklahoma Baptist,Great American,2888,Ouachita Baptist,Great American,0.0,,,55.0,,,True
401674483,2024,12,2024-11-16T20:00:00.000Z,319,Oklahoma Baptist,Great American,200,Southern Nazarene,Great American,21.0,,,49.0,,,True
401674533,2024,3,2024-09-14T23:00:00.000Z,2824,Oklahoma Panhandle St,Independent DII,2586,Southwest Baptist,Great Lakes,10.0,,,42.0,,,False
401634212,2024,1,2024-08-31T18:00:00.000Z,197,Oklahoma State,Big 12,2571,South Dakota State,MVFC,44.0,1522.0,1522.0,20.0,,,True
401628336,2024,2,2024-09-07T16:00:00.000Z,197,Oklahoma State,Big 12,8,Arkansas,SEC,39.0,1522.0,1530.0,31.0,1454.0,1446.0,True
401636869,2024,3,2024-09-14T16:00:00.000Z,197,Oklahoma State,Big 12,202,Tulsa,American Athletic,45.0,1530.0,1595.0,10.0,1250.0,1185.0,False
401636876,2024,4,2024-09-21T20:00:00.000Z,197,Oklahoma State,Big 12,254,Utah,Big 12,19.0,1595.0,1593.0,22.0,1631.0,1633.0,True
401636883,2024,5,2024-09-28T16:00:00.000Z,197,Oklahoma State,Big 12,2306,Kansas State,Big 12,20.0,1593.0,1553.0,42.0,1714.0,1754.0,False
401636890,2024,6,2024-10-05T20:00:00.000Z,197,Oklahoma State,Big 12,277,West Virginia,Big 12,14.0,1553.0,1489.0,38.0,1546.0,1610.0,True
401636898,2024,8,2024-10-19T02:15:00.000Z,197,Oklahoma State,Big 12,252,BYU,Big 12,35.0,1489.0,1490.0,38.0,1665.0,1664.0,False
401636906,2024,9,2024-10-26T19:30:00.000Z,197,Oklahoma State,Big 12,239,Baylor,Big 12,28.0,1490.0,1477.0,38.0,1545.0,1558.0,False
401636915,2024,10,2024-11-02T19:30:00.000Z,197,Oklahoma State,Big 12,9,Arizona State,Big 12,21.0,1477.0,1427.0,42.0,1513.0,1563.0,True
401636920,2024,11,2024-11-10T00:00:00.000Z,197,Oklahoma State,Big 12,2628,TCU,Big 12,13.0,1427.0,1375.0,38.0,1526.0,1578.0,False
401636934,2024,13,2024-11-23T20:30:00.000Z,197,Oklahoma State,Big 12,2641,Texas Tech,Big 12,48.0,1375.0,1372.0,56.0,1537.0,1540.0,True
401636938,2024,14,2024-11-29T17:00:00.000Z,197,Oklahoma State,Big 12,38,Colorado,Big 12,0.0,1372.0,1251.0,52.0,1641.0,1762.0,False
401628329,2024,1,2024-08-31T20:15:00.000Z,295,Old Dominion,Sun Belt,2579,South Carolina,SEC,19.0,1406.0,1408.0,23.0,1562.0,1560.0,False
401643778,2024,2,2024-09-07T22:00:00.000Z,295,Old Dominion,Sun Belt,151,East Carolina,American Athletic,14.0,1408.0,1397.0,20.0,1404.0,1415.0,True
401635548,2024,3,2024-09-14T22:00:00.000Z,295,Old Dominion,Sun Belt,259,Virginia Tech,ACC,17.0,1397.0,1368.0,37.0,1597.0,1626.0,True
401643795,2024,5,2024-09-28T21:00:00.000Z,295,Old Dominion,Sun Belt,189,Bowling Green,Mid-American,30.0,1368.0,1377.0,27.0,1448.0,1439.0,False
401643798,2024,6,2024-10-05T23:00:00.000Z,295,Old Dominion,Sun Belt,324,Coastal Carolina,Sun Belt,37.0,1377.0,1369.0,45.0,1448.0,1456.0,False
401643805,2024,7,2024-10-12T19:30:00.000Z,295,Old Dominion,Sun Belt,2247,Georgia State,Sun Belt,21.0,1369.0,1379.0,14.0,1325.0,1315.0,False
401643813,2024,8,2024-10-19T19:30:00.000Z,295,Old Dominion,Sun Belt,326,Texas State,Sun Belt,24.0,1379.0,1416.0,14.0,1639.0,1602.0,True
401643815,2024,9,2024-10-24T23:00:00.000Z,295,Old Dominion,Sun Belt,290,Georgia Southern,Sun Belt,47.0,1416.0,1494.0,19.0,1449.0,1371.0,True
401643821,2024,10,2024-11-02T18:30:00.000Z,295,Old Dominion,Sun Belt,2026,App State,Sun Belt,20.0,1494.0,1472.0,28.0,1337.0,1359.0,False
401643833,2024,12,2024-11-16T21:00:00.000Z,295,Old Dominion,Sun Belt,256,James Madison,Sun Belt,32.0,1472.0,1486.0,35.0,1794.0,1780.0,True
401643838,2024,13,2024-11-24T00:30:00.000Z,295,Old Dominion,Sun Belt,276,Marshall,Sun Belt,35.0,1486.0,1473.0,42.0,1489.0,1502.0,True
401643847,2024,14,2024-11-30T20:00:00.000Z,295,Old Dominion,Sun Belt,2032,Arkansas State,Sun Belt,40.0,1473.0,1471.0,32.0,1241.0,1243.0,False
401628325,2024,1,2024-08-31T23:00:00.000Z,145,Ole Miss,SEC,231,Furman,Southern,76.0,1658.0,1658.0,0.0,,,True
401677105,2024,1,2025-01-03T01:00:00.000Z,145,Ole Miss,SEC,150,Duke,ACC,52.0,1956.0,2007.0,20.0,1591.0,1540.0,True
401628342,2024,2,2024-09-07T20:15:00.000Z,145,Ole Miss,SEC,2393,Middle Tennessee,Conference USA,52.0,1658.0,1770.0,3.0,1400.0,1288.0,True
401628355,2024,3,2024-09-14T22:30:00.000Z,145,Ole Miss,SEC,154,Wake Forest,ACC,40.0,1770.0,1824.0,6.0,1424.0,1370.0,False
401628366,2024,4,2024-09-21T23:45:00.000Z,145,Ole Miss,SEC,290,Georgia Southern,Sun Belt,52.0,1824.0,1879.0,13.0,1379.0,1324.0,True
401628377,2024,5,2024-09-28T16:00:00.000Z,145,Ole Miss,SEC,96,Kentucky,SEC,17.0,1879.0,1861.0,20.0,1668.0,1686.0,True
401628382,2024,6,2024-10-05T19:30:00.000Z,145,Ole Miss,SEC,2579,South Carolina,SEC,27.0,1861.0,1906.0,3.0,1699.0,1654.0,False
401628388,2024,7,2024-10-12T23:30:00.000Z,145,Ole Miss,SEC,99,LSU,SEC,26.0,1906.0,1905.0,29.0,1874.0,1875.0,False
401628402,2024,9,2024-10-26T16:00:00.000Z,145,Ole Miss,SEC,201,Oklahoma,SEC,26.0,1905.0,1911.0,14.0,1694.0,1688.0,True
401628406,2024,10,2024-11-02T16:00:00.000Z,145,Ole Miss,SEC,8,Arkansas,SEC,63.0,1911.0,1960.0,31.0,1573.0,1524.0,False
401628414,2024,11,2024-11-09T20:30:00.000Z,145,Ole Miss,SEC,61,Georgia,SEC,28.0,1960.0,2010.0,10.0,2057.0,2007.0,True
401628429,2024,13,2024-11-23T17:00:00.000Z,145,Ole Miss,SEC,57,Florida,SEC,17.0,2010.0,1977.0,24.0,1634.0,1667.0,False
401628442,2024,14,2024-11-29T20:30:00.000Z,145,Ole Miss,SEC,344,Mississippi State,SEC,26.0,1977.0,1956.0,14.0,1348.0,1369.0,True
401674840,2024,2,2024-09-07T16:00:00.000Z,354,Olivet College,Michigan,184,University of Rochester (NY),Liberty League,21.0,,,28.0,,,True
401674936,2024,3,2024-09-14T17:00:00.000Z,354,Olivet College,Michigan,2748,Wooster,North Coast,27.0,,,23.0,,,True
401674783,2024,4,2024-09-21T17:00:00.000Z,354,Olivet College,Michigan,2262,Hanover College,Heartland,14.0,,,56.0,,,False
401674911,2024,5,2024-09-28T19:00:00.000Z,354,Olivet College,Michigan,2003,Adrian,Michigan,14.0,,,24.0,,,False
401674934,2024,6,2024-10-05T18:00:00.000Z,354,Olivet College,Michigan,126,Kalamazoo,Michigan,45.0,,,12.0,,,True
401674938,2024,8,2024-10-19T17:00:00.000Z,354,Olivet College,Michigan,2651,Trine University,Michigan,28.0,,,35.0,,,False
401674927,2024,9,2024-10-26T17:00:00.000Z,354,Olivet College,Michigan,2800,Alma,Michigan,14.0,,,67.0,,,False
401676213,2024,10,2024-11-02T17:00:00.000Z,354,Olivet College,Michigan,129738,Calvin University,Michigan,21.0,,,13.0,,,True
401674923,2024,11,2024-11-09T18:00:00.000Z,354,Olivet College,Michigan,2790,Albion,Michigan,14.0,,,49.0,,,False
401674932,2024,12,2024-11-16T18:00:00.000Z,354,Olivet College,Michigan,2812,Hope College,Michigan,12.0,,,48.0,,,True
401628456,2024,1,2024-08-31T23:30:00.000Z,2483,Oregon,Big Ten,70,Idaho,Big Sky,24.0,1904.0,1904.0,14.0,,,True
401677183,2024,1,2025-01-01T22:00:00.000Z,2483,Oregon,Big Ten,194,Ohio State,Big Ten,21.0,2075.0,2040.0,41.0,2147.0,2182.0,True
401628469,2024,2,2024-09-08T02:00:00.000Z,2483,Oregon,Big Ten,68,Boise State,Mountain West,37.0,1904.0,1902.0,34.0,1629.0,1631.0,True
401628483,2024,3,2024-09-14T19:30:00.000Z,2483,Oregon,Big Ten,204,Oregon State,Pac-12,49.0,1902.0,1974.0,14.0,1676.0,1604.0,False
401628500,2024,5,2024-09-29T03:00:00.000Z,2483,Oregon,Big Ten,26,UCLA,Big Ten,34.0,1974.0,1974.0,13.0,1449.0,1449.0,False
401628506,2024,6,2024-10-05T01:00:00.000Z,2483,Oregon,Big Ten,127,Michigan State,Big Ten,31.0,1974.0,1971.0,10.0,1407.0,1410.0,True
401628515,2024,7,2024-10-12T23:30:00.000Z,2483,Oregon,Big Ten,194,Ohio State,Big Ten,32.0,1971.0,1975.0,31.0,2080.0,2076.0,True
401628523,2024,8,2024-10-19T00:00:00.000Z,2483,Oregon,Big Ten,2509,Purdue,Big Ten,35.0,1975.0,1987.0,0.0,1224.0,1212.0,False
401628525,2024,9,2024-10-26T19:30:00.000Z,2483,Oregon,Big Ten,356,Illinois,Big Ten,38.0,1987.0,2020.0,9.0,1602.0,1569.0,True
401628536,2024,10,2024-11-02T19:30:00.000Z,2483,Oregon,Big Ten,130,Michigan,Big Ten,38.0,2020.0,2050.0,17.0,1808.0,1778.0,False
401628543,2024,11,2024-11-10T00:00:00.000Z,2483,Oregon,Big Ten,120,Maryland,Big Ten,39.0,2050.0,2047.0,18.0,1488.0,1491.0,True
401628551,2024,12,2024-11-17T00:30:00.000Z,2483,Oregon,Big Ten,275,Wisconsin,Big Ten,16.0,2047.0,2029.0,13.0,1641.0,1659.0,False
401628569,2024,14,2024-12-01T00:30:00.000Z,2483,Oregon,Big Ten,264,Washington,Big Ten,49.0,2029.0,2060.0,21.0,1654.0,1623.0,True
401673464,2024,15,2024-12-08T01:00:00.000Z,2483,Oregon,Big Ten,213,Penn State,Big Ten,45.0,2060.0,2075.0,37.0,2011.0,1996.0,True
401643704,2024,1,2024-08-31T22:30:00.000Z,204,Oregon State,Pac-12,304,Idaho State,Big Sky,38.0,1648.0,1648.0,15.0,,,True
401643709,2024,2,2024-09-08T02:30:00.000Z,204,Oregon State,Pac-12,21,San Diego State,Mountain West,21.0,1648.0,1676.0,0.0,1416.0,1388.0,False
401628483,2024,3,2024-09-14T19:30:00.000Z,204,Oregon State,Pac-12,2483,Oregon,Big Ten,14.0,1676.0,1604.0,49.0,1902.0,1974.0,True
401643717,2024,4,2024-09-22T00:30:00.000Z,204,Oregon State,Pac-12,2509,Purdue,Big Ten,38.0,1604.0,1619.0,21.0,1358.0,1343.0,True
401643724,2024,6,2024-10-05T22:30:00.000Z,204,Oregon State,Pac-12,36,Colorado State,Mountain West,39.0,1619.0,1609.0,31.0,1236.0,1246.0,True
401643731,2024,7,2024-10-12T23:30:00.000Z,204,Oregon State,Pac-12,2440,Nevada,Mountain West,37.0,1609.0,1587.0,42.0,1235.0,1257.0,False
401643739,2024,8,2024-10-20T02:00:00.000Z,204,Oregon State,Pac-12,2439,UNLV,Mountain West,25.0,1587.0,1578.0,33.0,1665.0,1674.0,True
401635594,2024,9,2024-10-26T20:00:00.000Z,204,Oregon State,Pac-12,25,California,ACC,7.0,1578.0,1467.0,44.0,1542.0,1653.0,False
401643755,2024,11,2024-11-09T20:30:00.000Z,204,Oregon State,Pac-12,23,San José State,Mountain West,13.0,1467.0,1446.0,24.0,1497.0,1518.0,True
401643757,2024,12,2024-11-16T20:30:00.000Z,204,Oregon State,Pac-12,2005,Air Force,Mountain West,0.0,1446.0,1356.0,28.0,1316.0,1406.0,False
401628572,2024,13,2024-11-24T00:00:00.000Z,204,Oregon State,Pac-12,265,Washington State,Pac-12,41.0,1356.0,1360.0,38.0,1600.0,1596.0,True
401643769,2024,14,2024-11-29T17:00:00.000Z,204,Oregon State,Pac-12,68,Boise State,Mountain West,18.0,1360.0,1359.0,34.0,1747.0,1748.0,False
401676144,2024,2,2024-09-07T22:00:00.000Z,359,Otterbein,Ohio,2980,Ohio Wesleyan,North Coast,7.0,,,26.0,,,False
401676360,2024,3,2024-09-14T16:00:00.000Z,359,Otterbein,Ohio,332,Muskingum University,Ohio,7.0,,,24.0,,,False
401676349,2024,4,2024-09-21T18:00:00.000Z,359,Otterbein,Ohio,317,Marietta,Ohio,14.0,,,51.0,,,True
401676355,2024,6,2024-10-05T16:30:00.000Z,359,Otterbein,Ohio,426,University of Mount Union,Ohio,0.0,,,21.0,,,True
401676274,2024,7,2024-10-12T17:30:00.000Z,359,Otterbein,Ohio,188,Baldwin Wallace,Ohio,7.0,,,36.0,,,False
401676372,2024,8,2024-10-19T17:30:00.000Z,359,Otterbein,Ohio,2733,Wilmington (OH),Ohio,21.0,,,31.0,,,False
401676311,2024,9,2024-10-26T16:00:00.000Z,359,Otterbein,Ohio,424,Capital,Ohio,39.0,,,10.0,,,True
401676340,2024,10,2024-11-02T16:00:00.000Z,359,Otterbein,Ohio,191,Heidelberg,Ohio,7.0,,,55.0,,,True
401676346,2024,11,2024-11-09T18:30:00.000Z,359,Otterbein,Ohio,2302,John Carroll University,Ohio,0.0,,,56.0,,,False
401676367,2024,12,2024-11-16T17:00:00.000Z,359,Otterbein,Ohio,427,Ohio Northern,Ohio,15.0,,,47.0,,,True
401674484,2024,2,2024-09-06T00:00:00.000Z,2888,Ouachita Baptist,Great American,2927,Southwestern Oklahoma State,Great American,42.0,,,3.0,,,True
401674485,2024,3,2024-09-12T23:00:00.000Z,2888,Ouachita Baptist,Great American,2823,Northwestern Oklahoma State,Great American,56.0,,,2.0,,,False
401674486,2024,4,2024-09-21T23:00:00.000Z,2888,Ouachita Baptist,Great American,2568,Southern Arkansas,Great American,25.0,,,20.0,,,False
401674403,2024,5,2024-09-28T23:00:00.000Z,2888,Ouachita Baptist,Great American,2028,Arkansas-Monticello,Great American,49.0,,,14.0,,,True
401674487,2024,6,2024-10-05T19:00:00.000Z,2888,Ouachita Baptist,Great American,199,Southeastern Oklahoma State,Great American,25.0,,,9.0,,,False
401674414,2024,7,2024-10-12T17:00:00.000Z,2888,Ouachita Baptist,Great American,2191,East Central (OK),Great American,40.0,,,0.0,,,True
401674424,2024,8,2024-10-20T00:00:00.000Z,2888,Ouachita Baptist,Great American,2264,Harding University,Great American,17.0,,,13.0,,,True
401674396,2024,9,2024-10-26T19:00:00.000Z,2888,Ouachita Baptist,Great American,2033,Arkansas Tech,Great American,38.0,,,7.0,,,False
401674488,2024,10,2024-10-31T23:00:00.000Z,2888,Ouachita Baptist,Great American,200,Southern Nazarene,Great American,17.0,,,18.0,,,True
401674482,2024,11,2024-11-09T20:00:00.000Z,2888,Ouachita Baptist,Great American,319,Oklahoma Baptist,Great American,55.0,,,0.0,,,False
401674433,2024,12,2024-11-16T19:00:00.000Z,2888,Ouachita Baptist,Great American,2271,Henderson State,Great American,27.0,,,20.0,,,False
401734595,2024,13,2024-11-23T19:00:00.000Z,2888,Ouachita Baptist,Great American,2122,Central Oklahoma,Mid America,31.0,,,38.0,,,False
401674364,2024,2,2024-09-05T23:00:00.000Z,2487,Pace,Northeast 10,2188,East Stroudsburg University,Pennsylvania State Athletic,6.0,,,41.0,,,True
401676723,2024,3,2024-09-13T23:00:00.000Z,2487,Pace,Northeast 10,2441,New Haven,Northeast 10,17.0,,,47.0,,,True
401676730,2024,4,2024-09-21T17:00:00.000Z,2487,Pace,Northeast 10,126086,Post University,Northeast 10,23.0,,,21.0,,,False
401676716,2024,5,2024-09-28T22:00:00.000Z,2487,Pace,Northeast 10,112334,Franklin Pierce,Northeast 10,20.0,,,48.0,,,False
401682327,2024,6,2024-10-05T16:00:00.000Z,2487,Pace,Northeast 10,2060,Bentley,Northeast 10,16.0,,,31.0,,,True
401676738,2024,7,2024-10-12T16:00:00.000Z,2487,Pace,Northeast 10,2830,St. Anselm,Northeast 10,26.0,,,20.0,,,True
401682324,2024,9,2024-10-26T17:00:00.000Z,2487,Pace,Northeast 10,2022,American International,Northeast 10,7.0,,,14.0,,,True
401689236,2024,10,2024-11-02T17:00:00.000Z,2487,Pace,Northeast 10,2583,Southern Connecticut State,Northeast 10,30.0,,,35.0,,,False
401676713,2024,11,2024-11-09T18:00:00.000Z,2487,Pace,Northeast 10,2038,Assumption,Northeast 10,7.0,,,14.0,,,True
401676729,2024,12,2024-11-16T18:00:00.000Z,2487,Pace,Northeast 10,2441,New Haven,Northeast 10,14.0,,,41.0,,,False
401676197,2024,2,2024-09-08T02:00:00.000Z,205,Pacific (OR),Northwest,411,Chapman,So. Cal.,23.0,,,43.0,,,False
401677678,2024,3,2024-09-14T23:00:00.000Z,205,Pacific (OR),Northwest,2333,Lewis & Clark College,Northwest,34.0,,,24.0,,,True
401677679,2024,4,2024-09-22T02:00:00.000Z,205,Pacific (OR),Northwest,2923,Pomona Pitzer,So. Cal.,45.0,,,14.0,,,True
401677680,2024,6,2024-10-05T20:00:00.000Z,205,Pacific (OR),Northwest,2508,Puget Sound,Northwest,62.0,,,34.0,,,False
401676317,2024,7,2024-10-12T23:00:00.000Z,205,Pacific (OR),Northwest,2486,Pacific Lutheran,Northwest,18.0,,,34.0,,,True
401677681,2024,8,2024-10-19T20:00:00.000Z,205,Pacific (OR),Northwest,2333,Lewis & Clark College,Northwest,37.0,,,51.0,,,False
401676324,2024,9,2024-10-26T20:00:00.000Z,205,Pacific (OR),Northwest,2721,Whitworth,Northwest,32.0,,,39.0,,,True
401676290,2024,10,2024-11-02T20:00:00.000Z,205,Pacific (OR),Northwest,203,Linfield College,Northwest,28.0,,,68.0,,,True
401676329,2024,11,2024-11-09T21:00:00.000Z,205,Pacific (OR),Northwest,2930,Willamette,Northwest,24.0,,,10.0,,,False
401676286,2024,12,2024-11-16T21:00:00.000Z,205,Pacific (OR),Northwest,415,NEWBERG,Northwest,39.0,,,11.0,,,True
401677718,2024,2,2024-09-08T02:00:00.000Z,2486,Pacific Lutheran,Northwest,129758,Simpson University (Ca),,43.0,,,0.0,,,True
401674965,2024,3,2024-09-14T20:00:00.000Z,2486,Pacific Lutheran,Northwest,2152,Concordia Moorhead,Minnesota,3.0,,,31.0,,,True
401676176,2024,4,2024-09-21T20:00:00.000Z,2486,Pacific Lutheran,Northwest,2094,California Lutheran University,So. Cal.,27.0,,,17.0,,,False
401676316,2024,6,2024-10-05T20:00:00.000Z,2486,Pacific Lutheran,Northwest,2721,Whitworth,Northwest,23.0,,,34.0,,,True
401676317,2024,7,2024-10-12T23:00:00.000Z,2486,Pacific Lutheran,Northwest,205,Pacific (OR),Northwest,34.0,,,18.0,,,False
401676318,2024,8,2024-10-19T20:00:00.000Z,2486,Pacific Lutheran,Northwest,2930,Willamette,Northwest,50.0,,,0.0,,,True
401676319,2024,9,2024-10-26T20:00:00.000Z,2486,Pacific Lutheran,Northwest,2333,Lewis & Clark College,Northwest,31.0,,,28.0,,,False
401676284,2024,10,2024-11-02T20:00:00.000Z,2486,Pacific Lutheran,Northwest,415,NEWBERG,Northwest,24.0,,,14.0,,,True
401676291,2024,11,2024-11-09T21:00:00.000Z,2486,Pacific Lutheran,Northwest,203,Linfield College,Northwest,10.0,,,38.0,,,False
401676320,2024,12,2024-11-16T21:00:00.000Z,2486,Pacific Lutheran,Northwest,2508,Puget Sound,Northwest,34.0,,,21.0,,,True
401677178,2024,1,2024-12-21T17:00:00.000Z,213,Penn State,Big Ten,2567,SMU,ACC,38.0,1996.0,2056.0,10.0,1886.0,1826.0,True
401677189,2024,1,2025-01-10T00:30:00.000Z,213,Penn State,Big Ten,87,Notre Dame,FBS Independents,24.0,2063.0,2067.0,27.0,2173.0,2169.0,True
401628457,2024,1,2024-08-31T16:00:00.000Z,213,Penn State,Big Ten,277,West Virginia,Big 12,34.0,1833.0,1861.0,12.0,1574.0,1546.0,False
401677181,2024,1,2025-01-01T00:30:00.000Z,213,Penn State,Big Ten,68,Boise State,Mountain West,31.0,2056.0,2063.0,14.0,1771.0,1764.0,False
401628470,2024,2,2024-09-07T16:00:00.000Z,213,Penn State,Big Ten,189,Bowling Green,Mid-American,34.0,1861.0,1848.0,27.0,1431.0,1444.0,True
401628493,2024,4,2024-09-21T19:30:00.000Z,213,Penn State,Big Ten,2309,Kent State,Mid-American,56.0,1848.0,1905.0,0.0,989.0,932.0,True
401628495,2024,5,2024-09-28T23:30:00.000Z,213,Penn State,Big Ten,356,Illinois,Big Ten,21.0,1905.0,1905.0,7.0,1551.0,1551.0,True
401628510,2024,6,2024-10-05T16:00:00.000Z,213,Penn State,Big Ten,26,UCLA,Big Ten,27.0,1905.0,1901.0,11.0,1449.0,1453.0,True
401628516,2024,7,2024-10-12T19:30:00.000Z,213,Penn State,Big Ten,30,USC,Big Ten,33.0,1901.0,1897.0,30.0,1759.0,1763.0,False
401628531,2024,9,2024-10-26T23:30:00.000Z,213,Penn State,Big Ten,275,Wisconsin,Big Ten,28.0,1897.0,1918.0,13.0,1755.0,1734.0,False
401628539,2024,10,2024-11-02T16:00:00.000Z,213,Penn State,Big Ten,194,Ohio State,Big Ten,13.0,1918.0,1916.0,20.0,2063.0,2065.0,True
401628546,2024,11,2024-11-10T01:00:00.000Z,213,Penn State,Big Ten,264,Washington,Big Ten,35.0,1916.0,1967.0,6.0,1695.0,1644.0,True
401628552,2024,12,2024-11-16T20:30:00.000Z,213,Penn State,Big Ten,2509,Purdue,Big Ten,49.0,1967.0,1987.0,10.0,1192.0,1172.0,False
401628559,2024,13,2024-11-23T20:30:00.000Z,213,Penn State,Big Ten,135,Minnesota,Big Ten,26.0,1987.0,1971.0,25.0,1590.0,1606.0,False
401628565,2024,14,2024-11-30T20:30:00.000Z,213,Penn State,Big Ten,120,Maryland,Big Ten,44.0,1971.0,2011.0,7.0,1447.0,1407.0,True
401673464,2024,15,2024-12-08T01:00:00.000Z,213,Penn State,Big Ten,2483,Oregon,Big Ten,37.0,2011.0,1996.0,45.0,2060.0,2075.0,False
401674256,2024,2,2024-09-07T04:00:00.000Z,2858,PennWest California,Pennsylvania State Athletic,2128,University Of Charleston (WV),Mountain East,19.0,,,23.0,,,False
401674349,2024,3,2024-09-14T16:00:00.000Z,2858,PennWest California,Pennsylvania State Athletic,223,West Chester,Pennsylvania State Athletic,38.0,,,28.0,,,False
401674350,2024,4,2024-09-21T17:00:00.000Z,2858,PennWest California,Pennsylvania State Athletic,209,Lock Haven University,Pennsylvania State Athletic,27.0,,,20.0,,,False
401674351,2024,5,2024-09-28T16:00:00.000Z,2858,PennWest California,Pennsylvania State Athletic,367,Gannon,Pennsylvania State Athletic,49.0,,,7.0,,,True
401674352,2024,6,2024-10-05T18:00:00.000Z,2858,PennWest California,Pennsylvania State Athletic,2134,Clarion,Pennsylvania State Athletic,31.0,,,27.0,,,False
401674353,2024,7,2024-10-12T20:00:00.000Z,2858,PennWest California,Pennsylvania State Athletic,611,Seton Hill,Pennsylvania State Athletic,28.0,,,21.0,,,False
401674354,2024,8,2024-10-19T19:00:00.000Z,2858,PennWest California,Pennsylvania State Athletic,215,Slippery Rock,Pennsylvania State Athletic,28.0,,,7.0,,,True
401674355,2024,9,2024-10-26T16:00:00.000Z,2858,PennWest California,Pennsylvania State Athletic,2291,Indiana-Pennsylvania,Pennsylvania State Athletic,16.0,,,13.0,,,True
401674356,2024,11,2024-11-09T17:00:00.000Z,2858,PennWest California,Pennsylvania State Athletic,2205,Edinboro University,Pennsylvania State Athletic,28.0,,,14.0,,,True
401674357,2024,12,2024-11-16T17:00:00.000Z,2858,PennWest California,Pennsylvania State Athletic,2315,Kutztown University,Pennsylvania State Athletic,14.0,,,21.0,,,True
401734579,2024,13,2024-11-23T18:00:00.000Z,2858,PennWest California,Pennsylvania State Athletic,2188,East Stroudsburg University,Pennsylvania State Athletic,30.0,,,27.0,,,True
401734991,2024,14,2024-11-30T18:00:00.000Z,2858,PennWest California,Pennsylvania State Athletic,308,Ashland,Great Midwest Athletic,34.0,,,33.0,,,True
401735968,2024,15,2024-12-07T18:00:00.000Z,2858,PennWest California,Pennsylvania State Athletic,215,Slippery Rock,Pennsylvania State Athletic,13.0,,,31.0,,,True
401628621,2024,4,2024-09-21T22:00:00.000Z,219,Pennsylvania,Ivy,48,Delaware,CAA,22.0,,,29.0,,,False
401656601,2024,5,2024-09-28T17:00:00.000Z,219,Pennsylvania,Ivy,2142,Colgate,Patriot,27.0,,,17.0,,,True
401654472,2024,6,2024-10-05T17:00:00.000Z,219,Pennsylvania,Ivy,159,Dartmouth,Ivy,17.0,,,20.0,,,False
401654651,2024,7,2024-10-12T17:00:00.000Z,219,Pennsylvania,Ivy,2083,Bucknell,Patriot,31.0,,,21.0,,,True
401654491,2024,8,2024-10-19T17:00:00.000Z,219,Pennsylvania,Ivy,171,Columbia,Ivy,17.0,,,23.0,,,True
401673036,2024,9,2024-10-25T23:00:00.000Z,219,Pennsylvania,Ivy,43,Yale,Ivy,10.0,,,31.0,,,True
401654459,2024,10,2024-11-02T16:00:00.000Z,219,Pennsylvania,Ivy,225,Brown,Ivy,38.0,,,28.0,,,False
401654508,2024,11,2024-11-09T18:00:00.000Z,219,Pennsylvania,Ivy,172,Cornell,Ivy,67.0,,,49.0,,,False
401644604,2024,12,2024-11-16T18:00:00.000Z,219,Pennsylvania,Ivy,108,Harvard,Ivy,28.0,,,31.0,,,True
401654469,2024,13,2024-11-23T18:00:00.000Z,219,Pennsylvania,Ivy,163,Princeton,Ivy,17.0,,,20.0,,,False
401673265,2024,3,2024-09-14T20:00:00.000Z,108358,Phoenix,,2237,Fort Lewis,Rocky Mountain,12.0,,,17.0,,,False
401674188,2024,1,2024-09-01T00:00:00.000Z,90,Pittsburg St,Mid America,2222,Ferris State,GLIAC,19.0,,,3.0,,,True
401674168,2024,2,2024-09-08T00:00:00.000Z,90,Pittsburg St,Mid America,2403,Missouri Southern State,Mid America,42.0,,,17.0,,,False
401674152,2024,3,2024-09-15T00:00:00.000Z,90,Pittsburg St,Mid America,2214,Emporia State University,Mid America,21.0,,,24.0,,,True
401674189,2024,4,2024-09-21T18:00:00.000Z,90,Pittsburg St,Mid America,2687,Washburn,Mid America,39.0,,,31.0,,,False
401674176,2024,6,2024-10-05T19:00:00.000Z,90,Pittsburg St,Mid America,137,Missouri Western,Mid America,31.0,,,20.0,,,True
401674182,2024,7,2024-10-12T19:00:00.000Z,90,Pittsburg St,Mid America,2438,Nebraska-Kearney,Mid America,20.0,,,10.0,,,False
401674164,2024,8,2024-10-19T19:00:00.000Z,90,Pittsburg St,Mid America,2231,Fort Hays State,Mid America,18.0,,,17.0,,,True
401674146,2024,9,2024-10-26T19:00:00.000Z,90,Pittsburg St,Mid America,2122,Central Oklahoma,Mid America,35.0,,,21.0,,,False
401674137,2024,10,2024-11-02T19:00:00.000Z,90,Pittsburg St,Mid America,2118,Central Missouri,Mid America,13.0,,,37.0,,,True
401674187,2024,12,2024-11-16T19:30:00.000Z,90,Pittsburg St,Mid America,138,Northwest Missouri St,Mid America,23.0,,,7.0,,,False
401734597,2024,13,2024-11-23T19:00:00.000Z,90,Pittsburg St,Mid America,2264,Harding University,Great American,3.0,,,48.0,,,True
401634305,2024,1,2024-08-31T16:00:00.000Z,221,Pittsburgh,ACC,2309,Kent State,Mid-American,55.0,1436.0,1486.0,24.0,1158.0,1108.0,True
401677180,2024,1,2024-12-26T19:00:00.000Z,221,Pittsburgh,ACC,2649,Toledo,Mid-American,46.0,1461.0,1456.0,48.0,1426.0,1431.0,False
401635538,2024,2,2024-09-07T16:00:00.000Z,221,Pittsburgh,ACC,2132,Cincinnati,Big 12,28.0,1486.0,1483.0,27.0,1394.0,1397.0,False
401635547,2024,3,2024-09-14T19:30:00.000Z,221,Pittsburgh,ACC,277,West Virginia,Big 12,38.0,1483.0,1488.0,34.0,1546.0,1541.0,True
401634247,2024,4,2024-09-21T19:30:00.000Z,221,Pittsburgh,ACC,2754,Youngstown State,MVFC,73.0,1488.0,1488.0,17.0,,,True
401635572,2024,6,2024-10-05T16:00:00.000Z,221,Pittsburgh,ACC,153,North Carolina,ACC,34.0,1488.0,1512.0,24.0,1521.0,1497.0,False
401635575,2024,7,2024-10-12T19:30:00.000Z,221,Pittsburgh,ACC,25,California,ACC,17.0,1512.0,1513.0,15.0,1549.0,1548.0,True
401634770,2024,9,2024-10-24T23:30:00.000Z,221,Pittsburgh,ACC,183,Syracuse,ACC,41.0,1513.0,1576.0,13.0,1423.0,1360.0,True
401635627,2024,10,2024-11-03T00:00:00.000Z,221,Pittsburgh,ACC,2567,SMU,ACC,25.0,1576.0,1541.0,48.0,1779.0,1814.0,False
401635610,2024,11,2024-11-10T01:00:00.000Z,221,Pittsburgh,ACC,258,Virginia,ACC,19.0,1541.0,1519.0,24.0,1359.0,1381.0,True
401635582,2024,12,2024-11-16T17:00:00.000Z,221,Pittsburgh,ACC,228,Clemson,ACC,20.0,1519.0,1531.0,24.0,1827.0,1815.0,True
401635617,2024,13,2024-11-23T21:00:00.000Z,221,Pittsburgh,ACC,97,Louisville,ACC,9.0,1531.0,1479.0,37.0,1715.0,1767.0,False
401635620,2024,14,2024-11-30T20:00:00.000Z,221,Pittsburgh,ACC,103,Boston College,ACC,23.0,1479.0,1461.0,34.0,1506.0,1524.0,False
401674904,2024,3,2024-09-14T16:00:00.000Z,2972,Plymouth State,MSCAC,402,Worcester St,MSCAC,21.0,,,27.0,,,False
401675972,2024,4,2024-09-21T16:00:00.000Z,2972,Plymouth State,MSCAC,18,Bridgewater State,MSCAC,17.0,,,14.0,,,True
401674897,2024,5,2024-09-28T17:00:00.000Z,2972,Plymouth State,MSCAC,110,Mass Maritime,MSCAC,6.0,,,29.0,,,False
401675964,2024,6,2024-10-05T16:00:00.000Z,2972,Plymouth State,MSCAC,2843,Western Connecticut St,MSCAC,21.0,,,48.0,,,True
401674881,2024,8,2024-10-19T18:30:00.000Z,2972,Plymouth State,MSCAC,293,Castleton,MSCAC,21.0,,,6.0,,,False
401682351,2024,9,2024-10-26T16:00:00.000Z,2972,Plymouth State,MSCAC,2909,Westfield State,MSCAC,35.0,,,7.0,,,True
401682279,2024,10,2024-11-02T16:00:00.000Z,2972,Plymouth State,MSCAC,2967,Framingham State,MSCAC,41.0,,,20.0,,,False
401674893,2024,11,2024-11-09T17:00:00.000Z,2972,Plymouth State,MSCAC,114,Fitchburg State,MSCAC,26.0,,,21.0,,,False
401682282,2024,12,2024-11-16T17:00:00.000Z,2972,Plymouth State,MSCAC,379,UMass Dartmouth,MSCAC,42.0,,,47.0,,,True
401655661,2024,3,2024-09-14T23:00:00.000Z,3179,Point University,,2166,Davidson,Pioneer,12.0,,,42.0,,,False
401675572,2024,4,2024-09-21T23:00:00.000Z,3179,Point University,,2019,Allen,SIAC,10.0,,,35.0,,,False
401674956,2024,2,2024-09-07T20:00:00.000Z,2923,Pomona Pitzer,So. Cal.,2101,Carleton,Minnesota,28.0,,,12.0,,,True
401677679,2024,4,2024-09-22T02:00:00.000Z,2923,Pomona Pitzer,So. Cal.,205,Pacific (OR),Northwest,14.0,,,45.0,,,False
401677683,2024,5,2024-09-28T20:00:00.000Z,2923,Pomona Pitzer,So. Cal.,2318,La Verne,So. Cal.,27.0,,,20.0,,,False
401675934,2024,6,2024-10-06T02:00:00.000Z,2923,Pomona Pitzer,So. Cal.,17,Claremont-Mudd-Scripps College,So. Cal.,14.0,,,20.0,,,True
401675928,2024,7,2024-10-13T02:00:00.000Z,2923,Pomona Pitzer,So. Cal.,29,Redlands,So. Cal.,10.0,,,7.0,,,True
401676200,2024,8,2024-10-20T02:00:00.000Z,2923,Pomona Pitzer,So. Cal.,411,Chapman,So. Cal.,21.0,,,17.0,,,False
401677684,2024,9,2024-10-27T02:00:00.000Z,2923,Pomona Pitzer,So. Cal.,2318,La Verne,So. Cal.,51.0,,,14.0,,,True
401676182,2024,10,2024-11-03T02:00:00.000Z,2923,Pomona Pitzer,So. Cal.,2094,California Lutheran University,So. Cal.,32.0,,,27.0,,,True
401675931,2024,11,2024-11-09T21:00:00.000Z,2923,Pomona Pitzer,So. Cal.,29,Redlands,So. Cal.,21.0,,,10.0,,,False
401734016,2024,12,2024-11-16T22:30:00.000Z,2923,Pomona Pitzer,So. Cal.,411,Chapman,So. Cal.,37.0,,,34.0,,,True
401734572,2024,13,2024-11-23T20:00:00.000Z,2923,Pomona Pitzer,So. Cal.,2721,Whitworth,Northwest,13.0,,,21.0,,,False
401637159,2024,1,2024-08-31T19:00:00.000Z,2502,Portland State,Big Sky,265,Washington State,Pac-12,30.0,,,70.0,1530.0,1530.0,False
401637160,2024,2,2024-09-08T00:00:00.000Z,2502,Portland State,Big Sky,2692,Weber State,Big Sky,16.0,,,43.0,,,False
401637161,2024,3,2024-09-14T20:00:00.000Z,2502,Portland State,Big Sky,233,South Dakota,MVFC,0.0,,,0.0,,,True
401637162,2024,4,2024-09-22T01:45:00.000Z,2502,Portland State,Big Sky,68,Boise State,Mountain West,14.0,,,56.0,1636.0,1636.0,False
401632461,2024,5,2024-09-28T23:00:00.000Z,2502,Portland State,Big Sky,236,Chattanooga,Southern,30.0,,,45.0,,,False
401634055,2024,6,2024-10-05T20:00:00.000Z,2502,Portland State,Big Sky,302,UC Davis,Big Sky,26.0,,,27.0,,,True
401634058,2024,7,2024-10-12T22:00:00.000Z,2502,Portland State,Big Sky,304,Idaho State,Big Sky,42.0,,,38.0,,,False
401634105,2024,8,2024-10-19T20:00:00.000Z,2502,Portland State,Big Sky,147,Montana State,Big Sky,14.0,,,44.0,,,True
401634114,2024,10,2024-11-03T01:00:00.000Z,2502,Portland State,Big Sky,16,Sacramento State,Big Sky,58.0,,,38.0,,,False
401634117,2024,11,2024-11-09T21:00:00.000Z,2502,Portland State,Big Sky,70,Idaho,Big Sky,30.0,,,39.0,,,True
401634124,2024,12,2024-11-16T20:00:00.000Z,2502,Portland State,Big Sky,149,Montana,Big Sky,17.0,,,28.0,,,False
401634131,2024,13,2024-11-23T21:00:00.000Z,2502,Portland State,Big Sky,2458,Northern Colorado,Big Sky,45.0,,,13.0,,,True
401674303,2024,1,2024-08-31T17:00:00.000Z,126086,Post University,Northeast 10,455,West Virginia Wesleyan,Mountain East,41.0,,,24.0,,,True
401675448,2024,3,2024-09-14T18:30:00.000Z,126086,Post University,Northeast 10,437,Lake Erie,Great Midwest Athletic,27.0,,,28.0,,,False
401676730,2024,4,2024-09-21T17:00:00.000Z,126086,Post University,Northeast 10,2487,Pace,Northeast 10,21.0,,,23.0,,,True
401676707,2024,5,2024-09-27T22:00:00.000Z,126086,Post University,Northeast 10,2038,Assumption,Northeast 10,7.0,,,35.0,,,False
401676731,2024,6,2024-10-05T17:00:00.000Z,126086,Post University,Northeast 10,2830,St. Anselm,Northeast 10,28.0,,,56.0,,,False
401676732,2024,7,2024-10-12T16:00:00.000Z,126086,Post University,Northeast 10,2583,Southern Connecticut State,Northeast 10,27.0,,,31.0,,,True
401676718,2024,8,2024-10-19T17:00:00.000Z,126086,Post University,Northeast 10,112334,Franklin Pierce,Northeast 10,20.0,,,55.0,,,False
401676733,2024,9,2024-10-26T17:00:00.000Z,126086,Post University,Northeast 10,2060,Bentley,Northeast 10,28.0,,,61.0,,,True
401676727,2024,10,2024-11-02T17:00:00.000Z,126086,Post University,Northeast 10,2441,New Haven,Northeast 10,7.0,,,51.0,,,False
401676734,2024,11,2024-11-09T18:00:00.000Z,126086,Post University,Northeast 10,2022,American International,Northeast 10,27.0,,,28.0,,,True
401654565,2024,1,2024-08-31T23:00:00.000Z,2504,Prairie View A&M,SWAC,2640,Texas Southern,SWAC,9.0,,,27.0,,,True
401654569,2024,2,2024-09-07T23:00:00.000Z,2504,Prairie View A&M,SWAC,2466,Northwestern State,Southland,37.0,,,31.0,,,False
401628480,2024,3,2024-09-14T19:30:00.000Z,2504,Prairie View A&M,SWAC,127,Michigan State,Big Ten,0.0,,,40.0,1418.0,1418.0,False
401654559,2024,4,2024-09-21T23:00:00.000Z,2504,Prairie View A&M,SWAC,2582,Southern,SWAC,24.0,,,31.0,,,True
401636383,2024,5,2024-09-28T23:00:00.000Z,2504,Prairie View A&M,SWAC,2755,Grambling,SWAC,36.0,,,34.0,,,True
401638361,2024,6,2024-10-05T23:00:00.000Z,2504,Prairie View A&M,SWAC,2916,Incarnate Word,Southland,28.0,,,56.0,,,False
401636357,2024,7,2024-10-12T01:15:00.000Z,2504,Prairie View A&M,SWAC,2029,Arkansas-Pine Bluff,SWAC,17.0,,,21.0,,,False
401654570,2024,9,2024-10-26T19:00:00.000Z,2504,Prairie View A&M,SWAC,2837,East Texas A&M,Southland,34.0,,,27.0,,,True
401654571,2024,10,2024-11-02T19:00:00.000Z,2504,Prairie View A&M,SWAC,2400,Mississippi Valley State,SWAC,17.0,,,16.0,,,False
401636378,2024,11,2024-11-09T20:00:00.000Z,2504,Prairie View A&M,SWAC,50,Florida A&M,SWAC,31.0,,,12.0,,,True
401654572,2024,12,2024-11-16T20:00:00.000Z,2504,Prairie View A&M,SWAC,2016,Alcorn State,SWAC,13.0,,,26.0,,,True
401636352,2024,13,2024-11-23T20:00:00.000Z,2504,Prairie View A&M,SWAC,2011,Alabama State,SWAC,6.0,,,9.0,,,False
401634143,2024,1,2024-08-29T23:00:00.000Z,2506,Presbyterian,Pioneer,2382,Mercer,Southern,10.0,,,63.0,,,False
401655665,2024,2,2024-09-07T23:00:00.000Z,2506,Presbyterian,Pioneer,101784,ERSKINE,Gulf South,31.0,,,14.0,,,False
401655666,2024,3,2024-09-14T17:00:00.000Z,2506,Presbyterian,Pioneer,2355,Virginia University Of Lynchburg,,52.0,,,0.0,,,True
401655631,2024,4,2024-09-21T23:00:00.000Z,2506,Presbyterian,Pioneer,2241,Gardner-Webb,Big South-OVC,21.0,,,42.0,,,True
401638659,2024,5,2024-09-29T21:00:00.000Z,2506,Presbyterian,Pioneer,2166,Davidson,Pioneer,37.0,,,48.0,,,True
401638666,2024,6,2024-10-05T20:00:00.000Z,2506,Presbyterian,Pioneer,301,San Diego,Pioneer,21.0,,,27.0,,,False
401638670,2024,7,2024-10-12T18:00:00.000Z,2506,Presbyterian,Pioneer,2413,Morehead State,Pioneer,7.0,,,14.0,,,False
401638674,2024,8,2024-10-19T17:00:00.000Z,2506,Presbyterian,Pioneer,2181,Drake,Pioneer,16.0,,,19.0,,,True
401638680,2024,9,2024-10-26T17:00:00.000Z,2506,Presbyterian,Pioneer,56,Stetson,Pioneer,42.0,,,14.0,,,False
401638684,2024,10,2024-11-02T17:00:00.000Z,2506,Presbyterian,Pioneer,2168,Dayton,Pioneer,28.0,,,7.0,,,True
401638694,2024,12,2024-11-16T17:00:00.000Z,2506,Presbyterian,Pioneer,2368,Marist,Pioneer,42.0,,,23.0,,,False
401638698,2024,13,2024-11-23T18:00:00.000Z,2506,Presbyterian,Pioneer,2086,Butler,Pioneer,30.0,,,27.0,,,True
401654463,2024,4,2024-09-21T16:00:00.000Z,163,Princeton,Ivy,2329,Lehigh,Patriot,20.0,,,35.0,,,False
401654464,2024,5,2024-09-28T19:00:00.000Z,163,Princeton,Ivy,47,Howard,MEAC,30.0,,,13.0,,,True
401654489,2024,6,2024-10-05T16:00:00.000Z,163,Princeton,Ivy,171,Columbia,Ivy,17.0,,,34.0,,,False
401634147,2024,7,2024-10-12T19:30:00.000Z,163,Princeton,Ivy,2382,Mercer,Southern,7.0,,,34.0,,,False
401654457,2024,8,2024-10-18T23:00:00.000Z,163,Princeton,Ivy,225,Brown,Ivy,29.0,,,17.0,,,True
401644601,2024,9,2024-10-26T19:00:00.000Z,163,Princeton,Ivy,108,Harvard,Ivy,13.0,,,45.0,,,False
401654466,2024,10,2024-11-02T17:00:00.000Z,163,Princeton,Ivy,172,Cornell,Ivy,35.0,,,49.0,,,True
401654467,2024,11,2024-11-08T23:00:00.000Z,163,Princeton,Ivy,159,Dartmouth,Ivy,17.0,,,26.0,,,True
401654468,2024,12,2024-11-16T17:00:00.000Z,163,Princeton,Ivy,43,Yale,Ivy,28.0,,,42.0,,,False
401654469,2024,13,2024-11-23T18:00:00.000Z,163,Princeton,Ivy,219,Pennsylvania,Ivy,20.0,,,17.0,,,True
401682375,2024,2,2024-09-07T20:00:00.000Z,2508,Puget Sound,Northwest,2333,Lewis & Clark College,Northwest,21.0,,,59.0,,,False
401687170,2024,3,2024-09-14T20:00:00.000Z,2508,Puget Sound,Northwest,2588,Southwestern University,Southern Athletic,19.0,,,47.0,,,True
401677682,2024,4,2024-09-22T02:00:00.000Z,2508,Puget Sound,Northwest,2318,La Verne,So. Cal.,49.0,,,41.0,,,False
401677680,2024,6,2024-10-05T20:00:00.000Z,2508,Puget Sound,Northwest,205,Pacific (OR),Northwest,34.0,,,62.0,,,True
401676281,2024,7,2024-10-12T23:00:00.000Z,2508,Puget Sound,Northwest,415,NEWBERG,Northwest,14.0,,,40.0,,,False
401676323,2024,8,2024-10-19T20:00:00.000Z,2508,Puget Sound,Northwest,2721,Whitworth,Northwest,24.0,,,42.0,,,True
401676289,2024,9,2024-10-26T20:00:00.000Z,2508,Puget Sound,Northwest,203,Linfield College,Northwest,13.0,,,62.0,,,False
401676328,2024,10,2024-11-02T20:00:00.000Z,2508,Puget Sound,Northwest,2930,Willamette,Northwest,38.0,,,23.0,,,True
401682377,2024,11,2024-11-09T21:00:00.000Z,2508,Puget Sound,Northwest,2333,Lewis & Clark College,Northwest,28.0,,,55.0,,,True
401676320,2024,12,2024-11-16T21:00:00.000Z,2508,Puget Sound,Northwest,2486,Pacific Lutheran,Northwest,21.0,,,34.0,,,False
401634169,2024,1,2024-08-31T16:00:00.000Z,2509,Purdue,Big Ten,282,Indiana State,MVFC,49.0,1492.0,1492.0,0.0,,,True
401628978,2024,3,2024-09-14T19:30:00.000Z,2509,Purdue,Big Ten,87,Notre Dame,FBS Independents,7.0,1492.0,1358.0,66.0,1858.0,1992.0,True
401643717,2024,4,2024-09-22T00:30:00.000Z,2509,Purdue,Big Ten,204,Oregon State,Pac-12,21.0,1358.0,1343.0,38.0,1604.0,1619.0,False
401628499,2024,5,2024-09-28T16:00:00.000Z,2509,Purdue,Big Ten,158,Nebraska,Big Ten,10.0,1343.0,1322.0,28.0,1570.0,1591.0,True
401628509,2024,6,2024-10-05T16:00:00.000Z,2509,Purdue,Big Ten,275,Wisconsin,Big Ten,6.0,1322.0,1214.0,52.0,1536.0,1644.0,False
401628511,2024,7,2024-10-12T19:30:00.000Z,2509,Purdue,Big Ten,356,Illinois,Big Ten,49.0,1214.0,1224.0,50.0,1551.0,1541.0,False
401628523,2024,8,2024-10-19T00:00:00.000Z,2509,Purdue,Big Ten,2483,Oregon,Big Ten,0.0,1224.0,1212.0,35.0,1975.0,1987.0,True
401628538,2024,10,2024-11-02T16:00:00.000Z,2509,Purdue,Big Ten,77,Northwestern,Big Ten,20.0,1212.0,1220.0,26.0,1487.0,1479.0,True
401628545,2024,11,2024-11-09T17:00:00.000Z,2509,Purdue,Big Ten,194,Ohio State,Big Ten,0.0,1220.0,1192.0,45.0,2065.0,2093.0,False
401628552,2024,12,2024-11-16T20:30:00.000Z,2509,Purdue,Big Ten,213,Penn State,Big Ten,10.0,1192.0,1172.0,49.0,1967.0,1987.0,True
401628558,2024,13,2024-11-23T01:00:00.000Z,2509,Purdue,Big Ten,127,Michigan State,Big Ten,17.0,1172.0,1173.0,24.0,1365.0,1364.0,False
401628564,2024,14,2024-12-01T00:00:00.000Z,2509,Purdue,Big Ten,84,Indiana,Big Ten,0.0,1173.0,1061.0,66.0,1842.0,1954.0,False
401655664,2024,1,2024-08-29T23:30:00.000Z,2825,Quincy,Great Lakes,2181,Drake,Pioneer,0.0,,,0.0,,,False
401674508,2024,2,2024-09-07T18:00:00.000Z,2825,Quincy,Great Lakes,2876,Lincoln (MO),Great Lakes,46.0,,,5.0,,,True
401674528,2024,4,2024-09-21T23:00:00.000Z,2825,Quincy,Great Lakes,2402,Missouri S&T,Great Lakes,21.0,,,14.0,,,False
401674544,2024,5,2024-09-28T18:00:00.000Z,2825,Quincy,Great Lakes,389,Upper Iowa University,Great Lakes,27.0,,,29.0,,,True
401674519,2024,6,2024-10-05T20:00:00.000Z,2825,Quincy,Great Lakes,2816,McKendree,Great Lakes,34.0,,,10.0,,,False
401674502,2024,7,2024-10-12T22:00:00.000Z,2825,Quincy,Great Lakes,2292,Indianapolis,Great Lakes,10.0,,,47.0,,,False
401674541,2024,8,2024-10-19T18:00:00.000Z,2825,Quincy,Great Lakes,2654,Truman State,Great Lakes,21.0,,,28.0,,,True
401674548,2024,10,2024-11-02T18:00:00.000Z,2825,Quincy,Great Lakes,2911,William Jewell,Great Lakes,24.0,,,20.0,,,True
401674536,2024,11,2024-11-09T19:00:00.000Z,2825,Quincy,Great Lakes,2586,Southwest Baptist,Great Lakes,34.0,,,25.0,,,False
401674179,2024,12,2024-11-16T20:00:00.000Z,2825,Quincy,Great Lakes,137,Missouri Western,Mid America,16.0,,,31.0,,,False
401674669,2024,2,2024-09-06T22:00:00.000Z,2516,Randolph-Macon,Old Dominion,2175,Dickinson (PA),Centennial,47.0,,,21.0,,,False
401674826,2024,3,2024-09-14T16:00:00.000Z,2516,Randolph-Macon,Old Dominion,174,Hobart College,Liberty League,14.0,,,7.0,,,True
401676415,2024,4,2024-09-21T16:30:00.000Z,2516,Randolph-Macon,Old Dominion,2757,Berry College,Southern Athletic,24.0,,,28.0,,,True
401676441,2024,6,2024-10-05T17:00:00.000Z,2516,Randolph-Macon,Old Dominion,2828,Shenandoah,Old Dominion,22.0,,,21.0,,,False
401676442,2024,7,2024-10-12T17:00:00.000Z,2516,Randolph-Macon,Old Dominion,2258,Guilford College,Old Dominion,63.0,,,0.0,,,True
401676398,2024,8,2024-10-19T20:00:00.000Z,2516,Randolph-Macon,Old Dominion,2047,Averett,Old Dominion,49.0,,,10.0,,,False
401676406,2024,9,2024-10-26T17:00:00.000Z,2516,Randolph-Macon,Old Dominion,2079,Bridgewater (VA),Old Dominion,49.0,,,16.0,,,True
401676443,2024,10,2024-11-02T19:00:00.000Z,2516,Randolph-Macon,Old Dominion,2688,Washington and Lee,Old Dominion,20.0,,,7.0,,,False
401676414,2024,11,2024-11-09T18:00:00.000Z,2516,Randolph-Macon,Old Dominion,366,Ferrum,Old Dominion,35.0,,,7.0,,,True
401676431,2024,12,2024-11-16T18:00:00.000Z,2516,Randolph-Macon,Old Dominion,297,Hampden-Sydney,Old Dominion,27.0,,,6.0,,,False
401734593,2024,14,2024-11-30T17:00:00.000Z,2516,Randolph-Macon,Old Dominion,2686,Washington & Jefferson,Presidents',38.0,,,22.0,,,True
401735972,2024,15,2024-12-07T17:00:00.000Z,2516,Randolph-Macon,Old Dominion,2532,Salisbury,New Jersey,14.0,,,35.0,,,False
401678581,2024,2,2024-09-06T23:00:00.000Z,111674,Reading,Mid Atlantic,2667,Ursinus,Centennial,14.0,,,45.0,,,False
401673419,2024,3,2024-09-14T17:00:00.000Z,111674,Reading,Mid Atlantic,2808,Delaware Valley,Mid Atlantic,7.0,,,42.0,,,False
401682276,2024,4,2024-09-21T17:00:00.000Z,111674,Reading,Mid Atlantic,247,Kings College (PA),Mid Atlantic,10.0,,,35.0,,,True
401674871,2024,5,2024-09-28T17:00:00.000Z,111674,Reading,Mid Atlantic,471,Stevenson,Mid Atlantic,20.0,,,34.0,,,False
401673432,2024,7,2024-10-12T17:00:00.000Z,111674,Reading,Mid Atlantic,2221,FDU-Florham,Mid Atlantic,26.0,,,37.0,,,True
401676656,2024,8,2024-10-19T17:00:00.000Z,111674,Reading,Mid Atlantic,127954,Eastern University,Mid Atlantic,14.0,,,22.0,,,True
401682277,2024,9,2024-10-26T17:00:00.000Z,111674,Reading,Mid Atlantic,2725,Widener,Mid Atlantic,24.0,,,34.0,,,False
401674868,2024,10,2024-11-02T16:00:00.000Z,111674,Reading,Mid Atlantic,2015,Albright,Mid Atlantic,19.0,,,22.0,,,False
401673443,2024,11,2024-11-09T18:00:00.000Z,111674,Reading,Mid Atlantic,388,Lebanon Valley,Mid Atlantic,10.0,,,23.0,,,True
401677468,2024,12,2024-11-16T18:00:00.000Z,111674,Reading,Mid Atlantic,2969,Misericordia,Mid Atlantic,34.0,,,31.0,,,True
401675924,2024,2,2024-09-08T17:00:00.000Z,29,Redlands,So. Cal.,415,NEWBERG,Northwest,3.0,,,17.0,,,True
401675925,2024,4,2024-09-21T20:00:00.000Z,29,Redlands,So. Cal.,203,Linfield College,Northwest,0.0,,,45.0,,,False
401675926,2024,5,2024-09-29T02:00:00.000Z,29,Redlands,So. Cal.,411,Chapman,So. Cal.,10.0,,,32.0,,,True
401675927,2024,6,2024-10-06T02:00:00.000Z,29,Redlands,So. Cal.,2318,La Verne,So. Cal.,38.0,,,17.0,,,True
401675928,2024,7,2024-10-13T02:00:00.000Z,29,Redlands,So. Cal.,2923,Pomona Pitzer,So. Cal.,7.0,,,10.0,,,False
401676180,2024,8,2024-10-20T02:00:00.000Z,29,Redlands,So. Cal.,2094,California Lutheran University,So. Cal.,17.0,,,15.0,,,False
401675929,2024,9,2024-10-27T02:00:00.000Z,29,Redlands,So. Cal.,17,Claremont-Mudd-Scripps College,So. Cal.,10.0,,,17.0,,,True
401675930,2024,10,2024-11-02T20:00:00.000Z,29,Redlands,So. Cal.,2318,La Verne,So. Cal.,31.0,,,21.0,,,False
401675931,2024,11,2024-11-09T21:00:00.000Z,29,Redlands,So. Cal.,2923,Pomona Pitzer,So. Cal.,10.0,,,21.0,,,True
401734018,2024,12,2024-11-16T21:00:00.000Z,29,Redlands,So. Cal.,17,Claremont-Mudd-Scripps College,So. Cal.,0.0,,,24.0,,,False
401673370,2024,1,2024-08-29T22:00:00.000Z,2890,Reinhardt University,,2105,Carson-Newman College,South Atlantic,7.0,,,50.0,,,False
401674846,2024,2,2024-09-05T21:00:00.000Z,2528,Rensselaer,Liberty League,2740,Wisconsin-Lacrosse,Wisconsin,0.0,,,35.0,,,True
401674821,2024,3,2024-09-13T22:00:00.000Z,2528,Rensselaer,Liberty League,398,Wilkes,Landmark Conference,32.0,,,25.0,,,False
401674848,2024,4,2024-09-20T23:00:00.000Z,2528,Rensselaer,Liberty League,2749,Worcester Polytechnic Institute,NEWMAC,51.0,,,7.0,,,True
401674849,2024,5,2024-09-28T16:00:00.000Z,2528,Rensselaer,Liberty League,452,Endicott College,Commonwealth Coast,20.0,,,28.0,,,False
401674842,2024,6,2024-10-05T16:00:00.000Z,2528,Rensselaer,Liberty League,184,University of Rochester (NY),Liberty League,7.0,,,14.0,,,False
401674850,2024,7,2024-10-12T16:00:00.000Z,2528,Rensselaer,Liberty League,2779,St. Lawrence,Liberty League,34.0,,,10.0,,,True
401674836,2024,8,2024-10-19T17:00:00.000Z,2528,Rensselaer,Liberty League,175,Ithaca College,Liberty League,14.0,,,33.0,,,False
401674832,2024,10,2024-11-02T19:00:00.000Z,2528,Rensselaer,Liberty League,174,Hobart College,Liberty League,21.0,,,27.0,,,True
401674851,2024,11,2024-11-09T18:00:00.000Z,2528,Rensselaer,Liberty League,2085,Buffalo State,Liberty League,48.0,,,7.0,,,False
401674852,2024,12,2024-11-16T17:00:00.000Z,2528,Rensselaer,Liberty League,237,Union (NY),Liberty League,24.0,,,7.0,,,True
401628588,2024,1,2024-08-31T23:00:00.000Z,227,Rhode Island,CAA,107,Holy Cross,Patriot,20.0,,,17.0,,,True
401628466,2024,2,2024-09-07T16:00:00.000Z,227,Rhode Island,CAA,135,Minnesota,Big Ten,0.0,,,48.0,1490.0,1490.0,False
401628608,2024,3,2024-09-14T22:00:00.000Z,227,Rhode Island,CAA,2097,Campbell,CAA,21.0,,,9.0,,,True
401628627,2024,4,2024-09-21T16:00:00.000Z,227,Rhode Island,CAA,2341,Long Island University,NEC,28.0,,,21.0,,,False
401628641,2024,6,2024-10-05T18:00:00.000Z,227,Rhode Island,CAA,2261,Hampton,CAA,46.0,,,44.0,,,False
401628653,2024,7,2024-10-12T17:00:00.000Z,227,Rhode Island,CAA,225,Brown,Ivy,31.0,,,21.0,,,True
401628659,2024,8,2024-10-19T17:00:00.000Z,227,Rhode Island,CAA,160,New Hampshire,CAA,26.0,,,9.0,,,False
401628666,2024,9,2024-10-26T17:00:00.000Z,227,Rhode Island,CAA,311,Maine,CAA,24.0,,,14.0,,,True
401628674,2024,10,2024-11-02T17:00:00.000Z,227,Rhode Island,CAA,2405,Monmouth,CAA,37.0,,,28.0,,,True
401628680,2024,11,2024-11-09T18:00:00.000Z,227,Rhode Island,CAA,48,Delaware,CAA,21.0,,,24.0,,,False
401628689,2024,12,2024-11-16T18:00:00.000Z,227,Rhode Island,CAA,399,UAlbany,CAA,20.0,,,17.0,,,True
401628699,2024,13,2024-11-23T18:00:00.000Z,227,Rhode Island,CAA,2803,Bryant,CAA,35.0,,,21.0,,,False
401729737,2024,14,2024-11-30T17:00:00.000Z,227,Rhode Island,CAA,2115,Central Connecticut,NEC,21.0,,,17.0,,,True
401729756,2024,15,2024-12-07T19:00:00.000Z,227,Rhode Island,CAA,2382,Mercer,Southern,10.0,,,17.0,,,False
401674743,2024,2,2024-09-08T00:00:00.000Z,2519,Rhodes College,Southern Athletic,143,Washington University (St. Louis),CCIW,20.0,,,44.0,,,True
401674627,2024,3,2024-09-14T23:00:00.000Z,2519,Rhodes College,Southern Athletic,2045,Austin,Southern Collegiate Athletic,49.0,,,13.0,,,False
401676300,2024,4,2024-09-21T23:00:00.000Z,2519,Rhodes College,Southern Athletic,2828,Shenandoah,Old Dominion,21.0,,,35.0,,,False
401676301,2024,6,2024-10-05T23:00:00.000Z,2519,Rhodes College,Southern Athletic,418,Hendrix College,Southern Athletic,34.0,,,29.0,,,True
401676302,2024,7,2024-10-12T18:00:00.000Z,2519,Rhodes College,Southern Athletic,2588,Southwestern University,Southern Athletic,22.0,,,45.0,,,False
401676259,2024,8,2024-10-19T17:00:00.000Z,2519,Rhodes College,Southern Athletic,386,Trinity University TX,Southern Athletic,14.0,,,38.0,,,True
401676267,2024,9,2024-10-26T18:00:00.000Z,2519,Rhodes College,Southern Athletic,2553,Sewanee,Southern Athletic,7.0,,,31.0,,,False
401676303,2024,10,2024-11-02T19:00:00.000Z,2519,Rhodes College,Southern Athletic,2398,Millsaps,Southern Athletic,31.0,,,24.0,,,True
401676304,2024,11,2024-11-09T17:00:00.000Z,2519,Rhodes College,Southern Athletic,2121,Centre College Kentucky,Southern Athletic,20.0,,,49.0,,,False
401676305,2024,12,2024-11-16T19:00:00.000Z,2519,Rhodes College,Southern Athletic,2757,Berry College,Southern Athletic,14.0,,,48.0,,,True
401641039,2024,1,2024-08-31T23:00:00.000Z,242,Rice,American Athletic,2534,Sam Houston,Conference USA,14.0,1362.0,1314.0,34.0,1388.0,1436.0,True
401645326,2024,2,2024-09-07T23:00:00.000Z,242,Rice,American Athletic,2640,Texas Southern,SWAC,69.0,1309.0,1309.0,7.0,,,True
401636862,2024,3,2024-09-15T00:00:00.000Z,242,Rice,American Athletic,248,Houston,Big 12,7.0,1314.0,1259.0,33.0,1411.0,1466.0,False
401645328,2024,4,2024-09-21T16:00:00.000Z,242,Rice,American Athletic,349,Army,American Athletic,14.0,1259.0,1225.0,37.0,1465.0,1499.0,False
401645333,2024,5,2024-09-28T23:00:00.000Z,242,Rice,American Athletic,2429,Charlotte,American Athletic,20.0,1225.0,1219.0,21.0,1122.0,1128.0,True
401645344,2024,7,2024-10-12T23:00:00.000Z,242,Rice,American Athletic,2636,UTSA,American Athletic,29.0,1219.0,1222.0,27.0,1374.0,1371.0,True
401645350,2024,8,2024-10-19T19:30:00.000Z,242,Rice,American Athletic,2655,Tulane,American Athletic,10.0,1222.0,1235.0,24.0,1751.0,1738.0,False
401629035,2024,9,2024-10-26T19:30:00.000Z,242,Rice,American Athletic,41,UConn,FBS Independents,10.0,1235.0,1236.0,17.0,1424.0,1423.0,False
401645360,2024,10,2024-11-02T20:00:00.000Z,242,Rice,American Athletic,2426,Navy,American Athletic,24.0,1236.0,1296.0,10.0,1564.0,1504.0,True
401645362,2024,11,2024-11-09T02:00:00.000Z,242,Rice,American Athletic,235,Memphis,American Athletic,20.0,1296.0,1301.0,27.0,1574.0,1569.0,False
401645373,2024,13,2024-11-23T19:00:00.000Z,242,Rice,American Athletic,5,UAB,American Athletic,14.0,1301.0,1215.0,40.0,1145.0,1231.0,False
401645382,2024,14,2024-11-30T19:00:00.000Z,242,Rice,American Athletic,58,South Florida,American Athletic,35.0,1215.0,1239.0,28.0,1457.0,1433.0,True
401628589,2024,1,2024-08-31T22:00:00.000Z,257,Richmond,CAA,258,Virginia,ACC,13.0,,,34.0,1310.0,1310.0,False
401628599,2024,2,2024-09-07T19:30:00.000Z,257,Richmond,CAA,2747,Wofford,Southern,19.0,,,26.0,,,True
401628615,2024,3,2024-09-14T18:00:00.000Z,257,Richmond,CAA,2127,Charleston Southern,Big South-OVC,38.0,,,0.0,,,True
401628628,2024,4,2024-09-21T22:00:00.000Z,257,Richmond,CAA,2169,Delaware State,MEAC,38.0,,,24.0,,,False
401628632,2024,5,2024-09-28T18:00:00.000Z,257,Richmond,CAA,2210,Elon,CAA,27.0,,,17.0,,,False
401628642,2024,6,2024-10-05T18:00:00.000Z,257,Richmond,CAA,2448,North Carolina A&T,CAA,20.0,,,17.0,,,True
401628658,2024,8,2024-10-19T19:30:00.000Z,257,Richmond,CAA,48,Delaware,CAA,28.0,,,9.0,,,True
401628663,2024,9,2024-10-26T16:00:00.000Z,257,Richmond,CAA,2803,Bryant,CAA,41.0,,,14.0,,,False
401628672,2024,10,2024-11-02T18:00:00.000Z,257,Richmond,CAA,119,Towson,CAA,35.0,,,24.0,,,True
401628679,2024,11,2024-11-09T20:30:00.000Z,257,Richmond,CAA,2097,Campbell,CAA,27.0,,,24.0,,,False
401628685,2024,12,2024-11-16T17:00:00.000Z,257,Richmond,CAA,2261,Hampton,CAA,24.0,,,21.0,,,False
401628695,2024,13,2024-11-23T17:00:00.000Z,257,Richmond,CAA,2729,William & Mary,CAA,27.0,,,0.0,,,True
401729730,2024,14,2024-11-30T19:00:00.000Z,257,Richmond,CAA,2329,Lehigh,Patriot,16.0,,,20.0,,,True
401674740,2024,2,2024-09-07T23:00:00.000Z,2891,Ripon,Midwest,75,North Park,CCIW,41.0,,,42.0,,,False
401674999,2024,3,2024-09-14T18:00:00.000Z,2891,Ripon,Midwest,65,Grinnell,Midwest,23.0,,,19.0,,,True
401673447,2024,4,2024-09-21T18:00:00.000Z,2891,Ripon,Midwest,2286,Illinois College,Midwest,14.0,,,44.0,,,False
401675024,2024,6,2024-10-05T19:00:00.000Z,2891,Ripon,Midwest,2155,Cornell College (IA),Midwest,34.0,,,37.0,,,False
401675009,2024,7,2024-10-12T23:00:00.000Z,2891,Ripon,Midwest,255,Knox College,Midwest,24.0,,,17.0,,,True
401675025,2024,8,2024-10-19T18:00:00.000Z,2891,Ripon,Midwest,80,Chicago,Midwest,6.0,,,30.0,,,True
401675016,2024,9,2024-10-26T18:00:00.000Z,2891,Ripon,Midwest,262,Lake Forest College,Midwest,0.0,,,66.0,,,False
401675026,2024,10,2024-11-02T18:00:00.000Z,2891,Ripon,Midwest,2919,Monmouth (IL),Midwest,13.0,,,56.0,,,False
401674997,2024,11,2024-11-09T19:00:00.000Z,2891,Ripon,Midwest,266,Beloit,Midwest,16.0,,,7.0,,,True
401675023,2024,12,2024-11-16T18:00:00.000Z,2891,Ripon,Midwest,268,Lawrence University,Midwest,41.0,,,0.0,,,True
401643703,2024,1,2024-08-31T04:00:00.000Z,2523,Robert Morris,NEC,328,Utah State,Mountain West,14.0,,,36.0,1346.0,1346.0,False
401654605,2024,2,2024-09-07T22:00:00.000Z,2523,Robert Morris,NEC,2205,Edinboro University,Pennsylvania State Athletic,21.0,,,23.0,,,True
401656952,2024,3,2024-09-14T16:00:00.000Z,2523,Robert Morris,NEC,2385,Mercyhurst,NEC,55.0,,,28.0,,,True
401654606,2024,4,2024-09-21T20:00:00.000Z,2523,Robert Morris,NEC,2681,Wagner,NEC,21.0,,,14.0,,,False
401632110,2024,5,2024-09-28T18:00:00.000Z,2523,Robert Morris,NEC,2198,Eastern Kentucky,UAC,7.0,,,31.0,,,False
401654499,2024,7,2024-10-12T19:00:00.000Z,2523,Robert Morris,NEC,2169,Delaware State,MEAC,23.0,,,0.0,,,True
401654597,2024,8,2024-10-19T16:00:00.000Z,2523,Robert Morris,NEC,2341,Long Island University,NEC,45.0,,,31.0,,,True
401654608,2024,9,2024-10-26T18:00:00.000Z,2523,Robert Morris,NEC,2598,St. Francis (PA),NEC,17.0,,,0.0,,,True
401654609,2024,10,2024-11-02T16:00:00.000Z,2523,Robert Morris,NEC,2771,Merrimack,FCS Independents,6.0,,,0.0,,,True
401654593,2024,11,2024-11-09T17:00:00.000Z,2523,Robert Morris,NEC,2184,Duquesne,NEC,6.0,,,31.0,,,False
401654580,2024,12,2024-11-16T17:00:00.000Z,2523,Robert Morris,NEC,2115,Central Connecticut,NEC,33.0,,,35.0,,,False
401654610,2024,13,2024-11-23T17:00:00.000Z,2523,Robert Morris,NEC,284,Stonehill,NEC,31.0,,,13.0,,,True
401674991,2024,2,2024-09-07T18:00:00.000Z,2524,Rockford,NACC,266,Beloit,Midwest,43.0,,,17.0,,,False
401675027,2024,3,2024-09-14T18:00:00.000Z,2524,Rockford,NACC,375,St. Scholastica,Minnesota,31.0,,,24.0,,,False
401675028,2024,4,2024-09-21T18:00:00.000Z,2524,Rockford,NACC,2283,Benedictine University,NACC,7.0,,,34.0,,,False
401675029,2024,5,2024-09-28T18:00:00.000Z,2524,Rockford,NACC,2832,St. Norbert,NACC,3.0,,,40.0,,,True
401675030,2024,7,2024-10-12T18:00:00.000Z,2524,Rockford,NACC,2151,Concordia University Chicago,NACC,74.0,,,45.0,,,False
401675031,2024,8,2024-10-19T18:00:00.000Z,2524,Rockford,NACC,2044,Aurora,NACC,0.0,,,69.0,,,False
401675032,2024,9,2024-10-26T18:00:00.000Z,2524,Rockford,NACC,409,Concordia-Wisconsin,NACC,35.0,,,42.0,,,True
401675033,2024,10,2024-11-02T18:00:00.000Z,2524,Rockford,NACC,101,Eureka College,NACC,59.0,,,6.0,,,True
401675034,2024,11,2024-11-09T18:00:00.000Z,2524,Rockford,NACC,2741,Wisconsin-Lutheran,NACC,48.0,,,49.0,,,True
401675035,2024,12,2024-11-16T19:00:00.000Z,2524,Rockford,NACC,6353,Lakeland,NACC,28.0,,,35.0,,,False
401675937,2024,3,2024-09-14T18:00:00.000Z,127991,Roosevelt,GLIAC,2745,Wisconsin-Whitewater,Wisconsin,14.0,,,24.0,,,True
401673046,2024,4,2024-09-21T18:00:00.000Z,127991,Roosevelt,GLIAC,2674,Valparaiso,Pioneer,23.0,,,31.0,,,False
401694304,2024,5,2024-09-28T16:00:00.000Z,127991,Roosevelt,GLIAC,2098,Campbellsville University,,8.0,,,24.0,,,False
401674552,2024,6,2024-10-05T18:00:00.000Z,127991,Roosevelt,GLIAC,2222,Ferris State,GLIAC,13.0,,,55.0,,,False
401658342,2024,7,2024-10-12T18:00:00.000Z,127991,Roosevelt,GLIAC,129,Saginaw Valley State,GLIAC,14.0,,,27.0,,,True
401674575,2024,8,2024-10-19T17:00:00.000Z,127991,Roosevelt,GLIAC,128,Northern Michigan,GLIAC,16.0,,,10.0,,,False
401676705,2024,9,2024-10-26T18:00:00.000Z,127991,Roosevelt,GLIAC,110254,Davenport,GLIAC,14.0,,,19.0,,,True
401674571,2024,10,2024-11-02T17:00:00.000Z,127991,Roosevelt,GLIAC,2392,Michigan Tech,GLIAC,7.0,,,20.0,,,True
401674581,2024,11,2024-11-09T18:00:00.000Z,127991,Roosevelt,GLIAC,131,Wayne State (MI),GLIAC,14.0,,,38.0,,,False
401674565,2024,12,2024-11-16T19:00:00.000Z,127991,Roosevelt,GLIAC,125,Grand Valley State University,GLIAC,21.0,,,34.0,,,True
401674796,2024,2,2024-09-07T17:00:00.000Z,86,Rose-Hulman,Heartland,83,Depauw,North Coast,14.0,,,57.0,,,False
401674797,2024,3,2024-09-14T23:00:00.000Z,86,Rose-Hulman,Heartland,2651,Trine University,Michigan,33.0,,,39.0,,,True
401674798,2024,4,2024-09-21T17:30:00.000Z,86,Rose-Hulman,Heartland,2812,Hope College,Michigan,7.0,,,49.0,,,True
401674777,2024,6,2024-10-05T18:00:00.000Z,86,Rose-Hulman,Heartland,2233,Franklin,Heartland,24.0,,,16.0,,,True
401674785,2024,7,2024-10-12T18:00:00.000Z,86,Rose-Hulman,Heartland,2262,Hanover College,Heartland,16.0,,,37.0,,,False
401674799,2024,8,2024-10-19T17:30:00.000Z,86,Rose-Hulman,Heartland,190,Defiance College,,29.0,,,25.0,,,True
401674769,2024,9,2024-10-26T16:00:00.000Z,86,Rose-Hulman,Heartland,2074,Bluffton,Heartland,52.0,,,10.0,,,False
401674793,2024,10,2024-11-02T17:30:00.000Z,86,Rose-Hulman,Heartland,2362,Manchester,Heartland,70.0,,,7.0,,,True
401674800,2024,11,2024-11-09T18:30:00.000Z,86,Rose-Hulman,Heartland,2023,Anderson (IN),Heartland,28.0,,,9.0,,,False
401674801,2024,12,2024-11-16T18:30:00.000Z,86,Rose-Hulman,Heartland,2419,Mount St. Joseph,Heartland,21.0,,,38.0,,,False
401674870,2024,2,2024-09-05T23:00:00.000Z,2827,Rowan,New Jersey,471,Stevenson,Mid Atlantic,35.0,,,16.0,,,False
401676673,2024,3,2024-09-14T17:00:00.000Z,2827,Rowan,New Jersey,2700,McDaniel College,Centennial,30.0,,,20.0,,,True
401677676,2024,4,2024-09-21T23:00:00.000Z,2827,Rowan,New Jersey,2667,Ursinus,Centennial,14.0,,,58.0,,,False
401674691,2024,6,2024-10-04T22:00:00.000Z,2827,Rowan,New Jersey,118,Johns Hopkins University,Centennial,13.0,,,20.0,,,False
401676253,2024,7,2024-10-12T17:00:00.000Z,2827,Rowan,New Jersey,2442,College Of New Jersey,New Jersey,36.0,,,22.0,,,True
401676231,2024,8,2024-10-19T17:00:00.000Z,2827,Rowan,New Jersey,3112,Christopher Newport,New Jersey,7.0,,,24.0,,,False
401676247,2024,9,2024-10-26T17:00:00.000Z,2827,Rowan,New Jersey,2532,Salisbury,New Jersey,35.0,,,42.0,,,False
401677677,2024,10,2024-11-02T18:00:00.000Z,2827,Rowan,New Jersey,2818,Montclair State,New Jersey,16.0,,,10.0,,,True
401676242,2024,11,2024-11-09T18:00:00.000Z,2827,Rowan,New Jersey,2871,Kean,New Jersey,42.0,,,14.0,,,True
401676278,2024,12,2024-11-16T18:00:00.000Z,2827,Rowan,New Jersey,2970,William Paterson,New Jersey,45.0,,,0.0,,,False
401628458,2024,1,2024-08-29T22:00:00.000Z,164,Rutgers,Big Ten,47,Howard,MEAC,44.0,1460.0,1460.0,7.0,,,True
401677088,2024,1,2024-12-26T22:30:00.000Z,164,Rutgers,Big Ten,2306,Kansas State,Big 12,41.0,1529.0,1533.0,44.0,1758.0,1754.0,False
401628471,2024,2,2024-09-07T16:00:00.000Z,164,Rutgers,Big Ten,2006,Akron,Mid-American,49.0,1460.0,1511.0,17.0,1161.0,1110.0,True
401628494,2024,4,2024-09-21T19:30:00.000Z,164,Rutgers,Big Ten,259,Virginia Tech,ACC,26.0,1511.0,1523.0,23.0,1626.0,1614.0,False
401628501,2024,5,2024-09-28T00:00:00.000Z,164,Rutgers,Big Ten,264,Washington,Big Ten,21.0,1523.0,1527.0,18.0,1766.0,1762.0,True
401628508,2024,6,2024-10-05T20:00:00.000Z,164,Rutgers,Big Ten,158,Nebraska,Big Ten,7.0,1527.0,1521.0,14.0,1591.0,1597.0,False
401628517,2024,7,2024-10-12T16:00:00.000Z,164,Rutgers,Big Ten,275,Wisconsin,Big Ten,7.0,1521.0,1436.0,42.0,1644.0,1729.0,True
401628524,2024,8,2024-10-19T16:00:00.000Z,164,Rutgers,Big Ten,26,UCLA,Big Ten,32.0,1436.0,1432.0,35.0,1452.0,1456.0,True
401628532,2024,9,2024-10-26T03:00:00.000Z,164,Rutgers,Big Ten,30,USC,Big Ten,20.0,1432.0,1412.0,42.0,1756.0,1776.0,False
401628544,2024,11,2024-11-09T17:00:00.000Z,164,Rutgers,Big Ten,135,Minnesota,Big Ten,26.0,1412.0,1434.0,19.0,1612.0,1590.0,True
401628548,2024,12,2024-11-16T23:00:00.000Z,164,Rutgers,Big Ten,120,Maryland,Big Ten,31.0,1434.0,1472.0,17.0,1491.0,1453.0,False
401628554,2024,13,2024-11-23T17:00:00.000Z,164,Rutgers,Big Ten,356,Illinois,Big Ten,31.0,1472.0,1468.0,38.0,1593.0,1597.0,True
401628567,2024,14,2024-11-30T20:30:00.000Z,164,Rutgers,Big Ten,127,Michigan State,Big Ten,41.0,1468.0,1529.0,14.0,1364.0,1303.0,False
401645317,2024,1,2024-08-30T00:00:00.000Z,2545,SE Louisiana,Southland,2655,Tulane,American Athletic,0.0,,,52.0,1565.0,1565.0,False
401643782,2024,2,2024-09-07T23:00:00.000Z,2545,SE Louisiana,Southland,2572,Southern Miss,Sun Belt,10.0,,,35.0,1217.0,1217.0,False
401655620,2024,3,2024-09-14T23:00:00.000Z,2545,SE Louisiana,Southland,331,Eastern Washington,Big Sky,28.0,,,24.0,,,True
401634215,2024,4,2024-09-21T23:00:00.000Z,2545,SE Louisiana,Southland,2571,South Dakota State,MVFC,0.0,,,41.0,,,True
401654666,2024,5,2024-09-28T23:00:00.000Z,2545,SE Louisiana,Southland,2627,Tarleton State,UAC,33.0,,,36.0,,,False
401634038,2024,6,2024-10-05T23:00:00.000Z,2545,SE Louisiana,Southland,2837,East Texas A&M,Southland,21.0,,,9.0,,,True
401675116,2024,7,2024-10-12T19:00:00.000Z,2545,SE Louisiana,Southland,2277,Houston Christian,Southland,37.0,,,7.0,,,False
401675119,2024,8,2024-10-19T21:00:00.000Z,2545,SE Louisiana,Southland,2617,Stephen F. Austin,Southland,24.0,,,23.0,,,True
401634032,2024,9,2024-10-26T23:00:00.000Z,2545,SE Louisiana,Southland,2916,Incarnate Word,Southland,31.0,,,34.0,,,True
401634025,2024,10,2024-11-02T20:00:00.000Z,2545,SE Louisiana,Southland,2320,Lamar,Southland,30.0,,,27.0,,,False
401634023,2024,11,2024-11-09T18:00:00.000Z,2545,SE Louisiana,Southland,2466,Northwestern State,Southland,41.0,,,0.0,,,True
401634039,2024,13,2024-11-22T00:00:00.000Z,2545,SE Louisiana,Southland,2447,Nicholls,Southland,19.0,,,16.0,,,False
401634303,2024,1,2024-09-01T00:00:00.000Z,2567,SMU,ACC,2277,Houston Christian,Southland,59.0,1684.0,1684.0,7.0,,,True
401643696,2024,1,2024-08-25T00:00:00.000Z,2567,SMU,ACC,2440,Nevada,Mountain West,29.0,1690.0,1669.0,24.0,1222.0,1243.0,False
401677178,2024,1,2024-12-21T17:00:00.000Z,2567,SMU,ACC,213,Penn State,Big Ten,10.0,1886.0,1826.0,38.0,1996.0,2056.0,False
401634765,2024,2,2024-09-06T23:00:00.000Z,2567,SMU,ACC,252,BYU,Big 12,15.0,1669.0,1648.0,18.0,1409.0,1430.0,True
401635557,2024,4,2024-09-21T21:00:00.000Z,2567,SMU,ACC,2628,TCU,Big 12,66.0,1648.0,1700.0,42.0,1580.0,1528.0,True
401635563,2024,5,2024-09-29T00:00:00.000Z,2567,SMU,ACC,52,Florida State,ACC,42.0,1700.0,1755.0,16.0,1599.0,1544.0,True
401635571,2024,6,2024-10-05T16:00:00.000Z,2567,SMU,ACC,97,Louisville,ACC,34.0,1755.0,1765.0,27.0,1717.0,1707.0,False
401635590,2024,8,2024-10-20T00:00:00.000Z,2567,SMU,ACC,24,Stanford,ACC,40.0,1765.0,1786.0,10.0,1229.0,1208.0,False
401635595,2024,9,2024-10-27T00:00:00.000Z,2567,SMU,ACC,150,Duke,ACC,28.0,1786.0,1779.0,27.0,1604.0,1611.0,False
401635627,2024,10,2024-11-03T00:00:00.000Z,2567,SMU,ACC,221,Pittsburgh,ACC,48.0,1779.0,1814.0,25.0,1576.0,1541.0,True
401635580,2024,12,2024-11-16T20:30:00.000Z,2567,SMU,ACC,103,Boston College,ACC,38.0,1814.0,1806.0,28.0,1433.0,1441.0,True
401635619,2024,13,2024-11-23T17:00:00.000Z,2567,SMU,ACC,258,Virginia,ACC,33.0,1806.0,1830.0,7.0,1399.0,1375.0,False
401635621,2024,14,2024-11-30T20:30:00.000Z,2567,SMU,ACC,25,California,ACC,38.0,1830.0,1890.0,6.0,1606.0,1546.0,True
401673463,2024,15,2024-12-08T01:00:00.000Z,2567,SMU,ACC,228,Clemson,ACC,31.0,1890.0,1886.0,34.0,1811.0,1815.0,True
401674895,2024,2,2024-09-06T23:00:00.000Z,2951,SUNY Maritime,NEWMAC,110,Mass Maritime,MSCAC,22.0,,,14.0,,,True
401674859,2024,3,2024-09-14T20:00:00.000Z,2951,SUNY Maritime,NEWMAC,237,Union (NY),Liberty League,15.0,,,18.0,,,False
401677454,2024,4,2024-09-21T17:00:00.000Z,2951,SUNY Maritime,NEWMAC,15,Anna Maria College,ECFC,32.0,,,27.0,,,True
401676191,2024,5,2024-09-28T16:00:00.000Z,2951,SUNY Maritime,NEWMAC,2383,Merchant Marine Academy,NEWMAC,20.0,,,23.0,,,True
401676219,2024,6,2024-10-05T17:00:00.000Z,2951,SUNY Maritime,NEWMAC,2467,Norwich,NEWMAC,37.0,,,14.0,,,False
401682328,2024,8,2024-10-19T18:00:00.000Z,2951,SUNY Maritime,NEWMAC,2749,Worcester Polytechnic Institute,NEWMAC,42.0,,,35.0,,,True
401677496,2024,9,2024-10-26T16:00:00.000Z,2951,SUNY Maritime,NEWMAC,109,MIT,NEWMAC,20.0,,,14.0,,,False
401677499,2024,10,2024-11-02T17:00:00.000Z,2951,SUNY Maritime,NEWMAC,2776,Salve Regina,NEWMAC,25.0,,,22.0,,,True
401682329,2024,11,2024-11-09T17:00:00.000Z,2951,SUNY Maritime,NEWMAC,2557,Coast Guard,NEWMAC,55.0,,,37.0,,,False
401676229,2024,12,2024-11-16T17:00:00.000Z,2951,SUNY Maritime,NEWMAC,81,Springfield,NEWMAC,20.0,,,55.0,,,True
401676236,2024,2,2024-09-07T17:00:00.000Z,3110,SUNY Morrisville,Empire 8,2871,Kean,New Jersey,7.0,,,0.0,,,True
401676659,2024,4,2024-09-21T17:00:00.000Z,3110,SUNY Morrisville,Empire 8,2108,Catholic,Landmark Conference,27.0,,,28.0,,,False
401673411,2024,5,2024-09-28T16:00:00.000Z,3110,SUNY Morrisville,Empire 8,323,Moravian,Landmark Conference,6.0,,,14.0,,,True
401676922,2024,6,2024-10-05T17:00:00.000Z,3110,SUNY Morrisville,Empire 8,2782,Cortland,Empire 8,0.0,,,41.0,,,False
401676921,2024,7,2024-10-12T16:00:00.000Z,3110,SUNY Morrisville,Empire 8,365,Alfred University,Empire 8,24.0,,,14.0,,,True
401676666,2024,8,2024-10-19T16:00:00.000Z,3110,SUNY Morrisville,Empire 8,390,Utica,Empire 8,28.0,,,26.0,,,True
401677397,2024,9,2024-10-26T18:00:00.000Z,3110,SUNY Morrisville,Empire 8,2781,Brockport,Empire 8,0.0,,,24.0,,,False
401677406,2024,10,2024-11-02T17:00:00.000Z,3110,SUNY Morrisville,Empire 8,125974,Hilbert College,Empire 8,38.0,,,8.0,,,True
401687162,2024,11,2024-11-09T17:00:00.000Z,3110,SUNY Morrisville,Empire 8,374,St John Fisher University,Empire 8,14.0,,,11.0,,,False
401687157,2024,12,2024-11-16T17:00:00.000Z,3110,SUNY Morrisville,Empire 8,173,Hartwick,Empire 8,31.0,,,14.0,,,True
401643698,2024,1,2024-08-30T02:00:00.000Z,16,Sacramento State,Big Sky,23,San José State,Mountain West,24.0,,,42.0,1544.0,1544.0,False
401643707,2024,2,2024-09-08T02:00:00.000Z,16,Sacramento State,Big Sky,278,Fresno State,Mountain West,30.0,,,46.0,1535.0,1535.0,False
401655618,2024,3,2024-09-15T01:00:00.000Z,16,Sacramento State,Big Sky,2447,Nicholls,Southland,34.0,,,7.0,,,True
401654851,2024,4,2024-09-21T23:00:00.000Z,16,Sacramento State,Big Sky,2837,East Texas A&M,Southland,34.0,,,0.0,,,False
401634050,2024,5,2024-09-28T20:00:00.000Z,16,Sacramento State,Big Sky,2464,Northern Arizona,Big Sky,16.0,,,34.0,,,False
401634057,2024,7,2024-10-13T01:00:00.000Z,16,Sacramento State,Big Sky,331,Eastern Washington,Big Sky,28.0,,,35.0,,,True
401634106,2024,8,2024-10-20T01:00:00.000Z,16,Sacramento State,Big Sky,2692,Weber State,Big Sky,51.0,,,48.0,,,True
401634108,2024,9,2024-10-26T22:00:00.000Z,16,Sacramento State,Big Sky,304,Idaho State,Big Sky,27.0,,,30.0,,,False
401634114,2024,10,2024-11-03T01:00:00.000Z,16,Sacramento State,Big Sky,2502,Portland State,Big Sky,38.0,,,58.0,,,True
401634120,2024,11,2024-11-09T20:00:00.000Z,16,Sacramento State,Big Sky,147,Montana State,Big Sky,7.0,,,49.0,,,False
401634121,2024,12,2024-11-16T22:00:00.000Z,16,Sacramento State,Big Sky,13,Cal Poly,Big Sky,23.0,,,26.0,,,False
401634132,2024,13,2024-11-23T22:00:00.000Z,16,Sacramento State,Big Sky,302,UC Davis,Big Sky,39.0,,,42.0,,,True
401654497,2024,1,2024-08-31T22:00:00.000Z,2529,Sacred Heart,FCS Independents,2169,Delaware State,MEAC,15.0,,,17.0,,,True
401654632,2024,2,2024-09-07T17:00:00.000Z,2529,Sacred Heart,FCS Independents,2830,St. Anselm,Northeast 10,10.0,,,3.0,,,True
401654633,2024,3,2024-09-14T17:00:00.000Z,2529,Sacred Heart,FCS Independents,46,Georgetown,Patriot,40.0,,,14.0,,,True
401654634,2024,4,2024-09-21T17:00:00.000Z,2529,Sacred Heart,FCS Independents,284,Stonehill,NEC,21.0,,,35.0,,,False
401628635,2024,5,2024-09-28T19:30:00.000Z,2529,Sacred Heart,FCS Independents,48,Delaware,CAA,0.0,,,49.0,,,False
401654551,2024,6,2024-10-05T17:00:00.000Z,2529,Sacred Heart,FCS Independents,2450,Norfolk State,MEAC,10.0,,,3.0,,,True
401673031,2024,7,2024-10-12T17:00:00.000Z,2529,Sacred Heart,FCS Independents,47,Howard,MEAC,14.0,,,21.0,,,False
401654627,2024,8,2024-10-19T16:30:00.000Z,2529,Sacred Heart,FCS Independents,322,Lafayette,Patriot,17.0,,,31.0,,,False
401656951,2024,9,2024-10-26T16:00:00.000Z,2529,Sacred Heart,FCS Independents,2385,Mercyhurst,NEC,31.0,,,14.0,,,True
401654598,2024,11,2024-11-09T17:00:00.000Z,2529,Sacred Heart,FCS Independents,2341,Long Island University,NEC,7.0,,,28.0,,,True
401654614,2024,12,2024-11-16T17:00:00.000Z,2529,Sacred Heart,FCS Independents,2771,Merrimack,FCS Independents,31.0,,,20.0,,,False
401658337,2024,2,2024-09-06T00:00:00.000Z,129,Saginaw Valley State,GLIAC,2851,Winona State,Northern Sun,38.0,,,14.0,,,False
401658338,2024,3,2024-09-14T17:00:00.000Z,129,Saginaw Valley State,GLIAC,2886,Northwood (MI),Great Midwest Athletic,7.0,,,10.0,,,False
401658339,2024,4,2024-09-21T18:00:00.000Z,129,Saginaw Valley State,GLIAC,2654,Truman State,Great Lakes,37.0,,,14.0,,,True
401658340,2024,5,2024-09-28T22:00:00.000Z,129,Saginaw Valley State,GLIAC,2292,Indianapolis,Great Lakes,28.0,,,24.0,,,False
401658341,2024,6,2024-10-05T17:00:00.000Z,129,Saginaw Valley State,GLIAC,128,Northern Michigan,GLIAC,63.0,,,14.0,,,False
401658342,2024,7,2024-10-12T18:00:00.000Z,129,Saginaw Valley State,GLIAC,127991,Roosevelt,GLIAC,27.0,,,14.0,,,False
401658343,2024,8,2024-10-19T19:00:00.000Z,129,Saginaw Valley State,GLIAC,125,Grand Valley State University,GLIAC,9.0,,,16.0,,,True
401658344,2024,9,2024-10-26T17:00:00.000Z,129,Saginaw Valley State,GLIAC,131,Wayne State (MI),GLIAC,37.0,,,10.0,,,False
401658345,2024,10,2024-11-02T17:00:00.000Z,129,Saginaw Valley State,GLIAC,110254,Davenport,GLIAC,24.0,,,14.0,,,True
401658346,2024,11,2024-11-09T18:00:00.000Z,129,Saginaw Valley State,GLIAC,2222,Ferris State,GLIAC,24.0,,,27.0,,,False
401658347,2024,12,2024-11-16T18:00:00.000Z,129,Saginaw Valley State,GLIAC,2392,Michigan Tech,GLIAC,28.0,,,32.0,,,True
401673965,2024,2,2024-09-07T18:00:00.000Z,2600,Saint John's (MN),Minnesota,2106,Carthage,CCIW,49.0,,,0.0,,,True
401674623,2024,3,2024-09-14T18:00:00.000Z,2600,Saint John's (MN),Minnesota,2685,Wartburg,American Rivers,35.0,,,13.0,,,True
401674951,2024,5,2024-09-28T18:00:00.000Z,2600,Saint John's (MN),Minnesota,2802,Bethel (MN),Minnesota,45.0,,,20.0,,,False
401674943,2024,6,2024-10-05T18:00:00.000Z,2600,Saint John's (MN),Minnesota,124,Augsburg,Minnesota,45.0,,,20.0,,,True
401674967,2024,7,2024-10-12T18:00:00.000Z,2600,Saint John's (MN),Minnesota,2152,Concordia Moorhead,Minnesota,38.0,,,31.0,,,False
401674961,2024,8,2024-10-19T18:00:00.000Z,2600,Saint John's (MN),Minnesota,2101,Carleton,Minnesota,48.0,,,7.0,,,False
401674975,2024,9,2024-10-26T18:00:00.000Z,2600,Saint John's (MN),Minnesota,2968,Gustavus Adolphus,Minnesota,34.0,,,0.0,,,True
401674986,2024,10,2024-11-02T18:00:00.000Z,2600,Saint John's (MN),Minnesota,375,St. Scholastica,Minnesota,70.0,,,0.0,,,False
401674987,2024,11,2024-11-09T19:00:00.000Z,2600,Saint John's (MN),Minnesota,133,St. Olaf,Minnesota,55.0,,,6.0,,,True
401734012,2024,12,2024-11-16T18:00:00.000Z,2600,Saint John's (MN),Minnesota,2802,Bethel (MN),Minnesota,41.0,,,33.0,,,True
401734988,2024,14,2024-11-30T18:00:00.000Z,2600,Saint John's (MN),Minnesota,2740,Wisconsin-Lacrosse,Wisconsin,24.0,,,13.0,,,True
401735969,2024,15,2024-12-07T18:00:00.000Z,2600,Saint John's (MN),Minnesota,216,Susquehanna,Landmark Conference,38.0,,,41.0,,,True
401676651,2024,2,2024-09-07T17:00:00.000Z,2614,Saint Vincent,Presidents',2686,Washington & Jefferson,Presidents',6.0,,,59.0,,,False
401676619,2024,3,2024-09-14T17:00:00.000Z,2614,Saint Vincent,Presidents',2018,Allegheny,Presidents',41.0,,,20.0,,,False
401676648,2024,4,2024-09-21T17:00:00.000Z,2614,Saint Vincent,Presidents',146,Grove City College,Presidents',7.0,,,56.0,,,True
401676434,2024,5,2024-09-28T17:00:00.000Z,2614,Saint Vincent,Presidents',2845,Waynesburg,Presidents',7.0,,,21.0,,,True
401676646,2024,6,2024-10-05T17:00:00.000Z,2614,Saint Vincent,Presidents',2242,Geneva,Presidents',13.0,,,16.0,,,True
401676640,2024,7,2024-10-12T23:00:00.000Z,2614,Saint Vincent,Presidents',2963,Case Western Reserve,Presidents',0.0,,,49.0,,,False
401676423,2024,8,2024-10-19T17:00:00.000Z,2614,Saint Vincent,Presidents',2849,Westminster (PA),Presidents',0.0,,,56.0,,,False
401676637,2024,9,2024-10-26T17:00:00.000Z,2614,Saint Vincent,Presidents',2102,Carnegie Mellon,Presidents',7.0,,,69.0,,,True
401676652,2024,10,2024-11-02T17:00:00.000Z,2614,Saint Vincent,Presidents',2644,Thiel,Presidents',10.0,,,20.0,,,False
401676631,2024,11,2024-11-09T18:00:00.000Z,2614,Saint Vincent,Presidents',2062,Bethany (WV),Presidents',13.0,,,21.0,,,True
401676244,2024,2,2024-09-07T17:00:00.000Z,2532,Salisbury,New Jersey,2688,Washington and Lee,Old Dominion,48.0,,,26.0,,,True
401674697,2024,3,2024-09-14T20:00:00.000Z,2532,Salisbury,New Jersey,2422,Muhlenberg,Centennial,59.0,,,38.0,,,True
401674690,2024,4,2024-09-21T18:00:00.000Z,2532,Salisbury,New Jersey,118,Johns Hopkins University,Centennial,41.0,,,13.0,,,False
401676230,2024,6,2024-10-05T22:00:00.000Z,2532,Salisbury,New Jersey,3112,Christopher Newport,New Jersey,42.0,,,38.0,,,True
401676245,2024,7,2024-10-12T17:00:00.000Z,2532,Salisbury,New Jersey,2970,William Paterson,New Jersey,63.0,,,0.0,,,False
401676246,2024,8,2024-10-19T17:00:00.000Z,2532,Salisbury,New Jersey,2818,Montclair State,New Jersey,44.0,,,8.0,,,True
401676247,2024,9,2024-10-26T17:00:00.000Z,2532,Salisbury,New Jersey,2827,Rowan,New Jersey,42.0,,,35.0,,,True
401676248,2024,10,2024-11-02T18:00:00.000Z,2532,Salisbury,New Jersey,2442,College Of New Jersey,New Jersey,52.0,,,35.0,,,False
401676249,2024,11,2024-11-09T18:00:00.000Z,2532,Salisbury,New Jersey,2700,McDaniel College,Centennial,69.0,,,13.0,,,True
401676243,2024,12,2024-11-16T18:00:00.000Z,2532,Salisbury,New Jersey,2871,Kean,New Jersey,58.0,,,28.0,,,False
401734923,2024,14,2024-11-30T17:00:00.000Z,2532,Salisbury,New Jersey,247,Kings College (PA),Mid Atlantic,33.0,,,13.0,,,True
401735972,2024,15,2024-12-07T17:00:00.000Z,2532,Salisbury,New Jersey,2516,Randolph-Macon,Old Dominion,35.0,,,14.0,,,True
401737147,2024,16,2024-12-14T17:00:00.000Z,2532,Salisbury,New Jersey,426,University of Mount Union,Ohio,17.0,,,38.0,,,True
401674703,2024,2,2024-09-06T22:30:00.000Z,2776,Salve Regina,NEWMAC,40,Curry College,Commonwealth Coast,28.0,,,10.0,,,True
401676761,2024,3,2024-09-14T17:00:00.000Z,2776,Salve Regina,NEWMAC,2702,Western New England,Commonwealth Coast,27.0,,,45.0,,,False
401674841,2024,4,2024-09-21T16:00:00.000Z,2776,Salve Regina,NEWMAC,184,University of Rochester (NY),Liberty League,6.0,,,28.0,,,False
401677473,2024,5,2024-09-28T16:00:00.000Z,2776,Salve Regina,NEWMAC,109,MIT,NEWMAC,19.0,,,6.0,,,True
401676192,2024,6,2024-10-05T16:00:00.000Z,2776,Salve Regina,NEWMAC,2383,Merchant Marine Academy,NEWMAC,31.0,,,28.0,,,False
401677498,2024,8,2024-10-19T17:30:00.000Z,2776,Salve Regina,NEWMAC,2557,Coast Guard,NEWMAC,34.0,,,28.0,,,False
401676228,2024,9,2024-10-26T16:00:00.000Z,2776,Salve Regina,NEWMAC,81,Springfield,NEWMAC,7.0,,,31.0,,,True
401677499,2024,10,2024-11-02T17:00:00.000Z,2776,Salve Regina,NEWMAC,2951,SUNY Maritime,NEWMAC,22.0,,,25.0,,,False
401677500,2024,11,2024-11-09T17:00:00.000Z,2776,Salve Regina,NEWMAC,2749,Worcester Polytechnic Institute,NEWMAC,21.0,,,14.0,,,True
401676223,2024,12,2024-11-16T17:00:00.000Z,2776,Salve Regina,NEWMAC,2467,Norwich,NEWMAC,31.0,,,30.0,,,True
401677082,2024,1,2024-12-20T00:00:00.000Z,2534,Sam Houston,Conference USA,290,Georgia Southern,Sun Belt,31.0,1415.0,1428.0,26.0,1449.0,1436.0,True
401641039,2024,1,2024-08-31T23:00:00.000Z,2534,Sam Houston,Conference USA,242,Rice,American Athletic,34.0,1388.0,1436.0,14.0,1362.0,1314.0,False
401636617,2024,2,2024-09-07T22:30:00.000Z,2534,Sam Houston,Conference USA,2116,UCF,Big 12,14.0,1436.0,1370.0,45.0,1578.0,1644.0,False
401641040,2024,3,2024-09-14T23:00:00.000Z,2534,Sam Houston,Conference USA,62,Hawai'i,Mountain West,31.0,1370.0,1398.0,13.0,1242.0,1214.0,True
401641034,2024,4,2024-09-21T23:00:00.000Z,2534,Sam Houston,Conference USA,166,New Mexico State,Conference USA,31.0,1398.0,1435.0,11.0,1302.0,1265.0,True
401641041,2024,5,2024-09-28T19:00:00.000Z,2534,Sam Houston,Conference USA,326,Texas State,Sun Belt,40.0,1435.0,1439.0,39.0,1538.0,1534.0,True
401641029,2024,6,2024-10-04T01:00:00.000Z,2534,Sam Houston,Conference USA,2638,UTEP,Conference USA,41.0,1439.0,1464.0,21.0,1206.0,1181.0,False
401641038,2024,8,2024-10-16T23:00:00.000Z,2534,Sam Houston,Conference USA,98,Western Kentucky,Conference USA,14.0,1464.0,1422.0,31.0,1454.0,1496.0,True
401640984,2024,9,2024-10-22T23:30:00.000Z,2534,Sam Houston,Conference USA,2229,Florida International,Conference USA,10.0,1422.0,1415.0,7.0,1241.0,1248.0,False
401641012,2024,10,2024-10-30T00:00:00.000Z,2534,Sam Houston,Conference USA,2348,Louisiana Tech,Conference USA,9.0,1415.0,1416.0,3.0,1284.0,1283.0,True
401641022,2024,12,2024-11-16T20:00:00.000Z,2534,Sam Houston,Conference USA,338,Kennesaw State,Conference USA,23.0,1416.0,1413.0,17.0,1227.0,1230.0,False
401641005,2024,13,2024-11-23T17:00:00.000Z,2534,Sam Houston,Conference USA,55,Jacksonville State,Conference USA,11.0,1413.0,1412.0,21.0,1640.0,1641.0,False
401640997,2024,14,2024-11-29T20:30:00.000Z,2534,Sam Houston,Conference USA,2335,Liberty,Conference USA,20.0,1412.0,1415.0,18.0,1576.0,1573.0,True
401632063,2024,1,2024-08-31T22:00:00.000Z,2535,Samford,Southern,2698,West Georgia,UAC,29.0,,,38.0,,,False
401628338,2024,2,2024-09-07T23:00:00.000Z,2535,Samford,Southern,57,Florida,SEC,7.0,,,45.0,1493.0,1493.0,False
401636345,2024,3,2024-09-14T23:00:00.000Z,2535,Samford,Southern,2011,Alabama State,SWAC,12.0,,,7.0,,,True
401638341,2024,5,2024-09-28T18:00:00.000Z,2535,Samford,Southern,231,Furman,Southern,0.0,,,0.0,,,False
401638342,2024,6,2024-10-05T19:00:00.000Z,2535,Samford,Southern,2678,VMI,Southern,27.0,,,3.0,,,True
401634137,2024,7,2024-10-12T19:30:00.000Z,2535,Samford,Southern,2193,East Tennessee State,Southern,28.0,,,31.0,,,False
401634148,2024,8,2024-10-19T19:00:00.000Z,2535,Samford,Southern,2382,Mercer,Southern,55.0,,,35.0,,,True
401638347,2024,9,2024-10-26T18:00:00.000Z,2535,Samford,Southern,2643,The Citadel,Southern,11.0,,,28.0,,,False
401634155,2024,10,2024-11-02T19:00:00.000Z,2535,Samford,Southern,2747,Wofford,Southern,13.0,,,17.0,,,True
401655656,2024,11,2024-11-09T20:00:00.000Z,2535,Samford,Southern,2635,Tennessee Tech,Big South-OVC,7.0,,,27.0,,,True
401632468,2024,12,2024-11-16T18:30:00.000Z,2535,Samford,Southern,236,Chattanooga,Southern,36.0,,,13.0,,,False
401638350,2024,13,2024-11-23T20:00:00.000Z,2535,Samford,Southern,2717,Western Carolina,Southern,42.0,,,47.0,,,True
401655621,2024,1,2024-09-01T00:00:00.000Z,301,San Diego,Pioneer,13,Cal Poly,Big Sky,27.0,,,21.0,,,True
401673043,2024,2,2024-09-07T20:00:00.000Z,301,San Diego,Pioneer,2120,Central Washington,Lone Star,26.0,,,7.0,,,True
401634200,2024,4,2024-09-21T18:00:00.000Z,301,San Diego,Pioneer,155,North Dakota,MVFC,24.0,,,41.0,,,False
401638661,2024,5,2024-09-28T17:00:00.000Z,301,San Diego,Pioneer,2181,Drake,Pioneer,28.0,,,30.0,,,False
401638666,2024,6,2024-10-05T20:00:00.000Z,301,San Diego,Pioneer,2506,Presbyterian,Pioneer,27.0,,,21.0,,,True
401638675,2024,8,2024-10-19T21:00:00.000Z,301,San Diego,Pioneer,2368,Marist,Pioneer,34.0,,,6.0,,,True
401638681,2024,9,2024-10-26T17:00:00.000Z,301,San Diego,Pioneer,2900,St. Thomas (MN),Pioneer,14.0,,,34.0,,,False
401638683,2024,10,2024-11-02T20:00:00.000Z,301,San Diego,Pioneer,2166,Davidson,Pioneer,40.0,,,13.0,,,True
401638692,2024,11,2024-11-09T17:00:00.000Z,301,San Diego,Pioneer,2168,Dayton,Pioneer,16.0,,,10.0,,,False
401638695,2024,12,2024-11-16T21:00:00.000Z,301,San Diego,Pioneer,56,Stetson,Pioneer,45.0,,,6.0,,,True
401638702,2024,13,2024-11-23T18:00:00.000Z,301,San Diego,Pioneer,2413,Morehead State,Pioneer,37.0,,,14.0,,,False
401643702,2024,1,2024-09-01T00:00:00.000Z,21,San Diego State,Mountain West,2837,East Texas A&M,Southland,45.0,1416.0,1416.0,14.0,,,True
401643709,2024,2,2024-09-08T02:30:00.000Z,21,San Diego State,Mountain West,204,Oregon State,Pac-12,0.0,1416.0,1388.0,21.0,1648.0,1676.0,True
401635541,2024,3,2024-09-15T02:30:00.000Z,21,San Diego State,Mountain West,25,California,ACC,10.0,1388.0,1350.0,31.0,1502.0,1540.0,False
401643721,2024,5,2024-09-28T19:30:00.000Z,21,San Diego State,Mountain West,2117,Central Michigan,Mid-American,21.0,1350.0,1344.0,22.0,1174.0,1180.0,False
401643725,2024,6,2024-10-06T00:00:00.000Z,21,San Diego State,Mountain West,62,Hawai'i,Mountain West,27.0,1344.0,1343.0,24.0,1214.0,1215.0,True
401643732,2024,7,2024-10-12T19:30:00.000Z,21,San Diego State,Mountain West,2751,Wyoming,Mountain West,27.0,1343.0,1344.0,24.0,1286.0,1285.0,False
401643744,2024,9,2024-10-27T02:30:00.000Z,21,San Diego State,Mountain West,265,Washington State,Pac-12,26.0,1344.0,1355.0,29.0,1608.0,1597.0,True
401643747,2024,10,2024-11-02T00:00:00.000Z,21,San Diego State,Mountain West,68,Boise State,Mountain West,24.0,1355.0,1311.0,56.0,1717.0,1761.0,False
401643754,2024,11,2024-11-09T03:30:00.000Z,21,San Diego State,Mountain West,167,New Mexico,Mountain West,16.0,1311.0,1298.0,21.0,1250.0,1263.0,True
401643762,2024,12,2024-11-17T03:30:00.000Z,21,San Diego State,Mountain West,2439,UNLV,Mountain West,20.0,1298.0,1283.0,41.0,1650.0,1665.0,False
401643766,2024,13,2024-11-23T20:30:00.000Z,21,San Diego State,Mountain West,328,Utah State,Mountain West,20.0,1283.0,1237.0,41.0,1321.0,1367.0,False
401643768,2024,14,2024-12-01T03:30:00.000Z,21,San Diego State,Mountain West,2005,Air Force,Mountain West,20.0,1237.0,1228.0,31.0,1398.0,1407.0,True
401643698,2024,1,2024-08-30T02:00:00.000Z,23,San José State,Mountain West,16,Sacramento State,Big Sky,42.0,1544.0,1544.0,24.0,,,True
401677087,2024,1,2024-12-25T01:00:00.000Z,23,San José State,Mountain West,58,South Florida,American Athletic,39.0,1478.0,1477.0,41.0,1433.0,1434.0,True
401643705,2024,2,2024-09-07T23:00:00.000Z,23,San José State,Mountain West,2005,Air Force,Mountain West,17.0,1544.0,1567.0,7.0,1572.0,1549.0,False
401641017,2024,3,2024-09-14T23:00:00.000Z,23,San José State,Mountain West,338,Kennesaw State,Conference USA,31.0,1567.0,1602.0,10.0,1423.0,1388.0,True
401643714,2024,4,2024-09-21T02:00:00.000Z,23,San José State,Mountain West,265,Washington State,Pac-12,52.0,1602.0,1601.0,54.0,1595.0,1596.0,False
401643726,2024,6,2024-10-05T23:30:00.000Z,23,San José State,Mountain West,2440,Nevada,Mountain West,35.0,1601.0,1594.0,31.0,1228.0,1235.0,True
401643729,2024,7,2024-10-12T19:30:00.000Z,23,San José State,Mountain West,36,Colorado State,Mountain West,24.0,1594.0,1563.0,31.0,1246.0,1277.0,False
401643738,2024,8,2024-10-19T20:00:00.000Z,23,San José State,Mountain West,2751,Wyoming,Mountain West,24.0,1563.0,1561.0,14.0,1285.0,1287.0,True
401643742,2024,9,2024-10-27T00:00:00.000Z,23,San José State,Mountain West,278,Fresno State,Mountain West,10.0,1561.0,1497.0,33.0,1495.0,1559.0,False
401643755,2024,11,2024-11-09T20:30:00.000Z,23,San José State,Mountain West,204,Oregon State,Pac-12,24.0,1497.0,1518.0,13.0,1467.0,1446.0,False
401643758,2024,12,2024-11-17T00:00:00.000Z,23,San José State,Mountain West,68,Boise State,Mountain West,21.0,1518.0,1489.0,42.0,1741.0,1770.0,True
401643767,2024,13,2024-11-23T03:00:00.000Z,23,San José State,Mountain West,2439,UNLV,Mountain West,16.0,1489.0,1481.0,27.0,1665.0,1673.0,True
401635625,2024,14,2024-11-29T21:00:00.000Z,23,San José State,Mountain West,24,Stanford,ACC,34.0,1481.0,1478.0,31.0,1172.0,1175.0,True
401654558,2024,2,2024-09-07T23:00:00.000Z,2542,Savannah St,SIAC,2582,Southern,SWAC,10.0,,,42.0,,,False
401675614,2024,3,2024-09-14T22:00:00.000Z,2542,Savannah St,SIAC,2119,Central State (OH),SIAC,3.0,,,10.0,,,True
401675615,2024,4,2024-09-21T18:00:00.000Z,2542,Savannah St,SIAC,2657,Tuskegee,SIAC,20.0,,,16.0,,,False
401675601,2024,5,2024-09-29T17:00:00.000Z,2542,Savannah St,SIAC,2232,Fort Valley State,SIAC,0.0,,,30.0,,,True
401675589,2024,6,2024-10-05T18:00:00.000Z,2542,Savannah St,SIAC,2805,Clark Atlanta,SIAC,35.0,,,28.0,,,False
401675616,2024,7,2024-10-12T22:00:00.000Z,2542,Savannah St,SIAC,124179,Lincoln (CA),Independent DII,30.0,,,18.0,,,True
401675598,2024,8,2024-10-19T22:00:00.000Z,2542,Savannah St,SIAC,2206,Edward Waters,SIAC,27.0,,,20.0,,,False
401675610,2024,9,2024-10-26T19:00:00.000Z,2542,Savannah St,SIAC,2323,Lane College,SIAC,27.0,,,28.0,,,True
401675568,2024,10,2024-11-02T19:00:00.000Z,2542,Savannah St,SIAC,2013,Albany State GA,SIAC,28.0,,,26.0,,,True
401675585,2024,11,2024-11-09T19:00:00.000Z,2542,Savannah St,SIAC,490,Benedict College,SIAC,27.0,,,35.0,,,False
401674274,2024,1,2024-08-29T23:00:00.000Z,611,Seton Hill,Pennsylvania State Athletic,2986,Fairmont State,Mountain East,24.0,,,56.0,,,False
401676744,2024,2,2024-09-05T23:00:00.000Z,611,Seton Hill,Pennsylvania State Athletic,2477,Ohio Dominican,Great Midwest Athletic,14.0,,,21.0,,,True
401674339,2024,3,2024-09-14T18:00:00.000Z,611,Seton Hill,Pennsylvania State Athletic,2071,Bloomsburg,Pennsylvania State Athletic,15.0,,,14.0,,,False
401676745,2024,4,2024-09-21T16:00:00.000Z,611,Seton Hill,Pennsylvania State Athletic,223,West Chester,Pennsylvania State Athletic,27.0,,,24.0,,,True
401674382,2024,6,2024-10-05T17:00:00.000Z,611,Seton Hill,Pennsylvania State Athletic,367,Gannon,Pennsylvania State Athletic,17.0,,,23.0,,,False
401674353,2024,7,2024-10-12T20:00:00.000Z,611,Seton Hill,Pennsylvania State Athletic,2858,PennWest California,Pennsylvania State Athletic,21.0,,,28.0,,,True
401676086,2024,8,2024-10-19T18:00:00.000Z,611,Seton Hill,Pennsylvania State Athletic,2291,Indiana-Pennsylvania,Pennsylvania State Athletic,13.0,,,20.0,,,False
401676079,2024,9,2024-10-26T20:00:00.000Z,611,Seton Hill,Pennsylvania State Athletic,2134,Clarion,Pennsylvania State Athletic,31.0,,,16.0,,,True
401674378,2024,10,2024-11-02T16:00:00.000Z,611,Seton Hill,Pennsylvania State Athletic,2205,Edinboro University,Pennsylvania State Athletic,22.0,,,24.0,,,False
401676746,2024,11,2024-11-09T18:00:00.000Z,611,Seton Hill,Pennsylvania State Athletic,215,Slippery Rock,Pennsylvania State Athletic,20.0,,,38.0,,,False
401676747,2024,12,2024-11-16T17:00:00.000Z,611,Seton Hill,Pennsylvania State Athletic,2974,Shepherd,Pennsylvania State Athletic,10.0,,,13.0,,,True
401676023,2024,2,2024-09-07T17:00:00.000Z,2553,Sewanee,Southern Athletic,2373,Maryville College (TN),USA South,9.0,,,23.0,,,False
401676119,2024,3,2024-09-14T18:00:00.000Z,2553,Sewanee,Southern Athletic,433,Westminster College (MO),Upper Midwest,42.0,,,0.0,,,True
401676264,2024,4,2024-09-21T17:00:00.000Z,2553,Sewanee,Southern Athletic,2258,Guilford College,Old Dominion,35.0,,,44.0,,,False
401676265,2024,5,2024-09-28T17:00:00.000Z,2553,Sewanee,Southern Athletic,2398,Millsaps,Southern Athletic,21.0,,,31.0,,,True
401676258,2024,7,2024-10-12T17:00:00.000Z,2553,Sewanee,Southern Athletic,386,Trinity University TX,Southern Athletic,26.0,,,45.0,,,False
401676266,2024,8,2024-10-19T18:00:00.000Z,2553,Sewanee,Southern Athletic,2757,Berry College,Southern Athletic,10.0,,,53.0,,,False
401676267,2024,9,2024-10-26T18:00:00.000Z,2553,Sewanee,Southern Athletic,2519,Rhodes College,Southern Athletic,31.0,,,7.0,,,True
401676268,2024,10,2024-11-02T17:00:00.000Z,2553,Sewanee,Southern Athletic,2588,Southwestern University,Southern Athletic,10.0,,,35.0,,,True
401676269,2024,11,2024-11-09T19:00:00.000Z,2553,Sewanee,Southern Athletic,418,Hendrix College,Southern Athletic,15.0,,,27.0,,,True
401676270,2024,12,2024-11-16T18:00:00.000Z,2553,Sewanee,Southern Athletic,2121,Centre College Kentucky,Southern Athletic,8.0,,,35.0,,,False
401676691,2024,1,2024-08-31T17:00:00.000Z,2551,Shaw,CIAA,2207,Elizabeth City State,CIAA,17.0,,,13.0,,,True
401675561,2024,2,2024-09-07T22:00:00.000Z,2551,Shaw,CIAA,2013,Albany State GA,SIAC,43.0,,,40.0,,,False
401675763,2024,3,2024-09-14T22:00:00.000Z,2551,Shaw,CIAA,2107,Catawba,South Atlantic,28.0,,,37.0,,,True
401676692,2024,4,2024-09-21T17:00:00.000Z,2551,Shaw,CIAA,2339,Lincoln (PA),CIAA,48.0,,,14.0,,,True
401675406,2024,5,2024-09-28T17:00:00.000Z,2551,Shaw,CIAA,2676,Virginia Union,CIAA,7.0,,,42.0,,,False
401676693,2024,6,2024-10-05T17:00:00.000Z,2551,Shaw,CIAA,124180,Bluefield State,CIAA,35.0,,,17.0,,,True
401676694,2024,7,2024-10-12T17:00:00.000Z,2551,Shaw,CIAA,2736,Winston-Salem,CIAA,14.0,,,34.0,,,False
401675801,2024,8,2024-10-19T17:00:00.000Z,2551,Shaw,CIAA,2304,Johnson C Smith,CIAA,14.0,,,21.0,,,False
401675414,2024,9,2024-10-26T18:30:00.000Z,2551,Shaw,CIAA,2220,Fayetteville State,CIAA,38.0,,,35.0,,,False
401675809,2024,10,2024-11-02T17:00:00.000Z,2551,Shaw,CIAA,2940,Livingstone,CIAA,24.0,,,17.0,,,True
401676015,2024,2,2024-09-07T17:00:00.000Z,2828,Shenandoah,Old Dominion,291,Methodist,USA South,33.0,,,14.0,,,False
401676300,2024,4,2024-09-21T23:00:00.000Z,2828,Shenandoah,Old Dominion,2519,Rhodes College,Southern Athletic,35.0,,,21.0,,,True
401674803,2024,5,2024-09-28T17:00:00.000Z,2828,Shenandoah,Old Dominion,246,Juniata College,Landmark Conference,62.0,,,27.0,,,False
401676441,2024,6,2024-10-05T17:00:00.000Z,2828,Shenandoah,Old Dominion,2516,Randolph-Macon,Old Dominion,21.0,,,22.0,,,True
401676410,2024,7,2024-10-12T17:00:00.000Z,2828,Shenandoah,Old Dominion,366,Ferrum,Old Dominion,42.0,,,20.0,,,True
401676405,2024,8,2024-10-19T22:00:00.000Z,2828,Shenandoah,Old Dominion,2079,Bridgewater (VA),Old Dominion,21.0,,,22.0,,,False
401676444,2024,9,2024-10-26T16:00:00.000Z,2828,Shenandoah,Old Dominion,2258,Guilford College,Old Dominion,42.0,,,10.0,,,True
401676400,2024,10,2024-11-02T17:00:00.000Z,2828,Shenandoah,Old Dominion,2047,Averett,Old Dominion,41.0,,,14.0,,,False
401676430,2024,11,2024-11-09T18:00:00.000Z,2828,Shenandoah,Old Dominion,297,Hampden-Sydney,Old Dominion,35.0,,,7.0,,,True
401676445,2024,12,2024-11-16T18:00:00.000Z,2828,Shenandoah,Old Dominion,2688,Washington and Lee,Old Dominion,28.0,,,21.0,,,False
401676748,2024,2,2024-09-05T22:00:00.000Z,2974,Shepherd,Pennsylvania State Athletic,2583,Southern Connecticut State,Northeast 10,23.0,,,0.0,,,False
401676749,2024,3,2024-09-14T16:00:00.000Z,2974,Shepherd,Pennsylvania State Athletic,215,Slippery Rock,Pennsylvania State Athletic,10.0,,,20.0,,,True
401676077,2024,4,2024-09-21T16:00:00.000Z,2974,Shepherd,Pennsylvania State Athletic,2134,Clarion,Pennsylvania State Athletic,27.0,,,9.0,,,True
401676750,2024,5,2024-09-28T17:00:00.000Z,2974,Shepherd,Pennsylvania State Athletic,2559,Shippensburg,Pennsylvania State Athletic,38.0,,,0.0,,,False
401676106,2024,6,2024-10-05T16:00:00.000Z,2974,Shepherd,Pennsylvania State Athletic,209,Lock Haven University,Pennsylvania State Athletic,45.0,,,38.0,,,True
401676751,2024,7,2024-10-12T16:00:00.000Z,2974,Shepherd,Pennsylvania State Athletic,223,West Chester,Pennsylvania State Athletic,14.0,,,35.0,,,False
401676115,2024,8,2024-10-19T16:00:00.000Z,2974,Shepherd,Pennsylvania State Athletic,210,Millersville,Pennsylvania State Athletic,35.0,,,21.0,,,True
401676097,2024,9,2024-10-26T18:00:00.000Z,2974,Shepherd,Pennsylvania State Athletic,2315,Kutztown University,Pennsylvania State Athletic,0.0,,,24.0,,,False
401674346,2024,10,2024-11-02T16:00:00.000Z,2974,Shepherd,Pennsylvania State Athletic,2071,Bloomsburg,Pennsylvania State Athletic,21.0,,,27.0,,,True
401674371,2024,11,2024-11-09T18:00:00.000Z,2974,Shepherd,Pennsylvania State Athletic,2188,East Stroudsburg University,Pennsylvania State Athletic,7.0,,,28.0,,,False
401676747,2024,12,2024-11-16T17:00:00.000Z,2974,Shepherd,Pennsylvania State Athletic,611,Seton Hill,Pennsylvania State Athletic,13.0,,,10.0,,,False
401676752,2024,2,2024-09-07T16:00:00.000Z,2559,Shippensburg,Pennsylvania State Athletic,2022,American International,Northeast 10,3.0,,,28.0,,,False
401676076,2024,3,2024-09-14T17:00:00.000Z,2559,Shippensburg,Pennsylvania State Athletic,2134,Clarion,Pennsylvania State Athletic,24.0,,,21.0,,,True
401676753,2024,4,2024-09-21T17:00:00.000Z,2559,Shippensburg,Pennsylvania State Athletic,215,Slippery Rock,Pennsylvania State Athletic,7.0,,,33.0,,,True
401676750,2024,5,2024-09-28T17:00:00.000Z,2559,Shippensburg,Pennsylvania State Athletic,2974,Shepherd,Pennsylvania State Athletic,0.0,,,38.0,,,True
401676754,2024,6,2024-10-05T16:00:00.000Z,2559,Shippensburg,Pennsylvania State Athletic,223,West Chester,Pennsylvania State Athletic,10.0,,,28.0,,,False
401676114,2024,7,2024-10-12T16:00:00.000Z,2559,Shippensburg,Pennsylvania State Athletic,210,Millersville,Pennsylvania State Athletic,35.0,,,27.0,,,False
401676096,2024,8,2024-10-19T17:00:00.000Z,2559,Shippensburg,Pennsylvania State Athletic,2315,Kutztown University,Pennsylvania State Athletic,2.0,,,31.0,,,True
401674345,2024,9,2024-10-26T18:00:00.000Z,2559,Shippensburg,Pennsylvania State Athletic,2071,Bloomsburg,Pennsylvania State Athletic,10.0,,,20.0,,,False
401674370,2024,10,2024-11-02T17:00:00.000Z,2559,Shippensburg,Pennsylvania State Athletic,2188,East Stroudsburg University,Pennsylvania State Athletic,0.0,,,45.0,,,True
401676108,2024,11,2024-11-09T18:00:00.000Z,2559,Shippensburg,Pennsylvania State Athletic,209,Lock Haven University,Pennsylvania State Athletic,21.0,,,42.0,,,False
401676087,2024,12,2024-11-16T19:00:00.000Z,2559,Shippensburg,Pennsylvania State Athletic,2291,Indiana-Pennsylvania,Pennsylvania State Athletic,7.0,,,38.0,,,False
401675497,2024,2,2024-09-04T23:00:00.000Z,2560,Shorter,Gulf South,2401,Mississippi College,Gulf South,29.0,,,5.0,,,True
401675498,2024,3,2024-09-14T17:00:00.000Z,2560,Shorter,Gulf South,2691,Webber International,,0.0,,,0.0,,,True
401675499,2024,4,2024-09-21T22:00:00.000Z,2560,Shorter,Gulf South,2683,Warner University,,47.0,,,25.0,,,False
401675492,2024,5,2024-09-28T23:00:00.000Z,2560,Shorter,Gulf South,2822,North Greenville,Gulf South,0.0,,,0.0,,,False
401675500,2024,6,2024-10-05T16:00:00.000Z,2560,Shorter,Gulf South,2673,Valdosta State,Gulf South,6.0,,,59.0,,,True
401675471,2024,7,2024-10-12T17:00:00.000Z,2560,Shorter,Gulf South,2804,Chowan,Gulf South,27.0,,,31.0,,,False
401632118,2024,8,2024-10-19T18:00:00.000Z,2560,Shorter,Gulf South,2698,West Georgia,UAC,13.0,,,41.0,,,False
401675501,2024,9,2024-10-26T21:00:00.000Z,2560,Shorter,Gulf South,110242,West Florida,Gulf South,16.0,,,35.0,,,False
401675502,2024,10,2024-11-02T16:00:00.000Z,2560,Shorter,Gulf South,2355,Virginia University Of Lynchburg,,55.0,,,0.0,,,True
401675503,2024,11,2024-11-09T17:00:00.000Z,2560,Shorter,Gulf South,2695,West Alabama,Gulf South,6.0,,,31.0,,,True
401673946,2024,2,2024-09-07T23:00:00.000Z,2564,Simpson College (IA),American Rivers,2042,Augustana (IL),CCIW,13.0,,,30.0,,,False
401675904,2024,3,2024-09-14T23:00:00.000Z,2564,Simpson College (IA),American Rivers,509,Crown College,Upper Midwest,39.0,,,7.0,,,True
401674603,2024,4,2024-09-21T18:00:00.000Z,2564,Simpson College (IA),American Rivers,49,Dubuque,American Rivers,14.0,,,28.0,,,False
401674611,2024,5,2024-09-28T18:00:00.000Z,2564,Simpson College (IA),American Rivers,263,Loras College,American Rivers,66.0,,,14.0,,,True
401674595,2024,6,2024-10-05T18:00:00.000Z,2564,Simpson College (IA),American Rivers,2964,Central College,American Rivers,14.0,,,59.0,,,False
401674619,2024,7,2024-10-12T18:00:00.000Z,2564,Simpson College (IA),American Rivers,6845,Nebraska Wesleyan,American Rivers,21.0,,,14.0,,,True
401674624,2024,8,2024-10-19T18:30:00.000Z,2564,Simpson College (IA),American Rivers,2685,Wartburg,American Rivers,21.0,,,46.0,,,False
401674588,2024,9,2024-10-26T18:00:00.000Z,2564,Simpson College (IA),American Rivers,63,Buena Vista,American Rivers,24.0,,,16.0,,,True
401675901,2024,11,2024-11-09T19:00:00.000Z,2564,Simpson College (IA),American Rivers,2141,Coe College,American Rivers,10.0,,,47.0,,,False
401675903,2024,12,2024-11-16T19:00:00.000Z,2564,Simpson College (IA),American Rivers,67,Luther,American Rivers,29.0,,,15.0,,,True
401677718,2024,2,2024-09-08T02:00:00.000Z,129758,Simpson University (Ca),,2486,Pacific Lutheran,Northwest,0.0,,,43.0,,,False
401677719,2024,5,2024-09-28T20:00:00.000Z,129758,Simpson University (Ca),,2930,Willamette,Northwest,18.0,,,21.0,,,False
401655860,2024,1,2024-08-30T00:00:00.000Z,2894,Sioux Falls,Northern Sun,2900,St. Thomas (MN),Pioneer,34.0,,,13.0,,,False
401675816,2024,2,2024-09-07T23:00:00.000Z,2894,Sioux Falls,Northern Sun,425,Northern State,Northern Sun,34.0,,,10.0,,,False
401675824,2024,3,2024-09-14T18:00:00.000Z,2894,Sioux Falls,Northern Sun,559,University of Mary,Northern Sun,35.0,,,33.0,,,True
401674310,2024,4,2024-09-21T18:00:00.000Z,2894,Sioux Falls,Northern Sun,132,Bemidji State,Northern Sun,24.0,,,28.0,,,True
401674225,2024,5,2024-09-28T18:00:00.000Z,2894,Sioux Falls,Northern Sun,568,Minot State,Northern Sun,22.0,,,26.0,,,False
401676741,2024,6,2024-10-05T19:00:00.000Z,2894,Sioux Falls,Northern Sun,2364,Minnesota State Mankato,Northern Sun,40.0,,,36.0,,,False
401675837,2024,7,2024-10-12T18:00:00.000Z,2894,Sioux Falls,Northern Sun,3066,Concordia University St Paul,Northern Sun,35.0,,,21.0,,,True
401674324,2024,8,2024-10-19T18:00:00.000Z,2894,Sioux Falls,Northern Sun,134,Minnesota Duluth,Northern Sun,24.0,,,21.0,,,True
401675844,2024,9,2024-10-26T17:00:00.000Z,2894,Sioux Falls,Northern Sun,2844,Wayne State (NE),Northern Sun,23.0,,,13.0,,,False
401675832,2024,11,2024-11-09T19:00:00.000Z,2894,Sioux Falls,Northern Sun,2043,Augustana University (SD),Northern Sun,21.0,,,27.0,,,False
401676742,2024,12,2024-11-16T19:00:00.000Z,2894,Sioux Falls,Northern Sun,2587,Southwest Minnesota State,Northern Sun,41.0,,,14.0,,,True
401676722,2024,2,2024-09-07T17:00:00.000Z,215,Slippery Rock,Pennsylvania State Athletic,2441,New Haven,Northeast 10,22.0,,,7.0,,,True
401676749,2024,3,2024-09-14T16:00:00.000Z,215,Slippery Rock,Pennsylvania State Athletic,2974,Shepherd,Pennsylvania State Athletic,20.0,,,10.0,,,False
401676753,2024,4,2024-09-21T17:00:00.000Z,215,Slippery Rock,Pennsylvania State Athletic,2559,Shippensburg,Pennsylvania State Athletic,33.0,,,7.0,,,False
401674374,2024,5,2024-09-28T22:00:00.000Z,215,Slippery Rock,Pennsylvania State Athletic,2205,Edinboro University,Pennsylvania State Athletic,28.0,,,23.0,,,True
401676085,2024,6,2024-10-05T18:00:00.000Z,215,Slippery Rock,Pennsylvania State Athletic,2291,Indiana-Pennsylvania,Pennsylvania State Athletic,33.0,,,32.0,,,False
401674383,2024,7,2024-10-12T17:00:00.000Z,215,Slippery Rock,Pennsylvania State Athletic,367,Gannon,Pennsylvania State Athletic,35.0,,,17.0,,,True
401674354,2024,8,2024-10-19T19:00:00.000Z,215,Slippery Rock,Pennsylvania State Athletic,2858,PennWest California,Pennsylvania State Athletic,7.0,,,28.0,,,False
401676080,2024,10,2024-10-31T22:00:00.000Z,215,Slippery Rock,Pennsylvania State Athletic,2134,Clarion,Pennsylvania State Athletic,38.0,,,22.0,,,False
401676746,2024,11,2024-11-09T18:00:00.000Z,215,Slippery Rock,Pennsylvania State Athletic,611,Seton Hill,Pennsylvania State Athletic,38.0,,,20.0,,,True
401674348,2024,12,2024-11-16T18:00:00.000Z,215,Slippery Rock,Pennsylvania State Athletic,2071,Bloomsburg,Pennsylvania State Athletic,27.0,,,7.0,,,True
401734577,2024,13,2024-11-23T18:00:00.000Z,215,Slippery Rock,Pennsylvania State Athletic,2441,New Haven,Northeast 10,14.0,,,7.0,,,True
401734989,2024,14,2024-11-30T17:00:00.000Z,215,Slippery Rock,Pennsylvania State Athletic,2315,Kutztown University,Pennsylvania State Athletic,25.0,,,24.0,,,False
401735968,2024,15,2024-12-07T18:00:00.000Z,215,Slippery Rock,Pennsylvania State Athletic,2858,PennWest California,Pennsylvania State Athletic,31.0,,,13.0,,,False
401737154,2024,16,2024-12-14T20:30:00.000Z,215,Slippery Rock,Pennsylvania State Athletic,2222,Ferris State,GLIAC,38.0,,,48.0,,,False
401643775,2024,1,2024-08-31T21:00:00.000Z,6,South Alabama,Sun Belt,249,North Texas,American Athletic,38.0,1650.0,1593.0,52.0,1412.0,1469.0,True
401677077,2024,1,2024-12-15T02:00:00.000Z,6,South Alabama,Sun Belt,2711,Western Michigan,Mid-American,30.0,1597.0,1583.0,23.0,1254.0,1268.0,False
401643781,2024,2,2024-09-07T22:00:00.000Z,6,South Alabama,Sun Belt,195,Ohio,Mid-American,20.0,1593.0,1576.0,27.0,1469.0,1486.0,False
401643788,2024,3,2024-09-12T23:30:00.000Z,6,South Alabama,Sun Belt,2466,Northwestern State,Southland,87.0,1581.0,1581.0,10.0,,,True
401643790,2024,4,2024-09-19T23:30:00.000Z,6,South Alabama,Sun Belt,2026,App State,Sun Belt,48.0,1576.0,1657.0,14.0,1447.0,1366.0,False
401628376,2024,5,2024-09-28T23:45:00.000Z,6,South Alabama,Sun Belt,99,LSU,SEC,10.0,1657.0,1588.0,42.0,1805.0,1874.0,False
401643800,2024,6,2024-10-05T23:00:00.000Z,6,South Alabama,Sun Belt,2032,Arkansas State,Sun Belt,16.0,1588.0,1584.0,18.0,1313.0,1317.0,False
401643809,2024,8,2024-10-15T23:30:00.000Z,6,South Alabama,Sun Belt,2653,Troy,Sun Belt,25.0,1584.0,1606.0,9.0,1454.0,1432.0,True
401643819,2024,9,2024-10-26T21:00:00.000Z,6,South Alabama,Sun Belt,2433,UL Monroe,Sun Belt,46.0,1606.0,1644.0,17.0,1272.0,1234.0,True
401643823,2024,10,2024-11-02T23:30:00.000Z,6,South Alabama,Sun Belt,290,Georgia Southern,Sun Belt,30.0,1644.0,1618.0,34.0,1371.0,1397.0,True
401643834,2024,12,2024-11-17T00:00:00.000Z,6,South Alabama,Sun Belt,309,Louisiana,Sun Belt,24.0,1618.0,1621.0,22.0,1621.0,1618.0,False
401643841,2024,13,2024-11-23T20:00:00.000Z,6,South Alabama,Sun Belt,2572,Southern Miss,Sun Belt,35.0,1621.0,1608.0,14.0,948.0,961.0,False
401643843,2024,14,2024-11-29T20:30:00.000Z,6,South Alabama,Sun Belt,326,Texas State,Sun Belt,38.0,1608.0,1597.0,45.0,1635.0,1646.0,True
401628329,2024,1,2024-08-31T20:15:00.000Z,2579,South Carolina,SEC,295,Old Dominion,Sun Belt,23.0,1562.0,1560.0,19.0,1406.0,1408.0,True
401677103,2024,1,2024-12-31T20:00:00.000Z,2579,South Carolina,SEC,356,Illinois,Big Ten,17.0,1832.0,1810.0,21.0,1596.0,1618.0,False
401628340,2024,2,2024-09-07T19:30:00.000Z,2579,South Carolina,SEC,96,Kentucky,SEC,31.0,1560.0,1637.0,6.0,1640.0,1563.0,False
401628359,2024,3,2024-09-14T16:00:00.000Z,2579,South Carolina,SEC,99,LSU,SEC,33.0,1637.0,1642.0,36.0,1803.0,1798.0,True
401628370,2024,4,2024-09-21T23:30:00.000Z,2579,South Carolina,SEC,2006,Akron,Mid-American,50.0,1642.0,1699.0,7.0,1110.0,1053.0,True
401628382,2024,6,2024-10-05T19:30:00.000Z,2579,South Carolina,SEC,145,Ole Miss,SEC,3.0,1699.0,1654.0,27.0,1861.0,1906.0,True
401628385,2024,7,2024-10-12T16:00:00.000Z,2579,South Carolina,SEC,333,Alabama,SEC,25.0,1654.0,1658.0,27.0,2014.0,2010.0,False
401628396,2024,8,2024-10-19T16:45:00.000Z,2579,South Carolina,SEC,201,Oklahoma,SEC,35.0,1658.0,1744.0,9.0,1780.0,1694.0,False
401628411,2024,10,2024-11-02T23:30:00.000Z,2579,South Carolina,SEC,245,Texas A&M,SEC,44.0,1744.0,1812.0,20.0,1814.0,1746.0,True
401628418,2024,11,2024-11-09T21:15:00.000Z,2579,South Carolina,SEC,238,Vanderbilt,SEC,28.0,1812.0,1829.0,7.0,1463.0,1446.0,False
401628423,2024,12,2024-11-16T21:15:00.000Z,2579,South Carolina,SEC,142,Missouri,SEC,34.0,1829.0,1828.0,30.0,1683.0,1684.0,True
401628434,2024,13,2024-11-23T21:00:00.000Z,2579,South Carolina,SEC,2747,Wofford,Southern,56.0,1827.0,1827.0,12.0,,,True
401628444,2024,14,2024-11-30T17:00:00.000Z,2579,South Carolina,SEC,228,Clemson,ACC,17.0,1828.0,1832.0,14.0,1815.0,1811.0,False
401677076,2024,1,2024-12-14T17:00:00.000Z,2569,South Carolina State,MEAC,2296,Jackson State,SWAC,7.0,,,28.0,,,True
401636373,2024,1,2024-08-31T22:00:00.000Z,2569,South Carolina State,MEAC,50,Florida A&M,SWAC,18.0,,,22.0,,,False
401654538,2024,2,2024-09-07T16:00:00.000Z,2569,South Carolina State,MEAC,2643,The Citadel,Southern,23.0,,,20.0,,,False
401643787,2024,3,2024-09-14T22:00:00.000Z,2569,South Carolina State,MEAC,290,Georgia Southern,Sun Belt,14.0,,,42.0,1383.0,1383.0,False
401628637,2024,5,2024-09-28T22:00:00.000Z,2569,South Carolina State,MEAC,2448,North Carolina A&T,CAA,45.0,,,25.0,,,True
401654539,2024,6,2024-10-05T18:30:00.000Z,2569,South Carolina State,MEAC,2635,Tennessee Tech,Big South-OVC,22.0,,,20.0,,,False
401654540,2024,8,2024-10-19T18:00:00.000Z,2569,South Carolina State,MEAC,2232,Fort Valley State,SIAC,30.0,,,3.0,,,True
401654500,2024,9,2024-10-26T19:30:00.000Z,2569,South Carolina State,MEAC,2169,Delaware State,MEAC,69.0,,,35.0,,,True
401654541,2024,10,2024-10-31T23:30:00.000Z,2569,South Carolina State,MEAC,2428,North Carolina Central,MEAC,24.0,,,21.0,,,True
401654542,2024,11,2024-11-09T20:30:00.000Z,2569,South Carolina State,MEAC,47,Howard,MEAC,38.0,,,14.0,,,False
401654536,2024,12,2024-11-16T21:00:00.000Z,2569,South Carolina State,MEAC,2415,Morgan State,MEAC,54.0,,,7.0,,,False
401654543,2024,13,2024-11-23T18:30:00.000Z,2569,South Carolina State,MEAC,2450,Norfolk State,MEAC,53.0,,,21.0,,,True
401654562,2024,1,2024-08-30T00:00:00.000Z,233,South Dakota,MVFC,425,Northern State,Northern Sun,45.0,,,3.0,,,True
401729787,2024,1,2024-12-21T20:30:00.000Z,233,South Dakota,MVFC,147,Montana State,Big Sky,17.0,,,31.0,,,False
401628474,2024,2,2024-09-07T19:30:00.000Z,233,South Dakota,MVFC,275,Wisconsin,Big Ten,13.0,,,27.0,1601.0,1601.0,False
401637161,2024,3,2024-09-14T20:00:00.000Z,233,South Dakota,MVFC,2502,Portland State,Big Sky,0.0,,,0.0,,,False
401654563,2024,4,2024-09-21T18:00:00.000Z,233,South Dakota,MVFC,2181,Drake,Pioneer,42.0,,,3.0,,,True
401634243,2024,5,2024-09-28T18:00:00.000Z,233,South Dakota,MVFC,79,Southern Illinois,MVFC,42.0,,,13.0,,,True
401634193,2024,6,2024-10-05T19:00:00.000Z,233,South Dakota,MVFC,93,Murray State,MVFC,59.0,,,0.0,,,False
401654564,2024,7,2024-10-12T19:00:00.000Z,233,South Dakota,MVFC,2460,Northern Iowa,MVFC,42.0,,,17.0,,,True
401634248,2024,8,2024-10-19T22:00:00.000Z,233,South Dakota,MVFC,2754,Youngstown State,MVFC,27.0,,,17.0,,,False
401634218,2024,9,2024-10-26T23:30:00.000Z,233,South Dakota,MVFC,2571,South Dakota State,MVFC,17.0,,,20.0,,,False
401634178,2024,11,2024-11-09T19:00:00.000Z,233,South Dakota,MVFC,282,Indiana State,MVFC,49.0,,,0.0,,,True
401634205,2024,12,2024-11-16T18:00:00.000Z,233,South Dakota,MVFC,155,North Dakota,MVFC,42.0,,,36.0,,,False
401634211,2024,13,2024-11-23T19:00:00.000Z,233,South Dakota,MVFC,2449,North Dakota State,MVFC,29.0,,,28.0,,,True
401729752,2024,15,2024-12-07T20:00:00.000Z,233,South Dakota,MVFC,2627,Tarleton State,UAC,42.0,,,31.0,,,True
401729783,2024,16,2024-12-14T21:00:00.000Z,233,South Dakota,MVFC,302,UC Davis,Big Sky,35.0,,,21.0,,,True
401673254,2024,1,2024-08-30T00:00:00.000Z,613,South Dakota Mines,Rocky Mountain,2570,CSU Pueblo,Rocky Mountain,6.0,,,35.0,,,True
401673249,2024,2,2024-09-05T22:00:00.000Z,613,South Dakota Mines,Rocky Mountain,2392,Michigan Tech,GLIAC,50.0,,,52.0,,,False
401673250,2024,3,2024-09-14T18:00:00.000Z,613,South Dakota Mines,Rocky Mountain,389,Upper Iowa University,Great Lakes,17.0,,,10.0,,,True
401673251,2024,4,2024-09-21T19:00:00.000Z,613,South Dakota Mines,Rocky Mountain,2424,New Mexico Highlands,Rocky Mountain,40.0,,,19.0,,,True
401673252,2024,5,2024-09-28T20:00:00.000Z,613,South Dakota Mines,Rocky Mountain,2237,Fort Lewis,Rocky Mountain,49.0,,,33.0,,,False
401673154,2024,6,2024-10-05T23:00:00.000Z,613,South Dakota Mines,Rocky Mountain,2069,Black Hills State,Rocky Mountain,20.0,,,22.0,,,True
401673253,2024,7,2024-10-12T18:00:00.000Z,613,South Dakota Mines,Rocky Mountain,2146,Colorado School Of Mines,Rocky Mountain,20.0,,,45.0,,,False
401673244,2024,8,2024-10-19T19:00:00.000Z,613,South Dakota Mines,Rocky Mountain,2714,Western Colorado,Rocky Mountain,24.0,,,35.0,,,False
401673255,2024,10,2024-11-02T18:00:00.000Z,613,South Dakota Mines,Rocky Mountain,2123,Chadron St,Rocky Mountain,24.0,,,17.0,,,False
401673256,2024,11,2024-11-09T19:00:00.000Z,613,South Dakota Mines,Rocky Mountain,11,Colorado Mesa,Rocky Mountain,17.0,,,14.0,,,True
401673150,2024,12,2024-11-16T20:00:00.000Z,613,South Dakota Mines,Rocky Mountain,2001,Adams State,Rocky Mountain,44.0,,,6.0,,,False
401634212,2024,1,2024-08-31T18:00:00.000Z,2571,South Dakota State,MVFC,197,Oklahoma State,Big 12,20.0,,,44.0,1522.0,1522.0,False
401729786,2024,1,2024-12-21T17:00:00.000Z,2571,South Dakota State,MVFC,2449,North Dakota State,MVFC,21.0,,,28.0,,,False
401634213,2024,2,2024-09-07T23:00:00.000Z,2571,South Dakota State,MVFC,2916,Incarnate Word,Southland,45.0,,,24.0,,,True
401634214,2024,3,2024-09-14T23:00:00.000Z,2571,South Dakota State,MVFC,2043,Augustana University (SD),Northern Sun,24.0,,,3.0,,,True
401634215,2024,4,2024-09-21T23:00:00.000Z,2571,South Dakota State,MVFC,2545,SE Louisiana,Southland,41.0,,,0.0,,,False
401634216,2024,6,2024-10-05T21:00:00.000Z,2571,South Dakota State,MVFC,2460,Northern Iowa,MVFC,41.0,,,3.0,,,False
401634217,2024,7,2024-10-12T19:00:00.000Z,2571,South Dakota State,MVFC,2754,Youngstown State,MVFC,63.0,,,13.0,,,True
401634209,2024,8,2024-10-20T00:00:00.000Z,2571,South Dakota State,MVFC,2449,North Dakota State,MVFC,9.0,,,13.0,,,False
401634218,2024,9,2024-10-26T23:30:00.000Z,2571,South Dakota State,MVFC,233,South Dakota,MVFC,20.0,,,17.0,,,True
401634195,2024,10,2024-11-02T19:00:00.000Z,2571,South Dakota State,MVFC,93,Murray State,MVFC,52.0,,,6.0,,,True
401634204,2024,11,2024-11-09T19:00:00.000Z,2571,South Dakota State,MVFC,155,North Dakota,MVFC,38.0,,,7.0,,,False
401634239,2024,12,2024-11-16T20:00:00.000Z,2571,South Dakota State,MVFC,79,Southern Illinois,MVFC,41.0,,,10.0,,,True
401634189,2024,13,2024-11-23T20:00:00.000Z,2571,South Dakota State,MVFC,2623,Missouri State,MVFC,45.0,,,9.0,,,False
401729750,2024,15,2024-12-07T19:00:00.000Z,2571,South Dakota State,MVFC,149,Montana,Big Sky,35.0,,,18.0,,,True
401729781,2024,16,2024-12-14T17:00:00.000Z,2571,South Dakota State,MVFC,2916,Incarnate Word,Southland,55.0,,,14.0,,,True
401636363,2024,1,2024-08-31T23:00:00.000Z,58,South Florida,American Athletic,2065,Bethune-Cookman,SWAC,48.0,1442.0,1442.0,3.0,,,True
401677087,2024,1,2024-12-25T01:00:00.000Z,58,South Florida,American Athletic,23,San José State,Mountain West,41.0,1433.0,1434.0,39.0,1478.0,1477.0,False
401628335,2024,2,2024-09-07T23:00:00.000Z,58,South Florida,American Athletic,333,Alabama,SEC,16.0,1442.0,1433.0,42.0,1997.0,2006.0,False
401643789,2024,3,2024-09-14T23:00:00.000Z,58,South Florida,American Athletic,2572,Southern Miss,Sun Belt,49.0,1433.0,1476.0,24.0,1230.0,1187.0,False
401635555,2024,4,2024-09-21T23:00:00.000Z,58,South Florida,American Athletic,2390,Miami,ACC,15.0,1476.0,1413.0,50.0,1774.0,1837.0,True
401645337,2024,5,2024-09-28T16:00:00.000Z,58,South Florida,American Athletic,2655,Tulane,American Athletic,10.0,1413.0,1336.0,45.0,1576.0,1653.0,False
401645341,2024,7,2024-10-12T19:30:00.000Z,58,South Florida,American Athletic,235,Memphis,American Athletic,3.0,1336.0,1325.0,21.0,1598.0,1609.0,True
401645345,2024,8,2024-10-19T19:30:00.000Z,58,South Florida,American Athletic,5,UAB,American Athletic,35.0,1325.0,1326.0,25.0,1091.0,1090.0,True
401645357,2024,10,2024-11-01T23:30:00.000Z,58,South Florida,American Athletic,2226,Florida Atlantic,American Athletic,44.0,1326.0,1379.0,21.0,1260.0,1207.0,False
401645363,2024,11,2024-11-09T17:00:00.000Z,58,South Florida,American Athletic,2426,Navy,American Athletic,7.0,1379.0,1339.0,28.0,1504.0,1544.0,True
401645368,2024,12,2024-11-16T20:30:00.000Z,58,South Florida,American Athletic,2429,Charlotte,American Athletic,59.0,1339.0,1420.0,24.0,1182.0,1101.0,False
401645375,2024,13,2024-11-23T20:30:00.000Z,58,South Florida,American Athletic,202,Tulsa,American Athletic,63.0,1420.0,1457.0,30.0,971.0,934.0,True
401645382,2024,14,2024-11-30T19:00:00.000Z,58,South Florida,American Athletic,242,Rice,American Athletic,28.0,1457.0,1433.0,35.0,1215.0,1239.0,False
401654662,2024,1,2024-08-24T23:00:00.000Z,2546,Southeast Missouri State,Big South-OVC,2453,North Alabama,UAC,37.0,,,15.0,,,True
401641032,2024,1,2024-09-01T01:00:00.000Z,2546,Southeast Missouri State,Big South-OVC,166,New Mexico State,Conference USA,16.0,,,23.0,1432.0,1432.0,False
401633979,2024,2,2024-09-07T23:00:00.000Z,2546,Southeast Missouri State,Big South-OVC,2630,UT Martin,Big South-OVC,45.0,,,42.0,,,True
401634242,2024,4,2024-09-21T23:00:00.000Z,2546,Southeast Missouri State,Big South-OVC,79,Southern Illinois,MVFC,38.0,,,21.0,,,False
401654846,2024,5,2024-09-28T20:00:00.000Z,2546,Southeast Missouri State,Big South-OVC,2466,Northwestern State,Southland,19.0,,,0.0,,,True
401633985,2024,6,2024-10-05T19:00:00.000Z,2546,Southeast Missouri State,Big South-OVC,2197,Eastern Illinois,Big South-OVC,38.0,,,27.0,,,False
401633990,2024,7,2024-10-12T20:00:00.000Z,2546,Southeast Missouri State,Big South-OVC,2635,Tennessee Tech,Big South-OVC,34.0,,,3.0,,,True
401633992,2024,8,2024-10-19T20:00:00.000Z,2546,Southeast Missouri State,Big South-OVC,2127,Charleston Southern,Big South-OVC,26.0,,,13.0,,,False
401633997,2024,9,2024-10-26T19:00:00.000Z,2546,Southeast Missouri State,Big South-OVC,2241,Gardner-Webb,Big South-OVC,30.0,,,24.0,,,True
401634005,2024,11,2024-11-09T19:00:00.000Z,2546,Southeast Missouri State,Big South-OVC,2815,Lindenwood,Big South-OVC,12.0,,,24.0,,,False
401634009,2024,12,2024-11-16T19:00:00.000Z,2546,Southeast Missouri State,Big South-OVC,2710,Western Illinois,Big South-OVC,54.0,,,45.0,,,True
401634014,2024,13,2024-11-23T21:30:00.000Z,2546,Southeast Missouri State,Big South-OVC,2634,Tennessee State,Big South-OVC,21.0,,,28.0,,,False
401729731,2024,14,2024-11-30T17:00:00.000Z,2546,Southeast Missouri State,Big South-OVC,2287,Illinois State,MVFC,27.0,,,35.0,,,True
401674489,2024,2,2024-09-05T23:00:00.000Z,199,Southeastern Oklahoma State,Great American,2568,Southern Arkansas,Great American,31.0,,,36.0,,,True
401674427,2024,3,2024-09-14T23:00:00.000Z,199,Southeastern Oklahoma State,Great American,2271,Henderson State,Great American,17.0,,,34.0,,,False
401674478,2024,4,2024-09-21T23:00:00.000Z,199,Southeastern Oklahoma State,Great American,319,Oklahoma Baptist,Great American,29.0,,,10.0,,,True
401674490,2024,5,2024-09-28T23:00:00.000Z,199,Southeastern Oklahoma State,Great American,2823,Northwestern Oklahoma State,Great American,27.0,,,21.0,,,False
401674487,2024,6,2024-10-05T19:00:00.000Z,199,Southeastern Oklahoma State,Great American,2888,Ouachita Baptist,Great American,9.0,,,25.0,,,True
401674405,2024,7,2024-10-12T19:00:00.000Z,199,Southeastern Oklahoma State,Great American,2028,Arkansas-Monticello,Great American,27.0,,,0.0,,,False
401674491,2024,8,2024-10-19T19:00:00.000Z,199,Southeastern Oklahoma State,Great American,200,Southern Nazarene,Great American,40.0,,,14.0,,,True
401674492,2024,9,2024-10-26T19:00:00.000Z,199,Southeastern Oklahoma State,Great American,2927,Southwestern Oklahoma State,Great American,30.0,,,15.0,,,False
401674426,2024,10,2024-11-01T00:00:00.000Z,199,Southeastern Oklahoma State,Great American,2264,Harding University,Great American,14.0,,,56.0,,,False
401674398,2024,11,2024-11-09T20:00:00.000Z,199,Southeastern Oklahoma State,Great American,2033,Arkansas Tech,Great American,0.0,,,6.0,,,True
401674418,2024,12,2024-11-16T20:00:00.000Z,199,Southeastern Oklahoma State,Great American,2191,East Central (OK),Great American,13.0,,,20.0,,,False
401654557,2024,1,2024-09-01T00:00:00.000Z,2582,Southern,SWAC,2377,McNeese,Southland,7.0,,,21.0,,,False
401654558,2024,2,2024-09-07T23:00:00.000Z,2582,Southern,SWAC,2542,Savannah St,SIAC,42.0,,,10.0,,,True
401636389,2024,3,2024-09-14T23:00:00.000Z,2582,Southern,SWAC,2296,Jackson State,SWAC,15.0,,,33.0,,,False
401654559,2024,4,2024-09-21T23:00:00.000Z,2582,Southern,SWAC,2504,Prairie View A&M,SWAC,31.0,,,24.0,,,False
401654560,2024,6,2024-10-05T23:00:00.000Z,2582,Southern,SWAC,2447,Nicholls,Southland,7.0,,,51.0,,,True
401654547,2024,7,2024-10-12T23:00:00.000Z,2582,Southern,SWAC,2640,Texas Southern,SWAC,22.0,,,19.0,,,False
401654561,2024,8,2024-10-19T23:00:00.000Z,2582,Southern,SWAC,2016,Alcorn State,SWAC,24.0,,,14.0,,,True
401636376,2024,9,2024-10-26T23:00:00.000Z,2582,Southern,SWAC,50,Florida A&M,SWAC,6.0,,,24.0,,,False
401634256,2024,10,2024-11-02T19:00:00.000Z,2582,Southern,SWAC,2010,Alabama A&M,SWAC,25.0,,,20.0,,,False
401636369,2024,11,2024-11-09T20:00:00.000Z,2582,Southern,SWAC,2065,Bethune-Cookman,SWAC,25.0,,,23.0,,,True
401636361,2024,12,2024-11-16T20:00:00.000Z,2582,Southern,SWAC,2029,Arkansas-Pine Bluff,SWAC,31.0,,,9.0,,,True
401636386,2024,14,2024-11-30T19:00:00.000Z,2582,Southern,SWAC,2755,Grambling,SWAC,24.0,,,14.0,,,True
401673471,2024,15,2024-12-07T19:00:00.000Z,2582,Southern,SWAC,2296,Jackson State,SWAC,13.0,,,41.0,,,False
401674489,2024,2,2024-09-05T23:00:00.000Z,2568,Southern Arkansas,Great American,199,Southeastern Oklahoma State,Great American,36.0,,,31.0,,,False
401674411,2024,3,2024-09-14T23:00:00.000Z,2568,Southern Arkansas,Great American,2191,East Central (OK),Great American,28.0,,,20.0,,,True
401674486,2024,4,2024-09-21T23:00:00.000Z,2568,Southern Arkansas,Great American,2888,Ouachita Baptist,Great American,20.0,,,25.0,,,True
401674232,2024,5,2024-09-28T23:00:00.000Z,2568,Southern Arkansas,Great American,2033,Arkansas Tech,Great American,38.0,,,7.0,,,False
401674495,2024,6,2024-10-05T19:30:00.000Z,2568,Southern Arkansas,Great American,200,Southern Nazarene,Great American,49.0,,,21.0,,,True
401674479,2024,7,2024-10-10T23:00:00.000Z,2568,Southern Arkansas,Great American,319,Oklahoma Baptist,Great American,65.0,,,10.0,,,False
401674430,2024,8,2024-10-19T19:00:00.000Z,2568,Southern Arkansas,Great American,2271,Henderson State,Great American,42.0,,,19.0,,,False
401674425,2024,9,2024-10-26T20:00:00.000Z,2568,Southern Arkansas,Great American,2264,Harding University,Great American,17.0,,,49.0,,,False
401675365,2024,10,2024-11-02T19:00:00.000Z,2568,Southern Arkansas,Great American,2927,Southwestern Oklahoma State,Great American,48.0,,,14.0,,,False
401674496,2024,11,2024-11-09T20:00:00.000Z,2568,Southern Arkansas,Great American,2823,Northwestern Oklahoma State,Great American,78.0,,,0.0,,,True
401674409,2024,12,2024-11-16T20:00:00.000Z,2568,Southern Arkansas,Great American,2028,Arkansas-Monticello,Great American,54.0,,,22.0,,,False
401676748,2024,2,2024-09-05T22:00:00.000Z,2583,Southern Connecticut State,Northeast 10,2974,Shepherd,Pennsylvania State Athletic,0.0,,,23.0,,,True
401689234,2024,3,2024-09-13T23:00:00.000Z,2583,Southern Connecticut State,Northeast 10,2022,American International,Northeast 10,35.0,,,21.0,,,True
401682326,2024,4,2024-09-20T23:00:00.000Z,2583,Southern Connecticut State,Northeast 10,2060,Bentley,Northeast 10,24.0,,,34.0,,,False
401676737,2024,5,2024-09-28T17:00:00.000Z,2583,Southern Connecticut State,Northeast 10,2830,St. Anselm,Northeast 10,28.0,,,31.0,,,False
401676708,2024,6,2024-10-05T18:00:00.000Z,2583,Southern Connecticut State,Northeast 10,2038,Assumption,Northeast 10,28.0,,,35.0,,,True
401676732,2024,7,2024-10-12T16:00:00.000Z,2583,Southern Connecticut State,Northeast 10,126086,Post University,Northeast 10,31.0,,,27.0,,,False
401676726,2024,8,2024-10-19T17:00:00.000Z,2583,Southern Connecticut State,Northeast 10,2441,New Haven,Northeast 10,0.0,,,21.0,,,True
401676719,2024,9,2024-10-26T17:00:00.000Z,2583,Southern Connecticut State,Northeast 10,112334,Franklin Pierce,Northeast 10,24.0,,,35.0,,,True
401689236,2024,10,2024-11-02T17:00:00.000Z,2583,Southern Connecticut State,Northeast 10,2487,Pace,Northeast 10,35.0,,,30.0,,,True
401682325,2024,12,2024-11-16T17:00:00.000Z,2583,Southern Connecticut State,Northeast 10,2022,American International,Northeast 10,50.0,,,21.0,,,False
401634240,2024,1,2024-09-01T00:00:00.000Z,79,Southern Illinois,MVFC,252,BYU,Big 12,13.0,,,41.0,1409.0,1409.0,False
401632070,2024,2,2024-09-07T23:00:00.000Z,79,Southern Illinois,MVFC,2046,Austin Peay,UAC,31.0,,,17.0,,,False
401634241,2024,3,2024-09-14T23:00:00.000Z,79,Southern Illinois,MVFC,2916,Incarnate Word,Southland,35.0,,,28.0,,,True
401634242,2024,4,2024-09-21T23:00:00.000Z,79,Southern Illinois,MVFC,2546,Southeast Missouri State,Big South-OVC,21.0,,,38.0,,,True
401634243,2024,5,2024-09-28T18:00:00.000Z,79,Southern Illinois,MVFC,233,South Dakota,MVFC,13.0,,,42.0,,,False
401634162,2024,6,2024-10-05T23:00:00.000Z,79,Southern Illinois,MVFC,2287,Illinois State,MVFC,10.0,,,45.0,,,True
401634208,2024,7,2024-10-12T19:00:00.000Z,79,Southern Illinois,MVFC,2449,North Dakota State,MVFC,3.0,,,24.0,,,True
401634176,2024,9,2024-10-26T17:00:00.000Z,79,Southern Illinois,MVFC,282,Indiana State,MVFC,17.0,,,20.0,,,False
401634186,2024,10,2024-11-02T19:00:00.000Z,79,Southern Illinois,MVFC,2623,Missouri State,MVFC,17.0,,,38.0,,,False
401634244,2024,11,2024-11-09T18:00:00.000Z,79,Southern Illinois,MVFC,2754,Youngstown State,MVFC,37.0,,,33.0,,,True
401634239,2024,12,2024-11-16T20:00:00.000Z,79,Southern Illinois,MVFC,2571,South Dakota State,MVFC,10.0,,,41.0,,,False
401634196,2024,13,2024-11-23T18:00:00.000Z,79,Southern Illinois,MVFC,93,Murray State,MVFC,62.0,,,0.0,,,True
401628324,2024,1,2024-08-31T23:45:00.000Z,2572,Southern Miss,Sun Belt,96,Kentucky,SEC,0.0,1276.0,1230.0,31.0,1594.0,1640.0,False
401643782,2024,2,2024-09-07T23:00:00.000Z,2572,Southern Miss,Sun Belt,2545,SE Louisiana,Southland,35.0,1217.0,1217.0,10.0,,,True
401643789,2024,3,2024-09-14T23:00:00.000Z,2572,Southern Miss,Sun Belt,58,South Florida,American Athletic,24.0,1230.0,1187.0,49.0,1433.0,1476.0,True
401641000,2024,4,2024-09-21T19:00:00.000Z,2572,Southern Miss,Sun Belt,55,Jacksonville State,Conference USA,7.0,1187.0,1106.0,44.0,1372.0,1453.0,False
401643802,2024,6,2024-10-05T23:00:00.000Z,2572,Southern Miss,Sun Belt,309,Louisiana,Sun Belt,13.0,1106.0,1120.0,23.0,1537.0,1523.0,True
401643807,2024,7,2024-10-12T21:00:00.000Z,2572,Southern Miss,Sun Belt,2433,UL Monroe,Sun Belt,21.0,1120.0,1095.0,38.0,1247.0,1272.0,False
401643814,2024,8,2024-10-19T23:00:00.000Z,2572,Southern Miss,Sun Belt,2032,Arkansas State,Sun Belt,28.0,1095.0,1074.0,44.0,1262.0,1283.0,True
401643817,2024,9,2024-10-26T19:30:00.000Z,2572,Southern Miss,Sun Belt,256,James Madison,Sun Belt,15.0,1074.0,1096.0,32.0,1788.0,1766.0,False
401643829,2024,11,2024-11-09T20:00:00.000Z,2572,Southern Miss,Sun Belt,276,Marshall,Sun Belt,3.0,1096.0,1039.0,37.0,1415.0,1472.0,True
401643835,2024,12,2024-11-17T00:00:00.000Z,2572,Southern Miss,Sun Belt,326,Texas State,Sun Belt,3.0,1039.0,948.0,58.0,1602.0,1693.0,False
401643841,2024,13,2024-11-23T20:00:00.000Z,2572,Southern Miss,Sun Belt,6,South Alabama,Sun Belt,14.0,948.0,961.0,35.0,1621.0,1608.0,True
401643849,2024,14,2024-11-30T19:00:00.000Z,2572,Southern Miss,Sun Belt,2653,Troy,Sun Belt,20.0,961.0,929.0,52.0,1432.0,1464.0,False
401674419,2024,2,2024-09-06T00:00:00.000Z,200,Southern Nazarene,Great American,2264,Harding University,Great American,0.0,,,59.0,,,False
401674230,2024,3,2024-09-14T23:00:00.000Z,200,Southern Nazarene,Great American,2033,Arkansas Tech,Great American,6.0,,,26.0,,,True
401674493,2024,4,2024-09-21T20:00:00.000Z,200,Southern Nazarene,Great American,2823,Northwestern Oklahoma State,Great American,7.0,,,14.0,,,True
401674494,2024,5,2024-09-28T23:00:00.000Z,200,Southern Nazarene,Great American,2927,Southwestern Oklahoma State,Great American,17.0,,,24.0,,,False
401674495,2024,6,2024-10-05T19:30:00.000Z,200,Southern Nazarene,Great American,2568,Southern Arkansas,Great American,21.0,,,49.0,,,False
401674429,2024,7,2024-10-12T19:00:00.000Z,200,Southern Nazarene,Great American,2271,Henderson State,Great American,21.0,,,48.0,,,True
401674491,2024,8,2024-10-19T19:00:00.000Z,200,Southern Nazarene,Great American,199,Southeastern Oklahoma State,Great American,14.0,,,40.0,,,False
401674416,2024,9,2024-10-26T19:00:00.000Z,200,Southern Nazarene,Great American,2191,East Central (OK),Great American,30.0,,,31.0,,,True
401674488,2024,10,2024-10-31T23:00:00.000Z,200,Southern Nazarene,Great American,2888,Ouachita Baptist,Great American,18.0,,,17.0,,,False
401674408,2024,11,2024-11-09T20:00:00.000Z,200,Southern Nazarene,Great American,2028,Arkansas-Monticello,Great American,24.0,,,21.0,,,True
401674483,2024,12,2024-11-16T20:00:00.000Z,200,Southern Nazarene,Great American,319,Oklahoma Baptist,Great American,49.0,,,21.0,,,False
401693678,2024,2,2024-09-07T04:00:00.000Z,2584,Southern Oregon,,124179,Lincoln (CA),Independent DII,46.0,,,7.0,,,False
401636607,2024,1,2024-08-30T01:00:00.000Z,253,Southern Utah,UAC,254,Utah,Big 12,0.0,,,49.0,1622.0,1622.0,False
401632072,2024,2,2024-09-08T01:00:00.000Z,253,Southern Utah,UAC,2638,UTEP,Conference USA,27.0,,,24.0,1224.0,1224.0,False
401632075,2024,3,2024-09-15T00:00:00.000Z,253,Southern Utah,UAC,302,UC Davis,Big Sky,21.0,,,24.0,,,True
401632102,2024,4,2024-09-21T22:00:00.000Z,253,Southern Utah,UAC,304,Idaho State,Big Sky,28.0,,,38.0,,,False
401632106,2024,5,2024-09-28T18:00:00.000Z,253,Southern Utah,UAC,2046,Austin Peay,UAC,28.0,,,17.0,,,False
401632112,2024,6,2024-10-06T00:00:00.000Z,253,Southern Utah,UAC,2627,Tarleton State,UAC,37.0,,,38.0,,,True
401678917,2024,7,2024-10-12T20:00:00.000Z,253,Southern Utah,UAC,2198,Eastern Kentucky,UAC,42.0,,,21.0,,,True
401632116,2024,9,2024-10-26T18:00:00.000Z,253,Southern Utah,UAC,2698,West Georgia,UAC,28.0,,,17.0,,,True
401632128,2024,10,2024-11-02T20:00:00.000Z,253,Southern Utah,UAC,2000,Abilene Christian,UAC,25.0,,,28.0,,,False
401632135,2024,11,2024-11-09T20:00:00.000Z,253,Southern Utah,UAC,2453,North Alabama,UAC,38.0,,,26.0,,,False
401678916,2024,12,2024-11-16T22:00:00.000Z,253,Southern Utah,UAC,2110,Central Arkansas,UAC,38.0,,,31.0,,,False
401632143,2024,13,2024-11-23T20:00:00.000Z,253,Southern Utah,UAC,3101,Utah Tech,UAC,37.0,,,34.0,,,True
401675996,2024,2,2024-09-07T17:00:00.000Z,2896,Southern Virginia,USA South,3111,Apprentice School,Independent DIII,9.0,,,44.0,,,False
401675997,2024,3,2024-09-14T18:00:00.000Z,2896,Southern Virginia,USA South,2079,Bridgewater (VA),Old Dominion,0.0,,,80.0,,,False
401675998,2024,4,2024-09-21T17:00:00.000Z,2896,Southern Virginia,USA South,2373,Maryville College (TN),USA South,6.0,,,54.0,,,True
401675999,2024,5,2024-09-28T16:00:00.000Z,2896,Southern Virginia,USA South,2256,Greensboro College,USA South,23.0,,,42.0,,,False
401676000,2024,6,2024-10-05T17:00:00.000Z,2896,Southern Virginia,USA South,2913,Brevard College,USA South,21.0,,,55.0,,,True
401676001,2024,7,2024-10-12T17:00:00.000Z,2896,Southern Virginia,USA South,2056,Belhaven,USA South,17.0,,,38.0,,,False
401676002,2024,8,2024-10-19T19:00:00.000Z,2896,Southern Virginia,USA South,291,Methodist,USA South,21.0,,,17.0,,,False
401676003,2024,9,2024-10-26T17:00:00.000Z,2896,Southern Virginia,USA South,286,North Carolina Wesleyan,USA South,31.0,,,34.0,,,True
401676004,2024,11,2024-11-09T18:00:00.000Z,2896,Southern Virginia,USA South,2938,Huntingdon College (AL),USA South,0.0,,,51.0,,,True
401676005,2024,12,2024-11-16T18:00:00.000Z,2896,Southern Virginia,USA South,548,Lagrange College,USA South,24.0,,,50.0,,,False
401673151,2024,2,2024-09-07T19:00:00.000Z,2586,Southwest Baptist,Great Lakes,2069,Black Hills State,Rocky Mountain,14.0,,,24.0,,,False
401674533,2024,3,2024-09-14T23:00:00.000Z,2586,Southwest Baptist,Great Lakes,2824,Oklahoma Panhandle St,Independent DII,42.0,,,10.0,,,True
401674534,2024,4,2024-09-21T18:00:00.000Z,2586,Southwest Baptist,Great Lakes,389,Upper Iowa University,Great Lakes,7.0,,,21.0,,,True
401674511,2024,5,2024-09-28T18:00:00.000Z,2586,Southwest Baptist,Great Lakes,2876,Lincoln (MO),Great Lakes,17.0,,,13.0,,,True
401674529,2024,6,2024-10-05T23:00:00.000Z,2586,Southwest Baptist,Great Lakes,2402,Missouri S&T,Great Lakes,24.0,,,65.0,,,False
401674520,2024,7,2024-10-12T18:00:00.000Z,2586,Southwest Baptist,Great Lakes,2816,McKendree,Great Lakes,14.0,,,37.0,,,False
401674535,2024,9,2024-10-26T18:00:00.000Z,2586,Southwest Baptist,Great Lakes,2911,William Jewell,Great Lakes,27.0,,,28.0,,,True
401674505,2024,10,2024-11-02T22:00:00.000Z,2586,Southwest Baptist,Great Lakes,2292,Indianapolis,Great Lakes,3.0,,,58.0,,,False
401674536,2024,11,2024-11-09T19:00:00.000Z,2586,Southwest Baptist,Great Lakes,2825,Quincy,Great Lakes,25.0,,,34.0,,,True
401674537,2024,12,2024-11-16T18:00:00.000Z,2586,Southwest Baptist,Great Lakes,2654,Truman State,Great Lakes,3.0,,,55.0,,,False
401674222,2024,2,2024-09-07T22:00:00.000Z,2587,Southwest Minnesota State,Northern Sun,568,Minot State,Northern Sun,9.0,,,42.0,,,True
401674309,2024,3,2024-09-14T19:00:00.000Z,2587,Southwest Minnesota State,Northern Sun,132,Bemidji State,Northern Sun,0.0,,,33.0,,,False
401675835,2024,4,2024-09-21T18:00:00.000Z,2587,Southwest Minnesota State,Northern Sun,3066,Concordia University St Paul,Northern Sun,17.0,,,27.0,,,True
401674321,2024,5,2024-09-28T17:05:00.000Z,2587,Southwest Minnesota State,Northern Sun,134,Minnesota Duluth,Northern Sun,0.0,,,62.0,,,False
401674181,2024,6,2024-10-05T18:00:00.000Z,2587,Southwest Minnesota State,Northern Sun,2438,Nebraska-Kearney,Mid America,0.0,,,35.0,,,True
401675842,2024,7,2024-10-12T22:00:00.000Z,2587,Southwest Minnesota State,Northern Sun,2844,Wayne State (NE),Northern Sun,7.0,,,41.0,,,True
401675819,2024,8,2024-10-19T23:00:00.000Z,2587,Southwest Minnesota State,Northern Sun,425,Northern State,Northern Sun,7.0,,,41.0,,,False
401674335,2024,9,2024-10-26T17:00:00.000Z,2587,Southwest Minnesota State,Northern Sun,2817,Minnesota State Moorhead,Northern Sun,6.0,,,38.0,,,False
401675826,2024,10,2024-11-02T16:00:00.000Z,2587,Southwest Minnesota State,Northern Sun,559,University of Mary,Northern Sun,6.0,,,15.0,,,True
401676743,2024,11,2024-11-09T17:00:00.000Z,2587,Southwest Minnesota State,Northern Sun,2851,Winona State,Northern Sun,15.0,,,37.0,,,True
401676742,2024,12,2024-11-16T19:00:00.000Z,2587,Southwest Minnesota State,Northern Sun,2894,Sioux Falls,Northern Sun,14.0,,,41.0,,,False
401674646,2024,3,2024-09-14T23:00:00.000Z,2904,Southwestern Assemblies Of God,,2758,Howard Payne,American Southwest,29.0,,,27.0,,,True
401674484,2024,2,2024-09-06T00:00:00.000Z,2927,Southwestern Oklahoma State,Great American,2888,Ouachita Baptist,Great American,3.0,,,42.0,,,False
401674401,2024,3,2024-09-14T23:00:00.000Z,2927,Southwestern Oklahoma State,Great American,2028,Arkansas-Monticello,Great American,28.0,,,39.0,,,True
401674412,2024,4,2024-09-21T23:00:00.000Z,2927,Southwestern Oklahoma State,Great American,2191,East Central (OK),Great American,19.0,,,3.0,,,False
401674494,2024,5,2024-09-28T23:00:00.000Z,2927,Southwestern Oklahoma State,Great American,200,Southern Nazarene,Great American,24.0,,,17.0,,,True
401674422,2024,6,2024-10-05T19:00:00.000Z,2927,Southwestern Oklahoma State,Great American,2264,Harding University,Great American,3.0,,,57.0,,,True
401674234,2024,7,2024-10-12T21:00:00.000Z,2927,Southwestern Oklahoma State,Great American,2033,Arkansas Tech,Great American,19.0,,,29.0,,,False
401674480,2024,8,2024-10-19T23:00:00.000Z,2927,Southwestern Oklahoma State,Great American,319,Oklahoma Baptist,Great American,17.0,,,35.0,,,False
401674492,2024,9,2024-10-26T19:00:00.000Z,2927,Southwestern Oklahoma State,Great American,199,Southeastern Oklahoma State,Great American,15.0,,,30.0,,,True
401675365,2024,10,2024-11-02T19:00:00.000Z,2927,Southwestern Oklahoma State,Great American,2568,Southern Arkansas,Great American,14.0,,,48.0,,,True
401674432,2024,11,2024-11-09T19:00:00.000Z,2927,Southwestern Oklahoma State,Great American,2271,Henderson State,Great American,17.0,,,35.0,,,False
401674497,2024,12,2024-11-16T21:00:00.000Z,2927,Southwestern Oklahoma State,Great American,2823,Northwestern Oklahoma State,Great American,50.0,,,0.0,,,True
401674656,2024,2,2024-09-08T00:00:00.000Z,2588,Southwestern University,Southern Athletic,241,McMurry,Southern Collegiate Athletic,24.0,,,20.0,,,True
401687170,2024,3,2024-09-14T20:00:00.000Z,2588,Southwestern University,Southern Athletic,2508,Puget Sound,Northwest,47.0,,,19.0,,,False
401676369,2024,4,2024-09-21T18:00:00.000Z,2588,Southwestern University,Southern Athletic,418,Hendrix College,Southern Athletic,20.0,,,35.0,,,False
401676416,2024,6,2024-10-05T22:00:00.000Z,2588,Southwestern University,Southern Athletic,2757,Berry College,Southern Athletic,7.0,,,44.0,,,False
401676302,2024,7,2024-10-12T18:00:00.000Z,2588,Southwestern University,Southern Athletic,2519,Rhodes College,Southern Athletic,45.0,,,22.0,,,True
401677410,2024,8,2024-10-19T16:00:00.000Z,2588,Southwestern University,Southern Athletic,2398,Millsaps,Southern Athletic,14.0,,,17.0,,,True
401676373,2024,9,2024-10-26T16:00:00.000Z,2588,Southwestern University,Southern Athletic,2121,Centre College Kentucky,Southern Athletic,28.0,,,38.0,,,True
401676268,2024,10,2024-11-02T17:00:00.000Z,2588,Southwestern University,Southern Athletic,2553,Sewanee,Southern Athletic,35.0,,,10.0,,,False
401676262,2024,11,2024-11-09T19:00:00.000Z,2588,Southwestern University,Southern Athletic,386,Trinity University TX,Southern Athletic,7.0,,,34.0,,,False
401674668,2024,12,2024-11-16T19:00:00.000Z,2588,Southwestern University,Southern Athletic,2639,Texas Lutheran,Southern Collegiate Athletic,10.0,,,17.0,,,False
401676760,2024,2,2024-09-06T23:00:00.000Z,81,Springfield,NEWMAC,2702,Western New England,Commonwealth Coast,38.0,,,32.0,,,True
401674712,2024,3,2024-09-14T17:00:00.000Z,81,Springfield,NEWMAC,2280,Husson,Commonwealth Coast,76.0,,,7.0,,,False
401674860,2024,4,2024-09-20T23:00:00.000Z,81,Springfield,NEWMAC,237,Union (NY),Liberty League,37.0,,,20.0,,,True
401676225,2024,5,2024-09-28T17:00:00.000Z,81,Springfield,NEWMAC,2557,Coast Guard,NEWMAC,52.0,,,34.0,,,False
401676226,2024,6,2024-10-05T16:00:00.000Z,81,Springfield,NEWMAC,2749,Worcester Polytechnic Institute,NEWMAC,51.0,,,7.0,,,True
401676227,2024,8,2024-10-19T16:00:00.000Z,81,Springfield,NEWMAC,109,MIT,NEWMAC,48.0,,,0.0,,,True
401676228,2024,9,2024-10-26T16:00:00.000Z,81,Springfield,NEWMAC,2776,Salve Regina,NEWMAC,31.0,,,7.0,,,False
401676221,2024,10,2024-11-02T16:00:00.000Z,81,Springfield,NEWMAC,2467,Norwich,NEWMAC,56.0,,,14.0,,,True
401676216,2024,11,2024-11-09T17:00:00.000Z,81,Springfield,NEWMAC,2383,Merchant Marine Academy,NEWMAC,42.0,,,7.0,,,False
401676229,2024,12,2024-11-16T17:00:00.000Z,81,Springfield,NEWMAC,2951,SUNY Maritime,NEWMAC,55.0,,,20.0,,,False
401734575,2024,14,2024-11-30T17:00:00.000Z,81,Springfield,NEWMAC,379,UMass Dartmouth,MSCAC,54.0,,,27.0,,,True
401735971,2024,15,2024-12-07T17:00:00.000Z,81,Springfield,NEWMAC,2782,Cortland,Empire 8,40.0,,,28.0,,,False
401737148,2024,16,2024-12-14T18:00:00.000Z,81,Springfield,NEWMAC,3071,North Central College,CCIW,3.0,,,27.0,,,False
401676348,2024,2,2024-09-07T17:00:00.000Z,374,St John Fisher University,Empire 8,317,Marietta,Ohio,0.0,,,55.0,,,True
401676663,2024,4,2024-09-21T16:00:00.000Z,374,St John Fisher University,Empire 8,122774,Keystone,Landmark Conference,42.0,,,40.0,,,True
401674823,2024,5,2024-09-28T16:00:00.000Z,374,St John Fisher University,Empire 8,398,Wilkes,Landmark Conference,21.0,,,28.0,,,False
401677374,2024,6,2024-10-05T17:00:00.000Z,374,St John Fisher University,Empire 8,2781,Brockport,Empire 8,0.0,,,35.0,,,False
401677404,2024,7,2024-10-12T16:00:00.000Z,374,St John Fisher University,Empire 8,125974,Hilbert College,Empire 8,52.0,,,6.0,,,False
401687156,2024,8,2024-10-19T19:00:00.000Z,374,St John Fisher University,Empire 8,173,Hartwick,Empire 8,56.0,,,0.0,,,True
401674759,2024,9,2024-10-26T17:00:00.000Z,374,St John Fisher University,Empire 8,2782,Cortland,Empire 8,0.0,,,49.0,,,False
401674752,2024,10,2024-11-02T17:00:00.000Z,374,St John Fisher University,Empire 8,365,Alfred University,Empire 8,31.0,,,34.0,,,False
401687162,2024,11,2024-11-09T17:00:00.000Z,374,St John Fisher University,Empire 8,3110,SUNY Morrisville,Empire 8,11.0,,,14.0,,,True
401676669,2024,12,2024-11-16T18:00:00.000Z,374,St John Fisher University,Empire 8,390,Utica,Empire 8,20.0,,,35.0,,,True
401654632,2024,2,2024-09-07T17:00:00.000Z,2830,St. Anselm,Northeast 10,2529,Sacred Heart,FCS Independents,3.0,,,10.0,,,False
401676735,2024,3,2024-09-14T17:00:00.000Z,2830,St. Anselm,Northeast 10,2060,Bentley,Northeast 10,0.0,,,3.0,,,True
401676736,2024,4,2024-09-21T16:00:00.000Z,2830,St. Anselm,Northeast 10,2022,American International,Northeast 10,37.0,,,20.0,,,False
401676737,2024,5,2024-09-28T17:00:00.000Z,2830,St. Anselm,Northeast 10,2583,Southern Connecticut State,Northeast 10,31.0,,,28.0,,,True
401676731,2024,6,2024-10-05T17:00:00.000Z,2830,St. Anselm,Northeast 10,126086,Post University,Northeast 10,56.0,,,28.0,,,True
401676738,2024,7,2024-10-12T16:00:00.000Z,2830,St. Anselm,Northeast 10,2487,Pace,Northeast 10,20.0,,,26.0,,,False
401676710,2024,8,2024-10-19T17:00:00.000Z,2830,St. Anselm,Northeast 10,2038,Assumption,Northeast 10,20.0,,,14.0,,,True
401676720,2024,10,2024-11-02T17:00:00.000Z,2830,St. Anselm,Northeast 10,112334,Franklin Pierce,Northeast 10,42.0,,,28.0,,,False
401676728,2024,11,2024-11-09T18:00:00.000Z,2830,St. Anselm,Northeast 10,2441,New Haven,Northeast 10,11.0,,,14.0,,,True
401676739,2024,12,2024-11-16T17:00:00.000Z,2830,St. Anselm,Northeast 10,2060,Bentley,Northeast 10,14.0,,,41.0,,,False
401654646,2024,1,2024-08-31T16:00:00.000Z,2598,St. Francis (PA),NEC,2168,Dayton,Pioneer,10.0,,,18.0,,,False
401644732,2024,2,2024-09-07T18:30:00.000Z,2598,St. Francis (PA),NEC,2309,Kent State,Mid-American,23.0,,,17.0,1096.0,1096.0,False
401654574,2024,3,2024-09-14T16:00:00.000Z,2598,St. Francis (PA),NEC,2115,Central Connecticut,NEC,20.0,,,27.0,,,True
401644737,2024,4,2024-09-21T18:00:00.000Z,2598,St. Francis (PA),NEC,2199,Eastern Michigan,Mid-American,0.0,,,36.0,1303.0,1303.0,False
401654509,2024,6,2024-10-05T17:00:00.000Z,2598,St. Francis (PA),NEC,2169,Delaware State,MEAC,28.0,,,17.0,,,False
401654590,2024,7,2024-10-12T16:00:00.000Z,2598,St. Francis (PA),NEC,2184,Duquesne,NEC,7.0,,,38.0,,,True
401654647,2024,8,2024-10-19T16:00:00.000Z,2598,St. Francis (PA),NEC,2681,Wagner,NEC,0.0,,,14.0,,,False
401654608,2024,9,2024-10-26T18:00:00.000Z,2598,St. Francis (PA),NEC,2523,Robert Morris,NEC,0.0,,,17.0,,,False
401654648,2024,10,2024-11-02T17:00:00.000Z,2598,St. Francis (PA),NEC,284,Stonehill,NEC,34.0,,,0.0,,,True
401654599,2024,12,2024-11-16T17:00:00.000Z,2598,St. Francis (PA),NEC,2341,Long Island University,NEC,34.0,,,27.0,,,False
401654635,2024,13,2024-11-23T18:00:00.000Z,2598,St. Francis (PA),NEC,2385,Mercyhurst,NEC,20.0,,,21.0,,,False
401674853,2024,2,2024-09-07T16:00:00.000Z,2779,St. Lawrence,Liberty League,452,Endicott College,Commonwealth Coast,13.0,,,44.0,,,True
401674854,2024,3,2024-09-13T23:00:00.000Z,2779,St. Lawrence,Liberty League,2467,Norwich,NEWMAC,20.0,,,9.0,,,False
401676762,2024,4,2024-09-20T23:00:00.000Z,2779,St. Lawrence,Liberty League,2702,Western New England,Commonwealth Coast,14.0,,,28.0,,,True
401674856,2024,6,2024-10-05T17:00:00.000Z,2779,St. Lawrence,Liberty League,237,Union (NY),Liberty League,27.0,,,24.0,,,True
401674850,2024,7,2024-10-12T16:00:00.000Z,2779,St. Lawrence,Liberty League,2528,Rensselaer,Liberty League,10.0,,,34.0,,,False
401674830,2024,8,2024-10-19T17:00:00.000Z,2779,St. Lawrence,Liberty League,174,Hobart College,Liberty League,3.0,,,39.0,,,True
401674843,2024,9,2024-10-26T16:00:00.000Z,2779,St. Lawrence,Liberty League,184,University of Rochester (NY),Liberty League,0.0,,,21.0,,,False
401674839,2024,11,2024-11-09T18:00:00.000Z,2779,St. Lawrence,Liberty League,175,Ithaca College,Liberty League,0.0,,,41.0,,,False
401674857,2024,12,2024-11-16T18:00:00.000Z,2779,St. Lawrence,Liberty League,2085,Buffalo State,Liberty League,26.0,,,18.0,,,True
401675293,2024,2,2024-09-07T17:00:00.000Z,2832,St. Norbert,NACC,89,Wabash College,North Coast,0.0,,,31.0,,,False
401675954,2024,3,2024-09-14T18:00:00.000Z,2832,St. Norbert,NACC,2743,Wisconsin-Stevens Pt,Wisconsin,3.0,,,24.0,,,True
401675989,2024,4,2024-09-21T18:00:00.000Z,2832,St. Norbert,NACC,2044,Aurora,NACC,0.0,,,49.0,,,False
401675029,2024,5,2024-09-28T18:00:00.000Z,2832,St. Norbert,NACC,2524,Rockford,NACC,40.0,,,3.0,,,False
401676058,2024,6,2024-10-05T17:00:00.000Z,2832,St. Norbert,NACC,409,Concordia-Wisconsin,NACC,28.0,,,10.0,,,True
401676071,2024,7,2024-10-12T18:00:00.000Z,2832,St. Norbert,NACC,2283,Benedictine University,NACC,14.0,,,0.0,,,False
401676039,2024,8,2024-10-19T17:00:00.000Z,2832,St. Norbert,NACC,2151,Concordia University Chicago,NACC,62.0,,,0.0,,,True
401676072,2024,10,2024-11-02T18:00:00.000Z,2832,St. Norbert,NACC,2741,Wisconsin-Lutheran,NACC,55.0,,,7.0,,,False
401676070,2024,11,2024-11-09T18:00:00.000Z,2832,St. Norbert,NACC,6353,Lakeland,NACC,55.0,,,13.0,,,True
401676073,2024,12,2024-11-16T18:00:00.000Z,2832,St. Norbert,NACC,101,Eureka College,NACC,61.0,,,0.0,,,True
401674988,2024,2,2024-09-08T00:00:00.000Z,133,St. Olaf,Minnesota,583,Northwestern (MN),Upper Midwest,39.0,,,21.0,,,False
401674989,2024,3,2024-09-14T18:00:00.000Z,133,St. Olaf,Minnesota,67,Luther,American Rivers,53.0,,,7.0,,,True
401674984,2024,5,2024-09-29T00:00:00.000Z,133,St. Olaf,Minnesota,2359,Macalester,Minnesota,29.0,,,0.0,,,False
401674979,2024,6,2024-10-05T18:00:00.000Z,133,St. Olaf,Minnesota,162,Hamline University,Minnesota,41.0,,,6.0,,,True
401674960,2024,7,2024-10-12T18:00:00.000Z,133,St. Olaf,Minnesota,2101,Carleton,Minnesota,19.0,,,13.0,,,True
401674990,2024,8,2024-10-19T18:00:00.000Z,133,St. Olaf,Minnesota,375,St. Scholastica,Minnesota,36.0,,,33.0,,,True
401674946,2024,9,2024-10-26T17:00:00.000Z,133,St. Olaf,Minnesota,124,Augsburg,Minnesota,34.0,,,35.0,,,False
401674976,2024,10,2024-11-02T18:00:00.000Z,133,St. Olaf,Minnesota,2968,Gustavus Adolphus,Minnesota,10.0,,,21.0,,,False
401674987,2024,11,2024-11-09T19:00:00.000Z,133,St. Olaf,Minnesota,2600,Saint John's (MN),Minnesota,6.0,,,55.0,,,False
401734015,2024,12,2024-11-16T18:00:00.000Z,133,St. Olaf,Minnesota,124,Augsburg,Minnesota,41.0,,,26.0,,,True
401675027,2024,3,2024-09-14T18:00:00.000Z,375,St. Scholastica,Minnesota,2524,Rockford,NACC,24.0,,,31.0,,,True
401675987,2024,4,2024-09-22T00:00:00.000Z,375,St. Scholastica,Minnesota,509,Crown College,Upper Midwest,35.0,,,13.0,,,False
401674966,2024,5,2024-09-28T18:00:00.000Z,375,St. Scholastica,Minnesota,2152,Concordia Moorhead,Minnesota,0.0,,,35.0,,,False
401674985,2024,6,2024-10-05T18:00:00.000Z,375,St. Scholastica,Minnesota,2359,Macalester,Minnesota,30.0,,,28.0,,,True
401674973,2024,7,2024-10-12T18:00:00.000Z,375,St. Scholastica,Minnesota,2968,Gustavus Adolphus,Minnesota,13.0,,,51.0,,,False
401674990,2024,8,2024-10-19T18:00:00.000Z,375,St. Scholastica,Minnesota,133,St. Olaf,Minnesota,33.0,,,36.0,,,False
401674962,2024,9,2024-10-26T18:00:00.000Z,375,St. Scholastica,Minnesota,2101,Carleton,Minnesota,14.0,,,35.0,,,True
401674986,2024,10,2024-11-02T18:00:00.000Z,375,St. Scholastica,Minnesota,2600,Saint John's (MN),Minnesota,0.0,,,70.0,,,True
401674981,2024,11,2024-11-09T19:00:00.000Z,375,St. Scholastica,Minnesota,162,Hamline University,Minnesota,42.0,,,28.0,,,False
401734014,2024,12,2024-11-16T18:00:00.000Z,375,St. Scholastica,Minnesota,2359,Macalester,Minnesota,44.0,,,41.0,,,True
401655860,2024,1,2024-08-30T00:00:00.000Z,2900,St. Thomas (MN),Pioneer,2894,Sioux Falls,Northern Sun,13.0,,,34.0,,,True
401654583,2024,2,2024-09-07T18:00:00.000Z,2900,St. Thomas (MN),Pioneer,2460,Northern Iowa,MVFC,10.0,,,17.0,,,True
401655861,2024,3,2024-09-14T18:00:00.000Z,2900,St. Thomas (MN),Pioneer,2069,Black Hills State,Rocky Mountain,24.0,,,14.0,,,True
401655634,2024,4,2024-09-21T18:00:00.000Z,2900,St. Thomas (MN),Pioneer,2815,Lindenwood,Big South-OVC,0.0,,,64.0,,,False
401638667,2024,6,2024-10-05T18:00:00.000Z,2900,St. Thomas (MN),Pioneer,56,Stetson,Pioneer,34.0,,,24.0,,,True
401638671,2024,7,2024-10-12T16:00:00.000Z,2900,St. Thomas (MN),Pioneer,2368,Marist,Pioneer,39.0,,,32.0,,,False
401638677,2024,8,2024-10-19T18:00:00.000Z,2900,St. Thomas (MN),Pioneer,2674,Valparaiso,Pioneer,42.0,,,14.0,,,False
401638681,2024,9,2024-10-26T17:00:00.000Z,2900,St. Thomas (MN),Pioneer,301,San Diego,Pioneer,34.0,,,14.0,,,True
401638687,2024,10,2024-11-02T17:00:00.000Z,2900,St. Thomas (MN),Pioneer,2413,Morehead State,Pioneer,7.0,,,21.0,,,False
401638689,2024,11,2024-11-09T19:00:00.000Z,2900,St. Thomas (MN),Pioneer,2181,Drake,Pioneer,19.0,,,22.0,,,True
401638696,2024,12,2024-11-16T18:00:00.000Z,2900,St. Thomas (MN),Pioneer,2086,Butler,Pioneer,20.0,,,36.0,,,False
401638700,2024,13,2024-11-23T19:00:00.000Z,2900,St. Thomas (MN),Pioneer,2168,Dayton,Pioneer,32.0,,,9.0,,,True
401677462,2024,7,2024-10-12T18:00:00.000Z,2615,St. Xavier IL,,190,Defiance College,,45.0,,,14.0,,,True
401634300,2024,1,2024-08-31T02:30:00.000Z,24,Stanford,ACC,2628,TCU,Big 12,27.0,1286.0,1295.0,34.0,1587.0,1578.0,True
401635539,2024,2,2024-09-07T23:00:00.000Z,24,Stanford,ACC,13,Cal Poly,Big Sky,41.0,1282.0,1282.0,7.0,,,True
401634766,2024,4,2024-09-20T23:30:00.000Z,24,Stanford,ACC,183,Syracuse,ACC,26.0,1295.0,1303.0,24.0,1386.0,1378.0,False
401635561,2024,5,2024-09-28T23:00:00.000Z,24,Stanford,ACC,228,Clemson,ACC,14.0,1303.0,1288.0,40.0,1790.0,1805.0,False
401635573,2024,6,2024-10-05T19:30:00.000Z,24,Stanford,ACC,259,Virginia Tech,ACC,7.0,1288.0,1261.0,31.0,1617.0,1644.0,True
401628981,2024,7,2024-10-12T19:30:00.000Z,24,Stanford,ACC,87,Notre Dame,FBS Independents,7.0,1261.0,1229.0,49.0,1994.0,2026.0,False
401635590,2024,8,2024-10-20T00:00:00.000Z,24,Stanford,ACC,2567,SMU,ACC,10.0,1229.0,1208.0,40.0,1765.0,1786.0,True
401635599,2024,9,2024-10-26T19:30:00.000Z,24,Stanford,ACC,154,Wake Forest,ACC,24.0,1208.0,1212.0,27.0,1353.0,1349.0,True
401635516,2024,10,2024-11-02T16:00:00.000Z,24,Stanford,ACC,152,NC State,ACC,28.0,1212.0,1158.0,59.0,1460.0,1514.0,False
401635517,2024,12,2024-11-16T20:30:00.000Z,24,Stanford,ACC,97,Louisville,ACC,38.0,1158.0,1168.0,35.0,1725.0,1715.0,True
401635613,2024,13,2024-11-23T20:30:00.000Z,24,Stanford,ACC,25,California,ACC,21.0,1168.0,1172.0,24.0,1610.0,1606.0,False
401635625,2024,14,2024-11-29T21:00:00.000Z,24,Stanford,ACC,23,San José State,Mountain West,31.0,1172.0,1175.0,34.0,1481.0,1478.0,False
401675114,2024,1,2024-08-30T00:00:00.000Z,2617,Stephen F. Austin,Southland,123086,North American University,,77.0,,,0.0,,,True
401645325,2024,2,2024-09-07T23:30:00.000Z,2617,Stephen F. Austin,Southland,249,North Texas,American Athletic,20.0,,,35.0,1460.0,1460.0,False
401675115,2024,3,2024-09-15T00:00:00.000Z,2617,Stephen F. Austin,Southland,2377,McNeese,Southland,24.0,,,28.0,,,False
401655630,2024,4,2024-09-22T00:00:00.000Z,2617,Stephen F. Austin,Southland,2458,Northern Colorado,Big Sky,48.0,,,7.0,,,True
401675117,2024,6,2024-10-06T00:00:00.000Z,2617,Stephen F. Austin,Southland,2466,Northwestern State,Southland,59.0,,,17.0,,,True
401675118,2024,7,2024-10-12T20:00:00.000Z,2617,Stephen F. Austin,Southland,2320,Lamar,Southland,27.0,,,20.0,,,False
401675119,2024,8,2024-10-19T21:00:00.000Z,2617,Stephen F. Austin,Southland,2545,SE Louisiana,Southland,23.0,,,24.0,,,False
401675120,2024,9,2024-10-26T23:00:00.000Z,2617,Stephen F. Austin,Southland,2277,Houston Christian,Southland,55.0,,,6.0,,,True
401675121,2024,10,2024-11-02T20:00:00.000Z,2617,Stephen F. Austin,Southland,2447,Nicholls,Southland,28.0,,,12.0,,,False
401675122,2024,11,2024-11-09T21:30:00.000Z,2617,Stephen F. Austin,Southland,2837,East Texas A&M,Southland,14.0,,,19.0,,,False
401675123,2024,12,2024-11-16T20:00:00.000Z,2617,Stephen F. Austin,Southland,2916,Incarnate Word,Southland,20.0,,,27.0,,,True
401678896,2024,13,2024-11-23T20:00:00.000Z,2617,Stephen F. Austin,Southland,2000,Abilene Christian,UAC,32.0,,,19.0,,,True
401673044,2024,1,2024-08-31T22:00:00.000Z,56,Stetson,Pioneer,3178,Ave Maria University,,41.0,,,3.0,,,True
401673045,2024,2,2024-09-07T22:00:00.000Z,56,Stetson,Pioneer,2683,Warner University,,35.0,,,0.0,,,True
401654678,2024,3,2024-09-14T18:00:00.000Z,56,Stetson,Pioneer,231,Furman,Southern,7.0,,,48.0,,,False
401644596,2024,4,2024-09-21T16:00:00.000Z,56,Stetson,Pioneer,108,Harvard,Ivy,0.0,,,35.0,,,False
401638667,2024,6,2024-10-05T18:00:00.000Z,56,Stetson,Pioneer,2900,St. Thomas (MN),Pioneer,24.0,,,34.0,,,False
401638672,2024,7,2024-10-12T17:00:00.000Z,56,Stetson,Pioneer,2674,Valparaiso,Pioneer,0.0,,,0.0,,,True
401638676,2024,8,2024-10-19T17:00:00.000Z,56,Stetson,Pioneer,2166,Davidson,Pioneer,48.0,,,70.0,,,False
401638680,2024,9,2024-10-26T17:00:00.000Z,56,Stetson,Pioneer,2506,Presbyterian,Pioneer,14.0,,,42.0,,,True
401638686,2024,10,2024-11-02T17:00:00.000Z,56,Stetson,Pioneer,2086,Butler,Pioneer,13.0,,,46.0,,,False
401638690,2024,11,2024-11-09T18:00:00.000Z,56,Stetson,Pioneer,2368,Marist,Pioneer,31.0,,,40.0,,,True
401638695,2024,12,2024-11-16T21:00:00.000Z,56,Stetson,Pioneer,301,San Diego,Pioneer,6.0,,,45.0,,,False
401638701,2024,13,2024-11-23T18:00:00.000Z,56,Stetson,Pioneer,2181,Drake,Pioneer,10.0,,,49.0,,,True
401674870,2024,2,2024-09-05T23:00:00.000Z,471,Stevenson,Mid Atlantic,2827,Rowan,New Jersey,16.0,,,35.0,,,True
401673438,2024,3,2024-09-14T17:00:00.000Z,471,Stevenson,Mid Atlantic,388,Lebanon Valley,Mid Atlantic,7.0,,,37.0,,,False
401673420,2024,4,2024-09-21T17:00:00.000Z,471,Stevenson,Mid Atlantic,2808,Delaware Valley,Mid Atlantic,21.0,,,20.0,,,True
401674871,2024,5,2024-09-28T17:00:00.000Z,471,Stevenson,Mid Atlantic,111674,Reading,Mid Atlantic,34.0,,,20.0,,,True
401674872,2024,7,2024-10-12T17:00:00.000Z,471,Stevenson,Mid Atlantic,2725,Widener,Mid Atlantic,10.0,,,3.0,,,False
401674867,2024,8,2024-10-19T17:00:00.000Z,471,Stevenson,Mid Atlantic,2015,Albright,Mid Atlantic,48.0,,,3.0,,,True
401674873,2024,9,2024-10-26T16:00:00.000Z,471,Stevenson,Mid Atlantic,127954,Eastern University,Mid Atlantic,14.0,,,24.0,,,False
401673434,2024,10,2024-11-02T16:00:00.000Z,471,Stevenson,Mid Atlantic,2221,FDU-Florham,Mid Atlantic,19.0,,,34.0,,,True
401674874,2024,11,2024-11-09T17:00:00.000Z,471,Stevenson,Mid Atlantic,2969,Misericordia,Mid Atlantic,56.0,,,17.0,,,False
401674875,2024,12,2024-11-16T17:00:00.000Z,471,Stevenson,Mid Atlantic,247,Kings College (PA),Mid Atlantic,21.0,,,33.0,,,False
401628600,2024,2,2024-09-07T19:30:00.000Z,284,Stonehill,NEC,2619,Stony Brook,CAA,10.0,,,37.0,,,False
401628614,2024,3,2024-09-14T22:00:00.000Z,284,Stonehill,NEC,160,New Hampshire,CAA,6.0,,,45.0,,,False
401654634,2024,4,2024-09-21T17:00:00.000Z,284,Stonehill,NEC,2529,Sacred Heart,FCS Independents,35.0,,,21.0,,,True
401654654,2024,6,2024-10-05T17:00:00.000Z,284,Stonehill,NEC,2681,Wagner,NEC,7.0,,,28.0,,,True
401654596,2024,7,2024-10-12T16:00:00.000Z,284,Stonehill,NEC,2341,Long Island University,NEC,7.0,,,31.0,,,False
401654612,2024,8,2024-10-19T17:00:00.000Z,284,Stonehill,NEC,2771,Merrimack,FCS Independents,28.0,,,48.0,,,False
401654591,2024,9,2024-10-26T17:00:00.000Z,284,Stonehill,NEC,2184,Duquesne,NEC,34.0,,,48.0,,,True
401654648,2024,10,2024-11-02T17:00:00.000Z,284,Stonehill,NEC,2598,St. Francis (PA),NEC,0.0,,,34.0,,,False
401654579,2024,11,2024-11-09T18:00:00.000Z,284,Stonehill,NEC,2115,Central Connecticut,NEC,17.0,,,21.0,,,True
401654631,2024,12,2024-11-16T17:30:00.000Z,284,Stonehill,NEC,322,Lafayette,Patriot,10.0,,,42.0,,,False
401654610,2024,13,2024-11-23T17:00:00.000Z,284,Stonehill,NEC,2523,Robert Morris,NEC,13.0,,,31.0,,,False
401628590,2024,1,2024-08-31T21:00:00.000Z,2619,Stony Brook,CAA,276,Marshall,Sun Belt,3.0,,,45.0,1406.0,1406.0,False
401628600,2024,2,2024-09-07T19:30:00.000Z,2619,Stony Brook,CAA,284,Stonehill,NEC,37.0,,,10.0,,,True
401628616,2024,3,2024-09-14T17:00:00.000Z,2619,Stony Brook,CAA,2230,Fordham,Patriot,27.0,,,21.0,,,False
401628620,2024,4,2024-09-21T21:00:00.000Z,2619,Stony Brook,CAA,2097,Campbell,CAA,24.0,,,17.0,,,False
401628638,2024,5,2024-09-28T19:30:00.000Z,2619,Stony Brook,CAA,2415,Morgan State,MEAC,22.0,,,3.0,,,True
401628643,2024,6,2024-10-05T19:30:00.000Z,2619,Stony Brook,CAA,222,Villanova,CAA,24.0,,,42.0,,,True
401628657,2024,8,2024-10-19T17:00:00.000Z,2619,Stony Brook,CAA,119,Towson,CAA,52.0,,,24.0,,,False
401628669,2024,9,2024-10-26T19:30:00.000Z,2619,Stony Brook,CAA,2729,William & Mary,CAA,35.0,,,13.0,,,True
401628673,2024,10,2024-11-02T17:00:00.000Z,2619,Stony Brook,CAA,2803,Bryant,CAA,31.0,,,30.0,,,False
401628677,2024,11,2024-11-09T18:00:00.000Z,2619,Stony Brook,CAA,399,UAlbany,CAA,24.0,,,6.0,,,True
401628692,2024,12,2024-11-16T18:00:00.000Z,2619,Stony Brook,CAA,160,New Hampshire,CAA,30.0,,,31.0,,,False
401628697,2024,13,2024-11-23T18:00:00.000Z,2619,Stony Brook,CAA,2405,Monmouth,CAA,47.0,,,55.0,,,True
401675545,2024,1,2024-08-29T04:00:00.000Z,2834,Sul Ross State,Lone Star,2704,West Texas A&M,Lone Star,21.0,,,42.0,,,True
401675530,2024,2,2024-09-08T00:00:00.000Z,2834,Sul Ross State,Lone Star,2201,Eastern New Mexico,Lone Star,17.0,,,36.0,,,False
401675546,2024,3,2024-09-14T18:00:00.000Z,2834,Sul Ross State,Lone Star,630,Wayland Baptist,,52.0,,,51.0,,,True
401675547,2024,4,2024-09-21T18:00:00.000Z,2834,Sul Ross State,Lone Star,2848,Western Oregon,Lone Star,17.0,,,39.0,,,True
401675548,2024,5,2024-09-29T00:00:00.000Z,2834,Sul Ross State,Lone Star,2658,Texas A&M-Kingsville,Lone Star,21.0,,,56.0,,,False
401675541,2024,7,2024-10-13T00:00:00.000Z,2834,Sul Ross State,Lone Star,2395,Midwestern State,Lone Star,21.0,,,40.0,,,False
401675549,2024,8,2024-10-20T00:00:00.000Z,2834,Sul Ross State,Lone Star,2703,Western New Mexico,Lone Star,34.0,,,20.0,,,True
401675518,2024,9,2024-10-26T23:00:00.000Z,2834,Sul Ross State,Lone Star,2025,Angelo State,Lone Star,10.0,,,57.0,,,False
401675535,2024,10,2024-11-02T18:00:00.000Z,2834,Sul Ross State,Lone Star,2201,Eastern New Mexico,Lone Star,33.0,,,28.0,,,True
401675528,2024,11,2024-11-10T02:00:00.000Z,2834,Sul Ross State,Lone Star,2120,Central Washington,Lone Star,0.0,,,66.0,,,False
401675550,2024,12,2024-11-16T18:00:00.000Z,2834,Sul Ross State,Lone Star,110243,UT Permian Basin,Lone Star,7.0,,,75.0,,,True
401738307,2024,1,2024-12-21T20:30:00.000Z,216,Susquehanna,Landmark Conference,3071,North Central College,CCIW,0.0,,,66.0,,,False
401674815,2024,2,2024-09-06T23:00:00.000Z,216,Susquehanna,Landmark Conference,2079,Bridgewater (VA),Old Dominion,41.0,,,7.0,,,True
401674816,2024,3,2024-09-14T17:00:00.000Z,216,Susquehanna,Landmark Conference,2781,Brockport,Empire 8,27.0,,,21.0,,,True
401674757,2024,4,2024-09-21T16:00:00.000Z,216,Susquehanna,Landmark Conference,2782,Cortland,Empire 8,38.0,,,40.0,,,True
401676763,2024,5,2024-09-28T17:00:00.000Z,216,Susquehanna,Landmark Conference,2702,Western New England,Commonwealth Coast,34.0,,,21.0,,,False
401674817,2024,6,2024-10-05T17:00:00.000Z,216,Susquehanna,Landmark Conference,2108,Catholic,Landmark Conference,48.0,,,14.0,,,False
401674818,2024,7,2024-10-12T17:00:00.000Z,216,Susquehanna,Landmark Conference,122774,Keystone,Landmark Conference,79.0,,,6.0,,,True
401674805,2024,8,2024-10-19T17:00:00.000Z,216,Susquehanna,Landmark Conference,246,Juniata College,Landmark Conference,66.0,,,21.0,,,True
401674819,2024,9,2024-10-26T16:00:00.000Z,216,Susquehanna,Landmark Conference,398,Wilkes,Landmark Conference,48.0,,,21.0,,,False
401673415,2024,10,2024-11-02T17:00:00.000Z,216,Susquehanna,Landmark Conference,323,Moravian,Landmark Conference,49.0,,,34.0,,,True
401674814,2024,12,2024-11-16T17:00:00.000Z,216,Susquehanna,Landmark Conference,2354,Lycoming,Landmark Conference,55.0,,,7.0,,,False
401734573,2024,14,2024-11-30T17:00:00.000Z,216,Susquehanna,Landmark Conference,174,Hobart College,Liberty League,42.0,,,35.0,,,True
401735969,2024,15,2024-12-07T18:00:00.000Z,216,Susquehanna,Landmark Conference,2600,Saint John's (MN),Minnesota,41.0,,,38.0,,,False
401737149,2024,16,2024-12-14T17:00:00.000Z,216,Susquehanna,Landmark Conference,2802,Bethel (MN),Minnesota,24.0,,,21.0,,,True
401634304,2024,1,2024-08-31T19:30:00.000Z,183,Syracuse,ACC,195,Ohio,Mid-American,38.0,1330.0,1383.0,22.0,1522.0,1469.0,True
401729867,2024,1,2024-12-28T01:00:00.000Z,183,Syracuse,ACC,265,Washington State,Pac-12,52.0,1452.0,1499.0,35.0,1578.0,1531.0,False
401635534,2024,2,2024-09-07T16:00:00.000Z,183,Syracuse,ACC,59,Georgia Tech,ACC,31.0,1383.0,1386.0,28.0,1559.0,1556.0,True
401634766,2024,4,2024-09-20T23:30:00.000Z,183,Syracuse,ACC,24,Stanford,ACC,24.0,1386.0,1378.0,26.0,1295.0,1303.0,True
401635565,2024,5,2024-09-28T16:00:00.000Z,183,Syracuse,ACC,107,Holy Cross,Patriot,42.0,1379.0,1379.0,14.0,,,True
401634779,2024,6,2024-10-05T01:00:00.000Z,183,Syracuse,ACC,2439,UNLV,Mountain West,44.0,1378.0,1404.0,41.0,1701.0,1675.0,False
401635574,2024,7,2024-10-13T00:00:00.000Z,183,Syracuse,ACC,152,NC State,ACC,24.0,1404.0,1423.0,17.0,1473.0,1454.0,False
401634770,2024,9,2024-10-24T23:30:00.000Z,183,Syracuse,ACC,221,Pittsburgh,ACC,13.0,1423.0,1360.0,41.0,1513.0,1576.0,False
401635604,2024,10,2024-11-02T16:00:00.000Z,183,Syracuse,ACC,259,Virginia Tech,ACC,38.0,1360.0,1391.0,31.0,1697.0,1666.0,True
401635606,2024,11,2024-11-09T17:00:00.000Z,183,Syracuse,ACC,103,Boston College,ACC,31.0,1391.0,1386.0,37.0,1428.0,1433.0,False
401635581,2024,12,2024-11-16T20:00:00.000Z,183,Syracuse,ACC,25,California,ACC,33.0,1386.0,1425.0,25.0,1649.0,1610.0,False
401635518,2024,13,2024-11-23T17:00:00.000Z,183,Syracuse,ACC,41,UConn,FBS Independents,31.0,1425.0,1434.0,24.0,1423.0,1414.0,True
401635623,2024,14,2024-11-30T20:30:00.000Z,183,Syracuse,ACC,2390,Miami,ACC,42.0,1434.0,1452.0,38.0,1877.0,1859.0,True
401677096,2024,1,2024-12-28T19:15:00.000Z,2628,TCU,Big 12,309,Louisiana,Sun Belt,34.0,1616.0,1700.0,3.0,1546.0,1462.0,True
401634300,2024,1,2024-08-31T02:30:00.000Z,2628,TCU,Big 12,24,Stanford,ACC,34.0,1587.0,1578.0,27.0,1286.0,1295.0,False
401636615,2024,2,2024-09-08T00:00:00.000Z,2628,TCU,Big 12,2341,Long Island University,NEC,45.0,1591.0,1591.0,0.0,,,True
401636866,2024,3,2024-09-14T23:30:00.000Z,2628,TCU,Big 12,2116,UCF,Big 12,34.0,1578.0,1580.0,35.0,1644.0,1642.0,True
401635557,2024,4,2024-09-21T21:00:00.000Z,2628,TCU,Big 12,2567,SMU,ACC,42.0,1580.0,1528.0,66.0,1648.0,1700.0,False
401636882,2024,5,2024-09-28T19:30:00.000Z,2628,TCU,Big 12,2305,Kansas,Big 12,38.0,1528.0,1551.0,27.0,1598.0,1575.0,False
401636891,2024,6,2024-10-04T23:30:00.000Z,2628,TCU,Big 12,248,Houston,Big 12,19.0,1551.0,1508.0,30.0,1352.0,1395.0,True
401636903,2024,8,2024-10-20T02:30:00.000Z,2628,TCU,Big 12,254,Utah,Big 12,13.0,1508.0,1525.0,7.0,1589.0,1572.0,False
401636910,2024,9,2024-10-26T19:30:00.000Z,2628,TCU,Big 12,2641,Texas Tech,Big 12,35.0,1525.0,1527.0,34.0,1556.0,1554.0,True
401636912,2024,10,2024-11-03T00:00:00.000Z,2628,TCU,Big 12,239,Baylor,Big 12,34.0,1527.0,1526.0,37.0,1558.0,1559.0,False
401636920,2024,11,2024-11-10T00:00:00.000Z,2628,TCU,Big 12,197,Oklahoma State,Big 12,38.0,1526.0,1578.0,13.0,1427.0,1375.0,True
401636935,2024,13,2024-11-23T20:00:00.000Z,2628,TCU,Big 12,12,Arizona,Big 12,49.0,1578.0,1614.0,28.0,1440.0,1404.0,True
401636943,2024,14,2024-11-30T23:00:00.000Z,2628,TCU,Big 12,2132,Cincinnati,Big 12,20.0,1614.0,1616.0,13.0,1465.0,1463.0,False
401654665,2024,1,2024-08-24T19:30:00.000Z,2627,Tarleton State,UAC,2377,McNeese,Southland,26.0,,,23.0,,,True
401636610,2024,1,2024-08-31T23:00:00.000Z,2627,Tarleton State,UAC,239,Baylor,Big 12,3.0,,,45.0,1422.0,1422.0,False
401654664,2024,2,2024-09-07T23:00:00.000Z,2627,Tarleton State,UAC,2277,Houston Christian,Southland,35.0,,,18.0,,,False
401678897,2024,4,2024-09-21T23:00:00.000Z,2627,Tarleton State,UAC,2453,North Alabama,UAC,28.0,,,14.0,,,False
401654666,2024,5,2024-09-28T23:00:00.000Z,2627,Tarleton State,UAC,2545,SE Louisiana,Southland,36.0,,,33.0,,,True
401632112,2024,6,2024-10-06T00:00:00.000Z,2627,Tarleton State,UAC,253,Southern Utah,UAC,38.0,,,37.0,,,False
401632114,2024,7,2024-10-12T23:00:00.000Z,2627,Tarleton State,UAC,3101,Utah Tech,UAC,42.0,,,0.0,,,True
401632122,2024,9,2024-10-26T20:00:00.000Z,2627,Tarleton State,UAC,2046,Austin Peay,UAC,27.0,,,17.0,,,False
401632124,2024,10,2024-11-02T23:00:00.000Z,2627,Tarleton State,UAC,2198,Eastern Kentucky,UAC,13.0,,,17.0,,,True
401632077,2024,11,2024-11-09T19:00:00.000Z,2627,Tarleton State,UAC,2698,West Georgia,UAC,38.0,,,21.0,,,False
401632139,2024,12,2024-11-17T00:00:00.000Z,2627,Tarleton State,UAC,2000,Abilene Christian,UAC,31.0,,,35.0,,,True
401632131,2024,13,2024-11-23T20:00:00.000Z,2627,Tarleton State,UAC,2110,Central Arkansas,UAC,39.0,,,14.0,,,True
401729732,2024,14,2024-11-30T20:00:00.000Z,2627,Tarleton State,UAC,2181,Drake,Pioneer,43.0,,,29.0,,,True
401729752,2024,15,2024-12-07T20:00:00.000Z,2627,Tarleton State,UAC,233,South Dakota,MVFC,31.0,,,42.0,,,False
401677463,2024,10,2024-11-02T17:00:00.000Z,620,Taylor,,190,Defiance College,,,,,,,,True
401628328,2024,1,2024-08-30T23:00:00.000Z,218,Temple,American Athletic,201,Oklahoma,SEC,3.0,1178.0,1115.0,51.0,1786.0,1849.0,False
401645324,2024,2,2024-09-07T19:30:00.000Z,218,Temple,American Athletic,2426,Navy,American Athletic,11.0,1115.0,1074.0,38.0,1368.0,1409.0,False
401643786,2024,3,2024-09-14T18:00:00.000Z,218,Temple,American Athletic,324,Coastal Carolina,Sun Belt,20.0,1074.0,1092.0,28.0,1537.0,1519.0,True
401643715,2024,4,2024-09-21T18:00:00.000Z,218,Temple,American Athletic,328,Utah State,Mountain West,45.0,1092.0,1141.0,29.0,1242.0,1193.0,True
401645331,2024,5,2024-09-26T23:30:00.000Z,218,Temple,American Athletic,349,Army,American Athletic,14.0,1141.0,1106.0,42.0,1499.0,1534.0,True
401629033,2024,6,2024-10-05T19:30:00.000Z,218,Temple,American Athletic,41,UConn,FBS Independents,20.0,1106.0,1113.0,29.0,1441.0,1434.0,False
401645351,2024,8,2024-10-19T18:00:00.000Z,218,Temple,American Athletic,202,Tulsa,American Athletic,20.0,1113.0,1126.0,10.0,1060.0,1047.0,True
401645352,2024,9,2024-10-26T18:00:00.000Z,218,Temple,American Athletic,151,East Carolina,American Athletic,34.0,1126.0,1090.0,56.0,1292.0,1328.0,False
401645364,2024,11,2024-11-09T21:00:00.000Z,218,Temple,American Athletic,2655,Tulane,American Athletic,6.0,1090.0,1040.0,52.0,1757.0,1807.0,False
401645369,2024,12,2024-11-16T19:00:00.000Z,218,Temple,American Athletic,2226,Florida Atlantic,American Athletic,18.0,1040.0,1042.0,15.0,1125.0,1123.0,True
401645374,2024,13,2024-11-23T00:00:00.000Z,218,Temple,American Athletic,2636,UTSA,American Athletic,27.0,1042.0,1026.0,51.0,1463.0,1479.0,False
401645381,2024,14,2024-11-30T17:00:00.000Z,218,Temple,American Athletic,249,North Texas,American Athletic,17.0,1026.0,1038.0,24.0,1373.0,1361.0,True
401628330,2024,1,2024-08-31T16:45:00.000Z,2633,Tennessee,SEC,236,Chattanooga,Southern,69.0,1751.0,1751.0,3.0,,,True
401677177,2024,1,2024-12-22T01:00:00.000Z,2633,Tennessee,SEC,194,Ohio State,Big Ten,17.0,1963.0,1915.0,42.0,2099.0,2147.0,False
401628346,2024,2,2024-09-07T23:30:00.000Z,2633,Tennessee,SEC,152,NC State,ACC,51.0,1751.0,1845.0,10.0,1606.0,1512.0,False
401628360,2024,3,2024-09-14T23:45:00.000Z,2633,Tennessee,SEC,2309,Kent State,Mid-American,71.0,1845.0,1964.0,0.0,1108.0,989.0,True
401628369,2024,4,2024-09-21T23:30:00.000Z,2633,Tennessee,SEC,201,Oklahoma,SEC,25.0,1964.0,1975.0,15.0,1848.0,1837.0,False
401628379,2024,6,2024-10-05T23:30:00.000Z,2633,Tennessee,SEC,8,Arkansas,SEC,14.0,1975.0,1947.0,19.0,1485.0,1513.0,False
401628391,2024,7,2024-10-12T23:00:00.000Z,2633,Tennessee,SEC,57,Florida,SEC,23.0,1947.0,1936.0,17.0,1537.0,1548.0,True
401628397,2024,8,2024-10-19T19:30:00.000Z,2633,Tennessee,SEC,333,Alabama,SEC,24.0,1936.0,1950.0,17.0,2010.0,1996.0,True
401628412,2024,10,2024-11-02T23:45:00.000Z,2633,Tennessee,SEC,96,Kentucky,SEC,28.0,1950.0,1939.0,18.0,1526.0,1537.0,True
401628416,2024,11,2024-11-10T00:00:00.000Z,2633,Tennessee,SEC,344,Mississippi State,SEC,33.0,1939.0,1930.0,14.0,1353.0,1362.0,True
401628421,2024,12,2024-11-17T00:30:00.000Z,2633,Tennessee,SEC,61,Georgia,SEC,17.0,1930.0,1908.0,31.0,2007.0,2029.0,False
401628435,2024,13,2024-11-23T18:00:00.000Z,2633,Tennessee,SEC,2638,UTEP,Conference USA,56.0,1908.0,1979.0,0.0,1165.0,1094.0,True
401628446,2024,14,2024-11-30T17:00:00.000Z,2633,Tennessee,SEC,238,Vanderbilt,SEC,36.0,1979.0,1963.0,23.0,1453.0,1469.0,False
401654584,2024,1,2024-08-31T22:00:00.000Z,2634,Tennessee State,Big South-OVC,2400,Mississippi Valley State,SWAC,41.0,,,21.0,,,True
401634207,2024,2,2024-09-07T19:30:00.000Z,2634,Tennessee State,Big South-OVC,2449,North Dakota State,MVFC,3.0,,,52.0,,,False
401636355,2024,3,2024-09-14T23:00:00.000Z,2634,Tennessee State,Big South-OVC,2029,Arkansas-Pine Bluff,SWAC,41.0,,,28.0,,,True
401633980,2024,4,2024-09-21T18:30:00.000Z,2634,Tennessee State,Big South-OVC,2635,Tennessee Tech,Big South-OVC,14.0,,,24.0,,,False
401633981,2024,5,2024-09-28T22:00:00.000Z,2634,Tennessee State,Big South-OVC,2127,Charleston Southern,Big South-OVC,13.0,,,9.0,,,True
401633987,2024,6,2024-10-05T18:00:00.000Z,2634,Tennessee State,Big South-OVC,2815,Lindenwood,Big South-OVC,24.0,,,20.0,,,False
401633989,2024,7,2024-10-12T22:00:00.000Z,2634,Tennessee State,Big South-OVC,2197,Eastern Illinois,Big South-OVC,41.0,,,17.0,,,True
401655635,2024,8,2024-10-19T19:30:00.000Z,2634,Tennessee State,Big South-OVC,47,Howard,MEAC,27.0,,,14.0,,,False
401634002,2024,10,2024-11-02T22:00:00.000Z,2634,Tennessee State,Big South-OVC,2630,UT Martin,Big South-OVC,21.0,,,28.0,,,True
401634006,2024,11,2024-11-09T19:00:00.000Z,2634,Tennessee State,Big South-OVC,2710,Western Illinois,Big South-OVC,45.0,,,20.0,,,False
401634008,2024,12,2024-11-16T18:30:00.000Z,2634,Tennessee State,Big South-OVC,2241,Gardner-Webb,Big South-OVC,23.0,,,20.0,,,False
401634014,2024,13,2024-11-23T21:30:00.000Z,2634,Tennessee State,Big South-OVC,2546,Southeast Missouri State,Big South-OVC,28.0,,,21.0,,,True
401729734,2024,14,2024-12-01T03:15:00.000Z,2634,Tennessee State,Big South-OVC,149,Montana,Big Sky,27.0,,,41.0,,,False
401641023,2024,1,2024-08-31T23:00:00.000Z,2635,Tennessee Tech,Big South-OVC,2393,Middle Tennessee,Conference USA,25.0,,,32.0,1400.0,1400.0,False
401628339,2024,2,2024-09-07T18:00:00.000Z,2635,Tennessee Tech,Big South-OVC,61,Georgia,SEC,3.0,,,48.0,2079.0,2079.0,False
401633980,2024,4,2024-09-21T18:30:00.000Z,2635,Tennessee Tech,Big South-OVC,2634,Tennessee State,Big South-OVC,24.0,,,14.0,,,True
401633983,2024,5,2024-09-28T20:00:00.000Z,2635,Tennessee Tech,Big South-OVC,2241,Gardner-Webb,Big South-OVC,52.0,,,21.0,,,False
401654539,2024,6,2024-10-05T18:30:00.000Z,2635,Tennessee Tech,Big South-OVC,2569,South Carolina State,MEAC,20.0,,,22.0,,,True
401633990,2024,7,2024-10-12T20:00:00.000Z,2635,Tennessee Tech,Big South-OVC,2546,Southeast Missouri State,Big South-OVC,3.0,,,34.0,,,False
401633994,2024,8,2024-10-19T20:00:00.000Z,2635,Tennessee Tech,Big South-OVC,2710,Western Illinois,Big South-OVC,21.0,,,37.0,,,False
401633995,2024,9,2024-10-26T18:30:00.000Z,2635,Tennessee Tech,Big South-OVC,2127,Charleston Southern,Big South-OVC,28.0,,,23.0,,,True
401634001,2024,10,2024-11-02T18:30:00.000Z,2635,Tennessee Tech,Big South-OVC,2815,Lindenwood,Big South-OVC,52.0,,,10.0,,,True
401655656,2024,11,2024-11-09T20:00:00.000Z,2635,Tennessee Tech,Big South-OVC,2535,Samford,Southern,27.0,,,7.0,,,False
401634010,2024,12,2024-11-16T19:00:00.000Z,2635,Tennessee Tech,Big South-OVC,2630,UT Martin,Big South-OVC,10.0,,,9.0,,,False
401634011,2024,13,2024-11-23T18:00:00.000Z,2635,Tennessee Tech,Big South-OVC,2197,Eastern Illinois,Big South-OVC,23.0,,,6.0,,,True
401628331,2024,1,2024-08-31T19:30:00.000Z,251,Texas,SEC,36,Colorado State,Mountain West,52.0,1850.0,1939.0,0.0,1350.0,1261.0,True
401677176,2024,1,2024-12-21T21:00:00.000Z,251,Texas,SEC,228,Clemson,ACC,38.0,2057.0,2065.0,24.0,1815.0,1807.0,True
401677191,2024,1,2025-01-11T00:30:00.000Z,251,Texas,SEC,194,Ohio State,Big Ten,14.0,2056.0,2042.0,28.0,2182.0,2196.0,True
401677182,2024,1,2025-01-01T18:00:00.000Z,251,Texas,SEC,9,Arizona State,Big 12,39.0,2065.0,2056.0,31.0,1792.0,1801.0,False
401628347,2024,2,2024-09-07T16:00:00.000Z,251,Texas,SEC,130,Michigan,Big Ten,31.0,1939.0,1991.0,12.0,1980.0,1928.0,False
401628361,2024,3,2024-09-14T23:00:00.000Z,251,Texas,SEC,2636,UTSA,American Athletic,56.0,1991.0,2068.0,7.0,1467.0,1390.0,True
401628371,2024,4,2024-09-22T00:00:00.000Z,251,Texas,SEC,2433,UL Monroe,Sun Belt,51.0,2068.0,2107.0,3.0,1249.0,1210.0,True
401628378,2024,5,2024-09-28T20:15:00.000Z,251,Texas,SEC,344,Mississippi State,SEC,35.0,2107.0,2091.0,13.0,1355.0,1371.0,True
401628390,2024,7,2024-10-12T19:30:00.000Z,251,Texas,SEC,201,Oklahoma,SEC,34.0,2091.0,2138.0,3.0,1827.0,1780.0,False
401628398,2024,8,2024-10-19T23:30:00.000Z,251,Texas,SEC,61,Georgia,SEC,15.0,2138.0,2089.0,30.0,2009.0,2058.0,True
401628405,2024,9,2024-10-26T20:15:00.000Z,251,Texas,SEC,238,Vanderbilt,SEC,27.0,2089.0,2057.0,24.0,1396.0,1428.0,False
401628417,2024,11,2024-11-09T17:00:00.000Z,251,Texas,SEC,57,Florida,SEC,49.0,2057.0,2094.0,17.0,1635.0,1598.0,True
401628419,2024,12,2024-11-16T17:00:00.000Z,251,Texas,SEC,8,Arkansas,SEC,20.0,2094.0,2071.0,10.0,1524.0,1547.0,False
401628436,2024,13,2024-11-23T20:30:00.000Z,251,Texas,SEC,96,Kentucky,SEC,31.0,2071.0,2063.0,14.0,1537.0,1545.0,True
401628445,2024,14,2024-12-01T00:30:00.000Z,251,Texas,SEC,245,Texas A&M,SEC,17.0,2063.0,2059.0,7.0,1767.0,1771.0,False
401673469,2024,15,2024-12-07T21:00:00.000Z,251,Texas,SEC,61,Georgia,SEC,19.0,2059.0,2057.0,22.0,2017.0,2019.0,True
401628332,2024,1,2024-08-31T23:30:00.000Z,245,Texas A&M,SEC,87,Notre Dame,FBS Independents,13.0,1681.0,1677.0,23.0,1884.0,1888.0,True
401677093,2024,1,2024-12-28T03:30:00.000Z,245,Texas A&M,SEC,30,USC,Big Ten,31.0,1771.0,1762.0,35.0,1756.0,1765.0,False
401628348,2024,2,2024-09-07T16:45:00.000Z,245,Texas A&M,SEC,2377,McNeese,Southland,52.0,1666.0,1666.0,10.0,,,True
401628353,2024,3,2024-09-14T19:30:00.000Z,245,Texas A&M,SEC,57,Florida,SEC,33.0,1677.0,1689.0,20.0,1497.0,1485.0,False
401628372,2024,4,2024-09-21T23:30:00.000Z,245,Texas A&M,SEC,189,Bowling Green,Mid-American,26.0,1689.0,1685.0,20.0,1444.0,1448.0,True
401628373,2024,5,2024-09-28T19:30:00.000Z,245,Texas A&M,SEC,8,Arkansas,SEC,21.0,1685.0,1683.0,17.0,1483.0,1485.0,True
401628383,2024,6,2024-10-05T16:00:00.000Z,245,Texas A&M,SEC,142,Missouri,SEC,41.0,1683.0,1781.0,10.0,1790.0,1692.0,True
401628394,2024,8,2024-10-19T20:15:00.000Z,245,Texas A&M,SEC,344,Mississippi State,SEC,34.0,1781.0,1771.0,24.0,1395.0,1405.0,False
401628404,2024,9,2024-10-26T23:30:00.000Z,245,Texas A&M,SEC,99,LSU,SEC,38.0,1771.0,1814.0,23.0,1898.0,1855.0,True
401628411,2024,10,2024-11-02T23:30:00.000Z,245,Texas A&M,SEC,2579,South Carolina,SEC,20.0,1814.0,1746.0,44.0,1744.0,1812.0,False
401628424,2024,12,2024-11-17T00:45:00.000Z,245,Texas A&M,SEC,166,New Mexico State,Conference USA,38.0,1746.0,1770.0,3.0,1121.0,1097.0,True
401628428,2024,13,2024-11-24T00:30:00.000Z,245,Texas A&M,SEC,2,Auburn,SEC,41.0,1770.0,1767.0,43.0,1604.0,1607.0,False
401628445,2024,14,2024-12-01T00:30:00.000Z,245,Texas A&M,SEC,251,Texas,SEC,7.0,1767.0,1771.0,17.0,2063.0,2059.0,True
401673279,2024,1,2024-08-30T00:00:00.000Z,2658,Texas A&M-Kingsville,Lone Star,11,Colorado Mesa,Rocky Mountain,13.0,,,16.0,,,True
401675485,2024,3,2024-09-14T23:00:00.000Z,2658,Texas A&M-Kingsville,Lone Star,2401,Mississippi College,Gulf South,27.0,,,7.0,,,False
401675551,2024,4,2024-09-21T23:00:00.000Z,2658,Texas A&M-Kingsville,Lone Star,110243,UT Permian Basin,Lone Star,20.0,,,14.0,,,False
401675548,2024,5,2024-09-29T00:00:00.000Z,2658,Texas A&M-Kingsville,Lone Star,2834,Sul Ross State,Lone Star,56.0,,,21.0,,,True
401675540,2024,6,2024-10-06T00:00:00.000Z,2658,Texas A&M-Kingsville,Lone Star,2395,Midwestern State,Lone Star,40.0,,,13.0,,,True
401675516,2024,7,2024-10-12T23:00:00.000Z,2658,Texas A&M-Kingsville,Lone Star,2025,Angelo State,Lone Star,0.0,,,38.0,,,False
401675526,2024,8,2024-10-20T00:00:00.000Z,2658,Texas A&M-Kingsville,Lone Star,2120,Central Washington,Lone Star,0.0,,,31.0,,,True
401675552,2024,9,2024-10-26T20:05:00.000Z,2658,Texas A&M-Kingsville,Lone Star,2848,Western Oregon,Lone Star,21.0,,,14.0,,,False
401675553,2024,10,2024-11-03T00:00:00.000Z,2658,Texas A&M-Kingsville,Lone Star,2704,West Texas A&M,Lone Star,14.0,,,21.0,,,True
401675554,2024,11,2024-11-09T19:00:00.000Z,2658,Texas A&M-Kingsville,Lone Star,2703,Western New Mexico,Lone Star,28.0,,,20.0,,,False
401675537,2024,12,2024-11-17T01:00:00.000Z,2658,Texas A&M-Kingsville,Lone Star,2201,Eastern New Mexico,Lone Star,28.0,,,13.0,,,True
401674663,2024,2,2024-09-07T23:00:00.000Z,2639,Texas Lutheran,Southern Collegiate Athletic,386,Trinity University TX,Southern Athletic,35.0,,,20.0,,,False
401674664,2024,3,2024-09-14T23:00:00.000Z,2639,Texas Lutheran,Southern Collegiate Athletic,101442,CENTENARY,Southern Collegiate Athletic,31.0,,,8.0,,,True
401674658,2024,4,2024-09-21T23:00:00.000Z,2639,Texas Lutheran,Southern Collegiate Athletic,241,McMurry,Southern Collegiate Athletic,10.0,,,31.0,,,False
401674665,2024,5,2024-09-28T19:00:00.000Z,2639,Texas Lutheran,Southern Collegiate Athletic,101161,LYONCOLL,Southern Collegiate Athletic,49.0,,,0.0,,,False
401674630,2024,6,2024-10-05T18:00:00.000Z,2639,Texas Lutheran,Southern Collegiate Athletic,2045,Austin,Southern Collegiate Athletic,43.0,,,34.0,,,True
401674632,2024,8,2024-10-19T18:00:00.000Z,2639,Texas Lutheran,Southern Collegiate Athletic,2045,Austin,Southern Collegiate Athletic,55.0,,,17.0,,,False
401674660,2024,9,2024-10-26T21:00:00.000Z,2639,Texas Lutheran,Southern Collegiate Athletic,241,McMurry,Southern Collegiate Athletic,28.0,,,6.0,,,True
401674666,2024,10,2024-11-02T18:00:00.000Z,2639,Texas Lutheran,Southern Collegiate Athletic,101161,LYONCOLL,Southern Collegiate Athletic,45.0,,,10.0,,,True
401674667,2024,11,2024-11-09T19:00:00.000Z,2639,Texas Lutheran,Southern Collegiate Athletic,101442,CENTENARY,Southern Collegiate Athletic,46.0,,,23.0,,,False
401674668,2024,12,2024-11-16T19:00:00.000Z,2639,Texas Lutheran,Southern Collegiate Athletic,2588,Southwestern University,Southern Athletic,17.0,,,10.0,,,True
401734591,2024,14,2024-11-30T20:00:00.000Z,2639,Texas Lutheran,Southern Collegiate Athletic,203,Linfield College,Northwest,3.0,,,65.0,,,False
401654565,2024,1,2024-08-31T23:00:00.000Z,2640,Texas Southern,SWAC,2504,Prairie View A&M,SWAC,27.0,,,9.0,,,False
401645326,2024,2,2024-09-07T23:00:00.000Z,2640,Texas Southern,SWAC,242,Rice,American Athletic,7.0,,,69.0,1309.0,1309.0,False
401654566,2024,4,2024-09-21T23:00:00.000Z,2640,Texas Southern,SWAC,2320,Lamar,Southland,17.0,,,20.0,,,False
401636390,2024,5,2024-09-28T23:00:00.000Z,2640,Texas Southern,SWAC,2296,Jackson State,SWAC,14.0,,,43.0,,,True
401654567,2024,6,2024-10-05T19:00:00.000Z,2640,Texas Southern,SWAC,2355,Virginia University Of Lynchburg,,28.0,,,10.0,,,True
401654547,2024,7,2024-10-12T23:00:00.000Z,2640,Texas Southern,SWAC,2582,Southern,SWAC,19.0,,,22.0,,,True
401636385,2024,9,2024-10-26T23:00:00.000Z,2640,Texas Southern,SWAC,2755,Grambling,SWAC,24.0,,,17.0,,,True
401636377,2024,10,2024-11-02T20:00:00.000Z,2640,Texas Southern,SWAC,50,Florida A&M,SWAC,28.0,,,52.0,,,False
401654568,2024,11,2024-11-09T20:00:00.000Z,2640,Texas Southern,SWAC,2016,Alcorn State,SWAC,21.0,,,42.0,,,False
401636370,2024,12,2024-11-16T20:00:00.000Z,2640,Texas Southern,SWAC,2065,Bethune-Cookman,SWAC,17.0,,,14.0,,,True
401636362,2024,13,2024-11-23T20:00:00.000Z,2640,Texas Southern,SWAC,2029,Arkansas-Pine Bluff,SWAC,31.0,,,23.0,,,False
401643776,2024,1,2024-09-01T00:00:00.000Z,326,Texas State,Sun Belt,2320,Lamar,Southland,34.0,1399.0,1399.0,27.0,,,True
401677106,2024,1,2025-01-03T21:00:00.000Z,326,Texas State,Sun Belt,249,North Texas,American Athletic,30.0,1646.0,1640.0,28.0,1361.0,1367.0,True
401643783,2024,2,2024-09-07T20:00:00.000Z,326,Texas State,Sun Belt,2636,UTSA,American Athletic,49.0,1399.0,1545.0,10.0,1613.0,1467.0,True
401636867,2024,3,2024-09-12T23:30:00.000Z,326,Texas State,Sun Belt,9,Arizona State,Big 12,28.0,1545.0,1538.0,31.0,1504.0,1511.0,True
401641041,2024,5,2024-09-28T19:00:00.000Z,326,Texas State,Sun Belt,2534,Sam Houston,Conference USA,39.0,1538.0,1534.0,40.0,1435.0,1439.0,False
401643797,2024,6,2024-10-03T23:00:00.000Z,326,Texas State,Sun Belt,2653,Troy,Sun Belt,38.0,1534.0,1584.0,17.0,1504.0,1454.0,False
401643808,2024,7,2024-10-12T23:00:00.000Z,326,Texas State,Sun Belt,2032,Arkansas State,Sun Belt,41.0,1584.0,1639.0,9.0,1317.0,1262.0,True
401643813,2024,8,2024-10-19T19:30:00.000Z,326,Texas State,Sun Belt,295,Old Dominion,Sun Belt,14.0,1639.0,1602.0,24.0,1379.0,1416.0,False
401643820,2024,10,2024-10-29T23:30:00.000Z,326,Texas State,Sun Belt,309,Louisiana,Sun Belt,17.0,1602.0,1586.0,23.0,1538.0,1554.0,True
401643828,2024,11,2024-11-09T17:00:00.000Z,326,Texas State,Sun Belt,2433,UL Monroe,Sun Belt,38.0,1586.0,1602.0,17.0,1236.0,1220.0,False
401643835,2024,12,2024-11-17T00:00:00.000Z,326,Texas State,Sun Belt,2572,Southern Miss,Sun Belt,58.0,1602.0,1693.0,3.0,1039.0,948.0,True
401643842,2024,13,2024-11-24T00:00:00.000Z,326,Texas State,Sun Belt,2247,Georgia State,Sun Belt,44.0,1693.0,1635.0,52.0,1238.0,1296.0,True
401643843,2024,14,2024-11-29T20:30:00.000Z,326,Texas State,Sun Belt,6,South Alabama,Sun Belt,45.0,1635.0,1646.0,38.0,1608.0,1597.0,False
401636613,2024,1,2024-08-31T23:30:00.000Z,2641,Texas Tech,Big 12,2000,Abilene Christian,UAC,52.0,1541.0,1541.0,51.0,,,True
401677092,2024,1,2024-12-28T00:00:00.000Z,2641,Texas Tech,Big 12,8,Arkansas,SEC,26.0,1647.0,1607.0,39.0,1571.0,1611.0,False
401636859,2024,2,2024-09-08T02:00:00.000Z,2641,Texas Tech,Big 12,265,Washington State,Pac-12,16.0,1541.0,1490.0,37.0,1530.0,1581.0,False
401636868,2024,3,2024-09-14T16:00:00.000Z,2641,Texas Tech,Big 12,249,North Texas,American Athletic,66.0,1490.0,1623.0,21.0,1469.0,1336.0,True
401636877,2024,4,2024-09-21T19:30:00.000Z,2641,Texas Tech,Big 12,9,Arizona State,Big 12,30.0,1623.0,1628.0,22.0,1511.0,1506.0,True
401636884,2024,5,2024-09-29T00:00:00.000Z,2641,Texas Tech,Big 12,2132,Cincinnati,Big 12,44.0,1628.0,1628.0,41.0,1529.0,1529.0,True
401636887,2024,6,2024-10-06T03:00:00.000Z,2641,Texas Tech,Big 12,12,Arizona,Big 12,28.0,1628.0,1644.0,22.0,1694.0,1678.0,False
401636902,2024,8,2024-10-19T20:00:00.000Z,2641,Texas Tech,Big 12,239,Baylor,Big 12,35.0,1644.0,1556.0,59.0,1457.0,1545.0,True
401636910,2024,9,2024-10-26T19:30:00.000Z,2641,Texas Tech,Big 12,2628,TCU,Big 12,34.0,1556.0,1554.0,35.0,1525.0,1527.0,False
401636914,2024,10,2024-11-02T19:30:00.000Z,2641,Texas Tech,Big 12,66,Iowa State,Big 12,23.0,1554.0,1566.0,22.0,1771.0,1759.0,False
401636921,2024,11,2024-11-09T21:00:00.000Z,2641,Texas Tech,Big 12,38,Colorado,Big 12,27.0,1566.0,1537.0,41.0,1598.0,1627.0,True
401636934,2024,13,2024-11-23T20:30:00.000Z,2641,Texas Tech,Big 12,197,Oklahoma State,Big 12,56.0,1537.0,1540.0,48.0,1375.0,1372.0,False
401636945,2024,14,2024-11-30T17:00:00.000Z,2641,Texas Tech,Big 12,277,West Virginia,Big 12,52.0,1540.0,1647.0,15.0,1553.0,1446.0,True
401654844,2024,1,2024-08-31T22:00:00.000Z,2643,The Citadel,Southern,2127,Charleston Southern,Big South-OVC,22.0,,,21.0,,,False
401654538,2024,2,2024-09-07T16:00:00.000Z,2643,The Citadel,Southern,2569,South Carolina State,MEAC,20.0,,,23.0,,,True
401654848,2024,3,2024-09-14T16:00:00.000Z,2643,The Citadel,Southern,2822,North Greenville,Gulf South,54.0,,,0.0,,,True
401634145,2024,4,2024-09-21T22:00:00.000Z,2643,The Citadel,Southern,2382,Mercer,Southern,21.0,,,38.0,,,False
401634136,2024,5,2024-09-28T21:00:00.000Z,2643,The Citadel,Southern,2193,East Tennessee State,Southern,17.0,,,34.0,,,True
401638343,2024,6,2024-10-05T18:00:00.000Z,2643,The Citadel,Southern,231,Furman,Southern,16.0,,,17.0,,,True
401638344,2024,7,2024-10-12T18:30:00.000Z,2643,The Citadel,Southern,2717,Western Carolina,Southern,16.0,,,30.0,,,False
401638346,2024,8,2024-10-19T17:30:00.000Z,2643,The Citadel,Southern,2678,VMI,Southern,13.0,,,10.0,,,False
401638347,2024,9,2024-10-26T18:00:00.000Z,2643,The Citadel,Southern,2535,Samford,Southern,28.0,,,11.0,,,True
401632467,2024,11,2024-11-09T19:00:00.000Z,2643,The Citadel,Southern,236,Chattanooga,Southern,7.0,,,31.0,,,True
401634157,2024,12,2024-11-16T18:30:00.000Z,2643,The Citadel,Southern,2747,Wofford,Southern,30.0,,,17.0,,,False
401635614,2024,13,2024-11-23T20:30:00.000Z,2643,The Citadel,Southern,228,Clemson,ACC,14.0,,,51.0,1824.0,1824.0,False
401676633,2024,2,2024-09-07T17:00:00.000Z,2644,Thiel,Presidents',2102,Carnegie Mellon,Presidents',0.0,,,58.0,,,True
401676653,2024,3,2024-09-14T23:00:00.000Z,2644,Thiel,Presidents',2686,Washington & Jefferson,Presidents',7.0,,,58.0,,,True
401676645,2024,4,2024-09-21T23:00:00.000Z,2644,Thiel,Presidents',2242,Geneva,Presidents',6.0,,,21.0,,,False
401676420,2024,5,2024-09-28T19:00:00.000Z,2644,Thiel,Presidents',2849,Westminster (PA),Presidents',6.0,,,58.0,,,True
401676622,2024,7,2024-10-12T17:00:00.000Z,2644,Thiel,Presidents',2018,Allegheny,Presidents',21.0,,,7.0,,,True
401676641,2024,8,2024-10-19T22:00:00.000Z,2644,Thiel,Presidents',2963,Case Western Reserve,Presidents',7.0,,,52.0,,,False
401676650,2024,9,2024-10-26T17:00:00.000Z,2644,Thiel,Presidents',146,Grove City College,Presidents',7.0,,,59.0,,,False
401676652,2024,10,2024-11-02T17:00:00.000Z,2644,Thiel,Presidents',2614,Saint Vincent,Presidents',20.0,,,10.0,,,True
401676439,2024,11,2024-11-09T18:00:00.000Z,2644,Thiel,Presidents',2845,Waynesburg,Presidents',10.0,,,37.0,,,False
401676632,2024,12,2024-11-16T18:00:00.000Z,2644,Thiel,Presidents',2062,Bethany (WV),Presidents',30.0,,,23.0,,,False
401675458,2024,2,2024-09-07T16:00:00.000Z,2646,Thomas More College,Great Midwest Athletic,110254,Davenport,GLIAC,17.0,,,24.0,,,True
401675459,2024,3,2024-09-14T23:00:00.000Z,2646,Thomas More College,Great Midwest Athletic,3077,Kentucky Christian,,50.0,,,0.0,,,True
401675460,2024,4,2024-09-21T17:00:00.000Z,2646,Thomas More College,Great Midwest Athletic,2477,Ohio Dominican,Great Midwest Athletic,6.0,,,0.0,,,False
401675461,2024,5,2024-09-28T23:00:00.000Z,2646,Thomas More College,Great Midwest Athletic,2682,Walsh,Great Midwest Athletic,44.0,,,21.0,,,True
401675462,2024,6,2024-10-05T20:00:00.000Z,2646,Thomas More College,Great Midwest Athletic,2838,Tiffin,Great Midwest Athletic,10.0,,,51.0,,,False
401675455,2024,7,2024-10-12T16:00:00.000Z,2646,Thomas More College,Great Midwest Athletic,2886,Northwood (MI),Great Midwest Athletic,3.0,,,20.0,,,True
401675422,2024,8,2024-10-19T16:00:00.000Z,2646,Thomas More College,Great Midwest Athletic,308,Ashland,Great Midwest Athletic,3.0,,,28.0,,,True
401675431,2024,9,2024-10-26T16:00:00.000Z,2646,Thomas More College,Great Midwest Athletic,2224,Findlay,Great Midwest Athletic,17.0,,,34.0,,,True
401675439,2024,10,2024-11-02T17:00:00.000Z,2646,Thomas More College,Great Midwest Athletic,2273,Hillsdale,Great Midwest Athletic,17.0,,,38.0,,,False
401675447,2024,11,2024-11-09T19:00:00.000Z,2646,Thomas More College,Great Midwest Athletic,2316,Kentucky Wesleyan,Great Midwest Athletic,47.0,,,12.0,,,True
401675453,2024,12,2024-11-16T18:00:00.000Z,2646,Thomas More College,Great Midwest Athletic,437,Lake Erie,Great Midwest Athletic,28.0,,,25.0,,,False
401674578,2024,2,2024-09-05T22:00:00.000Z,2838,Tiffin,Great Midwest Athletic,131,Wayne State (MI),GLIAC,31.0,,,17.0,,,True
401675463,2024,3,2024-09-14T17:00:00.000Z,2838,Tiffin,Great Midwest Athletic,2331,Lenoir-Rhyne,South Atlantic,17.0,,,38.0,,,False
401675454,2024,4,2024-09-21T20:00:00.000Z,2838,Tiffin,Great Midwest Athletic,2886,Northwood (MI),Great Midwest Athletic,31.0,,,23.0,,,True
401675419,2024,5,2024-09-28T17:00:00.000Z,2838,Tiffin,Great Midwest Athletic,308,Ashland,Great Midwest Athletic,12.0,,,21.0,,,False
401675462,2024,6,2024-10-05T20:00:00.000Z,2838,Tiffin,Great Midwest Athletic,2646,Thomas More College,Great Midwest Athletic,51.0,,,10.0,,,True
401675464,2024,7,2024-10-12T20:00:00.000Z,2838,Tiffin,Great Midwest Athletic,2477,Ohio Dominican,Great Midwest Athletic,31.0,,,13.0,,,True
401675465,2024,8,2024-10-19T16:00:00.000Z,2838,Tiffin,Great Midwest Athletic,2682,Walsh,Great Midwest Athletic,38.0,,,21.0,,,False
401675451,2024,9,2024-10-26T16:00:00.000Z,2838,Tiffin,Great Midwest Athletic,437,Lake Erie,Great Midwest Athletic,63.0,,,10.0,,,True
401675446,2024,10,2024-11-02T18:00:00.000Z,2838,Tiffin,Great Midwest Athletic,2316,Kentucky Wesleyan,Great Midwest Athletic,54.0,,,14.0,,,False
401675440,2024,11,2024-11-09T18:00:00.000Z,2838,Tiffin,Great Midwest Athletic,2273,Hillsdale,Great Midwest Athletic,17.0,,,20.0,,,False
401675434,2024,12,2024-11-16T17:00:00.000Z,2838,Tiffin,Great Midwest Athletic,2224,Findlay,Great Midwest Athletic,37.0,,,14.0,,,True
401644728,2024,1,2024-08-29T23:30:00.000Z,2649,Toledo,Mid-American,2184,Duquesne,NEC,49.0,1526.0,1526.0,10.0,,,True
401677180,2024,1,2024-12-26T19:00:00.000Z,2649,Toledo,Mid-American,221,Pittsburgh,ACC,48.0,1426.0,1431.0,46.0,1461.0,1456.0,True
401629040,2024,2,2024-09-07T19:30:00.000Z,2649,Toledo,Mid-American,113,Massachusetts,FBS Independents,38.0,1526.0,1524.0,23.0,1123.0,1125.0,True
401628356,2024,3,2024-09-14T23:30:00.000Z,2649,Toledo,Mid-American,344,Mississippi State,SEC,41.0,1524.0,1578.0,17.0,1440.0,1386.0,False
401641037,2024,4,2024-09-21T23:00:00.000Z,2649,Toledo,Mid-American,98,Western Kentucky,Conference USA,21.0,1578.0,1565.0,26.0,1396.0,1409.0,False
401644684,2024,6,2024-10-05T19:30:00.000Z,2649,Toledo,Mid-American,193,Miami (OH),Mid-American,30.0,1565.0,1574.0,20.0,1446.0,1437.0,True
401644745,2024,7,2024-10-12T16:00:00.000Z,2649,Toledo,Mid-American,2084,Buffalo,Mid-American,15.0,1574.0,1508.0,30.0,1228.0,1294.0,False
401644751,2024,8,2024-10-19T19:30:00.000Z,2649,Toledo,Mid-American,2459,Northern Illinois,Mid-American,13.0,1508.0,1518.0,6.0,1470.0,1460.0,False
401644754,2024,9,2024-10-26T19:30:00.000Z,2649,Toledo,Mid-American,189,Bowling Green,Mid-American,26.0,1518.0,1472.0,41.0,1410.0,1456.0,True
401644758,2024,10,2024-11-02T16:00:00.000Z,2649,Toledo,Mid-American,2199,Eastern Michigan,Mid-American,29.0,1472.0,1463.0,28.0,1252.0,1261.0,False
401644765,2024,12,2024-11-13T00:00:00.000Z,2649,Toledo,Mid-American,2117,Central Michigan,Mid-American,37.0,1463.0,1495.0,10.0,1123.0,1091.0,True
401644773,2024,13,2024-11-21T00:00:00.000Z,2649,Toledo,Mid-American,195,Ohio,Mid-American,7.0,1495.0,1459.0,24.0,1546.0,1582.0,True
401644775,2024,14,2024-11-27T00:00:00.000Z,2649,Toledo,Mid-American,2006,Akron,Mid-American,14.0,1459.0,1426.0,21.0,1085.0,1118.0,False
401628591,2024,1,2024-08-31T18:30:00.000Z,119,Towson,CAA,2132,Cincinnati,Big 12,20.0,,,38.0,1394.0,1394.0,False
401628601,2024,2,2024-09-07T22:00:00.000Z,119,Towson,CAA,2415,Morgan State,MEAC,14.0,,,9.0,,,True
401628610,2024,3,2024-09-14T19:30:00.000Z,119,Towson,CAA,222,Villanova,CAA,13.0,,,14.0,,,False
401628629,2024,4,2024-09-21T18:00:00.000Z,119,Towson,CAA,2449,North Dakota State,MVFC,24.0,,,41.0,,,False
401628644,2024,6,2024-10-05T22:00:00.000Z,119,Towson,CAA,2729,William & Mary,CAA,34.0,,,27.0,,,True
401628652,2024,7,2024-10-12T18:00:00.000Z,119,Towson,CAA,2450,Norfolk State,MEAC,28.0,,,23.0,,,False
401628657,2024,8,2024-10-19T17:00:00.000Z,119,Towson,CAA,2619,Stony Brook,CAA,24.0,,,52.0,,,True
401628667,2024,9,2024-10-26T17:00:00.000Z,119,Towson,CAA,2405,Monmouth,CAA,26.0,,,14.0,,,False
401628672,2024,10,2024-11-02T18:00:00.000Z,119,Towson,CAA,257,Richmond,CAA,24.0,,,35.0,,,False
401628682,2024,11,2024-11-09T18:00:00.000Z,119,Towson,CAA,2261,Hampton,CAA,27.0,,,10.0,,,True
401628688,2024,12,2024-11-16T17:00:00.000Z,119,Towson,CAA,2448,North Carolina A&T,CAA,31.0,,,13.0,,,True
401628700,2024,13,2024-11-23T19:00:00.000Z,119,Towson,CAA,2097,Campbell,CAA,45.0,,,23.0,,,False
401674939,2024,2,2024-09-07T17:00:00.000Z,2651,Trine University,Michigan,3112,Christopher Newport,New Jersey,6.0,,,42.0,,,True
401674797,2024,3,2024-09-14T23:00:00.000Z,2651,Trine University,Michigan,86,Rose-Hulman,Heartland,39.0,,,33.0,,,False
401674765,2024,4,2024-09-21T23:00:00.000Z,2651,Trine University,Michigan,2074,Bluffton,Heartland,52.0,,,20.0,,,False
401674919,2024,5,2024-09-28T17:00:00.000Z,2651,Trine University,Michigan,2790,Albion,Michigan,14.0,,,42.0,,,True
401674930,2024,6,2024-10-05T17:00:00.000Z,2651,Trine University,Michigan,2812,Hope College,Michigan,6.0,,,42.0,,,False
401674938,2024,8,2024-10-19T17:00:00.000Z,2651,Trine University,Michigan,354,Olivet College,Michigan,35.0,,,28.0,,,True
401676212,2024,9,2024-10-26T17:00:00.000Z,2651,Trine University,Michigan,129738,Calvin University,Michigan,35.0,,,30.0,,,True
401674928,2024,10,2024-11-02T17:00:00.000Z,2651,Trine University,Michigan,2800,Alma,Michigan,16.0,,,41.0,,,False
401674915,2024,11,2024-11-09T18:00:00.000Z,2651,Trine University,Michigan,2003,Adrian,Michigan,52.0,,,32.0,,,True
401674935,2024,12,2024-11-16T18:00:00.000Z,2651,Trine University,Michigan,126,Kalamazoo,Michigan,37.0,,,14.0,,,False
401679012,2024,3,2024-09-14T17:00:00.000Z,2977,Trinity (CT),NESCAC,33,Colby College,NESCAC,17.0,,,7.0,,,True
401676147,2024,4,2024-09-21T17:00:00.000Z,2977,Trinity (CT),NESCAC,121,Bates,NESCAC,28.0,,,7.0,,,False
401676185,2024,5,2024-09-28T17:30:00.000Z,2977,Trinity (CT),NESCAC,2731,Williams,NESCAC,45.0,,,14.0,,,True
401676166,2024,6,2024-10-05T17:30:00.000Z,2977,Trinity (CT),NESCAC,112,Tufts,NESCAC,42.0,,,24.0,,,False
401676159,2024,7,2024-10-12T17:30:00.000Z,2977,Trinity (CT),NESCAC,348,Hamilton,NESCAC,31.0,,,7.0,,,True
401682362,2024,8,2024-10-19T17:00:00.000Z,2977,Trinity (CT),NESCAC,2394,Middlebury,NESCAC,21.0,,,24.0,,,False
401679016,2024,9,2024-10-26T17:30:00.000Z,2977,Trinity (CT),NESCAC,340,Bowdoin,NESCAC,34.0,,,14.0,,,True
401677472,2024,10,2024-11-02T17:00:00.000Z,2977,Trinity (CT),NESCAC,7,Amherst,NESCAC,45.0,,,20.0,,,False
401676175,2024,11,2024-11-09T17:00:00.000Z,2977,Trinity (CT),NESCAC,336,Wesleyan University (CT),NESCAC,17.0,,,27.0,,,True
401674663,2024,2,2024-09-07T23:00:00.000Z,386,Trinity University TX,Southern Athletic,2639,Texas Lutheran,Southern Collegiate Athletic,20.0,,,35.0,,,True
401676066,2024,3,2024-09-14T23:00:00.000Z,386,Trinity University TX,Southern Athletic,2056,Belhaven,USA South,55.0,,,10.0,,,False
401676256,2024,4,2024-09-21T17:00:00.000Z,386,Trinity University TX,Southern Athletic,2688,Washington and Lee,Old Dominion,16.0,,,10.0,,,True
401676257,2024,6,2024-10-05T17:00:00.000Z,386,Trinity University TX,Southern Athletic,2121,Centre College Kentucky,Southern Athletic,12.0,,,24.0,,,False
401676258,2024,7,2024-10-12T17:00:00.000Z,386,Trinity University TX,Southern Athletic,2553,Sewanee,Southern Athletic,45.0,,,26.0,,,True
401676259,2024,8,2024-10-19T17:00:00.000Z,386,Trinity University TX,Southern Athletic,2519,Rhodes College,Southern Athletic,38.0,,,14.0,,,False
401676260,2024,9,2024-10-26T18:00:00.000Z,386,Trinity University TX,Southern Athletic,2757,Berry College,Southern Athletic,38.0,,,35.0,,,True
401676261,2024,10,2024-11-02T17:00:00.000Z,386,Trinity University TX,Southern Athletic,418,Hendrix College,Southern Athletic,26.0,,,7.0,,,False
401676262,2024,11,2024-11-09T19:00:00.000Z,386,Trinity University TX,Southern Athletic,2588,Southwestern University,Southern Athletic,34.0,,,7.0,,,True
401676263,2024,12,2024-11-16T19:00:00.000Z,386,Trinity University TX,Southern Athletic,2398,Millsaps,Southern Athletic,38.0,,,24.0,,,False
401734587,2024,13,2024-11-23T18:00:00.000Z,386,Trinity University TX,Southern Athletic,2371,Mary Hardin-Baylor,American Southwest,22.0,,,29.0,,,True
401643701,2024,1,2024-08-31T23:00:00.000Z,2653,Troy,Sun Belt,2440,Nevada,Mountain West,26.0,1657.0,1629.0,28.0,1243.0,1271.0,True
401643784,2024,2,2024-09-07T16:00:00.000Z,2653,Troy,Sun Belt,235,Memphis,American Athletic,17.0,1629.0,1573.0,38.0,1569.0,1625.0,False
401628477,2024,3,2024-09-14T20:00:00.000Z,2653,Troy,Sun Belt,2294,Iowa,Big Ten,21.0,1573.0,1534.0,38.0,1552.0,1591.0,False
401636374,2024,4,2024-09-21T23:00:00.000Z,2653,Troy,Sun Belt,50,Florida A&M,SWAC,34.0,1538.0,1538.0,12.0,,,True
401643796,2024,5,2024-09-28T23:00:00.000Z,2653,Troy,Sun Belt,2433,UL Monroe,Sun Belt,9.0,1534.0,1504.0,13.0,1210.0,1240.0,True
401643797,2024,6,2024-10-03T23:00:00.000Z,2653,Troy,Sun Belt,326,Texas State,Sun Belt,17.0,1504.0,1454.0,38.0,1534.0,1584.0,True
401643809,2024,8,2024-10-15T23:30:00.000Z,2653,Troy,Sun Belt,6,South Alabama,Sun Belt,9.0,1454.0,1432.0,25.0,1584.0,1606.0,False
401643818,2024,9,2024-10-26T23:00:00.000Z,2653,Troy,Sun Belt,2032,Arkansas State,Sun Belt,31.0,1432.0,1429.0,34.0,1283.0,1286.0,False
401643824,2024,10,2024-11-02T20:00:00.000Z,2653,Troy,Sun Belt,324,Coastal Carolina,Sun Belt,38.0,1429.0,1455.0,24.0,1402.0,1376.0,True
401643830,2024,12,2024-11-16T21:00:00.000Z,2653,Troy,Sun Belt,290,Georgia Southern,Sun Belt,28.0,1455.0,1466.0,20.0,1397.0,1386.0,False
401643840,2024,13,2024-11-23T22:00:00.000Z,2653,Troy,Sun Belt,309,Louisiana,Sun Belt,30.0,1466.0,1432.0,51.0,1618.0,1652.0,False
401643849,2024,14,2024-11-30T19:00:00.000Z,2653,Troy,Sun Belt,2572,Southern Miss,Sun Belt,52.0,1432.0,1464.0,20.0,961.0,929.0,True
401674538,2024,2,2024-09-07T17:00:00.000Z,2654,Truman State,Great Lakes,2224,Findlay,Great Midwest Athletic,21.0,,,37.0,,,True
401674499,2024,3,2024-09-14T22:00:00.000Z,2654,Truman State,Great Lakes,2292,Indianapolis,Great Lakes,34.0,,,41.0,,,False
401658339,2024,4,2024-09-21T18:00:00.000Z,2654,Truman State,Great Lakes,129,Saginaw Valley State,GLIAC,14.0,,,37.0,,,False
401674539,2024,5,2024-09-28T18:00:00.000Z,2654,Truman State,Great Lakes,131,Wayne State (MI),GLIAC,31.0,,,17.0,,,True
401674540,2024,6,2024-10-05T23:00:00.000Z,2654,Truman State,Great Lakes,389,Upper Iowa University,Great Lakes,26.0,,,23.0,,,False
401674530,2024,7,2024-10-12T23:00:00.000Z,2654,Truman State,Great Lakes,2402,Missouri S&T,Great Lakes,48.0,,,17.0,,,True
401674541,2024,8,2024-10-19T18:00:00.000Z,2654,Truman State,Great Lakes,2825,Quincy,Great Lakes,28.0,,,21.0,,,False
401674521,2024,9,2024-10-26T19:00:00.000Z,2654,Truman State,Great Lakes,2816,McKendree,Great Lakes,21.0,,,28.0,,,True
401674516,2024,10,2024-11-02T17:00:00.000Z,2654,Truman State,Great Lakes,2876,Lincoln (MO),Great Lakes,52.0,,,7.0,,,True
401674542,2024,11,2024-11-09T21:00:00.000Z,2654,Truman State,Great Lakes,2911,William Jewell,Great Lakes,34.0,,,0.0,,,False
401674537,2024,12,2024-11-16T18:00:00.000Z,2654,Truman State,Great Lakes,2586,Southwest Baptist,Great Lakes,55.0,,,3.0,,,True
401676163,2024,3,2024-09-14T22:00:00.000Z,112,Tufts,NESCAC,340,Bowdoin,NESCAC,23.0,,,21.0,,,True
401676164,2024,4,2024-09-21T23:00:00.000Z,112,Tufts,NESCAC,336,Wesleyan University (CT),NESCAC,9.0,,,20.0,,,False
401676165,2024,5,2024-09-28T17:00:00.000Z,112,Tufts,NESCAC,7,Amherst,NESCAC,25.0,,,0.0,,,True
401676166,2024,6,2024-10-05T17:30:00.000Z,112,Tufts,NESCAC,2977,Trinity (CT),NESCAC,24.0,,,42.0,,,True
401676150,2024,7,2024-10-12T22:00:00.000Z,112,Tufts,NESCAC,121,Bates,NESCAC,45.0,,,22.0,,,False
401676160,2024,8,2024-10-19T17:00:00.000Z,112,Tufts,NESCAC,348,Hamilton,NESCAC,20.0,,,13.0,,,True
401676167,2024,9,2024-10-26T17:30:00.000Z,112,Tufts,NESCAC,2731,Williams,NESCAC,27.0,,,24.0,,,False
401676168,2024,10,2024-11-02T17:00:00.000Z,112,Tufts,NESCAC,33,Colby College,NESCAC,28.0,,,21.0,,,False
401676169,2024,11,2024-11-09T17:30:00.000Z,112,Tufts,NESCAC,2394,Middlebury,NESCAC,17.0,,,7.0,,,True
401645317,2024,1,2024-08-30T00:00:00.000Z,2655,Tulane,American Athletic,2545,SE Louisiana,Southland,52.0,1565.0,1565.0,0.0,,,True
401677084,2024,1,2024-12-20T20:30:00.000Z,2655,Tulane,American Athletic,57,Florida,SEC,8.0,1754.0,1674.0,33.0,1687.0,1767.0,False
401636616,2024,2,2024-09-07T16:00:00.000Z,2655,Tulane,American Athletic,2306,Kansas State,Big 12,27.0,1565.0,1569.0,34.0,1794.0,1790.0,True
401628358,2024,3,2024-09-14T19:30:00.000Z,2655,Tulane,American Athletic,201,Oklahoma,SEC,19.0,1569.0,1561.0,34.0,1840.0,1848.0,False
401643791,2024,4,2024-09-21T16:00:00.000Z,2655,Tulane,American Athletic,309,Louisiana,Sun Belt,41.0,1561.0,1576.0,33.0,1558.0,1543.0,False
401645337,2024,5,2024-09-28T16:00:00.000Z,2655,Tulane,American Athletic,58,South Florida,American Athletic,45.0,1576.0,1653.0,10.0,1413.0,1336.0,True
401645338,2024,6,2024-10-05T17:00:00.000Z,2655,Tulane,American Athletic,5,UAB,American Athletic,71.0,1653.0,1751.0,20.0,1226.0,1128.0,False
401645350,2024,8,2024-10-19T19:30:00.000Z,2655,Tulane,American Athletic,242,Rice,American Athletic,24.0,1751.0,1738.0,10.0,1222.0,1235.0,True
401645354,2024,9,2024-10-26T16:00:00.000Z,2655,Tulane,American Athletic,249,North Texas,American Athletic,45.0,1738.0,1732.0,37.0,1456.0,1462.0,False
401645356,2024,10,2024-10-31T23:30:00.000Z,2655,Tulane,American Athletic,2429,Charlotte,American Athletic,34.0,1732.0,1757.0,3.0,1207.0,1182.0,False
401645364,2024,11,2024-11-09T21:00:00.000Z,2655,Tulane,American Athletic,218,Temple,American Athletic,52.0,1757.0,1807.0,6.0,1090.0,1040.0,True
401645370,2024,12,2024-11-16T17:00:00.000Z,2655,Tulane,American Athletic,2426,Navy,American Athletic,35.0,1807.0,1874.0,0.0,1544.0,1477.0,False
401645376,2024,14,2024-11-29T00:30:00.000Z,2655,Tulane,American Athletic,235,Memphis,American Athletic,24.0,1874.0,1829.0,34.0,1621.0,1666.0,True
401673462,2024,15,2024-12-07T01:00:00.000Z,2655,Tulane,American Athletic,349,Army,American Athletic,14.0,1829.0,1754.0,35.0,1611.0,1686.0,False
401645318,2024,1,2024-08-30T00:00:00.000Z,202,Tulsa,American Athletic,2466,Northwestern State,Southland,62.0,1248.0,1248.0,28.0,,,True
401643779,2024,2,2024-09-07T23:00:00.000Z,202,Tulsa,American Athletic,2032,Arkansas State,Sun Belt,24.0,1248.0,1250.0,28.0,1406.0,1404.0,False
401636869,2024,3,2024-09-14T16:00:00.000Z,202,Tulsa,American Athletic,197,Oklahoma State,Big 12,10.0,1250.0,1185.0,45.0,1530.0,1595.0,True
401641008,2024,4,2024-09-21T23:00:00.000Z,202,Tulsa,American Athletic,2348,Louisiana Tech,Conference USA,23.0,1185.0,1193.0,20.0,1247.0,1239.0,False
401645336,2024,5,2024-09-28T23:00:00.000Z,202,Tulsa,American Athletic,249,North Texas,American Athletic,20.0,1193.0,1132.0,52.0,1403.0,1464.0,False
401645339,2024,6,2024-10-05T16:00:00.000Z,202,Tulsa,American Athletic,349,Army,American Athletic,7.0,1132.0,1060.0,49.0,1534.0,1606.0,True
401645351,2024,8,2024-10-19T18:00:00.000Z,202,Tulsa,American Athletic,218,Temple,American Athletic,10.0,1060.0,1047.0,20.0,1113.0,1126.0,False
401645355,2024,9,2024-10-26T19:30:00.000Z,202,Tulsa,American Athletic,2636,UTSA,American Athletic,46.0,1047.0,1057.0,45.0,1391.0,1381.0,True
401645358,2024,10,2024-11-02T18:30:00.000Z,202,Tulsa,American Athletic,5,UAB,American Athletic,21.0,1057.0,952.0,59.0,1090.0,1195.0,False
401645365,2024,12,2024-11-15T00:30:00.000Z,202,Tulsa,American Athletic,151,East Carolina,American Athletic,31.0,952.0,971.0,38.0,1410.0,1391.0,True
401645375,2024,13,2024-11-23T20:30:00.000Z,202,Tulsa,American Athletic,58,South Florida,American Athletic,30.0,971.0,934.0,63.0,1420.0,1457.0,False
401645380,2024,14,2024-11-30T20:30:00.000Z,202,Tulsa,American Athletic,2226,Florida Atlantic,American Athletic,16.0,934.0,812.0,63.0,1095.0,1217.0,True
401675113,2024,1,2024-09-01T23:00:00.000Z,2657,Tuskegee,SIAC,2304,Johnson C Smith,CIAA,13.0,,,21.0,,,False
401636381,2024,2,2024-09-07T23:00:00.000Z,2657,Tuskegee,SIAC,2755,Grambling,SWAC,20.0,,,37.0,,,False
401675615,2024,4,2024-09-21T18:00:00.000Z,2657,Tuskegee,SIAC,2542,Savannah St,SIAC,16.0,,,20.0,,,True
401675595,2024,5,2024-09-29T20:00:00.000Z,2657,Tuskegee,SIAC,2206,Edward Waters,SIAC,27.0,,,13.0,,,False
401675617,2024,6,2024-10-05T18:00:00.000Z,2657,Tuskegee,SIAC,60,Morehouse College,SIAC,42.0,,,0.0,,,True
401675608,2024,7,2024-10-12T19:00:00.000Z,2657,Tuskegee,SIAC,2323,Lane College,SIAC,27.0,,,17.0,,,False
401675605,2024,8,2024-10-19T18:00:00.000Z,2657,Tuskegee,SIAC,2310,Kentucky State,SIAC,38.0,,,24.0,,,True
401675618,2024,9,2024-10-26T17:00:00.000Z,2657,Tuskegee,SIAC,2119,Central State (OH),SIAC,30.0,,,14.0,,,False
401675592,2024,10,2024-11-02T17:00:00.000Z,2657,Tuskegee,SIAC,2805,Clark Atlanta,SIAC,28.0,,,36.0,,,False
401675613,2024,11,2024-11-09T19:00:00.000Z,2657,Tuskegee,SIAC,2396,Miles College,SIAC,7.0,,,37.0,,,True
401636353,2024,14,2024-11-28T19:00:00.000Z,2657,Tuskegee,SIAC,2011,Alabama State,SWAC,6.0,,,34.0,,,False
401645316,2024,1,2024-08-30T00:00:00.000Z,5,UAB,American Athletic,2016,Alcorn State,SWAC,41.0,1363.0,1363.0,3.0,,,True
401643780,2024,2,2024-09-07T23:00:00.000Z,5,UAB,American Athletic,2433,UL Monroe,Sun Belt,6.0,1363.0,1270.0,32.0,1156.0,1249.0,False
401628351,2024,3,2024-09-14T20:15:00.000Z,5,UAB,American Athletic,8,Arkansas,SEC,27.0,1270.0,1265.0,37.0,1446.0,1451.0,False
401645332,2024,5,2024-09-28T16:00:00.000Z,5,UAB,American Athletic,2426,Navy,American Athletic,18.0,1265.0,1226.0,41.0,1451.0,1490.0,True
401645338,2024,6,2024-10-05T17:00:00.000Z,5,UAB,American Athletic,2655,Tulane,American Athletic,20.0,1226.0,1128.0,71.0,1653.0,1751.0,True
401645342,2024,7,2024-10-12T16:00:00.000Z,5,UAB,American Athletic,349,Army,American Athletic,10.0,1128.0,1091.0,44.0,1606.0,1643.0,False
401645345,2024,8,2024-10-19T19:30:00.000Z,5,UAB,American Athletic,58,South Florida,American Athletic,25.0,1091.0,1090.0,35.0,1325.0,1326.0,False
401645358,2024,10,2024-11-02T18:30:00.000Z,5,UAB,American Athletic,202,Tulsa,American Athletic,59.0,1090.0,1195.0,21.0,1057.0,952.0,True
401629037,2024,11,2024-11-09T19:30:00.000Z,5,UAB,American Athletic,41,UConn,FBS Independents,23.0,1195.0,1197.0,31.0,1425.0,1423.0,True
401645367,2024,12,2024-11-17T01:00:00.000Z,5,UAB,American Athletic,235,Memphis,American Athletic,18.0,1197.0,1145.0,53.0,1569.0,1621.0,False
401645373,2024,13,2024-11-23T19:00:00.000Z,5,UAB,American Athletic,242,Rice,American Athletic,40.0,1145.0,1231.0,14.0,1301.0,1215.0,True
401645377,2024,14,2024-11-30T20:30:00.000Z,5,UAB,American Athletic,2429,Charlotte,American Athletic,27.0,1231.0,1229.0,29.0,1129.0,1131.0,False
401628585,2024,1,2024-08-31T23:00:00.000Z,399,UAlbany,CAA,2341,Long Island University,NEC,27.0,,,21.0,,,True
401628593,2024,2,2024-09-07T22:00:00.000Z,399,UAlbany,CAA,277,West Virginia,Big 12,14.0,,,49.0,1527.0,1527.0,False
401628617,2024,3,2024-09-14T20:00:00.000Z,399,UAlbany,CAA,70,Idaho,Big Sky,13.0,,,41.0,,,False
401628631,2024,5,2024-09-28T19:30:00.000Z,399,UAlbany,CAA,311,Maine,CAA,20.0,,,34.0,,,True
401628645,2024,6,2024-10-05T17:00:00.000Z,399,UAlbany,CAA,172,Cornell,Ivy,31.0,,,10.0,,,False
401628649,2024,7,2024-10-12T17:00:00.000Z,399,UAlbany,CAA,2803,Bryant,CAA,24.0,,,17.0,,,False
401628661,2024,8,2024-10-19T19:30:00.000Z,399,UAlbany,CAA,2210,Elon,CAA,14.0,,,30.0,,,True
401628662,2024,9,2024-10-26T19:00:00.000Z,399,UAlbany,CAA,48,Delaware,CAA,14.0,,,28.0,,,False
401628675,2024,10,2024-11-02T17:00:00.000Z,399,UAlbany,CAA,160,New Hampshire,CAA,14.0,,,31.0,,,True
401628677,2024,11,2024-11-09T18:00:00.000Z,399,UAlbany,CAA,2619,Stony Brook,CAA,6.0,,,24.0,,,False
401628689,2024,12,2024-11-16T18:00:00.000Z,399,UAlbany,CAA,227,Rhode Island,CAA,17.0,,,20.0,,,False
401628698,2024,13,2024-11-23T18:00:00.000Z,399,UAlbany,CAA,2261,Hampton,CAA,41.0,,,34.0,,,True
401634301,2024,1,2024-08-31T21:00:00.000Z,302,UC Davis,Big Sky,25,California,ACC,13.0,,,31.0,1483.0,1483.0,False
401654850,2024,2,2024-09-08T02:00:00.000Z,302,UC Davis,Big Sky,2837,East Texas A&M,Southland,36.0,,,22.0,,,True
401632075,2024,3,2024-09-15T00:00:00.000Z,302,UC Davis,Big Sky,253,Southern Utah,UAC,24.0,,,21.0,,,False
401632101,2024,4,2024-09-22T02:00:00.000Z,302,UC Davis,Big Sky,3101,Utah Tech,UAC,32.0,,,14.0,,,True
401634047,2024,5,2024-09-29T02:00:00.000Z,302,UC Davis,Big Sky,70,Idaho,Big Sky,28.0,,,26.0,,,True
401634055,2024,6,2024-10-05T20:00:00.000Z,302,UC Davis,Big Sky,2502,Portland State,Big Sky,27.0,,,26.0,,,False
401634056,2024,7,2024-10-12T23:00:00.000Z,302,UC Davis,Big Sky,13,Cal Poly,Big Sky,56.0,,,10.0,,,True
401634103,2024,8,2024-10-19T23:00:00.000Z,302,UC Davis,Big Sky,331,Eastern Washington,Big Sky,48.0,,,38.0,,,False
401634113,2024,10,2024-11-02T20:00:00.000Z,302,UC Davis,Big Sky,2458,Northern Colorado,Big Sky,59.0,,,7.0,,,True
401634119,2024,11,2024-11-10T03:15:00.000Z,302,UC Davis,Big Sky,149,Montana,Big Sky,30.0,,,14.0,,,False
401634125,2024,12,2024-11-17T01:00:00.000Z,302,UC Davis,Big Sky,147,Montana State,Big Sky,28.0,,,30.0,,,True
401634132,2024,13,2024-11-23T22:00:00.000Z,302,UC Davis,Big Sky,16,Sacramento State,Big Sky,42.0,,,39.0,,,False
401729753,2024,15,2024-12-07T21:00:00.000Z,302,UC Davis,Big Sky,2287,Illinois State,MVFC,42.0,,,10.0,,,True
401729783,2024,16,2024-12-14T21:00:00.000Z,302,UC Davis,Big Sky,233,South Dakota,MVFC,21.0,,,35.0,,,False
401628582,2024,1,2024-08-29T23:00:00.000Z,2116,UCF,Big 12,160,New Hampshire,CAA,57.0,1578.0,1578.0,3.0,,,True
401636617,2024,2,2024-09-07T22:30:00.000Z,2116,UCF,Big 12,2534,Sam Houston,Conference USA,45.0,1578.0,1644.0,14.0,1436.0,1370.0,True
401636866,2024,3,2024-09-14T23:30:00.000Z,2116,UCF,Big 12,2628,TCU,Big 12,35.0,1644.0,1642.0,34.0,1578.0,1580.0,False
401636885,2024,5,2024-09-28T19:30:00.000Z,2116,UCF,Big 12,38,Colorado,Big 12,21.0,1642.0,1531.0,48.0,1368.0,1479.0,True
401628380,2024,6,2024-10-05T23:45:00.000Z,2116,UCF,Big 12,57,Florida,SEC,13.0,1531.0,1510.0,24.0,1516.0,1537.0,False
401636895,2024,7,2024-10-12T19:30:00.000Z,2116,UCF,Big 12,2132,Cincinnati,Big 12,13.0,1510.0,1501.0,19.0,1529.0,1538.0,True
401636900,2024,8,2024-10-19T23:30:00.000Z,2116,UCF,Big 12,66,Iowa State,Big 12,35.0,1501.0,1503.0,38.0,1773.0,1771.0,False
401636911,2024,9,2024-10-26T19:30:00.000Z,2116,UCF,Big 12,252,BYU,Big 12,24.0,1503.0,1489.0,37.0,1664.0,1678.0,True
401636916,2024,10,2024-11-02T19:30:00.000Z,2116,UCF,Big 12,12,Arizona,Big 12,56.0,1489.0,1625.0,12.0,1518.0,1382.0,True
401636917,2024,11,2024-11-10T00:00:00.000Z,2116,UCF,Big 12,9,Arizona State,Big 12,31.0,1625.0,1620.0,35.0,1563.0,1568.0,False
401636937,2024,13,2024-11-23T20:30:00.000Z,2116,UCF,Big 12,277,West Virginia,Big 12,21.0,1620.0,1596.0,31.0,1529.0,1553.0,False
401636939,2024,14,2024-11-30T01:00:00.000Z,2116,UCF,Big 12,254,Utah,Big 12,14.0,1596.0,1557.0,28.0,1524.0,1563.0,True
401628459,2024,1,2024-08-31T23:30:00.000Z,26,UCLA,Big Ten,62,Hawai'i,Mountain West,16.0,1568.0,1553.0,13.0,1227.0,1242.0,False
401628476,2024,3,2024-09-14T23:30:00.000Z,26,UCLA,Big Ten,84,Indiana,Big Ten,13.0,1553.0,1456.0,42.0,1430.0,1527.0,True
401628365,2024,4,2024-09-21T19:30:00.000Z,26,UCLA,Big Ten,99,LSU,SEC,17.0,1456.0,1449.0,34.0,1798.0,1805.0,False
401628500,2024,5,2024-09-29T03:00:00.000Z,26,UCLA,Big Ten,2483,Oregon,Big Ten,13.0,1449.0,1449.0,34.0,1974.0,1974.0,True
401628510,2024,6,2024-10-05T16:00:00.000Z,26,UCLA,Big Ten,213,Penn State,Big Ten,11.0,1449.0,1453.0,27.0,1905.0,1901.0,False
401628514,2024,7,2024-10-13T01:00:00.000Z,26,UCLA,Big Ten,135,Minnesota,Big Ten,17.0,1453.0,1452.0,21.0,1533.0,1534.0,True
401628524,2024,8,2024-10-19T16:00:00.000Z,26,UCLA,Big Ten,164,Rutgers,Big Ten,35.0,1452.0,1456.0,32.0,1436.0,1432.0,False
401628537,2024,10,2024-11-02T19:30:00.000Z,26,UCLA,Big Ten,158,Nebraska,Big Ten,27.0,1456.0,1470.0,20.0,1467.0,1453.0,False
401628542,2024,11,2024-11-09T02:00:00.000Z,26,UCLA,Big Ten,2294,Iowa,Big Ten,20.0,1470.0,1476.0,17.0,1786.0,1780.0,True
401628553,2024,12,2024-11-16T02:00:00.000Z,26,UCLA,Big Ten,264,Washington,Big Ten,19.0,1476.0,1466.0,31.0,1644.0,1654.0,False
401628561,2024,13,2024-11-24T03:30:00.000Z,26,UCLA,Big Ten,30,USC,Big Ten,13.0,1466.0,1476.0,19.0,1761.0,1751.0,True
401628570,2024,14,2024-11-30T20:30:00.000Z,26,UCLA,Big Ten,278,Fresno State,Mountain West,20.0,1476.0,1488.0,13.0,1511.0,1499.0,True
401628451,2024,1,2024-08-31T16:00:00.000Z,41,UConn,FBS Independents,120,Maryland,Big Ten,7.0,1230.0,1157.0,50.0,1630.0,1703.0,False
401677094,2024,1,2024-12-28T16:00:00.000Z,41,UConn,FBS Independents,153,North Carolina,ACC,27.0,1397.0,1432.0,14.0,1531.0,1496.0,False
401636999,2024,2,2024-09-07T16:00:00.000Z,41,UConn,FBS Independents,2771,Merrimack,FCS Independents,63.0,1139.0,1139.0,17.0,,,True
401629030,2024,3,2024-09-14T22:00:00.000Z,41,UConn,FBS Independents,150,Duke,ACC,21.0,1157.0,1169.0,26.0,1602.0,1590.0,False
401629031,2024,4,2024-09-21T23:00:00.000Z,41,UConn,FBS Independents,2226,Florida Atlantic,American Athletic,48.0,1169.0,1297.0,14.0,1403.0,1275.0,True
401629032,2024,5,2024-09-28T16:00:00.000Z,41,UConn,FBS Independents,2084,Buffalo,Mid-American,47.0,1297.0,1441.0,3.0,1372.0,1228.0,True
401629033,2024,6,2024-10-05T19:30:00.000Z,41,UConn,FBS Independents,218,Temple,American Athletic,29.0,1441.0,1434.0,20.0,1106.0,1113.0,True
401629034,2024,8,2024-10-19T16:00:00.000Z,41,UConn,FBS Independents,154,Wake Forest,ACC,20.0,1434.0,1424.0,23.0,1343.0,1353.0,True
401629035,2024,9,2024-10-26T19:30:00.000Z,41,UConn,FBS Independents,242,Rice,American Athletic,17.0,1424.0,1423.0,10.0,1235.0,1236.0,True
401629036,2024,10,2024-11-01T23:00:00.000Z,41,UConn,FBS Independents,2247,Georgia State,Sun Belt,34.0,1423.0,1425.0,27.0,1284.0,1282.0,True
401629037,2024,11,2024-11-09T19:30:00.000Z,41,UConn,FBS Independents,5,UAB,American Athletic,31.0,1425.0,1423.0,23.0,1195.0,1197.0,False
401635518,2024,13,2024-11-23T17:00:00.000Z,41,UConn,FBS Independents,183,Syracuse,ACC,24.0,1423.0,1414.0,31.0,1425.0,1434.0,False
401629038,2024,14,2024-11-30T17:00:00.000Z,41,UConn,FBS Independents,113,Massachusetts,FBS Independents,47.0,1414.0,1397.0,42.0,1023.0,1040.0,False
401636387,2024,1,2024-08-29T23:00:00.000Z,2433,UL Monroe,Sun Belt,2296,Jackson State,SWAC,30.0,1156.0,1156.0,14.0,,,True
401643780,2024,2,2024-09-07T23:00:00.000Z,2433,UL Monroe,Sun Belt,5,UAB,American Athletic,32.0,1156.0,1249.0,6.0,1363.0,1270.0,True
401628371,2024,4,2024-09-22T00:00:00.000Z,2433,UL Monroe,Sun Belt,251,Texas,SEC,3.0,1249.0,1210.0,51.0,2068.0,2107.0,False
401643796,2024,5,2024-09-28T23:00:00.000Z,2433,UL Monroe,Sun Belt,2653,Troy,Sun Belt,13.0,1210.0,1240.0,9.0,1534.0,1504.0,False
401643801,2024,6,2024-10-05T23:00:00.000Z,2433,UL Monroe,Sun Belt,256,James Madison,Sun Belt,21.0,1240.0,1247.0,19.0,1830.0,1823.0,True
401643807,2024,7,2024-10-12T21:00:00.000Z,2433,UL Monroe,Sun Belt,2572,Southern Miss,Sun Belt,38.0,1247.0,1272.0,21.0,1120.0,1095.0,True
401643819,2024,9,2024-10-26T21:00:00.000Z,2433,UL Monroe,Sun Belt,6,South Alabama,Sun Belt,17.0,1272.0,1234.0,46.0,1606.0,1644.0,False
401643822,2024,10,2024-11-02T19:30:00.000Z,2433,UL Monroe,Sun Belt,276,Marshall,Sun Belt,23.0,1234.0,1236.0,28.0,1417.0,1415.0,False
401643828,2024,11,2024-11-09T17:00:00.000Z,2433,UL Monroe,Sun Belt,326,Texas State,Sun Belt,17.0,1236.0,1220.0,38.0,1586.0,1602.0,True
401628426,2024,12,2024-11-16T17:45:00.000Z,2433,UL Monroe,Sun Belt,2,Auburn,SEC,14.0,1220.0,1166.0,48.0,1550.0,1604.0,False
401643839,2024,13,2024-11-23T20:00:00.000Z,2433,UL Monroe,Sun Belt,2032,Arkansas State,Sun Belt,21.0,1166.0,1160.0,28.0,1235.0,1241.0,False
401643848,2024,14,2024-11-30T17:00:00.000Z,2433,UL Monroe,Sun Belt,309,Louisiana,Sun Belt,23.0,1160.0,1172.0,37.0,1652.0,1640.0,True
401676755,2024,2,2024-09-07T20:00:00.000Z,379,UMass Dartmouth,MSCAC,2884,Nichols College,Commonwealth Coast,64.0,,,24.0,,,True
401674887,2024,3,2024-09-14T16:00:00.000Z,379,UMass Dartmouth,MSCAC,114,Fitchburg State,MSCAC,73.0,,,7.0,,,False
401682280,2024,4,2024-09-20T23:00:00.000Z,379,UMass Dartmouth,MSCAC,2967,Framingham State,MSCAC,58.0,,,13.0,,,True
401674879,2024,5,2024-09-28T16:00:00.000Z,379,UMass Dartmouth,MSCAC,293,Castleton,MSCAC,60.0,,,10.0,,,True
401674898,2024,6,2024-10-04T23:00:00.000Z,379,UMass Dartmouth,MSCAC,110,Mass Maritime,MSCAC,34.0,,,0.0,,,False
401674907,2024,8,2024-10-19T16:00:00.000Z,379,UMass Dartmouth,MSCAC,402,Worcester St,MSCAC,58.0,,,7.0,,,False
401675975,2024,9,2024-10-26T21:30:00.000Z,379,UMass Dartmouth,MSCAC,18,Bridgewater State,MSCAC,49.0,,,16.0,,,True
401675967,2024,10,2024-11-02T19:00:00.000Z,379,UMass Dartmouth,MSCAC,2843,Western Connecticut St,MSCAC,41.0,,,30.0,,,True
401682281,2024,11,2024-11-09T17:00:00.000Z,379,UMass Dartmouth,MSCAC,2909,Westfield State,MSCAC,56.0,,,14.0,,,False
401682282,2024,12,2024-11-16T17:00:00.000Z,379,UMass Dartmouth,MSCAC,2972,Plymouth State,MSCAC,47.0,,,42.0,,,False
401734575,2024,14,2024-11-30T17:00:00.000Z,379,UMass Dartmouth,MSCAC,81,Springfield,NEWMAC,27.0,,,54.0,,,False
401674289,2024,1,2024-08-31T22:00:00.000Z,2882,UNC Pembroke,Mountain East,351,Wingate,South Atlantic,12.0,,,17.0,,,True
401674290,2024,2,2024-09-07T22:00:00.000Z,2882,UNC Pembroke,Mountain East,2220,Fayetteville State,CIAA,31.0,,,35.0,,,False
401674257,2024,4,2024-09-21T17:00:00.000Z,2882,UNC Pembroke,Mountain East,2128,University Of Charleston (WV),Mountain East,36.0,,,58.0,,,False
401674284,2024,5,2024-09-28T17:00:00.000Z,2882,UNC Pembroke,Mountain East,2249,Glenville State,Mountain East,7.0,,,14.0,,,False
401674291,2024,6,2024-10-05T16:00:00.000Z,2882,UNC Pembroke,Mountain East,112335,Wheeling,Mountain East,35.0,,,32.0,,,False
401674292,2024,7,2024-10-12T17:00:00.000Z,2882,UNC Pembroke,Mountain East,2699,West Liberty,Mountain East,67.0,,,20.0,,,True
401674280,2024,8,2024-10-19T16:00:00.000Z,2882,UNC Pembroke,Mountain East,2986,Fairmont State,Mountain East,28.0,,,37.0,,,False
401674293,2024,9,2024-10-26T20:00:00.000Z,2882,UNC Pembroke,Mountain East,2707,West Virginia State,Mountain East,62.0,,,17.0,,,True
401674294,2024,10,2024-11-02T17:00:00.000Z,2882,UNC Pembroke,Mountain East,455,West Virginia Wesleyan,Mountain East,79.0,,,20.0,,,True
401658366,2024,11,2024-11-09T18:00:00.000Z,2882,UNC Pembroke,Mountain East,341,Frostburg State,Mountain East,58.0,,,17.0,,,True
401674273,2024,12,2024-11-16T18:00:00.000Z,2882,UNC Pembroke,Mountain East,2148,Concord University,Mountain East,63.0,,,7.0,,,False
401677081,2024,1,2024-12-19T02:00:00.000Z,2439,UNLV,Mountain West,25,California,ACC,24.0,1662.0,1679.0,13.0,1546.0,1529.0,True
401636611,2024,1,2024-08-31T23:00:00.000Z,2439,UNLV,Mountain West,248,Houston,Big 12,27.0,1496.0,1541.0,7.0,1447.0,1402.0,False
401632071,2024,2,2024-09-07T19:00:00.000Z,2439,UNLV,Mountain West,3101,Utah Tech,UAC,72.0,1548.0,1548.0,14.0,,,True
401636863,2024,3,2024-09-13T23:00:00.000Z,2439,UNLV,Mountain West,2305,Kansas,Big 12,23.0,1541.0,1544.0,20.0,1606.0,1603.0,False
401643720,2024,5,2024-09-28T19:30:00.000Z,2439,UNLV,Mountain West,278,Fresno State,Mountain West,59.0,1544.0,1701.0,14.0,1675.0,1518.0,True
401634779,2024,6,2024-10-05T01:00:00.000Z,2439,UNLV,Mountain West,183,Syracuse,ACC,41.0,1701.0,1675.0,44.0,1378.0,1404.0,True
401643733,2024,7,2024-10-12T01:00:00.000Z,2439,UNLV,Mountain West,328,Utah State,Mountain West,50.0,1675.0,1665.0,34.0,1162.0,1172.0,False
401643739,2024,8,2024-10-20T02:00:00.000Z,2439,UNLV,Mountain West,204,Oregon State,Pac-12,33.0,1665.0,1674.0,25.0,1587.0,1578.0,False
401643740,2024,9,2024-10-26T02:30:00.000Z,2439,UNLV,Mountain West,68,Boise State,Mountain West,24.0,1674.0,1668.0,29.0,1711.0,1717.0,True
401643753,2024,11,2024-11-10T02:00:00.000Z,2439,UNLV,Mountain West,62,Hawai'i,Mountain West,29.0,1668.0,1650.0,27.0,1247.0,1265.0,False
401643762,2024,12,2024-11-17T03:30:00.000Z,2439,UNLV,Mountain West,21,San Diego State,Mountain West,41.0,1650.0,1665.0,20.0,1298.0,1283.0,True
401643767,2024,13,2024-11-23T03:00:00.000Z,2439,UNLV,Mountain West,23,San José State,Mountain West,27.0,1665.0,1673.0,16.0,1489.0,1481.0,False
401643772,2024,14,2024-12-01T01:00:00.000Z,2439,UNLV,Mountain West,2440,Nevada,Mountain West,38.0,1673.0,1685.0,14.0,1204.0,1192.0,True
401673468,2024,15,2024-12-07T01:00:00.000Z,2439,UNLV,Mountain West,68,Boise State,Mountain West,7.0,1685.0,1662.0,21.0,1748.0,1771.0,False
401677093,2024,1,2024-12-28T03:30:00.000Z,30,USC,Big Ten,245,Texas A&M,SEC,35.0,1756.0,1765.0,31.0,1771.0,1762.0,True
401628334,2024,1,2024-09-01T23:30:00.000Z,30,USC,Big Ten,99,LSU,SEC,27.0,1648.0,1668.0,20.0,1823.0,1803.0,False
401628472,2024,2,2024-09-08T03:00:00.000Z,30,USC,Big Ten,328,Utah State,Mountain West,48.0,1668.0,1768.0,0.0,1346.0,1246.0,True
401628489,2024,4,2024-09-21T19:30:00.000Z,30,USC,Big Ten,130,Michigan,Big Ten,24.0,1768.0,1769.0,27.0,1911.0,1910.0,False
401628502,2024,5,2024-09-28T19:30:00.000Z,30,USC,Big Ten,275,Wisconsin,Big Ten,38.0,1769.0,1786.0,21.0,1553.0,1536.0,True
401628507,2024,6,2024-10-05T23:30:00.000Z,30,USC,Big Ten,135,Minnesota,Big Ten,17.0,1786.0,1759.0,24.0,1506.0,1533.0,False
401628516,2024,7,2024-10-12T19:30:00.000Z,30,USC,Big Ten,213,Penn State,Big Ten,30.0,1759.0,1763.0,33.0,1901.0,1897.0,True
401628521,2024,8,2024-10-19T20:00:00.000Z,30,USC,Big Ten,120,Maryland,Big Ten,28.0,1763.0,1756.0,29.0,1546.0,1553.0,False
401628532,2024,9,2024-10-26T03:00:00.000Z,30,USC,Big Ten,164,Rutgers,Big Ten,42.0,1756.0,1776.0,20.0,1432.0,1412.0,True
401628540,2024,10,2024-11-02T23:30:00.000Z,30,USC,Big Ten,264,Washington,Big Ten,21.0,1776.0,1767.0,26.0,1686.0,1695.0,False
401628549,2024,12,2024-11-16T21:00:00.000Z,30,USC,Big Ten,158,Nebraska,Big Ten,28.0,1767.0,1761.0,20.0,1453.0,1459.0,True
401628561,2024,13,2024-11-24T03:30:00.000Z,30,USC,Big Ten,26,UCLA,Big Ten,19.0,1761.0,1751.0,13.0,1466.0,1476.0,False
401628571,2024,14,2024-11-30T20:30:00.000Z,30,USC,Big Ten,87,Notre Dame,FBS Independents,35.0,1751.0,1756.0,49.0,2165.0,2160.0,True
401636612,2024,1,2024-08-31T23:00:00.000Z,2630,UT Martin,Big South-OVC,2306,Kansas State,Big 12,6.0,,,41.0,1794.0,1794.0,False
401633979,2024,2,2024-09-07T23:00:00.000Z,2630,UT Martin,Big South-OVC,2546,Southeast Missouri State,Big South-OVC,42.0,,,45.0,,,False
401654663,2024,3,2024-09-14T23:00:00.000Z,2630,UT Martin,Big South-OVC,2453,North Alabama,UAC,43.0,,,28.0,,,True
401634183,2024,4,2024-09-21T23:00:00.000Z,2630,UT Martin,Big South-OVC,2623,Missouri State,MVFC,24.0,,,31.0,,,True
401641018,2024,5,2024-09-28T22:00:00.000Z,2630,UT Martin,Big South-OVC,338,Kennesaw State,Conference USA,24.0,,,13.0,1384.0,1384.0,False
401633986,2024,6,2024-10-05T18:00:00.000Z,2630,UT Martin,Big South-OVC,2241,Gardner-Webb,Big South-OVC,35.0,,,17.0,,,True
401633991,2024,7,2024-10-12T20:00:00.000Z,2630,UT Martin,Big South-OVC,2710,Western Illinois,Big South-OVC,45.0,,,17.0,,,False
401633996,2024,9,2024-10-26T19:00:00.000Z,2630,UT Martin,Big South-OVC,2197,Eastern Illinois,Big South-OVC,52.0,,,17.0,,,True
401634002,2024,10,2024-11-02T22:00:00.000Z,2630,UT Martin,Big South-OVC,2634,Tennessee State,Big South-OVC,28.0,,,21.0,,,False
401634003,2024,11,2024-11-09T19:00:00.000Z,2630,UT Martin,Big South-OVC,2127,Charleston Southern,Big South-OVC,40.0,,,14.0,,,False
401634010,2024,12,2024-11-16T19:00:00.000Z,2630,UT Martin,Big South-OVC,2635,Tennessee Tech,Big South-OVC,9.0,,,10.0,,,True
401634013,2024,13,2024-11-23T20:00:00.000Z,2630,UT Martin,Big South-OVC,2815,Lindenwood,Big South-OVC,33.0,,,26.0,,,True
401729729,2024,14,2024-11-30T18:00:00.000Z,2630,UT Martin,Big South-OVC,160,New Hampshire,CAA,41.0,,,10.0,,,False
401729743,2024,15,2024-12-07T20:00:00.000Z,2630,UT Martin,Big South-OVC,147,Montana State,Big Sky,17.0,,,49.0,,,False
401675555,2024,1,2024-08-31T23:00:00.000Z,110243,UT Permian Basin,Lone Star,2703,Western New Mexico,Lone Star,41.0,,,3.0,,,True
401673270,2024,2,2024-09-08T00:00:00.000Z,110243,UT Permian Basin,Lone Star,2570,CSU Pueblo,Rocky Mountain,23.0,,,40.0,,,False
401673141,2024,3,2024-09-14T23:00:00.000Z,110243,UT Permian Basin,Lone Star,2001,Adams State,Rocky Mountain,67.0,,,14.0,,,True
401675551,2024,4,2024-09-21T23:00:00.000Z,110243,UT Permian Basin,Lone Star,2658,Texas A&M-Kingsville,Lone Star,14.0,,,20.0,,,True
401675539,2024,5,2024-09-29T00:00:00.000Z,110243,UT Permian Basin,Lone Star,2395,Midwestern State,Lone Star,27.0,,,3.0,,,False
401675515,2024,6,2024-10-05T23:00:00.000Z,110243,UT Permian Basin,Lone Star,2025,Angelo State,Lone Star,7.0,,,36.0,,,True
401675525,2024,7,2024-10-13T01:00:00.000Z,110243,UT Permian Basin,Lone Star,2120,Central Washington,Lone Star,14.0,,,13.0,,,False
401675556,2024,8,2024-10-19T23:00:00.000Z,110243,UT Permian Basin,Lone Star,2848,Western Oregon,Lone Star,27.0,,,30.0,,,True
401675557,2024,9,2024-10-27T00:00:00.000Z,110243,UT Permian Basin,Lone Star,2704,West Texas A&M,Lone Star,21.0,,,7.0,,,False
401675536,2024,11,2024-11-09T19:00:00.000Z,110243,UT Permian Basin,Lone Star,2201,Eastern New Mexico,Lone Star,64.0,,,14.0,,,False
401675550,2024,12,2024-11-16T18:00:00.000Z,110243,UT Permian Basin,Lone Star,2834,Sul Ross State,Lone Star,75.0,,,7.0,,,False
401628454,2024,1,2024-08-31T19:30:00.000Z,2638,UTEP,Conference USA,158,Nebraska,Big Ten,7.0,1296.0,1232.0,40.0,1507.0,1571.0,False
401632072,2024,2,2024-09-08T01:00:00.000Z,2638,UTEP,Conference USA,253,Southern Utah,UAC,24.0,1224.0,1224.0,27.0,,,True
401640990,2024,3,2024-09-14T22:00:00.000Z,2638,UTEP,Conference USA,2335,Liberty,Conference USA,10.0,1232.0,1223.0,28.0,1573.0,1582.0,False
401641028,2024,4,2024-09-21T21:00:00.000Z,2638,UTEP,Conference USA,36,Colorado State,Mountain West,17.0,1223.0,1206.0,27.0,1219.0,1236.0,False
401641029,2024,6,2024-10-04T01:00:00.000Z,2638,UTEP,Conference USA,2534,Sam Houston,Conference USA,21.0,1206.0,1181.0,41.0,1439.0,1464.0,True
401641030,2024,7,2024-10-11T00:00:00.000Z,2638,UTEP,Conference USA,98,Western Kentucky,Conference USA,17.0,1181.0,1137.0,44.0,1410.0,1454.0,False
401640983,2024,8,2024-10-17T01:00:00.000Z,2638,UTEP,Conference USA,2229,Florida International,Conference USA,30.0,1137.0,1161.0,21.0,1265.0,1241.0,True
401641011,2024,9,2024-10-23T00:00:00.000Z,2638,UTEP,Conference USA,2348,Louisiana Tech,Conference USA,10.0,1161.0,1162.0,14.0,1285.0,1284.0,False
401641026,2024,10,2024-11-02T19:30:00.000Z,2638,UTEP,Conference USA,2393,Middle Tennessee,Conference USA,13.0,1162.0,1147.0,20.0,1137.0,1152.0,True
401641021,2024,11,2024-11-09T21:00:00.000Z,2638,UTEP,Conference USA,338,Kennesaw State,Conference USA,43.0,1147.0,1165.0,35.0,1245.0,1227.0,True
401628435,2024,13,2024-11-23T18:00:00.000Z,2638,UTEP,Conference USA,2633,Tennessee,SEC,0.0,1165.0,1094.0,56.0,1908.0,1979.0,False
401641031,2024,14,2024-11-30T21:00:00.000Z,2638,UTEP,Conference USA,166,New Mexico State,Conference USA,42.0,1094.0,1111.0,35.0,1137.0,1120.0,False
401641015,2024,1,2024-08-31T19:30:00.000Z,2636,UTSA,American Athletic,338,Kennesaw State,Conference USA,28.0,1598.0,1613.0,16.0,1500.0,1485.0,True
401677085,2024,1,2024-12-23T16:00:00.000Z,2636,UTSA,American Athletic,324,Coastal Carolina,Sun Belt,44.0,1479.0,1544.0,15.0,1384.0,1319.0,True
401643783,2024,2,2024-09-07T20:00:00.000Z,2636,UTSA,American Athletic,326,Texas State,Sun Belt,10.0,1613.0,1467.0,49.0,1399.0,1545.0,False
401628361,2024,3,2024-09-14T23:00:00.000Z,2636,UTSA,American Athletic,251,Texas,SEC,7.0,1467.0,1390.0,56.0,1991.0,2068.0,False
401645330,2024,4,2024-09-21T19:30:00.000Z,2636,UTSA,American Athletic,2277,Houston Christian,Southland,45.0,1366.0,1366.0,7.0,,,True
401645334,2024,5,2024-09-28T20:00:00.000Z,2636,UTSA,American Athletic,151,East Carolina,American Athletic,20.0,1390.0,1374.0,30.0,1407.0,1423.0,False
401645344,2024,7,2024-10-12T23:00:00.000Z,2636,UTSA,American Athletic,242,Rice,American Athletic,27.0,1374.0,1371.0,29.0,1219.0,1222.0,False
401645348,2024,8,2024-10-19T19:30:00.000Z,2636,UTSA,American Athletic,2226,Florida Atlantic,American Athletic,38.0,1371.0,1391.0,24.0,1280.0,1260.0,True
401645355,2024,9,2024-10-26T19:30:00.000Z,2636,UTSA,American Athletic,202,Tulsa,American Athletic,45.0,1391.0,1381.0,46.0,1047.0,1057.0,False
401645359,2024,10,2024-11-02T16:00:00.000Z,2636,UTSA,American Athletic,235,Memphis,American Athletic,44.0,1381.0,1408.0,36.0,1601.0,1574.0,True
401645366,2024,12,2024-11-16T01:00:00.000Z,2636,UTSA,American Athletic,249,North Texas,American Athletic,48.0,1408.0,1463.0,27.0,1455.0,1400.0,True
401645374,2024,13,2024-11-23T00:00:00.000Z,2636,UTSA,American Athletic,218,Temple,American Athletic,51.0,1463.0,1479.0,27.0,1042.0,1026.0,True
401645378,2024,14,2024-11-30T17:00:00.000Z,2636,UTSA,American Athletic,349,Army,American Athletic,24.0,1479.0,1479.0,29.0,1611.0,1611.0,False
401634134,2024,2,2024-09-07T21:30:00.000Z,2842,UVA Wise,South Atlantic,2193,East Tennessee State,Southern,0.0,,,61.0,,,False
401674266,2024,3,2024-09-14T19:00:00.000Z,2842,UVA Wise,South Atlantic,2148,Concord University,Mountain East,28.0,,,0.0,,,False
401675764,2024,4,2024-09-21T18:00:00.000Z,2842,UVA Wise,South Atlantic,2107,Catawba,South Atlantic,31.0,,,28.0,,,True
401676791,2024,5,2024-09-28T23:00:00.000Z,2842,UVA Wise,South Atlantic,2444,Newberry,South Atlantic,0.0,,,0.0,,,False
401676795,2024,6,2024-10-05T18:00:00.000Z,2842,UVA Wise,South Atlantic,351,Wingate,South Atlantic,0.0,,,33.0,,,True
401675774,2024,7,2024-10-12T18:00:00.000Z,2842,UVA Wise,South Atlantic,129469,Anderson (Sc),South Atlantic,13.0,,,20.0,,,True
401673376,2024,8,2024-10-19T17:00:00.000Z,2842,UVA Wise,South Atlantic,2105,Carson-Newman College,South Atlantic,23.0,,,35.0,,,False
401676788,2024,9,2024-10-26T18:00:00.000Z,2842,UVA Wise,South Atlantic,2369,Mars Hill,South Atlantic,17.0,,,31.0,,,True
401676793,2024,10,2024-11-02T18:00:00.000Z,2842,UVA Wise,South Atlantic,2839,Greeneville,South Atlantic,35.0,,,27.0,,,True
401673389,2024,11,2024-11-09T18:00:00.000Z,2842,UVA Wise,South Atlantic,2213,Emory & Henry College,South Atlantic,14.0,,,62.0,,,False
401675762,2024,12,2024-11-16T23:00:00.000Z,2842,UVA Wise,South Atlantic,122666,Wilson,South Atlantic,24.0,,,21.0,,,False
401674858,2024,2,2024-09-06T23:00:00.000Z,237,Union (NY),Liberty League,390,Utica,Empire 8,26.0,,,41.0,,,False
401674859,2024,3,2024-09-14T20:00:00.000Z,237,Union (NY),Liberty League,2951,SUNY Maritime,NEWMAC,18.0,,,15.0,,,True
401674860,2024,4,2024-09-20T23:00:00.000Z,237,Union (NY),Liberty League,81,Springfield,NEWMAC,20.0,,,37.0,,,False
401674861,2024,5,2024-09-28T21:00:00.000Z,237,Union (NY),Liberty League,2818,Montclair State,New Jersey,15.0,,,17.0,,,False
401674856,2024,6,2024-10-05T17:00:00.000Z,237,Union (NY),Liberty League,2779,St. Lawrence,Liberty League,24.0,,,27.0,,,False
401674862,2024,8,2024-10-19T17:00:00.000Z,237,Union (NY),Liberty League,2085,Buffalo State,Liberty League,31.0,,,10.0,,,True
401674831,2024,9,2024-10-26T17:00:00.000Z,237,Union (NY),Liberty League,174,Hobart College,Liberty League,0.0,,,27.0,,,False
401674838,2024,10,2024-11-02T16:00:00.000Z,237,Union (NY),Liberty League,175,Ithaca College,Liberty League,0.0,,,24.0,,,True
401674845,2024,11,2024-11-09T17:00:00.000Z,237,Union (NY),Liberty League,184,University of Rochester (NY),Liberty League,34.0,,,13.0,,,True
401674852,2024,12,2024-11-16T17:00:00.000Z,237,Union (NY),Liberty League,2528,Rensselaer,Liberty League,7.0,,,24.0,,,False
401675804,2024,1,2024-08-31T22:00:00.000Z,2128,University Of Charleston (WV),Mountain East,2940,Livingstone,CIAA,38.0,,,7.0,,,False
401674256,2024,2,2024-09-07T04:00:00.000Z,2128,University Of Charleston (WV),Mountain East,2858,PennWest California,Pennsylvania State Athletic,23.0,,,19.0,,,True
401674257,2024,4,2024-09-21T17:00:00.000Z,2128,University Of Charleston (WV),Mountain East,2882,UNC Pembroke,Mountain East,58.0,,,36.0,,,True
401674258,2024,5,2024-09-28T17:00:00.000Z,2128,University Of Charleston (WV),Mountain East,2148,Concord University,Mountain East,42.0,,,7.0,,,False
401674259,2024,6,2024-10-05T16:00:00.000Z,2128,University Of Charleston (WV),Mountain East,2249,Glenville State,Mountain East,29.0,,,17.0,,,True
401674260,2024,7,2024-10-12T16:00:00.000Z,2128,University Of Charleston (WV),Mountain East,112335,Wheeling,Mountain East,42.0,,,23.0,,,True
401658363,2024,8,2024-10-19T17:00:00.000Z,2128,University Of Charleston (WV),Mountain East,341,Frostburg State,Mountain East,48.0,,,7.0,,,False
401674261,2024,9,2024-10-25T23:00:00.000Z,2128,University Of Charleston (WV),Mountain East,2986,Fairmont State,Mountain East,50.0,,,30.0,,,True
401674262,2024,10,2024-11-02T17:00:00.000Z,2128,University Of Charleston (WV),Mountain East,2699,West Liberty,Mountain East,38.0,,,0.0,,,False
401674263,2024,11,2024-11-09T18:00:00.000Z,2128,University Of Charleston (WV),Mountain East,455,West Virginia Wesleyan,Mountain East,69.0,,,21.0,,,False
401674264,2024,12,2024-11-16T17:00:00.000Z,2128,University Of Charleston (WV),Mountain East,2707,West Virginia State,Mountain East,52.0,,,17.0,,,True
401734578,2024,13,2024-11-23T18:00:00.000Z,2128,University Of Charleston (WV),Mountain East,308,Ashland,Great Midwest Athletic,38.0,,,40.0,,,True
401677459,2024,3,2024-09-14T22:00:00.000Z,2831,University Of St Francis IN,,190,Defiance College,,64.0,,,36.0,,,True
401675822,2024,1,2024-08-29T23:00:00.000Z,559,University of Mary,Northern Sun,2939,Jamestown College,,23.0,,,6.0,,,True
401675823,2024,2,2024-09-05T23:00:00.000Z,559,University of Mary,Northern Sun,2043,Augustana University (SD),Northern Sun,13.0,,,35.0,,,True
401675824,2024,3,2024-09-14T18:00:00.000Z,559,University of Mary,Northern Sun,2894,Sioux Falls,Northern Sun,33.0,,,35.0,,,False
401674320,2024,4,2024-09-21T19:00:00.000Z,559,University of Mary,Northern Sun,134,Minnesota Duluth,Northern Sun,7.0,,,43.0,,,True
401674311,2024,5,2024-09-28T19:00:00.000Z,559,University of Mary,Northern Sun,132,Bemidji State,Northern Sun,7.0,,,41.0,,,False
401676740,2024,6,2024-10-05T19:00:00.000Z,559,University of Mary,Northern Sun,3066,Concordia University St Paul,Northern Sun,13.0,,,19.0,,,True
401675825,2024,7,2024-10-12T19:00:00.000Z,559,University of Mary,Northern Sun,2851,Winona State,Northern Sun,7.0,,,48.0,,,False
401675843,2024,8,2024-10-19T19:00:00.000Z,559,University of Mary,Northern Sun,2844,Wayne State (NE),Northern Sun,0.0,,,30.0,,,True
401675826,2024,10,2024-11-02T16:00:00.000Z,559,University of Mary,Northern Sun,2587,Southwest Minnesota State,Northern Sun,15.0,,,6.0,,,False
401675827,2024,11,2024-11-09T18:00:00.000Z,559,University of Mary,Northern Sun,2364,Minnesota State Mankato,Northern Sun,21.0,,,49.0,,,False
401674337,2024,12,2024-11-16T18:00:00.000Z,559,University of Mary,Northern Sun,2817,Minnesota State Moorhead,Northern Sun,3.0,,,52.0,,,True
401738295,2024,1,2024-12-21T17:00:00.000Z,426,University of Mount Union,Ohio,118,Johns Hopkins University,Centennial,45.0,,,37.0,,,True
401741208,2024,1,2025-01-06T01:00:00.000Z,426,University of Mount Union,Ohio,3071,North Central College,CCIW,25.0,,,41.0,,,False
401676354,2024,2,2024-09-07T17:00:00.000Z,426,University of Mount Union,Ohio,366,Ferrum,Old Dominion,55.0,,,6.0,,,False
401676342,2024,4,2024-09-21T17:30:00.000Z,426,University of Mount Union,Ohio,2302,John Carroll University,Ohio,37.0,,,31.0,,,True
401676273,2024,5,2024-09-28T18:00:00.000Z,426,University of Mount Union,Ohio,188,Baldwin Wallace,Ohio,52.0,,,14.0,,,False
401676355,2024,6,2024-10-05T16:30:00.000Z,426,University of Mount Union,Ohio,359,Otterbein,Ohio,21.0,,,0.0,,,False
401676356,2024,7,2024-10-12T17:30:00.000Z,426,University of Mount Union,Ohio,2733,Wilmington (OH),Ohio,78.0,,,19.0,,,True
401676338,2024,8,2024-10-19T17:30:00.000Z,426,University of Mount Union,Ohio,191,Heidelberg,Ohio,52.0,,,10.0,,,True
401676357,2024,9,2024-10-26T17:30:00.000Z,426,University of Mount Union,Ohio,427,Ohio Northern,Ohio,42.0,,,13.0,,,False
401676312,2024,10,2024-11-02T17:30:00.000Z,426,University of Mount Union,Ohio,424,Capital,Ohio,54.0,,,0.0,,,False
401676353,2024,11,2024-11-09T18:30:00.000Z,426,University of Mount Union,Ohio,317,Marietta,Ohio,28.0,,,21.0,,,True
401676358,2024,12,2024-11-16T18:30:00.000Z,426,University of Mount Union,Ohio,332,Muskingum University,Ohio,35.0,,,28.0,,,False
401734924,2024,14,2024-11-30T17:00:00.000Z,426,University of Mount Union,Ohio,2302,John Carroll University,Ohio,42.0,,,7.0,,,True
401735948,2024,15,2024-12-07T17:00:00.000Z,426,University of Mount Union,Ohio,2102,Carnegie Mellon,Presidents',24.0,,,19.0,,,False
401737147,2024,16,2024-12-14T17:00:00.000Z,426,University of Mount Union,Ohio,2532,Salisbury,New Jersey,38.0,,,17.0,,,False
401674840,2024,2,2024-09-07T16:00:00.000Z,184,University of Rochester (NY),Liberty League,354,Olivet College,Michigan,28.0,,,21.0,,,False
401673400,2024,3,2024-09-14T23:00:00.000Z,184,University of Rochester (NY),Liberty League,3162,Alfred State,ECFC,28.0,,,0.0,,,False
401674841,2024,4,2024-09-21T16:00:00.000Z,184,University of Rochester (NY),Liberty League,2776,Salve Regina,NEWMAC,28.0,,,6.0,,,True
401676773,2024,5,2024-09-28T17:00:00.000Z,184,University of Rochester (NY),Liberty League,111675,Biddeford,Commonwealth Coast,42.0,,,21.0,,,True
401674842,2024,6,2024-10-05T16:00:00.000Z,184,University of Rochester (NY),Liberty League,2528,Rensselaer,Liberty League,14.0,,,7.0,,,True
401674835,2024,7,2024-10-12T17:00:00.000Z,184,University of Rochester (NY),Liberty League,175,Ithaca College,Liberty League,0.0,,,24.0,,,False
401674843,2024,9,2024-10-26T16:00:00.000Z,184,University of Rochester (NY),Liberty League,2779,St. Lawrence,Liberty League,21.0,,,0.0,,,True
401674844,2024,10,2024-11-02T16:00:00.000Z,184,University of Rochester (NY),Liberty League,2085,Buffalo State,Liberty League,21.0,,,35.0,,,True
401674845,2024,11,2024-11-09T17:00:00.000Z,184,University of Rochester (NY),Liberty League,237,Union (NY),Liberty League,13.0,,,34.0,,,False
401674833,2024,12,2024-11-16T18:00:00.000Z,184,University of Rochester (NY),Liberty League,174,Hobart College,Liberty League,7.0,,,37.0,,,False
401655657,2024,1,2024-08-31T17:00:00.000Z,389,Upper Iowa University,Great Lakes,2086,Butler,Pioneer,7.0,,,40.0,,,False
401674543,2024,2,2024-09-07T23:00:00.000Z,389,Upper Iowa University,Great Lakes,3066,Concordia University St Paul,Northern Sun,33.0,,,7.0,,,True
401673250,2024,3,2024-09-14T18:00:00.000Z,389,Upper Iowa University,Great Lakes,613,South Dakota Mines,Rocky Mountain,10.0,,,17.0,,,False
401674534,2024,4,2024-09-21T18:00:00.000Z,389,Upper Iowa University,Great Lakes,2586,Southwest Baptist,Great Lakes,21.0,,,7.0,,,False
401674544,2024,5,2024-09-28T18:00:00.000Z,389,Upper Iowa University,Great Lakes,2825,Quincy,Great Lakes,29.0,,,27.0,,,False
401674540,2024,6,2024-10-05T23:00:00.000Z,389,Upper Iowa University,Great Lakes,2654,Truman State,Great Lakes,23.0,,,26.0,,,True
401674545,2024,7,2024-10-12T18:00:00.000Z,389,Upper Iowa University,Great Lakes,2911,William Jewell,Great Lakes,38.0,,,31.0,,,True
401674514,2024,8,2024-10-19T17:00:00.000Z,389,Upper Iowa University,Great Lakes,2876,Lincoln (MO),Great Lakes,31.0,,,3.0,,,False
401674504,2024,9,2024-10-26T17:00:00.000Z,389,Upper Iowa University,Great Lakes,2292,Indianapolis,Great Lakes,13.0,,,40.0,,,True
401674523,2024,11,2024-11-09T19:00:00.000Z,389,Upper Iowa University,Great Lakes,2816,McKendree,Great Lakes,28.0,,,24.0,,,False
401674532,2024,12,2024-11-16T18:00:00.000Z,389,Upper Iowa University,Great Lakes,2402,Missouri S&T,Great Lakes,51.0,,,7.0,,,True
401678581,2024,2,2024-09-06T23:00:00.000Z,2667,Ursinus,Centennial,111674,Reading,Mid Atlantic,45.0,,,14.0,,,True
401676237,2024,3,2024-09-14T17:00:00.000Z,2667,Ursinus,Centennial,2871,Kean,New Jersey,31.0,,,17.0,,,False
401677676,2024,4,2024-09-21T23:00:00.000Z,2667,Ursinus,Centennial,2827,Rowan,New Jersey,58.0,,,14.0,,,True
401674699,2024,6,2024-10-04T23:00:00.000Z,2667,Ursinus,Centennial,2422,Muhlenberg,Centennial,53.0,,,50.0,,,False
401678582,2024,7,2024-10-12T17:00:00.000Z,2667,Ursinus,Centennial,2234,Franklin & Marshall,Centennial,23.0,,,17.0,,,True
401676276,2024,8,2024-10-19T17:00:00.000Z,2667,Ursinus,Centennial,2970,William Paterson,New Jersey,49.0,,,7.0,,,False
401674694,2024,9,2024-10-26T17:00:00.000Z,2667,Ursinus,Centennial,118,Johns Hopkins University,Centennial,7.0,,,16.0,,,True
401678583,2024,10,2024-11-02T17:00:00.000Z,2667,Ursinus,Centennial,2700,McDaniel College,Centennial,42.0,,,0.0,,,False
401674686,2024,11,2024-11-09T18:00:00.000Z,2667,Ursinus,Centennial,2248,Gettysburg,Centennial,34.0,,,0.0,,,True
401674678,2024,12,2024-11-16T18:00:00.000Z,2667,Ursinus,Centennial,2175,Dickinson (PA),Centennial,24.0,,,13.0,,,False
401734589,2024,13,2024-11-23T17:00:00.000Z,2667,Ursinus,Centennial,247,Kings College (PA),Mid Atlantic,29.0,,,32.0,,,False
401636607,2024,1,2024-08-30T01:00:00.000Z,254,Utah,Big 12,253,Southern Utah,UAC,49.0,1622.0,1622.0,0.0,,,True
401636618,2024,2,2024-09-07T19:30:00.000Z,254,Utah,Big 12,239,Baylor,Big 12,23.0,1622.0,1627.0,12.0,1422.0,1417.0,True
401636870,2024,3,2024-09-14T20:30:00.000Z,254,Utah,Big 12,328,Utah State,Mountain West,38.0,1627.0,1631.0,21.0,1246.0,1242.0,False
401636876,2024,4,2024-09-21T20:00:00.000Z,254,Utah,Big 12,197,Oklahoma State,Big 12,22.0,1631.0,1633.0,19.0,1595.0,1593.0,False
401636886,2024,5,2024-09-29T02:15:00.000Z,254,Utah,Big 12,12,Arizona,Big 12,10.0,1633.0,1607.0,23.0,1668.0,1694.0,True
401636892,2024,7,2024-10-12T02:30:00.000Z,254,Utah,Big 12,9,Arizona State,Big 12,19.0,1607.0,1589.0,27.0,1511.0,1529.0,False
401636903,2024,8,2024-10-20T02:30:00.000Z,254,Utah,Big 12,2628,TCU,Big 12,7.0,1589.0,1572.0,13.0,1508.0,1525.0,True
401636908,2024,9,2024-10-26T23:00:00.000Z,254,Utah,Big 12,248,Houston,Big 12,14.0,1572.0,1568.0,17.0,1334.0,1338.0,False
401636922,2024,11,2024-11-10T03:15:00.000Z,254,Utah,Big 12,252,BYU,Big 12,21.0,1568.0,1572.0,22.0,1678.0,1674.0,True
401636925,2024,12,2024-11-16T17:00:00.000Z,254,Utah,Big 12,38,Colorado,Big 12,24.0,1572.0,1515.0,49.0,1627.0,1684.0,False
401636936,2024,13,2024-11-24T00:30:00.000Z,254,Utah,Big 12,66,Iowa State,Big 12,28.0,1515.0,1524.0,31.0,1746.0,1737.0,True
401636939,2024,14,2024-11-30T01:00:00.000Z,254,Utah,Big 12,2116,UCF,Big 12,28.0,1524.0,1563.0,14.0,1596.0,1557.0,False
401643703,2024,1,2024-08-31T04:00:00.000Z,328,Utah State,Mountain West,2523,Robert Morris,NEC,36.0,1346.0,1346.0,14.0,,,True
401628472,2024,2,2024-09-08T03:00:00.000Z,328,Utah State,Mountain West,30,USC,Big Ten,0.0,1346.0,1246.0,48.0,1668.0,1768.0,False
401636870,2024,3,2024-09-14T20:30:00.000Z,328,Utah State,Mountain West,254,Utah,Big 12,21.0,1246.0,1242.0,38.0,1627.0,1631.0,True
401643715,2024,4,2024-09-21T18:00:00.000Z,328,Utah State,Mountain West,218,Temple,American Athletic,29.0,1242.0,1193.0,45.0,1092.0,1141.0,False
401643723,2024,6,2024-10-05T23:00:00.000Z,328,Utah State,Mountain West,68,Boise State,Mountain West,30.0,1193.0,1162.0,62.0,1677.0,1708.0,False
401643733,2024,7,2024-10-12T01:00:00.000Z,328,Utah State,Mountain West,2439,UNLV,Mountain West,34.0,1162.0,1172.0,50.0,1675.0,1665.0,True
401643737,2024,8,2024-10-19T20:00:00.000Z,328,Utah State,Mountain West,167,New Mexico,Mountain West,45.0,1172.0,1170.0,50.0,1271.0,1273.0,True
401643745,2024,9,2024-10-26T23:00:00.000Z,328,Utah State,Mountain West,2751,Wyoming,Mountain West,27.0,1170.0,1179.0,25.0,1287.0,1278.0,False
401643756,2024,11,2024-11-10T03:30:00.000Z,328,Utah State,Mountain West,265,Washington State,Pac-12,28.0,1179.0,1170.0,49.0,1597.0,1606.0,False
401643760,2024,12,2024-11-16T20:00:00.000Z,328,Utah State,Mountain West,62,Hawai'i,Mountain West,55.0,1170.0,1321.0,10.0,1265.0,1114.0,True
401643766,2024,13,2024-11-23T20:30:00.000Z,328,Utah State,Mountain West,21,San Diego State,Mountain West,41.0,1321.0,1367.0,20.0,1283.0,1237.0,True
401643770,2024,14,2024-11-29T20:30:00.000Z,328,Utah State,Mountain West,36,Colorado State,Mountain West,37.0,1367.0,1362.0,42.0,1366.0,1371.0,False
401632066,2024,1,2024-09-01T02:00:00.000Z,3101,Utah Tech,UAC,147,Montana State,Big Sky,7.0,,,31.0,,,True
401632071,2024,2,2024-09-07T19:00:00.000Z,3101,Utah Tech,UAC,2439,UNLV,Mountain West,14.0,,,72.0,1548.0,1548.0,False
401632076,2024,3,2024-09-15T01:00:00.000Z,3101,Utah Tech,UAC,2464,Northern Arizona,Big Sky,17.0,,,45.0,,,True
401632101,2024,4,2024-09-22T02:00:00.000Z,3101,Utah Tech,UAC,302,UC Davis,Big Sky,14.0,,,32.0,,,False
401632103,2024,5,2024-09-29T01:00:00.000Z,3101,Utah Tech,UAC,2000,Abilene Christian,UAC,30.0,,,55.0,,,True
401632108,2024,6,2024-10-05T21:00:00.000Z,3101,Utah Tech,UAC,2453,North Alabama,UAC,14.0,,,60.0,,,False
401632114,2024,7,2024-10-12T23:00:00.000Z,3101,Utah Tech,UAC,2627,Tarleton State,UAC,0.0,,,42.0,,,False
401632134,2024,8,2024-10-19T20:00:00.000Z,3101,Utah Tech,UAC,2046,Austin Peay,UAC,7.0,,,13.0,,,True
401632120,2024,9,2024-10-26T19:00:00.000Z,3101,Utah Tech,UAC,2198,Eastern Kentucky,UAC,17.0,,,28.0,,,False
401632125,2024,10,2024-11-02T20:00:00.000Z,3101,Utah Tech,UAC,2110,Central Arkansas,UAC,34.0,,,21.0,,,True
401632129,2024,12,2024-11-16T21:00:00.000Z,3101,Utah Tech,UAC,2698,West Georgia,UAC,31.0,,,34.0,,,True
401632143,2024,13,2024-11-23T20:00:00.000Z,3101,Utah Tech,UAC,253,Southern Utah,UAC,34.0,,,37.0,,,False
401674858,2024,2,2024-09-06T23:00:00.000Z,390,Utica,Empire 8,237,Union (NY),Liberty League,41.0,,,26.0,,,True
401673409,2024,3,2024-09-14T17:00:00.000Z,390,Utica,Empire 8,323,Moravian,Landmark Conference,13.0,,,18.0,,,False
401674809,2024,4,2024-09-21T16:00:00.000Z,390,Utica,Empire 8,2354,Lycoming,Landmark Conference,42.0,,,17.0,,,True
401676665,2024,6,2024-10-05T16:00:00.000Z,390,Utica,Empire 8,173,Hartwick,Empire 8,65.0,,,7.0,,,False
401674758,2024,7,2024-10-12T17:00:00.000Z,390,Utica,Empire 8,2782,Cortland,Empire 8,7.0,,,45.0,,,True
401676666,2024,8,2024-10-19T16:00:00.000Z,390,Utica,Empire 8,3110,SUNY Morrisville,Empire 8,26.0,,,28.0,,,False
401674751,2024,9,2024-10-26T17:00:00.000Z,390,Utica,Empire 8,365,Alfred University,Empire 8,34.0,,,38.0,,,True
401676667,2024,10,2024-11-02T16:00:00.000Z,390,Utica,Empire 8,2781,Brockport,Empire 8,10.0,,,20.0,,,True
401676668,2024,11,2024-11-09T19:00:00.000Z,390,Utica,Empire 8,125974,Hilbert College,Empire 8,36.0,,,6.0,,,False
401676669,2024,12,2024-11-16T18:00:00.000Z,390,Utica,Empire 8,374,St John Fisher University,Empire 8,35.0,,,20.0,,,False
401628592,2024,1,2024-08-29T23:00:00.000Z,2678,VMI,Southern,2729,William & Mary,CAA,7.0,,,41.0,,,False
401654649,2024,2,2024-09-07T17:30:00.000Z,2678,VMI,Southern,2083,Bucknell,Patriot,28.0,,,35.0,,,True
401635543,2024,3,2024-09-14T19:30:00.000Z,2678,VMI,Southern,59,Georgia Tech,ACC,7.0,,,59.0,1551.0,1551.0,False
401654550,2024,4,2024-09-21T17:30:00.000Z,2678,VMI,Southern,2450,Norfolk State,MEAC,10.0,,,32.0,,,True
401638342,2024,6,2024-10-05T19:00:00.000Z,2678,VMI,Southern,2535,Samford,Southern,3.0,,,27.0,,,False
401634154,2024,7,2024-10-12T17:30:00.000Z,2678,VMI,Southern,2747,Wofford,Southern,16.0,,,31.0,,,False
401638346,2024,8,2024-10-19T17:30:00.000Z,2678,VMI,Southern,2643,The Citadel,Southern,10.0,,,13.0,,,True
401632465,2024,9,2024-10-26T20:00:00.000Z,2678,VMI,Southern,236,Chattanooga,Southern,10.0,,,31.0,,,False
401638348,2024,10,2024-11-02T17:30:00.000Z,2678,VMI,Southern,231,Furman,Southern,21.0,,,17.0,,,True
401634150,2024,11,2024-11-09T18:30:00.000Z,2678,VMI,Southern,2382,Mercer,Southern,0.0,,,34.0,,,True
401638349,2024,12,2024-11-16T18:00:00.000Z,2678,VMI,Southern,2717,Western Carolina,Southern,28.0,,,58.0,,,False
401634142,2024,13,2024-11-23T17:00:00.000Z,2678,VMI,Southern,2193,East Tennessee State,Southern,9.0,,,16.0,,,True
401675504,2024,1,2024-08-31T23:00:00.000Z,2673,Valdosta State,Gulf South,2013,Albany State GA,SIAC,42.0,,,10.0,,,True
401738327,2024,1,2024-12-21T19:00:00.000Z,2673,Valdosta State,Gulf South,2222,Ferris State,GLIAC,14.0,,,49.0,,,True
401675505,2024,2,2024-09-07T23:00:00.000Z,2673,Valdosta State,Gulf South,2444,Newberry,South Atlantic,27.0,,,14.0,,,False
401675411,2024,3,2024-09-14T23:00:00.000Z,2673,Valdosta State,Gulf South,2220,Fayetteville State,CIAA,34.0,,,0.0,,,True
401658350,2024,4,2024-09-21T20:00:00.000Z,2673,Valdosta State,Gulf South,101784,ERSKINE,Gulf South,73.0,,,0.0,,,False
401675506,2024,5,2024-09-28T23:00:00.000Z,2673,Valdosta State,Gulf South,2695,West Alabama,Gulf South,0.0,,,0.0,,,True
401675500,2024,6,2024-10-05T16:00:00.000Z,2673,Valdosta State,Gulf South,2560,Shorter,Gulf South,59.0,,,6.0,,,False
401675494,2024,7,2024-10-12T19:00:00.000Z,2673,Valdosta State,Gulf South,2822,North Greenville,Gulf South,32.0,,,24.0,,,False
401675489,2024,8,2024-10-19T19:00:00.000Z,2673,Valdosta State,Gulf South,2401,Mississippi College,Gulf South,35.0,,,10.0,,,True
401675474,2024,10,2024-11-02T19:00:00.000Z,2673,Valdosta State,Gulf South,2804,Chowan,Gulf South,52.0,,,0.0,,,True
401675482,2024,11,2024-11-09T20:00:00.000Z,2673,Valdosta State,Gulf South,2170,Delta State,Gulf South,49.0,,,20.0,,,False
401675507,2024,12,2024-11-17T00:00:00.000Z,2673,Valdosta State,Gulf South,110242,West Florida,Gulf South,28.0,,,7.0,,,True
401734921,2024,14,2024-11-30T18:00:00.000Z,2673,Valdosta State,Gulf South,2396,Miles College,SIAC,33.0,,,17.0,,,True
401735970,2024,15,2024-12-07T18:00:00.000Z,2673,Valdosta State,Gulf South,2676,Virginia Union,CIAA,49.0,,,14.0,,,True
401737153,2024,16,2024-12-14T17:00:00.000Z,2673,Valdosta State,Gulf South,2364,Minnesota State Mankato,Northern Sun,35.0,,,21.0,,,True
401674221,2024,1,2024-08-29T23:00:00.000Z,628,Valley City State,,568,Minot State,Northern Sun,7.0,,,38.0,,,False
401674940,2024,2,2024-09-07T01:00:00.000Z,628,Valley City State,,124,Augsburg,Minnesota,24.0,,,14.0,,,False
401654582,2024,1,2024-08-31T21:00:00.000Z,2674,Valparaiso,Pioneer,2460,Northern Iowa,MVFC,7.0,,,35.0,,,False
401634245,2024,2,2024-09-07T18:00:00.000Z,2674,Valparaiso,Pioneer,2754,Youngstown State,MVFC,25.0,,,59.0,,,False
401655859,2024,3,2024-09-14T23:30:00.000Z,2674,Valparaiso,Pioneer,111756,Indiana Wesleyan,,20.0,,,17.0,,,True
401673046,2024,4,2024-09-21T18:00:00.000Z,2674,Valparaiso,Pioneer,127991,Roosevelt,GLIAC,31.0,,,23.0,,,True
401638662,2024,5,2024-09-28T17:00:00.000Z,2674,Valparaiso,Pioneer,2413,Morehead State,Pioneer,5.0,,,17.0,,,False
401638663,2024,6,2024-10-05T17:00:00.000Z,2674,Valparaiso,Pioneer,2181,Drake,Pioneer,3.0,,,27.0,,,True
401638672,2024,7,2024-10-12T17:00:00.000Z,2674,Valparaiso,Pioneer,56,Stetson,Pioneer,0.0,,,0.0,,,False
401638677,2024,8,2024-10-19T18:00:00.000Z,2674,Valparaiso,Pioneer,2900,St. Thomas (MN),Pioneer,14.0,,,42.0,,,True
401638682,2024,9,2024-10-26T16:00:00.000Z,2674,Valparaiso,Pioneer,2368,Marist,Pioneer,17.0,,,14.0,,,False
401638688,2024,11,2024-11-09T19:00:00.000Z,2674,Valparaiso,Pioneer,2086,Butler,Pioneer,17.0,,,24.0,,,True
401638697,2024,12,2024-11-16T17:00:00.000Z,2674,Valparaiso,Pioneer,2168,Dayton,Pioneer,14.0,,,26.0,,,False
401638699,2024,13,2024-11-23T19:00:00.000Z,2674,Valparaiso,Pioneer,2166,Davidson,Pioneer,18.0,,,17.0,,,True
401628333,2024,1,2024-08-31T16:00:00.000Z,238,Vanderbilt,SEC,259,Virginia Tech,ACC,34.0,1284.0,1313.0,27.0,1604.0,1575.0,True
401677091,2024,1,2024-12-27T20:30:00.000Z,238,Vanderbilt,SEC,59,Georgia Tech,ACC,35.0,1469.0,1496.0,27.0,1581.0,1554.0,True
401628349,2024,2,2024-09-07T23:30:00.000Z,238,Vanderbilt,SEC,2016,Alcorn State,SWAC,55.0,1303.0,1303.0,0.0,,,True
401628362,2024,3,2024-09-14T23:00:00.000Z,238,Vanderbilt,SEC,2247,Georgia State,Sun Belt,32.0,1313.0,1312.0,36.0,1370.0,1371.0,False
401628368,2024,4,2024-09-21T20:15:00.000Z,238,Vanderbilt,SEC,142,Missouri,SEC,27.0,1312.0,1317.0,30.0,1795.0,1790.0,False
401628384,2024,6,2024-10-05T20:15:00.000Z,238,Vanderbilt,SEC,333,Alabama,SEC,40.0,1317.0,1359.0,35.0,2056.0,2014.0,True
401628387,2024,7,2024-10-12T23:45:00.000Z,238,Vanderbilt,SEC,96,Kentucky,SEC,20.0,1359.0,1400.0,13.0,1686.0,1645.0,False
401628399,2024,8,2024-10-19T23:00:00.000Z,238,Vanderbilt,SEC,2050,Ball State,Mid-American,24.0,1400.0,1396.0,14.0,1085.0,1089.0,True
401628405,2024,9,2024-10-26T20:15:00.000Z,238,Vanderbilt,SEC,251,Texas,SEC,24.0,1396.0,1428.0,27.0,2089.0,2057.0,True
401628407,2024,10,2024-11-02T16:45:00.000Z,238,Vanderbilt,SEC,2,Auburn,SEC,17.0,1428.0,1463.0,7.0,1585.0,1550.0,False
401628418,2024,11,2024-11-09T21:15:00.000Z,238,Vanderbilt,SEC,2579,South Carolina,SEC,7.0,1463.0,1446.0,28.0,1812.0,1829.0,True
401628431,2024,13,2024-11-24T00:45:00.000Z,238,Vanderbilt,SEC,99,LSU,SEC,17.0,1446.0,1453.0,24.0,1764.0,1757.0,False
401628446,2024,14,2024-11-30T17:00:00.000Z,238,Vanderbilt,SEC,2633,Tennessee,SEC,23.0,1453.0,1469.0,36.0,1979.0,1963.0,True
401628580,2024,1,2024-08-29T22:00:00.000Z,222,Villanova,CAA,2754,Youngstown State,MVFC,24.0,,,17.0,,,True
401628602,2024,2,2024-09-07T22:00:00.000Z,222,Villanova,CAA,2142,Colgate,Patriot,28.0,,,3.0,,,False
401628610,2024,3,2024-09-14T19:30:00.000Z,222,Villanova,CAA,119,Towson,CAA,14.0,,,13.0,,,True
401628488,2024,4,2024-09-21T16:00:00.000Z,222,Villanova,CAA,120,Maryland,Big Ten,20.0,,,38.0,1698.0,1698.0,False
401628639,2024,5,2024-09-28T22:00:00.000Z,222,Villanova,CAA,2341,Long Island University,NEC,24.0,,,10.0,,,True
401628643,2024,6,2024-10-05T19:30:00.000Z,222,Villanova,CAA,2619,Stony Brook,CAA,42.0,,,24.0,,,False
401628655,2024,8,2024-10-19T17:00:00.000Z,222,Villanova,CAA,311,Maine,CAA,7.0,,,35.0,,,False
401628668,2024,9,2024-10-26T19:30:00.000Z,222,Villanova,CAA,160,New Hampshire,CAA,14.0,,,6.0,,,True
401628671,2024,10,2024-11-02T17:00:00.000Z,222,Villanova,CAA,2261,Hampton,CAA,20.0,,,14.0,,,False
401628684,2024,11,2024-11-09T18:00:00.000Z,222,Villanova,CAA,2448,North Carolina A&T,CAA,31.0,,,3.0,,,True
401628686,2024,12,2024-11-16T17:00:00.000Z,222,Villanova,CAA,2405,Monmouth,CAA,33.0,,,40.0,,,False
401628694,2024,13,2024-11-23T18:00:00.000Z,222,Villanova,CAA,48,Delaware,CAA,38.0,,,28.0,,,True
401729736,2024,14,2024-11-30T19:00:00.000Z,222,Villanova,CAA,2198,Eastern Kentucky,UAC,22.0,,,17.0,,,True
401729754,2024,15,2024-12-07T19:00:00.000Z,222,Villanova,CAA,2916,Incarnate Word,Southland,6.0,,,13.0,,,False
401628589,2024,1,2024-08-31T22:00:00.000Z,258,Virginia,ACC,257,Richmond,CAA,34.0,1310.0,1310.0,13.0,,,True
401635639,2024,2,2024-09-07T23:00:00.000Z,258,Virginia,ACC,154,Wake Forest,ACC,31.0,1310.0,1317.0,30.0,1431.0,1424.0,False
401628478,2024,3,2024-09-15T00:00:00.000Z,258,Virginia,ACC,120,Maryland,Big Ten,13.0,1317.0,1318.0,27.0,1679.0,1678.0,True
401635558,2024,4,2024-09-21T18:00:00.000Z,258,Virginia,ACC,324,Coastal Carolina,Sun Belt,43.0,1318.0,1389.0,24.0,1519.0,1448.0,False
401635567,2024,6,2024-10-05T16:00:00.000Z,258,Virginia,ACC,103,Boston College,ACC,24.0,1389.0,1412.0,14.0,1471.0,1448.0,True
401635578,2024,7,2024-10-12T19:30:00.000Z,258,Virginia,ACC,97,Louisville,ACC,20.0,1412.0,1424.0,24.0,1707.0,1695.0,True
401635588,2024,8,2024-10-19T16:00:00.000Z,258,Virginia,ACC,228,Clemson,ACC,31.0,1424.0,1425.0,48.0,1864.0,1863.0,False
401635598,2024,9,2024-10-26T16:00:00.000Z,258,Virginia,ACC,153,North Carolina,ACC,14.0,1425.0,1359.0,41.0,1489.0,1555.0,True
401635610,2024,11,2024-11-10T01:00:00.000Z,258,Virginia,ACC,221,Pittsburgh,ACC,24.0,1359.0,1381.0,19.0,1541.0,1519.0,False
401628985,2024,12,2024-11-16T20:30:00.000Z,258,Virginia,ACC,87,Notre Dame,FBS Independents,14.0,1381.0,1399.0,35.0,2133.0,2115.0,False
401635619,2024,13,2024-11-23T17:00:00.000Z,258,Virginia,ACC,2567,SMU,ACC,7.0,1399.0,1375.0,33.0,1806.0,1830.0,True
401635640,2024,14,2024-12-01T01:00:00.000Z,258,Virginia,ACC,259,Virginia Tech,ACC,17.0,1375.0,1356.0,37.0,1656.0,1675.0,False
401675386,2024,1,2024-09-01T20:00:00.000Z,330,Virginia St,CIAA,490,Benedict College,SIAC,23.0,,,7.0,,,True
401654549,2024,2,2024-09-07T20:00:00.000Z,330,Virginia St,CIAA,2450,Norfolk State,MEAC,23.0,,,28.0,,,False
401675387,2024,4,2024-09-21T17:00:00.000Z,330,Virginia St,CIAA,2736,Winston-Salem,CIAA,14.0,,,15.0,,,True
401675388,2024,5,2024-09-28T18:00:00.000Z,330,Virginia St,CIAA,2220,Fayetteville State,CIAA,35.0,,,18.0,,,True
401675389,2024,6,2024-10-05T18:00:00.000Z,330,Virginia St,CIAA,2304,Johnson C Smith,CIAA,17.0,,,21.0,,,False
401675381,2024,7,2024-10-12T18:00:00.000Z,330,Virginia St,CIAA,2075,Bowie State,CIAA,38.0,,,17.0,,,True
401675390,2024,8,2024-10-19T17:00:00.000Z,330,Virginia St,CIAA,2207,Elizabeth City State,CIAA,36.0,,,7.0,,,False
401675391,2024,9,2024-10-26T22:00:00.000Z,330,Virginia St,CIAA,124180,Bluefield State,CIAA,45.0,,,6.0,,,False
401675392,2024,10,2024-11-02T17:00:00.000Z,330,Virginia St,CIAA,2339,Lincoln (PA),CIAA,55.0,,,0.0,,,False
401675393,2024,11,2024-11-09T18:00:00.000Z,330,Virginia St,CIAA,2676,Virginia Union,CIAA,35.0,,,28.0,,,True
401734008,2024,12,2024-11-16T20:00:00.000Z,330,Virginia St,CIAA,2676,Virginia Union,CIAA,13.0,,,17.0,,,True
401677107,2024,1,2025-01-04T00:30:00.000Z,259,Virginia Tech,ACC,135,Minnesota,Big Ten,10.0,1675.0,1647.0,24.0,1646.0,1674.0,True
401628333,2024,1,2024-08-31T16:00:00.000Z,259,Virginia Tech,ACC,238,Vanderbilt,SEC,27.0,1604.0,1575.0,34.0,1284.0,1313.0,False
401635540,2024,2,2024-09-07T20:30:00.000Z,259,Virginia Tech,ACC,276,Marshall,Sun Belt,31.0,1575.0,1597.0,14.0,1406.0,1384.0,True
401635548,2024,3,2024-09-14T22:00:00.000Z,259,Virginia Tech,ACC,295,Old Dominion,Sun Belt,37.0,1597.0,1626.0,17.0,1397.0,1368.0,False
401628494,2024,4,2024-09-21T19:30:00.000Z,259,Virginia Tech,ACC,164,Rutgers,Big Ten,23.0,1626.0,1614.0,26.0,1511.0,1523.0,True
401634767,2024,5,2024-09-27T23:30:00.000Z,259,Virginia Tech,ACC,2390,Miami,ACC,34.0,1614.0,1617.0,38.0,1837.0,1834.0,False
401635573,2024,6,2024-10-05T19:30:00.000Z,259,Virginia Tech,ACC,24,Stanford,ACC,31.0,1617.0,1644.0,7.0,1288.0,1261.0,False
401634768,2024,8,2024-10-17T23:30:00.000Z,259,Virginia Tech,ACC,103,Boston College,ACC,42.0,1644.0,1674.0,21.0,1448.0,1418.0,True
401635597,2024,9,2024-10-26T16:00:00.000Z,259,Virginia Tech,ACC,59,Georgia Tech,ACC,21.0,1674.0,1697.0,6.0,1581.0,1558.0,True
401635604,2024,10,2024-11-02T16:00:00.000Z,259,Virginia Tech,ACC,183,Syracuse,ACC,31.0,1697.0,1666.0,38.0,1360.0,1391.0,False
401635607,2024,11,2024-11-09T20:30:00.000Z,259,Virginia Tech,ACC,228,Clemson,ACC,14.0,1666.0,1658.0,24.0,1819.0,1827.0,True
401635615,2024,13,2024-11-24T01:00:00.000Z,259,Virginia Tech,ACC,150,Duke,ACC,28.0,1658.0,1656.0,31.0,1597.0,1599.0,False
401635640,2024,14,2024-12-01T01:00:00.000Z,259,Virginia Tech,ACC,258,Virginia,ACC,37.0,1656.0,1675.0,17.0,1375.0,1356.0,True
401675404,2024,1,2024-08-31T19:00:00.000Z,2676,Virginia Union,CIAA,2310,Kentucky State,SIAC,69.0,,,7.0,,,False
401628605,2024,2,2024-09-07T22:00:00.000Z,2676,Virginia Union,CIAA,2261,Hampton,CAA,21.0,,,33.0,,,False
401675405,2024,4,2024-09-21T22:00:00.000Z,2676,Virginia Union,CIAA,2304,Johnson C Smith,CIAA,16.0,,,21.0,,,False
401675406,2024,5,2024-09-28T17:00:00.000Z,2676,Virginia Union,CIAA,2551,Shaw,CIAA,42.0,,,7.0,,,True
401675407,2024,6,2024-10-05T17:00:00.000Z,2676,Virginia Union,CIAA,2736,Winston-Salem,CIAA,31.0,,,13.0,,,True
401675408,2024,7,2024-10-12T17:00:00.000Z,2676,Virginia Union,CIAA,2207,Elizabeth City State,CIAA,35.0,,,0.0,,,True
401675409,2024,8,2024-10-19T17:00:00.000Z,2676,Virginia Union,CIAA,2339,Lincoln (PA),CIAA,63.0,,,12.0,,,False
401675383,2024,9,2024-10-26T17:00:00.000Z,2676,Virginia Union,CIAA,2075,Bowie State,CIAA,56.0,,,28.0,,,False
401675410,2024,10,2024-11-02T17:00:00.000Z,2676,Virginia Union,CIAA,124180,Bluefield State,CIAA,91.0,,,0.0,,,True
401675393,2024,11,2024-11-09T18:00:00.000Z,2676,Virginia Union,CIAA,330,Virginia St,CIAA,28.0,,,35.0,,,False
401734008,2024,12,2024-11-16T20:00:00.000Z,2676,Virginia Union,CIAA,330,Virginia St,CIAA,17.0,,,13.0,,,False
401734581,2024,13,2024-11-23T18:00:00.000Z,2676,Virginia Union,CIAA,351,Wingate,South Atlantic,34.0,,,31.0,,,False
401734996,2024,14,2024-11-30T18:00:00.000Z,2676,Virginia Union,CIAA,2331,Lenoir-Rhyne,South Atlantic,44.0,,,12.0,,,True
401735970,2024,15,2024-12-07T18:00:00.000Z,2676,Virginia Union,CIAA,2673,Valdosta State,Gulf South,14.0,,,49.0,,,False
401654657,2024,1,2024-08-31T16:00:00.000Z,2355,Virginia University Of Lynchburg,,2681,Wagner,NEC,7.0,,,46.0,,,False
401675805,2024,2,2024-09-07T22:00:00.000Z,2355,Virginia University Of Lynchburg,,2940,Livingstone,CIAA,9.0,,,37.0,,,False
401655666,2024,3,2024-09-14T17:00:00.000Z,2355,Virginia University Of Lynchburg,,2506,Presbyterian,Pioneer,0.0,,,52.0,,,False
401654511,2024,4,2024-09-21T23:00:00.000Z,2355,Virginia University Of Lynchburg,,2415,Morgan State,MEAC,7.0,,,56.0,,,False
401655659,2024,5,2024-09-28T17:00:00.000Z,2355,Virginia University Of Lynchburg,,2086,Butler,Pioneer,0.0,,,63.0,,,False
401654567,2024,6,2024-10-05T19:00:00.000Z,2355,Virginia University Of Lynchburg,,2640,Texas Southern,SWAC,10.0,,,28.0,,,False
401654555,2024,7,2024-10-12T18:00:00.000Z,2355,Virginia University Of Lynchburg,,2428,North Carolina Central,MEAC,0.0,,,68.0,,,False
401675502,2024,10,2024-11-02T16:00:00.000Z,2355,Virginia University Of Lynchburg,,2560,Shorter,Gulf South,0.0,,,55.0,,,False
401675293,2024,2,2024-09-07T17:00:00.000Z,89,Wabash College,North Coast,2832,St. Norbert,NACC,31.0,,,0.0,,,True
401675294,2024,3,2024-09-14T18:00:00.000Z,89,Wabash College,North Coast,2980,Ohio Wesleyan,North Coast,30.0,,,13.0,,,True
401675295,2024,4,2024-09-21T18:00:00.000Z,89,Wabash College,North Coast,272,Wisconsin-Platteville,Wisconsin,21.0,,,42.0,,,False
401675279,2024,6,2024-10-05T17:00:00.000Z,89,Wabash College,North Coast,2748,Wooster,North Coast,55.0,,,19.0,,,False
401675296,2024,7,2024-10-13T16:00:00.000Z,89,Wabash College,North Coast,391,Oberlin,North Coast,52.0,,,0.0,,,False
401675297,2024,8,2024-10-19T17:00:00.000Z,89,Wabash College,North Coast,2274,Hiram College,North Coast,56.0,,,7.0,,,True
401675298,2024,9,2024-10-26T17:00:00.000Z,89,Wabash College,North Coast,352,Kenyon,North Coast,38.0,,,0.0,,,True
401675299,2024,10,2024-11-02T17:00:00.000Z,89,Wabash College,North Coast,2171,Denison University,North Coast,24.0,,,23.0,,,True
401675292,2024,11,2024-11-09T18:00:00.000Z,89,Wabash College,North Coast,2746,Wittenberg,North Coast,31.0,,,28.0,,,False
401675300,2024,12,2024-11-16T18:07:00.000Z,89,Wabash College,North Coast,83,Depauw,North Coast,21.0,,,42.0,,,False
401654657,2024,1,2024-08-31T16:00:00.000Z,2681,Wagner,NEC,2355,Virginia University Of Lynchburg,,46.0,,,7.0,,,True
401654616,2024,2,2024-09-07T16:00:00.000Z,2681,Wagner,NEC,2329,Lehigh,Patriot,13.0,,,49.0,,,False
401654498,2024,3,2024-09-14T19:00:00.000Z,2681,Wagner,NEC,2169,Delaware State,MEAC,30.0,,,7.0,,,False
401654606,2024,4,2024-09-21T20:00:00.000Z,2681,Wagner,NEC,2523,Robert Morris,NEC,14.0,,,21.0,,,True
401645335,2024,5,2024-09-28T22:00:00.000Z,2681,Wagner,NEC,2226,Florida Atlantic,American Athletic,10.0,,,41.0,1295.0,1295.0,False
401654654,2024,6,2024-10-05T17:00:00.000Z,2681,Wagner,NEC,284,Stonehill,NEC,28.0,,,7.0,,,False
401654490,2024,7,2024-10-12T16:00:00.000Z,2681,Wagner,NEC,171,Columbia,Ivy,6.0,,,24.0,,,True
401654647,2024,8,2024-10-19T16:00:00.000Z,2681,Wagner,NEC,2598,St. Francis (PA),NEC,14.0,,,0.0,,,True
401645308,2024,9,2024-10-26T19:30:00.000Z,2681,Wagner,NEC,113,Massachusetts,FBS Independents,7.0,,,35.0,986.0,986.0,False
401654578,2024,10,2024-11-02T16:00:00.000Z,2681,Wagner,NEC,2115,Central Connecticut,NEC,14.0,,,24.0,,,False
401654594,2024,12,2024-11-16T17:00:00.000Z,2681,Wagner,NEC,2184,Duquesne,NEC,21.0,,,42.0,,,False
401654600,2024,13,2024-11-23T17:00:00.000Z,2681,Wagner,NEC,2341,Long Island University,NEC,28.0,,,35.0,,,True
401628581,2024,1,2024-08-29T23:00:00.000Z,154,Wake Forest,ACC,2448,North Carolina A&T,CAA,45.0,1431.0,1431.0,13.0,,,True
401635639,2024,2,2024-09-07T23:00:00.000Z,154,Wake Forest,ACC,258,Virginia,ACC,30.0,1431.0,1424.0,31.0,1310.0,1317.0,True
401628355,2024,3,2024-09-14T22:30:00.000Z,154,Wake Forest,ACC,145,Ole Miss,SEC,6.0,1424.0,1370.0,40.0,1770.0,1824.0,True
401635659,2024,5,2024-09-28T19:30:00.000Z,154,Wake Forest,ACC,309,Louisiana,Sun Belt,38.0,1370.0,1376.0,41.0,1543.0,1537.0,True
401635638,2024,6,2024-10-05T16:00:00.000Z,154,Wake Forest,ACC,152,NC State,ACC,34.0,1376.0,1390.0,30.0,1487.0,1473.0,False
401635576,2024,7,2024-10-12T16:00:00.000Z,154,Wake Forest,ACC,228,Clemson,ACC,14.0,1390.0,1343.0,49.0,1817.0,1864.0,True
401629034,2024,8,2024-10-19T16:00:00.000Z,154,Wake Forest,ACC,41,UConn,FBS Independents,23.0,1343.0,1353.0,20.0,1434.0,1424.0,False
401635599,2024,9,2024-10-26T19:30:00.000Z,154,Wake Forest,ACC,24,Stanford,ACC,27.0,1353.0,1349.0,24.0,1208.0,1212.0,False
401634773,2024,11,2024-11-09T01:00:00.000Z,154,Wake Forest,ACC,25,California,ACC,36.0,1349.0,1353.0,46.0,1653.0,1649.0,True
401635583,2024,12,2024-11-17T01:00:00.000Z,154,Wake Forest,ACC,153,North Carolina,ACC,24.0,1353.0,1357.0,31.0,1612.0,1608.0,False
401635618,2024,13,2024-11-23T17:00:00.000Z,154,Wake Forest,ACC,2390,Miami,ACC,14.0,1357.0,1338.0,42.0,1858.0,1877.0,False
401635622,2024,14,2024-11-30T17:00:00.000Z,154,Wake Forest,ACC,150,Duke,ACC,17.0,1338.0,1346.0,23.0,1599.0,1591.0,True
401674295,2024,1,2024-08-29T23:00:00.000Z,2682,Walsh,Great Midwest Athletic,2699,West Liberty,Mountain East,41.0,,,21.0,,,False
401674306,2024,2,2024-09-07T23:00:00.000Z,2682,Walsh,Great Midwest Athletic,112335,Wheeling,Mountain East,10.0,,,14.0,,,True
401675442,2024,4,2024-09-21T17:00:00.000Z,2682,Walsh,Great Midwest Athletic,2316,Kentucky Wesleyan,Great Midwest Athletic,54.0,,,10.0,,,True
401675461,2024,5,2024-09-28T23:00:00.000Z,2682,Walsh,Great Midwest Athletic,2646,Thomas More College,Great Midwest Athletic,21.0,,,44.0,,,False
401675450,2024,6,2024-10-05T16:00:00.000Z,2682,Walsh,Great Midwest Athletic,437,Lake Erie,Great Midwest Athletic,63.0,,,34.0,,,True
401675436,2024,7,2024-10-12T20:00:00.000Z,2682,Walsh,Great Midwest Athletic,2273,Hillsdale,Great Midwest Athletic,36.0,,,35.0,,,False
401675465,2024,8,2024-10-19T16:00:00.000Z,2682,Walsh,Great Midwest Athletic,2838,Tiffin,Great Midwest Athletic,21.0,,,38.0,,,True
401675466,2024,9,2024-10-26T16:00:00.000Z,2682,Walsh,Great Midwest Athletic,2477,Ohio Dominican,Great Midwest Athletic,7.0,,,16.0,,,False
401675432,2024,10,2024-11-02T16:00:00.000Z,2682,Walsh,Great Midwest Athletic,2224,Findlay,Great Midwest Athletic,17.0,,,28.0,,,False
401675425,2024,11,2024-11-09T17:00:00.000Z,2682,Walsh,Great Midwest Athletic,308,Ashland,Great Midwest Athletic,24.0,,,10.0,,,True
401675457,2024,12,2024-11-16T18:00:00.000Z,2682,Walsh,Great Midwest Athletic,2886,Northwood (MI),Great Midwest Athletic,42.0,,,49.0,,,False
401673045,2024,2,2024-09-07T22:00:00.000Z,2683,Warner University,,56,Stetson,Pioneer,0.0,,,35.0,,,False
401675499,2024,4,2024-09-21T22:00:00.000Z,2683,Warner University,,2560,Shorter,Gulf South,25.0,,,47.0,,,True
401674622,2024,2,2024-09-08T00:00:00.000Z,2685,Wartburg,American Rivers,2919,Monmouth (IL),Midwest,38.0,,,24.0,,,False
401674623,2024,3,2024-09-14T18:00:00.000Z,2685,Wartburg,American Rivers,2600,Saint John's (MN),Minnesota,13.0,,,35.0,,,False
401674594,2024,4,2024-09-21T18:00:00.000Z,2685,Wartburg,American Rivers,2964,Central College,American Rivers,10.0,,,6.0,,,False
401674618,2024,5,2024-09-28T18:00:00.000Z,2685,Wartburg,American Rivers,6845,Nebraska Wesleyan,American Rivers,34.0,,,0.0,,,True
401674587,2024,7,2024-10-12T18:00:00.000Z,2685,Wartburg,American Rivers,63,Buena Vista,American Rivers,70.0,,,21.0,,,False
401674624,2024,8,2024-10-19T18:30:00.000Z,2685,Wartburg,American Rivers,2564,Simpson College (IA),American Rivers,46.0,,,21.0,,,True
401675900,2024,9,2024-10-26T18:00:00.000Z,2685,Wartburg,American Rivers,2141,Coe College,American Rivers,14.0,,,7.0,,,False
401674625,2024,10,2024-11-02T18:00:00.000Z,2685,Wartburg,American Rivers,67,Luther,American Rivers,49.0,,,10.0,,,True
401674608,2024,11,2024-11-09T19:00:00.000Z,2685,Wartburg,American Rivers,49,Dubuque,American Rivers,24.0,,,14.0,,,False
401674615,2024,12,2024-11-16T19:00:00.000Z,2685,Wartburg,American Rivers,263,Loras College,American Rivers,69.0,,,14.0,,,True
401734574,2024,14,2024-11-30T18:00:00.000Z,2685,Wartburg,American Rivers,272,Wisconsin-Platteville,Wisconsin,19.0,,,14.0,,,True
401735988,2024,15,2024-12-07T18:00:00.000Z,2685,Wartburg,American Rivers,2802,Bethel (MN),Minnesota,14.0,,,24.0,,,True
401674150,2024,1,2024-08-30T00:00:00.000Z,2687,Washburn,Mid America,2214,Emporia State University,Mid America,14.0,,,30.0,,,False
401673276,2024,3,2024-09-14T18:00:00.000Z,2687,Washburn,Mid America,2146,Colorado School Of Mines,Rocky Mountain,28.0,,,31.0,,,True
401674189,2024,4,2024-09-21T18:00:00.000Z,2687,Washburn,Mid America,90,Pittsburg St,Mid America,31.0,,,39.0,,,True
401674175,2024,5,2024-09-28T19:00:00.000Z,2687,Washburn,Mid America,137,Missouri Western,Mid America,24.0,,,16.0,,,False
401674185,2024,6,2024-10-05T20:00:00.000Z,2687,Washburn,Mid America,138,Northwest Missouri St,Mid America,34.0,,,51.0,,,True
401674163,2024,7,2024-10-13T00:00:00.000Z,2687,Washburn,Mid America,2231,Fort Hays State,Mid America,7.0,,,38.0,,,False
401674172,2024,8,2024-10-19T18:00:00.000Z,2687,Washburn,Mid America,2403,Missouri Southern State,Mid America,42.0,,,21.0,,,True
401674136,2024,9,2024-10-26T18:30:00.000Z,2687,Washburn,Mid America,2118,Central Missouri,Mid America,28.0,,,31.0,,,False
401674183,2024,10,2024-11-02T18:00:00.000Z,2687,Washburn,Mid America,2438,Nebraska-Kearney,Mid America,13.0,,,14.0,,,True
401674148,2024,11,2024-11-09T19:00:00.000Z,2687,Washburn,Mid America,2122,Central Oklahoma,Mid America,27.0,,,28.0,,,True
401674190,2024,12,2024-11-16T19:00:00.000Z,2687,Washburn,Mid America,196,Northeastern State,Independent DII,35.0,,,28.0,,,False
401628460,2024,1,2024-09-01T03:00:00.000Z,264,Washington,Big Ten,2692,Weber State,Big Sky,35.0,1752.0,1752.0,3.0,,,True
401677190,2024,1,2024-12-31T19:00:00.000Z,264,Washington,Big Ten,97,Louisville,ACC,34.0,1623.0,1628.0,35.0,1814.0,1809.0,True
401628473,2024,2,2024-09-07T19:30:00.000Z,264,Washington,Big Ten,2199,Eastern Michigan,Mid-American,30.0,1752.0,1759.0,9.0,1305.0,1298.0,True
401628484,2024,3,2024-09-14T19:30:00.000Z,264,Washington,Big Ten,265,Washington State,Pac-12,19.0,1759.0,1745.0,24.0,1581.0,1595.0,True
401628491,2024,4,2024-09-21T23:00:00.000Z,264,Washington,Big Ten,77,Northwestern,Big Ten,24.0,1745.0,1766.0,5.0,1514.0,1493.0,True
401628501,2024,5,2024-09-28T00:00:00.000Z,264,Washington,Big Ten,164,Rutgers,Big Ten,18.0,1766.0,1762.0,21.0,1523.0,1527.0,False
401628505,2024,6,2024-10-05T23:30:00.000Z,264,Washington,Big Ten,130,Michigan,Big Ten,27.0,1762.0,1790.0,17.0,1906.0,1878.0,True
401628512,2024,7,2024-10-12T16:00:00.000Z,264,Washington,Big Ten,2294,Iowa,Big Ten,16.0,1790.0,1707.0,40.0,1600.0,1683.0,False
401628526,2024,9,2024-10-26T16:00:00.000Z,264,Washington,Big Ten,84,Indiana,Big Ten,17.0,1707.0,1686.0,31.0,1791.0,1812.0,False
401628540,2024,10,2024-11-02T23:30:00.000Z,264,Washington,Big Ten,30,USC,Big Ten,26.0,1686.0,1695.0,21.0,1776.0,1767.0,True
401628546,2024,11,2024-11-10T01:00:00.000Z,264,Washington,Big Ten,213,Penn State,Big Ten,6.0,1695.0,1644.0,35.0,1916.0,1967.0,False
401628553,2024,12,2024-11-16T02:00:00.000Z,264,Washington,Big Ten,26,UCLA,Big Ten,31.0,1644.0,1654.0,19.0,1476.0,1466.0,True
401628569,2024,14,2024-12-01T00:30:00.000Z,264,Washington,Big Ten,2483,Oregon,Big Ten,21.0,1654.0,1623.0,49.0,2029.0,2060.0,False
401676651,2024,2,2024-09-07T17:00:00.000Z,2686,Washington & Jefferson,Presidents',2614,Saint Vincent,Presidents',59.0,,,6.0,,,True
401676653,2024,3,2024-09-14T23:00:00.000Z,2686,Washington & Jefferson,Presidents',2644,Thiel,Presidents',58.0,,,7.0,,,False
401676433,2024,4,2024-09-21T17:00:00.000Z,2686,Washington & Jefferson,Presidents',2845,Waynesburg,Presidents',55.0,,,16.0,,,False
401676635,2024,5,2024-09-28T18:00:00.000Z,2686,Washington & Jefferson,Presidents',2102,Carnegie Mellon,Presidents',27.0,,,30.0,,,True
401676421,2024,6,2024-10-05T17:00:00.000Z,2686,Washington & Jefferson,Presidents',2849,Westminster (PA),Presidents',21.0,,,14.0,,,False
401676647,2024,7,2024-10-12T17:00:00.000Z,2686,Washington & Jefferson,Presidents',2242,Geneva,Presidents',73.0,,,21.0,,,True
401676649,2024,8,2024-10-19T22:00:00.000Z,2686,Washington & Jefferson,Presidents',146,Grove City College,Presidents',27.0,,,19.0,,,True
401676629,2024,9,2024-10-26T17:00:00.000Z,2686,Washington & Jefferson,Presidents',2062,Bethany (WV),Presidents',48.0,,,7.0,,,True
401676642,2024,10,2024-11-02T17:00:00.000Z,2686,Washington & Jefferson,Presidents',2963,Case Western Reserve,Presidents',34.0,,,21.0,,,False
401676625,2024,12,2024-11-16T18:00:00.000Z,2686,Washington & Jefferson,Presidents',2018,Allegheny,Presidents',45.0,,,0.0,,,False
401734593,2024,14,2024-11-30T17:00:00.000Z,2686,Washington & Jefferson,Presidents',2516,Randolph-Macon,Old Dominion,22.0,,,38.0,,,False
401637159,2024,1,2024-08-31T19:00:00.000Z,265,Washington State,Pac-12,2502,Portland State,Big Sky,70.0,1530.0,1530.0,30.0,,,True
401729867,2024,1,2024-12-28T01:00:00.000Z,265,Washington State,Pac-12,183,Syracuse,ACC,35.0,1578.0,1531.0,52.0,1452.0,1499.0,True
401636859,2024,2,2024-09-08T02:00:00.000Z,265,Washington State,Pac-12,2641,Texas Tech,Big 12,37.0,1530.0,1581.0,16.0,1541.0,1490.0,True
401628484,2024,3,2024-09-14T19:30:00.000Z,265,Washington State,Pac-12,264,Washington,Big Ten,24.0,1581.0,1595.0,19.0,1759.0,1745.0,False
401643714,2024,4,2024-09-21T02:00:00.000Z,265,Washington State,Pac-12,23,San José State,Mountain West,54.0,1595.0,1596.0,52.0,1602.0,1601.0,True
401643719,2024,5,2024-09-29T02:00:00.000Z,265,Washington State,Pac-12,68,Boise State,Mountain West,24.0,1596.0,1550.0,45.0,1631.0,1677.0,False
401643730,2024,7,2024-10-12T23:00:00.000Z,265,Washington State,Pac-12,278,Fresno State,Mountain West,25.0,1550.0,1563.0,17.0,1518.0,1505.0,False
401643736,2024,8,2024-10-19T19:30:00.000Z,265,Washington State,Pac-12,62,Hawai'i,Mountain West,42.0,1563.0,1608.0,10.0,1212.0,1167.0,True
401643744,2024,9,2024-10-27T02:30:00.000Z,265,Washington State,Pac-12,21,San Diego State,Mountain West,29.0,1608.0,1597.0,26.0,1344.0,1355.0,False
401643756,2024,11,2024-11-10T03:30:00.000Z,265,Washington State,Pac-12,328,Utah State,Mountain West,49.0,1597.0,1606.0,28.0,1179.0,1170.0,True
401643761,2024,12,2024-11-17T02:30:00.000Z,265,Washington State,Pac-12,167,New Mexico,Mountain West,35.0,1606.0,1600.0,38.0,1263.0,1269.0,False
401628572,2024,13,2024-11-24T00:00:00.000Z,265,Washington State,Pac-12,204,Oregon State,Pac-12,38.0,1600.0,1596.0,41.0,1356.0,1360.0,False
401643773,2024,14,2024-11-30T23:30:00.000Z,265,Washington State,Pac-12,2751,Wyoming,Mountain West,14.0,1596.0,1578.0,15.0,1283.0,1301.0,True
401674743,2024,2,2024-09-08T00:00:00.000Z,143,Washington University (St. Louis),CCIW,2519,Rhodes College,Southern Athletic,44.0,,,20.0,,,False
401673957,2024,4,2024-09-21T18:00:00.000Z,143,Washington University (St. Louis),CCIW,32,Carroll University (WI),CCIW,35.0,,,7.0,,,True
401674737,2024,5,2024-09-28T17:00:00.000Z,143,Washington University (St. Louis),CCIW,3071,North Central College,CCIW,9.0,,,49.0,,,False
401674727,2024,6,2024-10-05T18:00:00.000Z,143,Washington University (St. Louis),CCIW,306,Illinois Wesleyan,CCIW,33.0,,,23.0,,,False
401673969,2024,7,2024-10-12T18:00:00.000Z,143,Washington University (St. Louis),CCIW,2106,Carthage,CCIW,65.0,,,16.0,,,True
401673976,2024,8,2024-10-19T18:00:00.000Z,143,Washington University (St. Louis),CCIW,72,Elmhurst,CCIW,49.0,,,10.0,,,False
401674744,2024,9,2024-10-26T18:00:00.000Z,143,Washington University (St. Louis),CCIW,396,Wheaton,CCIW,20.0,,,27.0,,,True
401674734,2024,10,2024-11-02T17:00:00.000Z,143,Washington University (St. Louis),CCIW,74,Millikin,CCIW,70.0,,,21.0,,,True
401674741,2024,11,2024-11-09T18:00:00.000Z,143,Washington University (St. Louis),CCIW,75,North Park,CCIW,28.0,,,21.0,,,False
401673955,2024,12,2024-11-16T18:00:00.000Z,143,Washington University (St. Louis),CCIW,2042,Augustana (IL),CCIW,45.0,,,24.0,,,True
401676244,2024,2,2024-09-07T17:00:00.000Z,2688,Washington and Lee,Old Dominion,2532,Salisbury,New Jersey,26.0,,,48.0,,,False
401676446,2024,3,2024-09-14T18:00:00.000Z,2688,Washington and Lee,Old Dominion,3111,Apprentice School,Independent DIII,68.0,,,28.0,,,True
401676256,2024,4,2024-09-21T17:00:00.000Z,2688,Washington and Lee,Old Dominion,386,Trinity University TX,Southern Athletic,10.0,,,16.0,,,False
401676396,2024,6,2024-10-05T21:00:00.000Z,2688,Washington and Lee,Old Dominion,2047,Averett,Old Dominion,35.0,,,0.0,,,True
401676429,2024,7,2024-10-12T17:00:00.000Z,2688,Washington and Lee,Old Dominion,297,Hampden-Sydney,Old Dominion,28.0,,,26.0,,,True
401676447,2024,8,2024-10-19T20:00:00.000Z,2688,Washington and Lee,Old Dominion,2258,Guilford College,Old Dominion,40.0,,,23.0,,,False
401676412,2024,9,2024-10-26T18:00:00.000Z,2688,Washington and Lee,Old Dominion,366,Ferrum,Old Dominion,34.0,,,0.0,,,False
401676443,2024,10,2024-11-02T19:00:00.000Z,2688,Washington and Lee,Old Dominion,2516,Randolph-Macon,Old Dominion,7.0,,,20.0,,,True
401676408,2024,11,2024-11-09T19:00:00.000Z,2688,Washington and Lee,Old Dominion,2079,Bridgewater (VA),Old Dominion,23.0,,,7.0,,,False
401676445,2024,12,2024-11-16T18:00:00.000Z,2688,Washington and Lee,Old Dominion,2828,Shenandoah,Old Dominion,21.0,,,28.0,,,True
401675546,2024,3,2024-09-14T18:00:00.000Z,630,Wayland Baptist,,2834,Sul Ross State,Lone Star,51.0,,,52.0,,,False
401674578,2024,2,2024-09-05T22:00:00.000Z,131,Wayne State (MI),GLIAC,2838,Tiffin,Great Midwest Athletic,17.0,,,31.0,,,False
401674579,2024,3,2024-09-14T17:00:00.000Z,131,Wayne State (MI),GLIAC,2224,Findlay,Great Midwest Athletic,30.0,,,42.0,,,True
401674500,2024,4,2024-09-21T22:00:00.000Z,131,Wayne State (MI),GLIAC,2292,Indianapolis,Great Lakes,6.0,,,30.0,,,True
401674539,2024,5,2024-09-28T18:00:00.000Z,131,Wayne State (MI),GLIAC,2654,Truman State,Great Lakes,17.0,,,31.0,,,False
401674568,2024,6,2024-10-05T16:00:00.000Z,131,Wayne State (MI),GLIAC,2392,Michigan Tech,GLIAC,7.0,,,22.0,,,False
401674553,2024,7,2024-10-13T15:00:00.000Z,131,Wayne State (MI),GLIAC,2222,Ferris State,GLIAC,14.0,,,27.0,,,True
401674580,2024,8,2024-10-19T18:00:00.000Z,131,Wayne State (MI),GLIAC,110254,Davenport,GLIAC,26.0,,,43.0,,,False
401658344,2024,9,2024-10-26T17:00:00.000Z,131,Wayne State (MI),GLIAC,129,Saginaw Valley State,GLIAC,10.0,,,37.0,,,True
401674563,2024,10,2024-11-02T19:00:00.000Z,131,Wayne State (MI),GLIAC,125,Grand Valley State University,GLIAC,28.0,,,51.0,,,False
401674581,2024,11,2024-11-09T18:00:00.000Z,131,Wayne State (MI),GLIAC,127991,Roosevelt,GLIAC,38.0,,,14.0,,,True
401674577,2024,12,2024-11-16T18:00:00.000Z,131,Wayne State (MI),GLIAC,128,Northern Michigan,GLIAC,30.0,,,14.0,,,True
401674525,2024,1,2024-08-29T23:00:00.000Z,2844,Wayne State (NE),Northern Sun,2402,Missouri S&T,Great Lakes,49.0,,,17.0,,,True
401674329,2024,2,2024-09-05T23:00:00.000Z,2844,Wayne State (NE),Northern Sun,2817,Minnesota State Moorhead,Northern Sun,44.0,,,17.0,,,False
401675840,2024,3,2024-09-14T23:00:00.000Z,2844,Wayne State (NE),Northern Sun,2364,Minnesota State Mankato,Northern Sun,28.0,,,35.0,,,True
401675841,2024,4,2024-09-21T18:00:00.000Z,2844,Wayne State (NE),Northern Sun,2851,Winona State,Northern Sun,28.0,,,21.0,,,False
401674226,2024,6,2024-10-05T18:00:00.000Z,2844,Wayne State (NE),Northern Sun,568,Minot State,Northern Sun,27.0,,,21.0,,,True
401675842,2024,7,2024-10-12T22:00:00.000Z,2844,Wayne State (NE),Northern Sun,2587,Southwest Minnesota State,Northern Sun,41.0,,,7.0,,,False
401675843,2024,8,2024-10-19T19:00:00.000Z,2844,Wayne State (NE),Northern Sun,559,University of Mary,Northern Sun,30.0,,,0.0,,,False
401675844,2024,9,2024-10-26T17:00:00.000Z,2844,Wayne State (NE),Northern Sun,2894,Sioux Falls,Northern Sun,13.0,,,23.0,,,True
401674315,2024,10,2024-11-02T18:00:00.000Z,2844,Wayne State (NE),Northern Sun,132,Bemidji State,Northern Sun,20.0,,,37.0,,,False
401675839,2024,11,2024-11-09T18:00:00.000Z,2844,Wayne State (NE),Northern Sun,425,Northern State,Northern Sun,21.0,,,28.0,,,True
401675838,2024,12,2024-11-16T18:00:00.000Z,2844,Wayne State (NE),Northern Sun,3066,Concordia University St Paul,Northern Sun,21.0,,,0.0,,,True
401676432,2024,2,2024-09-07T17:00:00.000Z,2845,Waynesburg,Presidents',2963,Case Western Reserve,Presidents',7.0,,,41.0,,,True
401676418,2024,3,2024-09-14T17:00:00.000Z,2845,Waynesburg,Presidents',2849,Westminster (PA),Presidents',10.0,,,23.0,,,False
401676433,2024,4,2024-09-21T17:00:00.000Z,2845,Waynesburg,Presidents',2686,Washington & Jefferson,Presidents',16.0,,,55.0,,,True
401676434,2024,5,2024-09-28T17:00:00.000Z,2845,Waynesburg,Presidents',2614,Saint Vincent,Presidents',21.0,,,7.0,,,False
401676435,2024,6,2024-10-05T23:00:00.000Z,2845,Waynesburg,Presidents',2102,Carnegie Mellon,Presidents',0.0,,,42.0,,,False
401676436,2024,8,2024-10-19T17:00:00.000Z,2845,Waynesburg,Presidents',2062,Bethany (WV),Presidents',34.0,,,14.0,,,True
401676437,2024,9,2024-10-26T21:05:00.000Z,2845,Waynesburg,Presidents',2018,Allegheny,Presidents',44.0,,,41.0,,,False
401676438,2024,10,2024-11-02T17:00:00.000Z,2845,Waynesburg,Presidents',146,Grove City College,Presidents',0.0,,,51.0,,,True
401676439,2024,11,2024-11-09T18:00:00.000Z,2845,Waynesburg,Presidents',2644,Thiel,Presidents',37.0,,,10.0,,,True
401676440,2024,12,2024-11-16T18:00:00.000Z,2845,Waynesburg,Presidents',2242,Geneva,Presidents',6.0,,,33.0,,,False
401675498,2024,3,2024-09-14T17:00:00.000Z,2691,Webber International,,2560,Shorter,Gulf South,0.0,,,0.0,,,False
401693679,2024,4,2024-09-21T17:00:00.000Z,2691,Webber International,,124179,Lincoln (CA),Independent DII,63.0,,,20.0,,,False
401628460,2024,1,2024-09-01T03:00:00.000Z,2692,Weber State,Big Sky,264,Washington,Big Ten,3.0,,,35.0,1752.0,1752.0,False
401637160,2024,2,2024-09-08T00:00:00.000Z,2692,Weber State,Big Sky,2502,Portland State,Big Sky,43.0,,,16.0,,,True
401655616,2024,3,2024-09-14T23:00:00.000Z,2692,Weber State,Big Sky,2320,Lamar,Southland,16.0,,,17.0,,,False
401655619,2024,4,2024-09-21T23:00:00.000Z,2692,Weber State,Big Sky,2466,Northwestern State,Southland,39.0,,,0.0,,,False
401655617,2024,5,2024-09-29T00:00:00.000Z,2692,Weber State,Big Sky,2377,McNeese,Southland,26.0,,,28.0,,,True
401634053,2024,6,2024-10-05T19:00:00.000Z,2692,Weber State,Big Sky,149,Montana,Big Sky,55.0,,,48.0,,,False
401634101,2024,7,2024-10-13T00:00:00.000Z,2692,Weber State,Big Sky,2458,Northern Colorado,Big Sky,17.0,,,21.0,,,True
401634106,2024,8,2024-10-20T01:00:00.000Z,2692,Weber State,Big Sky,16,Sacramento State,Big Sky,48.0,,,51.0,,,False
401634112,2024,10,2024-11-02T20:00:00.000Z,2692,Weber State,Big Sky,2464,Northern Arizona,Big Sky,6.0,,,27.0,,,False
401634118,2024,11,2024-11-09T20:00:00.000Z,2692,Weber State,Big Sky,304,Idaho State,Big Sky,35.0,,,43.0,,,True
401634123,2024,12,2024-11-17T01:00:00.000Z,2692,Weber State,Big Sky,70,Idaho,Big Sky,24.0,,,31.0,,,False
401634127,2024,13,2024-11-23T20:00:00.000Z,2692,Weber State,Big Sky,13,Cal Poly,Big Sky,28.0,,,17.0,,,True
401676170,2024,3,2024-09-14T17:00:00.000Z,336,Wesleyan University (CT),NESCAC,2394,Middlebury,NESCAC,43.0,,,7.0,,,False
401676164,2024,4,2024-09-21T23:00:00.000Z,336,Wesleyan University (CT),NESCAC,112,Tufts,NESCAC,20.0,,,9.0,,,True
401676148,2024,5,2024-09-28T17:00:00.000Z,336,Wesleyan University (CT),NESCAC,121,Bates,NESCAC,13.0,,,24.0,,,True
401676158,2024,6,2024-10-05T17:00:00.000Z,336,Wesleyan University (CT),NESCAC,348,Hamilton,NESCAC,19.0,,,7.0,,,False
401676171,2024,7,2024-10-12T17:00:00.000Z,336,Wesleyan University (CT),NESCAC,33,Colby College,NESCAC,23.0,,,17.0,,,True
401676172,2024,8,2024-10-19T17:00:00.000Z,336,Wesleyan University (CT),NESCAC,340,Bowdoin,NESCAC,17.0,,,14.0,,,False
401676173,2024,9,2024-10-26T17:00:00.000Z,336,Wesleyan University (CT),NESCAC,7,Amherst,NESCAC,31.0,,,14.0,,,False
401676174,2024,10,2024-11-02T17:00:00.000Z,336,Wesleyan University (CT),NESCAC,2731,Williams,NESCAC,25.0,,,24.0,,,True
401676175,2024,11,2024-11-09T17:00:00.000Z,336,Wesleyan University (CT),NESCAC,2977,Trinity (CT),NESCAC,27.0,,,17.0,,,False
401675508,2024,1,2024-08-31T23:00:00.000Z,2695,West Alabama,Gulf South,2396,Miles College,SIAC,16.0,,,15.0,,,True
401675509,2024,2,2024-09-07T23:00:00.000Z,2695,West Alabama,Gulf South,2839,Greeneville,South Atlantic,45.0,,,9.0,,,True
401675510,2024,3,2024-09-14T23:00:00.000Z,2695,West Alabama,Gulf South,2336,Limestone,South Atlantic,33.0,,,14.0,,,True
401675511,2024,4,2024-09-21T22:00:00.000Z,2695,West Alabama,Gulf South,110242,West Florida,Gulf South,35.0,,,33.0,,,False
401675506,2024,5,2024-09-28T23:00:00.000Z,2695,West Alabama,Gulf South,2673,Valdosta State,Gulf South,0.0,,,0.0,,,False
401675488,2024,7,2024-10-12T19:00:00.000Z,2695,West Alabama,Gulf South,2401,Mississippi College,Gulf South,26.0,,,0.0,,,False
401675480,2024,8,2024-10-19T21:00:00.000Z,2695,West Alabama,Gulf South,2170,Delta State,Gulf South,6.0,,,21.0,,,False
401675473,2024,9,2024-10-26T19:00:00.000Z,2695,West Alabama,Gulf South,2804,Chowan,Gulf South,38.0,,,0.0,,,True
401675495,2024,10,2024-11-02T19:00:00.000Z,2695,West Alabama,Gulf South,2822,North Greenville,Gulf South,17.0,,,14.0,,,True
401675503,2024,11,2024-11-09T17:00:00.000Z,2695,West Alabama,Gulf South,2560,Shorter,Gulf South,31.0,,,6.0,,,False
401658352,2024,12,2024-11-16T19:00:00.000Z,2695,West Alabama,Gulf South,101784,ERSKINE,Gulf South,63.0,,,0.0,,,True
401734582,2024,13,2024-11-23T19:00:00.000Z,2695,West Alabama,Gulf South,2331,Lenoir-Rhyne,South Atlantic,34.0,,,37.0,,,True
401676776,2024,2,2024-09-07T16:00:00.000Z,223,West Chester,Pennsylvania State Athletic,2060,Bentley,Northeast 10,17.0,,,20.0,,,True
401674349,2024,3,2024-09-14T16:00:00.000Z,223,West Chester,Pennsylvania State Athletic,2858,PennWest California,Pennsylvania State Athletic,28.0,,,38.0,,,True
401676745,2024,4,2024-09-21T16:00:00.000Z,223,West Chester,Pennsylvania State Athletic,611,Seton Hill,Pennsylvania State Athletic,24.0,,,27.0,,,False
401674341,2024,5,2024-09-28T18:00:00.000Z,223,West Chester,Pennsylvania State Athletic,2071,Bloomsburg,Pennsylvania State Athletic,21.0,,,23.0,,,False
401676754,2024,6,2024-10-05T16:00:00.000Z,223,West Chester,Pennsylvania State Athletic,2559,Shippensburg,Pennsylvania State Athletic,28.0,,,10.0,,,True
401676751,2024,7,2024-10-12T16:00:00.000Z,223,West Chester,Pennsylvania State Athletic,2974,Shepherd,Pennsylvania State Athletic,35.0,,,14.0,,,True
401674368,2024,8,2024-10-19T22:05:00.000Z,223,West Chester,Pennsylvania State Athletic,2188,East Stroudsburg University,Pennsylvania State Athletic,31.0,,,45.0,,,False
401676116,2024,9,2024-10-26T18:00:00.000Z,223,West Chester,Pennsylvania State Athletic,210,Millersville,Pennsylvania State Athletic,41.0,,,23.0,,,True
401676107,2024,10,2024-11-02T16:00:00.000Z,223,West Chester,Pennsylvania State Athletic,209,Lock Haven University,Pennsylvania State Athletic,27.0,,,16.0,,,True
401676099,2024,11,2024-11-09T17:00:00.000Z,223,West Chester,Pennsylvania State Athletic,2315,Kutztown University,Pennsylvania State Athletic,13.0,,,31.0,,,False
401674518,2024,2,2024-09-05T23:00:00.000Z,110242,West Florida,Gulf South,2816,McKendree,Great Lakes,38.0,,,6.0,,,True
401675511,2024,4,2024-09-21T22:00:00.000Z,110242,West Florida,Gulf South,2695,West Alabama,Gulf South,33.0,,,35.0,,,True
401674560,2024,5,2024-09-28T19:00:00.000Z,110242,West Florida,Gulf South,125,Grand Valley State University,GLIAC,7.0,,,31.0,,,False
401675487,2024,6,2024-10-05T21:00:00.000Z,110242,West Florida,Gulf South,2401,Mississippi College,Gulf South,31.0,,,0.0,,,True
401675479,2024,7,2024-10-12T20:00:00.000Z,110242,West Florida,Gulf South,2170,Delta State,Gulf South,40.0,,,28.0,,,True
401675472,2024,8,2024-10-19T17:00:00.000Z,110242,West Florida,Gulf South,2804,Chowan,Gulf South,35.0,,,6.0,,,False
401675501,2024,9,2024-10-26T21:00:00.000Z,110242,West Florida,Gulf South,2560,Shorter,Gulf South,35.0,,,16.0,,,True
401658355,2024,10,2024-11-02T18:00:00.000Z,110242,West Florida,Gulf South,101784,ERSKINE,Gulf South,70.0,,,0.0,,,False
401675496,2024,11,2024-11-09T19:00:00.000Z,110242,West Florida,Gulf South,2822,North Greenville,Gulf South,35.0,,,14.0,,,True
401675507,2024,12,2024-11-17T00:00:00.000Z,110242,West Florida,Gulf South,2673,Valdosta State,Gulf South,7.0,,,28.0,,,False
401632063,2024,1,2024-08-31T22:00:00.000Z,2698,West Georgia,UAC,2535,Samford,Southern,38.0,,,29.0,,,True
401632067,2024,2,2024-09-08T00:00:00.000Z,2698,West Georgia,UAC,2000,Abilene Christian,UAC,24.0,,,38.0,,,False
401632074,2024,3,2024-09-14T22:00:00.000Z,2698,West Georgia,UAC,2198,Eastern Kentucky,UAC,7.0,,,26.0,,,False
401632105,2024,5,2024-09-28T18:00:00.000Z,2698,West Georgia,UAC,2453,North Alabama,UAC,16.0,,,25.0,,,True
401632109,2024,6,2024-10-05T18:00:00.000Z,2698,West Georgia,UAC,2046,Austin Peay,UAC,16.0,,,20.0,,,True
401632136,2024,7,2024-10-12T21:00:00.000Z,2698,West Georgia,UAC,2110,Central Arkansas,UAC,33.0,,,34.0,,,False
401632118,2024,8,2024-10-19T18:00:00.000Z,2698,West Georgia,UAC,2560,Shorter,Gulf South,41.0,,,13.0,,,True
401632116,2024,9,2024-10-26T18:00:00.000Z,2698,West Georgia,UAC,253,Southern Utah,UAC,17.0,,,28.0,,,False
401693680,2024,10,2024-11-02T18:00:00.000Z,2698,West Georgia,UAC,124179,Lincoln (CA),Independent DII,88.0,,,12.0,,,True
401632077,2024,11,2024-11-09T19:00:00.000Z,2698,West Georgia,UAC,2627,Tarleton State,UAC,21.0,,,38.0,,,True
401632129,2024,12,2024-11-16T21:00:00.000Z,2698,West Georgia,UAC,3101,Utah Tech,UAC,34.0,,,31.0,,,False
401674295,2024,1,2024-08-29T23:00:00.000Z,2699,West Liberty,Mountain East,2682,Walsh,Great Midwest Athletic,21.0,,,41.0,,,True
401674296,2024,2,2024-09-05T23:00:00.000Z,2699,West Liberty,Mountain East,2336,Limestone,South Atlantic,13.0,,,48.0,,,True
401658359,2024,3,2024-09-14T17:00:00.000Z,2699,West Liberty,Mountain East,341,Frostburg State,Mountain East,23.0,,,57.0,,,True
401677407,2024,4,2024-09-21T22:00:00.000Z,2699,West Liberty,Mountain East,2707,West Virginia State,Mountain East,37.0,,,57.0,,,False
401674267,2024,6,2024-10-05T17:00:00.000Z,2699,West Liberty,Mountain East,2148,Concord University,Mountain East,31.0,,,10.0,,,True
401674292,2024,7,2024-10-12T17:00:00.000Z,2699,West Liberty,Mountain East,2882,UNC Pembroke,Mountain East,20.0,,,67.0,,,False
401674298,2024,8,2024-10-19T17:00:00.000Z,2699,West Liberty,Mountain East,455,West Virginia Wesleyan,Mountain East,21.0,,,9.0,,,True
401674285,2024,9,2024-10-26T17:00:00.000Z,2699,West Liberty,Mountain East,2249,Glenville State,Mountain East,14.0,,,37.0,,,False
401674262,2024,10,2024-11-02T17:00:00.000Z,2699,West Liberty,Mountain East,2128,University Of Charleston (WV),Mountain East,0.0,,,38.0,,,True
401674281,2024,11,2024-11-09T17:00:00.000Z,2699,West Liberty,Mountain East,2986,Fairmont State,Mountain East,35.0,,,36.0,,,False
401674299,2024,12,2024-11-16T23:00:00.000Z,2699,West Liberty,Mountain East,112335,Wheeling,Mountain East,16.0,,,40.0,,,False
401675545,2024,1,2024-08-29T04:00:00.000Z,2704,West Texas A&M,Lone Star,2834,Sul Ross State,Lone Star,42.0,,,21.0,,,False
401673275,2024,2,2024-09-06T00:00:00.000Z,2704,West Texas A&M,Lone Star,2146,Colorado School Of Mines,Rocky Mountain,13.0,,,41.0,,,False
401673241,2024,3,2024-09-15T00:00:00.000Z,2704,West Texas A&M,Lone Star,2714,Western Colorado,Rocky Mountain,17.0,,,26.0,,,True
401675522,2024,4,2024-09-22T00:00:00.000Z,2704,West Texas A&M,Lone Star,2120,Central Washington,Lone Star,3.0,,,45.0,,,True
401675558,2024,5,2024-09-28T20:05:00.000Z,2704,West Texas A&M,Lone Star,2848,Western Oregon,Lone Star,16.0,,,24.0,,,False
401675559,2024,7,2024-10-13T00:00:00.000Z,2704,West Texas A&M,Lone Star,2703,Western New Mexico,Lone Star,42.0,,,17.0,,,True
401675533,2024,8,2024-10-19T18:00:00.000Z,2704,West Texas A&M,Lone Star,2201,Eastern New Mexico,Lone Star,42.0,,,24.0,,,False
401675557,2024,9,2024-10-27T00:00:00.000Z,2704,West Texas A&M,Lone Star,110243,UT Permian Basin,Lone Star,7.0,,,21.0,,,True
401675553,2024,10,2024-11-03T00:00:00.000Z,2704,West Texas A&M,Lone Star,2658,Texas A&M-Kingsville,Lone Star,21.0,,,14.0,,,False
401675543,2024,11,2024-11-10T00:00:00.000Z,2704,West Texas A&M,Lone Star,2395,Midwestern State,Lone Star,17.0,,,12.0,,,True
401675521,2024,12,2024-11-17T00:00:00.000Z,2704,West Texas A&M,Lone Star,2025,Angelo State,Lone Star,19.0,,,56.0,,,False
401628457,2024,1,2024-08-31T16:00:00.000Z,277,West Virginia,Big 12,213,Penn State,Big Ten,12.0,1574.0,1546.0,34.0,1833.0,1861.0,True
401677080,2024,1,2024-12-18T02:00:00.000Z,277,West Virginia,Big 12,235,Memphis,American Athletic,37.0,1446.0,1455.0,42.0,1666.0,1657.0,True
401628593,2024,2,2024-09-07T22:00:00.000Z,277,West Virginia,Big 12,399,UAlbany,CAA,49.0,1527.0,1527.0,14.0,,,True
401635547,2024,3,2024-09-14T19:30:00.000Z,277,West Virginia,Big 12,221,Pittsburgh,ACC,34.0,1546.0,1541.0,38.0,1483.0,1488.0,False
401636879,2024,4,2024-09-21T16:00:00.000Z,277,West Virginia,Big 12,2305,Kansas,Big 12,32.0,1541.0,1546.0,28.0,1603.0,1598.0,True
401636890,2024,6,2024-10-05T20:00:00.000Z,277,West Virginia,Big 12,197,Oklahoma State,Big 12,38.0,1546.0,1610.0,14.0,1553.0,1489.0,False
401636896,2024,7,2024-10-13T00:00:00.000Z,277,West Virginia,Big 12,66,Iowa State,Big 12,16.0,1610.0,1597.0,28.0,1760.0,1773.0,True
401636904,2024,8,2024-10-19T23:30:00.000Z,277,West Virginia,Big 12,2306,Kansas State,Big 12,18.0,1597.0,1541.0,45.0,1743.0,1799.0,True
401636905,2024,9,2024-10-26T23:00:00.000Z,277,West Virginia,Big 12,12,Arizona,Big 12,31.0,1541.0,1549.0,26.0,1526.0,1518.0,False
401636918,2024,11,2024-11-09T17:00:00.000Z,277,West Virginia,Big 12,2132,Cincinnati,Big 12,31.0,1549.0,1561.0,24.0,1536.0,1524.0,False
401636929,2024,12,2024-11-16T21:00:00.000Z,277,West Virginia,Big 12,239,Baylor,Big 12,35.0,1561.0,1529.0,49.0,1559.0,1591.0,True
401636937,2024,13,2024-11-23T20:30:00.000Z,277,West Virginia,Big 12,2116,UCF,Big 12,31.0,1529.0,1553.0,21.0,1620.0,1596.0,True
401636945,2024,14,2024-11-30T17:00:00.000Z,277,West Virginia,Big 12,2641,Texas Tech,Big 12,15.0,1553.0,1446.0,52.0,1540.0,1647.0,False
401674300,2024,2,2024-09-05T22:00:00.000Z,2707,West Virginia State,Mountain East,122666,Wilson,South Atlantic,27.0,,,24.0,,,False
401673371,2024,3,2024-09-13T16:00:00.000Z,2707,West Virginia State,Mountain East,2105,Carson-Newman College,South Atlantic,25.0,,,56.0,,,True
401677407,2024,4,2024-09-21T22:00:00.000Z,2707,West Virginia State,Mountain East,2699,West Liberty,Mountain East,57.0,,,37.0,,,True
401677408,2024,5,2024-09-28T17:00:00.000Z,2707,West Virginia State,Mountain East,455,West Virginia Wesleyan,Mountain East,48.0,,,22.0,,,True
401674278,2024,6,2024-10-05T18:00:00.000Z,2707,West Virginia State,Mountain East,2986,Fairmont State,Mountain East,45.0,,,34.0,,,False
401674268,2024,7,2024-10-12T17:00:00.000Z,2707,West Virginia State,Mountain East,2148,Concord University,Mountain East,44.0,,,14.0,,,True
401674302,2024,8,2024-10-19T16:00:00.000Z,2707,West Virginia State,Mountain East,112335,Wheeling,Mountain East,33.0,,,35.0,,,False
401674293,2024,9,2024-10-26T20:00:00.000Z,2707,West Virginia State,Mountain East,2882,UNC Pembroke,Mountain East,17.0,,,62.0,,,False
401658365,2024,10,2024-11-02T16:00:00.000Z,2707,West Virginia State,Mountain East,341,Frostburg State,Mountain East,38.0,,,24.0,,,True
401674287,2024,11,2024-11-09T18:00:00.000Z,2707,West Virginia State,Mountain East,2249,Glenville State,Mountain East,14.0,,,40.0,,,False
401674264,2024,12,2024-11-16T17:00:00.000Z,2707,West Virginia State,Mountain East,2128,University Of Charleston (WV),Mountain East,17.0,,,52.0,,,False
401674303,2024,1,2024-08-31T17:00:00.000Z,455,West Virginia Wesleyan,Mountain East,126086,Post University,Northeast 10,24.0,,,41.0,,,False
401674304,2024,3,2024-09-14T22:30:00.000Z,455,West Virginia Wesleyan,Mountain East,112335,Wheeling,Mountain East,14.0,,,52.0,,,True
401654588,2024,4,2024-09-21T16:00:00.000Z,455,West Virginia Wesleyan,Mountain East,2184,Duquesne,NEC,0.0,,,35.0,,,False
401677408,2024,5,2024-09-28T17:00:00.000Z,455,West Virginia Wesleyan,Mountain East,2707,West Virginia State,Mountain East,22.0,,,48.0,,,False
401658361,2024,6,2024-10-05T17:00:00.000Z,455,West Virginia Wesleyan,Mountain East,341,Frostburg State,Mountain East,16.0,,,49.0,,,False
401674279,2024,7,2024-10-12T17:00:00.000Z,455,West Virginia Wesleyan,Mountain East,2986,Fairmont State,Mountain East,21.0,,,40.0,,,True
401674298,2024,8,2024-10-19T17:00:00.000Z,455,West Virginia Wesleyan,Mountain East,2699,West Liberty,Mountain East,9.0,,,21.0,,,False
401674270,2024,9,2024-10-26T22:00:00.000Z,455,West Virginia Wesleyan,Mountain East,2148,Concord University,Mountain East,31.0,,,33.0,,,True
401674294,2024,10,2024-11-02T17:00:00.000Z,455,West Virginia Wesleyan,Mountain East,2882,UNC Pembroke,Mountain East,20.0,,,79.0,,,False
401674263,2024,11,2024-11-09T18:00:00.000Z,455,West Virginia Wesleyan,Mountain East,2128,University Of Charleston (WV),Mountain East,21.0,,,69.0,,,True
401674288,2024,12,2024-11-16T18:00:00.000Z,455,West Virginia Wesleyan,Mountain East,2249,Glenville State,Mountain East,23.0,,,42.0,,,True
401634299,2024,1,2024-08-29T23:00:00.000Z,2717,Western Carolina,Southern,152,NC State,ACC,21.0,,,38.0,1606.0,1606.0,False
401628594,2024,2,2024-09-07T17:00:00.000Z,2717,Western Carolina,Southern,2097,Campbell,CAA,16.0,,,24.0,,,True
401628612,2024,3,2024-09-14T22:00:00.000Z,2717,Western Carolina,Southern,2210,Elon,CAA,24.0,,,17.0,,,False
401655626,2024,4,2024-09-21T19:00:00.000Z,2717,Western Carolina,Southern,149,Montana,Big Sky,35.0,,,46.0,,,False
401634153,2024,6,2024-10-05T18:30:00.000Z,2717,Western Carolina,Southern,2747,Wofford,Southern,21.0,,,17.0,,,True
401638344,2024,7,2024-10-12T18:30:00.000Z,2717,Western Carolina,Southern,2643,The Citadel,Southern,30.0,,,16.0,,,True
401638345,2024,8,2024-10-19T18:00:00.000Z,2717,Western Carolina,Southern,231,Furman,Southern,52.0,,,20.0,,,False
401634149,2024,9,2024-10-26T19:30:00.000Z,2717,Western Carolina,Southern,2382,Mercer,Southern,34.0,,,44.0,,,False
401632466,2024,10,2024-11-02T18:30:00.000Z,2717,Western Carolina,Southern,236,Chattanooga,Southern,38.0,,,34.0,,,True
401634140,2024,11,2024-11-09T17:00:00.000Z,2717,Western Carolina,Southern,2193,East Tennessee State,Southern,21.0,,,24.0,,,False
401638349,2024,12,2024-11-16T18:00:00.000Z,2717,Western Carolina,Southern,2678,VMI,Southern,58.0,,,28.0,,,True
401638350,2024,13,2024-11-23T20:00:00.000Z,2717,Western Carolina,Southern,2535,Samford,Southern,47.0,,,42.0,,,False
401673240,2024,2,2024-09-08T00:00:00.000Z,2714,Western Colorado,Rocky Mountain,2395,Midwestern State,Lone Star,38.0,,,33.0,,,True
401673241,2024,3,2024-09-15T00:00:00.000Z,2714,Western Colorado,Rocky Mountain,2704,West Texas A&M,Lone Star,26.0,,,17.0,,,False
401673142,2024,4,2024-09-22T00:00:00.000Z,2714,Western Colorado,Rocky Mountain,2001,Adams State,Rocky Mountain,38.0,,,0.0,,,True
401673242,2024,5,2024-09-28T18:00:00.000Z,2714,Western Colorado,Rocky Mountain,2424,New Mexico Highlands,Rocky Mountain,53.0,,,12.0,,,False
401673243,2024,6,2024-10-06T00:00:00.000Z,2714,Western Colorado,Rocky Mountain,2237,Fort Lewis,Rocky Mountain,44.0,,,7.0,,,True
401673155,2024,7,2024-10-12T19:00:00.000Z,2714,Western Colorado,Rocky Mountain,2069,Black Hills State,Rocky Mountain,35.0,,,14.0,,,False
401673244,2024,8,2024-10-19T19:00:00.000Z,2714,Western Colorado,Rocky Mountain,613,South Dakota Mines,Rocky Mountain,35.0,,,24.0,,,True
401673245,2024,9,2024-10-26T18:00:00.000Z,2714,Western Colorado,Rocky Mountain,2146,Colorado School Of Mines,Rocky Mountain,38.0,,,28.0,,,False
401673246,2024,10,2024-11-02T19:00:00.000Z,2714,Western Colorado,Rocky Mountain,2570,CSU Pueblo,Rocky Mountain,34.0,,,44.0,,,True
401673247,2024,11,2024-11-09T20:00:00.000Z,2714,Western Colorado,Rocky Mountain,2123,Chadron St,Rocky Mountain,21.0,,,17.0,,,True
401673248,2024,12,2024-11-16T20:00:00.000Z,2714,Western Colorado,Rocky Mountain,11,Colorado Mesa,Rocky Mountain,37.0,,,7.0,,,False
401734599,2024,13,2024-11-23T20:00:00.000Z,2714,Western Colorado,Rocky Mountain,2120,Central Washington,Lone Star,28.0,,,21.0,,,True
401734995,2024,14,2024-11-30T20:00:00.000Z,2714,Western Colorado,Rocky Mountain,132,Bemidji State,Northern Sun,19.0,,,20.0,,,True
401676189,2024,2,2024-09-07T17:00:00.000Z,2843,Western Connecticut St,MSCAC,2383,Merchant Marine Academy,NEWMAC,27.0,,,44.0,,,False
401674896,2024,3,2024-09-13T23:00:00.000Z,2843,Western Connecticut St,MSCAC,110,Mass Maritime,MSCAC,44.0,,,6.0,,,False
401675961,2024,4,2024-09-21T18:00:00.000Z,2843,Western Connecticut St,MSCAC,2909,Westfield State,MSCAC,31.0,,,13.0,,,False
401674889,2024,5,2024-09-28T21:00:00.000Z,2843,Western Connecticut St,MSCAC,114,Fitchburg State,MSCAC,72.0,,,0.0,,,True
401675964,2024,6,2024-10-05T16:00:00.000Z,2843,Western Connecticut St,MSCAC,2972,Plymouth State,MSCAC,48.0,,,21.0,,,False
401675974,2024,8,2024-10-19T21:00:00.000Z,2843,Western Connecticut St,MSCAC,18,Bridgewater State,MSCAC,49.0,,,7.0,,,True
401674908,2024,9,2024-10-26T20:00:00.000Z,2843,Western Connecticut St,MSCAC,402,Worcester St,MSCAC,61.0,,,7.0,,,True
401675967,2024,10,2024-11-02T19:00:00.000Z,2843,Western Connecticut St,MSCAC,379,UMass Dartmouth,MSCAC,30.0,,,41.0,,,False
401677362,2024,11,2024-11-09T17:00:00.000Z,2843,Western Connecticut St,MSCAC,2967,Framingham State,MSCAC,76.0,,,18.0,,,True
401674885,2024,12,2024-11-16T19:00:00.000Z,2843,Western Connecticut St,MSCAC,293,Castleton,MSCAC,57.0,,,18.0,,,True
401644731,2024,1,2024-08-31T19:30:00.000Z,2710,Western Illinois,Big South-OVC,2459,Northern Illinois,Mid-American,15.0,,,54.0,1446.0,1446.0,False
401628463,2024,2,2024-09-06T23:00:00.000Z,2710,Western Illinois,Big South-OVC,84,Indiana,Big Ten,3.0,,,77.0,1438.0,1438.0,False
401634159,2024,3,2024-09-14T17:00:00.000Z,2710,Western Illinois,Big South-OVC,2287,Illinois State,MVFC,34.0,,,51.0,,,False
401654847,2024,5,2024-09-28T23:00:00.000Z,2710,Western Illinois,Big South-OVC,2816,McKendree,Great Lakes,49.0,,,32.0,,,True
401633984,2024,6,2024-10-05T20:00:00.000Z,2710,Western Illinois,Big South-OVC,2127,Charleston Southern,Big South-OVC,31.0,,,20.0,,,False
401633991,2024,7,2024-10-12T20:00:00.000Z,2710,Western Illinois,Big South-OVC,2630,UT Martin,Big South-OVC,17.0,,,45.0,,,True
401633994,2024,8,2024-10-19T20:00:00.000Z,2710,Western Illinois,Big South-OVC,2635,Tennessee Tech,Big South-OVC,37.0,,,21.0,,,True
401633998,2024,9,2024-10-26T19:00:00.000Z,2710,Western Illinois,Big South-OVC,2815,Lindenwood,Big South-OVC,38.0,,,49.0,,,False
401634000,2024,10,2024-11-02T19:00:00.000Z,2710,Western Illinois,Big South-OVC,2197,Eastern Illinois,Big South-OVC,38.0,,,45.0,,,False
401634006,2024,11,2024-11-09T19:00:00.000Z,2710,Western Illinois,Big South-OVC,2634,Tennessee State,Big South-OVC,20.0,,,45.0,,,True
401634009,2024,12,2024-11-16T19:00:00.000Z,2710,Western Illinois,Big South-OVC,2546,Southeast Missouri State,Big South-OVC,45.0,,,54.0,,,False
401634012,2024,13,2024-11-23T19:00:00.000Z,2710,Western Illinois,Big South-OVC,2241,Gardner-Webb,Big South-OVC,45.0,,,28.0,,,True
401628319,2024,1,2024-08-31T23:00:00.000Z,98,Western Kentucky,Conference USA,333,Alabama,SEC,0.0,1466.0,1323.0,63.0,1854.0,1997.0,False
401677079,2024,1,2024-12-18T22:30:00.000Z,98,Western Kentucky,Conference USA,256,James Madison,Sun Belt,17.0,1363.0,1364.0,27.0,1692.0,1691.0,False
401632068,2024,2,2024-09-07T23:00:00.000Z,98,Western Kentucky,Conference USA,2198,Eastern Kentucky,UAC,31.0,1307.0,1307.0,0.0,,,True
401641024,2024,3,2024-09-14T23:00:00.000Z,98,Western Kentucky,Conference USA,2393,Middle Tennessee,Conference USA,49.0,1323.0,1396.0,21.0,1288.0,1215.0,False
401641037,2024,4,2024-09-21T23:00:00.000Z,98,Western Kentucky,Conference USA,2649,Toledo,Mid-American,26.0,1396.0,1409.0,21.0,1578.0,1565.0,True
401635560,2024,5,2024-09-28T16:00:00.000Z,98,Western Kentucky,Conference USA,103,Boston College,ACC,20.0,1409.0,1410.0,21.0,1472.0,1471.0,False
401641030,2024,7,2024-10-11T00:00:00.000Z,98,Western Kentucky,Conference USA,2638,UTEP,Conference USA,44.0,1410.0,1454.0,17.0,1181.0,1137.0,True
401641038,2024,8,2024-10-16T23:00:00.000Z,98,Western Kentucky,Conference USA,2534,Sam Houston,Conference USA,31.0,1454.0,1496.0,14.0,1464.0,1422.0,False
401641020,2024,10,2024-10-30T23:30:00.000Z,98,Western Kentucky,Conference USA,338,Kennesaw State,Conference USA,31.0,1496.0,1512.0,14.0,1261.0,1245.0,True
401641036,2024,11,2024-11-09T23:00:00.000Z,98,Western Kentucky,Conference USA,166,New Mexico State,Conference USA,41.0,1512.0,1506.0,28.0,1115.0,1121.0,False
401641013,2024,12,2024-11-16T17:00:00.000Z,98,Western Kentucky,Conference USA,2348,Louisiana Tech,Conference USA,7.0,1506.0,1482.0,12.0,1297.0,1321.0,True
401640996,2024,13,2024-11-23T18:00:00.000Z,98,Western Kentucky,Conference USA,2335,Liberty,Conference USA,21.0,1482.0,1451.0,38.0,1545.0,1576.0,False
401641006,2024,14,2024-11-30T21:00:00.000Z,98,Western Kentucky,Conference USA,55,Jacksonville State,Conference USA,19.0,1451.0,1454.0,17.0,1641.0,1638.0,True
401673466,2024,15,2024-12-07T00:00:00.000Z,98,Western Kentucky,Conference USA,55,Jacksonville State,Conference USA,12.0,1454.0,1363.0,52.0,1638.0,1729.0,False
401677077,2024,1,2024-12-15T02:00:00.000Z,2711,Western Michigan,Mid-American,6,South Alabama,Sun Belt,23.0,1254.0,1268.0,30.0,1597.0,1583.0,True
401628461,2024,1,2024-08-31T01:00:00.000Z,2711,Western Michigan,Mid-American,275,Wisconsin,Big Ten,14.0,1315.0,1309.0,28.0,1587.0,1593.0,False
401628468,2024,2,2024-09-07T23:30:00.000Z,2711,Western Michigan,Mid-American,194,Ohio State,Big Ten,0.0,1309.0,1222.0,56.0,1927.0,2014.0,False
401636364,2024,3,2024-09-14T22:30:00.000Z,2711,Western Michigan,Mid-American,2065,Bethune-Cookman,SWAC,59.0,1193.0,1193.0,31.0,,,True
401643794,2024,5,2024-09-28T19:30:00.000Z,2711,Western Michigan,Mid-American,276,Marshall,Sun Belt,20.0,1222.0,1220.0,27.0,1360.0,1362.0,False
401644741,2024,6,2024-10-05T18:00:00.000Z,2711,Western Michigan,Mid-American,2050,Ball State,Mid-American,45.0,1220.0,1217.0,42.0,1088.0,1091.0,False
401644742,2024,7,2024-10-12T19:30:00.000Z,2711,Western Michigan,Mid-American,2006,Akron,Mid-American,34.0,1217.0,1223.0,24.0,1055.0,1049.0,True
401644749,2024,8,2024-10-19T19:30:00.000Z,2711,Western Michigan,Mid-American,2084,Buffalo,Mid-American,48.0,1223.0,1242.0,41.0,1294.0,1275.0,False
401644756,2024,9,2024-10-26T19:30:00.000Z,2711,Western Michigan,Mid-American,2309,Kent State,Mid-American,52.0,1242.0,1288.0,21.0,924.0,878.0,True
401644762,2024,11,2024-11-07T00:00:00.000Z,2711,Western Michigan,Mid-American,2459,Northern Illinois,Mid-American,28.0,1288.0,1272.0,42.0,1455.0,1471.0,True
401644764,2024,12,2024-11-13T00:00:00.000Z,2711,Western Michigan,Mid-American,189,Bowling Green,Mid-American,13.0,1272.0,1249.0,31.0,1449.0,1472.0,False
401644770,2024,13,2024-11-20T00:30:00.000Z,2711,Western Michigan,Mid-American,2117,Central Michigan,Mid-American,14.0,1249.0,1246.0,16.0,1091.0,1094.0,False
401644780,2024,14,2024-11-30T18:30:00.000Z,2711,Western Michigan,Mid-American,2199,Eastern Michigan,Mid-American,26.0,1246.0,1254.0,18.0,1183.0,1175.0,True
401676760,2024,2,2024-09-06T23:00:00.000Z,2702,Western New England,Commonwealth Coast,81,Springfield,NEWMAC,32.0,,,38.0,,,False
401676761,2024,3,2024-09-14T17:00:00.000Z,2702,Western New England,Commonwealth Coast,2776,Salve Regina,NEWMAC,45.0,,,27.0,,,True
401676762,2024,4,2024-09-20T23:00:00.000Z,2702,Western New England,Commonwealth Coast,2779,St. Lawrence,Liberty League,28.0,,,14.0,,,False
401676763,2024,5,2024-09-28T17:00:00.000Z,2702,Western New England,Commonwealth Coast,216,Susquehanna,Landmark Conference,21.0,,,34.0,,,True
401676764,2024,6,2024-10-05T23:00:00.000Z,2702,Western New England,Commonwealth Coast,15,Anna Maria College,ECFC,44.0,,,10.0,,,False
401676765,2024,8,2024-10-19T17:00:00.000Z,2702,Western New England,Commonwealth Coast,40,Curry College,Commonwealth Coast,47.0,,,21.0,,,True
401676766,2024,9,2024-10-26T17:00:00.000Z,2702,Western New England,Commonwealth Coast,452,Endicott College,Commonwealth Coast,7.0,,,41.0,,,True
401676767,2024,10,2024-11-02T16:00:00.000Z,2702,Western New England,Commonwealth Coast,2280,Husson,Commonwealth Coast,42.0,,,49.0,,,False
401676768,2024,11,2024-11-09T18:00:00.000Z,2702,Western New England,Commonwealth Coast,111675,Biddeford,Commonwealth Coast,24.0,,,6.0,,,True
401676769,2024,12,2024-11-16T17:00:00.000Z,2702,Western New England,Commonwealth Coast,2884,Nichols College,Commonwealth Coast,56.0,,,28.0,,,False
401675555,2024,1,2024-08-31T23:00:00.000Z,2703,Western New Mexico,Lone Star,110243,UT Permian Basin,Lone Star,3.0,,,41.0,,,False
401673140,2024,2,2024-09-08T00:00:00.000Z,2703,Western New Mexico,Lone Star,2001,Adams State,Rocky Mountain,39.0,,,30.0,,,False
401673258,2024,3,2024-09-15T00:00:00.000Z,2703,Western New Mexico,Lone Star,2424,New Mexico Highlands,Rocky Mountain,36.0,,,33.0,,,True
401675514,2024,4,2024-09-22T00:00:00.000Z,2703,Western New Mexico,Lone Star,2025,Angelo State,Lone Star,0.0,,,21.0,,,True
401675523,2024,5,2024-09-29T01:00:00.000Z,2703,Western New Mexico,Lone Star,2120,Central Washington,Lone Star,0.0,,,36.0,,,False
401675560,2024,6,2024-10-05T20:00:00.000Z,2703,Western New Mexico,Lone Star,2848,Western Oregon,Lone Star,10.0,,,34.0,,,True
401675559,2024,7,2024-10-13T00:00:00.000Z,2703,Western New Mexico,Lone Star,2704,West Texas A&M,Lone Star,17.0,,,42.0,,,False
401675549,2024,8,2024-10-20T00:00:00.000Z,2703,Western New Mexico,Lone Star,2834,Sul Ross State,Lone Star,20.0,,,34.0,,,False
401675534,2024,9,2024-10-26T18:00:00.000Z,2703,Western New Mexico,Lone Star,2201,Eastern New Mexico,Lone Star,34.0,,,41.0,,,True
401675554,2024,11,2024-11-09T19:00:00.000Z,2703,Western New Mexico,Lone Star,2658,Texas A&M-Kingsville,Lone Star,20.0,,,28.0,,,True
401675544,2024,12,2024-11-16T19:00:00.000Z,2703,Western New Mexico,Lone Star,2395,Midwestern State,Lone Star,24.0,,,52.0,,,False
401655624,2024,2,2024-09-07T22:00:00.000Z,2848,Western Oregon,Lone Star,304,Idaho State,Big Sky,10.0,,,50.0,,,False
401655622,2024,3,2024-09-15T00:00:00.000Z,2848,Western Oregon,Lone Star,13,Cal Poly,Big Sky,14.0,,,31.0,,,False
401675547,2024,4,2024-09-21T18:00:00.000Z,2848,Western Oregon,Lone Star,2834,Sul Ross State,Lone Star,39.0,,,17.0,,,False
401675558,2024,5,2024-09-28T20:05:00.000Z,2848,Western Oregon,Lone Star,2704,West Texas A&M,Lone Star,24.0,,,16.0,,,True
401675560,2024,6,2024-10-05T20:00:00.000Z,2848,Western Oregon,Lone Star,2703,Western New Mexico,Lone Star,34.0,,,10.0,,,False
401675532,2024,7,2024-10-12T20:05:00.000Z,2848,Western Oregon,Lone Star,2201,Eastern New Mexico,Lone Star,49.0,,,20.0,,,True
401675556,2024,8,2024-10-19T23:00:00.000Z,2848,Western Oregon,Lone Star,110243,UT Permian Basin,Lone Star,30.0,,,27.0,,,False
401675552,2024,9,2024-10-26T20:05:00.000Z,2848,Western Oregon,Lone Star,2658,Texas A&M-Kingsville,Lone Star,14.0,,,21.0,,,True
401675542,2024,10,2024-11-03T00:00:00.000Z,2848,Western Oregon,Lone Star,2395,Midwestern State,Lone Star,21.0,,,16.0,,,False
401675520,2024,11,2024-11-09T21:05:00.000Z,2848,Western Oregon,Lone Star,2025,Angelo State,Lone Star,16.0,,,38.0,,,True
401675529,2024,12,2024-11-16T21:00:00.000Z,2848,Western Oregon,Lone Star,2120,Central Washington,Lone Star,3.0,,,13.0,,,False
401682350,2024,2,2024-09-06T23:00:00.000Z,2909,Westfield State,MSCAC,15,Anna Maria College,ECFC,13.0,,,41.0,,,True
401675971,2024,3,2024-09-14T18:00:00.000Z,2909,Westfield State,MSCAC,18,Bridgewater State,MSCAC,24.0,,,17.0,,,True
401675961,2024,4,2024-09-21T18:00:00.000Z,2909,Westfield State,MSCAC,2843,Western Connecticut St,MSCAC,13.0,,,31.0,,,True
401674905,2024,5,2024-09-28T18:30:00.000Z,2909,Westfield State,MSCAC,402,Worcester St,MSCAC,35.0,,,27.0,,,False
401674880,2024,6,2024-10-05T18:00:00.000Z,2909,Westfield State,MSCAC,293,Castleton,MSCAC,10.0,,,24.0,,,False
401682278,2024,8,2024-10-19T18:00:00.000Z,2909,Westfield State,MSCAC,2967,Framingham State,MSCAC,7.0,,,21.0,,,True
401682351,2024,9,2024-10-26T16:00:00.000Z,2909,Westfield State,MSCAC,2972,Plymouth State,MSCAC,7.0,,,35.0,,,False
401674900,2024,10,2024-10-31T23:00:00.000Z,2909,Westfield State,MSCAC,110,Mass Maritime,MSCAC,13.0,,,10.0,,,False
401682281,2024,11,2024-11-09T17:00:00.000Z,2909,Westfield State,MSCAC,379,UMass Dartmouth,MSCAC,14.0,,,56.0,,,True
401674894,2024,12,2024-11-16T17:00:00.000Z,2909,Westfield State,MSCAC,114,Fitchburg State,MSCAC,22.0,,,7.0,,,True
401676418,2024,3,2024-09-14T17:00:00.000Z,2849,Westminster (PA),Presidents',2845,Waynesburg,Presidents',23.0,,,10.0,,,True
401676419,2024,4,2024-09-21T23:00:00.000Z,2849,Westminster (PA),Presidents',2018,Allegheny,Presidents',42.0,,,7.0,,,False
401676420,2024,5,2024-09-28T19:00:00.000Z,2849,Westminster (PA),Presidents',2644,Thiel,Presidents',58.0,,,6.0,,,False
401676421,2024,6,2024-10-05T17:00:00.000Z,2849,Westminster (PA),Presidents',2686,Washington & Jefferson,Presidents',14.0,,,21.0,,,True
401676422,2024,7,2024-10-12T20:30:00.000Z,2849,Westminster (PA),Presidents',2062,Bethany (WV),Presidents',49.0,,,7.0,,,False
401676423,2024,8,2024-10-19T17:00:00.000Z,2849,Westminster (PA),Presidents',2614,Saint Vincent,Presidents',56.0,,,0.0,,,True
401676424,2024,9,2024-10-26T23:00:00.000Z,2849,Westminster (PA),Presidents',2963,Case Western Reserve,Presidents',17.0,,,14.0,,,True
401676425,2024,10,2024-11-02T17:00:00.000Z,2849,Westminster (PA),Presidents',2102,Carnegie Mellon,Presidents',20.0,,,45.0,,,False
401676426,2024,11,2024-11-09T18:00:00.000Z,2849,Westminster (PA),Presidents',2242,Geneva,Presidents',56.0,,,7.0,,,False
401676427,2024,12,2024-11-16T18:00:00.000Z,2849,Westminster (PA),Presidents',146,Grove City College,Presidents',9.0,,,36.0,,,True
401674789,2024,2,2024-09-07T18:00:00.000Z,433,Westminster College (MO),Upper Midwest,2362,Manchester,Heartland,23.0,,,3.0,,,True
401676119,2024,3,2024-09-14T18:00:00.000Z,433,Westminster College (MO),Upper Midwest,2553,Sewanee,Southern Athletic,0.0,,,42.0,,,False
401676617,2024,4,2024-09-21T23:00:00.000Z,433,Westminster College (MO),Upper Midwest,129741,William Woods,,35.0,,,50.0,,,True
401676120,2024,6,2024-10-05T18:00:00.000Z,433,Westminster College (MO),Upper Midwest,2257,Greenville,Upper Midwest,14.0,,,35.0,,,True
401676121,2024,7,2024-10-12T17:00:00.000Z,433,Westminster College (MO),Upper Midwest,2399,Minnesota Morris,Upper Midwest,7.0,,,32.0,,,False
401676122,2024,8,2024-10-19T17:00:00.000Z,433,Westminster College (MO),Upper Midwest,509,Crown College,Upper Midwest,13.0,,,30.0,,,True
401676123,2024,9,2024-10-26T18:00:00.000Z,433,Westminster College (MO),Upper Midwest,446,Martin Luther,Upper Midwest,14.0,,,46.0,,,False
401676124,2024,10,2024-11-02T18:00:00.000Z,433,Westminster College (MO),Upper Midwest,2257,Greenville,Upper Midwest,7.0,,,45.0,,,False
401676125,2024,11,2024-11-09T18:00:00.000Z,433,Westminster College (MO),Upper Midwest,2399,Minnesota Morris,Upper Midwest,27.0,,,47.0,,,True
401676126,2024,12,2024-11-16T17:00:00.000Z,433,Westminster College (MO),Upper Midwest,583,Northwestern (MN),Upper Midwest,21.0,,,33.0,,,True
401674745,2024,2,2024-09-07T18:00:00.000Z,396,Wheaton,CCIW,271,Wisconsin-Oshkosh,Wisconsin,14.0,,,21.0,,,False
401673947,2024,4,2024-09-21T23:00:00.000Z,396,Wheaton,CCIW,2042,Augustana (IL),CCIW,42.0,,,3.0,,,True
401673958,2024,5,2024-09-28T18:00:00.000Z,396,Wheaton,CCIW,32,Carroll University (WI),CCIW,22.0,,,10.0,,,False
401674738,2024,6,2024-10-05T18:00:00.000Z,396,Wheaton,CCIW,3071,North Central College,CCIW,27.0,,,55.0,,,True
401674728,2024,7,2024-10-12T18:00:00.000Z,396,Wheaton,CCIW,306,Illinois Wesleyan,CCIW,42.0,,,21.0,,,True
401673970,2024,8,2024-10-19T18:00:00.000Z,396,Wheaton,CCIW,2106,Carthage,CCIW,50.0,,,13.0,,,False
401674744,2024,9,2024-10-26T18:00:00.000Z,396,Wheaton,CCIW,143,Washington University (St. Louis),CCIW,27.0,,,20.0,,,False
401673977,2024,10,2024-11-02T17:00:00.000Z,396,Wheaton,CCIW,72,Elmhurst,CCIW,65.0,,,17.0,,,True
401674735,2024,11,2024-11-09T19:00:00.000Z,396,Wheaton,CCIW,74,Millikin,CCIW,64.0,,,10.0,,,False
401674742,2024,12,2024-11-16T18:00:00.000Z,396,Wheaton,CCIW,75,North Park,CCIW,66.0,,,14.0,,,True
401674305,2024,1,2024-08-29T23:00:00.000Z,112335,Wheeling,Mountain East,2385,Mercyhurst,NEC,25.0,,,28.0,,,True
401674306,2024,2,2024-09-07T23:00:00.000Z,112335,Wheeling,Mountain East,2682,Walsh,Great Midwest Athletic,14.0,,,10.0,,,False
401674304,2024,3,2024-09-14T22:30:00.000Z,112335,Wheeling,Mountain East,455,West Virginia Wesleyan,Mountain East,52.0,,,14.0,,,False
401674277,2024,5,2024-09-28T17:00:00.000Z,112335,Wheeling,Mountain East,2986,Fairmont State,Mountain East,49.0,,,52.0,,,True
401674291,2024,6,2024-10-05T16:00:00.000Z,112335,Wheeling,Mountain East,2882,UNC Pembroke,Mountain East,32.0,,,35.0,,,True
401674260,2024,7,2024-10-12T16:00:00.000Z,112335,Wheeling,Mountain East,2128,University Of Charleston (WV),Mountain East,23.0,,,42.0,,,False
401674302,2024,8,2024-10-19T16:00:00.000Z,112335,Wheeling,Mountain East,2707,West Virginia State,Mountain East,35.0,,,33.0,,,True
401658364,2024,9,2024-10-26T17:00:00.000Z,112335,Wheeling,Mountain East,341,Frostburg State,Mountain East,26.0,,,25.0,,,False
401674286,2024,10,2024-11-02T17:00:00.000Z,112335,Wheeling,Mountain East,2249,Glenville State,Mountain East,21.0,,,28.0,,,True
401674272,2024,11,2024-11-09T18:00:00.000Z,112335,Wheeling,Mountain East,2148,Concord University,Mountain East,50.0,,,30.0,,,False
401674299,2024,12,2024-11-16T23:00:00.000Z,112335,Wheeling,Mountain East,2699,West Liberty,Mountain East,40.0,,,16.0,,,True
401674971,2024,2,2024-09-07T18:00:00.000Z,2721,Whitworth,Northwest,2968,Gustavus Adolphus,Minnesota,40.0,,,7.0,,,False
401676321,2024,3,2024-09-14T20:00:00.000Z,2721,Whitworth,Northwest,2202,Eastern Oregon,,31.0,,,19.0,,,True
401676198,2024,4,2024-09-21T20:00:00.000Z,2721,Whitworth,Northwest,411,Chapman,So. Cal.,35.0,,,28.0,,,True
401676316,2024,6,2024-10-05T20:00:00.000Z,2721,Whitworth,Northwest,2486,Pacific Lutheran,Northwest,34.0,,,23.0,,,False
401676322,2024,7,2024-10-12T20:00:00.000Z,2721,Whitworth,Northwest,2930,Willamette,Northwest,48.0,,,0.0,,,True
401676323,2024,8,2024-10-19T20:00:00.000Z,2721,Whitworth,Northwest,2508,Puget Sound,Northwest,42.0,,,24.0,,,False
401676324,2024,9,2024-10-26T20:00:00.000Z,2721,Whitworth,Northwest,205,Pacific (OR),Northwest,39.0,,,32.0,,,False
401676325,2024,10,2024-11-02T20:00:00.000Z,2721,Whitworth,Northwest,2333,Lewis & Clark College,Northwest,48.0,,,9.0,,,True
401676285,2024,11,2024-11-09T21:00:00.000Z,2721,Whitworth,Northwest,415,NEWBERG,Northwest,31.0,,,0.0,,,False
401676292,2024,12,2024-11-16T20:00:00.000Z,2721,Whitworth,Northwest,203,Linfield College,Northwest,7.0,,,34.0,,,True
401734572,2024,13,2024-11-23T20:00:00.000Z,2721,Whitworth,Northwest,2923,Pomona Pitzer,So. Cal.,21.0,,,13.0,,,True
401734997,2024,14,2024-11-30T18:00:00.000Z,2721,Whitworth,Northwest,3071,North Central College,CCIW,17.0,,,42.0,,,False
401674808,2024,2,2024-09-07T16:00:00.000Z,2725,Widener,Mid Atlantic,2354,Lycoming,Landmark Conference,12.0,,,48.0,,,False
401676654,2024,3,2024-09-14T16:00:00.000Z,2725,Widener,Mid Atlantic,127954,Eastern University,Mid Atlantic,27.0,,,13.0,,,False
401674864,2024,4,2024-09-21T17:00:00.000Z,2725,Widener,Mid Atlantic,2015,Albright,Mid Atlantic,21.0,,,0.0,,,True
401687169,2024,5,2024-09-28T17:00:00.000Z,2725,Widener,Mid Atlantic,247,Kings College (PA),Mid Atlantic,25.0,,,28.0,,,False
401674872,2024,7,2024-10-12T17:00:00.000Z,2725,Widener,Mid Atlantic,471,Stevenson,Mid Atlantic,3.0,,,10.0,,,True
401677467,2024,8,2024-10-19T16:00:00.000Z,2725,Widener,Mid Atlantic,2969,Misericordia,Mid Atlantic,20.0,,,24.0,,,False
401682277,2024,9,2024-10-26T17:00:00.000Z,2725,Widener,Mid Atlantic,111674,Reading,Mid Atlantic,34.0,,,24.0,,,True
401673442,2024,10,2024-11-02T17:00:00.000Z,2725,Widener,Mid Atlantic,388,Lebanon Valley,Mid Atlantic,24.0,,,21.0,,,False
401673435,2024,11,2024-11-09T17:00:00.000Z,2725,Widener,Mid Atlantic,2221,FDU-Florham,Mid Atlantic,10.0,,,7.0,,,False
401673427,2024,12,2024-11-16T17:00:00.000Z,2725,Widener,Mid Atlantic,2808,Delaware Valley,Mid Atlantic,26.0,,,49.0,,,True
401674820,2024,2,2024-09-07T22:00:00.000Z,398,Wilkes,Landmark Conference,247,Kings College (PA),Mid Atlantic,43.0,,,28.0,,,False
401674821,2024,3,2024-09-13T22:00:00.000Z,398,Wilkes,Landmark Conference,2528,Rensselaer,Liberty League,25.0,,,32.0,,,True
401674822,2024,4,2024-09-21T17:00:00.000Z,398,Wilkes,Landmark Conference,2781,Brockport,Empire 8,17.0,,,31.0,,,False
401674823,2024,5,2024-09-28T16:00:00.000Z,398,Wilkes,Landmark Conference,374,St John Fisher University,Empire 8,28.0,,,21.0,,,True
401674804,2024,6,2024-10-04T22:00:00.000Z,398,Wilkes,Landmark Conference,246,Juniata College,Landmark Conference,54.0,,,7.0,,,False
401674811,2024,7,2024-10-12T16:00:00.000Z,398,Wilkes,Landmark Conference,2354,Lycoming,Landmark Conference,53.0,,,28.0,,,True
401674824,2024,8,2024-10-19T16:00:00.000Z,398,Wilkes,Landmark Conference,122774,Keystone,Landmark Conference,69.0,,,24.0,,,False
401674819,2024,9,2024-10-26T16:00:00.000Z,398,Wilkes,Landmark Conference,216,Susquehanna,Landmark Conference,21.0,,,48.0,,,True
401674825,2024,11,2024-11-09T18:00:00.000Z,398,Wilkes,Landmark Conference,2108,Catholic,Landmark Conference,40.0,,,15.0,,,False
401673417,2024,12,2024-11-16T17:00:00.000Z,398,Wilkes,Landmark Conference,323,Moravian,Landmark Conference,47.0,,,28.0,,,True
401676327,2024,2,2024-09-07T19:00:00.000Z,2930,Willamette,Northwest,2318,La Verne,So. Cal.,27.0,,,24.0,,,True
401676279,2024,3,2024-09-15T02:05:00.000Z,2930,Willamette,Northwest,415,NEWBERG,Northwest,14.0,,,37.0,,,False
401677719,2024,5,2024-09-28T20:00:00.000Z,2930,Willamette,Northwest,129758,Simpson University (Ca),,21.0,,,18.0,,,True
401676287,2024,6,2024-10-05T23:00:00.000Z,2930,Willamette,Northwest,203,Linfield College,Northwest,0.0,,,72.0,,,True
401676322,2024,7,2024-10-12T20:00:00.000Z,2930,Willamette,Northwest,2721,Whitworth,Northwest,0.0,,,48.0,,,False
401676318,2024,8,2024-10-19T20:00:00.000Z,2930,Willamette,Northwest,2486,Pacific Lutheran,Northwest,0.0,,,50.0,,,False
401676283,2024,9,2024-10-26T20:00:00.000Z,2930,Willamette,Northwest,415,NEWBERG,Northwest,7.0,,,28.0,,,True
401676328,2024,10,2024-11-02T20:00:00.000Z,2930,Willamette,Northwest,2508,Puget Sound,Northwest,23.0,,,38.0,,,False
401676329,2024,11,2024-11-09T21:00:00.000Z,2930,Willamette,Northwest,205,Pacific (OR),Northwest,10.0,,,24.0,,,True
401676330,2024,12,2024-11-16T22:30:00.000Z,2930,Willamette,Northwest,2333,Lewis & Clark College,Northwest,7.0,,,35.0,,,False
401628592,2024,1,2024-08-29T23:00:00.000Z,2729,William & Mary,CAA,2678,VMI,Southern,41.0,,,7.0,,,True
401628603,2024,2,2024-09-07T23:00:00.000Z,2729,William & Mary,CAA,324,Coastal Carolina,Sun Belt,21.0,,,40.0,1537.0,1537.0,False
401628611,2024,3,2024-09-14T22:00:00.000Z,2729,William & Mary,CAA,2747,Wofford,Southern,28.0,,,21.0,,,False
401628630,2024,4,2024-09-21T22:00:00.000Z,2729,William & Mary,CAA,231,Furman,Southern,34.0,,,24.0,,,True
401628633,2024,5,2024-09-28T22:00:00.000Z,2729,William & Mary,CAA,2261,Hampton,CAA,49.0,,,7.0,,,True
401628644,2024,6,2024-10-05T22:00:00.000Z,2729,William & Mary,CAA,119,Towson,CAA,27.0,,,34.0,,,False
401628654,2024,8,2024-10-19T19:30:00.000Z,2729,William & Mary,CAA,2097,Campbell,CAA,35.0,,,28.0,,,True
401628669,2024,9,2024-10-26T19:30:00.000Z,2729,William & Mary,CAA,2619,Stony Brook,CAA,13.0,,,35.0,,,False
401628670,2024,10,2024-11-02T17:00:00.000Z,2729,William & Mary,CAA,2448,North Carolina A&T,CAA,45.0,,,7.0,,,False
401628681,2024,11,2024-11-09T18:00:00.000Z,2729,William & Mary,CAA,2210,Elon,CAA,36.0,,,40.0,,,True
401628690,2024,12,2024-11-16T18:00:00.000Z,2729,William & Mary,CAA,2803,Bryant,CAA,22.0,,,12.0,,,True
401628695,2024,13,2024-11-23T17:00:00.000Z,2729,William & Mary,CAA,257,Richmond,CAA,0.0,,,27.0,,,False
401673264,2024,1,2024-08-31T20:00:00.000Z,2911,William Jewell,Great Lakes,2237,Fort Lewis,Rocky Mountain,35.0,,,20.0,,,False
401674546,2024,3,2024-09-14T23:00:00.000Z,2911,William Jewell,Great Lakes,2316,Kentucky Wesleyan,Great Midwest Athletic,23.0,,,16.0,,,False
401674510,2024,4,2024-09-21T17:00:00.000Z,2911,William Jewell,Great Lakes,2876,Lincoln (MO),Great Lakes,48.0,,,20.0,,,False
401674547,2024,5,2024-09-28T18:00:00.000Z,2911,William Jewell,Great Lakes,110254,Davenport,GLIAC,7.0,,,17.0,,,True
401674501,2024,6,2024-10-05T18:00:00.000Z,2911,William Jewell,Great Lakes,2292,Indianapolis,Great Lakes,20.0,,,23.0,,,True
401674545,2024,7,2024-10-12T18:00:00.000Z,2911,William Jewell,Great Lakes,389,Upper Iowa University,Great Lakes,31.0,,,38.0,,,False
401674531,2024,8,2024-10-19T18:00:00.000Z,2911,William Jewell,Great Lakes,2402,Missouri S&T,Great Lakes,28.0,,,49.0,,,True
401674535,2024,9,2024-10-26T18:00:00.000Z,2911,William Jewell,Great Lakes,2586,Southwest Baptist,Great Lakes,28.0,,,27.0,,,False
401674548,2024,10,2024-11-02T18:00:00.000Z,2911,William Jewell,Great Lakes,2825,Quincy,Great Lakes,20.0,,,24.0,,,False
401674542,2024,11,2024-11-09T21:00:00.000Z,2911,William Jewell,Great Lakes,2654,Truman State,Great Lakes,0.0,,,34.0,,,True
401674524,2024,12,2024-11-16T19:00:00.000Z,2911,William Jewell,Great Lakes,2816,McKendree,Great Lakes,45.0,,,14.0,,,True
401673428,2024,2,2024-09-06T23:00:00.000Z,2970,William Paterson,New Jersey,2221,FDU-Florham,Mid Atlantic,9.0,,,37.0,,,False
401674670,2024,3,2024-09-14T17:00:00.000Z,2970,William Paterson,New Jersey,2175,Dickinson (PA),Centennial,0.0,,,24.0,,,True
401676255,2024,4,2024-09-21T17:00:00.000Z,2970,William Paterson,New Jersey,2700,McDaniel College,Centennial,27.0,,,14.0,,,False
401676238,2024,6,2024-10-05T17:00:00.000Z,2970,William Paterson,New Jersey,2871,Kean,New Jersey,18.0,,,25.0,,,False
401676245,2024,7,2024-10-12T17:00:00.000Z,2970,William Paterson,New Jersey,2532,Salisbury,New Jersey,0.0,,,63.0,,,True
401676276,2024,8,2024-10-19T17:00:00.000Z,2970,William Paterson,New Jersey,2667,Ursinus,Centennial,7.0,,,49.0,,,True
401676277,2024,9,2024-10-26T16:00:00.000Z,2970,William Paterson,New Jersey,2818,Montclair State,New Jersey,6.0,,,39.0,,,False
401676233,2024,10,2024-11-02T17:00:00.000Z,2970,William Paterson,New Jersey,3112,Christopher Newport,New Jersey,7.0,,,45.0,,,False
401676254,2024,11,2024-11-09T18:00:00.000Z,2970,William Paterson,New Jersey,2442,College Of New Jersey,New Jersey,14.0,,,21.0,,,True
401676278,2024,12,2024-11-16T18:00:00.000Z,2970,William Paterson,New Jersey,2827,Rowan,New Jersey,0.0,,,45.0,,,True
401676617,2024,4,2024-09-21T23:00:00.000Z,129741,William Woods,,433,Westminster College (MO),Upper Midwest,50.0,,,35.0,,,False
401676155,2024,3,2024-09-14T17:30:00.000Z,2731,Williams,NESCAC,348,Hamilton,NESCAC,42.0,,,7.0,,,True
401676184,2024,4,2024-09-21T17:00:00.000Z,2731,Williams,NESCAC,33,Colby College,NESCAC,24.0,,,19.0,,,False
401676185,2024,5,2024-09-28T17:30:00.000Z,2731,Williams,NESCAC,2977,Trinity (CT),NESCAC,14.0,,,45.0,,,False
401676186,2024,6,2024-10-05T17:00:00.000Z,2731,Williams,NESCAC,340,Bowdoin,NESCAC,34.0,,,14.0,,,True
401676187,2024,7,2024-10-12T18:00:00.000Z,2731,Williams,NESCAC,2394,Middlebury,NESCAC,29.0,,,32.0,,,False
401676151,2024,8,2024-10-19T17:00:00.000Z,2731,Williams,NESCAC,121,Bates,NESCAC,24.0,,,21.0,,,True
401676167,2024,9,2024-10-26T17:30:00.000Z,2731,Williams,NESCAC,112,Tufts,NESCAC,24.0,,,27.0,,,True
401676174,2024,10,2024-11-02T17:00:00.000Z,2731,Williams,NESCAC,336,Wesleyan University (CT),NESCAC,24.0,,,25.0,,,False
401676188,2024,11,2024-11-09T17:00:00.000Z,2731,Williams,NESCAC,7,Amherst,NESCAC,21.0,,,0.0,,,True
401675276,2024,2,2024-09-07T18:00:00.000Z,2733,Wilmington (OH),Ohio,2748,Wooster,North Coast,13.0,,,56.0,,,False
401676271,2024,3,2024-09-14T17:30:00.000Z,2733,Wilmington (OH),Ohio,188,Baldwin Wallace,Ohio,7.0,,,42.0,,,True
401676361,2024,4,2024-09-21T19:00:00.000Z,2733,Wilmington (OH),Ohio,332,Muskingum University,Ohio,13.0,,,42.0,,,True
401676366,2024,5,2024-09-28T17:30:00.000Z,2733,Wilmington (OH),Ohio,427,Ohio Northern,Ohio,3.0,,,59.0,,,False
401676356,2024,7,2024-10-12T17:30:00.000Z,2733,Wilmington (OH),Ohio,426,University of Mount Union,Ohio,19.0,,,78.0,,,False
401676372,2024,8,2024-10-19T17:30:00.000Z,2733,Wilmington (OH),Ohio,359,Otterbein,Ohio,31.0,,,21.0,,,True
401676344,2024,9,2024-10-26T17:30:00.000Z,2733,Wilmington (OH),Ohio,2302,John Carroll University,Ohio,14.0,,,66.0,,,True
401676352,2024,10,2024-11-02T17:30:00.000Z,2733,Wilmington (OH),Ohio,317,Marietta,Ohio,6.0,,,52.0,,,False
401676341,2024,11,2024-11-09T18:30:00.000Z,2733,Wilmington (OH),Ohio,191,Heidelberg,Ohio,20.0,,,30.0,,,True
401676314,2024,12,2024-11-16T18:30:00.000Z,2733,Wilmington (OH),Ohio,424,Capital,Ohio,31.0,,,50.0,,,False
401674300,2024,2,2024-09-05T22:00:00.000Z,122666,Wilson,South Atlantic,2707,West Virginia State,Mountain East,24.0,,,27.0,,,True
401675468,2024,3,2024-09-14T22:00:00.000Z,122666,Wilson,South Atlantic,2804,Chowan,Gulf South,24.0,,,20.0,,,False
401673383,2024,4,2024-09-21T17:00:00.000Z,122666,Wilson,South Atlantic,2213,Emory & Henry College,South Atlantic,0.0,,,41.0,,,False
401675756,2024,5,2024-09-28T18:00:00.000Z,122666,Wilson,South Atlantic,129469,Anderson (Sc),South Atlantic,27.0,,,13.0,,,True
401673374,2024,6,2024-10-05T17:00:00.000Z,122666,Wilson,South Atlantic,2105,Carson-Newman College,South Atlantic,17.0,,,28.0,,,False
401675757,2024,7,2024-10-12T22:00:00.000Z,122666,Wilson,South Atlantic,351,Wingate,South Atlantic,0.0,,,50.0,,,False
401675758,2024,8,2024-10-19T18:00:00.000Z,122666,Wilson,South Atlantic,2331,Lenoir-Rhyne,South Atlantic,0.0,,,20.0,,,True
401675759,2024,9,2024-10-26T20:00:00.000Z,122666,Wilson,South Atlantic,2444,Newberry,South Atlantic,25.0,,,41.0,,,False
401675760,2024,10,2024-11-02T18:00:00.000Z,122666,Wilson,South Atlantic,2107,Catawba,South Atlantic,49.0,,,35.0,,,True
401675761,2024,11,2024-11-09T17:00:00.000Z,122666,Wilson,South Atlantic,2336,Limestone,South Atlantic,26.0,,,40.0,,,False
401675762,2024,12,2024-11-16T23:00:00.000Z,122666,Wilson,South Atlantic,2842,UVA Wise,South Atlantic,21.0,,,24.0,,,True
401674289,2024,1,2024-08-31T22:00:00.000Z,351,Wingate,South Atlantic,2882,UNC Pembroke,Mountain East,17.0,,,12.0,,,False
401675477,2024,3,2024-09-14T19:00:00.000Z,351,Wingate,South Atlantic,2170,Delta State,Gulf South,21.0,,,7.0,,,True
401673372,2024,4,2024-09-21T17:00:00.000Z,351,Wingate,South Atlantic,2105,Carson-Newman College,South Atlantic,28.0,,,31.0,,,False
401676785,2024,5,2024-09-28T22:00:00.000Z,351,Wingate,South Atlantic,2369,Mars Hill,South Atlantic,0.0,,,0.0,,,True
401676795,2024,6,2024-10-05T18:00:00.000Z,351,Wingate,South Atlantic,2842,UVA Wise,South Atlantic,33.0,,,0.0,,,False
401675757,2024,7,2024-10-12T22:00:00.000Z,351,Wingate,South Atlantic,122666,Wilson,South Atlantic,50.0,,,0.0,,,True
401676783,2024,8,2024-10-19T16:00:00.000Z,351,Wingate,South Atlantic,2336,Limestone,South Atlantic,38.0,,,12.0,,,False
401675768,2024,9,2024-10-26T19:00:00.000Z,351,Wingate,South Atlantic,2107,Catawba,South Atlantic,24.0,,,15.0,,,True
401676781,2024,10,2024-11-02T17:00:00.000Z,351,Wingate,South Atlantic,2331,Lenoir-Rhyne,South Atlantic,14.0,,,10.0,,,False
401676792,2024,11,2024-11-09T18:30:00.000Z,351,Wingate,South Atlantic,2444,Newberry,South Atlantic,38.0,,,0.0,,,True
401673380,2024,12,2024-11-16T20:00:00.000Z,351,Wingate,South Atlantic,2105,Carson-Newman College,South Atlantic,28.0,,,13.0,,,True
401734581,2024,13,2024-11-23T18:00:00.000Z,351,Wingate,South Atlantic,2676,Virginia Union,CIAA,31.0,,,34.0,,,True
401658337,2024,2,2024-09-06T00:00:00.000Z,2851,Winona State,Northern Sun,129,Saginaw Valley State,GLIAC,14.0,,,38.0,,,True
401675834,2024,3,2024-09-14T23:30:00.000Z,2851,Winona State,Northern Sun,3066,Concordia University St Paul,Northern Sun,31.0,,,14.0,,,False
401675841,2024,4,2024-09-21T18:00:00.000Z,2851,Winona State,Northern Sun,2844,Wayne State (NE),Northern Sun,21.0,,,28.0,,,True
401675818,2024,5,2024-09-28T23:00:00.000Z,2851,Winona State,Northern Sun,425,Northern State,Northern Sun,24.0,,,30.0,,,False
401674332,2024,6,2024-10-05T18:00:00.000Z,2851,Winona State,Northern Sun,2817,Minnesota State Moorhead,Northern Sun,33.0,,,6.0,,,True
401675825,2024,7,2024-10-12T19:00:00.000Z,2851,Winona State,Northern Sun,559,University of Mary,Northern Sun,48.0,,,7.0,,,True
401675829,2024,8,2024-10-19T18:00:00.000Z,2851,Winona State,Northern Sun,2043,Augustana University (SD),Northern Sun,0.0,,,31.0,,,False
401674314,2024,9,2024-10-26T18:00:00.000Z,2851,Winona State,Northern Sun,132,Bemidji State,Northern Sun,31.0,,,28.0,,,True
401674326,2024,10,2024-11-02T18:00:00.000Z,2851,Winona State,Northern Sun,134,Minnesota Duluth,Northern Sun,38.0,,,42.0,,,True
401676743,2024,11,2024-11-09T17:00:00.000Z,2851,Winona State,Northern Sun,2587,Southwest Minnesota State,Northern Sun,37.0,,,15.0,,,False
401674228,2024,12,2024-11-16T19:00:00.000Z,2851,Winona State,Northern Sun,568,Minot State,Northern Sun,23.0,,,56.0,,,False
401677383,2024,1,2024-08-31T17:00:00.000Z,2736,Winston-Salem,CIAA,124180,Bluefield State,CIAA,34.0,,,3.0,,,False
401628606,2024,2,2024-09-07T23:00:00.000Z,2736,Winston-Salem,CIAA,2448,North Carolina A&T,CAA,20.0,,,27.0,,,False
401676703,2024,3,2024-09-14T22:00:00.000Z,2736,Winston-Salem,CIAA,2477,Ohio Dominican,Great Midwest Athletic,19.0,,,13.0,,,True
401675387,2024,4,2024-09-21T17:00:00.000Z,2736,Winston-Salem,CIAA,330,Virginia St,CIAA,15.0,,,14.0,,,False
401675379,2024,5,2024-09-28T17:00:00.000Z,2736,Winston-Salem,CIAA,2075,Bowie State,CIAA,28.0,,,14.0,,,True
401675407,2024,6,2024-10-05T17:00:00.000Z,2736,Winston-Salem,CIAA,2676,Virginia Union,CIAA,13.0,,,31.0,,,False
401676694,2024,7,2024-10-12T17:00:00.000Z,2736,Winston-Salem,CIAA,2551,Shaw,CIAA,34.0,,,14.0,,,True
401675808,2024,8,2024-10-19T20:00:00.000Z,2736,Winston-Salem,CIAA,2940,Livingstone,CIAA,31.0,,,17.0,,,False
401675802,2024,9,2024-10-26T17:00:00.000Z,2736,Winston-Salem,CIAA,2304,Johnson C Smith,CIAA,15.0,,,24.0,,,True
401675416,2024,11,2024-11-09T18:00:00.000Z,2736,Winston-Salem,CIAA,2220,Fayetteville State,CIAA,37.0,,,31.0,,,True
401628461,2024,1,2024-08-31T01:00:00.000Z,275,Wisconsin,Big Ten,2711,Western Michigan,Mid-American,28.0,1587.0,1593.0,14.0,1315.0,1309.0,True
401628474,2024,2,2024-09-07T19:30:00.000Z,275,Wisconsin,Big Ten,233,South Dakota,MVFC,27.0,1601.0,1601.0,13.0,,,True
401628350,2024,3,2024-09-14T16:00:00.000Z,275,Wisconsin,Big Ten,333,Alabama,SEC,10.0,1593.0,1553.0,42.0,2006.0,2046.0,True
401628502,2024,5,2024-09-28T19:30:00.000Z,275,Wisconsin,Big Ten,30,USC,Big Ten,21.0,1553.0,1536.0,38.0,1769.0,1786.0,False
401628509,2024,6,2024-10-05T16:00:00.000Z,275,Wisconsin,Big Ten,2509,Purdue,Big Ten,52.0,1536.0,1644.0,6.0,1322.0,1214.0,True
401628517,2024,7,2024-10-12T16:00:00.000Z,275,Wisconsin,Big Ten,164,Rutgers,Big Ten,42.0,1644.0,1729.0,7.0,1521.0,1436.0,False
401628522,2024,8,2024-10-19T16:00:00.000Z,275,Wisconsin,Big Ten,77,Northwestern,Big Ten,23.0,1729.0,1755.0,3.0,1569.0,1543.0,False
401628531,2024,9,2024-10-26T23:30:00.000Z,275,Wisconsin,Big Ten,213,Penn State,Big Ten,13.0,1755.0,1734.0,28.0,1897.0,1918.0,True
401628535,2024,10,2024-11-02T23:30:00.000Z,275,Wisconsin,Big Ten,2294,Iowa,Big Ten,10.0,1734.0,1641.0,42.0,1693.0,1786.0,False
401628551,2024,12,2024-11-17T00:30:00.000Z,275,Wisconsin,Big Ten,2483,Oregon,Big Ten,13.0,1641.0,1659.0,16.0,2047.0,2029.0,True
401628560,2024,13,2024-11-23T20:30:00.000Z,275,Wisconsin,Big Ten,158,Nebraska,Big Ten,25.0,1659.0,1594.0,44.0,1459.0,1524.0,False
401628568,2024,14,2024-11-29T17:00:00.000Z,275,Wisconsin,Big Ten,135,Minnesota,Big Ten,7.0,1594.0,1554.0,24.0,1606.0,1646.0,True
401674964,2024,2,2024-09-07T18:00:00.000Z,2738,Wisconsin-Eau Claire,Wisconsin,2152,Concordia Moorhead,Minnesota,21.0,,,10.0,,,False
401675898,2024,3,2024-09-14T18:00:00.000Z,2738,Wisconsin-Eau Claire,Wisconsin,2141,Coe College,American Rivers,41.0,,,43.0,,,True
401674950,2024,4,2024-09-21T18:00:00.000Z,2738,Wisconsin-Eau Claire,Wisconsin,2802,Bethel (MN),Minnesota,30.0,,,51.0,,,False
401675988,2024,6,2024-10-05T18:00:00.000Z,2738,Wisconsin-Eau Claire,Wisconsin,2723,Wisconsin-River Falls,Wisconsin,14.0,,,71.0,,,False
401675955,2024,7,2024-10-12T18:00:00.000Z,2738,Wisconsin-Eau Claire,Wisconsin,2743,Wisconsin-Stevens Pt,Wisconsin,41.0,,,0.0,,,True
401675985,2024,8,2024-10-19T16:30:00.000Z,2738,Wisconsin-Eau Claire,Wisconsin,2740,Wisconsin-Lacrosse,Wisconsin,7.0,,,34.0,,,True
401675950,2024,9,2024-10-26T18:00:00.000Z,2738,Wisconsin-Eau Claire,Wisconsin,2744,Wisconsin-Stout,Wisconsin,24.0,,,42.0,,,False
401675983,2024,10,2024-11-02T18:00:00.000Z,2738,Wisconsin-Eau Claire,Wisconsin,271,Wisconsin-Oshkosh,Wisconsin,31.0,,,42.0,,,True
401675980,2024,11,2024-11-09T19:00:00.000Z,2738,Wisconsin-Eau Claire,Wisconsin,272,Wisconsin-Platteville,Wisconsin,14.0,,,56.0,,,False
401675945,2024,12,2024-11-16T19:00:00.000Z,2738,Wisconsin-Eau Claire,Wisconsin,2745,Wisconsin-Whitewater,Wisconsin,7.0,,,48.0,,,True
401674846,2024,2,2024-09-05T21:00:00.000Z,2740,Wisconsin-Lacrosse,Wisconsin,2528,Rensselaer,Liberty League,35.0,,,0.0,,,False
401674573,2024,3,2024-09-14T18:00:00.000Z,2740,Wisconsin-Lacrosse,Wisconsin,128,Northern Michigan,GLIAC,35.0,,,21.0,,,True
401674559,2024,4,2024-09-21T23:00:00.000Z,2740,Wisconsin-Lacrosse,Wisconsin,125,Grand Valley State University,GLIAC,13.0,,,20.0,,,False
401675977,2024,6,2024-10-05T18:00:00.000Z,2740,Wisconsin-Lacrosse,Wisconsin,272,Wisconsin-Platteville,Wisconsin,27.0,,,30.0,,,True
401675982,2024,7,2024-10-12T18:00:00.000Z,2740,Wisconsin-Lacrosse,Wisconsin,271,Wisconsin-Oshkosh,Wisconsin,33.0,,,34.0,,,False
401675985,2024,8,2024-10-19T16:30:00.000Z,2740,Wisconsin-Lacrosse,Wisconsin,2738,Wisconsin-Eau Claire,Wisconsin,34.0,,,7.0,,,False
401675986,2024,9,2024-10-26T18:00:00.000Z,2740,Wisconsin-Lacrosse,Wisconsin,2723,Wisconsin-River Falls,Wisconsin,28.0,,,24.0,,,True
401675951,2024,10,2024-11-02T17:00:00.000Z,2740,Wisconsin-Lacrosse,Wisconsin,2744,Wisconsin-Stout,Wisconsin,33.0,,,31.0,,,False
401675944,2024,11,2024-11-09T18:00:00.000Z,2740,Wisconsin-Lacrosse,Wisconsin,2745,Wisconsin-Whitewater,Wisconsin,24.0,,,21.0,,,True
401675959,2024,12,2024-11-16T19:00:00.000Z,2740,Wisconsin-Lacrosse,Wisconsin,2743,Wisconsin-Stevens Pt,Wisconsin,56.0,,,14.0,,,True
401734569,2024,13,2024-11-23T18:00:00.000Z,2740,Wisconsin-Lacrosse,Wisconsin,583,Northwestern (MN),Upper Midwest,59.0,,,14.0,,,True
401734988,2024,14,2024-11-30T18:00:00.000Z,2740,Wisconsin-Lacrosse,Wisconsin,2600,Saint John's (MN),Minnesota,13.0,,,24.0,,,False
401675013,2024,2,2024-09-07T18:00:00.000Z,2741,Wisconsin-Lutheran,NACC,262,Lake Forest College,Midwest,7.0,,,21.0,,,False
401674583,2024,3,2024-09-14T18:00:00.000Z,2741,Wisconsin-Lutheran,NACC,63,Buena Vista,American Rivers,44.0,,,13.0,,,True
401676081,2024,4,2024-09-21T23:00:00.000Z,2741,Wisconsin-Lutheran,NACC,101,Eureka College,NACC,38.0,,,6.0,,,True
401676068,2024,5,2024-09-28T23:00:00.000Z,2741,Wisconsin-Lutheran,NACC,6353,Lakeland,NACC,33.0,,,31.0,,,False
401675991,2024,6,2024-10-05T18:00:00.000Z,2741,Wisconsin-Lutheran,NACC,2044,Aurora,NACC,14.0,,,45.0,,,True
401676033,2024,8,2024-10-19T18:00:00.000Z,2741,Wisconsin-Lutheran,NACC,2283,Benedictine University,NACC,10.0,,,7.0,,,False
401676040,2024,9,2024-10-26T17:00:00.000Z,2741,Wisconsin-Lutheran,NACC,2151,Concordia University Chicago,NACC,49.0,,,14.0,,,False
401676072,2024,10,2024-11-02T18:00:00.000Z,2741,Wisconsin-Lutheran,NACC,2832,St. Norbert,NACC,7.0,,,55.0,,,True
401675034,2024,11,2024-11-09T18:00:00.000Z,2741,Wisconsin-Lutheran,NACC,2524,Rockford,NACC,49.0,,,48.0,,,False
401676082,2024,12,2024-11-16T19:00:00.000Z,2741,Wisconsin-Lutheran,NACC,409,Concordia-Wisconsin,NACC,27.0,,,17.0,,,True
401674745,2024,2,2024-09-07T18:00:00.000Z,271,Wisconsin-Oshkosh,Wisconsin,396,Wheaton,CCIW,21.0,,,14.0,,,True
401675981,2024,3,2024-09-14T18:30:00.000Z,271,Wisconsin-Oshkosh,Wisconsin,203,Linfield College,Northwest,28.0,,,21.0,,,True
401674567,2024,4,2024-09-21T17:00:00.000Z,271,Wisconsin-Oshkosh,Wisconsin,2392,Michigan Tech,GLIAC,7.0,,,44.0,,,True
401675939,2024,6,2024-10-05T18:00:00.000Z,271,Wisconsin-Oshkosh,Wisconsin,2745,Wisconsin-Whitewater,Wisconsin,14.0,,,21.0,,,False
401675982,2024,7,2024-10-12T18:00:00.000Z,271,Wisconsin-Oshkosh,Wisconsin,2740,Wisconsin-Lacrosse,Wisconsin,34.0,,,33.0,,,True
401675979,2024,8,2024-10-19T18:30:00.000Z,271,Wisconsin-Oshkosh,Wisconsin,272,Wisconsin-Platteville,Wisconsin,24.0,,,17.0,,,True
401675956,2024,9,2024-10-26T18:00:00.000Z,271,Wisconsin-Oshkosh,Wisconsin,2743,Wisconsin-Stevens Pt,Wisconsin,42.0,,,7.0,,,False
401675983,2024,10,2024-11-02T18:00:00.000Z,271,Wisconsin-Oshkosh,Wisconsin,2738,Wisconsin-Eau Claire,Wisconsin,42.0,,,31.0,,,False
401675952,2024,11,2024-11-09T20:00:00.000Z,271,Wisconsin-Oshkosh,Wisconsin,2744,Wisconsin-Stout,Wisconsin,42.0,,,45.0,,,True
401675984,2024,12,2024-11-16T19:00:00.000Z,271,Wisconsin-Oshkosh,Wisconsin,2723,Wisconsin-River Falls,Wisconsin,14.0,,,28.0,,,False
401675976,2024,2,2024-09-07T18:00:00.000Z,272,Wisconsin-Platteville,Wisconsin,6353,Lakeland,NACC,65.0,,,0.0,,,True
401674602,2024,3,2024-09-15T00:00:00.000Z,272,Wisconsin-Platteville,Wisconsin,49,Dubuque,American Rivers,38.0,,,7.0,,,True
401675295,2024,4,2024-09-21T18:00:00.000Z,272,Wisconsin-Platteville,Wisconsin,89,Wabash College,North Coast,42.0,,,21.0,,,True
401675977,2024,6,2024-10-05T18:00:00.000Z,272,Wisconsin-Platteville,Wisconsin,2740,Wisconsin-Lacrosse,Wisconsin,30.0,,,27.0,,,False
401675978,2024,7,2024-10-12T18:00:00.000Z,272,Wisconsin-Platteville,Wisconsin,2723,Wisconsin-River Falls,Wisconsin,28.0,,,7.0,,,True
401675979,2024,8,2024-10-19T18:30:00.000Z,272,Wisconsin-Platteville,Wisconsin,271,Wisconsin-Oshkosh,Wisconsin,17.0,,,24.0,,,False
401675942,2024,9,2024-10-26T18:00:00.000Z,272,Wisconsin-Platteville,Wisconsin,2745,Wisconsin-Whitewater,Wisconsin,17.0,,,10.0,,,True
401675957,2024,10,2024-11-02T18:00:00.000Z,272,Wisconsin-Platteville,Wisconsin,2743,Wisconsin-Stevens Pt,Wisconsin,42.0,,,14.0,,,False
401675980,2024,11,2024-11-09T19:00:00.000Z,272,Wisconsin-Platteville,Wisconsin,2738,Wisconsin-Eau Claire,Wisconsin,56.0,,,14.0,,,True
401675953,2024,12,2024-11-16T19:00:00.000Z,272,Wisconsin-Platteville,Wisconsin,2744,Wisconsin-Stout,Wisconsin,46.0,,,38.0,,,False
401734574,2024,14,2024-11-30T18:00:00.000Z,272,Wisconsin-Platteville,Wisconsin,2685,Wartburg,American Rivers,14.0,,,19.0,,,False
401674924,2024,2,2024-09-07T16:00:00.000Z,2723,Wisconsin-River Falls,Wisconsin,2800,Alma,Michigan,41.0,,,35.0,,,False
401676140,2024,4,2024-09-21T18:00:00.000Z,2723,Wisconsin-River Falls,Wisconsin,2257,Greenville,Upper Midwest,66.0,,,7.0,,,True
401676936,2024,5,2024-09-28T16:00:00.000Z,2723,Wisconsin-River Falls,Wisconsin,2419,Mount St. Joseph,Heartland,68.0,,,9.0,,,False
401675988,2024,6,2024-10-05T18:00:00.000Z,2723,Wisconsin-River Falls,Wisconsin,2738,Wisconsin-Eau Claire,Wisconsin,71.0,,,14.0,,,True
401675978,2024,7,2024-10-12T18:00:00.000Z,2723,Wisconsin-River Falls,Wisconsin,272,Wisconsin-Platteville,Wisconsin,7.0,,,28.0,,,False
401675949,2024,8,2024-10-19T18:00:00.000Z,2723,Wisconsin-River Falls,Wisconsin,2744,Wisconsin-Stout,Wisconsin,40.0,,,37.0,,,True
401675986,2024,9,2024-10-26T18:00:00.000Z,2723,Wisconsin-River Falls,Wisconsin,2740,Wisconsin-Lacrosse,Wisconsin,24.0,,,28.0,,,False
401675943,2024,10,2024-11-02T18:00:00.000Z,2723,Wisconsin-River Falls,Wisconsin,2745,Wisconsin-Whitewater,Wisconsin,7.0,,,13.0,,,False
401675958,2024,11,2024-11-09T18:00:00.000Z,2723,Wisconsin-River Falls,Wisconsin,2743,Wisconsin-Stevens Pt,Wisconsin,45.0,,,17.0,,,True
401675984,2024,12,2024-11-16T19:00:00.000Z,2723,Wisconsin-River Falls,Wisconsin,271,Wisconsin-Oshkosh,Wisconsin,28.0,,,14.0,,,True
401674917,2024,2,2024-09-07T17:00:00.000Z,2743,Wisconsin-Stevens Pt,Wisconsin,2790,Albion,Michigan,23.0,,,31.0,,,False
401675954,2024,3,2024-09-14T18:00:00.000Z,2743,Wisconsin-Stevens Pt,Wisconsin,2832,St. Norbert,NACC,24.0,,,3.0,,,False
401674972,2024,4,2024-09-21T18:00:00.000Z,2743,Wisconsin-Stevens Pt,Wisconsin,2968,Gustavus Adolphus,Minnesota,10.0,,,31.0,,,True
401675948,2024,6,2024-10-05T18:00:00.000Z,2743,Wisconsin-Stevens Pt,Wisconsin,2744,Wisconsin-Stout,Wisconsin,15.0,,,22.0,,,True
401675955,2024,7,2024-10-12T18:00:00.000Z,2743,Wisconsin-Stevens Pt,Wisconsin,2738,Wisconsin-Eau Claire,Wisconsin,0.0,,,41.0,,,False
401675941,2024,8,2024-10-18T23:00:00.000Z,2743,Wisconsin-Stevens Pt,Wisconsin,2745,Wisconsin-Whitewater,Wisconsin,0.0,,,66.0,,,False
401675956,2024,9,2024-10-26T18:00:00.000Z,2743,Wisconsin-Stevens Pt,Wisconsin,271,Wisconsin-Oshkosh,Wisconsin,7.0,,,42.0,,,True
401675957,2024,10,2024-11-02T18:00:00.000Z,2743,Wisconsin-Stevens Pt,Wisconsin,272,Wisconsin-Platteville,Wisconsin,14.0,,,42.0,,,True
401675958,2024,11,2024-11-09T18:00:00.000Z,2743,Wisconsin-Stevens Pt,Wisconsin,2723,Wisconsin-River Falls,Wisconsin,17.0,,,45.0,,,False
401675959,2024,12,2024-11-16T19:00:00.000Z,2743,Wisconsin-Stevens Pt,Wisconsin,2740,Wisconsin-Lacrosse,Wisconsin,14.0,,,56.0,,,False
401673956,2024,2,2024-09-05T23:00:00.000Z,2744,Wisconsin-Stout,Wisconsin,32,Carroll University (WI),CCIW,16.0,,,28.0,,,True
401675946,2024,3,2024-09-14T19:00:00.000Z,2744,Wisconsin-Stout,Wisconsin,316,Dickinson State University,,22.0,,,20.0,,,False
401675947,2024,4,2024-09-21T23:00:00.000Z,2744,Wisconsin-Stout,Wisconsin,583,Northwestern (MN),Upper Midwest,56.0,,,19.0,,,True
401675948,2024,6,2024-10-05T18:00:00.000Z,2744,Wisconsin-Stout,Wisconsin,2743,Wisconsin-Stevens Pt,Wisconsin,22.0,,,15.0,,,False
401675940,2024,7,2024-10-12T19:00:00.000Z,2744,Wisconsin-Stout,Wisconsin,2745,Wisconsin-Whitewater,Wisconsin,29.0,,,27.0,,,True
401675949,2024,8,2024-10-19T18:00:00.000Z,2744,Wisconsin-Stout,Wisconsin,2723,Wisconsin-River Falls,Wisconsin,37.0,,,40.0,,,False
401675950,2024,9,2024-10-26T18:00:00.000Z,2744,Wisconsin-Stout,Wisconsin,2738,Wisconsin-Eau Claire,Wisconsin,42.0,,,24.0,,,True
401675951,2024,10,2024-11-02T17:00:00.000Z,2744,Wisconsin-Stout,Wisconsin,2740,Wisconsin-Lacrosse,Wisconsin,31.0,,,33.0,,,True
401675952,2024,11,2024-11-09T20:00:00.000Z,2744,Wisconsin-Stout,Wisconsin,271,Wisconsin-Oshkosh,Wisconsin,45.0,,,42.0,,,False
401675953,2024,12,2024-11-16T19:00:00.000Z,2744,Wisconsin-Stout,Wisconsin,272,Wisconsin-Platteville,Wisconsin,38.0,,,46.0,,,True
401675936,2024,2,2024-09-07T17:00:00.000Z,2745,Wisconsin-Whitewater,Wisconsin,2302,John Carroll University,Ohio,34.0,,,7.0,,,True
401675937,2024,3,2024-09-14T18:00:00.000Z,2745,Wisconsin-Whitewater,Wisconsin,127991,Roosevelt,GLIAC,24.0,,,14.0,,,False
401675938,2024,4,2024-09-21T18:00:00.000Z,2745,Wisconsin-Whitewater,Wisconsin,2371,Mary Hardin-Baylor,American Southwest,17.0,,,35.0,,,True
401675939,2024,6,2024-10-05T18:00:00.000Z,2745,Wisconsin-Whitewater,Wisconsin,271,Wisconsin-Oshkosh,Wisconsin,21.0,,,14.0,,,True
401675940,2024,7,2024-10-12T19:00:00.000Z,2745,Wisconsin-Whitewater,Wisconsin,2744,Wisconsin-Stout,Wisconsin,27.0,,,29.0,,,False
401675941,2024,8,2024-10-18T23:00:00.000Z,2745,Wisconsin-Whitewater,Wisconsin,2743,Wisconsin-Stevens Pt,Wisconsin,66.0,,,0.0,,,True
401675942,2024,9,2024-10-26T18:00:00.000Z,2745,Wisconsin-Whitewater,Wisconsin,272,Wisconsin-Platteville,Wisconsin,10.0,,,17.0,,,False
401675943,2024,10,2024-11-02T18:00:00.000Z,2745,Wisconsin-Whitewater,Wisconsin,2723,Wisconsin-River Falls,Wisconsin,13.0,,,7.0,,,True
401675944,2024,11,2024-11-09T18:00:00.000Z,2745,Wisconsin-Whitewater,Wisconsin,2740,Wisconsin-Lacrosse,Wisconsin,21.0,,,24.0,,,False
401675945,2024,12,2024-11-16T19:00:00.000Z,2745,Wisconsin-Whitewater,Wisconsin,2738,Wisconsin-Eau Claire,Wisconsin,48.0,,,7.0,,,False
401675285,2024,2,2024-09-07T16:00:00.000Z,2746,Wittenberg,North Coast,188,Baldwin Wallace,Ohio,14.0,,,24.0,,,False
401675286,2024,4,2024-09-21T19:00:00.000Z,2746,Wittenberg,North Coast,2274,Hiram College,North Coast,0.0,,,0.0,,,False
401674648,2024,5,2024-09-28T17:00:00.000Z,2746,Wittenberg,North Coast,2758,Howard Payne,American Southwest,36.0,,,29.0,,,True
401675287,2024,6,2024-10-05T18:00:00.000Z,2746,Wittenberg,North Coast,2171,Denison University,North Coast,20.0,,,30.0,,,True
401675288,2024,7,2024-10-12T23:00:00.000Z,2746,Wittenberg,North Coast,2980,Ohio Wesleyan,North Coast,17.0,,,6.0,,,True
401675289,2024,8,2024-10-19T17:00:00.000Z,2746,Wittenberg,North Coast,352,Kenyon,North Coast,27.0,,,7.0,,,False
401675290,2024,9,2024-10-26T17:00:00.000Z,2746,Wittenberg,North Coast,83,Depauw,North Coast,10.0,,,44.0,,,False
401675291,2024,10,2024-11-02T19:00:00.000Z,2746,Wittenberg,North Coast,391,Oberlin,North Coast,77.0,,,0.0,,,True
401675292,2024,11,2024-11-09T18:00:00.000Z,2746,Wittenberg,North Coast,89,Wabash College,North Coast,28.0,,,31.0,,,True
401675284,2024,12,2024-11-16T18:00:00.000Z,2746,Wittenberg,North Coast,2748,Wooster,North Coast,48.0,,,27.0,,,False
401634152,2024,1,2024-08-29T23:00:00.000Z,2747,Wofford,Southern,2241,Gardner-Webb,Big South-OVC,21.0,,,20.0,,,False
401628599,2024,2,2024-09-07T19:30:00.000Z,2747,Wofford,Southern,257,Richmond,CAA,26.0,,,19.0,,,False
401628611,2024,3,2024-09-14T22:00:00.000Z,2747,Wofford,Southern,2729,William & Mary,CAA,21.0,,,28.0,,,True
401634146,2024,5,2024-09-28T19:00:00.000Z,2747,Wofford,Southern,2382,Mercer,Southern,3.0,,,22.0,,,True
401634153,2024,6,2024-10-05T18:30:00.000Z,2747,Wofford,Southern,2717,Western Carolina,Southern,17.0,,,21.0,,,False
401634154,2024,7,2024-10-12T17:30:00.000Z,2747,Wofford,Southern,2678,VMI,Southern,31.0,,,16.0,,,True
401632464,2024,8,2024-10-19T17:30:00.000Z,2747,Wofford,Southern,236,Chattanooga,Southern,5.0,,,37.0,,,False
401634138,2024,9,2024-10-26T18:00:00.000Z,2747,Wofford,Southern,2193,East Tennessee State,Southern,7.0,,,24.0,,,True
401634155,2024,10,2024-11-02T19:00:00.000Z,2747,Wofford,Southern,2535,Samford,Southern,17.0,,,13.0,,,False
401634156,2024,11,2024-11-09T19:00:00.000Z,2747,Wofford,Southern,231,Furman,Southern,19.0,,,13.0,,,False
401634157,2024,12,2024-11-16T18:30:00.000Z,2747,Wofford,Southern,2643,The Citadel,Southern,17.0,,,30.0,,,True
401628434,2024,13,2024-11-23T21:00:00.000Z,2747,Wofford,Southern,2579,South Carolina,SEC,12.0,,,56.0,1827.0,1827.0,False
401675276,2024,2,2024-09-07T18:00:00.000Z,2748,Wooster,North Coast,2733,Wilmington (OH),Ohio,56.0,,,13.0,,,True
401674936,2024,3,2024-09-14T17:00:00.000Z,2748,Wooster,North Coast,354,Olivet College,Michigan,23.0,,,27.0,,,False
401675277,2024,4,2024-09-21T17:00:00.000Z,2748,Wooster,North Coast,83,Depauw,North Coast,14.0,,,51.0,,,False
401675278,2024,5,2024-09-28T17:00:00.000Z,2748,Wooster,North Coast,352,Kenyon,North Coast,26.0,,,32.0,,,False
401675279,2024,6,2024-10-05T17:00:00.000Z,2748,Wooster,North Coast,89,Wabash College,North Coast,19.0,,,55.0,,,True
401675280,2024,7,2024-10-12T23:00:00.000Z,2748,Wooster,North Coast,2171,Denison University,North Coast,30.0,,,48.0,,,True
401675281,2024,8,2024-10-19T23:00:00.000Z,2748,Wooster,North Coast,2980,Ohio Wesleyan,North Coast,22.0,,,34.0,,,True
401675282,2024,9,2024-10-26T16:00:00.000Z,2748,Wooster,North Coast,391,Oberlin,North Coast,46.0,,,21.0,,,False
401675283,2024,10,2024-11-02T16:00:00.000Z,2748,Wooster,North Coast,2274,Hiram College,North Coast,30.0,,,20.0,,,False
401675284,2024,12,2024-11-16T18:00:00.000Z,2748,Wooster,North Coast,2746,Wittenberg,North Coast,27.0,,,48.0,,,True
401674903,2024,2,2024-09-06T23:00:00.000Z,2749,Worcester Polytechnic Institute,NEWMAC,402,Worcester St,MSCAC,14.0,,,9.0,,,False
401676771,2024,3,2024-09-13T23:00:00.000Z,2749,Worcester Polytechnic Institute,NEWMAC,111675,Biddeford,Commonwealth Coast,31.0,,,13.0,,,True
401674848,2024,4,2024-09-20T23:00:00.000Z,2749,Worcester Polytechnic Institute,NEWMAC,2528,Rensselaer,Liberty League,7.0,,,51.0,,,False
401676218,2024,5,2024-09-28T16:00:00.000Z,2749,Worcester Polytechnic Institute,NEWMAC,2467,Norwich,NEWMAC,14.0,,,0.0,,,True
401676226,2024,6,2024-10-05T16:00:00.000Z,2749,Worcester Polytechnic Institute,NEWMAC,81,Springfield,NEWMAC,7.0,,,51.0,,,False
401682328,2024,8,2024-10-19T18:00:00.000Z,2749,Worcester Polytechnic Institute,NEWMAC,2951,SUNY Maritime,NEWMAC,35.0,,,42.0,,,False
401676195,2024,9,2024-10-26T18:30:00.000Z,2749,Worcester Polytechnic Institute,NEWMAC,2383,Merchant Marine Academy,NEWMAC,35.0,,,24.0,,,True
401682363,2024,10,2024-11-02T16:00:00.000Z,2749,Worcester Polytechnic Institute,NEWMAC,2557,Coast Guard,NEWMAC,38.0,,,14.0,,,False
401677500,2024,11,2024-11-09T17:00:00.000Z,2749,Worcester Polytechnic Institute,NEWMAC,2776,Salve Regina,NEWMAC,14.0,,,21.0,,,False
401677497,2024,12,2024-11-16T17:00:00.000Z,2749,Worcester Polytechnic Institute,NEWMAC,109,MIT,NEWMAC,34.0,,,12.0,,,True
401674903,2024,2,2024-09-06T23:00:00.000Z,402,Worcester St,MSCAC,2749,Worcester Polytechnic Institute,NEWMAC,9.0,,,14.0,,,True
401674904,2024,3,2024-09-14T16:00:00.000Z,402,Worcester St,MSCAC,2972,Plymouth State,MSCAC,27.0,,,21.0,,,True
401674888,2024,4,2024-09-21T16:00:00.000Z,402,Worcester St,MSCAC,114,Fitchburg State,MSCAC,20.0,,,14.0,,,False
401674905,2024,5,2024-09-28T18:30:00.000Z,402,Worcester St,MSCAC,2909,Westfield State,MSCAC,27.0,,,35.0,,,True
401674906,2024,6,2024-10-05T20:00:00.000Z,402,Worcester St,MSCAC,18,Bridgewater State,MSCAC,7.0,,,42.0,,,False
401674907,2024,8,2024-10-19T16:00:00.000Z,402,Worcester St,MSCAC,379,UMass Dartmouth,MSCAC,7.0,,,58.0,,,True
401674908,2024,9,2024-10-26T20:00:00.000Z,402,Worcester St,MSCAC,2843,Western Connecticut St,MSCAC,7.0,,,61.0,,,False
401674883,2024,10,2024-11-02T18:30:00.000Z,402,Worcester St,MSCAC,293,Castleton,MSCAC,31.0,,,6.0,,,False
401674901,2024,11,2024-11-09T17:00:00.000Z,402,Worcester St,MSCAC,110,Mass Maritime,MSCAC,7.0,,,34.0,,,True
401674909,2024,12,2024-11-16T17:00:00.000Z,402,Worcester St,MSCAC,2967,Framingham State,MSCAC,20.0,,,30.0,,,False
401636609,2024,1,2024-09-01T02:30:00.000Z,2751,Wyoming,Mountain West,9,Arizona State,Big 12,7.0,1496.0,1354.0,48.0,1355.0,1497.0,False
401643710,2024,2,2024-09-07T19:30:00.000Z,2751,Wyoming,Mountain West,70,Idaho,Big Sky,13.0,1369.0,1369.0,17.0,,,True
401636871,2024,3,2024-09-15T01:00:00.000Z,2751,Wyoming,Mountain West,252,BYU,Big 12,14.0,1354.0,1312.0,34.0,1430.0,1472.0,True
401643716,2024,4,2024-09-21T23:00:00.000Z,2751,Wyoming,Mountain West,249,North Texas,American Athletic,17.0,1312.0,1245.0,44.0,1336.0,1403.0,False
401643718,2024,5,2024-09-29T00:00:00.000Z,2751,Wyoming,Mountain West,2005,Air Force,Mountain West,31.0,1245.0,1286.0,19.0,1459.0,1418.0,True
401643732,2024,7,2024-10-12T19:30:00.000Z,2751,Wyoming,Mountain West,21,San Diego State,Mountain West,24.0,1286.0,1285.0,27.0,1343.0,1344.0,True
401643738,2024,8,2024-10-19T20:00:00.000Z,2751,Wyoming,Mountain West,23,San José State,Mountain West,14.0,1285.0,1287.0,24.0,1563.0,1561.0,False
401643745,2024,9,2024-10-26T23:00:00.000Z,2751,Wyoming,Mountain West,328,Utah State,Mountain West,25.0,1287.0,1278.0,27.0,1170.0,1179.0,True
401643750,2024,10,2024-11-02T20:00:00.000Z,2751,Wyoming,Mountain West,167,New Mexico,Mountain West,49.0,1278.0,1283.0,45.0,1255.0,1250.0,False
401643759,2024,12,2024-11-16T01:00:00.000Z,2751,Wyoming,Mountain West,36,Colorado State,Mountain West,10.0,1283.0,1260.0,24.0,1343.0,1366.0,False
401643764,2024,13,2024-11-24T00:00:00.000Z,2751,Wyoming,Mountain West,68,Boise State,Mountain West,13.0,1260.0,1283.0,17.0,1770.0,1747.0,True
401643773,2024,14,2024-11-30T23:30:00.000Z,2751,Wyoming,Mountain West,265,Washington State,Pac-12,15.0,1283.0,1301.0,14.0,1596.0,1578.0,False
401654636,2024,4,2024-09-21T18:00:00.000Z,43,Yale,Ivy,107,Holy Cross,Patriot,38.0,,,31.0,,,False
401654506,2024,5,2024-09-28T18:00:00.000Z,43,Yale,Ivy,172,Cornell,Ivy,23.0,,,47.0,,,False
401654575,2024,6,2024-10-05T16:00:00.000Z,43,Yale,Ivy,2115,Central Connecticut,NEC,23.0,,,22.0,,,True
401654473,2024,7,2024-10-12T16:00:00.000Z,43,Yale,Ivy,159,Dartmouth,Ivy,43.0,,,44.0,,,True
401654618,2024,8,2024-10-19T16:00:00.000Z,43,Yale,Ivy,2329,Lehigh,Patriot,38.0,,,23.0,,,True
401673036,2024,9,2024-10-25T23:00:00.000Z,43,Yale,Ivy,219,Pennsylvania,Ivy,31.0,,,10.0,,,False
401654493,2024,10,2024-11-01T23:00:00.000Z,43,Yale,Ivy,171,Columbia,Ivy,10.0,,,13.0,,,False
401654460,2024,11,2024-11-09T17:00:00.000Z,43,Yale,Ivy,225,Brown,Ivy,56.0,,,34.0,,,True
401654468,2024,12,2024-11-16T17:00:00.000Z,43,Yale,Ivy,163,Princeton,Ivy,42.0,,,28.0,,,True
401644605,2024,13,2024-11-23T17:00:00.000Z,43,Yale,Ivy,108,Harvard,Ivy,34.0,,,29.0,,,False
401628580,2024,1,2024-08-29T22:00:00.000Z,2754,Youngstown State,MVFC,222,Villanova,CAA,17.0,,,24.0,,,False
401634245,2024,2,2024-09-07T18:00:00.000Z,2754,Youngstown State,MVFC,2674,Valparaiso,Pioneer,59.0,,,25.0,,,True
401634246,2024,3,2024-09-14T18:00:00.000Z,2754,Youngstown State,MVFC,2184,Duquesne,NEC,25.0,,,28.0,,,True
401634247,2024,4,2024-09-21T19:30:00.000Z,2754,Youngstown State,MVFC,221,Pittsburgh,ACC,17.0,,,73.0,1488.0,1488.0,False
401634184,2024,5,2024-09-28T19:00:00.000Z,2754,Youngstown State,MVFC,2623,Missouri State,MVFC,31.0,,,38.0,,,False
401634173,2024,6,2024-10-05T18:00:00.000Z,2754,Youngstown State,MVFC,282,Indiana State,MVFC,21.0,,,14.0,,,True
401634217,2024,7,2024-10-12T19:00:00.000Z,2754,Youngstown State,MVFC,2571,South Dakota State,MVFC,13.0,,,63.0,,,False
401634248,2024,8,2024-10-19T22:00:00.000Z,2754,Youngstown State,MVFC,233,South Dakota,MVFC,17.0,,,27.0,,,True
401634203,2024,9,2024-10-26T22:00:00.000Z,2754,Youngstown State,MVFC,155,North Dakota,MVFC,41.0,,,40.0,,,True
401634165,2024,10,2024-11-02T19:00:00.000Z,2754,Youngstown State,MVFC,2287,Illinois State,MVFC,16.0,,,23.0,,,False
401634244,2024,11,2024-11-09T18:00:00.000Z,2754,Youngstown State,MVFC,79,Southern Illinois,MVFC,33.0,,,37.0,,,False
401634249,2024,12,2024-11-16T17:00:00.000Z,2754,Youngstown State,MVFC,2460,Northern Iowa,MVFC,39.0,,,38.0,,,True
