,Unnamed: 0,id,teamId,team,conference,homeAway,points,completionAttempts,defensiveTDs,firstDowns,fourthDownEff,fumblesLost,fumblesRecovered,interceptionTDs,interceptionYards,interceptions,kickReturnTDs,kickReturnYards,kickReturns,kickingPoints,netPassingYards,passesDeflected,passesIntercepted,passingTDs,possessionTime,puntReturnTDs,puntReturnYards,puntReturns,qbHurries,rushingAttempts,rushingTDs,rushingYards,sacks,tackles,tacklesForLoss,thirdDownEff,totalFumbles,totalPenaltiesYards,totalYards,turnovers,yardsPerPass,yardsPerRushAttempt,yardsToGoal_x,year,talent,completionAttempts_made,completionAttempts_attempts,completionAttempts_pct,fourthDownEff_made,fourthDownEff_attempts,fourthDownEff_pct,thirdDownEff_made,thirdDownEff_attempts,thirdDownEff_pct,totalPenaltiesYards_made,totalPenaltiesYards_attempts,totalPenaltiesYards_pct,win,possesionMinute,possessionSeconds,possessionMinutes,yardsToGoal_y,season_x,seasonType_x,week_x,startDate_x,homeTeam_x,homeConference_x,homeClassification_x,homeScore_x,awayTeam_x,awayConference_x,awayClassification_x,awayScore_x,provider_x,spread_x,formattedSpread_x,spreadOpen_x,overUnder_x,overUnderOpen_x,homeMoneyline_x,awayMoneyline_x,0_x,season_y,seasonType_y,week_y,startDate_y,homeTeam_y,homeConference_y,homeClassification_y,homeScore_y,awayTeam_y,awayConference_y,awayClassification_y,awayScore_y,provider_y,spread_y,formattedSpread_y,spreadOpen_y,overUnder_y,overUnderOpen_y,homeMoneyline_y,awayMoneyline_y,0_y
0,0,401752665,52,Florida State,ACC,,31,9-14,0.0,20,2-2,1,0.0,,,0,0.0,15.0,1.0,7.0,152,5.0,,0,30:22,0.0,3.0,1.0,5.0,49,4,230,3.0,29.0,7.0,5-12,2.0,4-40,382,1,10.9,4.7,54.69047619047619,2025.0,828.45,9.0,14.0,0.6428571428571429,2.0,2.0,1.0,5.0,12.0,0.4166666666666667,4.0,40.0,0.1,1,30.0,22,30,54.69047619047619,2025.0,regular,1.0,2025-08-30T19:30:00.000Z,Florida State,ACC,fbs,31.0,Alabama,SEC,fbs,17.0,ESPN Bet,13.5,Alabama -13.5,13.5,46.5,50.5,450.0,-700.0,,2025.0,regular,1.0,2025-08-30T19:30:00.000Z,Florida State,ACC,fbs,31.0,Alabama,SEC,fbs,17.0,ESPN Bet,13.5,Alabama -13.5,13.5,46.5,50.5,450.0,-700.0,
1,1,401752665,333,Alabama,SEC,,17,23-43,0.0,18,2-5,0,1.0,,,0,,,,5.0,254,0.0,,2,29:38,,,,2.0,29,0,87,1.0,32.0,3.0,6-17,1.0,8-70,341,0,5.9,3.0,47.641304347826086,2025.0,993.55,23.0,43.0,0.5348837209302325,2.0,5.0,0.4,6.0,17.0,0.35294117647058826,8.0,70.0,0.11428571428571428,0,29.0,38,29,47.641304347826086,2025.0,regular,1.0,2025-08-30T19:30:00.000Z,Florida State,ACC,fbs,31.0,Alabama,SEC,fbs,17.0,ESPN Bet,13.5,Alabama -13.5,13.5,46.5,50.5,450.0,-700.0,,2025.0,regular,1.0,2025-08-30T19:30:00.000Z,Florida State,ACC,fbs,31.0,Alabama,SEC,fbs,17.0,ESPN Bet,13.5,Alabama -13.5,13.5,46.5,50.5,450.0,-700.0,
2,2,401752666,8,Arkansas,SEC,,52,26-36,0.0,29,0-0,0,2.0,,,0,0.0,53.0,2.0,10.0,358,5.0,,7,33:39,0.0,28.0,5.0,10.0,40,0,194,2.0,34.0,6.0,9-14,1.0,3-20,552,0,9.9,4.9,49.67619047619048,2025.0,772.64,26.0,36.0,0.7222222222222222,0.0,0.0,0.0,9.0,14.0,0.6428571428571429,3.0,20.0,0.15,1,33.0,39,33,49.67619047619048,2025.0,regular,1.0,2025-08-30T20:15:00.000Z,Arkansas,SEC,fbs,52.0,Alabama A&M,SWAC,fcs,7.0,ESPN Bet,-45.5,Arkansas -45.5,-46.5,62.5,62.5,,,,2025.0,regular,1.0,2025-08-30T20:15:00.000Z,Arkansas,SEC,fbs,52.0,Alabama A&M,SWAC,fcs,7.0,ESPN Bet,-45.5,Arkansas -45.5,-46.5,62.5,62.5,,,
3,3,401752666,2010,Alabama A&M,SWAC,,7,15-29,0.0,12,0-0,2,0.0,,,0,0.0,53.0,3.0,1.0,166,2.0,,0,26:21,0.0,5.0,1.0,3.0,26,1,69,2.0,37.0,5.0,1-12,1.0,7-42,235,2,5.7,2.7,65.56470588235294,,,15.0,29.0,0.5172413793103449,0.0,0.0,0.0,1.0,12.0,0.08333333333333333,7.0,42.0,0.16666666666666666,0,26.0,21,26,65.56470588235294,2025.0,regular,1.0,2025-08-30T20:15:00.000Z,Arkansas,SEC,fbs,52.0,Alabama A&M,SWAC,fcs,7.0,ESPN Bet,-45.5,Arkansas -45.5,-46.5,62.5,62.5,,,,2025.0,regular,1.0,2025-08-30T20:15:00.000Z,Arkansas,SEC,fbs,52.0,Alabama A&M,SWAC,fcs,7.0,ESPN Bet,-45.5,Arkansas -45.5,-46.5,62.5,62.5,,,
4,4,401752667,2,Auburn,SEC,,38,11-17,1.0,25,1-1,0,0.0,,,0,1.0,98.0,1.0,8.0,108,3.0,,0,33:18,,,,3.0,52,4,307,4.0,39.0,5.0,5-10,1.0,9-83,415,0,6.4,5.9,54.61290322580645,2025.0,891.84,11.0,17.0,0.6470588235294118,1.0,1.0,1.0,5.0,10.0,0.5,9.0,83.0,0.10843373493975904,1,33.0,18,33,54.61290322580645,2025.0,regular,1.0,2025-08-30T00:00:00.000Z,Baylor,Big 12,fbs,24.0,Auburn,SEC,fbs,38.0,ESPN Bet,-1.5,Baylor -1.5,1.0,56.5,57.5,-105.0,-115.0,,2025.0,regular,1.0,2025-08-30T00:00:00.000Z,Baylor,Big 12,fbs,24.0,Auburn,SEC,fbs,38.0,ESPN Bet,-1.5,Baylor -1.5,1.0,56.5,57.5,-105.0,-115.0,
5,5,401752667,239,Baylor,Big 12,,24,27-48,0.0,23,3-6,0,,,,0,0.0,53.0,2.0,6.0,419,3.0,,3,26:42,,,,1.0,24,0,64,1.0,41.0,1.0,5-15,,6-55,483,0,8.7,2.7,49.351063829787236,2025.0,726.3,27.0,48.0,0.5625,3.0,6.0,0.5,5.0,15.0,0.3333333333333333,6.0,55.0,0.10909090909090909,0,26.0,42,26,49.351063829787236,2025.0,regular,1.0,2025-08-30T00:00:00.000Z,Baylor,Big 12,fbs,24.0,Auburn,SEC,fbs,38.0,ESPN Bet,-1.5,Baylor -1.5,1.0,56.5,57.5,-105.0,-115.0,,2025.0,regular,1.0,2025-08-30T00:00:00.000Z,Baylor,Big 12,fbs,24.0,Auburn,SEC,fbs,38.0,ESPN Bet,-1.5,Baylor -1.5,1.0,56.5,57.5,-105.0,-115.0,
6,6,401752668,57,Florida,SEC,,55,27-36,1.0,28,0-0,0,2.0,,,0,0.0,25.0,1.0,13.0,251,2.0,,5,34:27,0.0,45.0,3.0,2.0,38,1,200,0.0,25.0,7.0,7-13,2.0,0-0,451,0,7.0,5.3,40.47422680412371,2025.0,898.58,27.0,36.0,0.75,0.0,0.0,0.0,7.0,13.0,0.5384615384615384,0.0,0.0,0.0,1,34.0,27,34,40.47422680412371,2025.0,regular,1.0,2025-08-30T23:00:00.000Z,Florida,SEC,fbs,55.0,Long Island University,NEC,fcs,0.0,ESPN Bet,-46.5,Florida -46.5,-45.5,56.5,56.5,,,,2025.0,regular,1.0,2025-08-30T23:00:00.000Z,Florida,SEC,fbs,55.0,Long Island University,NEC,fcs,0.0,ESPN Bet,-46.5,Florida -46.5,-45.5,56.5,56.5,,,
7,7,401752668,2341,Long Island University,NEC,,0,4-11,0.0,2,0-1,2,0.0,,,0,,,,,49,1.0,,0,25:33,,,,1.0,32,0,37,1.0,43.0,9.0,1-12,2.0,12-100,86,2,4.5,1.2,70.4375,,,4.0,11.0,0.36363636363636365,0.0,1.0,0.0,1.0,12.0,0.08333333333333333,12.0,100.0,0.12,0,25.0,33,25,70.4375,2025.0,regular,1.0,2025-08-30T23:00:00.000Z,Florida,SEC,fbs,55.0,Long Island University,NEC,fcs,0.0,ESPN Bet,-46.5,Florida -46.5,-45.5,56.5,56.5,,,,2025.0,regular,1.0,2025-08-30T23:00:00.000Z,Florida,SEC,fbs,55.0,Long Island University,NEC,fcs,0.0,ESPN Bet,-46.5,Florida -46.5,-45.5,56.5,56.5,,,
8,8,401752669,61,Georgia,SEC,,45,19-32,0.0,27,3-3,0,,,,0,,,,9.0,249,1.0,,3,34:29,0.0,26.0,4.0,0.0,44,3,239,0.0,40.0,5.5,6-16,,2-15,488,0,7.8,5.4,50.642857142857146,2025.0,1002.98,19.0,32.0,0.59375,3.0,3.0,1.0,6.0,16.0,0.375,2.0,15.0,0.13333333333333333,1,34.0,29,34,50.642857142857146,2025.0,regular,1.0,2025-08-30T19:30:00.000Z,Georgia,SEC,fbs,45.0,Marshall,Sun Belt,fbs,7.0,ESPN Bet,-38.5,Georgia -38.5,-39.5,51.5,55.5,,,,2025.0,regular,1.0,2025-08-30T19:30:00.000Z,Georgia,SEC,fbs,45.0,Marshall,Sun Belt,fbs,7.0,ESPN Bet,-38.5,Georgia -38.5,-39.5,51.5,55.5,,,
9,9,401752669,276,Marshall,Sun Belt,,7,11-21,0.0,7,0-0,0,,,,0,0.0,52.0,3.0,1.0,129,5.0,,0,25:31,0.0,14.0,2.0,0.0,31,1,78,0.0,56.0,3.0,3-15,,6-42,207,0,6.1,2.5,71.34666666666666,2025.0,590.64,11.0,21.0,0.5238095238095238,0.0,0.0,0.0,3.0,15.0,0.2,6.0,42.0,0.14285714285714285,0,25.0,31,25,71.34666666666666,2025.0,regular,1.0,2025-08-30T19:30:00.000Z,Georgia,SEC,fbs,45.0,Marshall,Sun Belt,fbs,7.0,ESPN Bet,-38.5,Georgia -38.5,-39.5,51.5,55.5,,,,2025.0,regular,1.0,2025-08-30T19:30:00.000Z,Georgia,SEC,fbs,45.0,Marshall,Sun Belt,fbs,7.0,ESPN Bet,-38.5,Georgia -38.5,-39.5,51.5,55.5,,,
10,10,401752670,96,Kentucky,SEC,,24,10-23,0.0,17,0-0,1,0.0,0.0,0.0,1,0.0,43.0,2.0,6.0,85,0.0,1.0,0,31:41,0.0,-3.0,2.0,5.0,43,3,220,3.0,35.0,6.0,8-15,2.0,3-30,305,2,3.7,5.1,47.842696629213485,2025.0,763.18,10.0,23.0,0.43478260869565216,0.0,0.0,0.0,8.0,15.0,0.5333333333333333,3.0,30.0,0.1,1,31.0,41,31,47.842696629213485,2025.0,regular,1.0,2025-08-30T16:45:00.000Z,Kentucky,SEC,fbs,24.0,Toledo,Mid-American,fbs,16.0,ESPN Bet,-9.5,Kentucky -9.5,-9.5,48.5,48.5,-360.0,280.0,,2025.0,regular,1.0,2025-08-30T16:45:00.000Z,Kentucky,SEC,fbs,24.0,Toledo,Mid-American,fbs,16.0,ESPN Bet,-9.5,Kentucky -9.5,-9.5,48.5,48.5,-360.0,280.0,
11,11,401752670,2649,Toledo,Mid-American,,16,23-40,0.0,17,1-4,0,1.0,0.0,0.0,1,0.0,45.0,2.0,2.0,270,3.0,1.0,1,28:19,0.0,2.0,2.0,4.0,29,1,59,0.0,35.0,4.0,7-17,2.0,11-93,329,1,6.8,2.0,58.29545454545455,2025.0,620.13,23.0,40.0,0.575,1.0,4.0,0.25,7.0,17.0,0.4117647058823529,11.0,93.0,0.11827956989247312,0,28.0,19,28,58.29545454545455,2025.0,regular,1.0,2025-08-30T16:45:00.000Z,Kentucky,SEC,fbs,24.0,Toledo,Mid-American,fbs,16.0,ESPN Bet,-9.5,Kentucky -9.5,-9.5,48.5,48.5,-360.0,280.0,,2025.0,regular,1.0,2025-08-30T16:45:00.000Z,Kentucky,SEC,fbs,24.0,Toledo,Mid-American,fbs,16.0,ESPN Bet,-9.5,Kentucky -9.5,-9.5,48.5,48.5,-360.0,280.0,
12,12,401752671,99,LSU,SEC,,17,29-39,0.0,25,0-1,2,0.0,0.0,0.0,0,,,,5.0,248,6.0,1.0,1,37:10,0.0,18.0,1.0,5.0,31,1,108,2.0,31.0,4.0,4-11,2.0,6-45,354,2,6.4,3.5,49.265957446808514,2025.0,920.05,29.0,39.0,0.7435897435897436,0.0,1.0,0.0,4.0,11.0,0.36363636363636365,6.0,45.0,0.13333333333333333,1,37.0,10,37,49.265957446808514,2025.0,regular,1.0,2025-08-30T23:30:00.000Z,Clemson,ACC,fbs,10.0,LSU,SEC,fbs,17.0,ESPN Bet,-5.5,Clemson -5.5,-3.5,55.5,57.5,-200.0,170.0,,2025.0,regular,1.0,2025-08-30T23:30:00.000Z,Clemson,ACC,fbs,10.0,LSU,SEC,fbs,17.0,ESPN Bet,-5.5,Clemson -5.5,-3.5,55.5,57.5,-200.0,170.0,
13,13,401752671,228,Clemson,ACC,,10,19-38,0.0,13,2-4,0,2.0,,,1,,,,4.0,230,5.0,,0,22:50,0.0,16.0,1.0,2.0,20,1,31,1.0,38.0,8.0,3-13,0.0,6-57,261,1,6.1,1.6,52.0945945945946,2025.0,918.43,19.0,38.0,0.5,2.0,4.0,0.5,3.0,13.0,0.23076923076923078,6.0,57.0,0.10526315789473684,0,22.0,50,22,52.0945945945946,2025.0,regular,1.0,2025-08-30T23:30:00.000Z,Clemson,ACC,fbs,10.0,LSU,SEC,fbs,17.0,ESPN Bet,-5.5,Clemson -5.5,-3.5,55.5,57.5,-200.0,170.0,,2025.0,regular,1.0,2025-08-30T23:30:00.000Z,Clemson,ACC,fbs,10.0,LSU,SEC,fbs,17.0,ESPN Bet,-5.5,Clemson -5.5,-3.5,55.5,57.5,-200.0,170.0,
14,14,401752672,145,Ole Miss,SEC,,63,24-37,0.0,33,1-1,0,0.0,0.0,1.0,2,,,,13.0,400,5.0,1.0,4,28:36,0.0,67.0,5.0,6.0,44,4,295,1.0,30.0,5.0,8-13,1.0,8-51,695,2,10.8,6.7,43.405660377358494,2025.0,813.11,24.0,37.0,0.6486486486486487,1.0,1.0,1.0,8.0,13.0,0.6153846153846154,8.0,51.0,0.1568627450980392,1,28.0,36,28,43.405660377358494,2025.0,regular,1.0,2025-08-30T23:45:00.000Z,Ole Miss,SEC,fbs,63.0,Georgia State,Sun Belt,fbs,7.0,ESPN Bet,-33.5,Ole Miss -33.5,-38.5,61.5,62.5,-50000.0,3500.0,,2025.0,regular,1.0,2025-08-30T23:45:00.000Z,Ole Miss,SEC,fbs,63.0,Georgia State,Sun Belt,fbs,7.0,ESPN Bet,-33.5,Ole Miss -33.5,-38.5,61.5,62.5,-50000.0,3500.0,
15,15,401752672,2247,Georgia State,Sun Belt,,7,12-25,0.0,10,2-4,0,,0.0,25.0,1,0.0,39.0,2.0,1.0,69,4.0,2.0,1,31:24,,,,4.0,35,0,191,2.0,46.0,6.0,2-15,,8-60,260,1,2.8,5.5,57.734177215189874,2025.0,611.97,12.0,25.0,0.48,2.0,4.0,0.5,2.0,15.0,0.13333333333333333,8.0,60.0,0.13333333333333333,0,31.0,24,31,57.734177215189874,2025.0,regular,1.0,2025-08-30T23:45:00.000Z,Ole Miss,SEC,fbs,63.0,Georgia State,Sun Belt,fbs,7.0,ESPN Bet,-33.5,Ole Miss -33.5,-38.5,61.5,62.5,-50000.0,3500.0,,2025.0,regular,1.0,2025-08-30T23:45:00.000Z,Ole Miss,SEC,fbs,63.0,Georgia State,Sun Belt,fbs,7.0,ESPN Bet,-33.5,Ole Miss -33.5,-38.5,61.5,62.5,-50000.0,3500.0,
16,16,401752673,344,Mississippi State,SEC,,34,27-37,0.0,23,0-0,0,0.0,0.0,0.0,1,,,,10.0,277,7.0,1.0,1,30:21,0.0,0.0,3.0,0.0,42,3,188,1.0,17.0,3.0,11-17,1.0,14-119,465,1,7.5,4.5,51.13913043478261,2025.0,770.48,27.0,37.0,0.7297297297297297,0.0,0.0,0.0,11.0,17.0,0.6470588235294118,14.0,119.0,0.11764705882352941,1,30.0,21,30,51.13913043478261,2025.0,regular,1.0,2025-08-30T16:00:00.000Z,Southern Miss,Sun Belt,fbs,17.0,Mississippi State,SEC,fbs,34.0,ESPN Bet,15.5,Mississippi State -15.5,12.5,59.5,59.5,450.0,-700.0,,2025.0,regular,1.0,2025-08-30T16:00:00.000Z,Southern Miss,Sun Belt,fbs,17.0,Mississippi State,SEC,fbs,34.0,ESPN Bet,15.5,Mississippi State -15.5,12.5,59.5,59.5,450.0,-700.0,
17,17,401752673,2572,Southern Miss,Sun Belt,,17,26-39,0.0,18,1-3,0,,0.0,0.0,1,0.0,32.0,1.0,5.0,199,6.0,1.0,2,29:39,,,,0.0,35,0,102,1.0,25.0,4.0,10-19,,8-60,301,1,5.1,2.9,53.62135922330097,2025.0,602.53,26.0,39.0,0.6666666666666666,1.0,3.0,0.3333333333333333,10.0,19.0,0.5263157894736842,8.0,60.0,0.13333333333333333,0,29.0,39,29,53.62135922330097,2025.0,regular,1.0,2025-08-30T16:00:00.000Z,Southern Miss,Sun Belt,fbs,17.0,Mississippi State,SEC,fbs,34.0,ESPN Bet,15.5,Mississippi State -15.5,12.5,59.5,59.5,450.0,-700.0,,2025.0,regular,1.0,2025-08-30T16:00:00.000Z,Southern Miss,Sun Belt,fbs,17.0,Mississippi State,SEC,fbs,34.0,ESPN Bet,15.5,Mississippi State -15.5,12.5,59.5,59.5,450.0,-700.0,
18,18,401752674,142,Missouri,SEC,,61,26-31,1.0,25,1-1,0,1.0,1.0,83.0,0,0.0,18.0,1.0,13.0,341,4.0,1.0,3,30:09,0.0,50.0,2.0,1.0,38,4,219,2.0,35.0,7.0,9-13,1.0,8-70,560,0,11.0,5.8,50.95744680851064,2025.0,804.77,26.0,31.0,0.8387096774193549,1.0,1.0,1.0,9.0,13.0,0.6923076923076923,8.0,70.0,0.11428571428571428,1,30.0,9,30,50.95744680851064,2025.0,regular,1.0,2025-08-28T23:30:00.000Z,Missouri,SEC,fbs,61.0,Central Arkansas,UAC,fcs,6.0,ESPN Bet,-39.5,Missouri -39.5,-40.5,53.5,52.5,,,,2025.0,regular,1.0,2025-08-28T23:30:00.000Z,Missouri,SEC,fbs,61.0,Central Arkansas,UAC,fcs,6.0,ESPN Bet,-39.5,Missouri -39.5,-40.5,53.5,52.5,,,
19,19,401752674,2110,Central Arkansas,UAC,,6,13-23,0.0,15,1-1,1,0.0,,,1,0.0,111.0,7.0,,73,1.0,,1,29:51,,,,1.0,39,0,154,1.0,32.0,2.0,2-13,1.0,5-60,227,2,3.2,3.9,58.19753086419753,,,13.0,23.0,0.5652173913043478,1.0,1.0,1.0,2.0,13.0,0.15384615384615385,5.0,60.0,0.08333333333333333,0,29.0,51,29,58.19753086419753,2025.0,regular,1.0,2025-08-28T23:30:00.000Z,Missouri,SEC,fbs,61.0,Central Arkansas,UAC,fcs,6.0,ESPN Bet,-39.5,Missouri -39.5,-40.5,53.5,52.5,,,,2025.0,regular,1.0,2025-08-28T23:30:00.000Z,Missouri,SEC,fbs,61.0,Central Arkansas,UAC,fcs,6.0,ESPN Bet,-39.5,Missouri -39.5,-40.5,53.5,52.5,,,
20,20,401752675,201,Oklahoma,SEC,,35,30-37,0.0,24,2-3,1,0.0,,,1,0.0,15.0,1.0,5.0,392,5.0,,3,32:56,,,,3.0,32,2,103,2.0,23.0,5.0,4-10,1.0,6-35,495,2,10.6,3.2,54.423529411764704,2025.0,882.59,30.0,37.0,0.8108108108108109,2.0,3.0,0.6666666666666666,4.0,10.0,0.4,6.0,35.0,0.17142857142857143,1,32.0,56,32,54.423529411764704,2025.0,regular,1.0,2025-08-30T22:00:00.000Z,Oklahoma,SEC,fbs,35.0,Illinois State,MVFC,fcs,3.0,ESPN Bet,-38.5,Oklahoma -38.5,-35.5,60.5,60.5,-20000.0,3000.0,,2025.0,regular,1.0,2025-08-30T22:00:00.000Z,Oklahoma,SEC,fbs,35.0,Illinois State,MVFC,fcs,3.0,ESPN Bet,-38.5,Oklahoma -38.5,-35.5,60.5,60.5,-20000.0,3000.0,
21,21,401752675,2287,Illinois State,MVFC,,3,10-20,0.0,8,0-0,0,1.0,0.0,0.0,0,0.0,12.0,1.0,3.0,34,0.0,1.0,0,27:04,0.0,6.0,1.0,2.0,26,0,117,1.0,31.0,4.0,1-11,0.0,2-10,151,0,1.7,4.5,59.953125,,,10.0,20.0,0.5,0.0,0.0,0.0,1.0,11.0,0.09090909090909091,2.0,10.0,0.2,0,27.0,4,27,59.953125,2025.0,regular,1.0,2025-08-30T22:00:00.000Z,Oklahoma,SEC,fbs,35.0,Illinois State,MVFC,fcs,3.0,ESPN Bet,-38.5,Oklahoma -38.5,-35.5,60.5,60.5,-20000.0,3000.0,,2025.0,regular,1.0,2025-08-30T22:00:00.000Z,Oklahoma,SEC,fbs,35.0,Illinois State,MVFC,fcs,3.0,ESPN Bet,-38.5,Oklahoma -38.5,-35.5,60.5,60.5,-20000.0,3000.0,
22,22,401752676,183,Syracuse,ACC,,26,23-40,0.0,24,3-4,1,1.0,,,1,,,,2.0,274,4.0,,1,34:31,,,,0.0,44,3,103,0.0,44.0,3.0,5-14,2.0,4-30,377,2,6.9,2.3,47.10377358490566,2025.0,727.83,23.0,40.0,0.575,3.0,4.0,0.75,5.0,14.0,0.35714285714285715,4.0,30.0,0.13333333333333333,0,34.0,31,34,47.10377358490566,2025.0,regular,1.0,2025-08-30T16:00:00.000Z,Tennessee,SEC,fbs,45.0,Syracuse,ACC,fbs,26.0,ESPN Bet,-13.5,Tennessee -13.5,-14.0,51.5,53.5,-600.0,400.0,,2025.0,regular,1.0,2025-08-30T16:00:00.000Z,Tennessee,SEC,fbs,45.0,Syracuse,ACC,fbs,26.0,ESPN Bet,-13.5,Tennessee -13.5,-14.0,51.5,53.5,-600.0,400.0,
23,23,401752676,2633,Tennessee,SEC,,45,16-28,0.0,22,0-0,1,1.0,0.0,0.0,0,0.0,24.0,1.0,9.0,247,10.0,1.0,3,25:29,0.0,2.0,1.0,0.0,40,2,246,5.0,48.0,7.0,7-12,1.0,7-65,493,1,8.8,6.2,46.36363636363637,2025.0,866.57,16.0,28.0,0.5714285714285714,0.0,0.0,0.0,7.0,12.0,0.5833333333333334,7.0,65.0,0.1076923076923077,1,25.0,29,25,46.36363636363637,2025.0,regular,1.0,2025-08-30T16:00:00.000Z,Tennessee,SEC,fbs,45.0,Syracuse,ACC,fbs,26.0,ESPN Bet,-13.5,Tennessee -13.5,-14.0,51.5,53.5,-600.0,400.0,,2025.0,regular,1.0,2025-08-30T16:00:00.000Z,Tennessee,SEC,fbs,45.0,Syracuse,ACC,fbs,26.0,ESPN Bet,-13.5,Tennessee -13.5,-14.0,51.5,53.5,-600.0,400.0,
24,24,401752677,194,Ohio State,Big Ten,,14,13-20,0.0,11,1-2,0,,0.0,5.0,0,,,,2.0,126,1.0,1.0,1,32:05,,,,0.0,34,1,77,1.0,28.0,1.0,3-12,,2-15,203,0,6.3,2.3,65.03896103896103,2025.0,973.69,13.0,20.0,0.65,1.0,2.0,0.5,3.0,12.0,0.25,2.0,15.0,0.13333333333333333,1,32.0,5,32,65.03896103896103,2025.0,regular,1.0,2025-08-30T16:00:00.000Z,Ohio State,Big Ten,fbs,14.0,Texas,SEC,fbs,7.0,ESPN Bet,-1.5,Ohio State -1.5,-2.5,46.5,48.5,-125.0,105.0,,2025.0,regular,1.0,2025-08-30T16:00:00.000Z,Ohio State,Big Ten,fbs,14.0,Texas,SEC,fbs,7.0,ESPN Bet,-1.5,Ohio State -1.5,-2.5,46.5,48.5,-125.0,105.0,
25,25,401752677,251,Texas,SEC,,7,17-30,0.0,16,1-5,0,,,,1,0.0,15.0,1.0,1.0,170,2.0,,1,27:55,0.0,3.0,1.0,2.0,37,0,166,0.0,21.0,1.0,5-14,,6-50,336,1,5.7,4.5,48.2962962962963,2025.0,973.54,17.0,30.0,0.5666666666666667,1.0,5.0,0.2,5.0,14.0,0.35714285714285715,6.0,50.0,0.12,0,27.0,55,27,48.2962962962963,2025.0,regular,1.0,2025-08-30T16:00:00.000Z,Ohio State,Big Ten,fbs,14.0,Texas,SEC,fbs,7.0,ESPN Bet,-1.5,Ohio State -1.5,-2.5,46.5,48.5,-125.0,105.0,,2025.0,regular,1.0,2025-08-30T16:00:00.000Z,Ohio State,Big Ten,fbs,14.0,Texas,SEC,fbs,7.0,ESPN Bet,-1.5,Ohio State -1.5,-2.5,46.5,48.5,-125.0,105.0,
26,26,401752678,245,Texas A&M,SEC,,42,23-36,1.0,17,1-1,0,,,,0,0.0,67.0,2.0,6.0,291,3.0,,4,26:19,1.0,142.0,5.0,2.0,22,1,110,1.0,35.0,9.0,3-11,,7-50,401,0,8.1,5.0,53.39325842696629,2025.0,917.29,23.0,36.0,0.6388888888888888,1.0,1.0,1.0,3.0,11.0,0.2727272727272727,7.0,50.0,0.14,1,26.0,19,26,53.39325842696629,2025.0,regular,1.0,2025-08-30T23:00:00.000Z,Texas A&M,SEC,fbs,42.0,UTSA,American Athletic,fbs,24.0,ESPN Bet,-23.5,Texas A&M -23.5,-21.5,59.5,,-2500.0,1100.0,,2025.0,regular,1.0,2025-08-30T23:00:00.000Z,Texas A&M,SEC,fbs,42.0,UTSA,American Athletic,fbs,24.0,ESPN Bet,-23.5,Texas A&M -23.5,-21.5,59.5,,-2500.0,1100.0,
27,27,401752678,2636,UTSA,American Athletic,,24,21-34,0.0,17,1-1,0,0.0,,,0,0.0,20.0,1.0,6.0,170,2.0,,1,33:41,0.0,9.0,1.0,2.0,33,2,203,0.0,31.0,2.0,5-16,2.0,4-34,373,0,5.0,6.2,61.0,2025.0,662.09,21.0,34.0,0.6176470588235294,1.0,1.0,1.0,5.0,16.0,0.3125,4.0,34.0,0.11764705882352941,0,33.0,41,33,61.0,2025.0,regular,1.0,2025-08-30T23:00:00.000Z,Texas A&M,SEC,fbs,42.0,UTSA,American Athletic,fbs,24.0,ESPN Bet,-23.5,Texas A&M -23.5,-21.5,59.5,,-2500.0,1100.0,,2025.0,regular,1.0,2025-08-30T23:00:00.000Z,Texas A&M,SEC,fbs,42.0,UTSA,American Athletic,fbs,24.0,ESPN Bet,-23.5,Texas A&M -23.5,-21.5,59.5,,-2500.0,1100.0,
28,28,401752679,238,Vanderbilt,SEC,,45,21-28,0.0,25,0-0,0,1.0,0.0,0.0,0,0.0,29.0,1.0,9.0,280,3.0,1.0,3,32:09,0.0,11.0,1.0,3.0,31,3,201,3.0,28.0,6.0,6-9,1.0,7-60,481,0,10.0,6.5,46.43181818181818,2025.0,685.42,21.0,28.0,0.75,0.0,0.0,0.0,6.0,9.0,0.6666666666666666,7.0,60.0,0.11666666666666667,1,32.0,9,32,46.43181818181818,2025.0,regular,1.0,2025-08-30T23:00:00.000Z,Vanderbilt,SEC,fbs,45.0,Charleston Southern,Big South-OVC,fcs,3.0,ESPN Bet,-38.5,Vanderbilt -38.5,-36.0,50.5,48.5,,,,2025.0,regular,1.0,2025-08-30T23:00:00.000Z,Vanderbilt,SEC,fbs,45.0,Charleston Southern,Big South-OVC,fcs,3.0,ESPN Bet,-38.5,Vanderbilt -38.5,-36.0,50.5,48.5,,,
29,29,401752679,2127,Charleston Southern,Big South-OVC,,3,10-19,0.0,7,1-1,1,0.0,,,1,0.0,15.0,1.0,3.0,88,1.0,,0,27:51,,,,2.0,27,0,47,1.0,26.0,2.0,3-13,1.0,5-54,135,2,4.6,1.7,64.64179104477611,,,10.0,19.0,0.5263157894736842,1.0,1.0,1.0,3.0,13.0,0.23076923076923078,5.0,54.0,0.09259259259259259,0,27.0,51,27,64.64179104477611,2025.0,regular,1.0,2025-08-30T23:00:00.000Z,Vanderbilt,SEC,fbs,45.0,Charleston Southern,Big South-OVC,fcs,3.0,ESPN Bet,-38.5,Vanderbilt -38.5,-36.0,50.5,48.5,,,,2025.0,regular,1.0,2025-08-30T23:00:00.000Z,Vanderbilt,SEC,fbs,45.0,Charleston Southern,Big South-OVC,fcs,3.0,ESPN Bet,-38.5,Vanderbilt -38.5,-36.0,50.5,48.5,,,
30,30,401752680,259,Virginia Tech,ACC,,11,15-35,0.0,19,0-1,0,,,,2,0.0,62.0,4.0,9.0,221,1.0,,0,34:17,0.0,5.0,2.0,0.0,37,0,115,4.0,32.0,7.0,8-18,,4-40,336,2,6.3,3.1,59.08080808080808,2025.0,712.19,15.0,35.0,0.42857142857142855,0.0,1.0,0.0,8.0,18.0,0.4444444444444444,4.0,40.0,0.1,0,34.0,17,34,59.08080808080808,2025.0,regular,1.0,2025-08-31T19:00:00.000Z,South Carolina,SEC,fbs,24.0,Virginia Tech,ACC,fbs,11.0,ESPN Bet,-7.5,South Carolina -7.5,-8.0,51.5,47.5,-260.0,215.0,,2025.0,regular,1.0,2025-08-31T19:00:00.000Z,South Carolina,SEC,fbs,24.0,Virginia Tech,ACC,fbs,11.0,ESPN Bet,-7.5,South Carolina -7.5,-8.0,51.5,47.5,-260.0,215.0,
31,31,401752680,2579,South Carolina,SEC,,24,12-19,1.0,16,1-1,0,0.0,0.0,25.0,0,,,,6.0,209,3.0,2.0,1,25:43,1.0,80.0,3.0,0.0,34,1,125,2.0,41.0,4.0,4-12,2.0,8-51,334,0,11.0,3.7,55.14473684210526,2025.0,833.26,12.0,19.0,0.631578947368421,1.0,1.0,1.0,4.0,12.0,0.3333333333333333,8.0,51.0,0.1568627450980392,1,25.0,43,25,55.14473684210526,2025.0,regular,1.0,2025-08-31T19:00:00.000Z,South Carolina,SEC,fbs,24.0,Virginia Tech,ACC,fbs,11.0,ESPN Bet,-7.5,South Carolina -7.5,-8.0,51.5,47.5,-260.0,215.0,,2025.0,regular,1.0,2025-08-31T19:00:00.000Z,South Carolina,SEC,fbs,24.0,Virginia Tech,ACC,fbs,11.0,ESPN Bet,-7.5,South Carolina -7.5,-8.0,51.5,47.5,-260.0,215.0,
32,32,401752793,135,Minnesota,Big Ten,,23,19-35,0.0,27,1-2,0,1.0,,,1,0.0,8.0,1.0,11.0,290,4.0,,2,38:28,0.0,18.0,1.0,1.0,44,0,153,2.0,22.0,7.0,9-16,0.0,2-10,443,1,8.3,3.5,41.0,2025.0,711.04,19.0,35.0,0.5428571428571428,1.0,2.0,0.5,9.0,16.0,0.5625,2.0,10.0,0.2,1,38.0,28,38,41.0,2025.0,regular,1.0,2025-08-29T00:00:00.000Z,Minnesota,Big Ten,fbs,23.0,Buffalo,Mid-American,fbs,10.0,ESPN Bet,-16.5,Minnesota -16.5,-17.0,41.5,45.5,-900.0,550.0,,2025.0,regular,1.0,2025-08-29T00:00:00.000Z,Minnesota,Big Ten,fbs,23.0,Buffalo,Mid-American,fbs,10.0,ESPN Bet,-16.5,Minnesota -16.5,-17.0,41.5,45.5,-900.0,550.0,
33,33,401752793,2084,Buffalo,Mid-American,,10,12-20,0.0,8,1-1,1,0.0,0.0,54.0,0,0.0,18.0,1.0,4.0,107,4.0,1.0,1,21:32,0.0,0.0,1.0,2.0,24,0,44,2.0,27.0,3.0,1-11,1.0,4-45,151,1,5.4,1.8,65.37704918032787,2025.0,513.33,12.0,20.0,0.6,1.0,1.0,1.0,1.0,11.0,0.09090909090909091,4.0,45.0,0.08888888888888889,0,21.0,32,21,65.37704918032787,2025.0,regular,1.0,2025-08-29T00:00:00.000Z,Minnesota,Big Ten,fbs,23.0,Buffalo,Mid-American,fbs,10.0,ESPN Bet,-16.5,Minnesota -16.5,-17.0,41.5,45.5,-900.0,550.0,,2025.0,regular,1.0,2025-08-29T00:00:00.000Z,Minnesota,Big Ten,fbs,23.0,Buffalo,Mid-American,fbs,10.0,ESPN Bet,-16.5,Minnesota -16.5,-17.0,41.5,45.5,-900.0,550.0,
34,34,401752794,164,Rutgers,Big Ten,,34,18-23,1.0,24,5-5,0,,,,0,0.0,41.0,2.0,10.0,252,3.0,,2,31:45,1.0,23.0,2.0,4.0,37,1,147,0.0,26.0,4.0,1-10,,5-35,399,0,11.0,4.0,41.795918367346935,2025.0,689.22,18.0,23.0,0.782608695652174,5.0,5.0,1.0,1.0,10.0,0.1,5.0,35.0,0.14285714285714285,1,31.0,45,31,41.795918367346935,2025.0,regular,1.0,2025-08-28T22:00:00.000Z,Rutgers,Big Ten,fbs,34.0,Ohio,Mid-American,fbs,31.0,ESPN Bet,-15.5,Rutgers -15.5,-11.5,53.5,46.5,-750.0,475.0,,2025.0,regular,1.0,2025-08-28T22:00:00.000Z,Rutgers,Big Ten,fbs,34.0,Ohio,Mid-American,fbs,31.0,ESPN Bet,-15.5,Rutgers -15.5,-11.5,53.5,46.5,-750.0,475.0,
35,35,401752794,195,Ohio,Mid-American,,31,21-31,0.0,24,1-1,0,,,,0,0.0,30.0,3.0,7.0,239,1.0,,3,28:15,,,,2.0,31,1,201,1.0,30.0,5.0,5-10,,6-37,440,0,7.7,6.5,51.68269230769231,2025.0,469.99,21.0,31.0,0.6774193548387096,1.0,1.0,1.0,5.0,10.0,0.5,6.0,37.0,0.16216216216216217,0,28.0,15,28,51.68269230769231,2025.0,regular,1.0,2025-08-28T22:00:00.000Z,Rutgers,Big Ten,fbs,34.0,Ohio,Mid-American,fbs,31.0,ESPN Bet,-15.5,Rutgers -15.5,-11.5,53.5,46.5,-750.0,475.0,,2025.0,regular,1.0,2025-08-28T22:00:00.000Z,Rutgers,Big Ten,fbs,34.0,Ohio,Mid-American,fbs,31.0,ESPN Bet,-15.5,Rutgers -15.5,-11.5,53.5,46.5,-750.0,475.0,
36,36,401752795,356,Illinois,Big Ten,,52,18-22,1.0,21,2-2,0,1.0,,,0,,,,10.0,231,2.0,,3,32:42,1.0,133.0,4.0,4.0,37,3,209,4.0,34.0,8.0,4-9,0.0,5-60,440,0,10.5,5.6,37.109756097560975,2025.0,662.13,18.0,22.0,0.8181818181818182,2.0,2.0,1.0,4.0,9.0,0.4444444444444444,5.0,60.0,0.08333333333333333,1,32.0,42,32,37.109756097560975,2025.0,regular,1.0,2025-08-29T23:30:00.000Z,Illinois,Big Ten,fbs,52.0,Western Illinois,Big South-OVC,fcs,3.0,ESPN Bet,-48.5,Illinois -48.5,-45.5,63.5,61.5,,,,2025.0,regular,1.0,2025-08-29T23:30:00.000Z,Illinois,Big Ten,fbs,52.0,Western Illinois,Big South-OVC,fcs,3.0,ESPN Bet,-48.5,Illinois -48.5,-45.5,63.5,61.5,,,
37,37,401752795,2710,Western Illinois,Big South-OVC,,3,14-29,0.0,11,0-2,1,0.0,,,0,,,,3.0,134,0.0,,0,27:18,,,,0.0,26,0,29,3.0,32.0,5.0,5-14,1.0,8-59,163,1,4.6,1.1,57.46052631578947,,,14.0,29.0,0.4827586206896552,0.0,2.0,0.0,5.0,14.0,0.35714285714285715,8.0,59.0,0.13559322033898305,0,27.0,18,27,57.46052631578947,2025.0,regular,1.0,2025-08-29T23:30:00.000Z,Illinois,Big Ten,fbs,52.0,Western Illinois,Big South-OVC,fcs,3.0,ESPN Bet,-48.5,Illinois -48.5,-45.5,63.5,61.5,,,,2025.0,regular,1.0,2025-08-29T23:30:00.000Z,Illinois,Big Ten,fbs,52.0,Western Illinois,Big South-OVC,fcs,3.0,ESPN Bet,-48.5,Illinois -48.5,-45.5,63.5,61.5,,,
38,38,401752796,158,Nebraska,Big Ten,,20,33-42,0.0,23,1-2,0,1.0,0.0,0.0,0,0.0,33.0,2.0,8.0,243,5.0,1.0,2,39:30,0.0,3.0,2.0,1.0,35,0,113,0.0,20.0,2.0,10-18,2.0,3-27,356,0,5.8,3.2,48.38383838383838,2025.0,821.39,33.0,42.0,0.7857142857142857,1.0,2.0,0.5,10.0,18.0,0.5555555555555556,3.0,27.0,0.1111111111111111,1,39.0,30,39,48.38383838383838,2025.0,regular,1.0,2025-08-29T01:00:00.000Z,Cincinnati,Big 12,fbs,17.0,Nebraska,Big Ten,fbs,20.0,ESPN Bet,5.5,Nebraska -5.5,7.0,50.5,52.5,195.0,-230.0,,2025.0,regular,1.0,2025-08-29T01:00:00.000Z,Cincinnati,Big 12,fbs,17.0,Nebraska,Big Ten,fbs,20.0,ESPN Bet,5.5,Nebraska -5.5,7.0,50.5,52.5,195.0,-230.0,
39,39,401752796,2132,Cincinnati,Big 12,,17,13-25,0.0,16,2-2,1,0.0,,,1,0.0,20.0,1.0,5.0,69,2.0,,0,20:30,,,,3.0,29,2,202,3.0,24.0,6.0,3-10,1.0,4-20,271,2,2.8,7.0,55.863013698630134,2025.0,644.1,13.0,25.0,0.52,2.0,2.0,1.0,3.0,10.0,0.3,4.0,20.0,0.2,0,20.0,30,20,55.863013698630134,2025.0,regular,1.0,2025-08-29T01:00:00.000Z,Cincinnati,Big 12,fbs,17.0,Nebraska,Big Ten,fbs,20.0,ESPN Bet,5.5,Nebraska -5.5,7.0,50.5,52.5,195.0,-230.0,,2025.0,regular,1.0,2025-08-29T01:00:00.000Z,Cincinnati,Big 12,fbs,17.0,Nebraska,Big Ten,fbs,20.0,ESPN Bet,5.5,Nebraska -5.5,7.0,50.5,52.5,195.0,-230.0,
40,40,401752797,120,Maryland,Big Ten,,39,28-47,1.0,22,0-2,0,,1.0,31.0,0,0.0,37.0,2.0,13.0,268,6.0,6.0,3,29:34,0.0,5.0,2.0,5.0,30,0,112,3.0,64.0,8.0,5-17,,14-100,380,0,5.7,3.7,53.729729729729726,2025.0,699.31,28.0,47.0,0.5957446808510638,0.0,2.0,0.0,5.0,17.0,0.29411764705882354,14.0,100.0,0.14,1,29.0,34,29,53.729729729729726,2025.0,regular,1.0,2025-08-30T16:00:00.000Z,Maryland,Big Ten,fbs,39.0,Florida Atlantic,American Athletic,fbs,7.0,ESPN Bet,-13.5,Maryland -13.5,-16.5,59.5,57.5,-450.0,340.0,,2025.0,regular,1.0,2025-08-30T16:00:00.000Z,Maryland,Big Ten,fbs,39.0,Florida Atlantic,American Athletic,fbs,7.0,ESPN Bet,-13.5,Maryland -13.5,-16.5,59.5,57.5,-450.0,340.0,
41,41,401752797,2226,Florida Atlantic,American Athletic,,7,36-62,0.0,23,3-9,0,,,,6,0.0,140.0,6.0,1.0,277,6.0,,1,30:26,,,,1.0,32,0,77,0.0,41.0,5.5,7-20,,7-77,354,6,4.5,2.4,53.56481481481482,2025.0,605.22,36.0,62.0,0.5806451612903226,3.0,9.0,0.3333333333333333,7.0,20.0,0.35,7.0,77.0,0.09090909090909091,0,30.0,26,30,53.56481481481482,2025.0,regular,1.0,2025-08-30T16:00:00.000Z,Maryland,Big Ten,fbs,39.0,Florida Atlantic,American Athletic,fbs,7.0,ESPN Bet,-13.5,Maryland -13.5,-16.5,59.5,57.5,-450.0,340.0,,2025.0,regular,1.0,2025-08-30T16:00:00.000Z,Maryland,Big Ten,fbs,39.0,Florida Atlantic,American Athletic,fbs,7.0,ESPN Bet,-13.5,Maryland -13.5,-16.5,59.5,57.5,-450.0,340.0,
42,42,401752798,30,USC,Big Ten,,73,24-27,1.0,27,0-0,1,1.0,1.0,76.0,0,0.0,62.0,3.0,13.0,364,3.0,2.0,3,27:29,,,,0.0,30,6,233,5.0,38.0,13.0,6-7,1.0,5-45,597,1,13.5,7.8,47.93589743589744,2025.0,847.53,24.0,27.0,0.8888888888888888,0.0,0.0,0.0,6.0,7.0,0.8571428571428571,5.0,45.0,0.1111111111111111,1,27.0,29,27,47.93589743589744,2025.0,regular,1.0,2025-08-30T23:30:00.000Z,USC,Big Ten,fbs,73.0,Missouri State,Conference USA,fbs,13.0,ESPN Bet,-36.5,USC -36.5,-35.5,60.5,58.5,,,,2025.0,regular,1.0,2025-08-30T23:30:00.000Z,USC,Big Ten,fbs,73.0,Missouri State,Conference USA,fbs,13.0,ESPN Bet,-36.5,USC -36.5,-35.5,60.5,58.5,,,
43,43,401752798,2623,Missouri State,Conference USA,,13,20-28,0.0,11,2-2,1,1.0,,,2,0.0,35.0,2.0,7.0,159,1.0,,1,32:31,,,,0.0,29,0,65,1.0,31.0,4.0,3-14,1.0,6-60,224,3,5.7,2.2,60.379746835443036,2025.0,426.1,20.0,28.0,0.7142857142857143,2.0,2.0,1.0,3.0,14.0,0.21428571428571427,6.0,60.0,0.1,0,32.0,31,32,60.379746835443036,2025.0,regular,1.0,2025-08-30T23:30:00.000Z,USC,Big Ten,fbs,73.0,Missouri State,Conference USA,fbs,13.0,ESPN Bet,-36.5,USC -36.5,-35.5,60.5,58.5,,,,2025.0,regular,1.0,2025-08-30T23:30:00.000Z,USC,Big Ten,fbs,73.0,Missouri State,Conference USA,fbs,13.0,ESPN Bet,-36.5,USC -36.5,-35.5,60.5,58.5,,,
44,44,401752799,399,UAlbany,CAA,,7,13-26,0.0,9,1-1,0,1.0,,,0,0.0,29.0,3.0,1.0,134,1.0,,1,23:23,,,,1.0,21,0,43,1.0,42.0,3.0,2-11,0.0,3-15,177,0,5.2,2.0,59.6875,,,13.0,26.0,0.5,1.0,1.0,1.0,2.0,11.0,0.18181818181818182,3.0,15.0,0.2,0,23.0,23,23,59.6875,2025.0,regular,1.0,2025-08-30T22:00:00.000Z,Iowa,Big Ten,fbs,34.0,UAlbany,CAA,fcs,7.0,ESPN Bet,-39.5,Iowa -39.5,-37.5,48.5,48.5,,,,2025.0,regular,1.0,2025-08-30T22:00:00.000Z,Iowa,Big Ten,fbs,34.0,UAlbany,CAA,fcs,7.0,ESPN Bet,-39.5,Iowa -39.5,-37.5,48.5,48.5,,,
45,45,401752799,2294,Iowa,Big Ten,,34,9-16,0.0,20,2-2,1,0.0,,,0,,,,10.0,48,1.0,,1,36:37,0.0,63.0,2.0,1.0,53,3,310,2.0,29.0,5.0,10-16,1.0,2-20,358,1,3.0,5.8,41.27906976744186,2025.0,710.0,9.0,16.0,0.5625,2.0,2.0,1.0,10.0,16.0,0.625,2.0,20.0,0.1,1,36.0,37,36,41.27906976744186,2025.0,regular,1.0,2025-08-30T22:00:00.000Z,Iowa,Big Ten,fbs,34.0,UAlbany,CAA,fcs,7.0,ESPN Bet,-39.5,Iowa -39.5,-37.5,48.5,48.5,,,,2025.0,regular,1.0,2025-08-30T22:00:00.000Z,Iowa,Big Ten,fbs,34.0,UAlbany,CAA,fcs,7.0,ESPN Bet,-39.5,Iowa -39.5,-37.5,48.5,48.5,,,
46,46,401752800,26,UCLA,Big Ten,,10,11-22,0.0,14,3-4,0,,,,1,0.0,37.0,2.0,4.0,136,1.0,,1,22:32,,,,2.0,28,0,84,0.0,46.0,2.0,2-11,,3-30,220,1,6.2,3.0,61.645161290322584,2025.0,766.62,11.0,22.0,0.5,3.0,4.0,0.75,2.0,11.0,0.18181818181818182,3.0,30.0,0.1,0,22.0,32,22,61.645161290322584,2025.0,regular,1.0,2025-08-31T03:00:00.000Z,UCLA,Big Ten,fbs,10.0,Utah,Big 12,fbs,43.0,ESPN Bet,6.5,Utah -6.5,6.5,48.5,50.5,210.0,-250.0,,2025.0,regular,1.0,2025-08-31T03:00:00.000Z,UCLA,Big Ten,fbs,10.0,Utah,Big 12,fbs,43.0,ESPN Bet,6.5,Utah -6.5,6.5,48.5,50.5,210.0,-250.0,
47,47,401752800,254,Utah,Big 12,,43,21-26,0.0,30,1-1,0,0.0,0.0,20.0,0,0.0,19.0,3.0,7.0,206,1.0,1.0,2,37:28,,,,0.0,54,4,286,4.0,28.0,5.0,14-16,2.0,3-15,492,0,7.9,5.3,45.04347826086956,2025.0,707.86,21.0,26.0,0.8076923076923077,1.0,1.0,1.0,14.0,16.0,0.875,3.0,15.0,0.2,1,37.0,28,37,45.04347826086956,2025.0,regular,1.0,2025-08-31T03:00:00.000Z,UCLA,Big Ten,fbs,10.0,Utah,Big 12,fbs,43.0,ESPN Bet,6.5,Utah -6.5,6.5,48.5,50.5,210.0,-250.0,,2025.0,regular,1.0,2025-08-31T03:00:00.000Z,UCLA,Big Ten,fbs,10.0,Utah,Big 12,fbs,43.0,ESPN Bet,6.5,Utah -6.5,6.5,48.5,50.5,210.0,-250.0,
48,48,401752801,2050,Ball State,Mid-American,,0,10-16,0.0,13,1-2,0,,,,0,0.0,34.0,2.0,0.0,87,3.0,,0,33:40,0.0,-3.0,1.0,0.0,36,0,116,1.0,39.0,5.0,4-13,,3-18,203,0,5.4,3.2,60.75,2025.0,495.35,10.0,16.0,0.625,1.0,2.0,0.5,4.0,13.0,0.3076923076923077,3.0,18.0,0.16666666666666666,0,33.0,40,33,60.75,2025.0,regular,1.0,2025-08-30T16:00:00.000Z,Purdue,Big Ten,fbs,31.0,Ball State,Mid-American,fbs,0.0,ESPN Bet,-16.5,Purdue -16.5,-17.0,48.5,50.5,-800.0,500.0,,2025.0,regular,1.0,2025-08-30T16:00:00.000Z,Purdue,Big Ten,fbs,31.0,Ball State,Mid-American,fbs,0.0,ESPN Bet,-16.5,Purdue -16.5,-17.0,48.5,50.5,-800.0,500.0,
49,49,401752801,2509,Purdue,Big Ten,,31,20-29,0.0,23,2-2,0,0.0,,,0,0.0,20.0,1.0,7.0,340,1.0,,2,26:20,0.0,7.0,2.0,1.0,30,2,93,4.0,42.0,7.0,4-11,1.0,3-25,433,0,11.7,3.1,46.90909090909091,2025.0,687.74,20.0,29.0,0.6896551724137931,2.0,2.0,1.0,4.0,11.0,0.36363636363636365,3.0,25.0,0.12,1,26.0,20,26,46.90909090909091,2025.0,regular,1.0,2025-08-30T16:00:00.000Z,Purdue,Big Ten,fbs,31.0,Ball State,Mid-American,fbs,0.0,ESPN Bet,-16.5,Purdue -16.5,-17.0,48.5,50.5,-800.0,500.0,,2025.0,regular,1.0,2025-08-30T16:00:00.000Z,Purdue,Big Ten,fbs,31.0,Ball State,Mid-American,fbs,0.0,ESPN Bet,-16.5,Purdue -16.5,-17.0,48.5,50.5,-800.0,500.0,
50,50,401752802,127,Michigan State,Big Ten,,23,17-24,0.0,20,1-1,1,0.0,0.0,0.0,1,0.0,22.0,1.0,3.0,155,4.0,1.0,1,36:47,0.0,20.0,1.0,8.0,44,2,181,4.0,25.0,12.0,4-13,2.0,5-35,336,2,6.5,4.1,54.03488372093023,2025.0,717.42,17.0,24.0,0.7083333333333334,1.0,1.0,1.0,4.0,13.0,0.3076923076923077,5.0,35.0,0.14285714285714285,1,36.0,47,36,54.03488372093023,2025.0,regular,1.0,2025-08-29T23:00:00.000Z,Michigan State,Big Ten,fbs,23.0,Western Michigan,Mid-American,fbs,6.0,ESPN Bet,-22.5,Michigan State -22.5,-18.5,50.5,49.5,-2000.0,1000.0,,2025.0,regular,1.0,2025-08-29T23:00:00.000Z,Michigan State,Big Ten,fbs,23.0,Western Michigan,Mid-American,fbs,6.0,ESPN Bet,-22.5,Michigan State -22.5,-18.5,50.5,49.5,-2000.0,1000.0,
51,51,401752802,2711,Western Michigan,Mid-American,,6,16-33,1.0,10,0-3,0,1.0,1.0,32.0,1,0.0,37.0,2.0,0.0,188,0.0,1.0,0,23:13,0.0,10.0,3.0,2.0,24,0,29,4.0,38.0,10.0,4-14,3.0,5-21,217,1,5.7,1.2,62.15942028985507,2025.0,534.35,16.0,33.0,0.48484848484848486,0.0,3.0,0.0,4.0,14.0,0.2857142857142857,5.0,21.0,0.23809523809523808,0,23.0,13,23,62.15942028985507,2025.0,regular,1.0,2025-08-29T23:00:00.000Z,Michigan State,Big Ten,fbs,23.0,Western Michigan,Mid-American,fbs,6.0,ESPN Bet,-22.5,Michigan State -22.5,-18.5,50.5,49.5,-2000.0,1000.0,,2025.0,regular,1.0,2025-08-29T23:00:00.000Z,Michigan State,Big Ten,fbs,23.0,Western Michigan,Mid-American,fbs,6.0,ESPN Bet,-22.5,Michigan State -22.5,-18.5,50.5,49.5,-2000.0,1000.0,
52,52,401752803,77,Northwestern,Big Ten,,3,19-36,0.0,19,0-2,1,0.0,,,4,,,,3.0,161,4.0,,0,26:39,,,,0.0,27,0,76,1.0,41.0,3.0,5-12,2.0,4-19,237,5,4.5,2.8,59.55128205128205,2025.0,677.97,19.0,36.0,0.5277777777777778,0.0,2.0,0.0,5.0,12.0,0.4166666666666667,4.0,19.0,0.21052631578947367,0,26.0,39,26,59.55128205128205,2025.0,regular,1.0,2025-08-30T16:00:00.000Z,Tulane,American Athletic,fbs,23.0,Northwestern,Big Ten,fbs,3.0,ESPN Bet,-6.5,Tulane -6.5,-6.5,45.5,46.5,-200.0,170.0,,2025.0,regular,1.0,2025-08-30T16:00:00.000Z,Tulane,American Athletic,fbs,23.0,Northwestern,Big Ten,fbs,3.0,ESPN Bet,-6.5,Tulane -6.5,-6.5,45.5,46.5,-200.0,170.0,
53,53,401752803,2655,Tulane,American Athletic,,23,18-32,0.0,23,1-1,0,1.0,0.0,11.0,0,0.0,18.0,1.0,11.0,152,5.0,4.0,1,33:21,0.0,3.0,2.0,2.0,42,1,269,3.0,36.0,3.0,6-15,0.0,5-55,421,0,4.8,6.4,49.515151515151516,2025.0,650.87,18.0,32.0,0.5625,1.0,1.0,1.0,6.0,15.0,0.4,5.0,55.0,0.09090909090909091,1,33.0,21,33,49.515151515151516,2025.0,regular,1.0,2025-08-30T16:00:00.000Z,Tulane,American Athletic,fbs,23.0,Northwestern,Big Ten,fbs,3.0,ESPN Bet,-6.5,Tulane -6.5,-6.5,45.5,46.5,-200.0,170.0,,2025.0,regular,1.0,2025-08-30T16:00:00.000Z,Tulane,American Athletic,fbs,23.0,Northwestern,Big Ten,fbs,3.0,ESPN Bet,-6.5,Tulane -6.5,-6.5,45.5,46.5,-200.0,170.0,
54,54,401752804,147,Montana State,Big Sky,,13,23-31,0.0,17,1-2,0,0.0,,,0,0.0,45.0,2.0,7.0,198,0.0,,0,29:55,,,,0.0,27,1,46,0.0,33.0,0.0,3-12,1.0,7-54,244,0,6.4,1.7,54.896103896103895,,,23.0,31.0,0.7419354838709677,1.0,2.0,0.5,3.0,12.0,0.25,7.0,54.0,0.12962962962962962,0,29.0,55,29,54.896103896103895,2025.0,regular,1.0,2025-08-30T20:00:00.000Z,Oregon,Big Ten,fbs,59.0,Montana State,Big Sky,fcs,13.0,ESPN Bet,-28.5,Oregon -28.5,-27.5,55.5,56.5,-10000.0,2500.0,,2025.0,regular,1.0,2025-08-30T20:00:00.000Z,Oregon,Big Ten,fbs,59.0,Montana State,Big Sky,fcs,13.0,ESPN Bet,-28.5,Oregon -28.5,-27.5,55.5,56.5,-10000.0,2500.0,
55,55,401752804,2483,Oregon,Big Ten,,59,19-25,0.0,29,2-2,0,0.0,,,0,0.0,91.0,4.0,11.0,253,3.0,,3,30:08,0.0,34.0,4.0,0.0,39,5,253,3.0,37.0,7.0,7-10,1.0,3-29,506,0,10.1,6.5,38.05,2025.0,941.22,19.0,25.0,0.76,2.0,2.0,1.0,7.0,10.0,0.7,3.0,29.0,0.10344827586206896,1,30.0,8,30,38.05,2025.0,regular,1.0,2025-08-30T20:00:00.000Z,Oregon,Big Ten,fbs,59.0,Montana State,Big Sky,fcs,13.0,ESPN Bet,-28.5,Oregon -28.5,-27.5,55.5,56.5,-10000.0,2500.0,,2025.0,regular,1.0,2025-08-30T20:00:00.000Z,Oregon,Big Ten,fbs,59.0,Montana State,Big Sky,fcs,13.0,ESPN Bet,-28.5,Oregon -28.5,-27.5,55.5,56.5,-10000.0,2500.0,
56,56,401752805,36,Colorado State,Mountain West,,21,17-33,0.0,17,3-5,0,1.0,,,1,0.0,95.0,4.0,3.0,180,3.0,,1,23:16,,,,0.0,27,2,85,3.0,47.0,5.0,3-13,1.0,5-20,265,1,5.5,3.1,56.01298701298701,2025.0,583.71,17.0,33.0,0.5151515151515151,3.0,5.0,0.6,3.0,13.0,0.23076923076923078,5.0,20.0,0.25,0,23.0,16,23,56.01298701298701,2025.0,regular,1.0,2025-08-31T03:00:00.000Z,Washington,Big Ten,fbs,38.0,Colorado State,Mountain West,fbs,21.0,ESPN Bet,-22.5,Washington -22.5,-19.5,51.5,52.5,-2500.0,1100.0,,2025.0,regular,1.0,2025-08-31T03:00:00.000Z,Washington,Big Ten,fbs,38.0,Colorado State,Mountain West,fbs,21.0,ESPN Bet,-22.5,Washington -22.5,-19.5,51.5,52.5,-2500.0,1100.0,
57,57,401752805,264,Washington,Big Ten,,38,18-24,0.0,26,1-1,1,0.0,0.0,0.0,0,0.0,113.0,4.0,8.0,226,3.0,1.0,1,36:44,0.0,11.0,2.0,0.0,51,4,283,2.0,37.0,6.0,8-14,1.0,6-34,509,1,9.4,5.5,42.68421052631579,2025.0,720.56,18.0,24.0,0.75,1.0,1.0,1.0,8.0,14.0,0.5714285714285714,6.0,34.0,0.17647058823529413,1,36.0,44,36,42.68421052631579,2025.0,regular,1.0,2025-08-31T03:00:00.000Z,Washington,Big Ten,fbs,38.0,Colorado State,Mountain West,fbs,21.0,ESPN Bet,-22.5,Washington -22.5,-19.5,51.5,52.5,-2500.0,1100.0,,2025.0,regular,1.0,2025-08-31T03:00:00.000Z,Washington,Big Ten,fbs,38.0,Colorado State,Mountain West,fbs,21.0,ESPN Bet,-22.5,Washington -22.5,-19.5,51.5,52.5,-2500.0,1100.0,
58,58,401752806,84,Indiana,Big Ten,,27,18-32,1.0,30,0-2,1,0.0,0.0,33.0,0,0.0,28.0,1.0,9.0,193,3.0,3.0,0,41:28,1.0,108.0,3.0,5.0,57,2,309,1.0,20.0,3.0,10-17,1.0,3-25,502,1,6.0,5.4,43.38260869565217,2025.0,645.34,18.0,32.0,0.5625,0.0,2.0,0.0,10.0,17.0,0.5882352941176471,3.0,25.0,0.12,1,41.0,28,41,43.38260869565217,2025.0,regular,1.0,2025-08-30T18:30:00.000Z,Indiana,Big Ten,fbs,27.0,Old Dominion,Sun Belt,fbs,14.0,ESPN Bet,-23.5,Indiana -23.5,-23.5,53.5,54.5,-3000.0,1200.0,,2025.0,regular,1.0,2025-08-30T18:30:00.000Z,Indiana,Big Ten,fbs,27.0,Old Dominion,Sun Belt,fbs,14.0,ESPN Bet,-23.5,Indiana -23.5,-23.5,53.5,54.5,-3000.0,1200.0,
59,59,401752806,295,Old Dominion,Sun Belt,,14,11-22,0.0,10,0-0,0,1.0,,,3,,,,2.0,96,5.0,,0,18:32,0.0,3.0,1.0,2.0,23,2,218,1.0,48.0,4.0,4-10,0.0,9-65,314,3,4.4,9.5,72.69117647058823,2025.0,477.45,11.0,22.0,0.5,0.0,0.0,0.0,4.0,10.0,0.4,9.0,65.0,0.13846153846153847,0,18.0,32,18,72.69117647058823,2025.0,regular,1.0,2025-08-30T18:30:00.000Z,Indiana,Big Ten,fbs,27.0,Old Dominion,Sun Belt,fbs,14.0,ESPN Bet,-23.5,Indiana -23.5,-23.5,53.5,54.5,-3000.0,1200.0,,2025.0,regular,1.0,2025-08-30T18:30:00.000Z,Indiana,Big Ten,fbs,27.0,Old Dominion,Sun Belt,fbs,14.0,ESPN Bet,-23.5,Indiana -23.5,-23.5,53.5,54.5,-3000.0,1200.0,
60,60,401752807,213,Penn State,Big Ten,,46,29-35,0.0,25,2-3,0,2.0,0.0,14.0,0,0.0,88.0,2.0,16.0,303,2.0,1.0,1,33:40,0.0,8.0,3.0,4.0,36,4,135,3.0,35.0,9.0,6-13,1.0,5-45,438,0,8.7,3.8,40.252747252747255,2025.0,910.42,29.0,35.0,0.8285714285714286,2.0,3.0,0.6666666666666666,6.0,13.0,0.46153846153846156,5.0,45.0,0.1111111111111111,1,33.0,40,33,40.252747252747255,2025.0,regular,1.0,2025-08-30T19:30:00.000Z,Penn State,Big Ten,fbs,46.0,Nevada,Mountain West,fbs,11.0,ESPN Bet,-43.5,Penn State -43.5,-45.5,54.5,58.5,,,,2025.0,regular,1.0,2025-08-30T19:30:00.000Z,Penn State,Big Ten,fbs,46.0,Nevada,Mountain West,fbs,11.0,ESPN Bet,-43.5,Penn State -43.5,-45.5,54.5,58.5,,,
61,61,401752807,2440,Nevada,Mountain West,,11,11-21,0.0,13,1-2,2,0.0,,,1,0.0,85.0,4.0,3.0,125,1.0,,1,26:20,,,,0.0,31,0,78,1.0,47.0,6.0,4-11,2.0,3-14,203,3,6.0,2.5,51.88732394366197,2025.0,488.69,11.0,21.0,0.5238095238095238,1.0,2.0,0.5,4.0,11.0,0.36363636363636365,3.0,14.0,0.21428571428571427,0,26.0,20,26,51.88732394366197,2025.0,regular,1.0,2025-08-30T19:30:00.000Z,Penn State,Big Ten,fbs,46.0,Nevada,Mountain West,fbs,11.0,ESPN Bet,-43.5,Penn State -43.5,-45.5,54.5,58.5,,,,2025.0,regular,1.0,2025-08-30T19:30:00.000Z,Penn State,Big Ten,fbs,46.0,Nevada,Mountain West,fbs,11.0,ESPN Bet,-43.5,Penn State -43.5,-45.5,54.5,58.5,,,
62,62,401752808,130,Michigan,Big Ten,,34,21-31,0.0,20,0-1,1,0.0,0.0,0.0,0,0.0,69.0,3.0,10.0,251,4.0,3.0,1,26:58,0.0,2.0,2.0,7.0,32,3,201,3.0,47.0,9.0,6-13,2.0,8-65,452,1,8.1,6.3,51.75609756097561,2025.0,907.22,21.0,31.0,0.6774193548387096,0.0,1.0,0.0,6.0,13.0,0.46153846153846156,8.0,65.0,0.12307692307692308,1,26.0,58,26,51.75609756097561,2025.0,regular,1.0,2025-08-30T23:30:00.000Z,Michigan,Big Ten,fbs,34.0,New Mexico,Mountain West,fbs,17.0,ESPN Bet,-34.5,Michigan -34.5,-36.0,49.5,52.5,-50000.0,3500.0,,2025.0,regular,1.0,2025-08-30T23:30:00.000Z,Michigan,Big Ten,fbs,34.0,New Mexico,Mountain West,fbs,17.0,ESPN Bet,-34.5,Michigan -34.5,-36.0,49.5,52.5,-50000.0,3500.0,
63,63,401752808,167,New Mexico,Mountain West,,17,32-48,0.0,21,2-4,0,1.0,,,3,0.0,57.0,4.0,5.0,217,2.0,,2,33:02,0.0,0.0,1.0,0.0,28,0,50,2.0,40.0,3.0,5-14,0.0,1-5,267,3,4.5,1.8,47.24752475247525,2025.0,378.8,32.0,48.0,0.6666666666666666,2.0,4.0,0.5,5.0,14.0,0.35714285714285715,1.0,5.0,0.2,0,33.0,2,33,47.24752475247525,2025.0,regular,1.0,2025-08-30T23:30:00.000Z,Michigan,Big Ten,fbs,34.0,New Mexico,Mountain West,fbs,17.0,ESPN Bet,-34.5,Michigan -34.5,-36.0,49.5,52.5,-50000.0,3500.0,,2025.0,regular,1.0,2025-08-30T23:30:00.000Z,Michigan,Big Ten,fbs,34.0,New Mexico,Mountain West,fbs,17.0,ESPN Bet,-34.5,Michigan -34.5,-36.0,49.5,52.5,-50000.0,3500.0,
64,64,401752936,25,California,ACC,,34,20-30,0.0,15,2-3,0,1.0,0.0,41.0,0,0.0,78.0,3.0,10.0,234,4.0,1.0,3,30:08,0.0,73.0,3.0,6.0,32,1,122,1.0,31.0,7.0,2-13,2.0,6-39,356,0,7.8,3.8,46.08045977011494,2025.0,726.21,20.0,30.0,0.6666666666666666,2.0,3.0,0.6666666666666666,2.0,13.0,0.15384615384615385,6.0,39.0,0.15384615384615385,1,30.0,8,30,46.08045977011494,2025.0,regular,1.0,2025-08-31T02:30:00.000Z,Oregon State,Pac-12,fbs,15.0,California,ACC,fbs,34.0,ESPN Bet,2.5,California -2.5,-2.5,48.5,51.5,120.0,-140.0,,2025.0,regular,1.0,2025-08-31T02:30:00.000Z,Oregon State,Pac-12,fbs,15.0,California,ACC,fbs,34.0,ESPN Bet,2.5,California -2.5,-2.5,48.5,51.5,120.0,-140.0,
65,65,401752936,204,Oregon State,Pac-12,,15,22-34,0.0,19,1-2,1,0.0,,,1,0.0,51.0,3.0,3.0,248,6.0,,0,29:52,0.0,3.0,1.0,4.0,27,2,65,0.0,33.0,4.0,3-11,3.0,3-20,313,2,7.3,2.4,59.30769230769231,2025.0,667.99,22.0,34.0,0.6470588235294118,1.0,2.0,0.5,3.0,11.0,0.2727272727272727,3.0,20.0,0.15,0,29.0,52,29,59.30769230769231,2025.0,regular,1.0,2025-08-31T02:30:00.000Z,Oregon State,Pac-12,fbs,15.0,California,ACC,fbs,34.0,ESPN Bet,2.5,California -2.5,-2.5,48.5,51.5,120.0,-140.0,,2025.0,regular,1.0,2025-08-31T02:30:00.000Z,Oregon State,Pac-12,fbs,15.0,California,ACC,fbs,34.0,ESPN Bet,2.5,California -2.5,-2.5,48.5,51.5,120.0,-140.0,
66,66,401752947,70,Idaho,Big Sky,,10,12-20,0.0,16,1-1,2,1.0,,,0,0.0,45.0,2.0,4.0,33,0.0,,0,35:11,0.0,0.0,1.0,4.0,45,1,188,1.0,29.0,7.0,7-16,2.0,6-57,221,2,1.7,4.2,50.30952380952381,,,12.0,20.0,0.6,1.0,1.0,1.0,7.0,16.0,0.4375,6.0,57.0,0.10526315789473684,0,35.0,11,35,50.30952380952381,2025.0,regular,1.0,2025-08-31T02:00:00.000Z,Washington State,Pac-12,fbs,13.0,Idaho,Big Sky,fcs,10.0,ESPN Bet,-16.5,Washington State -16.5,-9.5,50.5,50.5,-1000.0,600.0,,2025.0,regular,1.0,2025-08-31T02:00:00.000Z,Washington State,Pac-12,fbs,13.0,Idaho,Big Sky,fcs,10.0,ESPN Bet,-16.5,Washington State -16.5,-9.5,50.5,50.5,-1000.0,600.0,
67,67,401752947,265,Washington State,Pac-12,,13,23-31,0.0,13,2-2,1,2.0,,,0,0.0,36.0,2.0,7.0,208,2.0,,1,24:49,,,,2.0,22,0,3,0.0,39.0,4.0,3-12,2.0,7-48,211,1,6.7,0.1,63.63291139240506,2025.0,569.46,23.0,31.0,0.7419354838709677,2.0,2.0,1.0,3.0,12.0,0.25,7.0,48.0,0.14583333333333334,1,24.0,49,24,63.63291139240506,2025.0,regular,1.0,2025-08-31T02:00:00.000Z,Washington State,Pac-12,fbs,13.0,Idaho,Big Sky,fcs,10.0,ESPN Bet,-16.5,Washington State -16.5,-9.5,50.5,50.5,-1000.0,600.0,,2025.0,regular,1.0,2025-08-31T02:00:00.000Z,Washington State,Pac-12,fbs,13.0,Idaho,Big Sky,fcs,10.0,ESPN Bet,-16.5,Washington State -16.5,-9.5,50.5,50.5,-1000.0,600.0,
68,68,401754373,151,East Carolina,American Athletic,,17,31-45,0.0,18,1-4,0,,0.0,20.0,0,0.0,48.0,2.0,5.0,383,3.0,1.0,1,27:53,,,,4.0,29,1,30,1.0,32.0,10.0,6-16,,10-86,413,0,8.5,1.0,54.51020408163265,2025.0,611.55,31.0,45.0,0.6888888888888889,1.0,4.0,0.25,6.0,16.0,0.375,10.0,86.0,0.11627906976744186,0,27.0,53,27,54.51020408163265,2025.0,regular,1.0,2025-08-28T23:00:00.000Z,NC State,ACC,fbs,24.0,East Carolina,American Athletic,fbs,17.0,ESPN Bet,-13.5,NC State -13.5,-12.5,61.5,58.5,-650.0,425.0,,2025.0,regular,1.0,2025-08-28T23:00:00.000Z,NC State,ACC,fbs,24.0,East Carolina,American Athletic,fbs,17.0,ESPN Bet,-13.5,NC State -13.5,-12.5,61.5,58.5,-650.0,425.0,
69,69,401754373,152,NC State,ACC,,24,24-34,0.0,21,0-0,0,,,,1,,,,6.0,318,3.0,,1,32:07,,,,9.0,36,2,105,1.0,35.0,9.0,7-15,,7-63,423,1,9.4,2.9,51.78947368421053,2025.0,707.51,24.0,34.0,0.7058823529411765,0.0,0.0,0.0,7.0,15.0,0.4666666666666667,7.0,63.0,0.1111111111111111,1,32.0,7,32,51.78947368421053,2025.0,regular,1.0,2025-08-28T23:00:00.000Z,NC State,ACC,fbs,24.0,East Carolina,American Athletic,fbs,17.0,ESPN Bet,-13.5,NC State -13.5,-12.5,61.5,58.5,-650.0,425.0,,2025.0,regular,1.0,2025-08-28T23:00:00.000Z,NC State,ACC,fbs,24.0,East Carolina,American Athletic,fbs,17.0,ESPN Bet,-13.5,NC State -13.5,-12.5,61.5,58.5,-650.0,425.0,
70,70,401754374,154,Wake Forest,ACC,,10,20-28,0.0,20,1-2,0,,,,0,0.0,47.0,2.0,4.0,218,5.0,,0,35:01,,,,6.0,47,1,130,2.0,35.0,3.0,6-17,,8-75,348,0,7.8,2.8,52.321100917431195,2025.0,627.16,20.0,28.0,0.7142857142857143,1.0,2.0,0.5,6.0,17.0,0.35294117647058826,8.0,75.0,0.10666666666666667,1,35.0,1,35,52.321100917431195,2025.0,regular,1.0,2025-08-29T23:00:00.000Z,Wake Forest,ACC,fbs,10.0,Kennesaw State,Conference USA,fbs,9.0,ESPN Bet,-18.5,Wake Forest -18.5,-18.0,51.5,51.5,-1200.0,700.0,,2025.0,regular,1.0,2025-08-29T23:00:00.000Z,Wake Forest,ACC,fbs,10.0,Kennesaw State,Conference USA,fbs,9.0,ESPN Bet,-18.5,Wake Forest -18.5,-18.0,51.5,51.5,-1200.0,700.0,
71,71,401754374,338,Kennesaw State,Conference USA,,9,12-33,0.0,18,0-2,0,0.0,,,0,,,,3.0,149,2.0,,0,24:59,,,,2.0,43,1,158,4.0,37.0,7.0,9-19,1.0,9-68,307,0,4.5,3.7,57.48453608247423,2025.0,338.87,12.0,33.0,0.36363636363636365,0.0,2.0,0.0,9.0,19.0,0.47368421052631576,9.0,68.0,0.1323529411764706,0,24.0,59,24,57.48453608247423,2025.0,regular,1.0,2025-08-29T23:00:00.000Z,Wake Forest,ACC,fbs,10.0,Kennesaw State,Conference USA,fbs,9.0,ESPN Bet,-18.5,Wake Forest -18.5,-18.0,51.5,51.5,-1200.0,700.0,,2025.0,regular,1.0,2025-08-29T23:00:00.000Z,Wake Forest,ACC,fbs,10.0,Kennesaw State,Conference USA,fbs,9.0,ESPN Bet,-18.5,Wake Forest -18.5,-18.0,51.5,51.5,-1200.0,700.0,
72,72,401754375,38,Colorado,Big 12,,20,17-29,0.0,19,1-1,0,2.0,0.0,0.0,0,,,,8.0,159,2.0,1.0,1,27:37,0.0,11.0,1.0,2.0,31,1,146,1.0,45.0,3.0,5-13,0.0,5-45,305,0,5.5,4.7,47.135802469135804,2025.0,755.2,17.0,29.0,0.5862068965517241,1.0,1.0,1.0,5.0,13.0,0.38461538461538464,5.0,45.0,0.1111111111111111,0,27.0,37,27,47.135802469135804,2025.0,regular,1.0,2025-08-30T00:00:00.000Z,Colorado,Big 12,fbs,20.0,Georgia Tech,ACC,fbs,27.0,ESPN Bet,3.5,Georgia Tech -3.5,4.0,50.5,55.5,145.0,-170.0,,2025.0,regular,1.0,2025-08-30T00:00:00.000Z,Colorado,Big 12,fbs,20.0,Georgia Tech,ACC,fbs,27.0,ESPN Bet,3.5,Georgia Tech -3.5,4.0,50.5,55.5,145.0,-170.0,
73,73,401754375,59,Georgia Tech,ACC,,27,13-21,0.0,27,1-1,2,0.0,,,1,,,,9.0,143,2.0,,0,32:23,0.0,19.0,2.0,1.0,47,3,320,1.0,38.0,6.0,6-11,2.0,8-65,463,3,6.8,6.8,52.71739130434783,2025.0,715.56,13.0,21.0,0.6190476190476191,1.0,1.0,1.0,6.0,11.0,0.5454545454545454,8.0,65.0,0.12307692307692308,1,32.0,23,32,52.71739130434783,2025.0,regular,1.0,2025-08-30T00:00:00.000Z,Colorado,Big 12,fbs,20.0,Georgia Tech,ACC,fbs,27.0,ESPN Bet,3.5,Georgia Tech -3.5,4.0,50.5,55.5,145.0,-170.0,,2025.0,regular,1.0,2025-08-30T00:00:00.000Z,Colorado,Big 12,fbs,20.0,Georgia Tech,ACC,fbs,27.0,ESPN Bet,3.5,Georgia Tech -3.5,4.0,50.5,55.5,145.0,-170.0,
74,74,401754516,24,Stanford,ACC,,20,15-30,0.0,21,2-2,0,1.0,,,1,0.0,47.0,3.0,8.0,109,1.0,,0,36:07,0.0,4.0,1.0,2.0,43,1,177,4.0,43.0,5.0,8-17,0.0,7-70,286,1,3.6,4.1,50.252747252747255,2025.0,707.27,15.0,30.0,0.5,2.0,2.0,1.0,8.0,17.0,0.47058823529411764,7.0,70.0,0.1,0,36.0,7,36,50.252747252747255,2025.0,regular,1.0,2025-08-23T23:30:00.000Z,Hawai'i,Mountain West,fbs,23.0,Stanford,ACC,fbs,20.0,ESPN Bet,-1.5,Hawai'i -1.5,-1.5,50.5,53.5,-120.0,110.0,,2025.0,regular,1.0,2025-08-23T23:30:00.000Z,Hawai'i,Mountain West,fbs,23.0,Stanford,ACC,fbs,20.0,ESPN Bet,-1.5,Hawai'i -1.5,-1.5,50.5,53.5,-120.0,110.0,
75,75,401754516,62,Hawai'i,Mountain West,,23,27-40,0.0,20,0-1,1,0.0,0.0,0.0,0,0.0,21.0,1.0,11.0,210,5.0,1.0,2,23:53,0.0,13.0,1.0,6.0,24,0,96,1.0,45.0,2.0,3-10,1.0,8-70,306,1,5.3,4.0,52.88,2025.0,481.2,27.0,40.0,0.675,0.0,1.0,0.0,3.0,10.0,0.3,8.0,70.0,0.11428571428571428,1,23.0,53,23,52.88,2025.0,regular,1.0,2025-08-23T23:30:00.000Z,Hawai'i,Mountain West,fbs,23.0,Stanford,ACC,fbs,20.0,ESPN Bet,-1.5,Hawai'i -1.5,-1.5,50.5,53.5,-120.0,110.0,,2025.0,regular,1.0,2025-08-23T23:30:00.000Z,Hawai'i,Mountain West,fbs,23.0,Stanford,ACC,fbs,20.0,ESPN Bet,-1.5,Hawai'i -1.5,-1.5,50.5,53.5,-120.0,110.0,
76,76,401754517,150,Duke,ACC,,45,27-34,1.0,23,0-0,1,0.0,,,0,0.0,58.0,3.0,9.0,389,1.0,,3,27:07,1.0,82.0,4.0,5.0,25,2,159,3.0,22.0,10.0,5-9,2.0,3-15,548,1,11.4,6.4,48.44303797468354,2025.0,669.18,27.0,34.0,0.7941176470588235,0.0,0.0,0.0,5.0,9.0,0.5555555555555556,3.0,15.0,0.2,1,27.0,7,27,48.44303797468354,2025.0,regular,1.0,2025-08-28T23:30:00.000Z,Duke,ACC,fbs,45.0,Elon,CAA,fcs,17.0,ESPN Bet,,,-33.5,50.5,47.5,,,,2025.0,regular,1.0,2025-08-28T23:30:00.000Z,Duke,ACC,fbs,45.0,Elon,CAA,fcs,17.0,ESPN Bet,,,-33.5,50.5,47.5,,,
77,77,401754517,2210,Elon,CAA,,17,11-18,0.0,14,1-2,0,1.0,,,0,0.0,46.0,1.0,5.0,112,1.0,,0,32:53,,,,0.0,44,2,163,2.0,31.0,4.0,8-17,0.0,7-47,275,0,6.2,3.7,50.27272727272727,,,11.0,18.0,0.6111111111111112,1.0,2.0,0.5,8.0,17.0,0.47058823529411764,7.0,47.0,0.14893617021276595,0,32.0,53,32,50.27272727272727,2025.0,regular,1.0,2025-08-28T23:30:00.000Z,Duke,ACC,fbs,45.0,Elon,CAA,fcs,17.0,ESPN Bet,,,-33.5,50.5,47.5,,,,2025.0,regular,1.0,2025-08-28T23:30:00.000Z,Duke,ACC,fbs,45.0,Elon,CAA,fcs,17.0,ESPN Bet,,,-33.5,50.5,47.5,,,
78,78,401754518,103,Boston College,ACC,,66,31-39,1.0,26,1-1,0,,1.0,28.0,0,0.0,37.0,2.0,12.0,458,7.0,1.0,5,34:05,0.0,89.0,8.0,2.0,38,3,98,3.0,42.0,8.0,12-18,,1-15,556,0,11.7,2.6,49.01063829787234,2025.0,650.12,31.0,39.0,0.7948717948717948,1.0,1.0,1.0,12.0,18.0,0.6666666666666666,1.0,15.0,0.06666666666666667,1,34.0,5,34,49.01063829787234,2025.0,regular,1.0,2025-08-30T18:00:00.000Z,Boston College,ACC,fbs,66.0,Fordham,Patriot,fcs,10.0,ESPN Bet,-34.5,Boston College -34.5,-36.5,52.5,53.5,-100000.0,4000.0,,2025.0,regular,1.0,2025-08-30T18:00:00.000Z,Boston College,ACC,fbs,66.0,Fordham,Patriot,fcs,10.0,ESPN Bet,-34.5,Boston College -34.5,-36.5,52.5,53.5,-100000.0,4000.0,
79,79,401754518,2230,Fordham,Patriot,,10,20-39,0.0,13,0-0,0,0.0,,,1,0.0,79.0,4.0,4.0,152,4.0,,0,25:55,0.0,1.0,1.0,0.0,27,1,16,2.0,48.0,4.0,3-16,1.0,2-15,168,1,3.9,0.6,63.705882352941174,,,20.0,39.0,0.5128205128205128,0.0,0.0,0.0,3.0,16.0,0.1875,2.0,15.0,0.13333333333333333,0,25.0,55,25,63.705882352941174,2025.0,regular,1.0,2025-08-30T18:00:00.000Z,Boston College,ACC,fbs,66.0,Fordham,Patriot,fcs,10.0,ESPN Bet,-34.5,Boston College -34.5,-36.5,52.5,53.5,-100000.0,4000.0,,2025.0,regular,1.0,2025-08-30T18:00:00.000Z,Boston College,ACC,fbs,66.0,Fordham,Patriot,fcs,10.0,ESPN Bet,-34.5,Boston College -34.5,-36.5,52.5,53.5,-100000.0,4000.0,
80,80,401754519,97,Louisville,ACC,,51,25-37,1.0,28,0-0,0,,,,3,0.0,88.0,2.0,9.0,313,3.0,,2,30:25,1.0,134.0,6.0,1.0,30,4,229,4.0,34.0,6.0,6-9,,12-106,542,3,8.5,7.6,52.74698795180723,2025.0,700.77,25.0,37.0,0.6756756756756757,0.0,0.0,0.0,6.0,9.0,0.6666666666666666,12.0,106.0,0.11320754716981132,1,30.0,25,30,52.74698795180723,2025.0,regular,1.0,2025-08-30T19:00:00.000Z,Louisville,ACC,fbs,51.0,Eastern Kentucky,UAC,fcs,17.0,ESPN Bet,-37.5,Louisville -37.5,-38.0,57.5,56.5,-7500.0,2000.0,,2025.0,regular,1.0,2025-08-30T19:00:00.000Z,Louisville,ACC,fbs,51.0,Eastern Kentucky,UAC,fcs,17.0,ESPN Bet,-37.5,Louisville -37.5,-38.0,57.5,56.5,-7500.0,2000.0,
81,81,401754519,2198,Eastern Kentucky,UAC,,17,5-14,1.0,10,0-0,0,0.0,1.0,92.0,0,0.0,51.0,3.0,5.0,76,3.0,3.0,0,29:35,,,,1.0,39,1,74,0.0,37.0,1.0,3-14,1.0,8-51,150,0,5.4,1.9,60.49367088607595,,,5.0,14.0,0.35714285714285715,0.0,0.0,0.0,3.0,14.0,0.21428571428571427,8.0,51.0,0.1568627450980392,0,29.0,35,29,60.49367088607595,2025.0,regular,1.0,2025-08-30T19:00:00.000Z,Louisville,ACC,fbs,51.0,Eastern Kentucky,UAC,fcs,17.0,ESPN Bet,-37.5,Louisville -37.5,-38.0,57.5,56.5,-7500.0,2000.0,,2025.0,regular,1.0,2025-08-30T19:00:00.000Z,Louisville,ACC,fbs,51.0,Eastern Kentucky,UAC,fcs,17.0,ESPN Bet,-37.5,Louisville -37.5,-38.0,57.5,56.5,-7500.0,2000.0,
82,82,401754520,221,Pittsburgh,ACC,,61,23-38,1.0,21,2-3,0,,,,1,0.0,78.0,1.0,13.0,302,3.0,,5,24:37,1.0,143.0,6.0,5.0,27,2,158,4.0,31.0,10.0,5-14,,3-35,460,1,7.9,5.9,44.27272727272727,2025.0,681.21,23.0,38.0,0.6052631578947368,2.0,3.0,0.6666666666666666,5.0,14.0,0.35714285714285715,3.0,35.0,0.08571428571428572,1,24.0,37,24,44.27272727272727,2025.0,regular,1.0,2025-08-30T16:00:00.000Z,Pittsburgh,ACC,fbs,61.0,Duquesne,NEC,fcs,9.0,ESPN Bet,-39.5,Pittsburgh -39.5,-38.5,58.5,55.5,,,,2025.0,regular,1.0,2025-08-30T16:00:00.000Z,Pittsburgh,ACC,fbs,61.0,Duquesne,NEC,fcs,9.0,ESPN Bet,-39.5,Pittsburgh -39.5,-38.5,58.5,55.5,,,
83,83,401754520,2184,Duquesne,NEC,,9,17-27,0.0,8,0-0,0,,0.0,0.0,0,,,,3.0,171,6.0,1.0,1,35:23,0.0,4.0,1.0,3.0,31,0,37,1.0,31.0,7.0,2-15,,11-88,208,0,6.3,1.2,59.977777777777774,,,17.0,27.0,0.6296296296296297,0.0,0.0,0.0,2.0,15.0,0.13333333333333333,11.0,88.0,0.125,0,35.0,23,35,59.977777777777774,2025.0,regular,1.0,2025-08-30T16:00:00.000Z,Pittsburgh,ACC,fbs,61.0,Duquesne,NEC,fcs,9.0,ESPN Bet,-39.5,Pittsburgh -39.5,-38.5,58.5,55.5,,,,2025.0,regular,1.0,2025-08-30T16:00:00.000Z,Pittsburgh,ACC,fbs,61.0,Duquesne,NEC,fcs,9.0,ESPN Bet,-39.5,Pittsburgh -39.5,-38.5,58.5,55.5,,,
84,84,401754521,2567,SMU,ACC,,42,22-30,2.0,25,1-2,2,1.0,2.0,105.0,1,,,,6.0,260,8.0,2.0,2,21:01,0.0,48.0,2.0,5.0,33,2,140,3.0,41.0,6.0,4-10,2.0,8-84,400,3,8.7,4.2,56.275862068965516,2025.0,766.67,22.0,30.0,0.7333333333333333,1.0,2.0,0.5,4.0,10.0,0.4,8.0,84.0,0.09523809523809523,1,21.0,1,21,56.275862068965516,2025.0,regular,1.0,2025-08-31T01:00:00.000Z,SMU,ACC,fbs,42.0,East Texas A&M,Southland,fcs,13.0,ESPN Bet,-50.5,SMU -50.5,-50.5,64.5,63.5,,,,2025.0,regular,1.0,2025-08-31T01:00:00.000Z,SMU,ACC,fbs,42.0,East Texas A&M,Southland,fcs,13.0,ESPN Bet,-50.5,SMU -50.5,-50.5,64.5,63.5,,,
85,85,401754521,2837,East Texas A&M,Southland,,13,20-43,0.0,17,3-3,1,2.0,0.0,0.0,2,0.0,64.0,4.0,7.0,244,3.0,1.0,0,38:59,,,,0.0,35,1,107,2.0,38.0,8.0,6-20,1.0,11-80,351,3,5.7,3.1,47.02803738317757,,,20.0,43.0,0.46511627906976744,3.0,3.0,1.0,6.0,20.0,0.3,11.0,80.0,0.1375,0,38.0,59,38,47.02803738317757,2025.0,regular,1.0,2025-08-31T01:00:00.000Z,SMU,ACC,fbs,42.0,East Texas A&M,Southland,fcs,13.0,ESPN Bet,-50.5,SMU -50.5,-50.5,64.5,63.5,,,,2025.0,regular,1.0,2025-08-31T01:00:00.000Z,SMU,ACC,fbs,42.0,East Texas A&M,Southland,fcs,13.0,ESPN Bet,-50.5,SMU -50.5,-50.5,64.5,63.5,,,
86,86,401754522,87,Notre Dame,FBS Independents,,24,19-30,0.0,18,0-0,1,0.0,,,1,0.0,15.0,1.0,6.0,221,3.0,,2,26:03,0.0,9.0,2.0,1.0,27,1,94,1.0,32.0,2.0,4-9,2.0,5-30,315,2,7.4,3.5,50.05194805194805,2025.0,912.11,19.0,30.0,0.6333333333333333,0.0,0.0,0.0,4.0,9.0,0.4444444444444444,5.0,30.0,0.16666666666666666,0,26.0,3,26,50.05194805194805,2025.0,regular,1.0,2025-08-31T23:30:00.000Z,Miami,ACC,fbs,27.0,Notre Dame,FBS Independents,fbs,24.0,ESPN Bet,2.5,Notre Dame -2.5,2.5,50.5,52.5,120.0,-140.0,,2025.0,regular,1.0,2025-08-31T23:30:00.000Z,Miami,ACC,fbs,27.0,Notre Dame,FBS Independents,fbs,24.0,ESPN Bet,2.5,Notre Dame -2.5,2.5,50.5,52.5,120.0,-140.0,
87,87,401754522,2390,Miami,ACC,,27,20-31,0.0,20,1-2,0,1.0,0.0,12.0,0,0.0,32.0,1.0,9.0,205,3.0,1.0,2,33:57,0.0,9.0,1.0,1.0,37,1,127,3.0,31.0,5.0,5-14,0.0,6-51,332,0,6.6,3.4,50.21978021978022,2025.0,874.57,20.0,31.0,0.6451612903225806,1.0,2.0,0.5,5.0,14.0,0.35714285714285715,6.0,51.0,0.11764705882352941,1,33.0,57,33,50.21978021978022,2025.0,regular,1.0,2025-08-31T23:30:00.000Z,Miami,ACC,fbs,27.0,Notre Dame,FBS Independents,fbs,24.0,ESPN Bet,2.5,Notre Dame -2.5,2.5,50.5,52.5,120.0,-140.0,,2025.0,regular,1.0,2025-08-31T23:30:00.000Z,Miami,ACC,fbs,27.0,Notre Dame,FBS Independents,fbs,24.0,ESPN Bet,2.5,Notre Dame -2.5,2.5,50.5,52.5,120.0,-140.0,
88,88,401754523,153,North Carolina,ACC,,14,13-21,0.0,10,1-1,2,0.0,0.0,0.0,1,0.0,126.0,6.0,2.0,172,2.0,1.0,1,27:51,,,,3.0,28,1,50,0.0,41.0,3.0,1-10,4.0,3-25,222,3,8.2,1.8,57.53448275862069,2025.0,753.2,13.0,21.0,0.6190476190476191,1.0,1.0,1.0,1.0,10.0,0.1,3.0,25.0,0.12,0,27.0,51,27,57.53448275862069,2025.0,regular,1.0,2025-09-02T00:00:00.000Z,North Carolina,ACC,fbs,14.0,TCU,Big 12,fbs,48.0,ESPN Bet,3.5,TCU -3.5,3.0,54.5,59.5,150.0,-175.0,,2025.0,regular,1.0,2025-09-02T00:00:00.000Z,North Carolina,ACC,fbs,14.0,TCU,Big 12,fbs,48.0,ESPN Bet,3.5,TCU -3.5,3.0,54.5,59.5,150.0,-175.0,
89,89,401754523,2628,TCU,Big 12,,48,27-37,2.0,29,1-1,0,2.0,1.0,25.0,1,,,,12.0,284,1.0,1.0,2,32:09,,,,1.0,35,2,258,2.0,32.0,8.0,7-12,0.0,5-58,542,1,7.7,7.4,45.79012345679013,2025.0,745.01,27.0,37.0,0.7297297297297297,1.0,1.0,1.0,7.0,12.0,0.5833333333333334,5.0,58.0,0.08620689655172414,1,32.0,9,32,45.79012345679013,2025.0,regular,1.0,2025-09-02T00:00:00.000Z,North Carolina,ACC,fbs,14.0,TCU,Big 12,fbs,48.0,ESPN Bet,3.5,TCU -3.5,3.0,54.5,59.5,150.0,-175.0,,2025.0,regular,1.0,2025-09-02T00:00:00.000Z,North Carolina,ACC,fbs,14.0,TCU,Big 12,fbs,48.0,ESPN Bet,3.5,TCU -3.5,3.0,54.5,59.5,150.0,-175.0,
90,90,401754616,258,Virginia,ACC,,48,22-36,1.0,23,1-3,0,2.0,0.0,10.0,0,1.0,100.0,1.0,12.0,290,9.0,1.0,2,33:33,0.0,31.0,4.0,4.0,42,3,177,1.0,13.0,4.0,9-18,1.0,7-50,467,0,8.1,4.2,48.45794392523364,2025.0,666.74,22.0,36.0,0.6111111111111112,1.0,3.0,0.3333333333333333,9.0,18.0,0.5,7.0,50.0,0.14,1,33.0,33,33,48.45794392523364,2025.0,regular,1.0,2025-08-30T22:00:00.000Z,Virginia,ACC,fbs,48.0,Coastal Carolina,Sun Belt,fbs,7.0,ESPN Bet,-13.5,Virginia -13.5,-12.5,54.5,57.5,-550.0,380.0,,2025.0,regular,1.0,2025-08-30T22:00:00.000Z,Virginia,ACC,fbs,48.0,Coastal Carolina,Sun Belt,fbs,7.0,ESPN Bet,-13.5,Virginia -13.5,-12.5,54.5,57.5,-550.0,380.0,
91,91,401754616,324,Coastal Carolina,Sun Belt,,7,20-37,0.0,13,1-2,1,0.0,,,1,0.0,18.0,1.0,1.0,163,6.0,,0,26:27,,,,3.0,29,1,98,0.0,29.0,3.0,1-14,1.0,7-60,261,2,4.4,3.4,59.97826086956522,2025.0,610.88,20.0,37.0,0.5405405405405406,1.0,2.0,0.5,1.0,14.0,0.07142857142857142,7.0,60.0,0.11666666666666667,0,26.0,27,26,59.97826086956522,2025.0,regular,1.0,2025-08-30T22:00:00.000Z,Virginia,ACC,fbs,48.0,Coastal Carolina,Sun Belt,fbs,7.0,ESPN Bet,-13.5,Virginia -13.5,-12.5,54.5,57.5,-550.0,380.0,,2025.0,regular,1.0,2025-08-30T22:00:00.000Z,Virginia,ACC,fbs,48.0,Coastal Carolina,Sun Belt,fbs,7.0,ESPN Bet,-13.5,Virginia -13.5,-12.5,54.5,57.5,-550.0,380.0,
92,92,401756846,66,Iowa State,Big 12,,24,14-28,0.0,19,3-3,2,2.0,,,0,0.0,56.0,2.0,6.0,183,4.0,,2,33:52,,,,2.0,46,1,130,1.0,31.0,7.0,3-14,2.0,1-5,313,2,6.5,2.8,42.648936170212764,2025.0,648.93,14.0,28.0,0.5,3.0,3.0,1.0,3.0,14.0,0.21428571428571427,1.0,5.0,0.2,1,33.0,52,33,42.648936170212764,2025.0,regular,1.0,2025-08-23T16:00:00.000Z,Kansas State,Big 12,fbs,21.0,Iowa State,Big 12,fbs,24.0,ESPN Bet,-2.5,Kansas State -2.5,-3.0,51.5,49.5,-145.0,125.0,,2025.0,regular,1.0,2025-08-23T16:00:00.000Z,Kansas State,Big 12,fbs,21.0,Iowa State,Big 12,fbs,24.0,ESPN Bet,-2.5,Kansas State -2.5,-3.0,51.5,49.5,-145.0,125.0,
93,93,401756846,2306,Kansas State,Big 12,,21,21-30,0.0,13,1-4,2,2.0,,,0,0.0,66.0,3.0,3.0,273,6.0,,2,26:08,0.0,0.0,1.0,3.0,27,1,110,4.0,40.0,6.0,5-13,2.0,6-48,383,2,9.1,4.1,52.62721893491124,2025.0,705.85,21.0,30.0,0.7,1.0,4.0,0.25,5.0,13.0,0.38461538461538464,6.0,48.0,0.125,0,26.0,8,26,52.62721893491124,2025.0,regular,1.0,2025-08-23T16:00:00.000Z,Kansas State,Big 12,fbs,21.0,Iowa State,Big 12,fbs,24.0,ESPN Bet,-2.5,Kansas State -2.5,-3.0,51.5,49.5,-145.0,125.0,,2025.0,regular,1.0,2025-08-23T16:00:00.000Z,Kansas State,Big 12,fbs,21.0,Iowa State,Big 12,fbs,24.0,ESPN Bet,-2.5,Kansas State -2.5,-3.0,51.5,49.5,-145.0,125.0,
94,94,401756847,278,Fresno State,Mountain West,,7,18-29,0.0,13,1-2,1,0.0,,,2,,,,1.0,179,0.0,,0,26:52,0.0,1.0,2.0,2.0,29,1,37,1.0,38.0,5.0,7-15,2.0,4-50,216,3,6.2,1.3,51.57232704402516,2025.0,586.84,18.0,29.0,0.6206896551724138,1.0,2.0,0.5,7.0,15.0,0.4666666666666667,4.0,50.0,0.08,0,26.0,52,26,51.57232704402516,2025.0,regular,1.0,2025-08-23T22:30:00.000Z,Kansas,Big 12,fbs,31.0,Fresno State,Mountain West,fbs,7.0,ESPN Bet,-14.5,Kansas -14.5,-13.5,50.5,51.5,-650.0,425.0,,2025.0,regular,1.0,2025-08-23T22:30:00.000Z,Kansas,Big 12,fbs,31.0,Fresno State,Mountain West,fbs,7.0,ESPN Bet,-14.5,Kansas -14.5,-13.5,50.5,51.5,-650.0,425.0,
95,95,401756847,2305,Kansas,Big 12,,31,18-20,0.0,22,2-3,0,1.0,0.0,0.0,0,0.0,14.0,1.0,7.0,176,4.0,2.0,3,33:08,0.0,0.0,1.0,4.0,38,1,207,3.0,35.0,10.0,2-10,1.0,9-72,383,0,8.8,5.4,45.375,2025.0,705.32,18.0,20.0,0.9,2.0,3.0,0.6666666666666666,2.0,10.0,0.2,9.0,72.0,0.125,1,33.0,8,33,45.375,2025.0,regular,1.0,2025-08-23T22:30:00.000Z,Kansas,Big 12,fbs,31.0,Fresno State,Mountain West,fbs,7.0,ESPN Bet,-14.5,Kansas -14.5,-13.5,50.5,51.5,-650.0,425.0,,2025.0,regular,1.0,2025-08-23T22:30:00.000Z,Kansas,Big 12,fbs,31.0,Fresno State,Mountain West,fbs,7.0,ESPN Bet,-14.5,Kansas -14.5,-13.5,50.5,51.5,-650.0,425.0,
96,96,401756848,55,Jacksonville State,Conference USA,,10,16-30,0.0,18,4-6,0,1.0,,,1,0.0,40.0,2.0,4.0,157,2.0,,0,28:04,,,,1.0,39,1,165,2.0,44.0,5.0,3-15,0.0,7-60,322,1,5.2,4.2,56.60215053763441,2025.0,519.93,16.0,30.0,0.5333333333333333,4.0,6.0,0.6666666666666666,3.0,15.0,0.2,7.0,60.0,0.11666666666666667,0,28.0,4,28,56.60215053763441,2025.0,regular,1.0,2025-08-28T23:00:00.000Z,UCF,Big 12,fbs,17.0,Jacksonville State,Conference USA,fbs,10.0,ESPN Bet,-20.5,UCF -20.5,-16.5,52.5,53.5,-1800.0,900.0,,2025.0,regular,1.0,2025-08-28T23:00:00.000Z,UCF,Big 12,fbs,17.0,Jacksonville State,Conference USA,fbs,10.0,ESPN Bet,-20.5,UCF -20.5,-16.5,52.5,53.5,-1800.0,900.0,
97,97,401756848,2116,UCF,Big 12,,17,22-33,0.0,23,2-2,1,0.0,0.0,0.0,0,0.0,34.0,2.0,5.0,314,5.0,1.0,2,31:56,0.0,21.0,1.0,1.0,36,0,110,2.0,44.0,6.0,7-15,3.0,9-80,424,1,9.5,3.1,49.946236559139784,2025.0,709.99,22.0,33.0,0.6666666666666666,2.0,2.0,1.0,7.0,15.0,0.4666666666666667,9.0,80.0,0.1125,1,31.0,56,31,49.946236559139784,2025.0,regular,1.0,2025-08-28T23:00:00.000Z,UCF,Big 12,fbs,17.0,Jacksonville State,Conference USA,fbs,10.0,ESPN Bet,-20.5,UCF -20.5,-16.5,52.5,53.5,-1800.0,900.0,,2025.0,regular,1.0,2025-08-28T23:00:00.000Z,UCF,Big 12,fbs,17.0,Jacksonville State,Conference USA,fbs,10.0,ESPN Bet,-20.5,UCF -20.5,-16.5,52.5,53.5,-1800.0,900.0,
98,98,401756849,62,Hawai'i,Mountain West,,6,26-47,0.0,21,1-2,2,0.0,,,3,,,,6.0,223,1.0,,0,35:44,,,,1.0,28,0,70,2.0,31.0,5.0,4-14,2.0,7-65,293,5,4.7,2.5,52.88,2025.0,481.2,26.0,47.0,0.5531914893617021,1.0,2.0,0.5,4.0,14.0,0.2857142857142857,7.0,65.0,0.1076923076923077,0,35.0,44,35,52.88,2025.0,regular,1.0,2025-08-31T02:30:00.000Z,Arizona,Big 12,fbs,40.0,Hawai'i,Mountain West,fbs,6.0,ESPN Bet,-15.5,Arizona -15.5,-13.5,55.5,56.5,-700.0,450.0,,2025.0,regular,1.0,2025-08-31T02:30:00.000Z,Arizona,Big 12,fbs,40.0,Hawai'i,Mountain West,fbs,6.0,ESPN Bet,-15.5,Arizona -15.5,-13.5,55.5,56.5,-700.0,450.0,
99,99,401756849,12,Arizona,Big 12,,40,13-23,0.0,16,2-2,0,2.0,0.0,35.0,0,,,,10.0,161,5.0,3.0,1,24:16,0.0,53.0,2.0,8.0,32,4,185,5.0,30.0,10.0,3-11,1.0,8-54,346,0,7.0,5.8,45.78481012658228,2025.0,651.62,13.0,23.0,0.5652173913043478,2.0,2.0,1.0,3.0,11.0,0.2727272727272727,8.0,54.0,0.14814814814814814,1,24.0,16,24,45.78481012658228,2025.0,regular,1.0,2025-08-31T02:30:00.000Z,Arizona,Big 12,fbs,40.0,Hawai'i,Mountain West,fbs,6.0,ESPN Bet,-15.5,Arizona -15.5,-13.5,55.5,56.5,-700.0,450.0,,2025.0,regular,1.0,2025-08-31T02:30:00.000Z,Arizona,Big 12,fbs,40.0,Hawai'i,Mountain West,fbs,6.0,ESPN Bet,-15.5,Arizona -15.5,-13.5,55.5,56.5,-700.0,450.0,
100,100,401756850,9,Arizona State,Big 12,,38,25-39,0.0,21,2-3,0,0.0,0.0,0.0,1,0.0,38.0,2.0,8.0,257,5.0,1.0,2,28:26,0.0,31.0,2.0,8.0,21,3,203,3.0,40.0,8.0,1-10,1.0,12-93,460,1,6.6,9.7,56.70786516853933,2025.0,738.52,25.0,39.0,0.6410256410256411,2.0,3.0,0.6666666666666666,1.0,10.0,0.1,12.0,93.0,0.12903225806451613,1,28.0,26,28,56.70786516853933,2025.0,regular,1.0,2025-08-31T02:00:00.000Z,Arizona State,Big 12,fbs,38.0,Northern Arizona,Big Sky,fcs,19.0,ESPN Bet,-29.5,Arizona State -29.5,-28.5,52.5,52.5,,,,2025.0,regular,1.0,2025-08-31T02:00:00.000Z,Arizona State,Big 12,fbs,38.0,Northern Arizona,Big Sky,fcs,19.0,ESPN Bet,-29.5,Arizona State -29.5,-28.5,52.5,52.5,,,
101,101,401756850,2464,Northern Arizona,Big Sky,,19,26-42,0.0,20,3-5,0,,0.0,0.0,1,0.0,84.0,4.0,7.0,242,5.0,1.0,1,31:34,0.0,27.0,4.0,1.0,29,1,89,2.0,35.0,5.0,2-15,,6-45,331,1,5.8,3.1,47.81188118811881,,,26.0,42.0,0.6190476190476191,3.0,5.0,0.6,2.0,15.0,0.13333333333333333,6.0,45.0,0.13333333333333333,0,31.0,34,31,47.81188118811881,2025.0,regular,1.0,2025-08-31T02:00:00.000Z,Arizona State,Big 12,fbs,38.0,Northern Arizona,Big Sky,fcs,19.0,ESPN Bet,-29.5,Arizona State -29.5,-28.5,52.5,52.5,,,,2025.0,regular,1.0,2025-08-31T02:00:00.000Z,Arizona State,Big 12,fbs,38.0,Northern Arizona,Big Sky,fcs,19.0,ESPN Bet,-29.5,Arizona State -29.5,-28.5,52.5,52.5,,,
102,102,401756851,252,BYU,Big 12,,69,12-18,0.0,28,1-1,1,1.0,,,0,,,,15.0,138,1.0,,3,34:22,0.0,65.0,7.0,6.0,48,5,468,2.0,24.0,9.0,6-10,1.0,5-55,606,1,7.7,9.8,44.637362637362635,2025.0,649.36,12.0,18.0,0.6666666666666666,1.0,1.0,1.0,6.0,10.0,0.6,5.0,55.0,0.09090909090909091,1,34.0,22,34,44.637362637362635,2025.0,regular,1.0,2025-08-31T00:00:00.000Z,BYU,Big 12,fbs,69.0,Portland State,Big Sky,fcs,0.0,ESPN Bet,-44.5,BYU -44.5,-34.5,62.5,56.5,-50000.0,3500.0,,2025.0,regular,1.0,2025-08-31T00:00:00.000Z,BYU,Big 12,fbs,69.0,Portland State,Big Sky,fcs,0.0,ESPN Bet,-44.5,BYU -44.5,-34.5,62.5,56.5,-50000.0,3500.0,
103,103,401756851,2502,Portland State,Big Sky,,0,10-20,0.0,3,0-0,1,1.0,,,0,0.0,17.0,2.0,0.0,56,3.0,,0,25:38,,,,0.0,22,0,-3,0.0,32.0,0.0,1-13,2.0,4-20,53,1,2.8,-0.1,66.01156069364161,,,10.0,20.0,0.5,0.0,0.0,0.0,1.0,13.0,0.07692307692307693,4.0,20.0,0.2,0,25.0,38,25,66.01156069364161,2025.0,regular,1.0,2025-08-31T00:00:00.000Z,BYU,Big 12,fbs,69.0,Portland State,Big Sky,fcs,0.0,ESPN Bet,-44.5,BYU -44.5,-34.5,62.5,56.5,-50000.0,3500.0,,2025.0,regular,1.0,2025-08-31T00:00:00.000Z,BYU,Big 12,fbs,69.0,Portland State,Big Sky,fcs,0.0,ESPN Bet,-44.5,BYU -44.5,-34.5,62.5,56.5,-50000.0,3500.0,
104,104,401756852,248,Houston,Big 12,,27,16-27,0.0,18,0-1,0,0.0,0.0,17.0,0,,,,9.0,152,7.0,2.0,3,34:49,0.0,18.0,3.0,4.0,46,0,191,2.0,33.0,5.0,7-17,1.0,8-65,343,0,5.6,4.2,51.791666666666664,2025.0,656.74,16.0,27.0,0.5925925925925926,0.0,1.0,0.0,7.0,17.0,0.4117647058823529,8.0,65.0,0.12307692307692308,1,34.0,49,34,51.791666666666664,2025.0,regular,1.0,2025-08-29T00:00:00.000Z,Houston,Big 12,fbs,27.0,Stephen F. Austin,Southland,fcs,0.0,ESPN Bet,-23.5,Houston -23.5,-22.5,54.5,55.5,-3000.0,1200.0,,2025.0,regular,1.0,2025-08-29T00:00:00.000Z,Houston,Big 12,fbs,27.0,Stephen F. Austin,Southland,fcs,0.0,ESPN Bet,-23.5,Houston -23.5,-22.5,54.5,55.5,-3000.0,1200.0,
105,105,401756852,2617,Stephen F. Austin,Southland,,0,17-33,0.0,7,0-3,0,0.0,,,2,0.0,23.0,1.0,,105,3.0,,0,25:11,0.0,27.0,2.0,3.0,25,0,39,1.0,40.0,8.0,3-16,1.0,7-60,144,2,3.2,1.6,68.45205479452055,,,17.0,33.0,0.5151515151515151,0.0,3.0,0.0,3.0,16.0,0.1875,7.0,60.0,0.11666666666666667,0,25.0,11,25,68.45205479452055,2025.0,regular,1.0,2025-08-29T00:00:00.000Z,Houston,Big 12,fbs,27.0,Stephen F. Austin,Southland,fcs,0.0,ESPN Bet,-23.5,Houston -23.5,-22.5,54.5,55.5,-3000.0,1200.0,,2025.0,regular,1.0,2025-08-29T00:00:00.000Z,Houston,Big 12,fbs,27.0,Stephen F. Austin,Southland,fcs,0.0,ESPN Bet,-23.5,Houston -23.5,-22.5,54.5,55.5,-3000.0,1200.0,
106,106,401756853,66,Iowa State,Big 12,,55,23-25,0.0,28,0-0,0,,0.0,22.0,0,,,,13.0,306,3.0,2.0,3,35:18,0.0,117.0,2.0,4.0,42,4,223,0.0,17.0,4.0,9-10,,3-30,529,0,12.2,5.3,42.648936170212764,2025.0,648.93,23.0,25.0,0.92,0.0,0.0,0.0,9.0,10.0,0.9,3.0,30.0,0.1,1,35.0,18,35,42.648936170212764,2025.0,regular,1.0,2025-08-30T19:30:00.000Z,Iowa State,Big 12,fbs,55.0,South Dakota,MVFC,fcs,7.0,ESPN Bet,-13.5,Iowa State -13.5,-15.5,47.5,46.5,-800.0,500.0,,2025.0,regular,1.0,2025-08-30T19:30:00.000Z,Iowa State,Big 12,fbs,55.0,South Dakota,MVFC,fcs,7.0,ESPN Bet,-13.5,Iowa State -13.5,-15.5,47.5,46.5,-800.0,500.0,
107,107,401756853,233,South Dakota,MVFC,,7,15-29,0.0,11,0-1,0,0.0,,,2,0.0,47.0,3.0,1.0,126,0.0,,1,24:42,,,,0.0,21,0,82,0.0,31.0,2.0,5-12,1.0,5-36,208,2,4.3,3.9,60.986111111111114,,,15.0,29.0,0.5172413793103449,0.0,1.0,0.0,5.0,12.0,0.4166666666666667,5.0,36.0,0.1388888888888889,0,24.0,42,24,60.986111111111114,2025.0,regular,1.0,2025-08-30T19:30:00.000Z,Iowa State,Big 12,fbs,55.0,South Dakota,MVFC,fcs,7.0,ESPN Bet,-13.5,Iowa State -13.5,-15.5,47.5,46.5,-800.0,500.0,,2025.0,regular,1.0,2025-08-30T19:30:00.000Z,Iowa State,Big 12,fbs,55.0,South Dakota,MVFC,fcs,7.0,ESPN Bet,-13.5,Iowa State -13.5,-15.5,47.5,46.5,-800.0,500.0,
108,108,401756854,2305,Kansas,Big 12,,46,23-34,0.0,32,1-2,1,0.0,,,1,0.0,34.0,1.0,8.0,346,2.0,,4,33:15,0.0,62.0,9.0,4.0,44,2,285,3.0,32.0,9.0,4-10,1.0,6-55,631,2,10.2,6.5,45.375,2025.0,705.32,23.0,34.0,0.6764705882352942,1.0,2.0,0.5,4.0,10.0,0.4,6.0,55.0,0.10909090909090909,1,33.0,15,33,45.375,2025.0,regular,1.0,2025-08-29T23:30:00.000Z,Kansas,Big 12,fbs,46.0,Wagner,NEC,fcs,7.0,ESPN Bet,-45.5,Kansas -45.5,-45.5,57.5,56.5,,,,2025.0,regular,1.0,2025-08-29T23:30:00.000Z,Kansas,Big 12,fbs,46.0,Wagner,NEC,fcs,7.0,ESPN Bet,-45.5,Kansas -45.5,-45.5,57.5,56.5,,,
109,109,401756854,2681,Wagner,NEC,,7,13-20,0.0,6,1-1,0,1.0,0.0,0.0,0,,,,1.0,90,2.0,1.0,1,26:45,,,,0.0,28,0,53,0.0,60.0,0.0,2-14,0.0,10-70,143,0,4.5,1.9,69.52857142857142,,,13.0,20.0,0.65,1.0,1.0,1.0,2.0,14.0,0.14285714285714285,10.0,70.0,0.14285714285714285,0,26.0,45,26,69.52857142857142,2025.0,regular,1.0,2025-08-29T23:30:00.000Z,Kansas,Big 12,fbs,46.0,Wagner,NEC,fcs,7.0,ESPN Bet,-45.5,Kansas -45.5,-45.5,57.5,56.5,,,,2025.0,regular,1.0,2025-08-29T23:30:00.000Z,Kansas,Big 12,fbs,46.0,Wagner,NEC,fcs,7.0,ESPN Bet,-45.5,Kansas -45.5,-45.5,57.5,56.5,,,
110,110,401756855,2306,Kansas State,Big 12,,38,28-43,0.0,22,2-3,1,1.0,,,0,0.0,130.0,5.0,8.0,318,4.0,,3,28:46,0.0,23.0,3.0,6.0,27,2,146,3.0,43.0,10.0,5-13,2.0,3-36,464,1,7.4,5.4,52.62721893491124,2025.0,705.85,28.0,43.0,0.6511627906976745,2.0,3.0,0.6666666666666666,5.0,13.0,0.38461538461538464,3.0,36.0,0.08333333333333333,1,28.0,46,28,52.62721893491124,2025.0,regular,1.0,2025-08-30T23:00:00.000Z,Kansas State,Big 12,fbs,38.0,North Dakota,MVFC,fcs,35.0,ESPN Bet,-27.5,Kansas State -27.5,-28.5,55.5,57.5,-5000.0,1500.0,,2025.0,regular,1.0,2025-08-30T23:00:00.000Z,Kansas State,Big 12,fbs,38.0,North Dakota,MVFC,fcs,35.0,ESPN Bet,-27.5,Kansas State -27.5,-28.5,55.5,57.5,-5000.0,1500.0,
111,111,401756855,155,North Dakota,MVFC,,35,24-39,0.0,23,1-2,1,1.0,,,0,0.0,28.0,1.0,5.0,252,5.0,,1,31:14,0.0,20.0,2.0,3.0,33,4,102,1.0,46.0,3.0,5-14,2.0,4-30,354,1,6.5,3.1,54.292929292929294,,,24.0,39.0,0.6153846153846154,1.0,2.0,0.5,5.0,14.0,0.35714285714285715,4.0,30.0,0.13333333333333333,0,31.0,14,31,54.292929292929294,2025.0,regular,1.0,2025-08-30T23:00:00.000Z,Kansas State,Big 12,fbs,38.0,North Dakota,MVFC,fcs,35.0,ESPN Bet,-27.5,Kansas State -27.5,-28.5,55.5,57.5,-5000.0,1500.0,,2025.0,regular,1.0,2025-08-30T23:00:00.000Z,Kansas State,Big 12,fbs,38.0,North Dakota,MVFC,fcs,35.0,ESPN Bet,-27.5,Kansas State -27.5,-28.5,55.5,57.5,-5000.0,1500.0,
112,112,401756876,197,Oklahoma State,Big 12,,27,18-30,0.0,20,1-1,0,,0.0,1.0,0,0.0,41.0,2.0,9.0,232,2.0,1.0,1,31:21,0.0,17.0,3.0,7.0,42,2,127,4.0,34.0,9.0,10-18,,5-55,359,0,7.7,3.0,50.78651685393258,2025.0,702.74,18.0,30.0,0.6,1.0,1.0,1.0,10.0,18.0,0.5555555555555556,5.0,55.0,0.09090909090909091,1,31.0,21,31,50.78651685393258,2025.0,regular,1.0,2025-08-28T23:30:00.000Z,Oklahoma State,Big 12,fbs,27.0,UT Martin,Big South-OVC,fcs,7.0,ESPN Bet,,,-22.5,56.5,55.5,-4000.0,1300.0,,2025.0,regular,1.0,2025-08-28T23:30:00.000Z,Oklahoma State,Big 12,fbs,27.0,UT Martin,Big South-OVC,fcs,7.0,ESPN Bet,,,-22.5,56.5,55.5,-4000.0,1300.0,
113,113,401756876,2630,UT Martin,Big South-OVC,,7,10-17,0.0,13,0-0,0,,,,1,,,,1.0,109,2.0,,1,28:39,0.0,0.0,1.0,2.0,38,0,116,2.0,45.0,9.0,6-15,,7-50,225,1,6.4,3.1,61.666666666666664,,,10.0,17.0,0.5882352941176471,0.0,0.0,0.0,6.0,15.0,0.4,7.0,50.0,0.14,0,28.0,39,28,61.666666666666664,2025.0,regular,1.0,2025-08-28T23:30:00.000Z,Oklahoma State,Big 12,fbs,27.0,UT Martin,Big South-OVC,fcs,7.0,ESPN Bet,,,-22.5,56.5,55.5,-4000.0,1300.0,,2025.0,regular,1.0,2025-08-28T23:30:00.000Z,Oklahoma State,Big 12,fbs,27.0,UT Martin,Big South-OVC,fcs,7.0,ESPN Bet,,,-22.5,56.5,55.5,-4000.0,1300.0,
114,114,401756877,2029,Arkansas-Pine Bluff,SWAC,,7,17-33,0.0,11,1-2,0,0.0,,,1,0.0,18.0,1.0,1.0,122,0.0,,1,32:38,,,,1.0,26,0,53,0.0,44.0,2.0,4-15,2.0,4-31,175,1,3.7,2.0,59.46835443037975,,,17.0,33.0,0.5151515151515151,1.0,2.0,0.5,4.0,15.0,0.26666666666666666,4.0,31.0,0.12903225806451613,0,32.0,38,32,59.46835443037975,2025.0,regular,1.0,2025-08-30T23:30:00.000Z,Texas Tech,Big 12,fbs,67.0,Arkansas-Pine Bluff,SWAC,fcs,7.0,ESPN Bet,,,-53.0,62.5,62.5,,,,2025.0,regular,1.0,2025-08-30T23:30:00.000Z,Texas Tech,Big 12,fbs,67.0,Arkansas-Pine Bluff,SWAC,fcs,7.0,ESPN Bet,,,-53.0,62.5,62.5,,,
115,115,401756877,2641,Texas Tech,Big 12,,67,25-32,0.0,33,1-1,0,0.0,0.0,7.0,0,0.0,54.0,2.0,13.0,314,2.0,1.0,6,27:22,0.0,5.0,4.0,5.0,28,3,296,3.0,29.0,6.0,5-8,2.0,7-60,610,0,9.8,10.6,46.0625,2025.0,757.49,25.0,32.0,0.78125,1.0,1.0,1.0,5.0,8.0,0.625,7.0,60.0,0.11666666666666667,1,27.0,22,27,46.0625,2025.0,regular,1.0,2025-08-30T23:30:00.000Z,Texas Tech,Big 12,fbs,67.0,Arkansas-Pine Bluff,SWAC,fcs,7.0,ESPN Bet,,,-53.0,62.5,62.5,,,,2025.0,regular,1.0,2025-08-30T23:30:00.000Z,Texas Tech,Big 12,fbs,67.0,Arkansas-Pine Bluff,SWAC,fcs,7.0,ESPN Bet,,,-53.0,62.5,62.5,,,
116,116,401756878,277,West Virginia,Big 12,,45,18-23,0.0,26,1-2,4,2.0,,,0,0.0,48.0,2.0,9.0,232,2.0,,1,27:30,0.0,52.0,5.0,4.0,53,5,393,4.0,31.0,8.0,5-11,5.0,9-69,625,4,10.1,7.4,50.088235294117645,2025.0,662.33,18.0,23.0,0.782608695652174,1.0,2.0,0.5,5.0,11.0,0.45454545454545453,9.0,69.0,0.13043478260869565,1,27.0,30,27,50.088235294117645,2025.0,regular,1.0,2025-08-30T18:00:00.000Z,West Virginia,Big 12,fbs,45.0,Robert Morris,NEC,fcs,3.0,ESPN Bet,-43.5,West Virginia -43.5,-38.5,58.5,55.5,,,,2025.0,regular,1.0,2025-08-30T18:00:00.000Z,West Virginia,Big 12,fbs,45.0,Robert Morris,NEC,fcs,3.0,ESPN Bet,-43.5,West Virginia -43.5,-38.5,58.5,55.5,,,
117,117,401756878,2523,Robert Morris,NEC,,3,7-22,0.0,8,0-0,2,3.0,,,0,0.0,50.0,3.0,3.0,70,0.0,,0,32:30,,,,1.0,37,0,53,1.0,49.0,3.0,3-15,2.0,4-24,123,2,3.2,1.4,65.32098765432099,,,7.0,22.0,0.3181818181818182,0.0,0.0,0.0,3.0,15.0,0.2,4.0,24.0,0.16666666666666666,0,32.0,30,32,65.32098765432099,2025.0,regular,1.0,2025-08-30T18:00:00.000Z,West Virginia,Big 12,fbs,45.0,Robert Morris,NEC,fcs,3.0,ESPN Bet,-43.5,West Virginia -43.5,-38.5,58.5,55.5,,,,2025.0,regular,1.0,2025-08-30T18:00:00.000Z,West Virginia,Big 12,fbs,45.0,Robert Morris,NEC,fcs,3.0,ESPN Bet,-43.5,West Virginia -43.5,-38.5,58.5,55.5,,,
118,118,401757167,41,UConn,FBS Independents,,59,27-38,0.0,26,0-1,0,,,,0,0.0,84.0,4.0,11.0,388,6.0,,4,27:28,0.0,21.0,1.0,5.0,31,4,293,1.0,28.0,7.0,12-16,,8-78,681,0,10.2,9.5,50.81318681318681,2025.0,568.12,27.0,38.0,0.7105263157894737,0.0,1.0,0.0,12.0,16.0,0.75,8.0,78.0,0.10256410256410256,1,27.0,28,27,50.81318681318681,2025.0,regular,1.0,2025-08-30T18:00:00.000Z,UConn,FBS Independents,fbs,59.0,Central Connecticut,NEC,fcs,13.0,ESPN Bet,-29.5,UConn -29.5,-25.5,51.5,51.5,-7500.0,2000.0,,2025.0,regular,1.0,2025-08-30T18:00:00.000Z,UConn,FBS Independents,fbs,59.0,Central Connecticut,NEC,fcs,13.0,ESPN Bet,-29.5,UConn -29.5,-25.5,51.5,51.5,-7500.0,2000.0,
119,119,401757167,2115,Central Connecticut,NEC,,13,9-23,0.0,13,0-1,0,,,,0,0.0,30.0,1.0,7.0,129,4.0,,0,32:32,,,,3.0,40,1,128,1.0,42.0,3.0,5-16,,6-40,257,0,5.6,3.2,54.655913978494624,,,9.0,23.0,0.391304347826087,0.0,1.0,0.0,5.0,16.0,0.3125,6.0,40.0,0.15,0,32.0,32,32,54.655913978494624,2025.0,regular,1.0,2025-08-30T18:00:00.000Z,UConn,FBS Independents,fbs,59.0,Central Connecticut,NEC,fcs,13.0,ESPN Bet,-29.5,UConn -29.5,-25.5,51.5,51.5,-7500.0,2000.0,,2025.0,regular,1.0,2025-08-30T18:00:00.000Z,UConn,FBS Independents,fbs,59.0,Central Connecticut,NEC,fcs,13.0,ESPN Bet,-29.5,UConn -29.5,-25.5,51.5,51.5,-7500.0,2000.0,
120,120,401757218,98,Western Kentucky,Conference USA,,41,33-51,0.0,26,0-1,2,0.0,0.0,6.0,0,0.0,83.0,4.0,11.0,401,4.0,1.0,3,32:56,0.0,-3.0,1.0,2.0,35,2,105,2.0,31.0,9.0,11-19,2.0,2-17,506,2,7.9,3.0,49.375,2025.0,561.36,33.0,51.0,0.6470588235294118,0.0,1.0,0.0,11.0,19.0,0.5789473684210527,2.0,17.0,0.11764705882352941,1,32.0,56,32,49.375,2025.0,regular,1.0,2025-08-23T23:00:00.000Z,Western Kentucky,Conference USA,fbs,41.0,Sam Houston,Conference USA,fbs,24.0,ESPN Bet,-10.5,Western Kentucky -10.5,-9.5,60.5,61.5,-400.0,300.0,,2025.0,regular,1.0,2025-08-23T23:00:00.000Z,Western Kentucky,Conference USA,fbs,41.0,Sam Houston,Conference USA,fbs,24.0,ESPN Bet,-10.5,Western Kentucky -10.5,-9.5,60.5,61.5,-400.0,300.0,
121,121,401757218,2534,Sam Houston,Conference USA,,24,19-30,1.0,14,0-3,0,2.0,,,1,,,,6.0,209,5.0,,0,27:04,0.0,19.0,2.0,2.0,31,2,173,2.0,49.0,7.0,2-14,0.0,7-51,382,1,7.0,5.6,53.92178770949721,2025.0,477.35,19.0,30.0,0.6333333333333333,0.0,3.0,0.0,2.0,14.0,0.14285714285714285,7.0,51.0,0.13725490196078433,0,27.0,4,27,53.92178770949721,2025.0,regular,1.0,2025-08-23T23:00:00.000Z,Western Kentucky,Conference USA,fbs,41.0,Sam Houston,Conference USA,fbs,24.0,ESPN Bet,-10.5,Western Kentucky -10.5,-9.5,60.5,61.5,-400.0,300.0,,2025.0,regular,1.0,2025-08-23T23:00:00.000Z,Western Kentucky,Conference USA,fbs,41.0,Sam Houston,Conference USA,fbs,24.0,ESPN Bet,-10.5,Western Kentucky -10.5,-9.5,60.5,61.5,-400.0,300.0,
122,122,401757219,48,Delaware,Conference USA,,35,31-44,1.0,26,2-2,1,0.0,1.0,45.0,0,0.0,90.0,3.0,5.0,272,2.0,2.0,3,28:07,0.0,0.0,1.0,3.0,26,1,137,2.0,31.0,7.0,8-13,1.0,6-55,409,1,6.2,5.3,50.82022471910113,2025.0,242.85,31.0,44.0,0.7045454545454546,2.0,2.0,1.0,8.0,13.0,0.6153846153846154,6.0,55.0,0.10909090909090909,1,28.0,7,28,50.82022471910113,2025.0,regular,1.0,2025-08-28T23:00:00.000Z,Delaware,Conference USA,fbs,35.0,Delaware State,MEAC,fcs,17.0,ESPN Bet,-30.5,Delaware -30.5,-30.0,55.5,55.5,-10000.0,2500.0,,2025.0,regular,1.0,2025-08-28T23:00:00.000Z,Delaware,Conference USA,fbs,35.0,Delaware State,MEAC,fcs,17.0,ESPN Bet,-30.5,Delaware -30.5,-30.0,55.5,55.5,-10000.0,2500.0,
123,123,401757219,2169,Delaware State,MEAC,,17,13-26,0.0,21,2-2,0,1.0,,,2,0.0,19.0,1.0,5.0,149,3.0,,1,31:53,0.0,-5.0,1.0,3.0,41,1,200,2.0,37.0,3.0,6-14,3.0,13-109,349,2,5.7,4.9,53.770114942528735,,,13.0,26.0,0.5,2.0,2.0,1.0,6.0,14.0,0.42857142857142855,13.0,109.0,0.11926605504587157,0,31.0,53,31,53.770114942528735,2025.0,regular,1.0,2025-08-28T23:00:00.000Z,Delaware,Conference USA,fbs,35.0,Delaware State,MEAC,fcs,17.0,ESPN Bet,-30.5,Delaware -30.5,-30.0,55.5,55.5,-10000.0,2500.0,,2025.0,regular,1.0,2025-08-28T23:00:00.000Z,Delaware,Conference USA,fbs,35.0,Delaware State,MEAC,fcs,17.0,ESPN Bet,-30.5,Delaware -30.5,-30.0,55.5,55.5,-10000.0,2500.0,
124,124,401757220,311,Maine,CAA,,7,13-31,0.0,15,2-5,1,0.0,,,1,0.0,12.0,1.0,1.0,132,6.0,,0,26:26,,,,2.0,32,1,184,0.0,50.0,3.0,2-11,1.0,2-20,316,2,4.3,5.8,61.8125,,,13.0,31.0,0.41935483870967744,2.0,5.0,0.4,2.0,11.0,0.18181818181818182,2.0,20.0,0.1,0,26.0,26,26,61.8125,2025.0,regular,1.0,2025-08-30T20:00:00.000Z,Liberty,Conference USA,fbs,28.0,Maine,CAA,fcs,7.0,ESPN Bet,-25.5,Liberty -25.5,-25.5,50.5,52.5,-5000.0,1500.0,,2025.0,regular,1.0,2025-08-30T20:00:00.000Z,Liberty,Conference USA,fbs,28.0,Maine,CAA,fcs,7.0,ESPN Bet,-25.5,Liberty -25.5,-25.5,50.5,52.5,-5000.0,1500.0,
125,125,401757220,2335,Liberty,Conference USA,,28,19-33,0.0,22,1-2,0,1.0,0.0,0.0,0,0.0,55.0,2.0,4.0,197,2.0,1.0,3,33:34,0.0,4.0,1.0,1.0,40,1,194,3.0,27.0,6.0,11-19,0.0,4-40,391,0,6.0,4.9,46.83838383838384,2025.0,599.12,19.0,33.0,0.5757575757575758,1.0,2.0,0.5,11.0,19.0,0.5789473684210527,4.0,40.0,0.1,1,33.0,34,33,46.83838383838384,2025.0,regular,1.0,2025-08-30T20:00:00.000Z,Liberty,Conference USA,fbs,28.0,Maine,CAA,fcs,7.0,ESPN Bet,-25.5,Liberty -25.5,-25.5,50.5,52.5,-5000.0,1500.0,,2025.0,regular,1.0,2025-08-30T20:00:00.000Z,Liberty,Conference USA,fbs,28.0,Maine,CAA,fcs,7.0,ESPN Bet,-25.5,Liberty -25.5,-25.5,50.5,52.5,-5000.0,1500.0,
126,126,401757221,2348,Louisiana Tech,Conference USA,,24,14-19,1.0,14,0-1,0,1.0,0.0,25.0,0,0.0,41.0,1.0,6.0,130,6.0,2.0,1,32:07,0.0,25.0,3.0,0.0,32,1,133,4.0,33.0,11.0,3-10,0.0,5-50,263,0,6.8,4.2,52.80281690140845,2025.0,493.5,14.0,19.0,0.7368421052631579,0.0,1.0,0.0,3.0,10.0,0.3,5.0,50.0,0.1,1,32.0,7,32,52.80281690140845,2025.0,regular,1.0,2025-08-30T23:30:00.000Z,Louisiana Tech,Conference USA,fbs,24.0,SE Louisiana,Southland,fcs,0.0,ESPN Bet,-14.5,Louisiana Tech -14.5,-13.5,50.5,48.5,-750.0,475.0,,2025.0,regular,1.0,2025-08-30T23:30:00.000Z,Louisiana Tech,Conference USA,fbs,24.0,SE Louisiana,Southland,fcs,0.0,ESPN Bet,-14.5,Louisiana Tech -14.5,-13.5,50.5,48.5,-750.0,475.0,
127,127,401757221,2545,SE Louisiana,Southland,,0,15-31,0.0,18,0-2,1,0.0,,,2,,,,,145,2.0,,0,27:53,0.0,25.0,3.0,0.0,44,0,128,3.0,36.0,8.0,9-18,2.0,7-43,273,3,4.7,2.9,57.55913978494624,,,15.0,31.0,0.4838709677419355,0.0,2.0,0.0,9.0,18.0,0.5,7.0,43.0,0.16279069767441862,0,27.0,53,27,57.55913978494624,2025.0,regular,1.0,2025-08-30T23:30:00.000Z,Louisiana Tech,Conference USA,fbs,24.0,SE Louisiana,Southland,fcs,0.0,ESPN Bet,-14.5,Louisiana Tech -14.5,-13.5,50.5,48.5,-750.0,475.0,,2025.0,regular,1.0,2025-08-30T23:30:00.000Z,Louisiana Tech,Conference USA,fbs,24.0,SE Louisiana,Southland,fcs,0.0,ESPN Bet,-14.5,Louisiana Tech -14.5,-13.5,50.5,48.5,-750.0,475.0,
128,128,401757222,2046,Austin Peay,UAC,,34,14-27,0.0,19,1-1,0,0.0,,,0,,,,10.0,193,7.0,,2,38:35,0.0,62.0,2.0,4.0,47,2,150,5.0,26.0,8.0,7-17,2.0,9-88,343,0,7.1,3.2,51.53,,,14.0,27.0,0.5185185185185185,1.0,1.0,1.0,7.0,17.0,0.4117647058823529,9.0,88.0,0.10227272727272728,1,38.0,35,38,51.53,2025.0,regular,1.0,2025-08-30T23:00:00.000Z,Middle Tennessee,Conference USA,fbs,14.0,Austin Peay,UAC,fcs,34.0,ESPN Bet,-16.5,Middle Tennessee -16.5,-9.5,53.5,53.5,-800.0,500.0,,2025.0,regular,1.0,2025-08-30T23:00:00.000Z,Middle Tennessee,Conference USA,fbs,14.0,Austin Peay,UAC,fcs,34.0,ESPN Bet,-16.5,Middle Tennessee -16.5,-9.5,53.5,53.5,-800.0,500.0,
129,129,401757222,2393,Middle Tennessee,Conference USA,,14,16-37,0.0,13,1-4,0,,,,0,0.0,35.0,1.0,2.0,109,4.0,,2,21:25,0.0,15.0,3.0,5.0,22,0,44,3.0,34.0,7.0,0-12,,4-50,153,0,2.9,2.0,59.575,2025.0,520.55,16.0,37.0,0.43243243243243246,1.0,4.0,0.25,0.0,12.0,0.0,4.0,50.0,0.08,0,21.0,25,21,59.575,2025.0,regular,1.0,2025-08-30T23:00:00.000Z,Middle Tennessee,Conference USA,fbs,14.0,Austin Peay,UAC,fcs,34.0,ESPN Bet,-16.5,Middle Tennessee -16.5,-9.5,53.5,53.5,-800.0,500.0,,2025.0,regular,1.0,2025-08-30T23:00:00.000Z,Middle Tennessee,Conference USA,fbs,14.0,Austin Peay,UAC,fcs,34.0,ESPN Bet,-16.5,Middle Tennessee -16.5,-9.5,53.5,53.5,-800.0,500.0,
130,130,401757223,166,New Mexico State,Conference USA,,19,14-31,0.0,19,0-0,0,0.0,0.0,13.0,1,0.0,36.0,2.0,7.0,227,4.0,1.0,1,28:10,0.0,5.0,1.0,11.0,32,1,78,3.0,45.0,7.0,4-16,1.0,8-80,305,1,7.3,2.4,55.52808988764045,2025.0,402.9,14.0,31.0,0.45161290322580644,0.0,0.0,0.0,4.0,16.0,0.25,8.0,80.0,0.1,1,28.0,10,28,55.52808988764045,2025.0,regular,1.0,2025-08-31T01:00:00.000Z,New Mexico State,Conference USA,fbs,19.0,Bryant,CAA,fcs,3.0,ESPN Bet,-19.5,New Mexico State -19.5,-19.5,52.5,53.5,-1200.0,700.0,,2025.0,regular,1.0,2025-08-31T01:00:00.000Z,New Mexico State,Conference USA,fbs,19.0,Bryant,CAA,fcs,3.0,ESPN Bet,-19.5,New Mexico State -19.5,-19.5,52.5,53.5,-1200.0,700.0,
131,131,401757223,2803,Bryant,CAA,,3,20-33,0.0,16,0-2,0,0.0,0.0,-1.0,1,,,,3.0,187,4.0,1.0,0,31:18,0.0,13.0,1.0,5.0,35,0,68,2.0,32.0,6.0,6-18,1.0,11-99,255,1,5.7,1.9,58.065934065934066,,,20.0,33.0,0.6060606060606061,0.0,2.0,0.0,6.0,18.0,0.3333333333333333,11.0,99.0,0.1111111111111111,0,31.0,18,31,58.065934065934066,2025.0,regular,1.0,2025-08-31T01:00:00.000Z,New Mexico State,Conference USA,fbs,19.0,Bryant,CAA,fcs,3.0,ESPN Bet,-19.5,New Mexico State -19.5,-19.5,52.5,53.5,-1200.0,700.0,,2025.0,regular,1.0,2025-08-31T01:00:00.000Z,New Mexico State,Conference USA,fbs,19.0,Bryant,CAA,fcs,3.0,ESPN Bet,-19.5,New Mexico State -19.5,-19.5,52.5,53.5,-1200.0,700.0,
132,132,401757224,2534,Sam Houston,Conference USA,,21,19-35,0.0,20,3-6,0,0.0,0.0,0.0,1,0.0,96.0,4.0,1.0,187,2.0,1.0,1,30:18,0.0,0.0,1.0,0.0,35,2,145,1.0,38.0,5.0,1-12,1.0,5-48,332,1,5.3,4.1,53.92178770949721,2025.0,477.35,19.0,35.0,0.5428571428571428,3.0,6.0,0.5,1.0,12.0,0.08333333333333333,5.0,48.0,0.10416666666666667,0,30.0,18,30,53.92178770949721,2025.0,regular,1.0,2025-08-30T01:30:00.000Z,Sam Houston,Conference USA,fbs,21.0,UNLV,Mountain West,fbs,38.0,ESPN Bet,8.5,UNLV -8.5,13.0,60.5,58.5,250.0,-300.0,,2025.0,regular,1.0,2025-08-30T01:30:00.000Z,Sam Houston,Conference USA,fbs,21.0,UNLV,Mountain West,fbs,38.0,ESPN Bet,8.5,UNLV -8.5,13.0,60.5,58.5,250.0,-300.0,
133,133,401757224,2439,UNLV,Mountain West,,38,19-23,1.0,20,1-1,0,0.0,1.0,52.0,1,0.0,30.0,1.0,8.0,249,2.0,1.0,2,29:42,0.0,4.0,1.0,2.0,33,2,155,4.0,50.0,7.0,5-9,2.0,8-92,404,1,10.8,4.7,48.899371069182386,2025.0,700.54,19.0,23.0,0.8260869565217391,1.0,1.0,1.0,5.0,9.0,0.5555555555555556,8.0,92.0,0.08695652173913043,1,29.0,42,29,48.899371069182386,2025.0,regular,1.0,2025-08-30T01:30:00.000Z,Sam Houston,Conference USA,fbs,21.0,UNLV,Mountain West,fbs,38.0,ESPN Bet,8.5,UNLV -8.5,13.0,60.5,58.5,250.0,-300.0,,2025.0,regular,1.0,2025-08-30T01:30:00.000Z,Sam Houston,Conference USA,fbs,21.0,UNLV,Mountain West,fbs,38.0,ESPN Bet,8.5,UNLV -8.5,13.0,60.5,58.5,250.0,-300.0,
134,134,401757225,328,Utah State,Mountain West,,28,19-28,0.0,18,0-0,0,,0.0,0.0,0,0.0,35.0,2.0,8.0,233,2.0,1.0,1,30:37,0.0,22.0,5.0,2.0,31,2,129,2.0,41.0,7.0,2-12,,11-73,362,0,8.3,4.2,57.69879518072289,2025.0,503.59,19.0,28.0,0.6785714285714286,0.0,0.0,0.0,2.0,12.0,0.16666666666666666,11.0,73.0,0.1506849315068493,1,30.0,37,30,57.69879518072289,2025.0,regular,1.0,2025-08-30T23:30:00.000Z,Utah State,Mountain West,fbs,28.0,UTEP,Conference USA,fbs,16.0,ESPN Bet,-4.5,Utah State -4.5,-3.5,58.5,58.5,-200.0,170.0,,2025.0,regular,1.0,2025-08-30T23:30:00.000Z,Utah State,Mountain West,fbs,28.0,UTEP,Conference USA,fbs,16.0,ESPN Bet,-4.5,Utah State -4.5,-3.5,58.5,58.5,-200.0,170.0,
135,135,401757225,2638,UTEP,Conference USA,,16,23-36,0.0,19,2-2,0,,,,1,0.0,49.0,3.0,4.0,181,4.0,,1,29:23,0.0,24.0,5.0,2.0,35,1,103,6.0,37.0,12.0,4-15,,7-63,284,1,5.0,2.9,63.365591397849464,2025.0,551.88,23.0,36.0,0.6388888888888888,2.0,2.0,1.0,4.0,15.0,0.26666666666666666,7.0,63.0,0.1111111111111111,0,29.0,23,29,63.365591397849464,2025.0,regular,1.0,2025-08-30T23:30:00.000Z,Utah State,Mountain West,fbs,28.0,UTEP,Conference USA,fbs,16.0,ESPN Bet,-4.5,Utah State -4.5,-3.5,58.5,58.5,-200.0,170.0,,2025.0,regular,1.0,2025-08-30T23:30:00.000Z,Utah State,Mountain West,fbs,28.0,UTEP,Conference USA,fbs,16.0,ESPN Bet,-4.5,Utah State -4.5,-3.5,58.5,58.5,-200.0,170.0,
136,136,401757226,98,Western Kentucky,Conference USA,,55,30-39,0.0,26,1-2,0,1.0,,,0,,,,13.0,399,6.0,,6,30:11,0.0,10.0,1.0,3.0,32,1,165,2.0,42.0,7.0,5-12,0.0,12-130,564,0,10.2,5.2,49.375,2025.0,561.36,30.0,39.0,0.7692307692307693,1.0,2.0,0.5,5.0,12.0,0.4166666666666667,12.0,130.0,0.09230769230769231,1,30.0,11,30,49.375,2025.0,regular,1.0,2025-08-30T23:00:00.000Z,Western Kentucky,Conference USA,fbs,55.0,North Alabama,UAC,fcs,6.0,ESPN Bet,-27.5,Western Kentucky -27.5,-28.0,60.5,60.5,-4000.0,1300.0,,2025.0,regular,1.0,2025-08-30T23:00:00.000Z,Western Kentucky,Conference USA,fbs,55.0,North Alabama,UAC,fcs,6.0,ESPN Bet,-27.5,Western Kentucky -27.5,-28.0,60.5,60.5,-4000.0,1300.0,
137,137,401757226,2453,North Alabama,UAC,,6,16-35,0.0,17,0-3,1,0.0,,,0,0.0,27.0,2.0,6.0,105,2.0,,0,29:49,0.0,-6.0,2.0,1.0,37,0,153,0.0,40.0,2.0,5-17,2.0,7-80,258,1,3.0,4.1,58.1875,,,16.0,35.0,0.45714285714285713,0.0,3.0,0.0,5.0,17.0,0.29411764705882354,7.0,80.0,0.0875,0,29.0,49,29,58.1875,2025.0,regular,1.0,2025-08-30T23:00:00.000Z,Western Kentucky,Conference USA,fbs,55.0,North Alabama,UAC,fcs,6.0,ESPN Bet,-27.5,Western Kentucky -27.5,-28.0,60.5,60.5,-4000.0,1300.0,,2025.0,regular,1.0,2025-08-30T23:00:00.000Z,Western Kentucky,Conference USA,fbs,55.0,North Alabama,UAC,fcs,6.0,ESPN Bet,-27.5,Western Kentucky -27.5,-28.0,60.5,60.5,-4000.0,1300.0,
138,138,401760357,21,San Diego State,Mountain West,,42,16-29,0.0,24,3-4,0,,,,0,,,,10.0,236,3.0,,1,37:25,0.0,89.0,9.0,10.0,54,4,228,3.0,16.0,5.0,9-19,,7-65,453,0,8.1,4.2,39.642857142857146,2025.0,594.27,16.0,29.0,0.5517241379310345,3.0,4.0,0.75,9.0,19.0,0.47368421052631576,7.0,65.0,0.1076923076923077,1,37.0,25,37,39.642857142857146,2025.0,regular,1.0,2025-08-29T02:00:00.000Z,San Diego State,Mountain West,fbs,42.0,Stony Brook,CAA,fcs,0.0,ESPN Bet,,,-16.0,53.5,53.5,-1600.0,800.0,,2025.0,regular,1.0,2025-08-29T02:00:00.000Z,San Diego State,Mountain West,fbs,42.0,Stony Brook,CAA,fcs,0.0,ESPN Bet,,,-16.0,53.5,53.5,-1600.0,800.0,
139,139,401760357,2619,Stony Brook,CAA,,0,9-25,0.0,6,1-2,0,,,,0,0.0,35.0,2.0,,46,5.0,,0,22:35,,,,3.0,28,0,49,0.0,49.0,3.0,2-15,,4-28,95,0,1.8,1.8,69.29069767441861,,,9.0,25.0,0.36,1.0,2.0,0.5,2.0,15.0,0.13333333333333333,4.0,28.0,0.14285714285714285,0,22.0,35,22,69.29069767441861,2025.0,regular,1.0,2025-08-29T02:00:00.000Z,San Diego State,Mountain West,fbs,42.0,Stony Brook,CAA,fcs,0.0,ESPN Bet,,,-16.0,53.5,53.5,-1600.0,800.0,,2025.0,regular,1.0,2025-08-29T02:00:00.000Z,San Diego State,Mountain West,fbs,42.0,Stony Brook,CAA,fcs,0.0,ESPN Bet,,,-16.0,53.5,53.5,-1600.0,800.0,
140,140,401760358,23,San José State,Mountain West,,14,24-43,0.0,19,0-0,1,0.0,,,2,0.0,66.0,4.0,2.0,308,3.0,,2,26:15,,,,1.0,24,0,75,0.0,37.0,3.0,8-16,1.0,4-39,383,3,7.2,3.1,59.15625,2025.0,522.91,24.0,43.0,0.5581395348837209,0.0,0.0,0.0,8.0,16.0,0.5,4.0,39.0,0.10256410256410256,0,26.0,15,26,59.15625,2025.0,regular,1.0,2025-08-30T02:30:00.000Z,San José State,Mountain West,fbs,14.0,Central Michigan,Mid-American,fbs,16.0,ESPN Bet,-14.5,San José State -14.5,-11.5,51.5,50.5,-650.0,425.0,,2025.0,regular,1.0,2025-08-30T02:30:00.000Z,San José State,Mountain West,fbs,14.0,Central Michigan,Mid-American,fbs,16.0,ESPN Bet,-14.5,San José State -14.5,-11.5,51.5,50.5,-650.0,425.0,
141,141,401760358,2117,Central Michigan,Mid-American,,16,8-13,0.0,20,1-2,0,1.0,0.0,0.0,0,,,,10.0,115,5.0,2.0,0,33:45,,,,3.0,50,1,247,1.0,34.0,3.0,2-13,0.0,7-33,362,0,8.8,4.9,50.084210526315786,2025.0,481.16,8.0,13.0,0.6153846153846154,1.0,2.0,0.5,2.0,13.0,0.15384615384615385,7.0,33.0,0.21212121212121213,1,33.0,45,33,50.084210526315786,2025.0,regular,1.0,2025-08-30T02:30:00.000Z,San José State,Mountain West,fbs,14.0,Central Michigan,Mid-American,fbs,16.0,ESPN Bet,-14.5,San José State -14.5,-11.5,51.5,50.5,-650.0,425.0,,2025.0,regular,1.0,2025-08-30T02:30:00.000Z,San José State,Mountain West,fbs,14.0,Central Michigan,Mid-American,fbs,16.0,ESPN Bet,-14.5,San José State -14.5,-11.5,51.5,50.5,-650.0,425.0,
142,142,401760359,2005,Air Force,Mountain West,,49,6-9,1.0,23,1-1,0,1.0,0.0,3.0,0,,,,7.0,159,3.0,1.0,2,31:38,0.0,7.0,1.0,2.0,51,4,267,6.0,32.0,6.0,6-9,0.0,5-56,426,0,17.7,5.2,46.72289156626506,,,6.0,9.0,0.6666666666666666,1.0,1.0,1.0,6.0,9.0,0.6666666666666666,5.0,56.0,0.08928571428571429,1,31.0,38,31,46.72289156626506,2025.0,regular,1.0,2025-08-30T19:30:00.000Z,Air Force,Mountain West,fbs,49.0,Bucknell,Patriot,fcs,13.0,ESPN Bet,-30.5,Air Force -30.5,-31.0,53.5,56.5,-10000.0,2500.0,,2025.0,regular,1.0,2025-08-30T19:30:00.000Z,Air Force,Mountain West,fbs,49.0,Bucknell,Patriot,fcs,13.0,ESPN Bet,-30.5,Air Force -30.5,-31.0,53.5,56.5,-10000.0,2500.0,
143,143,401760359,2083,Bucknell,Patriot,,13,16-24,0.0,18,1-2,1,0.0,,,1,0.0,22.0,1.0,7.0,169,0.0,,1,28:22,,,,1.0,38,0,97,1.0,41.0,2.0,3-11,1.0,6-50,266,2,7.0,2.6,54.651162790697676,,,16.0,24.0,0.6666666666666666,1.0,2.0,0.5,3.0,11.0,0.2727272727272727,6.0,50.0,0.12,0,28.0,22,28,54.651162790697676,2025.0,regular,1.0,2025-08-30T19:30:00.000Z,Air Force,Mountain West,fbs,49.0,Bucknell,Patriot,fcs,13.0,ESPN Bet,-30.5,Air Force -30.5,-31.0,53.5,56.5,-10000.0,2500.0,,2025.0,regular,1.0,2025-08-30T19:30:00.000Z,Air Force,Mountain West,fbs,49.0,Bucknell,Patriot,fcs,13.0,ESPN Bet,-30.5,Air Force -30.5,-31.0,53.5,56.5,-10000.0,2500.0,
144,144,401760361,278,Fresno State,Mountain West,,42,20-27,0.0,29,1-1,1,0.0,0.0,0.0,2,0.0,17.0,1.0,10.0,176,6.0,1.0,0,38:01,0.0,55.0,3.0,0.0,44,5,351,0.0,19.0,2.0,6-10,1.0,2-25,527,3,6.5,8.0,51.57232704402516,2025.0,586.84,20.0,27.0,0.7407407407407407,1.0,1.0,1.0,6.0,10.0,0.6,2.0,25.0,0.08,1,38.0,1,38,51.57232704402516,2025.0,regular,1.0,2025-08-31T01:30:00.000Z,Fresno State,Mountain West,fbs,42.0,Georgia Southern,Sun Belt,fbs,14.0,ESPN Bet,1.5,Georgia Southern -1.5,-2.0,51.5,53.5,105.0,-125.0,,2025.0,regular,1.0,2025-08-31T01:30:00.000Z,Fresno State,Mountain West,fbs,42.0,Georgia Southern,Sun Belt,fbs,14.0,ESPN Bet,1.5,Georgia Southern -1.5,-2.0,51.5,53.5,105.0,-125.0,
145,145,401760361,290,Georgia Southern,Sun Belt,,14,17-28,0.0,13,0-0,0,1.0,0.0,0.0,1,0.0,64.0,4.0,2.0,158,1.0,2.0,2,21:59,,,,0.0,21,0,84,0.0,42.0,3.0,4-11,0.0,5-58,242,1,5.6,4.0,62.723076923076924,2025.0,574.48,17.0,28.0,0.6071428571428571,0.0,0.0,0.0,4.0,11.0,0.36363636363636365,5.0,58.0,0.08620689655172414,0,21.0,59,21,62.723076923076924,2025.0,regular,1.0,2025-08-31T01:30:00.000Z,Fresno State,Mountain West,fbs,42.0,Georgia Southern,Sun Belt,fbs,14.0,ESPN Bet,1.5,Georgia Southern -1.5,-2.0,51.5,53.5,105.0,-125.0,,2025.0,regular,1.0,2025-08-31T01:30:00.000Z,Fresno State,Mountain West,fbs,42.0,Georgia Southern,Sun Belt,fbs,14.0,ESPN Bet,1.5,Georgia Southern -1.5,-2.0,51.5,53.5,105.0,-125.0,
146,146,401760371,2439,UNLV,Mountain West,,38,18-24,0.0,25,1-1,1,0.0,0.0,35.0,0,0.0,43.0,2.0,8.0,232,6.0,4.0,1,31:12,,,,3.0,44,4,300,1.0,36.0,6.0,3-12,1.0,8-90,532,1,9.7,6.8,48.899371069182386,2025.0,700.54,18.0,24.0,0.75,1.0,1.0,1.0,3.0,12.0,0.25,8.0,90.0,0.08888888888888889,1,31.0,12,31,48.899371069182386,2025.0,regular,1.0,2025-08-23T20:00:00.000Z,UNLV,Mountain West,fbs,38.0,Idaho State,Big Sky,fcs,31.0,ESPN Bet,-30.5,UNLV -30.5,-24.5,67.5,64.5,-10000.0,2500.0,,2025.0,regular,1.0,2025-08-23T20:00:00.000Z,UNLV,Mountain West,fbs,38.0,Idaho State,Big Sky,fcs,31.0,ESPN Bet,-30.5,UNLV -30.5,-24.5,67.5,64.5,-10000.0,2500.0,
147,147,401760371,304,Idaho State,Big Sky,,31,31-52,0.0,30,1-3,0,1.0,,,4,0.0,53.0,2.0,7.0,395,0.0,,2,28:48,0.0,7.0,1.0,1.0,25,2,160,3.0,34.0,7.0,5-13,1.0,10-80,555,4,7.6,6.4,51.78378378378378,,,31.0,52.0,0.5961538461538461,1.0,3.0,0.3333333333333333,5.0,13.0,0.38461538461538464,10.0,80.0,0.125,0,28.0,48,28,51.78378378378378,2025.0,regular,1.0,2025-08-23T20:00:00.000Z,UNLV,Mountain West,fbs,38.0,Idaho State,Big Sky,fcs,31.0,ESPN Bet,-30.5,UNLV -30.5,-24.5,67.5,64.5,-10000.0,2500.0,,2025.0,regular,1.0,2025-08-23T20:00:00.000Z,UNLV,Mountain West,fbs,38.0,Idaho State,Big Sky,fcs,31.0,ESPN Bet,-30.5,UNLV -30.5,-24.5,67.5,64.5,-10000.0,2500.0,
148,148,401761588,2433,UL Monroe,Sun Belt,,29,14-26,0.0,22,2-2,0,0.0,0.0,0.0,1,,,,5.0,123,2.0,1.0,2,30:49,0.0,28.0,3.0,2.0,43,2,311,3.0,30.0,5.0,5-12,2.0,5-45,434,1,4.7,7.2,47.07446808510638,2025.0,473.34,14.0,26.0,0.5384615384615384,2.0,2.0,1.0,5.0,12.0,0.4166666666666667,5.0,45.0,0.1111111111111111,1,30.0,49,30,47.07446808510638,2025.0,regular,1.0,2025-08-28T23:00:00.000Z,UL Monroe,Sun Belt,fbs,29.0,St. Francis (PA),NEC,fcs,0.0,ESPN Bet,-30.5,UL Monroe -30.5,-30.5,47.5,46.5,,,,2025.0,regular,1.0,2025-08-28T23:00:00.000Z,UL Monroe,Sun Belt,fbs,29.0,St. Francis (PA),NEC,fcs,0.0,ESPN Bet,-30.5,UL Monroe -30.5,-30.5,47.5,46.5,,,
149,149,401761588,2598,St. Francis (PA),NEC,,0,12-20,0.0,7,0-1,0,,0.0,22.0,1,0.0,54.0,6.0,,50,3.0,1.0,0,29:11,,,,0.0,27,0,81,2.0,39.0,8.0,2-12,,6-58,131,1,2.5,3.0,69.6470588235294,,,12.0,20.0,0.6,0.0,1.0,0.0,2.0,12.0,0.16666666666666666,6.0,58.0,0.10344827586206896,0,29.0,11,29,69.6470588235294,2025.0,regular,1.0,2025-08-28T23:00:00.000Z,UL Monroe,Sun Belt,fbs,29.0,St. Francis (PA),NEC,fcs,0.0,ESPN Bet,-30.5,UL Monroe -30.5,-30.5,47.5,46.5,,,,2025.0,regular,1.0,2025-08-28T23:00:00.000Z,UL Monroe,Sun Belt,fbs,29.0,St. Francis (PA),NEC,fcs,0.0,ESPN Bet,-30.5,UL Monroe -30.5,-30.5,47.5,46.5,,,
150,150,401761589,2026,App State,Sun Belt,,34,33-50,0.0,32,2-2,1,1.0,0.0,0.0,0,0.0,10.0,2.0,10.0,404,5.0,1.0,3,33:58,0.0,6.0,5.0,3.0,38,1,182,0.0,28.0,6.0,7-15,1.0,9-98,586,1,8.1,4.8,46.75,2025.0,611.31,33.0,50.0,0.66,2.0,2.0,1.0,7.0,15.0,0.4666666666666667,9.0,98.0,0.09183673469387756,1,33.0,58,33,46.75,2025.0,regular,1.0,2025-08-29T23:00:00.000Z,Charlotte,American Athletic,fbs,11.0,App State,Sun Belt,fbs,34.0,ESPN Bet,19.5,App State -19.5,8.0,,53.5,135.0,-155.0,,2025.0,regular,1.0,2025-08-29T23:00:00.000Z,Charlotte,American Athletic,fbs,11.0,App State,Sun Belt,fbs,34.0,ESPN Bet,19.5,App State -19.5,8.0,,53.5,135.0,-155.0,
151,151,401761589,2429,Charlotte,American Athletic,,11,13-25,0.0,15,2-2,1,1.0,,,1,,,,3.0,142,3.0,,1,26:02,,,,2.0,29,0,76,1.0,51.0,3.0,4-14,1.0,7-54,218,2,5.7,2.6,60.7027027027027,2025.0,526.3,13.0,25.0,0.52,2.0,2.0,1.0,4.0,14.0,0.2857142857142857,7.0,54.0,0.12962962962962962,0,26.0,2,26,60.7027027027027,2025.0,regular,1.0,2025-08-29T23:00:00.000Z,Charlotte,American Athletic,fbs,11.0,App State,Sun Belt,fbs,34.0,ESPN Bet,19.5,App State -19.5,8.0,,53.5,135.0,-155.0,,2025.0,regular,1.0,2025-08-29T23:00:00.000Z,Charlotte,American Athletic,fbs,11.0,App State,Sun Belt,fbs,34.0,ESPN Bet,19.5,App State -19.5,8.0,,53.5,135.0,-155.0,
152,152,401761590,256,James Madison,Sun Belt,,45,17-27,0.0,23,1-3,1,0.0,0.0,49.0,1,0.0,46.0,2.0,9.0,145,6.0,3.0,2,32:27,0.0,13.0,2.0,3.0,44,4,313,0.0,32.0,5.0,7-13,1.0,6-75,458,2,5.4,7.1,45.53932584269663,2025.0,459.53,17.0,27.0,0.6296296296296297,1.0,3.0,0.3333333333333333,7.0,13.0,0.5384615384615384,6.0,75.0,0.08,1,32.0,27,32,45.53932584269663,2025.0,regular,1.0,2025-08-30T22:00:00.000Z,James Madison,Sun Belt,fbs,45.0,Weber State,Big Sky,fcs,10.0,ESPN Bet,-27.5,James Madison -27.5,-25.5,54.5,54.5,-6000.0,1800.0,,2025.0,regular,1.0,2025-08-30T22:00:00.000Z,James Madison,Sun Belt,fbs,45.0,Weber State,Big Sky,fcs,10.0,ESPN Bet,-27.5,James Madison -27.5,-25.5,54.5,54.5,-6000.0,1800.0,
153,153,401761590,2692,Weber State,Big Sky,,10,10-26,0.0,10,0-1,0,1.0,0.0,0.0,3,0.0,112.0,7.0,4.0,84,4.0,1.0,1,27:33,,,,2.0,31,0,64,1.0,37.0,8.0,3-14,0.0,3-21,148,3,3.2,2.1,67.06666666666666,,,10.0,26.0,0.38461538461538464,0.0,1.0,0.0,3.0,14.0,0.21428571428571427,3.0,21.0,0.14285714285714285,0,27.0,33,27,67.06666666666666,2025.0,regular,1.0,2025-08-30T22:00:00.000Z,James Madison,Sun Belt,fbs,45.0,Weber State,Big Sky,fcs,10.0,ESPN Bet,-27.5,James Madison -27.5,-25.5,54.5,54.5,-6000.0,1800.0,,2025.0,regular,1.0,2025-08-30T22:00:00.000Z,James Madison,Sun Belt,fbs,45.0,Weber State,Big Sky,fcs,10.0,ESPN Bet,-27.5,James Madison -27.5,-25.5,54.5,54.5,-6000.0,1800.0,
154,154,401761591,2032,Arkansas State,Sun Belt,,42,26-32,0.0,25,1-2,1,1.0,,,0,0.0,30.0,1.0,6.0,345,1.0,,3,30:52,0.0,23.0,2.0,5.0,36,3,147,3.0,32.0,6.0,5-11,3.0,7-70,492,1,10.8,4.1,44.77906976744186,2025.0,591.27,26.0,32.0,0.8125,1.0,2.0,0.5,5.0,11.0,0.45454545454545453,7.0,70.0,0.1,1,30.0,52,30,44.77906976744186,2025.0,regular,1.0,2025-08-30T23:00:00.000Z,Arkansas State,Sun Belt,fbs,42.0,Southeast Missouri State,Big South-OVC,fcs,24.0,ESPN Bet,-15.5,Arkansas State -15.5,-10.5,59.5,59.5,-750.0,475.0,,2025.0,regular,1.0,2025-08-30T23:00:00.000Z,Arkansas State,Sun Belt,fbs,42.0,Southeast Missouri State,Big South-OVC,fcs,24.0,ESPN Bet,-15.5,Arkansas State -15.5,-10.5,59.5,59.5,-750.0,475.0,
155,155,401761591,2546,Southeast Missouri State,Big South-OVC,,24,26-36,0.0,20,2-3,1,1.0,,,0,0.0,7.0,1.0,6.0,272,2.0,,2,29:08,0.0,2.0,1.0,1.0,33,1,92,0.0,32.0,4.0,6-14,1.0,8-71,364,1,7.6,2.8,58.98809523809524,,,26.0,36.0,0.7222222222222222,2.0,3.0,0.6666666666666666,6.0,14.0,0.42857142857142855,8.0,71.0,0.11267605633802817,0,29.0,8,29,58.98809523809524,2025.0,regular,1.0,2025-08-30T23:00:00.000Z,Arkansas State,Sun Belt,fbs,42.0,Southeast Missouri State,Big South-OVC,fcs,24.0,ESPN Bet,-15.5,Arkansas State -15.5,-10.5,59.5,59.5,-750.0,475.0,,2025.0,regular,1.0,2025-08-30T23:00:00.000Z,Arkansas State,Sun Belt,fbs,42.0,Southeast Missouri State,Big South-OVC,fcs,24.0,ESPN Bet,-15.5,Arkansas State -15.5,-10.5,59.5,59.5,-750.0,475.0,
156,156,401761592,242,Rice,American Athletic,,14,7-9,0.0,18,0-1,0,1.0,0.0,0.0,0,0.0,37.0,2.0,2.0,45,1.0,1.0,0,36:24,0.0,3.0,1.0,1.0,55,2,206,3.0,34.0,6.0,5-12,0.0,8-90,251,0,5.0,3.7,49.451219512195124,2025.0,530.06,7.0,9.0,0.7777777777777778,0.0,1.0,0.0,5.0,12.0,0.4166666666666667,8.0,90.0,0.08888888888888889,1,36.0,24,36,49.451219512195124,2025.0,regular,1.0,2025-08-31T00:00:00.000Z,Louisiana,Sun Belt,fbs,12.0,Rice,American Athletic,fbs,14.0,ESPN Bet,-9.5,Louisiana -9.5,-14.0,48.5,49.5,-400.0,300.0,,2025.0,regular,1.0,2025-08-31T00:00:00.000Z,Louisiana,Sun Belt,fbs,12.0,Rice,American Athletic,fbs,14.0,ESPN Bet,-9.5,Louisiana -9.5,-14.0,48.5,49.5,-400.0,300.0,
157,157,401761592,309,Louisiana,Sun Belt,,12,10-28,0.0,16,0-2,1,0.0,,,1,,,,6.0,88,1.0,,0,23:36,0.0,23.0,3.0,0.0,31,1,151,2.0,53.0,7.0,7-15,1.0,6-44,239,2,3.1,4.9,60.532467532467535,2025.0,585.82,10.0,28.0,0.35714285714285715,0.0,2.0,0.0,7.0,15.0,0.4666666666666667,6.0,44.0,0.13636363636363635,0,23.0,36,23,60.532467532467535,2025.0,regular,1.0,2025-08-31T00:00:00.000Z,Louisiana,Sun Belt,fbs,12.0,Rice,American Athletic,fbs,14.0,ESPN Bet,-9.5,Louisiana -9.5,-14.0,48.5,49.5,-400.0,300.0,,2025.0,regular,1.0,2025-08-31T00:00:00.000Z,Louisiana,Sun Belt,fbs,12.0,Rice,American Athletic,fbs,14.0,ESPN Bet,-9.5,Louisiana -9.5,-14.0,48.5,49.5,-400.0,300.0,
158,158,401761593,6,South Alabama,Sun Belt,,38,13-15,0.0,19,1-2,1,3.0,0.0,0.0,0,0.0,0.0,1.0,8.0,174,6.0,1.0,2,26:22,0.0,46.0,1.0,1.0,41,3,193,3.0,26.0,10.0,2-8,3.0,8-50,367,1,11.6,4.7,44.42307692307692,2025.0,544.87,13.0,15.0,0.8666666666666667,1.0,2.0,0.5,2.0,8.0,0.25,8.0,50.0,0.16,1,26.0,22,26,44.42307692307692,2025.0,regular,1.0,2025-08-30T23:00:00.000Z,South Alabama,Sun Belt,fbs,38.0,Morgan State,MEAC,fcs,21.0,ESPN Bet,-28.5,South Alabama -28.5,-28.5,50.5,51.5,,,,2025.0,regular,1.0,2025-08-30T23:00:00.000Z,South Alabama,Sun Belt,fbs,38.0,Morgan State,MEAC,fcs,21.0,ESPN Bet,-28.5,South Alabama -28.5,-28.5,50.5,51.5,,,
159,159,401761593,2415,Morgan State,MEAC,,21,15-25,0.0,17,2-2,3,1.0,,,1,0.0,17.0,1.0,3.0,159,1.0,,0,22:46,,,,0.0,40,3,181,1.0,23.0,3.0,5-13,3.0,10-61,340,4,6.4,4.5,54.01149425287356,,,15.0,25.0,0.6,2.0,2.0,1.0,5.0,13.0,0.38461538461538464,10.0,61.0,0.16393442622950818,0,22.0,46,22,54.01149425287356,2025.0,regular,1.0,2025-08-30T23:00:00.000Z,South Alabama,Sun Belt,fbs,38.0,Morgan State,MEAC,fcs,21.0,ESPN Bet,-28.5,South Alabama -28.5,-28.5,50.5,51.5,,,,2025.0,regular,1.0,2025-08-30T23:00:00.000Z,South Alabama,Sun Belt,fbs,38.0,Morgan State,MEAC,fcs,21.0,ESPN Bet,-28.5,South Alabama -28.5,-28.5,50.5,51.5,,,
160,160,401761594,326,Texas State,Sun Belt,,52,18-27,0.0,30,1-1,0,0.0,,,0,0.0,17.0,2.0,10.0,214,3.0,,4,30:58,0.0,33.0,2.0,6.0,39,3,392,2.0,40.0,7.0,7-10,1.0,6-42,606,0,7.9,10.1,46.2183908045977,2025.0,612.16,18.0,27.0,0.6666666666666666,1.0,1.0,1.0,7.0,10.0,0.7,6.0,42.0,0.14285714285714285,1,30.0,58,30,46.2183908045977,2025.0,regular,1.0,2025-08-31T00:00:00.000Z,Texas State,Sun Belt,fbs,52.0,Eastern Michigan,Mid-American,fbs,27.0,ESPN Bet,-13.5,Texas State -13.5,-14.0,56.5,58.5,-600.0,400.0,,2025.0,regular,1.0,2025-08-31T00:00:00.000Z,Texas State,Sun Belt,fbs,52.0,Eastern Michigan,Mid-American,fbs,27.0,ESPN Bet,-13.5,Texas State -13.5,-14.0,56.5,58.5,-600.0,400.0,
161,161,401761594,2199,Eastern Michigan,Mid-American,,27,23-34,0.0,23,2-2,0,,,,0,0.0,33.0,2.0,9.0,248,2.0,,1,29:02,,,,2.0,33,2,143,1.0,39.0,3.0,6-15,,6-50,391,0,7.3,4.3,49.60606060606061,2025.0,572.9,23.0,34.0,0.6764705882352942,2.0,2.0,1.0,6.0,15.0,0.4,6.0,50.0,0.12,0,29.0,2,29,49.60606060606061,2025.0,regular,1.0,2025-08-31T00:00:00.000Z,Texas State,Sun Belt,fbs,52.0,Eastern Michigan,Mid-American,fbs,27.0,ESPN Bet,-13.5,Texas State -13.5,-14.0,56.5,58.5,-600.0,400.0,,2025.0,regular,1.0,2025-08-31T00:00:00.000Z,Texas State,Sun Belt,fbs,52.0,Eastern Michigan,Mid-American,fbs,27.0,ESPN Bet,-13.5,Texas State -13.5,-14.0,56.5,58.5,-600.0,400.0,
162,162,401761595,2447,Nicholls,Southland,,20,21-27,0.0,16,0-1,0,,,,1,,,,8.0,184,2.0,,1,29:13,0.0,32.0,1.0,3.0,25,1,65,1.0,22.0,2.0,4-11,,6-45,249,1,6.8,2.6,53.4251497005988,,,21.0,27.0,0.7777777777777778,0.0,1.0,0.0,4.0,11.0,0.36363636363636365,6.0,45.0,0.13333333333333333,0,29.0,13,29,53.4251497005988,2025.0,regular,1.0,2025-08-30T23:00:00.000Z,Troy,Sun Belt,fbs,38.0,Nicholls,Southland,fcs,20.0,ESPN Bet,-16.5,Troy -16.5,-22.5,46.5,50.5,-2500.0,1100.0,,2025.0,regular,1.0,2025-08-30T23:00:00.000Z,Troy,Sun Belt,fbs,38.0,Nicholls,Southland,fcs,20.0,ESPN Bet,-16.5,Troy -16.5,-22.5,46.5,50.5,-2500.0,1100.0,
163,163,401761595,2653,Troy,Sun Belt,,38,14-24,0.0,23,1-2,0,,0.0,1.0,0,0.0,67.0,5.0,8.0,144,1.0,1.0,3,30:47,,,,2.0,44,2,272,4.0,22.0,8.0,9-15,,8-100,416,0,6.0,6.2,49.391752577319586,2025.0,561.87,14.0,24.0,0.5833333333333334,1.0,2.0,0.5,9.0,15.0,0.6,8.0,100.0,0.08,1,30.0,47,30,49.391752577319586,2025.0,regular,1.0,2025-08-30T23:00:00.000Z,Troy,Sun Belt,fbs,38.0,Nicholls,Southland,fcs,20.0,ESPN Bet,-16.5,Troy -16.5,-22.5,46.5,50.5,-2500.0,1100.0,,2025.0,regular,1.0,2025-08-30T23:00:00.000Z,Troy,Sun Belt,fbs,38.0,Nicholls,Southland,fcs,20.0,ESPN Bet,-16.5,Troy -16.5,-22.5,46.5,50.5,-2500.0,1100.0,
164,164,401762430,5,UAB,American Athletic,,52,18-23,0.0,24,1-2,0,1.0,,,0,0.0,143.0,7.0,8.0,247,2.0,,2,25:46,0.0,38.0,2.0,1.0,35,5,273,2.0,35.0,5.0,4-7,0.0,5-40,520,0,10.7,7.8,38.42857142857143,2025.0,540.93,18.0,23.0,0.782608695652174,1.0,2.0,0.5,4.0,7.0,0.5714285714285714,5.0,40.0,0.125,1,25.0,46,25,38.42857142857143,2025.0,regular,1.0,2025-08-29T00:30:00.000Z,UAB,American Athletic,fbs,52.0,Alabama State,SWAC,fcs,42.0,ESPN Bet,-21.5,UAB -21.5,-20.5,53.5,53.5,-2000.0,1000.0,,2025.0,regular,1.0,2025-08-29T00:30:00.000Z,UAB,American Athletic,fbs,52.0,Alabama State,SWAC,fcs,42.0,ESPN Bet,-21.5,UAB -21.5,-20.5,53.5,53.5,-2000.0,1000.0,
165,165,401762430,2011,Alabama State,SWAC,,42,18-24,0.0,26,0-0,1,0.0,,,0,0.0,73.0,4.0,6.0,312,3.0,,4,34:14,,,,1.0,41,2,202,0.0,46.0,2.0,13-15,1.0,7-44,514,1,13.0,4.9,56.18390804597701,,,18.0,24.0,0.75,0.0,0.0,0.0,13.0,15.0,0.8666666666666667,7.0,44.0,0.1590909090909091,0,34.0,14,34,56.18390804597701,2025.0,regular,1.0,2025-08-29T00:30:00.000Z,UAB,American Athletic,fbs,52.0,Alabama State,SWAC,fcs,42.0,ESPN Bet,-21.5,UAB -21.5,-20.5,53.5,53.5,-2000.0,1000.0,,2025.0,regular,1.0,2025-08-29T00:30:00.000Z,UAB,American Athletic,fbs,52.0,Alabama State,SWAC,fcs,42.0,ESPN Bet,-21.5,UAB -21.5,-20.5,53.5,53.5,-2000.0,1000.0,
166,166,401762432,349,Army,American Athletic,,27,8-16,0.0,24,1-2,1,0.0,,,2,0.0,17.0,1.0,9.0,131,5.0,,0,36:34,0.0,60.0,3.0,4.0,66,3,280,2.0,36.0,7.0,6-16,2.0,5-35,411,3,8.2,4.2,46.43809523809524,2025.0,23.66,8.0,16.0,0.5,1.0,2.0,0.5,6.0,16.0,0.375,5.0,35.0,0.14285714285714285,0,36.0,34,36,46.43809523809524,2025.0,regular,1.0,2025-08-29T22:00:00.000Z,Army,American Athletic,fbs,27.0,Tarleton State,UAC,fcs,30.0,ESPN Bet,-14.5,Army -14.5,-13.5,47.5,48.5,-600.0,400.0,,2025.0,regular,1.0,2025-08-29T22:00:00.000Z,Army,American Athletic,fbs,27.0,Tarleton State,UAC,fcs,30.0,ESPN Bet,-14.5,Army -14.5,-13.5,47.5,48.5,-600.0,400.0,
167,167,401762432,2627,Tarleton State,UAC,,30,16-30,0.0,16,1-2,0,1.0,0.0,34.0,0,0.0,31.0,2.0,12.0,152,2.0,2.0,1,23:26,,,,4.0,42,2,192,0.0,45.0,9.0,6-18,2.0,9-73,344,0,5.1,4.6,51.497206703910614,,,16.0,30.0,0.5333333333333333,1.0,2.0,0.5,6.0,18.0,0.3333333333333333,9.0,73.0,0.1232876712328767,1,23.0,26,23,51.497206703910614,2025.0,regular,1.0,2025-08-29T22:00:00.000Z,Army,American Athletic,fbs,27.0,Tarleton State,UAC,fcs,30.0,ESPN Bet,-14.5,Army -14.5,-13.5,47.5,48.5,-600.0,400.0,,2025.0,regular,1.0,2025-08-29T22:00:00.000Z,Army,American Athletic,fbs,27.0,Tarleton State,UAC,fcs,30.0,ESPN Bet,-14.5,Army -14.5,-13.5,47.5,48.5,-600.0,400.0,
168,168,401762433,235,Memphis,American Athletic,,45,22-28,1.0,24,1-1,0,,1.0,27.0,1,0.0,20.0,1.0,9.0,199,1.0,2.0,1,28:26,0.0,16.0,1.0,4.0,33,4,233,2.0,30.0,10.0,5-9,,3-35,432,1,7.1,7.1,48.48717948717949,2025.0,668.63,22.0,28.0,0.7857142857142857,1.0,1.0,1.0,5.0,9.0,0.5555555555555556,3.0,35.0,0.08571428571428572,1,28.0,26,28,48.48717948717949,2025.0,regular,1.0,2025-08-30T20:30:00.000Z,Memphis,American Athletic,fbs,45.0,Chattanooga,Southern,fcs,10.0,ESPN Bet,-30.5,Memphis -30.5,-27.5,55.5,55.5,-10000.0,2500.0,,2025.0,regular,1.0,2025-08-30T20:30:00.000Z,Memphis,American Athletic,fbs,45.0,Chattanooga,Southern,fcs,10.0,ESPN Bet,-30.5,Memphis -30.5,-27.5,55.5,55.5,-10000.0,2500.0,
169,169,401762433,236,Chattanooga,Southern,,10,12-19,0.0,14,1-1,0,0.0,0.0,20.0,2,0.0,15.0,1.0,4.0,114,0.0,1.0,1,31:33,,,,1.0,37,0,118,0.0,39.0,3.0,2-12,1.0,3-25,232,2,6.0,3.2,52.506493506493506,,,12.0,19.0,0.631578947368421,1.0,1.0,1.0,2.0,12.0,0.16666666666666666,3.0,25.0,0.12,0,31.0,33,31,52.506493506493506,2025.0,regular,1.0,2025-08-30T20:30:00.000Z,Memphis,American Athletic,fbs,45.0,Chattanooga,Southern,fcs,10.0,ESPN Bet,-30.5,Memphis -30.5,-27.5,55.5,55.5,-10000.0,2500.0,,2025.0,regular,1.0,2025-08-30T20:30:00.000Z,Memphis,American Athletic,fbs,45.0,Chattanooga,Southern,fcs,10.0,ESPN Bet,-30.5,Memphis -30.5,-27.5,55.5,55.5,-10000.0,2500.0,
170,170,401762434,2426,Navy,American Athletic,,52,9-14,0.0,26,0-0,0,0.0,,,0,0.0,64.0,2.0,10.0,92,4.0,,1,35:27,0.0,53.0,4.0,2.0,54,6,468,5.0,15.0,7.0,10-13,1.0,4-35,560,0,6.6,8.7,43.65909090909091,,,9.0,14.0,0.6428571428571429,0.0,0.0,0.0,10.0,13.0,0.7692307692307693,4.0,35.0,0.11428571428571428,1,35.0,27,35,43.65909090909091,2025.0,regular,1.0,2025-08-30T16:00:00.000Z,Navy,American Athletic,fbs,52.0,VMI,Southern,fcs,7.0,ESPN Bet,-42.5,Navy -42.5,-40.5,54.5,50.5,,,,2025.0,regular,1.0,2025-08-30T16:00:00.000Z,Navy,American Athletic,fbs,52.0,VMI,Southern,fcs,7.0,ESPN Bet,-42.5,Navy -42.5,-40.5,54.5,50.5,,,
171,171,401762434,2678,VMI,Southern,,7,16-28,0.0,9,1-2,0,,,,0,0.0,40.0,2.0,1.0,197,1.0,,1,24:33,,,,1.0,22,0,15,0.0,33.0,3.0,4-14,,5-35,212,0,7.0,0.7,64.02985074626865,,,16.0,28.0,0.5714285714285714,1.0,2.0,0.5,4.0,14.0,0.2857142857142857,5.0,35.0,0.14285714285714285,0,24.0,33,24,64.02985074626865,2025.0,regular,1.0,2025-08-30T16:00:00.000Z,Navy,American Athletic,fbs,52.0,VMI,Southern,fcs,7.0,ESPN Bet,-42.5,Navy -42.5,-40.5,54.5,50.5,,,,2025.0,regular,1.0,2025-08-30T16:00:00.000Z,Navy,American Athletic,fbs,52.0,VMI,Southern,fcs,7.0,ESPN Bet,-42.5,Navy -42.5,-40.5,54.5,50.5,,,
172,172,401762435,249,North Texas,American Athletic,,51,24-34,1.0,25,1-2,1,1.0,0.0,26.0,0,,,,9.0,329,0.0,1.0,3,33:28,0.0,24.0,4.0,6.0,41,3,133,3.0,32.0,8.0,7-12,1.0,3-20,462,1,9.7,3.2,41.797872340425535,2025.0,569.15,24.0,34.0,0.7058823529411765,1.0,2.0,0.5,7.0,12.0,0.5833333333333334,3.0,20.0,0.15,1,33.0,28,33,41.797872340425535,2025.0,regular,1.0,2025-08-31T00:00:00.000Z,North Texas,American Athletic,fbs,51.0,Lamar,Southland,fcs,0.0,ESPN Bet,-27.5,North Texas -27.5,-27.5,62.5,63.5,-7500.0,2000.0,,2025.0,regular,1.0,2025-08-31T00:00:00.000Z,North Texas,American Athletic,fbs,51.0,Lamar,Southland,fcs,0.0,ESPN Bet,-27.5,North Texas -27.5,-27.5,62.5,63.5,-7500.0,2000.0,
173,173,401762435,2320,Lamar,Southland,,0,13-27,0.0,8,0-1,1,1.0,,,1,0.0,30.0,3.0,,88,3.0,,0,26:32,0.0,7.0,1.0,3.0,27,0,31,0.0,37.0,8.0,3-13,1.0,14-99,119,2,3.3,1.1,71.0625,,,13.0,27.0,0.48148148148148145,0.0,1.0,0.0,3.0,13.0,0.23076923076923078,14.0,99.0,0.1414141414141414,0,26.0,32,26,71.0625,2025.0,regular,1.0,2025-08-31T00:00:00.000Z,North Texas,American Athletic,fbs,51.0,Lamar,Southland,fcs,0.0,ESPN Bet,-27.5,North Texas -27.5,-27.5,62.5,63.5,-7500.0,2000.0,,2025.0,regular,1.0,2025-08-31T00:00:00.000Z,North Texas,American Athletic,fbs,51.0,Lamar,Southland,fcs,0.0,ESPN Bet,-27.5,North Texas -27.5,-27.5,62.5,63.5,-7500.0,2000.0,
174,174,401762456,113,Massachusetts,Mid-American,,10,25-40,0.0,18,1-3,1,0.0,,,1,,,,4.0,199,2.0,,0,26:14,,,,0.0,22,1,103,0.0,30.0,2.0,3-11,1.0,5-32,302,2,5.0,4.7,53.92857142857143,2025.0,488.73,25.0,40.0,0.625,1.0,3.0,0.3333333333333333,3.0,11.0,0.2727272727272727,5.0,32.0,0.15625,0,26.0,14,26,53.92857142857143,2025.0,regular,1.0,2025-08-30T19:30:00.000Z,Massachusetts,Mid-American,fbs,10.0,Temple,American Athletic,fbs,42.0,ESPN Bet,2.5,Temple -2.5,3.0,48.5,51.5,110.0,-130.0,,2025.0,regular,1.0,2025-08-30T19:30:00.000Z,Massachusetts,Mid-American,fbs,10.0,Temple,American Athletic,fbs,42.0,ESPN Bet,2.5,Temple -2.5,3.0,48.5,51.5,110.0,-130.0,
175,175,401762456,218,Temple,American Athletic,,42,22-29,0.0,24,0-0,0,1.0,0.0,0.0,0,0.0,50.0,3.0,6.0,276,6.0,1.0,6,33:46,0.0,24.0,1.0,1.0,37,0,191,2.0,27.0,4.0,9-12,1.0,5-57,467,0,9.5,5.2,53.5,2025.0,507.91,22.0,29.0,0.7586206896551724,0.0,0.0,0.0,9.0,12.0,0.75,5.0,57.0,0.08771929824561403,1,33.0,46,33,53.5,2025.0,regular,1.0,2025-08-30T19:30:00.000Z,Massachusetts,Mid-American,fbs,10.0,Temple,American Athletic,fbs,42.0,ESPN Bet,2.5,Temple -2.5,3.0,48.5,51.5,110.0,-130.0,,2025.0,regular,1.0,2025-08-30T19:30:00.000Z,Massachusetts,Mid-American,fbs,10.0,Temple,American Athletic,fbs,42.0,ESPN Bet,2.5,Temple -2.5,3.0,48.5,51.5,110.0,-130.0,
176,176,401762457,202,Tulsa,American Athletic,,35,22-34,0.0,25,4-4,0,,0.0,4.0,0,,,,9.0,236,2.0,1.0,2,33:05,0.0,9.0,1.0,1.0,43,2,268,5.0,27.0,9.0,8-19,,10-53,504,0,6.9,6.2,54.160377358490564,2025.0,594.78,22.0,34.0,0.6470588235294118,4.0,4.0,1.0,8.0,19.0,0.42105263157894735,10.0,53.0,0.18867924528301888,1,33.0,5,33,54.160377358490564,2025.0,regular,1.0,2025-08-31T00:00:00.000Z,Tulsa,American Athletic,fbs,35.0,Abilene Christian,UAC,fcs,7.0,ESPN Bet,-5.5,Tulsa -5.5,-5.5,59.5,59.5,-200.0,170.0,,2025.0,regular,1.0,2025-08-31T00:00:00.000Z,Tulsa,American Athletic,fbs,35.0,Abilene Christian,UAC,fcs,7.0,ESPN Bet,-5.5,Tulsa -5.5,-5.5,59.5,59.5,-200.0,170.0,
177,177,401762457,2000,Abilene Christian,UAC,,7,13-19,0.0,13,1-3,0,0.0,,,1,0.0,74.0,2.0,1.0,140,3.0,,0,26:55,0.0,18.0,2.0,0.0,40,1,120,0.0,33.0,2.0,5-15,1.0,3-25,260,1,7.4,3.0,50.37179487179487,,,13.0,19.0,0.6842105263157895,1.0,3.0,0.3333333333333333,5.0,15.0,0.3333333333333333,3.0,25.0,0.12,0,26.0,55,26,50.37179487179487,2025.0,regular,1.0,2025-08-31T00:00:00.000Z,Tulsa,American Athletic,fbs,35.0,Abilene Christian,UAC,fcs,7.0,ESPN Bet,-5.5,Tulsa -5.5,-5.5,59.5,59.5,-200.0,170.0,,2025.0,regular,1.0,2025-08-31T00:00:00.000Z,Tulsa,American Athletic,fbs,35.0,Abilene Christian,UAC,fcs,7.0,ESPN Bet,-5.5,Tulsa -5.5,-5.5,59.5,59.5,-200.0,170.0,
178,178,401762522,58,South Florida,American Athletic,,34,17-25,0.0,15,1-2,0,3.0,,,0,,,,10.0,255,6.0,,1,23:39,0.0,8.0,1.0,5.0,28,3,117,1.0,36.0,5.0,5-14,1.0,7-56,372,0,10.2,4.2,53.84415584415584,2025.0,666.89,17.0,25.0,0.68,1.0,2.0,0.5,5.0,14.0,0.35714285714285715,7.0,56.0,0.125,1,23.0,39,23,53.84415584415584,2025.0,regular,1.0,2025-08-28T21:30:00.000Z,South Florida,American Athletic,fbs,34.0,Boise State,Mountain West,fbs,7.0,ESPN Bet,5.5,Boise State -5.5,8.5,60.5,63.5,175.0,-210.0,,2025.0,regular,1.0,2025-08-28T21:30:00.000Z,South Florida,American Athletic,fbs,34.0,Boise State,Mountain West,fbs,7.0,ESPN Bet,5.5,Boise State -5.5,8.5,60.5,63.5,175.0,-210.0,
179,179,401762522,68,Boise State,Mountain West,,7,27-48,0.0,25,2-6,3,0.0,,,0,0.0,39.0,3.0,1.0,256,1.0,,1,36:21,,,,0.0,38,0,122,4.0,26.0,7.0,6-17,4.0,8-57,378,3,5.3,3.2,51.542857142857144,2025.0,610.65,27.0,48.0,0.5625,2.0,6.0,0.3333333333333333,6.0,17.0,0.35294117647058826,8.0,57.0,0.14035087719298245,0,36.0,21,36,51.542857142857144,2025.0,regular,1.0,2025-08-28T21:30:00.000Z,South Florida,American Athletic,fbs,34.0,Boise State,Mountain West,fbs,7.0,ESPN Bet,5.5,Boise State -5.5,8.5,60.5,63.5,175.0,-210.0,,2025.0,regular,1.0,2025-08-28T21:30:00.000Z,South Florida,American Athletic,fbs,34.0,Boise State,Mountain West,fbs,7.0,ESPN Bet,5.5,Boise State -5.5,8.5,60.5,63.5,175.0,-210.0,
180,180,401762789,2006,Akron,Mid-American,,0,16-38,0.0,13,2-3,0,,0.0,0.0,1,0.0,48.0,2.0,0.0,139,6.0,1.0,0,26:44,,,,2.0,28,0,89,0.0,35.0,6.0,3-15,,5-34,228,1,3.7,3.2,58.370370370370374,2025.0,537.21,16.0,38.0,0.42105263157894735,2.0,3.0,0.6666666666666666,3.0,15.0,0.2,5.0,34.0,0.14705882352941177,0,26.0,44,26,58.370370370370374,2025.0,regular,1.0,2025-08-28T23:00:00.000Z,Akron,Mid-American,fbs,0.0,Wyoming,Mountain West,fbs,10.0,ESPN Bet,4.5,Wyoming -4.5,7.5,47.5,49.5,170.0,-200.0,,2025.0,regular,1.0,2025-08-28T23:00:00.000Z,Akron,Mid-American,fbs,0.0,Wyoming,Mountain West,fbs,10.0,ESPN Bet,4.5,Wyoming -4.5,7.5,47.5,49.5,170.0,-200.0,
181,181,401762789,2751,Wyoming,Mountain West,,10,19-36,0.0,19,1-3,0,,0.0,18.0,1,,,,4.0,260,4.0,1.0,1,33:16,0.0,11.0,2.0,3.0,39,0,166,3.0,30.0,3.0,9-20,,7-40,426,1,7.2,4.3,58.0531914893617,2025.0,489.33,19.0,36.0,0.5277777777777778,1.0,3.0,0.3333333333333333,9.0,20.0,0.45,7.0,40.0,0.175,1,33.0,16,33,58.0531914893617,2025.0,regular,1.0,2025-08-28T23:00:00.000Z,Akron,Mid-American,fbs,0.0,Wyoming,Mountain West,fbs,10.0,ESPN Bet,4.5,Wyoming -4.5,7.5,47.5,49.5,170.0,-200.0,,2025.0,regular,1.0,2025-08-28T23:00:00.000Z,Akron,Mid-American,fbs,0.0,Wyoming,Mountain West,fbs,10.0,ESPN Bet,4.5,Wyoming -4.5,7.5,47.5,49.5,170.0,-200.0,
182,182,401762790,189,Bowling Green,Mid-American,,26,12-18,1.0,17,0-1,0,,,,0,1.0,153.0,2.0,14.0,109,1.0,,0,32:20,0.0,9.0,1.0,1.0,43,1,157,3.0,32.0,8.0,5-13,,4-37,266,0,6.1,3.7,41.46987951807229,2025.0,527.31,12.0,18.0,0.6666666666666666,0.0,1.0,0.0,5.0,13.0,0.38461538461538464,4.0,37.0,0.10810810810810811,1,32.0,20,32,41.46987951807229,2025.0,regular,1.0,2025-08-28T22:00:00.000Z,Bowling Green,Mid-American,fbs,26.0,Lafayette,Patriot,fcs,7.0,ESPN Bet,-21.5,Bowling Green -21.5,-21.5,53.5,52.5,-1600.0,800.0,,2025.0,regular,1.0,2025-08-28T22:00:00.000Z,Bowling Green,Mid-American,fbs,26.0,Lafayette,Patriot,fcs,7.0,ESPN Bet,-21.5,Bowling Green -21.5,-21.5,53.5,52.5,-1600.0,800.0,
183,183,401762790,322,Lafayette,Patriot,,7,16-29,0.0,11,1-3,0,,,,0,0.0,67.0,3.0,1.0,118,2.0,,1,27:40,,,,0.0,30,0,59,2.0,35.0,5.0,4-14,,4-35,177,0,4.1,2.0,63.140845070422536,,,16.0,29.0,0.5517241379310345,1.0,3.0,0.3333333333333333,4.0,14.0,0.2857142857142857,4.0,35.0,0.11428571428571428,0,27.0,40,27,63.140845070422536,2025.0,regular,1.0,2025-08-28T22:00:00.000Z,Bowling Green,Mid-American,fbs,26.0,Lafayette,Patriot,fcs,7.0,ESPN Bet,-21.5,Bowling Green -21.5,-21.5,53.5,52.5,-1600.0,800.0,,2025.0,regular,1.0,2025-08-28T22:00:00.000Z,Bowling Green,Mid-American,fbs,26.0,Lafayette,Patriot,fcs,7.0,ESPN Bet,-21.5,Bowling Green -21.5,-21.5,53.5,52.5,-1600.0,800.0,
184,184,401762791,193,Miami (OH),Mid-American,,0,9-18,0.0,7,0-0,0,,0.0,0.0,2,,,,,83,5.0,1.0,0,20:47,0.0,16.0,1.0,2.0,22,0,34,3.0,48.0,4.0,0-9,,5-60,117,2,4.6,1.5,64.08620689655173,2025.0,592.1,9.0,18.0,0.5,0.0,0.0,0.0,0.0,9.0,0.0,5.0,60.0,0.08333333333333333,0,20.0,47,20,64.08620689655173,2025.0,regular,1.0,2025-08-29T01:00:00.000Z,Wisconsin,Big Ten,fbs,17.0,Miami (OH),Mid-American,fbs,0.0,ESPN Bet,-18.5,Wisconsin -18.5,-17.5,41.5,40.5,-1400.0,750.0,,2025.0,regular,1.0,2025-08-29T01:00:00.000Z,Wisconsin,Big Ten,fbs,17.0,Miami (OH),Mid-American,fbs,0.0,ESPN Bet,-18.5,Wisconsin -18.5,-17.5,41.5,40.5,-1400.0,750.0,
185,185,401762791,275,Wisconsin,Big Ten,,17,18-32,0.0,23,1-2,0,,0.0,17.0,1,,,,5.0,188,2.0,2.0,1,39:13,,,,2.0,43,1,165,3.0,24.0,4.0,8-16,,5-40,353,1,5.9,3.8,52.25773195876289,2025.0,763.17,18.0,32.0,0.5625,1.0,2.0,0.5,8.0,16.0,0.5,5.0,40.0,0.125,1,39.0,13,39,52.25773195876289,2025.0,regular,1.0,2025-08-29T01:00:00.000Z,Wisconsin,Big Ten,fbs,17.0,Miami (OH),Mid-American,fbs,0.0,ESPN Bet,-18.5,Wisconsin -18.5,-17.5,41.5,40.5,-1400.0,750.0,,2025.0,regular,1.0,2025-08-29T01:00:00.000Z,Wisconsin,Big Ten,fbs,17.0,Miami (OH),Mid-American,fbs,0.0,ESPN Bet,-18.5,Wisconsin -18.5,-17.5,41.5,40.5,-1400.0,750.0,
186,186,401762792,2309,Kent State,Mid-American,,21,12-19,1.0,15,0-1,1,0.0,,,0,1.0,117.0,3.0,3.0,209,2.0,,2,28:29,0.0,30.0,3.0,9.0,36,0,99,2.0,24.0,5.0,5-14,1.0,8-65,308,1,11.0,2.8,58.054054054054056,2025.0,456.24,12.0,19.0,0.631578947368421,0.0,1.0,0.0,5.0,14.0,0.35714285714285715,8.0,65.0,0.12307692307692308,1,28.0,29,28,58.054054054054056,,,,,,,,,,,,,,,,,,,,,,,,,,,,,,,,,,,,,,,,,,
187,187,401762792,2771,Merrimack,FCS Independents,,17,15-31,0.0,17,0-1,0,1.0,,,0,0.0,6.0,1.0,9.0,176,2.0,,1,31:31,0.0,-1.0,1.0,2.0,35,0,164,3.0,29.0,5.0,3-14,1.0,11-115,340,0,5.7,4.7,55.25806451612903,,,15.0,31.0,0.4838709677419355,0.0,1.0,0.0,3.0,14.0,0.21428571428571427,11.0,115.0,0.09565217391304348,0,31.0,31,31,55.25806451612903,,,,,,,,,,,,,,,,,,,,,,,,,,,,,,,,,,,,,,,,,,
188,188,401762793,107,Holy Cross,Patriot,,17,17-29,1.0,11,0-2,0,,0.0,0.0,1,1.0,201.0,5.0,5.0,155,2.0,1.0,1,26:34,0.0,7.0,1.0,1.0,25,0,63,0.0,38.0,3.0,3-12,,1-5,218,1,5.3,2.5,54.77333333333333,,,17.0,29.0,0.5862068965517241,0.0,2.0,0.0,3.0,12.0,0.25,1.0,5.0,0.2,0,26.0,34,26,54.77333333333333,2025.0,regular,1.0,2025-08-30T19:30:00.000Z,Northern Illinois,Mid-American,fbs,19.0,Holy Cross,Patriot,fcs,17.0,ESPN Bet,-13.5,Northern Illinois -13.5,-11.0,48.5,51.5,-550.0,380.0,,2025.0,regular,1.0,2025-08-30T19:30:00.000Z,Northern Illinois,Mid-American,fbs,19.0,Holy Cross,Patriot,fcs,17.0,ESPN Bet,-13.5,Northern Illinois -13.5,-11.0,48.5,51.5,-550.0,380.0,
189,189,401762793,2459,Northern Illinois,Mid-American,,19,14-24,1.0,17,2-3,0,0.0,0.0,0.0,1,1.0,139.0,4.0,7.0,109,4.0,1.0,0,33:26,,,,2.0,46,1,180,2.0,32.0,8.0,5-17,2.0,7-48,289,1,4.5,3.9,53.05714285714286,2025.0,471.01,14.0,24.0,0.5833333333333334,2.0,3.0,0.6666666666666666,5.0,17.0,0.29411764705882354,7.0,48.0,0.14583333333333334,1,33.0,26,33,53.05714285714286,2025.0,regular,1.0,2025-08-30T19:30:00.000Z,Northern Illinois,Mid-American,fbs,19.0,Holy Cross,Patriot,fcs,17.0,ESPN Bet,-13.5,Northern Illinois -13.5,-11.0,48.5,51.5,-550.0,380.0,,2025.0,regular,1.0,2025-08-30T19:30:00.000Z,Northern Illinois,Mid-American,fbs,19.0,Holy Cross,Patriot,fcs,17.0,ESPN Bet,-13.5,Northern Illinois -13.5,-11.0,48.5,51.5,-550.0,380.0,
190,190,401766898,2065,Bethune-Cookman,SWAC,,9,23-39,0.0,17,0-3,1,1.0,,,0,0.0,51.0,3.0,9.0,241,3.0,,0,27:59,0.0,9.0,2.0,3.0,30,0,105,0.0,36.0,6.0,5-15,2.0,8-75,346,1,6.2,3.5,47.92134831460674,,,23.0,39.0,0.5897435897435898,0.0,3.0,0.0,5.0,15.0,0.3333333333333333,8.0,75.0,0.10666666666666667,0,27.0,59,27,47.92134831460674,2025.0,regular,1.0,2025-08-29T23:00:00.000Z,Florida International,Conference USA,fbs,42.0,Bethune-Cookman,SWAC,fcs,9.0,ESPN Bet,-26.5,Florida International -26.5,-31.0,54.5,54.5,-5000.0,1500.0,,2025.0,regular,1.0,2025-08-29T23:00:00.000Z,Florida International,Conference USA,fbs,42.0,Bethune-Cookman,SWAC,fcs,9.0,ESPN Bet,-26.5,Florida International -26.5,-31.0,54.5,54.5,-5000.0,1500.0,
191,191,401766898,2229,Florida International,Conference USA,,42,22-35,0.0,28,1-2,1,1.0,,,0,0.0,103.0,4.0,6.0,233,2.0,,0,32:01,0.0,2.0,2.0,4.0,38,6,223,2.0,33.0,6.0,8-14,1.0,7-40,456,1,6.7,5.9,49.98936170212766,2025.0,562.61,22.0,35.0,0.6285714285714286,1.0,2.0,0.5,8.0,14.0,0.5714285714285714,7.0,40.0,0.175,1,32.0,1,32,49.98936170212766,2025.0,regular,1.0,2025-08-29T23:00:00.000Z,Florida International,Conference USA,fbs,42.0,Bethune-Cookman,SWAC,fcs,9.0,ESPN Bet,-26.5,Florida International -26.5,-31.0,54.5,54.5,-5000.0,1500.0,,2025.0,regular,1.0,2025-08-29T23:00:00.000Z,Florida International,Conference USA,fbs,42.0,Bethune-Cookman,SWAC,fcs,9.0,ESPN Bet,-26.5,Florida International -26.5,-31.0,54.5,54.5,-5000.0,1500.0,
192,192,401767059,331,Eastern Washington,Big Sky,,21,21-39,,15,1-2,1,1.0,,,1,0.0,96.0,4.0,3.0,183,,,0,25:41,0.0,14.0,2.0,,23,3,107,,,,4-13,1.0,3-25,290,2,4.7,4.7,60.33766233766234,,,21.0,39.0,0.5384615384615384,1.0,2.0,0.5,4.0,13.0,0.3076923076923077,3.0,25.0,0.12,0,25.0,41,25,60.33766233766234,2025.0,regular,1.0,2025-08-30T23:00:00.000Z,Incarnate Word,Southland,fcs,31.0,Eastern Washington,Big Sky,fcs,21.0,ESPN Bet,-10.0,Incarnate Word -10,,57.5,,,,,2025.0,regular,1.0,2025-08-30T23:00:00.000Z,Incarnate Word,Southland,fcs,31.0,Eastern Washington,Big Sky,fcs,21.0,ESPN Bet,-10.0,Incarnate Word -10,,57.5,,,,
193,193,401767059,2916,Incarnate Word,Southland,,31,27-38,,27,2-2,1,1.0,0.0,0.0,0,,,,7.0,332,,1.0,1,34:19,0.0,27.0,2.0,,47,3,131,,,,7-16,3.0,7-65,463,1,8.7,2.8,48.15544041450777,,,27.0,38.0,0.7105263157894737,2.0,2.0,1.0,7.0,16.0,0.4375,7.0,65.0,0.1076923076923077,1,34.0,19,34,48.15544041450777,2025.0,regular,1.0,2025-08-30T23:00:00.000Z,Incarnate Word,Southland,fcs,31.0,Eastern Washington,Big Sky,fcs,21.0,ESPN Bet,-10.0,Incarnate Word -10,,57.5,,,,,2025.0,regular,1.0,2025-08-30T23:00:00.000Z,Incarnate Word,Southland,fcs,31.0,Eastern Washington,Big Sky,fcs,21.0,ESPN Bet,-10.0,Incarnate Word -10,,57.5,,,,
194,194,401767070,13,Cal Poly,Big Sky,,41,22-33,,32,0-0,0,,,,0,0.0,18.0,1.0,11.0,335,,,3,30:53,0.0,27.0,1.0,,38,2,134,,,,7-13,,8-54,469,0,10.2,3.5,46.6063829787234,,,22.0,33.0,0.6666666666666666,0.0,0.0,0.0,7.0,13.0,0.5384615384615384,8.0,54.0,0.14814814814814814,1,30.0,53,30,46.6063829787234,2025.0,regular,1.0,2025-08-31T00:00:00.000Z,San Diego,Pioneer,fcs,17.0,Cal Poly,Big Sky,fcs,41.0,ESPN Bet,-1.5,San Diego -1.5,,49.5,,,,,2025.0,regular,1.0,2025-08-31T00:00:00.000Z,San Diego,Pioneer,fcs,17.0,Cal Poly,Big Sky,fcs,41.0,ESPN Bet,-1.5,San Diego -1.5,,49.5,,,,
195,195,401767070,301,San Diego,Pioneer,,17,19-30,,16,1-2,0,,,,0,0.0,31.0,1.0,5.0,202,,,1,29:07,0.0,1.0,1.0,,33,1,165,,,,5-15,,7-91,367,0,6.7,5.0,59.674698795180724,,,19.0,30.0,0.6333333333333333,1.0,2.0,0.5,5.0,15.0,0.3333333333333333,7.0,91.0,0.07692307692307693,0,29.0,7,29,59.674698795180724,2025.0,regular,1.0,2025-08-31T00:00:00.000Z,San Diego,Pioneer,fcs,17.0,Cal Poly,Big Sky,fcs,41.0,ESPN Bet,-1.5,San Diego -1.5,,49.5,,,,,2025.0,regular,1.0,2025-08-31T00:00:00.000Z,San Diego,Pioneer,fcs,17.0,Cal Poly,Big Sky,fcs,41.0,ESPN Bet,-1.5,San Diego -1.5,,49.5,,,,
196,196,401767080,304,Idaho State,Big Sky,,24,24-50,,19,1-3,0,1.0,,,1,0.0,78.0,3.0,6.0,338,,,1,22:47,,,,,16,1,23,,,,4-14,0.0,3-30,361,1,6.8,1.4,51.78378378378378,,,24.0,50.0,0.48,1.0,3.0,0.3333333333333333,4.0,14.0,0.2857142857142857,3.0,30.0,0.1,0,22.0,47,22,51.78378378378378,2025.0,regular,1.0,2025-08-31T00:30:00.000Z,Southern Utah,UAC,fcs,46.0,Idaho State,Big Sky,fcs,24.0,ESPN Bet,-4.5,Southern Utah -4.5,,62.5,,,,,2025.0,regular,1.0,2025-08-31T00:30:00.000Z,Southern Utah,UAC,fcs,46.0,Idaho State,Big Sky,fcs,24.0,ESPN Bet,-4.5,Southern Utah -4.5,,62.5,,,,
197,197,401767080,253,Southern Utah,UAC,,46,19-25,,28,1-1,1,,0.0,6.0,0,0.0,24.0,2.0,8.0,240,,1.0,3,37:13,,,,,50,3,323,,,,8-14,,6-40,563,1,9.6,6.5,59.676767676767675,,,19.0,25.0,0.76,1.0,1.0,1.0,8.0,14.0,0.5714285714285714,6.0,40.0,0.15,1,37.0,13,37,59.676767676767675,2025.0,regular,1.0,2025-08-31T00:30:00.000Z,Southern Utah,UAC,fcs,46.0,Idaho State,Big Sky,fcs,24.0,ESPN Bet,-4.5,Southern Utah -4.5,,62.5,,,,,2025.0,regular,1.0,2025-08-31T00:30:00.000Z,Southern Utah,UAC,fcs,46.0,Idaho State,Big Sky,fcs,24.0,ESPN Bet,-4.5,Southern Utah -4.5,,62.5,,,,
198,198,401767119,2123,Chadron St,Rocky Mountain,,3,20-33,,21,1-2,0,,,,1,,,,3.0,228,,,0,31:22,0.0,-1.0,1.0,,31,0,105,,,,3-11,,4-60,333,1,6.9,3.4,45.5921052631579,,,20.0,33.0,0.6060606060606061,1.0,2.0,0.5,3.0,11.0,0.2727272727272727,4.0,60.0,0.06666666666666667,0,31.0,22,31,45.5921052631579,,,,,,,,,,,,,,,,,,,,,,,,,,,,,,,,,,,,,,,,,,
199,199,401767119,2458,Northern Colorado,Big Sky,,17,9-16,,19,0-0,0,,0.0,15.0,0,,,,5.0,131,,1.0,1,28:38,,,,,36,1,160,,,,6-12,,3-30,291,0,8.2,4.4,59.63768115942029,,,9.0,16.0,0.5625,0.0,0.0,0.0,6.0,12.0,0.5,3.0,30.0,0.1,1,28.0,38,28,59.63768115942029,,,,,,,,,,,,,,,,,,,,,,,,,,,,,,,,,,,,,,,,,,
200,200,401767126,2502,Portland State,Big Sky,,0,18-35,,17,0-1,1,1.0,,,3,0.0,144.0,7.0,0.0,169,,,0,32:22,,,,,29,0,108,,,,4-14,1.0,6-45,277,4,4.8,3.7,66.01156069364161,,,18.0,35.0,0.5142857142857142,0.0,1.0,0.0,4.0,14.0,0.2857142857142857,6.0,45.0,0.13333333333333333,0,32.0,22,32,66.01156069364161,2025.0,regular,1.0,2025-08-23T20:30:00.000Z,Portland State,Big Sky,fcs,0.0,Tarleton State,UAC,fcs,42.0,ESPN Bet,16.5,Tarleton State -16.5,,55.5,,,,,2025.0,regular,1.0,2025-08-23T20:30:00.000Z,Portland State,Big Sky,fcs,0.0,Tarleton State,UAC,fcs,42.0,ESPN Bet,16.5,Tarleton State -16.5,,55.5,,,,
201,201,401767126,2627,Tarleton State,UAC,,42,14-25,,22,1-1,1,1.0,1.0,91.0,0,,,,6.0,152,,3.0,2,27:38,,,,,38,3,301,,,,6-12,3.0,4-30,453,1,6.1,7.9,51.497206703910614,,,14.0,25.0,0.56,1.0,1.0,1.0,6.0,12.0,0.5,4.0,30.0,0.13333333333333333,1,27.0,38,27,51.497206703910614,2025.0,regular,1.0,2025-08-23T20:30:00.000Z,Portland State,Big Sky,fcs,0.0,Tarleton State,UAC,fcs,42.0,ESPN Bet,16.5,Tarleton State -16.5,,55.5,,,,,2025.0,regular,1.0,2025-08-23T20:30:00.000Z,Portland State,Big Sky,fcs,0.0,Tarleton State,UAC,fcs,42.0,ESPN Bet,16.5,Tarleton State -16.5,,55.5,,,,
202,202,401767130,16,Sacramento State,Big Sky,,3,11-27,,7,0-4,1,2.0,,,1,0.0,46.0,2.0,3.0,107,,,0,18:54,,,,,24,0,24,,,,2-13,2.0,9-66,131,2,4.0,1.0,61.666666666666664,,,11.0,27.0,0.4074074074074074,0.0,4.0,0.0,2.0,13.0,0.15384615384615385,9.0,66.0,0.13636363636363635,0,18.0,54,18,61.666666666666664,2025.0,regular,1.0,2025-08-30T23:00:00.000Z,South Dakota State,MVFC,fcs,20.0,Sacramento State,Big Sky,fcs,3.0,ESPN Bet,-11.5,South Dakota State -11.5,,57.5,,,,,2025.0,regular,1.0,2025-08-30T23:00:00.000Z,South Dakota State,MVFC,fcs,20.0,Sacramento State,Big Sky,fcs,3.0,ESPN Bet,-11.5,South Dakota State -11.5,,57.5,,,,
203,203,401767130,2571,South Dakota State,MVFC,,20,17-23,,28,2-3,2,1.0,0.0,0.0,0,0.0,46.0,2.0,8.0,190,,1.0,1,41:06,0.0,-5.0,2.0,,56,1,240,,,,5-15,2.0,5-50,430,2,8.3,4.3,44.097345132743364,,,17.0,23.0,0.7391304347826086,2.0,3.0,0.6666666666666666,5.0,15.0,0.3333333333333333,5.0,50.0,0.1,1,41.0,6,41,44.097345132743364,2025.0,regular,1.0,2025-08-30T23:00:00.000Z,South Dakota State,MVFC,fcs,20.0,Sacramento State,Big Sky,fcs,3.0,ESPN Bet,-11.5,South Dakota State -11.5,,57.5,,,,,2025.0,regular,1.0,2025-08-30T23:00:00.000Z,South Dakota State,MVFC,fcs,20.0,Sacramento State,Big Sky,fcs,3.0,ESPN Bet,-11.5,South Dakota State -11.5,,57.5,,,,
204,204,401767140,227,Rhode Island,CAA,,31,15-28,,21,1-1,3,1.0,,,0,0.0,17.0,1.0,7.0,275,,,2,28:55,0.0,16.0,2.0,,34,2,109,,,,4-11,3.0,9-62,384,3,9.8,3.2,44.94318181818182,,,15.0,28.0,0.5357142857142857,1.0,1.0,1.0,4.0,11.0,0.36363636363636365,9.0,62.0,0.14516129032258066,1,28.0,55,28,44.94318181818182,2025.0,regular,1.0,2025-08-29T22:00:00.000Z,Rhode Island,CAA,fcs,31.0,Campbell,CAA,fcs,20.0,ESPN Bet,-11.5,Rhode Island -11.5,,56.5,,,,,2025.0,regular,1.0,2025-08-29T22:00:00.000Z,Rhode Island,CAA,fcs,31.0,Campbell,CAA,fcs,20.0,ESPN Bet,-11.5,Rhode Island -11.5,,56.5,,,,
205,205,401767140,2097,Campbell,CAA,,20,18-36,,13,1-2,1,3.0,,,0,0.0,88.0,4.0,8.0,148,,,1,31:05,0.0,6.0,2.0,,32,1,120,,,,3-15,1.0,11-98,268,1,4.1,3.8,55.54255319148936,,,18.0,36.0,0.5,1.0,2.0,0.5,3.0,15.0,0.2,11.0,98.0,0.11224489795918367,0,31.0,5,31,55.54255319148936,2025.0,regular,1.0,2025-08-29T22:00:00.000Z,Rhode Island,CAA,fcs,31.0,Campbell,CAA,fcs,20.0,ESPN Bet,-11.5,Rhode Island -11.5,,56.5,,,,,2025.0,regular,1.0,2025-08-29T22:00:00.000Z,Rhode Island,CAA,fcs,31.0,Campbell,CAA,fcs,20.0,ESPN Bet,-11.5,Rhode Island -11.5,,56.5,,,,
206,206,401767156,302,UC Davis,Big Sky,,31,21-31,,21,0-2,1,2.0,0.0,31.0,1,0.0,23.0,1.0,7.0,253,,2.0,3,27:45,0.0,47.0,3.0,,43,1,164,,,,6-15,1.0,6-63,417,2,8.2,3.8,52.24175824175824,,,21.0,31.0,0.6774193548387096,0.0,2.0,0.0,6.0,15.0,0.4,6.0,63.0,0.09523809523809523,1,27.0,45,27,52.24175824175824,2025.0,regular,1.0,2025-08-31T02:00:00.000Z,Utah Tech,UAC,fcs,24.0,UC Davis,Big Sky,fcs,31.0,ESPN Bet,18.5,UC Davis -18.5,,56.5,,,,,2025.0,regular,1.0,2025-08-31T02:00:00.000Z,Utah Tech,UAC,fcs,24.0,UC Davis,Big Sky,fcs,31.0,ESPN Bet,18.5,UC Davis -18.5,,56.5,,,,
207,207,401767156,3101,Utah Tech,UAC,,24,28-44,,18,0-2,2,1.0,0.0,0.0,2,0.0,13.0,1.0,6.0,272,,1.0,2,32:15,0.0,1.0,3.0,,30,1,81,,,,7-16,2.0,3-30,353,4,6.2,2.7,52.229885057471265,,,28.0,44.0,0.6363636363636364,0.0,2.0,0.0,7.0,16.0,0.4375,3.0,30.0,0.1,0,32.0,15,32,52.229885057471265,2025.0,regular,1.0,2025-08-31T02:00:00.000Z,Utah Tech,UAC,fcs,24.0,UC Davis,Big Sky,fcs,31.0,ESPN Bet,18.5,UC Davis -18.5,,56.5,,,,,2025.0,regular,1.0,2025-08-31T02:00:00.000Z,Utah Tech,UAC,fcs,24.0,UC Davis,Big Sky,fcs,31.0,ESPN Bet,18.5,UC Davis -18.5,,56.5,,,,
208,208,401767171,2168,Dayton,Pioneer,,14,17-31,,9,0-1,1,2.0,0.0,0.0,0,0.0,77.0,3.0,2.0,261,,1.0,2,19:43,0.0,36.0,3.0,,19,0,31,,,,3-13,1.0,2-18,292,1,8.4,1.6,58.285714285714285,,,17.0,31.0,0.5483870967741935,0.0,1.0,0.0,3.0,13.0,0.23076923076923078,2.0,18.0,0.1111111111111111,0,19.0,43,19,58.285714285714285,2025.0,regular,1.0,2025-08-28T23:00:00.000Z,Eastern Illinois,Big South-OVC,fcs,24.0,Dayton,Pioneer,fcs,14.0,ESPN Bet,-9.5,Eastern Illinois -9.5,,47.5,,,,,2025.0,regular,1.0,2025-08-28T23:00:00.000Z,Eastern Illinois,Big South-OVC,fcs,24.0,Dayton,Pioneer,fcs,14.0,ESPN Bet,-9.5,Eastern Illinois -9.5,,47.5,,,,
209,209,401767171,2197,Eastern Illinois,Big South-OVC,,24,9-18,,25,0-1,2,1.0,,,1,,,,6.0,129,,,0,40:17,0.0,19.0,3.0,,62,3,336,,,,9-17,2.0,5-44,465,3,7.2,5.4,52.84375,,,9.0,18.0,0.5,0.0,1.0,0.0,9.0,17.0,0.5294117647058824,5.0,44.0,0.11363636363636363,1,40.0,17,40,52.84375,2025.0,regular,1.0,2025-08-28T23:00:00.000Z,Eastern Illinois,Big South-OVC,fcs,24.0,Dayton,Pioneer,fcs,14.0,ESPN Bet,-9.5,Eastern Illinois -9.5,,47.5,,,,,2025.0,regular,1.0,2025-08-28T23:00:00.000Z,Eastern Illinois,Big South-OVC,fcs,24.0,Dayton,Pioneer,fcs,14.0,ESPN Bet,-9.5,Eastern Illinois -9.5,,47.5,,,,
210,210,401767179,2261,Hampton,CAA,,14,21-29,,20,1-3,2,0.0,,,1,0.0,19.0,2.0,2.0,201,,,1,33:33,0.0,2.0,4.0,,41,1,175,,,,5-14,4.0,5-33,376,3,6.9,4.3,58.148148148148145,,,21.0,29.0,0.7241379310344828,1.0,3.0,0.3333333333333333,5.0,14.0,0.35714285714285715,5.0,33.0,0.15151515151515152,0,33.0,33,33,58.148148148148145,2025.0,regular,1.0,2025-08-30T19:00:00.000Z,Jackson State,SWAC,fcs,28.0,Hampton,CAA,fcs,14.0,ESPN Bet,-18.5,Jackson State -18.5,,58.5,,,,,2025.0,regular,1.0,2025-08-30T19:00:00.000Z,Jackson State,SWAC,fcs,28.0,Hampton,CAA,fcs,14.0,ESPN Bet,-18.5,Jackson State -18.5,,58.5,,,,
211,211,401767179,2296,Jackson State,SWAC,,28,15-30,,19,0-0,0,2.0,0.0,5.0,0,0.0,46.0,2.0,4.0,143,,1.0,0,26:27,0.0,31.0,3.0,,32,4,283,,,,6-14,1.0,10-89,426,0,4.8,8.8,55.97530864197531,,,15.0,30.0,0.5,0.0,0.0,0.0,6.0,14.0,0.42857142857142855,10.0,89.0,0.11235955056179775,1,26.0,27,26,55.97530864197531,2025.0,regular,1.0,2025-08-30T19:00:00.000Z,Jackson State,SWAC,fcs,28.0,Hampton,CAA,fcs,14.0,ESPN Bet,-18.5,Jackson State -18.5,,58.5,,,,,2025.0,regular,1.0,2025-08-30T19:00:00.000Z,Jackson State,SWAC,fcs,28.0,Hampton,CAA,fcs,14.0,ESPN Bet,-18.5,Jackson State -18.5,,58.5,,,,
212,212,401767201,2241,Gardner-Webb,Big South-OVC,,52,13-33,,25,2-4,1,2.0,0.0,0.0,1,0.0,99.0,4.0,10.0,292,,1.0,2,35:38,0.0,23.0,3.0,,57,5,335,,,,4-16,1.0,8-64,627,2,8.8,5.9,47.29090909090909,,,13.0,33.0,0.3939393939393939,2.0,4.0,0.5,4.0,16.0,0.25,8.0,64.0,0.125,1,35.0,38,35,47.29090909090909,2025.0,regular,1.0,2025-08-30T22:00:00.000Z,Western Carolina,Southern,fcs,45.0,Gardner-Webb,Big South-OVC,fcs,52.0,ESPN Bet,-6.5,Western Carolina -6.5,,57.5,,,,,2025.0,regular,1.0,2025-08-30T22:00:00.000Z,Western Carolina,Southern,fcs,45.0,Gardner-Webb,Big South-OVC,fcs,52.0,ESPN Bet,-6.5,Western Carolina -6.5,,57.5,,,,
213,213,401767201,2717,Western Carolina,Southern,,45,18-36,,21,1-1,2,1.0,0.0,61.0,1,0.0,96.0,5.0,9.0,233,,1.0,3,24:22,0.0,21.0,2.0,,42,3,221,,,,7-18,3.0,8-54,454,3,6.5,5.3,56.45360824742268,,,18.0,36.0,0.5,1.0,1.0,1.0,7.0,18.0,0.3888888888888889,8.0,54.0,0.14814814814814814,0,24.0,22,24,56.45360824742268,2025.0,regular,1.0,2025-08-30T22:00:00.000Z,Western Carolina,Southern,fcs,45.0,Gardner-Webb,Big South-OVC,fcs,52.0,ESPN Bet,-6.5,Western Carolina -6.5,,57.5,,,,,2025.0,regular,1.0,2025-08-30T22:00:00.000Z,Western Carolina,Southern,fcs,45.0,Gardner-Webb,Big South-OVC,fcs,52.0,ESPN Bet,-6.5,Western Carolina -6.5,,57.5,,,,
214,214,401767209,2815,Lindenwood,Big South-OVC,,13,18-30,,22,0-1,1,0.0,,,0,0.0,44.0,3.0,1.0,318,,,1,30:43,0.0,7.0,3.0,,35,1,132,,,,4-12,1.0,4-41,450,1,10.6,3.8,44.56410256410256,,,18.0,30.0,0.6,0.0,1.0,0.0,4.0,12.0,0.3333333333333333,4.0,41.0,0.0975609756097561,0,30.0,43,30,44.56410256410256,2025.0,regular,1.0,2025-08-28T23:00:00.000Z,St. Thomas (MN),Pioneer,fcs,35.0,Lindenwood,Big South-OVC,fcs,13.0,ESPN Bet,6.5,Lindenwood -6.5,,51.5,,,,,2025.0,regular,1.0,2025-08-28T23:00:00.000Z,St. Thomas (MN),Pioneer,fcs,35.0,Lindenwood,Big South-OVC,fcs,13.0,ESPN Bet,6.5,Lindenwood -6.5,,51.5,,,,
215,215,401767209,2900,St. Thomas (MN),Pioneer,,35,11-19,,23,1-1,0,1.0,,,0,0.0,17.0,2.0,5.0,172,,,2,29:17,,,,,44,3,275,,,,7-11,0.0,7-42,447,0,9.1,6.3,51.90909090909091,,,11.0,19.0,0.5789473684210527,1.0,1.0,1.0,7.0,11.0,0.6363636363636364,7.0,42.0,0.16666666666666666,1,29.0,17,29,51.90909090909091,2025.0,regular,1.0,2025-08-28T23:00:00.000Z,St. Thomas (MN),Pioneer,fcs,35.0,Lindenwood,Big South-OVC,fcs,13.0,ESPN Bet,6.5,Lindenwood -6.5,,51.5,,,,,2025.0,regular,1.0,2025-08-28T23:00:00.000Z,St. Thomas (MN),Pioneer,fcs,35.0,Lindenwood,Big South-OVC,fcs,13.0,ESPN Bet,6.5,Lindenwood -6.5,,51.5,,,,
216,216,401767223,2448,North Carolina A&T,CAA,,21,16-22,,15,0-0,3,0.0,0.0,0.0,0,0.0,59.0,3.0,3.0,210,,1.0,1,32:55,0.0,30.0,5.0,,41,2,133,,,,5-15,4.0,8-55,343,3,9.5,3.2,61.71084337349398,,,16.0,22.0,0.7272727272727273,0.0,0.0,0.0,5.0,15.0,0.3333333333333333,8.0,55.0,0.14545454545454545,0,32.0,55,32,61.71084337349398,2025.0,regular,1.0,2025-08-30T20:30:00.000Z,Tennessee State,Big South-OVC,fcs,24.0,North Carolina A&T,CAA,fcs,21.0,ESPN Bet,-6.5,Tennessee State -6.5,,50.5,,,,,2025.0,regular,1.0,2025-08-30T20:30:00.000Z,Tennessee State,Big South-OVC,fcs,24.0,North Carolina A&T,CAA,fcs,21.0,ESPN Bet,-6.5,Tennessee State -6.5,,50.5,,,,
217,217,401767223,2634,Tennessee State,Big South-OVC,,24,11-21,,11,0-0,0,3.0,,,1,0.0,43.0,3.0,6.0,123,,,1,27:05,0.0,22.0,2.0,,28,2,159,,,,2-11,1.0,8-68,282,1,5.9,5.7,57.18840579710145,,,11.0,21.0,0.5238095238095238,0.0,0.0,0.0,2.0,11.0,0.18181818181818182,8.0,68.0,0.11764705882352941,1,27.0,5,27,57.18840579710145,2025.0,regular,1.0,2025-08-30T20:30:00.000Z,Tennessee State,Big South-OVC,fcs,24.0,North Carolina A&T,CAA,fcs,21.0,ESPN Bet,-6.5,Tennessee State -6.5,,50.5,,,,,2025.0,regular,1.0,2025-08-30T20:30:00.000Z,Tennessee State,Big South-OVC,fcs,24.0,North Carolina A&T,CAA,fcs,21.0,ESPN Bet,-6.5,Tennessee State -6.5,,50.5,,,,
218,218,401767230,2635,Tennessee Tech,Big South-OVC,,65,19-28,,24,1-3,0,0.0,0.0,1.0,0,0.0,36.0,1.0,11.0,284,,1.0,3,30:14,1.0,118.0,3.0,,30,5,287,,,,5-8,1.0,7-90,571,0,10.1,9.6,45.52564102564103,,,19.0,28.0,0.6785714285714286,1.0,3.0,0.3333333333333333,5.0,8.0,0.625,7.0,90.0,0.07777777777777778,1,30.0,14,30,45.52564102564103,,,,,,,,,,,,,,,,,,,,,,,,,,,,,,,,,,,,,,,,,,
219,219,401767256,2142,Colgate,Patriot,,39,21-37,,27,2-3,1,0.0,0.0,9.0,0,0.0,93.0,5.0,7.0,365,,4.0,3,32:57,,,,,40,2,176,,,,7-14,1.0,4-40,541,1,9.9,4.4,46.375,,,21.0,37.0,0.5675675675675675,2.0,3.0,0.6666666666666666,7.0,14.0,0.5,4.0,40.0,0.1,0,32.0,57,32,46.375,2025.0,regular,1.0,2025-08-29T23:00:00.000Z,Colgate,Patriot,fcs,39.0,Monmouth,CAA,fcs,42.0,ESPN Bet,14.5,Monmouth -14.5,,65.5,,,,,2025.0,regular,1.0,2025-08-29T23:00:00.000Z,Colgate,Patriot,fcs,39.0,Monmouth,CAA,fcs,42.0,ESPN Bet,14.5,Monmouth -14.5,,65.5,,,,
220,220,401767256,2405,Monmouth,CAA,,42,34-45,,32,1-2,0,1.0,,,4,0.0,49.0,3.0,4.0,491,,,4,27:03,,,,,28,2,187,,,,9-14,0.0,3-32,678,4,10.9,6.7,50.7906976744186,,,34.0,45.0,0.7555555555555555,1.0,2.0,0.5,9.0,14.0,0.6428571428571429,3.0,32.0,0.09375,1,27.0,3,27,50.7906976744186,2025.0,regular,1.0,2025-08-29T23:00:00.000Z,Colgate,Patriot,fcs,39.0,Monmouth,CAA,fcs,42.0,ESPN Bet,14.5,Monmouth -14.5,,65.5,,,,,2025.0,regular,1.0,2025-08-29T23:00:00.000Z,Colgate,Patriot,fcs,39.0,Monmouth,CAA,fcs,42.0,ESPN Bet,14.5,Monmouth -14.5,,65.5,,,,
221,221,401767265,160,New Hampshire,CAA,,27,10-17,,14,0-0,0,,0.0,0.0,0,0.0,0.0,1.0,7.0,186,,1.0,2,34:52,0.0,63.0,2.0,,39,1,118,,,,5-13,,11-110,304,0,10.9,3.0,53.08433734939759,,,10.0,17.0,0.5882352941176471,0.0,0.0,0.0,5.0,13.0,0.38461538461538464,11.0,110.0,0.1,1,34.0,52,34,53.08433734939759,2025.0,regular,1.0,2025-08-30T22:00:00.000Z,North Carolina Central,MEAC,fcs,10.0,New Hampshire,CAA,fcs,27.0,ESPN Bet,-4.5,North Carolina Central -4.5,,50.5,,,,,2025.0,regular,1.0,2025-08-30T22:00:00.000Z,North Carolina Central,MEAC,fcs,10.0,New Hampshire,CAA,fcs,27.0,ESPN Bet,-4.5,North Carolina Central -4.5,,50.5,,,,
222,222,401767265,2428,North Carolina Central,MEAC,,10,13-33,,16,0-1,0,,,,1,0.0,63.0,3.0,4.0,172,,,1,25:08,0.0,12.0,3.0,,30,0,103,,,,3-13,,5-60,275,1,5.2,3.4,47.264150943396224,,,13.0,33.0,0.3939393939393939,0.0,1.0,0.0,3.0,13.0,0.23076923076923078,5.0,60.0,0.08333333333333333,0,25.0,8,25,47.264150943396224,2025.0,regular,1.0,2025-08-30T22:00:00.000Z,North Carolina Central,MEAC,fcs,10.0,New Hampshire,CAA,fcs,27.0,ESPN Bet,-4.5,North Carolina Central -4.5,,50.5,,,,,2025.0,regular,1.0,2025-08-30T22:00:00.000Z,North Carolina Central,MEAC,fcs,10.0,New Hampshire,CAA,fcs,27.0,ESPN Bet,-4.5,North Carolina Central -4.5,,50.5,,,,
223,223,401767298,2535,Samford,Southern,,3,32-44,,16,0-3,3,0.0,0.0,8.0,0,0.0,74.0,4.0,3.0,247,,2.0,0,27:49,0.0,2.0,2.0,,28,0,24,,,,5-17,5.0,6-43,271,3,5.6,0.9,54.19387755102041,,,32.0,44.0,0.7272727272727273,0.0,3.0,0.0,5.0,17.0,0.29411764705882354,6.0,43.0,0.13953488372093023,0,27.0,49,27,54.19387755102041,2025.0,regular,1.0,2025-08-28T23:30:00.000Z,Samford,Southern,fcs,3.0,West Georgia,UAC,fcs,34.0,ESPN Bet,-6.5,Samford -6.5,,55.5,,,,,2025.0,regular,1.0,2025-08-28T23:30:00.000Z,Samford,Southern,fcs,3.0,West Georgia,UAC,fcs,34.0,ESPN Bet,-6.5,Samford -6.5,,55.5,,,,
224,224,401767298,2698,West Georgia,UAC,,34,19-35,,18,1-2,0,3.0,,,2,0.0,92.0,1.0,10.0,231,,,0,32:11,,,,,34,2,180,,,,6-16,0.0,6-53,411,2,6.6,5.3,54.13,,,19.0,35.0,0.5428571428571428,1.0,2.0,0.5,6.0,16.0,0.375,6.0,53.0,0.11320754716981132,1,32.0,11,32,54.13,2025.0,regular,1.0,2025-08-28T23:30:00.000Z,Samford,Southern,fcs,3.0,West Georgia,UAC,fcs,34.0,ESPN Bet,-6.5,Samford -6.5,,55.5,,,,,2025.0,regular,1.0,2025-08-28T23:30:00.000Z,Samford,Southern,fcs,3.0,West Georgia,UAC,fcs,34.0,ESPN Bet,-6.5,Samford -6.5,,55.5,,,,
225,225,401767327,119,Towson,CAA,,27,14-26,,18,1-1,1,0.0,,,0,0.0,28.0,1.0,9.0,187,,,3,31:05,0.0,18.0,3.0,,38,0,136,,,,9-17,1.0,6-59,323,1,7.2,3.6,49.75903614457831,,,14.0,26.0,0.5384615384615384,1.0,1.0,1.0,9.0,17.0,0.5294117647058824,6.0,59.0,0.1016949152542373,1,31.0,5,31,49.75903614457831,2025.0,regular,1.0,2025-08-28T23:00:00.000Z,Norfolk State,MEAC,fcs,7.0,Towson,CAA,fcs,27.0,ESPN Bet,8.5,Towson -8.5,,49.5,,,,,2025.0,regular,1.0,2025-08-28T23:00:00.000Z,Norfolk State,MEAC,fcs,7.0,Towson,CAA,fcs,27.0,ESPN Bet,8.5,Towson -8.5,,49.5,,,,
226,226,401767327,2450,Norfolk State,MEAC,,7,21-31,,16,1-3,0,1.0,,,0,0.0,65.0,3.0,1.0,240,,,0,27:35,,,,,31,1,39,,,,3-13,0.0,9-78,279,0,7.7,1.3,60.21951219512195,,,21.0,31.0,0.6774193548387096,1.0,3.0,0.3333333333333333,3.0,13.0,0.23076923076923078,9.0,78.0,0.11538461538461539,0,27.0,35,27,60.21951219512195,2025.0,regular,1.0,2025-08-28T23:00:00.000Z,Norfolk State,MEAC,fcs,7.0,Towson,CAA,fcs,27.0,ESPN Bet,8.5,Towson -8.5,,49.5,,,,,2025.0,regular,1.0,2025-08-28T23:00:00.000Z,Norfolk State,MEAC,fcs,7.0,Towson,CAA,fcs,27.0,ESPN Bet,8.5,Towson -8.5,,49.5,,,,
227,227,401767339,231,Furman,Southern,,23,21-30,,17,0-0,1,0.0,1.0,43.0,0,0.0,144.0,4.0,11.0,179,,1.0,1,30:45,0.0,24.0,4.0,,34,0,58,,,,6-14,3.0,6-50,237,1,6.0,1.7,50.989583333333336,,,21.0,30.0,0.7,0.0,0.0,0.0,6.0,14.0,0.42857142857142855,6.0,50.0,0.12,1,30.0,45,30,50.989583333333336,2025.0,regular,1.0,2025-08-30T18:00:00.000Z,Furman,Southern,fcs,23.0,William & Mary,CAA,fcs,21.0,ESPN Bet,-2.5,Furman -2.5,,49.5,,,,,2025.0,regular,1.0,2025-08-30T18:00:00.000Z,Furman,Southern,fcs,23.0,William & Mary,CAA,fcs,21.0,ESPN Bet,-2.5,Furman -2.5,,49.5,,,,
228,228,401767339,2729,William & Mary,CAA,,21,19-32,,22,0-2,0,1.0,,,1,0.0,16.0,1.0,3.0,208,,,1,29:15,0.0,27.0,2.0,,35,2,144,,,,4-12,1.0,7-59,352,1,6.5,4.1,52.38461538461539,,,19.0,32.0,0.59375,0.0,2.0,0.0,4.0,12.0,0.3333333333333333,7.0,59.0,0.11864406779661017,0,29.0,15,29,52.38461538461539,2025.0,regular,1.0,2025-08-30T18:00:00.000Z,Furman,Southern,fcs,23.0,William & Mary,CAA,fcs,21.0,ESPN Bet,-2.5,Furman -2.5,,49.5,,,,,2025.0,regular,1.0,2025-08-30T18:00:00.000Z,Furman,Southern,fcs,23.0,William & Mary,CAA,fcs,21.0,ESPN Bet,-2.5,Furman -2.5,,49.5,,,,
229,229,401767350,47,Howard,MEAC,,10,17-28,,12,1-1,0,,,,1,0.0,56.0,3.0,4.0,145,,,1,26:24,0.0,25.0,2.0,,29,0,56,,,,6-16,,5-35,201,1,5.2,1.9,64.89024390243902,,,17.0,28.0,0.6071428571428571,1.0,1.0,1.0,6.0,16.0,0.375,5.0,35.0,0.14285714285714285,1,26.0,24,26,64.89024390243902,2025.0,regular,1.0,2025-08-30T20:00:00.000Z,Florida A&M,SWAC,fcs,9.0,Howard,MEAC,fcs,10.0,ESPN Bet,-7.5,Florida A&M -7.5,,48.5,,,,,2025.0,regular,1.0,2025-08-30T20:00:00.000Z,Florida A&M,SWAC,fcs,9.0,Howard,MEAC,fcs,10.0,ESPN Bet,-7.5,Florida A&M -7.5,,48.5,,,,
230,230,401767350,50,Florida A&M,SWAC,,9,17-32,,15,0-0,0,,0.0,0.0,0,0.0,46.0,2.0,9.0,183,,1.0,0,33:36,0.0,28.0,4.0,,32,0,89,,,,5-16,,6-54,272,0,5.7,2.8,44.15151515151515,,,17.0,32.0,0.53125,0.0,0.0,0.0,5.0,16.0,0.3125,6.0,54.0,0.1111111111111111,0,33.0,36,33,44.15151515151515,2025.0,regular,1.0,2025-08-30T20:00:00.000Z,Florida A&M,SWAC,fcs,9.0,Howard,MEAC,fcs,10.0,ESPN Bet,-7.5,Florida A&M -7.5,,48.5,,,,,2025.0,regular,1.0,2025-08-30T20:00:00.000Z,Florida A&M,SWAC,fcs,9.0,Howard,MEAC,fcs,10.0,ESPN Bet,-7.5,Florida A&M -7.5,,48.5,,,,
231,231,401767369,2016,Alcorn State,SWAC,,10,19-44,,18,1-4,1,1.0,1.0,72.0,2,0.0,21.0,4.0,4.0,182,,1.0,0,30:03,0.0,22.0,2.0,,33,0,119,,,,5-17,1.0,15-123,301,3,4.1,3.6,59.66355140186916,,,19.0,44.0,0.4318181818181818,1.0,4.0,0.25,5.0,17.0,0.29411764705882354,15.0,123.0,0.12195121951219512,0,30.0,3,30,59.66355140186916,2025.0,regular,1.0,2025-08-29T00:00:00.000Z,Northwestern State,Southland,fcs,20.0,Alcorn State,SWAC,fcs,10.0,ESPN Bet,10.5,Alcorn State -10.5,,49.5,,,,,2025.0,regular,1.0,2025-08-29T00:00:00.000Z,Northwestern State,Southland,fcs,20.0,Alcorn State,SWAC,fcs,10.0,ESPN Bet,10.5,Alcorn State -10.5,,49.5,,,,
232,232,401767369,2466,Northwestern State,Southland,,20,9-18,,12,1-1,1,1.0,0.0,0.0,1,0.0,58.0,3.0,2.0,85,,2.0,1,29:57,1.0,18.0,3.0,,40,1,185,,,,3-13,1.0,8-60,270,2,4.7,4.6,56.55844155844156,,,9.0,18.0,0.5,1.0,1.0,1.0,3.0,13.0,0.23076923076923078,8.0,60.0,0.13333333333333333,1,29.0,57,29,56.55844155844156,2025.0,regular,1.0,2025-08-29T00:00:00.000Z,Northwestern State,Southland,fcs,20.0,Alcorn State,SWAC,fcs,10.0,ESPN Bet,10.5,Alcorn State -10.5,,49.5,,,,,2025.0,regular,1.0,2025-08-29T00:00:00.000Z,Northwestern State,Southland,fcs,20.0,Alcorn State,SWAC,fcs,10.0,ESPN Bet,10.5,Alcorn State -10.5,,49.5,,,,
233,233,401767410,2428,North Carolina Central,MEAC,,31,22-27,,21,1-1,1,1.0,,,0,0.0,74.0,3.0,7.0,186,,,1,35:06,0.0,7.0,1.0,,36,3,223,,,,6-11,1.0,5-50,409,1,6.9,6.2,47.264150943396224,,,22.0,27.0,0.8148148148148148,1.0,1.0,1.0,6.0,11.0,0.5454545454545454,5.0,50.0,0.1,1,35.0,6,35,47.264150943396224,2025.0,regular,1.0,2025-08-23T23:30:00.000Z,Southern,SWAC,fcs,14.0,North Carolina Central,MEAC,fcs,31.0,ESPN Bet,10.5,North Carolina Central -10.5,,47.5,,,,,2025.0,regular,1.0,2025-08-23T23:30:00.000Z,Southern,SWAC,fcs,14.0,North Carolina Central,MEAC,fcs,31.0,ESPN Bet,10.5,North Carolina Central -10.5,,47.5,,,,
234,234,401767410,2582,Southern,SWAC,,14,13-19,,15,2-3,1,0.0,,,0,0.0,67.0,4.0,2.0,88,,,0,24:54,,,,,30,2,249,,,,2-10,1.0,743-37,337,1,4.6,8.3,53.406060606060606,,,13.0,19.0,0.6842105263157895,2.0,3.0,0.6666666666666666,2.0,10.0,0.2,743.0,37.0,20.08108108108108,0,24.0,54,24,53.406060606060606,2025.0,regular,1.0,2025-08-23T23:30:00.000Z,Southern,SWAC,fcs,14.0,North Carolina Central,MEAC,fcs,31.0,ESPN Bet,10.5,North Carolina Central -10.5,,47.5,,,,,2025.0,regular,1.0,2025-08-23T23:30:00.000Z,Southern,SWAC,fcs,14.0,North Carolina Central,MEAC,fcs,31.0,ESPN Bet,10.5,North Carolina Central -10.5,,47.5,,,,
235,235,401767415,2569,South Carolina State,MEAC,,16,27-50,,23,1-3,0,,,,0,0.0,14.0,1.0,10.0,299,,,1,34:13,0.0,2.0,2.0,,41,0,111,,,,12-23,,7-75,410,0,6.0,2.7,49.175925925925924,,,27.0,50.0,0.54,1.0,3.0,0.3333333333333333,12.0,23.0,0.5217391304347826,7.0,75.0,0.09333333333333334,1,34.0,13,34,49.175925925925924,2025.0,regular,1.0,2025-08-30T22:00:00.000Z,South Carolina State,MEAC,fcs,16.0,Wofford,Southern,fcs,15.0,ESPN Bet,-9.5,South Carolina State -9.5,,49.5,,,,,2025.0,regular,1.0,2025-08-30T22:00:00.000Z,South Carolina State,MEAC,fcs,16.0,Wofford,Southern,fcs,15.0,ESPN Bet,-9.5,South Carolina State -9.5,,49.5,,,,
236,236,401767415,2747,Wofford,Southern,,15,6-21,,10,1-1,0,,,,0,0.0,158.0,5.0,1.0,56,,,0,25:47,,,,,30,0,86,,,,4-15,,6-40,142,0,2.7,2.9,60.478873239436616,,,6.0,21.0,0.2857142857142857,1.0,1.0,1.0,4.0,15.0,0.26666666666666666,6.0,40.0,0.15,0,25.0,47,25,60.478873239436616,2025.0,regular,1.0,2025-08-30T22:00:00.000Z,South Carolina State,MEAC,fcs,16.0,Wofford,Southern,fcs,15.0,ESPN Bet,-9.5,South Carolina State -9.5,,49.5,,,,,2025.0,regular,1.0,2025-08-30T22:00:00.000Z,South Carolina State,MEAC,fcs,16.0,Wofford,Southern,fcs,15.0,ESPN Bet,-9.5,South Carolina State -9.5,,49.5,,,,
237,237,401767425,2582,Southern,SWAC,,34,17-30,,20,3-4,2,1.0,,,0,0.0,136.0,6.0,10.0,152,,,1,33:28,0.0,-5.0,2.0,,50,3,212,,,,6-16,2.0,7-60,364,2,5.1,4.2,53.406060606060606,,,17.0,30.0,0.5666666666666667,3.0,4.0,0.75,6.0,16.0,0.375,7.0,60.0,0.11666666666666667,1,33.0,28,33,53.406060606060606,2025.0,regular,1.0,2025-08-30T21:00:00.000Z,Mississippi Valley State,SWAC,fcs,29.0,Southern,SWAC,fcs,34.0,ESPN Bet,12.5,Southern -12.5,,49.5,,,,,2025.0,regular,1.0,2025-08-30T21:00:00.000Z,Mississippi Valley State,SWAC,fcs,29.0,Southern,SWAC,fcs,34.0,ESPN Bet,12.5,Southern -12.5,,49.5,,,,
238,238,401767425,2400,Mississippi Valley State,SWAC,,29,14-33,,14,1-3,0,2.0,,,0,0.0,68.0,5.0,11.0,218,,,2,26:32,0.0,0.0,1.0,,31,0,78,,,,2-14,1.0,8-50,296,0,6.6,2.5,57.57954545454545,,,14.0,33.0,0.42424242424242425,1.0,3.0,0.3333333333333333,2.0,14.0,0.14285714285714285,8.0,50.0,0.16,0,26.0,32,26,57.57954545454545,2025.0,regular,1.0,2025-08-30T21:00:00.000Z,Mississippi Valley State,SWAC,fcs,29.0,Southern,SWAC,fcs,34.0,ESPN Bet,12.5,Southern -12.5,,49.5,,,,,2025.0,regular,1.0,2025-08-30T21:00:00.000Z,Mississippi Valley State,SWAC,fcs,29.0,Southern,SWAC,fcs,34.0,ESPN Bet,12.5,Southern -12.5,,49.5,,,,
239,239,401767431,2504,Prairie View A&M,SWAC,,22,22-38,,19,2-3,0,,,,1,0.0,46.0,2.0,2.0,295,,,1,38:10,0.0,1.0,1.0,,30,1,130,,,,6-16,,15-159,425,1,7.8,4.3,47.449438202247194,,,22.0,38.0,0.5789473684210527,2.0,3.0,0.6666666666666666,6.0,16.0,0.375,15.0,159.0,0.09433962264150944,1,38.0,10,38,47.449438202247194,2025.0,regular,1.0,2025-08-31T00:00:00.000Z,Texas Southern,SWAC,fcs,21.0,Prairie View A&M,SWAC,fcs,22.0,ESPN Bet,-1.5,Texas Southern -1.5,,47.5,,,,,2025.0,regular,1.0,2025-08-31T00:00:00.000Z,Texas Southern,SWAC,fcs,21.0,Prairie View A&M,SWAC,fcs,22.0,ESPN Bet,-1.5,Texas Southern -1.5,,47.5,,,,
240,240,401767431,2640,Texas Southern,SWAC,,21,11-16,,17,3-3,0,0.0,0.0,0.0,0,0.0,140.0,3.0,3.0,132,,1.0,1,21:50,,,,,30,2,126,,,,5-9,1.0,7-63,258,0,8.3,4.2,58.03076923076923,,,11.0,16.0,0.6875,3.0,3.0,1.0,5.0,9.0,0.5555555555555556,7.0,63.0,0.1111111111111111,0,21.0,50,21,58.03076923076923,2025.0,regular,1.0,2025-08-31T00:00:00.000Z,Texas Southern,SWAC,fcs,21.0,Prairie View A&M,SWAC,fcs,22.0,ESPN Bet,-1.5,Texas Southern -1.5,,47.5,,,,,2025.0,regular,1.0,2025-08-31T00:00:00.000Z,Texas Southern,SWAC,fcs,21.0,Prairie View A&M,SWAC,fcs,22.0,ESPN Bet,-1.5,Texas Southern -1.5,,47.5,,,,
241,241,401767446,282,Indiana State,MVFC,,41,19-27,,27,1-2,1,1.0,0.0,6.0,1,0.0,108.0,5.0,11.0,250,,2.0,2,30:02,0.0,28.0,1.0,,51,3,219,,,,3-11,1.0,8-65,469,2,9.3,4.3,46.477064220183486,,,19.0,27.0,0.7037037037037037,1.0,2.0,0.5,3.0,11.0,0.2727272727272727,8.0,65.0,0.12307692307692308,1,30.0,2,30,46.477064220183486,,,,,,,,,,,,,,,,,,,,,,,,,,,,,,,,,,,,,,,,,,
242,242,401767446,2816,McKendree,Great Lakes,,24,16-40,,22,1-2,1,0.0,0.0,0.0,2,0.0,63.0,3.0,4.0,188,,1.0,2,29:58,0.0,7.0,1.0,,39,1,137,,,,7-17,1.0,4-20,325,3,4.7,3.5,51.95283018867924,,,16.0,40.0,0.4,1.0,2.0,0.5,7.0,17.0,0.4117647058823529,4.0,20.0,0.2,0,29.0,58,29,51.95283018867924,,,,,,,,,,,,,,,,,,,,,,,,,,,,,,,,,,,,,,,,,,
243,243,401767454,93,Murray State,MVFC,,17,22-35,,18,2-3,0,1.0,0.0,16.0,2,0.0,51.0,4.0,5.0,226,,1.0,1,28:51,,,,,28,1,34,,,,2-12,1.0,6-35,260,2,6.5,1.2,54.88235294117647,,,22.0,35.0,0.6285714285714286,2.0,3.0,0.6666666666666666,2.0,12.0,0.16666666666666666,6.0,35.0,0.17142857142857143,0,28.0,51,28,54.88235294117647,2025.0,regular,1.0,2025-08-30T21:30:00.000Z,East Tennessee State,Southern,fcs,45.0,Murray State,MVFC,fcs,17.0,ESPN Bet,-31.0,East Tennessee State -31,,54.5,,,,,2025.0,regular,1.0,2025-08-30T21:30:00.000Z,East Tennessee State,Southern,fcs,45.0,Murray State,MVFC,fcs,17.0,ESPN Bet,-31.0,East Tennessee State -31,,54.5,,,,
244,244,401767454,2193,East Tennessee State,Southern,,45,17-25,,31,3-3,1,0.0,0.0,1.0,1,0.0,9.0,1.0,9.0,180,,2.0,1,31:09,0.0,9.0,1.0,,58,5,392,,,,6-12,2.0,5-53,572,2,7.2,6.8,39.679611650485434,,,17.0,25.0,0.68,3.0,3.0,1.0,6.0,12.0,0.5,5.0,53.0,0.09433962264150944,1,31.0,9,31,39.679611650485434,2025.0,regular,1.0,2025-08-30T21:30:00.000Z,East Tennessee State,Southern,fcs,45.0,Murray State,MVFC,fcs,17.0,ESPN Bet,-31.0,East Tennessee State -31,,54.5,,,,,2025.0,regular,1.0,2025-08-30T21:30:00.000Z,East Tennessee State,Southern,fcs,45.0,Murray State,MVFC,fcs,17.0,ESPN Bet,-31.0,East Tennessee State -31,,54.5,,,,
245,245,401767468,2277,Houston Christian,Southland,,69,14-21,,31,0-1,1,0.0,0.0,0.0,1,0.0,9.0,1.0,9.0,129,,2.0,2,33:55,0.0,-5.0,2.0,,55,8,402,,,,7-11,2.0,5-40,531,2,6.1,7.3,40.39795918367347,,,14.0,21.0,0.6666666666666666,0.0,1.0,0.0,7.0,11.0,0.6363636363636364,5.0,40.0,0.125,1,33.0,55,33,40.39795918367347,,,,,,,,,,,,,,,,,,,,,,,,,,,,,,,,,,,,,,,,,,
246,246,401767476,2447,Nicholls,Southland,,20,21-36,,14,0-0,1,2.0,1.0,40.0,0,,,,8.0,221,,3.0,1,30:31,0.0,31.0,3.0,,29,0,66,,,,5-17,0.0,3-25,287,1,6.1,2.3,53.4251497005988,,,21.0,36.0,0.5833333333333334,0.0,0.0,0.0,5.0,17.0,0.29411764705882354,3.0,25.0,0.12,1,30.0,31,30,53.4251497005988,2025.0,regular,1.0,2025-08-23T17:00:00.000Z,Nicholls,Southland,fcs,20.0,Incarnate Word,Southland,fcs,6.0,ESPN Bet,13.5,Incarnate Word -13.5,,50.5,,,,,2025.0,regular,1.0,2025-08-23T17:00:00.000Z,Nicholls,Southland,fcs,20.0,Incarnate Word,Southland,fcs,6.0,ESPN Bet,13.5,Incarnate Word -13.5,,50.5,,,,
247,247,401767476,2916,Incarnate Word,Southland,,6,24-36,,15,2-3,1,1.0,,,3,0.0,46.0,3.0,6.0,188,,,0,29:29,0.0,12.0,3.0,,33,0,16,,,,3-16,3.0,9-55,204,4,5.2,0.5,48.15544041450777,,,24.0,36.0,0.6666666666666666,2.0,3.0,0.6666666666666666,3.0,16.0,0.1875,9.0,55.0,0.16363636363636364,0,29.0,29,29,48.15544041450777,2025.0,regular,1.0,2025-08-23T17:00:00.000Z,Nicholls,Southland,fcs,20.0,Incarnate Word,Southland,fcs,6.0,ESPN Bet,13.5,Incarnate Word -13.5,,50.5,,,,,2025.0,regular,1.0,2025-08-23T17:00:00.000Z,Nicholls,Southland,fcs,20.0,Incarnate Word,Southland,fcs,6.0,ESPN Bet,13.5,Incarnate Word -13.5,,50.5,,,,
248,248,401767490,2377,McNeese,Southland,,54,25-34,,39,0-1,1,0.0,0.0,-7.0,0,0.0,62.0,2.0,10.0,359,,1.0,3,37:57,0.0,8.0,5.0,,42,4,313,,,,5-9,3.0,7-80,672,1,10.6,7.5,45.68316831683168,,,25.0,34.0,0.7352941176470589,0.0,1.0,0.0,5.0,9.0,0.5555555555555556,7.0,80.0,0.0875,1,37.0,57,37,45.68316831683168,,,,,,,,,,,,,,,,,,,,,,,,,,,,,,,,,,,,,,,,,,
249,249,401767509,2449,North Dakota State,MVFC,,38,16-22,,25,1-1,0,1.0,,,0,0.0,34.0,1.0,8.0,263,,,2,36:03,0.0,4.0,2.0,,47,3,256,,,,7-12,2.0,6-35,519,0,12.0,5.4,50.632183908045974,,,16.0,22.0,0.7272727272727273,1.0,1.0,1.0,7.0,12.0,0.5833333333333334,6.0,35.0,0.17142857142857143,1,36.0,3,36,50.632183908045974,,,,,,,,,,,,,,,,,,,,,,,,,,,,,,,,,,,,,,,,,,
250,250,401767509,2643,The Citadel,Southern,,0,2-6,,8,1-2,1,0.0,,,0,0.0,13.0,1.0,,22,,,0,23:57,,,,,41,0,104,,,,2-12,1.0,0-0,126,1,3.7,2.5,60.37931034482759,,,2.0,6.0,0.3333333333333333,1.0,2.0,0.5,2.0,12.0,0.16666666666666666,0.0,0.0,0.0,0,23.0,57,23,60.37931034482759,,,,,,,,,,,,,,,,,,,,,,,,,,,,,,,,,,,,,,,,,,
251,251,401767526,292,UT Rio Grande Valley,Southland,,66,26-27,,29,0-0,1,1.0,,,0,0.0,0.0,1.0,12.0,438,,,5,30:37,0.0,-2.0,1.0,,35,4,236,,,,7-9,1.0,8-71,674,1,16.2,6.7,44.51851851851852,,,26.0,27.0,0.9629629629629629,0.0,0.0,0.0,7.0,9.0,0.7777777777777778,8.0,71.0,0.11267605633802817,1,30.0,37,30,44.51851851851852,,,,,,,,,,,,,,,,,,,,,,,,,,,,,,,,,,,,,,,,,,
252,252,401767526,2834,Sul Ross State,Lone Star,,0,10-14,,6,0-1,1,1.0,,,0,0.0,128.0,7.0,,41,,,0,29:23,,,,,31,0,33,,,,2-12,1.0,12-70,74,1,2.9,1.1,69.63934426229508,,,10.0,14.0,0.7142857142857143,0.0,1.0,0.0,2.0,12.0,0.16666666666666666,12.0,70.0,0.17142857142857143,0,29.0,23,29,69.63934426229508,,,,,,,,,,,,,,,,,,,,,,,,,,,,,,,,,,,,,,,,,,
253,253,401767536,2086,Butler,Pioneer,,14,22-36,,19,1-2,1,0.0,,,2,0.0,53.0,3.0,2.0,189,,,1,31:43,0.0,13.0,1.0,,37,1,147,,,,13-20,2.0,2-20,336,3,5.3,4.0,52.674157303370784,,,22.0,36.0,0.6111111111111112,1.0,2.0,0.5,13.0,20.0,0.65,2.0,20.0,0.1,0,31.0,43,31,52.674157303370784,2025.0,regular,1.0,2025-08-30T18:00:00.000Z,Northern Iowa,MVFC,fcs,38.0,Butler,Pioneer,fcs,14.0,ESPN Bet,-16.5,Northern Iowa -16.5,,53.5,,,,,2025.0,regular,1.0,2025-08-30T18:00:00.000Z,Northern Iowa,MVFC,fcs,38.0,Butler,Pioneer,fcs,14.0,ESPN Bet,-16.5,Northern Iowa -16.5,,53.5,,,,
254,254,401767536,2460,Northern Iowa,MVFC,,38,17-28,,25,0-0,0,1.0,0.0,0.0,0,0.0,63.0,3.0,8.0,235,,2.0,4,28:17,0.0,0.0,1.0,,31,1,213,,,,6-10,0.0,2-24,448,0,8.4,6.9,48.973684210526315,,,17.0,28.0,0.6071428571428571,0.0,0.0,0.0,6.0,10.0,0.6,2.0,24.0,0.08333333333333333,1,28.0,17,28,48.973684210526315,2025.0,regular,1.0,2025-08-30T18:00:00.000Z,Northern Iowa,MVFC,fcs,38.0,Butler,Pioneer,fcs,14.0,ESPN Bet,-16.5,Northern Iowa -16.5,,53.5,,,,,2025.0,regular,1.0,2025-08-30T18:00:00.000Z,Northern Iowa,MVFC,fcs,38.0,Butler,Pioneer,fcs,14.0,ESPN Bet,-16.5,Northern Iowa -16.5,,53.5,,,,
255,255,401767547,79,Southern Illinois,MVFC,,49,19-29,,24,1-2,0,3.0,1.0,41.0,0,0.0,73.0,2.0,7.0,238,,2.0,3,26:48,0.0,27.0,1.0,,35,3,148,,,,5-11,1.0,6-60,386,0,8.2,4.2,44.74698795180723,,,19.0,29.0,0.6551724137931034,1.0,2.0,0.5,5.0,11.0,0.45454545454545453,6.0,60.0,0.1,1,26.0,48,26,44.74698795180723,,,,,,,,,,,,,,,,,,,,,,,,,,,,,,,,,,,,,,,,,,
256,256,401767547,2646,Thomas More College,Great Midwest Athletic,,3,18-29,,13,1-1,3,0.0,,,2,0.0,86.0,4.0,3.0,131,,,0,33:12,0.0,0.0,1.0,,32,0,60,,,,2-13,4.0,4-20,191,5,4.5,1.9,56.32911392405063,,,18.0,29.0,0.6206896551724138,1.0,1.0,1.0,2.0,13.0,0.15384615384615385,4.0,20.0,0.2,0,33.0,12,33,56.32911392405063,,,,,,,,,,,,,,,,,,,,,,,,,,,,,,,,,,,,,,,,,,
257,257,401767549,2385,Mercyhurst,NEC,,15,32-48,,20,2-4,2,,,,2,0.0,84.0,4.0,1.0,311,,,2,34:14,0.0,6.0,1.0,,24,0,63,,,,6-14,,3-25,374,4,6.5,2.6,51.69512195121951,,,32.0,48.0,0.6666666666666666,2.0,4.0,0.5,6.0,14.0,0.42857142857142855,3.0,25.0,0.12,0,34.0,14,34,51.69512195121951,2025.0,regular,1.0,2025-08-28T22:00:00.000Z,Youngstown State,MVFC,fcs,24.0,Mercyhurst,NEC,fcs,15.0,ESPN Bet,-24.0,Youngstown State -24,,59.5,,,,,2025.0,regular,1.0,2025-08-28T22:00:00.000Z,Youngstown State,MVFC,fcs,24.0,Mercyhurst,NEC,fcs,15.0,ESPN Bet,-24.0,Youngstown State -24,,59.5,,,,
258,258,401767549,2754,Youngstown State,MVFC,,24,14-21,,16,2-3,0,2.0,0.0,21.0,0,0.0,69.0,2.0,6.0,114,,2.0,0,25:46,0.0,10.0,1.0,,40,3,187,,,,4-12,0.0,8-78,301,0,5.4,4.7,41.37931034482759,,,14.0,21.0,0.6666666666666666,2.0,3.0,0.6666666666666666,4.0,12.0,0.3333333333333333,8.0,78.0,0.10256410256410256,1,25.0,46,25,41.37931034482759,2025.0,regular,1.0,2025-08-28T22:00:00.000Z,Youngstown State,MVFC,fcs,24.0,Mercyhurst,NEC,fcs,15.0,ESPN Bet,-24.0,Youngstown State -24,,59.5,,,,,2025.0,regular,1.0,2025-08-28T22:00:00.000Z,Youngstown State,MVFC,fcs,24.0,Mercyhurst,NEC,fcs,15.0,ESPN Bet,-24.0,Youngstown State -24,,59.5,,,,
259,259,401767572,2382,Mercer,Southern,,10,22-36,,16,0-0,0,0.0,0.0,0.0,1,0.0,127.0,4.0,4.0,154,,1.0,1,24:10,0.0,47.0,2.0,,24,0,87,,,,4-13,2.0,5-41,241,1,4.3,3.6,52.1125,,,22.0,36.0,0.6111111111111112,0.0,0.0,0.0,4.0,13.0,0.3076923076923077,5.0,41.0,0.12195121951219512,0,24.0,10,24,52.1125,2025.0,regular,1.0,2025-08-30T22:00:00.000Z,Mercer,Southern,fcs,10.0,Presbyterian,Pioneer,fcs,15.0,ESPN Bet,-22.5,Mercer -22.5,,51.5,,,,,2025.0,regular,1.0,2025-08-30T22:00:00.000Z,Mercer,Southern,fcs,10.0,Presbyterian,Pioneer,fcs,15.0,ESPN Bet,-22.5,Mercer -22.5,,51.5,,,,
260,260,401767572,2506,Presbyterian,Pioneer,,15,25-38,,20,3-5,0,,0.0,0.0,1,0.0,11.0,1.0,3.0,303,,1.0,1,35:50,0.0,17.0,2.0,,33,1,113,,,,7-17,,7-55,416,1,8.0,3.4,51.91752577319588,,,25.0,38.0,0.6578947368421053,3.0,5.0,0.6,7.0,17.0,0.4117647058823529,7.0,55.0,0.12727272727272726,1,35.0,50,35,51.91752577319588,2025.0,regular,1.0,2025-08-30T22:00:00.000Z,Mercer,Southern,fcs,10.0,Presbyterian,Pioneer,fcs,15.0,ESPN Bet,-22.5,Mercer -22.5,,51.5,,,,,2025.0,regular,1.0,2025-08-30T22:00:00.000Z,Mercer,Southern,fcs,10.0,Presbyterian,Pioneer,fcs,15.0,ESPN Bet,-22.5,Mercer -22.5,,51.5,,,,
261,261,401767602,46,Georgetown,Patriot,,51,17-23,,23,1-1,0,1.0,0.0,10.0,0,0.0,19.0,1.0,8.0,261,,1.0,3,30:40,,,,,40,4,282,,,,8-12,0.0,5-53,543,0,11.3,7.1,50.848101265822784,,,17.0,23.0,0.7391304347826086,1.0,1.0,1.0,8.0,12.0,0.6666666666666666,5.0,53.0,0.09433962264150944,1,30.0,40,30,50.848101265822784,2025.0,regular,1.0,2025-08-30T17:00:00.000Z,Davidson,Pioneer,fcs,14.0,Georgetown,Patriot,fcs,51.0,ESPN Bet,3.5,Georgetown -3.5,,55.5,,,,,2025.0,regular,1.0,2025-08-30T17:00:00.000Z,Davidson,Pioneer,fcs,14.0,Georgetown,Patriot,fcs,51.0,ESPN Bet,3.5,Georgetown -3.5,,55.5,,,,
262,262,401767602,2166,Davidson,Pioneer,,14,19-31,,18,2-5,1,0.0,,,1,0.0,88.0,5.0,2.0,190,,,1,29:20,,,,,38,1,139,,,,4-14,1.0,6-50,329,2,6.1,3.7,54.666666666666664,,,19.0,31.0,0.6129032258064516,2.0,5.0,0.4,4.0,14.0,0.2857142857142857,6.0,50.0,0.12,0,29.0,20,29,54.666666666666664,2025.0,regular,1.0,2025-08-30T17:00:00.000Z,Davidson,Pioneer,fcs,14.0,Georgetown,Patriot,fcs,51.0,ESPN Bet,3.5,Georgetown -3.5,,55.5,,,,,2025.0,regular,1.0,2025-08-30T17:00:00.000Z,Davidson,Pioneer,fcs,14.0,Georgetown,Patriot,fcs,51.0,ESPN Bet,3.5,Georgetown -3.5,,55.5,,,,
263,263,401767620,389,Upper Iowa University,Great Lakes,,7,18-30,,12,0-1,1,0.0,0.0,0.0,2,0.0,108.0,6.0,1.0,201,,1.0,1,24:27,0.0,5.0,2.0,,17,0,18,,,,4-11,2.0,5-45,219,3,6.7,1.1,64.609375,,,18.0,30.0,0.6,0.0,1.0,0.0,4.0,11.0,0.36363636363636365,5.0,45.0,0.1111111111111111,0,24.0,27,24,64.609375,,,,,,,,,,,,,,,,,,,,,,,,,,,,,,,,,,,,,,,,,,
264,264,401767620,2181,Drake,Pioneer,,41,16-21,,25,2-2,0,1.0,0.0,0.0,1,0.0,10.0,1.0,11.0,278,,2.0,3,35:33,0.0,29.0,3.0,,48,2,201,,,,10-16,0.0,5-45,479,1,13.2,4.2,45.064516129032256,,,16.0,21.0,0.7619047619047619,2.0,2.0,1.0,10.0,16.0,0.625,5.0,45.0,0.1111111111111111,1,35.0,33,35,45.064516129032256,,,,,,,,,,,,,,,,,,,,,,,,,,,,,,,,,,,,,,,,,,
265,265,401767634,2019,Allen,SIAC,,31,26-38,,31,1-2,0,0.0,,,0,0.0,60.0,4.0,7.0,309,,,2,31:12,0.0,-6.0,1.0,,36,2,107,,,,4-11,1.0,1-0,416,0,8.1,3.0,48.2,,,26.0,38.0,0.6842105263157895,1.0,2.0,0.5,4.0,11.0,0.36363636363636365,1.0,0.0,inf,0,31.0,12,31,48.2,,,,,,,,,,,,,,,,,,,,,,,,,,,,,,,,,,,,,,,,,,
266,266,401767634,2413,Morehead State,Pioneer,,38,16-21,,17,1-2,0,,,,0,0.0,203.0,6.0,8.0,219,,,1,28:48,,,,,30,3,195,,,,3-8,,8-94,414,0,10.4,6.5,47.91891891891892,,,16.0,21.0,0.7619047619047619,1.0,2.0,0.5,3.0,8.0,0.375,8.0,94.0,0.0851063829787234,1,28.0,48,28,47.91891891891892,,,,,,,,,,,,,,,,,,,,,,,,,,,,,,,,,,,,,,,,,,
267,267,401767651,56,Stetson,Pioneer,,21,22-33,,20,2-4,1,0.0,,,1,0.0,78.0,5.0,3.0,262,,,1,32:28,0.0,7.0,2.0,,43,2,141,,,,5-15,3.0,10-80,403,2,7.9,3.3,49.325842696629216,,,22.0,33.0,0.6666666666666666,2.0,4.0,0.5,5.0,15.0,0.3333333333333333,10.0,80.0,0.125,1,32.0,28,32,49.325842696629216,,,,,,,,,,,,,,,,,,,,,,,,,,,,,,,,,,,,,,,,,,
268,268,401767655,2674,Valparaiso,Pioneer,,67,10-16,,20,0-1,1,2.0,0.0,20.0,1,0.0,145.0,3.0,13.0,113,,2.0,2,30:05,1.0,22.0,2.0,,38,5,297,,,,5-9,1.0,9-56,410,2,7.1,7.8,44.626506024096386,,,10.0,16.0,0.625,0.0,1.0,0.0,5.0,9.0,0.5555555555555556,9.0,56.0,0.16071428571428573,1,30.0,5,30,44.626506024096386,,,,,,,,,,,,,,,,,,,,,,,,,,,,,,,,,,,,,,,,,,
269,269,401767657,284,Stonehill,NEC,,7,30-39,,16,4-5,0,,0.0,0.0,1,0.0,23.0,1.0,1.0,212,,1.0,1,27:38,0.0,15.0,1.0,,24,0,49,,,,1-12,,7-45,261,1,5.4,2.0,51.89411764705882,,,30.0,39.0,0.7692307692307693,4.0,5.0,0.8,1.0,12.0,0.08333333333333333,7.0,45.0,0.15555555555555556,0,27.0,38,27,51.89411764705882,2025.0,regular,1.0,2025-08-30T18:00:00.000Z,Sacred Heart,FCS Independents,fcs,12.0,Stonehill,NEC,fcs,7.0,ESPN Bet,-6.5,Sacred Heart -6.5,,45.5,,,,,2025.0,regular,1.0,2025-08-30T18:00:00.000Z,Sacred Heart,FCS Independents,fcs,12.0,Stonehill,NEC,fcs,7.0,ESPN Bet,-6.5,Sacred Heart -6.5,,45.5,,,,
270,270,401767657,2529,Sacred Heart,FCS Independents,,12,11-21,,18,1-3,0,,0.0,7.0,1,0.0,66.0,2.0,4.0,119,,1.0,0,32:22,,,,,43,1,169,,,,7-14,,4-40,288,1,5.7,3.9,52.625,,,11.0,21.0,0.5238095238095238,1.0,3.0,0.3333333333333333,7.0,14.0,0.5,4.0,40.0,0.1,1,32.0,22,32,52.625,2025.0,regular,1.0,2025-08-30T18:00:00.000Z,Sacred Heart,FCS Independents,fcs,12.0,Stonehill,NEC,fcs,7.0,ESPN Bet,-6.5,Sacred Heart -6.5,,45.5,,,,,2025.0,regular,1.0,2025-08-30T18:00:00.000Z,Sacred Heart,FCS Independents,fcs,12.0,Stonehill,NEC,fcs,7.0,ESPN Bet,-6.5,Sacred Heart -6.5,,45.5,,,,
271,271,401767732,257,Richmond,Patriot,,14,14-20,,10,2-2,0,,0.0,0.0,1,0.0,99.0,1.0,2.0,113,,2.0,0,28:25,0.0,35.0,3.0,,31,1,68,,,,4-13,,7-79,181,1,5.7,2.2,48.11940298507463,,,14.0,20.0,0.7,2.0,2.0,1.0,4.0,13.0,0.3076923076923077,7.0,79.0,0.08860759493670886,0,28.0,25,28,48.11940298507463,,,,,,,,,,,,,,,,,,,,,,,,,,,,,,,,,,,,,,,,,,
272,272,401767732,2329,Lehigh,Patriot,,21,13-24,,21,1-2,0,,0.0,9.0,2,0.0,17.0,1.0,3.0,135,,1.0,2,31:35,0.0,4.0,1.0,,41,1,163,,,,5-13,,1-5,298,2,5.6,4.0,52.0,,,13.0,24.0,0.5416666666666666,1.0,2.0,0.5,5.0,13.0,0.38461538461538464,1.0,5.0,0.2,1,31.0,35,31,52.0,,,,,,,,,,,,,,,,,,,,,,,,,,,,,,,,,,,,,,,,,,
273,273,401779329,2368,Marist,Pioneer,,31,11-20,,17,1-2,1,3.0,0.0,43.0,0,0.0,29.0,2.0,7.0,75,,1.0,1,33:07,0.0,-1.0,1.0,,43,2,230,,,,4-15,1.0,7-56,305,1,3.8,5.3,51.858695652173914,,,11.0,20.0,0.55,1.0,2.0,0.5,4.0,15.0,0.26666666666666666,7.0,56.0,0.125,1,33.0,7,33,51.858695652173914,2025.0,regular,1.0,2025-08-29T23:00:00.000Z,Marist,Pioneer,fcs,31.0,New Haven,NEC,fcs,14.0,ESPN Bet,3.5,New Haven -3.5,,48.5,,,,,2025.0,regular,1.0,2025-08-29T23:00:00.000Z,Marist,Pioneer,fcs,31.0,New Haven,NEC,fcs,14.0,ESPN Bet,3.5,New Haven -3.5,,48.5,,,,
274,274,401779329,2441,New Haven,NEC,,14,31-55,,22,1-4,3,1.0,,,1,0.0,85.0,5.0,2.0,377,,,2,26:53,0.0,36.0,5.0,,18,0,19,,,,6-15,3.0,9-111,396,4,6.9,1.1,50.31868131868132,,,31.0,55.0,0.5636363636363636,1.0,4.0,0.25,6.0,15.0,0.4,9.0,111.0,0.08108108108108109,0,26.0,53,26,50.31868131868132,2025.0,regular,1.0,2025-08-29T23:00:00.000Z,Marist,Pioneer,fcs,31.0,New Haven,NEC,fcs,14.0,ESPN Bet,3.5,New Haven -3.5,,48.5,,,,,2025.0,regular,1.0,2025-08-29T23:00:00.000Z,Marist,Pioneer,fcs,31.0,New Haven,NEC,fcs,14.0,ESPN Bet,3.5,New Haven -3.5,,48.5,,,,
275,275,401788977,2755,Grambling,SWAC,,55,26-33,,25,1-3,1,2.0,0.0,29.0,0,0.0,0.0,1.0,7.0,247,,1.0,4,37:04,0.0,81.0,4.0,,43,4,219,,,,7-14,2.0,7-60,466,1,7.5,5.1,46.61052631578947,,,26.0,33.0,0.7878787878787878,1.0,3.0,0.3333333333333333,7.0,14.0,0.5,7.0,60.0,0.11666666666666667,1,37.0,4,37,46.61052631578947,,,,,,,,,,,,,,,,,,,,,,,,,,,,,,,,,,,,,,,,,,
